,Occupancy,T_set_HP,P_loss_HP,T_ref_HP,T_wall_HP,T_out_HP,SoC_ref_EV,EV_arrival,EV_departure,EV_plugged,SoC_arr_EV
2024-01-01 00:00:00,2.0,14.5,0.7243412858443798,14.492523278297343,13.25408186023787,12.0,0.0,0,0,0,0.0
2024-01-01 00:15:00,2.0,14.5,0.7243412858443798,14.47668878951587,13.262618228695166,12.0,0.0,0,0,0,0.0
2024-01-01 00:30:00,2.0,14.5,0.7243412858443798,14.461139329732045,13.270834323398725,12.0,0.0,0,0,0,0.0
2024-01-01 00:45:00,2.0,14.5,0.7243412858443798,14.445867906241533,13.27873859538071,12.0,0.0,0,0,0,0.0
2024-01-01 01:00:00,2.0,14.5,0.7243412858443798,14.430867704528698,13.286339278771358,12.0,0.0,0,0,0,0.0
2024-01-01 01:15:00,2.0,14.5,0.7243412858443798,14.416132083708648,13.293644396351102,12.0,0.0,0,0,0,0.0
2024-01-01 01:30:00,2.0,14.5,0.7243412858443798,14.401654572085908,13.300661764960635,12.0,0.0,0,0,0,0.0
2024-01-01 01:45:00,2.0,14.5,0.7243412858443798,14.38742886282672,13.307399000772518,12.0,0.0,0,0,0,0.0
2024-01-01 02:00:00,2.0,14.5,0.7243412858443798,14.373078978729273,13.311718445172556,11.0,0.0,0,0,0,0.0
2024-01-01 02:15:00,2.0,14.5,0.7243412858443798,14.35851903684063,13.313362839197163,11.0,0.0,0,0,0,0.0
2024-01-01 02:30:00,2.0,14.5,0.7243412858443798,14.344151837760542,13.314812765423476,11.0,0.0,0,0,0,0.0
2024-01-01 02:45:00,2.0,14.5,0.7243412858443798,14.329972899945586,13.316073582223224,11.0,0.0,0,0,0,0.0
2024-01-01 03:00:00,2.0,14.5,0.7243412858443798,14.315977855405505,13.317150509889931,11.0,0.0,0,0,0,0.0
2024-01-01 03:15:00,2.0,14.5,0.7243412858443798,14.302162446800194,13.318048634174735,11.0,0.0,0,0,0,0.0
2024-01-01 03:30:00,2.0,14.5,0.7243412858443798,14.288522524610995,13.318772909731718,11.0,0.0,0,0,0,0.0
2024-01-01 03:45:00,2.0,14.5,0.7243412858443798,14.275054044384355,13.319328163475097,11.0,0.0,0,0,0,0.0
2024-01-01 04:00:00,2.0,14.5,0.7243412858443798,14.26175306404601,13.31971909785045,11.0,0.0,0,0,0,0.0
2024-01-01 04:15:00,2.0,18.9,0.7243412858443798,14.668941376962437,13.321380283576092,11.0,0.0,0,0,0,0.0
2024-01-01 04:30:00,2.0,14.5,0.7243412858443798,15.01707256201112,13.329131075956662,11.0,0.0,0,0,0,0.0
2024-01-01 04:45:00,2.0,14.5,0.7243412858443798,14.994994941318673,13.337923681984831,11.0,0.0,0,0,0,0.0
2024-01-01 05:00:00,2.0,14.5,0.7243412858443798,14.972910148148069,13.34417478540517,10.0,0.0,0,0,0,0.0
2024-01-01 05:15:00,2.0,16.7,0.7243412858443798,15.084301419222061,13.347892058448313,10.0,0.0,0,0,0,0.0
2024-01-01 05:30:00,2.0,14.5,0.7243412858443798,15.290234258632873,13.354286207003923,10.0,0.0,0,0,0,0.0
2024-01-01 05:45:00,1.0,19.266666666666666,0.7243412858443798,15.57978996689893,13.362139145389962,10.0,0.0,0,0,0,0.0
2024-01-01 06:00:00,1.0,19.633333333333333,0.7243412858443798,16.397496955928816,13.376908173061814,10.0,0.0,0,0,0,0.0
2024-01-01 06:15:00,3.0,18.0,0.7243412858443798,17.193252887086924,13.401022279129698,10.0,0.7450000000000002,1,0,1,0.7266666666666667
2024-01-01 06:30:00,3.0,15.0,0.7243412858443798,17.325974956776715,13.430770381204521,10.0,0.790833333333334,0,0,1,0.0
2024-01-01 06:45:00,3.0,15.0,0.7243412858443798,17.276582480803494,13.459974332528127,10.0,0.8000000000000008,0,0,1,0.0
2024-01-01 07:00:00,3.0,15.0,0.7243412858443798,17.22811619234826,13.48813774824118,10.0,0.8000000000000008,0,0,1,0.0
2024-01-01 07:15:00,3.0,15.0,0.7243412858443798,17.180554519114406,13.515288127330649,10.0,0.8000000000000008,0,0,1,0.0
2024-01-01 07:30:00,3.0,15.0,0.7243412858443798,17.133865854744215,13.541452167354151,10.0,0.8000000000000008,0,0,1,0.0
2024-01-01 07:45:00,3.0,15.0,0.7243412858443798,17.088028721318494,13.566655839513269,10.0,0.8000000000000008,0,0,1,0.0
2024-01-01 08:00:00,3.0,15.0,0.7243412858443798,17.043519500199604,13.590926124308476,10.0,0.8000000000000008,0,0,1,0.0
2024-01-01 08:15:00,3.0,15.0,0.7243412858443798,17.000380623523135,13.614295821494634,10.0,0.8000000000000008,0,0,1,0.0
2024-01-01 08:30:00,3.0,15.0,0.7243412858443798,16.958019537863496,13.636791146740375,10.0,0.0,0,1,0,0.0
2024-01-01 08:45:00,3.0,15.0,0.7243412858443798,16.91641715691256,13.65843516785919,10.0,0.0,0,0,0,0.0
2024-01-01 09:00:00,1.0,15.333333333333334,0.7243412858443798,16.876018527860335,13.679251922920837,10.0,0.0,0,0,0,0.0
2024-01-01 09:15:00,1.0,20.0,0.7243412858443798,17.321741886383034,13.701030059872746,10.0,0.0,0,0,0,0.0
2024-01-01 09:30:00,3.0,18.666666666666668,0.7243412858443798,18.160615554615575,13.730764552701263,10.0,0.0,0,0,0,0.0
2024-01-01 09:45:00,3.0,15.0,0.7243412858443798,18.372052710217968,13.766975317101728,10.0,0.0,0,0,0,0.0
2024-01-01 10:00:00,3.0,15.0,0.7243412858443798,18.317749025203252,13.80498778933636,11.0,0.8000000000000004,1,0,1,0.7725000000000001
2024-01-01 10:15:00,1.0,17.0,0.7243412858443798,18.32733545985943,13.84427575975119,11.0,0.8000000000000004,0,0,1,0.0
2024-01-01 10:30:00,1.0,20.0,0.7243412858443798,19.003060840548937,13.886319707216728,11.0,0.0,0,1,0,0.0
2024-01-01 10:45:00,1.0,20.0,0.7243412858443798,19.852021364838382,13.937076475423845,11.0,0.0,0,0,0,0.0
2024-01-01 11:00:00,1.0,20.0,0.7243412858443798,20.470516839839416,13.998438266652496,12.0,0.0,0,0,0,0.0
2024-01-01 11:15:00,3.0,18.0,0.7243412858443798,20.439424244405874,14.06438452873066,12.0,0.0,0,0,0,0.0
2024-01-01 11:30:00,3.0,15.0,0.7243412858443798,20.369304108967285,14.128502793661935,12.0,0.0,0,0,0,0.0
2024-01-01 11:45:00,1.0,16.0,0.7243412858443798,20.300740277626048,14.190778545260406,12.0,0.0,0,0,0,0.0
2024-01-01 12:00:00,1.0,20.0,0.7243412858443798,20.23300503806976,14.251257119205416,12.0,0.8000000000000003,1,0,1,0.7755555555555556
2024-01-01 12:15:00,1.0,20.0,0.7243412858443798,20.165973182232165,14.309973675167361,12.0,0.8000000000000003,0,0,1,0.0
2024-01-01 12:30:00,3.0,15.0,0.7243412858443798,20.100400278325,14.366970422362535,12.0,0.8000000000000003,0,0,1,0.0
2024-01-01 12:45:00,3.0,15.0,0.7243412858443798,20.03624963431554,14.422291915269186,12.0,0.8000000000000003,0,0,1,0.0
2024-01-01 13:00:00,3.0,15.0,0.7243412858443798,19.973658785436296,14.475982150765004,12.0,0.8000000000000003,0,0,1,0.0
2024-01-01 13:15:00,3.0,15.0,0.7243412858443798,19.91261478337089,14.52808626744248,12.0,0.8000000000000003,0,0,1,0.0
2024-01-01 13:30:00,3.0,15.0,0.7243412858443798,19.852884125874233,14.578646246299638,12.0,0.8000000000000003,0,0,1,0.0
2024-01-01 13:45:00,3.0,15.0,0.7243412858443798,19.794433827908968,14.627702130200882,12.0,0.8000000000000003,0,0,1,0.0
2024-01-01 14:00:00,1.0,19.0,0.7243412858443798,19.735612914115148,14.675287481192685,12.0,0.8000000000000003,0,0,1,0.0
2024-01-01 14:15:00,1.0,20.0,0.7243412858443798,19.67618554363054,14.72141380508515,12.0,0.8000000000000003,0,0,1,0.0
2024-01-01 14:30:00,3.0,18.0,0.7243412858443798,19.617985351433983,14.766111006087767,12.0,0.8000000000000003,0,0,1,0.0
2024-01-01 14:45:00,3.0,15.0,0.7243412858443798,19.56098166976164,14.809416278960345,12.0,0.8000000000000003,0,0,1,0.0
2024-01-01 15:00:00,3.0,15.0,0.7243412858443798,19.503628859168384,14.851360757620304,12.0,0.8000000000000003,0,0,1,0.0
2024-01-01 15:15:00,3.0,15.0,0.7243412858443798,19.445706301076264,14.891954931293439,12.0,0.0,0,1,0,0.0
2024-01-01 15:30:00,3.0,15.0,0.7243412858443798,19.388931074469664,14.931226523043126,12.0,0.0,0,0,0,0.0
2024-01-01 15:45:00,3.0,15.0,0.7243412858443798,19.33327465847565,14.969210089030069,12.0,0.0,0,0,0,0.0
2024-01-01 16:00:00,1.0,19.0,0.7243412858443798,19.545273684559696,15.004486509862524,11.0,0.8000000000000002,1,0,1,0.7908333333333334
2024-01-01 16:15:00,1.0,20.0,0.7243412858443798,20.33053400763655,15.04316324571809,11.0,0.8000000000000002,0,0,1,0.0
2024-01-01 16:30:00,1.0,20.0,0.7243412858443798,20.485086751406683,15.087512259598459,11.0,0.8000000000000002,0,0,1,0.0
2024-01-01 16:45:00,1.0,20.0,0.7243412858443798,20.417176935772638,15.131035959432953,11.0,0.0,0,1,0,0.0
2024-01-01 17:00:00,1.0,20.0,0.7243412858443798,20.350566795557434,15.17307464147181,11.0,0.0,0,0,0,0.0
2024-01-01 17:15:00,1.0,20.0,0.7243412858443798,20.285224170128693,15.213667237842516,11.0,0.0,0,0,0,0.0
2024-01-01 17:30:00,1.0,20.0,0.7243412858443798,20.22111771909378,15.252851682065687,11.0,0.8000000000000003,1,0,1,0.7847222222222223
2024-01-01 17:45:00,1.0,20.0,0.7243412858443798,20.158216901316734,15.29066493461532,11.0,0.8000000000000003,0,0,1,0.0
2024-01-01 18:00:00,1.0,20.0,0.7243412858443798,20.096491954472153,15.32714300782491,11.0,0.8000000000000003,0,0,1,0.0
2024-01-01 18:15:00,1.0,20.0,0.7243412858443798,20.035913875122233,15.362320990156245,11.0,0.8000000000000003,0,0,1,0.0
2024-01-01 18:30:00,1.0,20.0,0.7243412858443798,19.976454399303677,15.396233069847103,11.0,0.8000000000000003,0,0,1,0.0
2024-01-01 18:45:00,1.0,20.0,0.7243412858443798,19.918085983611302,15.428912557953817,11.0,0.8000000000000003,0,0,1,0.0
2024-01-01 19:00:00,1.0,20.0,0.7243412858443798,19.86078178676578,15.460391910804171,11.0,0.8000000000000003,0,0,1,0.0
2024-01-01 19:15:00,3.0,17.0,0.7243412858443798,19.80451565165298,15.490702751875679,11.0,0.8000000000000003,0,0,1,0.0
2024-01-01 19:30:00,3.0,15.0,0.7243412858443798,19.74926208782292,15.519875893114014,11.0,0.8000000000000003,0,0,1,0.0
2024-01-01 19:45:00,3.0,15.0,0.7243412858443798,19.69499625443658,15.54794135570587,11.0,0.8000000000000003,0,0,1,0.0
2024-01-01 20:00:00,1.0,20.0,0.7243412858443798,19.64169394364906,15.57492839032024,11.0,0.8000000000000003,0,0,1,0.0
2024-01-01 20:15:00,1.0,20.0,0.7243412858443798,19.589331564417957,15.600865496831675,11.0,0.8000000000000003,0,0,1,0.0
2024-01-01 20:30:00,1.0,20.0,0.7243412858443798,19.537886126726118,15.62578044353886,11.0,0.8000000000000003,0,0,1,0.0
2024-01-01 20:45:00,3.0,18.666666666666668,0.7243412858443798,19.685546393581944,15.650207197865706,11.0,0.8000000000000003,0,0,1,0.0
2024-01-01 21:00:00,3.0,15.0,0.7243412858443798,19.858393269385132,15.675088803010691,10.0,0.8000000000000003,0,0,1,0.0
2024-01-01 21:15:00,3.0,15.0,0.7243412858443798,19.80375511348461,15.697326074105181,10.0,0.8000000000000003,0,0,1,0.0
2024-01-01 21:30:00,1.0,17.0,0.7243412858443798,19.75001980492733,15.718574576508814,10.0,0.8000000000000003,0,0,1,0.0
2024-01-01 21:45:00,1.0,20.0,0.7243412858443798,19.697165481304534,15.738860664797999,10.0,0.8000000000000003,0,0,1,0.0
2024-01-01 22:00:00,1.0,20.0,0.7243412858443798,19.645170836555874,15.758210016497868,10.0,0.8000000000000003,0,0,1,0.0
2024-01-01 22:15:00,1.0,20.0,0.7243412858443798,19.59401510674023,15.776647649414688,10.0,0.8000000000000003,0,0,1,0.0
2024-01-01 22:30:00,1.0,20.0,0.7243412858443798,19.54367805617063,15.794197938524649,10.0,0.8000000000000003,0,0,1,0.0
2024-01-01 22:45:00,1.0,20.0,0.7243412858443798,19.63987613369433,15.811149380339772,10.0,0.8000000000000003,0,0,1,0.0
2024-01-01 23:00:00,1.0,20.0,0.7243412858443798,20.351715178119182,15.83273713279627,10.0,0.8000000000000003,0,0,1,0.0
2024-01-01 23:15:00,2.0,14.5,0.7243412858443798,20.473788535055927,15.859719454579366,10.0,0.8000000000000003,0,0,1,0.0
2024-01-01 23:30:00,2.0,14.5,0.7243412858443798,20.413843962657705,15.886079371483943,10.0,0.8000000000000003,0,0,1,0.0
2024-01-01 23:45:00,2.0,14.5,0.7243412858443798,20.354911859104803,15.911322846716436,10.0,0.8000000000000003,0,0,1,0.0
2024-01-02 00:00:00,2.0,14.5,0.7243412858443798,20.29696762235965,15.935479557586287,10.0,0.8000000000000003,0,0,1,0.0
2024-01-02 00:15:00,2.0,14.5,0.7243412858443798,20.239987276675897,15.958578419183505,10.0,0.8000000000000003,0,0,1,0.0
2024-01-02 00:30:00,2.0,14.5,0.7243412858443798,20.183947456579862,15.980647603890842,10.0,0.8000000000000003,0,0,1,0.0
2024-01-02 00:45:00,2.0,14.5,0.7243412858443798,20.128825391261763,16.001714560396646,10.0,0.8000000000000003,0,0,1,0.0
2024-01-02 01:00:00,2.0,14.5,0.7243412858443798,20.07496872037928,16.02395111147646,11.0,0.8000000000000003,0,0,1,0.0
2024-01-02 01:15:00,2.0,14.5,0.7243412858443798,20.022435710511488,16.0476478026131,11.0,0.8000000000000003,0,0,1,0.0
2024-01-02 01:30:00,2.0,14.5,0.7243412858443798,19.9707966474102,16.0703564825739,11.0,0.0,0,1,0,0.0
2024-01-02 01:45:00,2.0,14.5,0.7243412858443798,19.9200297837231,16.092103391049267,11.0,0.0,0,0,0,0.0
2024-01-02 02:00:00,2.0,14.5,0.7243412858443798,19.869744094771608,16.110769014602333,10.0,0.0,0,0,0,0.0
2024-01-02 02:15:00,2.0,14.5,0.7243412858443798,19.819839033115098,16.126113773351488,10.0,0.0,0,0,0,0.0
2024-01-02 02:30:00,2.0,14.5,0.7243412858443798,19.77070310805921,16.140635474792308,10.0,0.0,0,0,0,0.0
2024-01-02 02:45:00,2.0,14.5,0.7243412858443798,19.722317910415125,16.15435625967789,10.0,0.0,0,0,0,0.0
2024-01-02 03:00:00,2.0,14.5,0.7243412858443798,19.6746654988953,16.167297699474954,10.0,0.0,0,0,0,0.0
2024-01-02 03:15:00,2.0,14.5,0.7243412858443798,19.627728388147855,16.179480810938724,10.0,0.0,0,0,0,0.0
2024-01-02 03:30:00,2.0,14.5,0.7243412858443798,19.581489537097116,16.19092607031474,10.0,0.0,0,0,0,0.0
2024-01-02 03:45:00,2.0,14.5,0.7243412858443798,19.535932337582555,16.20165342717729,10.0,0.0,0,0,0,0.0
2024-01-02 04:00:00,2.0,15.6,0.7243412858443798,19.515362594972235,16.211694954826594,10.0,0.0,0,0,0,0.0
2024-01-02 04:15:00,1.0,15.6,0.7243412858443798,19.627996337715526,16.222299545673064,10.0,0.0,0,0,0,0.0
2024-01-02 04:30:00,2.0,16.7,0.7243412858443798,19.58223280682244,16.233057629821808,10.0,0.0,0,0,0,0.0
2024-01-02 04:45:00,2.0,14.5,0.7243412858443798,19.53713755551214,16.243114372323944,10.0,0.0,0,0,0,0.0
2024-01-02 05:00:00,2.0,14.5,0.7243412858443798,19.492694742686574,16.25248878833988,10.0,0.0,0,0,0,0.0
2024-01-02 05:15:00,1.0,18.166666666666668,0.7243412858443798,19.631010309205468,16.261577436210338,10.0,0.0,0,0,0,0.0
2024-01-02 05:30:00,3.0,17.666666666666668,0.7243412858443798,20.34781438383118,16.275970308818007,10.0,0.0,0,0,0,0.0
2024-01-02 05:45:00,3.0,15.0,0.7243412858443798,20.4386776736244,16.295480546261615,10.0,0.0,0,0,0,0.0
2024-01-02 06:00:00,3.0,15.0,0.7243412858443798,20.38402351080544,16.314410679022224,10.0,0.0,0,0,0,0.0
2024-01-02 06:15:00,3.0,15.0,0.7243412858443798,20.33023542746047,16.33240517168966,10.0,0.0,0,0,0,0.0
2024-01-02 06:30:00,3.0,15.0,0.7243412858443798,20.277292595250778,16.34948909822932,10.0,0.0,0,0,0,0.0
2024-01-02 06:45:00,3.0,15.0,0.7243412858443798,20.22517471549064,16.365686888128348,10.0,0.0,0,0,0,0.0
2024-01-02 07:00:00,3.0,15.0,0.7243412858443798,20.17423183661469,16.383167422150265,11.0,0.0,0,0,0,0.0
2024-01-02 07:15:00,3.0,15.0,0.7243412858443798,20.124524572253126,16.402218378979963,11.0,0.0,0,0,0,0.0
2024-01-02 07:30:00,3.0,15.0,0.7243412858443798,20.07562549506285,16.4203888138764,11.0,0.0,0,0,0,0.0
2024-01-02 07:45:00,1.0,20.0,0.7243412858443798,20.027515085989933,16.437702244435844,11.0,0.0,0,0,0,0.0
2024-01-02 08:00:00,3.0,16.0,0.7243412858443798,19.980377840776438,16.454182269741484,11.0,0.0,0,0,0,0.0
2024-01-02 08:15:00,1.0,17.333333333333332,0.7243412858443798,19.93422093281377,16.46985454726225,11.0,0.0,0,0,0,0.0
2024-01-02 08:30:00,1.0,20.0,0.7243412858443798,19.88879193491898,16.484741725223014,11.0,0.0,0,0,0,0.0
2024-01-02 08:45:00,3.0,15.666666666666666,0.7243412858443798,19.844073355824186,16.498864856896155,11.0,0.0,0,0,0,0.0
2024-01-02 09:00:00,3.0,15.0,0.7243412858443798,19.800030736382045,16.512244395714088,11.0,0.0,0,0,0,0.0
2024-01-02 09:15:00,3.0,15.0,0.7243412858443798,19.756645263591864,16.524900041307664,11.0,0.0,0,0,0,0.0
2024-01-02 09:30:00,3.0,15.0,0.7243412858443798,19.713920798027257,16.536851187872642,11.0,0.0,0,0,0,0.0
2024-01-02 09:45:00,1.0,15.333333333333334,0.7243412858443798,19.671841550395833,16.5481168175768,11.0,0.0,0,0,0,0.0
2024-01-02 10:00:00,3.0,15.666666666666666,0.7243412858443798,19.631317671063684,16.558718543122936,11.0,0.0,0,0,0,0.0
2024-01-02 10:15:00,3.0,15.0,0.7243412858443798,19.592451093157674,16.568689540223886,11.0,0.0,0,0,0,0.0
2024-01-02 10:30:00,3.0,15.0,0.7243412858443798,19.55416140271835,16.57805144520238,11.0,0.0,0,0,0,0.0
2024-01-02 10:45:00,3.0,15.0,0.7243412858443798,19.51643488408502,16.586820731823924,11.0,0.0,0,0,0,0.0
2024-01-02 11:00:00,3.0,15.0,0.7243412858443798,19.47836805941752,16.595010450763073,11.0,0.0,0,0,0,0.0
2024-01-02 11:15:00,3.0,15.0,0.7243412858443798,19.439835446513886,16.602621661916587,11.0,0.0,0,0,0,0.0
2024-01-02 11:30:00,3.0,15.0,0.7243412858443798,19.401849349366902,16.609665674770916,11.0,0.0,0,0,0,0.0
2024-01-02 11:45:00,3.0,15.0,0.7243412858443798,19.364396884231027,16.616157937376666,11.0,0.7205555555555557,1,0,1,0.7083333333333334
2024-01-02 12:00:00,3.0,15.0,0.7243412858443798,19.327772932373072,16.62425836914574,12.0,0.7663888888888896,0,0,1,0.0
2024-01-02 12:15:00,3.0,15.0,0.7243412858443798,19.292037266288688,16.634245100282314,12.0,0.800000000000001,0,0,1,0.0
2024-01-02 12:30:00,3.0,15.0,0.7243412858443798,19.25684116863412,16.643658602904665,12.0,0.800000000000001,0,0,1,0.0
2024-01-02 12:45:00,1.0,15.333333333333334,0.7243412858443798,19.22217177147114,16.652514342132193,12.0,0.800000000000001,0,0,1,0.0
2024-01-02 13:00:00,3.0,16.666666666666668,0.7243412858443798,19.49075919019155,16.662208462567246,12.0,0.800000000000001,0,0,1,0.0
2024-01-02 13:15:00,3.0,15.0,0.7243412858443798,19.513687782270477,16.674057288589708,12.0,0.800000000000001,0,0,1,0.0
2024-01-02 13:30:00,3.0,15.0,0.7243412858443798,19.476252792011262,16.685385725812544,12.0,0.800000000000001,0,0,1,0.0
2024-01-02 13:45:00,3.0,15.0,0.7243412858443798,19.43939271528206,16.69609970244575,12.0,0.800000000000001,0,0,1,0.0
2024-01-02 14:00:00,3.0,15.0,0.7243412858443798,19.40330771297063,16.706216476825066,12.0,0.800000000000001,0,0,1,0.0
2024-01-02 14:15:00,3.0,15.0,0.7243412858443798,19.36801140779283,16.71575566445778,12.0,0.800000000000001,0,0,1,0.0
2024-01-02 14:30:00,3.0,15.0,0.7243412858443798,19.333244407779453,16.724733906606847,12.0,0.800000000000001,0,0,1,0.0
2024-01-02 14:45:00,3.0,15.0,0.7243412858443798,19.298994105173488,16.733166351987197,12.0,0.800000000000001,0,0,1,0.0
2024-01-02 15:00:00,3.0,15.0,0.7243412858443798,19.264927165867352,16.741066677873242,12.0,0.800000000000001,0,0,1,0.0
2024-01-02 15:15:00,3.0,16.0,0.7243412858443798,19.388404256760825,16.749181591080944,12.0,0.800000000000001,0,0,1,0.0
2024-01-02 15:30:00,3.0,15.0,0.7243412858443798,19.377155817747724,16.758102410027917,12.0,0.800000000000001,0,0,1,0.0
2024-01-02 15:45:00,1.0,16.333333333333332,0.7243412858443798,19.36638806672718,16.766512383559395,12.0,0.800000000000001,0,0,1,0.0
2024-01-02 16:00:00,1.0,20.0,0.7243412858443798,19.97315787891245,16.775238742674382,11.0,0.0,0,1,0,0.0
2024-01-02 16:15:00,1.0,20.0,0.7243412858443798,20.522261319988907,16.789687519749926,11.0,0.0,0,0,0,0.0
2024-01-02 16:30:00,1.0,20.0,0.7243412858443798,20.484963944370033,16.806327911362214,11.0,0.0,0,0,0,0.0
2024-01-02 16:45:00,1.0,20.0,0.7243412858443798,20.436264555826746,16.822141753889944,11.0,0.8,1,0,1,0.7969444444444445
2024-01-02 17:00:00,1.0,20.0,0.7243412858443798,20.388325107435215,16.83713888544996,11.0,0.8,0,0,1,0.0
2024-01-02 17:15:00,1.0,20.0,0.7243412858443798,20.34112737106534,16.85134123840071,11.0,0.8,0,0,1,0.0
2024-01-02 17:30:00,1.0,20.0,0.7243412858443798,20.29465358199105,16.864770181262386,11.0,0.8,0,0,1,0.0
2024-01-02 17:45:00,1.0,20.0,0.7243412858443798,20.248886427039384,16.877446533152042,11.0,0.8,0,0,1,0.0
2024-01-02 18:00:00,3.0,18.666666666666668,0.7243412858443798,20.203809033042905,16.88939057784933,11.0,0.8,0,0,1,0.0
2024-01-02 18:15:00,3.0,15.0,0.7243412858443798,20.15940495558755,16.900622077502263,11.0,0.8,0,0,1,0.0
2024-01-02 18:30:00,3.0,15.0,0.7243412858443798,20.115658168048398,16.911160285982227,11.0,0.8,0,0,1,0.0
2024-01-02 18:45:00,3.0,15.0,0.7243412858443798,20.072553050906023,16.921023961897212,11.0,0.8,0,0,1,0.0
2024-01-02 19:00:00,3.0,15.0,0.7243412858443798,20.0300743813362,16.930231381272048,11.0,0.8,0,0,1,0.0
2024-01-02 19:15:00,1.0,17.333333333333332,0.7243412858443798,19.988207323066,16.938800349904113,11.0,0.8,0,0,1,0.0
2024-01-02 19:30:00,1.0,20.0,0.7243412858443798,19.946937416489444,16.94674821540284,11.0,0.8,0,0,1,0.0
2024-01-02 19:45:00,1.0,20.0,0.7243412858443798,19.906250569036082,16.95409187892114,11.0,0.8,0,0,1,0.0
2024-01-02 20:00:00,3.0,17.666666666666668,0.7243412858443798,19.86576321477319,16.95870272733126,10.0,0.8,0,0,1,0.0
2024-01-02 20:15:00,3.0,15.0,0.7243412858443798,19.82538207398688,16.960332313795565,10.0,0.8,0,0,1,0.0
2024-01-02 20:30:00,3.0,15.0,0.7243412858443798,19.785502737579023,16.96146980563306,10.0,0.8,0,0,1,0.0
2024-01-02 20:45:00,1.0,19.333333333333332,0.7243412858443798,19.746113696589962,16.962128924396772,10.0,0.8,0,0,1,0.0
2024-01-02 21:00:00,2.0,16.333333333333332,0.7243412858443798,19.707203733235804,16.962323037675368,10.0,0.8,0,0,1,0.0
2024-01-02 21:15:00,2.0,14.5,0.7243412858443798,19.668761913465595,16.962065168158215,10.0,0.8,0,0,1,0.0
2024-01-02 21:30:00,2.0,14.5,0.7243412858443798,19.630777579708933,16.96136800246845,10.0,0.8,0,0,1,0.0
2024-01-02 21:45:00,2.0,14.5,0.7243412858443798,19.59324034380914,16.960243899769992,10.0,0.8,0,0,1,0.0
2024-01-02 22:00:00,2.0,14.5,0.7243412858443798,19.556140080137254,16.95870490015425,10.0,0.8,0,0,1,0.0
2024-01-02 22:15:00,2.0,14.5,0.7243412858443798,19.51946691888223,16.95676273281223,10.0,0.8,0,0,1,0.0
2024-01-02 22:30:00,2.0,18.9,0.7243412858443798,19.83894263006573,16.955570195523613,10.0,0.8,0,0,1,0.0
2024-01-02 22:45:00,1.0,14.866666666666667,0.7243412858443798,20.108575624505892,16.959420345885082,10.0,0.8,0,0,1,0.0
2024-01-02 23:00:00,2.0,18.533333333333335,0.7243412858443798,20.065294653872407,16.963839374341173,10.0,0.8,0,0,1,0.0
2024-01-02 23:15:00,1.0,19.266666666666666,0.7243412858443798,20.022581389071384,16.967687888968367,10.0,0.8,0,0,1,0.0
2024-01-02 23:30:00,1.0,20.0,0.7243412858443798,19.98042265553787,16.97098163570811,10.0,0.8,0,0,1,0.0
2024-01-02 23:45:00,2.0,17.433333333333334,0.7243412858443798,19.938805612453407,16.973735954689115,10.0,0.8,0,0,1,0.0
2024-01-03 00:00:00,2.0,14.5,0.7243412858443798,19.89734791320113,16.973820711363995,9.0,0.8,0,0,1,0.0
2024-01-03 00:15:00,2.0,14.5,0.7243412858443798,19.855957465777934,16.970985976067432,9.0,0.8,0,0,1,0.0
2024-01-03 00:30:00,2.0,14.5,0.7243412858443798,19.81503101800115,16.967719470895982,9.0,0.8,0,0,1,0.0
2024-01-03 00:45:00,2.0,14.5,0.7243412858443798,19.774558187820343,16.964033508823963,9.0,0.8,0,0,1,0.0
2024-01-03 01:00:00,2.0,14.5,0.7243412858443798,19.734528855123486,16.959940084568267,9.0,0.8,0,0,1,0.0
2024-01-03 01:15:00,2.0,14.5,0.7243412858443798,19.69493315504328,16.955450882740482,9.0,0.8,0,0,1,0.0
2024-01-03 01:30:00,2.0,14.5,0.7243412858443798,19.655761471434825,16.950577285790438,9.0,0.0,0,1,0,0.0
2024-01-03 01:45:00,2.0,14.5,0.7243412858443798,19.617004430520083,16.94533038174642,9.0,0.0,0,0,0,0.0
2024-01-03 02:00:00,2.0,14.5,0.7243412858443798,19.578283063682157,16.937575892502057,8.0,0.0,0,0,0,0.0
2024-01-03 02:15:00,2.0,14.5,0.7243412858443798,19.539508570156887,16.927059850597498,8.0,0.0,0,0,0,0.0
2024-01-03 02:30:00,2.0,14.5,0.7243412858443798,19.501080904460437,16.916266043393414,8.0,0.0,0,0,0,0.0
2024-01-03 02:45:00,2.0,14.5,0.7243412858443798,19.462992808865383,16.905202949550297,8.0,0.0,0,0,0,0.0
2024-01-03 03:00:00,2.0,14.5,0.7243412858443798,19.425237207315565,16.893878827324098,8.0,0.0,0,0,0,0.0
2024-01-03 03:15:00,2.0,14.5,0.7243412858443798,19.38780720078734,16.882301720214993,8.0,0.0,0,0,0,0.0
2024-01-03 03:30:00,2.0,14.5,0.7243412858443798,19.350696062769423,16.870479462471597,8.0,0.0,0,0,0,0.0
2024-01-03 03:45:00,2.0,14.5,0.7243412858443798,19.3138972348584,16.858419684454265,8.0,0.0,0,0,0,0.0
2024-01-03 04:00:00,2.0,14.5,0.7243412858443798,19.277774153479772,16.84827489711647,9.0,0.0,0,0,0,0.0
2024-01-03 04:15:00,1.0,17.066666666666666,0.7243412858443798,19.33957747151288,16.840474469375877,9.0,0.7938888888888892,1,0,1,0.7694444444444445
2024-01-03 04:30:00,2.0,15.233333333333333,0.7243412858443798,19.73863157538155,16.83603190501792,9.0,0.8000000000000004,0,0,1,0.0
2024-01-03 04:45:00,2.0,14.5,0.7243412858443798,19.70963662572997,16.83371555618455,9.0,0.0,0,1,0,0.0
2024-01-03 05:00:00,2.0,14.5,0.7243412858443798,19.668928381036476,16.830974027684466,9.0,0.0,0,0,0,0.0
2024-01-03 05:15:00,1.0,18.533333333333335,0.7243412858443798,19.628677007781484,16.827807096438764,9.0,0.0,0,0,0,0.0
2024-01-03 05:30:00,3.0,18.333333333333332,0.7243412858443798,19.58887228043694,16.8242268905506,9.0,0.0,0,0,0,0.0
2024-01-03 05:45:00,3.0,15.0,0.7243412858443798,19.5495042314727,16.820245224651526,9.0,0.0,0,0,0,0.0
2024-01-03 06:00:00,3.0,15.0,0.7243412858443798,19.510563144763474,16.81587360793103,9.0,0.0,0,0,0,0.0
2024-01-03 06:15:00,3.0,15.0,0.7243412858443798,19.472039549164613,16.81112325196063,9.0,0.0,0,0,0,0.0
2024-01-03 06:30:00,3.0,15.0,0.7243412858443798,19.433924212252172,16.806005078317632,9.0,0.0,0,0,0,0.0
2024-01-03 06:45:00,3.0,15.0,0.7243412858443798,19.39620813422319,16.80052972601388,9.0,0.0,0,0,0,0.0
2024-01-03 07:00:00,1.0,15.333333333333334,0.7243412858443798,19.35888254195203,16.79470755873435,9.0,0.0,0,0,0,0.0
2024-01-03 07:15:00,3.0,16.666666666666668,0.7243412858443798,19.62469528911461,16.789929795452142,9.0,0.0,0,0,0,0.0
2024-01-03 07:30:00,3.0,15.0,0.7243412858443798,19.644736355695386,16.787508139925006,9.0,0.0,0,0,0,0.0
2024-01-03 07:45:00,3.0,15.0,0.7243412858443798,19.604288937567286,16.78476283554177,9.0,0.0,0,0,0,0.0
2024-01-03 08:00:00,3.0,15.0,0.7243412858443798,19.564440918658345,16.781595689025824,9.0,0.0,0,0,0,0.0
2024-01-03 08:15:00,1.0,17.666666666666668,0.7243412858443798,19.525200552221342,16.778021128466754,9.0,0.0,0,0,0,0.0
2024-01-03 08:30:00,1.0,20.0,0.7243412858443798,19.80181368696337,16.77495122758595,9.0,0.0,0,0,0,0.0
2024-01-03 08:45:00,3.0,18.333333333333332,0.7243412858443798,20.472944887557496,16.778653461262106,9.0,0.0,0,0,0,0.0
2024-01-03 09:00:00,3.0,15.0,0.7243412858443798,20.483118065348435,16.78620078717113,9.0,0.0,0,0,0,0.0
2024-01-03 09:15:00,3.0,15.0,0.7243412858443798,20.433151846445153,16.793150792403686,9.0,0.0,0,0,0,0.0
2024-01-03 09:30:00,3.0,15.0,0.7243412858443798,20.38386167935384,16.79941236379348,9.0,0.0,0,0,0,0.0
2024-01-03 09:45:00,3.0,15.0,0.7243412858443798,20.33523177415217,16.805004398076687,9.0,0.0,0,0,0,0.0
2024-01-03 10:00:00,1.0,17.333333333333332,0.7243412858443798,20.28725617074515,16.809945336987543,9.0,0.0,0,0,0,0.0
2024-01-03 10:15:00,1.0,20.0,0.7243412858443798,20.239921060841542,16.81425327060131,9.0,0.0,0,0,0,0.0
2024-01-03 10:30:00,3.0,15.666666666666666,0.7243412858443798,20.193200966383497,16.817945713984532,9.0,0.0,0,0,0,0.0
2024-01-03 10:45:00,3.0,15.0,0.7243412858443798,20.147081643597634,16.821039683877242,9.0,0.0,0,0,0,0.0
2024-01-03 11:00:00,3.0,15.0,0.7243412858443798,20.10142810746847,16.823551350323093,9.0,0.0,0,0,0,0.0
2024-01-03 11:15:00,3.0,15.0,0.7243412858443798,20.056211526781293,16.82549488076826,9.0,0.0,0,0,0,0.0
2024-01-03 11:30:00,1.0,18.333333333333332,0.7243412858443798,20.01155816681484,16.8268854754315,9.0,0.0,0,0,0,0.0
2024-01-03 11:45:00,3.0,16.666666666666668,0.7243412858443798,19.967455103163378,16.827738545145664,9.0,0.732777777777778,1,0,1,0.7175
2024-01-03 12:00:00,3.0,15.0,0.7243412858443798,19.923898440562564,16.82806913254139,9.0,0.7786111111111118,0,0,1,0.0
2024-01-03 12:15:00,1.0,15.666666666666666,0.7243412858443798,19.880876999665368,16.827892006095475,9.0,0.8000000000000009,0,0,1,0.0
2024-01-03 12:30:00,1.0,20.0,0.7243412858443798,19.838368791332062,16.82722145272207,9.0,0.8000000000000009,0,0,1,0.0
2024-01-03 12:45:00,3.0,17.333333333333332,0.7243412858443798,19.796362154853018,16.826071347283847,9.0,0.8000000000000009,0,0,1,0.0
2024-01-03 13:00:00,3.0,15.0,0.7243412858443798,19.754837637654838,16.82445517920875,9.0,0.8000000000000009,0,0,1,0.0
2024-01-03 13:15:00,3.0,15.0,0.7243412858443798,19.713783139271264,16.82238598372863,9.0,0.8000000000000009,0,0,1,0.0
2024-01-03 13:30:00,3.0,15.0,0.7243412858443798,19.673197172745706,16.8198765527739,9.0,0.8000000000000009,0,0,1,0.0
2024-01-03 13:45:00,3.0,15.0,0.7243412858443798,19.633069207142356,16.816939388072154,9.0,0.8000000000000009,0,0,1,0.0
2024-01-03 14:00:00,3.0,15.0,0.7243412858443798,19.59316724827393,16.811442088119982,8.0,0.8000000000000009,0,0,1,0.0
2024-01-03 14:15:00,3.0,15.0,0.7243412858443798,19.55342010760309,16.80313445323735,8.0,0.8000000000000009,0,0,1,0.0
2024-01-03 14:30:00,3.0,16.0,0.7243412858443798,19.514056123375482,16.794502231916017,8.0,0.8000000000000009,0,0,1,0.0
2024-01-03 14:45:00,3.0,15.0,0.7243412858443798,19.475067079544196,16.78555507667998,8.0,0.8000000000000009,0,0,1,0.0
2024-01-03 15:00:00,3.0,15.0,0.7243412858443798,19.436539817221323,16.778446542356726,9.0,0.8000000000000009,0,0,1,0.0
2024-01-03 15:15:00,3.0,15.0,0.7243412858443798,19.39851168061925,16.773445772910044,9.0,0.0,0,1,0,0.0
2024-01-03 15:30:00,3.0,15.0,0.7243412858443798,19.360883070688736,16.76808693808602,9.0,0.0,0,0,0,0.0
2024-01-03 15:45:00,1.0,16.666666666666668,0.7243412858443798,19.364170960602596,16.762411996279873,9.0,0.0,0,0,0,0.0
2024-01-03 16:00:00,1.0,20.0,0.7243412858443798,20.01315479084235,16.75987909065067,9.0,0.0,0,0,0,0.0
2024-01-03 16:15:00,1.0,20.0,0.7243412858443798,20.5075354242262,16.765622113012846,9.0,0.8000000000000002,1,0,1,0.7877777777777778
2024-01-03 16:30:00,1.0,20.0,0.7243412858443798,20.460521265942816,16.773226323905128,9.0,0.8000000000000002,0,0,1,0.0
2024-01-03 16:45:00,1.0,20.0,0.7243412858443798,20.410144639384587,16.780121899646023,9.0,0.8000000000000002,0,0,1,0.0
2024-01-03 17:00:00,1.0,20.0,0.7243412858443798,20.36044837127192,16.7863251846449,9.0,0.8000000000000002,0,0,1,0.0
2024-01-03 17:15:00,1.0,16.0,0.7243412858443798,20.311416577004014,16.79185518749373,9.0,0.8000000000000002,0,0,1,0.0
2024-01-03 17:30:00,1.0,20.0,0.7243412858443798,20.263033774643535,16.7967304271135,9.0,0.8000000000000002,0,0,1,0.0
2024-01-03 17:45:00,1.0,20.0,0.7243412858443798,20.215284874622043,16.800968945293043,9.0,0.8000000000000002,0,0,1,0.0
2024-01-03 18:00:00,1.0,20.0,0.7243412858443798,20.167785338695953,16.802443239651687,8.0,0.8000000000000002,0,0,1,0.0
2024-01-03 18:15:00,1.0,20.0,0.7243412858443798,20.12044093889802,16.80090594497661,8.0,0.8000000000000002,0,0,1,0.0
2024-01-03 18:30:00,1.0,20.0,0.7243412858443798,20.073646341320647,16.798847281836345,8.0,0.8000000000000002,0,0,1,0.0
2024-01-03 18:45:00,1.0,20.0,0.7243412858443798,20.027389135040746,16.796281997386064,8.0,0.8000000000000002,0,0,1,0.0
2024-01-03 19:00:00,1.0,20.0,0.7243412858443798,19.981657222574484,16.793224457878413,8.0,0.8000000000000002,0,0,1,0.0
2024-01-03 19:15:00,1.0,20.0,0.7243412858443798,19.936438811866715,16.789688658419667,8.0,0.8000000000000002,0,0,1,0.0
2024-01-03 19:30:00,1.0,20.0,0.7243412858443798,19.891722408485517,16.785688232476197,8.0,0.8000000000000002,0,0,1,0.0
2024-01-03 19:45:00,3.0,16.666666666666668,0.7243412858443798,19.8474968080163,16.781236461137617,8.0,0.8000000000000002,0,0,1,0.0
2024-01-03 20:00:00,3.0,15.0,0.7243412858443798,19.80375108865064,16.776346282142903,8.0,0.8000000000000002,0,0,1,0.0
2024-01-03 20:15:00,1.0,17.666666666666668,0.7243412858443798,19.760474603964653,16.771030298675477,8.0,0.8000000000000002,0,0,1,0.0
2024-01-03 20:30:00,1.0,20.0,0.7243412858443798,19.7176569758822,16.76530078793321,8.0,0.8000000000000002,0,0,1,0.0
2024-01-03 20:45:00,1.0,20.0,0.7243412858443798,19.675288087818117,16.75916970947911,8.0,0.8000000000000002,0,0,1,0.0
2024-01-03 21:00:00,1.0,20.0,0.7243412858443798,19.63335807799688,16.752648713378285,8.0,0.8000000000000002,0,0,1,0.0
2024-01-03 21:15:00,1.0,20.0,0.7243412858443798,19.591857332942237,16.74574914812667,8.0,0.8000000000000002,0,0,1,0.0
2024-01-03 21:30:00,2.0,16.333333333333332,0.7243412858443798,19.550776481133386,16.738482068376804,8.0,0.8000000000000002,0,0,1,0.0
2024-01-03 21:45:00,2.0,14.5,0.7243412858443798,19.51010638682352,16.730858242465924,8.0,0.8000000000000002,0,0,1,0.0
2024-01-03 22:00:00,2.0,14.5,0.7243412858443798,19.469468313003585,16.72074308049606,7.0,0.8000000000000002,0,0,1,0.0
2024-01-03 22:15:00,2.0,14.5,0.7243412858443798,19.428773684259113,16.707882310913835,7.0,0.8000000000000002,0,0,1,0.0
2024-01-03 22:30:00,2.0,14.5,0.7243412858443798,19.38842267435881,16.694759424488137,7.0,0.8000000000000002,0,0,1,0.0
2024-01-03 22:45:00,2.0,14.5,0.7243412858443798,19.348408238887416,16.681382610598167,7.0,0.8000000000000002,0,0,1,0.0
2024-01-03 23:00:00,2.0,14.5,0.7243412858443798,19.308723509313502,16.667759845342676,7.0,0.8000000000000002,0,0,1,0.0
2024-01-03 23:15:00,2.0,14.5,0.7243412858443798,19.26936178849958,16.65389889700717,7.0,0.8000000000000002,0,0,1,0.0
2024-01-03 23:30:00,2.0,14.5,0.7243412858443798,19.230316546327085,16.639807331391104,7.0,0.8000000000000002,0,0,1,0.0
2024-01-03 23:45:00,2.0,14.5,0.7243412858443798,19.19158141543327,16.625492516998797,7.0,0.8000000000000002,0,0,1,0.0
2024-01-04 00:00:00,2.0,14.5,0.7243412858443798,19.153150187057175,16.610961630097464,7.0,0.8000000000000002,0,0,1,0.0
2024-01-04 00:15:00,2.0,14.5,0.7243412858443798,19.115016806991896,16.59622165964577,7.0,0.8000000000000002,0,0,1,0.0
2024-01-04 00:30:00,2.0,14.5,0.7243412858443798,19.0771753716404,16.58127941209626,7.0,0.8000000000000002,0,0,1,0.0
2024-01-04 00:45:00,2.0,14.5,0.7243412858443798,19.039620124172203,16.566141516074882,7.0,0.8000000000000002,0,0,1,0.0
2024-01-04 01:00:00,2.0,14.5,0.7243412858443798,19.002345450778403,16.550814426940697,7.0,0.8000000000000002,0,0,1,0.0
2024-01-04 01:15:00,2.0,14.5,0.7243412858443798,18.965345877022536,16.53530443122893,7.0,0.8000000000000002,0,0,1,0.0
2024-01-04 01:30:00,2.0,14.5,0.7243412858443798,18.928616064284768,16.519617650980283,7.0,0.8000000000000002,0,0,1,0.0
2024-01-04 01:45:00,2.0,14.5,0.7243412858443798,18.89215080629704,16.50376004795942,7.0,0.8000000000000002,0,0,1,0.0
2024-01-04 02:00:00,2.0,14.5,0.7243412858443798,18.85594502576688,16.487737427765506,7.0,0.8000000000000002,0,0,1,0.0
2024-01-04 02:15:00,2.0,14.5,0.7243412858443798,18.81999377108757,16.471555443837495,7.0,0.8000000000000002,0,0,1,0.0
2024-01-04 02:30:00,2.0,14.5,0.7243412858443798,18.78429221313246,16.455219601356966,7.0,0.8000000000000002,0,0,1,0.0
2024-01-04 02:45:00,2.0,14.5,0.7243412858443798,18.748835642131315,16.438735261050972,7.0,0.8000000000000002,0,0,1,0.0
2024-01-04 03:00:00,2.0,14.5,0.7243412858443798,18.713619464626564,16.422107642897664,7.0,0.8000000000000002,0,0,1,0.0
2024-01-04 03:15:00,2.0,14.5,0.7243412858443798,18.678639200507412,16.405341829736944,7.0,0.8000000000000002,0,0,1,0.0
2024-01-04 03:30:00,2.0,14.5,0.7243412858443798,18.6438904801198,16.3884427707888,7.0,0.8000000000000002,0,0,1,0.0
2024-01-04 03:45:00,2.0,14.5,0.7243412858443798,18.60936904145031,16.371415285081518,7.0,0.8000000000000002,0,0,1,0.0
2024-01-04 04:00:00,1.0,14.866666666666667,0.7243412858443798,18.574700896369297,16.352118985536876,6.0,0.8000000000000002,0,0,1,0.0
2024-01-04 04:15:00,2.0,18.533333333333335,0.7243412858443798,19.000357890656787,16.332040470761353,6.0,0.8000000000000002,0,0,1,0.0
2024-01-04 04:30:00,2.0,14.5,0.7243412858443798,19.225537005279225,16.317652844489988,6.0,0.8000000000000002,0,0,1,0.0
2024-01-04 04:45:00,2.0,14.5,0.7243412858443798,19.182458801484774,16.303891275897836,6.0,0.8000000000000002,0,0,1,0.0
2024-01-04 05:00:00,2.0,14.5,0.7243412858443798,19.139742694472204,16.289854615735255,6.0,0.8000000000000002,0,0,1,0.0
2024-01-04 05:15:00,3.0,15.833333333333334,0.7243412858443798,19.194444258088332,16.275819092090522,6.0,0.8000000000000002,0,0,1,0.0
2024-01-04 05:30:00,3.0,15.0,0.7243412858443798,19.235696816646858,16.26309311762229,6.0,0.8000000000000002,0,0,1,0.0
2024-01-04 05:45:00,3.0,15.0,0.7243412858443798,19.191887199182506,16.250328288279782,6.0,0.8000000000000002,0,0,1,0.0
2024-01-04 06:00:00,3.0,15.0,0.7243412858443798,19.14845957694626,16.237263861906765,6.0,0.8000000000000002,0,0,1,0.0
2024-01-04 06:15:00,3.0,15.0,0.7243412858443798,19.105406027071542,16.22390907478609,6.0,0.0,0,1,0,0.0
2024-01-04 06:30:00,3.0,15.0,0.7243412858443798,19.06271882479557,16.21027292290984,6.0,0.0,0,0,0,0.0
2024-01-04 06:45:00,3.0,15.0,0.7243412858443798,19.02039043840147,16.19636416813827,6.0,0.0,0,0,0,0.0
2024-01-04 07:00:00,3.0,15.0,0.7243412858443798,18.97841352428984,16.182191344201062,6.0,0.0,0,0,0,0.0
2024-01-04 07:15:00,3.0,15.0,0.7243412858443798,18.936780922176425,16.16776276254502,6.0,0.0,0,0,0,0.0
2024-01-04 07:30:00,3.0,15.0,0.7243412858443798,18.89548565041259,16.153086518032076,6.0,0.0,0,0,0,0.0
2024-01-04 07:45:00,3.0,15.0,0.7243412858443798,18.854520901425555,16.13817049449146,6.0,0.0,0,0,0,0.0
2024-01-04 08:00:00,1.0,17.333333333333332,0.7243412858443798,18.89907709708041,16.12313325343533,6.0,0.0,0,0,0,0.0
2024-01-04 08:15:00,3.0,15.666666666666666,0.7243412858443798,19.305404785833773,16.11146717773217,6.0,0.0,0,0,0,0.0
2024-01-04 08:30:00,3.0,15.0,0.7243412858443798,19.271396987674127,16.102080445541674,6.0,0.0,0,0,0,0.0
2024-01-04 08:45:00,3.0,15.0,0.7243412858443798,19.225656910431134,16.09232468621872,6.0,0.7541666666666668,1,0,1,0.7511111111111112
2024-01-04 09:00:00,3.0,15.0,0.7243412858443798,19.18052672820676,16.082199129188123,6.0,0.8000000000000006,0,0,1,0.0
2024-01-04 09:15:00,3.0,15.0,0.7243412858443798,19.136018670572806,16.071717609258275,6.0,0.8000000000000006,0,0,1,0.0
2024-01-04 09:30:00,1.0,19.333333333333332,0.7243412858443798,19.407350008373587,16.06179132725051,6.0,0.8000000000000006,0,0,1,0.0
2024-01-04 09:45:00,1.0,20.0,0.7243412858443798,20.243143153826626,16.05906165169981,6.0,0.8000000000000006,0,0,1,0.0
2024-01-04 10:00:00,1.0,20.0,0.7243412858443798,20.49937333315646,16.063734259363205,6.0,0.0,0,1,0,0.0
2024-01-04 10:15:00,3.0,16.0,0.7243412858443798,20.43883052064999,16.068764034088947,6.0,0.0,0,0,0,0.0
2024-01-04 10:30:00,3.0,15.0,0.7243412858443798,20.379068962210866,16.07301432196973,6.0,0.0,0,0,0,0.0
2024-01-04 10:45:00,3.0,15.0,0.7243412858443798,20.320070590465203,16.0765067011575,6.0,0.0,0,0,0,0.0
2024-01-04 11:00:00,3.0,15.0,0.7243412858443798,20.26174681491851,16.079261954355108,6.0,0.7816666666666667,1,0,1,0.7786111111111111
2024-01-04 11:15:00,3.0,15.0,0.7243412858443798,20.204071504023872,16.081299398977965,6.0,0.8000000000000003,0,0,1,0.0
2024-01-04 11:30:00,3.0,15.0,0.7243412858443798,20.147109665480688,16.08263867371922,6.0,0.8000000000000003,0,0,1,0.0
2024-01-04 11:45:00,3.0,15.0,0.7243412858443798,20.090844952422326,16.08329926393845,6.0,0.8000000000000003,0,0,1,0.0
2024-01-04 12:00:00,3.0,15.0,0.7243412858443798,20.03523779282266,16.083300072653305,6.0,0.8000000000000003,0,0,1,0.0
2024-01-04 12:15:00,3.0,15.0,0.7243412858443798,19.98026966984715,16.082659205593117,6.0,0.8000000000000003,0,0,1,0.0
2024-01-04 12:30:00,3.0,15.0,0.7243412858443798,19.92595266675018,16.081394574100656,6.0,0.8000000000000003,0,0,1,0.0
2024-01-04 12:45:00,1.0,15.333333333333334,0.7243412858443798,19.872272014912394,16.07952374479137,6.0,0.8000000000000003,0,0,1,0.0
2024-01-04 13:00:00,1.0,20.0,0.7243412858443798,19.819249112826075,16.077063951339653,6.0,0.8000000000000003,0,0,1,0.0
2024-01-04 13:15:00,1.0,20.0,0.7243412858443798,19.766874450817376,16.074032451063218,6.0,0.8000000000000003,0,0,1,0.0
2024-01-04 13:30:00,1.0,20.0,0.7243412858443798,19.71509313318098,16.07044564231772,6.0,0.8000000000000003,0,0,1,0.0
2024-01-04 13:45:00,3.0,19.666666666666668,0.7243412858443798,19.663891848242777,16.066319321682627,6.0,0.8000000000000003,0,0,1,0.0
2024-01-04 14:00:00,3.0,15.0,0.7243412858443798,19.61321535497019,16.061668735110125,6.0,0.8000000000000003,0,0,1,0.0
2024-01-04 14:15:00,3.0,15.0,0.7243412858443798,19.56304566531798,16.05650818104466,6.0,0.8000000000000003,0,0,1,0.0
2024-01-04 14:30:00,3.0,15.0,0.7243412858443798,19.513419120288166,16.050852076153614,6.0,0.8000000000000003,0,0,1,0.0
2024-01-04 14:45:00,3.0,15.0,0.7243412858443798,19.46432367721712,16.044714674594747,6.0,0.8000000000000003,0,0,1,0.0
2024-01-04 15:00:00,1.0,15.333333333333334,0.7243412858443798,19.41557188742858,16.03810926975066,6.0,0.8000000000000003,0,0,1,0.0
2024-01-04 15:15:00,1.0,20.0,0.7243412858443798,19.8520078944944,16.032805666271166,6.0,0.8000000000000003,0,0,1,0.0
2024-01-04 15:30:00,1.0,20.0,0.7243412858443798,20.483191609252845,16.035280946115037,6.0,0.8000000000000003,0,0,1,0.0
2024-01-04 15:45:00,1.0,20.0,0.7243412858443798,20.462069614535974,16.040985744259107,6.0,0.0,0,1,0,0.0
2024-01-04 16:00:00,1.0,20.0,0.7243412858443798,20.40111044904071,16.045948637938995,6.0,0.0,0,0,0,0.0
2024-01-04 16:15:00,1.0,20.0,0.7243412858443798,20.340917441902157,16.050128179631916,6.0,0.0,0,0,0,0.0
2024-01-04 16:30:00,1.0,20.0,0.7243412858443798,20.281491997721627,16.053545976045346,6.0,0.8000000000000003,1,0,1,0.7847222222222223
2024-01-04 16:45:00,1.0,20.0,0.7243412858443798,20.2228164113602,16.056223161389017,6.0,0.8000000000000003,0,0,1,0.0
2024-01-04 17:00:00,1.0,20.0,0.7243412858443798,20.164873425899916,16.058180324934156,6.0,0.8000000000000003,0,0,1,0.0
2024-01-04 17:15:00,3.0,18.666666666666668,0.7243412858443798,20.107646221185963,16.059437524968782,6.0,0.8000000000000003,0,0,1,0.0
2024-01-04 17:30:00,1.0,20.0,0.7243412858443798,20.051118402662006,16.06001430239588,6.0,0.8000000000000003,0,0,1,0.0
2024-01-04 17:45:00,1.0,20.0,0.7243412858443798,19.995273990491214,16.059929693983573,6.0,0.8000000000000003,0,0,1,0.0
2024-01-04 18:00:00,1.0,20.0,0.7243412858443798,19.940097408955634,16.05920224527616,6.0,0.8000000000000003,0,0,1,0.0
2024-01-04 18:15:00,1.0,20.0,0.7243412858443798,19.88557347612684,16.057850023174808,6.0,0.8000000000000003,0,0,1,0.0
2024-01-04 18:30:00,1.0,20.0,0.7243412858443798,19.831687393800827,16.055890628196188,6.0,0.8000000000000003,0,0,1,0.0
2024-01-04 18:45:00,1.0,20.0,0.7243412858443798,19.778424737690493,16.053341206417436,6.0,0.8000000000000003,0,0,1,0.0
2024-01-04 19:00:00,1.0,20.0,0.7243412858443798,19.72577144786904,16.050218461115435,6.0,0.8000000000000003,0,0,1,0.0
2024-01-04 19:15:00,1.0,20.0,0.7243412858443798,19.67371381945791,16.046538664108176,6.0,0.8000000000000003,0,0,1,0.0
2024-01-04 19:30:00,3.0,19.666666666666668,0.7243412858443798,19.62223849355295,16.042317666805886,6.0,0.8000000000000003,0,0,1,0.0
2024-01-04 19:45:00,3.0,15.0,0.7243412858443798,19.571332448382808,16.037570910979333,6.0,0.8000000000000003,0,0,1,0.0
2024-01-04 20:00:00,3.0,15.0,0.7243412858443798,19.52061315968067,16.030168359997283,5.0,0.8000000000000003,0,0,1,0.0
2024-01-04 20:15:00,3.0,15.0,0.7243412858443798,19.46998836101524,16.019860178482737,5.0,0.8000000000000003,0,0,1,0.0
2024-01-04 20:30:00,1.0,18.333333333333332,0.7243412858443798,19.60197600866019,16.009512211743793,5.0,0.8000000000000003,0,0,1,0.0
2024-01-04 20:45:00,1.0,20.0,0.7243412858443798,20.336596811671477,16.004756095117475,5.0,0.8000000000000003,0,0,1,0.0
2024-01-04 21:00:00,2.0,16.333333333333332,0.7243412858443798,20.456403764011792,16.003721070642523,4.0,0.8000000000000003,0,0,1,0.0
2024-01-04 21:15:00,2.0,14.5,0.7243412858443798,20.393476634991476,16.0000492726448,4.0,0.8000000000000003,0,0,1,0.0
2024-01-04 21:30:00,2.0,14.5,0.7243412858443798,20.331262067802037,15.995710758133182,4.0,0.8000000000000003,0,0,1,0.0
2024-01-04 21:45:00,2.0,14.5,0.7243412858443798,20.26974407799415,15.990724494914733,4.0,0.8000000000000003,0,0,1,0.0
2024-01-04 22:00:00,2.0,14.5,0.7243412858443798,20.208167422496235,15.9808188021206,2.0,0.8000000000000003,0,0,1,0.0
2024-01-04 22:15:00,2.0,14.5,0.7243412858443798,20.146357126757426,15.965482701625557,2.0,0.8000000000000003,0,0,1,0.0
2024-01-04 22:30:00,2.0,14.5,0.7243412858443798,20.085115661317737,15.94968080430793,2.0,0.8000000000000003,0,0,1,0.0
2024-01-04 22:45:00,2.0,14.5,0.7243412858443798,20.02443100843108,15.93342718097354,2.0,0.8000000000000003,0,0,1,0.0
2024-01-04 23:00:00,2.0,14.5,0.7243412858443798,19.964291451523334,15.916735536964472,2.0,0.8000000000000003,0,0,1,0.0
2024-01-04 23:15:00,2.0,14.5,0.7243412858443798,19.904685567501318,15.899619221524814,2.0,0.8000000000000003,0,0,1,0.0
2024-01-04 23:30:00,2.0,14.5,0.7243412858443798,19.845602219258485,15.8820912369267,2.0,0.8000000000000003,0,0,1,0.0
2024-01-04 23:45:00,2.0,14.5,0.7243412858443798,19.78703054837241,15.864164247362774,2.0,0.8000000000000003,0,0,1,0.0
2024-01-05 00:00:00,2.0,14.5,0.7243412858443798,19.72895996798905,15.845850587611089,2.0,0.8000000000000003,0,0,1,0.0
2024-01-05 00:15:00,2.0,14.5,0.7243412858443798,19.671380155889086,15.827162271478192,2.0,0.8000000000000003,0,0,1,0.0
2024-01-05 00:30:00,2.0,14.5,0.7243412858443798,19.614281047731684,15.808111000026171,2.0,0.8000000000000003,0,0,1,0.0
2024-01-05 00:45:00,2.0,14.5,0.7243412858443798,19.557652830471056,15.788708169589079,2.0,0.8000000000000003,0,0,1,0.0
2024-01-05 01:00:00,2.0,14.5,0.7243412858443798,19.50148593594149,15.768964879584233,2.0,0.8000000000000003,0,0,1,0.0
2024-01-05 01:15:00,2.0,14.5,0.7243412858443798,19.445771034606473,15.748891940123572,2.0,0.8000000000000003,0,0,1,0.0
2024-01-05 01:30:00,2.0,14.5,0.7243412858443798,19.39049902946778,15.728499879430201,2.0,0.8000000000000003,0,0,1,0.0
2024-01-05 01:45:00,2.0,14.5,0.7243412858443798,19.335661050130334,15.707798951065106,2.0,0.8000000000000003,0,0,1,0.0
2024-01-05 02:00:00,2.0,14.5,0.7243412858443798,19.28087861600609,15.684654061713625,1.0,0.8000000000000003,0,0,1,0.0
2024-01-05 02:15:00,2.0,14.5,0.7243412858443798,19.22606339940469,15.658810447479084,1.0,0.8000000000000003,0,0,1,0.0
2024-01-05 02:30:00,2.0,14.5,0.7243412858443798,19.17161581335005,15.632751117581652,1.0,0.8000000000000003,0,0,1,0.0
2024-01-05 02:45:00,2.0,14.5,0.7243412858443798,19.117529044435187,15.606483790374654,1.0,0.8000000000000003,0,0,1,0.0
2024-01-05 03:00:00,2.0,14.5,0.7243412858443798,19.063796447106462,15.580015981189076,1.0,0.8000000000000003,0,0,1,0.0
2024-01-05 03:15:00,2.0,14.5,0.7243412858443798,19.01041153938443,15.553355007542727,1.0,0.0,0,1,0,0.0
2024-01-05 03:30:00,2.0,14.5,0.7243412858443798,18.957367998694266,15.526507994216042,1.0,0.0,0,0,0,0.0
2024-01-05 03:45:00,2.0,14.5,0.7243412858443798,18.904659657802778,15.499481878198003,1.0,0.0,0,0,0,0.0
2024-01-05 04:00:00,2.0,14.5,0.7243412858443798,18.85191066984658,15.470138334250112,0.0,0.0,0,0,0,0.0
2024-01-05 04:15:00,1.0,18.533333333333335,0.7243412858443798,19.02156843225805,15.438738997921766,0.0,0.0,0,0,0,0.0
2024-01-05 04:30:00,2.0,18.166666666666668,0.7243412858443798,19.793092257255157,15.413783105731504,0.0,0.0,0,0,0,0.0
2024-01-05 04:45:00,1.0,15.233333333333333,0.7243412858443798,19.94942305139185,15.395523142290383,0.0,0.0,0,0,0,0.0
2024-01-05 05:00:00,1.0,20.0,0.7243412858443798,19.882570293996068,15.377467673814802,0.0,0.0,0,0,0,0.0
2024-01-05 05:15:00,2.0,17.066666666666666,0.7243412858443798,19.816316363109262,15.358932078208312,0.0,0.0,0,0,0,0.0
2024-01-05 05:30:00,2.0,14.5,0.7243412858443798,19.750648721608446,15.339931003317941,0.0,0.0,0,0,0,0.0
2024-01-05 05:45:00,1.0,15.233333333333333,0.7243412858443798,19.685555146211357,15.320478716233328,0.0,0.0,0,0,0,0.0
2024-01-05 06:00:00,2.0,19.266666666666666,0.7243412858443798,19.621023719462766,15.300589113045138,0.0,0.0,0,0,0,0.0
2024-01-05 06:15:00,2.0,14.5,0.7243412858443798,19.557042821925833,15.280275728353745,0.0,0.0,0,0,0,0.0
2024-01-05 06:30:00,2.0,14.5,0.7243412858443798,19.493601124573182,15.25955174453454,0.0,0.0,0,0,0,0.0
2024-01-05 06:45:00,1.0,16.333333333333332,0.7243412858443798,19.471213340787788,15.238461578092771,0.0,0.0,0,0,0,0.0
2024-01-05 07:00:00,1.0,20.0,0.7243412858443798,20.094677797129805,15.22046583567201,0.0,0.0,0,0,0,0.0
2024-01-05 07:15:00,1.0,20.0,0.7243412858443798,20.507210043708476,15.210415625600884,0.0,0.0,0,0,0,0.0
2024-01-05 07:30:00,3.0,15.333333333333334,0.7243412858443798,20.431626537359293,15.201778771293485,0.0,0.0,0,0,0,0.0
2024-01-05 07:45:00,3.0,15.0,0.7243412858443798,20.35685167393323,15.192409240312196,0.0,0.0,0,0,0,0.0
2024-01-05 08:00:00,3.0,15.0,0.7243412858443798,20.283441037743632,15.184473937536628,1.0,0.0,0,0,0,0.0
2024-01-05 08:15:00,3.0,15.0,0.7243412858443798,20.21148282567743,15.178261279315194,1.0,0.0,0,0,0,0.0
2024-01-05 08:30:00,3.0,15.0,0.7243412858443798,20.140316933152032,15.171318685079648,1.0,0.0,0,0,0,0.0
2024-01-05 08:45:00,3.0,15.0,0.7243412858443798,20.069925714041606,15.163667061837852,1.0,0.0,0,0,0,0.0
2024-01-05 09:00:00,3.0,15.0,0.7243412858443798,20.00034372578894,15.155326950407549,1.0,0.0,0,0,0,0.0
2024-01-05 09:15:00,3.0,15.0,0.7243412858443798,19.931560739900092,15.146319038093287,1.0,0.0,0,0,0,0.0
2024-01-05 09:30:00,3.0,15.0,0.7243412858443798,19.86350080907864,15.136662879550624,1.0,0.0,0,0,0,0.0
2024-01-05 09:45:00,3.0,15.0,0.7243412858443798,19.796148029629606,15.126377265880256,1.0,0.7572222222222225,1,0,1,0.7419444444444445
2024-01-05 10:00:00,3.0,15.0,0.7243412858443798,19.729851025109785,15.117625561832183,2.0,0.8000000000000007,0,0,1,0.0
2024-01-05 10:15:00,3.0,15.0,0.7243412858443798,19.664673855158178,15.110689993858982,2.0,0.0,0,1,0,0.0
2024-01-05 10:30:00,3.0,18.0,0.7243412858443798,19.600199717971424,15.103114367702782,2.0,0.0,0,0,0,0.0
2024-01-05 10:45:00,3.0,15.0,0.7243412858443798,19.536413041142826,15.094917111496365,2.0,0.0,0,0,0,0.0
2024-01-05 11:00:00,3.0,15.0,0.7243412858443798,19.473302184627578,15.086116188588385,2.0,0.0,0,0,0,0.0
2024-01-05 11:15:00,3.0,15.0,0.7243412858443798,19.410852798092304,15.076729143871717,2.0,0.0,0,0,0,0.0
2024-01-05 11:30:00,3.0,15.0,0.7243412858443798,19.349046380241067,15.066773027276131,2.0,0.0,0,0,0,0.0
2024-01-05 11:45:00,3.0,15.0,0.7243412858443798,19.28786887129801,15.056264429707365,2.0,0.0,0,0,0,0.0
2024-01-05 12:00:00,3.0,15.0,0.7243412858443798,19.227602524087803,15.047364342762139,3.0,0.0,0,0,0,0.0
2024-01-05 12:15:00,3.0,15.0,0.7243412858443798,19.16830453784647,15.040351788352021,3.0,0.0,0,0,0,0.0
2024-01-05 12:30:00,3.0,15.0,0.7243412858443798,19.10963831662482,15.032768237315027,3.0,0.0,0,0,0,0.0
2024-01-05 12:45:00,3.0,15.0,0.7243412858443798,19.051589913308387,15.024630182343026,3.0,0.0,0,0,0,0.0
2024-01-05 13:00:00,3.0,15.0,0.7243412858443798,18.994143431140152,15.015953681611759,3.0,0.8000000000000003,1,0,1,0.7786111111111111
2024-01-05 13:15:00,3.0,15.0,0.7243412858443798,18.937285326015346,15.006754347537543,3.0,0.8000000000000003,0,0,1,0.0
2024-01-05 13:30:00,3.0,15.0,0.7243412858443798,18.881005327835705,14.997047414895436,3.0,0.8000000000000003,0,0,1,0.0
2024-01-05 13:45:00,1.0,16.666666666666668,0.7243412858443798,18.865816600012337,14.98687931270218,3.0,0.8000000000000003,0,0,1,0.0
2024-01-05 14:00:00,1.0,20.0,0.7243412858443798,19.497115984284132,14.981858464700332,4.0,0.8000000000000003,0,0,1,0.0
2024-01-05 14:15:00,3.0,18.333333333333332,0.7243412858443798,20.302082259897468,14.988504563495761,4.0,0.8000000000000003,0,0,1,0.0
2024-01-05 14:30:00,1.0,15.666666666666666,0.7243412858443798,20.451671290950056,15.001316702929849,4.0,0.8000000000000003,0,0,1,0.0
2024-01-05 14:45:00,3.0,17.233333333333334,0.7243412858443798,20.378504760123235,15.013754663622537,4.0,0.8000000000000003,0,0,1,0.0
2024-01-05 15:00:00,3.0,15.0,0.7243412858443798,20.30596771162534,15.025146789449776,4.0,0.8000000000000003,0,0,1,0.0
2024-01-05 15:15:00,3.0,15.0,0.7243412858443798,20.23398758044024,15.03551531311772,4.0,0.8000000000000003,0,0,1,0.0
2024-01-05 15:30:00,3.0,15.0,0.7243412858443798,20.162985337494526,15.044886348343685,4.0,0.8000000000000003,0,0,1,0.0
2024-01-05 15:45:00,3.0,15.0,0.7243412858443798,20.092938124262542,15.053287255921278,4.0,0.8000000000000003,0,0,1,0.0
2024-01-05 16:00:00,3.0,15.0,0.7243412858443798,20.023619045315733,15.059779277523385,3.55,0.8000000000000003,0,0,1,0.0
2024-01-05 16:15:00,3.0,16.0,0.7243412858443798,19.954965609230968,15.064268736908986,3.55,0.0,0,1,0,0.0
2024-01-05 16:30:00,3.0,15.0,0.7243412858443798,19.887184519248514,15.067893857989809,3.55,0.0,0,0,0,0.0
2024-01-05 16:45:00,3.0,15.0,0.7243412858443798,19.820255668829272,15.070678637589376,3.55,0.0,0,0,0,0.0
2024-01-05 17:00:00,1.0,17.666666666666668,0.7243412858443798,19.754102753106583,15.07231754230621,3.396667,0.0,0,0,0,0.0
2024-01-05 17:15:00,1.0,20.0,0.7243412858443798,19.688694420193592,15.072792792331448,3.396667,0.8000000000000002,1,0,1,0.793888888888889
2024-01-05 17:30:00,1.0,20.0,0.7243412858443798,19.62407470941313,15.072505850279423,3.396667,0.8000000000000002,0,0,1,0.0
2024-01-05 17:45:00,1.0,20.0,0.7243412858443798,19.560225658434558,15.071478100494808,3.396667,0.8000000000000002,0,0,1,0.0
2024-01-05 18:00:00,1.0,20.0,0.7243412858443798,19.610535176442088,15.0700499613628,3.463333,0.8000000000000002,0,0,1,0.0
2024-01-05 18:15:00,3.0,15.333333333333334,0.7243412858443798,19.97394964925017,15.07195348209257,3.463333,0.8000000000000002,0,0,1,0.0
2024-01-05 18:30:00,3.0,15.0,0.7243412858443798,19.90996823804355,15.075320058467709,3.463333,0.8000000000000002,0,0,1,0.0
2024-01-05 18:45:00,3.0,15.0,0.7243412858443798,19.842780194870485,15.077850584056705,3.463333,0.8000000000000002,0,0,1,0.0
2024-01-05 19:00:00,3.0,15.0,0.7243412858443798,19.776391155314116,15.079368624138384,3.371667,0.8000000000000002,0,0,1,0.0
2024-01-05 19:15:00,1.0,19.666666666666668,0.7243412858443798,19.710774703514776,15.079872694306449,3.371667,0.8000000000000002,0,0,1,0.0
2024-01-05 19:30:00,1.0,20.0,0.7243412858443798,19.645949688303393,15.079611707001073,3.371667,0.8000000000000002,0,0,1,0.0
2024-01-05 19:45:00,1.0,20.0,0.7243412858443798,19.58189808162144,15.0786071252257,3.371667,0.8000000000000002,0,0,1,0.0
2024-01-05 20:00:00,3.0,19.333333333333332,0.7243412858443798,19.5267464811573,15.077090374975931,3.468333,0.8000000000000002,0,0,1,0.0
2024-01-05 20:15:00,3.0,16.0,0.7243412858443798,19.536825601997247,15.075533199143045,3.468333,0.8000000000000002,0,0,1,0.0
2024-01-05 20:30:00,3.0,15.0,0.7243412858443798,19.574839048724396,15.074424449060377,3.468333,0.8000000000000002,0,0,1,0.0
2024-01-05 20:45:00,3.0,15.0,0.7243412858443798,19.511658404782246,15.073126388363299,3.468333,0.8000000000000002,0,0,1,0.0
2024-01-05 21:00:00,3.0,15.0,0.7243412858443798,19.449137907889344,15.070644929333628,3.246667,0.8000000000000002,0,0,1,0.0
2024-01-05 21:15:00,1.0,16.666666666666668,0.7243412858443798,19.427768808996966,15.06697299393336,3.246667,0.8000000000000002,0,0,1,0.0
2024-01-05 21:30:00,1.0,20.0,0.7243412858443798,20.052426064560716,15.066126412309465,3.246667,0.8000000000000002,0,0,1,0.0
2024-01-05 21:45:00,1.0,20.0,0.7243412858443798,20.466318978314312,15.072962598048424,3.246667,0.8000000000000002,0,0,1,0.0
2024-01-05 22:00:00,1.0,20.0,0.7243412858443798,20.39223034525263,15.080733956351073,3.143333,0.8000000000000002,0,0,1,0.0
2024-01-05 22:15:00,1.0,20.0,0.7243412858443798,20.319071373825828,15.087273248405134,3.143333,0.8000000000000002,0,0,1,0.0
2024-01-05 22:30:00,2.0,15.966666666666667,0.7243412858443798,20.246861613763397,15.092863183009216,3.143333,0.8000000000000002,0,0,1,0.0
2024-01-05 22:45:00,2.0,14.5,0.7243412858443798,20.17557908786269,15.097530014245873,3.143333,0.8000000000000002,0,0,1,0.0
2024-01-05 23:00:00,2.0,14.5,0.7243412858443798,20.105186966142124,15.101209942569941,3.101667,0.8000000000000002,0,0,1,0.0
2024-01-05 23:15:00,2.0,14.5,0.7243412858443798,20.035661041536056,15.103916865681615,3.101667,0.8000000000000002,0,0,1,0.0
2024-01-05 23:30:00,2.0,14.5,0.7243412858443798,19.96699799061871,15.105778121384022,3.101667,0.8000000000000002,0,0,1,0.0
2024-01-05 23:45:00,2.0,14.5,0.7243412858443798,19.89917802895004,15.106817296242655,3.101667,0.8000000000000002,0,0,1,0.0
2024-01-06 00:00:00,2.0,14.5,0.7243412858443798,19.83216091540482,15.106935813158554,3.045,0.8000000000000002,0,0,1,0.0
2024-01-06 00:15:00,2.0,14.5,0.7243412858443798,19.765923326492896,15.10614106956073,3.045,0.8000000000000002,0,0,1,0.0
2024-01-06 00:30:00,2.0,14.5,0.7243412858443798,19.70047009757943,15.104595040973264,3.045,0.0,0,1,0,0.0
2024-01-06 00:45:00,2.0,14.5,0.7243412858443798,19.635783439270106,15.10231888674469,3.045,0.0,0,0,0,0.0
2024-01-06 01:00:00,2.0,14.5,0.7243412858443798,19.571407145423002,15.096787725143194,1.8583329999999998,0.0,0,0,0,0.0
2024-01-06 01:15:00,2.0,14.5,0.7243412858443798,19.50722950743467,15.087707776416979,1.8583329999999998,0.0,0,0,0,0.0
2024-01-06 01:30:00,2.0,14.5,0.7243412858443798,19.44371896717011,15.07803386863643,1.8583329999999998,0.0,0,0,0,0.0
2024-01-06 01:45:00,2.0,14.5,0.7243412858443798,19.380860897759757,15.06778327225025,1.8583329999999998,0.0,0,0,0,0.0
2024-01-06 02:00:00,2.0,14.5,0.7243412858443798,19.31862809642492,15.056897732791061,1.823333,0.0,0,0,0,0.0
2024-01-06 02:15:00,2.0,14.5,0.7243412858443798,19.257003866976877,15.04538438076091,1.823333,0.0,0,0,0,0.0
2024-01-06 02:30:00,2.0,14.5,0.7243412858443798,19.195988961417022,15.03334575308896,1.823333,0.0,0,0,0,0.0
2024-01-06 02:45:00,2.0,14.5,0.7243412858443798,19.13557021234296,15.020797346540572,1.823333,0.0,0,0,0,0.0
2024-01-06 03:00:00,2.0,14.5,0.7243412858443798,19.075824775687966,15.00827622688338,2.066667,0.0,0,0,0,0.0
2024-01-06 03:15:00,2.0,14.5,0.7243412858443798,19.016759578105976,14.995861456934476,2.066667,0.0,0,0,0,0.0
2024-01-06 03:30:00,2.0,14.5,0.7243412858443798,18.95826298423196,14.982965463011627,2.066667,0.0,0,0,0,0.0
2024-01-06 03:45:00,2.0,14.5,0.7243412858443798,18.9003228066243,14.969602562002612,2.066667,0.0,0,0,0,0.0
2024-01-06 04:00:00,2.0,14.5,0.7243412858443798,18.842896344298087,14.955607941372245,1.9833329999999998,0.0,0,0,0,0.0
2024-01-06 04:15:00,1.0,18.166666666666668,0.7243412858443798,18.96808673581948,14.941351176270615,1.9833329999999998,0.0,0,0,0,0.0
2024-01-06 04:30:00,2.0,16.333333333333332,0.7243412858443798,19.47776670730352,14.931865864287342,1.9833329999999998,0.0,0,0,0,0.0
2024-01-06 04:45:00,2.0,14.5,0.7243412858443798,19.570021005658024,14.926021442863384,1.9833329999999998,0.0,0,0,0,0.0
2024-01-06 05:00:00,2.0,14.5,0.7243412858443798,19.504082357033994,14.920430247229813,2.066667,0.0,0,0,0,0.0
2024-01-06 05:15:00,1.0,18.533333333333335,0.7243412858443798,19.661439892435315,14.91489141108567,2.066667,0.0,0,0,0,0.0
2024-01-06 05:30:00,1.0,20.0,0.7243412858443798,20.376567167548675,14.915158400347066,2.066667,0.0,0,0,0,0.0
2024-01-06 05:45:00,1.0,20.0,0.7243412858443798,20.445531347954773,14.920563479906946,2.066667,0.0,0,0,0,0.0
2024-01-06 06:00:00,1.0,20.0,0.7243412858443798,20.36887004526788,14.924129797150924,1.491667,0.0,0,0,0,0.0
2024-01-06 06:15:00,1.0,20.0,0.7243412858443798,20.292919317958777,14.925351349178527,1.491667,0.0,0,0,0,0.0
2024-01-06 06:30:00,1.0,16.666666666666668,0.7243412858443798,20.217891805827218,14.925677064377657,1.491667,0.0,0,0,0,0.0
2024-01-06 06:45:00,1.0,20.0,0.7243412858443798,20.14376644112325,14.925132034159052,1.491667,0.0,0,0,0,0.0
2024-01-06 07:00:00,3.0,16.666666666666668,0.7243412858443798,20.070508693228703,14.923490540679143,1.375,0.0,0,0,0,0.0
2024-01-06 07:15:00,3.0,15.0,0.7243412858443798,19.998092908223008,14.920746017150071,1.375,0.0,0,0,0,0.0
2024-01-06 07:30:00,3.0,15.0,0.7243412858443798,19.926513681325854,14.917210370567924,1.375,0.0,0,0,0,0.0
2024-01-06 07:45:00,3.0,15.0,0.7243412858443798,19.85575215281579,14.912906004638673,1.375,0.0,0,0,0,0.0
2024-01-06 08:00:00,1.0,15.666666666666666,0.7243412858443798,19.785922468626154,14.907240624717884,1.088333,0.0,0,0,0,0.0
2024-01-06 08:15:00,1.0,20.0,0.7243412858443798,19.717013944095022,14.90016357824297,1.088333,0.0,0,0,0,0.0
2024-01-06 08:30:00,1.0,20.0,0.7243412858443798,19.64885155680923,14.892405710534511,1.088333,0.0,0,0,0,0.0
2024-01-06 08:45:00,3.0,18.333333333333332,0.7243412858443798,19.581418762600194,14.883986604092758,1.088333,0.0,0,0,0,0.0
2024-01-06 09:00:00,1.0,18.666666666666668,0.7243412858443798,19.53919328256485,14.875306576278069,1.26,0.0,0,0,0,0.0
2024-01-06 09:15:00,1.0,20.0,0.7243412858443798,20.1152963912888,14.8694205003707,1.26,0.0,0,0,0,0.0
2024-01-06 09:30:00,1.0,20.0,0.7243412858443798,20.464956540757022,14.870719385436386,1.26,0.0,0,0,0,0.0
2024-01-06 09:45:00,1.0,20.0,0.7243412858443798,20.387877012483784,14.872852564353652,1.26,0.0,0,0,0,0.0
2024-01-06 10:00:00,1.0,20.0,0.7243412858443798,20.311976198933333,14.87404153162658,1.25,0.0,0,0,0,0.0
2024-01-06 10:15:00,1.0,20.0,0.7243412858443798,20.237261391185463,14.874313310662142,1.25,0.6747222222222224,1,0,1,0.6625000000000001
2024-01-06 10:30:00,1.0,20.0,0.7243412858443798,20.163444383235788,14.873718821029595,1.25,0.7205555555555563,0,0,1,0.0
2024-01-06 10:45:00,1.0,20.0,0.7243412858443798,20.090504742146127,14.872282384297316,1.25,0.7663888888888901,0,0,1,0.0
2024-01-06 11:00:00,1.0,20.0,0.7243412858443798,20.01880907754351,14.871886986060657,2.116667,0.0,0,1,0,0.0
2024-01-06 11:15:00,1.0,20.0,0.7243412858443798,19.948415556191932,14.872786013308176,2.116667,0.0,0,0,0,0.0
2024-01-06 11:30:00,1.0,20.0,0.7243412858443798,19.878875094122044,14.872858509285281,2.116667,0.0,0,0,0,0.0
2024-01-06 11:45:00,1.0,20.0,0.7243412858443798,19.81016823828785,14.872127638854275,2.116667,0.0,0,0,0,0.0
2024-01-06 12:00:00,1.0,20.0,0.7243412858443798,19.742111796408153,14.871094204322398,2.3399999999999994,0.0,0,0,0,0.0
2024-01-06 12:15:00,1.0,20.0,0.7243412858443798,19.67467394591709,14.869835217104127,2.3399999999999994,0.0,0,0,0,0.0
2024-01-06 12:30:00,1.0,20.0,0.7243412858443798,19.60802964115852,14.867818582954866,2.3399999999999994,0.0,0,0,0,0.0
2024-01-06 12:45:00,1.0,20.0,0.7243412858443798,19.542160911633395,14.865065669745698,2.3399999999999994,0.7694444444444448,1,0,1,0.7388888888888889
2024-01-06 13:00:00,1.0,20.0,0.7243412858443798,19.792936714478014,14.865092591972202,3.55,0.8000000000000007,0,0,1,0.0
2024-01-06 13:15:00,2.0,18.166666666666668,0.7243412858443798,20.439112728526638,14.874496059481032,3.55,0.8000000000000007,0,0,1,0.0
2024-01-06 13:30:00,1.0,15.233333333333333,0.7243412858443798,20.42458830512067,14.887364482338988,3.55,0.8000000000000007,0,0,1,0.0
2024-01-06 13:45:00,1.0,20.0,0.7243412858443798,20.35016022033394,14.899264033172518,3.55,0.8000000000000007,0,0,1,0.0
2024-01-06 14:00:00,1.0,20.0,0.7243412858443798,20.277854958064886,14.909745280043019,3.376667,0.8000000000000007,0,0,1,0.0
2024-01-06 14:15:00,1.0,20.0,0.7243412858443798,20.207781545741266,14.91881016756245,3.376667,0.8000000000000007,0,0,1,0.0
2024-01-06 14:30:00,1.0,20.0,0.7243412858443798,20.138648618317237,14.926920577445186,3.376667,0.8000000000000007,0,0,1,0.0
2024-01-06 14:45:00,1.0,20.0,0.7243412858443798,20.070434245874072,14.934102745648712,3.376667,0.0,0,1,0,0.0
2024-01-06 15:00:00,1.0,20.0,0.7243412858443798,20.002008741587318,14.939256556918357,2.853333,0.0,0,0,0,0.0
2024-01-06 15:15:00,1.0,20.0,0.7243412858443798,19.93319389264519,14.942253515609831,2.853333,0.0,0,0,0,0.0
2024-01-06 15:30:00,1.0,20.0,0.7243412858443798,19.865236643108226,14.944408334081086,2.853333,0.0,0,0,0,0.0
2024-01-06 15:45:00,1.0,20.0,0.7243412858443798,19.79811731111842,14.94574448119446,2.853333,0.0,0,0,0,0.0
2024-01-06 16:00:00,1.0,20.0,0.7243412858443798,19.731159036791396,14.946493416021386,2.951667,0.8000000000000003,1,0,1,0.7847222222222223
2024-01-06 16:15:00,3.0,17.333333333333332,0.7243412858443798,19.664263294072434,14.946692054253466,2.951667,0.8000000000000003,0,0,1,0.0
2024-01-06 16:30:00,3.0,15.0,0.7243412858443798,19.59817089493818,14.946115801263236,2.951667,0.8000000000000003,0,0,1,0.0
2024-01-06 16:45:00,1.0,18.333333333333332,0.7243412858443798,19.532863558836468,14.944786415936164,2.951667,0.8000000000000003,0,0,1,0.0
2024-01-06 17:00:00,1.0,20.0,0.7243412858443798,19.892388743941815,14.942321042301776,2.096667,0.8000000000000003,0,0,1,0.0
2024-01-06 17:15:00,1.0,20.0,0.7243412858443798,20.463307795780114,14.944771789562166,2.096667,0.8000000000000003,0,0,1,0.0
2024-01-06 17:30:00,1.0,20.0,0.7243412858443798,20.411016513434813,14.94977380030491,2.096667,0.8000000000000003,0,0,1,0.0
2024-01-06 17:45:00,1.0,20.0,0.7243412858443798,20.335331648974456,14.953842044669395,2.096667,0.8000000000000003,0,0,1,0.0
2024-01-06 18:00:00,1.0,20.0,0.7243412858443798,20.260326187254105,14.955391419463167,1.36,0.8000000000000003,0,0,1,0.0
2024-01-06 18:15:00,1.0,20.0,0.7243412858443798,20.18591938431968,14.954253196331763,1.36,0.8000000000000003,0,0,1,0.0
2024-01-06 18:30:00,1.0,20.0,0.7243412858443798,20.112390934857117,14.95227498774639,1.36,0.8000000000000003,0,0,1,0.0
2024-01-06 18:45:00,3.0,18.666666666666668,0.7243412858443798,20.03972093254483,14.949480467245769,1.36,0.8000000000000003,0,0,1,0.0
2024-01-06 19:00:00,3.0,15.0,0.7243412858443798,19.967751287391863,14.945088292381536,0.985,0.8000000000000003,0,0,1,0.0
2024-01-06 19:15:00,3.0,15.0,0.7243412858443798,19.89643312615546,14.93902174641132,0.985,0.8000000000000003,0,0,1,0.0
2024-01-06 19:30:00,3.0,15.0,0.7243412858443798,19.82590125230579,14.932230292433918,0.985,0.8000000000000003,0,0,1,0.0
2024-01-06 19:45:00,3.0,15.0,0.7243412858443798,19.756138148147766,14.924734686817297,0.985,0.8000000000000003,0,0,1,0.0
2024-01-06 20:00:00,1.0,17.333333333333332,0.7243412858443798,19.68708050886323,14.916287014337373,0.86,0.8000000000000003,0,0,1,0.0
2024-01-06 20:15:00,1.0,20.0,0.7243412858443798,19.618701702313576,14.90687391060465,0.86,0.8000000000000003,0,0,1,0.0
2024-01-06 20:30:00,1.0,20.0,0.7243412858443798,19.551036582203913,14.896823755086663,0.86,0.8000000000000003,0,0,1,0.0
2024-01-06 20:45:00,1.0,20.0,0.7243412858443798,19.706602641198618,14.886674599235961,0.86,0.8000000000000003,0,0,1,0.0
2024-01-06 21:00:00,1.0,20.0,0.7243412858443798,20.391531761501952,14.882004145851562,0.713333,0.8000000000000003,0,0,1,0.0
2024-01-06 21:15:00,2.0,17.066666666666666,0.7243412858443798,20.426689589285463,14.881648336280723,0.713333,0.8000000000000003,0,0,1,0.0
2024-01-06 21:30:00,1.0,19.633333333333333,0.7243412858443798,20.348948996213007,14.880653074842714,0.713333,0.8000000000000003,0,0,1,0.0
2024-01-06 21:45:00,2.0,19.266666666666666,0.7243412858443798,20.272128278794877,14.878777065719934,0.713333,0.8000000000000003,0,0,1,0.0
2024-01-06 22:00:00,2.0,14.5,0.7243412858443798,20.196194250328762,14.875973616625636,0.68,0.8000000000000003,0,0,1,0.0
2024-01-06 22:15:00,1.0,15.233333333333333,0.7243412858443798,20.121123915673774,14.872258080413138,0.68,0.8000000000000003,0,0,1,0.0
2024-01-06 22:30:00,2.0,18.166666666666668,0.7243412858443798,20.04691107749036,14.867736452430314,0.68,0.8000000000000003,0,0,1,0.0
2024-01-06 22:45:00,2.0,14.5,0.7243412858443798,19.973536458019623,14.862431619227339,0.68,0.8000000000000003,0,0,1,0.0
2024-01-06 23:00:00,2.0,14.5,0.7243412858443798,19.901023180198656,14.856608984292961,0.793333,0.8000000000000003,0,0,1,0.0
2024-01-06 23:15:00,2.0,14.5,0.7243412858443798,19.829361981655204,14.850320242007085,0.793333,0.8000000000000003,0,0,1,0.0
2024-01-06 23:30:00,2.0,14.5,0.7243412858443798,19.75848869541413,14.84330621649045,0.793333,0.8000000000000003,0,0,1,0.0
2024-01-06 23:45:00,2.0,14.5,0.7243412858443798,19.68838578012747,14.83558768890442,0.793333,0.8000000000000003,0,0,1,0.0
2024-01-07 00:00:00,2.0,14.5,0.7243412858443798,19.619186534829616,14.828057235998175,1.2,0.8000000000000003,0,0,1,0.0
2024-01-07 00:15:00,2.0,14.5,0.7243412858443798,19.550906781466534,14.820842136962728,1.2,0.8000000000000003,0,0,1,0.0
2024-01-07 00:30:00,2.0,14.5,0.7243412858443798,19.483364092537855,14.812955695505869,1.2,0.8000000000000003,0,0,1,0.0
2024-01-07 00:45:00,2.0,14.5,0.7243412858443798,19.41654213846059,14.804417236661951,1.2,0.8000000000000003,0,0,1,0.0
2024-01-07 01:00:00,2.0,14.5,0.7243412858443798,19.3504749283674,14.79553517125939,1.335,0.8000000000000003,0,0,1,0.0
2024-01-07 01:15:00,2.0,14.5,0.7243412858443798,19.28515773081347,14.786363543353396,1.335,0.8000000000000003,0,0,1,0.0
2024-01-07 01:30:00,2.0,14.5,0.7243412858443798,19.220520253433833,14.776586288707565,1.335,0.8000000000000003,0,0,1,0.0
2024-01-07 01:45:00,2.0,14.5,0.7243412858443798,19.15654758780173,14.766221011470144,1.335,0.8000000000000003,0,0,1,0.0
2024-01-07 02:00:00,2.0,14.5,0.7243412858443798,19.093374365819773,14.756150041271097,1.738333,0.8000000000000003,0,0,1,0.0
2024-01-07 02:15:00,2.0,14.5,0.7243412858443798,19.03101864363265,14.746496759569435,1.738333,0.8000000000000003,0,0,1,0.0
2024-01-07 02:30:00,2.0,14.5,0.7243412858443798,18.96930179305012,14.736279778388019,1.738333,0.8000000000000003,0,0,1,0.0
2024-01-07 02:45:00,2.0,14.5,0.7243412858443798,18.908209863402018,14.725515554763303,1.738333,0.8000000000000003,0,0,1,0.0
2024-01-07 03:00:00,2.0,14.5,0.7243412858443798,18.84781000169045,14.714688463236907,1.956667,0.8000000000000003,0,0,1,0.0
2024-01-07 03:15:00,2.0,14.5,0.7243412858443798,18.788106393678007,14.703871866265773,1.956667,0.8000000000000003,0,0,1,0.0
2024-01-07 03:30:00,2.0,14.5,0.7243412858443798,18.728996895479256,14.692540917209904,1.956667,0.8000000000000003,0,0,1,0.0
2024-01-07 03:45:00,2.0,14.5,0.7243412858443798,18.670468643969368,14.680710761234776,1.956667,0.8000000000000003,0,0,1,0.0
2024-01-07 04:00:00,2.0,14.5,0.7243412858443798,18.612520810395097,14.668464077050393,1.988333,0.8000000000000003,0,0,1,0.0
2024-01-07 04:15:00,1.0,18.533333333333335,0.7243412858443798,18.777676858937415,14.656343159007815,1.988333,0.8000000000000003,0,0,1,0.0
2024-01-07 04:30:00,1.0,20.0,0.7243412858443798,19.585494090364794,14.650334551218005,1.988333,0.8000000000000003,0,0,1,0.0
2024-01-07 04:45:00,2.0,14.5,0.7243412858443798,19.999325399559567,14.652717776886242,1.988333,0.8000000000000003,0,0,1,0.0
2024-01-07 05:00:00,1.0,17.433333333333334,0.7243412858443798,19.925121820332887,14.656082224621924,1.873333,0.8000000000000003,0,0,1,0.0
2024-01-07 05:15:00,2.0,17.8,0.7243412858443798,19.85179501053566,14.658255858761063,1.873333,0.8000000000000003,0,0,1,0.0
2024-01-07 05:30:00,2.0,15.6,0.7243412858443798,19.779370632832112,14.659548576599203,1.873333,0.8000000000000003,0,0,1,0.0
2024-01-07 05:45:00,2.0,15.966666666666667,0.7243412858443798,19.707828035111596,14.659984989270981,1.873333,0.8000000000000003,0,0,1,0.0
2024-01-07 06:00:00,2.0,14.5,0.7243412858443798,19.636848757529737,14.657858710424275,1.066667,0.8000000000000003,0,0,1,0.0
2024-01-07 06:15:00,1.0,17.433333333333334,0.7243412858443798,19.566348732155394,14.652979743140587,1.066667,0.0,0,1,0,0.0
2024-01-07 06:30:00,1.0,19.266666666666666,0.7243412858443798,19.61001923069338,14.647542743191282,1.066667,0.0,0,0,0,0.0
2024-01-07 06:45:00,1.0,20.0,0.7243412858443798,20.294170608262203,14.646375740601504,1.066667,0.0,0,0,0,0.0
2024-01-07 07:00:00,1.0,20.0,0.7243412858443798,20.436826724564277,14.651393791627022,1.176667,0.0,0,0,0,0.0
2024-01-07 07:15:00,1.0,20.0,0.7243412858443798,20.356780048965383,14.656351789964704,1.176667,0.0,0,0,0,0.0
2024-01-07 07:30:00,1.0,20.0,0.7243412858443798,20.277747397789092,14.660306467877964,1.176667,0.0,0,0,0,0.0
2024-01-07 07:45:00,1.0,20.0,0.7243412858443798,20.199705414577064,14.663285697031883,1.176667,0.0,0,0,0,0.0
2024-01-07 08:00:00,1.0,20.0,0.7243412858443798,20.122786018316717,14.66562443359726,1.32,0.0,0,0,0,0.0
2024-01-07 08:15:00,1.0,20.0,0.7243412858443798,20.046991316574047,14.667388705286754,1.32,0.0,0,0,0,0.0
2024-01-07 08:30:00,1.0,20.0,0.7243412858443798,19.97212402676124,14.668250191013003,1.32,0.0,0,0,0,0.0
2024-01-07 08:45:00,1.0,20.0,0.7243412858443798,19.898162953207873,14.668234142623836,1.32,0.0,0,0,0,0.0
2024-01-07 09:00:00,1.0,20.0,0.7243412858443798,19.825226482824224,14.666726052759271,1.021667,0.0,0,0,0,0.0
2024-01-07 09:15:00,1.0,20.0,0.7243412858443798,19.7533021494765,14.663675064998218,1.021667,0.0,0,0,0,0.0
2024-01-07 09:30:00,1.0,20.0,0.7243412858443798,19.682205063807128,14.659843563827003,1.021667,0.0,0,0,0,0.0
2024-01-07 09:45:00,1.0,20.0,0.7243412858443798,19.611916596163717,14.655253674514858,1.021667,0.0,0,0,0,0.0
2024-01-07 10:00:00,1.0,20.0,0.7243412858443798,19.542467017252363,14.650448779274457,1.265,0.0,0,0,0,0.0
2024-01-07 10:15:00,1.0,20.0,0.7243412858443798,19.789276334288527,14.646413253521986,1.265,0.0,0,0,0,0.0
2024-01-07 10:30:00,1.0,20.0,0.7243412858443798,20.430949847371167,14.648821621014102,1.265,0.0,0,0,0,0.0
2024-01-07 10:45:00,1.0,20.0,0.7243412858443798,20.411898668529787,14.654755769987366,1.265,0.0,0,0,0,0.0
2024-01-07 11:00:00,1.0,20.0,0.7243412858443798,20.332990201690915,14.661185058102177,1.9199999999999997,0.0,0,0,0,0.0
2024-01-07 11:15:00,1.0,20.0,0.7243412858443798,20.255183893836367,14.668197134097063,1.9199999999999997,0.0,0,0,0,0.0
2024-01-07 11:30:00,1.0,20.0,0.7243412858443798,20.178387736163465,14.674198620786788,1.9199999999999997,0.0,0,0,0,0.0
2024-01-07 11:45:00,1.0,20.0,0.7243412858443798,20.10257833737584,14.679217462323498,1.9199999999999997,0.0,0,0,0,0.0
2024-01-07 12:00:00,1.0,20.0,0.7243412858443798,20.028034551101985,14.685029122948832,2.735,0.0,0,0,0,0.0
2024-01-07 12:15:00,1.0,20.0,0.7243412858443798,19.95479929913486,14.691875687167864,2.735,0.0,0,0,0,0.0
2024-01-07 12:30:00,1.0,20.0,0.7243412858443798,19.88251760602479,14.69776706055796,2.735,0.0,0,0,0,0.0
2024-01-07 12:45:00,1.0,20.0,0.7243412858443798,19.81116737731277,14.702729641390944,2.735,0.0,0,0,0,0.0
2024-01-07 13:00:00,1.0,20.0,0.7243412858443798,19.740957967141437,14.707665323298551,3.143333,0.0,0,0,0,0.0
2024-01-07 13:15:00,1.0,20.0,0.7243412858443798,19.671911100228996,14.712708468822635,3.143333,0.0,0,0,0,0.0
2024-01-07 13:30:00,1.0,20.0,0.7243412858443798,19.603747478856707,14.716873811757667,3.143333,0.0,0,0,0,0.0
2024-01-07 13:45:00,1.0,20.0,0.7243412858443798,19.536446715484328,14.720185691712913,3.143333,0.0,0,0,0,0.0
2024-01-07 14:00:00,1.0,20.0,0.7243412858443798,19.837924795284952,14.723719589730843,3.1,0.0,0,0,0,0.0
2024-01-07 14:15:00,1.0,20.0,0.7243412858443798,20.448882573838283,14.733798722814718,3.1,0.0,0,0,0,0.0
2024-01-07 14:30:00,1.0,20.0,0.7243412858443798,20.411872319369923,14.746795183956525,3.1,0.0,0,0,0,0.0
2024-01-07 14:45:00,1.0,20.0,0.7243412858443798,20.33531364230379,14.758748969301498,3.1,0.0,0,0,0,0.0
2024-01-07 15:00:00,3.0,17.0,0.7243412858443798,20.259150101691166,14.76715213249918,1.946667,0.0,0,0,0,0.0
2024-01-07 15:15:00,3.0,15.0,0.7243412858443798,20.18323604963398,14.77172534428905,1.946667,0.0,0,0,0,0.0
2024-01-07 15:30:00,1.0,18.0,0.7243412858443798,20.108282230663566,14.775349111361647,1.946667,0.0,0,0,0,0.0
2024-01-07 15:45:00,1.0,20.0,0.7243412858443798,20.034266534609092,14.778049816349599,1.946667,0.0,0,0,0,0.0
2024-01-07 16:00:00,1.0,20.0,0.7243412858443798,19.961247689479897,14.780625211937425,2.306667,0.0,0,0,0,0.0
2024-01-07 16:15:00,1.0,20.0,0.7243412858443798,19.889226773367188,14.783194687839682,2.306667,0.0,0,0,0,0.0
2024-01-07 16:30:00,1.0,20.0,0.7243412858443798,19.818097074157038,14.784891930605284,2.306667,0.0,0,0,0,0.0
2024-01-07 16:45:00,1.0,20.0,0.7243412858443798,19.747838171089008,14.785741282015481,2.306667,0.0,0,0,0,0.0
2024-01-07 17:00:00,1.0,20.0,0.7243412858443798,19.678478854162062,14.786048889883501,2.438333,0.0,0,0,0,0.0
2024-01-07 17:15:00,1.0,20.0,0.7243412858443798,19.610010241820977,14.785872680345644,2.438333,0.0,0,0,0,0.0
2024-01-07 17:30:00,1.0,20.0,0.7243412858443798,19.54235962010315,14.784909478230512,2.438333,0.0,0,0,0,0.0
2024-01-07 17:45:00,1.0,20.0,0.7243412858443798,19.790931916134674,14.784081106868165,2.438333,0.0,0,0,0,0.0
2024-01-07 18:00:00,1.0,20.0,0.7243412858443798,20.434185894386633,14.788521222946487,1.905,0.0,0,0,0,0.0
2024-01-07 18:15:00,1.0,20.0,0.7243412858443798,20.416489530244867,14.79517132947296,1.905,0.0,0,0,0,0.0
2024-01-07 18:30:00,1.0,20.0,0.7243412858443798,20.338857996952594,14.800916216782431,1.905,0.0,0,0,0,0.0
2024-01-07 18:45:00,1.0,20.0,0.7243412858443798,20.26222035908143,14.80567295884961,1.905,0.0,0,0,0,0.0
2024-01-07 19:00:00,1.0,20.0,0.7243412858443798,20.186331772217468,14.808181902950393,1.305,0.0,0,0,0,0.0
2024-01-07 19:15:00,1.0,20.0,0.7243412858443798,20.1111219355231,14.808311044148192,1.305,0.0,0,0,0,0.0
2024-01-07 19:30:00,1.0,20.0,0.7243412858443798,20.036814232870732,14.807570505589679,1.305,0.0,0,0,0,0.0
2024-01-07 19:45:00,1.0,20.0,0.7243412858443798,19.96338814129528,14.805984713830755,1.305,0.0,0,0,0,0.0
2024-01-07 20:00:00,1.0,20.0,0.7243412858443798,19.890842148142966,14.80368471887119,1.355,0.0,0,0,0,0.0
2024-01-07 20:15:00,1.0,20.0,0.7243412858443798,19.81916074937602,14.800706926831683,1.355,0.0,0,0,0,0.0
2024-01-07 20:30:00,1.0,20.0,0.7243412858443798,19.748304506987534,14.79695024383857,1.355,0.0,0,0,0,0.0
2024-01-07 20:45:00,1.0,20.0,0.7243412858443798,19.67825483450198,14.7924367448814,1.355,0.0,0,0,0,0.0
2024-01-07 21:00:00,1.0,20.0,0.7243412858443798,19.609190857816902,14.788331976232879,1.888333,0.0,0,0,0,0.0
2024-01-07 21:15:00,1.0,20.0,0.7243412858443798,19.541137526775675,14.78479794770033,1.888333,0.0,0,0,0,0.0
2024-01-07 21:30:00,1.0,20.0,0.7243412858443798,19.789283205444452,14.78143554780316,1.888333,0.0,0,0,0,0.0
2024-01-07 21:45:00,2.0,15.6,0.7243412858443798,20.347437699040594,14.784207233811095,1.888333,0.0,0,0,0,0.0
2024-01-07 22:00:00,2.0,14.5,0.7243412858443798,20.294674656470285,14.790095702043198,2.163333,0.0,0,0,0,0.0
2024-01-07 22:15:00,2.0,14.5,0.7243412858443798,20.218651887874802,14.795701639130762,2.163333,0.0,0,0,0,0.0
2024-01-07 22:30:00,2.0,14.5,0.7243412858443798,20.143602195744343,14.800340229167826,2.163333,0.0,0,0,0,0.0
2024-01-07 22:45:00,2.0,14.5,0.7243412858443798,20.069503116028596,14.804038291541737,2.163333,0.0,0,0,0,0.0
2024-01-07 23:00:00,2.0,14.5,0.7243412858443798,19.99605538016568,14.80521314471369,1.413333,0.0,0,0,0,0.0
2024-01-07 23:15:00,2.0,14.5,0.7243412858443798,19.92317772708768,14.803691876000899,1.413333,0.0,0,0,0,0.0
2024-01-07 23:30:00,2.0,14.5,0.7243412858443798,19.851155834034422,14.801354436591224,1.413333,0.0,0,0,0,0.0
2024-01-07 23:45:00,2.0,14.5,0.7243412858443798,19.77997033140319,14.798223855482645,1.413333,0.0,0,0,0,0.0
2024-01-08 00:00:00,2.0,14.5,0.7243412858443798,19.70922942610626,14.792159612787914,0.405,0.0,0,0,0,0.0
2024-01-08 00:15:00,2.0,14.5,0.7243412858443798,19.63883415564356,14.78291687030151,0.405,0.0,0,0,0,0.0
2024-01-08 00:30:00,2.0,14.5,0.7243412858443798,19.56917862410235,14.77301106837687,0.405,0.0,0,0,0,0.0
2024-01-08 00:45:00,2.0,14.5,0.7243412858443798,19.500246562438853,14.762461429373282,0.405,0.0,0,0,0,0.0
2024-01-08 01:00:00,2.0,14.5,0.7243412858443798,19.43200670151693,14.751197299080845,0.363333,0.0,0,0,0,0.0
2024-01-08 01:15:00,2.0,14.5,0.7243412858443798,19.364440252225172,14.739225897035231,0.363333,0.0,0,0,0,0.0
2024-01-08 01:30:00,2.0,14.5,0.7243412858443798,19.297549170065658,14.726668055766016,0.363333,0.0,0,0,0,0.0
2024-01-08 01:45:00,2.0,14.5,0.7243412858443798,19.23131881317615,14.71354101989067,0.363333,0.0,0,0,0,0.0
2024-01-08 02:00:00,2.0,14.5,0.7243412858443798,19.165811339627542,14.700304904222442,0.57,0.0,0,0,0,0.0
2024-01-08 02:15:00,2.0,14.5,0.7243412858443798,19.10102934559825,14.68703073219603,0.57,0.0,0,0,0,0.0
2024-01-08 02:30:00,2.0,14.5,0.7243412858443798,19.036874813529433,14.673223243089597,0.57,0.0,0,0,0,0.0
2024-01-08 02:45:00,2.0,14.5,0.7243412858443798,18.97333426893384,14.6588982725371,0.57,0.0,0,0,0,0.0
2024-01-08 03:00:00,2.0,14.5,0.7243412858443798,18.910498744856778,14.644675443492645,0.8516670000000001,0.0,0,0,0,0.0
2024-01-08 03:15:00,2.0,14.5,0.7243412858443798,18.848377938156446,14.630644278522592,0.8516670000000001,0.0,0,0,0,0.0
2024-01-08 03:30:00,2.0,14.5,0.7243412858443798,18.786844263901923,14.616122698349129,0.8516670000000001,0.0,0,0,0,0.0
2024-01-08 03:45:00,2.0,14.5,0.7243412858443798,18.72588521003853,14.60112538177063,0.8516670000000001,0.0,0,0,0,0.0
2024-01-08 04:00:00,2.0,14.5,0.7243412858443798,18.66555822978214,14.586070615829673,1.04,0.0,0,0,0,0.0
2024-01-08 04:15:00,2.0,18.9,0.7243412858443798,19.01808369315811,14.572448968003231,1.04,0.0,0,0,0,0.0
2024-01-08 04:30:00,2.0,14.5,0.7243412858443798,19.267756394845964,14.564209877073674,1.04,0.0,0,0,0,0.0
2024-01-08 04:45:00,2.0,14.5,0.7243412858443798,19.20060858609936,14.556460585715731,1.04,0.0,0,0,0,0.0
2024-01-08 05:00:00,2.0,14.5,0.7243412858443798,19.13395949917724,14.546792448631313,0.448333,0.0,0,0,0,0.0
2024-01-08 05:15:00,2.0,16.7,0.7243412858443798,19.20131791369216,14.535329314012397,0.448333,0.0,0,0,0,0.0
2024-01-08 05:30:00,2.0,14.5,0.7243412858443798,19.363575569455307,14.52627982337067,0.448333,0.0,0,0,0,0.0
2024-01-08 05:45:00,1.0,19.266666666666666,0.7243412858443798,19.609806541805025,14.518434260496313,0.448333,0.0,0,0,0,0.0
2024-01-08 06:00:00,1.0,19.633333333333333,0.7243412858443798,20.11760151750404,14.51678375539472,0.55,0.0,0,0,0,0.0
2024-01-08 06:15:00,3.0,18.0,0.7243412858443798,20.051388832215853,14.517483973180992,0.55,0.7786111111111114,1,0,1,0.6563888888888889
2024-01-08 06:30:00,3.0,15.0,0.7243412858443798,19.97394227272277,14.517281049724366,0.55,0.8000000000000005,0,0,1,0.0
2024-01-08 06:45:00,3.0,15.0,0.7243412858443798,19.897420922550868,14.516187997455114,0.55,0.8000000000000005,0,0,1,0.0
2024-01-08 07:00:00,3.0,15.0,0.7243412858443798,19.82185220098636,14.514462249886412,0.658333,0.8000000000000005,0,0,1,0.0
2024-01-08 07:15:00,3.0,15.0,0.7243412858443798,19.74722532572501,14.512156973636685,0.658333,0.0,0,1,0,0.0
2024-01-08 07:30:00,3.0,15.0,0.7243412858443798,19.67346639682913,14.50902798691033,0.658333,0.0,0,0,0,0.0
2024-01-08 07:45:00,3.0,15.0,0.7243412858443798,19.600555814493728,14.505098580829486,0.658333,0.8,1,0,1,0.7602777777777778
2024-01-08 08:00:00,3.0,15.0,0.7243412858443798,19.528733935169967,14.500495939255389,0.706667,0.8,0,0,1,0.0
2024-01-08 08:15:00,3.0,15.0,0.7243412858443798,19.45801651934966,14.495258905799737,0.706667,0.8,0,0,1,0.0
2024-01-08 08:30:00,3.0,15.0,0.7243412858443798,19.38808746694371,14.489290522066003,0.706667,0.8,0,0,1,0.0
2024-01-08 08:45:00,3.0,15.0,0.7243412858443798,19.31892916339829,14.482611672224243,0.706667,0.8,0,0,1,0.0
2024-01-08 09:00:00,1.0,15.333333333333334,0.7243412858443798,19.250694428646344,14.475075338357689,0.628333,0.8,0,0,1,0.0
2024-01-08 09:15:00,1.0,20.0,0.7243412858443798,19.66826318893259,14.468443034601169,0.628333,0.8,0,0,1,0.0
2024-01-08 09:30:00,3.0,18.666666666666668,0.7243412858443798,20.38994315313566,14.46973635360547,0.628333,0.8,0,0,1,0.0
2024-01-08 09:45:00,3.0,15.0,0.7243412858443798,20.42140455920317,14.475623748108108,0.628333,0.8,0,0,1,0.0
2024-01-08 10:00:00,3.0,15.0,0.7243412858443798,20.340047256114797,14.480753301809152,0.64,0.8,0,0,1,0.0
2024-01-08 10:15:00,1.0,17.0,0.7243412858443798,20.25968262348232,14.48488979722364,0.64,0.8,0,0,1,0.0
2024-01-08 10:30:00,1.0,20.0,0.7243412858443798,20.180326642167383,14.488032547525913,0.64,0.8,0,0,1,0.0
2024-01-08 10:45:00,1.0,20.0,0.7243412858443798,20.1019561270691,14.490209208038193,0.64,0.8,0,0,1,0.0
2024-01-08 11:00:00,1.0,20.0,0.7243412858443798,20.024415859529906,14.491992951363988,0.895,0.8,0,0,1,0.0
2024-01-08 11:15:00,3.0,18.0,0.7243412858443798,19.947675516275726,14.493473752914221,0.895,0.8,0,0,1,0.0
2024-01-08 11:30:00,3.0,15.0,0.7243412858443798,19.87187074169964,14.494045429592308,0.895,0.8,0,0,1,0.0
2024-01-08 11:45:00,1.0,16.0,0.7243412858443798,19.79698017160674,14.493733429527248,0.895,0.8,0,0,1,0.0
2024-01-08 12:00:00,1.0,20.0,0.7243412858443798,19.723103439833746,14.493227538303532,1.2050000000000003,0.8,0,0,1,0.0
2024-01-08 12:15:00,1.0,20.0,0.7243412858443798,19.65024574984524,14.492633994251799,1.2050000000000003,0.8,0,0,1,0.0
2024-01-08 12:30:00,3.0,15.0,0.7243412858443798,19.578253948775608,14.491209554258628,1.2050000000000003,0.8,0,0,1,0.0
2024-01-08 12:45:00,3.0,15.0,0.7243412858443798,19.50710838115666,14.488977601546505,1.2050000000000003,0.8,0,0,1,0.0
2024-01-08 13:00:00,3.0,15.0,0.7243412858443798,19.43696599957935,14.486711850644989,1.555,0.8,0,0,1,0.0
2024-01-08 13:15:00,3.0,15.0,0.7243412858443798,19.367841988193,14.484527828343257,1.555,0.8,0,0,1,0.0
2024-01-08 13:30:00,3.0,15.0,0.7243412858443798,19.299521377595923,14.48158162024369,1.555,0.8,0,0,1,0.0
2024-01-08 13:45:00,3.0,15.0,0.7243412858443798,19.23198602854283,14.477894781071834,1.555,0.8,0,0,1,0.0
2024-01-08 14:00:00,1.0,19.0,0.7243412858443798,19.432196098879903,14.474387983377152,1.651667,0.8,0,0,1,0.0
2024-01-08 14:15:00,1.0,20.0,0.7243412858443798,20.234217391785116,14.47747493750839,1.651667,0.8,0,0,1,0.0
2024-01-08 14:30:00,3.0,18.0,0.7243412858443798,20.469202261403122,14.487602749590222,1.651667,0.8,0,0,1,0.0
2024-01-08 14:45:00,3.0,15.0,0.7243412858443798,20.38774778060024,14.497754840281486,1.651667,0.8,0,0,1,0.0
2024-01-08 15:00:00,3.0,15.0,0.7243412858443798,20.307350878181232,14.507689649653836,2.065,0.8,0,0,1,0.0
2024-01-08 15:15:00,3.0,15.0,0.7243412858443798,20.22799593245399,14.517543830287407,2.065,0.0,0,1,0,0.0
2024-01-08 15:30:00,3.0,15.0,0.7243412858443798,20.149701445427823,14.526323740398862,2.065,0.0,0,0,0,0.0
2024-01-08 15:45:00,3.0,15.0,0.7243412858443798,20.072442711644648,14.53405893106738,2.065,0.0,0,0,0,0.0
2024-01-08 16:00:00,1.0,19.0,0.7243412858443798,19.996323083188674,14.54166473834333,2.478333,0.8000000000000002,1,0,1,0.7969444444444445
2024-01-08 16:15:00,1.0,20.0,0.7243412858443798,19.92134890036211,14.549278115618456,2.478333,0.8000000000000002,0,0,1,0.0
2024-01-08 16:30:00,1.0,20.0,0.7243412858443798,19.847357670982625,14.555903880752878,2.478333,0.8000000000000002,0,0,1,0.0
2024-01-08 16:45:00,1.0,20.0,0.7243412858443798,19.77432658623966,14.56156929375842,2.478333,0.0,0,1,0,0.0
2024-01-08 17:00:00,1.0,20.0,0.7243412858443798,19.70238319668396,14.567169669180425,2.883333,0.0,0,0,0,0.0
2024-01-08 17:15:00,1.0,20.0,0.7243412858443798,19.631538191122356,14.572837997968882,2.883333,0.0,0,0,0,0.0
2024-01-08 17:30:00,1.0,20.0,0.7243412858443798,19.56160495193485,14.577597703018919,2.883333,0.8000000000000002,1,0,1,0.793888888888889
2024-01-08 17:45:00,1.0,20.0,0.7243412858443798,19.63829857536673,14.581738697714005,2.883333,0.8000000000000002,0,0,1,0.0
2024-01-08 18:00:00,1.0,20.0,0.7243412858443798,20.330794464057522,14.590908659323324,3.075,0.8000000000000002,0,0,1,0.0
2024-01-08 18:15:00,1.0,20.0,0.7243412858443798,20.43369998717763,14.605917881332813,3.075,0.8000000000000002,0,0,1,0.0
2024-01-08 18:30:00,1.0,20.0,0.7243412858443798,20.3546833215918,14.620276598389784,3.075,0.8000000000000002,0,0,1,0.0
2024-01-08 18:45:00,1.0,20.0,0.7243412858443798,20.276773404881016,14.633492331127293,3.075,0.8000000000000002,0,0,1,0.0
2024-01-08 19:00:00,1.0,20.0,0.7243412858443798,20.200055158609278,14.646239796102227,3.375,0.8000000000000002,0,0,1,0.0
2024-01-08 19:15:00,3.0,17.0,0.7243412858443798,20.124527183328098,14.658628729722134,3.375,0.8000000000000002,0,0,1,0.0
2024-01-08 19:30:00,3.0,15.0,0.7243412858443798,20.050042163701505,14.669946677704823,3.375,0.8000000000000002,0,0,1,0.0
2024-01-08 19:45:00,3.0,15.0,0.7243412858443798,19.97657564059359,14.680222936265112,3.375,0.8000000000000002,0,0,1,0.0
2024-01-08 20:00:00,1.0,20.0,0.7243412858443798,19.904169728263376,14.689868585609183,3.553333,0.8000000000000002,0,0,1,0.0
2024-01-08 20:15:00,1.0,20.0,0.7243412858443798,19.83281543996854,14.698958599545454,3.553333,0.8000000000000002,0,0,1,0.0
2024-01-08 20:30:00,1.0,20.0,0.7243412858443798,19.762417256770885,14.707078954993074,3.553333,0.8000000000000002,0,0,1,0.0
2024-01-08 20:45:00,3.0,18.666666666666668,0.7243412858443798,19.692952892032274,14.714256312824723,3.553333,0.8000000000000002,0,0,1,0.0
2024-01-08 21:00:00,3.0,15.0,0.7243412858443798,19.62454177625967,14.721335352994485,3.935,0.8000000000000002,0,0,1,0.0
2024-01-08 21:15:00,3.0,15.0,0.7243412858443798,19.557193230713917,14.728442326951642,3.935,0.8000000000000002,0,0,1,0.0
2024-01-08 21:30:00,1.0,17.0,0.7243412858443798,19.55150296840531,14.734720944130016,3.935,0.8000000000000002,0,0,1,0.0
2024-01-08 21:45:00,1.0,20.0,0.7243412858443798,20.207709852467175,14.744111443526489,3.935,0.8000000000000002,0,0,1,0.0
2024-01-08 22:00:00,1.0,20.0,0.7243412858443798,20.499837203900128,14.760885293001497,4.148333,0.8000000000000002,0,0,1,0.0
2024-01-08 22:15:00,1.0,20.0,0.7243412858443798,20.42261904559448,14.778429962605575,4.148333,0.8000000000000002,0,0,1,0.0
2024-01-08 22:30:00,1.0,20.0,0.7243412858443798,20.34652170299989,14.794801035271965,4.148333,0.8000000000000002,0,0,1,0.0
2024-01-08 22:45:00,1.0,20.0,0.7243412858443798,20.271518637798987,14.81003035954729,4.148333,0.8000000000000002,0,0,1,0.0
2024-01-08 23:00:00,1.0,20.0,0.7243412858443798,20.197703564359756,14.824842541476581,4.471667,0.8000000000000002,0,0,1,0.0
2024-01-08 23:15:00,2.0,14.5,0.7243412858443798,20.125077106846597,14.83935332978699,4.471667,0.8000000000000002,0,0,1,0.0
2024-01-08 23:30:00,2.0,14.5,0.7243412858443798,20.053482570464897,14.852792397795584,4.471667,0.8000000000000002,0,0,1,0.0
2024-01-08 23:45:00,2.0,14.5,0.7243412858443798,19.982895620014563,14.865188926269552,4.471667,0.8000000000000002,0,0,1,0.0
2024-01-09 00:00:00,2.0,14.5,0.7243412858443798,19.913435538920382,14.877400774054705,4.858333,0.8000000000000002,0,0,1,0.0
2024-01-09 00:15:00,2.0,14.5,0.7243412858443798,19.8451101033078,14.889557907811511,4.858333,0.8000000000000002,0,0,1,0.0
2024-01-09 00:30:00,2.0,14.5,0.7243412858443798,19.777738777337024,14.900730879015487,4.858333,0.8000000000000002,0,0,1,0.0
2024-01-09 00:45:00,2.0,14.5,0.7243412858443798,19.711299136173924,14.910946559335418,4.858333,0.8000000000000002,0,0,1,0.0
2024-01-09 01:00:00,2.0,14.5,0.7243412858443798,19.645918489268826,14.921096311961348,5.261667,0.8000000000000002,0,0,1,0.0
2024-01-09 01:15:00,2.0,14.5,0.7243412858443798,19.581607758652474,14.931312319965555,5.261667,0.8000000000000002,0,0,1,0.0
2024-01-09 01:30:00,2.0,14.5,0.7243412858443798,19.51818136533031,14.940621770064707,5.261667,0.0,0,1,0,0.0
2024-01-09 01:45:00,2.0,14.5,0.7243412858443798,19.455618587326978,14.94904947801686,5.261667,0.0,0,0,0,0.0
2024-01-09 02:00:00,2.0,14.5,0.7243412858443798,19.393430158912814,14.953898943539064,3.993333,0.0,0,0,0,0.0
2024-01-09 02:15:00,2.0,14.5,0.7243412858443798,19.331495064275746,14.954858260085354,3.993333,0.0,0,0,0,0.0
2024-01-09 02:30:00,2.0,14.5,0.7243412858443798,19.270312407073977,14.955087647308803,3.993333,0.0,0,0,0,0.0
2024-01-09 02:45:00,2.0,14.5,0.7243412858443798,19.209865018872772,14.954607552041498,3.993333,0.0,0,0,0,0.0
2024-01-09 03:00:00,2.0,14.5,0.7243412858443798,19.149955564660996,14.952390380461287,3.505,0.0,0,0,0,0.0
2024-01-09 03:15:00,2.0,14.5,0.7243412858443798,19.090528718596605,14.948326378836663,3.505,0.0,0,0,0,0.0
2024-01-09 03:30:00,2.0,14.5,0.7243412858443798,19.03176813286041,14.943642361483874,3.505,0.0,0,0,0,0.0
2024-01-09 03:45:00,2.0,14.5,0.7243412858443798,18.97365889940987,14.938356009242424,3.505,0.0,0,0,0,0.0
2024-01-09 04:00:00,2.0,15.6,0.7243412858443798,18.940666888843467,14.933415991095954,3.933333,0.0,0,0,0,0.0
2024-01-09 04:15:00,1.0,15.6,0.7243412858443798,19.053208226781685,14.930185491783394,3.933333,0.0,0,0,0,0.0
2024-01-09 04:30:00,2.0,16.7,0.7243412858443798,19.443004471115735,14.929476870171522,3.933333,0.0,0,0,0,0.0
2024-01-09 04:45:00,2.0,14.5,0.7243412858443798,19.464487263548502,14.931936420341609,3.933333,0.0,0,0,0,0.0
2024-01-09 05:00:00,2.0,14.5,0.7243412858443798,19.40140529759639,14.933780083701759,3.926667,0.0,0,0,0,0.0
2024-01-09 05:15:00,1.0,18.166666666666668,0.7243412858443798,19.521217899018826,14.935228099726254,3.926667,0.0,0,0,0,0.0
2024-01-09 05:30:00,3.0,17.666666666666668,0.7243412858443798,20.21965520523798,14.94189006790113,3.926667,0.0,0,0,0,0.0
2024-01-09 05:45:00,3.0,15.0,0.7243412858443798,20.29228528340445,14.953582154702486,3.926667,0.0,0,0,0,0.0
2024-01-09 06:00:00,3.0,15.0,0.7243412858443798,20.219545533660696,14.964706366314834,3.9716670000000005,0.0,0,0,0,0.0
2024-01-09 06:15:00,3.0,15.0,0.7243412858443798,20.14782057258537,14.97492193926536,3.9716670000000005,0.0,0,0,0,0.0
2024-01-09 06:30:00,3.0,15.0,0.7243412858443798,20.077068734577242,14.984145433005402,3.9716670000000005,0.0,0,0,0,0.0
2024-01-09 06:45:00,3.0,15.0,0.7243412858443798,20.007267278628863,14.9924040661586,3.9716670000000005,0.0,0,0,0,0.0
2024-01-09 07:00:00,3.0,15.0,0.7243412858443798,19.938199643302518,14.998548164628868,3.423333,0.0,0,0,0,0.0
2024-01-09 07:15:00,3.0,15.0,0.7243412858443798,19.869801478163833,15.002458671873585,3.423333,0.0,0,0,0,0.0
2024-01-09 07:30:00,3.0,15.0,0.7243412858443798,19.80226613188647,15.005517118631818,3.423333,0.0,0,0,0,0.0
2024-01-09 07:45:00,1.0,20.0,0.7243412858443798,19.735573749239887,15.00774719389721,3.423333,0.0,0,0,0,0.0
2024-01-09 08:00:00,3.0,16.0,0.7243412858443798,19.669790428431934,15.008178955059797,2.96,0.0,0,0,0,0.0
2024-01-09 08:15:00,1.0,17.333333333333332,0.7243412858443798,19.604892733437406,15.006716544040618,2.96,0.0,0,0,0,0.0
2024-01-09 08:30:00,1.0,20.0,0.7243412858443798,19.540755890621107,15.004529067881208,2.96,0.0,0,0,0,0.0
2024-01-09 08:45:00,3.0,15.666666666666666,0.7243412858443798,19.47736268513643,15.001636992069768,2.96,0.0,0,0,0,0.0
2024-01-09 09:00:00,3.0,15.0,0.7243412858443798,19.41482220868659,14.997821282319059,2.848333,0.0,0,0,0,0.0
2024-01-09 09:15:00,3.0,15.0,0.7243412858443798,19.353130303408566,14.993074563646447,2.848333,0.0,0,0,0,0.0
2024-01-09 09:30:00,3.0,15.0,0.7243412858443798,19.292124154302893,14.987692706056638,2.848333,0.0,0,0,0,0.0
2024-01-09 09:45:00,1.0,15.333333333333334,0.7243412858443798,19.23178845083842,14.981693859083071,2.848333,0.0,0,0,0,0.0
2024-01-09 10:00:00,3.0,15.666666666666666,0.7243412858443798,19.341478842009565,14.976312182890773,3.015,0.0,0,0,0,0.0
2024-01-09 10:15:00,3.0,15.0,0.7243412858443798,19.2922821136783,14.97195665284294,3.015,0.0,0,0,0,0.0
2024-01-09 10:30:00,3.0,15.0,0.7243412858443798,19.231591231578683,14.966975774467825,3.015,0.0,0,0,0,0.0
2024-01-09 10:45:00,3.0,15.0,0.7243412858443798,19.17157150079635,14.961375079484624,3.015,0.0,0,0,0,0.0
2024-01-09 11:00:00,3.0,15.0,0.7243412858443798,19.11231626855169,14.956037345536,3.418333,0.0,0,0,0,0.0
2024-01-09 11:15:00,3.0,15.0,0.7243412858443798,19.053838010135856,14.951085856288936,3.418333,0.0,0,0,0,0.0
2024-01-09 11:30:00,3.0,15.0,0.7243412858443798,18.996004733753207,14.945539600818885,3.418333,0.0,0,0,0,0.0
2024-01-09 11:45:00,3.0,15.0,0.7243412858443798,18.93880206836452,14.939415607466724,3.418333,0.7602777777777779,1,0,1,0.793888888888889
2024-01-09 12:00:00,3.0,15.0,0.7243412858443798,18.882440565305703,14.933606620895402,3.826667,0.8000000000000006,0,0,1,0.0
2024-01-09 12:15:00,3.0,15.0,0.7243412858443798,18.826948483783283,14.928238004468088,3.826667,0.8000000000000006,0,0,1,0.0
2024-01-09 12:30:00,3.0,15.0,0.7243412858443798,18.77206096103581,14.922315793815658,3.826667,0.8000000000000006,0,0,1,0.0
2024-01-09 12:45:00,1.0,15.333333333333334,0.7243412858443798,18.71776457024667,14.915855887248787,3.826667,0.8000000000000006,0,0,1,0.0
2024-01-09 13:00:00,3.0,16.666666666666668,0.7243412858443798,18.967202961094912,14.911549689656619,4.429999999999999,0.8000000000000006,0,0,1,0.0
2024-01-09 13:15:00,3.0,15.0,0.7243412858443798,18.971532281417833,14.910876634240463,4.429999999999999,0.8000000000000006,0,0,1,0.0
2024-01-09 13:30:00,3.0,15.0,0.7243412858443798,18.915580818084763,14.90967049543252,4.429999999999999,0.8000000000000006,0,0,1,0.0
2024-01-09 13:45:00,3.0,15.0,0.7243412858443798,18.860285933520398,14.9078383612285,4.429999999999999,0.8000000000000006,0,0,1,0.0
2024-01-09 14:00:00,3.0,15.0,0.7243412858443798,18.806580241671263,14.905808418055967,4.62,0.0,0,1,0,0.0
2024-01-09 14:15:00,3.0,15.0,0.7243412858443798,18.75457526260706,14.903662493995819,4.62,0.0,0,0,0,0.0
2024-01-09 14:30:00,3.0,15.0,0.7243412858443798,18.70316909762946,14.900951249945166,4.62,0.0,0,0,0,0.0
2024-01-09 14:45:00,3.0,15.0,0.7243412858443798,18.652348257674976,14.897690706972764,4.62,0.0,0,0,0,0.0
2024-01-09 15:00:00,3.0,15.0,0.7243412858443798,18.60121697560037,14.893868486112126,4.608333,0.0,0,0,0,0.0
2024-01-09 15:15:00,3.0,16.0,0.7243412858443798,18.707063742484788,14.890219906826612,4.608333,0.8000000000000002,1,0,1,0.7480555555555556
2024-01-09 15:30:00,3.0,15.0,0.7243412858443798,18.678264649834794,14.88736349044677,4.608333,0.8000000000000002,0,0,1,0.0
2024-01-09 15:45:00,1.0,16.333333333333332,0.7243412858443798,18.650024807854994,14.883983626414652,4.608333,0.8000000000000002,0,0,1,0.0
2024-01-09 16:00:00,1.0,20.0,0.7243412858443798,19.239027497792453,14.881400481557016,3.838333,0.0,0,1,0,0.0
2024-01-09 16:15:00,1.0,20.0,0.7243412858443798,20.08545181410108,14.885974206628036,3.838333,0.0,0,0,0,0.0
2024-01-09 16:30:00,1.0,20.0,0.7243412858443798,20.49740923509125,14.898808305440987,3.838333,0.0,0,0,0,0.0
2024-01-09 16:45:00,1.0,20.0,0.7243412858443798,20.42151353511026,14.912680218868518,3.838333,0.8,1,0,1,0.793888888888889
2024-01-09 17:00:00,1.0,20.0,0.7243412858443798,20.346402545458947,14.923833463248748,3.083333,0.8,0,0,1,0.0
2024-01-09 17:15:00,1.0,20.0,0.7243412858443798,20.271990921764868,14.932098341301131,3.083333,0.8,0,0,1,0.0
2024-01-09 17:30:00,1.0,20.0,0.7243412858443798,20.19856279544859,14.939371594102985,3.083333,0.8,0,0,1,0.0
2024-01-09 17:45:00,1.0,20.0,0.7243412858443798,20.126095306336317,14.945680552634723,3.083333,0.8,0,0,1,0.0
2024-01-09 18:00:00,3.0,18.666666666666668,0.7243412858443798,20.054271541669905,14.949342931865313,2.286667,0.8,0,0,1,0.0
2024-01-09 18:15:00,3.0,15.0,0.7243412858443798,19.983006136611227,14.950173962751439,2.286667,0.8,0,0,1,0.0
2024-01-09 18:30:00,3.0,15.0,0.7243412858443798,19.912603472349645,14.95016950072671,2.286667,0.8,0,0,1,0.0
2024-01-09 18:45:00,3.0,15.0,0.7243412858443798,19.84304387974362,14.94935296680401,2.286667,0.8,0,0,1,0.0
2024-01-09 19:00:00,3.0,15.0,0.7243412858443798,19.774435162140684,14.94848365403275,2.63,0.8,0,0,1,0.0
2024-01-09 19:15:00,1.0,17.333333333333332,0.7243412858443798,19.70678606229061,14.947674597816711,2.63,0.8,0,0,1,0.0
2024-01-09 19:30:00,1.0,20.0,0.7243412858443798,19.63993806632383,14.946098204576856,2.63,0.8,0,0,1,0.0
2024-01-09 19:45:00,1.0,20.0,0.7243412858443798,19.573873004933596,14.943776085583465,2.63,0.8,0,0,1,0.0
2024-01-09 20:00:00,3.0,17.666666666666668,0.7243412858443798,19.508523857245898,14.940443284270957,2.496667,0.8,0,0,1,0.0
2024-01-09 20:15:00,3.0,15.0,0.7243412858443798,19.443862708028984,14.936085045111469,2.496667,0.8,0,0,1,0.0
2024-01-09 20:30:00,3.0,15.0,0.7243412858443798,19.379927215301063,14.93105115218962,2.496667,0.8,0,0,1,0.0
2024-01-09 20:45:00,1.0,19.333333333333332,0.7243412858443798,19.632124656242983,14.926260568841785,2.496667,0.8,0,0,1,0.0
2024-01-09 21:00:00,2.0,16.333333333333332,0.7243412858443798,20.278858144959333,14.926508101844997,1.806667,0.8,0,0,1,0.0
2024-01-09 21:15:00,2.0,14.5,0.7243412858443798,20.26448537157323,14.92869110205797,1.806667,0.8,0,0,1,0.0
2024-01-09 21:30:00,2.0,14.5,0.7243412858443798,20.190087703685318,14.930079235687717,1.806667,0.8,0,0,1,0.0
2024-01-09 21:45:00,2.0,14.5,0.7243412858443798,20.116596513658713,14.930586762707302,1.806667,0.8,0,0,1,0.0
2024-01-09 22:00:00,2.0,14.5,0.7243412858443798,20.043766123613516,14.928933411285994,1.198333,0.8,0,0,1,0.0
2024-01-09 22:15:00,2.0,14.5,0.7243412858443798,19.971527758013206,14.924982300362608,1.198333,0.8,0,0,1,0.0
2024-01-09 22:30:00,2.0,18.9,0.7243412858443798,19.900110341348476,14.920261564026399,1.198333,0.8,0,0,1,0.0
2024-01-09 22:45:00,1.0,14.866666666666667,0.7243412858443798,19.829495441079768,14.91479307936452,1.198333,0.8,0,0,1,0.0
2024-01-09 23:00:00,2.0,18.533333333333335,0.7243412858443798,19.75950914473789,14.907693651169591,0.776667,0.8,0,0,1,0.0
2024-01-09 23:15:00,1.0,19.266666666666666,0.7243412858443798,19.69010025007451,14.89887251434638,0.776667,0.8,0,0,1,0.0
2024-01-09 23:30:00,1.0,20.0,0.7243412858443798,19.621423993522804,14.889392900056604,0.776667,0.8,0,0,1,0.0
2024-01-09 23:45:00,2.0,17.433333333333334,0.7243412858443798,19.553464242282896,14.879273874882355,0.776667,0.8,0,0,1,0.0
2024-01-10 00:00:00,2.0,14.5,0.7243412858443798,19.486114044732407,14.868004891672104,0.53,0.8,0,0,1,0.0
2024-01-10 00:15:00,2.0,14.5,0.7243412858443798,19.419338363218348,14.855538801984304,0.53,0.8,0,0,1,0.0
2024-01-10 00:30:00,2.0,14.5,0.7243412858443798,19.353223050357762,14.842503369821365,0.53,0.8,0,0,1,0.0
2024-01-10 00:45:00,2.0,14.5,0.7243412858443798,19.28775383497379,14.828915391171991,0.53,0.8,0,0,1,0.0
2024-01-10 01:00:00,2.0,14.5,0.7243412858443798,19.22282927770749,14.814283557162407,0.293333,0.8,0,0,1,0.0
2024-01-10 01:15:00,2.0,14.5,0.7243412858443798,19.158416907342414,14.798561208319466,0.293333,0.8,0,0,1,0.0
2024-01-10 01:30:00,2.0,14.5,0.7243412858443798,19.094600212360934,14.78234927248635,0.293333,0.8,0,0,1,0.0
2024-01-10 01:45:00,2.0,14.5,0.7243412858443798,19.03136658765652,14.765662513658826,0.293333,0.8,0,0,1,0.0
2024-01-10 02:00:00,2.0,14.5,0.7243412858443798,18.96882763746489,14.74923391396916,0.628333,0.8,0,0,1,0.0
2024-01-10 02:15:00,2.0,14.5,0.7243412858443798,18.906998144772082,14.733166084251975,0.628333,0.8,0,0,1,0.0
2024-01-10 02:30:00,2.0,14.5,0.7243412858443798,18.845729534694165,14.716644032219063,0.628333,0.8,0,0,1,0.0
2024-01-10 02:45:00,2.0,14.5,0.7243412858443798,18.785010014017303,14.6996815504055,0.628333,0.8,0,0,1,0.0
2024-01-10 03:00:00,2.0,14.5,0.7243412858443798,18.72487308113067,14.682553058316412,0.75,0.8,0,0,1,0.0
2024-01-10 03:15:00,2.0,14.5,0.7243412858443798,18.665317246402356,14.665303820488964,0.75,0.8,0,0,1,0.0
2024-01-10 03:30:00,2.0,14.5,0.7243412858443798,18.606281862577838,14.647645633653026,0.75,0.8,0,0,1,0.0
2024-01-10 03:45:00,2.0,14.5,0.7243412858443798,18.547756126602096,14.629591094100142,0.75,0.8,0,0,1,0.0
2024-01-10 04:00:00,2.0,14.5,0.7243412858443798,18.489641362631808,14.610641227266418,0.511667,0.8,0,0,1,0.0
2024-01-10 04:15:00,1.0,17.066666666666666,0.7243412858443798,18.52908525433074,14.59090258771493,0.511667,0.8,0,0,1,0.0
2024-01-10 04:30:00,2.0,15.233333333333333,0.7243412858443798,18.90591428396117,14.574456331809726,0.511667,0.8,0,0,1,0.0
2024-01-10 04:45:00,2.0,14.5,0.7243412858443798,18.85482627142479,14.560073417114376,0.511667,0.8,0,0,1,0.0
2024-01-10 05:00:00,2.0,14.5,0.7243412858443798,18.792086272869525,14.544808145193734,0.326667,0.8,0,0,1,0.0
2024-01-10 05:15:00,1.0,18.533333333333335,0.7243412858443798,18.952380605673945,14.5291333805635,0.326667,0.8,0,0,1,0.0
2024-01-10 05:30:00,3.0,18.333333333333332,0.7243412858443798,19.714828867721533,14.51954055592615,0.326667,0.8,0,0,1,0.0
2024-01-10 05:45:00,3.0,15.0,0.7243412858443798,19.862364478100734,14.516291304320367,0.326667,0.8,0,0,1,0.0
2024-01-10 06:00:00,3.0,15.0,0.7243412858443798,19.78693784423985,14.512602795442596,0.186667,0.8,0,0,1,0.0
2024-01-10 06:15:00,3.0,15.0,0.7243412858443798,19.71231305055657,14.507762065433022,0.186667,0.8,0,0,1,0.0
2024-01-10 06:30:00,3.0,15.0,0.7243412858443798,19.63852784285706,14.502138522144215,0.186667,0.8,0,0,1,0.0
2024-01-10 06:45:00,3.0,15.0,0.7243412858443798,19.565563418026418,14.495754470251761,0.186667,0.8,0,0,1,0.0
2024-01-10 07:00:00,1.0,15.333333333333334,0.7243412858443798,19.493311627866902,14.488013188905306,-0.10167,0.8,0,0,1,0.0
2024-01-10 07:15:00,3.0,16.666666666666668,0.7243412858443798,19.72449010030838,14.48024098157371,-0.10167,0.8,0,0,1,0.0
2024-01-10 07:30:00,3.0,15.0,0.7243412858443798,19.710278197028835,14.474473623896262,-0.10167,0.8,0,0,1,0.0
2024-01-10 07:45:00,3.0,15.0,0.7243412858443798,19.635950621953977,14.468041420391248,-0.10167,0.8,0,0,1,0.0
2024-01-10 08:00:00,3.0,15.0,0.7243412858443798,19.563819870171667,14.458855649155257,-1.03667,0.8,0,0,1,0.0
2024-01-10 08:15:00,1.0,17.666666666666668,0.7243412858443798,19.607391634450025,14.446895424312073,-1.03667,0.8,0,0,1,0.0
2024-01-10 08:30:00,1.0,20.0,0.7243412858443798,20.307576326342687,14.439328156956346,-1.03667,0.8,0,0,1,0.0
2024-01-10 08:45:00,3.0,18.333333333333332,0.7243412858443798,20.494041935483928,14.438289373874749,-1.03667,0.8,0,0,1,0.0
2024-01-10 09:00:00,3.0,15.0,0.7243412858443798,20.41158089775555,14.436842538401818,-1.20833,0.8,0,0,1,0.0
2024-01-10 09:15:00,3.0,15.0,0.7243412858443798,20.328630218389335,14.434038879017075,-1.20833,0.8,0,0,1,0.0
2024-01-10 09:30:00,3.0,15.0,0.7243412858443798,20.246641599032053,14.430323522535076,-1.20833,0.8,0,0,1,0.0
2024-01-10 09:45:00,3.0,15.0,0.7243412858443798,20.16559332949002,14.425722264146753,-1.20833,0.8,0,0,1,0.0
2024-01-10 10:00:00,1.0,17.333333333333332,0.7243412858443798,20.085532811823928,14.420685650211924,-1.01,0.8,0,0,1,0.0
2024-01-10 10:15:00,1.0,20.0,0.7243412858443798,20.006454659139134,14.415290538194206,-1.01,0.8,0,0,1,0.0
2024-01-10 10:30:00,3.0,15.666666666666666,0.7243412858443798,19.92826322894749,14.409070177298737,-1.01,0.8,0,0,1,0.0
2024-01-10 10:45:00,3.0,15.0,0.7243412858443798,19.850938679393927,14.40204810004342,-1.01,0.8,0,0,1,0.0
2024-01-10 11:00:00,3.0,15.0,0.7243412858443798,19.77427895722859,14.394457418139734,-0.9116699999999999,0.8,0,0,1,0.0
2024-01-10 11:15:00,3.0,15.0,0.7243412858443798,19.69824538723068,14.386342882614635,-0.9116699999999999,0.8,0,0,1,0.0
2024-01-10 11:30:00,1.0,18.333333333333332,0.7243412858443798,19.623031687259736,14.37748205849473,-0.9116699999999999,0.8,0,0,1,0.0
2024-01-10 11:45:00,3.0,16.666666666666668,0.7243412858443798,19.54861969850198,14.367896434216323,-0.9116699999999999,0.8,0,0,1,0.0
2024-01-10 12:00:00,3.0,15.0,0.7243412858443798,19.47504261507221,14.358168090631068,-0.65,0.8,0,0,1,0.0
2024-01-10 12:15:00,1.0,15.666666666666666,0.7243412858443798,19.40635413768162,14.348385876167997,-0.65,0.8,0,0,1,0.0
2024-01-10 12:30:00,1.0,20.0,0.7243412858443798,19.875641326413145,14.340057310438937,-0.65,0.8,0,0,1,0.0
2024-01-10 12:45:00,3.0,17.333333333333332,0.7243412858443798,20.48280854369733,14.339606187244152,-0.65,0.8,0,0,1,0.0
2024-01-10 13:00:00,3.0,15.0,0.7243412858443798,20.43820247155539,14.343288297272037,-0.12167,0.8,0,0,1,0.0
2024-01-10 13:15:00,3.0,15.0,0.7243412858443798,20.354355597195653,14.347280003568653,-0.12167,0.8,0,0,1,0.0
2024-01-10 13:30:00,3.0,15.0,0.7243412858443798,20.271557458333536,14.350240128762294,-0.12167,0.8,0,0,1,0.0
2024-01-10 13:45:00,3.0,15.0,0.7243412858443798,20.18978396698844,14.352197400515253,-0.12167,0.8,0,0,1,0.0
2024-01-10 14:00:00,3.0,15.0,0.7243412858443798,20.1108816186338,14.354415245371335,0.451667,0.8,0,0,1,0.0
2024-01-10 14:15:00,3.0,15.0,0.7243412858443798,20.035082794069016,14.357099721036827,0.451667,0.8,0,0,1,0.0
2024-01-10 14:30:00,3.0,16.0,0.7243412858443798,19.960221714725105,14.358866528885136,0.451667,0.8,0,0,1,0.0
2024-01-10 14:45:00,3.0,15.0,0.7243412858443798,19.88627689486818,14.359741279871097,0.451667,0.8,0,0,1,0.0
2024-01-10 15:00:00,3.0,15.0,0.7243412858443798,19.812268498583556,14.360835474257275,0.9599999999999999,0.8,0,0,1,0.0
2024-01-10 15:15:00,3.0,15.0,0.7243412858443798,19.738071830337336,14.362289084628754,0.9599999999999999,0.0,0,1,0,0.0
2024-01-10 15:30:00,3.0,15.0,0.7243412858443798,19.66477996458804,14.362863351532898,0.9599999999999999,0.0,0,0,0,0.0
2024-01-10 15:45:00,1.0,16.666666666666668,0.7243412858443798,19.592372238415287,14.362582888093474,0.9599999999999999,0.0,0,0,0,0.0
2024-01-10 16:00:00,1.0,20.0,0.7243412858443798,19.532120307520604,14.36131825107002,0.888333,0.0,0,0,0,0.0
2024-01-10 16:15:00,1.0,20.0,0.7243412858443798,20.05312389099014,14.36160826935199,0.888333,0.7388888888888892,1,0,1,0.7969444444444445
2024-01-10 16:30:00,1.0,20.0,0.7243412858443798,20.51373409991392,14.369282388492751,0.888333,0.784722222222223,0,0,1,0.0
2024-01-10 16:45:00,1.0,20.0,0.7243412858443798,20.43337552314868,14.378397000214841,0.888333,0.8000000000000009,0,0,1,0.0
2024-01-10 17:00:00,1.0,20.0,0.7243412858443798,20.34983645461127,14.385035427528642,0.255,0.8000000000000009,0,0,1,0.0
2024-01-10 17:15:00,1.0,16.0,0.7243412858443798,20.2670995667824,14.38905789971608,0.255,0.8000000000000009,0,0,1,0.0
2024-01-10 17:30:00,1.0,20.0,0.7243412858443798,20.185398465410312,14.392061099302817,0.255,0.8000000000000009,0,0,1,0.0
2024-01-10 17:45:00,1.0,20.0,0.7243412858443798,20.10470935514435,14.39407340615376,0.255,0.8000000000000009,0,0,1,0.0
2024-01-10 18:00:00,1.0,20.0,0.7243412858443798,20.024838920498674,14.394135731678302,-0.205,0.8000000000000009,0,0,1,0.0
2024-01-10 18:15:00,1.0,20.0,0.7243412858443798,19.945727804074714,14.392153345515368,-0.205,0.8000000000000009,0,0,1,0.0
2024-01-10 18:30:00,1.0,20.0,0.7243412858443798,19.867541944485033,14.389290314825917,-0.205,0.8000000000000009,0,0,1,0.0
2024-01-10 18:45:00,1.0,20.0,0.7243412858443798,19.790260419313917,14.385571509662704,-0.205,0.8000000000000009,0,0,1,0.0
2024-01-10 19:00:00,1.0,20.0,0.7243412858443798,19.713774075203293,14.380506338780918,-0.445,0.8000000000000009,0,0,1,0.0
2024-01-10 19:15:00,1.0,20.0,0.7243412858443798,19.638043858839968,14.374054926752438,-0.445,0.8000000000000009,0,0,1,0.0
2024-01-10 19:30:00,1.0,20.0,0.7243412858443798,19.563148466187986,14.366833914878463,-0.445,0.8000000000000009,0,0,1,0.0
2024-01-10 19:45:00,3.0,16.666666666666668,0.7243412858443798,19.489069298833282,14.358865339889196,-0.445,0.8000000000000009,0,0,1,0.0
2024-01-10 20:00:00,3.0,15.0,0.7243412858443798,19.415705633006567,14.349691608172469,-0.66833,0.8000000000000009,0,0,1,0.0
2024-01-10 20:15:00,1.0,17.666666666666668,0.7243412858443798,19.45640271601246,14.33945114524838,-0.66833,0.8000000000000009,0,0,1,0.0
2024-01-10 20:30:00,1.0,20.0,0.7243412858443798,20.174032517711293,14.333555391576388,-0.66833,0.8000000000000009,0,0,1,0.0
2024-01-10 20:45:00,1.0,20.0,0.7243412858443798,20.458213316088823,14.334995476884606,-0.66833,0.8000000000000009,0,0,1,0.0
2024-01-10 21:00:00,1.0,20.0,0.7243412858443798,20.37279865270882,14.336365896570184,-0.89,0.8000000000000009,0,0,1,0.0
2024-01-10 21:15:00,1.0,20.0,0.7243412858443798,20.288326847386966,14.336188057800443,-0.89,0.8000000000000009,0,0,1,0.0
2024-01-10 21:30:00,2.0,16.333333333333332,0.7243412858443798,20.204864663994996,14.335038644726588,-0.89,0.8000000000000009,0,0,1,0.0
2024-01-10 21:45:00,2.0,14.5,0.7243412858443798,20.122389153582404,14.332944966459502,-0.89,0.8000000000000009,0,0,1,0.0
2024-01-10 22:00:00,2.0,14.5,0.7243412858443798,20.040739260596972,14.329129222416325,-1.265,0.8000000000000009,0,0,1,0.0
2024-01-10 22:15:00,2.0,14.5,0.7243412858443798,19.959863221332206,14.323518146413145,-1.265,0.8000000000000009,0,0,1,0.0
2024-01-10 22:30:00,2.0,14.5,0.7243412858443798,19.879893021972226,14.317064563138448,-1.265,0.8000000000000009,0,0,1,0.0
2024-01-10 22:45:00,2.0,14.5,0.7243412858443798,19.80080839884297,14.309792503859486,-1.265,0.8000000000000009,0,0,1,0.0
2024-01-10 23:00:00,2.0,14.5,0.7243412858443798,19.722494061062708,14.30117124036402,-1.52333,0.8000000000000009,0,0,1,0.0
2024-01-10 23:15:00,2.0,14.5,0.7243412858443798,19.644910115532685,14.29115525205564,-1.52333,0.8000000000000009,0,0,1,0.0
2024-01-10 23:30:00,2.0,14.5,0.7243412858443798,19.56814335681633,14.280405743161031,-1.52333,0.8000000000000009,0,0,1,0.0
2024-01-10 23:45:00,2.0,14.5,0.7243412858443798,19.492175800924592,14.268943965335053,-1.52333,0.8000000000000009,0,0,1,0.0
2024-01-11 00:00:00,2.0,14.5,0.7243412858443798,19.416861707424122,14.256046985558596,-1.87,0.8000000000000009,0,0,1,0.0
2024-01-11 00:15:00,2.0,14.5,0.7243412858443798,19.342156289890855,14.24164327905197,-1.87,0.8000000000000009,0,0,1,0.0
2024-01-11 00:30:00,2.0,14.5,0.7243412858443798,19.268184550977384,14.22660999069488,-1.87,0.8000000000000009,0,0,1,0.0
2024-01-11 00:45:00,2.0,14.5,0.7243412858443798,19.194930668351567,14.210965733256044,-1.87,0.8000000000000009,0,0,1,0.0
2024-01-11 01:00:00,2.0,14.5,0.7243412858443798,19.122398326343852,14.194839473177568,-1.81833,0.8000000000000009,0,0,1,0.0
2024-01-11 01:15:00,2.0,14.5,0.7243412858443798,19.050576615543893,14.178262536600135,-1.81833,0.0,0,1,0,0.0
2024-01-11 01:30:00,2.0,14.5,0.7243412858443798,18.97942976159074,14.16112431764085,-1.81833,0.0,0,0,0,0.0
2024-01-11 01:45:00,2.0,14.5,0.7243412858443798,18.908943409878347,14.143441649485826,-1.81833,0.0,0,0,0,0.0
2024-01-11 02:00:00,2.0,14.5,0.7243412858443798,18.83901357115104,14.124708944782752,-2.06167,0.0,0,0,0,0.0
2024-01-11 02:15:00,2.0,14.5,0.7243412858443798,18.769607160430446,14.10487781323764,-2.06167,0.0,0,0,0,0.0
2024-01-11 02:30:00,2.0,14.5,0.7243412858443798,18.700810313751425,14.084565721248147,-2.06167,0.0,0,0,0,0.0
2024-01-11 02:45:00,2.0,14.5,0.7243412858443798,18.632610356088616,14.063787453959796,-2.06167,0.0,0,0,0,0.0
2024-01-11 03:00:00,2.0,14.5,0.7243412858443798,18.5649881504408,14.042518092653824,-2.08,0.0,0,0,0,0.0
2024-01-11 03:15:00,2.0,14.5,0.7243412858443798,18.49793018329729,14.02076681512436,-2.08,0.0,0,0,0,0.0
2024-01-11 03:30:00,2.0,14.5,0.7243412858443798,18.431432196966004,13.998592622103141,-2.08,0.0,0,0,0,0.0
2024-01-11 03:45:00,2.0,14.5,0.7243412858443798,18.365482758908275,13.97600879103569,-2.08,0.0,0,0,0,0.0
2024-01-11 04:00:00,1.0,14.866666666666667,0.7243412858443798,18.300039286246705,13.952845921707347,-2.165,0.0,0,0,0,0.0
2024-01-11 04:15:00,2.0,18.533333333333335,0.7243412858443798,18.69563991279816,13.930840646116748,-2.165,0.0,0,0,0,0.0
2024-01-11 04:30:00,2.0,14.5,0.7243412858443798,18.891101072983098,13.914210598521814,-2.165,0.0,0,0,0,0.0
2024-01-11 04:45:00,2.0,14.5,0.7243412858443798,18.818635747586953,13.897899940586345,-2.165,0.0,0,0,0,0.0
2024-01-11 05:00:00,2.0,14.5,0.7243412858443798,18.746880619258036,13.881159295572646,-2.09833,0.0,0,0,0,0.0
2024-01-11 05:15:00,3.0,15.833333333333334,0.7243412858443798,18.772889385536036,13.864291058676217,-2.09833,0.0,0,0,0,0.0
2024-01-11 05:30:00,3.0,15.0,0.7243412858443798,18.785761105691975,13.848447044733357,-2.09833,0.7938888888888894,1,0,1,0.7144444444444444
2024-01-11 05:45:00,3.0,15.0,0.7243412858443798,18.713875684114157,13.832287048003844,-2.09833,0.8000000000000006,0,0,1,0.0
2024-01-11 06:00:00,3.0,15.0,0.7243412858443798,18.642716770833033,13.815826447506113,-1.97333,0.8000000000000006,0,0,1,0.0
2024-01-11 06:15:00,3.0,15.0,0.7243412858443798,18.572279849636644,13.799115320314623,-1.97333,0.0,0,1,0,0.0
2024-01-11 06:30:00,3.0,15.0,0.7243412858443798,18.50249970178248,13.781861048496163,-1.97333,0.0,0,0,0,0.0
2024-01-11 06:45:00,3.0,15.0,0.7243412858443798,18.433362391929187,13.764079964238457,-1.97333,0.0,0,0,0,0.0
2024-01-11 07:00:00,3.0,15.0,0.7243412858443798,18.364954583549142,13.74572399849628,-2.00333,0.0,0,0,0,0.0
2024-01-11 07:15:00,3.0,15.0,0.7243412858443798,18.297274701363417,13.72680253503404,-2.00333,0.0,0,0,0,0.0
2024-01-11 07:30:00,3.0,15.0,0.7243412858443798,18.23019387299468,13.707405363389322,-2.00333,0.0,0,0,0,0.0
2024-01-11 07:45:00,3.0,15.0,0.7243412858443798,18.16369960798257,13.687547062794954,-2.00333,0.0,0,0,0,0.0
2024-01-11 08:00:00,1.0,17.333333333333332,0.7243412858443798,18.185999679197586,13.66820255622846,-1.61167,0.0,0,0,0,0.0
2024-01-11 08:15:00,3.0,15.666666666666666,0.7243412858443798,18.573734130135115,13.653021302293228,-1.61167,0.0,0,0,0,0.0
2024-01-11 08:30:00,3.0,15.0,0.7243412858443798,18.521316476732867,13.639961572895002,-1.61167,0.0,0,0,0,0.0
2024-01-11 08:45:00,3.0,15.0,0.7243412858443798,18.45734596694848,13.626379656980387,-1.61167,0.7725000000000001,1,0,1,0.7541666666666668
2024-01-11 09:00:00,3.0,15.0,0.7243412858443798,18.395828357103788,13.612970967945223,-1.29167,0.8000000000000004,0,0,1,0.0
2024-01-11 09:15:00,3.0,15.0,0.7243412858443798,18.336993388230635,13.59986376741276,-1.29167,0.8000000000000004,0,0,1,0.0
2024-01-11 09:30:00,1.0,19.333333333333332,0.7243412858443798,18.594140045850533,13.587188861591198,-1.29167,0.8000000000000004,0,0,1,0.0
2024-01-11 09:45:00,1.0,20.0,0.7243412858443798,19.428051931258818,13.581594402400372,-1.29167,0.8000000000000004,0,0,1,0.0
2024-01-11 10:00:00,1.0,20.0,0.7243412858443798,20.252773175022163,13.588232051625251,-0.175,0.0,0,1,0,0.0
2024-01-11 10:15:00,3.0,16.0,0.7243412858443798,20.487285234653648,13.604594562053386,-0.175,0.0,0,0,0,0.0
2024-01-11 10:30:00,3.0,15.0,0.7243412858443798,20.405433283172957,13.620875389453346,-0.175,0.0,0,0,0,0.0
2024-01-11 10:45:00,3.0,15.0,0.7243412858443798,20.324743516029603,13.63594953984882,-0.175,0.0,0,0,0,0.0
2024-01-11 11:00:00,3.0,15.0,0.7243412858443798,20.245569658826568,13.651251793418083,0.478333,0.7908333333333334,1,0,1,0.7694444444444445
2024-01-11 11:15:00,3.0,15.0,0.7243412858443798,20.167954825332455,13.666989247475021,0.478333,0.8000000000000002,0,0,1,0.0
2024-01-11 11:30:00,3.0,15.0,0.7243412858443798,20.09144536112784,13.681577662174531,0.478333,0.8000000000000002,0,0,1,0.0
2024-01-11 11:45:00,3.0,15.0,0.7243412858443798,20.016015187325127,13.695048311993636,0.478333,0.8000000000000002,0,0,1,0.0
2024-01-11 12:00:00,3.0,15.0,0.7243412858443798,19.941781717904224,13.708879235015162,1.153333,0.8000000000000002,0,0,1,0.0
2024-01-11 12:15:00,3.0,15.0,0.7243412858443798,19.8687606152217,13.72327689732913,1.153333,0.8000000000000002,0,0,1,0.0
2024-01-11 12:30:00,3.0,15.0,0.7243412858443798,19.79677489556325,13.736600110499637,1.153333,0.8000000000000002,0,0,1,0.0
2024-01-11 12:45:00,1.0,15.333333333333334,0.7243412858443798,19.72580015177346,13.74887813921993,1.153333,0.8000000000000002,0,0,1,0.0
2024-01-11 13:00:00,1.0,20.0,0.7243412858443798,19.656029301984173,13.763566786371914,2.751667,0.8000000000000002,0,0,1,0.0
2024-01-11 13:15:00,1.0,20.0,0.7243412858443798,19.58751955635503,13.781110439595226,2.751667,0.8000000000000002,0,0,1,0.0
2024-01-11 13:30:00,1.0,20.0,0.7243412858443798,19.532190592069572,13.797584130603584,2.751667,0.8000000000000002,0,0,1,0.0
2024-01-11 13:45:00,3.0,19.666666666666668,0.7243412858443798,20.059250195974744,13.815565164166365,2.751667,0.8000000000000002,0,0,1,0.0
2024-01-11 14:00:00,3.0,15.0,0.7243412858443798,20.408489825316018,13.842142211736991,3.705,0.8000000000000002,0,0,1,0.0
2024-01-11 14:15:00,3.0,15.0,0.7243412858443798,20.330637670060394,13.871459599519246,3.705,0.8000000000000002,0,0,1,0.0
2024-01-11 14:30:00,3.0,15.0,0.7243412858443798,20.254045491362593,13.899406292794103,3.705,0.8000000000000002,0,0,1,0.0
2024-01-11 14:45:00,3.0,15.0,0.7243412858443798,20.17868288165407,13.926018922768275,3.705,0.8000000000000002,0,0,1,0.0
2024-01-11 15:00:00,1.0,15.333333333333334,0.7243412858443798,20.101036438136514,13.952829269051588,4.408333,0.8000000000000002,0,0,1,0.0
2024-01-11 15:15:00,1.0,20.0,0.7243412858443798,20.0206604792232,13.979996815514871,4.408333,0.8000000000000002,0,0,1,0.0
2024-01-11 15:30:00,1.0,20.0,0.7243412858443798,19.9415506952282,14.005799210493901,4.408333,0.8000000000000002,0,0,1,0.0
2024-01-11 15:45:00,1.0,20.0,0.7243412858443798,19.86367666630035,14.03027306734062,4.408333,0.0,0,1,0,0.0
2024-01-11 16:00:00,1.0,20.0,0.7243412858443798,19.78637732021815,14.05220136203722,3.825,0.0,0,0,0,0.0
2024-01-11 16:15:00,1.0,20.0,0.7243412858443798,19.709524642513493,14.071457756848208,3.825,0.0,0,0,0,0.0
2024-01-11 16:30:00,1.0,20.0,0.7243412858443798,19.63380753334787,14.089517176657106,3.825,0.8000000000000002,1,0,1,0.7877777777777778
2024-01-11 16:45:00,1.0,20.0,0.7243412858443798,19.55919901646233,14.106412017064516,3.825,0.8000000000000002,0,0,1,0.0
2024-01-11 17:00:00,1.0,20.0,0.7243412858443798,19.667639467925696,14.121654515257882,3.406667,0.8000000000000002,0,0,1,0.0
2024-01-11 17:15:00,3.0,18.666666666666668,0.7243412858443798,20.37910110148895,14.140784011855368,3.406667,0.8000000000000002,0,0,1,0.0
2024-01-11 17:30:00,1.0,20.0,0.7243412858443798,20.47666300105523,14.165127470868779,3.406667,0.8000000000000002,0,0,1,0.0
2024-01-11 17:45:00,1.0,20.0,0.7243412858443798,20.39247102214264,14.18860830845572,3.406667,0.8000000000000002,0,0,1,0.0
2024-01-11 18:00:00,1.0,20.0,0.7243412858443798,20.309377744728966,14.209741944428677,2.941667,0.8000000000000002,0,0,1,0.0
2024-01-11 18:15:00,1.0,20.0,0.7243412858443798,20.227315716948617,14.228441808158538,2.941667,0.8000000000000002,0,0,1,0.0
2024-01-11 18:30:00,1.0,20.0,0.7243412858443798,20.1464454237252,14.245893575048019,2.941667,0.8000000000000002,0,0,1,0.0
2024-01-11 18:45:00,1.0,20.0,0.7243412858443798,20.066738644850133,14.262131112729618,2.941667,0.8000000000000002,0,0,1,0.0
2024-01-11 19:00:00,1.0,20.0,0.7243412858443798,19.987997754300082,14.27620068087005,2.481667,0.8000000000000002,0,0,1,0.0
2024-01-11 19:15:00,1.0,20.0,0.7243412858443798,19.910159195531193,14.28801276142308,2.481667,0.8000000000000002,0,0,1,0.0
2024-01-11 19:30:00,3.0,19.666666666666668,0.7243412858443798,19.833384816549668,14.29873650139849,2.481667,0.8000000000000002,0,0,1,0.0
2024-01-11 19:45:00,3.0,15.0,0.7243412858443798,19.75764971009217,14.308401721619358,2.481667,0.8000000000000002,0,0,1,0.0
2024-01-11 20:00:00,3.0,15.0,0.7243412858443798,19.682676882340434,14.315571669266928,1.798333,0.8000000000000002,0,0,1,0.0
2024-01-11 20:15:00,3.0,15.0,0.7243412858443798,19.608388079177043,14.320093914343296,1.798333,0.8000000000000002,0,0,1,0.0
2024-01-11 20:30:00,1.0,18.333333333333332,0.7243412858443798,19.535039476011157,14.323686284698779,1.798333,0.8000000000000002,0,0,1,0.0
2024-01-11 20:45:00,1.0,20.0,0.7243412858443798,19.886990903440093,14.327804605942935,1.798333,0.8000000000000002,0,0,1,0.0
2024-01-11 21:00:00,2.0,16.333333333333332,0.7243412858443798,20.49506979131616,14.337549527164315,1.166667,0.8000000000000002,0,0,1,0.0
2024-01-11 21:15:00,2.0,14.5,0.7243412858443798,20.450929179155438,14.348599054378887,1.166667,0.8000000000000002,0,0,1,0.0
2024-01-11 21:30:00,2.0,14.5,0.7243412858443798,20.36730377711928,14.358555038005687,1.166667,0.8000000000000002,0,0,1,0.0
2024-01-11 21:45:00,2.0,14.5,0.7243412858443798,20.284791113227175,14.367385847287453,1.166667,0.8000000000000002,0,0,1,0.0
2024-01-11 22:00:00,2.0,14.5,0.7243412858443798,20.203322756485882,14.374875772872002,1.051667,0.8000000000000002,0,0,1,0.0
2024-01-11 22:15:00,2.0,14.5,0.7243412858443798,20.122864275079472,14.381024575164417,1.051667,0.8000000000000002,0,0,1,0.0
2024-01-11 22:30:00,2.0,14.5,0.7243412858443798,20.0434380578201,14.386146110021004,1.051667,0.8000000000000002,0,0,1,0.0
2024-01-11 22:45:00,2.0,14.5,0.7243412858443798,19.965020262191413,14.390268845556387,1.051667,0.8000000000000002,0,0,1,0.0
2024-01-11 23:00:00,2.0,14.5,0.7243412858443798,19.887357737622626,14.39208699093496,0.43,0.8000000000000002,0,0,1,0.0
2024-01-11 23:15:00,2.0,14.5,0.7243412858443798,19.810378166501042,14.391463141005643,0.43,0.8000000000000002,0,0,1,0.0
2024-01-11 23:30:00,2.0,14.5,0.7243412858443798,19.734313508040643,14.389961334912268,0.43,0.8000000000000002,0,0,1,0.0
2024-01-11 23:45:00,2.0,14.5,0.7243412858443798,19.65914299374879,14.387606280042165,0.43,0.8000000000000002,0,0,1,0.0
2024-01-12 00:00:00,2.0,14.5,0.7243412858443798,19.584779810390042,14.384035931638303,0.25,0.8000000000000002,0,0,1,0.0
2024-01-12 00:15:00,2.0,14.5,0.7243412858443798,19.511189844942784,14.379226129634475,0.25,0.8000000000000002,0,0,1,0.0
2024-01-12 00:30:00,2.0,14.5,0.7243412858443798,19.43842741832377,14.37364495323694,0.25,0.8000000000000002,0,0,1,0.0
2024-01-12 00:45:00,2.0,14.5,0.7243412858443798,19.366473999528736,14.367314383746582,0.25,0.8000000000000002,0,0,1,0.0
2024-01-12 01:00:00,2.0,14.5,0.7243412858443798,19.2953448099227,14.36044889147615,0.34,0.8000000000000002,0,0,1,0.0
2024-01-12 01:15:00,2.0,14.5,0.7243412858443798,19.225029432105888,14.353093140053694,0.34,0.8000000000000002,0,0,1,0.0
2024-01-12 01:30:00,2.0,14.5,0.7243412858443798,19.15547392487302,14.345044831271311,0.34,0.8000000000000002,0,0,1,0.0
2024-01-12 01:45:00,2.0,14.5,0.7243412858443798,19.086661448429755,14.336323895246979,0.34,0.8000000000000002,0,0,1,0.0
2024-01-12 02:00:00,2.0,14.5,0.7243412858443798,19.01848559529318,14.326427777982854,0.096667,0.8000000000000002,0,0,1,0.0
2024-01-12 02:15:00,2.0,14.5,0.7243412858443798,18.950910922951145,14.315311032791875,0.096667,0.8000000000000002,0,0,1,0.0
2024-01-12 02:30:00,2.0,14.5,0.7243412858443798,18.88402126760097,14.303593975887145,0.096667,0.8000000000000002,0,0,1,0.0
2024-01-12 02:45:00,2.0,14.5,0.7243412858443798,18.817801716781865,14.291294186837671,0.096667,0.8000000000000002,0,0,1,0.0
2024-01-12 03:00:00,2.0,14.5,0.7243412858443798,18.75226916872023,14.278611121529307,0.181667,0.8000000000000002,0,0,1,0.0
2024-01-12 03:15:00,2.0,14.5,0.7243412858443798,18.68741624240681,14.26558394193114,0.181667,0.0,0,1,0,0.0
2024-01-12 03:30:00,2.0,14.5,0.7243412858443798,18.623194387829567,14.252018645318925,0.181667,0.0,0,0,0,0.0
2024-01-12 03:45:00,2.0,14.5,0.7243412858443798,18.559590033629032,14.237931186346007,0.181667,0.0,0,0,0,0.0
2024-01-12 04:00:00,2.0,14.5,0.7243412858443798,18.496632479843136,14.223583790025463,0.296667,0.0,0,0,0,0.0
2024-01-12 04:15:00,1.0,18.533333333333335,0.7243412858443798,18.656851174855834,14.209541559234442,0.296667,0.0,0,0,0,0.0
2024-01-12 04:30:00,2.0,18.166666666666668,0.7243412858443798,19.41924294962489,14.201554078380646,0.296667,0.0,0,0,0,0.0
2024-01-12 04:45:00,1.0,15.233333333333333,0.7243412858443798,19.566740690030127,14.199883639738887,0.296667,0.0,0,0,0,0.0
2024-01-12 05:00:00,1.0,20.0,0.7243412858443798,19.636978677492756,14.197712492277022,0.016667,0.0,0,0,0,0.0
2024-01-12 05:15:00,2.0,17.066666666666666,0.7243412858443798,20.27022591280006,14.199389832082666,0.016667,0.0,0,0,0,0.0
2024-01-12 05:30:00,2.0,14.5,0.7243412858443798,20.29865043461296,14.205444680655118,0.016667,0.0,0,0,0,0.0
2024-01-12 05:45:00,1.0,15.233333333333333,0.7243412858443798,20.214328815202887,14.210679059947903,0.016667,0.0,0,0,0,0.0
2024-01-12 06:00:00,2.0,19.266666666666666,0.7243412858443798,20.131288157261547,14.21608976948693,0.591667,0.0,0,0,0,0.0
2024-01-12 06:15:00,2.0,14.5,0.7243412858443798,20.049549791970275,14.2218582551699,0.591667,0.0,0,0,0,0.0
2024-01-12 06:30:00,2.0,14.5,0.7243412858443798,19.968854768035836,14.226590840018172,0.591667,0.0,0,0,0,0.0
2024-01-12 06:45:00,1.0,16.333333333333332,0.7243412858443798,19.889179013800252,14.23031625910579,0.591667,0.0,0,0,0,0.0
2024-01-12 07:00:00,1.0,20.0,0.7243412858443798,19.810528869454668,14.233137641174697,0.626667,0.0,0,0,0,0.0
2024-01-12 07:15:00,1.0,20.0,0.7243412858443798,19.732886392689746,14.2350917916528,0.626667,0.0,0,0,0,0.0
2024-01-12 07:30:00,3.0,15.333333333333334,0.7243412858443798,19.656195578289903,14.236118779823041,0.626667,0.0,0,0,0,0.0
2024-01-12 07:45:00,3.0,15.0,0.7243412858443798,19.58043466774614,14.23624453024166,0.626667,0.0,0,0,0,0.0
2024-01-12 08:00:00,3.0,15.0,0.7243412858443798,19.506658291685493,14.23425807211556,0.048333,0.0,0,0,0,0.0
2024-01-12 08:15:00,3.0,15.0,0.7243412858443798,19.434962513730913,14.230052167801155,0.048333,0.0,0,0,0,0.0
2024-01-12 08:30:00,3.0,15.0,0.7243412858443798,19.364078339349685,14.225087004638121,0.048333,0.0,0,0,0,0.0
2024-01-12 08:45:00,3.0,15.0,0.7243412858443798,19.293987563773083,14.219384184792492,0.048333,0.0,0,0,0,0.0
2024-01-12 09:00:00,3.0,15.0,0.7243412858443798,19.224730833313853,14.214690734568036,0.853333,0.0,0,0,0,0.0
2024-01-12 09:15:00,3.0,15.0,0.7243412858443798,19.156324929049863,14.211236148317711,0.853333,0.0,0,0,0,0.0
2024-01-12 09:30:00,3.0,15.0,0.7243412858443798,19.08869962630338,14.20704814246387,0.853333,0.0,0,0,0,0.0
2024-01-12 09:45:00,3.0,15.0,0.7243412858443798,19.021837380348625,14.202147544996572,0.853333,0.7572222222222225,1,0,1,0.7908333333333334
2024-01-12 10:00:00,3.0,15.0,0.7243412858443798,18.955382672842667,14.198072055290698,1.561667,0.8000000000000007,0,0,1,0.0
2024-01-12 10:15:00,3.0,15.0,0.7243412858443798,18.889299574072638,14.19501895312752,1.561667,0.0,0,1,0,0.0
2024-01-12 10:30:00,3.0,18.0,0.7243412858443798,19.151343643958715,14.192365709278352,1.561667,0.0,0,0,0,0.0
2024-01-12 10:45:00,3.0,15.0,0.7243412858443798,19.299946836146034,14.193514686875274,1.561667,0.0,0,0,0,0.0
2024-01-12 11:00:00,3.0,15.0,0.7243412858443798,19.22950035992597,14.19498085678065,1.781667,0.0,0,0,0,0.0
2024-01-12 11:15:00,3.0,15.0,0.7243412858443798,19.159704169018838,14.196145305768765,1.781667,0.0,0,0,0,0.0
2024-01-12 11:30:00,3.0,15.0,0.7243412858443798,19.09075685021229,14.196485835336391,1.781667,0.0,0,0,0,0.0
2024-01-12 11:45:00,3.0,15.0,0.7243412858443798,19.022639029794,14.19602551993903,1.781667,0.0,0,0,0,0.0
2024-01-12 12:00:00,3.0,15.0,0.7243412858443798,18.95526977698084,14.194632987409756,1.71,0.0,0,0,0,0.0
2024-01-12 12:15:00,3.0,15.0,0.7243412858443798,18.888620469276514,14.192310599318288,1.71,0.0,0,0,0,0.0
2024-01-12 12:30:00,3.0,15.0,0.7243412858443798,18.822743379707173,14.189256803409418,1.71,0.0,0,0,0,0.0
2024-01-12 12:45:00,3.0,15.0,0.7243412858443798,18.757621086427058,14.185492298533712,1.71,0.0,0,0,0,0.0
2024-01-12 13:00:00,3.0,15.0,0.7243412858443798,18.69340154638596,14.181477290445967,1.915,0.8000000000000003,1,0,1,0.7419444444444445
2024-01-12 13:15:00,3.0,15.0,0.7243412858443798,18.630095844184773,14.177287102203037,1.915,0.8000000000000003,0,0,1,0.0
2024-01-12 13:30:00,3.0,15.0,0.7243412858443798,18.56750144412477,14.172434187132831,1.915,0.8000000000000003,0,0,1,0.0
2024-01-12 13:45:00,1.0,16.666666666666668,0.7243412858443798,18.546128180844878,14.166969011521305,1.915,0.8000000000000003,0,0,1,0.0
2024-01-12 14:00:00,1.0,20.0,0.7243412858443798,19.170899348909717,14.164294200099203,1.885,0.8000000000000003,0,0,1,0.0
2024-01-12 14:15:00,3.0,18.333333333333332,0.7243412858443798,19.96889698476385,14.170659390958395,1.885,0.0,0,1,0,0.0
2024-01-12 14:30:00,1.0,15.666666666666666,0.7243412858443798,20.111597691088686,14.183114762757913,1.885,0.0,0,0,0,0.0
2024-01-12 14:45:00,3.0,17.233333333333334,0.7243412858443798,20.031621340951745,14.195122245515904,1.885,0.0,0,0,0,0.0
2024-01-12 15:00:00,3.0,15.0,0.7243412858443798,19.9530740816787,14.206039724844251,1.896667,0.0,0,0,0,0.0
2024-01-12 15:15:00,3.0,15.0,0.7243412858443798,19.875973341074165,14.215906326584863,1.896667,0.8000000000000002,1,0,1,0.7755555555555556
2024-01-12 15:30:00,3.0,15.0,0.7243412858443798,19.799906202290163,14.224724461395027,1.896667,0.8000000000000002,0,0,1,0.0
2024-01-12 15:45:00,3.0,15.0,0.7243412858443798,19.724848569871696,14.232522954570182,1.896667,0.8000000000000002,0,0,1,0.0
2024-01-12 16:00:00,3.0,15.0,0.7243412858443798,19.650089395280894,14.239602696490815,2.025,0.8000000000000002,0,0,1,0.0
2024-01-12 16:15:00,3.0,16.0,0.7243412858443798,19.57552318053048,14.24601295151759,2.025,0.0,0,1,0,0.0
2024-01-12 16:30:00,3.0,15.0,0.7243412858443798,19.501921587796794,14.251459695723167,2.025,0.0,0,0,0,0.0
2024-01-12 16:45:00,3.0,15.0,0.7243412858443798,19.429262297150007,14.255969589124394,2.025,0.0,0,0,0,0.0
2024-01-12 17:00:00,1.0,17.666666666666668,0.7243412858443798,19.470965954790888,14.26010270053401,2.191667,0.0,0,0,0,0.0
2024-01-12 17:15:00,1.0,20.0,0.7243412858443798,20.189822608243052,14.268767069089629,2.191667,0.8000000000000002,1,0,1,0.7908333333333334
2024-01-12 17:30:00,1.0,20.0,0.7243412858443798,20.47537828541848,14.284546710453652,2.191667,0.8000000000000002,0,0,1,0.0
2024-01-12 17:45:00,1.0,20.0,0.7243412858443798,20.391564270613504,14.300516883008937,2.191667,0.8000000000000002,0,0,1,0.0
2024-01-12 18:00:00,1.0,20.0,0.7243412858443798,20.308804873754294,14.314522700408684,1.846667,0.8000000000000002,0,0,1,0.0
2024-01-12 18:15:00,3.0,15.333333333333334,0.7243412858443798,20.227044691426148,14.326506288101404,1.846667,0.8000000000000002,0,0,1,0.0
2024-01-12 18:30:00,3.0,15.0,0.7243412858443798,20.14639756980248,14.337353531745858,1.846667,0.8000000000000002,0,0,1,0.0
2024-01-12 18:45:00,3.0,15.0,0.7243412858443798,20.06683747976447,14.347095589888152,1.846667,0.8000000000000002,0,0,1,0.0
2024-01-12 19:00:00,3.0,15.0,0.7243412858443798,19.988410552667876,14.35617753312174,2.04,0.8000000000000002,0,0,1,0.0
2024-01-12 19:15:00,1.0,19.666666666666668,0.7243412858443798,19.91110750840361,14.364680069889685,2.04,0.8000000000000002,0,0,1,0.0
2024-01-12 19:30:00,1.0,20.0,0.7243412858443798,19.834825244317134,14.372153795639383,2.04,0.8000000000000002,0,0,1,0.0
2024-01-12 19:45:00,1.0,20.0,0.7243412858443798,19.75954003817012,14.378627070893419,2.04,0.8000000000000002,0,0,1,0.0
2024-01-12 20:00:00,3.0,19.333333333333332,0.7243412858443798,19.68523739803027,14.38417757646578,2.063333,0.8000000000000002,0,0,1,0.0
2024-01-12 20:15:00,3.0,16.0,0.7243412858443798,19.611896652522102,14.388838401232057,2.063333,0.8000000000000002,0,0,1,0.0
2024-01-12 20:30:00,3.0,15.0,0.7243412858443798,19.539486302076956,14.392578053787757,2.063333,0.8000000000000002,0,0,1,0.0
2024-01-12 20:45:00,3.0,15.0,0.7243412858443798,19.467984909820224,14.395422116791643,2.063333,0.8000000000000002,0,0,1,0.0
2024-01-12 21:00:00,3.0,15.0,0.7243412858443798,19.397280972904788,14.396869968786326,1.818333,0.8000000000000002,0,0,1,0.0
2024-01-12 21:15:00,1.0,16.666666666666668,0.7243412858443798,19.367860311393027,14.396912667430135,1.818333,0.8000000000000002,0,0,1,0.0
2024-01-12 21:30:00,1.0,20.0,0.7243412858443798,19.984603941084636,14.39962795711266,1.818333,0.8000000000000002,0,0,1,0.0
2024-01-12 21:45:00,1.0,20.0,0.7243412858443798,20.49967577041573,14.410407594407788,1.818333,0.8000000000000002,0,0,1,0.0
2024-01-12 22:00:00,1.0,20.0,0.7243412858443798,20.428572794621026,14.422230286699081,1.438333,0.8000000000000002,0,0,1,0.0
2024-01-12 22:15:00,1.0,20.0,0.7243412858443798,20.34625534204969,14.431986967996739,1.438333,0.8000000000000002,0,0,1,0.0
2024-01-12 22:30:00,2.0,15.966666666666667,0.7243412858443798,20.265032736664086,14.440636775943402,1.438333,0.8000000000000002,0,0,1,0.0
2024-01-12 22:45:00,2.0,14.5,0.7243412858443798,20.18487949682058,14.448210183892483,1.438333,0.8000000000000002,0,0,1,0.0
2024-01-12 23:00:00,2.0,14.5,0.7243412858443798,20.10569004028249,14.454268538409284,1.22,0.8000000000000002,0,0,1,0.0
2024-01-12 23:15:00,2.0,14.5,0.7243412858443798,20.027422716997243,14.458783015861892,1.22,0.8000000000000002,0,0,1,0.0
2024-01-12 23:30:00,2.0,14.5,0.7243412858443798,19.950143152483285,14.462321848808733,1.22,0.8000000000000002,0,0,1,0.0
2024-01-12 23:45:00,2.0,14.5,0.7243412858443798,19.873828614129526,14.46491215976824,1.22,0.8000000000000002,0,0,1,0.0
2024-01-13 00:00:00,2.0,14.5,0.7243412858443798,19.798341680554575,14.465911821373195,0.908333,0.8000000000000002,0,0,1,0.0
2024-01-13 00:15:00,2.0,14.5,0.7243412858443798,19.723635855038967,14.465264142598631,0.908333,0.8000000000000002,0,0,1,0.0
2024-01-13 00:30:00,2.0,14.5,0.7243412858443798,19.649817446174605,14.463765121037893,0.908333,0.8000000000000002,0,0,1,0.0
2024-01-13 00:45:00,2.0,14.5,0.7243412858443798,19.57686631217588,14.461438717867482,0.908333,0.8000000000000002,0,0,1,0.0
2024-01-13 01:00:00,2.0,14.5,0.7243412858443798,19.504662965878556,14.457729104245455,0.638333,0.8000000000000002,0,0,1,0.0
2024-01-13 01:15:00,2.0,14.5,0.7243412858443798,19.433166699286705,14.452587607902304,0.638333,0.8000000000000002,0,0,1,0.0
2024-01-13 01:30:00,2.0,14.5,0.7243412858443798,19.362469191089566,14.446704236573087,0.638333,0.8000000000000002,0,0,1,0.0
2024-01-13 01:45:00,2.0,14.5,0.7243412858443798,19.292552584625177,14.440100164006427,0.638333,0.8000000000000002,0,0,1,0.0
2024-01-13 02:00:00,2.0,14.5,0.7243412858443798,19.223262020095813,14.431998763600626,0.266667,0.8000000000000002,0,0,1,0.0
2024-01-13 02:15:00,2.0,14.5,0.7243412858443798,19.15455083665974,14.422321826878598,0.266667,0.8000000000000002,0,0,1,0.0
2024-01-13 02:30:00,2.0,14.5,0.7243412858443798,19.086554371594563,14.412008257333731,0.266667,0.8000000000000002,0,0,1,0.0
2024-01-13 02:45:00,2.0,14.5,0.7243412858443798,19.01925695083097,14.401076562681371,0.266667,0.8000000000000002,0,0,1,0.0
2024-01-13 03:00:00,2.0,14.5,0.7243412858443798,18.95249597746808,14.388690307033642,-0.13167,0.8000000000000002,0,0,1,0.0
2024-01-13 03:15:00,2.0,14.5,0.7243412858443798,18.886224731988403,14.374761696259915,-0.13167,0.8000000000000002,0,0,1,0.0
2024-01-13 03:30:00,2.0,14.5,0.7243412858443798,18.82059146949823,14.360293138835877,-0.13167,0.8000000000000002,0,0,1,0.0
2024-01-13 03:45:00,2.0,14.5,0.7243412858443798,18.755582515423523,14.345300698635931,-0.13167,0.8000000000000002,0,0,1,0.0
2024-01-13 04:00:00,2.0,14.5,0.7243412858443798,18.691061262706338,14.32908500356033,-0.465,0.8000000000000002,0,0,1,0.0
2024-01-13 04:15:00,1.0,18.166666666666668,0.7243412858443798,18.809109463487992,14.31195116505996,-0.465,0.8000000000000002,0,0,1,0.0
2024-01-13 04:30:00,2.0,16.333333333333332,0.7243412858443798,19.311700623710358,14.299552769845606,-0.465,0.8000000000000002,0,0,1,0.0
2024-01-13 04:45:00,2.0,14.5,0.7243412858443798,19.396918448589528,14.290760451629954,-0.465,0.8000000000000002,0,0,1,0.0
2024-01-13 05:00:00,2.0,14.5,0.7243412858443798,19.32394410584341,14.281894555503118,-0.51833,0.8000000000000002,0,0,1,0.0
2024-01-13 05:15:00,1.0,18.533333333333335,0.7243412858443798,19.47425481727528,14.27271920350051,-0.51833,0.8000000000000002,0,0,1,0.0
2024-01-13 05:30:00,1.0,20.0,0.7243412858443798,20.25527314733836,14.269434265244545,-0.51833,0.8000000000000002,0,0,1,0.0
2024-01-13 05:45:00,1.0,20.0,0.7243412858443798,20.485496552011302,14.273206931143564,-0.51833,0.8000000000000002,0,0,1,0.0
2024-01-13 06:00:00,1.0,20.0,0.7243412858443798,20.399175996399656,14.276525853559002,-0.76333,0.8000000000000002,0,0,1,0.0
2024-01-13 06:15:00,1.0,20.0,0.7243412858443798,20.3138208873005,14.278197733821903,-0.76333,0.8000000000000002,0,0,1,0.0
2024-01-13 06:30:00,1.0,16.666666666666668,0.7243412858443798,20.229506650208904,14.27885803156625,-0.76333,0.8000000000000002,0,0,1,0.0
2024-01-13 06:45:00,1.0,20.0,0.7243412858443798,20.146209514813112,14.278535061353145,-0.76333,0.8000000000000002,0,0,1,0.0
2024-01-13 07:00:00,3.0,16.666666666666668,0.7243412858443798,20.06386478783954,14.276405872901181,-1.16,0.8000000000000002,0,0,1,0.0
2024-01-13 07:15:00,3.0,15.0,0.7243412858443798,19.982431482315445,14.272394145745777,-1.16,0.8000000000000002,0,0,1,0.0
2024-01-13 07:30:00,3.0,15.0,0.7243412858443798,19.901928564184363,14.267507700306874,-1.16,0.8000000000000002,0,0,1,0.0
2024-01-13 07:45:00,3.0,15.0,0.7243412858443798,19.822335115818404,14.261771370286857,-1.16,0.8000000000000002,0,0,1,0.0
2024-01-13 08:00:00,1.0,15.666666666666666,0.7243412858443798,19.746196483093247,14.254717772645112,-1.39333,0.8000000000000002,0,0,1,0.0
2024-01-13 08:15:00,1.0,20.0,0.7243412858443798,19.673809200103406,14.246352192691184,-1.39333,0.8000000000000002,0,0,1,0.0
2024-01-13 08:30:00,1.0,20.0,0.7243412858443798,19.60219531468832,14.237286433607467,-1.39333,0.8000000000000002,0,0,1,0.0
2024-01-13 08:45:00,3.0,18.333333333333332,0.7243412858443798,19.53133773987982,14.227540704423173,-1.39333,0.8000000000000002,0,0,1,0.0
2024-01-13 09:00:00,1.0,18.666666666666668,0.7243412858443798,19.685299938039552,14.217752345061927,-1.35,0.8000000000000002,0,0,1,0.0
2024-01-13 09:15:00,1.0,20.0,0.7243412858443798,20.398786311740178,14.213917521889254,-1.35,0.8000000000000002,0,0,1,0.0
2024-01-13 09:30:00,1.0,20.0,0.7243412858443798,20.466083401087086,14.215267983991613,-1.35,0.8000000000000002,0,0,1,0.0
2024-01-13 09:45:00,1.0,20.0,0.7243412858443798,20.38794231160299,14.216059236396479,-1.35,0.8000000000000002,0,0,1,0.0
2024-01-13 10:00:00,1.0,20.0,0.7243412858443798,20.311464919858413,14.216739101469207,-0.97667,0.8000000000000002,0,0,1,0.0
2024-01-13 10:15:00,1.0,20.0,0.7243412858443798,20.236732924264413,14.217441469717105,-0.97667,0.8000000000000002,0,0,1,0.0
2024-01-13 10:30:00,1.0,20.0,0.7243412858443798,20.16290374643812,14.21727042964133,-0.97667,0.8000000000000002,0,0,1,0.0
2024-01-13 10:45:00,1.0,20.0,0.7243412858443798,20.089956813557027,14.216250475791991,-0.97667,0.8000000000000002,0,0,1,0.0
2024-01-13 11:00:00,1.0,20.0,0.7243412858443798,20.018514960915535,14.217369706644108,0.405,0.0,0,1,0,0.0
2024-01-13 11:15:00,1.0,20.0,0.7243412858443798,19.948685693178955,14.221018965339697,0.405,0.0,0,0,0,0.0
2024-01-13 11:30:00,1.0,20.0,0.7243412858443798,19.87973346313226,14.223803866281052,0.405,0.0,0,0,0,0.0
2024-01-13 11:45:00,1.0,20.0,0.7243412858443798,19.81163810783392,14.225748460725976,0.405,0.0,0,0,0,0.0
2024-01-13 12:00:00,1.0,20.0,0.7243412858443798,19.74494534500348,14.231237211224691,2.438333,0.0,0,0,0,0.0
2024-01-13 12:15:00,1.0,20.0,0.7243412858443798,19.67977489184325,14.240827682439686,2.438333,0.0,0,0,0,0.0
2024-01-13 12:30:00,1.0,20.0,0.7243412858443798,19.615492080953327,14.249511762315676,2.438333,0.0,0,0,0,0.0
2024-01-13 12:45:00,1.0,20.0,0.7243412858443798,19.552076152640424,14.257314302050768,2.438333,0.7816666666666671,1,0,1,0.793888888888889
2024-01-13 13:00:00,1.0,20.0,0.7243412858443798,19.67216218846499,14.270038232074398,4.956667,0.8000000000000006,0,0,1,0.0
2024-01-13 13:15:00,2.0,18.166666666666668,0.7243412858443798,20.37162663227136,14.293938646862605,4.956667,0.8000000000000006,0,0,1,0.0
2024-01-13 13:30:00,1.0,15.233333333333333,0.7243412858443798,20.44546419891913,14.322603133909757,4.956667,0.8000000000000006,0,0,1,0.0
2024-01-13 13:45:00,1.0,20.0,0.7243412858443798,20.374090513073536,14.35034354014993,4.956667,0.8000000000000006,0,0,1,0.0
2024-01-13 14:00:00,1.0,20.0,0.7243412858443798,20.303590001699384,14.380632019480904,6.738333,0.8000000000000006,0,0,1,0.0
2024-01-13 14:15:00,1.0,20.0,0.7243412858443798,20.23395677490956,14.413958155159769,6.738333,0.8000000000000006,0,0,1,0.0
2024-01-13 14:30:00,1.0,20.0,0.7243412858443798,20.165529897753395,14.44594378374569,6.738333,0.8000000000000006,0,0,1,0.0
2024-01-13 14:45:00,1.0,20.0,0.7243412858443798,20.098279942247814,14.476624431180408,6.738333,0.0,0,1,0,0.0
2024-01-13 15:00:00,1.0,20.0,0.7243412858443798,20.029805288104928,14.506605550333514,7.008333000000001,0.0,0,0,0,0.0
2024-01-13 15:15:00,1.0,20.0,0.7243412858443798,19.959787151339885,14.535951781764345,7.008333000000001,0.0,0,0,0,0.0
2024-01-13 15:30:00,1.0,20.0,0.7243412858443798,19.89093549558788,14.564017224575634,7.008333000000001,0.0,0,0,0,0.0
2024-01-13 15:45:00,1.0,20.0,0.7243412858443798,19.823222037716025,14.590835982095648,7.008333000000001,0.0,0,0,0,0.0
2024-01-13 16:00:00,1.0,20.0,0.7243412858443798,19.75538452077158,14.615040058086674,6.356667,0.7908333333333336,1,0,1,0.7511111111111112
2024-01-13 16:15:00,3.0,17.333333333333332,0.7243412858443798,19.687218479148772,14.636473194297205,6.356667,0.8000000000000004,0,0,1,0.0
2024-01-13 16:30:00,3.0,15.0,0.7243412858443798,19.620108304069934,14.656774471405255,6.356667,0.8000000000000004,0,0,1,0.0
2024-01-13 16:45:00,1.0,18.333333333333332,0.7243412858443798,19.554028701479,14.67597431588212,6.356667,0.8000000000000004,0,0,1,0.0
2024-01-13 17:00:00,1.0,20.0,0.7243412858443798,19.67066465457197,14.692092214707495,5.243332999999999,0.8000000000000004,0,0,1,0.0
2024-01-13 17:15:00,1.0,20.0,0.7243412858443798,20.365648366539006,14.710434528883097,5.243332999999999,0.8000000000000004,0,0,1,0.0
2024-01-13 17:30:00,1.0,20.0,0.7243412858443798,20.434996745641868,14.733578827194645,5.243332999999999,0.8000000000000004,0,0,1,0.0
2024-01-13 17:45:00,1.0,20.0,0.7243412858443798,20.359125941500324,14.755836247869322,5.243332999999999,0.8000000000000004,0,0,1,0.0
2024-01-13 18:00:00,1.0,20.0,0.7243412858443798,20.28405621539514,14.774793215989979,4.28,0.8000000000000004,0,0,1,0.0
2024-01-13 18:15:00,1.0,20.0,0.7243412858443798,20.20968295230455,14.790228184647606,4.28,0.8000000000000004,0,0,1,0.0
2024-01-13 18:30:00,1.0,20.0,0.7243412858443798,20.13637285792932,14.804556383986885,4.28,0.8000000000000004,0,0,1,0.0
2024-01-13 18:45:00,3.0,18.666666666666668,0.7243412858443798,20.06410083116045,14.817807920250905,4.28,0.8000000000000004,0,0,1,0.0
2024-01-13 19:00:00,3.0,15.0,0.7243412858443798,19.992793713410588,14.829729688641176,4.148333,0.8000000000000004,0,0,1,0.0
2024-01-13 19:15:00,3.0,15.0,0.7243412858443798,19.922417142093643,14.840315440975461,4.148333,0.8000000000000004,0,0,1,0.0
2024-01-13 19:30:00,3.0,15.0,0.7243412858443798,19.853001682937457,14.849918701179906,4.148333,0.8000000000000004,0,0,1,0.0
2024-01-13 19:45:00,3.0,15.0,0.7243412858443798,19.784524845915932,14.858566394773922,4.148333,0.8000000000000004,0,0,1,0.0
2024-01-13 20:00:00,1.0,17.333333333333332,0.7243412858443798,19.716750209260784,14.865040607813594,3.568333,0.8000000000000004,0,0,1,0.0
2024-01-13 20:15:00,1.0,20.0,0.7243412858443798,19.6496100707432,14.869213492920094,3.568333,0.8000000000000004,0,0,1,0.0
2024-01-13 20:30:00,1.0,20.0,0.7243412858443798,19.58332061758602,14.872544600050514,3.568333,0.8000000000000004,0,0,1,0.0
2024-01-13 20:45:00,1.0,20.0,0.7243412858443798,19.530026521150674,14.875060473194084,3.568333,0.8000000000000004,0,0,1,0.0
2024-01-13 21:00:00,1.0,20.0,0.7243412858443798,20.05880626382778,14.878552793649938,3.205,0.8000000000000004,0,0,1,0.0
2024-01-13 21:15:00,2.0,17.066666666666666,0.7243412858443798,20.47049317090237,14.888295348153328,3.205,0.8000000000000004,0,0,1,0.0
2024-01-13 21:30:00,1.0,19.633333333333333,0.7243412858443798,20.394295646449887,14.899122434435576,3.205,0.8000000000000004,0,0,1,0.0
2024-01-13 21:45:00,2.0,19.266666666666666,0.7243412858443798,20.31913164124851,14.908895989371993,3.205,0.8000000000000004,0,0,1,0.0
2024-01-13 22:00:00,2.0,14.5,0.7243412858443798,20.244578203248157,14.915331809198628,2.126667,0.8000000000000004,0,0,1,0.0
2024-01-13 22:15:00,1.0,15.233333333333333,0.7243412858443798,20.17052564207317,14.918172848015768,2.126667,0.8000000000000004,0,0,1,0.0
2024-01-13 22:30:00,2.0,18.166666666666668,0.7243412858443798,20.09739166308601,14.92011383948057,2.126667,0.8000000000000004,0,0,1,0.0
2024-01-13 22:45:00,2.0,14.5,0.7243412858443798,20.025155206964527,14.921179889435415,2.126667,0.8000000000000004,0,0,1,0.0
2024-01-13 23:00:00,2.0,14.5,0.7243412858443798,19.953817937022745,14.921524160821317,2.186667,0.8000000000000004,0,0,1,0.0
2024-01-13 23:15:00,2.0,14.5,0.7243412858443798,19.883364639468954,14.921186350098594,2.186667,0.8000000000000004,0,0,1,0.0
2024-01-13 23:30:00,2.0,14.5,0.7243412858443798,19.813751294537315,14.92004125718818,2.186667,0.8000000000000004,0,0,1,0.0
2024-01-13 23:45:00,2.0,14.5,0.7243412858443798,19.744958821265154,14.918111585450015,2.186667,0.8000000000000004,0,0,1,0.0
2024-01-14 00:00:00,2.0,14.5,0.7243412858443798,19.676722066791708,14.913989398586827,1.52,0.8000000000000004,0,0,1,0.0
2024-01-14 00:15:00,2.0,14.5,0.7243412858443798,19.608969640070175,14.907519916618705,1.52,0.8000000000000004,0,0,1,0.0
2024-01-14 00:30:00,2.0,14.5,0.7243412858443798,19.54195629546246,14.900373155471387,1.52,0.8000000000000004,0,0,1,0.0
2024-01-14 00:45:00,2.0,14.5,0.7243412858443798,19.475665612875055,14.892568559159022,1.52,0.8000000000000004,0,0,1,0.0
2024-01-14 01:00:00,2.0,14.5,0.7243412858443798,19.409806062052418,14.882526984783004,0.775,0.8000000000000004,0,0,1,0.0
2024-01-14 01:15:00,2.0,14.5,0.7243412858443798,19.34430251970065,14.870069839140585,0.775,0.8000000000000004,0,0,1,0.0
2024-01-14 01:30:00,2.0,14.5,0.7243412858443798,19.279444211195248,14.8570578818515,0.775,0.8000000000000004,0,0,1,0.0
2024-01-14 01:45:00,2.0,14.5,0.7243412858443798,19.21521720900141,14.84350750006739,0.775,0.8000000000000004,0,0,1,0.0
2024-01-14 02:00:00,2.0,14.5,0.7243412858443798,19.15161286647105,14.829463256446084,0.788333,0.8000000000000004,0,0,1,0.0
2024-01-14 02:15:00,2.0,14.5,0.7243412858443798,19.088619012207918,14.814944225786395,0.788333,0.8000000000000004,0,0,1,0.0
2024-01-14 02:30:00,2.0,14.5,0.7243412858443798,19.026217293513174,14.79993257342714,0.788333,0.8000000000000004,0,0,1,0.0
2024-01-14 02:45:00,2.0,14.5,0.7243412858443798,18.9643951137571,14.784443071451376,0.788333,0.8000000000000004,0,0,1,0.0
2024-01-14 03:00:00,2.0,14.5,0.7243412858443798,18.902897952938346,14.767085081583303,0.133333,0.8000000000000004,0,0,1,0.0
2024-01-14 03:15:00,2.0,14.5,0.7243412858443798,18.841661508130535,14.74769937849234,0.133333,0.8000000000000004,0,0,1,0.0
2024-01-14 03:30:00,2.0,14.5,0.7243412858443798,18.780941764236335,14.727919780611137,0.133333,0.8000000000000004,0,0,1,0.0
2024-01-14 03:45:00,2.0,14.5,0.7243412858443798,18.720728131350832,14.70775859828858,0.133333,0.8000000000000004,0,0,1,0.0
2024-01-14 04:00:00,2.0,14.5,0.7243412858443798,18.660965288107345,14.686966838047999,0.011667,0.8000000000000004,0,0,1,0.0
2024-01-14 04:15:00,1.0,18.533333333333335,0.7243412858443798,18.82416660540764,14.666043546790121,0.011667,0.8000000000000004,0,0,1,0.0
2024-01-14 04:30:00,1.0,20.0,0.7243412858443798,19.629954142254753,14.651351916652098,0.011667,0.8000000000000004,0,0,1,0.0
2024-01-14 04:45:00,2.0,14.5,0.7243412858443798,20.04168302509852,14.645168682070224,0.011667,0.8000000000000004,0,0,1,0.0
2024-01-14 05:00:00,1.0,17.433333333333334,0.7243412858443798,19.965421109040523,14.640745488153536,0.206667,0.8000000000000004,0,0,1,0.0
2024-01-14 05:15:00,2.0,17.8,0.7243412858443798,19.890106936123434,14.63598964167481,0.206667,0.8000000000000004,0,0,1,0.0
2024-01-14 05:30:00,2.0,15.6,0.7243412858443798,19.815641553624584,14.630441661068197,0.206667,0.8000000000000004,0,0,1,0.0
2024-01-14 05:45:00,2.0,15.966666666666667,0.7243412858443798,19.742005944032545,14.624124107447077,0.206667,0.8000000000000004,0,0,1,0.0
2024-01-14 06:00:00,2.0,14.5,0.7243412858443798,19.66898124446481,14.615897040199588,-0.335,0.8000000000000004,0,0,1,0.0
2024-01-14 06:15:00,1.0,17.433333333333334,0.7243412858443798,19.59650610935105,14.605638604208334,-0.335,0.0,0,1,0,0.0
2024-01-14 06:30:00,1.0,19.266666666666666,0.7243412858443798,19.528840116395806,14.594709489738088,-0.335,0.0,0,0,0,0.0
2024-01-14 06:45:00,1.0,20.0,0.7243412858443798,19.999124727188327,14.585264307856546,-0.335,0.8000000000000002,1,0,1,0.7694444444444445
2024-01-14 07:00:00,1.0,20.0,0.7243412858443798,20.514491668273447,14.583299861209063,-0.35667,0.8000000000000002,0,0,1,0.0
2024-01-14 07:15:00,1.0,20.0,0.7243412858443798,20.443811457041466,14.58335060871884,-0.35667,0.8000000000000002,0,0,1,0.0
2024-01-14 07:30:00,1.0,20.0,0.7243412858443798,20.36194361509576,14.582457148847173,-0.35667,0.8000000000000002,0,0,1,0.0
2024-01-14 07:45:00,1.0,20.0,0.7243412858443798,20.281046213221455,14.58063368948846,-0.35667,0.8000000000000002,0,0,1,0.0
2024-01-14 08:00:00,1.0,20.0,0.7243412858443798,20.204007982500855,14.578094892606,-0.27333,0.8000000000000002,0,0,1,0.0
2024-01-14 08:15:00,1.0,20.0,0.7243412858443798,20.13117796495305,14.574935475404187,-0.27333,0.8000000000000002,0,0,1,0.0
2024-01-14 08:30:00,1.0,20.0,0.7243412858443798,20.05918482951601,14.570986845047385,-0.27333,0.8000000000000002,0,0,1,0.0
2024-01-14 08:45:00,1.0,20.0,0.7243412858443798,19.988009733932564,14.566271378190342,-0.27333,0.8000000000000002,0,0,1,0.0
2024-01-14 09:00:00,1.0,20.0,0.7243412858443798,19.919320067890318,14.56124174011639,-0.075,0.8000000000000002,0,0,1,0.0
2024-01-14 09:15:00,1.0,20.0,0.7243412858443798,19.85331748123532,14.55599802827992,-0.075,0.8000000000000002,0,0,1,0.0
2024-01-14 09:30:00,1.0,20.0,0.7243412858443798,19.78804671995704,14.550077462667653,-0.075,0.8000000000000002,0,0,1,0.0
2024-01-14 09:45:00,1.0,20.0,0.7243412858443798,19.723491455620703,14.543499396724435,-0.075,0.8000000000000002,0,0,1,0.0
2024-01-14 10:00:00,1.0,20.0,0.7243412858443798,19.66056716243413,14.538751229985548,1.075,0.8000000000000002,0,0,1,0.0
2024-01-14 10:15:00,1.0,20.0,0.7243412858443798,19.599414139938727,14.536163778497185,1.075,0.8000000000000002,0,0,1,0.0
2024-01-14 10:30:00,1.0,20.0,0.7243412858443798,19.538964551422147,14.532912595670808,1.075,0.8000000000000002,0,0,1,0.0
2024-01-14 10:45:00,1.0,20.0,0.7243412858443798,19.794626073436824,14.52991619629331,1.075,0.8000000000000002,0,0,1,0.0
2024-01-14 11:00:00,1.0,20.0,0.7243412858443798,20.44598056569109,14.537939922354244,3.168333,0.0,0,1,0,0.0
2024-01-14 11:15:00,1.0,20.0,0.7243412858443798,20.437627291421936,14.554619300743356,3.168333,0.0,0,0,0,0.0
2024-01-14 11:30:00,1.0,20.0,0.7243412858443798,20.369339041981725,14.570339560503122,3.168333,0.0,0,0,0,0.0
2024-01-14 11:45:00,1.0,20.0,0.7243412858443798,20.302044277255735,14.585018646739968,3.168333,0.0,0,0,0,0.0
2024-01-14 12:00:00,1.0,20.0,0.7243412858443798,20.236087557394686,14.601319387779244,4.396667,0.0,0,0,0,0.0
2024-01-14 12:15:00,1.0,20.0,0.7243412858443798,20.1715331939639,14.619592771299047,4.396667,0.0,0,0,0,0.0
2024-01-14 12:30:00,1.0,20.0,0.7243412858443798,20.10795613225871,14.63682689623796,4.396667,0.0,0,0,0,0.0
2024-01-14 12:45:00,1.0,20.0,0.7243412858443798,20.045333053967127,14.653049789985905,4.396667,0.0,0,0,0,0.0
2024-01-14 13:00:00,1.0,20.0,0.7243412858443798,19.984168085837567,14.673407147911893,6.783333,0.0,0,0,0,0.0
2024-01-14 13:15:00,1.0,20.0,0.7243412858443798,19.92458480576922,14.69855099429518,6.783333,0.0,0,0,0,0.0
2024-01-14 13:30:00,1.0,20.0,0.7243412858443798,19.86599607738487,14.722602170623292,6.783333,0.0,0,0,0,0.0
2024-01-14 13:45:00,1.0,20.0,0.7243412858443798,19.808377778881855,14.7455897643046,6.783333,0.0,0,0,0,0.0
2024-01-14 14:00:00,1.0,20.0,0.7243412858443798,19.751148449927236,14.769476832818944,7.686667,0.0,0,0,0,0.0
2024-01-14 14:15:00,1.0,20.0,0.7243412858443798,19.694244653960524,14.794515301705008,7.686667,0.0,0,0,0,0.0
2024-01-14 14:30:00,1.0,20.0,0.7243412858443798,19.638302143300695,14.818493709008271,7.686667,0.0,0,0,0,0.0
2024-01-14 14:45:00,1.0,20.0,0.7243412858443798,19.583297558955714,14.84144023271619,7.686667,0.0,0,0,0,0.0
2024-01-14 15:00:00,3.0,17.0,0.7243412858443798,19.526562018604672,14.863219768701093,7.615,0.0,0,0,0,0.0
2024-01-14 15:15:00,3.0,15.0,0.7243412858443798,19.467736656195076,14.883797210089568,7.615,0.0,0,0,0,0.0
2024-01-14 15:30:00,1.0,18.0,0.7243412858443798,19.555581905920448,14.903629085897682,7.615,0.0,0,0,0,0.0
2024-01-14 15:45:00,1.0,20.0,0.7243412858443798,20.29565066428824,14.928004970009969,7.615,0.0,0,0,0,0.0
2024-01-14 16:00:00,1.0,20.0,0.7243412858443798,20.492083374880263,14.956657017426265,6.705,0.0,0,0,0,0.0
2024-01-14 16:15:00,1.0,20.0,0.7243412858443798,20.41919132203832,14.982678491597374,6.705,0.0,0,0,0,0.0
2024-01-14 16:30:00,1.0,20.0,0.7243412858443798,20.347463010912765,15.007439621800158,6.705,0.0,0,0,0,0.0
2024-01-14 16:45:00,1.0,20.0,0.7243412858443798,20.276870419658888,15.030974150181938,6.705,0.0,0,0,0,0.0
2024-01-14 17:00:00,1.0,20.0,0.7243412858443798,20.206916553718838,15.050590701038638,5.435,0.0,0,0,0,0.0
2024-01-14 17:15:00,1.0,20.0,0.7243412858443798,20.137473333877402,15.065985403194542,5.435,0.0,0,0,0,0.0
2024-01-14 17:30:00,1.0,20.0,0.7243412858443798,20.069033792002827,15.080330856641561,5.435,0.0,0,0,0,0.0
2024-01-14 17:45:00,1.0,20.0,0.7243412858443798,20.00157418226245,15.093655554085398,5.435,0.0,0,0,0,0.0
2024-01-14 18:00:00,1.0,20.0,0.7243412858443798,19.93454989989429,15.102962693235844,4.025,0.0,0,0,0,0.0
2024-01-14 18:15:00,1.0,20.0,0.7243412858443798,19.867825739697246,15.107906389480188,4.025,0.0,0,0,0,0.0
2024-01-14 18:30:00,1.0,20.0,0.7243412858443798,19.801955897575844,15.112000680365123,4.025,0.0,0,0,0,0.0
2024-01-14 18:45:00,1.0,20.0,0.7243412858443798,19.736920649775332,15.115269114019396,4.025,0.0,0,0,0,0.0
2024-01-14 19:00:00,1.0,20.0,0.7243412858443798,19.67234141932272,15.115650328708378,3.053333,0.0,0,0,0,0.0
2024-01-14 19:15:00,1.0,20.0,0.7243412858443798,19.608121838759928,15.112909678522241,3.053333,0.0,0,0,0,0.0
2024-01-14 19:30:00,1.0,20.0,0.7243412858443798,19.544640704268367,15.109472391776205,3.053333,0.0,0,0,0,0.0
2024-01-14 19:45:00,1.0,20.0,0.7243412858443798,19.74884966667609,15.106050621626913,3.053333,0.0,0,0,0,0.0
2024-01-14 20:00:00,1.0,20.0,0.7243412858443798,20.42097789036779,15.107254281230691,2.3466670000000005,0.0,0,0,0,0.0
2024-01-14 20:15:00,1.0,20.0,0.7243412858443798,20.43146619651889,15.110854745415985,2.3466670000000005,0.0,0,0,0,0.0
2024-01-14 20:30:00,1.0,20.0,0.7243412858443798,20.357536626805384,15.11370840053766,2.3466670000000005,0.0,0,0,0,0.0
2024-01-14 20:45:00,1.0,20.0,0.7243412858443798,20.28452430736623,15.115663223716133,2.3466670000000005,0.0,0,0,0,0.0
2024-01-14 21:00:00,1.0,20.0,0.7243412858443798,20.212276918403347,15.115982782700405,1.991667,0.0,0,0,0,0.0
2024-01-14 21:15:00,1.0,20.0,0.7243412858443798,20.14074560003787,15.1145976079998,1.991667,0.0,0,0,0,0.0
2024-01-14 21:30:00,1.0,20.0,0.7243412858443798,20.070055439335032,15.112409599586975,1.991667,0.0,0,0,0,0.0
2024-01-14 21:45:00,2.0,15.6,0.7243412858443798,20.000187390615743,15.10944140301051,1.991667,0.0,0,0,0,0.0
2024-01-14 22:00:00,2.0,14.5,0.7243412858443798,19.930665531556883,15.103062330325198,0.755,0.0,0,0,0,0.0
2024-01-14 22:15:00,2.0,14.5,0.7243412858443798,19.86137296510488,15.092966787609075,0.755,0.0,0,0,0,0.0
2024-01-14 22:30:00,2.0,14.5,0.7243412858443798,19.792797401282975,15.082234653615986,0.755,0.0,0,0,0,0.0
2024-01-14 22:45:00,2.0,14.5,0.7243412858443798,19.724923139130535,15.070884461742049,0.755,0.0,0,0,0,0.0
2024-01-14 23:00:00,2.0,14.5,0.7243412858443798,19.657154238150397,15.055566491060466,-0.815,0.0,0,0,0,0.0
2024-01-14 23:15:00,2.0,14.5,0.7243412858443798,19.58935034511324,15.035883079624499,-0.815,0.0,0,0,0,0.0
2024-01-14 23:30:00,2.0,14.5,0.7243412858443798,19.522138475713618,15.015734812557694,-0.815,0.0,0,0,0,0.0
2024-01-14 23:45:00,2.0,14.5,0.7243412858443798,19.45550634496732,14.995136013044581,-0.815,0.0,0,0,0,0.0
