,Occupancy,T_set_HP,P_loss_HP,T_ref_HP,T_wall_HP,T_out_HP
2024-01-01 00:00:00,1.0,20.0,3.2720547894155825,19.899166143406983,16.074316598967744,12.0
2024-01-01 00:15:00,1.0,20.0,3.2720547894155825,19.695645840702188,16.219283127399244,12.0
2024-01-01 00:30:00,1.0,20.0,3.2720547894155825,19.609711717402035,16.344542898277254,12.0
2024-01-01 00:45:00,2.0,18.533333333333335,3.2720547894155825,20.289383128332062,16.476120522685626,12.0
2024-01-01 01:00:00,2.0,14.5,3.2720547894155825,20.38936856389096,16.62690438614258,12.0
2024-01-01 01:15:00,2.0,14.5,3.2720547894155825,20.18840061288009,16.76097441450963,12.0
2024-01-01 01:30:00,2.0,14.5,3.2720547894155825,20.004651594398446,16.875579376225854,12.0
2024-01-01 01:45:00,2.0,14.5,3.2720547894155825,19.83624210261072,16.972916497754838,12.0
2024-01-01 02:00:00,2.0,14.5,3.2720547894155825,19.68097918022116,17.04843199154185,11.0
2024-01-01 02:15:00,2.0,14.5,3.2720547894155825,19.5368808104372,17.10349546879278,11.0
2024-01-01 02:30:00,2.0,14.5,3.2720547894155825,19.403048687614408,17.147327542085993,11.0
2024-01-01 02:45:00,2.0,14.5,3.2720547894155825,19.278381219968303,17.18121341595468,11.0
2024-01-01 03:00:00,2.0,14.5,3.2720547894155825,19.16189907357261,17.20629507704853,11.0
2024-01-01 03:15:00,2.0,14.5,3.2720547894155825,19.052731574340587,17.223587227505277,11.0
2024-01-01 03:30:00,2.0,14.5,3.2720547894155825,18.950104622640954,17.233991445875873,11.0
2024-01-01 03:45:00,2.0,14.5,3.2720547894155825,18.853329952282365,17.238308772771,11.0
2024-01-01 04:00:00,2.0,14.5,3.2720547894155825,18.76179558431858,17.23725089646348,11.0
2024-01-01 04:15:00,2.0,18.9,3.2720547894155825,19.09855683674542,17.237761312850548,11.0
2024-01-01 04:30:00,2.0,15.6,3.2720547894155825,19.563822203461488,17.267757976406997,11.0
2024-01-01 04:45:00,2.0,14.5,3.2720547894155825,19.4917354748703,17.304625043224032,11.0
2024-01-01 05:00:00,2.0,14.5,3.2720547894155825,19.3699109075873,17.326228834054703,10.0
2024-01-01 05:15:00,2.0,14.5,3.2720547894155825,19.254785120226597,17.33271676214437,10.0
2024-01-01 05:30:00,2.0,17.8,3.2720547894155825,19.52675443990387,17.33885506404998,10.0
2024-01-01 05:45:00,2.0,18.9,3.2720547894155825,19.65212204390882,17.362790374840117,10.0
2024-01-01 06:00:00,2.0,14.5,3.2720547894155825,19.52420421507793,17.381691330212668,10.0
2024-01-01 06:15:00,2.0,14.5,3.2720547894155825,19.403881373291497,17.39261163989016,10.0
2024-01-01 06:30:00,2.0,14.5,3.2720547894155825,19.290355191006917,17.39648030823124,10.0
2024-01-01 06:45:00,1.0,15.966666666666667,3.2720547894155825,19.21149977897766,17.394193508682648,10.0
2024-01-01 07:00:00,2.0,16.333333333333332,3.2720547894155825,19.639779165435147,17.40073347341283,10.0
2024-01-01 07:15:00,2.0,14.5,3.2720547894155825,19.582916923050277,17.419677686316028,10.0
2024-01-01 07:30:00,1.0,16.333333333333332,3.2720547894155825,19.5090776910743,17.431341540862334,10.0
2024-01-01 07:45:00,1.0,20.0,3.2720547894155825,20.18274200244457,17.454853018945606,10.0
2024-01-01 08:00:00,1.0,20.0,3.2720547894155825,20.452192328574863,17.51104813396982,10.0
2024-01-01 08:15:00,1.0,20.0,3.2720547894155825,20.292183638074594,17.56222909433458,10.0
2024-01-01 08:30:00,1.0,20.0,3.2720547894155825,20.143070127554815,17.601599706497908,10.0
2024-01-01 08:45:00,1.0,20.0,3.2720547894155825,20.003688246091833,17.63051666791255,10.0
2024-01-01 09:00:00,1.0,20.0,3.2720547894155825,19.8741926575401,17.65020441808893,10.0
2024-01-01 09:15:00,1.0,20.0,3.2720547894155825,19.75374881611099,17.661822303562197,10.0
2024-01-01 09:30:00,1.0,20.0,3.2720547894155825,19.640143245473993,17.666335890302445,10.0
2024-01-01 09:45:00,1.0,20.0,3.2720547894155825,19.546970565226392,17.66459397038586,10.0
2024-01-01 10:00:00,1.0,20.0,3.2720547894155825,20.1319007111018,17.67784982156356,11.0
2024-01-01 10:15:00,1.0,20.0,3.2720547894155825,20.426281320074374,17.730614587857076,11.0
2024-01-01 10:30:00,1.0,20.0,3.2720547894155825,20.288735054599048,17.779869317344414,11.0
2024-01-01 10:45:00,1.0,20.0,3.2720547894155825,20.16082083154599,17.81862267067111,11.0
2024-01-01 11:00:00,1.0,20.0,3.2720547894155825,20.04442792511079,17.854622675417307,12.0
2024-01-01 11:15:00,1.0,20.0,3.2720547894155825,19.939307937020917,17.88948221212322,12.0
2024-01-01 11:30:00,1.0,20.0,3.2720547894155825,19.84140827018258,17.916500779521286,12.0
2024-01-01 11:45:00,1.0,20.0,3.2720547894155825,19.7499571131134,17.936578411318287,12.0
2024-01-01 12:00:00,1.0,20.0,3.2720547894155825,19.663312382906387,17.950499582521232,12.0
2024-01-01 12:15:00,1.0,20.0,3.2720547894155825,19.580795545946515,17.958903901850572,12.0
2024-01-01 12:30:00,1.0,20.0,3.2720547894155825,19.602669073926407,17.963027169199346,12.0
2024-01-01 12:45:00,1.0,20.0,3.2720547894155825,20.33571463466915,17.986894650574463,12.0
2024-01-01 13:00:00,1.0,20.0,3.2720547894155825,20.42644125833596,18.0368913584348,12.0
2024-01-01 13:15:00,1.0,20.0,3.2720547894155825,20.308520567505465,18.079685042724087,12.0
2024-01-01 13:30:00,1.0,20.0,3.2720547894155825,20.19888629433763,18.113438108162864,12.0
2024-01-01 13:45:00,1.0,20.0,3.2720547894155825,20.096650544754468,18.139186262004365,12.0
2024-01-01 14:00:00,1.0,20.0,3.2720547894155825,19.997846199729437,18.1577991136095,12.0
2024-01-01 14:15:00,1.0,20.0,3.2720547894155825,19.901543851610892,18.16985848634802,12.0
2024-01-01 14:30:00,1.0,19.666666666666668,3.2720547894155825,19.810849436396165,18.176053687921897,12.0
2024-01-01 14:45:00,1.0,19.333333333333332,3.2720547894155825,19.725174935270193,18.177068777158755,12.0
2024-01-01 15:00:00,1.0,20.0,3.2720547894155825,19.640917031887298,18.173462372162955,12.0
2024-01-01 15:15:00,1.0,20.0,3.2720547894155825,19.55739013223811,18.16554573130882,12.0
2024-01-01 15:30:00,1.0,20.0,3.2720547894155825,19.789222048405836,18.157592595912718,12.0
2024-01-01 15:45:00,1.0,20.0,3.2720547894155825,20.458017270210284,18.18125505709818,12.0
2024-01-01 16:00:00,1.0,20.0,3.2720547894155825,20.37742940776652,18.211471825145235,11.0
2024-01-01 16:15:00,1.0,20.0,3.2720547894155825,20.256100975007694,18.225970991941796,11.0
2024-01-01 16:30:00,1.0,20.0,3.2720547894155825,20.1418026530144,18.233128128333593,11.0
2024-01-01 16:45:00,3.0,16.666666666666668,3.2720547894155825,20.03379777186012,18.2338001539488,11.0
2024-01-01 17:00:00,1.0,17.666666666666668,3.2720547894155825,19.93143129083376,18.22874838244095,11.0
2024-01-01 17:15:00,1.0,20.0,3.2720547894155825,19.83412072020858,18.218649158709628,11.0
2024-01-01 17:30:00,1.0,20.0,3.2720547894155825,19.741348052861163,18.204103312819043,11.0
2024-01-01 17:45:00,1.0,20.0,3.2720547894155825,19.65265259340443,18.185644562245603,11.0
2024-01-01 18:00:00,1.0,20.0,3.2720547894155825,19.567624584995105,18.16374697944263,11.0
2024-01-01 18:15:00,1.0,20.0,3.2720547894155825,19.698740640788596,18.140929451968855,11.0
2024-01-01 18:30:00,1.0,20.0,3.2720547894155825,20.41808573149523,18.146695954448706,11.0
2024-01-01 18:45:00,1.0,20.0,3.2720547894155825,20.387336313659567,18.17201224644316,11.0
2024-01-01 19:00:00,1.0,20.0,3.2720547894155825,20.26349516132739,18.189651096774625,11.0
2024-01-01 19:15:00,1.0,20.0,3.2720547894155825,20.146973531359812,18.19960742453913,11.0
2024-01-01 19:30:00,1.0,20.0,3.2720547894155825,20.03700249016172,18.202775964333043,11.0
2024-01-01 19:45:00,1.0,20.0,3.2720547894155825,19.93289832286249,18.199951638658817,11.0
2024-01-01 20:00:00,1.0,20.0,3.2720547894155825,19.834053055783215,18.19184066303293,11.0
2024-01-01 20:15:00,1.0,20.0,3.2720547894155825,19.739926033172498,18.17907041574375,11.0
2024-01-01 20:30:00,1.0,20.0,3.2720547894155825,19.6500364309336,18.1621982096802,11.0
2024-01-01 20:45:00,1.0,20.0,3.2720547894155825,19.563956603111894,18.141719088365434,11.0
2024-01-01 21:00:00,1.0,20.0,3.2720547894155825,19.740613468443865,18.114444951060463,10.0
2024-01-01 21:15:00,1.0,20.0,3.2720547894155825,20.43571654161667,18.11077818947397,10.0
2024-01-01 21:30:00,2.0,18.533333333333335,3.2720547894155825,20.373493636863643,18.12445199581744,10.0
2024-01-01 21:45:00,2.0,14.5,3.2720547894155825,20.24672253122047,18.13073670196386,10.0
2024-01-01 22:00:00,2.0,14.5,3.2720547894155825,20.126847888699466,18.12993834276692,10.0
2024-01-01 22:15:00,2.0,14.5,3.2720547894155825,20.013153091071377,18.12288962396866,10.0
2024-01-01 22:30:00,2.0,14.5,3.2720547894155825,19.905000882394123,18.110330306674882,10.0
2024-01-01 22:45:00,2.0,14.5,3.2720547894155825,19.801824543210788,18.092917548753686,10.0
2024-01-01 23:00:00,2.0,14.5,3.2720547894155825,19.703120046515533,18.071235095837665,10.0
2024-01-01 23:15:00,2.0,14.5,3.2720547894155825,19.608439086275386,18.04580144990028,10.0
2024-01-01 23:30:00,2.0,14.5,3.2720547894155825,19.517382881444576,18.017077129141736,10.0
2024-01-01 23:45:00,2.0,14.5,3.2720547894155825,19.429596669205417,17.985471120267263,10.0
2024-01-02 00:00:00,2.0,14.5,3.2720547894155825,19.344764810766137,17.951346612996733,10.0
2024-01-02 00:15:00,2.0,14.5,3.2720547894155825,19.262606441574654,17.91502609665037,10.0
2024-01-02 00:30:00,2.0,14.5,3.2720547894155825,19.182871605387415,17.876795889773632,10.0
2024-01-02 00:45:00,2.0,14.5,3.2720547894155825,19.105337818369176,17.836910165870282,10.0
2024-01-02 01:00:00,2.0,14.5,3.2720547894155825,19.030329379849967,17.80210090109775,11.0
2024-01-02 01:15:00,2.0,14.5,3.2720547894155825,18.958166939674165,17.7729338572437,11.0
2024-01-02 01:30:00,2.0,14.5,3.2720547894155825,18.88827167249098,17.741907993609466,11.0
2024-01-02 01:45:00,2.0,14.5,3.2720547894155825,18.820431784603283,17.70926588579552,11.0
2024-01-02 02:00:00,2.0,14.5,3.2720547894155825,18.75393639440262,17.66871650427101,10.0
2024-01-02 02:15:00,2.0,14.5,3.2720547894155825,18.688120663689627,17.620085442700432,10.0
2024-01-02 02:30:00,2.0,14.5,3.2720547894155825,18.62325691174478,17.571221026389185,10.0
2024-01-02 02:45:00,2.0,14.5,3.2720547894155825,18.55928392093514,17.522188799717053,10.0
2024-01-02 03:00:00,2.0,14.5,3.2720547894155825,18.496146970066242,17.47304673819085,10.0
2024-01-02 03:15:00,2.0,14.5,3.2720547894155825,18.433797113914633,17.423846092356545,10.0
2024-01-02 03:30:00,2.0,14.5,3.2720547894155825,18.372190542890074,17.374632137820704,10.0
2024-01-02 03:45:00,2.0,14.5,3.2720547894155825,18.311288013913828,17.32544484182564,10.0
2024-01-02 04:00:00,2.0,16.7,3.2720547894155825,18.463301582749732,17.279021385868262,10.0
2024-01-02 04:15:00,1.0,17.066666666666666,3.2720547894155825,18.699454279190647,17.24966570762842,10.0
2024-01-02 04:30:00,1.0,20.0,3.2720547894155825,19.498309235047167,17.245816193972665,10.0
2024-01-02 04:45:00,1.0,20.0,3.2720547894155825,20.349135368010586,17.29099414091865,10.0
2024-01-02 05:00:00,1.0,20.0,3.2720547894155825,20.38778923578424,17.359963122421288,10.0
2024-01-02 05:15:00,1.0,20.0,3.2720547894155825,20.22155451372635,17.417735142236676,10.0
2024-01-02 05:30:00,1.0,20.0,3.2720547894155825,20.066871880863513,17.462932013438817,10.0
2024-01-02 05:45:00,2.0,16.333333333333332,3.2720547894155825,19.922504961724833,17.496995731885622,10.0
2024-01-02 06:00:00,2.0,14.5,3.2720547894155825,19.787354574183095,17.521207582730117,10.0
2024-01-02 06:15:00,2.0,14.5,3.2720547894155825,19.660443470413462,17.53670602005958,10.0
2024-01-02 06:30:00,1.0,15.966666666666667,3.2720547894155825,19.5456783324269,17.54450255758228,10.0
2024-01-02 06:45:00,1.0,20.0,3.2720547894155825,20.061138763978942,17.557213768259977,10.0
2024-01-02 07:00:00,2.0,16.333333333333332,3.2720547894155825,20.476645652429294,17.610306902009732,11.0
2024-01-02 07:15:00,1.0,20.0,3.2720547894155825,20.319719536016063,17.669919687296648,11.0
2024-01-02 07:30:00,3.0,16.0,3.2720547894155825,20.173955722129154,17.717324633276476,11.0
2024-01-02 07:45:00,3.0,17.0,3.2720547894155825,20.038156665722227,17.753918863107327,11.0
2024-01-02 08:00:00,1.0,18.333333333333332,3.2720547894155825,19.9116265090232,17.780949689909296,11.0
2024-01-02 08:15:00,1.0,20.0,3.2720547894155825,19.79344515123063,17.799547550050274,11.0
2024-01-02 08:30:00,1.0,20.0,3.2720547894155825,19.682338204096013,17.810696850334885,11.0
2024-01-02 08:45:00,1.0,20.0,3.2720547894155825,19.57756130319567,17.815263909673074,11.0
2024-01-02 09:00:00,1.0,20.0,3.2720547894155825,19.73838281094933,17.816898582301878,11.0
2024-01-02 09:15:00,3.0,16.0,3.2720547894155825,20.3221817952689,17.84493717969558,11.0
2024-01-02 09:30:00,3.0,15.0,3.2720547894155825,20.213475237352544,17.882230343681908,11.0
2024-01-02 09:45:00,3.0,15.0,3.2720547894155825,20.084974362697935,17.90998421069654,11.0
2024-01-02 10:00:00,1.0,18.0,3.2720547894155825,19.96688174358599,17.929176476173055,11.0
2024-01-02 10:15:00,1.0,20.0,3.2720547894155825,19.858510128270993,17.94097563346743,11.0
2024-01-02 10:30:00,1.0,20.0,3.2720547894155825,19.7563595387641,17.946293253169678,11.0
2024-01-02 10:45:00,1.0,20.0,3.2720547894155825,19.659778872946294,17.94588660401321,11.0
2024-01-02 11:00:00,1.0,20.0,3.2720547894155825,19.567055567359784,17.940410384265054,11.0
2024-01-02 11:15:00,1.0,20.0,3.2720547894155825,19.737423246265116,17.933256697973903,11.0
2024-01-02 11:30:00,1.0,20.0,3.2720547894155825,20.42829951978412,17.95532062559491,11.0
2024-01-02 11:45:00,1.0,20.0,3.2720547894155825,20.363372418374997,17.99279523670541,11.0
2024-01-02 12:00:00,1.0,20.0,3.2720547894155825,20.23553247315813,18.02766166000673,12.0
2024-01-02 12:15:00,1.0,20.0,3.2720547894155825,20.116547636365812,18.060759221379737,12.0
2024-01-02 12:30:00,1.0,20.0,3.2720547894155825,20.005413321222054,18.085403695232344,12.0
2024-01-02 12:45:00,1.0,20.0,3.2720547894155825,19.901294011059786,18.1025688764369,12.0
2024-01-02 13:00:00,1.0,20.0,3.2720547894155825,19.80290807528018,18.113111407811456,12.0
2024-01-02 13:15:00,1.0,20.0,3.2720547894155825,19.70955645291232,18.117760048445437,12.0
2024-01-02 13:30:00,1.0,20.0,3.2720547894155825,19.62128429258772,18.11719149151752,12.0
2024-01-02 13:45:00,1.0,20.0,3.2720547894155825,19.53756376738774,18.112019070720535,12.0
2024-01-02 14:00:00,1.0,20.0,3.2720547894155825,20.021732570732176,18.112461379521815,12.0
2024-01-02 14:15:00,1.0,20.0,3.2720547894155825,20.471792770078313,18.147754517494153,12.0
2024-01-02 14:30:00,1.0,20.0,3.2720547894155825,20.34600848786696,18.185289277358283,12.0
2024-01-02 14:45:00,1.0,20.0,3.2720547894155825,20.22865229655445,18.213718939438,12.0
2024-01-02 15:00:00,1.0,20.0,3.2720547894155825,20.117824625771824,18.2340749761176,12.0
2024-01-02 15:15:00,1.0,20.0,3.2720547894155825,20.012654936575874,18.24721375692363,12.0
2024-01-02 15:30:00,1.0,20.0,3.2720547894155825,19.91360797832049,18.25395046169041,12.0
2024-01-02 15:45:00,1.0,20.0,3.2720547894155825,19.820041774171944,18.255031917035193,12.0
2024-01-02 16:00:00,1.0,20.0,3.2720547894155825,19.730720039469215,18.24461297769308,11.0
2024-01-02 16:15:00,1.0,20.0,3.2720547894155825,19.644627905269694,18.222906936350643,11.0
2024-01-02 16:30:00,1.0,20.0,3.2720547894155825,19.561903658628484,18.198114460637736,11.0
2024-01-02 16:45:00,1.0,20.0,3.2720547894155825,19.742045874874698,18.173496042050072,11.0
2024-01-02 17:00:00,1.0,20.0,3.2720547894155825,20.441304886895413,18.179768263783924,11.0
2024-01-02 17:15:00,1.0,20.0,3.2720547894155825,20.383525685230097,18.20293997968222,11.0
2024-01-02 17:30:00,1.0,20.0,3.2720547894155825,20.26144877420869,18.218325925101862,11.0
2024-01-02 17:45:00,1.0,20.0,3.2720547894155825,20.14648572827748,18.226271631622634,11.0
2024-01-02 18:00:00,1.0,20.0,3.2720547894155825,20.03789055718804,18.22764494055486,11.0
2024-01-02 18:15:00,3.0,18.0,3.2720547894155825,19.934999936727593,18.223216872323867,11.0
2024-01-02 18:30:00,3.0,15.0,3.2720547894155825,19.837224015151545,18.213672398837613,11.0
2024-01-02 18:45:00,1.0,17.333333333333332,3.2720547894155825,19.744038242296053,18.199620017518388,11.0
2024-01-02 19:00:00,1.0,20.0,3.2720547894155825,19.654976107607595,18.181600260302016,11.0
2024-01-02 19:15:00,1.0,20.0,3.2720547894155825,19.56962268598122,18.160093256079286,11.0
2024-01-02 19:30:00,1.0,20.0,3.2720547894155825,19.700449997253404,18.137623275146844,11.0
2024-01-02 19:45:00,1.0,20.0,3.2720547894155825,20.419538929801263,18.143699076109968,11.0
2024-01-02 20:00:00,1.0,20.0,3.2720547894155825,20.38803994751663,18.162784300558283,10.0
2024-01-02 20:15:00,1.0,20.0,3.2720547894155825,20.26245558957773,18.167289953484314,10.0
2024-01-02 20:30:00,2.0,18.533333333333335,3.2720547894155825,20.1436160044395,18.164893011152767,10.0
2024-01-02 20:45:00,1.0,15.233333333333333,3.2720547894155825,20.030821585985056,18.15640622603576,10.0
2024-01-02 21:00:00,1.0,20.0,3.2720547894155825,19.92345019698291,18.142551624720287,10.0
2024-01-02 21:15:00,1.0,20.0,3.2720547894155825,19.820948553914487,18.123970602498066,10.0
2024-01-02 21:30:00,1.0,20.0,3.2720547894155825,19.72282457013897,18.101232895014117,10.0
2024-01-02 21:45:00,2.0,19.633333333333333,3.2720547894155825,19.628640550789893,18.07484455189051,10.0
2024-01-02 22:00:00,1.0,15.966666666666667,3.2720547894155825,19.53800714465663,18.04525502334603,10.0
2024-01-02 22:15:00,2.0,19.633333333333333,3.2720547894155825,20.01413959345393,18.022533263023146,10.0
2024-01-02 22:30:00,2.0,14.5,3.2720547894155825,20.385266601093807,18.033970604308994,10.0
2024-01-02 22:45:00,2.0,14.5,3.2720547894155825,20.2533016609333,18.046879199646387,10.0
2024-01-02 23:00:00,2.0,14.5,3.2720547894155825,20.1288381953625,18.05199202626883,10.0
2024-01-02 23:15:00,2.0,14.5,3.2720547894155825,20.01109209331974,18.050220901954265,10.0
2024-01-02 23:30:00,2.0,14.5,3.2720547894155825,19.899366115298335,18.042375900580975,10.0
2024-01-02 23:45:00,2.0,14.5,3.2720547894155825,19.79304023220147,18.02917667235106,10.0
2024-01-03 00:00:00,2.0,14.5,3.2720547894155825,19.6910406744262,18.004756134931753,9.0
2024-01-03 00:15:00,2.0,14.5,3.2720547894155825,19.592380019177032,17.969316612096726,9.0
2024-01-03 00:30:00,2.0,14.5,3.2720547894155825,19.497043821623844,17.931041195017777,9.0
2024-01-03 00:45:00,2.0,14.5,3.2720547894155825,19.404715936273544,17.89029289821315,9.0
2024-01-03 01:00:00,2.0,14.5,3.2720547894155825,19.3151150092913,17.847394020785,9.0
2024-01-03 01:15:00,2.0,14.5,3.2720547894155825,19.227990610905007,17.802630677956774,9.0
2024-01-03 01:30:00,2.0,14.5,3.2720547894155825,19.143119798023815,17.7562568285043,9.0
2024-01-03 01:45:00,2.0,14.5,3.2720547894155825,19.06030405921393,17.70849785415773,9.0
2024-01-03 02:00:00,2.0,14.5,3.2720547894155825,18.978844235035197,17.65304737101242,8.0
2024-01-03 02:15:00,2.0,14.5,3.2720547894155825,18.898085823486273,17.58971725374258,8.0
2024-01-03 02:30:00,2.0,14.5,3.2720547894155825,18.818310248826375,17.52634356263574,8.0
2024-01-03 02:45:00,2.0,14.5,3.2720547894155825,18.739464304714442,17.462980869791817,8.0
2024-01-03 03:00:00,2.0,14.5,3.2720547894155825,18.66150030979027,17.399677327873608,8.0
2024-01-03 03:15:00,2.0,14.5,3.2720547894155825,18.584375495835495,17.336475386654175,8.0
2024-01-03 03:30:00,2.0,14.5,3.2720547894155825,18.508051463976408,17.27341242983815,8.0
2024-01-03 03:45:00,2.0,15.6,3.2720547894155825,18.573443134971697,17.212880022540244,8.0
2024-01-03 04:00:00,1.0,17.433333333333334,3.2720547894155825,18.69334541955843,17.167966271750398,9.0
2024-01-03 04:15:00,1.0,20.0,3.2720547894155825,19.523936587954445,17.156864533993634,9.0
2024-01-03 04:30:00,2.0,19.266666666666666,3.2720547894155825,20.339292977139397,17.195247609361594,9.0
2024-01-03 04:45:00,2.0,14.5,3.2720547894155825,20.330898839068958,17.254736863916904,9.0
2024-01-03 05:00:00,2.0,14.5,3.2720547894155825,20.161047087403094,17.302718198154757,9.0
2024-01-03 05:15:00,2.0,14.5,3.2720547894155825,20.00243920811965,17.338583953056453,9.0
2024-01-03 05:30:00,2.0,14.5,3.2720547894155825,19.85387809654405,17.363729418080588,9.0
2024-01-03 05:45:00,2.0,14.5,3.2720547894155825,19.714299437880875,17.379394336637823,9.0
2024-01-03 06:00:00,2.0,15.6,3.2720547894155825,19.582756938260882,17.38668021142904,9.0
2024-01-03 06:15:00,1.0,17.8,3.2720547894155825,19.628885361669862,17.38803719494513,9.0
2024-01-03 06:30:00,1.0,20.0,3.2720547894155825,20.354535400227967,17.41221647739328,9.0
2024-01-03 06:45:00,1.0,20.0,3.2720547894155825,20.356339937587975,17.458107994973467,9.0
2024-01-03 07:00:00,1.0,20.0,3.2720547894155825,20.19546891966286,17.493930286311187,9.0
2024-01-03 07:15:00,1.0,20.0,3.2720547894155825,20.044759902009933,17.518916170106635,9.0
2024-01-03 07:30:00,1.0,20.0,3.2720547894155825,19.903136708999178,17.53431915521555,9.0
2024-01-03 07:45:00,1.0,20.0,3.2720547894155825,19.76964249861222,17.541252972558834,9.0
2024-01-03 08:00:00,1.0,20.0,3.2720547894155825,19.643689512007317,17.540711320768956,9.0
2024-01-03 08:15:00,1.0,20.0,3.2720547894155825,19.553124033039772,17.53366362360929,9.0
2024-01-03 08:30:00,1.0,20.0,3.2720547894155825,20.178114195326625,17.53724054649921,9.0
2024-01-03 08:45:00,1.0,20.0,3.2720547894155825,20.450381785310405,17.573941563216703,9.0
2024-01-03 09:00:00,1.0,20.0,3.2720547894155825,20.291423192303892,17.60704170677071,9.0
2024-01-03 09:15:00,1.0,20.0,3.2720547894155825,20.14280139455815,17.62960084019869,9.0
2024-01-03 09:30:00,1.0,20.0,3.2720547894155825,20.00303419947921,17.642847879047107,9.0
2024-01-03 09:45:00,1.0,20.0,3.2720547894155825,19.871190479522273,17.647866423917165,9.0
2024-01-03 10:00:00,3.0,16.333333333333332,3.2720547894155825,19.746806751976802,17.645625012221537,9.0
2024-01-03 10:15:00,3.0,15.0,3.2720547894155825,19.62917291867429,17.63700599530011,9.0
2024-01-03 10:30:00,1.0,16.333333333333332,3.2720547894155825,19.545790492457098,17.622844268991614,9.0
2024-01-03 10:45:00,1.0,20.0,3.2720547894155825,20.177230649824878,17.620156993082063,9.0
2024-01-03 11:00:00,3.0,15.0,3.2720547894155825,20.455341469211763,17.65134941674035,9.0
2024-01-03 11:15:00,1.0,19.333333333333332,3.2720547894155825,20.301327756662094,17.679609697221288,9.0
2024-01-03 11:30:00,1.0,20.0,3.2720547894155825,20.15673719916949,17.697896002289855,9.0
2024-01-03 11:45:00,1.0,20.0,3.2720547894155825,20.020575642406367,17.707365754604993,9.0
2024-01-03 12:00:00,1.0,20.0,3.2720547894155825,19.892258055981173,17.709052055285913,9.0
2024-01-03 12:15:00,1.0,20.0,3.2720547894155825,19.771019860515114,17.70389070048275,9.0
2024-01-03 12:30:00,1.0,18.0,3.2720547894155825,19.655811276216465,17.6926968386177,9.0
2024-01-03 12:45:00,1.0,20.0,3.2720547894155825,19.546013877116568,17.676187873216985,9.0
2024-01-03 13:00:00,1.0,20.0,3.2720547894155825,20.00416514120793,17.664663321909792,9.0
2024-01-03 13:15:00,1.0,20.0,3.2720547894155825,20.42814382990573,17.68738789810706,9.0
2024-01-03 13:30:00,1.0,20.0,3.2720547894155825,20.276994798637183,17.711816775277246,9.0
2024-01-03 13:45:00,1.0,20.0,3.2720547894155825,20.134926211550653,17.72667658258627,9.0
2024-01-03 14:00:00,1.0,20.0,3.2720547894155825,20.000647077901856,17.726576466281823,8.0
2024-01-03 14:15:00,1.0,20.0,3.2720547894155825,19.872823886384918,17.712153216662053,8.0
2024-01-03 14:30:00,1.0,20.0,3.2720547894155825,19.750902880249978,17.691965871893068,8.0
2024-01-03 14:45:00,1.0,20.0,3.2720547894155825,19.63428584086277,17.666707321833503,8.0
2024-01-03 15:00:00,1.0,20.0,3.2720547894155825,19.569541618937496,17.643660013885103,9.0
2024-01-03 15:15:00,1.0,20.0,3.2720547894155825,20.22585234501686,17.642408833072828,9.0
2024-01-03 15:30:00,3.0,18.0,3.2720547894155825,20.38459097416979,17.671105644788785,9.0
2024-01-03 15:45:00,1.0,16.333333333333332,3.2720547894155825,20.233143737582637,17.694280384430613,9.0
2024-01-03 16:00:00,1.0,20.0,3.2720547894155825,20.09068119020356,17.707952844330357,9.0
2024-01-03 16:15:00,1.0,20.0,3.2720547894155825,19.956249967277195,17.71322500401722,9.0
2024-01-03 16:30:00,1.0,20.0,3.2720547894155825,19.829061404047557,17.711078506082742,9.0
2024-01-03 16:45:00,1.0,20.0,3.2720547894155825,19.70836392023261,17.702386531966717,9.0
2024-01-03 17:00:00,1.0,20.0,3.2720547894155825,19.593489162132986,17.68792479388452,9.0
2024-01-03 17:15:00,1.0,20.0,3.2720547894155825,19.696683842845584,17.670480202969056,9.0
2024-01-03 17:30:00,3.0,15.333333333333334,3.2720547894155825,20.13192964990923,17.67495517270828,9.0
2024-01-03 17:45:00,3.0,15.0,3.2720547894155825,19.998230142267563,17.68482152928411,9.0
2024-01-03 18:00:00,1.0,16.333333333333332,3.2720547894155825,19.86690221481747,17.68026110424247,8.0
2024-01-03 18:15:00,1.0,20.0,3.2720547894155825,19.74144096241817,17.661821501975243,8.0
2024-01-03 18:30:00,1.0,20.0,3.2720547894155825,19.621555903967753,17.638008548761952,8.0
2024-01-03 18:45:00,1.0,20.0,3.2720547894155825,19.60636841928686,17.610087730498616,8.0
2024-01-03 19:00:00,1.0,20.0,3.2720547894155825,20.326358277101885,17.602264877884675,8.0
2024-01-03 19:15:00,1.0,20.0,3.2720547894155825,20.42564124809044,17.62343439894578,8.0
2024-01-03 19:30:00,1.0,20.0,3.2720547894155825,20.26830878088991,17.638146180479207,8.0
2024-01-03 19:45:00,1.0,19.666666666666668,3.2720547894155825,20.119885438980567,17.64360862880043,8.0
2024-01-03 20:00:00,3.0,15.666666666666666,3.2720547894155825,19.979440444545343,17.64090404627896,8.0
2024-01-03 20:15:00,3.0,15.0,3.2720547894155825,19.846146136990942,17.630993964959224,8.0
2024-01-03 20:30:00,3.0,15.0,3.2720547894155825,19.719266505116888,17.61473258372292,8.0
2024-01-03 20:45:00,3.0,15.0,3.2720547894155825,19.598146994949463,17.59287871067816,8.0
2024-01-03 21:00:00,1.0,18.333333333333332,3.2720547894155825,19.695046547041787,17.56820420032648,8.0
2024-01-03 21:15:00,1.0,20.0,3.2720547894155825,20.41958147268822,17.570926234580888,8.0
2024-01-03 21:30:00,1.0,20.0,3.2720547894155825,20.388013584523637,17.594493012830927,8.0
2024-01-03 21:45:00,1.0,20.0,3.2720547894155825,20.231167714183872,17.60914693358809,8.0
2024-01-03 22:00:00,2.0,14.866666666666667,3.2720547894155825,20.08268042453087,17.608074577905846,7.0
2024-01-03 22:15:00,2.0,14.5,3.2720547894155825,19.94112688018391,17.591989270752165,7.0
2024-01-03 22:30:00,2.0,14.5,3.2720547894155825,19.806103803536026,17.56952819131992,7.0
2024-01-03 22:45:00,2.0,14.5,3.2720547894155825,19.67694939263836,17.54145786050265,7.0
2024-01-03 23:00:00,2.0,14.5,3.2720547894155825,19.553075011116114,17.50845912933463,7.0
2024-01-03 23:15:00,2.0,14.5,3.2720547894155825,19.433957052385136,17.47113671175546,7.0
2024-01-03 23:30:00,2.0,14.5,3.2720547894155825,19.319129708873657,17.430027656926686,7.0
2024-01-03 23:45:00,2.0,14.5,3.2720547894155825,19.20817854557625,17.385608879065224,7.0
2024-01-04 00:00:00,2.0,14.5,3.2720547894155825,19.100734788465925,17.338303849635988,7.0
2024-01-04 00:15:00,2.0,14.5,3.2720547894155825,18.996470248243494,17.28848854508316,7.0
2024-01-04 00:30:00,2.0,14.5,3.2720547894155825,18.89509280874918,17.23649673291447,7.0
2024-01-04 00:45:00,2.0,14.5,3.2720547894155825,18.796342417223386,17.182624669740555,7.0
2024-01-04 01:00:00,2.0,14.5,3.2720547894155825,18.699987520590927,17.127135276683678,7.0
2024-01-04 01:15:00,2.0,14.5,3.2720547894155825,18.60582189815301,17.070261850293708,7.0
2024-01-04 01:30:00,2.0,14.5,3.2720547894155825,18.51366184659065,17.01221136064179,7.0
2024-01-04 01:45:00,2.0,14.5,3.2720547894155825,18.42334367808832,16.953167382514273,7.0
2024-01-04 02:00:00,2.0,14.5,3.2720547894155825,18.334721496746447,16.89329270052121,7.0
2024-01-04 02:15:00,2.0,14.5,3.2720547894155825,18.24766522232596,16.83273162439332,7.0
2024-01-04 02:30:00,2.0,14.5,3.2720547894155825,18.162058833811646,16.771612046706295,7.0
2024-01-04 02:45:00,2.0,14.5,3.2720547894155825,18.077798808341804,16.710047271685106,7.0
2024-01-04 03:00:00,2.0,14.5,3.2720547894155825,17.994792733771718,16.64813764055354,7.0
2024-01-04 03:15:00,2.0,14.5,3.2720547894155825,17.91295807555597,16.585971976061433,7.0
2024-01-04 03:30:00,2.0,14.5,3.2720547894155825,17.832221080783288,16.52362886630457,7.0
2024-01-04 03:45:00,2.0,14.5,3.2720547894155825,17.752515804107116,16.461177805714417,7.0
2024-01-04 04:00:00,1.0,15.6,3.2720547894155825,17.68757017126626,16.39219157639215,6.0
2024-01-04 04:15:00,1.0,19.633333333333333,3.2720547894155825,18.286922757124056,16.33030289367829,6.0
2024-01-04 04:30:00,2.0,14.866666666666667,3.2720547894155825,18.73186050635358,16.309672816741976,6.0
2024-01-04 04:45:00,2.0,14.5,3.2720547894155825,18.597940187010995,16.295179306728016,6.0
2024-01-04 05:00:00,2.0,14.5,3.2720547894155825,18.465691428385018,16.274370426334958,6.0
2024-01-04 05:15:00,2.0,14.5,3.2720547894155825,18.339251061317405,16.24798852708296,6.0
2024-01-04 05:30:00,2.0,14.5,3.2720547894155825,18.21803541225382,16.21670888603504,6.0
2024-01-04 05:45:00,2.0,14.5,3.2720547894155825,18.101525297585358,16.181131274037316,6.0
2024-01-04 06:00:00,1.0,18.533333333333335,3.2720547894155825,18.249088517237727,16.14466692389865,6.0
2024-01-04 06:15:00,1.0,20.0,3.2720547894155825,19.129700145460582,16.14026410285704,6.0
2024-01-04 06:30:00,1.0,20.0,3.2720547894155825,20.009987012331585,16.18465205374288,6.0
2024-01-04 06:45:00,1.0,18.9,3.2720547894155825,20.41846911381985,16.266070900324515,6.0
2024-01-04 07:00:00,1.0,20.0,3.2720547894155825,20.194822392660303,16.34315763348629,6.0
2024-01-04 07:15:00,3.0,19.333333333333332,3.2720547894155825,19.982141719694024,16.403133172187783,6.0
2024-01-04 07:30:00,1.0,18.666666666666668,3.2720547894155825,19.783534820854705,16.447945067224925,6.0
2024-01-04 07:45:00,1.0,20.0,3.2720547894155825,19.597503361887743,16.479339698196224,6.0
2024-01-04 08:00:00,1.0,20.0,3.2720547894155825,19.851339632239206,16.505183954203517,6.0
2024-01-04 08:15:00,1.0,20.0,3.2720547894155825,20.44882034162651,16.560199383995148,6.0
2024-01-04 08:30:00,1.0,20.0,3.2720547894155825,20.28007546190003,16.62133395663103,6.0
2024-01-04 08:45:00,1.0,20.0,3.2720547894155825,20.0775901519632,16.667344670862267,6.0
2024-01-04 09:00:00,1.0,20.0,3.2720547894155825,19.888468499890223,16.699663015150545,6.0
2024-01-04 09:15:00,1.0,20.0,3.2720547894155825,19.7113881163407,16.71991233524647,6.0
2024-01-04 09:30:00,3.0,18.333333333333332,3.2720547894155825,19.54452205497557,16.72950642064093,6.0
2024-01-04 09:45:00,1.0,16.666666666666668,3.2720547894155825,19.434383027941184,16.72986614372418,6.0
2024-01-04 10:00:00,1.0,20.0,3.2720547894155825,20.07817631986781,16.740920405869826,6.0
2024-01-04 10:15:00,1.0,20.0,3.2720547894155825,20.448346618617013,16.78750726664861,6.0
2024-01-04 10:30:00,1.0,20.0,3.2720547894155825,20.247389947954105,16.83138540308435,6.0
2024-01-04 10:45:00,1.0,20.0,3.2720547894155825,20.059083351137474,16.861784687163027,6.0
2024-01-04 11:00:00,1.0,20.0,3.2720547894155825,19.882623142624393,16.880273362972677,6.0
2024-01-04 11:15:00,1.0,20.0,3.2720547894155825,19.716857039112718,16.888276955330067,6.0
2024-01-04 11:30:00,1.0,20.0,3.2720547894155825,19.56487346474089,16.88703294202649,6.0
2024-01-04 11:45:00,1.0,20.0,3.2720547894155825,20.044588811241162,16.889346532479312,6.0
2024-01-04 12:00:00,1.0,20.0,3.2720547894155825,20.425313945360582,16.924348654306677,6.0
2024-01-04 12:15:00,1.0,20.0,3.2720547894155825,20.233954510014534,16.9579719690064,6.0
2024-01-04 12:30:00,1.0,20.0,3.2720547894155825,20.05422773614676,16.979301646112667,6.0
2024-01-04 12:45:00,1.0,20.0,3.2720547894155825,19.884907326101068,16.989765235606832,6.0
2024-01-04 13:00:00,2.0,18.166666666666668,3.2720547894155825,19.72454907093208,16.99062542264239,6.0
2024-01-04 13:15:00,2.0,14.5,3.2720547894155825,19.572158086084627,16.98298276229664,6.0
2024-01-04 13:30:00,1.0,17.433333333333334,3.2720547894155825,19.56003880541731,16.968817202977473,6.0
2024-01-04 13:45:00,1.0,20.0,3.2720547894155825,20.28736264716559,16.975060298082987,6.0
2024-01-04 14:00:00,1.0,20.0,3.2720547894155825,20.35696536388978,17.008309559782866,6.0
2024-01-04 14:15:00,1.0,20.0,3.2720547894155825,20.171487681786235,17.03271749679956,6.0
2024-01-04 14:30:00,1.0,20.0,3.2720547894155825,19.99687069322073,17.045752657454408,6.0
2024-01-04 14:45:00,1.0,20.0,3.2720547894155825,19.8319748000431,17.0487408861759,6.0
2024-01-04 15:00:00,1.0,20.0,3.2720547894155825,19.674942866769904,17.042846657687118,6.0
2024-01-04 15:15:00,1.0,20.0,3.2720547894155825,19.57239581129343,17.02923044676667,6.0
2024-01-04 15:30:00,1.0,20.0,3.2720547894155825,20.20802775802279,17.027612306572323,6.0
2024-01-04 15:45:00,1.0,20.0,3.2720547894155825,20.388457720445853,17.05656999633812,6.0
2024-01-04 16:00:00,3.0,17.333333333333332,3.2720547894155825,20.201935512952744,17.079383981191167,6.0
2024-01-04 16:15:00,3.0,15.0,3.2720547894155825,20.02617604641733,17.09087359025977,6.0
2024-01-04 16:30:00,1.0,16.666666666666668,3.2720547894155825,19.860118675214817,17.092358763868948,6.0
2024-01-04 16:45:00,1.0,20.0,3.2720547894155825,19.702753228017166,17.08501361362857,6.0
2024-01-04 17:00:00,1.0,20.0,3.2720547894155825,19.55795697780402,17.069881213134057,6.0
2024-01-04 17:15:00,1.0,20.0,3.2720547894155825,20.04378324385829,17.05960605434084,6.0
2024-01-04 17:30:00,1.0,20.0,3.2720547894155825,20.429507042616372,17.083173701392656,6.0
2024-01-04 17:45:00,1.0,20.0,3.2720547894155825,20.242130865562633,17.106378149876782,6.0
2024-01-04 18:00:00,1.0,20.0,3.2720547894155825,20.06565293733001,17.118189863839692,6.0
2024-01-04 18:15:00,1.0,20.0,3.2720547894155825,19.89893070013604,17.119937987002665,6.0
2024-01-04 18:30:00,1.0,20.0,3.2720547894155825,19.74094820532387,17.112803375055183,6.0
2024-01-04 18:45:00,1.0,20.0,3.2720547894155825,19.590802032750755,17.097835094310675,6.0
2024-01-04 19:00:00,1.0,20.0,3.2720547894155825,19.81530151442309,17.08093410102044,6.0
2024-01-04 19:15:00,1.0,20.0,3.2720547894155825,20.434182293293965,17.0953762841282,6.0
2024-01-04 19:30:00,1.0,20.0,3.2720547894155825,20.292774672641702,17.120210302558203,6.0
2024-01-04 19:45:00,1.0,20.0,3.2720547894155825,20.114369449542963,17.13376703277162,6.0
2024-01-04 20:00:00,1.0,20.0,3.2720547894155825,19.945385946260913,17.13053665114045,5.0
2024-01-04 20:15:00,2.0,15.966666666666667,3.2720547894155825,19.784290429291442,17.11135878822103,5.0
2024-01-04 20:30:00,2.0,14.5,3.2720547894155825,19.63058277106979,17.084982820306433,5.0
2024-01-04 20:45:00,2.0,14.5,3.2720547894155825,19.483515028073445,17.05227492674388,5.0
2024-01-04 21:00:00,1.0,16.333333333333332,3.2720547894155825,19.38948200177033,17.00767473969372,4.0
2024-01-04 21:15:00,1.0,20.0,3.2720547894155825,20.045209193713045,16.970318072907965,4.0
2024-01-04 21:30:00,1.0,20.0,3.2720547894155825,20.423857924076966,16.97232110759446,4.0
2024-01-04 21:45:00,1.0,20.0,3.2720547894155825,20.228681542632092,16.975020061047935,4.0
2024-01-04 22:00:00,1.0,20.0,3.2720547894155825,20.042724817241645,16.95426423929255,2.0
2024-01-04 22:15:00,2.0,14.866666666666667,3.2720547894155825,19.86393221411536,16.910555276796167,2.0
2024-01-04 22:30:00,2.0,14.5,3.2720547894155825,19.69220325474131,16.860345663436416,2.0
2024-01-04 22:45:00,2.0,14.5,3.2720547894155825,19.526842145547654,16.804438243608168,2.0
2024-01-04 23:00:00,2.0,14.5,3.2720547894155825,19.36722986216535,16.74354599384895,2.0
2024-01-04 23:15:00,2.0,14.5,3.2720547894155825,19.21281561402174,16.67830202369416,2.0
2024-01-04 23:30:00,2.0,14.5,3.2720547894155825,19.063109258384724,16.60926846400612,2.0
2024-01-04 23:45:00,2.0,14.5,3.2720547894155825,18.91767455824054,16.53694436653477,2.0
2024-01-05 00:00:00,2.0,14.5,3.2720547894155825,18.77612319013702,16.46177272470135,2.0
2024-01-05 00:15:00,2.0,14.5,3.2720547894155825,18.638109418566167,16.38414671336062,2.0
2024-01-05 00:30:00,2.0,14.5,3.2720547894155825,18.50332536274005,16.30441523442287,2.0
2024-01-05 00:45:00,2.0,14.5,3.2720547894155825,18.371496789862345,16.22288784555245,2.0
2024-01-05 01:00:00,2.0,14.5,3.2720547894155825,18.242379376328042,16.13983914056969,2.0
2024-01-05 01:15:00,2.0,14.5,3.2720547894155825,18.115755384799098,16.055512642549175,2.0
2024-01-05 01:30:00,2.0,14.5,3.2720547894155825,17.99143071089401,15.97012426382231,2.0
2024-01-05 01:45:00,2.0,14.5,3.2720547894155825,17.869232258375625,15.883865381062154,2.0
2024-01-05 02:00:00,2.0,14.5,3.2720547894155825,17.748483241832094,15.79039919846815,1.0
2024-01-05 02:15:00,2.0,14.5,3.2720547894155825,17.62854883192374,15.689510373605106,1.0
2024-01-05 02:30:00,2.0,14.5,3.2720547894155825,17.50972772619625,15.589010590368979,1.0
2024-01-05 02:45:00,2.0,14.5,3.2720547894155825,17.391981860607235,15.488932570494699,1.0
2024-01-05 03:00:00,2.0,14.5,3.2720547894155825,17.27527680362883,15.389304862612608,1.0
2024-01-05 03:15:00,2.0,14.5,3.2720547894155825,17.159581356386674,15.290152310205967,1.0
2024-01-05 03:30:00,2.0,14.5,3.2720547894155825,17.044867197249925,15.191496467486457,1.0
2024-01-05 03:45:00,2.0,14.5,3.2720547894155825,16.93110856592784,15.093355968981507,1.0
2024-01-05 04:00:00,2.0,14.5,3.2720547894155825,16.81775961821552,14.989240488181803,0.0
2024-01-05 04:15:00,1.0,18.166666666666668,3.2720547894155825,16.945133091730323,14.881570957655907,0.0
2024-01-05 04:30:00,2.0,18.533333333333335,3.2720547894155825,17.742544000047975,14.80797079192691,0.0
2024-01-05 04:45:00,2.0,16.7,3.2720547894155825,18.143250189077026,14.774504171271685,0.0
2024-01-05 05:00:00,1.0,15.233333333333333,3.2720547894155825,18.106172146827994,14.754439375740317,0.0
2024-01-05 05:15:00,2.0,18.166666666666668,3.2720547894155825,18.495034670138086,14.73861823675369,0.0
2024-01-05 05:30:00,2.0,14.5,3.2720547894155825,18.53438506282449,14.743277812660994,0.0
2024-01-05 05:45:00,2.0,14.5,3.2720547894155825,18.319393673731728,14.73942391606633,0.0
2024-01-05 06:00:00,2.0,14.5,3.2720547894155825,18.11536296244787,14.724520938025076,0.0
2024-01-05 06:15:00,2.0,14.5,3.2720547894155825,17.92116453799108,14.699878498274431,0.0
2024-01-05 06:30:00,2.0,14.5,3.2720547894155825,17.73579489448988,14.66665996916675,0.0
2024-01-05 06:45:00,1.0,18.166666666666668,3.2720547894155825,17.771202619097256,14.627996571515213,0.0
2024-01-05 07:00:00,1.0,20.0,3.2720547894155825,18.569490316623728,14.615407897341665,0.0
2024-01-05 07:15:00,2.0,19.633333333333333,3.2720547894155825,19.394199297801084,14.648841076153252,0.0
2024-01-05 07:30:00,1.0,19.266666666666666,3.2720547894155825,19.61424600486309,14.7137511423974,0.0
2024-01-05 07:45:00,3.0,16.666666666666668,3.2720547894155825,19.692469259068577,14.77621148152554,0.0
2024-01-05 08:00:00,1.0,15.666666666666666,3.2720547894155825,19.493213070643016,14.840789863255598,1.0
2024-01-05 08:15:00,1.0,20.0,3.2720547894155825,19.864104377083756,14.906152518674052,1.0
2024-01-05 08:30:00,3.0,19.333333333333332,3.2720547894155825,20.425543799028564,15.000069666562345,1.0
2024-01-05 08:45:00,3.0,15.0,3.2720547894155825,20.195942632418397,15.095629217928376,1.0
2024-01-05 09:00:00,1.0,15.333333333333334,3.2720547894155825,19.914903709632725,15.169568500403985,1.0
2024-01-05 09:15:00,1.0,20.0,3.2720547894155825,19.652504647668543,15.2238336933192,1.0
2024-01-05 09:30:00,1.0,20.0,3.2720547894155825,19.77408274717516,15.265668896401708,1.0
2024-01-05 09:45:00,1.0,20.0,3.2720547894155825,20.3877112482246,15.330944387182663,1.0
2024-01-05 10:00:00,1.0,19.0,3.2720547894155825,20.205763686271812,15.41025323681717,2.0
2024-01-05 10:15:00,1.0,20.0,3.2720547894155825,19.942380635834517,15.477639585570337,2.0
2024-01-05 10:30:00,1.0,20.0,3.2720547894155825,19.69607766238756,15.526704396858195,2.0
2024-01-05 10:45:00,1.0,20.0,3.2720547894155825,19.677881581439355,15.56165952823085,2.0
2024-01-05 11:00:00,1.0,20.0,3.2720547894155825,20.358649193132692,15.614646213592911,2.0
2024-01-05 11:15:00,1.0,20.0,3.2720547894155825,20.30591310883376,15.68520704088429,2.0
2024-01-05 11:30:00,1.0,20.0,3.2720547894155825,20.053111277396837,15.739659724439615,2.0
2024-01-05 11:45:00,1.0,20.0,3.2720547894155825,19.816185366749252,15.777205608422152,2.0
2024-01-05 12:00:00,1.0,20.0,3.2720547894155825,19.59383846871484,15.806305670650545,3.0
2024-01-05 12:15:00,1.0,20.0,3.2720547894155825,19.94862540963295,15.838723545500292,3.0
2024-01-05 12:30:00,1.0,20.0,3.2720547894155825,20.40344525692222,15.899961261230528,3.0
2024-01-05 12:45:00,1.0,20.0,3.2720547894155825,20.171050017486905,15.959755314964124,3.0
2024-01-05 13:00:00,1.0,20.0,3.2720547894155825,19.939537149518127,16.00266211593227,3.0
2024-01-05 13:15:00,1.0,20.0,3.2720547894155825,19.721583056585754,16.03052618982969,3.0
2024-01-05 13:30:00,1.0,20.0,3.2720547894155825,19.587637606204204,16.0454329595222,3.0
2024-01-05 13:45:00,1.0,20.0,3.2720547894155825,20.21739959292262,16.070238996859878,3.0
2024-01-05 14:00:00,1.0,20.0,3.2720547894155825,20.348113664902534,16.128446235689214,4.0
2024-01-05 14:15:00,1.0,20.0,3.2720547894155825,20.116884036602904,16.183237406480234,4.0
2024-01-05 14:30:00,1.0,20.0,3.2720547894155825,19.90042809438096,16.2222336404622,4.0
2024-01-05 14:45:00,1.0,20.0,3.2720547894155825,19.69717921025061,16.247260016579176,4.0
2024-01-05 15:00:00,1.0,20.0,3.2720547894155825,19.60427069689833,16.260535338155595,4.0
2024-01-05 15:15:00,1.0,20.0,3.2720547894155825,20.27035891685017,16.28714896708005,4.0
2024-01-05 15:30:00,1.0,20.0,3.2720547894155825,20.352149502505334,16.33922057071679,4.0
2024-01-05 15:45:00,1.0,20.0,3.2720547894155825,20.128930995305,16.380172682090368,4.0
2024-01-05 16:00:00,1.0,20.0,3.2720547894155825,19.918991313287446,16.40373938939398,3.55
2024-01-05 16:15:00,1.0,20.0,3.2720547894155825,19.72065571930406,16.411423026798232,3.55
2024-01-05 16:30:00,1.0,20.0,3.2720547894155825,19.580583344968073,16.408344333747092,3.55
2024-01-05 16:45:00,1.0,20.0,3.2720547894155825,20.190704625722102,16.414608935979555,3.55
2024-01-05 17:00:00,1.0,20.0,3.2720547894155825,20.398064374044523,16.450348649455506,3.396667
2024-01-05 17:15:00,1.0,20.0,3.2720547894155825,20.177040493040952,16.47801671288038,3.396667
2024-01-05 17:30:00,1.0,20.0,3.2720547894155825,19.96888692135568,16.492226522069274,3.396667
2024-01-05 17:45:00,1.0,20.0,3.2720547894155825,19.77225415138916,16.49454799623009,3.396667
2024-01-05 18:00:00,1.0,20.0,3.2720547894155825,19.585977042642998,16.486809659027617,3.463333
2024-01-05 18:15:00,1.0,20.0,3.2720547894155825,19.902718291582993,16.47814783234743,3.463333
2024-01-05 18:30:00,1.0,20.0,3.2720547894155825,20.44543807293565,16.5019673530928,3.463333
2024-01-05 18:45:00,1.0,20.0,3.2720547894155825,20.251977122171787,16.530967820555375,3.463333
2024-01-05 19:00:00,1.0,20.0,3.2720547894155825,20.042651837861747,16.545926303935254,3.371667
2024-01-05 19:15:00,1.0,20.0,3.2720547894155825,19.84488035812458,16.548218170217737,3.371667
2024-01-05 19:30:00,1.0,20.0,3.2720547894155825,19.657487303528853,16.539958559890973,3.371667
2024-01-05 19:45:00,1.0,20.0,3.2720547894155825,19.649875863100597,16.523864962708195,3.371667
2024-01-05 20:00:00,1.0,20.0,3.2720547894155825,20.35213640128575,16.52981806122569,3.468333
2024-01-05 20:15:00,1.0,17.8,3.2720547894155825,20.34398587134499,16.55943716473436,3.468333
2024-01-05 20:30:00,1.0,20.0,3.2720547894155825,20.131382331830228,16.57800967124948,3.468333
2024-01-05 20:45:00,1.0,20.0,3.2720547894155825,19.930751475617285,16.58417031885651,3.468333
2024-01-05 21:00:00,1.0,20.0,3.2720547894155825,19.740727582932823,16.577930141669352,3.246667
2024-01-05 21:15:00,1.0,20.0,3.2720547894155825,19.56486457928072,16.560499214426034,3.246667
2024-01-05 21:30:00,1.0,20.0,3.2720547894155825,20.02111972062295,16.546444494995143,3.246667
2024-01-05 21:45:00,2.0,16.333333333333332,3.2720547894155825,20.443936964237874,16.566490107146567,3.246667
2024-01-05 22:00:00,2.0,14.5,3.2720547894155825,20.230718967134077,16.58635811777336,3.143333
2024-01-05 22:15:00,2.0,14.5,3.2720547894155825,20.024953627182565,16.592708765552928,3.143333
2024-01-05 22:30:00,2.0,14.5,3.2720547894155825,19.830187092630222,16.587818234593936,3.143333
2024-01-05 22:45:00,2.0,14.5,3.2720547894155825,19.64527926421575,16.573010898102577,3.143333
2024-01-05 23:00:00,2.0,14.5,3.2720547894155825,19.469194517763928,16.54919219272218,3.101667
2024-01-05 23:15:00,2.0,14.5,3.2720547894155825,19.301010486559864,16.517392026290658,3.101667
2024-01-05 23:30:00,1.0,19.633333333333333,3.2720547894155825,19.5683178602628,16.485169923921617,3.101667
2024-01-05 23:45:00,1.0,20.0,3.2720547894155825,20.363891562076518,16.489197328312038,3.101667
2024-01-06 00:00:00,2.0,14.866666666666667,3.2720547894155825,20.352589586175025,16.516708050266438,3.045
2024-01-06 00:15:00,2.0,14.5,3.2720547894155825,20.136850711904707,16.532734064137824,3.045
2024-01-06 00:30:00,2.0,14.5,3.2720547894155825,19.93311823174071,16.536352353462654,3.045
2024-01-06 00:45:00,2.0,14.5,3.2720547894155825,19.740140676508585,16.52901769155267,3.045
2024-01-06 01:00:00,2.0,14.5,3.2720547894155825,19.556185328103837,16.504301605032317,1.8583329999999998
2024-01-06 01:15:00,2.0,14.5,3.2720547894155825,19.379672762693335,16.462918448841116,1.8583329999999998
2024-01-06 01:30:00,2.0,14.5,3.2720547894155825,19.210223333606447,16.41500017945878,1.8583329999999998
2024-01-06 01:45:00,2.0,14.5,3.2720547894155825,19.047139528064196,16.361351901704403,1.8583329999999998
2024-01-06 02:00:00,2.0,14.5,3.2720547894155825,18.88978252343554,16.30246088918201,1.823333
2024-01-06 02:15:00,2.0,14.5,3.2720547894155825,18.737582799235568,16.238949263693637,1.823333
2024-01-06 02:30:00,2.0,14.5,3.2720547894155825,18.590063800428673,16.171649526767464,1.823333
2024-01-06 02:45:00,2.0,14.5,3.2720547894155825,18.446790774566093,16.101059203536444,1.823333
2024-01-06 03:00:00,2.0,14.5,3.2720547894155825,18.30750383743691,16.02920316117108,2.066667
2024-01-06 03:15:00,2.0,14.5,3.2720547894155825,18.171979385982105,15.956562335610856,2.066667
2024-01-06 03:30:00,2.0,14.5,3.2720547894155825,18.039807982365513,15.881616093990875,2.066667
2024-01-06 03:45:00,2.0,14.5,3.2720547894155825,17.91069886659239,15.804693748780988,2.066667
2024-01-06 04:00:00,2.0,14.5,3.2720547894155825,17.78434951532643,15.725545266704263,1.9833329999999998
2024-01-06 04:15:00,1.0,18.533333333333335,3.2720547894155825,18.04605593778752,15.650533928483602,1.9833329999999998
2024-01-06 04:30:00,2.0,17.8,3.2720547894155825,18.710170730789624,15.609279700061762,1.9833329999999998
2024-01-06 04:45:00,2.0,14.5,3.2720547894155825,18.738755452644615,15.59318438741619,1.9833329999999998
2024-01-06 05:00:00,2.0,14.5,3.2720547894155825,18.558709044835325,15.57155017718421,2.066667
2024-01-06 05:15:00,2.0,14.5,3.2720547894155825,18.386969184525892,15.542490746171245,2.066667
2024-01-06 05:30:00,2.0,14.5,3.2720547894155825,18.22266900944901,15.506329295139908,2.066667
2024-01-06 05:45:00,2.0,14.5,3.2720547894155825,18.065062753573088,15.46392835190043,2.066667
2024-01-06 06:00:00,2.0,14.5,3.2720547894155825,17.913186676569516,15.41231282516504,1.491667
2024-01-06 06:15:00,2.0,14.5,3.2720547894155825,17.7661648414811,15.351952876182875,1.491667
2024-01-06 06:30:00,2.0,14.5,3.2720547894155825,17.623714685981255,15.287867921335867,1.491667
2024-01-06 06:45:00,2.0,14.5,3.2720547894155825,17.48541031233132,15.220545563797746,1.491667
2024-01-06 07:00:00,2.0,14.5,3.2720547894155825,17.350855457077575,15.149660271369706,1.375
2024-01-06 07:15:00,1.0,15.233333333333333,3.2720547894155825,17.224433323530853,15.075556834959352,1.375
2024-01-06 07:30:00,3.0,18.333333333333332,3.2720547894155825,17.677110930788725,15.011013803128128,1.375
2024-01-06 07:45:00,3.0,15.0,3.2720547894155825,17.774497256548685,14.973540509275074,1.375
2024-01-06 08:00:00,3.0,15.0,3.2720547894155825,17.61268003649944,14.931543350586844,1.088333
2024-01-06 08:15:00,3.0,15.0,3.2720547894155825,17.45741350437397,14.881755446205819,1.088333
2024-01-06 08:30:00,3.0,17.0,3.2720547894155825,17.547819849120064,14.830585040226548,1.088333
2024-01-06 08:45:00,3.0,15.0,3.2720547894155825,17.569857461865364,14.791390853652937,1.088333
2024-01-06 09:00:00,3.0,15.0,3.2720547894155825,17.410260848700954,14.749776712194908,1.26
2024-01-06 09:15:00,3.0,15.0,3.2720547894155825,17.257474052003207,14.703799028763278,1.26
2024-01-06 09:30:00,1.0,18.0,3.2720547894155825,17.280762711490997,14.654310227106034,1.26
2024-01-06 09:45:00,3.0,16.0,3.2720547894155825,17.77044006429791,14.626602624581784,1.26
2024-01-06 10:00:00,1.0,17.666666666666668,3.2720547894155825,17.754034975087222,14.610024642497024,1.25
2024-01-06 10:15:00,1.0,16.0,3.2720547894155825,18.0752173090587,14.606282416996658,1.25
2024-01-06 10:30:00,3.0,18.333333333333332,3.2720547894155825,18.468890137884898,14.616248401391159,1.25
2024-01-06 10:45:00,3.0,15.0,3.2720547894155825,18.50956391785851,14.645001333053129,1.25
2024-01-06 11:00:00,3.0,16.0,3.2720547894155825,18.341146346034336,14.669540288332753,2.116667
2024-01-06 11:15:00,3.0,15.0,3.2720547894155825,18.30825563285545,14.694970962488098,2.116667
2024-01-06 11:30:00,1.0,17.666666666666668,3.2720547894155825,18.24432279288486,14.712753226043981,2.116667
2024-01-06 11:45:00,3.0,16.333333333333332,3.2720547894155825,18.711892613535905,14.743397482263052,2.116667
2024-01-06 12:00:00,3.0,15.0,3.2720547894155825,18.542034470678846,14.781847621121416,2.3399999999999994
2024-01-06 12:15:00,3.0,15.0,3.2720547894155825,18.33706475665332,14.808230700979932,2.3399999999999994
2024-01-06 12:30:00,1.0,16.666666666666668,3.2720547894155825,18.19164964400863,14.82226161383813,2.3399999999999994
2024-01-06 12:45:00,3.0,16.333333333333332,3.2720547894155825,18.54251792512507,14.841340833911124,2.3399999999999994
2024-01-06 13:00:00,3.0,15.0,3.2720547894155825,18.38613557778003,14.873857329547892,3.55
2024-01-06 13:15:00,3.0,15.0,3.2720547894155825,18.194086384906157,14.902579329883887,3.55
2024-01-06 13:30:00,3.0,15.0,3.2720547894155825,18.01345739044607,14.919296700948696,3.55
2024-01-06 13:45:00,3.0,15.0,3.2720547894155825,17.84304795987369,14.925406640669776,3.55
2024-01-06 14:00:00,1.0,20.0,3.2720547894155825,18.17676590830327,14.928917400587864,3.376667
2024-01-06 14:15:00,1.0,20.0,3.2720547894155825,19.0490366845718,14.96761625450389,3.376667
2024-01-06 14:30:00,1.0,20.0,3.2720547894155825,19.878005544518416,15.049613273583448,3.376667
2024-01-06 14:45:00,1.0,20.0,3.2720547894155825,20.408282833506732,15.166879456055051,3.376667
2024-01-06 15:00:00,1.0,20.0,3.2720547894155825,20.172087354233987,15.278926384296266,2.853333
2024-01-06 15:15:00,1.0,20.0,3.2720547894155825,19.90553033585876,15.365035960582334,2.853333
2024-01-06 15:30:00,1.0,20.0,3.2720547894155825,19.657166434016506,15.431414528799754,2.853333
2024-01-06 15:45:00,1.0,20.0,3.2720547894155825,19.736477819085668,15.484158381777661,2.853333
2024-01-06 16:00:00,1.0,20.0,3.2720547894155825,20.38957654620841,15.558984383475616,2.951667
2024-01-06 16:15:00,1.0,20.0,3.2720547894155825,20.251403186193144,15.644917529349579,2.951667
2024-01-06 16:30:00,1.0,20.0,3.2720547894155825,19.996642484307532,15.712193235659281,2.951667
2024-01-06 16:45:00,1.0,20.0,3.2720547894155825,19.75850884257034,15.761608134468174,2.951667
2024-01-06 17:00:00,1.0,20.0,3.2720547894155825,19.582370628653177,15.789835552367382,2.096667
2024-01-06 17:15:00,1.0,20.0,3.2720547894155825,20.1640457787754,15.817210992748254,2.096667
2024-01-06 17:30:00,1.0,20.0,3.2720547894155825,20.40589873042914,15.873959339425431,2.096667
2024-01-06 17:45:00,1.0,20.0,3.2720547894155825,20.15366278065948,15.92237426667336,2.096667
2024-01-06 18:00:00,1.0,20.0,3.2720547894155825,19.916582763505467,15.9495198201856,1.36
2024-01-06 18:15:00,1.0,20.0,3.2720547894155825,19.692651603707297,15.957037351542578,1.36
2024-01-06 18:30:00,1.0,20.0,3.2720547894155825,19.651197138088648,15.953752564222297,1.36
2024-01-06 18:45:00,1.0,20.0,3.2720547894155825,20.321969041016683,15.969255905395213,1.36
2024-01-06 19:00:00,1.0,20.0,3.2720547894155825,20.28418235391424,16.00299243162781,0.985
2024-01-06 19:15:00,3.0,19.333333333333332,3.2720547894155825,20.0434201759096,16.021122163541712,0.985
2024-01-06 19:30:00,3.0,15.0,3.2720547894155825,19.816069403120604,16.025388761716503,0.985
2024-01-06 19:45:00,3.0,15.0,3.2720547894155825,19.600731943150638,16.017417467682346,0.985
2024-01-06 20:00:00,3.0,15.0,3.2720547894155825,19.39609927436576,15.997838851339761,0.86
2024-01-06 20:15:00,3.0,15.0,3.2720547894155825,19.20100368795318,15.967889890926426,0.86
2024-01-06 20:30:00,1.0,15.666666666666666,3.2720547894155825,19.01929021485357,15.92966983525388,0.86
2024-01-06 20:45:00,1.0,20.0,3.2720547894155825,19.46894548516995,15.895898032253452,0.86
2024-01-06 21:00:00,1.0,20.0,3.2720547894155825,20.284221121247942,15.902474201180638,0.713333
2024-01-06 21:15:00,1.0,20.0,3.2720547894155825,20.341431394089213,15.935497139744465,0.713333
2024-01-06 21:30:00,2.0,15.966666666666667,3.2720547894155825,20.093943217559186,15.957372256953844,0.713333
2024-01-06 21:45:00,2.0,14.5,3.2720547894155825,19.860405163590997,15.964782004663265,0.713333
2024-01-06 22:00:00,2.0,14.5,3.2720547894155825,19.639343270226423,15.959203042457045,0.68
2024-01-06 22:15:00,2.0,14.5,3.2720547894155825,19.429445779492426,15.94212774042457,0.68
2024-01-06 22:30:00,2.0,14.5,3.2720547894155825,19.229574972626793,15.91514865221135,0.68
2024-01-06 22:45:00,2.0,14.5,3.2720547894155825,19.038708933383656,15.879450277567889,0.68
2024-01-06 23:00:00,2.0,14.5,3.2720547894155825,18.85599796939436,15.836822157645242,0.793333
2024-01-06 23:15:00,2.0,14.5,3.2720547894155825,18.68068996948065,15.788240256409887,0.793333
2024-01-06 23:30:00,2.0,14.5,3.2720547894155825,18.51201798036872,15.73366432900358,0.793333
2024-01-06 23:45:00,2.0,14.5,3.2720547894155825,18.34933405915849,15.673841111336769,0.793333
2024-01-07 00:00:00,1.0,20.0,3.2720547894155825,18.685970750909444,15.619952481683958,1.2
2024-01-07 00:15:00,2.0,17.8,3.2720547894155825,19.485692289718163,15.609029511594509,1.2
2024-01-07 00:30:00,2.0,14.5,3.2720547894155825,19.473051830163403,15.622933513869008,1.2
2024-01-07 00:45:00,2.0,14.5,3.2720547894155825,19.25539536370769,15.62659776513536,1.2
2024-01-07 01:00:00,2.0,14.5,3.2720547894155825,19.04928918353231,15.619452212774554,1.335
2024-01-07 01:15:00,2.0,14.5,3.2720547894155825,18.85361268966867,15.602925532890977,1.335
2024-01-07 01:30:00,2.0,14.5,3.2720547894155825,18.66725274172085,15.577206436974675,1.335
2024-01-07 01:45:00,2.0,14.5,3.2720547894155825,18.48926030374879,15.543394873376396,1.335
2024-01-07 02:00:00,2.0,14.5,3.2720547894155825,18.319001985053617,15.50509212262706,1.738333
2024-01-07 02:15:00,2.0,14.5,3.2720547894155825,18.155927455867936,15.463313440983331,1.738333
2024-01-07 02:30:00,2.0,14.5,3.2720547894155825,17.999198731155232,15.415732504776958,1.738333
2024-01-07 02:45:00,2.0,14.5,3.2720547894155825,17.848192640137313,15.363068063060416,1.738333
2024-01-07 03:00:00,2.0,14.5,3.2720547894155825,17.702468803293073,15.307378958503149,1.956667
2024-01-07 03:15:00,2.0,14.5,3.2720547894155825,17.561642404021182,15.249311769214906,1.956667
2024-01-07 03:30:00,2.0,14.5,3.2720547894155825,17.425182333493662,15.18769318743774,1.956667
2024-01-07 03:45:00,2.0,14.5,3.2720547894155825,17.292682143226482,15.122988496503838,1.956667
2024-01-07 04:00:00,2.0,14.5,3.2720547894155825,17.163796583376104,15.055816759541377,1.988333
2024-01-07 04:15:00,1.0,15.233333333333333,3.2720547894155825,17.04299485204179,14.98655614920335,1.988333
2024-01-07 04:30:00,2.0,17.066666666666666,3.2720547894155825,17.374168104833828,14.924934553451083,1.988333
2024-01-07 04:45:00,2.0,15.6,3.2720547894155825,17.528143088377895,14.88409548655296,1.988333
2024-01-07 05:00:00,2.0,14.5,3.2720547894155825,17.457418663192467,14.848136699993633,1.873333
2024-01-07 05:15:00,1.0,14.866666666666667,3.2720547894155825,17.305943718534788,14.80651332763086,1.873333
2024-01-07 05:30:00,2.0,16.333333333333332,3.2720547894155825,17.42726836316858,14.764932988940469,1.873333
2024-01-07 05:45:00,2.0,14.5,3.2720547894155825,17.425285833113907,14.73278218047689,1.873333
2024-01-07 06:00:00,1.0,14.866666666666667,3.2720547894155825,17.269214108384364,14.691876256019482,1.066667
2024-01-07 06:15:00,1.0,20.0,3.2720547894155825,17.68215232165998,14.649278689835118,1.066667
2024-01-07 06:30:00,1.0,20.0,3.2720547894155825,18.55591913897867,14.648506166490536,1.066667
2024-01-07 06:45:00,1.0,20.0,3.2720547894155825,19.3843071616671,14.693730008129393,1.066667
2024-01-07 07:00:00,1.0,20.0,3.2720547894155825,20.172069321336316,14.780227380457301,1.176667
2024-01-07 07:15:00,1.0,20.0,3.2720547894155825,20.359865349309697,14.89353805971583,1.176667
2024-01-07 07:30:00,1.0,20.0,3.2720547894155825,20.05924239981937,14.991919073809976,1.176667
2024-01-07 07:45:00,1.0,20.0,3.2720547894155825,19.77920180002641,15.067963399268649,1.176667
2024-01-07 08:00:00,1.0,20.0,3.2720547894155825,19.589091626259055,15.125523762987203,1.32
2024-01-07 08:15:00,1.0,20.0,3.2720547894155825,20.182383333118267,15.18826718256329,1.32
2024-01-07 08:30:00,1.0,20.0,3.2720547894155825,20.390881729529994,15.277026073663992,1.32
2024-01-07 08:45:00,1.0,20.0,3.2720547894155825,20.108643342038263,15.353573277155522,1.32
2024-01-07 09:00:00,1.0,20.0,3.2720547894155825,19.845465166173273,15.408269508500522,1.021667
2024-01-07 09:15:00,1.0,20.0,3.2720547894155825,19.599278468271514,15.44335322329892,1.021667
2024-01-07 09:30:00,1.0,20.0,3.2720547894155825,19.931205007335464,15.472833214628553,1.021667
2024-01-07 09:45:00,1.0,20.0,3.2720547894155825,20.420389012325533,15.531264781223625,1.021667
2024-01-07 10:00:00,1.0,20.0,3.2720547894155825,20.178353725401625,15.59135324202792,1.265
2024-01-07 10:15:00,1.0,20.0,3.2720547894155825,19.92511203958128,15.635161060977111,1.265
2024-01-07 10:30:00,1.0,20.0,3.2720547894155825,19.687229929778713,15.662745402299333,1.265
2024-01-07 10:45:00,1.0,20.0,3.2720547894155825,19.67592975609958,15.67808841622109,1.265
2024-01-07 11:00:00,1.0,20.0,3.2720547894155825,20.36157279558987,15.71737269936842,1.9199999999999997
2024-01-07 11:15:00,1.0,20.0,3.2720547894155825,20.31209915826972,15.780123700283118,1.9199999999999997
2024-01-07 11:30:00,1.0,20.0,3.2720547894155825,20.061994913406206,15.827456408287759,1.9199999999999997
2024-01-07 11:45:00,1.0,20.0,3.2720547894155825,19.827265980829694,15.858496683382908,1.9199999999999997
2024-01-07 12:00:00,1.0,20.0,3.2720547894155825,19.60699520242476,15.880441415241705,2.735
2024-01-07 12:15:00,1.0,20.0,3.2720547894155825,19.893861215126154,15.903161135141712,2.735
2024-01-07 12:30:00,1.0,20.0,3.2720547894155825,20.40984547715503,15.954708630278816,2.735
2024-01-07 12:45:00,1.0,20.0,3.2720547894155825,20.19244074879066,16.008191065802688,2.735
2024-01-07 13:00:00,1.0,20.0,3.2720547894155825,19.961985607732817,16.048002030008043,3.143333
2024-01-07 13:15:00,1.0,20.0,3.2720547894155825,19.745876849882286,16.07602679572084,3.143333
2024-01-07 13:30:00,1.0,20.0,3.2720547894155825,19.570985381863455,16.09089888651478,3.143333
2024-01-07 13:45:00,1.0,20.0,3.2720547894155825,20.121911029130015,16.110506786138036,3.143333
2024-01-07 14:00:00,1.0,20.0,3.2720547894155825,20.384793617520057,16.159791121515237,3.1
2024-01-07 14:15:00,1.0,20.0,3.2720547894155825,20.151787276878657,16.20201756836629,3.1
2024-01-07 14:30:00,1.0,20.0,3.2720547894155825,19.933010404933416,16.229189516870175,3.1
2024-01-07 14:45:00,1.0,20.0,3.2720547894155825,19.72696211673102,16.24305429000724,3.1
2024-01-07 15:00:00,1.0,20.0,3.2720547894155825,19.578336718403243,16.237821785291793,1.946667
2024-01-07 15:15:00,1.0,20.0,3.2720547894155825,20.178344965161468,16.233197078813614,1.946667
2024-01-07 15:30:00,1.0,20.0,3.2720547894155825,20.375644989432637,16.25923602659443,1.946667
2024-01-07 15:45:00,1.0,20.0,3.2720547894155825,20.14470196160469,16.27843383935332,1.946667
2024-01-07 16:00:00,1.0,20.0,3.2720547894155825,19.926717147203917,16.286553282851848,2.306667
2024-01-07 16:15:00,1.0,20.0,3.2720547894155825,19.72050425999491,16.28528389190385,2.306667
2024-01-07 16:30:00,1.0,20.0,3.2720547894155825,19.596215137994818,16.273608036192215,2.306667
2024-01-07 16:45:00,1.0,20.0,3.2720547894155825,20.23378596135859,16.274103371417446,2.306667
2024-01-07 17:00:00,1.0,20.0,3.2720547894155825,20.370070279318536,16.30437183860953,2.438333
2024-01-07 17:15:00,1.0,20.0,3.2720547894155825,20.141917539219108,16.327047357727274,2.438333
2024-01-07 17:30:00,1.0,20.0,3.2720547894155825,19.926752148807722,16.336221099524266,2.438333
2024-01-07 17:45:00,1.0,20.0,3.2720547894155825,19.72321632280235,16.333472025944477,2.438333
2024-01-07 18:00:00,1.0,20.0,3.2720547894155825,19.577406538656728,16.31690948853696,1.905
2024-01-07 18:15:00,1.0,20.0,3.2720547894155825,20.181022796664333,16.306402757659047,1.905
2024-01-07 18:30:00,1.0,20.0,3.2720547894155825,20.3814456848116,16.327139763246564,1.905
2024-01-07 18:45:00,1.0,20.0,3.2720547894155825,20.15319492924252,16.34155170822798,1.905
2024-01-07 19:00:00,1.0,20.0,3.2720547894155825,19.93720463571643,16.339101315498706,1.305
2024-01-07 19:15:00,1.0,20.0,3.2720547894155825,19.73186778415023,16.32109042626135,1.305
2024-01-07 19:30:00,1.0,20.0,3.2720547894155825,19.58385600356769,16.293654288501674,1.305
2024-01-07 19:45:00,1.0,20.0,3.2720547894155825,20.18521613384512,16.276760461505823,1.305
2024-01-07 20:00:00,1.0,20.0,3.2720547894155825,20.383202572465873,16.291740938176947,1.355
2024-01-07 20:15:00,1.0,20.0,3.2720547894155825,20.152386069269433,16.301014085433398,1.355
2024-01-07 20:30:00,1.0,20.0,3.2720547894155825,19.93401629997853,16.29753484106914,1.355
2024-01-07 20:45:00,1.0,20.0,3.2720547894155825,19.72680148864033,16.282804006659497,1.355
2024-01-07 21:00:00,1.0,20.0,3.2720547894155825,19.577453926363372,16.261801554933818,1.888333
2024-01-07 21:15:00,1.0,20.0,3.2720547894155825,20.178255820285308,16.254724861179177,1.888333
2024-01-07 21:30:00,1.0,20.0,3.2720547894155825,20.376184114830323,16.27851628098551,1.888333
2024-01-07 21:45:00,1.0,20.0,3.2720547894155825,20.14572291776145,16.295648760070094,1.888333
2024-01-07 22:00:00,1.0,20.0,3.2720547894155825,19.928231747893243,16.301315194502173,2.163333
2024-01-07 22:15:00,1.0,20.0,3.2720547894155825,19.722510335042372,16.297170248266426,2.163333
2024-01-07 22:30:00,1.0,20.0,3.2720547894155825,19.574836266336778,16.2826596133257,2.163333
2024-01-07 22:45:00,1.0,20.0,3.2720547894155825,20.177171269117842,16.2778512407939,2.163333
2024-01-07 23:00:00,1.0,20.0,3.2720547894155825,20.37627623815014,16.298961281562786,1.413333
2024-01-07 23:15:00,1.0,20.0,3.2720547894155825,20.146257148097508,16.308195023004927,1.413333
2024-01-07 23:30:00,1.0,20.0,3.2720547894155825,19.928641418340344,16.30472091821612,1.413333
2024-01-07 23:45:00,1.0,20.0,3.2720547894155825,19.722141779828412,16.290034531793612,1.413333
2024-01-08 00:00:00,1.0,20.0,3.2720547894155825,19.596374489836716,16.259256439338554,0.405
2024-01-08 00:15:00,1.0,20.0,3.2720547894155825,20.230853404614656,16.2345026633367,0.405
2024-01-08 00:30:00,1.0,20.0,3.2720547894155825,20.362858592545617,16.240178437848943,0.405
2024-01-08 00:45:00,2.0,18.533333333333335,3.2720547894155825,20.129308736267934,16.2387103258181,0.405
2024-01-08 01:00:00,2.0,14.5,3.2720547894155825,19.907781630715746,16.224787841915592,0.363333
2024-01-08 01:15:00,2.0,14.5,3.2720547894155825,19.69701448834951,16.199837636992903,0.363333
2024-01-08 01:30:00,2.0,14.5,3.2720547894155825,19.495920287432902,16.165460538275187,0.363333
2024-01-08 01:45:00,2.0,14.5,3.2720547894155825,19.303519622260982,16.122790795595225,0.363333
2024-01-08 02:00:00,2.0,14.5,3.2720547894155825,19.119049314314957,16.074180535884132,0.57
2024-01-08 02:15:00,2.0,14.5,3.2720547894155825,18.94183717747002,16.020600111620105,0.57
2024-01-08 02:30:00,2.0,14.5,3.2720547894155825,18.77110667870147,15.961257265343612,0.57
2024-01-08 02:45:00,2.0,14.5,3.2720547894155825,18.606229616382635,15.896875245113621,0.57
2024-01-08 03:00:00,2.0,14.5,3.2720547894155825,18.44679415197999,15.829928897410271,0.8516670000000001
2024-01-08 03:15:00,2.0,14.5,3.2720547894155825,18.292442839159772,15.761091387117597,0.8516670000000001
2024-01-08 03:30:00,2.0,14.5,3.2720547894155825,18.142614138178665,15.688706083341408,0.8516670000000001
2024-01-08 03:45:00,2.0,14.5,3.2720547894155825,17.996893673331492,15.613246248365442,0.8516670000000001
2024-01-08 04:00:00,2.0,14.5,3.2720547894155825,17.855010920308203,15.536357311345302,1.04
2024-01-08 04:15:00,2.0,18.9,3.2720547894155825,18.14033049262655,15.464792123989264,1.04
2024-01-08 04:30:00,2.0,15.6,3.2720547894155825,18.553172809964362,15.424791563191349,1.04
2024-01-08 04:45:00,2.0,14.5,3.2720547894155825,18.427837857031538,15.393550249426433,1.04
2024-01-08 05:00:00,2.0,14.5,3.2720547894155825,18.252291678399942,15.35142252507075,0.448333
2024-01-08 05:15:00,2.0,14.5,3.2720547894155825,18.083296594525745,15.298554803551419,0.448333
2024-01-08 05:30:00,2.0,17.8,3.2720547894155825,18.30118549046857,15.246444019529429,0.448333
2024-01-08 05:45:00,2.0,18.9,3.2720547894155825,18.739941284938354,15.218121284867918,0.448333
2024-01-08 06:00:00,2.0,14.5,3.2720547894155825,19.00971080941279,15.216998117049842,0.55
2024-01-08 06:15:00,2.0,14.5,3.2720547894155825,18.7947306470007,15.21427997259052,0.55
2024-01-08 06:30:00,2.0,14.5,3.2720547894155825,18.590768106372188,15.20043796236805,0.55
2024-01-08 06:45:00,1.0,15.966666666666667,3.2720547894155825,18.425272012397162,15.176860464608103,0.55
2024-01-08 07:00:00,2.0,16.333333333333332,3.2720547894155825,18.77038450653996,15.159671739722846,0.658333
2024-01-08 07:15:00,2.0,14.5,3.2720547894155825,18.633546475746748,15.152877129818568,0.658333
2024-01-08 07:30:00,1.0,16.333333333333332,3.2720547894155825,18.482577703601024,15.136304978868973,0.658333
2024-01-08 07:45:00,1.0,20.0,3.2720547894155825,19.086460104897558,15.129398658970722,0.658333
2024-01-08 08:00:00,1.0,20.0,3.2720547894155825,19.91165061937111,15.165299262361488,0.706667
2024-01-08 08:15:00,1.0,20.0,3.2720547894155825,20.436530655445775,15.2396979535195,0.706667
2024-01-08 08:30:00,1.0,20.0,3.2720547894155825,20.195390672068893,15.314876529607101,0.706667
2024-01-08 08:45:00,1.0,20.0,3.2720547894155825,19.924978169784243,15.370192474901494,0.706667
2024-01-08 09:00:00,1.0,20.0,3.2720547894155825,19.67202171591606,15.407119222498343,0.628333
2024-01-08 09:15:00,1.0,20.0,3.2720547894155825,19.746175869089075,15.431580015102194,0.628333
2024-01-08 09:30:00,1.0,20.0,3.2720547894155825,20.394195401527877,15.479109634716606,0.628333
2024-01-08 09:45:00,1.0,20.0,3.2720547894155825,20.25120650889432,15.538625380640694,0.628333
2024-01-08 10:00:00,1.0,20.0,3.2720547894155825,19.99097380594916,15.581066371236444,0.64
2024-01-08 10:15:00,1.0,20.0,3.2720547894155825,19.746880420452893,15.607108329311894,0.64
2024-01-08 10:30:00,1.0,20.0,3.2720547894155825,19.58805975132008,15.618939431726334,0.64
2024-01-08 10:45:00,1.0,20.0,3.2720547894155825,20.203615243860558,15.6395836483891,0.64
2024-01-08 11:00:00,1.0,20.0,3.2720547894155825,20.37069698928797,15.690066740575151,0.895
2024-01-08 11:15:00,1.0,20.0,3.2720547894155825,20.11228647333497,15.732344733977966,0.895
2024-01-08 11:30:00,1.0,20.0,3.2720547894155825,19.869426256857324,15.758228985736716,0.895
2024-01-08 11:45:00,1.0,20.0,3.2720547894155825,19.64047908366,15.7696251512173,0.895
2024-01-08 12:00:00,1.0,20.0,3.2720547894155825,19.792182312427297,15.775218988474721,1.2050000000000003
2024-01-08 12:15:00,1.0,20.0,3.2720547894155825,20.433229168452904,15.810514158668337,1.2050000000000003
2024-01-08 12:30:00,1.0,20.0,3.2720547894155825,20.27491666177804,15.856762609681823,1.2050000000000003
2024-01-08 12:45:00,1.0,20.0,3.2720547894155825,20.031191881912523,15.887236824909357,1.2050000000000003
2024-01-08 13:00:00,1.0,20.0,3.2720547894155825,19.801572498751124,15.905145836503015,1.555
2024-01-08 13:15:00,1.0,20.0,3.2720547894155825,19.584725382678087,15.912328615453974,1.555
2024-01-08 13:30:00,1.0,20.0,3.2720547894155825,19.943055876723804,15.917302084792244,1.555
2024-01-08 13:45:00,1.0,20.0,3.2720547894155825,20.45603246830387,15.954241908165834,1.555
2024-01-08 14:00:00,1.0,20.0,3.2720547894155825,20.23460649361756,15.994549257038933,1.651667
2024-01-08 14:15:00,1.0,20.0,3.2720547894155825,19.998917990462527,16.019874980721745,1.651667
2024-01-08 14:30:00,1.0,19.666666666666668,3.2720547894155825,19.776742101375856,16.031126793754705,1.651667
2024-01-08 14:45:00,1.0,19.333333333333332,3.2720547894155825,19.580974099984406,16.029966984892802,1.651667
2024-01-08 15:00:00,1.0,20.0,3.2720547894155825,20.06929961026972,16.034493393649274,2.065
2024-01-08 15:15:00,1.0,20.0,3.2720547894155825,20.397102806135138,16.07320540637628,2.065
2024-01-08 15:30:00,1.0,20.0,3.2720547894155825,20.155578591214656,16.10750353178474,2.065
2024-01-08 15:45:00,1.0,20.0,3.2720547894155825,19.92832426233772,16.12682543149803,2.065
2024-01-08 16:00:00,1.0,20.0,3.2720547894155825,19.713961255445565,16.13560313428156,2.478333
2024-01-08 16:15:00,1.0,20.0,3.2720547894155825,19.61103816892605,16.136145987904417,2.478333
2024-01-08 16:30:00,1.0,20.0,3.2720547894155825,20.268285185546475,16.15039025630717,2.478333
2024-01-08 16:45:00,3.0,16.666666666666668,3.2720547894155825,20.34106682143793,16.190448501873487,2.478333
2024-01-08 17:00:00,1.0,17.666666666666668,3.2720547894155825,20.108909911730716,16.22234589057635,2.883333
2024-01-08 17:15:00,1.0,20.0,3.2720547894155825,19.89070557697081,16.242865816876453,2.883333
2024-01-08 17:30:00,1.0,20.0,3.2720547894155825,19.68486318815213,16.250550137537658,2.883333
2024-01-08 17:45:00,1.0,20.0,3.2720547894155825,19.622842411865694,16.247883754078476,2.883333
2024-01-08 18:00:00,1.0,20.0,3.2720547894155825,20.303536701391792,16.26348597418571,3.075
2024-01-08 18:15:00,1.0,20.0,3.2720547894155825,20.330090409451888,16.304424705029053,3.075
2024-01-08 18:30:00,1.0,20.0,3.2720547894155825,20.104803915244123,16.333769397311173,3.075
2024-01-08 18:45:00,1.0,20.0,3.2720547894155825,19.89269383914966,16.34932042511907,3.075
2024-01-08 19:00:00,1.0,20.0,3.2720547894155825,19.692534510226007,16.3546379742903,3.375
2024-01-08 19:15:00,1.0,20.0,3.2720547894155825,19.602928734299514,16.35187622878542,3.375
2024-01-08 19:30:00,1.0,20.0,3.2720547894155825,20.272634647778272,16.36373547044165,3.375
2024-01-08 19:45:00,1.0,20.0,3.2720547894155825,20.35710788668133,16.402222096063902,3.375
2024-01-08 20:00:00,1.0,20.0,3.2720547894155825,20.135837897689928,16.43179216378184,3.553333
2024-01-08 20:15:00,1.0,20.0,3.2720547894155825,19.927675178231418,16.449062403178154,3.553333
2024-01-08 20:30:00,1.0,20.0,3.2720547894155825,19.731188747791673,16.454240719850745,3.553333
2024-01-08 20:45:00,1.0,20.0,3.2720547894155825,19.57374422040398,16.448814372074615,3.553333
2024-01-08 21:00:00,1.0,20.0,3.2720547894155825,20.140382729641164,16.45287162259831,3.935
2024-01-08 21:15:00,1.0,20.0,3.2720547894155825,20.41793837946079,16.491526858971863,3.935
2024-01-08 21:30:00,2.0,18.533333333333335,3.2720547894155825,20.198636091828185,16.524926779893374,3.935
2024-01-08 21:45:00,2.0,14.5,3.2720547894155825,19.992405102234954,16.544578575734345,3.935
2024-01-08 22:00:00,2.0,14.5,3.2720547894155825,19.79798222924455,16.553469995033968,4.148333
2024-01-08 22:15:00,2.0,14.5,3.2720547894155825,19.61425123841053,16.553100297560686,4.148333
2024-01-08 22:30:00,2.0,14.5,3.2720547894155825,19.44003530346554,16.543094047291046,4.148333
2024-01-08 22:45:00,2.0,14.5,3.2720547894155825,19.274352592015312,16.524591106098566,4.148333
2024-01-08 23:00:00,2.0,14.5,3.2720547894155825,19.116498851720443,16.50070779155324,4.471667
2024-01-08 23:15:00,2.0,14.5,3.2720547894155825,18.965858228203878,16.4724617696038,4.471667
2024-01-08 23:30:00,2.0,14.5,3.2720547894155825,18.82160365245581,16.438169202132343,4.471667
2024-01-08 23:45:00,2.0,14.5,3.2720547894155825,18.683097491994396,16.398567166763723,4.471667
2024-01-09 00:00:00,2.0,14.5,3.2720547894155825,18.54997451501902,16.356826088161302,4.858333
2024-01-09 00:15:00,2.0,14.5,3.2720547894155825,18.421922276263338,16.313668671369033,4.858333
2024-01-09 00:30:00,2.0,14.5,3.2720547894155825,18.29832870534849,16.266642070032958,4.858333
2024-01-09 00:45:00,2.0,14.5,3.2720547894155825,18.178766465966767,16.216237513329883,4.858333
2024-01-09 01:00:00,2.0,14.5,3.2720547894155825,18.06306596464564,16.165515399437346,5.261667
2024-01-09 01:15:00,2.0,14.5,3.2720547894155825,17.95108920611308,16.115010380148462,5.261667
2024-01-09 01:30:00,2.0,14.5,3.2720547894155825,17.84236480002001,16.061969096491406,5.261667
2024-01-09 01:45:00,2.0,14.5,3.2720547894155825,17.73659551883998,16.006730886431843,5.261667
2024-01-09 02:00:00,2.0,14.5,3.2720547894155825,17.632854213213374,15.941344688547682,3.993333
2024-01-09 02:15:00,2.0,14.5,3.2720547894155825,17.530274877643432,15.86561415842097,3.993333
2024-01-09 02:30:00,2.0,14.5,3.2720547894155825,17.42918257601675,15.789515607795373,3.993333
2024-01-09 02:45:00,2.0,14.5,3.2720547894155825,17.3294815058438,15.713151652891169,3.993333
2024-01-09 03:00:00,2.0,14.5,3.2720547894155825,17.230830945583666,15.633435787115884,3.505
2024-01-09 03:15:00,2.0,14.5,3.2720547894155825,17.132911595972743,15.550269745647348,3.505
2024-01-09 03:30:00,2.0,14.5,3.2720547894155825,17.035860861033566,15.467474179435532,3.505
2024-01-09 03:45:00,2.0,14.5,3.2720547894155825,16.93965243323821,15.385070175923168,3.505
2024-01-09 04:00:00,2.0,16.7,3.2720547894155825,17.05673342234127,15.308564862856356,3.933333
2024-01-09 04:15:00,1.0,17.066666666666666,3.2720547894155825,17.25854960697105,15.25240352455154,3.933333
2024-01-09 04:30:00,1.0,20.0,3.2720547894155825,18.02349204617139,15.221721809675477,3.933333
2024-01-09 04:45:00,1.0,20.0,3.2720547894155825,18.912094008401763,15.24041761083451,3.933333
2024-01-09 05:00:00,1.0,20.0,3.2720547894155825,19.75552998214849,15.304554455633218,3.926667
2024-01-09 05:15:00,1.0,20.0,3.2720547894155825,20.387967781795577,15.407265035109438,3.926667
2024-01-09 05:30:00,1.0,20.0,3.2720547894155825,20.211261431235354,15.51531206506249,3.926667
2024-01-09 05:45:00,2.0,16.333333333333332,3.2720547894155825,19.95322739709642,15.602516372100066,3.926667
2024-01-09 06:00:00,2.0,14.5,3.2720547894155825,19.71302317792725,15.670657967745381,3.9716670000000005
2024-01-09 06:15:00,2.0,14.5,3.2720547894155825,19.488766804192924,15.721974142188744,3.9716670000000005
2024-01-09 06:30:00,1.0,15.966666666666667,3.2720547894155825,19.307330223001905,15.758163473649185,3.9716670000000005
2024-01-09 06:45:00,1.0,20.0,3.2720547894155825,19.853130113320244,15.797329726393453,3.9716670000000005
2024-01-09 07:00:00,2.0,16.333333333333332,3.2720547894155825,20.415889620892912,15.868114836987218,3.423333
2024-01-09 07:15:00,1.0,20.0,3.2720547894155825,20.210099715948402,15.937922070034821,3.423333
2024-01-09 07:30:00,3.0,16.0,3.2720547894155825,19.97293091859884,15.990081949342112,3.423333
2024-01-09 07:45:00,3.0,17.0,3.2720547894155825,19.750710713678394,16.026309220483963,3.423333
2024-01-09 08:00:00,1.0,18.333333333333332,3.2720547894155825,19.570655708655565,16.04551077467706,2.96
2024-01-09 08:15:00,1.0,20.0,3.2720547894155825,20.11708634446921,16.06553565138436,2.96
2024-01-09 08:30:00,1.0,20.0,3.2720547894155825,20.37601784705083,16.115259127845302,2.96
2024-01-09 08:45:00,1.0,20.0,3.2720547894155825,20.139618430160382,16.158013431050357,2.96
2024-01-09 09:00:00,1.0,20.0,3.2720547894155825,19.918186231820634,16.18478270114395,2.848333
2024-01-09 09:15:00,3.0,16.0,3.2720547894155825,19.710186028410337,16.197342309511146,2.848333
2024-01-09 09:30:00,3.0,15.0,3.2720547894155825,19.51361508479554,16.19813116362239,2.848333
2024-01-09 09:45:00,3.0,15.0,3.2720547894155825,19.32728414216563,16.18853141666851,2.848333
2024-01-09 10:00:00,1.0,18.0,3.2720547894155825,19.320704211835942,16.172326952486348,3.015
2024-01-09 10:15:00,1.0,20.0,3.2720547894155825,20.095299792032296,16.179167292546392,3.015
2024-01-09 10:30:00,1.0,20.0,3.2720547894155825,20.432321147042263,16.2227916476941,3.015
2024-01-09 10:45:00,1.0,20.0,3.2720547894155825,20.199785575068937,16.262160822461986,3.015
2024-01-09 11:00:00,1.0,20.0,3.2720547894155825,19.982212768479993,16.289325142188474,3.418333
2024-01-09 11:15:00,1.0,20.0,3.2720547894155825,19.778371488436434,16.306207591654456,3.418333
2024-01-09 11:30:00,1.0,20.0,3.2720547894155825,19.5859626165945,16.31125108756803,3.418333
2024-01-09 11:45:00,1.0,20.0,3.2720547894155825,19.967354901048193,16.315512279286246,3.418333
2024-01-09 12:00:00,1.0,20.0,3.2720547894155825,20.446788969578215,16.35452730103432,3.826667
2024-01-09 12:15:00,1.0,20.0,3.2720547894155825,20.237574061736925,16.39786217893343,3.826667
2024-01-09 12:30:00,1.0,20.0,3.2720547894155825,20.027764089035642,16.426629925475858,3.826667
2024-01-09 12:45:00,1.0,20.0,3.2720547894155825,19.83029823676953,16.442456095444186,3.826667
2024-01-09 13:00:00,1.0,20.0,3.2720547894155825,19.643919117921776,16.45076974817997,4.429999999999999
2024-01-09 13:15:00,1.0,20.0,3.2720547894155825,19.680595481169654,16.45520846157912,4.429999999999999
2024-01-09 13:30:00,1.0,20.0,3.2720547894155825,20.382575161341055,16.482312271891217,4.429999999999999
2024-01-09 13:45:00,1.0,20.0,3.2720547894155825,20.334585645106547,16.528518929459842,4.429999999999999
2024-01-09 14:00:00,1.0,20.0,3.2720547894155825,20.127586341368364,16.563268762916508,4.62
2024-01-09 14:15:00,1.0,20.0,3.2720547894155825,19.934309904406025,16.586247660356978,4.62
2024-01-09 14:30:00,1.0,20.0,3.2720547894155825,19.752226455819297,16.59753853994024,4.62
2024-01-09 14:45:00,1.0,20.0,3.2720547894155825,19.580163187544198,16.59850564021257,4.62
2024-01-09 15:00:00,1.0,20.0,3.2720547894155825,19.9086998016085,16.598124949390655,4.608333
2024-01-09 15:15:00,1.0,20.0,3.2720547894155825,20.460692238905217,16.63013143866637,4.608333
2024-01-09 15:30:00,1.0,20.0,3.2720547894155825,20.276437461828777,16.667263125314427,4.608333
2024-01-09 15:45:00,1.0,20.0,3.2720547894155825,20.076300378029792,16.690893695434298,4.608333
2024-01-09 16:00:00,1.0,20.0,3.2720547894155825,19.88635982865276,16.69740666304113,3.838333
2024-01-09 16:15:00,1.0,20.0,3.2720547894155825,19.70494923129613,16.687859081470393,3.838333
2024-01-09 16:30:00,1.0,20.0,3.2720547894155825,19.5800508457766,16.669582689739887,3.838333
2024-01-09 16:45:00,1.0,20.0,3.2720547894155825,20.20378896616408,16.66245608532306,3.838333
2024-01-09 17:00:00,1.0,20.0,3.2720547894155825,20.42306641568406,16.682494648364607,3.083333
2024-01-09 17:15:00,1.0,20.0,3.2720547894155825,20.212115202651464,16.691752365198816,3.083333
2024-01-09 17:30:00,1.0,20.0,3.2720547894155825,20.012579134201395,16.689303286818934,3.083333
2024-01-09 17:45:00,1.0,20.0,3.2720547894155825,19.823272923523913,16.676524579531034,3.083333
2024-01-09 18:00:00,1.0,20.0,3.2720547894155825,19.64272639250482,16.649456284156017,2.286667
2024-01-09 18:15:00,3.0,18.0,3.2720547894155825,19.611159622975844,16.610639294501258,2.286667
2024-01-09 18:30:00,3.0,15.0,3.2720547894155825,19.575617984227392,16.576435815251354,2.286667
2024-01-09 18:45:00,1.0,17.333333333333332,3.2720547894155825,19.614528770884824,16.53989275834216,2.286667
2024-01-09 19:00:00,1.0,20.0,3.2720547894155825,19.644444478030373,16.51543268476218,2.63
2024-01-09 19:15:00,1.0,20.0,3.2720547894155825,19.724701936726422,16.491465875815827,2.63
2024-01-09 19:30:00,1.0,20.0,3.2720547894155825,20.409382042867243,16.494209031200857,2.63
2024-01-09 19:45:00,1.0,20.0,3.2720547894155825,20.317152026624186,16.514683634161205,2.63
2024-01-09 20:00:00,1.0,20.0,3.2720547894155825,20.10256551053432,16.522393295400327,2.496667
2024-01-09 20:15:00,1.0,20.0,3.2720547894155825,19.89940877431649,16.517337581079307,2.496667
2024-01-09 20:30:00,2.0,18.533333333333335,3.2720547894155825,19.706537744259332,16.501934843482527,2.496667
2024-01-09 20:45:00,1.0,15.233333333333333,3.2720547894155825,19.527670170424066,16.477412618082923,2.496667
2024-01-09 21:00:00,1.0,20.0,3.2720547894155825,19.98035703842738,16.45208983350423,1.806667
2024-01-09 21:15:00,1.0,20.0,3.2720547894155825,20.459488064204102,16.457749155430626,1.806667
2024-01-09 21:30:00,1.0,20.0,3.2720547894155825,20.247327419893068,16.466931647361108,1.806667
2024-01-09 21:45:00,2.0,19.633333333333333,3.2720547894155825,20.032994725864626,16.463658649710926,1.806667
2024-01-09 22:00:00,1.0,15.966666666666667,3.2720547894155825,19.829300180845618,16.44537460907943,1.198333
2024-01-09 22:15:00,2.0,19.633333333333333,3.2720547894155825,19.63481309408993,16.413166782883874,1.198333
2024-01-09 22:30:00,2.0,14.5,3.2720547894155825,19.448786575590642,16.372869768573263,1.198333
2024-01-09 22:45:00,2.0,14.5,3.2720547894155825,19.27037188515086,16.325465288641762,1.198333
2024-01-09 23:00:00,2.0,14.5,3.2720547894155825,19.098593785109678,16.269081769120678,0.776667
2024-01-09 23:15:00,2.0,14.5,3.2720547894155825,18.93257106866211,16.20433944867185,0.776667
2024-01-09 23:30:00,2.0,14.5,3.2720547894155825,18.771884015746796,16.135163840866433,0.776667
2024-01-09 23:45:00,2.0,14.5,3.2720547894155825,18.616031210698896,16.062129726670403,0.776667
2024-01-10 00:00:00,2.0,14.5,3.2720547894155825,18.464437519183544,15.984142468926219,0.53
2024-01-10 00:15:00,2.0,14.5,3.2720547894155825,18.316583064001765,15.901564838758137,0.53
2024-01-10 00:30:00,2.0,14.5,3.2720547894155825,18.172218154115978,15.816692906576161,0.53
2024-01-10 00:45:00,2.0,14.5,3.2720547894155825,18.03104550962616,15.729862424679046,0.53
2024-01-10 01:00:00,2.0,14.5,3.2720547894155825,17.892676656078923,15.639831388201431,0.293333
2024-01-10 01:15:00,2.0,14.5,3.2720547894155825,17.75675794813046,15.546777430807728,0.293333
2024-01-10 01:30:00,2.0,14.5,3.2720547894155825,17.623178808593266,15.45275205194314,0.293333
2024-01-10 01:45:00,2.0,14.5,3.2720547894155825,17.491768634435633,15.357942741415881,0.293333
2024-01-10 02:00:00,2.0,14.5,3.2720547894155825,17.362550163764876,15.264695209297818,0.628333
2024-01-10 02:15:00,2.0,14.5,3.2720547894155825,17.23555395334575,15.173278960931306,0.628333
2024-01-10 02:30:00,2.0,14.5,3.2720547894155825,17.1105172748471,15.081251773681032,0.628333
2024-01-10 02:45:00,2.0,14.5,3.2720547894155825,16.98730750394864,14.9887572304049,0.628333
2024-01-10 03:00:00,2.0,14.5,3.2720547894155825,16.86586972526661,14.89671402176469,0.75
2024-01-10 03:15:00,2.0,14.5,3.2720547894155825,16.746158522729484,14.805279039207726,0.75
2024-01-10 03:30:00,2.0,14.5,3.2720547894155825,16.628027884941996,14.713617427101155,0.75
2024-01-10 03:45:00,2.0,15.6,3.2720547894155825,16.65233375125938,14.624186017823297,0.75
2024-01-10 04:00:00,1.0,17.433333333333334,3.2720547894155825,16.731171556227494,14.54207370029817,0.511667
2024-01-10 04:15:00,1.0,20.0,3.2720547894155825,17.520057150301458,14.485072396978772,0.511667
2024-01-10 04:30:00,2.0,19.266666666666666,3.2720547894155825,18.38845455662449,14.47902472395113,0.511667
2024-01-10 04:45:00,2.0,14.5,3.2720547894155825,18.58760907736558,14.50757440019825,0.511667
2024-01-10 05:00:00,2.0,14.5,3.2720547894155825,18.35845484886085,14.52801015210347,0.326667
2024-01-10 05:15:00,2.0,14.5,3.2720547894155825,18.142093859814143,14.5336940037357,0.326667
2024-01-10 05:30:00,2.0,14.5,3.2720547894155825,17.937247709630505,14.527623780043228,0.326667
2024-01-10 05:45:00,2.0,14.5,3.2720547894155825,17.74272354360861,14.511185027298966,0.326667
2024-01-10 06:00:00,2.0,15.6,3.2720547894155825,17.656575918712953,14.485816693945255,0.186667
2024-01-10 06:15:00,1.0,17.8,3.2720547894155825,17.755207450843884,14.461207834225545,0.186667
2024-01-10 06:30:00,1.0,20.0,3.2720547894155825,18.518597362128933,14.460249026345041,0.186667
2024-01-10 06:45:00,1.0,20.0,3.2720547894155825,19.33829609292593,14.503875446364598,0.186667
2024-01-10 07:00:00,1.0,20.0,3.2720547894155825,20.117541714465126,14.585832948670019,-0.10167
2024-01-10 07:15:00,1.0,20.0,3.2720547894155825,20.366624796347136,14.693356207613116,-0.10167
2024-01-10 07:30:00,1.0,20.0,3.2720547894155825,20.0539505764984,14.787759570097355,-0.10167
2024-01-10 07:45:00,1.0,20.0,3.2720547894155825,19.762282575028987,14.859456532987144,-0.10167
2024-01-10 08:00:00,1.0,20.0,3.2720547894155825,19.624660534797247,14.906006272453121,-1.03667
2024-01-10 08:15:00,1.0,20.0,3.2720547894155825,20.2720592295101,14.955808205792867,-1.03667
2024-01-10 08:30:00,1.0,20.0,3.2720547894155825,20.341823625615753,15.028807703597074,-1.03667
2024-01-10 08:45:00,1.0,20.0,3.2720547894155825,20.052672632392397,15.086922554493688,-1.03667
2024-01-10 09:00:00,1.0,20.0,3.2720547894155825,19.779618734668365,15.12483126185246,-1.20833
2024-01-10 09:15:00,1.0,20.0,3.2720547894155825,19.591841430544687,15.14490165198081,-1.20833
2024-01-10 09:30:00,1.0,20.0,3.2720547894155825,20.18513572678706,15.171715732091394,-1.20833
2024-01-10 09:45:00,1.0,20.0,3.2720547894155825,20.391816735655265,15.226929884931414,-1.20833
2024-01-10 10:00:00,3.0,16.333333333333332,3.2720547894155825,20.10689788617548,15.273363580529628,-1.01
2024-01-10 10:15:00,3.0,15.0,3.2720547894155825,19.839973909621833,15.30320161690425,-1.01
2024-01-10 10:30:00,1.0,16.333333333333332,3.2720547894155825,19.59318746099121,15.317023832878453,-1.01
2024-01-10 10:45:00,1.0,20.0,3.2720547894155825,19.983782357684404,15.328418776719746,-1.01
2024-01-10 11:00:00,3.0,15.0,3.2720547894155825,20.280567867087345,15.367853851959826,-0.9116699999999999
2024-01-10 11:15:00,1.0,19.333333333333332,3.2720547894155825,20.009970013133866,15.401919359336286,-0.9116699999999999
2024-01-10 11:30:00,1.0,20.0,3.2720547894155825,19.7551388909733,15.419495305780945,-0.9116699999999999
2024-01-10 11:45:00,1.0,20.0,3.2720547894155825,19.614104051823414,15.423120755832256,-0.9116699999999999
2024-01-10 12:00:00,1.0,20.0,3.2720547894155825,20.250000650362306,15.439998054691575,-0.65
2024-01-10 12:15:00,1.0,20.0,3.2720547894155825,20.344419148660883,15.484995087942742,-0.65
2024-01-10 12:30:00,1.0,18.0,3.2720547894155825,20.077224617326415,15.518262250548835,-0.65
2024-01-10 12:45:00,1.0,20.0,3.2720547894155825,19.82557978310064,15.535271790889597,-0.65
2024-01-10 13:00:00,1.0,20.0,3.2720547894155825,19.592665037417145,15.541353969167469,-0.12167
2024-01-10 13:15:00,1.0,20.0,3.2720547894155825,19.99612820638283,15.550086908668892,-0.12167
2024-01-10 13:30:00,1.0,20.0,3.2720547894155825,20.430809369159764,15.589974121136656,-0.12167
2024-01-10 13:45:00,1.0,20.0,3.2720547894155825,20.178239023600078,15.628775658136334,-0.12167
2024-01-10 14:00:00,1.0,20.0,3.2720547894155825,19.929459883022425,15.654794470361349,0.451667
2024-01-10 14:15:00,1.0,20.0,3.2720547894155825,19.69763906653207,15.670256650116396,0.451667
2024-01-10 14:30:00,1.0,20.0,3.2720547894155825,19.649106738855433,15.673974401258713,0.451667
2024-01-10 14:45:00,1.0,20.0,3.2720547894155825,20.337228001905757,15.695819285304728,0.451667
2024-01-10 15:00:00,1.0,20.0,3.2720547894155825,20.33655142982157,15.743540135338998,0.9599999999999999
2024-01-10 15:15:00,1.0,20.0,3.2720547894155825,20.083263392547728,15.781384192541486,0.9599999999999999
2024-01-10 15:30:00,3.0,18.0,3.2720547894155825,19.8450352683591,15.803398122272505,0.9599999999999999
2024-01-10 15:45:00,1.0,16.333333333333332,3.2720547894155825,19.620283794552947,15.811424389532885,0.9599999999999999
2024-01-10 16:00:00,1.0,20.0,3.2720547894155825,19.83435405197989,15.812919586131441,0.888333
2024-01-10 16:15:00,1.0,20.0,3.2720547894155825,20.437776913076256,15.843299270782703,0.888333
2024-01-10 16:30:00,1.0,20.0,3.2720547894155825,20.249305904161037,15.881980988609314,0.888333
2024-01-10 16:45:00,1.0,20.0,3.2720547894155825,20.004104360552045,15.904975468728008,0.888333
2024-01-10 17:00:00,1.0,20.0,3.2720547894155825,19.77246015211881,15.909429831208794,0.255
2024-01-10 17:15:00,1.0,20.0,3.2720547894155825,19.581191456743177,15.896870595941303,0.255
2024-01-10 17:30:00,3.0,15.333333333333334,3.2720547894155825,19.686825224964604,15.883695281525167,0.255
2024-01-10 17:45:00,3.0,15.0,3.2720547894155825,19.474656133063057,15.868505539662406,0.255
2024-01-10 18:00:00,1.0,16.333333333333332,3.2720547894155825,19.296527328567986,15.840009965448354,-0.205
2024-01-10 18:15:00,1.0,20.0,3.2720547894155825,19.841857239001435,15.815611012626938,-0.205
2024-01-10 18:30:00,1.0,20.0,3.2720547894155825,20.401226999360418,15.83059222406474,-0.205
2024-01-10 18:45:00,1.0,20.0,3.2720547894155825,20.189777541260586,15.852110151237648,-0.205
2024-01-10 19:00:00,1.0,20.0,3.2720547894155825,19.944671614621594,15.857326340012872,-0.445
2024-01-10 19:15:00,1.0,20.0,3.2720547894155825,19.712376348270098,15.847561702796447,-0.445
2024-01-10 19:30:00,1.0,20.0,3.2720547894155825,19.624391531243848,15.827213402482233,-0.445
2024-01-10 19:45:00,1.0,19.666666666666668,3.2720547894155825,20.29847179929643,15.823800689981006,-0.445
2024-01-10 20:00:00,3.0,15.666666666666666,3.2720547894155825,20.349405571736508,15.845376245350682,-0.66833
2024-01-10 20:15:00,3.0,15.0,3.2720547894155825,20.095226653238093,15.854608650311679,-0.66833
2024-01-10 20:30:00,3.0,15.0,3.2720547894155825,19.85470467823247,15.849862906577192,-0.66833
2024-01-10 20:45:00,3.0,15.0,3.2720547894155825,19.626422987791898,15.83278479977858,-0.66833
2024-01-10 21:00:00,1.0,18.333333333333332,3.2720547894155825,19.621847096471626,15.80549195672322,-0.89
2024-01-10 21:15:00,1.0,20.0,3.2720547894155825,20.33504941831863,15.799627038258304,-0.89
2024-01-10 21:30:00,1.0,20.0,3.2720547894155825,20.331559404681325,15.818358920637856,-0.89
2024-01-10 21:45:00,1.0,20.0,3.2720547894155825,20.076663364077415,15.825390748198048,-0.89
2024-01-10 22:00:00,2.0,14.866666666666667,3.2720547894155825,19.835154131118006,15.816112872310338,-1.265
2024-01-10 22:15:00,2.0,14.5,3.2720547894155825,19.605438007971948,15.792022906238815,-1.265
2024-01-10 22:30:00,2.0,14.5,3.2720547894155825,19.386421658456403,15.757452566017824,-1.265
2024-01-10 22:45:00,2.0,14.5,3.2720547894155825,19.177019035244427,15.713660009826974,-1.265
2024-01-10 23:00:00,2.0,14.5,3.2720547894155825,18.976129229941343,15.660081999764765,-1.52333
2024-01-10 23:15:00,2.0,14.5,3.2720547894155825,18.782764612472544,15.597616697780152,-1.52333
2024-01-10 23:30:00,2.0,14.5,3.2720547894155825,18.596269759178497,15.529129279782461,-1.52333
2024-01-10 23:45:00,2.0,14.5,3.2720547894155825,18.415983174954476,15.455380637280069,-1.52333
2024-01-11 00:00:00,2.0,14.5,3.2720547894155825,18.241135141127668,15.374790818434347,-1.87
2024-01-11 00:15:00,2.0,14.5,3.2720547894155825,18.071029492650876,15.287832922877628,-1.87
2024-01-11 00:30:00,2.0,14.5,3.2720547894155825,17.905346138423464,15.197701393577963,-1.87
2024-01-11 00:45:00,2.0,14.5,3.2720547894155825,17.74369485962413,15.10483938657894,-1.87
2024-01-11 01:00:00,2.0,14.5,3.2720547894155825,17.585755122534906,15.009976313028961,-1.81833
2024-01-11 01:15:00,2.0,14.5,3.2720547894155825,17.43124303357036,14.913479917074769,-1.81833
2024-01-11 01:30:00,2.0,14.5,3.2720547894155825,17.279860959976613,14.815262866637568,-1.81833
2024-01-11 01:45:00,2.0,14.5,3.2720547894155825,17.1313593334137,14.715603938581081,-1.81833
2024-01-11 02:00:00,2.0,14.5,3.2720547894155825,16.985388543662598,14.61316702560378,-2.06167
2024-01-11 02:15:00,2.0,14.5,3.2720547894155825,16.84162921401928,14.508082227311718,-2.06167
2024-01-11 02:30:00,2.0,14.5,3.2720547894155825,16.700006932503488,14.402412157382294,-2.06167
2024-01-11 02:45:00,2.0,14.5,3.2720547894155825,16.560381163559523,14.296308029553554,-2.06167
2024-01-11 03:00:00,2.0,14.5,3.2720547894155825,16.42261674813229,14.189784370693138,-2.08
2024-01-11 03:15:00,2.0,14.5,3.2720547894155825,16.28659228492868,14.082952786530475,-2.08
2024-01-11 03:30:00,2.0,14.5,3.2720547894155825,16.152215032717148,13.976058577726187,-2.08
2024-01-11 03:45:00,2.0,14.5,3.2720547894155825,16.01939634592146,13.869192515337762,-2.08
2024-01-11 04:00:00,1.0,15.6,3.2720547894155825,15.902321669120564,13.761899380787003,-2.165
2024-01-11 04:15:00,1.0,19.633333333333333,3.2720547894155825,16.450965903525827,13.668162717800396,-2.165
2024-01-11 04:30:00,2.0,14.866666666666667,3.2720547894155825,16.846213432911394,13.615131878053422,-2.165
2024-01-11 04:45:00,2.0,14.5,3.2720547894155825,16.6635401958275,13.567775044525593,-2.165
2024-01-11 05:00:00,2.0,14.5,3.2720547894155825,16.483438582119973,13.514154043575653,-2.09833
2024-01-11 05:15:00,2.0,14.5,3.2720547894155825,16.310014283532595,13.455106483868098,-2.09833
2024-01-11 05:30:00,2.0,14.5,3.2720547894155825,16.14259815881842,13.39085850588788,-2.09833
2024-01-11 05:45:00,2.0,14.5,3.2720547894155825,15.980615040183205,13.322071164021729,-2.09833
2024-01-11 06:00:00,1.0,18.533333333333335,3.2720547894155825,16.083448047986533,13.253023259932831,-1.97333
2024-01-11 06:15:00,1.0,20.0,3.2720547894155825,16.92008974978679,13.216756796670241,-1.97333
2024-01-11 06:30:00,1.0,20.0,3.2720547894155825,17.757074372409072,13.229083687389995,-1.97333
2024-01-11 06:45:00,1.0,18.9,3.2720547894155825,18.508445448611262,13.284426848924006,-1.97333
2024-01-11 07:00:00,1.0,20.0,3.2720547894155825,19.09982063930997,13.370376500467678,-2.00333
2024-01-11 07:15:00,3.0,19.333333333333332,3.2720547894155825,19.827063288077266,13.48672138981418,-2.00333
2024-01-11 07:30:00,1.0,18.666666666666668,3.2720547894155825,19.898586812991258,13.622118686035424,-2.00333
2024-01-11 07:45:00,1.0,20.0,3.2720547894155825,19.601515306875648,13.736980193295116,-2.00333
2024-01-11 08:00:00,1.0,20.0,3.2720547894155825,20.079004009598872,13.847734655064004,-1.61167
2024-01-11 08:15:00,1.0,20.0,3.2720547894155825,20.367679492802598,13.983262058837898,-1.61167
2024-01-11 08:30:00,1.0,20.0,3.2720547894155825,20.03318353668284,14.104566646930268,-1.61167
2024-01-11 08:45:00,1.0,20.0,3.2720547894155825,19.717645244433,14.199996742926803,-1.61167
2024-01-11 09:00:00,1.0,20.0,3.2720547894155825,19.686470319602066,14.277512690266649,-1.29167
2024-01-11 09:15:00,1.0,20.0,3.2720547894155825,20.335880834846908,14.372225249595935,-1.29167
2024-01-11 09:30:00,3.0,18.333333333333332,3.2720547894155825,20.23167256388646,14.479044025641576,-1.29167
2024-01-11 09:45:00,1.0,16.666666666666668,3.2720547894155825,19.93190591882054,14.56464183348698,-1.29167
2024-01-11 10:00:00,1.0,20.0,3.2720547894155825,19.65383282978113,14.636081262102449,-0.175
2024-01-11 10:15:00,1.0,20.0,3.2720547894155825,19.824352488916567,14.702641252714807,-0.175
2024-01-11 10:30:00,1.0,20.0,3.2720547894155825,20.391610752852095,14.792060385886298,-0.175
2024-01-11 10:45:00,1.0,20.0,3.2720547894155825,20.171842107249443,14.883961740133078,-0.175
2024-01-11 11:00:00,1.0,20.0,3.2720547894155825,19.900443220271093,14.959256029835862,0.478333
2024-01-11 11:15:00,1.0,20.0,3.2720547894155825,19.647902580627342,15.020053265121067,0.478333
2024-01-11 11:30:00,1.0,20.0,3.2720547894155825,19.77915840184247,15.068505392297928,0.478333
2024-01-11 11:45:00,1.0,20.0,3.2720547894155825,20.4022975998339,15.140467553945717,0.478333
2024-01-11 12:00:00,1.0,20.0,3.2720547894155825,20.22908216740774,15.22439760023773,1.153333
2024-01-11 12:15:00,1.0,20.0,3.2720547894155825,19.973469520494447,15.294175292579895,1.153333
2024-01-11 12:30:00,1.0,20.0,3.2720547894155825,19.734654868156245,15.345881334467466,1.153333
2024-01-11 12:45:00,1.0,20.0,3.2720547894155825,19.61053411571448,15.382214013118896,1.153333
2024-01-11 13:00:00,2.0,18.166666666666668,3.2720547894155825,20.230585369323354,15.439039868925885,2.751667
2024-01-11 13:15:00,2.0,14.5,3.2720547894155825,20.238696966593,15.526913594913147,2.751667
2024-01-11 13:30:00,1.0,17.433333333333334,3.2720547894155825,19.998302606349384,15.59910868491105,2.751667
2024-01-11 13:45:00,1.0,20.0,3.2720547894155825,19.774039008066968,15.653871912844155,2.751667
2024-01-11 14:00:00,1.0,20.0,3.2720547894155825,19.57721091574935,15.69940039951929,3.705
2024-01-11 14:15:00,1.0,20.0,3.2720547894155825,20.066257463678987,15.751653635391897,3.705
2024-01-11 14:30:00,1.0,20.0,3.2720547894155825,20.397870272073213,15.831990063575626,3.705
2024-01-11 14:45:00,1.0,20.0,3.2720547894155825,20.162066290872428,15.90535050343853,3.705
2024-01-11 15:00:00,1.0,20.0,3.2720547894155825,19.935809184268823,15.965911268788597,4.408333
2024-01-11 15:15:00,1.0,20.0,3.2720547894155825,19.717261086536514,16.01541154199889,4.408333
2024-01-11 15:30:00,1.0,20.0,3.2720547894155825,19.612243535864515,16.050750510661388,4.408333
2024-01-11 15:45:00,1.0,20.0,3.2720547894155825,20.26926721391925,16.09737150318368,4.408333
2024-01-11 16:00:00,3.0,17.333333333333332,3.2720547894155825,20.342337174957816,16.16383733726317,3.825
2024-01-11 16:15:00,3.0,15.0,3.2720547894155825,20.110223832878884,16.213493095351545,3.825
2024-01-11 16:30:00,1.0,16.666666666666668,3.2720547894155825,19.89266992096103,16.2476482622228,3.825
2024-01-11 16:45:00,1.0,20.0,3.2720547894155825,19.688134837715094,16.268097116283897,3.825
2024-01-11 17:00:00,1.0,20.0,3.2720547894155825,19.62778154002552,16.274695055412636,3.406667
2024-01-11 17:15:00,1.0,20.0,3.2720547894155825,20.310125991400007,16.29474349936115,3.406667
2024-01-11 17:30:00,1.0,20.0,3.2720547894155825,20.338332026920952,16.33852553306503,3.406667
2024-01-11 17:45:00,1.0,20.0,3.2720547894155825,20.114756136073286,16.37061171525726,3.406667
2024-01-11 18:00:00,1.0,20.0,3.2720547894155825,19.904163858945914,16.385786779234095,2.941667
2024-01-11 18:15:00,1.0,20.0,3.2720547894155825,19.7049344465998,16.38549776174594,2.941667
2024-01-11 18:30:00,1.0,20.0,3.2720547894155825,19.587316084208503,16.375104427200593,2.941667
2024-01-11 18:45:00,1.0,20.0,3.2720547894155825,20.23127648265007,16.377147935704436,2.941667
2024-01-11 19:00:00,1.0,20.0,3.2720547894155825,20.37338817193811,16.405348214916806,2.481667
2024-01-11 19:15:00,1.0,20.0,3.2720547894155825,20.150231484217368,16.42209411604408,2.481667
2024-01-11 19:30:00,1.0,20.0,3.2720547894155825,19.939502562863105,16.425994467698597,2.481667
2024-01-11 19:45:00,1.0,20.0,3.2720547894155825,19.739905897645016,16.41855525654784,2.481667
2024-01-11 20:00:00,1.0,20.0,3.2720547894155825,19.56424182566441,16.396686115693274,1.798333
2024-01-11 20:15:00,2.0,15.966666666666667,3.2720547894155825,19.810938748074282,16.372409002347514,1.798333
2024-01-11 20:30:00,2.0,14.5,3.2720547894155825,19.66004534481153,16.354541201806075,1.798333
2024-01-11 20:45:00,2.0,14.5,3.2720547894155825,19.470483682631087,16.327731247513874,1.798333
2024-01-11 21:00:00,1.0,16.333333333333332,3.2720547894155825,19.336652880773382,16.28879964905437,1.166667
2024-01-11 21:15:00,1.0,20.0,3.2720547894155825,19.955198586053445,16.25732278234531,1.166667
2024-01-11 21:30:00,1.0,20.0,3.2720547894155825,20.424976865804872,16.265764124101405,1.166667
2024-01-11 21:45:00,1.0,20.0,3.2720547894155825,20.20408969942118,16.277052212527437,1.166667
2024-01-11 22:00:00,1.0,20.0,3.2720547894155825,19.981529879419146,16.27453797521981,1.051667
2024-01-11 22:15:00,2.0,14.866666666666667,3.2720547894155825,19.77030887003708,16.25965101229183,1.051667
2024-01-11 22:30:00,2.0,14.5,3.2720547894155825,19.569294062449554,16.23464543887753,1.051667
2024-01-11 22:45:00,2.0,14.5,3.2720547894155825,19.377443344265135,16.200729451181992,1.051667
2024-01-11 23:00:00,2.0,14.5,3.2720547894155825,19.193505137304836,16.15493147041277,0.43
2024-01-11 23:15:00,2.0,14.5,3.2720547894155825,19.016346078000467,16.097977506977525,0.43
2024-01-11 23:30:00,2.0,14.5,3.2720547894155825,18.845495030805022,16.035487798777314,0.43
2024-01-11 23:45:00,2.0,14.5,3.2720547894155825,18.680344284862908,15.968161420606899,0.43
2024-01-12 00:00:00,2.0,14.5,3.2720547894155825,18.520259046322977,15.89544795118562,0.25
2024-01-12 00:15:00,2.0,14.5,3.2720547894155825,18.36466858559651,15.817832688324666,0.25
2024-01-12 00:30:00,2.0,14.5,3.2720547894155825,18.213220437535263,15.737187013202897,0.25
2024-01-12 00:45:00,2.0,14.5,3.2720547894155825,18.06554616578596,15.653929854700158,0.25
2024-01-12 01:00:00,2.0,14.5,3.2720547894155825,17.921364683918284,15.569018539183935,0.34
2024-01-12 01:15:00,2.0,14.5,3.2720547894155825,17.780428478177587,15.482815794667529,0.34
2024-01-12 01:30:00,2.0,14.5,3.2720547894155825,17.64243921630294,15.394923111157684,0.34
2024-01-12 01:45:00,2.0,14.5,3.2720547894155825,17.507158385272934,15.305607600662023,0.34
2024-01-12 02:00:00,2.0,14.5,3.2720547894155825,17.374246269352444,15.213522892029832,0.096667
2024-01-12 02:15:00,2.0,14.5,3.2720547894155825,17.24339235073291,15.118789982306565,0.096667
2024-01-12 02:30:00,2.0,14.5,3.2720547894155825,17.11453014921183,15.02346339620671,0.096667
2024-01-12 02:45:00,2.0,14.5,3.2720547894155825,16.987526244739843,14.927687263341367,0.096667
2024-01-12 03:00:00,2.0,14.5,3.2720547894155825,16.862305841650016,14.832142173936882,0.181667
2024-01-12 03:15:00,2.0,14.5,3.2720547894155825,16.73880463469561,14.73697201539741,0.181667
2024-01-12 03:30:00,2.0,14.5,3.2720547894155825,16.616891466510374,14.641623824760517,0.181667
2024-01-12 03:45:00,2.0,14.5,3.2720547894155825,16.496474916501572,14.546192920705339,0.181667
2024-01-12 04:00:00,2.0,14.5,3.2720547894155825,16.37753320774259,14.451511721425955,0.296667
2024-01-12 04:15:00,1.0,18.166666666666668,3.2720547894155825,16.500881355457782,14.360469290475987,0.296667
2024-01-12 04:30:00,2.0,18.533333333333335,3.2720547894155825,17.295317984249518,14.302181097322764,0.296667
2024-01-12 04:45:00,2.0,16.7,3.2720547894155825,17.693979789378393,14.28285386811927,0.296667
2024-01-12 05:00:00,1.0,15.233333333333333,3.2720547894155825,17.65553335268539,14.274060814694149,0.016667
2024-01-12 05:15:00,2.0,18.166666666666668,3.2720547894155825,18.04346866785206,14.266654062092439,0.016667
2024-01-12 05:30:00,2.0,14.5,3.2720547894155825,18.082366158835764,14.279120845061705,0.016667
2024-01-12 05:45:00,2.0,14.5,3.2720547894155825,17.867340808774603,14.282532212261229,0.016667
2024-01-12 06:00:00,2.0,14.5,3.2720547894155825,17.663946248282198,14.278151712736804,0.591667
2024-01-12 06:15:00,2.0,14.5,3.2720547894155825,17.471296168647136,14.267550713280086,0.591667
2024-01-12 06:30:00,2.0,14.5,3.2720547894155825,17.28810573388298,14.24752317492924,0.591667
2024-01-12 06:45:00,1.0,18.166666666666668,3.2720547894155825,17.326247719903794,14.221289931506764,0.591667
2024-01-12 07:00:00,1.0,20.0,3.2720547894155825,18.127786343316085,14.220678147528627,0.626667
2024-01-12 07:15:00,2.0,19.633333333333333,3.2720547894155825,18.956221265856673,14.265719388962385,0.626667
2024-01-12 07:30:00,1.0,19.266666666666666,3.2720547894155825,19.54800126884942,14.34663208047369,0.626667
2024-01-12 07:45:00,3.0,16.666666666666668,3.2720547894155825,20.082633797228596,14.455205285564203,0.626667
2024-01-12 08:00:00,1.0,15.666666666666666,3.2720547894155825,19.84395780847186,14.560001849200487,0.048333
2024-01-12 08:15:00,1.0,20.0,3.2720547894155825,19.58520586751766,14.638033365839757,0.048333
2024-01-12 08:30:00,3.0,19.333333333333332,3.2720547894155825,20.055046058318148,14.712199473087509,0.048333
2024-01-12 08:45:00,3.0,15.0,3.2720547894155825,20.183789776560563,14.806646776375633,0.048333
2024-01-12 09:00:00,1.0,15.333333333333334,3.2720547894155825,19.891720590137755,14.89134554068683,0.853333
2024-01-12 09:15:00,1.0,20.0,3.2720547894155825,19.619659800092144,14.96092231138322,0.853333
2024-01-12 09:30:00,1.0,20.0,3.2720547894155825,19.928801944802352,15.021245681172067,0.853333
2024-01-12 09:45:00,1.0,20.0,3.2720547894155825,20.39794607079563,15.10727562602389,0.853333
2024-01-12 10:00:00,1.0,19.0,3.2720547894155825,20.137696444177354,15.195088967279174,1.561667
2024-01-12 10:15:00,1.0,20.0,3.2720547894155825,19.867963180606182,15.267174343312105,1.561667
2024-01-12 10:30:00,1.0,20.0,3.2720547894155825,19.61587751444581,15.320292417129412,1.561667
2024-01-12 10:45:00,1.0,20.0,3.2720547894155825,19.873259623815525,15.364502765802667,1.561667
2024-01-12 11:00:00,1.0,20.0,3.2720547894155825,20.413772717989005,15.436942288733517,1.781667
2024-01-12 11:15:00,1.0,20.0,3.2720547894155825,20.187157695881808,15.512702286183067,1.781667
2024-01-12 11:30:00,1.0,20.0,3.2720547894155825,19.930545905534203,15.569324829550338,1.781667
2024-01-12 11:45:00,1.0,20.0,3.2720547894155825,19.690117639031794,15.608696231461307,1.781667
2024-01-12 12:00:00,1.0,20.0,3.2720547894155825,19.677088815584796,15.634445883061602,1.71
2024-01-12 12:15:00,1.0,20.0,3.2720547894155825,20.361506971687376,15.67857921018163,1.71
2024-01-12 12:30:00,1.0,20.0,3.2720547894155825,20.310804371126515,15.741032481619289,1.71
2024-01-12 12:45:00,1.0,20.0,3.2720547894155825,20.059519853615893,15.788022596768506,1.71
2024-01-12 13:00:00,1.0,20.0,3.2720547894155825,19.823825435506414,15.820015776674309,1.915
2024-01-12 13:15:00,1.0,20.0,3.2720547894155825,19.602200260396998,15.83898634261114,1.915
2024-01-12 13:30:00,1.0,20.0,3.2720547894155825,19.88673267749726,15.85291709405555,1.915
2024-01-12 13:45:00,1.0,20.0,3.2720547894155825,20.451655199640616,15.89708782282106,1.915
2024-01-12 14:00:00,1.0,20.0,3.2720547894155825,20.246854314906784,15.945953624456523,1.885
2024-01-12 14:15:00,1.0,20.0,3.2720547894155825,20.00945248593208,15.97839252936081,1.885
2024-01-12 14:30:00,1.0,20.0,3.2720547894155825,19.786012462206948,15.996195363035833,1.885
2024-01-12 14:45:00,1.0,20.0,3.2720547894155825,19.579843998559795,16.00106760488763,1.885
2024-01-12 15:00:00,1.0,20.0,3.2720547894155825,20.008404367838402,16.0063167032259,1.896667
2024-01-12 15:15:00,1.0,20.0,3.2720547894155825,20.405840430720147,16.043009877954756,1.896667
2024-01-12 15:30:00,1.0,20.0,3.2720547894155825,20.1694554666375,16.07775834492733,1.896667
2024-01-12 15:45:00,1.0,20.0,3.2720547894155825,19.942553078257728,16.09753560114475,1.896667
2024-01-12 16:00:00,1.0,20.0,3.2720547894155825,19.727084885156636,16.10488169221051,2.025
2024-01-12 16:15:00,1.0,20.0,3.2720547894155825,19.592967747780722,16.101642221388605,2.025
2024-01-12 16:30:00,1.0,20.0,3.2720547894155825,20.221647838373606,16.109497272972664,2.025
2024-01-12 16:45:00,1.0,20.0,3.2720547894155825,20.34980675912905,16.145312858779484,2.025
2024-01-12 17:00:00,1.0,20.0,3.2720547894155825,20.114223878476817,16.17286646703872,2.191667
2024-01-12 17:15:00,1.0,20.0,3.2720547894155825,19.89238046319197,16.187416573706184,2.191667
2024-01-12 17:30:00,1.0,20.0,3.2720547894155825,19.68278545040406,16.1893359112097,2.191667
2024-01-12 17:45:00,1.0,20.0,3.2720547894155825,19.65463967880264,16.181578291012897,2.191667
2024-01-12 18:00:00,1.0,20.0,3.2720547894155825,20.33762292164763,16.19136075132767,1.846667
2024-01-12 18:15:00,1.0,20.0,3.2720547894155825,20.31107270959107,16.22032775641877,1.846667
2024-01-12 18:30:00,1.0,20.0,3.2720547894155825,20.080991216304508,16.237323934688018,1.846667
2024-01-12 18:45:00,1.0,20.0,3.2720547894155825,19.8637094934851,16.241093828151737,1.846667
2024-01-12 19:00:00,1.0,20.0,3.2720547894155825,19.65799443346596,16.234446148136573,2.04
2024-01-12 19:15:00,1.0,20.0,3.2720547894155825,19.67559689841527,16.220927133642103,2.04
2024-01-12 19:30:00,1.0,20.0,3.2720547894155825,20.358582853138856,16.230262029117547,2.04
2024-01-12 19:45:00,1.0,20.0,3.2720547894155825,20.29168518764117,16.25888026996419,2.04
2024-01-12 20:00:00,1.0,20.0,3.2720547894155825,20.0648142032684,16.275114892210283,2.063333
2024-01-12 20:15:00,1.0,17.8,3.2720547894155825,19.850554551229724,16.278512364712196,2.063333
2024-01-12 20:30:00,1.0,20.0,3.2720547894155825,19.647584893431144,16.270417992519352,2.063333
2024-01-12 20:45:00,1.0,20.0,3.2720547894155825,19.714566988873578,16.25506666202425,2.063333
2024-01-12 21:00:00,1.0,20.0,3.2720547894155825,20.38696898877784,16.263561409946302,1.818333
2024-01-12 21:15:00,1.0,20.0,3.2720547894155825,20.283213649987967,16.28697760209726,1.818333
2024-01-12 21:30:00,1.0,20.0,3.2720547894155825,20.057918500769812,16.29769511298003,1.818333
2024-01-12 21:45:00,2.0,16.333333333333332,3.2720547894155825,19.84485674087787,16.29585470466083,1.818333
2024-01-12 22:00:00,2.0,14.5,3.2720547894155825,19.642559016435083,16.280460633697437,1.438333
2024-01-12 22:15:00,2.0,14.5,3.2720547894155825,19.44970634727288,16.252685845556087,1.438333
2024-01-12 22:30:00,2.0,14.5,3.2720547894155825,19.265453972647144,16.216613611183693,1.438333
2024-01-12 22:45:00,2.0,14.5,3.2720547894155825,19.08893535358108,16.173246821405453,1.438333
2024-01-12 23:00:00,2.0,14.5,3.2720547894155825,18.919265663332613,16.122055689520142,1.22
2024-01-12 23:15:00,2.0,14.5,3.2720547894155825,18.75565072432271,16.063751528194864,1.22
2024-01-12 23:30:00,1.0,19.633333333333333,3.2720547894155825,19.02594765730291,16.007024634811486,1.22
2024-01-12 23:45:00,1.0,20.0,3.2720547894155825,19.8944023043,15.988683258178854,1.22
2024-01-13 00:00:00,2.0,14.866666666666667,3.2720547894155825,20.292869521990333,16.00912117648961,0.908333
2024-01-13 00:15:00,2.0,14.5,3.2720547894155825,20.056415424722182,16.026479629844285,0.908333
2024-01-13 00:30:00,2.0,14.5,3.2720547894155825,19.82856667586491,16.0300173324681,0.908333
2024-01-13 00:45:00,2.0,14.5,3.2720547894155825,19.61272016075488,16.021339331358526,0.908333
2024-01-13 01:00:00,2.0,14.5,3.2720547894155825,19.40749331366246,16.00013071767937,0.638333
2024-01-13 01:15:00,2.0,14.5,3.2720547894155825,19.211647865791647,15.96757363657418,0.638333
2024-01-13 01:30:00,2.0,14.5,3.2720547894155825,19.024315781418544,15.926879119380462,0.638333
2024-01-13 01:45:00,2.0,14.5,3.2720547894155825,18.84464313701815,15.87903486670956,0.638333
2024-01-13 02:00:00,2.0,14.5,3.2720547894155825,18.671676201582112,15.822499931906004,0.266667
2024-01-13 02:15:00,2.0,14.5,3.2720547894155825,18.504554515438922,15.757917544778616,0.266667
2024-01-13 02:30:00,2.0,14.5,3.2720547894155825,18.34283361896543,15.68883346936393,0.266667
2024-01-13 02:45:00,2.0,14.5,3.2720547894155825,18.18600525256043,15.615830450597095,0.266667
2024-01-13 03:00:00,2.0,14.5,3.2720547894155825,18.033408969445553,15.536834105776789,-0.13167
2024-01-13 03:15:00,2.0,14.5,3.2720547894155825,17.88444409959756,15.45215805016787,-0.13167
2024-01-13 03:30:00,2.0,14.5,3.2720547894155825,17.73892010783732,15.365268566692405,-0.13167
2024-01-13 03:45:00,2.0,14.5,3.2720547894155825,17.596546335925,15.276493481346318,-0.13167
2024-01-13 04:00:00,2.0,14.5,3.2720547894155825,17.456889692682118,15.183954811955001,-0.465
2024-01-13 04:15:00,1.0,18.533333333333335,3.2720547894155825,17.705121886802903,15.093923165416717,-0.465
2024-01-13 04:30:00,2.0,17.8,3.2720547894155825,18.35570084010651,15.037936944967681,-0.465
2024-01-13 04:45:00,2.0,14.5,3.2720547894155825,18.37070591130433,15.007375582661856,-0.465
2024-01-13 05:00:00,2.0,14.5,3.2720547894155825,18.176980396948352,14.970632125539677,-0.51833
2024-01-13 05:15:00,2.0,14.5,3.2720547894155825,17.99140796670995,14.92575249283416,-0.51833
2024-01-13 05:30:00,2.0,14.5,3.2720547894155825,17.813191689573735,14.874093399045737,-0.51833
2024-01-13 05:45:00,2.0,14.5,3.2720547894155825,17.64160647178464,14.816491572878933,-0.51833
2024-01-13 06:00:00,2.0,14.5,3.2720547894155825,17.47587924614094,14.752096025148516,-0.76333
2024-01-13 06:15:00,2.0,14.5,3.2720547894155825,17.315314267764624,14.681477034553433,-0.76333
2024-01-13 06:30:00,2.0,14.5,3.2720547894155825,17.15950409461826,14.607101747266148,-0.76333
2024-01-13 06:45:00,2.0,14.5,3.2720547894155825,17.00801174169426,14.529469472345676,-0.76333
2024-01-13 07:00:00,2.0,14.5,3.2720547894155825,16.860416509357684,14.446445321474767,-1.16
2024-01-13 07:15:00,1.0,15.233333333333333,3.2720547894155825,16.72096299305138,14.358290649631625,-1.16
2024-01-13 07:30:00,3.0,18.333333333333332,3.2720547894155825,17.160573711104124,14.27994367180244,-1.16
2024-01-13 07:45:00,3.0,15.0,3.2720547894155825,17.24487200899704,14.228895442895633,-1.16
2024-01-13 08:00:00,3.0,15.0,3.2720547894155825,17.07417984534924,14.173949955639085,-1.39333
2024-01-13 08:15:00,3.0,15.0,3.2720547894155825,16.914589560902712,14.112156554098805,-1.39333
2024-01-13 08:30:00,3.0,17.0,3.2720547894155825,17.000288426747268,14.04955004564648,-1.39333
2024-01-13 08:45:00,3.0,15.0,3.2720547894155825,17.017283585723295,13.99943118576512,-1.39333
2024-01-13 09:00:00,3.0,15.0,3.2720547894155825,16.854678546574124,13.946555393681965,-1.35
2024-01-13 09:15:00,3.0,15.0,3.2720547894155825,16.701063385240452,13.889063921841998,-1.35
2024-01-13 09:30:00,1.0,18.0,3.2720547894155825,16.7229834835648,13.82878189124683,-1.35
2024-01-13 09:45:00,3.0,16.0,3.2720547894155825,17.210816606189034,13.790925393996341,-1.35
2024-01-13 10:00:00,1.0,17.666666666666668,3.2720547894155825,17.192373807026517,13.767269557445271,-0.97667
2024-01-13 10:15:00,1.0,16.0,3.2720547894155825,17.511568145978025,13.75960220795207,-0.97667
2024-01-13 10:30:00,3.0,18.333333333333332,3.2720547894155825,17.903157326750115,13.76579902646179,-0.97667
2024-01-13 10:45:00,3.0,15.0,3.2720547894155825,17.941664668432686,13.790923370421234,-0.97667
2024-01-13 11:00:00,3.0,16.0,3.2720547894155825,17.770904211372972,13.815305467730441,0.405
2024-01-13 11:15:00,3.0,15.0,3.2720547894155825,17.735733462999104,13.84419932657111,0.405
2024-01-13 11:30:00,1.0,17.666666666666668,3.2720547894155825,17.66981431099233,13.865095048559887,0.405
2024-01-13 11:45:00,3.0,16.333333333333332,3.2720547894155825,18.135658587658842,13.898541691465535,0.405
2024-01-13 12:00:00,3.0,15.0,3.2720547894155825,17.96542377324876,13.95129677234855,2.438333
2024-01-13 12:15:00,3.0,15.0,3.2720547894155825,17.762312135241828,14.0041922788021,2.438333
2024-01-13 12:30:00,1.0,16.666666666666668,3.2720547894155825,17.620001553538348,14.043073813232455,2.438333
2024-01-13 12:45:00,3.0,16.333333333333332,3.2720547894155825,17.975071970687413,14.085517678288834,2.438333
2024-01-13 13:00:00,3.0,15.0,3.2720547894155825,17.82435677009039,14.148578748687777,4.956667
2024-01-13 13:15:00,3.0,15.0,3.2720547894155825,17.63995938373501,14.215628867274068,4.956667
2024-01-13 13:30:00,3.0,15.0,3.2720547894155825,17.46852648652498,14.268533048950978,4.956667
2024-01-13 13:45:00,3.0,15.0,3.2720547894155825,17.308668852340368,14.308911803501266,4.956667
2024-01-13 14:00:00,1.0,20.0,3.2720547894155825,17.65191048275689,14.357640275746624,6.738333
2024-01-13 14:15:00,1.0,20.0,3.2720547894155825,18.533267835164146,14.453156647697135,6.738333
2024-01-13 14:30:00,1.0,20.0,3.2720547894155825,19.3737296111136,14.588678264916554,6.738333
2024-01-13 14:45:00,1.0,20.0,3.2720547894155825,20.177444167288577,14.75939975976439,6.738333
2024-01-13 15:00:00,1.0,20.0,3.2720547894155825,20.38005543499711,14.953065965640763,7.008333000000001
2024-01-13 15:15:00,1.0,20.0,3.2720547894155825,20.092549843322956,15.129034526612907,7.008333000000001
2024-01-13 15:30:00,1.0,20.0,3.2720547894155825,19.828875798785184,15.278207017488937,7.008333000000001
2024-01-13 15:45:00,1.0,20.0,3.2720547894155825,19.59121500514491,15.403614899439633,7.008333000000001
2024-01-13 16:00:00,1.0,20.0,3.2720547894155825,19.993914482439873,15.515400308851532,6.356667
2024-01-13 16:15:00,1.0,20.0,3.2720547894155825,20.430536912221637,15.646647183715718,6.356667
2024-01-13 16:30:00,1.0,20.0,3.2720547894155825,20.184434523151776,15.770847339647398,6.356667
2024-01-13 16:45:00,1.0,20.0,3.2720547894155825,19.943747031408975,15.873174060918096,6.356667
2024-01-13 17:00:00,1.0,20.0,3.2720547894155825,19.720150131243717,15.948810045921848,5.243332999999999
2024-01-13 17:15:00,1.0,20.0,3.2720547894155825,19.610871368341538,16.000183850560134,5.243332999999999
2024-01-13 17:30:00,1.0,20.0,3.2720547894155825,20.264667122055148,16.06155145430343,5.243332999999999
2024-01-13 17:45:00,1.0,20.0,3.2720547894155825,20.336563405859188,16.145424199100066,5.243332999999999
2024-01-13 18:00:00,1.0,20.0,3.2720547894155825,20.105071546985066,16.209278885399065,4.28
2024-01-13 18:15:00,1.0,20.0,3.2720547894155825,19.888135412744766,16.2497138972562,4.28
2024-01-13 18:30:00,1.0,20.0,3.2720547894155825,19.68450412866923,16.276058316341075,4.28
2024-01-13 18:45:00,1.0,20.0,3.2720547894155825,19.625524868301078,16.290929912431285,4.28
2024-01-13 19:00:00,1.0,20.0,3.2720547894155825,20.309822260790025,16.320962397845893,4.148333
2024-01-13 19:15:00,3.0,19.333333333333332,3.2720547894155825,20.3402912013544,16.373210528100213,4.148333
2024-01-13 19:30:00,3.0,15.0,3.2720547894155825,20.119289606512716,16.41331994080251,4.148333
2024-01-13 19:45:00,3.0,15.0,3.2720547894155825,19.911787326355462,16.43914659599441,4.148333
2024-01-13 20:00:00,3.0,15.0,3.2720547894155825,19.71605748128938,16.44857451174675,3.568333
2024-01-13 20:15:00,3.0,15.0,3.2720547894155825,19.530545747711535,16.44286449802181,3.568333
2024-01-13 20:30:00,1.0,15.666666666666666,3.2720547894155825,19.35914653952501,16.427778707314054,3.568333
2024-01-13 20:45:00,1.0,20.0,3.2720547894155825,19.81975263303796,16.41614820730537,3.568333
2024-01-13 21:00:00,1.0,20.0,3.2720547894155825,20.415173441056304,16.43975461346832,3.205
2024-01-13 21:15:00,1.0,20.0,3.2720547894155825,20.238080733076586,16.468577286297087,3.205
2024-01-13 21:30:00,2.0,15.966666666666667,3.2720547894155825,20.02604414571524,16.483981540841487,3.205
2024-01-13 21:45:00,2.0,14.5,3.2720547894155825,19.825790348709724,16.487214010718088,3.205
2024-01-13 22:00:00,2.0,14.5,3.2720547894155825,19.635528143317924,16.472686020018436,2.126667
2024-01-13 22:15:00,2.0,14.5,3.2720547894155825,19.453629683955157,16.441271454951867,2.126667
2024-01-13 22:30:00,2.0,14.5,3.2720547894155825,19.27957874948315,16.402377001814326,2.126667
2024-01-13 22:45:00,2.0,14.5,3.2720547894155825,19.11258927187128,16.35691171112784,2.126667
2024-01-13 23:00:00,2.0,14.5,3.2720547894155825,18.9519933578954,16.306073352450035,2.186667
2024-01-13 23:15:00,2.0,14.5,3.2720547894155825,18.797198770969015,16.250600895394346,2.186667
2024-01-13 23:30:00,2.0,14.5,3.2720547894155825,18.64762674527874,16.19067035913903,2.186667
2024-01-13 23:45:00,2.0,14.5,3.2720547894155825,18.502780478303993,16.126852222736503,2.186667
2024-01-14 00:00:00,1.0,20.0,3.2720547894155825,18.855566213771965,16.06318824441923,1.52
2024-01-14 00:15:00,2.0,17.8,3.2720547894155825,19.669334192977,16.03617799339131,1.52
2024-01-14 00:30:00,2.0,14.5,3.2720547894155825,19.669196475127144,16.035800954600795,1.52
2024-01-14 00:45:00,2.0,14.5,3.2720547894155825,19.462670641174874,16.026789360858245,1.52
2024-01-14 01:00:00,2.0,14.5,3.2720547894155825,19.266015806314233,16.00266887531012,0.775
2024-01-14 01:15:00,2.0,14.5,3.2720547894155825,19.077809540711705,15.964387694781339,0.775
2024-01-14 01:30:00,2.0,14.5,3.2720547894155825,18.89743031319909,15.918750649830963,0.775
2024-01-14 01:45:00,2.0,14.5,3.2720547894155825,18.72409940067578,15.866657482848588,0.775
2024-01-14 02:00:00,2.0,14.5,3.2720547894155825,18.55713102507514,15.808994026454751,0.788333
2024-01-14 02:15:00,2.0,14.5,3.2720547894155825,18.395915490672436,15.74647477979932,0.788333
2024-01-14 02:30:00,2.0,14.5,3.2720547894155825,18.239898775663587,15.679627485640905,0.788333
2024-01-14 02:45:00,2.0,14.5,3.2720547894155825,18.088591895672945,15.60901274501385,0.788333
2024-01-14 03:00:00,2.0,14.5,3.2720547894155825,17.941217485726337,15.530866570057814,0.133333
2024-01-14 03:15:00,2.0,14.5,3.2720547894155825,17.7970625791603,15.445391300753728,0.133333
2024-01-14 03:30:00,2.0,14.5,3.2720547894155825,17.656058481554034,15.358008565005234,0.133333
2024-01-14 03:45:00,2.0,14.5,3.2720547894155825,17.51794508345272,15.269010630911831,0.133333
2024-01-14 04:00:00,2.0,14.5,3.2720547894155825,17.38242702201267,15.177865088814405,0.011667
2024-01-14 04:15:00,1.0,15.233333333333333,3.2720547894155825,17.254012733183934,15.084757268231758,0.011667
2024-01-14 04:30:00,2.0,17.066666666666666,3.2720547894155825,17.576760567786234,15.00047080241888,0.011667
2024-01-14 04:45:00,2.0,15.6,3.2720547894155825,17.72159933793749,14.938027996680445,0.011667
2024-01-14 05:00:00,2.0,14.5,3.2720547894155825,17.641280467157916,14.883435779145493,0.206667
2024-01-14 05:15:00,1.0,14.866666666666667,3.2720547894155825,17.47998738510174,14.82616672355265,0.206667
2024-01-14 05:30:00,2.0,16.333333333333332,3.2720547894155825,17.59121089120053,14.769462768638357,0.206667
2024-01-14 05:45:00,2.0,14.5,3.2720547894155825,17.578885349379338,14.72266088278141,0.206667
2024-01-14 06:00:00,1.0,14.866666666666667,3.2720547894155825,17.412403650862736,14.66925652265362,-0.335
2024-01-14 06:15:00,1.0,20.0,3.2720547894155825,17.815028994896423,14.616370796159522,-0.335
2024-01-14 06:30:00,1.0,20.0,3.2720547894155825,18.67849697516347,14.605450610970328,-0.335
2024-01-14 06:45:00,1.0,20.0,3.2720547894155825,19.496606581193102,14.640658702844311,-0.335
2024-01-14 07:00:00,1.0,20.0,3.2720547894155825,20.259937392117028,14.71639330103129,-0.35667
2024-01-14 07:15:00,1.0,20.0,3.2720547894155825,20.313042371947287,14.81386200005843,-0.35667
2024-01-14 07:30:00,1.0,20.0,3.2720547894155825,20.00933579745912,14.893946145238266,-0.35667
2024-01-14 07:45:00,1.0,20.0,3.2720547894155825,19.725444834267247,14.95274573523617,-0.35667
2024-01-14 08:00:00,1.0,20.0,3.2720547894155825,19.67717128512189,14.995435460381314,-0.27333
2024-01-14 08:15:00,1.0,20.0,3.2720547894155825,20.334641389085565,15.054848525887241,-0.27333
2024-01-14 08:30:00,1.0,20.0,3.2720547894155825,20.259162995804314,15.130150485995662,-0.27333
2024-01-14 08:45:00,1.0,20.0,3.2720547894155825,19.985039092560847,15.187833801150099,-0.27333
2024-01-14 09:00:00,1.0,20.0,3.2720547894155825,19.73113570994111,15.228612526066183,-0.075
2024-01-14 09:15:00,1.0,20.0,3.2720547894155825,19.62870179497254,15.255874968522559,-0.075
2024-01-14 09:30:00,1.0,20.0,3.2720547894155825,20.29149423985365,15.296153518853007,-0.075
2024-01-14 09:45:00,1.0,20.0,3.2720547894155825,20.334055561335397,15.359380271187977,-0.075
2024-01-14 10:00:00,1.0,20.0,3.2720547894155825,20.07593235539164,15.416184668312324,1.075
2024-01-14 10:15:00,1.0,20.0,3.2720547894155825,19.836165840853166,15.464057473366942,1.075
2024-01-14 10:30:00,1.0,20.0,3.2720547894155825,19.61126557112976,15.49614558844645,1.075
2024-01-14 10:45:00,1.0,20.0,3.2720547894155825,19.89335724964298,15.522151124005921,1.075
2024-01-14 11:00:00,1.0,20.0,3.2720547894155825,20.406552623904727,15.590142940406384,3.168333
2024-01-14 11:15:00,1.0,20.0,3.2720547894155825,20.18937383412835,15.67408178220588,3.168333
2024-01-14 11:30:00,1.0,20.0,3.2720547894155825,19.960391971539156,15.739681895409566,3.168333
2024-01-14 11:45:00,1.0,20.0,3.2720547894155825,19.74661463811473,15.788887925788607,3.168333
2024-01-14 12:00:00,1.0,20.0,3.2720547894155825,19.575561043851337,15.831648777907999,4.396667
2024-01-14 12:15:00,1.0,20.0,3.2720547894155825,20.132320890667927,15.88643068803586,4.396667
2024-01-14 12:30:00,1.0,20.0,3.2720547894155825,20.402806087168745,15.969147672153532,4.396667
2024-01-14 12:45:00,1.0,20.0,3.2720547894155825,20.179031985191152,16.043313381074046,4.396667
2024-01-14 13:00:00,1.0,20.0,3.2720547894155825,19.971141678278677,16.11630726002417,6.783333
2024-01-14 13:15:00,1.0,20.0,3.2720547894155825,19.778626254213567,16.190863124473417,6.783333
2024-01-14 13:30:00,1.0,20.0,3.2720547894155825,19.59987673391805,16.25034806111002,6.783333
2024-01-14 13:45:00,1.0,20.0,3.2720547894155825,19.8617905057641,16.302797326388,6.783333
2024-01-14 14:00:00,1.0,20.0,3.2720547894155825,20.41513946075813,16.3879653661777,7.686667
2024-01-14 14:15:00,1.0,20.0,3.2720547894155825,20.23810816775831,16.481543051000227,7.686667
2024-01-14 14:30:00,1.0,20.0,3.2720547894155825,20.04767876584268,16.55825338888798,7.686667
2024-01-14 14:45:00,1.0,20.0,3.2720547894155825,19.871016149602504,16.619859505330275,7.686667
2024-01-14 15:00:00,1.0,20.0,3.2720547894155825,19.701767017820817,16.6675442761712,7.615
2024-01-14 15:15:00,1.0,20.0,3.2720547894155825,19.566818088664213,16.70252723993701,7.615
2024-01-14 15:30:00,1.0,20.0,3.2720547894155825,20.151856731352986,16.743011636459833,7.615
2024-01-14 15:45:00,1.0,20.0,3.2720547894155825,20.388115267424634,16.81206998517149,7.615
2024-01-14 16:00:00,1.0,20.0,3.2720547894155825,20.193395443902855,16.867521400723987,6.705
2024-01-14 16:15:00,1.0,20.0,3.2720547894155825,20.008221855693396,16.9023390364143,6.705
2024-01-14 16:30:00,1.0,20.0,3.2720547894155825,19.834420439095336,16.92510904201338,6.705
2024-01-14 16:45:00,1.0,20.0,3.2720547894155825,19.670790873670903,16.937228943832153,6.705
2024-01-14 17:00:00,1.0,20.0,3.2720547894155825,19.586890202313608,16.932029855269587,5.435
2024-01-14 17:15:00,1.0,20.0,3.2720547894155825,20.247896611873482,16.9314019691562,5.435
2024-01-14 17:30:00,1.0,20.0,3.2720547894155825,20.36495909681423,16.959306566926333,5.435
2024-01-14 17:45:00,1.0,20.0,3.2720547894155825,20.173958160529825,16.979550220323055,5.435
2024-01-14 18:00:00,1.0,20.0,3.2720547894155825,19.993157061494692,16.979233052185048,4.025
2024-01-14 18:15:00,1.0,20.0,3.2720547894155825,19.820710777792954,16.959170404413257,4.025
2024-01-14 18:30:00,1.0,20.0,3.2720547894155825,19.656196528017166,16.931371515776775,4.025
2024-01-14 18:45:00,1.0,20.0,3.2720547894155825,19.631562132294857,16.89774992927361,4.025
2024-01-14 19:00:00,1.0,20.0,3.2720547894155825,20.321821973302622,16.878672195360554,3.053333
2024-01-14 19:15:00,1.0,20.0,3.2720547894155825,20.332399819947987,16.877825652639487,3.053333
2024-01-14 19:30:00,1.0,20.0,3.2720547894155825,20.136009740350346,16.86893916804986,3.053333
2024-01-14 19:45:00,1.0,20.0,3.2720547894155825,19.949360215023002,16.85031570046939,3.053333
2024-01-14 20:00:00,1.0,20.0,3.2720547894155825,19.771083486430037,16.818515803873886,2.3466670000000005
2024-01-14 20:15:00,1.0,20.0,3.2720547894155825,19.599940205118777,16.774310159078535,2.3466670000000005
2024-01-14 20:30:00,1.0,20.0,3.2720547894155825,19.803051225758583,16.72900806461078,2.3466670000000005
2024-01-14 20:45:00,1.0,20.0,3.2720547894155825,20.447203424440218,16.716590074943902,2.3466670000000005
2024-01-14 21:00:00,1.0,20.0,3.2720547894155825,20.30409784108871,16.71560106151011,1.991667
2024-01-14 21:15:00,1.0,20.0,3.2720547894155825,20.09964386002837,16.701359948729877,1.991667
2024-01-14 21:30:00,1.0,20.0,3.2720547894155825,19.90507765309002,16.677313192580975,1.991667
2024-01-14 21:45:00,1.0,20.0,3.2720547894155825,19.719389483031758,16.644631475264887,1.991667
2024-01-14 22:00:00,1.0,20.0,3.2720547894155825,19.56961927116858,16.596379279689852,0.755
2024-01-14 22:15:00,1.0,20.0,3.2720547894155825,20.14027875037579,16.549374817713268,0.755
2024-01-14 22:30:00,1.0,20.0,3.2720547894155825,20.418786788130202,16.537791404639453,0.755
2024-01-14 22:45:00,1.0,20.0,3.2720547894155825,20.1978428514402,16.524336863480773,0.755
2024-01-14 23:00:00,1.0,20.0,3.2720547894155825,19.9868620790074,16.489942389367396,-0.815
2024-01-14 23:15:00,1.0,20.0,3.2720547894155825,19.783961397357867,16.435312859448747,-0.815
2024-01-14 23:30:00,1.0,20.0,3.2720547894155825,19.588822191772746,16.373639756505547,-0.815
2024-01-14 23:45:00,1.0,20.0,3.2720547894155825,19.964246583514427,16.315468454689743,-0.815
