,Occupancy,T_set_HP,P_loss_HP,T_ref_HP,T_wall_HP,T_out_HP,SoC_ref_EV,SoC_arr_EV,EV_plugged,EV_arrival,EV_departure
2024-01-01 00:00:00,2.0,20.5,0.962940958718362,20.474812005598057,16.26299850507703,12.0,0.0,0.0,0.0,0.0,0.0
2024-01-01 00:15:00,2.0,20.5,0.962940958718362,20.421464750546463,16.290137752358767,12.0,0.0,0.0,0.0,0.0,0.0
2024-01-01 00:30:00,2.0,20.5,0.962940958718362,20.36907249149507,16.31619020353711,12.0,0.0,0.0,0.0,0.0,0.0
2024-01-01 00:45:00,2.0,20.5,0.962940958718362,20.3176112383778,16.341185512474173,12.0,0.0,0.0,0.0,0.0,0.0
2024-01-01 01:00:00,2.0,20.5,0.962940958718362,20.267057630765535,16.36515254817979,12.0,0.0,0.0,0.0,0.0,0.0
2024-01-01 01:15:00,2.0,20.5,0.962940958718362,20.21738892126554,16.388119415522,12.0,0.0,0.0,0.0,0.0,0.0
2024-01-01 01:30:00,2.0,20.5,0.962940958718362,20.168582959358783,16.410113475391118,12.0,0.0,0.0,0.0,0.0,0.0
2024-01-01 01:45:00,2.0,20.5,0.962940958718362,20.12061817566349,16.43116136433191,12.0,0.0,0.0,0.0,0.0,0.0
2024-01-01 02:00:00,2.0,20.5,0.962940958718362,20.07320106117521,16.44884072314153,11.0,0.0,0.0,0.0,0.0,0.0
2024-01-01 02:15:00,2.0,20.5,0.962940958718362,20.02623789598275,16.462880116925703,11.0,0.0,0.0,0.0,0.0,0.0
2024-01-01 02:30:00,2.0,20.5,0.962940958718362,20.42664422940767,16.47754436120694,11.0,0.0,0.0,0.0,0.0,0.0
2024-01-01 02:45:00,2.0,20.5,0.962940958718362,21.025893831829926,16.499878306849034,11.0,0.0,0.0,0.0,0.0,0.0
2024-01-01 03:00:00,2.0,20.5,0.962940958718362,20.972890144772684,16.524289034853815,11.0,0.0,0.0,0.0,0.0,0.0
2024-01-01 03:15:00,2.0,20.5,0.962940958718362,20.915937400384845,16.54760930172544,11.0,0.0,0.0,0.0,0.0,0.0
2024-01-01 03:30:00,2.0,20.5,0.962940958718362,20.859939342626237,16.569865258037424,11.0,0.0,0.0,0.0,0.0,0.0
2024-01-01 03:45:00,2.0,20.5,0.962940958718362,20.804872243116034,16.591086172431538,11.0,0.0,0.0,0.0,0.0,0.0
2024-01-01 04:00:00,1.0,20.666666666666668,0.962940958718362,20.750712995533824,16.611300538306548,11.0,0.0,0.0,0.0,0.0,0.0
2024-01-01 04:15:00,2.0,20.733333333333334,0.962940958718362,20.697439099220674,16.630536094276568,11.0,0.0,0.0,0.0,0.0,0.0
2024-01-01 04:30:00,2.0,20.5,0.962940958718362,20.64502864321276,16.64881984408985,11.0,0.0,0.0,0.0,0.0,0.0
2024-01-01 04:45:00,2.0,20.5,0.962940958718362,20.593460290696086,16.666178076022014,11.0,0.0,0.0,0.0,0.0,0.0
2024-01-01 05:00:00,2.0,20.5,0.962940958718362,20.54244075843263,16.6801880912414,10.0,0.0,0.0,0.0,0.0,0.0
2024-01-01 05:15:00,2.0,20.5,0.962940958718362,20.491876545657455,16.690578123638804,10.0,0.0,0.0,0.0,0.0,0.0
2024-01-01 05:30:00,1.0,20.8,0.962940958718362,20.618973643085734,16.70052546784068,10.0,0.0,0.0,0.0,0.0,0.0
2024-01-01 05:45:00,2.0,20.5,0.962940958718362,21.051782300818743,16.714802212697943,10.0,0.0,0.0,0.0,0.0,0.0
2024-01-01 06:00:00,2.0,20.5,0.962940958718362,20.995469764692437,16.730583882956505,10.0,0.0,0.0,0.0,0.0,0.0
2024-01-01 06:15:00,2.0,20.5,0.962940958718362,20.9400177085697,16.74543669092641,10.0,0.0,0.0,0.0,0.0,0.0
2024-01-01 06:30:00,2.0,20.5,0.962940958718362,20.885405094564216,16.759386500766315,10.0,0.0,0.0,0.0,0.0,0.0
2024-01-01 06:45:00,2.0,20.5,0.962940958718362,20.831611435332224,16.77245849075042,10.0,0.0,0.0,0.0,0.0,0.0
2024-01-01 07:00:00,2.0,20.5,0.962940958718362,20.77862804481888,16.78467721000936,10.0,0.0,0.0,0.0,0.0,0.0
2024-01-01 07:15:00,2.0,20.5,0.962940958718362,20.726436915459658,16.796066706586327,10.0,0.0,0.0,0.0,0.0,0.0
2024-01-01 07:30:00,2.0,20.5,0.962940958718362,20.675006152936852,16.80665025814745,10.0,0.0,0.0,0.0,0.0,0.0
2024-01-01 07:45:00,2.0,20.5,0.962940958718362,20.62431733736882,16.816450467688643,10.0,0.0,0.0,0.0,0.0,0.0
2024-01-01 08:00:00,1.0,20.8,0.962940958718362,20.575101909836444,16.825491908675616,10.0,0.0,0.0,0.0,0.0,0.0
2024-01-01 08:15:00,1.0,21.0,0.962940958718362,20.52743698376592,16.83380848690505,10.0,0.0,0.0,0.0,0.0,0.0
2024-01-01 08:30:00,1.0,21.0,0.962940958718362,20.92708437160669,16.842838796277714,10.0,0.0,0.0,0.0,0.0,0.0
2024-01-01 08:45:00,3.0,21.0,0.962940958718362,21.525519553328127,16.859625508038018,10.0,0.0,0.0,0.0,0.0,0.0
2024-01-01 09:00:00,1.0,21.0,0.962940958718362,21.472363724769302,16.87857603672738,10.0,0.0,0.0,0.0,0.0,0.0
2024-01-01 09:15:00,3.0,21.0,0.962940958718362,21.41601311894466,16.8965330037474,10.0,0.0,0.0,0.0,0.0,0.0
2024-01-01 09:30:00,1.0,21.0,0.962940958718362,21.36054840730178,16.913523745930206,10.0,0.0,0.0,0.0,0.0,0.0
2024-01-01 09:45:00,1.0,21.0,0.962940958718362,21.30594781670137,16.92957505982353,10.0,0.0,0.0,0.0,0.0,0.0
2024-01-01 10:00:00,1.0,21.0,0.962940958718362,21.25488953041449,16.947169646054494,11.0,0.0,0.0,0.0,0.0,0.0
2024-01-01 10:15:00,1.0,21.0,0.962940958718362,21.207732476469648,16.966670016899922,11.0,0.0,0.0,0.0,0.0,0.0
2024-01-01 10:30:00,3.0,21.0,0.962940958718362,21.161368098561624,16.985285891901615,11.0,0.0,0.0,0.0,0.0,0.0
2024-01-01 10:45:00,3.0,21.0,0.962940958718362,21.11577668585546,17.003041586365374,11.0,0.0,0.0,0.0,0.0,0.0
2024-01-01 11:00:00,1.0,21.0,0.962940958718362,21.073476621584298,17.022416831008155,12.0,0.0,0.0,0.0,0.0,0.0
2024-01-01 11:15:00,1.0,21.0,0.962940958718362,21.034808368071193,17.043769091592733,12.0,0.0,0.0,0.0,0.0,0.0
2024-01-01 11:30:00,1.0,21.0,0.962940958718362,20.996851614493284,17.064305077268493,12.0,0.7741388888888889,0.7704444444444445,1.0,1.0,0.0
2024-01-01 11:45:00,1.0,21.0,0.962940958718362,20.95958841206429,17.08404699269548,12.0,0.8,0.0,1.0,0.0,0.0
2024-01-01 12:00:00,1.0,21.0,0.962940958718362,20.92177846785206,17.10301226090891,12.0,0.8,0.0,1.0,0.0,0.0
2024-01-01 12:15:00,3.0,21.0,0.962940958718362,20.883250425591843,17.12120155178583,12.0,0.8,0.0,1.0,0.0,1.0
2024-01-01 12:30:00,3.0,21.0,0.962940958718362,20.84539590619428,17.138629890525813,12.0,0.0,0.0,0.0,0.0,0.0
2024-01-01 12:45:00,3.0,21.0,0.962940958718362,20.808198053740966,17.155318097134458,12.0,0.0,0.0,0.0,0.0,0.0
2024-01-01 13:00:00,3.0,21.0,0.962940958718362,20.77184330849281,17.171287136189466,12.0,0.0,0.0,0.0,0.0,0.0
2024-01-01 13:15:00,3.0,21.0,0.962940958718362,20.7363412905205,17.186560119926,12.0,0.0,0.0,0.0,0.0,0.0
2024-01-01 13:30:00,3.0,21.0,0.962940958718362,20.701442829518875,17.20115716428792,12.0,0.0,0.0,0.0,0.0,0.0
2024-01-01 13:45:00,3.0,21.0,0.962940958718362,20.667132888997067,17.215096825265345,12.0,0.0,0.0,0.0,0.0,0.0
2024-01-01 14:00:00,1.0,21.0,0.962940958718362,20.63066561776958,17.22838779972626,12.0,0.0,0.0,0.0,0.0,0.0
2024-01-01 14:15:00,1.0,21.0,0.962940958718362,20.59168203803843,17.2410021648422,12.0,0.0,0.0,0.0,0.0,0.0
2024-01-01 14:30:00,1.0,21.0,0.962940958718362,20.55331352225903,17.252944839083245,12.0,0.0,0.0,0.0,0.0,0.0
2024-01-01 14:45:00,1.0,21.0,0.962940958718362,20.515544943842578,17.264234441418782,12.0,0.0,0.0,0.0,0.0,0.0
2024-01-01 15:00:00,1.0,21.0,0.962940958718362,21.064621766371985,17.277054731600415,12.0,0.0,0.0,0.0,0.0,0.0
2024-01-01 15:15:00,3.0,21.0,0.962940958718362,21.528824523632014,17.29783608775421,12.0,0.0,0.0,0.0,0.0,0.0
2024-01-01 15:30:00,1.0,21.0,0.962940958718362,21.474667533608137,17.31978675683045,12.0,0.0,0.0,0.0,0.0,0.0
2024-01-01 15:45:00,1.0,21.0,0.962940958718362,21.42141578636338,17.340729176742684,12.0,0.0,0.0,0.0,0.0,0.0
2024-01-01 16:00:00,1.0,21.0,0.962940958718362,21.368757557547386,17.358242736438456,11.0,0.0,0.0,0.0,0.0,0.0
2024-01-01 16:15:00,3.0,21.0,0.962940958718362,21.31659556915321,17.372057479713824,11.0,0.8,0.7889166666666667,1.0,1.0,0.0
2024-01-01 16:30:00,3.0,21.0,0.962940958718362,21.265221418257628,17.385025462646194,11.0,0.8,0.0,1.0,0.0,0.0
2024-01-01 16:45:00,3.0,21.0,0.962940958718362,21.21461588530364,17.397170303356248,11.0,0.8,0.0,1.0,0.0,0.0
2024-01-01 17:00:00,1.0,21.0,0.962940958718362,21.164760253571504,17.408514993541363,11.0,0.8,0.0,1.0,0.0,0.0
2024-01-01 17:15:00,1.0,21.0,0.962940958718362,21.1156362959255,17.419081915008977,11.0,0.8,0.0,1.0,0.0,0.0
2024-01-01 17:30:00,1.0,21.0,0.962940958718362,21.067226261910257,17.428892855773782,11.0,0.8,0.0,1.0,0.0,0.0
2024-01-01 17:45:00,1.0,21.0,0.962940958718362,21.019512865187508,17.437969025730276,11.0,0.8,0.0,1.0,0.0,0.0
2024-01-01 18:00:00,1.0,21.0,0.962940958718362,20.972479271304156,17.44633107191186,11.0,0.8,0.0,1.0,0.0,0.0
2024-01-01 18:15:00,1.0,21.0,0.962940958718362,20.92610908578296,17.453999093347427,11.0,0.8,0.0,1.0,0.0,0.0
2024-01-01 18:30:00,1.0,21.0,0.962940958718362,20.880386342527423,17.460992655525978,11.0,0.8,0.0,1.0,0.0,0.0
2024-01-01 18:45:00,1.0,21.0,0.962940958718362,20.835295492532456,17.46733080447968,11.0,0.8,0.0,1.0,0.0,0.0
2024-01-01 19:00:00,1.0,21.0,0.962940958718362,20.790821392892795,17.47303208049541,11.0,0.8,0.0,1.0,0.0,0.0
2024-01-01 19:15:00,1.0,21.0,0.962940958718362,20.746949296101437,17.478114531464584,11.0,0.8,0.0,1.0,0.0,0.0
2024-01-01 19:30:00,1.0,21.0,0.962940958718362,20.703664839630196,17.482595725880785,11.0,0.8,0.0,1.0,0.0,0.0
2024-01-01 19:45:00,1.0,21.0,0.962940958718362,20.660954035785185,17.48649276549453,11.0,0.8,0.0,1.0,0.0,0.0
2024-01-01 20:00:00,1.0,21.0,0.962940958718362,20.61880326182986,17.489822297634188,11.0,0.8,0.0,1.0,0.0,0.0
2024-01-01 20:15:00,1.0,21.0,0.962940958718362,20.577199250368572,17.492600527201873,11.0,0.8,0.0,1.0,0.0,0.0
2024-01-01 20:30:00,1.0,21.0,0.962940958718362,20.536129079983706,17.494843228352845,11.0,0.8,0.0,1.0,0.0,0.0
2024-01-01 20:45:00,1.0,21.0,0.962940958718362,20.672512204684047,17.496892953348187,11.0,0.8,0.0,1.0,0.0,0.0
2024-01-01 21:00:00,1.0,21.0,0.962940958718362,21.452416797211825,17.502506754439153,10.0,0.8,0.0,1.0,0.0,0.0
2024-01-01 21:15:00,1.0,21.0,0.962940958718362,21.5026852133273,17.510624220769646,10.0,0.8,0.0,1.0,0.0,0.0
2024-01-01 21:30:00,1.0,20.9,0.962940958718362,21.450061963260207,17.518193527695583,10.0,0.8,0.0,1.0,0.0,0.0
2024-01-01 21:45:00,1.0,21.0,0.962940958718362,21.398160468795233,17.525016647178322,10.0,0.8,0.0,1.0,0.0,0.0
2024-01-01 22:00:00,2.0,20.6,0.962940958718362,21.346963461445753,17.531114714854674,10.0,0.8,0.0,1.0,0.0,0.0
2024-01-01 22:15:00,2.0,20.5,0.962940958718362,21.29645412354305,17.53650830497014,10.0,0.8,0.0,1.0,0.0,0.0
2024-01-01 22:30:00,2.0,20.5,0.962940958718362,21.24661607635674,17.54121744519794,10.0,0.8,0.0,1.0,0.0,0.0
2024-01-01 22:45:00,2.0,20.5,0.962940958718362,21.197433368528603,17.545261631067184,10.0,0.8,0.0,1.0,0.0,0.0
2024-01-01 23:00:00,2.0,20.5,0.962940958718362,21.148890464811416,17.548659840010433,10.0,0.8,0.0,1.0,0.0,0.0
2024-01-01 23:15:00,2.0,20.5,0.962940958718362,21.100972235104845,17.551430545040603,10.0,0.8,0.0,1.0,0.0,0.0
2024-01-01 23:30:00,2.0,20.5,0.962940958718362,21.05366394378051,17.553591728067133,10.0,0.8,0.0,1.0,0.0,0.0
2024-01-01 23:45:00,2.0,20.5,0.962940958718362,21.006951239288636,17.555160892860815,10.0,0.8,0.0,1.0,0.0,0.0
2024-01-02 00:00:00,2.0,20.5,0.962940958718362,20.96082014403877,17.55615507767662,10.0,0.8,0.0,1.0,0.0,0.0
2024-01-02 00:15:00,2.0,20.5,0.962940958718362,20.9152570445475,17.55659086754351,10.0,0.8,0.0,1.0,0.0,0.0
2024-01-02 00:30:00,2.0,20.5,0.962940958718362,20.870248681845933,17.55648440623006,10.0,0.8,0.0,1.0,0.0,0.0
2024-01-02 00:45:00,2.0,20.5,0.962940958718362,20.82578214214025,17.555851407894362,10.0,0.8,0.0,1.0,0.0,0.0
2024-01-02 01:00:00,2.0,20.5,0.962940958718362,20.78211735315722,17.557155458943054,11.0,0.8,0.0,1.0,0.0,0.0
2024-01-02 01:15:00,2.0,20.5,0.962940958718362,20.739315331657828,17.560708127628423,11.0,0.8,0.0,1.0,0.0,0.0
2024-01-02 01:30:00,2.0,20.5,0.962940958718362,20.697070490027343,17.56369806216728,11.0,0.8,0.0,1.0,0.0,0.0
2024-01-02 01:45:00,2.0,20.5,0.962940958718362,20.65536965001605,17.566141353000635,11.0,0.8,0.0,1.0,0.0,1.0
2024-01-02 02:00:00,2.0,20.5,0.962940958718362,20.61392747152492,17.565605372295234,10.0,0.0,0.0,0.0,0.0,0.0
2024-01-02 02:15:00,2.0,20.5,0.962940958718362,20.572658187186,17.561808686682244,10.0,0.0,0.0,0.0,0.0,0.0
2024-01-02 02:30:00,2.0,20.5,0.962940958718362,20.53184327833849,17.557591980885153,10.0,0.0,0.0,0.0,0.0,0.0
2024-01-02 02:45:00,2.0,20.5,0.962940958718362,20.49147244431409,17.55296771663296,10.0,0.0,0.0,0.0,0.0,0.0
2024-01-02 03:00:00,2.0,20.5,0.962940958718362,20.45153565168638,17.54794802325675,10.0,0.0,0.0,0.0,0.0,0.0
2024-01-02 03:15:00,2.0,20.5,0.962940958718362,20.412023127233166,17.54254470646774,10.0,0.0,0.0,0.0,0.0,0.0
2024-01-02 03:30:00,2.0,20.5,0.962940958718362,20.372925351084458,17.536769256903693,10.0,0.0,0.0,0.0,0.0,0.0
2024-01-02 03:45:00,2.0,20.5,0.962940958718362,20.33423305005119,17.53063285844989,10.0,0.0,0.0,0.0,0.0,0.0
2024-01-02 04:00:00,2.0,20.5,0.962940958718362,20.29593719112986,17.52414639634061,10.0,0.0,0.0,0.0,0.0,0.0
2024-01-02 04:15:00,2.0,20.8,0.962940958718362,20.63604393244036,17.51843231867961,10.0,0.0,0.0,0.0,0.0,0.0
2024-01-02 04:30:00,1.0,20.633333333333333,0.962940958718362,21.023834459345284,17.519058060956265,10.0,0.0,0.0,0.0,0.0,0.0
2024-01-02 04:45:00,1.0,20.9,0.962940958718362,20.9770854919844,17.520863113847284,10.0,0.0,0.0,0.0,0.0,0.0
2024-01-02 05:00:00,2.0,20.566666666666666,0.962940958718362,20.930921277483574,17.52208875796282,10.0,0.0,0.0,0.0,0.0,0.0
2024-01-02 05:15:00,2.0,20.7,0.962940958718362,20.885328113623487,17.5227516903926,10.0,0.0,0.0,0.0,0.0,0.0
2024-01-02 05:30:00,1.0,20.633333333333333,0.962940958718362,20.840292655055546,17.52286816402255,10.0,0.0,0.0,0.0,0.0,0.0
2024-01-02 05:45:00,2.0,20.766666666666666,0.962940958718362,20.795801903900223,17.522453999262403,10.0,0.0,0.0,0.0,0.0,0.0
2024-01-02 06:00:00,1.0,20.533333333333335,0.962940958718362,20.751843200593346,17.521524595463806,10.0,0.0,0.0,0.0,0.0,0.0
2024-01-02 06:15:00,1.0,21.0,0.962940958718362,20.708404214973836,17.520094942037307,10.0,0.0,0.0,0.0,0.0,0.0
2024-01-02 06:30:00,2.0,20.666666666666668,0.962940958718362,20.66547293760654,17.518179629275963,10.0,0.0,0.0,0.0,0.0,0.0
2024-01-02 06:45:00,2.0,20.5,0.962940958718362,20.62303767133385,17.515792858893523,10.0,0.0,0.0,0.0,0.0,0.0
2024-01-02 07:00:00,1.0,20.833333333333332,0.962940958718362,20.58135952848891,17.515396744800828,11.0,0.0,0.0,0.0,0.0,0.0
2024-01-02 07:15:00,1.0,21.0,0.962940958718362,20.540500679253917,17.517301421649115,11.0,0.0,0.0,0.0,0.0,0.0
2024-01-02 07:30:00,1.0,21.0,0.962940958718362,20.603422835338577,17.518830607633657,11.0,0.0,0.0,0.0,0.0,0.0
2024-01-02 07:45:00,3.0,21.0,0.962940958718362,21.38512913871261,17.52527737088576,11.0,0.0,0.0,0.0,0.0,0.0
2024-01-02 08:00:00,3.0,21.0,0.962940958718362,21.51056379838735,17.538073841753324,11.0,0.0,0.0,0.0,0.0,0.0
2024-01-02 08:15:00,1.0,21.0,0.962940958718362,21.45934781402105,17.550504702197475,11.0,0.0,0.0,0.0,0.0,0.0
2024-01-02 08:30:00,1.0,21.0,0.962940958718362,21.408892377420976,17.56212339228649,11.0,0.0,0.0,0.0,0.0,0.0
2024-01-02 08:45:00,1.0,21.0,0.962940958718362,21.359178995105857,17.572952622786683,11.0,0.0,0.0,0.0,0.0,0.0
2024-01-02 09:00:00,1.0,21.0,0.962940958718362,21.31016893148905,17.583014430875647,11.0,0.0,0.0,0.0,0.0,0.0
2024-01-02 09:15:00,1.0,21.0,0.962940958718362,21.261842031774087,17.592329992873648,11.0,0.7741388888888889,0.750125,1.0,1.0,0.0
2024-01-02 09:30:00,3.0,21.0,0.962940958718362,21.214205083351835,17.60092016673529,11.0,0.8,0.0,1.0,0.0,0.0
2024-01-02 09:45:00,3.0,21.0,0.962940958718362,21.167241440075873,17.608805361780746,11.0,0.8,0.0,1.0,0.0,1.0
2024-01-02 10:00:00,3.0,21.0,0.962940958718362,21.12243798788477,17.61601060100757,11.0,0.0,0.0,0.0,0.0,0.0
2024-01-02 10:15:00,1.0,21.0,0.962940958718362,21.079968652501346,17.622580269976826,11.0,0.0,0.0,0.0,0.0,0.0
2024-01-02 10:30:00,1.0,21.0,0.962940958718362,21.038087093808137,17.628539910430057,11.0,0.0,0.0,0.0,0.0,0.0
2024-01-02 10:45:00,3.0,21.0,0.962940958718362,20.99677922183457,17.63390677458232,11.0,0.0,0.0,0.0,0.0,0.0
2024-01-02 11:00:00,3.0,21.0,0.962940958718362,20.954609427615132,17.638692779576083,11.0,0.0,0.0,0.0,0.0,0.0
2024-01-02 11:15:00,1.0,21.0,0.962940958718362,20.91138488388382,17.642890581078117,11.0,0.0,0.0,0.0,0.0,0.0
2024-01-02 11:30:00,1.0,21.0,0.962940958718362,20.868730018843408,17.6465097403719,11.0,0.0,0.0,0.0,0.0,0.0
2024-01-02 11:45:00,1.0,21.0,0.962940958718362,20.826631320944603,17.649566764585686,11.0,0.8,0.7870694444444445,1.0,1.0,0.0
2024-01-02 12:00:00,1.0,21.0,0.962940958718362,20.785193912016304,17.65452548365147,12.0,0.8,0.0,1.0,0.0,0.0
2024-01-02 12:15:00,1.0,21.0,0.962940958718362,20.744458777813673,17.661695648606994,12.0,0.8,0.0,1.0,0.0,0.0
2024-01-02 12:30:00,3.0,21.0,0.962940958718362,20.7042973853022,17.66826595181264,12.0,0.8,0.0,1.0,0.0,0.0
2024-01-02 12:45:00,3.0,21.0,0.962940958718362,20.664695930481738,17.67425330819547,12.0,0.8,0.0,1.0,0.0,0.0
2024-01-02 13:00:00,3.0,21.0,0.962940958718362,20.625567775222027,17.67967393253836,12.0,0.8,0.0,1.0,0.0,0.0
2024-01-02 13:15:00,1.0,21.0,0.962940958718362,20.58689058894424,17.684542633819714,12.0,0.8,0.0,1.0,0.0,0.0
2024-01-02 13:30:00,1.0,21.0,0.962940958718362,20.548735912144142,17.688874687928866,12.0,0.8,0.0,1.0,0.0,0.0
2024-01-02 13:45:00,1.0,21.0,0.962940958718362,20.525859581324426,17.692689242273197,12.0,0.8,0.0,1.0,0.0,0.0
2024-01-02 14:00:00,1.0,21.0,0.962940958718362,21.194848034675882,17.69914717882534,12.0,0.8,0.0,1.0,0.0,0.0
2024-01-02 14:15:00,1.0,21.0,0.962940958718362,21.531047435929388,17.71348926766483,12.0,0.8,0.0,1.0,0.0,0.0
2024-01-02 14:30:00,3.0,21.0,0.962940958718362,21.48247711270136,17.728416910740783,12.0,0.8,0.0,1.0,0.0,0.0
2024-01-02 14:45:00,3.0,21.0,0.962940958718362,21.43466405917042,17.742521068921622,12.0,0.8,0.0,1.0,0.0,0.0
2024-01-02 15:00:00,3.0,21.0,0.962940958718362,21.387196531354288,17.755823258014274,12.0,0.8,0.0,1.0,0.0,0.0
2024-01-02 15:15:00,3.0,21.0,0.962940958718362,21.340006809325885,17.768339185089737,12.0,0.8,0.0,1.0,0.0,0.0
2024-01-02 15:30:00,3.0,21.0,0.962940958718362,21.293530032439566,17.780088761642947,12.0,0.8,0.0,1.0,0.0,1.0
2024-01-02 15:45:00,1.0,21.0,0.962940958718362,21.24774880720107,17.791093362062114,12.0,0.0,0.0,0.0,0.0,0.0
2024-01-02 16:00:00,1.0,21.0,0.962940958718362,21.20235486824113,17.79892543875317,11.0,0.0,0.0,0.0,0.0,0.0
2024-01-02 16:15:00,1.0,21.0,0.962940958718362,21.15725607740183,17.8033082540448,11.0,0.0,0.0,0.0,0.0,0.0
2024-01-02 16:30:00,1.0,21.0,0.962940958718362,21.1127517012769,17.807087285977136,11.0,0.0,0.0,0.0,0.0,0.0
2024-01-02 16:45:00,1.0,21.0,0.962940958718362,21.06882764144928,17.810279758704787,11.0,0.0,0.0,0.0,0.0,0.0
2024-01-02 17:00:00,1.0,21.0,0.962940958718362,21.025470167199384,17.812902438583244,11.0,0.0,0.0,0.0,0.0,0.0
2024-01-02 17:15:00,1.0,21.0,0.962940958718362,20.982665905816816,17.814971646254186,11.0,0.0,0.0,0.0,0.0,0.0
2024-01-02 17:30:00,1.0,21.0,0.962940958718362,20.940401833167673,17.81650326841203,11.0,0.0,0.0,0.0,0.0,0.0
2024-01-02 17:45:00,1.0,21.0,0.962940958718362,20.898665264510576,17.81751276926008,11.0,0.0,0.0,0.0,0.0,0.0
2024-01-02 18:00:00,1.0,21.0,0.962940958718362,20.857443845555018,17.81801520166438,11.0,0.0,0.0,0.0,0.0,0.0
2024-01-02 18:15:00,1.0,21.0,0.962940958718362,20.81672554375547,17.818025218013418,11.0,0.0,0.0,0.0,0.0,0.0
2024-01-02 18:30:00,1.0,21.0,0.962940958718362,20.776498639835175,17.817557080791268,11.0,0.0,0.0,0.0,0.0,0.0
2024-01-02 18:45:00,1.0,21.0,0.962940958718362,20.736751719533455,17.81662467287178,11.0,0.0,0.0,0.0,0.0,0.0
2024-01-02 19:00:00,1.0,21.0,0.962940958718362,20.697473665570694,17.8152415075413,11.0,0.0,0.0,0.0,0.0,0.0
2024-01-02 19:15:00,1.0,21.0,0.962940958718362,20.6586536498253,17.813420738256898,11.0,0.0,0.0,0.0,0.0,0.0
2024-01-02 19:30:00,3.0,21.0,0.962940958718362,20.62028112571693,17.811175168147138,11.0,0.0,0.0,0.0,0.0,0.0
2024-01-02 19:45:00,3.0,21.0,0.962940958718362,20.58234582079062,17.808517259262302,11.0,0.0,0.0,0.0,0.0,0.0
2024-01-02 20:00:00,1.0,21.0,0.962940958718362,20.544565224057894,17.803010851064137,10.0,0.0,0.0,0.0,0.0,0.0
2024-01-02 20:15:00,1.0,21.0,0.962940958718362,20.556057315137707,17.79441009902055,10.0,0.0,0.0,0.0,0.0,0.0
2024-01-02 20:30:00,1.0,21.0,0.962940958718362,21.302145641602017,17.78977394307674,10.0,0.0,0.0,0.0,0.0,0.0
2024-01-02 20:45:00,3.0,21.0,0.962940958718362,21.523567159549977,17.792591150725027,10.0,0.0,0.0,0.0,0.0,0.0
2024-01-02 21:00:00,3.0,21.0,0.962940958718362,21.473926665079997,17.795620494813736,10.0,0.0,0.0,0.0,0.0,0.0
2024-01-02 21:15:00,3.0,21.0,0.962940958718362,21.42491985591047,17.798015710386284,10.0,0.0,0.0,0.0,0.0,0.0
2024-01-02 21:30:00,1.0,21.0,0.962940958718362,21.37653181169113,17.799794997555924,10.0,0.0,0.0,0.0,0.0,0.0
2024-01-02 21:45:00,1.0,21.0,0.962940958718362,21.328748000882285,17.80097607242583,10.0,0.0,0.0,0.0,0.0,0.0
2024-01-02 22:00:00,1.0,21.0,0.962940958718362,21.281554270511087,17.801576179867126,10.0,0.0,0.0,0.0,0.0,0.0
2024-01-02 22:15:00,2.0,20.966666666666665,0.962940958718362,21.234936836198063,17.801612105959798,10.0,0.0,0.0,0.0,0.0,0.0
2024-01-02 22:30:00,2.0,20.5,0.962940958718362,21.188882272446634,17.80110019010541,10.0,0.0,0.0,0.0,0.0,0.0
2024-01-02 22:45:00,2.0,20.5,0.962940958718362,21.143377503188812,17.800056336820255,10.0,0.0,0.0,0.0,0.0,0.0
2024-01-02 23:00:00,2.0,20.5,0.962940958718362,21.09840979258022,17.798496027217407,10.0,0.0,0.0,0.0,0.0,0.0
2024-01-02 23:15:00,2.0,20.5,0.962940958718362,21.053966736037868,17.796434330185857,10.0,0.0,0.0,0.0,0.0,0.0
2024-01-02 23:30:00,2.0,20.5,0.962940958718362,21.010036251514393,17.793885913274735,10.0,0.0,0.0,0.0,0.0,0.0
2024-01-02 23:45:00,2.0,20.5,0.962940958718362,20.96660657100237,17.79086505329036,10.0,0.0,0.0,0.0,0.0,0.0
2024-01-03 00:00:00,2.0,20.5,0.962940958718362,20.923393726824038,17.784937356097416,9.0,0.0,0.0,0.0,0.0,0.0
2024-01-03 00:15:00,2.0,20.5,0.962940958718362,20.880313287210967,17.77581966811043,9.0,0.0,0.0,0.0,0.0,0.0
2024-01-03 00:30:00,2.0,20.5,0.962940958718362,20.83764803325315,17.766350998707335,9.0,0.8,0.7852222222222223,1.0,1.0,0.0
2024-01-03 00:45:00,2.0,20.5,0.962940958718362,20.795388929131597,17.756542177960355,9.0,0.8,0.0,1.0,0.0,0.0
2024-01-03 01:00:00,2.0,20.5,0.962940958718362,20.753527172290013,17.74640374608149,9.0,0.8,0.0,1.0,0.0,0.0
2024-01-03 01:15:00,2.0,20.5,0.962940958718362,20.71205418729512,17.73594596107976,9.0,0.8,0.0,1.0,0.0,0.0
2024-01-03 01:30:00,2.0,20.5,0.962940958718362,20.670961619858915,17.72517880621646,9.0,0.8,0.0,1.0,0.0,1.0
2024-01-03 01:45:00,2.0,20.5,0.962940958718362,20.63024133101855,17.714111997263718,9.0,0.0,0.0,0.0,0.0,0.0
2024-01-03 02:00:00,2.0,20.5,0.962940958718362,20.58961288603107,17.70030669905518,8.0,0.0,0.0,0.0,0.0,0.0
2024-01-03 02:15:00,2.0,20.5,0.962940958718362,20.54899529248939,17.683475433812767,8.0,0.0,0.0,0.0,0.0,0.0
2024-01-03 02:30:00,2.0,20.5,0.962940958718362,20.508674679740682,17.666453000479052,8.0,0.0,0.0,0.0,0.0,0.0
2024-01-03 02:45:00,2.0,20.5,0.962940958718362,20.468645271523222,17.649246129448162,8.0,0.0,0.0,0.0,0.0,0.0
2024-01-03 03:00:00,2.0,20.5,0.962940958718362,20.428901438478885,17.63186136909043,8.0,0.0,0.0,0.0,0.0,0.0
2024-01-03 03:15:00,2.0,20.5,0.962940958718362,20.38943769429248,17.614305090565857,8.0,0.0,0.0,0.0,0.0,0.0
2024-01-03 03:30:00,2.0,20.5,0.962940958718362,20.35024869193296,17.59658349251061,8.0,0.0,0.0,0.0,0.0,0.0
2024-01-03 03:45:00,2.0,20.5,0.962940958718362,20.31132921999373,17.57870260559985,8.0,0.0,0.0,0.0,0.0,0.0
2024-01-03 04:00:00,2.0,20.5,0.962940958718362,20.272946704568078,17.56311658750653,9.0,0.0,0.0,0.0,0.0,0.0
2024-01-03 04:15:00,2.0,20.5,0.962940958718362,20.235169462146885,17.550127825780432,9.0,0.0,0.0,0.0,0.0,0.0
2024-01-03 04:30:00,2.0,20.5,0.962940958718362,20.19769901145072,17.536916029426003,9.0,0.8,0.7963055555555556,1.0,1.0,0.0
2024-01-03 04:45:00,2.0,20.6,0.962940958718362,20.48464185792401,17.52434427480823,9.0,0.8,0.0,1.0,0.0,0.0
2024-01-03 05:00:00,1.0,20.566666666666666,0.962940958718362,21.001079535537368,17.518523702862264,9.0,0.8,0.0,1.0,0.0,0.0
2024-01-03 05:15:00,1.0,21.0,0.962940958718362,20.954005506130247,17.51483909854942,9.0,0.8,0.0,1.0,0.0,0.0
2024-01-03 05:30:00,2.0,20.633333333333333,0.962940958718362,20.90745717462779,17.51066443130521,9.0,0.8,0.0,1.0,0.0,0.0
2024-01-03 05:45:00,2.0,20.5,0.962940958718362,20.86142257630212,17.506014188750896,9.0,0.8,0.0,1.0,0.0,1.0
2024-01-03 06:00:00,2.0,20.5,0.962940958718362,20.815890056985683,17.500902472195605,9.0,0.0,0.0,0.0,0.0,0.0
2024-01-03 06:15:00,2.0,20.5,0.962940958718362,20.77084826489247,17.49534300683776,9.0,0.0,0.0,0.0,0.0,0.0
2024-01-03 06:30:00,2.0,20.5,0.962940958718362,20.726286142654892,17.48934915169746,9.0,0.0,0.0,0.0,0.0,0.0
2024-01-03 06:45:00,2.0,20.5,0.962940958718362,20.68219291957079,17.482933909286768,9.0,0.0,0.0,0.0,0.0,0.0
2024-01-03 07:00:00,2.0,20.5,0.962940958718362,20.63855810405483,17.4761099350249,9.0,0.0,0.0,0.0,0.0,0.0
2024-01-03 07:15:00,1.0,20.9,0.962940958718362,20.59537147628904,17.468889546405045,9.0,0.0,0.0,0.0,0.0,0.0
2024-01-03 07:30:00,1.0,21.0,0.962940958718362,20.552623081067132,17.461284731919285,9.0,0.0,0.0,0.0,0.0,0.0
2024-01-03 07:45:00,1.0,21.0,0.962940958718362,20.53983181262151,17.453322778743736,9.0,0.0,0.0,0.0,0.0,0.0
2024-01-03 08:00:00,3.0,21.0,0.962940958718362,21.24770923892475,17.44869369608547,9.0,0.0,0.0,0.0,0.0,0.0
2024-01-03 08:15:00,3.0,21.0,0.962940958718362,21.51947785922629,17.45181422715935,9.0,0.0,0.0,0.0,0.0,0.0
2024-01-03 08:30:00,1.0,21.0,0.962940958718362,21.465809000202725,17.45534943282721,9.0,0.0,0.0,0.0,0.0,0.0
2024-01-03 08:45:00,1.0,21.0,0.962940958718362,21.412828233554794,17.4581946371804,9.0,0.0,0.0,0.0,0.0,0.0
2024-01-03 09:00:00,1.0,21.0,0.962940958718362,21.36066669857564,17.46037013260564,9.0,0.0,0.0,0.0,0.0,0.0
2024-01-03 09:15:00,1.0,21.0,0.962940958718362,21.309327198839796,17.46189763525066,9.0,0.0,0.0,0.0,0.0,0.0
2024-01-03 09:30:00,1.0,21.0,0.962940958718362,21.258624654578547,17.462796551963876,9.0,0.0,0.0,0.0,0.0,0.0
2024-01-03 09:45:00,3.0,21.0,0.962940958718362,21.208544169569784,17.46308502718653,9.0,0.0,0.0,0.0,0.0,0.0
2024-01-03 10:00:00,3.0,21.0,0.962940958718362,21.159093470338544,17.462780798840665,9.0,0.0,0.0,0.0,0.0,0.0
2024-01-03 10:15:00,3.0,21.0,0.962940958718362,21.11026123257923,17.461901429039717,9.0,0.0,0.0,0.0,0.0,0.0
2024-01-03 10:30:00,1.0,21.0,0.962940958718362,21.06200808768112,17.460463751116915,9.0,0.0,0.0,0.0,0.0,0.0
2024-01-03 10:45:00,1.0,21.0,0.962940958718362,21.014320643780334,17.458484037633898,9.0,0.0,0.0,0.0,0.0,0.0
2024-01-03 11:00:00,1.0,21.0,0.962940958718362,20.96702944070784,17.455977591306656,9.0,0.0,0.0,0.0,0.0,0.0
2024-01-03 11:15:00,3.0,21.0,0.962940958718362,20.92010203182456,17.45295722312495,9.0,0.0,0.0,0.0,0.0,0.0
2024-01-03 11:30:00,3.0,21.0,0.962940958718362,20.873706171879576,17.449437240806493,9.0,0.0,0.0,0.0,0.0,0.0
2024-01-03 11:45:00,1.0,21.0,0.962940958718362,20.827829715979156,17.445432362744388,9.0,0.0,0.0,0.0,0.0,0.0
2024-01-03 12:00:00,1.0,21.0,0.962940958718362,20.78242031486782,17.440956776010648,9.0,0.0,0.0,0.0,0.0,0.0
2024-01-03 12:15:00,1.0,21.0,0.962940958718362,20.737461331909877,17.436023749508987,9.0,0.0,0.0,0.0,0.0,0.0
2024-01-03 12:30:00,3.0,21.0,0.962940958718362,20.692988206144044,17.430646674385887,9.0,0.0,0.0,0.0,0.0,0.0
2024-01-03 12:45:00,3.0,21.0,0.962940958718362,20.648989981409887,17.424838789699606,9.0,0.0,0.0,0.0,0.0,0.0
2024-01-03 13:00:00,3.0,21.0,0.962940958718362,20.605391155998962,17.41861275886667,9.0,0.8,0.7870694444444445,1.0,1.0,0.0
2024-01-03 13:15:00,3.0,21.0,0.962940958718362,20.56217315193777,17.41198004347894,9.0,0.8,0.0,1.0,0.0,0.0
2024-01-03 13:30:00,3.0,21.0,0.962940958718362,20.519400500734367,17.4049525608557,9.0,0.8,0.0,1.0,0.0,0.0
2024-01-03 13:45:00,3.0,21.0,0.962940958718362,21.065724281424643,17.39971610698291,9.0,0.8,0.0,1.0,0.0,0.0
2024-01-03 14:00:00,3.0,21.0,0.962940958718362,21.529633812744954,17.400287331793546,8.0,0.8,0.0,1.0,0.0,0.0
2024-01-03 14:15:00,3.0,21.0,0.962940958718362,21.474831882915336,17.39958554183355,8.0,0.8,0.0,1.0,0.0,0.0
2024-01-03 14:30:00,3.0,21.0,0.962940958718362,21.420683109907916,17.398252353189783,8.0,0.8,0.0,1.0,0.0,0.0
2024-01-03 14:45:00,3.0,21.0,0.962940958718362,21.367172369756997,17.39630614822125,8.0,0.8,0.0,1.0,0.0,0.0
2024-01-03 15:00:00,3.0,21.0,0.962940958718362,21.314283479883464,17.396212170670204,9.0,0.8,0.0,1.0,0.0,0.0
2024-01-03 15:15:00,3.0,21.0,0.962940958718362,21.26204078238999,17.398279951586012,9.0,0.8,0.0,1.0,0.0,0.0
2024-01-03 15:30:00,3.0,21.0,0.962940958718362,21.210452135856016,17.39969937538289,9.0,0.8,0.0,1.0,0.0,0.0
2024-01-03 15:45:00,1.0,21.0,0.962940958718362,21.15950221098174,17.400489122707327,9.0,0.8,0.0,1.0,0.0,1.0
2024-01-03 16:00:00,1.0,21.0,0.962940958718362,21.109169803890882,17.4006673557219,9.0,0.0,0.0,0.0,0.0,0.0
2024-01-03 16:15:00,1.0,21.0,0.962940958718362,21.059439581428133,17.400251669724472,9.0,0.0,0.0,0.0,0.0,0.0
2024-01-03 16:30:00,3.0,21.0,0.962940958718362,21.010304605727516,17.39925926545176,9.0,0.0,0.0,0.0,0.0,0.0
2024-01-03 16:45:00,1.0,21.0,0.962940958718362,20.961751078821727,17.397706917520324,9.0,0.0,0.0,0.0,0.0,0.0
2024-01-03 17:00:00,1.0,21.0,0.962940958718362,20.913765561658792,17.39561095390331,9.0,0.0,0.0,0.0,0.0,0.0
2024-01-03 17:15:00,1.0,21.0,0.962940958718362,20.86633496464777,17.392987267723452,9.0,0.0,0.0,0.0,0.0,0.0
2024-01-03 17:30:00,1.0,21.0,0.962940958718362,20.819446538453782,17.389851328734842,9.0,0.0,0.0,0.0,0.0,0.0
2024-01-03 17:45:00,1.0,21.0,0.962940958718362,20.773087865035812,17.386218194501915,9.0,0.0,0.0,0.0,0.0,0.0
2024-01-03 18:00:00,1.0,21.0,0.962940958718362,20.726974343482247,17.379654230767063,8.0,0.0,0.0,0.0,0.0,0.0
2024-01-03 18:15:00,1.0,21.0,0.962940958718362,20.681020925148285,17.369877023493686,8.0,0.0,0.0,0.0,0.0,0.0
2024-01-03 18:30:00,1.0,21.0,0.962940958718362,20.635509790174464,17.35972630181677,8.0,0.8,0.7963055555555556,1.0,1.0,0.0
2024-01-03 18:45:00,1.0,21.0,0.962940958718362,20.59043131730006,17.349213596296647,8.0,0.8,0.0,1.0,0.0,0.0
2024-01-03 19:00:00,3.0,21.0,0.962940958718362,20.545776133626568,17.338350128873433,8.0,0.8,0.0,1.0,0.0,0.0
2024-01-03 19:15:00,1.0,21.0,0.962940958718362,20.60480128434653,17.327283286730943,8.0,0.8,0.0,1.0,0.0,0.0
2024-01-03 19:30:00,1.0,21.0,0.962940958718362,21.382513100569895,17.321302035365807,8.0,0.8,0.0,1.0,0.0,0.0
2024-01-03 19:45:00,1.0,21.0,0.962940958718362,21.503581122417344,17.32183355682595,8.0,0.8,0.0,1.0,0.0,0.0
2024-01-03 20:00:00,1.0,21.0,0.962940958718362,21.44759431081054,17.32215401333325,8.0,0.8,0.0,1.0,0.0,0.0
2024-01-03 20:15:00,1.0,21.0,0.962940958718362,21.392286679249114,17.321811814147004,8.0,0.8,0.0,1.0,0.0,0.0
2024-01-03 20:30:00,1.0,21.0,0.962940958718362,21.337642431208298,17.32082617755132,8.0,0.8,0.0,1.0,0.0,0.0
2024-01-03 20:45:00,1.0,21.0,0.962940958718362,21.283646181225702,17.31921581025623,8.0,0.8,0.0,1.0,0.0,0.0
2024-01-03 21:00:00,1.0,21.0,0.962940958718362,21.230282944072883,17.316998920904723,8.0,0.8,0.0,1.0,0.0,0.0
2024-01-03 21:15:00,1.0,21.0,0.962940958718362,21.177538124212592,17.314193233223378,8.0,0.8,0.0,1.0,0.0,0.0
2024-01-03 21:30:00,1.0,21.0,0.962940958718362,21.125397505534032,17.310815998826097,8.0,0.8,0.0,1.0,0.0,0.0
2024-01-03 21:45:00,2.0,20.7,0.962940958718362,21.07384724135894,17.30688400968005,8.0,0.8,0.0,1.0,0.0,0.0
2024-01-03 22:00:00,2.0,20.5,0.962940958718362,21.022601339272455,17.299965319726407,7.0,0.8,0.0,1.0,0.0,0.0
2024-01-03 22:15:00,2.0,20.5,0.962940958718362,20.971573395282505,17.289779158143354,7.0,0.8,0.0,1.0,0.0,0.0
2024-01-03 22:30:00,2.0,20.5,0.962940958718362,20.921044269386012,17.27916685348453,7.0,0.8,0.0,1.0,0.0,0.0
2024-01-03 22:45:00,2.0,20.5,0.962940958718362,20.871003054455123,17.268141493089228,7.0,0.8,0.0,1.0,0.0,0.0
2024-01-03 23:00:00,2.0,20.5,0.962940958718362,20.82143912509799,17.25671581416288,7.0,0.8,0.0,1.0,0.0,0.0
2024-01-03 23:15:00,2.0,20.5,0.962940958718362,20.772342130242787,17.24490221302618,7.0,0.8,0.0,1.0,0.0,0.0
2024-01-03 23:30:00,2.0,20.5,0.962940958718362,20.723701985917334,17.232712754120275,7.0,0.8,0.0,1.0,0.0,0.0
2024-01-03 23:45:00,2.0,20.5,0.962940958718362,20.675508868219097,17.220159178774264,7.0,0.8,0.0,1.0,0.0,0.0
2024-01-04 00:00:00,2.0,20.5,0.962940958718362,20.62775320647069,17.207252913741474,7.0,0.8,0.0,1.0,0.0,0.0
2024-01-04 00:15:00,2.0,20.5,0.962940958718362,20.580425676555738,17.19400507951049,7.0,0.8,0.0,1.0,0.0,0.0
2024-01-04 00:30:00,2.0,20.5,0.962940958718362,20.53351719443064,17.180426498396898,7.0,0.8,0.0,1.0,0.0,0.0
2024-01-04 00:45:00,2.0,20.5,0.962940958718362,20.487018909807333,17.166527702421593,7.0,0.8,0.0,1.0,0.0,0.0
2024-01-04 01:00:00,2.0,20.5,0.962940958718362,20.440922200002692,17.152318940981186,7.0,0.8,0.0,1.0,0.0,0.0
2024-01-04 01:15:00,2.0,20.5,0.962940958718362,20.39521866395016,17.137810188316067,7.0,0.8,0.0,1.0,0.0,0.0
2024-01-04 01:30:00,2.0,20.5,0.962940958718362,20.34990011636928,17.123011150781416,7.0,0.8,0.0,1.0,0.0,0.0
2024-01-04 01:45:00,2.0,20.5,0.962940958718362,20.304958582088965,17.107931273926393,7.0,0.8,0.0,1.0,0.0,0.0
2024-01-04 02:00:00,2.0,20.5,0.962940958718362,20.260386290520515,17.092579749386537,7.0,0.8,0.0,1.0,0.0,0.0
2024-01-04 02:15:00,2.0,20.5,0.962940958718362,20.216175670276353,17.076965521594385,7.0,0.8,0.0,1.0,0.0,0.0
2024-01-04 02:30:00,2.0,20.5,0.962940958718362,20.172319343930702,17.061097294312905,7.0,0.8,0.0,1.0,0.0,0.0
2024-01-04 02:45:00,2.0,20.5,0.962940958718362,20.128810122918384,17.0449835369967,7.0,0.8,0.0,1.0,0.0,0.0
2024-01-04 03:00:00,2.0,20.5,0.962940958718362,20.085641002568217,17.028632490985277,7.0,0.8,0.0,1.0,0.0,0.0
2024-01-04 03:15:00,2.0,20.5,0.962940958718362,20.042805157267296,17.012052175532947,7.0,0.8,0.0,1.0,0.0,0.0
2024-01-04 03:30:00,2.0,20.5,0.962940958718362,20.10356211201872,16.99538685939062,7.0,0.8,0.0,1.0,0.0,0.0
2024-01-04 03:45:00,2.0,20.5,0.962940958718362,20.88292061204866,16.98392247165305,7.0,0.8,0.0,1.0,0.0,0.0
2024-01-04 04:00:00,2.0,20.5,0.962940958718362,21.00528004219459,16.97663494731767,6.0,0.8,0.0,1.0,0.0,0.0
2024-01-04 04:15:00,1.0,20.7,0.962940958718362,20.950158384016714,16.966500890247215,6.0,0.8,0.0,1.0,0.0,0.0
2024-01-04 04:30:00,2.0,20.8,0.962940958718362,20.895585534008355,16.95589175061582,6.0,0.8,0.0,1.0,0.0,0.0
2024-01-04 04:45:00,1.0,20.9,0.962940958718362,20.8415494204606,16.944822033108412,6.0,0.8,0.0,1.0,0.0,0.0
2024-01-04 05:00:00,1.0,21.0,0.962940958718362,20.78803828371138,16.933305854552376,6.0,0.8,0.0,1.0,0.0,0.0
2024-01-04 05:15:00,1.0,21.0,0.962940958718362,20.735040667930996,16.921356954162675,6.0,0.8,0.0,1.0,0.0,0.0
2024-01-04 05:30:00,2.0,20.5,0.962940958718362,20.682545413124352,16.908988703516705,6.0,0.8,0.0,1.0,0.0,0.0
2024-01-04 05:45:00,2.0,20.5,0.962940958718362,20.630541647344053,16.89621411626603,6.0,0.8,0.0,1.0,0.0,0.0
2024-01-04 06:00:00,1.0,20.9,0.962940958718362,20.579018779108875,16.88304585759182,6.0,0.8,0.0,1.0,0.0,0.0
2024-01-04 06:15:00,1.0,21.0,0.962940958718362,20.52796649002223,16.869496253410897,6.0,0.8,0.0,1.0,0.0,0.0
2024-01-04 06:30:00,2.0,20.7,0.962940958718362,20.850235023649358,16.85691367612522,6.0,0.8,0.0,1.0,0.0,0.0
2024-01-04 06:45:00,2.0,20.5,0.962940958718362,21.01030142870075,16.848908821382647,6.0,0.8,0.0,1.0,0.0,0.0
2024-01-04 07:00:00,1.0,20.8,0.962940958718362,20.953653920291288,16.84100127277383,6.0,0.8,0.0,1.0,0.0,0.0
2024-01-04 07:15:00,2.0,20.7,0.962940958718362,20.897599172407475,16.832562945229366,6.0,0.8,0.0,1.0,0.0,0.0
2024-01-04 07:30:00,2.0,20.5,0.962940958718362,20.84212394409234,16.823609804571436,6.0,0.8,0.0,1.0,0.0,0.0
2024-01-04 07:45:00,2.0,20.5,0.962940958718362,20.787215337305273,16.814157390243004,6.0,0.8,0.0,1.0,0.0,0.0
2024-01-04 08:00:00,2.0,20.5,0.962940958718362,20.733050007919314,16.80422147557039,6.0,0.8,0.0,1.0,0.0,0.0
2024-01-04 08:15:00,1.0,21.0,0.962940958718362,20.679639599280964,16.793819933616742,6.0,0.8,0.0,1.0,0.0,0.0
2024-01-04 08:30:00,1.0,21.0,0.962940958718362,20.62675428331842,16.78296793642644,6.0,0.8,0.0,1.0,0.0,0.0
2024-01-04 08:45:00,1.0,21.0,0.962940958718362,20.574382556982854,16.771679292357682,6.0,0.8,0.0,1.0,0.0,0.0
2024-01-04 09:00:00,1.0,21.0,0.962940958718362,20.522751781131237,16.759968258657747,6.0,0.8,0.0,1.0,0.0,0.0
2024-01-04 09:15:00,1.0,21.0,0.962940958718362,21.06054213112245,16.750025758570253,6.0,0.8,0.0,1.0,0.0,0.0
2024-01-04 09:30:00,3.0,21.0,0.962940958718362,21.516066133014743,16.74831832367517,6.0,0.8,0.0,1.0,0.0,0.0
2024-01-04 09:45:00,3.0,21.0,0.962940958718362,21.453077110525914,16.7480599673986,6.0,0.8,0.0,1.0,0.0,0.0
2024-01-04 10:00:00,3.0,21.0,0.962940958718362,21.390833311265613,16.747066540153806,6.0,0.8,0.0,1.0,0.0,0.0
2024-01-04 10:15:00,1.0,21.0,0.962940958718362,21.329315679710028,16.745359205614417,6.0,0.8,0.0,1.0,0.0,0.0
2024-01-04 10:30:00,1.0,21.0,0.962940958718362,21.268520697129095,16.74295870267354,6.0,0.8,0.0,1.0,0.0,0.0
2024-01-04 10:45:00,1.0,21.0,0.962940958718362,21.208431692488002,16.73988527770075,6.0,0.8,0.0,1.0,0.0,0.0
2024-01-04 11:00:00,1.0,21.0,0.962940958718362,21.148955876952964,16.73615837521771,6.0,0.8,0.0,1.0,0.0,0.0
2024-01-04 11:15:00,3.0,21.0,0.962940958718362,21.090067772979435,16.731795901720222,6.0,0.8,0.0,1.0,0.0,0.0
2024-01-04 11:30:00,3.0,21.0,0.962940958718362,21.03184013208662,16.726816186063495,6.0,0.8,0.0,1.0,0.0,0.0
2024-01-04 11:45:00,1.0,21.0,0.962940958718362,20.974257904558485,16.72123745613126,6.0,0.8,0.0,1.0,0.0,0.0
2024-01-04 12:00:00,2.0,20.5,0.962940958718362,20.917199128949303,16.715077085773284,6.0,0.8,0.0,1.0,0.0,0.0
2024-01-04 12:15:00,1.0,20.9,0.962940958718362,20.86063598346055,16.708350555773215,6.0,0.8,0.0,1.0,0.0,0.0
2024-01-04 12:30:00,1.0,21.0,0.962940958718362,20.80467812918685,16.70107419479778,6.0,0.8,0.0,1.0,0.0,0.0
2024-01-04 12:45:00,3.0,21.0,0.962940958718362,20.749311955419667,16.693264439085024,6.0,0.8,0.0,1.0,0.0,0.0
2024-01-04 13:00:00,1.0,21.0,0.962940958718362,20.694471922276126,16.684937106849574,6.0,0.8,0.0,1.0,0.0,0.0
2024-01-04 13:15:00,1.0,21.0,0.962940958718362,20.64013851654151,16.676106897358387,6.0,0.8,0.0,1.0,0.0,0.0
2024-01-04 13:30:00,1.0,21.0,0.962940958718362,20.586359366036024,16.66678873162098,6.0,0.8,0.0,1.0,0.0,0.0
2024-01-04 13:45:00,1.0,21.0,0.962940958718362,20.533122185643744,16.656997396735772,6.0,0.8,0.0,1.0,0.0,1.0
2024-01-04 14:00:00,3.0,21.0,0.962940958718362,20.86328714500799,16.647858908748226,6.0,0.0,0.0,0.0,0.0,0.0
2024-01-04 14:15:00,3.0,21.0,0.962940958718362,21.5104579961862,16.64646983975176,6.0,0.0,0.0,0.0,0.0,0.0
2024-01-04 14:30:00,3.0,21.0,0.962940958718362,21.460304741337975,16.648028530004403,6.0,0.7630555555555556,0.7575138888888889,1.0,1.0,0.0
2024-01-04 14:45:00,3.0,21.0,0.962940958718362,21.39616474367191,16.648813831928138,6.0,0.7907638888888889,0.0,1.0,0.0,0.0
2024-01-04 15:00:00,1.0,21.0,0.962940958718362,21.332703066354156,16.64883252236624,6.0,0.8,0.0,1.0,0.0,0.0
2024-01-04 15:15:00,3.0,21.0,0.962940958718362,21.269888275636443,16.648105052746484,6.0,0.8,0.0,1.0,0.0,0.0
2024-01-04 15:30:00,3.0,21.0,0.962940958718362,21.207823025591,16.64665255894663,6.0,0.8,0.0,1.0,0.0,0.0
2024-01-04 15:45:00,1.0,21.0,0.962940958718362,21.146489955276433,16.64449614361757,6.0,0.8,0.0,1.0,0.0,0.0
2024-01-04 16:00:00,1.0,21.0,0.962940958718362,21.085863790194583,16.641656318802028,6.0,0.8,0.0,1.0,0.0,0.0
2024-01-04 16:15:00,1.0,21.0,0.962940958718362,21.025927004817095,16.63815293876955,6.0,0.8,0.0,1.0,0.0,0.0
2024-01-04 16:30:00,1.0,21.0,0.962940958718362,20.966673190750477,16.634005427167335,6.0,0.8,0.0,1.0,0.0,0.0
2024-01-04 16:45:00,1.0,21.0,0.962940958718362,20.90808671823425,16.629232732422558,6.0,0.8,0.0,1.0,0.0,0.0
2024-01-04 17:00:00,1.0,21.0,0.962940958718362,20.85015236346244,16.623853297925546,6.0,0.8,0.0,1.0,0.0,0.0
2024-01-04 17:15:00,1.0,21.0,0.962940958718362,20.79285529789178,16.61788507536583,6.0,0.8,0.0,1.0,0.0,0.0
2024-01-04 17:30:00,1.0,21.0,0.962940958718362,20.736181077831976,16.611345537716453,6.0,0.8,0.0,1.0,0.0,0.0
2024-01-04 17:45:00,1.0,21.0,0.962940958718362,20.680115634310493,16.604251691875653,6.0,0.8,0.0,1.0,0.0,0.0
2024-01-04 18:00:00,1.0,21.0,0.962940958718362,20.624645263204645,16.59662009097509,6.0,0.8,0.0,1.0,0.0,0.0
2024-01-04 18:15:00,1.0,21.0,0.962940958718362,20.56975661563395,16.58846684636335,6.0,0.8,0.0,1.0,0.0,0.0
2024-01-04 18:30:00,1.0,21.0,0.962940958718362,20.530204985777925,16.579811545934458,6.0,0.8,0.0,1.0,0.0,0.0
2024-01-04 18:45:00,1.0,21.0,0.962940958718362,21.18227513707746,16.573814465419453,6.0,0.8,0.0,1.0,0.0,0.0
2024-01-04 19:00:00,1.0,21.0,0.962940958718362,21.50127470494637,16.575711770239263,6.0,0.8,0.0,1.0,0.0,0.0
2024-01-04 19:15:00,1.0,21.0,0.962940958718362,21.435569305672892,16.57820391702917,6.0,0.8,0.0,1.0,0.0,0.0
2024-01-04 19:30:00,1.0,21.0,0.962940958718362,21.37068525866009,16.579882469213842,6.0,0.8,0.0,1.0,0.0,0.0
2024-01-04 19:45:00,3.0,21.0,0.962940958718362,21.306603320456666,16.580770875500853,6.0,0.8,0.0,1.0,0.0,0.0
2024-01-04 20:00:00,3.0,21.0,0.962940958718362,21.243032243354694,16.57844367025265,5.0,0.8,0.0,1.0,0.0,0.0
2024-01-04 20:15:00,3.0,21.0,0.962940958718362,21.179880505819206,16.572626391402594,5.0,0.8,0.0,1.0,0.0,0.0
2024-01-04 20:30:00,1.0,21.0,0.962940958718362,21.1174239844231,16.56616650912363,5.0,0.8,0.0,1.0,0.0,0.0
2024-01-04 20:45:00,1.0,21.0,0.962940958718362,21.05564691919777,16.559083089649235,5.0,0.8,0.0,1.0,0.0,0.0
2024-01-04 21:00:00,1.0,21.0,0.962940958718362,20.994261453612882,16.548946400131953,4.0,0.8,0.0,1.0,0.0,0.0
2024-01-04 21:15:00,1.0,21.0,0.962940958718362,20.933179367442015,16.535477823519848,4.0,0.8,0.0,1.0,0.0,0.0
2024-01-04 21:30:00,1.0,21.0,0.962940958718362,20.872679751069242,16.521520784265658,4.0,0.8,0.0,1.0,0.0,0.0
2024-01-04 21:45:00,1.0,21.0,0.962940958718362,20.812749973148975,16.507090409266446,4.0,0.8,0.0,1.0,0.0,0.0
2024-01-04 22:00:00,2.0,20.7,0.962940958718362,20.752832717395325,16.487304839400316,2.0,0.8,0.0,1.0,0.0,0.0
2024-01-04 22:15:00,2.0,20.5,0.962940958718362,20.69276946126977,16.46158504311768,2.0,0.8,0.0,1.0,0.0,0.0
2024-01-04 22:30:00,2.0,20.5,0.962940958718362,20.633135837209053,16.435596652124346,2.0,0.8,0.0,1.0,0.0,0.0
2024-01-04 22:45:00,2.0,20.5,0.962940958718362,20.573923580226857,16.409349267940552,2.0,0.8,0.0,1.0,0.0,0.0
2024-01-04 23:00:00,2.0,20.5,0.962940958718362,20.515124635205268,16.382852232123973,2.0,0.8,0.0,1.0,0.0,0.0
2024-01-04 23:15:00,2.0,20.5,0.962940958718362,20.45673115138035,16.35611463314497,2.0,0.8,0.0,1.0,0.0,0.0
2024-01-04 23:30:00,2.0,20.5,0.962940958718362,20.398735476973158,16.329145313080453,2.0,0.8,0.0,1.0,0.0,0.0
2024-01-04 23:45:00,2.0,20.5,0.962940958718362,20.34113015396226,16.301952874131132,2.0,0.8,0.0,1.0,0.0,0.0
2024-01-05 00:00:00,2.0,20.5,0.962940958718362,20.283907912994163,16.27454568496677,2.0,0.8,0.0,1.0,0.0,0.0
2024-01-05 00:15:00,2.0,20.5,0.962940958718362,20.227061668427876,16.246931886904065,2.0,0.8,0.0,1.0,0.0,0.0
2024-01-05 00:30:00,2.0,20.5,0.962940958718362,20.17058451351018,16.219119399921446,2.0,0.8,0.0,1.0,0.0,0.0
2024-01-05 00:45:00,2.0,20.5,0.962940958718362,20.11446971567811,16.19111592851522,2.0,0.8,0.0,1.0,0.0,0.0
2024-01-05 01:00:00,2.0,20.5,0.962940958718362,20.058710711985256,16.162928967401164,2.0,0.8,0.0,1.0,0.0,0.0
2024-01-05 01:15:00,2.0,20.5,0.962940958718362,20.106567280914575,16.134702272776668,2.0,0.8,0.0,1.0,0.0,0.0
2024-01-05 01:30:00,2.0,20.5,0.962940958718362,20.87304841223375,16.111721272856744,2.0,0.8,0.0,1.0,0.0,0.0
2024-01-05 01:45:00,2.0,20.5,0.962940958718362,20.982826232063946,16.0954097036462,2.0,0.8,0.0,1.0,0.0,0.0
2024-01-05 02:00:00,2.0,20.5,0.962940958718362,20.915219711154723,16.076592079644694,1.0,0.8,0.0,1.0,0.0,0.0
2024-01-05 02:15:00,2.0,20.5,0.962940958718362,20.847892042166656,16.054516859818413,1.0,0.8,0.0,1.0,0.0,0.0
2024-01-05 02:30:00,2.0,20.5,0.962940958718362,20.781123463682285,16.032025919944466,1.0,0.8,0.0,1.0,0.0,0.0
2024-01-05 02:45:00,2.0,20.5,0.962940958718362,20.714902460934727,16.00913287800433,1.0,0.8,0.0,1.0,0.0,0.0
2024-01-05 03:00:00,2.0,20.5,0.962940958718362,20.649217814311978,15.985850985707492,1.0,0.8,0.0,1.0,0.0,0.0
2024-01-05 03:15:00,2.0,20.5,0.962940958718362,20.584058591593944,15.962193138171932,1.0,0.8,0.0,1.0,0.0,0.0
2024-01-05 03:30:00,2.0,20.5,0.962940958718362,20.519414140394122,15.9381718833493,1.0,0.8,0.0,1.0,0.0,0.0
2024-01-05 03:45:00,2.0,20.5,0.962940958718362,20.455274080800617,15.913799431201353,1.0,0.8,0.0,1.0,0.0,0.0
2024-01-05 04:00:00,1.0,20.833333333333332,0.962940958718362,20.612461103657687,15.887106568605494,0.0,0.8,0.0,1.0,0.0,0.0
2024-01-05 04:15:00,2.0,20.666666666666668,0.962940958718362,21.191630710430296,15.863716822337464,0.0,0.8,0.0,1.0,0.0,0.0
2024-01-05 04:30:00,2.0,20.5,0.962940958718362,21.132542203778527,15.843425499450337,0.0,0.8,0.0,1.0,0.0,0.0
2024-01-05 04:45:00,2.0,20.5,0.962940958718362,21.05932409996148,15.822626702655898,0.0,0.8,0.0,1.0,0.0,0.0
2024-01-05 05:00:00,2.0,20.5,0.962940958718362,20.986750800190006,15.801321377827376,0.0,0.8,0.0,1.0,0.0,0.0
2024-01-05 05:15:00,2.0,20.5,0.962940958718362,20.914808713785412,15.779525690167395,0.0,0.8,0.0,1.0,0.0,0.0
2024-01-05 05:30:00,1.0,20.566666666666666,0.962940958718362,20.84348459949217,15.75725537101049,0.0,0.8,0.0,1.0,0.0,0.0
2024-01-05 05:45:00,1.0,21.0,0.962940958718362,20.772765556284693,15.734525729287837,0.0,0.8,0.0,1.0,0.0,0.0
2024-01-05 06:00:00,2.0,20.533333333333335,0.962940958718362,20.702639014416512,15.711351662689504,0.0,0.8,0.0,1.0,0.0,0.0
2024-01-05 06:15:00,1.0,20.966666666666665,0.962940958718362,20.633092726705566,15.687747668532179,0.0,0.8,0.0,1.0,0.0,0.0
2024-01-05 06:30:00,2.0,20.633333333333333,0.962940958718362,20.564114760049243,15.663727854340197,0.0,0.8,0.0,1.0,0.0,0.0
2024-01-05 06:45:00,2.0,20.5,0.962940958718362,20.495693487163244,15.63930594814736,0.0,0.8,0.0,1.0,0.0,0.0
2024-01-05 07:00:00,2.0,20.5,0.962940958718362,20.42782890045198,15.614495347359782,0.0,0.8,0.0,1.0,0.0,0.0
2024-01-05 07:15:00,2.0,20.5,0.962940958718362,20.36051138934508,15.58930923950791,0.0,0.8,0.0,1.0,0.0,0.0
2024-01-05 07:30:00,2.0,20.5,0.962940958718362,20.29371715829388,15.563760323864061,0.0,0.8,0.0,1.0,0.0,0.0
2024-01-05 07:45:00,1.0,20.633333333333333,0.962940958718362,20.256964323398783,15.537876519091851,0.0,0.8,0.0,1.0,0.0,0.0
2024-01-05 08:00:00,1.0,21.0,0.962940958718362,20.970843871142005,15.517812626791061,1.0,0.8,0.0,1.0,0.0,0.0
2024-01-05 08:15:00,2.0,20.566666666666666,0.962940958718362,21.48349448926983,15.510210438760112,1.0,0.8,0.0,1.0,0.0,0.0
2024-01-05 08:30:00,1.0,20.866666666666667,0.962940958718362,21.403431313857375,15.504421225245007,1.0,0.8,0.0,1.0,0.0,1.0
2024-01-05 08:45:00,3.0,21.0,0.962940958718362,21.324267719965697,15.497790412204944,1.0,0.0,0.0,0.0,0.0,0.0
2024-01-05 09:00:00,3.0,21.0,0.962940958718362,21.246058062209446,15.490343098690591,1.0,0.0,0.0,0.0,0.0,0.0
2024-01-05 09:15:00,3.0,21.0,0.962940958718362,21.168791813290465,15.48210471206502,1.0,0.0,0.0,0.0,0.0,0.0
2024-01-05 09:30:00,3.0,21.0,0.962940958718362,21.0923633030877,15.473099121894554,1.0,0.8,0.7870694444444445,1.0,1.0,0.0
2024-01-05 09:45:00,3.0,21.0,0.962940958718362,21.016753622635544,15.463349181969086,1.0,0.8,0.0,1.0,0.0,0.0
2024-01-05 10:00:00,3.0,21.0,0.962940958718362,20.942218001932165,15.45532543070959,2.0,0.8,0.0,1.0,0.0,1.0
2024-01-05 10:15:00,1.0,21.0,0.962940958718362,20.868811911277007,15.449346217033005,2.0,0.0,0.0,0.0,0.0,0.0
2024-01-05 10:30:00,1.0,21.0,0.962940958718362,20.796222902022542,15.442606774329505,2.0,0.0,0.0,0.0,0.0,0.0
2024-01-05 10:45:00,3.0,21.0,0.962940958718362,20.72443239445333,15.43512959553674,2.0,0.0,0.0,0.0,0.0,0.0
2024-01-05 11:00:00,3.0,21.0,0.962940958718362,20.653457311006594,15.426936693888903,2.0,0.0,0.0,0.0,0.0,0.0
2024-01-05 11:15:00,3.0,21.0,0.962940958718362,20.58328444372793,15.418049962050542,2.0,0.0,0.0,0.0,0.0,0.0
2024-01-05 11:30:00,1.0,21.0,0.962940958718362,20.543384884636648,15.408505916057278,2.0,0.0,0.0,0.0,0.0,0.0
2024-01-05 11:45:00,1.0,21.0,0.962940958718362,21.22426411408219,15.402002688841588,2.0,0.7926111111111112,0.7796805555555556,1.0,1.0,0.0
2024-01-05 12:00:00,1.0,21.0,0.962940958718362,21.469204295645024,15.405409952476699,3.0,0.8,0.0,1.0,0.0,0.0
2024-01-05 12:15:00,1.0,21.0,0.962940958718362,21.3891493044307,15.411693891200365,3.0,0.8,0.0,1.0,0.0,0.0
2024-01-05 12:30:00,3.0,21.0,0.962940958718362,21.310132298346236,15.416931440247685,3.0,0.8,0.0,1.0,0.0,0.0
2024-01-05 12:45:00,3.0,21.0,0.962940958718362,21.23212874956743,15.421152541959481,3.0,0.8,0.0,1.0,0.0,0.0
2024-01-05 13:00:00,3.0,21.0,0.962940958718362,21.15503739242096,15.424386077221579,3.0,0.8,0.0,1.0,0.0,0.0
2024-01-05 13:15:00,3.0,21.0,0.962940958718362,21.078825194931866,15.426659127965085,3.0,0.8,0.0,1.0,0.0,0.0
2024-01-05 13:30:00,1.0,21.0,0.962940958718362,21.00355860506864,15.427998965154185,3.0,0.8,0.0,1.0,0.0,0.0
2024-01-05 13:45:00,1.0,21.0,0.962940958718362,20.92921550792799,15.428432526085517,3.0,0.8,0.0,1.0,0.0,0.0
2024-01-05 14:00:00,2.0,20.866666666666667,0.962940958718362,20.856410752254906,15.430435569904716,4.0,0.8,0.0,1.0,0.0,0.0
2024-01-05 14:15:00,2.0,20.5,0.962940958718362,20.785242554323112,15.43433636215561,4.0,0.8,0.0,1.0,0.0,0.0
2024-01-05 14:30:00,3.0,20.666666666666668,0.962940958718362,20.71497777943491,15.43733552787849,4.0,0.8,0.0,1.0,0.0,0.0
2024-01-05 14:45:00,3.0,21.0,0.962940958718362,20.645595184025392,15.439458973129577,4.0,0.8,0.0,1.0,0.0,1.0
2024-01-05 15:00:00,3.0,21.0,0.962940958718362,20.57658681027448,15.440730243687003,4.0,0.0,0.0,0.0,0.0,0.0
2024-01-05 15:15:00,3.0,21.0,0.962940958718362,20.58165252036037,15.441243785213707,4.0,0.0,0.0,0.0,0.0,0.0
2024-01-05 15:30:00,1.0,21.0,0.962940958718362,21.321198886433944,15.445781578894461,4.0,0.0,0.0,0.0,0.0,0.0
2024-01-05 15:45:00,1.0,21.0,0.962940958718362,21.463116404210044,15.456843750906733,4.0,0.0,0.0,0.0,0.0,0.0
2024-01-05 16:00:00,1.0,21.0,0.962940958718362,21.383747662258966,15.466310810551557,3.55,0.0,0.0,0.0,0.0,0.0
2024-01-05 16:15:00,1.0,21.0,0.962940958718362,21.305279280413743,15.473432865236648,3.55,0.7870694444444445,0.7796805555555556,1.0,1.0,0.0
2024-01-05 16:30:00,1.0,21.0,0.962940958718362,21.22783935541459,15.47951293195623,3.55,0.8,0.0,1.0,0.0,0.0
2024-01-05 16:45:00,1.0,21.0,0.962940958718362,21.151403524896065,15.484580766501807,3.55,0.8,0.0,1.0,0.0,0.0
2024-01-05 17:00:00,1.0,21.0,0.962940958718362,21.07590627771454,15.488289929982763,3.396667,0.8,0.0,1.0,0.0,0.0
2024-01-05 17:15:00,1.0,21.0,0.962940958718362,21.001313271075837,15.490623126395219,3.396667,0.8,0.0,1.0,0.0,0.0
2024-01-05 17:30:00,1.0,21.0,0.962940958718362,20.927647025849748,15.492041095898397,3.396667,0.8,0.0,1.0,0.0,0.0
2024-01-05 17:45:00,1.0,21.0,0.962940958718362,20.854885860861767,15.492570249316636,3.396667,0.8,0.0,1.0,0.0,0.0
2024-01-05 18:00:00,3.0,21.0,0.962940958718362,20.783026826360338,15.492399512496826,3.463333,0.8,0.0,1.0,0.0,0.0
2024-01-05 18:15:00,3.0,21.0,0.962940958718362,20.712054239882494,15.491573687831364,3.463333,0.8,0.0,1.0,0.0,0.0
2024-01-05 18:30:00,1.0,21.0,0.962940958718362,20.641928492898607,15.48992874545984,3.463333,0.8,0.0,1.0,0.0,0.0
2024-01-05 18:45:00,3.0,21.0,0.962940958718362,20.57262997108286,15.487488527008358,3.463333,0.8,0.0,1.0,0.0,0.0
2024-01-05 19:00:00,3.0,21.0,0.962940958718362,20.6073807670561,15.484188279965137,3.371667,0.8,0.0,1.0,0.0,0.0
2024-01-05 19:15:00,3.0,21.0,0.962940958718362,21.36117078399043,15.485301734140226,3.371667,0.8,0.0,1.0,0.0,0.0
2024-01-05 19:30:00,3.0,21.0,0.962940958718362,21.45868702280945,15.492526748173185,3.371667,0.8,0.0,1.0,0.0,0.0
2024-01-05 19:45:00,1.0,21.0,0.962940958718362,21.37950937735025,15.49915063657361,3.371667,0.8,0.0,1.0,0.0,0.0
2024-01-05 20:00:00,1.0,21.0,0.962940958718362,21.301389373374935,15.504969331644201,3.468333,0.8,0.0,1.0,0.0,0.0
2024-01-05 20:15:00,1.0,21.0,0.962940958718362,21.224309698142562,15.510041299199035,3.468333,0.8,0.0,1.0,0.0,0.0
2024-01-05 20:30:00,1.0,21.0,0.962940958718362,21.14821820598713,15.514122371322355,3.468333,0.8,0.0,1.0,0.0,0.0
2024-01-05 20:45:00,1.0,21.0,0.962940958718362,21.073091606592662,15.517240963979608,3.468333,0.8,0.0,1.0,0.0,0.0
2024-01-05 21:00:00,2.0,20.566666666666666,0.962940958718362,20.99884681144574,15.51888203474022,3.246667,0.8,0.0,1.0,0.0,0.0
2024-01-05 21:15:00,2.0,20.5,0.962940958718362,20.92544548736756,15.51900674448026,3.246667,0.8,0.0,1.0,0.0,0.0
2024-01-05 21:30:00,2.0,20.5,0.962940958718362,20.85293121096025,15.518267695124665,3.246667,0.8,0.0,1.0,0.0,0.0
2024-01-05 21:45:00,2.0,20.5,0.962940958718362,20.78128337064699,15.516689957877118,3.246667,0.8,0.0,1.0,0.0,0.0
2024-01-05 22:00:00,2.0,20.5,0.962940958718362,20.710453732076168,15.514044944865752,3.143333,0.8,0.0,1.0,0.0,0.0
2024-01-05 22:15:00,2.0,20.5,0.962940958718362,20.640415171150607,15.510325752981174,3.143333,0.8,0.0,1.0,0.0,0.0
2024-01-05 22:30:00,2.0,20.5,0.962940958718362,20.571178987812935,15.5058475093196,3.143333,0.8,0.0,1.0,0.0,0.0
2024-01-05 22:45:00,2.0,20.5,0.962940958718362,20.50272679326056,15.500632514235308,3.143333,0.8,0.0,1.0,0.0,0.0
2024-01-05 23:00:00,2.0,20.5,0.962940958718362,20.43502932217579,15.49460046330169,3.101667,0.8,0.0,1.0,0.0,0.0
2024-01-05 23:15:00,2.0,20.5,0.962940958718362,20.368066075814603,15.487760122498145,3.101667,0.8,0.0,1.0,0.0,0.0
2024-01-05 23:30:00,2.0,20.5,0.962940958718362,20.301832296511478,15.48024979753507,3.101667,0.8,0.0,1.0,0.0,0.0
2024-01-05 23:45:00,2.0,20.5,0.962940958718362,20.23631149693664,15.472089421372244,3.101667,0.8,0.0,1.0,0.0,0.0
2024-01-06 00:00:00,2.0,20.5,0.962940958718362,20.171472175290504,15.463159657879153,3.045,0.8,0.0,1.0,0.0,1.0
2024-01-06 00:15:00,2.0,20.5,0.962940958718362,20.107294536340138,15.453462578494754,3.045,0.0,0.0,0.0,0.0,0.0
2024-01-06 00:30:00,2.0,20.5,0.962940958718362,20.043779982650186,15.443176694607649,3.045,0.0,0.0,0.0,0.0,0.0
2024-01-06 00:45:00,2.0,20.5,0.962940958718362,20.305026524751472,15.433175472298883,3.045,0.0,0.0,0.0,0.0,0.0
2024-01-06 01:00:00,2.0,20.5,0.962940958718362,20.986888376701906,15.42758630156243,1.8583329999999998,0.0,0.0,0.0,0.0,0.0
2024-01-06 01:15:00,2.0,20.5,0.962940958718362,20.940987390537185,15.422165508906383,1.8583329999999998,0.0,0.0,0.0,0.0,0.0
2024-01-06 01:30:00,2.0,20.5,0.962940958718362,20.86635069123219,15.415989114878526,1.8583329999999998,0.0,0.0,0.0,0.0,0.0
2024-01-06 01:45:00,2.0,20.5,0.962940958718362,20.792543659085656,15.409041392196825,1.8583329999999998,0.0,0.0,0.0,0.0,0.0
2024-01-06 02:00:00,2.0,20.5,0.962940958718362,20.719537897505315,15.401259479737524,1.823333,0.0,0.0,0.0,0.0,0.0
2024-01-06 02:15:00,2.0,20.5,0.962940958718362,20.647312472669274,15.392655213960717,1.823333,0.0,0.0,0.0,0.0,0.0
2024-01-06 02:30:00,2.0,20.5,0.962940958718362,20.575859769604335,15.383349126929414,1.823333,0.0,0.0,0.0,0.0,0.0
2024-01-06 02:45:00,2.0,20.5,0.962940958718362,20.505162413861985,15.373362199649623,1.823333,0.0,0.0,0.0,0.0,0.0
2024-01-06 03:00:00,2.0,20.5,0.962940958718362,20.43526979115461,15.363310605440793,2.066667,0.0,0.0,0.0,0.0,0.0
2024-01-06 03:15:00,2.0,20.5,0.962940958718362,20.366183244232488,15.35328641230716,2.066667,0.0,0.0,0.0,0.0,0.0
2024-01-06 03:30:00,2.0,20.5,0.962940958718362,20.29781525792813,15.342621341282728,2.066667,0.0,0.0,0.0,0.0,0.0
2024-01-06 03:45:00,2.0,20.5,0.962940958718362,20.230149810407497,15.331334703353843,2.066667,0.0,0.0,0.0,0.0,0.0
2024-01-06 04:00:00,2.0,20.5,0.962940958718362,20.163148585712573,15.319241267872842,1.9833329999999998,0.0,0.0,0.0,0.0,0.0
2024-01-06 04:15:00,2.0,20.6,0.962940958718362,20.479729332914726,15.307446458000976,1.9833329999999998,0.0,0.0,0.0,0.0,0.0
2024-01-06 04:30:00,2.0,20.5,0.962940958718362,20.981247535593816,15.302631969358028,1.9833329999999998,0.0,0.0,0.0,0.0,0.0
2024-01-06 04:45:00,2.0,20.5,0.962940958718362,20.90482798571636,15.299610663981394,1.9833329999999998,0.0,0.0,0.0,0.0,0.0
2024-01-06 05:00:00,2.0,20.5,0.962940958718362,20.82931851774273,15.295947584167756,2.066667,0.0,0.0,0.0,0.0,0.0
2024-01-06 05:15:00,2.0,20.7,0.962940958718362,20.75470482784649,15.291692223667363,2.066667,0.0,0.0,0.0,0.0,0.0
2024-01-06 05:30:00,2.0,20.5,0.962940958718362,20.680942565452526,15.286633203908174,2.066667,0.0,0.0,0.0,0.0,0.0
2024-01-06 05:45:00,2.0,20.5,0.962940958718362,20.60801223821704,15.280794158037919,2.066667,0.0,0.0,0.0,0.0,0.0
2024-01-06 06:00:00,2.0,20.7,0.962940958718362,20.535738169469905,15.272790322276908,1.491667,0.0,0.0,0.0,0.0,0.0
2024-01-06 06:15:00,2.0,20.5,0.962940958718362,20.46405973746906,15.26247349588228,1.491667,0.0,0.0,0.0,0.0,0.0
2024-01-06 06:30:00,2.0,20.5,0.962940958718362,20.393127781171778,15.251490332105998,1.491667,0.0,0.0,0.0,0.0,0.0
2024-01-06 06:45:00,2.0,20.5,0.962940958718362,20.322925649867592,15.239860901681485,1.491667,0.0,0.0,0.0,0.0,0.0
2024-01-06 07:00:00,1.0,20.533333333333335,0.962940958718362,20.25344891653682,15.227319254055855,1.375,0.0,0.0,0.0,0.0,0.0
2024-01-06 07:15:00,1.0,21.0,0.962940958718362,20.773339715757352,15.216024384229927,1.375,0.0,0.0,0.0,0.0,0.0
2024-01-06 07:30:00,1.0,21.0,0.962940958718362,21.475712833485137,15.214095589496132,1.375,0.0,0.0,0.0,0.0,0.0
2024-01-06 07:45:00,1.0,21.0,0.962940958718362,21.4212711766934,15.215507933502233,1.375,0.0,0.0,0.0,0.0,0.0
2024-01-06 08:00:00,1.0,21.0,0.962940958718362,21.338524694183373,15.215247737361796,1.088333,0.0,0.0,0.0,0.0,0.0
2024-01-06 08:15:00,3.0,21.0,0.962940958718362,21.25705443762963,15.213225482848172,1.088333,0.0,0.0,0.0,0.0,0.0
2024-01-06 08:30:00,3.0,21.0,0.962940958718362,21.176543953895557,15.210281184578287,1.088333,0.0,0.0,0.0,0.0,0.0
2024-01-06 08:45:00,3.0,21.0,0.962940958718362,21.09697108530813,15.20644175657507,1.088333,0.0,0.0,0.0,0.0,0.0
2024-01-06 09:00:00,3.0,21.0,0.962940958718362,21.018508981100297,15.20215419415586,1.26,0.0,0.0,0.0,0.0,0.0
2024-01-06 09:15:00,3.0,21.0,0.962940958718362,20.941167871771924,15.197497391911536,1.26,0.0,0.0,0.0,0.0,0.0
2024-01-06 09:30:00,3.0,21.0,0.962940958718362,20.864706492065775,15.192011726431756,1.26,0.0,0.0,0.0,0.0,0.0
2024-01-06 09:45:00,3.0,21.0,0.962940958718362,20.78910471902316,15.185721590818451,1.26,0.0,0.0,0.0,0.0,0.0
2024-01-06 10:00:00,1.0,21.0,0.962940958718362,20.714703751878933,15.178627491933035,1.25,0.0,0.0,0.0,0.0,0.0
2024-01-06 10:15:00,1.0,21.0,0.962940958718362,20.64152964874723,15.170755630145077,1.25,0.0,0.0,0.0,0.0,0.0
2024-01-06 10:30:00,1.0,21.0,0.962940958718362,20.569148115665584,15.162158381578703,1.25,0.0,0.0,0.0,0.0,0.0
2024-01-06 10:45:00,1.0,21.0,0.962940958718362,20.635192275173484,15.153075598508625,1.25,0.0,0.0,0.0,0.0,0.0
2024-01-06 11:00:00,1.0,21.0,0.962940958718362,21.39059039187749,15.151411101524895,2.116667,0.0,0.0,0.0,0.0,0.0
2024-01-06 11:15:00,3.0,21.0,0.962940958718362,21.446440152628803,15.157769951284877,2.116667,0.0,0.0,0.0,0.0,0.0
2024-01-06 11:30:00,3.0,21.0,0.962940958718362,21.365147874056493,15.163378225655604,2.116667,0.0,0.0,0.0,0.0,0.0
2024-01-06 11:45:00,3.0,21.0,0.962940958718362,21.284900757818274,15.167937052388051,2.116667,0.0,0.0,0.0,0.0,0.0
2024-01-06 12:00:00,3.0,21.0,0.962940958718362,21.2052447490128,15.172021612487585,2.3399999999999994,0.0,0.0,0.0,0.0,0.0
2024-01-06 12:15:00,3.0,21.0,0.962940958718362,21.1261103248257,15.175719273911875,2.3399999999999994,0.0,0.0,0.0,0.0,0.0
2024-01-06 12:30:00,3.0,21.0,0.962940958718362,21.047973109159003,15.178425242163275,2.3399999999999994,0.0,0.0,0.0,0.0,0.0
2024-01-06 12:45:00,3.0,21.0,0.962940958718362,20.970809693649432,15.180168052693013,2.3399999999999994,0.0,0.0,0.0,0.0,0.0
2024-01-06 13:00:00,3.0,21.0,0.962940958718362,20.8948329037954,15.183937590656116,3.55,0.0,0.0,0.0,0.0,0.0
2024-01-06 13:15:00,3.0,21.0,0.962940958718362,20.820097310332862,15.190118307682303,3.55,0.0,0.0,0.0,0.0,0.0
2024-01-06 13:30:00,3.0,21.0,0.962940958718362,20.746334337137647,15.195316830038228,3.55,0.0,0.0,0.0,0.0,0.0
2024-01-06 13:45:00,3.0,21.0,0.962940958718362,20.673520981479953,15.199561243345393,3.55,0.0,0.0,0.0,0.0,0.0
2024-01-06 14:00:00,3.0,21.0,0.962940958718362,20.603584776610678,15.20246136708455,3.376667,0.0,0.0,0.0,0.0,0.0
2024-01-06 14:15:00,3.0,21.0,0.962940958718362,20.536743276670382,15.204025666920765,3.376667,0.0,0.0,0.0,0.0,0.0
2024-01-06 14:30:00,1.0,21.0,0.962940958718362,20.917368002188198,15.206193176994553,3.376667,0.0,0.0,0.0,0.0,0.0
2024-01-06 14:45:00,1.0,21.0,0.962940958718362,21.496931308239613,15.216010250869614,3.376667,0.0,0.0,0.0,0.0,0.0
2024-01-06 15:00:00,3.0,21.0,0.962940958718362,21.422810309279168,15.226599415225987,2.853333,0.7427361111111112,0.7279583333333334,1.0,1.0,0.0
2024-01-06 15:15:00,3.0,21.0,0.962940958718362,21.343095075288804,15.234616550390733,2.853333,0.7704444444444445,0.0,1.0,0.0,0.0
2024-01-06 15:30:00,3.0,21.0,0.962940958718362,21.26443361022625,15.24156187118074,2.853333,0.7981527777777778,0.0,1.0,0.0,0.0
2024-01-06 15:45:00,3.0,21.0,0.962940958718362,21.18680090415896,15.247465936686828,2.853333,0.8,0.0,1.0,0.0,0.0
2024-01-06 16:00:00,3.0,21.0,0.962940958718362,21.109082653611285,15.252595413724608,2.951667,0.8,0.0,1.0,0.0,0.0
2024-01-06 16:15:00,3.0,21.0,0.962940958718362,21.031121391149956,15.256989824344572,2.951667,0.8,0.0,1.0,0.0,0.0
2024-01-06 16:30:00,1.0,21.0,0.962940958718362,20.954151175590642,15.260394489178044,2.951667,0.8,0.0,1.0,0.0,0.0
2024-01-06 16:45:00,1.0,21.0,0.962940958718362,20.87814869525276,15.262837838298374,2.951667,0.8,0.0,1.0,0.0,0.0
2024-01-06 17:00:00,3.0,21.0,0.962940958718362,20.802858253718473,15.262254257266784,2.096667,0.8,0.0,1.0,0.0,0.0
2024-01-06 17:15:00,3.0,21.0,0.962940958718362,20.72819509463606,15.258417022830802,2.096667,0.8,0.0,1.0,0.0,0.0
2024-01-06 17:30:00,3.0,21.0,0.962940958718362,20.65438875663474,15.253768452661037,2.096667,0.8,0.0,1.0,0.0,0.0
2024-01-06 17:45:00,1.0,21.0,0.962940958718362,20.581419594231015,15.248332373492154,2.096667,0.8,0.0,1.0,0.0,0.0
2024-01-06 18:00:00,1.0,21.0,0.962940958718362,20.582849240355845,15.240406420834983,1.36,0.8,0.0,1.0,0.0,0.0
2024-01-06 18:15:00,1.0,21.0,0.962940958718362,21.318470144862147,15.234554879168986,1.36,0.8,0.0,1.0,0.0,0.0
2024-01-06 18:30:00,1.0,21.0,0.962940958718362,21.456390377645366,15.23535794684353,1.36,0.8,0.0,1.0,0.0,0.0
2024-01-06 18:45:00,3.0,21.0,0.962940958718362,21.373096336804696,15.235794875255026,1.36,0.8,0.0,1.0,0.0,0.0
2024-01-06 19:00:00,1.0,21.0,0.962940958718362,21.290710095521717,15.234328508627897,0.985,0.8,0.0,1.0,0.0,0.0
2024-01-06 19:15:00,1.0,21.0,0.962940958718362,21.209180690662397,15.230876167169205,0.985,0.8,0.0,1.0,0.0,0.0
2024-01-06 19:30:00,1.0,21.0,0.962940958718362,21.12859536641423,15.22652535677236,0.985,0.8,0.0,1.0,0.0,0.0
2024-01-06 19:45:00,1.0,21.0,0.962940958718362,21.04893242488577,15.221302407178655,0.985,0.8,0.0,1.0,0.0,0.0
2024-01-06 20:00:00,1.0,21.0,0.962940958718362,20.970136668852604,15.214926910281607,0.86,0.8,0.0,1.0,0.0,0.0
2024-01-06 20:15:00,1.0,21.0,0.962940958718362,20.892178354860548,15.207386726331912,0.86,0.8,0.0,1.0,0.0,0.0
2024-01-06 20:30:00,1.0,21.0,0.962940958718362,20.815074139365056,15.19905936605207,0.86,0.8,0.0,1.0,0.0,0.0
2024-01-06 20:45:00,1.0,21.0,0.962940958718362,20.738804686886713,15.18996821422216,0.86,0.8,0.0,1.0,0.0,0.0
2024-01-06 21:00:00,2.0,20.766666666666666,0.962940958718362,20.663311195949927,15.179776948372886,0.713333,0.8,0.0,1.0,0.0,0.0
2024-01-06 21:15:00,1.0,20.866666666666667,0.962940958718362,20.588564575098435,15.168464209005235,0.713333,0.8,0.0,1.0,0.0,0.0
2024-01-06 21:30:00,1.0,21.0,0.962940958718362,20.563791016398454,15.15650504485326,0.713333,0.8,0.0,1.0,0.0,0.0
2024-01-06 21:45:00,2.0,20.533333333333335,0.962940958718362,20.999100952406884,15.14732509392053,0.713333,0.8,0.0,1.0,0.0,0.0
2024-01-06 22:00:00,2.0,20.5,0.962940958718362,20.949148862292635,15.14073200439891,0.68,0.8,0.0,1.0,0.0,0.0
2024-01-06 22:15:00,2.0,20.5,0.962940958718362,20.870485789732705,15.133262876399039,0.68,0.8,0.0,1.0,0.0,0.0
2024-01-06 22:30:00,2.0,20.5,0.962940958718362,20.792686134018705,15.124997093208366,0.68,0.8,0.0,1.0,0.0,0.0
2024-01-06 22:45:00,2.0,20.5,0.962940958718362,20.715730338500688,15.115958309853173,0.68,0.8,0.0,1.0,0.0,0.0
2024-01-06 23:00:00,2.0,20.5,0.962940958718362,20.63963023771537,15.106447022462161,0.793333,0.8,0.0,1.0,0.0,0.0
2024-01-06 23:15:00,2.0,20.5,0.962940958718362,20.56437557990497,15.096519264299712,0.793333,0.8,0.0,1.0,0.0,0.0
2024-01-06 23:30:00,2.0,20.5,0.962940958718362,20.489915009789296,15.085876585548652,0.793333,0.8,0.0,1.0,0.0,0.0
2024-01-06 23:45:00,2.0,20.5,0.962940958718362,20.416230744856595,15.074540440326013,0.793333,0.8,0.0,1.0,0.0,0.0
2024-01-07 00:00:00,2.0,20.5,0.962940958718362,20.343416282237737,15.063527348878129,1.2,0.8,0.0,1.0,0.0,0.0
2024-01-07 00:15:00,2.0,20.5,0.962940958718362,20.271484544008505,15.052978284588136,1.2,0.8,0.0,1.0,0.0,0.0
2024-01-07 00:30:00,2.0,20.5,0.962940958718362,20.20029967350931,15.0417638505779,1.2,0.8,0.0,1.0,0.0,0.0
2024-01-07 00:45:00,2.0,20.5,0.962940958718362,20.129845026400663,15.029904105761155,1.2,0.8,0.0,1.0,0.0,0.0
2024-01-07 01:00:00,2.0,20.5,0.962940958718362,20.060141177512513,15.017749092479146,1.335,0.8,0.0,1.0,0.0,0.0
2024-01-07 01:15:00,2.0,20.5,0.962940958718362,20.16811426267204,15.00568506143801,1.335,0.8,0.0,1.0,0.0,0.0
2024-01-07 01:30:00,2.0,20.5,0.962940958718362,20.920062187831334,14.999539413610622,1.335,0.8,0.0,1.0,0.0,0.0
2024-01-07 01:45:00,2.0,20.5,0.962940958718362,20.942897315592802,14.9985521358199,1.335,0.8,0.0,1.0,0.0,0.0
2024-01-07 02:00:00,2.0,20.5,0.962940958718362,20.863177232471692,14.997836652525873,1.738333,0.8,0.0,1.0,0.0,1.0
2024-01-07 02:15:00,2.0,20.5,0.962940958718362,20.784540256187785,14.997320098643263,1.738333,0.0,0.0,0.0,0.0,0.0
2024-01-07 02:30:00,2.0,20.5,0.962940958718362,20.706846141329674,14.995889207944053,1.738333,0.0,0.0,0.0,0.0,0.0
2024-01-07 02:45:00,2.0,20.5,0.962940958718362,20.63007302268071,14.993570565142027,1.738333,0.0,0.0,0.0,0.0,0.0
2024-01-07 03:00:00,2.0,20.5,0.962940958718362,20.554259101017415,14.990924592188156,1.956667,0.0,0.0,0.0,0.0,0.0
2024-01-07 03:15:00,2.0,20.5,0.962940958718362,20.479399630452345,14.988041252077231,1.956667,0.0,0.0,0.0,0.0,0.0
2024-01-07 03:30:00,2.0,20.5,0.962940958718362,20.405410292555462,14.984328083804915,1.956667,0.0,0.0,0.0,0.0,0.0
2024-01-07 03:45:00,2.0,20.5,0.962940958718362,20.332271069089682,14.9798093841917,1.956667,0.0,0.0,0.0,0.0,0.0
2024-01-07 04:00:00,1.0,20.533333333333335,0.962940958718362,20.259971091234775,14.974586330308925,1.988333,0.0,0.0,0.0,0.0,0.0
2024-01-07 04:15:00,1.0,20.666666666666668,0.962940958718362,20.747626076998838,14.970849585820815,1.988333,0.0,0.0,0.0,0.0,0.0
2024-01-07 04:30:00,1.0,20.8,0.962940958718362,20.9924163270331,14.973465088551837,1.988333,0.0,0.0,0.0,0.0,0.0
2024-01-07 04:45:00,2.0,20.8,0.962940958718362,20.912088809168907,14.976187142989572,1.988333,0.0,0.0,0.0,0.0,0.0
2024-01-07 05:00:00,2.0,20.8,0.962940958718362,20.832730364768224,14.977638501809938,1.873333,0.0,0.0,0.0,0.0,0.0
2024-01-07 05:15:00,2.0,20.6,0.962940958718362,20.754309150352846,14.977813576620962,1.873333,0.0,0.0,0.0,0.0,0.0
2024-01-07 05:30:00,2.0,20.5,0.962940958718362,20.676836128423847,14.977065110182975,1.873333,0.0,0.0,0.0,0.0,0.0
2024-01-07 05:45:00,1.0,20.933333333333334,0.962940958718362,20.600289263850545,14.975419905992869,1.873333,0.0,0.0,0.0,0.0,0.0
2024-01-07 06:00:00,2.0,20.966666666666665,0.962940958718362,20.539195571152757,14.970933007959184,1.066667,0.0,0.0,0.0,0.0,0.0
2024-01-07 06:15:00,2.0,20.5,0.962940958718362,20.963435460542932,14.966072213447143,1.066667,0.0,0.0,0.0,0.0,0.0
2024-01-07 06:30:00,2.0,20.5,0.962940958718362,20.95593347190067,14.964491484746695,1.066667,0.0,0.0,0.0,0.0,0.0
2024-01-07 06:45:00,2.0,20.5,0.962940958718362,20.87539620027951,14.9621157630091,1.066667,0.0,0.0,0.0,0.0,0.0
2024-01-07 07:00:00,2.0,20.5,0.962940958718362,20.79584471770117,14.959104299003751,1.176667,0.0,0.0,0.0,0.0,0.0
2024-01-07 07:15:00,2.0,20.5,0.962940958718362,20.717266737934253,14.955516363268297,1.176667,0.0,0.0,0.0,0.0,0.0
2024-01-07 07:30:00,2.0,20.5,0.962940958718362,20.639595673099063,14.951066905842872,1.176667,0.0,0.0,0.0,0.0,0.0
2024-01-07 07:45:00,1.0,20.8,0.962940958718362,20.562810697579515,14.94578119317908,1.176667,0.0,0.0,0.0,0.0,0.0
2024-01-07 08:00:00,1.0,21.0,0.962940958718362,20.708174674080333,14.940502411780303,1.32,0.0,0.0,0.0,0.0,0.0
2024-01-07 08:15:00,1.0,21.0,0.962940958718362,21.43826823425385,14.941852638696709,1.32,0.0,0.0,0.0,0.0,0.0
2024-01-07 08:30:00,1.0,21.0,0.962940958718362,21.425230710066884,14.94758400534133,1.32,0.0,0.0,0.0,0.0,0.0
2024-01-07 08:45:00,3.0,21.0,0.962940958718362,21.339308575246797,14.952331309276499,1.32,0.0,0.0,0.0,0.0,0.0
2024-01-07 09:00:00,1.0,21.0,0.962940958718362,21.254742212298808,14.955260208294197,1.021667,0.0,0.0,0.0,0.0,0.0
2024-01-07 09:15:00,1.0,21.0,0.962940958718362,21.17152776363684,14.956319249699222,1.021667,0.0,0.0,0.0,0.0,0.0
2024-01-07 09:30:00,1.0,21.0,0.962940958718362,21.089329480596444,14.956383481818717,1.021667,0.76675,0.7482777777777778,1.0,1.0,0.0
2024-01-07 09:45:00,1.0,21.0,0.962940958718362,21.00812369034133,14.955481715519017,1.021667,0.7944583333333334,0.0,1.0,0.0,0.0
2024-01-07 10:00:00,3.0,21.0,0.962940958718362,20.92790724244683,14.954237585562728,1.265,0.8,0.0,1.0,0.0,0.0
2024-01-07 10:15:00,1.0,21.0,0.962940958718362,20.84866965167056,14.952749808153145,1.265,0.8,0.0,1.0,0.0,1.0
2024-01-07 10:30:00,1.0,21.0,0.962940958718362,20.7703710271716,14.95035712549147,1.265,0.0,0.0,0.0,0.0,0.0
2024-01-07 10:45:00,3.0,21.0,0.962940958718362,20.69298965892808,14.947085916509733,1.265,0.0,0.0,0.0,0.0,0.0
2024-01-07 11:00:00,1.0,21.0,0.962940958718362,20.61645387642522,14.944564702420804,1.9199999999999997,0.0,0.0,0.0,0.0,0.0
2024-01-07 11:15:00,1.0,21.0,0.962940958718362,20.540762168665253,14.943008984817167,1.9199999999999997,0.0,0.0,0.0,0.0,0.0
2024-01-07 11:30:00,1.0,21.0,0.962940958718362,20.91260767512108,14.942005534665245,1.9199999999999997,0.0,0.0,0.0,0.0,0.0
2024-01-07 11:45:00,1.0,21.0,0.962940958718362,21.48346130994773,14.94860240337032,1.9199999999999997,0.0,0.0,0.0,0.0,0.0
2024-01-07 12:00:00,1.0,21.0,0.962940958718362,21.402396673255215,14.959204972830864,2.735,0.0,0.0,0.0,0.0,0.0
2024-01-07 12:15:00,1.0,21.0,0.962940958718362,21.3177687910091,14.970890001658697,2.735,0.8,0.7870694444444445,1.0,1.0,0.0
2024-01-07 12:30:00,1.0,21.0,0.962940958718362,21.234296028620754,14.981383301943099,2.735,0.8,0.0,1.0,0.0,0.0
2024-01-07 12:45:00,1.0,21.0,0.962940958718362,21.15195077767025,14.99071865750357,2.735,0.8,0.0,1.0,0.0,0.0
2024-01-07 13:00:00,1.0,21.0,0.962940958718362,21.0708195146514,14.999928679729491,3.143333,0.8,0.0,1.0,0.0,1.0
2024-01-07 13:15:00,1.0,21.0,0.962940958718362,20.99090623488323,15.009166560212613,3.143333,0.0,0.0,0.0,0.0,0.0
2024-01-07 13:30:00,1.0,21.0,0.962940958718362,20.91206311785081,15.017309584966748,3.143333,0.0,0.0,0.0,0.0,0.0
2024-01-07 13:45:00,1.0,21.0,0.962940958718362,20.834264691494774,15.024388896547178,3.143333,0.0,0.0,0.0,0.0,0.0
2024-01-07 14:00:00,1.0,21.0,0.962940958718362,20.75753707821183,15.03032893340821,3.1,0.0,0.0,0.0,0.0,0.0
2024-01-07 14:15:00,1.0,21.0,0.962940958718362,20.681860861251796,15.035147394289778,3.1,0.0,0.0,0.0,0.0,0.0
2024-01-07 14:30:00,1.0,21.0,0.962940958718362,20.607152985859614,15.038995736751295,3.1,0.0,0.0,0.0,0.0,0.0
2024-01-07 14:45:00,1.0,21.0,0.962940958718362,20.53339063946765,15.041901791248701,3.1,0.7907638888888889,0.7889166666666667,0.0,1.0,0.0
2024-01-07 15:00:00,1.0,21.0,0.962940958718362,21.04869544168738,15.043242126866307,1.946667,0.0,0.0,0.0,0.0,0.0
2024-01-07 15:15:00,1.0,21.0,0.962940958718362,21.481533542482623,15.049150299493192,1.946667,0.0,0.0,0.0,0.0,0.0
2024-01-07 15:30:00,1.0,21.0,0.962940958718362,21.396219699290928,15.056112005805346,1.946667,0.0,0.0,0.0,0.0,0.0
2024-01-07 15:45:00,1.0,21.0,0.962940958718362,21.3120150667322,15.061954087895543,1.946667,0.0,0.0,0.0,0.0,0.0
2024-01-07 16:00:00,3.0,21.0,0.962940958718362,21.228958058986738,15.067589836846057,2.306667,0.0,0.0,0.0,0.0,0.0
2024-01-07 16:15:00,1.0,21.0,0.962940958718362,21.14704528551117,15.073156669741843,2.306667,0.0,0.0,0.0,0.0,0.0
2024-01-07 16:30:00,1.0,21.0,0.962940958718362,21.06618468548091,15.077667474418458,2.306667,0.0,0.0,0.0,0.0,0.0
2024-01-07 16:45:00,1.0,21.0,0.962940958718362,20.986351449311233,15.081152523340307,2.306667,0.0,0.0,0.0,0.0,0.0
2024-01-07 17:00:00,1.0,21.0,0.962940958718362,20.90755729373986,15.083963640620592,2.438333,0.0,0.0,0.0,0.0,0.0
2024-01-07 17:15:00,1.0,21.0,0.962940958718362,20.829788332193495,15.086168572648711,2.438333,0.0,0.0,0.0,0.0,0.0
2024-01-07 17:30:00,1.0,21.0,0.962940958718362,20.752982979815233,15.08742317259809,2.438333,0.0,0.0,0.0,0.0,0.0
2024-01-07 17:45:00,1.0,21.0,0.962940958718362,20.677118708123295,15.0877548795899,2.438333,0.0,0.0,0.0,0.0,0.0
2024-01-07 18:00:00,1.0,21.0,0.962940958718362,20.602028239087783,15.085884648509364,1.905,0.0,0.0,0.0,0.0,0.0
2024-01-07 18:15:00,1.0,21.0,0.962940958718362,20.53257522665444,15.081680248519934,1.905,0.0,0.0,0.0,0.0,0.0
2024-01-07 18:30:00,1.0,21.0,0.962940958718362,21.111244529171074,15.079312511051636,1.905,0.0,0.0,0.0,0.0,0.0
2024-01-07 18:45:00,1.0,21.0,0.962940958718362,21.475125683104363,15.084717685923632,1.905,0.0,0.0,0.0,0.0,0.0
2024-01-07 19:00:00,1.0,21.0,0.962940958718362,21.39003740164747,15.089313222900477,1.305,0.0,0.0,0.0,0.0,0.0
2024-01-07 19:15:00,1.0,21.0,0.962940958718362,21.305835880427065,15.091161946504428,1.305,0.0,0.0,0.0,0.0,0.0
2024-01-07 19:30:00,1.0,21.0,0.962940958718362,21.22267149344128,15.09199087256261,1.305,0.0,0.0,0.0,0.0,0.0
2024-01-07 19:45:00,1.0,21.0,0.962940958718362,21.14052002819536,15.091829482148263,1.305,0.0,0.0,0.0,0.0,0.0
2024-01-07 20:00:00,1.0,21.0,0.962940958718362,21.05937152780495,15.090828886329463,1.355,0.0,0.0,0.0,0.0,0.0
2024-01-07 20:15:00,1.0,21.0,0.962940958718362,20.979206687209018,15.089031851810006,1.355,0.0,0.0,0.0,0.0,0.0
2024-01-07 20:30:00,1.0,21.0,0.962940958718362,20.899988452763044,15.086324275464529,1.355,0.0,0.0,0.0,0.0,0.0
2024-01-07 20:45:00,1.0,21.0,0.962940958718362,20.82169495760457,15.082732721562842,1.355,0.0,0.0,0.0,0.0,0.0
2024-01-07 21:00:00,1.0,21.0,0.962940958718362,20.744450239590392,15.079588801003917,1.888333,0.0,0.0,0.0,0.0,0.0
2024-01-07 21:15:00,1.0,21.0,0.962940958718362,20.668272629872963,15.077075910758818,1.888333,0.0,0.0,0.0,0.0,0.0
2024-01-07 21:30:00,2.0,20.666666666666668,0.962940958718362,20.5929853064868,15.073711432311335,1.888333,0.0,0.0,0.0,0.0,0.0
2024-01-07 21:45:00,2.0,20.5,0.962940958718362,20.518567758402963,15.069520268338168,1.888333,0.0,0.0,0.0,0.0,0.0
2024-01-07 22:00:00,2.0,20.5,0.962940958718362,20.44507494674387,15.065199938024978,2.163333,0.0,0.0,0.0,0.0,0.0
2024-01-07 22:15:00,2.0,20.5,0.962940958718362,20.372507561241147,15.06085562168516,2.163333,0.0,0.0,0.0,0.0,0.0
2024-01-07 22:30:00,2.0,20.5,0.962940958718362,20.30076589324574,15.05573317684007,2.163333,0.0,0.0,0.0,0.0,0.0
2024-01-07 22:45:00,2.0,20.5,0.962940958718362,20.229831053502473,15.049855501566102,2.163333,0.0,0.0,0.0,0.0,0.0
2024-01-07 23:00:00,2.0,20.5,0.962940958718362,20.159480264268872,15.041408665725864,1.413333,0.0,0.0,0.0,0.0,0.0
2024-01-07 23:15:00,2.0,20.5,0.962940958718362,20.0896406541192,15.030191853169239,1.413333,0.0,0.0,0.0,0.0,0.0
2024-01-07 23:30:00,2.0,20.5,0.962940958718362,20.035283306129013,15.01834946856076,1.413333,0.0,0.0,0.0,0.0,0.0
2024-01-07 23:45:00,2.0,20.5,0.962940958718362,20.672689814335975,15.009045588745417,1.413333,0.0,0.0,0.0,0.0,0.0
2024-01-08 00:00:00,2.0,20.5,0.962940958718362,20.97688995037042,15.005051386425453,0.405,0.0,0.0,0.0,0.0,0.0
2024-01-08 00:15:00,2.0,20.5,0.962940958718362,20.89617244487534,14.998771766796635,0.405,0.0,0.0,0.0,0.0,0.0
2024-01-08 00:30:00,2.0,20.5,0.962940958718362,20.816356789756718,14.991651188987456,0.405,0.0,0.0,0.0,0.0,0.0
2024-01-08 00:45:00,2.0,20.5,0.962940958718362,20.73742245640754,14.983714511026793,0.405,0.0,0.0,0.0,0.0,0.0
2024-01-08 01:00:00,2.0,20.5,0.962940958718362,20.65933809459227,14.974883915190876,0.363333,0.0,0.0,0.0,0.0,0.0
2024-01-08 01:15:00,2.0,20.5,0.962940958718362,20.58208117455577,14.965170589600442,0.363333,0.0,0.0,0.0,0.0,0.0
2024-01-08 01:30:00,2.0,20.5,0.962940958718362,20.505644960282456,14.954715200279265,0.363333,0.0,0.0,0.0,0.0,0.0
2024-01-08 01:45:00,2.0,20.5,0.962940958718362,20.430011036718458,14.943539974438277,0.363333,0.0,0.0,0.0,0.0,0.0
2024-01-08 02:00:00,2.0,20.5,0.962940958718362,20.35521778386557,14.932172526769438,0.57,0.0,0.0,0.0,0.0,0.0
2024-01-08 02:15:00,2.0,20.5,0.962940958718362,20.281262870375357,14.920695227284837,0.57,0.0,0.0,0.0,0.0,0.0
2024-01-08 02:30:00,2.0,20.5,0.962940958718362,20.208068586403563,14.908544560973326,0.57,0.0,0.0,0.0,0.0,0.0
2024-01-08 02:45:00,2.0,20.5,0.962940958718362,20.13561802982685,14.895740884009474,0.57,0.0,0.0,0.0,0.0,0.0
2024-01-08 03:00:00,2.0,20.5,0.962940958718362,20.063971491766928,14.882993611349825,0.8516670000000001,0.0,0.0,0.0,0.0,0.0
2024-01-08 03:15:00,2.0,20.5,0.962940958718362,20.170065609023606,14.870732788138383,0.8516670000000001,0.0,0.0,0.0,0.0,0.0
2024-01-08 03:30:00,2.0,20.5,0.962940958718362,20.920154979210672,14.864371630973125,0.8516670000000001,0.0,0.0,0.0,0.0,0.0
2024-01-08 03:45:00,2.0,20.5,0.962940958718362,20.941151503918146,14.863150683937894,0.8516670000000001,0.0,0.0,0.0,0.0,0.0
2024-01-08 04:00:00,1.0,20.666666666666668,0.962940958718362,20.859553731934735,14.861657531423951,1.04,0.0,0.0,0.0,0.0,0.0
2024-01-08 04:15:00,2.0,20.733333333333334,0.962940958718362,20.778983791105798,14.859756050151166,1.04,0.0,0.0,0.0,0.0,0.0
2024-01-08 04:30:00,2.0,20.5,0.962940958718362,20.699364145921056,14.856941044169037,1.04,0.0,0.0,0.0,0.0,0.0
2024-01-08 04:45:00,2.0,20.5,0.962940958718362,20.620672850783397,14.853239171678288,1.04,0.0,0.0,0.0,0.0,0.0
2024-01-08 05:00:00,2.0,20.5,0.962940958718362,20.542727298223927,14.847227808159607,0.448333,0.0,0.0,0.0,0.0,0.0
2024-01-08 05:15:00,2.0,20.5,0.962940958718362,20.465463319012347,14.838756675010051,0.448333,0.0,0.0,0.0,0.0,0.0
2024-01-08 05:30:00,1.0,20.8,0.962940958718362,20.565966419644475,14.8298495122422,0.448333,0.0,0.0,0.0,0.0,0.0
2024-01-08 05:45:00,2.0,20.5,0.962940958718362,20.97228565045432,14.825279537315833,0.448333,0.0,0.0,0.0,0.0,0.0
2024-01-08 06:00:00,2.0,20.5,0.962940958718362,20.889614789744023,14.822472280700886,0.55,0.0,0.0,0.0,0.0,0.0
2024-01-08 06:15:00,2.0,20.5,0.962940958718362,20.807941814603964,14.819025180252241,0.55,0.0,0.0,0.0,0.0,0.0
2024-01-08 06:30:00,2.0,20.5,0.962940958718362,20.727214712433742,14.814677836582035,0.55,0.0,0.0,0.0,0.0,0.0
2024-01-08 06:45:00,2.0,20.5,0.962940958718362,20.647411743361907,14.809456630581998,0.55,0.0,0.0,0.0,0.0,0.0
2024-01-08 07:00:00,2.0,20.5,0.962940958718362,20.568552621463592,14.803652509896004,0.658333,0.0,0.0,0.0,0.0,0.0
2024-01-08 07:15:00,2.0,20.5,0.962940958718362,20.490626093899188,14.79732279779206,0.658333,0.0,0.0,0.0,0.0,0.0
2024-01-08 07:30:00,2.0,20.5,0.962940958718362,20.41356716776312,14.79018574030063,0.658333,0.0,0.0,0.0,0.0,0.0
2024-01-08 07:45:00,2.0,20.5,0.962940958718362,20.337356113279558,14.78226522298685,0.658333,0.0,0.0,0.0,0.0,0.0
2024-01-08 08:00:00,1.0,20.8,0.962940958718362,20.439248538957056,14.774031158163174,0.706667,0.0,0.0,0.0,0.0,0.0
2024-01-08 08:15:00,1.0,21.0,0.962940958718362,21.31335485025876,14.772004571673072,0.706667,0.0,0.0,0.0,0.0,0.0
2024-01-08 08:30:00,1.0,21.0,0.962940958718362,21.495235190638393,14.777551057596291,0.706667,0.0,0.0,0.0,0.0,0.0
2024-01-08 08:45:00,3.0,21.0,0.962940958718362,21.406561909175714,14.782799197439894,0.706667,0.0,0.0,0.0,0.0,0.0
2024-01-08 09:00:00,1.0,21.0,0.962940958718362,21.31927587125505,14.78672652807599,0.628333,0.0,0.0,0.0,0.0,0.0
2024-01-08 09:15:00,3.0,21.0,0.962940958718362,21.233379890973517,14.789346892055088,0.628333,0.0,0.0,0.0,0.0,0.0
2024-01-08 09:30:00,1.0,21.0,0.962940958718362,21.148550341472728,14.79091447254361,0.628333,0.0,0.0,0.0,0.0,0.0
2024-01-08 09:45:00,1.0,21.0,0.962940958718362,21.064762278370665,14.791459654305479,0.628333,0.0,0.0,0.0,0.0,0.0
2024-01-08 10:00:00,1.0,21.0,0.962940958718362,20.98195530392581,14.791040443118476,0.64,0.0,0.0,0.0,0.0,0.0
2024-01-08 10:15:00,1.0,21.0,0.962940958718362,20.900101652521332,14.789688434992291,0.64,0.0,0.0,0.0,0.0,0.0
2024-01-08 10:30:00,3.0,21.0,0.962940958718362,20.81922008877177,14.787398508168884,0.64,0.0,0.0,0.0,0.0,0.0
2024-01-08 10:45:00,3.0,21.0,0.962940958718362,20.739288124304366,14.784197990636551,0.64,0.0,0.0,0.0,0.0,0.0
2024-01-08 11:00:00,1.0,21.0,0.962940958718362,20.660051332012223,14.780736760846674,0.895,0.0,0.0,0.0,0.0,0.0
2024-01-08 11:15:00,1.0,21.0,0.962940958718362,20.581468942439503,14.777111331487585,0.895,0.0,0.0,0.0,0.0,0.0
2024-01-08 11:30:00,1.0,21.0,0.962940958718362,20.607059267146273,14.772761430665518,0.895,0.0,0.0,0.0,0.0,0.0
2024-01-08 11:45:00,1.0,21.0,0.962940958718362,21.35181671849243,14.772990647041365,0.895,0.0,0.0,0.0,0.0,0.0
2024-01-08 12:00:00,1.0,21.0,0.962940958718362,21.440429279185746,14.779999181137157,1.2050000000000003,0.0,0.0,0.0,0.0,0.0
2024-01-08 12:15:00,3.0,21.0,0.962940958718362,21.352490449661975,14.787168116216469,1.2050000000000003,0.0,0.0,0.0,0.0,0.0
2024-01-08 12:30:00,3.0,21.0,0.962940958718362,21.265694879619254,14.793183096155701,1.2050000000000003,0.0,0.0,0.0,0.0,0.0
2024-01-08 12:45:00,3.0,21.0,0.962940958718362,21.18001553707178,14.798077124518125,1.2050000000000003,0.0,0.0,0.0,0.0,0.0
2024-01-08 13:00:00,3.0,21.0,0.962940958718362,21.09547964614508,14.802739085684765,1.555,0.0,0.0,0.0,0.0,0.0
2024-01-08 13:15:00,3.0,21.0,0.962940958718362,21.012081930340777,14.807303392502979,1.555,0.0,0.0,0.0,0.0,0.0
2024-01-08 13:30:00,3.0,21.0,0.962940958718362,20.929742803509807,14.810811252944665,1.555,0.0,0.0,0.0,0.0,0.0
2024-01-08 13:45:00,3.0,21.0,0.962940958718362,20.84843737386442,14.81329302188106,1.555,0.0,0.0,0.0,0.0,0.0
2024-01-08 14:00:00,1.0,21.0,0.962940958718362,20.76810918467631,14.815014714909884,1.651667,0.0,0.0,0.0,0.0,0.0
2024-01-08 14:15:00,1.0,21.0,0.962940958718362,20.688734316095545,14.816032796984652,1.651667,0.0,0.0,0.0,0.0,0.0
2024-01-08 14:30:00,1.0,21.0,0.962940958718362,20.610328817149032,14.816101836893981,1.651667,0.0,0.0,0.0,0.0,0.0
2024-01-08 14:45:00,1.0,21.0,0.962940958718362,20.53287010465039,14.815249319489594,1.651667,0.0,0.0,0.0,0.0,0.0
2024-01-08 15:00:00,1.0,21.0,0.962940958718362,21.044998962094986,14.816687445923694,2.065,0.0,0.0,0.0,0.0,0.0
2024-01-08 15:15:00,3.0,21.0,0.962940958718362,21.47530815467014,14.827015774420305,2.065,0.0,0.0,0.0,0.0,0.0
2024-01-08 15:30:00,1.0,21.0,0.962940958718362,21.387546623288593,14.838292938466301,2.065,0.0,0.0,0.0,0.0,0.0
2024-01-08 15:45:00,1.0,21.0,0.962940958718362,21.300973341527712,14.84834851034859,2.065,0.0,0.0,0.0,0.0,0.0
2024-01-08 16:00:00,1.0,21.0,0.962940958718362,21.215660046472927,14.858229085814637,2.478333,0.0,0.0,0.0,0.0,0.0
2024-01-08 16:15:00,3.0,21.0,0.962940958718362,21.13160782735729,14.868090841443342,2.478333,0.7741388888888889,0.7593611111111112,1.0,1.0,0.0
2024-01-08 16:30:00,3.0,21.0,0.962940958718362,21.048682866026063,14.876798567792834,2.478333,0.8,0.0,1.0,0.0,0.0
2024-01-08 16:45:00,3.0,21.0,0.962940958718362,20.966858322709964,14.884385081843995,2.478333,0.8,0.0,1.0,0.0,0.0
2024-01-08 17:00:00,1.0,21.0,0.962940958718362,20.886218422649275,14.891873886253137,2.883333,0.8,0.0,1.0,0.0,0.0
2024-01-08 17:15:00,1.0,21.0,0.962940958718362,20.806767381469605,14.899416232284954,2.883333,0.8,0.0,1.0,0.0,0.0
2024-01-08 17:30:00,1.0,21.0,0.962940958718362,20.72836147487578,14.905897922607476,2.883333,0.8,0.0,1.0,0.0,0.0
2024-01-08 17:45:00,1.0,21.0,0.962940958718362,20.650975925123554,14.91134922558778,2.883333,0.8,0.0,1.0,0.0,0.0
2024-01-08 18:00:00,1.0,21.0,0.962940958718362,20.574638830958797,14.916268861564305,3.075,0.8,0.0,1.0,0.0,0.0
2024-01-08 18:15:00,1.0,21.0,0.962940958718362,20.636991739712162,14.920960613132566,3.075,0.8,0.0,1.0,0.0,0.0
2024-01-08 18:30:00,1.0,21.0,0.962940958718362,21.38846134202696,14.930671009517875,3.075,0.8,0.0,1.0,0.0,0.0
2024-01-08 18:45:00,1.0,21.0,0.962940958718362,21.440050500190942,14.945751675757469,3.075,0.8,0.0,1.0,0.0,0.0
2024-01-08 19:00:00,1.0,21.0,0.962940958718362,21.35473083264275,14.960618226728853,3.375,0.8,0.0,1.0,0.0,0.0
2024-01-08 19:15:00,1.0,21.0,0.962940958718362,21.27070742201039,14.97506593263732,3.375,0.8,0.0,1.0,0.0,0.0
2024-01-08 19:30:00,1.0,21.0,0.962940958718362,21.187863531275923,14.988282122032214,3.375,0.8,0.0,1.0,0.0,0.0
2024-01-08 19:45:00,1.0,21.0,0.962940958718362,21.106170801178166,15.00030154037776,3.375,0.8,0.0,1.0,0.0,0.0
2024-01-08 20:00:00,1.0,21.0,0.962940958718362,21.02565020993195,15.011594621583003,3.553333,0.8,0.0,1.0,0.0,0.0
2024-01-08 20:15:00,1.0,21.0,0.962940958718362,20.946287926249774,15.022247198128877,3.553333,0.8,0.0,1.0,0.0,0.0
2024-01-08 20:30:00,1.0,21.0,0.962940958718362,20.868005386604004,15.031787379014848,3.553333,0.8,0.0,1.0,0.0,0.0
2024-01-08 20:45:00,1.0,21.0,0.962940958718362,20.79077680211612,15.040246716928714,3.553333,0.8,0.0,1.0,0.0,0.0
2024-01-08 21:00:00,1.0,21.0,0.962940958718362,20.714681063364473,15.048590358062826,3.935,0.8,0.0,1.0,0.0,0.0
2024-01-08 21:15:00,1.0,21.0,0.962940958718362,20.63972167366984,15.056961433654939,3.935,0.8,0.0,1.0,0.0,0.0
2024-01-08 21:30:00,1.0,20.9,0.962940958718362,20.565762732075317,15.064310516218614,3.935,0.8,0.0,1.0,0.0,0.0
2024-01-08 21:45:00,1.0,21.0,0.962940958718362,20.66971248209717,15.07099389091585,3.935,0.8,0.0,1.0,0.0,0.0
2024-01-08 22:00:00,2.0,20.6,0.962940958718362,21.270778091543075,15.083224077392321,4.148333,0.8,0.0,1.0,0.0,0.0
2024-01-08 22:15:00,2.0,20.5,0.962940958718362,21.21886042836225,15.098960158545315,4.148333,0.8,0.0,1.0,0.0,0.0
2024-01-08 22:30:00,2.0,20.5,0.962940958718362,21.13852235588212,15.113510969205711,4.148333,0.8,0.0,1.0,0.0,0.0
2024-01-08 22:45:00,2.0,20.5,0.962940958718362,21.059320520997574,15.126871775033907,4.148333,0.8,0.0,1.0,0.0,0.0
2024-01-08 23:00:00,2.0,20.5,0.962940958718362,20.98131567315873,15.139867724508253,4.471667,0.8,0.0,1.0,0.0,0.0
2024-01-08 23:15:00,2.0,20.5,0.962940958718362,20.904504856140083,15.15262738688882,4.471667,0.8,0.0,1.0,0.0,0.0
2024-01-08 23:30:00,2.0,20.5,0.962940958718362,20.82876717100929,15.164268846650913,4.471667,0.8,0.0,1.0,0.0,0.0
2024-01-08 23:45:00,2.0,20.5,0.962940958718362,20.754076842049088,15.174823677410116,4.471667,0.8,0.0,1.0,0.0,0.0
2024-01-09 00:00:00,2.0,20.5,0.962940958718362,20.680514135335038,15.18526928509021,4.858333,0.8,0.0,1.0,0.0,0.0
2024-01-09 00:15:00,2.0,20.5,0.962940958718362,20.608082933771435,15.19575030456103,4.858333,0.8,0.0,1.0,0.0,0.0
2024-01-09 00:30:00,2.0,20.5,0.962940958718362,20.536645881811694,15.20520320228089,4.858333,0.8,0.0,1.0,0.0,0.0
2024-01-09 00:45:00,2.0,20.5,0.962940958718362,20.466179190093502,15.213657096000581,4.858333,0.8,0.0,1.0,0.0,0.0
2024-01-09 01:00:00,2.0,20.5,0.962940958718362,20.396769601028364,15.222127808879813,5.261667,0.8,0.0,1.0,0.0,0.0
2024-01-09 01:15:00,2.0,20.5,0.962940958718362,20.328424102189263,15.230762593252766,5.261667,0.8,0.0,1.0,0.0,0.0
2024-01-09 01:30:00,2.0,20.5,0.962940958718362,20.26100227739943,15.23844854842891,5.261667,0.8,0.0,1.0,0.0,0.0
2024-01-09 01:45:00,2.0,20.5,0.962940958718362,20.194482097251594,15.245212619234936,5.261667,0.8,0.0,1.0,0.0,0.0
2024-01-09 02:00:00,2.0,20.5,0.962940958718362,20.128496479328383,15.247975784530682,3.993333,0.8,0.0,1.0,0.0,0.0
2024-01-09 02:15:00,2.0,20.5,0.962940958718362,20.062931601542722,15.246387287507106,3.993333,0.8,0.0,1.0,0.0,0.0
2024-01-09 02:30:00,2.0,20.5,0.962940958718362,20.135790574516786,15.244274333946255,3.993333,0.8,0.0,1.0,0.0,0.0
2024-01-09 02:45:00,2.0,20.5,0.962940958718362,20.89756141798913,15.247418832251578,3.993333,0.8,0.0,1.0,0.0,0.0
2024-01-09 03:00:00,2.0,20.5,0.962940958718362,20.959119131700838,15.254970369381514,3.505,0.8,0.0,1.0,0.0,0.0
2024-01-09 03:15:00,2.0,20.5,0.962940958718362,20.88332287755194,15.26045890834744,3.505,0.8,0.0,1.0,0.0,0.0
2024-01-09 03:30:00,2.0,20.5,0.962940958718362,20.808504100357435,15.264964548308788,3.505,0.8,0.0,1.0,0.0,0.0
2024-01-09 03:45:00,2.0,20.5,0.962940958718362,20.734639730709542,15.26851544385151,3.505,0.8,0.0,1.0,0.0,0.0
2024-01-09 04:00:00,2.0,20.5,0.962940958718362,20.661824023601817,15.272187684581803,3.933333,0.8,0.0,1.0,0.0,0.0
2024-01-09 04:15:00,2.0,20.8,0.962940958718362,20.590066479220372,15.276135025302882,3.933333,0.8,0.0,1.0,0.0,0.0
2024-01-09 04:30:00,1.0,20.633333333333333,0.962940958718362,20.53398829976138,15.279176937996814,3.933333,0.8,0.0,1.0,0.0,0.0
2024-01-09 04:45:00,1.0,20.9,0.962940958718362,21.08136761155507,15.28435200347457,3.933333,0.8,0.0,1.0,0.0,0.0
2024-01-09 05:00:00,2.0,20.566666666666666,0.962940958718362,21.180286029615115,15.294624761456342,3.926667,0.8,0.0,1.0,0.0,0.0
2024-01-09 05:15:00,2.0,20.7,0.962940958718362,21.10252646942285,15.304242578649829,3.926667,0.8,0.0,1.0,0.0,0.0
2024-01-09 05:30:00,1.0,20.633333333333333,0.962940958718362,21.025815445065636,15.312784374497936,3.926667,0.8,0.0,1.0,0.0,0.0
2024-01-09 05:45:00,2.0,20.766666666666666,0.962940958718362,20.950127961488274,15.320280718055276,3.926667,0.8,0.0,1.0,0.0,0.0
2024-01-09 06:00:00,1.0,20.533333333333335,0.962940958718362,20.8754519386419,15.326871539268916,3.9716670000000005,0.8,0.0,1.0,0.0,0.0
2024-01-09 06:15:00,1.0,21.0,0.962940958718362,20.80176696583344,15.332599154853078,3.9716670000000005,0.8,0.0,1.0,0.0,0.0
2024-01-09 06:30:00,2.0,20.666666666666668,0.962940958718362,20.729036739176287,15.337364598094858,3.9716670000000005,0.8,0.0,1.0,0.0,0.0
2024-01-09 06:45:00,2.0,20.5,0.962940958718362,20.657238701293902,15.341195405008342,3.9716670000000005,0.8,0.0,1.0,0.0,0.0
2024-01-09 07:00:00,1.0,20.833333333333332,0.962940958718362,20.586212841796073,15.34277593762418,3.423333,0.8,0.0,1.0,0.0,0.0
2024-01-09 07:15:00,1.0,21.0,0.962940958718362,20.545427617491946,15.341985416256506,3.423333,0.8,0.0,1.0,0.0,0.0
2024-01-09 07:30:00,1.0,21.0,0.962940958718362,21.22553228745772,15.344076766213362,3.423333,0.8,0.0,1.0,0.0,0.0
2024-01-09 07:45:00,3.0,21.0,0.962940958718362,21.469714021896014,15.353475990396795,3.423333,0.8,0.0,1.0,0.0,0.0
2024-01-09 08:00:00,3.0,21.0,0.962940958718362,21.38908723682544,15.361726328432496,2.96,0.8,0.0,1.0,0.0,0.0
2024-01-09 08:15:00,1.0,21.0,0.962940958718362,21.309777953196747,15.367603537231929,2.96,0.8,0.0,1.0,0.0,0.0
2024-01-09 08:30:00,1.0,21.0,0.962940958718362,21.23149299145364,15.37245001242923,2.96,0.8,0.0,1.0,0.0,0.0
2024-01-09 08:45:00,1.0,21.0,0.962940958718362,21.15420816822991,15.376295270285427,2.96,0.8,0.0,1.0,0.0,0.0
2024-01-09 09:00:00,1.0,21.0,0.962940958718362,21.07810431740188,15.378895454410564,2.848333,0.8,0.0,1.0,0.0,0.0
2024-01-09 09:15:00,1.0,21.0,0.962940958718362,21.003179955630753,15.38024931554199,2.848333,0.8,0.0,1.0,0.0,0.0
2024-01-09 09:30:00,3.0,21.0,0.962940958718362,20.92917511834192,15.380700679767408,2.848333,0.8,0.0,1.0,0.0,0.0
2024-01-09 09:45:00,3.0,21.0,0.962940958718362,20.856068357715102,15.3802756569251,2.848333,0.8,0.0,1.0,0.0,1.0
2024-01-09 10:00:00,3.0,21.0,0.962940958718362,20.7836934467472,15.379407056956383,3.015,0.0,0.0,0.0,0.0,0.0
2024-01-09 10:15:00,1.0,21.0,0.962940958718362,20.71201817459719,15.378165886539376,3.015,0.0,0.0,0.0,0.0,0.0
2024-01-09 10:30:00,1.0,21.0,0.962940958718362,20.641193455314,15.376104398320429,3.015,0.0,0.0,0.0,0.0,0.0
2024-01-09 10:45:00,3.0,21.0,0.962940958718362,20.571199616001028,15.373246497882244,3.015,0.0,0.0,0.0,0.0,0.0
2024-01-09 11:00:00,3.0,21.0,0.962940958718362,20.605360933066834,15.370739284272013,3.418333,0.0,0.0,0.0,0.0,0.0
2024-01-09 11:15:00,1.0,21.0,0.962940958718362,21.358699400375208,15.374002859839935,3.418333,0.0,0.0,0.0,0.0,0.0
2024-01-09 11:30:00,1.0,21.0,0.962940958718362,21.45579420374093,15.383336206199239,3.418333,0.0,0.0,0.0,0.0,0.0
2024-01-09 11:45:00,1.0,21.0,0.962940958718362,21.376224394260024,15.392027700540648,3.418333,0.76675,0.7538194444444445,1.0,1.0,0.0
2024-01-09 12:00:00,1.0,21.0,0.962940958718362,21.297870723849663,15.400637518469697,3.826667,0.7944583333333334,0.0,1.0,0.0,0.0
2024-01-09 12:15:00,1.0,21.0,0.962940958718362,21.22074361043964,15.409318350634647,3.826667,0.8,0.0,1.0,0.0,0.0
2024-01-09 12:30:00,3.0,21.0,0.962940958718362,21.14464665310901,15.416946486624937,3.826667,0.8,0.0,1.0,0.0,0.0
2024-01-09 12:45:00,3.0,21.0,0.962940958718362,21.069555346146544,15.423551883901613,3.826667,0.8,0.0,1.0,0.0,0.0
2024-01-09 13:00:00,3.0,21.0,0.962940958718362,20.995781719497213,15.43064142650198,4.429999999999999,0.8,0.0,1.0,0.0,0.0
2024-01-09 13:15:00,1.0,21.0,0.962940958718362,20.923368377782815,15.438425354748931,4.429999999999999,0.8,0.0,1.0,0.0,0.0
2024-01-09 13:30:00,1.0,21.0,0.962940958718362,20.85191802934473,15.445227141615113,4.429999999999999,0.8,0.0,1.0,0.0,0.0
2024-01-09 13:45:00,1.0,21.0,0.962940958718362,20.781407788218086,15.451074758808465,4.429999999999999,0.8,0.0,1.0,0.0,0.0
2024-01-09 14:00:00,1.0,21.0,0.962940958718362,20.71334776627056,15.456465688250436,4.62,0.8,0.0,1.0,0.0,0.0
2024-01-09 14:15:00,1.0,21.0,0.962940958718362,20.647917053653153,15.461507474718399,4.62,0.8,0.0,1.0,0.0,0.0
2024-01-09 14:30:00,3.0,21.0,0.962940958718362,20.583333628376888,15.46569562266461,4.62,0.8,0.0,1.0,0.0,0.0
2024-01-09 14:45:00,3.0,21.0,0.962940958718362,20.534345771864135,15.469058471465582,4.62,0.8,0.0,1.0,0.0,0.0
2024-01-09 15:00:00,3.0,21.0,0.962940958718362,21.175921191773647,15.474731770276385,4.608333,0.8,0.0,1.0,0.0,0.0
2024-01-09 15:15:00,3.0,21.0,0.962940958718362,21.483195051955743,15.487934740263311,4.608333,0.8,0.0,1.0,0.0,0.0
2024-01-09 15:30:00,3.0,21.0,0.962940958718362,21.406035118253627,15.501403044940126,4.608333,0.8,0.0,1.0,0.0,1.0
2024-01-09 15:45:00,1.0,21.0,0.962940958718362,21.32996065816967,15.51373702284777,4.608333,0.0,0.0,0.0,0.0,0.0
2024-01-09 16:00:00,1.0,21.0,0.962940958718362,21.25397241646774,15.52308086433341,3.838333,0.0,0.0,0.0,0.0,0.0
2024-01-09 16:15:00,1.0,21.0,0.962940958718362,21.17789220782986,15.529224550013208,3.838333,0.0,0.0,0.0,0.0,0.0
2024-01-09 16:30:00,1.0,21.0,0.962940958718362,21.102800417970574,15.534370885304474,3.838333,0.0,0.0,0.0,0.0,0.0
2024-01-09 16:45:00,1.0,21.0,0.962940958718362,21.028673679679247,15.53854839848272,3.838333,0.0,0.0,0.0,0.0,0.0
2024-01-09 17:00:00,1.0,21.0,0.962940958718362,20.955283493348368,15.53993640004456,3.083333,0.0,0.0,0.0,0.0,0.0
2024-01-09 17:15:00,1.0,21.0,0.962940958718362,20.882552377365446,15.538337928321997,3.083333,0.0,0.0,0.0,0.0,0.0
2024-01-09 17:30:00,1.0,21.0,0.962940958718362,20.81068045450173,15.535912808014682,3.083333,0.0,0.0,0.0,0.0,0.0
2024-01-09 17:45:00,1.0,21.0,0.962940958718362,20.739647874986147,15.532685153567353,3.083333,0.0,0.0,0.0,0.0,0.0
2024-01-09 18:00:00,1.0,21.0,0.962940958718362,20.669218209364644,15.526727967368164,2.286667,0.0,0.0,0.0,0.0,0.0
2024-01-09 18:15:00,1.0,21.0,0.962940958718362,20.599314257018225,15.51782774179214,2.286667,0.0,0.0,0.0,0.0,0.0
2024-01-09 18:30:00,1.0,21.0,0.962940958718362,20.53015162169738,15.508257968795625,2.286667,0.0,0.0,0.0,0.0,0.0
2024-01-09 18:45:00,1.0,21.0,0.962940958718362,21.05037465925024,15.500212581755452,2.286667,0.0,0.0,0.0,0.0,0.0
2024-01-09 19:00:00,1.0,21.0,0.962940958718362,21.488658629174434,15.501004425078346,2.63,0.0,0.0,0.0,0.0,0.0
2024-01-09 19:15:00,1.0,21.0,0.962940958718362,21.408776455252863,15.503956161653944,2.63,0.0,0.0,0.0,0.0,0.0
2024-01-09 19:30:00,3.0,21.0,0.962940958718362,21.329891954560722,15.505920086022753,2.63,0.0,0.0,0.0,0.0,0.0
2024-01-09 19:45:00,3.0,21.0,0.962940958718362,21.251981757649993,15.506924673229578,2.63,0.0,0.0,0.0,0.0,0.0
2024-01-09 20:00:00,1.0,21.0,0.962940958718362,21.174986769730662,15.506671202837854,2.496667,0.0,0.0,0.0,0.0,0.0
2024-01-09 20:15:00,1.0,21.0,0.962940958718362,21.09887505363055,15.505147097589829,2.496667,0.0,0.0,0.0,0.0,0.0
2024-01-09 20:30:00,1.0,21.0,0.962940958718362,21.023664172100325,15.502755397573727,2.496667,0.0,0.0,0.0,0.0,0.0
2024-01-09 20:45:00,3.0,21.0,0.962940958718362,20.94933330321601,15.499521400927641,2.496667,0.0,0.0,0.0,0.0,0.0
2024-01-09 21:00:00,3.0,21.0,0.962940958718362,20.875674137744472,15.493780411589643,1.806667,0.0,0.0,0.0,0.0,0.0
2024-01-09 21:15:00,3.0,21.0,0.962940958718362,20.802616367988332,15.485351689085256,1.806667,0.0,0.0,0.0,0.0,0.0
2024-01-09 21:30:00,1.0,21.0,0.962940958718362,20.73034337640543,15.476208395564667,1.806667,0.0,0.0,0.0,0.0,0.0
2024-01-09 21:45:00,1.0,21.0,0.962940958718362,20.65883749681747,15.466371869930006,1.806667,0.0,0.0,0.0,0.0,0.0
2024-01-09 22:00:00,1.0,21.0,0.962940958718362,20.587915746670664,15.454373503211167,1.198333,0.0,0.0,0.0,0.0,0.0
2024-01-09 22:15:00,2.0,20.966666666666665,0.962940958718362,20.547045384462265,15.440068649048316,1.198333,0.0,0.0,0.0,0.0,0.0
2024-01-09 22:30:00,2.0,20.5,0.962940958718362,20.986272630736018,15.428247548196298,1.198333,0.0,0.0,0.0,0.0,0.0
2024-01-09 22:45:00,2.0,20.5,0.962940958718362,20.959492955816668,15.419548572053396,1.198333,0.0,0.0,0.0,0.0,0.0
2024-01-09 23:00:00,2.0,20.5,0.962940958718362,20.88409635530003,15.409148597829633,0.776667,0.0,0.0,0.0,0.0,0.0
2024-01-09 23:15:00,2.0,20.5,0.962940958718362,20.80935479404147,15.396866419197387,0.776667,0.0,0.0,0.0,0.0,0.0
2024-01-09 23:30:00,2.0,20.5,0.962940958718362,20.735374120011464,15.383915298566523,0.776667,0.0,0.0,0.0,0.0,0.0
2024-01-09 23:45:00,2.0,20.5,0.962940958718362,20.66213747873862,15.370315520045711,0.776667,0.0,0.0,0.0,0.0,0.0
2024-01-10 00:00:00,2.0,20.5,0.962940958718362,20.589561233706476,15.355482913186284,0.53,0.0,0.0,0.0,0.0,0.0
2024-01-10 00:15:00,2.0,20.5,0.962940958718362,20.51761131846034,15.339363511190331,0.53,0.0,0.0,0.0,0.0,0.0
2024-01-10 00:30:00,2.0,20.5,0.962940958718362,20.446344587734323,15.322673056957521,0.53,0.7889166666666667,0.7630555555555556,1.0,1.0,0.0
2024-01-10 00:45:00,2.0,20.5,0.962940958718362,20.37574624755648,15.305429261232337,0.53,0.8,0.0,1.0,0.0,0.0
2024-01-10 01:00:00,2.0,20.5,0.962940958718362,20.30573739258194,15.287069930965869,0.293333,0.8,0.0,1.0,0.0,0.0
2024-01-10 01:15:00,2.0,20.5,0.962940958718362,20.236286642198092,15.267541626719487,0.293333,0.8,0.0,1.0,0.0,0.0
2024-01-10 01:30:00,2.0,20.5,0.962940958718362,20.167449816200424,15.247529457842575,0.293333,0.8,0.0,1.0,0.0,1.0
2024-01-10 01:45:00,2.0,20.5,0.962940958718362,20.099213956478938,15.227048842440894,0.293333,0.0,0.0,0.0,0.0,0.0
2024-01-10 02:00:00,2.0,20.5,0.962940958718362,20.031657727465923,15.206934962179224,0.628333,0.0,0.0,0.0,0.0,0.0
2024-01-10 02:15:00,2.0,20.5,0.962940958718362,20.480010465429093,15.189068937187326,0.628333,0.0,0.0,0.0,0.0,0.0
2024-01-10 02:30:00,2.0,20.5,0.962940958718362,20.993972836487366,15.179336028973944,0.628333,0.0,0.0,0.0,0.0,0.0
2024-01-10 02:45:00,2.0,20.5,0.962940958718362,20.915181143697186,15.171467652842455,0.628333,0.0,0.0,0.0,0.0,0.0
2024-01-10 03:00:00,2.0,20.5,0.962940958718362,20.837282994381333,15.163105763237095,0.75,0.0,0.0,0.0,0.0,0.0
2024-01-10 03:15:00,2.0,20.5,0.962940958718362,20.76026784303929,15.15430998639236,0.75,0.0,0.0,0.0,0.0,0.0
2024-01-10 03:30:00,2.0,20.5,0.962940958718362,20.68408100647699,15.144759412719463,0.75,0.0,0.0,0.0,0.0,0.0
2024-01-10 03:45:00,2.0,20.5,0.962940958718362,20.608703831761467,15.134476574835736,0.75,0.0,0.0,0.0,0.0,0.0
2024-01-10 04:00:00,2.0,20.5,0.962940958718362,20.534053202468908,15.122899895584482,0.511667,0.0,0.0,0.0,0.0,0.0
2024-01-10 04:15:00,2.0,20.5,0.962940958718362,20.46009395802713,15.109980012227778,0.511667,0.0,0.0,0.0,0.0,0.0
2024-01-10 04:30:00,2.0,20.5,0.962940958718362,20.38687884613758,15.096411192429521,0.511667,0.8,0.7889166666666667,1.0,1.0,0.0
2024-01-10 04:45:00,2.0,20.6,0.962940958718362,20.63358010910303,15.083068874130943,0.511667,0.8,0.0,1.0,0.0,0.0
2024-01-10 05:00:00,1.0,20.566666666666666,0.962940958718362,20.97316290415093,15.07475201850406,0.326667,0.8,0.0,1.0,0.0,0.0
2024-01-10 05:15:00,1.0,21.0,0.962940958718362,20.89324347872947,15.066835992526906,0.326667,0.8,0.0,1.0,0.0,0.0
2024-01-10 05:30:00,2.0,20.633333333333333,0.962940958718362,20.81419750178309,15.05811614733415,0.326667,0.8,0.0,1.0,0.0,0.0
2024-01-10 05:45:00,2.0,20.5,0.962940958718362,20.736005213440922,15.048616377287631,0.326667,0.8,0.0,1.0,0.0,0.0
2024-01-10 06:00:00,2.0,20.5,0.962940958718362,20.65860921559607,15.038017178623038,0.186667,0.8,0.0,1.0,0.0,0.0
2024-01-10 06:15:00,2.0,20.5,0.962940958718362,20.581980502517567,15.02629965248664,0.186667,0.8,0.0,1.0,0.0,0.0
2024-01-10 06:30:00,2.0,20.5,0.962940958718362,20.506141923580298,15.013881449094141,0.186667,0.8,0.0,1.0,0.0,0.0
2024-01-10 06:45:00,2.0,20.5,0.962940958718362,20.43107590737227,15.000783734437587,0.186667,0.8,0.0,1.0,0.0,0.0
2024-01-10 07:00:00,2.0,20.5,0.962940958718362,20.356709566803108,14.986321254515074,-0.10167,0.8,0.0,1.0,0.0,0.0
2024-01-10 07:15:00,1.0,20.9,0.962940958718362,20.607120746188514,14.97128458559638,-0.10167,0.8,0.0,1.0,0.0,0.0
2024-01-10 07:30:00,1.0,21.0,0.962940958718362,21.425724302514823,14.964052025842612,-0.10167,0.8,0.0,1.0,0.0,0.0
2024-01-10 07:45:00,1.0,21.0,0.962940958718362,21.441247425192145,14.96208701713657,-0.10167,0.8,0.0,1.0,0.0,0.0
2024-01-10 08:00:00,3.0,21.0,0.962940958718362,21.356741621368997,14.957057584937903,-1.03667,0.8,0.0,1.0,0.0,0.0
2024-01-10 08:15:00,3.0,21.0,0.962940958718362,21.2761005959884,14.948542775258032,-1.03667,0.8,0.0,1.0,0.0,0.0
2024-01-10 08:30:00,1.0,21.0,0.962940958718362,21.19633485627705,14.939225837251263,-1.03667,0.8,0.0,1.0,0.0,0.0
2024-01-10 08:45:00,1.0,21.0,0.962940958718362,21.117424639595345,14.929130658150807,-1.03667,0.8,0.0,1.0,0.0,0.0
2024-01-10 09:00:00,1.0,21.0,0.962940958718362,21.037187984960557,14.917852956887339,-1.20833,0.8,0.0,1.0,0.0,0.0
2024-01-10 09:15:00,1.0,21.0,0.962940958718362,20.955326501743823,14.905329177903639,-1.20833,0.8,0.0,1.0,0.0,0.0
2024-01-10 09:30:00,1.0,21.0,0.962940958718362,20.87430903890514,14.892056977708004,-1.20833,0.8,0.0,1.0,0.0,0.0
2024-01-10 09:45:00,3.0,21.0,0.962940958718362,20.794116827157698,14.878058965085737,-1.20833,0.8,0.0,1.0,0.0,0.0
2024-01-10 10:00:00,3.0,21.0,0.962940958718362,20.71479652286641,14.863842751635856,-1.01,0.8,0.0,1.0,0.0,0.0
2024-01-10 10:15:00,3.0,21.0,0.962940958718362,20.636346221660876,14.84948877606073,-1.01,0.8,0.0,1.0,0.0,0.0
2024-01-10 10:30:00,1.0,21.0,0.962940958718362,20.558677787639855,14.834457481591015,-1.01,0.8,0.0,1.0,0.0,0.0
2024-01-10 10:45:00,1.0,21.0,0.962940958718362,20.751940886429395,14.81941162200191,-1.01,0.8,0.0,1.0,0.0,0.0
2024-01-10 11:00:00,1.0,21.0,0.962940958718362,21.455046186093607,14.811444556208999,-0.9116699999999999,0.8,0.0,1.0,0.0,0.0
2024-01-10 11:15:00,3.0,21.0,0.962940958718362,21.415249511252387,14.807682450592567,-0.9116699999999999,0.8,0.0,1.0,0.0,0.0
2024-01-10 11:30:00,3.0,21.0,0.962940958718362,21.327164507954603,14.803015123268912,-0.9116699999999999,0.8,0.0,1.0,0.0,0.0
2024-01-10 11:45:00,1.0,21.0,0.962940958718362,21.240088743013022,14.79739299101063,-0.9116699999999999,0.8,0.0,1.0,0.0,0.0
2024-01-10 12:00:00,1.0,21.0,0.962940958718362,21.153919244883603,14.791484230237943,-0.65,0.8,0.0,1.0,0.0,0.0
2024-01-10 12:15:00,1.0,21.0,0.962940958718362,21.06863357884299,14.78539125769471,-0.65,0.8,0.0,1.0,0.0,0.0
2024-01-10 12:30:00,3.0,21.0,0.962940958718362,20.98430702110727,14.778400534818543,-0.65,0.8,0.0,1.0,0.0,0.0
2024-01-10 12:45:00,3.0,21.0,0.962940958718362,20.900917700713514,14.770538555562663,-0.65,0.8,0.0,1.0,0.0,0.0
2024-01-10 13:00:00,3.0,21.0,0.962940958718362,20.818546461757304,14.763124469400674,-0.12167,0.8,0.0,1.0,0.0,0.0
2024-01-10 13:15:00,3.0,21.0,0.962940958718362,20.737205984230194,14.756339424039789,-0.12167,0.8,0.0,1.0,0.0,0.0
2024-01-10 13:30:00,3.0,21.0,0.962940958718362,20.6567690752835,14.748714684837642,-0.12167,0.8,0.0,1.0,0.0,0.0
2024-01-10 13:45:00,3.0,21.0,0.962940958718362,20.577215200083778,14.740275108536405,-0.12167,0.8,0.0,1.0,0.0,0.0
2024-01-10 14:00:00,3.0,21.0,0.962940958718362,20.604786725872057,14.732594790942274,0.451667,0.8,0.0,1.0,0.0,0.0
2024-01-10 14:15:00,3.0,21.0,0.962940958718362,21.35487984809036,14.731193035430522,0.451667,0.8,0.0,1.0,0.0,0.0
2024-01-10 14:30:00,3.0,21.0,0.962940958718362,21.448714942431874,14.735902126821024,0.451667,0.8,0.0,1.0,0.0,0.0
2024-01-10 14:45:00,3.0,21.0,0.962940958718362,21.36587170452163,14.740009576611262,0.451667,0.8,0.0,1.0,0.0,0.0
2024-01-10 15:00:00,3.0,21.0,0.962940958718362,21.282471613533822,14.744313413870941,0.9599999999999999,0.8,0.0,1.0,0.0,0.0
2024-01-10 15:15:00,3.0,21.0,0.962940958718362,21.19830745854257,14.748965396636514,0.9599999999999999,0.8,0.0,1.0,0.0,0.0
2024-01-10 15:30:00,3.0,21.0,0.962940958718362,21.115212145739367,14.752550448061072,0.9599999999999999,0.8,0.0,1.0,0.0,0.0
2024-01-10 15:45:00,1.0,21.0,0.962940958718362,21.03316053934446,14.755099221310225,0.9599999999999999,0.8,0.0,1.0,0.0,1.0
2024-01-10 16:00:00,1.0,21.0,0.962940958718362,20.950751389472426,14.756461437489673,0.888333,0.0,0.0,0.0,0.0,0.0
2024-01-10 16:15:00,1.0,21.0,0.962940958718362,20.867784298146073,14.756622263535919,0.888333,0.0,0.0,0.0,0.0,0.0
2024-01-10 16:30:00,3.0,21.0,0.962940958718362,20.7858200837103,14.755806427046448,0.888333,0.0,0.0,0.0,0.0,0.0
2024-01-10 16:45:00,1.0,21.0,0.962940958718362,20.704835441841016,14.75404227493636,0.888333,0.0,0.0,0.0,0.0,0.0
2024-01-10 17:00:00,1.0,21.0,0.962940958718362,20.624635087897186,14.749806816320106,0.255,0.0,0.0,0.0,0.0,0.0
2024-01-10 17:15:00,1.0,21.0,0.962940958718362,20.54515051175809,14.74293901181839,0.255,0.0,0.0,0.0,0.0,0.0
2024-01-10 17:30:00,1.0,21.0,0.962940958718362,20.913187972455834,14.736669099323414,0.255,0.0,0.0,0.0,0.0,0.0
2024-01-10 17:45:00,1.0,21.0,0.962940958718362,21.48021909066842,14.738044177809439,0.255,0.0,0.0,0.0,0.0,0.0
2024-01-10 18:00:00,1.0,21.0,0.962940958718362,21.395019857442485,14.740347299365014,-0.205,0.0,0.0,0.0,0.0,0.0
2024-01-10 18:15:00,1.0,21.0,0.962940958718362,21.30585875439575,14.740276870905394,-0.205,0.0,0.0,0.0,0.0,0.0
2024-01-10 18:30:00,1.0,21.0,0.962940958718362,21.21777260859003,14.739160994189344,-0.205,0.7981527777777778,0.7889166666666667,1.0,1.0,0.0
2024-01-10 18:45:00,1.0,21.0,0.962940958718362,21.13073645691735,14.737030029589262,-0.205,0.8,0.0,1.0,0.0,0.0
2024-01-10 19:00:00,3.0,21.0,0.962940958718362,21.044660584446646,14.733325939489266,-0.445,0.8,0.0,1.0,0.0,0.0
2024-01-10 19:15:00,1.0,21.0,0.962940958718362,20.959503725787066,14.728006285972988,-0.445,0.8,0.0,1.0,0.0,0.0
2024-01-10 19:30:00,1.0,21.0,0.962940958718362,20.87531329278021,14.721777270633266,-0.445,0.8,0.0,1.0,0.0,0.0
2024-01-10 19:45:00,1.0,21.0,0.962940958718362,20.792067192970144,14.71466567037177,-0.445,0.8,0.0,1.0,0.0,0.0
2024-01-10 20:00:00,1.0,21.0,0.962940958718362,20.70968304899856,14.706150771615706,-0.66833,0.8,0.0,1.0,0.0,0.0
2024-01-10 20:15:00,1.0,21.0,0.962940958718362,20.62812353799989,14.696191685155474,-0.66833,0.8,0.0,1.0,0.0,0.0
2024-01-10 20:30:00,1.0,21.0,0.962940958718362,20.547433825933457,14.685444198413474,-0.66833,0.8,0.0,1.0,0.0,0.0
2024-01-10 20:45:00,1.0,21.0,0.962940958718362,20.914236183719694,14.67534629660065,-0.66833,0.8,0.0,1.0,0.0,0.0
2024-01-10 21:00:00,1.0,21.0,0.962940958718362,21.47994278033751,14.672401137106792,-0.89,0.8,0.0,1.0,0.0,0.0
2024-01-10 21:15:00,1.0,21.0,0.962940958718362,21.393439647150085,14.670951023731012,-0.89,0.8,0.0,1.0,0.0,0.0
2024-01-10 21:30:00,1.0,21.0,0.962940958718362,21.30309496740043,14.668456075087493,-0.89,0.8,0.0,1.0,0.0,0.0
2024-01-10 21:45:00,2.0,20.7,0.962940958718362,21.213811711303677,14.664942929506875,-0.89,0.8,0.0,1.0,0.0,0.0
2024-01-10 22:00:00,2.0,20.5,0.962940958718362,21.125463202125868,14.659523217084176,-1.265,0.8,0.0,1.0,0.0,0.0
2024-01-10 22:15:00,2.0,20.5,0.962940958718362,21.037998114068127,14.65211462987968,-1.265,0.8,0.0,1.0,0.0,0.0
2024-01-10 22:30:00,2.0,20.5,0.962940958718362,20.951503337294685,14.643805035072273,-1.265,0.8,0.0,1.0,0.0,0.0
2024-01-10 22:45:00,2.0,20.5,0.962940958718362,20.8659568283069,14.634621113401774,-1.265,0.8,0.0,1.0,0.0,0.0
2024-01-10 23:00:00,2.0,20.5,0.962940958718362,20.781266719319568,14.623956367172074,-1.52333,0.8,0.0,1.0,0.0,0.0
2024-01-10 23:15:00,2.0,20.5,0.962940958718362,20.6973931687289,14.611759431582074,-1.52333,0.8,0.0,1.0,0.0,0.0
2024-01-10 23:30:00,2.0,20.5,0.962940958718362,20.614391664456925,14.59878490888082,-1.52333,0.8,0.0,1.0,0.0,0.0
2024-01-10 23:45:00,2.0,20.5,0.962940958718362,20.53224276448323,14.585056231801213,-1.52333,0.8,0.0,1.0,0.0,0.0
2024-01-11 00:00:00,2.0,20.5,0.962940958718362,20.450833060721592,14.569747458314206,-1.87,0.8,0.0,1.0,0.0,0.0
2024-01-11 00:15:00,2.0,20.5,0.962940958718362,20.37011870513141,14.552777935993971,-1.87,0.8,0.0,1.0,0.0,0.0
2024-01-11 00:30:00,2.0,20.5,0.962940958718362,20.290183528099686,14.535148904395164,-1.87,0.8,0.0,1.0,0.0,0.0
2024-01-11 00:45:00,2.0,20.5,0.962940958718362,20.21101056267414,14.516880702267501,-1.87,0.8,0.0,1.0,0.0,0.0
2024-01-11 01:00:00,2.0,20.5,0.962940958718362,20.132597360296447,14.49811962720347,-1.81833,0.8,0.0,1.0,0.0,0.0
2024-01-11 01:15:00,2.0,20.5,0.962940958718362,20.054931604279105,14.478900273110108,-1.81833,0.8,0.0,1.0,0.0,1.0
2024-01-11 01:30:00,2.0,20.5,0.962940958718362,20.302095199956533,14.459951067167879,-1.81833,0.0,0.0,0.0,0.0,0.0
2024-01-11 01:45:00,2.0,20.5,0.962940958718362,20.97026474456562,14.448305752473315,-1.81833,0.0,0.0,0.0,0.0,0.0
2024-01-11 02:00:00,2.0,20.5,0.962940958718362,20.911081756419573,14.439477966536616,-2.06167,0.0,0.0,0.0,0.0,0.0
2024-01-11 02:15:00,2.0,20.5,0.962940958718362,20.82320611733184,14.429119189623568,-2.06167,0.0,0.0,0.0,0.0,0.0
2024-01-11 02:30:00,2.0,20.5,0.962940958718362,20.736271898625365,14.417904651635062,-2.06167,0.0,0.0,0.0,0.0,0.0
2024-01-11 02:45:00,2.0,20.5,0.962940958718362,20.650257924447075,14.405859926314996,-2.06167,0.0,0.0,0.0,0.0,0.0
2024-01-11 03:00:00,2.0,20.5,0.962940958718362,20.56513857279472,14.392965027666541,-2.08,0.0,0.0,0.0,0.0,0.0
2024-01-11 03:15:00,2.0,20.5,0.962940958718362,20.480892408124813,14.379238744172385,-2.08,0.0,0.0,0.0,0.0,0.0
2024-01-11 03:30:00,2.0,20.5,0.962940958718362,20.397505240943154,14.364756453174412,-2.08,0.0,0.0,0.0,0.0,0.0
2024-01-11 03:45:00,2.0,20.5,0.962940958718362,20.314958034228557,14.349541068013476,-2.08,0.0,0.0,0.0,0.0,0.0
2024-01-11 04:00:00,2.0,20.5,0.962940958718362,20.23320908054723,14.333406785016392,-2.165,0.0,0.0,0.0,0.0,0.0
2024-01-11 04:15:00,1.0,20.7,0.962940958718362,20.329166125858528,14.316677288773455,-2.165,0.0,0.0,0.0,0.0,0.0
2024-01-11 04:30:00,2.0,20.8,0.962940958718362,21.17233999247305,14.30605347570018,-2.165,0.0,0.0,0.0,0.0,0.0
2024-01-11 04:45:00,1.0,20.9,0.962940958718362,21.29927962756555,14.302456766557448,-2.165,0.0,0.0,0.0,0.0,0.0
2024-01-11 05:00:00,1.0,21.0,0.962940958718362,21.20510516844521,14.298602912724107,-2.09833,0.0,0.0,0.0,0.0,0.0
2024-01-11 05:15:00,1.0,21.0,0.962940958718362,21.112044150901667,14.293894530066682,-2.09833,0.0,0.0,0.0,0.0,0.0
2024-01-11 05:30:00,2.0,20.5,0.962940958718362,21.02005193837839,14.288173626814325,-2.09833,0.0,0.0,0.0,0.0,0.0
2024-01-11 05:45:00,2.0,20.5,0.962940958718362,20.929104019740304,14.281469932324216,-2.09833,0.0,0.0,0.0,0.0,0.0
2024-01-11 06:00:00,1.0,20.9,0.962940958718362,20.839210583822137,14.274118420017924,-1.97333,0.0,0.0,0.0,0.0,0.0
2024-01-11 06:15:00,1.0,21.0,0.962940958718362,20.75035753470252,14.266184340620596,-1.97333,0.0,0.0,0.0,0.0,0.0
2024-01-11 06:30:00,2.0,20.7,0.962940958718362,20.662485514775803,14.257341878449829,-1.97333,0.0,0.0,0.0,0.0,0.0
2024-01-11 06:45:00,2.0,20.5,0.962940958718362,20.575572266619947,14.247617965220314,-1.97333,0.0,0.0,0.0,0.0,0.0
2024-01-11 07:00:00,1.0,20.8,0.962940958718362,20.666701735533238,14.237293186515991,-2.00333,0.0,0.0,0.0,0.0,0.0
2024-01-11 07:15:00,2.0,20.7,0.962940958718362,21.402226481689656,14.232577580910005,-2.00333,0.0,0.0,0.0,0.0,0.0
2024-01-11 07:30:00,2.0,20.5,0.962940958718362,21.40885298816693,14.232803288704286,-2.00333,0.0,0.0,0.0,0.0,0.0
2024-01-11 07:45:00,2.0,20.5,0.962940958718362,21.313023852259064,14.232102460185967,-2.00333,0.0,0.0,0.0,0.0,0.0
2024-01-11 08:00:00,2.0,20.5,0.962940958718362,21.223469585691298,14.23126472222854,-1.61167,0.0,0.0,0.0,0.0,0.0
2024-01-11 08:15:00,1.0,21.0,0.962940958718362,21.14082585695997,14.230522284521104,-1.61167,0.0,0.0,0.0,0.0,0.0
2024-01-11 08:30:00,1.0,21.0,0.962940958718362,21.059170741438837,14.228822308910809,-1.61167,0.0,0.0,0.0,0.0,0.0
2024-01-11 08:45:00,1.0,21.0,0.962940958718362,20.978481326297402,14.22619265032174,-1.61167,0.0,0.0,0.0,0.0,0.0
2024-01-11 09:00:00,1.0,21.0,0.962940958718362,20.9017019389985,14.223453751097226,-1.29167,0.0,0.0,0.0,0.0,0.0
2024-01-11 09:15:00,1.0,21.0,0.962940958718362,20.82919771733303,14.220774918768862,-1.29167,0.0,0.0,0.0,0.0,0.0
2024-01-11 09:30:00,3.0,21.0,0.962940958718362,20.757537557392972,14.217290435472206,-1.29167,0.0,0.0,0.0,0.0,0.0
2024-01-11 09:45:00,3.0,21.0,0.962940958718362,20.68670203285689,14.213023881689782,-1.29167,0.0,0.0,0.0,0.0,0.0
2024-01-11 10:00:00,3.0,21.0,0.962940958718362,20.617963060980422,14.210735525973684,-0.175,0.0,0.0,0.0,0.0,0.0
2024-01-11 10:15:00,1.0,21.0,0.962940958718362,20.551508543412247,14.210795440457135,-0.175,0.0,0.0,0.0,0.0,0.0
2024-01-11 10:30:00,1.0,21.0,0.962940958718362,20.756023383453613,14.21071632377641,-0.175,0.0,0.0,0.0,0.0,0.0
2024-01-11 10:45:00,1.0,21.0,0.962940958718362,21.470669023452654,14.21735430918918,-0.175,0.0,0.0,0.0,0.0,0.0
2024-01-11 11:00:00,1.0,21.0,0.962940958718362,21.44317477498278,14.229414010113675,0.478333,0.0,0.0,0.0,0.0,0.0
2024-01-11 11:15:00,3.0,21.0,0.962940958718362,21.36794140582537,14.242265101747275,0.478333,0.0,0.0,0.0,0.0,0.0
2024-01-11 11:30:00,3.0,21.0,0.962940958718362,21.293763184871874,14.254014956500411,0.478333,0.0,0.0,0.0,0.0,0.0
2024-01-11 11:45:00,1.0,21.0,0.962940958718362,21.220614748015297,14.264694648966618,0.478333,0.7796805555555556,0.7575138888888889,1.0,1.0,0.0
2024-01-11 12:00:00,2.0,20.5,0.962940958718362,21.148453115075522,14.275986331156997,1.153333,0.8,0.0,1.0,0.0,0.0
2024-01-11 12:15:00,1.0,20.9,0.962940958718362,21.077278161740583,14.288116338479986,1.153333,0.8,0.0,1.0,0.0,0.0
2024-01-11 12:30:00,1.0,21.0,0.962940958718362,21.00710111793345,14.299204986902415,1.153333,0.8,0.0,1.0,0.0,0.0
2024-01-11 12:45:00,3.0,21.0,0.962940958718362,20.937897997071147,14.309281662951756,1.153333,0.8,0.0,1.0,0.0,0.0
2024-01-11 13:00:00,1.0,21.0,0.962940958718362,20.869384598252783,14.322285770304395,2.751667,0.8,0.0,1.0,0.0,0.0
2024-01-11 13:15:00,1.0,21.0,0.962940958718362,20.801567381414333,14.338707744865511,2.751667,0.8,0.0,1.0,0.0,0.0
2024-01-11 13:30:00,1.0,21.0,0.962940958718362,20.734756798785742,14.354054939888076,2.751667,0.8,0.0,1.0,0.0,0.0
2024-01-11 13:45:00,1.0,21.0,0.962940958718362,20.66892837511796,14.368357411478371,2.751667,0.8,0.0,1.0,0.0,1.0
2024-01-11 14:00:00,3.0,21.0,0.962940958718362,20.60274333140627,14.38397305337441,3.705,0.0,0.0,0.0,0.0,0.0
2024-01-11 14:15:00,3.0,21.0,0.962940958718362,20.536049549011768,14.401186943333661,3.705,0.0,0.0,0.0,0.0,0.0
2024-01-11 14:30:00,3.0,21.0,0.962940958718362,20.916999740801838,14.418740197749914,3.705,0.8,0.7981527777777778,1.0,1.0,0.0
2024-01-11 14:45:00,3.0,21.0,0.962940958718362,21.49706109042059,14.443685734310293,3.705,0.8,0.0,1.0,0.0,0.0
2024-01-11 15:00:00,1.0,21.0,0.962940958718362,21.419092369754804,14.472139082290822,4.408333,0.8,0.0,1.0,0.0,0.0
2024-01-11 15:15:00,3.0,21.0,0.962940958718362,21.330656786105166,14.50104550035426,4.408333,0.8,0.0,1.0,0.0,0.0
2024-01-11 15:30:00,3.0,21.0,0.962940958718362,21.243619826356916,14.52842323820188,4.408333,0.8,0.0,1.0,0.0,0.0
2024-01-11 15:45:00,1.0,21.0,0.962940958718362,21.157947078628286,14.554314656300692,4.408333,0.8,0.0,1.0,0.0,1.0
2024-01-11 16:00:00,1.0,21.0,0.962940958718362,21.0728124135565,14.57733065027205,3.825,0.0,0.0,0.0,0.0,0.0
2024-01-11 16:15:00,1.0,21.0,0.962940958718362,20.988060481568244,14.59732774320938,3.825,0.0,0.0,0.0,0.0,0.0
2024-01-11 16:30:00,1.0,21.0,0.962940958718362,20.904560521564495,14.615990592355814,3.825,0.0,0.0,0.0,0.0,0.0
2024-01-11 16:45:00,1.0,21.0,0.962940958718362,20.822282121639876,14.63335653699839,3.825,0.8,0.7963055555555556,1.0,1.0,0.0
2024-01-11 17:00:00,1.0,21.0,0.962940958718362,20.74108166715712,14.648437725045971,3.406667,0.8,0.0,1.0,0.0,0.0
2024-01-11 17:15:00,1.0,21.0,0.962940958718362,20.66089966571604,14.661145429748517,3.406667,0.8,0.0,1.0,0.0,0.0
2024-01-11 17:30:00,1.0,21.0,0.962940958718362,20.581830874827467,14.672696239949527,3.406667,0.8,0.0,1.0,0.0,0.0
2024-01-11 17:45:00,1.0,21.0,0.962940958718362,20.60711476760395,14.68325932206735,3.406667,0.8,0.0,1.0,0.0,0.0
2024-01-11 18:00:00,1.0,21.0,0.962940958718362,21.351613849910663,14.697006389865743,2.941667,0.8,0.0,1.0,0.0,0.0
2024-01-11 18:15:00,1.0,21.0,0.962940958718362,21.439946932069084,14.715247312059432,2.941667,0.8,0.0,1.0,0.0,0.0
2024-01-11 18:30:00,1.0,21.0,0.962940958718362,21.351823302216946,14.732592365105,2.941667,0.8,0.0,1.0,0.0,0.0
2024-01-11 18:45:00,1.0,21.0,0.962940958718362,21.264961901248242,14.7486086008849,2.941667,0.8,0.0,1.0,0.0,0.0
2024-01-11 19:00:00,1.0,21.0,0.962940958718362,21.179206903254858,14.76220717336193,2.481667,0.8,0.0,1.0,0.0,0.0
2024-01-11 19:15:00,1.0,21.0,0.962940958718362,21.094494928250704,14.773287985662542,2.481667,0.8,0.0,1.0,0.0,0.0
2024-01-11 19:30:00,1.0,21.0,0.962940958718362,21.010932156188264,14.783186336068718,2.481667,0.8,0.0,1.0,0.0,0.0
2024-01-11 19:45:00,3.0,21.0,0.962940958718362,20.928491156343984,14.791935781683785,2.481667,0.8,0.0,1.0,0.0,0.0
2024-01-11 20:00:00,3.0,21.0,0.962940958718362,20.846959001690514,14.7978959879784,1.798333,0.8,0.0,1.0,0.0,0.0
2024-01-11 20:15:00,3.0,21.0,0.962940958718362,20.76625960849552,14.800896021378268,1.798333,0.8,0.0,1.0,0.0,0.0
2024-01-11 20:30:00,1.0,21.0,0.962940958718362,20.686568302672654,14.802897829789567,1.798333,0.8,0.0,1.0,0.0,0.0
2024-01-11 20:45:00,1.0,21.0,0.962940958718362,20.607861469668304,14.803930187215599,1.798333,0.8,0.0,1.0,0.0,0.0
2024-01-11 21:00:00,1.0,21.0,0.962940958718362,20.534868078050973,14.802474600269727,1.166667,0.8,0.0,1.0,0.0,0.0
2024-01-11 21:15:00,1.0,21.0,0.962940958718362,21.109868503362698,14.801009339206114,1.166667,0.8,0.0,1.0,0.0,0.0
2024-01-11 21:30:00,1.0,21.0,0.962940958718362,21.470135399741753,14.807258606918463,1.166667,0.8,0.0,1.0,0.0,0.0
2024-01-11 21:45:00,1.0,21.0,0.962940958718362,21.381649654863896,14.814110459442194,1.166667,0.8,0.0,1.0,0.0,0.0
2024-01-11 22:00:00,2.0,20.7,0.962940958718362,21.29427879255035,14.819525764309864,1.051667,0.8,0.0,1.0,0.0,0.0
2024-01-11 22:15:00,2.0,20.5,0.962940958718362,21.2079873074335,14.82350345932735,1.051667,0.8,0.0,1.0,0.0,0.0
2024-01-11 22:30:00,2.0,20.5,0.962940958718362,21.122782596231435,14.826400693655305,1.051667,0.8,0.0,1.0,0.0,0.0
2024-01-11 22:45:00,2.0,20.5,0.962940958718362,21.038639151603018,14.828248560554572,1.051667,0.8,0.0,1.0,0.0,0.0
2024-01-11 23:00:00,2.0,20.5,0.962940958718362,20.955362723024777,14.827555304775158,0.43,0.8,0.0,1.0,0.0,0.0
2024-01-11 23:15:00,2.0,20.5,0.962940958718362,20.87288356673481,14.82416595132455,0.43,0.8,0.0,1.0,0.0,0.0
2024-01-11 23:30:00,2.0,20.5,0.962940958718362,20.791360672789633,14.819865911071593,0.43,0.8,0.0,1.0,0.0,0.0
2024-01-11 23:45:00,2.0,20.5,0.962940958718362,20.710772056157715,14.814681864098436,0.43,0.8,0.0,1.0,0.0,0.0
2024-01-12 00:00:00,2.0,20.5,0.962940958718362,20.63104725215899,14.808199087344947,0.25,0.8,0.0,1.0,0.0,0.0
2024-01-12 00:15:00,2.0,20.5,0.962940958718362,20.55215221527068,14.800389455639163,0.25,0.8,0.0,1.0,0.0,0.0
2024-01-12 00:30:00,2.0,20.5,0.962940958718362,20.47411948773824,14.79178622424619,0.25,0.8,0.0,1.0,0.0,0.0
2024-01-12 00:45:00,2.0,20.5,0.962940958718362,20.39692956132656,14.782412983338594,0.25,0.8,0.0,1.0,0.0,1.0
2024-01-12 01:00:00,2.0,20.5,0.962940958718362,20.32058795928965,14.77251303989768,0.34,0.0,0.0,0.0,0.0,0.0
2024-01-12 01:15:00,2.0,20.5,0.962940958718362,20.245082766118852,14.76213544320325,0.34,0.0,0.0,0.0,0.0,0.0
2024-01-12 01:30:00,2.0,20.5,0.962940958718362,20.17036952293837,14.751047618878118,0.34,0.0,0.0,0.0,0.0,0.0
2024-01-12 01:45:00,2.0,20.5,0.962940958718362,20.096430526866,14.739270916303884,0.34,0.0,0.0,0.0,0.0,0.0
2024-01-12 02:00:00,2.0,20.5,0.962940958718362,20.037950521136775,14.726234271529135,0.096667,0.0,0.0,0.0,0.0,0.0
2024-01-12 02:15:00,2.0,20.5,0.962940958718362,20.671192309132902,14.715030730077606,0.096667,0.0,0.0,0.0,0.0,0.0
2024-01-12 02:30:00,2.0,20.5,0.962940958718362,20.97153095745158,14.711588907485183,0.096667,0.0,0.0,0.0,0.0,0.0
2024-01-12 02:45:00,2.0,20.5,0.962940958718362,20.88732854016315,14.708613477377366,0.096667,0.0,0.0,0.0,0.0,0.0
2024-01-12 03:00:00,2.0,20.5,0.962940958718362,20.8041310885304,14.704908211717553,0.181667,0.0,0.0,0.0,0.0,0.0
2024-01-12 03:15:00,2.0,20.5,0.962940958718362,20.72192222443321,14.700525770667383,0.181667,0.0,0.0,0.0,0.0,0.0
2024-01-12 03:30:00,2.0,20.5,0.962940958718362,20.640654968863693,14.69525266881202,0.181667,0.0,0.0,0.0,0.0,0.0
2024-01-12 03:45:00,2.0,20.5,0.962940958718362,20.560307743331443,14.689115074366354,0.181667,0.0,0.0,0.0,0.0,0.0
2024-01-12 04:00:00,1.0,20.833333333333332,0.962940958718362,20.70199617890987,14.682887208051769,0.296667,0.0,0.0,0.0,0.0,0.0
2024-01-12 04:15:00,2.0,20.666666666666668,0.962940958718362,21.266446854162076,14.682536625682946,0.296667,0.0,0.0,0.0,0.0,0.0
2024-01-12 04:30:00,2.0,20.5,0.962940958718362,21.193081309592024,14.684720700421053,0.296667,0.0,0.0,0.0,0.0,0.0
2024-01-12 04:45:00,2.0,20.5,0.962940958718362,21.106016262344585,14.685848289613253,0.296667,0.0,0.0,0.0,0.0,0.0
2024-01-12 05:00:00,2.0,20.5,0.962940958718362,21.01993832461882,14.685249183524201,0.016667,0.0,0.0,0.0,0.0,0.0
2024-01-12 05:15:00,2.0,20.5,0.962940958718362,20.93480220682267,14.682870464166767,0.016667,0.0,0.0,0.0,0.0,0.0
2024-01-12 05:30:00,1.0,20.566666666666666,0.962940958718362,20.850666002622415,14.67953271762918,0.016667,0.0,0.0,0.0,0.0,0.0
2024-01-12 05:45:00,1.0,21.0,0.962940958718362,20.7675066457589,14.675263956762011,0.016667,0.0,0.0,0.0,0.0,0.0
2024-01-12 06:00:00,2.0,20.533333333333335,0.962940958718362,20.68545836026552,14.67149921530349,0.591667,0.0,0.0,0.0,0.0,0.0
2024-01-12 06:15:00,1.0,20.966666666666665,0.962940958718362,20.6045413920841,14.668435624249916,0.591667,0.0,0.0,0.0,0.0,0.0
2024-01-12 06:30:00,2.0,20.633333333333333,0.962940958718362,20.524565574932073,14.664474156273762,0.591667,0.0,0.0,0.0,0.0,0.0
2024-01-12 06:45:00,2.0,20.5,0.962940958718362,20.445509253056148,14.659641096679833,0.591667,0.0,0.0,0.0,0.0,0.0
2024-01-12 07:00:00,2.0,20.5,0.962940958718362,20.36738372860066,14.654047799054524,0.626667,0.0,0.0,0.0,0.0,0.0
2024-01-12 07:15:00,2.0,20.5,0.962940958718362,20.29017390594259,14.647729931272929,0.626667,0.0,0.0,0.0,0.0,0.0
2024-01-12 07:30:00,2.0,20.5,0.962940958718362,20.213823173252138,14.640612930349278,0.626667,0.7889166666666667,0.7704444444444445,1.0,1.0,0.0
2024-01-12 07:45:00,1.0,20.633333333333333,0.962940958718362,20.16784058945192,14.632736061564952,0.626667,0.8,0.0,1.0,0.0,0.0
2024-01-12 08:00:00,1.0,21.0,0.962940958718362,20.874189773484638,14.626407167505755,0.048333,0.8,0.0,1.0,0.0,0.0
2024-01-12 08:15:00,2.0,20.566666666666666,0.962940958718362,21.513391868056765,14.62849599972107,0.048333,0.8,0.0,1.0,0.0,0.0
2024-01-12 08:30:00,1.0,20.866666666666667,0.962940958718362,21.44079615760557,14.633221828040462,0.048333,0.8,0.0,1.0,0.0,0.0
2024-01-12 08:45:00,3.0,21.0,0.962940958718362,21.35452081493197,14.636857073159693,0.048333,0.8,0.0,1.0,0.0,0.0
2024-01-12 09:00:00,3.0,21.0,0.962940958718362,21.269051128379257,14.641387030001532,0.853333,0.8,0.0,1.0,0.0,0.0
2024-01-12 09:15:00,3.0,21.0,0.962940958718362,21.184358041090903,14.647073197996013,0.853333,0.8,0.0,1.0,0.0,0.0
2024-01-12 09:30:00,3.0,21.0,0.962940958718362,21.10075204187554,14.651668675087256,0.853333,0.8,0.0,1.0,0.0,0.0
2024-01-12 09:45:00,3.0,21.0,0.962940958718362,21.01820750224129,14.655204731834768,0.853333,0.8,0.0,1.0,0.0,0.0
2024-01-12 10:00:00,3.0,21.0,0.962940958718362,20.935935975632013,14.659442733977151,1.561667,0.8,0.0,1.0,0.0,1.0
2024-01-12 10:15:00,1.0,21.0,0.962940958718362,20.853844323534894,14.664606521292027,1.561667,0.0,0.0,0.0,0.0,0.0
2024-01-12 10:30:00,1.0,21.0,0.962940958718362,20.772802379416248,14.668719020413942,1.561667,0.0,0.0,0.0,0.0,0.0
2024-01-12 10:45:00,3.0,21.0,0.962940958718362,20.692785417815447,14.671810394425568,1.561667,0.0,0.0,0.0,0.0,0.0
2024-01-12 11:00:00,3.0,21.0,0.962940958718362,20.61347136361438,14.674447400488782,1.781667,0.0,0.0,0.0,0.0,0.0
2024-01-12 11:15:00,3.0,21.0,0.962940958718362,20.5348077038243,14.67671792383142,1.781667,0.0,0.0,0.0,0.0,0.0
2024-01-12 11:30:00,1.0,21.0,0.962940958718362,21.04578018170405,14.68020036803416,1.781667,0.0,0.0,0.0,0.0,0.0
2024-01-12 11:45:00,1.0,21.0,0.962940958718362,21.474963890103588,14.69137524138721,1.781667,0.8,0.7926111111111112,1.0,1.0,0.0
2024-01-12 12:00:00,1.0,21.0,0.962940958718362,21.385975709271417,14.703295550740888,1.71,0.8,0.0,1.0,0.0,0.0
2024-01-12 12:15:00,1.0,21.0,0.962940958718362,21.29805552124957,14.713768599317552,1.71,0.8,0.0,1.0,0.0,0.0
2024-01-12 12:30:00,3.0,21.0,0.962940958718362,21.21131627234947,14.72303183945478,1.71,0.8,0.0,1.0,0.0,0.0
2024-01-12 12:45:00,3.0,21.0,0.962940958718362,21.125729835219925,14.731119664882069,1.71,0.8,0.0,1.0,0.0,0.0
2024-01-12 13:00:00,3.0,21.0,0.962940958718362,21.041324680055105,14.73856745502835,1.915,0.8,0.0,1.0,0.0,0.0
2024-01-12 13:15:00,3.0,21.0,0.962940958718362,20.958089147810938,14.745468619349488,1.915,0.8,0.0,1.0,0.0,0.0
2024-01-12 13:30:00,1.0,21.0,0.962940958718362,20.8759370559943,14.751275583726034,1.915,0.8,0.0,1.0,0.0,0.0
2024-01-12 13:45:00,1.0,21.0,0.962940958718362,20.79484277986816,14.756019635448379,1.915,0.8,0.0,1.0,0.0,0.0
2024-01-12 14:00:00,2.0,20.866666666666667,0.962940958718362,20.714959311367508,14.7596584197116,1.885,0.8,0.0,1.0,0.0,0.0
2024-01-12 14:15:00,2.0,20.5,0.962940958718362,20.636283637936874,14.762215783153799,1.885,0.8,0.0,1.0,0.0,0.0
2024-01-12 14:30:00,3.0,20.666666666666668,0.962940958718362,20.558586556592672,14.763806189914847,1.885,0.8,0.0,1.0,0.0,0.0
2024-01-12 14:45:00,3.0,21.0,0.962940958718362,20.752012036690168,14.765099618351359,1.885,0.8,0.0,1.0,0.0,1.0
2024-01-12 15:00:00,3.0,21.0,0.962940958718362,21.45649899486631,14.772987913071422,1.896667,0.0,0.0,0.0,0.0,0.0
2024-01-12 15:15:00,3.0,21.0,0.962940958718362,21.41942497003187,14.784595999103844,1.896667,0.0,0.0,0.0,0.0,0.0
2024-01-12 15:30:00,1.0,21.0,0.962940958718362,21.334206092613886,14.79506998574352,1.896667,0.0,0.0,0.0,0.0,0.0
2024-01-12 15:45:00,1.0,21.0,0.962940958718362,21.25013557266129,14.804365858142083,1.896667,0.0,0.0,0.0,0.0,0.0
2024-01-12 16:00:00,1.0,21.0,0.962940958718362,21.166060351711508,14.81282730524559,2.025,0.0,0.0,0.0,0.0,0.0
2024-01-12 16:15:00,1.0,21.0,0.962940958718362,21.08181668337527,14.820505645311147,2.025,0.8,0.7944583333333334,1.0,1.0,0.0
2024-01-12 16:30:00,1.0,21.0,0.962940958718362,20.99867753474659,14.827064762151002,2.025,0.8,0.0,1.0,0.0,0.0
2024-01-12 16:45:00,1.0,21.0,0.962940958718362,20.916616739692994,14.83253661515589,2.025,0.8,0.0,1.0,0.0,0.0
2024-01-12 17:00:00,1.0,21.0,0.962940958718362,20.835654232086924,14.837360363429642,2.191667,0.8,0.0,1.0,0.0,0.0
2024-01-12 17:15:00,1.0,21.0,0.962940958718362,20.755777403731265,14.841615736441474,2.191667,0.8,0.0,1.0,0.0,0.0
2024-01-12 17:30:00,1.0,21.0,0.962940958718362,20.676913139334268,14.844861236765086,2.191667,0.8,0.0,1.0,0.0,0.0
2024-01-12 17:45:00,1.0,21.0,0.962940958718362,20.599037636708875,14.847125888619606,2.191667,0.8,0.0,1.0,0.0,0.0
2024-01-12 18:00:00,3.0,21.0,0.962940958718362,20.536801996610617,14.847597190695726,1.846667,0.8,0.0,1.0,0.0,0.0
2024-01-12 18:15:00,3.0,21.0,0.962940958718362,21.16645579326182,14.84934530246691,1.846667,0.8,0.0,1.0,0.0,0.0
2024-01-12 18:30:00,1.0,21.0,0.962940958718362,21.463398321275687,14.8585932196835,1.846667,0.8,0.0,1.0,0.0,0.0
2024-01-12 18:45:00,3.0,21.0,0.962940958718362,21.375986335067658,14.868052313080245,1.846667,0.8,0.0,1.0,0.0,0.0
2024-01-12 19:00:00,3.0,21.0,0.962940958718362,21.28979020858989,14.876798106287357,2.04,0.8,0.0,1.0,0.0,0.0
2024-01-12 19:15:00,3.0,21.0,0.962940958718362,21.204796459631336,14.884921749211298,2.04,0.8,0.0,1.0,0.0,0.0
2024-01-12 19:30:00,3.0,21.0,0.962940958718362,21.120921388893084,14.891909806903042,2.04,0.8,0.0,1.0,0.0,0.0
2024-01-12 19:45:00,1.0,21.0,0.962940958718362,21.038138471710628,14.897794682626907,2.04,0.8,0.0,1.0,0.0,0.0
2024-01-12 20:00:00,1.0,21.0,0.962940958718362,20.956428233547747,14.902665044346026,2.063333,0.8,0.0,1.0,0.0,0.0
2024-01-12 20:15:00,1.0,21.0,0.962940958718362,20.87576722457562,14.906558517958272,2.063333,0.8,0.0,1.0,0.0,0.0
2024-01-12 20:30:00,1.0,21.0,0.962940958718362,20.796124089337656,14.909439055128408,2.063333,0.8,0.0,1.0,0.0,0.0
2024-01-12 20:45:00,1.0,21.0,0.962940958718362,20.717474926435028,14.911335794399037,2.063333,0.8,0.0,1.0,0.0,0.0
2024-01-12 21:00:00,2.0,20.566666666666666,0.962940958718362,20.639729693291862,14.911677268070031,1.818333,0.8,0.0,1.0,0.0,0.0
2024-01-12 21:15:00,2.0,20.5,0.962940958718362,20.562847766941342,14.910418398515242,1.818333,0.8,0.0,1.0,0.0,0.0
2024-01-12 21:30:00,2.0,20.5,0.962940958718362,20.486879010827774,14.908278391700236,1.818333,0.8,0.0,1.0,0.0,0.0
2024-01-12 21:45:00,2.0,20.5,0.962940958718362,20.411802298833823,14.905282920390416,1.818333,0.8,0.0,1.0,0.0,0.0
2024-01-12 22:00:00,2.0,20.5,0.962940958718362,20.337493502186838,14.900526623282811,1.438333,0.8,0.0,1.0,0.0,0.0
2024-01-12 22:15:00,2.0,20.5,0.962940958718362,20.263904737567586,14.893921085607236,1.438333,0.8,0.0,1.0,0.0,0.0
2024-01-12 22:30:00,2.0,20.5,0.962940958718362,20.191128073240222,14.886563803502321,1.438333,0.8,0.0,1.0,0.0,0.0
2024-01-12 22:45:00,2.0,20.5,0.962940958718362,20.11914508692312,14.878477067446507,1.438333,0.8,0.0,1.0,0.0,0.0
2024-01-12 23:00:00,2.0,20.5,0.962940958718362,20.047878337391865,14.86914803077129,1.22,0.8,0.0,1.0,0.0,0.0
2024-01-12 23:15:00,2.0,20.5,0.962940958718362,20.3014071147441,14.859388725658636,1.22,0.8,0.0,1.0,0.0,0.0
2024-01-12 23:30:00,2.0,20.5,0.962940958718362,20.97597046840365,14.856852075030012,1.22,0.8,0.0,1.0,0.0,0.0
2024-01-12 23:45:00,2.0,20.5,0.962940958718362,20.923274950813713,14.857649198081003,1.22,0.8,0.0,1.0,0.0,0.0
2024-01-13 00:00:00,2.0,20.5,0.962940958718362,20.8419120994252,14.856742388305634,0.908333,0.8,0.0,1.0,0.0,1.0
2024-01-13 00:15:00,2.0,20.5,0.962940958718362,20.76142048428297,14.854028397139833,0.908333,0.0,0.0,0.0,0.0,0.0
2024-01-13 00:30:00,2.0,20.5,0.962940958718362,20.681868898697022,14.850415589331432,0.908333,0.0,0.0,0.0,0.0,0.0
2024-01-13 00:45:00,2.0,20.5,0.962940958718362,20.603235689664707,14.845930252967937,0.908333,0.0,0.0,0.0,0.0,0.0
2024-01-13 01:00:00,2.0,20.5,0.962940958718362,20.525426190542362,14.83993693739801,0.638333,0.0,0.0,0.0,0.0,0.0
2024-01-13 01:15:00,2.0,20.5,0.962940958718362,20.44840007700172,14.832380445113236,0.638333,0.0,0.0,0.0,0.0,0.0
2024-01-13 01:30:00,2.0,20.5,0.962940958718362,20.372216627489685,14.824047996162532,0.638333,0.0,0.0,0.0,0.0,0.0
2024-01-13 01:45:00,2.0,20.5,0.962940958718362,20.29685677319957,14.81496265069696,0.638333,0.0,0.0,0.0,0.0,0.0
2024-01-13 02:00:00,2.0,20.5,0.962940958718362,20.22220065893568,14.804236907339826,0.266667,0.0,0.0,0.0,0.0,0.0
2024-01-13 02:15:00,2.0,20.5,0.962940958718362,20.148202961157384,14.791782346403705,0.266667,0.0,0.0,0.0,0.0,0.0
2024-01-13 02:30:00,2.0,20.5,0.962940958718362,20.074955198032708,14.778670500922745,0.266667,0.0,0.0,0.0,0.0,0.0
2024-01-13 02:45:00,2.0,20.5,0.962940958718362,20.105706957236908,14.765057794314965,0.266667,0.0,0.0,0.0,0.0,0.0
2024-01-13 03:00:00,2.0,20.5,0.962940958718362,20.85534875700478,14.755266742721043,-0.13167,0.0,0.0,0.0,0.0,0.0
2024-01-13 03:15:00,2.0,20.5,0.962940958718362,20.948513877067704,14.750614910546297,-0.13167,0.0,0.0,0.0,0.0,0.0
2024-01-13 03:30:00,2.0,20.5,0.962940958718362,20.864901360534805,14.745512430702208,-0.13167,0.0,0.0,0.0,0.0,0.0
2024-01-13 03:45:00,2.0,20.5,0.962940958718362,20.782239127936077,14.739515032218318,-0.13167,0.0,0.0,0.0,0.0,0.0
2024-01-13 04:00:00,2.0,20.5,0.962940958718362,20.700414613025327,14.731832968727625,-0.465,0.0,0.0,0.0,0.0,0.0
2024-01-13 04:15:00,2.0,20.6,0.962940958718362,20.61938222602645,14.722392988187332,-0.465,0.0,0.0,0.0,0.0,0.0
2024-01-13 04:30:00,2.0,20.5,0.962940958718362,20.53921923313973,14.712161985727992,-0.465,0.0,0.0,0.0,0.0,0.0
2024-01-13 04:45:00,2.0,20.5,0.962940958718362,20.459906070221557,14.701163590942885,-0.465,0.0,0.0,0.0,0.0,0.0
2024-01-13 05:00:00,2.0,20.5,0.962940958718362,20.38140914753968,14.68929023542902,-0.51833,0.0,0.0,0.0,0.0,0.0
2024-01-13 05:15:00,2.0,20.7,0.962940958718362,20.406972170773496,14.676684947897913,-0.51833,0.0,0.0,0.0,0.0,0.0
2024-01-13 05:30:00,2.0,20.5,0.962940958718362,20.984707251770963,14.66829293877694,-0.51833,0.0,0.0,0.0,0.0,0.0
2024-01-13 05:45:00,2.0,20.5,0.962940958718362,20.948209513751006,14.66349140909058,-0.51833,0.0,0.0,0.0,0.0,0.0
2024-01-13 06:00:00,2.0,20.7,0.962940958718362,20.863304956219448,14.657241191489053,-0.76333,0.0,0.0,0.0,0.0,0.0
2024-01-13 06:15:00,2.0,20.5,0.962940958718362,20.779274466239276,14.649418452495183,-0.76333,0.0,0.0,0.0,0.0,0.0
2024-01-13 06:30:00,2.0,20.5,0.962940958718362,20.696168096591983,14.640742052245184,-0.76333,0.0,0.0,0.0,0.0,0.0
2024-01-13 06:45:00,2.0,20.5,0.962940958718362,20.61396490424561,14.631237325766547,-0.76333,0.0,0.0,0.0,0.0,0.0
2024-01-13 07:00:00,1.0,20.533333333333335,0.962940958718362,20.532707765562428,14.619958356676902,-1.16,0.0,0.0,0.0,0.0,0.0
2024-01-13 07:15:00,1.0,21.0,0.962940958718362,21.041030357645568,14.608988186578115,-1.16,0.0,0.0,0.0,0.0,0.0
2024-01-13 07:30:00,1.0,21.0,0.962940958718362,21.4674303528284,14.605924605824217,-1.16,0.0,0.0,0.0,0.0,0.0
2024-01-13 07:45:00,1.0,21.0,0.962940958718362,21.37565315907801,14.603991237430952,-1.16,0.0,0.0,0.0,0.0,0.0
2024-01-13 08:00:00,1.0,21.0,0.962940958718362,21.28929911241614,14.600457163130379,-1.39333,0.0,0.0,0.0,0.0,0.0
2024-01-13 08:15:00,3.0,21.0,0.962940958718362,21.208881587153687,14.595356964986085,-1.39333,0.0,0.0,0.0,0.0,0.0
2024-01-13 08:30:00,3.0,21.0,0.962940958718362,21.129375823123887,14.589399314811878,-1.39333,0.0,0.0,0.0,0.0,0.0
2024-01-13 08:45:00,3.0,21.0,0.962940958718362,21.05076098292492,14.582609466885314,-1.39333,0.0,0.0,0.0,0.0,0.0
2024-01-13 09:00:00,3.0,21.0,0.962940958718362,20.975585488846182,14.575126856619374,-1.35,0.0,0.0,0.0,0.0,0.0
2024-01-13 09:15:00,3.0,21.0,0.962940958718362,20.904155466629042,14.567030869539241,-1.35,0.0,0.0,0.0,0.0,0.0
2024-01-13 09:30:00,3.0,21.0,0.962940958718362,20.833494400262474,14.55823377257599,-1.35,0.0,0.0,0.0,0.0,0.0
2024-01-13 09:45:00,3.0,21.0,0.962940958718362,20.763584968896133,14.548756490456023,-1.35,0.0,0.0,0.0,0.0,0.0
2024-01-13 10:00:00,1.0,21.0,0.962940958718362,20.695508943769102,14.539536829050729,-0.97667,0.0,0.0,0.0,0.0,0.0
2024-01-13 10:15:00,1.0,21.0,0.962940958718362,20.62940306793198,14.530721981430162,-0.97667,0.0,0.0,0.0,0.0,0.0
2024-01-13 10:30:00,1.0,21.0,0.962940958718362,20.563993663223165,14.521280722313197,-0.97667,0.0,0.0,0.0,0.0,0.0
2024-01-13 10:45:00,1.0,21.0,0.962940958718362,20.63691614709243,14.511450096239363,-0.97667,0.0,0.0,0.0,0.0,0.0
2024-01-13 11:00:00,1.0,21.0,0.962940958718362,21.399298948509315,14.5103922651327,0.405,0.0,0.0,0.0,0.0,0.0
2024-01-13 11:15:00,3.0,21.0,0.962940958718362,21.462286932363952,14.518863379567257,0.405,0.0,0.0,0.0,0.0,0.0
2024-01-13 11:30:00,3.0,21.0,0.962940958718362,21.38807098306443,14.526631866737159,0.405,0.0,0.0,0.0,0.0,0.0
2024-01-13 11:45:00,3.0,21.0,0.962940958718362,21.314839599100377,14.533397314135843,0.405,0.0,0.0,0.0,0.0,0.0
2024-01-13 12:00:00,3.0,21.0,0.962940958718362,21.24278271779803,14.54416532245329,2.438333,0.0,0.0,0.0,0.0,0.0
2024-01-13 12:15:00,3.0,21.0,0.962940958718362,21.171983529496742,14.559561282024378,2.438333,0.0,0.0,0.0,0.0,0.0
2024-01-13 12:30:00,3.0,21.0,0.962940958718362,21.102215183739254,14.573864869205327,2.438333,0.0,0.0,0.0,0.0,0.0
2024-01-13 12:45:00,3.0,21.0,0.962940958718362,21.03345271136911,14.587106722836698,2.438333,0.0,0.0,0.0,0.0,0.0
2024-01-13 13:00:00,3.0,21.0,0.962940958718362,20.965607286910675,14.605479706903076,4.956667,0.0,0.0,0.0,0.0,0.0
2024-01-13 13:15:00,3.0,21.0,0.962940958718362,20.89874498262592,14.629747484135935,4.956667,0.0,0.0,0.0,0.0,0.0
2024-01-13 13:30:00,3.0,21.0,0.962940958718362,20.8329677976377,14.652818544937624,4.956667,0.0,0.0,0.0,0.0,0.0
2024-01-13 13:45:00,3.0,21.0,0.962940958718362,20.768248910890822,14.67472593605223,4.956667,0.0,0.0,0.0,0.0,0.0
2024-01-13 14:00:00,3.0,21.0,0.962940958718362,20.703418612207024,14.699858276901159,6.738333,0.0,0.0,0.0,0.0,0.0
2024-01-13 14:15:00,3.0,21.0,0.962940958718362,20.63837638767094,14.728748324859051,6.738333,0.0,0.0,0.0,0.0,0.0
2024-01-13 14:30:00,1.0,21.0,0.962940958718362,20.574450348789707,14.756384580135956,6.738333,0.0,0.0,0.0,0.0,0.0
2024-01-13 14:45:00,1.0,21.0,0.962940958718362,20.560813637442784,14.7828404511442,6.738333,0.0,0.0,0.0,0.0,0.0
2024-01-13 15:00:00,3.0,21.0,0.962940958718362,21.27848037620222,14.81301808455016,7.008333000000001,0.7427361111111112,0.7279583333333334,1.0,1.0,0.0
2024-01-13 15:15:00,3.0,21.0,0.962940958718362,21.467674672118466,14.850441888148321,7.008333000000001,0.7704444444444445,0.0,1.0,0.0,0.0
2024-01-13 15:30:00,3.0,21.0,0.962940958718362,21.386592794676293,14.887112231819133,7.008333000000001,0.7981527777777778,0.0,1.0,0.0,0.0
2024-01-13 15:45:00,3.0,21.0,0.962940958718362,21.306909882870553,14.92220846196234,7.008333000000001,0.8,0.0,1.0,0.0,0.0
2024-01-13 16:00:00,3.0,21.0,0.962940958718362,21.22681777189145,14.954172773524954,6.356667,0.8,0.0,1.0,0.0,0.0
2024-01-13 16:15:00,3.0,21.0,0.962940958718362,21.14603330081541,14.982827236312602,6.356667,0.8,0.0,1.0,0.0,0.0
2024-01-13 16:30:00,1.0,21.0,0.962940958718362,21.066552249423616,15.010047109469241,6.356667,0.8,0.0,1.0,0.0,0.0
2024-01-13 16:45:00,1.0,21.0,0.962940958718362,20.988342433912727,15.035872039124708,6.356667,0.8,0.0,1.0,0.0,0.0
2024-01-13 17:00:00,3.0,21.0,0.962940958718362,20.911069124037702,15.057614855725499,5.243332999999999,0.8,0.0,1.0,0.0,0.0
2024-01-13 17:15:00,3.0,21.0,0.962940958718362,20.834620229112623,15.07498282843802,5.243332999999999,0.8,0.0,1.0,0.0,0.0
2024-01-13 17:30:00,3.0,21.0,0.962940958718362,20.759292965549815,15.091158642189358,5.243332999999999,0.8,0.0,1.0,0.0,0.0
2024-01-13 17:45:00,1.0,21.0,0.962940958718362,20.685060124044035,15.10617569498897,5.243332999999999,0.8,0.0,1.0,0.0,0.0
2024-01-13 18:00:00,1.0,21.0,0.962940958718362,20.611632693239315,15.117707979616409,4.28,0.8,0.0,1.0,0.0,0.0
2024-01-13 18:15:00,1.0,21.0,0.962940958718362,20.538914287188327,15.125501343871369,4.28,0.8,0.0,1.0,0.0,0.0
2024-01-13 18:30:00,1.0,21.0,0.962940958718362,20.913804473262054,15.133723220882388,4.28,0.8,0.0,1.0,0.0,0.0
2024-01-13 18:45:00,3.0,21.0,0.962940958718362,21.487771884706657,15.149424600111718,4.28,0.8,0.0,1.0,0.0,0.0
2024-01-13 19:00:00,1.0,21.0,0.962940958718362,21.409679078341124,15.166696177614039,4.148333,0.8,0.0,1.0,0.0,0.0
2024-01-13 19:15:00,1.0,21.0,0.962940958718362,21.327815763624333,15.182337460969949,4.148333,0.8,0.0,1.0,0.0,0.0
2024-01-13 19:30:00,1.0,21.0,0.962940958718362,21.24711959900101,15.196752329237562,4.148333,0.8,0.0,1.0,0.0,0.0
2024-01-13 19:45:00,1.0,21.0,0.962940958718362,21.167562432979924,15.209975296101335,4.148333,0.8,0.0,1.0,0.0,0.0
2024-01-13 20:00:00,1.0,21.0,0.962940958718362,21.088958796513225,15.220619950570775,3.568333,0.8,0.0,1.0,0.0,0.0
2024-01-13 20:15:00,1.0,21.0,0.962940958718362,21.011239494918076,15.228546924002073,3.568333,0.8,0.0,1.0,0.0,0.0
2024-01-13 20:30:00,1.0,21.0,0.962940958718362,20.93454884618062,15.235427042970354,3.568333,0.8,0.0,1.0,0.0,0.0
2024-01-13 20:45:00,1.0,21.0,0.962940958718362,20.85886242974231,15.241290148154478,3.568333,0.8,0.0,1.0,0.0,0.0
2024-01-13 21:00:00,2.0,20.766666666666666,0.962940958718362,20.784057451800283,15.245275742419052,3.205,0.8,0.0,1.0,0.0,0.0
2024-01-13 21:15:00,1.0,20.866666666666667,0.962940958718362,20.710084128553287,15.247304307742715,3.205,0.8,0.0,1.0,0.0,0.0
2024-01-13 21:30:00,1.0,21.0,0.962940958718362,20.637026595278765,15.248430090201687,3.205,0.8,0.0,1.0,0.0,0.0
2024-01-13 21:45:00,2.0,20.533333333333335,0.962940958718362,20.564863445934336,15.24867916064847,3.205,0.8,0.0,1.0,0.0,0.0
2024-01-13 22:00:00,2.0,20.5,0.962940958718362,20.493279980226045,15.245436823764342,2.126667,0.8,0.0,1.0,0.0,0.0
2024-01-13 22:15:00,2.0,20.5,0.962940958718362,20.42217688565256,15.238407861900793,2.126667,0.8,0.0,1.0,0.0,0.0
2024-01-13 22:30:00,2.0,20.5,0.962940958718362,20.35185104325223,15.230663520044205,2.126667,0.8,0.0,1.0,0.0,0.0
2024-01-13 22:45:00,2.0,20.5,0.962940958718362,20.282284868370464,15.222225062479238,2.126667,0.8,0.0,1.0,0.0,0.0
2024-01-13 23:00:00,2.0,20.5,0.962940958718362,20.213477582787473,15.213260083635557,2.186667,0.8,0.0,1.0,0.0,0.0
2024-01-13 23:15:00,2.0,20.5,0.962940958718362,20.14541689808923,15.203806528982279,2.186667,0.8,0.0,1.0,0.0,0.0
2024-01-13 23:30:00,2.0,20.5,0.962940958718362,20.07806894288583,15.193714454855986,2.186667,0.8,0.0,1.0,0.0,0.0
2024-01-13 23:45:00,2.0,20.5,0.962940958718362,20.060618785291453,15.18304209214939,2.186667,0.8,0.0,1.0,0.0,0.0
2024-01-14 00:00:00,2.0,20.5,0.962940958718362,20.77790862739909,15.1743975401344,1.52,0.8,0.0,1.0,0.0,0.0
2024-01-14 00:15:00,2.0,20.5,0.962940958718362,20.970619159705567,15.171080769052654,1.52,0.8,0.0,1.0,0.0,0.0
2024-01-14 00:30:00,2.0,20.5,0.962940958718362,20.892543720810583,15.167743198256433,1.52,0.8,0.0,1.0,0.0,0.0
2024-01-14 00:45:00,2.0,20.5,0.962940958718362,20.815372005655075,15.163545756198753,1.52,0.8,0.0,1.0,0.0,0.0
2024-01-14 01:00:00,2.0,20.5,0.962940958718362,20.738880229507764,15.156689667427369,0.775,0.8,0.0,1.0,0.0,0.0
2024-01-14 01:15:00,2.0,20.5,0.962940958718362,20.66299357977275,15.146978435168686,0.775,0.8,0.0,1.0,0.0,0.0
2024-01-14 01:30:00,2.0,20.5,0.962940958718362,20.587911126943595,15.136541188969753,0.775,0.8,0.0,1.0,0.0,0.0
2024-01-14 01:45:00,2.0,20.5,0.962940958718362,20.51361483927462,15.125399689876124,0.775,0.8,0.0,1.0,0.0,0.0
2024-01-14 02:00:00,2.0,20.5,0.962940958718362,20.440090785536743,15.113607761026287,0.788333,0.8,0.0,1.0,0.0,1.0
2024-01-14 02:15:00,2.0,20.5,0.962940958718362,20.367322832957836,15.101189972509262,0.788333,0.0,0.0,0.0,0.0,0.0
2024-01-14 02:30:00,2.0,20.5,0.962940958718362,20.295290399504122,15.088128711125249,0.788333,0.0,0.0,0.0,0.0,0.0
2024-01-14 02:45:00,2.0,20.5,0.962940958718362,20.22397722896085,15.074443530970727,0.788333,0.0,0.0,0.0,0.0,0.0
2024-01-14 03:00:00,2.0,20.5,0.962940958718362,20.15318899451203,15.058549833184827,0.133333,0.0,0.0,0.0,0.0,0.0
2024-01-14 03:15:00,2.0,20.5,0.962940958718362,20.08286227975107,15.040271815202187,0.133333,0.0,0.0,0.0,0.0,0.0
2024-01-14 03:30:00,2.0,20.5,0.962940958718362,20.062375393978876,15.021517460349095,0.133333,0.0,0.0,0.0,0.0,0.0
2024-01-14 03:45:00,2.0,20.5,0.962940958718362,20.776754101613594,15.006524617807571,0.133333,0.0,0.0,0.0,0.0,0.0
2024-01-14 04:00:00,1.0,20.533333333333335,0.962940958718362,20.966696624429957,14.998490789706334,0.011667,0.0,0.0,0.0,0.0,0.0
2024-01-14 04:15:00,1.0,20.666666666666668,0.962940958718362,20.88579340784774,14.990145083780487,0.011667,0.0,0.0,0.0,0.0,0.0
2024-01-14 04:30:00,1.0,20.8,0.962940958718362,20.805770580325294,14.98099130196195,0.011667,0.0,0.0,0.0,0.0,0.0
2024-01-14 04:45:00,2.0,20.8,0.962940958718362,20.72660824941847,14.971053492324131,0.011667,0.0,0.0,0.0,0.0,0.0
2024-01-14 05:00:00,2.0,20.8,0.962940958718362,20.64834017713195,14.960832477972485,0.206667,0.0,0.0,0.0,0.0,0.0
2024-01-14 05:15:00,2.0,20.6,0.962940958718362,20.57096177632578,14.950408893206935,0.206667,0.0,0.0,0.0,0.0,0.0
2024-01-14 05:30:00,2.0,20.5,0.962940958718362,20.494397398954607,14.939253872055783,0.206667,0.0,0.0,0.0,0.0,0.0
2024-01-14 05:45:00,1.0,20.933333333333334,0.962940958718362,20.801567890297534,14.928501236570035,0.206667,0.0,0.0,0.0,0.0,0.0
2024-01-14 06:00:00,2.0,20.966666666666665,0.962940958718362,21.484758050780393,14.92418605394394,-0.335,0.0,0.0,0.0,0.0,0.0
2024-01-14 06:15:00,2.0,20.5,0.962940958718362,21.425773393042725,14.921677889095122,-0.335,0.0,0.0,0.0,0.0,0.0
2024-01-14 06:30:00,2.0,20.5,0.962940958718362,21.338244295477615,14.918211107943595,-0.335,0.0,0.0,0.0,0.0,0.0
2024-01-14 06:45:00,2.0,20.5,0.962940958718362,21.251731501619975,14.913775673769162,-0.335,0.0,0.0,0.0,0.0,0.0
2024-01-14 07:00:00,2.0,20.5,0.962940958718362,21.166410595769488,14.908347603379354,-0.35667,0.0,0.0,0.0,0.0,0.0
2024-01-14 07:15:00,2.0,20.5,0.962940958718362,21.082283080148336,14.901951494077979,-0.35667,0.0,0.0,0.0,0.0,0.0
2024-01-14 07:30:00,2.0,20.5,0.962940958718362,20.99909722170977,14.894676374080179,-0.35667,0.0,0.0,0.0,0.0,0.0
2024-01-14 07:45:00,1.0,20.8,0.962940958718362,20.916831575025594,14.88654821446499,-0.35667,0.0,0.0,0.0,0.0,0.0
2024-01-14 08:00:00,1.0,21.0,0.962940958718362,20.84027504355247,14.877812753458397,-0.27333,0.0,0.0,0.0,0.0,0.0
2024-01-14 08:15:00,1.0,21.0,0.962940958718362,20.77001758809717,14.868599085819016,-0.27333,0.0,0.0,0.0,0.0,0.0
2024-01-14 08:30:00,1.0,21.0,0.962940958718362,20.700502119041754,14.858717040297647,-0.27333,0.0,0.0,0.0,0.0,0.0
2024-01-14 08:45:00,3.0,21.0,0.962940958718362,20.631712016432576,14.848186669556826,-0.27333,0.0,0.0,0.0,0.0,0.0
2024-01-14 09:00:00,1.0,21.0,0.962940958718362,20.56638546782466,14.83752232211875,-0.075,0.0,0.0,0.0,0.0,0.0
2024-01-14 09:15:00,1.0,21.0,0.962940958718362,20.578643570195613,14.826924847471657,-0.075,0.0,0.0,0.0,0.0,0.0
2024-01-14 09:30:00,1.0,21.0,0.962940958718362,21.325168084600925,14.820624613350494,-0.075,0.7759861111111112,0.7575138888888889,1.0,1.0,0.0
2024-01-14 09:45:00,1.0,21.0,0.962940958718362,21.473855223399823,14.821114598246082,-0.075,0.8,0.0,1.0,0.0,0.0
2024-01-14 10:00:00,3.0,21.0,0.962940958718362,21.40237474556619,14.82418865448952,1.075,0.8,0.0,1.0,0.0,0.0
2024-01-14 10:15:00,1.0,21.0,0.962940958718362,21.333147692697686,14.829579557287852,1.075,0.8,0.0,1.0,0.0,1.0
2024-01-14 10:30:00,1.0,21.0,0.962940958718362,21.264817736606872,14.834066332480045,1.075,0.0,0.0,0.0,0.0,0.0
2024-01-14 10:45:00,3.0,21.0,0.962940958718362,21.19736368136564,14.83767485430391,1.075,0.0,0.0,0.0,0.0,0.0
2024-01-14 11:00:00,1.0,21.0,0.962940958718362,21.131622099988416,14.845556380009691,3.168333,0.0,0.0,0.0,0.0,0.0
2024-01-14 11:15:00,1.0,21.0,0.962940958718362,21.06776245475079,14.858361253697677,3.168333,0.0,0.0,0.0,0.0,0.0
2024-01-14 11:30:00,1.0,21.0,0.962940958718362,21.004820198875034,14.870199188597654,3.168333,0.0,0.0,0.0,0.0,0.0
2024-01-14 11:45:00,1.0,21.0,0.962940958718362,20.94277317102925,14.881097363088701,3.168333,0.0,0.0,0.0,0.0,0.0
2024-01-14 12:00:00,1.0,21.0,0.962940958718362,20.88176749745965,14.894088979802309,4.396667,0.0,0.0,0.0,0.0,0.0
2024-01-14 12:15:00,1.0,21.0,0.962940958718362,20.821851076228654,14.909561432060649,4.396667,0.8,0.7889166666666667,1.0,1.0,0.0
2024-01-14 12:30:00,1.0,21.0,0.962940958718362,20.762835070022454,14.924067964333467,4.396667,0.8,0.0,1.0,0.0,0.0
2024-01-14 12:45:00,1.0,21.0,0.962940958718362,20.704697533999088,14.93763553845218,4.396667,0.8,0.0,1.0,0.0,0.0
2024-01-14 13:00:00,1.0,21.0,0.962940958718362,20.647398267918994,14.956131357518812,6.783333,0.8,0.0,1.0,0.0,1.0
2024-01-14 13:15:00,1.0,21.0,0.962940958718362,20.5910068602094,14.98027789626369,6.783333,0.0,0.0,0.0,0.0,0.0
2024-01-14 13:30:00,1.0,21.0,0.962940958718362,20.535572845305243,15.003352691697966,6.783333,0.0,0.0,0.0,0.0,0.0
2024-01-14 13:45:00,1.0,21.0,0.962940958718362,20.864011434698384,15.026497024000241,6.783333,0.0,0.0,0.0,0.0,0.0
2024-01-14 14:00:00,1.0,21.0,0.962940958718362,21.508640702875923,15.059029601082216,7.686667,0.0,0.0,0.0,0.0,0.0
2024-01-14 14:15:00,1.0,21.0,0.962940958718362,21.454915567091447,15.096405846287691,7.686667,0.0,0.0,0.0,0.0,0.0
2024-01-14 14:30:00,1.0,21.0,0.962940958718362,21.38765768116976,15.13235893536622,7.686667,0.0,0.0,0.0,0.0,0.0
2024-01-14 14:45:00,1.0,21.0,0.962940958718362,21.321623740475957,15.166912359946533,7.686667,0.8,0.7907638888888889,1.0,1.0,0.0
2024-01-14 15:00:00,1.0,21.0,0.962940958718362,21.25243026321916,15.199913916801421,7.615,0.8,0.0,1.0,0.0,0.0
2024-01-14 15:15:00,1.0,21.0,0.962940958718362,21.179495077854764,15.231307254490893,7.615,0.8,0.0,1.0,0.0,0.0
2024-01-14 15:30:00,1.0,21.0,0.962940958718362,21.107800027511296,15.261311663862244,7.615,0.8,0.0,1.0,0.0,0.0
2024-01-14 15:45:00,1.0,21.0,0.962940958718362,21.037314215764134,15.289965273269202,7.615,0.8,0.0,1.0,0.0,0.0
2024-01-14 16:00:00,3.0,21.0,0.962940958718362,20.965611833979363,15.315069890464372,6.705,0.8,0.0,1.0,0.0,0.0
2024-01-14 16:15:00,1.0,21.0,0.962940958718362,20.89232583426877,15.336355885635014,6.705,0.8,0.0,1.0,0.0,0.0
2024-01-14 16:30:00,1.0,21.0,0.962940958718362,20.82016825157403,15.356420359998136,6.705,0.8,0.0,1.0,0.0,1.0
2024-01-14 16:45:00,1.0,21.0,0.962940958718362,20.749111457881167,15.375297289500843,6.705,0.0,0.0,0.0,0.0,0.0
2024-01-14 17:00:00,1.0,21.0,0.962940958718362,20.678782466382078,15.389910420229572,5.435,0.0,0.0,0.0,0.0,0.0
2024-01-14 17:15:00,1.0,21.0,0.962940958718362,20.609062026828777,15.399915167023952,5.435,0.8,0.7981527777777778,1.0,1.0,0.0
2024-01-14 17:30:00,1.0,21.0,0.962940958718362,20.540297566659778,15.408931695670947,5.435,0.0,0.0,1.0,0.0,0.0
2024-01-14 17:45:00,1.0,21.0,0.962940958718362,20.91910802469658,15.418402394024847,5.435,0.0,0.0,1.0,0.0,0.0
2024-01-14 18:00:00,1.0,21.0,0.962940958718362,21.496578502141134,15.431925331220045,4.025,0.0,0.0,1.0,0.0,0.0
2024-01-14 18:15:00,1.0,21.0,0.962940958718362,21.421504811612937,15.443494435783604,4.025,0.0,0.0,1.0,0.0,0.0
2024-01-14 18:30:00,1.0,21.0,0.962940958718362,21.342601029174197,15.453931931567995,4.025,0.0,0.0,1.0,0.0,0.0
2024-01-14 18:45:00,1.0,21.0,0.962940958718362,21.264768991375355,15.463266063948819,4.025,0.0,0.0,1.0,0.0,0.0
2024-01-14 19:00:00,1.0,21.0,0.962940958718362,21.18771832492921,15.469149215328477,3.053333,0.0,0.0,1.0,0.0,0.0
2024-01-14 19:15:00,1.0,21.0,0.962940958718362,21.11135291760045,15.471323585798872,3.053333,0.0,0.0,1.0,0.0,0.0
2024-01-14 19:30:00,1.0,21.0,0.962940958718362,21.035933834383798,15.472564618860458,3.053333,0.0,0.0,1.0,0.0,0.0
2024-01-14 19:45:00,1.0,21.0,0.962940958718362,20.961438950310416,15.472899262322416,3.053333,0.0,0.0,1.0,0.0,0.0
2024-01-14 20:00:00,1.0,21.0,0.962940958718362,20.887654146173293,15.470623623292425,2.3466670000000005,0.0,0.0,1.0,0.0,0.0
2024-01-14 20:15:00,1.0,21.0,0.962940958718362,20.81450665853695,15.465553581063004,2.3466670000000005,0.0,0.0,1.0,0.0,0.0
2024-01-14 20:30:00,1.0,21.0,0.962940958718362,20.742183562101072,15.459710916489955,2.3466670000000005,0.0,0.0,1.0,0.0,0.0
2024-01-14 20:45:00,1.0,21.0,0.962940958718362,20.670666046779232,15.45311841863867,2.3466670000000005,0.0,0.0,1.0,0.0,0.0
2024-01-14 21:00:00,1.0,21.0,0.962940958718362,20.599839051440206,15.44492912589402,1.991667,0.0,0.0,1.0,0.0,0.0
2024-01-14 21:15:00,1.0,21.0,0.962940958718362,20.529658720035417,15.435059307017132,1.991667,0.0,0.0,1.0,0.0,0.0
2024-01-14 21:30:00,2.0,20.666666666666668,0.962940958718362,20.911221891511108,15.426488781117152,1.991667,0.0,0.0,1.0,0.0,0.0
2024-01-14 21:45:00,2.0,20.5,0.962940958718362,20.973614189773617,15.421885431777815,1.991667,0.0,0.0,1.0,0.0,0.0
2024-01-14 22:00:00,2.0,20.5,0.962940958718362,20.89832275425862,15.413766621339153,0.755,0.0,0.0,1.0,0.0,0.0
2024-01-14 22:15:00,2.0,20.5,0.962940958718362,20.823449664398858,15.40145972041032,0.755,0.0,0.0,1.0,0.0,0.0
2024-01-14 22:30:00,2.0,20.5,0.962940958718362,20.749338765101594,15.388482753043519,0.755,0.0,0.0,1.0,0.0,0.0
2024-01-14 22:45:00,2.0,20.5,0.962940958718362,20.675973173270698,15.374856037729169,0.755,0.0,0.0,1.0,0.0,0.0
2024-01-14 23:00:00,2.0,20.5,0.962940958718362,20.602908609065047,15.356755533846963,-0.815,0.0,0.0,1.0,0.0,0.0
2024-01-14 23:15:00,2.0,20.5,0.962940958718362,20.530014021903188,15.333734701278724,-0.815,0.0,0.0,1.0,0.0,0.0
2024-01-14 23:30:00,2.0,20.5,0.962940958718362,20.4577348443877,15.31024884720657,-0.815,0.0,0.0,1.0,0.0,0.0
2024-01-14 23:45:00,2.0,20.5,0.962940958718362,20.386058316655344,15.286313087396017,-0.815,0.0,0.0,1.0,0.0,0.0
