,Occupancy,T_set_HP,P_loss_HP,T_ref_HP,T_wall_HP,T_out_HP,T_ref_WB,T_set_WB,P_use_WB,P_loss_WB,SoC_ref_EV,SoC_arr_EV,EV_plugged,EV_arrival,EV_departure
2024-01-01 00:00:00,2.0,15.0,1.5892050846850287,14.965786822078128,13.523568136108672,12.0,59.078067462971816,60.0,3.0808960000000005,0.0,0.0,0.0,0.0,0.0,0.0
2024-01-01 00:15:00,2.0,15.0,1.5892050846850287,14.896231011700811,13.569766862765526,12.0,56.65321433349263,60.0,1.5404480000000003,0.0,0.0,0.0,0.0,0.0,0.0
2024-01-01 00:30:00,2.0,15.0,1.5892050846850287,14.832077480128088,13.609796286050843,12.0,57.805732250358396,60.0,0.5134826666666666,0.0,0.0,0.0,0.0,0.0,0.0
2024-01-01 00:45:00,2.0,15.0,1.5892050846850287,14.77278784057257,13.64429578786366,12.0,58.99505016722417,60.0,0.0,0.0,0.0,0.0,0.0,0.0,0.0
2024-01-01 01:00:00,2.0,15.0,1.5892050846850287,14.71787849158933,13.673839505627875,12.0,60.56456760630686,60.0,0.0,0.0,0.0,0.0,0.0,0.0,0.0
2024-01-01 01:15:00,2.0,15.0,1.5892050846850287,14.666915033832062,13.698942982761286,12.0,59.60953960821801,60.0,3.594378666666667,0.0,0.0,0.0,0.0,0.0,0.0
2024-01-01 01:30:00,2.0,15.0,1.5892050846850287,14.619507255865587,13.720069141304894,12.0,57.14748361204029,60.0,1.5404480000000003,0.0,0.0,0.0,0.0,0.0,0.0
2024-01-01 01:45:00,2.0,15.0,1.5892050846850287,14.575304631034731,13.737633645799855,12.0,58.09760152890606,60.0,0.2567413333333333,0.0,0.0,0.0,0.0,0.0,0.0
2024-01-01 02:00:00,2.0,15.0,1.5892050846850287,14.53354732988613,13.745117594473196,11.0,57.354919445771834,60.0,2.3106720000000007,0.0,0.0,0.0,0.0,0.0,0.0
2024-01-01 02:15:00,2.0,15.0,1.5892050846850287,14.948936815429963,13.74672672819281,11.0,58.5626373626376,60.0,0.0,0.0,0.0,0.0,0.0,0.0,0.0
2024-01-01 02:30:00,2.0,15.0,1.5892050846850287,15.557444206626597,13.785353345007765,11.0,60.17515527950338,60.0,0.0,0.0,0.0,0.0,0.0,0.0,0.0
2024-01-01 02:45:00,2.0,15.0,1.5892050846850287,15.471001462745074,13.828776585923276,11.0,61.035164835165126,60.0,1.5404480000000003,0.0,0.0,0.0,0.0,0.0,0.0
2024-01-01 03:00:00,2.0,15.0,1.5892050846850287,15.39062858141752,13.865401257177528,11.0,58.48573874820862,60.0,1.5404480000000003,0.0,0.0,0.0,0.0,0.0,0.0
2024-01-01 03:15:00,1.0,15.333333333333334,1.5892050846850287,15.315726771263222,13.89593748967342,11.0,59.980689918777216,60.0,0.0,0.0,0.0,0.0,0.0,0.0,0.0
2024-01-01 03:30:00,2.0,15.666666666666666,1.5892050846850287,15.695850869719399,13.930729024723007,11.0,60.957904252269834,60.0,0.5134826666666666,0.0,0.0,0.0,0.0,0.0,0.0
2024-01-01 03:45:00,2.0,15.0,1.5892050846850287,15.64100089924902,13.97312480022509,11.0,58.66277649307252,60.0,3.337637333333334,0.0,0.0,0.0,0.0,0.0,0.0
2024-01-01 04:00:00,2.0,15.0,1.5892050846850287,15.559265379147948,14.008858275689363,11.0,59.17322694696648,60.0,0.0,0.0,0.0,0.0,0.0,0.0,0.0
2024-01-01 04:15:00,2.0,15.0,1.5892050846850287,15.483024088032757,14.03849395422504,11.0,60.54944366937454,60.0,0.5134826666666666,0.0,0.0,0.0,0.0,0.0,0.0
2024-01-01 04:30:00,1.0,18.666666666666668,1.5892050846850287,16.07153495711854,14.070621677073117,11.0,60.20954725274768,60.0,0.2567413333333333,0.0,0.0,0.0,0.0,0.0,0.0
2024-01-01 04:45:00,1.0,20.0,1.5892050846850287,18.21294239194151,14.16985453746795,11.0,60.135947252747684,60.0,0.2567413333333333,0.0,0.0,0.0,0.0,0.0,0.0
2024-01-01 05:00:00,1.0,18.666666666666668,1.5892050846850287,19.898570385355285,14.355497782925834,10.0,59.89674725274768,60.0,0.0,0.0,0.0,0.0,0.0,0.0,0.0
2024-01-01 05:15:00,1.0,20.0,1.5892050846850287,20.311374563749578,14.577151917464374,10.0,59.89674725274768,60.0,0.0,0.0,0.0,0.0,0.0,0.0,0.0
2024-01-01 05:30:00,1.0,20.0,1.5892050846850287,20.03640751021142,14.782465346406209,10.0,59.89674725274768,60.0,0.0,0.0,0.0,0.0,0.0,0.0,0.0
2024-01-01 05:45:00,2.0,18.666666666666668,1.5892050846850287,19.78384061662333,14.961982438282297,10.0,59.89674725274768,60.0,0.0,0.0,0.0,0.0,0.0,0.0,0.0
2024-01-01 06:00:00,2.0,15.0,1.5892050846850287,19.551431569969605,15.118367737635587,10.0,59.166947730530765,60.0,3.337637333333334,0.0,0.0,0.0,0.0,0.0,0.0
2024-01-01 06:15:00,2.0,15.0,1.5892050846850287,19.337166304897114,15.254013954708144,10.0,57.362460391782584,60.0,0.5134826666666666,0.0,0.0,0.0,0.0,0.0,0.0
2024-01-01 06:30:00,1.0,15.666666666666666,1.5892050846850287,19.150180803028167,15.371069673463955,10.0,56.76697830864835,60.0,2.053930666666667,0.0,0.0,0.0,0.0,0.0,0.0
2024-01-01 06:45:00,1.0,20.0,1.5892050846850287,20.181094962439047,15.494381791861548,10.0,57.95629622551412,60.0,0.0,0.0,0.0,0.0,0.0,0.0,0.0
2024-01-01 07:00:00,1.0,20.0,1.5892050846850287,20.33394408584038,15.651287456367111,10.0,58.2440141423799,60.0,1.5404480000000003,0.0,0.0,0.0,0.0,0.0,0.0
2024-01-01 07:15:00,1.0,20.0,1.5892050846850287,20.107386310128227,15.790996272683334,10.0,59.08373205924567,60.0,0.5134826666666666,0.0,0.0,0.0,0.0,0.0,0.0
2024-01-01 07:30:00,1.0,20.0,1.5892050846850287,19.89792917059292,15.91127893067789,10.0,60.45084949832836,60.0,0.5134826666666666,0.0,0.0,0.0,0.0,0.0,0.0
2024-01-01 07:45:00,1.0,20.0,1.5892050846850287,19.70387314717005,16.014153001074003,10.0,60.445454753942315,60.0,0.2567413333333333,0.0,0.0,0.0,0.0,0.0,0.0
2024-01-01 08:00:00,1.0,20.0,1.5892050846850287,19.633758459263007,16.101807977193616,10.0,59.654254753942304,60.0,3.8511200000000003,0.0,0.0,0.0,0.0,0.0,0.0
2024-01-01 08:15:00,1.0,20.0,1.5892050846850287,20.446002493203885,16.20455031533568,10.0,56.90786430960405,60.0,0.0,0.0,0.0,0.0,0.0,0.0,0.0
2024-01-01 08:30:00,3.0,19.633333333333333,1.5892050846850287,20.27312314339283,16.316709422950023,10.0,58.52038222646983,60.0,0.0,0.0,0.0,0.0,0.0,0.0,0.0
2024-01-01 08:45:00,1.0,19.733333333333334,1.5892050846850287,20.08212810587226,16.412273318449557,10.0,60.132900143335604,60.0,0.0,0.0,0.0,0.0,0.0,0.0,0.0
2024-01-01 09:00:00,1.0,20.0,1.5892050846850287,19.905542537127946,16.492853916147443,10.0,61.09324414715789,60.0,0.0,0.0,0.0,0.0,0.0,0.0,0.0
2024-01-01 09:15:00,1.0,19.7,1.5892050846850287,19.742124702768347,16.560086030610933,10.0,59.94741137123815,60.0,3.8511200000000003,0.0,0.0,0.0,0.0,0.0,0.0
2024-01-01 09:30:00,1.0,20.0,1.5892050846850287,19.58949790439176,16.615387952969435,10.0,58.03252403248997,60.0,0.2567413333333333,0.0,0.0,0.0,0.0,0.0,0.0
2024-01-01 09:45:00,1.0,20.0,1.5892050846850287,20.126738809609048,16.669535643385792,10.0,59.47944194935574,60.0,0.0,0.0,0.0,0.0,0.0,0.0,0.0
2024-01-01 10:00:00,1.0,20.0,1.5892050846850287,20.40765841333646,16.759685865113838,11.0,60.72569096990044,60.0,0.5134826666666666,0.0,0.0,0.0,0.0,0.0,0.0
2024-01-01 10:15:00,1.0,20.0,1.5892050846850287,20.23985488221562,16.848933316674525,11.0,60.1535598662215,60.0,0.5134826666666666,0.0,0.0,0.0,0.0,0.0,0.0
2024-01-01 10:30:00,1.0,20.0,1.5892050846850287,20.084062238326926,16.92467580912285,11.0,59.98795986622151,60.0,0.0,0.0,0.0,0.0,0.0,0.0,0.0
2024-01-01 10:45:00,1.0,20.0,1.5892050846850287,19.939093209600905,16.988321766795895,11.0,59.54442732919331,60.0,1.2837066666666668,0.0,0.0,0.0,0.0,0.0,0.0
2024-01-01 11:00:00,1.0,20.0,1.5892050846850287,19.806765033006865,17.04806291889378,12.0,57.8555741997141,60.0,3.594378666666667,0.0,0.0,0.0,0.0,0.0,0.0
2024-01-01 11:15:00,1.0,20.0,1.5892050846850287,19.68678719026246,17.105616096533875,12.0,56.65289211657988,60.0,1.5404480000000003,0.0,0.0,0.0,0.0,0.0,0.0
2024-01-01 11:30:00,1.0,20.0,1.5892050846850287,19.57510898218784,17.153901818414838,12.0,56.95901003344565,60.0,1.0269653333333333,0.0,0.0,0.0,0.0,0.0,0.0
2024-01-01 11:45:00,1.0,20.0,1.5892050846850287,20.076397067948513,17.201424628399554,12.0,58.019527950311414,60.0,0.2567413333333333,0.0,0.0,0.0,0.0,0.0,0.0
2024-01-01 12:00:00,1.0,20.0,1.5892050846850287,20.467541347490265,17.28068000613538,12.0,58.914445867177186,60.0,1.2837066666666668,0.0,0.0,0.0,0.0,0.0,0.0
2024-01-01 12:15:00,1.0,20.0,1.5892050846850287,20.32442188337581,17.3550948359474,12.0,58.61336378404295,60.0,3.3376373333333333,0.0,0.0,0.0,0.0,0.0,0.0
2024-01-01 12:30:00,1.0,20.0,1.5892050846850287,20.191468052553752,17.418097089374456,12.0,57.70508170090873,60.0,0.0,0.0,0.0,0.0,0.0,0.0,0.0
2024-01-01 12:45:00,1.0,20.0,1.5892050846850287,20.06767579536974,17.47087772001057,12.0,59.299199617774505,60.0,0.5134826666666666,0.0,0.0,0.0,0.0,0.0,0.0
2024-01-01 13:00:00,1.0,20.0,1.5892050846850287,19.95228433481285,17.514508118565605,12.0,60.370950788343094,60.0,0.2567413333333333,0.0,0.0,0.0,0.0,0.0,0.0
2024-01-01 13:15:00,1.0,20.0,1.5892050846850287,19.844494450440433,17.549957922158626,12.0,60.48952470138658,60.0,0.2567413333333333,0.0,0.0,0.0,0.0,0.0,0.0
2024-01-01 13:30:00,1.0,20.0,1.5892050846850287,19.74341283122716,17.578090843373726,12.0,60.47112470138658,60.0,0.0,0.0,0.0,0.0,0.0,0.0,0.0
2024-01-01 13:45:00,1.0,20.0,1.5892050846850287,19.64838676239702,17.59967948959589,12.0,60.47112470138658,60.0,0.0,0.0,0.0,0.0,0.0,0.0,0.0
2024-01-01 14:00:00,1.0,20.0,1.5892050846850287,19.55568016213746,17.61537237550782,12.0,59.97432470138657,60.0,0.5134826666666666,0.0,0.0,0.0,0.0,0.0,0.0
2024-01-01 14:15:00,1.0,20.0,1.5892050846850287,20.144653969601663,17.635104344989738,12.0,59.91912470138657,60.0,0.0,0.0,0.0,0.0,0.0,0.0,0.0
2024-01-01 14:30:00,1.0,20.0,1.5892050846850287,20.4700589932511,17.68849873465439,12.0,59.91912470138657,60.0,0.0,0.0,0.0,0.0,0.0,0.0,0.0
2024-01-01 14:45:00,1.0,20.0,1.5892050846850287,20.33919970825362,17.737570045489573,12.0,59.91912470138657,60.0,0.0,0.0,0.0,0.0,0.0,0.0,0.0
2024-01-01 15:00:00,1.0,20.0,1.5892050846850287,20.21388547145417,17.777342674208416,12.0,59.716724701386575,60.0,0.770224,0.0,0.0,0.0,0.0,0.0,0.0
2024-01-01 15:15:00,1.0,20.0,1.5892050846850287,20.093068689142726,17.80859819820641,12.0,59.18352756808508,60.0,0.2567413333333333,0.0,0.0,0.0,0.0,0.0,0.0
2024-01-01 15:30:00,1.0,20.0,1.5892050846850287,19.979380655524103,17.832178864897198,12.0,60.51364357381851,60.0,0.0,0.0,0.0,0.0,0.0,0.0,0.0
2024-01-01 15:45:00,1.0,20.0,1.5892050846850287,19.872132375689002,17.84889946149594,12.0,61.07264978499864,60.0,1.5404480000000003,0.0,0.0,0.0,0.0,0.0,0.0
2024-01-01 16:00:00,1.0,20.0,1.5892050846850287,19.770201964113856,17.85259853776468,11.0,56.75682369804213,60.0,5.391568000000001,0.0,0.0,0.0,0.0,0.0,0.0
2024-01-01 16:15:00,1.0,20.0,1.5892050846850287,19.67255173876663,17.84351108348932,11.0,55.546974868610725,60.0,3.0808960000000005,0.0,0.0,0.0,0.0,0.0,0.0
2024-01-01 16:30:00,1.0,20.0,1.5892050846850287,19.579082317894347,17.83035267286782,11.0,54.17869278547651,60.0,0.0,0.0,0.7643749999999998,0.7445833333333334,1.0,1.0,0.0
2024-01-01 16:45:00,1.0,20.0,1.5892050846850287,19.869494598377823,17.816607704098846,11.0,55.79121070234228,60.0,0.0,0.0,0.7999999999999994,0.0,1.0,0.0,0.0
2024-01-01 17:00:00,1.0,20.0,1.5892050846850287,20.50895639005457,17.837411613121123,11.0,57.16452861920806,60.0,0.5134826666666666,0.0,0.7999999999999994,0.0,1.0,0.0,0.0
2024-01-01 17:15:00,1.0,20.0,1.5892050846850287,20.375813749381773,17.86433253947137,11.0,58.46424653607383,60.0,0.0,0.0,0.7999999999999994,0.0,1.0,0.0,0.0
2024-01-01 17:30:00,1.0,20.0,1.5892050846850287,20.250180865401095,17.883262619275612,11.0,60.07676445293961,60.0,0.0,0.0,0.7999999999999994,0.0,1.0,0.0,0.0
2024-01-01 17:45:00,1.0,20.0,1.5892050846850287,20.13133625473339,17.89505433958677,11.0,61.037511323460414,60.0,0.2567413333333333,0.0,0.7999999999999994,0.0,1.0,0.0,0.0
2024-01-01 18:00:00,1.0,20.0,1.5892050846850287,20.018631651270894,17.900473023692154,11.0,60.685978786432216,60.0,1.0269653333333333,0.0,0.7999999999999994,0.0,1.0,0.0,0.0
2024-01-01 18:15:00,1.0,20.0,1.5892050846850287,19.91148454596196,17.900205717104743,11.0,59.78437878643221,60.0,0.5134826666666666,0.0,0.7999999999999994,0.0,1.0,0.0,0.0
2024-01-01 18:30:00,1.0,20.0,1.5892050846850287,19.80937148694658,17.894869167853138,11.0,59.434778786432204,60.0,0.0,0.0,0.7999999999999994,0.0,1.0,0.0,0.0
2024-01-01 18:45:00,1.0,20.0,1.5892050846850287,19.711822062545505,17.885016993381996,11.0,59.44778404204616,60.0,0.5134826666666666,0.0,0.7999999999999994,0.0,1.0,0.0,0.0
2024-01-01 19:00:00,1.0,20.0,1.5892050846850287,19.61841349750476,17.871146116966166,11.0,60.71959980888804,60.0,0.5134826666666666,0.0,0.7999999999999994,0.0,1.0,0.0,0.0
2024-01-01 19:15:00,1.0,20.0,1.5892050846850287,19.561565011942555,17.85373907302183,11.0,60.00047013855838,60.0,1.5404480000000003,0.0,0.7999999999999994,0.0,1.0,0.0,0.0
2024-01-01 19:30:00,1.0,20.0,1.5892050846850287,20.459569289159603,17.85608331090251,11.0,60.11481700907918,60.0,0.0,0.0,0.7999999999999994,0.0,1.0,0.0,0.0
2024-01-01 19:45:00,1.0,20.0,1.5892050846850287,20.434567250097903,17.88403630837225,11.0,60.854361012901464,60.0,0.2567413333333333,0.0,0.7999999999999994,0.0,1.0,0.0,0.0
2024-01-01 20:00:00,1.0,20.0,1.5892050846850287,20.30707413145085,17.90453207104734,11.0,59.90513062589717,60.0,1.7971893333333333,0.0,0.7999999999999994,0.0,1.0,0.0,0.0
2024-01-01 20:15:00,1.0,20.0,1.5892050846850287,20.186528961756075,17.91770398715848,11.0,60.551346392739056,60.0,0.0,0.0,0.7999999999999994,0.0,1.0,0.0,0.0
2024-01-01 20:30:00,1.0,20.0,1.5892050846850287,20.07226741721575,17.924336473201688,11.0,57.3137521261361,60.0,19.76908266666667,0.0,0.7999999999999994,0.0,1.0,0.0,0.0
2024-01-01 20:45:00,1.0,20.0,1.5892050846850287,19.96369256616356,17.92513372050008,11.0,25.29646478738788,60.0,18.742117333333333,0.0,0.7999999999999994,0.0,1.0,0.0,0.0
2024-01-01 21:00:00,1.0,20.0,1.5892050846850287,19.85982305914468,17.913835748003525,10.0,22.051382704253605,60.0,1.0269653333333333,0.0,0.7999999999999994,0.0,1.0,0.0,0.0
2024-01-01 21:15:00,1.0,20.0,1.5892050846850287,19.759699911603434,17.890592155833268,10.0,22.927900621119328,60.0,0.0,0.0,0.7999999999999994,0.0,1.0,0.0,0.0
2024-01-01 21:30:00,2.0,19.333333333333332,1.5892050846850287,19.663222474464835,17.864038966093336,10.0,24.54041853798505,60.0,0.0,0.0,0.7999999999999994,0.0,1.0,0.0,0.0
2024-01-01 21:45:00,1.0,19.666666666666668,1.5892050846850287,19.57006671395366,17.834554668115068,10.0,26.152936454850774,60.0,0.0,0.0,0.7999999999999994,0.0,1.0,0.0,0.0
2024-01-01 22:00:00,1.0,20.0,1.5892050846850287,20.01053499924944,17.808268667567802,10.0,27.765454371716498,60.0,0.2567413333333333,0.0,0.7999999999999994,0.0,1.0,0.0,0.0
2024-01-01 22:15:00,1.0,20.0,1.5892050846850287,20.491391232707556,17.818919486743663,10.0,29.10197228858222,60.0,0.0,0.0,0.7999999999999994,0.0,1.0,0.0,0.0
2024-01-01 22:30:00,2.0,19.333333333333332,1.5892050846850287,20.357154173871788,17.83154575765278,10.0,28.764090205447946,60.0,2.5674133333333335,0.0,0.7999999999999994,0.0,1.0,0.0,0.0
2024-01-01 22:45:00,2.0,15.0,1.5892050846850287,20.229820478181963,17.837016571188688,10.0,29.56700812231367,60.0,0.0,0.0,0.7999999999999994,0.0,1.0,0.0,0.0
2024-01-01 23:00:00,2.0,15.0,1.5892050846850287,20.108735672137605,17.8361037748293,10.0,30.130726039179397,60.0,3.594378666666667,0.0,0.7999999999999994,0.0,1.0,0.0,0.0
2024-01-01 23:15:00,2.0,15.0,1.5892050846850287,19.993311631934258,17.82950023865135,10.0,28.92804395604512,60.0,0.0,0.0,0.7999999999999994,0.0,1.0,0.0,0.0
2024-01-01 23:30:00,2.0,15.0,1.5892050846850287,19.883019823485547,17.817827907179602,10.0,30.54056187291084,60.0,0.0,0.0,0.7999999999999994,0.0,1.0,0.0,0.0
2024-01-01 23:45:00,2.0,15.0,1.5892050846850287,19.777385231423825,17.801645030551295,10.0,32.15307978977658,60.0,0.0,0.0,0.7999999999999994,0.0,1.0,0.0,0.0
2024-01-02 00:00:00,2.0,15.0,1.5892050846850287,19.675980906856612,17.78145265864249,10.0,33.56319770664234,60.0,0.2567413333333333,0.0,0.7999999999999994,0.0,1.0,0.0,0.0
2024-01-02 00:15:00,2.0,15.0,1.5892050846850287,19.57842307081368,17.757700473277605,10.0,35.10211562350812,60.0,0.0,0.0,0.7999999999999994,0.0,1.0,0.0,0.0
2024-01-02 00:30:00,2.0,15.0,1.5892050846850287,19.48436671674717,17.730792025986798,10.0,36.714633540373896,60.0,0.0,0.0,0.7999999999999994,0.0,1.0,0.0,0.0
2024-01-02 00:45:00,2.0,15.0,1.5892050846850287,19.39350166121989,17.701089441899693,10.0,38.16155145723967,60.0,0.5134826666666666,0.0,0.7999999999999994,0.0,1.0,0.0,1.0
2024-01-02 01:00:00,2.0,15.0,1.5892050846850287,19.305993940516462,17.67580977017331,11.0,39.38766937410544,60.0,0.0,0.0,0.0,0.0,0.0,0.0,0.0
2024-01-02 01:15:00,2.0,15.0,1.5892050846850287,19.222069675967727,17.655662369470917,11.0,39.23378729097122,60.0,3.337637333333334,0.0,0.0,0.0,0.0,0.0,0.0
2024-01-02 01:30:00,2.0,15.0,1.5892050846850287,19.141170704529717,17.63278207082165,11.0,38.859105207837,60.0,0.2567413333333333,0.0,0.0,0.0,0.0,0.0,0.0
2024-01-02 01:45:00,2.0,15.0,1.5892050846850287,19.063028756125778,17.607482116413294,11.0,39.018023124702765,60.0,1.7971893333333335,0.0,0.0,0.0,0.0,0.0,0.0
2024-01-02 02:00:00,2.0,15.0,1.5892050846850287,18.986957669633384,17.573151444342372,10.0,37.281741041568544,60.0,3.0808960000000005,0.0,0.0,0.0,0.0,0.0,0.0
2024-01-02 02:15:00,2.0,15.0,1.5892050846850287,18.912263587086038,17.52962437850747,10.0,38.34225895843432,60.0,0.0,0.0,0.0,0.0,0.0,0.0,0.0
2024-01-02 02:30:00,2.0,15.0,1.5892050846850287,18.83908398805852,17.48525381994998,10.0,39.9547768753001,60.0,0.0,0.0,0.0,0.0,0.0,0.0,0.0
2024-01-02 02:45:00,2.0,15.0,1.5892050846850287,18.767308721018924,17.44016401459412,10.0,41.567294792165875,60.0,0.0,0.0,0.0,0.0,0.0,0.0,0.0
2024-01-02 03:00:00,2.0,15.0,1.5892050846850287,18.696838540932628,17.394466267389646,10.0,43.17981270903165,60.0,0.0,0.0,0.0,0.0,0.0,0.0,0.0
2024-01-02 03:15:00,2.0,15.0,1.5892050846850287,18.627583999962514,17.34826026330609,10.0,44.79233062589743,60.0,0.0,0.0,0.0,0.0,0.0,0.0,0.0
2024-01-02 03:30:00,2.0,15.0,1.5892050846850287,18.559464451215568,17.30163525367277,10.0,46.40484854276321,60.0,0.0,0.0,0.7999999999999998,0.7841666666666667,1.0,1.0,0.0
2024-01-02 03:45:00,1.0,19.333333333333332,1.5892050846850287,19.336001196897055,17.264920644513282,10.0,48.01736645962898,60.0,0.0,0.0,0.7999999999999998,0.0,1.0,0.0,0.0
2024-01-02 04:00:00,1.0,20.0,1.5892050846850287,20.47364315443459,17.29508895048061,10.0,48.85708437649476,60.0,3.0808960000000005,0.0,0.7999999999999998,0.0,1.0,0.0,0.0
2024-01-02 04:15:00,1.0,18.0,1.5892050846850287,20.31613172059695,17.339389426470884,10.0,47.82000229336053,60.0,0.2567413333333333,0.0,0.7999999999999998,0.0,1.0,0.0,1.0
2024-01-02 04:30:00,1.0,20.0,1.5892050846850287,20.168077675852036,17.37346353811398,10.0,49.26692021022631,60.0,0.0,0.0,0.0,0.0,0.0,0.0,0.0
2024-01-02 04:45:00,2.0,18.0,1.5892050846850287,20.028564914591872,17.3983949877631,10.0,48.34023812709209,60.0,3.0808960000000005,0.0,0.0,0.0,0.0,0.0,0.0
2024-01-02 05:00:00,2.0,15.0,1.5892050846850287,19.896770356789123,17.415156723458143,10.0,48.701556043957865,60.0,1.7971893333333335,0.0,0.0,0.0,0.0,0.0,0.0
2024-01-02 05:15:00,2.0,15.0,1.5892050846850287,19.77195446906369,17.424622229513243,10.0,48.234873960823634,60.0,1.0269653333333333,0.0,0.0,0.0,0.0,0.0,0.0
2024-01-02 05:30:00,2.0,15.0,1.5892050846850287,19.65345275185247,17.427575666317964,10.0,49.3689918776894,60.0,0.0,0.0,0.0,0.0,0.0,0.0,0.0
2024-01-02 05:45:00,2.0,18.0,1.5892050846850287,19.54066809421419,17.424720976643847,10.0,50.815909794555175,60.0,0.5134826666666666,0.0,0.0,0.0,0.0,0.0,0.0
2024-01-02 06:00:00,1.0,16.666666666666668,1.5892050846850287,19.542155990590132,17.417053922406005,10.0,51.82122771142095,60.0,0.2567413333333333,0.0,0.0,0.0,0.0,0.0,0.0
2024-01-02 06:15:00,1.0,20.0,1.5892050846850287,20.417146732159676,17.433756090982747,10.0,53.37854562828672,60.0,0.0,0.0,0.0,0.0,0.0,0.0,0.0
2024-01-02 06:30:00,1.0,20.0,1.5892050846850287,20.300098726535754,17.468194278510314,10.0,54.8438635451525,60.0,0.2567413333333333,0.0,0.0,0.0,0.0,0.0,0.0
2024-01-02 06:45:00,1.0,20.0,1.5892050846850287,20.15872827411467,17.493511844249504,10.0,56.16198146201827,60.0,0.5134826666666666,0.0,0.0,0.0,0.0,0.0,0.0
2024-01-02 07:00:00,2.0,16.333333333333332,1.5892050846850287,20.025626232683774,17.517439676956144,11.0,57.38809937888404,60.0,0.0,0.0,0.0,0.0,0.0,0.0,0.0
2024-01-02 07:15:00,1.0,19.666666666666668,1.5892050846850287,19.90051988699037,17.541281062364558,11.0,58.96381729574982,60.0,0.2567413333333333,0.0,0.0,0.0,0.0,0.0,0.0
2024-01-02 07:30:00,1.0,20.0,1.5892050846850287,19.782403067895764,17.557704212982205,11.0,60.33713521261559,60.0,0.0,0.0,0.0,0.0,0.0,0.0,0.0
2024-01-02 07:45:00,1.0,20.0,1.5892050846850287,19.67060514901165,17.567501377948975,11.0,60.42724357381962,60.0,1.0269653333333333,0.0,0.0,0.0,0.0,0.0,0.0
2024-01-02 08:00:00,1.0,20.0,1.5892050846850287,19.564935759779086,17.57138970498726,11.0,59.98564357381961,60.0,0.0,0.0,0.0,0.0,0.0,0.0,0.0
2024-01-02 08:15:00,1.0,20.0,1.5892050846850287,20.14501966638749,17.57955850106491,11.0,59.98564357381961,60.0,0.0,0.0,0.0,0.0,0.0,0.0,0.0
2024-01-02 08:30:00,1.0,20.0,1.5892050846850287,20.461421264045978,17.62168553077803,11.0,59.98564357381961,60.0,0.0,0.0,0.0,0.0,0.0,0.0,0.0
2024-01-02 08:45:00,1.0,20.0,1.5892050846850287,20.321463990018444,17.659761544002468,11.0,59.10944978499974,60.0,1.5404480000000003,0.0,0.7802083333333333,0.7722916666666667,1.0,1.0,0.0
2024-01-02 09:00:00,1.0,20.0,1.5892050846850287,20.189856384591028,17.688830878194494,11.0,60.45816722408244,60.0,0.0,0.0,0.7999999999999997,0.0,1.0,0.0,0.0
2024-01-02 09:15:00,1.0,20.0,1.5892050846850287,20.065791339859633,17.709849058157737,11.0,61.01717343526257,60.0,0.0,0.0,0.7999999999999997,0.0,1.0,0.0,0.0
2024-01-02 09:30:00,1.0,20.0,1.5892050846850287,19.94853683594423,17.72367367932331,11.0,61.01717343526257,60.0,0.0,0.0,0.7999999999999997,0.0,1.0,0.0,0.0
2024-01-02 09:45:00,3.0,19.933333333333334,1.5892050846850287,19.837441017346194,17.73107454840734,11.0,61.01717343526257,60.0,0.0,0.0,0.7999999999999997,0.0,1.0,0.0,0.0
2024-01-02 10:00:00,1.0,19.6,1.5892050846850287,19.733902486119135,17.732771191667382,11.0,61.01717343526257,60.0,0.0,0.0,0.7999999999999997,0.0,1.0,0.0,0.0
2024-01-02 10:15:00,1.0,20.0,1.5892050846850287,19.637550022142758,17.729516996128268,11.0,61.01717343526257,60.0,0.0,0.0,0.7999999999999997,0.0,1.0,0.0,0.0
2024-01-02 10:30:00,1.0,20.0,1.5892050846850287,19.54558572791625,17.7218913457739,11.0,61.01717343526257,60.0,0.0,0.0,0.7999999999999997,0.0,1.0,0.0,0.0
2024-01-02 10:45:00,1.0,20.0,1.5892050846850287,20.286320399891302,17.72459244474057,11.0,61.01717343526257,60.0,0.0,0.0,0.7999999999999997,0.0,1.0,0.0,0.0
2024-01-02 11:00:00,1.0,20.0,1.5892050846850287,20.45682122676915,17.75980345732302,11.0,60.85157343526257,60.0,0.2567413333333333,0.0,0.7999999999999997,0.0,1.0,0.0,0.0
2024-01-02 11:15:00,1.0,20.0,1.5892050846850287,20.324341840036578,17.789108398038575,11.0,59.14367510750337,60.0,3.337637333333334,0.0,0.7999999999999997,0.0,1.0,0.0,0.0
2024-01-02 11:30:00,1.0,20.0,1.5892050846850287,20.19945070110626,17.810305987140495,11.0,58.658190157670624,60.0,0.0,0.0,0.7999999999999997,0.0,1.0,0.0,0.0
2024-01-02 11:45:00,1.0,20.0,1.5892050846850287,20.081417267512315,17.8242596693537,11.0,60.0315080745364,60.0,0.2567413333333333,0.0,0.7999999999999997,0.0,1.0,0.0,0.0
2024-01-02 12:00:00,1.0,20.0,1.5892050846850287,19.96980300750229,17.838633486144477,12.0,61.048219780222034,60.0,0.0,0.0,0.7999999999999997,0.0,1.0,0.0,0.0
2024-01-02 12:15:00,1.0,20.0,1.5892050846850287,19.864477307251665,17.85452595600477,12.0,61.06972001911358,60.0,0.0,0.0,0.7999999999999997,0.0,1.0,0.0,0.0
2024-01-02 12:30:00,1.0,20.0,1.5892050846850287,19.76484365327413,17.864432524263623,12.0,61.06972001911358,60.0,0.0,0.0,0.7999999999999997,0.0,1.0,0.0,0.0
2024-01-02 12:45:00,1.0,20.0,1.5892050846850287,19.67035845289287,17.868994942285234,12.0,60.95932001911358,60.0,3.0808960000000005,0.0,0.7999999999999997,0.0,1.0,0.0,0.0
2024-01-02 13:00:00,1.0,20.0,1.5892050846850287,19.58030975093736,17.868786118791686,12.0,57.847828380317615,60.0,1.5404480000000003,0.0,0.7999999999999997,0.0,1.0,0.0,1.0
2024-01-02 13:15:00,1.0,20.0,1.5892050846850287,19.874326320484233,17.86734148746712,12.0,57.933146297183384,60.0,0.770224,0.0,0.0,0.0,0.0,0.0,0.0
2024-01-02 13:30:00,1.0,20.0,1.5892050846850287,20.517788794237237,17.8998532748171,12.0,58.58886421404915,60.0,0.770224,0.0,0.0,0.0,0.0,0.0,0.0
2024-01-02 13:45:00,1.0,20.0,1.5892050846850287,20.388997290555338,17.93794521227017,12.0,56.962982130914924,60.0,3.594378666666667,0.0,0.0,0.0,0.0,0.0,0.0
2024-01-02 14:00:00,1.0,20.0,1.5892050846850287,20.268345015448308,17.96756398714846,12.0,57.67390004778069,60.0,0.2567413333333333,0.0,0.8,0.7960416666666668,1.0,1.0,0.0
2024-01-02 14:15:00,1.0,20.0,1.5892050846850287,20.155098542026717,17.989628454290553,12.0,59.12081796464647,60.0,0.2567413333333333,0.0,0.8,0.0,1.0,0.0,0.0
2024-01-02 14:30:00,1.0,20.0,1.5892050846850287,20.048201240182422,18.004947928062975,12.0,57.36613588151225,60.0,6.161792000000001,0.0,0.8,0.0,1.0,0.0,0.0
2024-01-02 14:45:00,1.0,20.0,1.5892050846850287,19.947043629754546,18.014242471294327,12.0,55.05945379837802,60.0,0.5134826666666666,0.0,0.8,0.0,1.0,0.0,0.0
2024-01-02 15:00:00,1.0,20.0,1.5892050846850287,19.850435827653257,18.01814931269943,12.0,55.843971715243796,60.0,1.5404480000000003,0.0,0.8,0.0,1.0,0.0,0.0
2024-01-02 15:15:00,1.0,20.0,1.5892050846850287,19.757835543605207,18.01720571730289,12.0,56.46288963210957,60.0,0.0,0.0,0.8,0.0,1.0,0.0,0.0
2024-01-02 15:30:00,1.0,20.0,1.5892050846850287,19.669553061024384,18.01192533789647,12.0,58.05700754897535,60.0,0.2567413333333333,0.0,0.8,0.0,1.0,0.0,0.0
2024-01-02 15:45:00,1.0,20.0,1.5892050846850287,19.58518541425313,18.00278232754115,12.0,57.535125465841126,60.0,3.0808960000000005,0.0,0.8,0.0,1.0,0.0,1.0
2024-01-02 16:00:00,1.0,20.0,1.5892050846850287,19.732455895246098,17.984577884970143,11.0,57.7124433827069,60.0,0.0,0.0,0.0,0.0,0.0,0.0,0.0
2024-01-02 16:15:00,1.0,20.0,1.5892050846850287,20.537592618823417,17.99021500766835,11.0,59.32496129957268,60.0,0.0,0.0,0.0,0.0,0.0,0.0,0.0
2024-01-02 16:30:00,1.0,20.0,1.5892050846850287,20.410134343460005,18.009009950945963,11.0,60.01417754419765,60.0,3.0808960000000005,0.0,0.0,0.0,0.0,0.0,0.0
2024-01-02 16:45:00,1.0,20.0,1.5892050846850287,20.289544092681997,18.020588279416028,11.0,58.592989966557916,60.0,0.0,0.0,0.8,0.7960416666666668,1.0,1.0,0.0
2024-01-02 17:00:00,1.0,20.0,1.5892050846850287,20.175166242459756,18.025723959509904,11.0,59.78230788342369,60.0,0.5134826666666666,0.0,0.8,0.0,1.0,0.0,0.0
2024-01-02 17:15:00,1.0,20.0,1.5892050846850287,20.0664116701753,18.02511179411336,11.0,60.79885905399228,60.0,0.770224,0.0,0.8,0.0,1.0,0.0,0.0
2024-01-02 17:30:00,1.0,20.0,1.5892050846850287,19.96275097893136,18.019375493172046,11.0,58.1828391782159,60.0,3.8511200000000003,0.0,0.8,0.0,1.0,0.0,0.0
2024-01-02 17:45:00,1.0,20.0,1.5892050846850287,19.86370841244224,18.00907492170196,11.0,59.09305685619013,60.0,0.0,0.0,0.8,0.0,1.0,0.0,0.0
2024-01-02 18:00:00,1.0,20.0,1.5892050846850287,19.76885639012051,17.994712609046424,11.0,59.15997477305591,60.0,1.5404480000000003,0.0,0.8,0.0,1.0,0.0,0.0
2024-01-02 18:15:00,1.0,20.0,1.5892050846850287,19.677810599147374,17.976739594675607,11.0,60.31249268992168,60.0,0.5134826666666666,0.0,0.8,0.0,1.0,0.0,0.0
2024-01-02 18:30:00,1.0,20.0,1.5892050846850287,19.590225586757423,17.955560678150352,11.0,61.070436693743964,60.0,0.0,0.0,0.8,0.0,1.0,0.0,0.0
2024-01-02 18:45:00,1.0,20.0,1.5892050846850287,19.66925083831988,17.932265466498514,11.0,61.077603440041145,60.0,0.0,0.0,0.8,0.0,1.0,0.0,0.0
2024-01-02 19:00:00,1.0,20.0,1.5892050846850287,20.529629702838054,17.938205399769572,11.0,60.89360344004114,60.0,0.2567413333333333,0.0,0.8,0.0,1.0,0.0,0.0
2024-01-02 19:15:00,1.0,20.0,1.5892050846850287,20.410615008616627,17.960337573031424,11.0,60.599203440041144,60.0,3.337637333333334,0.0,0.8,0.0,1.0,0.0,0.0
2024-01-02 19:30:00,1.0,20.0,1.5892050846850287,20.287761884105844,17.974960040947824,11.0,58.07361299570289,60.0,0.0,0.0,0.8,0.0,1.0,0.0,0.0
2024-01-02 19:45:00,1.0,20.0,1.5892050846850287,20.171367847722767,17.982843487006484,11.0,59.48373091256867,60.0,0.2567413333333333,0.0,0.8,0.0,1.0,0.0,0.0
2024-01-02 20:00:00,1.0,20.0,1.5892050846850287,20.060373573957957,17.977820694661137,10.0,60.029048829434444,60.0,1.5404480000000003,0.0,0.8,0.0,1.0,0.0,0.0
2024-01-02 20:15:00,1.0,20.0,1.5892050846850287,19.95375004432696,17.960124569001305,10.0,60.71826507405941,60.0,0.2567413333333333,0.0,0.8,0.0,1.0,0.0,0.0
2024-01-02 20:30:00,1.0,20.0,1.5892050846850287,19.85133370850596,17.93846594174205,10.0,60.81066794075793,60.0,0.0,0.0,0.8,0.0,1.0,0.0,0.0
2024-01-02 20:45:00,1.0,20.0,1.5892050846850287,19.752744037205716,17.91329048237459,10.0,60.81066794075793,60.0,0.0,0.0,0.8,0.0,1.0,0.0,0.0
2024-01-02 21:00:00,1.0,20.0,1.5892050846850287,19.657638935832832,17.884998133409447,10.0,60.81066794075793,60.0,0.0,0.0,0.8,0.0,1.0,0.0,0.0
2024-01-02 21:15:00,1.0,20.0,1.5892050846850287,19.56571082964737,17.85394777320406,10.0,60.14826794075793,60.0,1.5404480000000003,0.0,0.8,0.0,1.0,0.0,0.0
2024-01-02 21:30:00,1.0,20.0,1.5892050846850287,20.007276869055335,17.82625119504278,10.0,59.40687319637189,60.0,0.2567413333333333,0.0,0.8,0.0,1.0,0.0,0.0
2024-01-02 21:45:00,2.0,18.0,1.5892050846850287,20.489114230838904,17.835631103721116,10.0,60.675790157671486,60.0,0.2567413333333333,0.0,0.8,0.0,1.0,0.0,0.0
2024-01-02 22:00:00,1.0,20.0,1.5892050846850287,20.35575359574839,17.847111925702066,10.0,58.89336645963042,60.0,3.337637333333334,0.0,0.8,0.0,1.0,0.0,0.0
2024-01-02 22:15:00,1.0,20.0,1.5892050846850287,20.229202325135944,17.851549993988435,10.0,59.33021691352438,60.0,0.5134826666666666,0.0,0.8,0.0,1.0,0.0,0.0
2024-01-02 22:30:00,2.0,15.0,1.5892050846850287,20.108815559987484,17.849705698275834,10.0,60.40913483039015,60.0,0.2567413333333333,0.0,0.8,0.0,1.0,0.0,0.0
2024-01-02 22:45:00,2.0,15.0,1.5892050846850287,19.994013810802166,17.84226161845773,10.0,61.02994438605189,60.0,0.2567413333333333,0.0,0.8,0.0,1.0,0.0,0.0
2024-01-02 23:00:00,2.0,15.0,1.5892050846850287,19.884276297519442,17.82983045747103,10.0,60.69874438605189,60.0,0.2567413333333333,0.0,0.8,0.0,1.0,0.0,0.0
2024-01-02 23:15:00,2.0,15.0,1.5892050846850287,19.779134968241983,17.81296216558603,10.0,59.694515432396855,60.0,1.5404480000000003,0.0,0.8,0.0,1.0,0.0,0.0
2024-01-02 23:30:00,2.0,15.0,1.5892050846850287,19.67816912756969,17.792150338551263,10.0,59.358565886290826,60.0,3.0808960000000005,0.0,0.8,0.0,1.0,0.0,0.0
2024-01-02 23:45:00,2.0,15.0,1.5892050846850287,19.58100061241159,17.76783796360427,10.0,58.7078838031566,60.0,0.5134826666666666,0.0,0.8,0.0,1.0,0.0,0.0
2024-01-03 00:00:00,2.0,15.0,1.5892050846850287,19.48684451606,17.733530453830948,9.0,60.15480172002237,60.0,0.0,0.0,0.8,0.0,1.0,0.0,0.0
2024-01-03 00:15:00,2.0,15.0,1.5892050846850287,19.39491824659854,17.689166690917112,9.0,61.01481127568412,60.0,0.0,0.0,0.8,0.0,1.0,0.0,0.0
2024-01-03 00:30:00,2.0,15.0,1.5892050846850287,19.305279541254375,17.64319343145767,9.0,60.81241127568411,60.0,0.5134826666666666,0.0,0.8,0.0,1.0,0.0,0.0
2024-01-03 00:45:00,2.0,15.0,1.5892050846850287,19.217746581679233,17.59581916582947,9.0,60.46281127568411,60.0,0.0,0.0,0.8,0.0,1.0,0.0,0.0
2024-01-03 01:00:00,2.0,15.0,1.5892050846850287,19.132155708848245,17.547230812252895,9.0,60.46281127568411,60.0,0.0,0.0,0.8,0.0,1.0,0.0,0.0
2024-01-03 01:15:00,2.0,15.0,1.5892050846850287,19.048359574905007,17.497595917826377,9.0,60.46281127568411,60.0,0.0,0.0,0.8,0.0,1.0,0.0,0.0
2024-01-03 01:30:00,2.0,15.0,1.5892050846850287,18.966225483356492,17.44706463520793,9.0,60.46281127568411,60.0,0.0,0.0,0.8,0.0,1.0,0.0,0.0
2024-01-03 01:45:00,2.0,15.0,1.5892050846850287,18.885633898420956,17.395771497810586,9.0,60.46281127568411,60.0,0.0,0.0,0.8,0.0,1.0,0.0,0.0
2024-01-03 02:00:00,2.0,15.0,1.5892050846850287,18.80603216287306,17.33694488806304,8.0,60.29721127568411,60.0,0.5134826666666666,0.0,0.8,0.0,1.0,0.0,0.0
2024-01-03 02:15:00,2.0,15.0,1.5892050846850287,18.726846245087938,17.270274877529122,8.0,59.910811275684104,60.0,0.0,0.0,0.8,0.0,1.0,0.0,0.0
2024-01-03 02:30:00,2.0,15.0,1.5892050846850287,18.648321167994595,17.203984757006005,8.0,59.8556112756841,60.0,0.2567413333333333,0.0,0.8,0.0,1.0,0.0,0.0
2024-01-03 02:45:00,2.0,15.0,1.5892050846850287,18.57044329285377,17.13808231233728,8.0,59.432411275684096,60.0,0.2567413333333333,0.0,0.8,0.0,1.0,0.0,0.0
2024-01-03 03:00:00,2.0,15.0,1.5892050846850287,18.493199981633044,17.072574198687203,8.0,57.292616531298066,60.0,3.0808960000000005,0.0,0.8,0.0,1.0,0.0,0.0
2024-01-03 03:15:00,2.0,15.0,1.5892050846850287,18.416579497834586,17.00746605822677,8.0,58.08933397038075,60.0,0.0,0.0,0.8,0.0,1.0,0.0,0.0
2024-01-03 03:30:00,2.0,15.0,1.5892050846850287,18.340570917410343,16.942762625807152,8.0,59.70185188724653,60.0,0.0,0.0,0.8,0.0,1.0,0.0,0.0
2024-01-03 03:45:00,2.0,15.0,1.5892050846850287,18.265164048736676,16.878467823845007,8.0,60.99186622073915,60.0,0.0,0.0,0.8,0.0,1.0,0.0,0.0
2024-01-03 04:00:00,2.0,15.0,1.5892050846850287,18.190794304140475,16.82147697350415,9.0,59.73776741519687,60.0,1.7971893333333335,0.0,0.8,0.0,1.0,0.0,0.0
2024-01-03 04:15:00,1.0,18.333333333333332,1.5892050846850287,18.60619017579618,16.77653546212851,9.0,58.612468609654584,60.0,1.5404480000000003,0.0,0.8,0.0,1.0,0.0,0.0
2024-01-03 04:30:00,1.0,20.0,1.5892050846850287,20.370627815940065,16.79577282889333,9.0,58.7064829431472,60.0,0.5134826666666666,0.0,0.8,0.0,1.0,0.0,1.0
2024-01-03 04:45:00,1.0,20.0,1.5892050846850287,20.414789248487196,16.860624780821897,9.0,58.957400860012974,60.0,2.053930666666667,0.0,0.0,0.0,0.0,0.0,0.0
2024-01-03 05:00:00,1.0,20.0,1.5892050846850287,20.23898211112906,16.914492141181864,9.0,59.373918776878746,60.0,0.0,0.0,0.0,0.0,0.0,0.0,0.0
2024-01-03 05:15:00,1.0,20.0,1.5892050846850287,20.07393437628162,16.95667085317424,9.0,60.835935021503715,60.0,0.0,0.0,0.0,0.0,0.0,0.0,0.0
2024-01-03 05:30:00,1.0,20.0,1.5892050846850287,19.918601312586514,16.98839719128474,9.0,61.00193788820224,60.0,0.5134826666666666,0.0,0.0,0.0,0.0,0.0,0.0
2024-01-03 05:45:00,1.0,20.0,1.5892050846850287,19.772044294616645,17.010781099474112,9.0,57.7029431438162,60.0,4.6213440000000015,0.0,0.0,0.0,0.0,0.0,0.0
2024-01-03 06:00:00,1.0,20.0,1.5892050846850287,19.633419990968612,17.02481906952553,9.0,57.61646058289889,60.0,0.0,0.0,0.0,0.0,0.0,0.0,0.0
2024-01-03 06:15:00,1.0,20.0,1.5892050846850287,19.730566199828008,17.032674372388616,9.0,59.228978499764665,60.0,0.0,0.0,0.0,0.0,0.0,0.0,0.0
2024-01-03 06:30:00,1.0,20.0,1.5892050846850287,20.489837699891236,17.068093337623843,9.0,60.733995222172716,60.0,0.0,0.0,0.0,0.0,0.0,0.0,0.0
2024-01-03 06:45:00,1.0,17.0,1.5892050846850287,20.320045097617992,17.112644388991157,9.0,59.4193016722444,60.0,2.053930666666667,0.0,0.0,0.0,0.0,0.0,0.0
2024-01-03 07:00:00,1.0,20.0,1.5892050846850287,20.160299828673935,17.146370584688892,9.0,60.54701767797782,60.0,0.0,0.0,0.0,0.0,0.0,0.0,0.0
2024-01-03 07:15:00,1.0,20.0,1.5892050846850287,20.009630455951033,17.170420780495906,9.0,61.10602388915796,60.0,0.0,0.0,0.0,0.0,0.0,0.0,0.0
2024-01-03 07:30:00,1.0,20.0,1.5892050846850287,19.867164172697585,17.1858264071367,9.0,61.10602388915796,60.0,0.0,0.0,0.0,0.0,0.0,0.0,0.0
2024-01-03 07:45:00,1.0,20.0,1.5892050846850287,19.732116752581366,17.19351344098916,9.0,61.10602388915796,60.0,0.0,0.0,0.0,0.0,0.0,0.0,0.0
2024-01-03 08:00:00,1.0,20.0,1.5892050846850287,19.604078309024544,17.194317380530553,9.0,60.86682388915796,60.0,3.594378666666667,0.0,0.0,0.0,0.0,0.0,0.0
2024-01-03 08:15:00,1.0,20.0,1.5892050846850287,19.937899939847046,17.193292683014548,9.0,57.605233444819696,60.0,0.5134826666666666,0.0,0.0,0.0,0.0,0.0,0.0
2024-01-03 08:30:00,1.0,20.0,1.5892050846850287,20.46855988289358,17.22557726987922,9.0,59.107351361685474,60.0,0.5134826666666666,0.0,0.0,0.0,0.0,0.0,0.0
2024-01-03 08:45:00,1.0,20.0,1.5892050846850287,20.307644199312634,17.25935706003779,9.0,60.20466927855124,60.0,0.5134826666666666,0.0,0.0,0.0,0.0,0.0,0.0
2024-01-03 09:00:00,1.0,20.0,1.5892050846850287,20.156129188236584,17.28340579884547,9.0,60.36105035834104,60.0,3.5943786666666666,0.0,0.0,0.0,0.0,0.0,0.0
2024-01-03 09:15:00,1.0,20.0,1.5892050846850287,20.013157505542257,17.298779214867075,9.0,58.02489555662103,60.0,0.2567413333333333,0.0,0.0,0.0,0.0,0.0,0.0
2024-01-03 09:30:00,1.0,20.0,1.5892050846850287,19.877627006429453,17.306412048317423,9.0,59.26941347348681,60.0,0.5134826666666666,0.0,0.0,0.0,0.0,0.0,0.0
2024-01-03 09:45:00,1.0,20.0,1.5892050846850287,19.748830955993338,17.30713799629765,9.0,60.14593139035257,60.0,0.5134826666666666,0.0,0.0,0.0,0.0,0.0,0.0
2024-01-03 10:00:00,1.0,20.0,1.5892050846850287,19.62626006752765,17.30170726182348,9.0,60.97864309603821,60.0,0.2567413333333333,0.0,0.0,0.0,0.0,0.0,0.0
2024-01-03 10:15:00,1.0,20.0,1.5892050846850287,19.672813490110084,17.291526407556884,9.0,60.392943334929754,60.0,0.5134826666666666,0.0,0.0,0.0,0.0,0.0,0.0
2024-01-03 10:30:00,1.0,20.0,1.5892050846850287,20.502853476616323,17.308225322998872,9.0,60.26414333492975,60.0,0.0,0.0,0.0,0.0,0.0,0.0,0.0
2024-01-03 10:45:00,1.0,20.0,1.5892050846850287,20.355423988442666,17.33900855494881,9.0,59.85934333492974,60.0,1.0269653333333333,0.0,0.0,0.0,0.0,0.0,0.0
2024-01-03 11:00:00,1.0,20.0,1.5892050846850287,20.205727801240876,17.36039397403543,9.0,58.27521223125081,60.0,2.053930666666667,0.0,0.0,0.0,0.0,0.0,0.0
2024-01-03 11:15:00,1.0,20.0,1.5892050846850287,20.063880981448516,17.373340702310074,9.0,58.564661251795506,60.0,0.0,0.0,0.0,0.0,0.0,0.0,0.0
2024-01-03 11:30:00,1.0,20.0,1.5892050846850287,19.92931067436103,17.378750876625574,9.0,57.08597916866128,60.0,4.878085333333334,0.0,0.0,0.0,0.0,0.0,0.0
2024-01-03 11:45:00,1.0,20.0,1.5892050846850287,19.801327291434827,17.377437712809865,9.0,56.288097085527056,60.0,0.2567413333333333,0.0,0.7999999999999996,0.7604166666666667,1.0,1.0,0.0
2024-01-03 12:00:00,1.0,20.0,1.5892050846850287,19.679356708094637,17.370131867660067,9.0,57.10941500239283,60.0,1.5404480000000003,0.0,0.7999999999999996,0.0,1.0,0.0,0.0
2024-01-03 12:15:00,1.0,20.0,1.5892050846850287,19.5628455895014,17.357491670001476,9.0,57.83873291925861,60.0,0.0,0.0,0.7999999999999996,0.0,1.0,0.0,0.0
2024-01-03 12:30:00,1.0,20.0,1.5892050846850287,20.205785061328108,17.351857352442437,9.0,59.120050836124385,60.0,3.0808960000000005,0.0,0.7999999999999996,0.0,1.0,0.0,0.0
2024-01-03 12:45:00,1.0,20.0,1.5892050846850287,20.432624572674705,17.37956486981926,9.0,57.751768752990166,60.0,0.0,0.0,0.7999999999999996,0.0,1.0,0.0,0.0
2024-01-03 13:00:00,1.0,20.0,1.5892050846850287,20.2808744229942,17.402090858117276,9.0,59.36428666985594,60.0,0.0,0.0,0.7999999999999996,0.0,1.0,0.0,0.0
2024-01-03 13:15:00,1.0,20.0,1.5892050846850287,20.137087408731528,17.416008764807106,9.0,60.734302914480914,60.0,0.2567413333333333,0.0,0.7999999999999996,0.0,1.0,0.0,0.0
2024-01-03 13:30:00,1.0,20.0,1.5892050846850287,20.00071298555123,17.42223773879915,9.0,59.24760745342024,60.0,3.337637333333334,0.0,0.7999999999999996,0.0,1.0,0.0,0.0
2024-01-03 13:45:00,1.0,20.0,1.5892050846850287,19.871048142461063,17.42160691387392,9.0,58.26532250358749,60.0,2.053930666666667,0.0,0.7999999999999996,0.0,1.0,0.0,0.0
2024-01-03 14:00:00,1.0,20.0,1.5892050846850287,19.747219796888874,17.407971379187593,8.0,57.964240420453265,60.0,0.5134826666666666,0.0,0.7999999999999996,0.0,1.0,0.0,0.0
2024-01-03 14:15:00,1.0,20.0,1.5892050846850287,19.628199198363053,17.38159504663572,8.0,59.19035833731903,60.0,1.5404480000000003,0.0,0.7999999999999996,0.0,1.0,0.0,0.0
2024-01-03 14:30:00,1.0,20.0,1.5892050846850287,19.6770301773896,17.351932928168523,8.0,59.09167625418481,60.0,0.5134826666666666,0.0,0.7999999999999996,0.0,1.0,0.0,1.0
2024-01-03 14:45:00,1.0,20.0,1.5892050846850287,20.508343792371427,17.350467979737548,8.0,60.20739417105058,60.0,0.0,0.0,0.0,0.0,0.0,0.0,0.0
2024-01-03 15:00:00,1.0,20.0,1.5892050846850287,20.361182627382743,17.371159499299168,9.0,61.06740372671233,60.0,0.0,0.0,0.8039583333333333,0.8,1.0,1.0,0.0
2024-01-03 15:15:00,1.0,20.0,1.5892050846850287,20.21144466304689,17.39079213934396,9.0,60.92020372671232,60.0,0.2567413333333333,0.0,0.8039583333333333,0.0,1.0,0.0,0.0
2024-01-03 15:30:00,1.0,20.0,1.5892050846850287,20.069662595147857,17.402098638913362,9.0,60.791403726712325,60.0,0.0,0.0,0.8039583333333333,0.0,1.0,0.0,0.0
2024-01-03 15:45:00,1.0,20.0,1.5892050846850287,19.935078495767204,17.40597347476934,9.0,60.791403726712325,60.0,0.0,0.0,0.8039583333333333,0.0,1.0,0.0,0.0
2024-01-03 16:00:00,1.0,20.0,1.5892050846850287,19.80698958543418,17.403219312201326,9.0,60.62580372671232,60.0,0.5134826666666666,0.0,0.8039583333333333,0.0,1.0,0.0,0.0
2024-01-03 16:15:00,1.0,20.0,1.5892050846850287,19.684782139674578,17.394555500342623,9.0,60.23940372671232,60.0,0.0,0.0,0.8039583333333333,0.0,1.0,0.0,0.0
2024-01-03 16:30:00,1.0,20.0,1.5892050846850287,19.56793157842727,17.380628803658716,9.0,59.5096042044954,60.0,3.0808960000000005,0.0,0.8039583333333333,0.0,1.0,0.0,1.0
2024-01-03 16:45:00,1.0,20.0,1.5892050846850287,20.21048838098246,17.37377173418423,9.0,56.895516865747226,60.0,1.5404480000000003,0.0,0.0,0.0,0.0,0.0,0.0
2024-01-03 17:00:00,1.0,20.0,1.5892050846850287,20.4369069663791,17.400314237880462,9.0,58.066434782613,60.0,0.0,0.0,0.0,0.0,0.0,0.0,0.0
2024-01-03 17:15:00,1.0,20.0,1.5892050846850287,20.284898341357675,17.42173036404347,9.0,59.67895269947878,60.0,0.0,0.0,0.0,0.0,0.0,0.0,0.0
2024-01-03 17:30:00,1.0,20.0,1.5892050846850287,20.141034643203636,17.434601861337107,9.0,60.9689670329714,60.0,0.0,0.0,0.8,0.7960416666666668,1.0,1.0,0.0
2024-01-03 17:45:00,1.0,20.0,1.5892050846850287,20.0045389848277,17.439845741632045,9.0,59.641268227429116,60.0,1.5404480000000003,0.0,0.8,0.0,1.0,0.0,0.0
2024-01-03 18:00:00,1.0,20.0,1.5892050846850287,19.874268332240607,17.43139309190055,8.0,59.234535690400925,60.0,0.5134826666666666,0.0,0.8,0.0,1.0,0.0,0.0
2024-01-03 18:15:00,1.0,20.0,1.5892050846850287,19.749118425529606,17.40956504528753,8.0,60.10328256092173,60.0,0.2567413333333333,0.0,0.8,0.0,1.0,0.0,0.0
2024-01-03 18:30:00,1.0,20.0,1.5892050846850287,19.62885807747627,17.38315161342814,8.0,60.92999522217354,60.0,0.2567413333333333,0.0,0.8,0.0,1.0,0.0,0.0
2024-01-03 18:45:00,1.0,20.0,1.5892050846850287,19.67650598838502,17.353395852733943,8.0,60.78899569995663,60.0,0.0,0.0,0.8,0.0,1.0,0.0,0.0
2024-01-03 19:00:00,1.0,20.0,1.5892050846850287,20.506687944620207,17.35178691947748,8.0,60.623395699956625,60.0,0.5134826666666666,0.0,0.8,0.0,1.0,0.0,0.0
2024-01-03 19:15:00,1.0,20.0,1.5892050846850287,20.358551087383933,17.365405496035244,8.0,60.18179569995662,60.0,0.2567413333333333,0.0,0.8,0.0,1.0,0.0,0.0
2024-01-03 19:30:00,1.0,20.0,1.5892050846850287,20.207555523944123,17.370660536196716,8.0,59.43049593884816,60.0,3.0808960000000005,0.0,0.8,0.0,1.0,0.0,0.0
2024-01-03 19:45:00,1.0,20.0,1.5892050846850287,20.063913331121828,17.368422228275556,8.0,57.7056076445338,60.0,0.2567413333333333,0.0,0.8,0.0,1.0,0.0,0.0
2024-01-03 20:00:00,1.0,20.0,1.5892050846850287,19.926933289195844,17.35950475423834,8.0,59.06052556139958,60.0,0.0,0.0,0.8,0.0,1.0,0.0,0.0
2024-01-03 20:15:00,1.0,20.0,1.5892050846850287,19.795994207314912,17.344638946555836,8.0,59.97384347826535,60.0,0.770224,0.0,0.8,0.0,1.0,0.0,0.0
2024-01-03 20:30:00,1.0,20.0,1.5892050846850287,19.670537789006634,17.324480786084166,8.0,60.75505972289031,60.0,0.770224,0.0,0.8,0.0,1.0,0.0,0.0
2024-01-03 20:45:00,1.0,20.0,1.5892050846850287,19.550062224832853,17.29961903379723,8.0,60.73706258958883,60.0,0.0,0.0,0.8,0.0,1.0,0.0,0.0
2024-01-03 21:00:00,1.0,20.0,1.5892050846850287,20.336772987198867,17.28750447234023,8.0,60.73706258958883,60.0,0.0,0.0,0.8,0.0,1.0,0.0,0.0
2024-01-03 21:15:00,1.0,20.0,1.5892050846850287,20.404091189499734,17.305616566951358,8.0,60.571462589588826,60.0,0.5134826666666666,0.0,0.8,0.0,1.0,0.0,0.0
2024-01-03 21:30:00,1.0,20.0,1.5892050846850287,20.248198910513754,17.316744590871952,8.0,59.68826258958882,60.0,2.310672,0.0,0.8,0.0,1.0,0.0,0.0
2024-01-03 21:45:00,1.0,20.0,1.5892050846850287,20.100160939565246,17.319782275791702,8.0,58.453570950792844,60.0,0.0,0.0,0.8,0.0,1.0,0.0,0.0
2024-01-03 22:00:00,1.0,20.0,1.5892050846850287,19.958790043065886,17.30871251319065,7.0,60.06608886765862,60.0,0.0,0.0,0.8,0.0,1.0,0.0,0.0
2024-01-03 22:15:00,1.0,20.0,1.5892050846850287,19.8229422275875,17.283902926996618,7.0,61.02643287148091,60.0,0.0,0.0,0.8,0.0,1.0,0.0,0.0
2024-01-03 22:30:00,2.0,16.0,1.5892050846850287,19.69235058356509,17.254185247737592,7.0,58.596103201151244,60.0,4.6213440000000015,0.0,0.8,0.0,1.0,0.0,0.0
2024-01-03 22:45:00,2.0,15.0,1.5892050846850287,19.566541655009352,17.220113632916572,7.0,57.893119923559304,60.0,0.0,0.0,0.8,0.0,1.0,0.0,0.0
2024-01-03 23:00:00,2.0,15.0,1.5892050846850287,19.445089790592487,17.182185367841807,7.0,59.50563784042508,60.0,0.0,0.0,0.8,0.0,1.0,0.0,0.0
2024-01-03 23:15:00,2.0,15.0,1.5892050846850287,19.327612274525887,17.14084666504453,7.0,60.86015289059233,60.0,0.0,0.0,0.8,0.0,1.0,0.0,0.0
2024-01-03 23:30:00,2.0,15.0,1.5892050846850287,19.213764953689623,17.096497872581985,7.0,60.23785456283314,60.0,1.5404480000000003,0.0,0.8,0.0,1.0,0.0,0.0
2024-01-03 23:45:00,2.0,15.0,1.5892050846850287,19.103238310434488,17.04949815147431,7.0,59.22915623507394,60.0,0.5134826666666666,0.0,0.8,0.0,1.0,0.0,0.0
2024-01-04 00:00:00,2.0,15.0,1.5892050846850287,18.995753935632436,17.00016967638268,7.0,60.123671285241194,60.0,0.2567413333333333,0.0,0.8,0.0,1.0,0.0,0.0
2024-01-04 00:15:00,2.0,15.0,1.5892050846850287,18.891061361181162,16.948801408121714,7.0,61.085182990926825,60.0,0.2567413333333333,0.0,0.8,0.0,1.0,0.0,0.0
2024-01-04 00:30:00,2.0,15.0,1.5892050846850287,18.78893521532614,16.895652481646113,7.0,59.96415212613944,60.0,1.7971893333333335,0.0,0.8,0.0,1.0,0.0,0.0
2024-01-04 00:45:00,2.0,15.0,1.5892050846850287,18.689172667898095,16.84095524870374,7.0,60.489700907792596,60.0,0.0,0.0,0.8,0.0,1.0,0.0,0.0
2024-01-04 01:00:00,2.0,15.0,1.5892050846850287,18.591591135916655,16.78491801035268,7.0,61.048707118972736,60.0,0.0,0.0,0.8,0.0,1.0,0.0,0.0
2024-01-04 01:15:00,2.0,15.0,1.5892050846850287,18.496026223023303,16.7277274709525,7.0,61.011907118972736,60.0,0.2567413333333333,0.0,0.8,0.0,1.0,0.0,0.0
2024-01-04 01:30:00,2.0,15.0,1.5892050846850287,18.402329868911135,16.66955094201796,7.0,60.77270711897274,60.0,0.0,0.0,0.8,0.0,1.0,0.0,0.0
2024-01-04 01:45:00,2.0,15.0,1.5892050846850287,18.310368687348024,16.610538321430067,7.0,60.71750711897273,60.0,0.5134826666666666,0.0,0.8,0.0,1.0,0.0,0.0
2024-01-04 02:00:00,2.0,15.0,1.5892050846850287,18.22002247357144,16.550823870900967,7.0,60.12870711897272,60.0,0.770224,0.0,0.8,0.0,1.0,0.0,0.0
2024-01-04 02:15:00,2.0,15.0,1.5892050846850287,18.131182863792166,16.490527812255277,7.0,59.13510711897272,60.0,0.2567413333333333,0.0,0.8,0.0,1.0,0.0,0.0
2024-01-04 02:30:00,2.0,15.0,1.5892050846850287,18.043752131303627,16.42975776099485,7.0,59.215713330152845,60.0,0.5134826666666666,0.0,0.8,0.0,1.0,0.0,0.0
2024-01-04 02:45:00,2.0,15.0,1.5892050846850287,17.95764210527386,16.368610013731608,7.0,60.560364261829896,60.0,0.2567413333333333,0.0,0.8,0.0,1.0,0.0,0.0
2024-01-04 03:00:00,2.0,15.0,1.5892050846850287,17.872773199715986,16.30717070438282,7.0,60.973338174873376,60.0,0.2567413333333333,0.0,0.8,0.0,1.0,0.0,0.0
2024-01-04 03:15:00,2.0,15.0,1.5892050846850287,17.78907354140768,16.24551684250508,7.0,59.26213817487338,60.0,1.5404480000000003,0.0,0.8,0.0,1.0,0.0,0.0
2024-01-04 03:30:00,2.0,15.0,1.5892050846850287,17.706478186674552,16.183717245779874,7.0,59.25074438605351,60.0,0.5134826666666666,0.0,0.8,0.0,1.0,0.0,0.0
2024-01-04 03:45:00,2.0,15.0,1.5892050846850287,17.624928417980414,16.121833377439305,7.0,60.67809460105593,60.0,0.0,0.0,0.8,0.0,1.0,0.0,0.0
2024-01-04 04:00:00,2.0,15.0,1.5892050846850287,17.54392616877515,16.053027972335972,6.0,61.0722656474009,60.0,0.0,0.0,0.8,0.0,1.0,0.0,0.0
2024-01-04 04:15:00,1.0,18.666666666666668,1.5892050846850287,18.05906684569765,15.98286773340921,6.0,60.5202656474009,60.0,1.7971893333333335,0.0,0.8,0.0,1.0,0.0,0.0
2024-01-04 04:30:00,2.0,18.333333333333332,1.5892050846850287,20.08974543964897,15.985983054394215,6.0,59.119933110372706,60.0,0.2567413333333333,0.0,0.8,0.0,1.0,0.0,0.0
2024-01-04 04:45:00,2.0,16.0,1.5892050846850287,20.36059469270791,16.052770019375473,6.0,59.84147998089351,60.0,0.5134826666666666,0.0,0.8,0.0,1.0,0.0,0.0
2024-01-04 05:00:00,2.0,15.0,1.5892050846850287,20.146945305843257,16.110385935489003,6.0,60.747631151462095,60.0,0.770224,0.0,0.8,0.0,1.0,0.0,0.0
2024-01-04 05:15:00,2.0,15.0,1.5892050846850287,19.946010127040736,16.154284295598185,6.0,59.59660506450559,60.0,1.5404480000000003,0.0,0.8,0.0,1.0,0.0,0.0
2024-01-04 05:30:00,2.0,15.0,1.5892050846850287,19.756558974489035,16.18592010470105,6.0,59.375805064505585,60.0,0.0,0.0,0.8,0.0,1.0,0.0,0.0
2024-01-04 05:45:00,2.0,15.0,1.5892050846850287,19.57748657401527,16.20659965705952,6.0,59.16217181080277,60.0,1.5404480000000003,0.0,0.8,0.0,1.0,0.0,0.0
2024-01-04 06:00:00,2.0,15.0,1.5892050846850287,19.40779983157562,16.21749569623232,6.0,56.47931581462505,60.0,4.878085333333334,0.0,0.8,0.0,1.0,0.0,0.0
2024-01-04 06:15:00,1.0,19.666666666666668,1.5892050846850287,20.0662869204371,16.231954913519875,6.0,54.61423373149083,60.0,6.161792,0.0,0.8,0.0,1.0,0.0,0.0
2024-01-04 06:30:00,1.0,20.0,1.5892050846850287,20.339099929232944,16.281873048823307,6.0,45.757151648356576,60.0,4.878085333333333,0.0,0.8,0.0,1.0,0.0,0.0
2024-01-04 06:45:00,1.0,20.0,1.5892050846850287,20.13700777777361,16.32424718985209,6.0,45.41926956522234,60.0,1.5404480000000003,0.0,0.8,0.0,1.0,0.0,0.0
2024-01-04 07:00:00,1.0,20.0,1.5892050846850287,19.946383987978855,16.354398478578773,6.0,46.36938748208812,60.0,0.0,0.0,0.8,0.0,1.0,0.0,0.0
2024-01-04 07:15:00,1.0,20.0,1.5892050846850287,19.76612585064284,16.373630001445363,6.0,47.9819053989539,60.0,0.0,0.0,0.8,0.0,1.0,0.0,0.0
2024-01-04 07:30:00,1.0,20.0,1.5892050846850287,19.595242568239698,16.383111615063715,6.0,49.520823315819676,60.0,0.2567413333333333,0.0,0.8,0.0,1.0,0.0,0.0
2024-01-04 07:45:00,1.0,20.0,1.5892050846850287,20.187388860572085,16.39564507890536,6.0,50.93094123268545,60.0,0.0,0.0,0.8,0.0,1.0,0.0,0.0
2024-01-04 08:00:00,1.0,20.0,1.5892050846850287,20.36694388784453,16.437985690552853,6.0,52.543459149551225,60.0,0.0,0.0,0.8,0.0,1.0,0.0,0.0
2024-01-04 08:15:00,1.0,20.0,1.5892050846850287,20.171321178707718,16.47200458963964,6.0,54.155977066417,60.0,0.0,0.0,0.8,0.0,1.0,0.0,0.0
2024-01-04 08:30:00,1.0,20.0,1.5892050846850287,19.9864775719855,16.494626363743542,6.0,55.60289498328278,60.0,0.2567413333333333,0.0,0.8,0.0,1.0,0.0,0.0
2024-01-04 08:45:00,1.0,20.0,1.5892050846850287,19.811380826404978,16.50707012619179,6.0,56.25861290014855,60.0,4.107861333333333,0.0,0.8,0.0,1.0,0.0,0.0
2024-01-04 09:00:00,1.0,20.0,1.5892050846850287,19.645516817503562,16.510436243990675,6.0,54.30153081701432,60.0,0.0,0.0,0.8,0.0,1.0,0.0,0.0
2024-01-04 09:15:00,1.0,20.0,1.5892050846850287,19.868169577427764,16.50876815371904,6.0,55.914048733880094,60.0,0.0,0.0,0.8,0.0,1.0,0.0,0.0
2024-01-04 09:30:00,1.0,20.0,1.5892050846850287,20.44361900599896,16.537683004583617,6.0,57.52656665074587,60.0,0.2567413333333333,0.0,0.8,0.0,1.0,0.0,0.0
2024-01-04 09:45:00,3.0,19.533333333333335,1.5892050846850287,20.249852138794456,16.569172982794797,6.0,58.60548456761164,60.0,0.2567413333333333,0.0,0.8,0.0,1.0,0.0,0.0
2024-01-04 10:00:00,1.0,20.0,1.5892050846850287,20.066742097478706,16.58951207603686,6.0,60.19960248447742,60.0,0.2567413333333333,0.0,0.8,0.0,1.0,0.0,0.0
2024-01-04 10:15:00,1.0,20.0,1.5892050846850287,19.89328389197132,16.599899975854715,6.0,60.753616817970034,60.0,0.770224,0.0,0.8,0.0,1.0,0.0,0.0
2024-01-04 10:30:00,1.0,20.0,1.5892050846850287,19.728473238313818,16.601409696851626,6.0,60.437918012427744,60.0,0.2567413333333333,0.0,0.8,0.0,1.0,0.0,0.0
2024-01-04 10:45:00,1.0,20.0,1.5892050846850287,19.571494224839814,16.595002813474007,6.0,59.81851849021083,60.0,1.5404480000000003,0.0,0.8,0.0,1.0,0.0,0.0
2024-01-04 11:00:00,1.0,20.0,1.5892050846850287,20.25039149396322,16.595761890109916,6.0,59.26523115146264,60.0,1.0269653333333333,0.0,0.8,0.0,1.0,0.0,0.0
2024-01-04 11:15:00,1.0,20.0,1.5892050846850287,20.36350879732835,16.62624074609453,6.0,59.4793490683284,60.0,3.0808960000000005,0.0,0.8,0.0,1.0,0.0,0.0
2024-01-04 11:30:00,1.0,20.0,1.5892050846850287,20.17788992690364,16.648437935594902,6.0,57.77986698519419,60.0,1.5404480000000003,0.0,0.8,0.0,1.0,0.0,0.0
2024-01-04 11:45:00,1.0,20.0,1.5892050846850287,20.00203488823486,16.66044667080719,6.0,58.30678490205996,60.0,0.5134826666666666,0.0,0.8,0.0,1.0,0.0,0.0
2024-01-04 12:00:00,1.0,19.933333333333334,1.5892050846850287,19.834949729796502,16.66336191234549,6.0,59.569702818925734,60.0,0.0,0.0,0.8,0.0,1.0,0.0,0.0
2024-01-04 12:15:00,1.0,20.0,1.5892050846850287,19.67579474931157,16.65816307402042,6.0,60.5014207357915,60.0,1.2837066666666668,0.0,0.8,0.0,1.0,0.0,0.0
2024-01-04 12:30:00,1.0,20.0,1.5892050846850287,19.632988350514346,16.646096373590787,6.0,60.35816760631231,60.0,1.5404480000000003,0.0,0.8,0.0,1.0,0.0,0.0
2024-01-04 12:45:00,1.0,20.0,1.5892050846850287,20.465568441035867,16.656569533427326,6.0,59.436235069284116,60.0,0.2567413333333333,0.0,0.8,0.0,1.0,0.0,0.0
2024-01-04 13:00:00,1.0,20.0,1.5892050846850287,20.307678924485614,16.683150285995566,6.0,59.14183506928411,60.0,0.2567413333333333,0.0,0.8,0.0,1.0,0.0,0.0
2024-01-04 13:15:00,1.0,20.0,1.5892050846850287,20.12686960484369,16.69915465941583,6.0,58.861044624945855,60.0,1.7971893333333335,0.0,0.8,0.0,1.0,0.0,0.0
2024-01-04 13:30:00,1.0,20.0,1.5892050846850287,19.955312563900627,16.70558328561255,6.0,59.16716254181163,60.0,0.2567413333333333,0.0,0.8,0.0,1.0,0.0,0.0
2024-01-04 13:45:00,1.0,20.0,1.5892050846850287,19.792131302062725,16.7034697443101,6.0,60.689612995705595,60.0,0.2567413333333333,0.0,0.8,0.0,1.0,0.0,0.0
2024-01-04 14:00:00,1.0,20.0,1.5892050846850287,19.636310393890085,16.693738586910108,6.0,60.56858404205055,60.0,0.5134826666666666,0.0,0.8,0.0,1.0,0.0,0.0
2024-01-04 14:15:00,1.0,20.0,1.5892050846850287,19.8672093639352,16.680240630995733,6.0,60.053384042050546,60.0,0.2567413333333333,0.0,0.8,0.0,1.0,0.0,0.0
2024-01-04 14:30:00,1.0,20.0,1.5892050846850287,20.44997213629966,16.698451365743825,6.0,59.24418690874907,60.0,1.5404480000000003,0.0,0.8,0.0,1.0,0.0,0.0
2024-01-04 14:45:00,1.0,20.0,1.5892050846850287,20.262681496826065,16.720248817422046,6.0,60.04380315337404,60.0,0.0,0.0,0.8,0.0,1.0,0.0,0.0
2024-01-04 15:00:00,1.0,20.0,1.5892050846850287,20.08484413460793,16.73179795950986,6.0,60.51451390349351,60.0,3.594378666666667,0.0,0.8,0.0,1.0,0.0,0.0
2024-01-04 15:15:00,1.0,20.0,1.5892050846850287,19.915496912822995,16.734176075615906,6.0,58.11482465361298,60.0,0.0,0.0,0.8,0.0,1.0,0.0,0.0
2024-01-04 15:30:00,1.0,20.0,1.5892050846850287,19.754234961244876,16.7283683495963,6.0,59.67214257047875,60.0,0.2567413333333333,0.0,0.8,0.0,1.0,0.0,0.0
2024-01-04 15:45:00,1.0,20.0,1.5892050846850287,19.60030071627696,16.715266690076902,6.0,58.57986048734452,60.0,4.878085333333334,0.0,0.8,0.0,1.0,0.0,0.0
2024-01-04 16:00:00,1.0,20.0,1.5892050846850287,20.058468489957768,16.70320658650743,6.0,57.082778404210295,60.0,0.5134826666666666,0.0,0.8,0.0,1.0,0.0,0.0
2024-01-04 16:15:00,1.0,20.0,1.5892050846850287,20.40703205766793,16.724548293464142,6.0,58.49289632107607,60.0,0.0,0.0,0.8,0.0,1.0,0.0,0.0
2024-01-04 16:30:00,1.0,20.0,1.5892050846850287,20.222115421699236,16.742667953398353,6.0,60.105414237941844,60.0,0.0,0.0,0.8,0.0,1.0,0.0,1.0
2024-01-04 16:45:00,1.0,20.0,1.5892050846850287,20.046741868279742,16.75088560275349,6.0,61.06575824176413,60.0,0.2567413333333333,0.0,0.0,0.0,0.0,0.0,0.0
2024-01-04 17:00:00,1.0,20.0,1.5892050846850287,19.880006184841235,16.75026887723191,6.0,58.20953119924145,60.0,3.594378666666667,0.0,0.0,0.0,0.0,0.0,0.0
2024-01-04 17:15:00,1.0,20.0,1.5892050846850287,19.721094931865203,16.741776172603664,6.0,55.218948877215674,60.0,4.6213440000000015,0.0,0.0,0.0,0.0,0.0,0.0
2024-01-04 17:30:00,1.0,20.0,1.5892050846850287,19.56927709264256,16.726267781836707,6.0,55.72746679408145,60.0,0.0,0.0,0.0,0.0,0.0,0.0,0.0
2024-01-04 17:45:00,1.0,20.0,1.5892050846850287,20.25261434807198,16.718734455874824,6.0,57.33998471094723,60.0,0.0,0.0,0.0,0.0,0.0,0.0,0.0
2024-01-04 18:00:00,1.0,20.0,1.5892050846850287,20.369514280257363,16.74164434651208,6.0,58.842102627813006,60.0,0.2567413333333333,0.0,0.0,0.0,0.0,0.0,0.0
2024-01-04 18:15:00,1.0,20.0,1.5892050846850287,20.187151511145927,16.756921958017152,6.0,58.24662054467878,60.0,4.878085333333334,0.0,0.0,0.0,0.0,0.0,0.0
2024-01-04 18:30:00,1.0,20.0,1.5892050846850287,20.014080733604068,16.76259519993698,6.0,56.657538461544554,60.0,0.0,0.0,0.0,0.0,0.0,0.0,0.0
2024-01-04 18:45:00,1.0,20.0,1.5892050846850287,19.849422260268504,16.759701313728865,6.0,58.01245637841033,60.0,0.2567413333333333,0.0,0.0,0.0,0.0,0.0,0.0
2024-01-04 19:00:00,1.0,20.0,1.5892050846850287,19.69238557570401,16.74917139920931,6.0,59.606574295276104,60.0,0.0,0.0,0.0,0.0,0.0,0.0,0.0
2024-01-04 19:15:00,1.0,20.0,1.5892050846850287,19.57505946322556,16.731877760823824,6.0,60.896588628768725,60.0,0.2567413333333333,0.0,0.0,0.0,0.0,0.0,0.0
2024-01-04 19:30:00,1.0,20.0,1.5892050846850287,20.415439671925398,16.731457738603805,6.0,60.72808982322644,60.0,0.0,0.0,0.0,0.0,0.0,0.0,0.0
2024-01-04 19:45:00,1.0,20.0,1.5892050846850287,20.3354002777264,16.754082887370686,6.0,60.488889823226444,60.0,0.5134826666666666,0.0,0.0,0.0,0.0,0.0,0.0
2024-01-04 20:00:00,1.0,20.0,1.5892050846850287,20.154771752566905,16.76007700152426,5.0,60.176089823226434,60.0,0.0,0.0,0.0,0.0,0.0,0.0,0.0
2024-01-04 20:15:00,1.0,20.0,1.5892050846850287,19.982300636774614,16.749408657354486,5.0,58.109895078840395,60.0,3.0808960000000005,0.0,0.0,0.0,0.0,0.0,0.0
2024-01-04 20:30:00,1.0,20.0,1.5892050846850287,19.81746143114571,16.731216047933675,5.0,56.58821251792309,60.0,3.0808960000000005,0.0,0.0,0.0,0.0,0.0,0.0
2024-01-04 20:45:00,2.0,16.333333333333332,1.5892050846850287,19.659548374452413,16.706328495538045,5.0,56.89433043478886,60.0,0.5134826666666666,0.0,0.0,0.0,0.0,0.0,0.0
2024-01-04 21:00:00,2.0,15.0,1.5892050846850287,19.507482172649382,16.668598216906716,4.0,58.267648351654636,60.0,0.2567413333333333,0.0,0.0,0.0,0.0,0.0,0.0
2024-01-04 21:15:00,1.0,19.666666666666668,1.5892050846850287,20.179896191125316,16.630569279863604,4.0,56.641766268520406,60.0,3.337637333333334,0.0,0.0,0.0,0.0,0.0,0.0
2024-01-04 21:30:00,1.0,20.0,1.5892050846850287,20.463564343647647,16.63191850281309,4.0,57.573484185386185,60.0,0.2567413333333333,0.0,0.0,0.0,0.0,0.0,0.0
2024-01-04 21:45:00,1.0,20.0,1.5892050846850287,20.269580613456714,16.629253882480977,4.0,58.96520210225196,60.0,0.0,0.0,0.0,0.0,0.0,0.0,0.0
2024-01-04 22:00:00,1.0,20.0,1.5892050846850287,20.083720480803354,16.603762800034257,2.0,60.534719541334645,60.0,0.0,0.0,0.0,0.0,0.0,0.0,0.0
2024-01-04 22:15:00,1.0,20.0,1.5892050846850287,19.90418937475794,16.555598694262773,2.0,61.00772479694861,60.0,0.0,0.0,0.0,0.0,0.0,0.0,0.0
2024-01-04 22:30:00,2.0,15.333333333333334,1.5892050846850287,19.730896874680557,16.50190275323123,2.0,59.35502646918941,60.0,3.3376373333333333,0.0,0.0,0.0,0.0,0.0,0.0
2024-01-04 22:45:00,2.0,15.0,1.5892050846850287,19.56329454559436,16.443314485220135,2.0,58.924741519356665,60.0,0.0,0.0,0.0,0.0,0.0,0.0,0.0
2024-01-04 23:00:00,2.0,15.0,1.5892050846850287,19.400889216925453,16.380407669243205,2.0,60.5157591973309,60.0,0.0,0.0,0.0,0.0,0.0,0.0,0.0
2024-01-04 23:15:00,2.0,15.0,1.5892050846850287,19.243237354383112,16.3136970583488,2.0,60.30196540851104,60.0,1.5404480000000003,0.0,0.0,0.0,0.0,0.0,0.0
2024-01-04 23:30:00,2.0,15.0,1.5892050846850287,19.08994000544164,16.24364439967192,2.0,57.43857161969116,60.0,4.107861333333334,0.0,0.0,0.0,0.0,0.0,0.0
2024-01-04 23:45:00,2.0,15.0,1.5892050846850287,18.94063825996073,16.17066384087581,2.0,57.15278929766539,60.0,0.0,0.0,0.7999999999999995,0.7525000000000001,1.0,1.0,0.0
2024-01-05 00:00:00,2.0,15.0,1.5892050846850287,18.795009173440242,16.095126785524386,2.0,58.45250721453117,60.0,0.5134826666666666,0.0,0.7999999999999995,0.0,1.0,0.0,0.0
2024-01-05 00:15:00,2.0,15.0,1.5892050846850287,18.652762105756498,16.017366253552368,2.0,59.218625131396934,60.0,0.770224,0.0,0.7999999999999995,0.0,1.0,0.0,1.0
2024-01-05 00:30:00,2.0,15.0,1.5892050846850287,18.51363543303321,15.937680797275137,2.0,59.9479430482627,60.0,1.0269653333333333,0.0,0.0,0.0,0.0,0.0,0.0
2024-01-05 00:45:00,2.0,15.0,1.5892050846850287,18.377393594616283,15.856338018239398,2.0,60.805658098429944,60.0,0.5134826666666666,0.0,0.0,0.0,0.0,0.0,0.0
2024-01-05 01:00:00,2.0,15.0,1.5892050846850287,18.24382444099789,15.773577725598216,2.0,60.404159770670745,60.0,0.5134826666666666,0.0,0.0,0.0,0.0,0.0,0.0
2024-01-05 01:15:00,2.0,15.0,1.5892050846850287,18.112736852016493,15.689614772547602,2.0,59.37375977067073,60.0,0.770224,0.0,0.0,0.0,0.0,0.0,0.0
2024-01-05 01:30:00,2.0,15.0,1.5892050846850287,17.983958597785605,15.60464160363778,2.0,59.07935977067073,60.0,0.0,0.0,0.0,0.0,0.0,0.0,0.0
2024-01-05 01:45:00,2.0,15.0,1.5892050846850287,17.85733441761193,15.518830542427828,2.0,59.07935977067073,60.0,0.0,0.0,0.0,0.0,0.0,0.0,0.0
2024-01-05 02:00:00,2.0,15.0,1.5892050846850287,17.732279351269813,15.425443719964056,1.0,59.07935977067073,60.0,0.0,0.0,0.0,0.0,0.0,0.0,0.0
2024-01-05 02:15:00,2.0,15.0,1.5892050846850287,17.608190138863375,15.324201328200367,1.0,58.21786144291153,60.0,3.594378666666667,0.0,0.0,0.0,0.0,0.0,0.0
2024-01-05 02:30:00,2.0,15.0,1.5892050846850287,17.48528533797237,15.22335352126254,1.0,56.72037649307878,60.0,0.0,0.0,0.0,0.0,0.0,0.0,0.0
2024-01-05 02:45:00,2.0,15.0,1.5892050846850287,17.36352732739139,15.12293202458707,1.0,58.33289440994456,60.0,0.0,0.0,0.0,0.0,0.0,0.0,0.0
2024-01-05 03:00:00,2.0,15.0,1.5892050846850287,17.24288171799732,15.022964808537855,1.0,59.945412326810334,60.0,0.0,0.0,0.0,0.0,0.0,0.0,0.0
2024-01-05 03:15:00,2.0,15.0,1.5892050846850287,17.123317027692565,14.923476474914995,1.0,60.99892403249598,60.0,0.0,0.0,0.0,0.0,0.0,0.0,0.0
2024-01-05 03:30:00,2.0,15.0,1.5892050846850287,17.004804389447408,14.824488604042095,1.0,61.02042427138752,60.0,0.0,0.0,0.0,0.0,0.0,0.0,0.0
2024-01-05 03:45:00,2.0,17.0,1.5892050846850287,17.404998227519776,14.73379447744751,1.0,60.799624271387515,60.0,0.2567413333333333,0.0,0.0,0.0,0.0,0.0,0.0
2024-01-05 04:00:00,1.0,15.333333333333334,1.5892050846850287,17.709388646195176,14.667551190527474,0.0,60.744424271387516,60.0,0.0,0.0,0.0,0.0,0.0,0.0,0.0
2024-01-05 04:15:00,1.0,17.333333333333332,1.5892050846850287,18.10960839742068,14.60772940672791,0.0,60.57882427138751,60.0,0.5134826666666666,0.0,0.0,0.0,0.0,0.0,0.0
2024-01-05 04:30:00,1.0,20.0,1.5892050846850287,19.75427351734616,14.596374483453243,0.0,59.916424271387505,60.0,0.5134826666666666,0.0,0.0,0.0,0.0,0.0,0.0
2024-01-05 04:45:00,1.0,20.0,1.5892050846850287,20.32139209366081,14.656288108871081,0.0,56.94263048256764,60.0,3.594378666666667,0.0,0.0,0.0,0.0,0.0,0.0
2024-01-05 05:00:00,2.0,16.333333333333332,1.5892050846850287,20.03889005706822,14.711076645108351,0.0,57.92644816054187,60.0,0.0,0.0,0.0,0.0,0.0,0.0,0.0
2024-01-05 05:15:00,1.0,17.666666666666668,1.5892050846850287,19.772214873641566,14.74905497997371,0.0,59.53896607740764,60.0,0.0,0.0,0.0,0.0,0.0,0.0,0.0
2024-01-05 05:30:00,2.0,19.333333333333332,1.5892050846850287,19.67236239511403,14.772744170634748,0.0,60.8415827998157,60.0,0.2567413333333333,0.0,0.0,0.0,0.0,0.0,0.0
2024-01-05 05:45:00,2.0,15.0,1.5892050846850287,19.91529033014355,14.803614878545085,0.0,61.09048638318885,60.0,0.0,0.0,0.0,0.0,0.0,0.0,0.0
2024-01-05 06:00:00,2.0,15.0,1.5892050846850287,19.658695614194933,14.829982154051242,0.0,61.09048638318885,60.0,0.0,0.0,0.0,0.0,0.0,0.0,0.0
2024-01-05 06:15:00,1.0,19.666666666666668,1.5892050846850287,20.0955334496445,14.852056375135277,0.0,61.09048638318885,60.0,0.0,0.0,0.0,0.0,0.0,0.0,0.0
2024-01-05 06:30:00,1.0,20.0,1.5892050846850287,20.27607551572292,14.900426348314666,0.0,61.09048638318885,60.0,0.0,0.0,0.0,0.0,0.0,0.0,0.0
2024-01-05 06:45:00,1.0,20.0,1.5892050846850287,20.00694468312296,14.937909078739027,0.0,61.03528638318885,60.0,0.2567413333333333,0.0,0.0,0.0,0.0,0.0,0.0
2024-01-05 07:00:00,1.0,20.0,1.5892050846850287,19.752230071802888,14.96029076163339,0.0,60.81448638318885,60.0,0.0,0.0,0.0,0.0,0.0,0.0,0.0
2024-01-05 07:15:00,1.0,20.0,1.5892050846850287,19.739155157208337,14.970462055135014,0.0,60.72248638318885,60.0,0.5134826666666666,0.0,0.0,0.0,0.0,0.0,0.0
2024-01-05 07:30:00,1.0,20.0,1.5892050846850287,20.393503259361864,15.00282149980124,0.0,60.26248638318884,60.0,0.0,0.0,0.0,0.0,0.0,0.0,0.0
2024-01-05 07:45:00,1.0,20.0,1.5892050846850287,20.12358805786538,15.039522664148262,0.0,59.71048638318884,60.0,1.0269653333333333,0.0,0.0,0.0,0.0,0.0,0.0
2024-01-05 08:00:00,1.0,20.0,1.5892050846850287,19.868931769158397,15.068031879628105,1.0,58.944853129486006,60.0,1.5404480000000003,0.0,0.0,0.0,0.0,0.0,0.0
2024-01-05 08:15:00,1.0,20.0,1.5892050846850287,19.628670749461797,15.090414923550805,1.0,58.4699971333083,60.0,0.0,0.0,0.0,0.0,0.0,0.0,0.0
2024-01-05 08:30:00,1.0,20.0,1.5892050846850287,20.15530062726013,15.111755887077406,1.0,60.082515050174074,60.0,0.0,0.0,0.0,0.0,0.0,0.0,0.0
2024-01-05 08:45:00,1.0,20.0,1.5892050846850287,20.27255001039571,15.159243460939802,1.0,59.36672795031743,60.0,3.0808960000000005,0.0,0.0,0.0,0.0,0.0,0.0
2024-01-05 09:00:00,1.0,19.9,1.5892050846850287,20.017639412708213,15.19512499829341,1.0,59.35054371715932,60.0,0.0,0.0,0.0,0.0,0.0,0.0,0.0
2024-01-05 09:15:00,1.0,20.0,1.5892050846850287,19.77656770031541,15.216685255999248,1.0,60.81255996178429,60.0,0.0,0.0,0.0,0.0,0.0,0.0,0.0
2024-01-05 09:30:00,3.0,19.833333333333332,1.5892050846850287,19.547842188138894,15.225464476765701,1.0,58.464769039662954,60.0,3.337637333333334,0.0,0.0,0.0,0.0,0.0,0.0
2024-01-05 09:45:00,3.0,19.6,1.5892050846850287,19.439385214342263,15.223205922214651,1.0,59.448586717637184,60.0,0.5134826666666666,0.0,0.0,0.0,0.0,0.0,0.0
2024-01-05 10:00:00,1.0,19.966666666666665,1.5892050846850287,19.92080444747159,15.240660592679843,2.0,60.56623717153114,60.0,0.2567413333333333,0.0,0.0,0.0,0.0,0.0,0.0
2024-01-05 10:15:00,1.0,20.0,1.5892050846850287,19.687650613076652,15.26941109459293,2.0,60.50040821787611,60.0,0.5134826666666666,0.0,0.0,0.0,0.0,0.0,0.0
2024-01-05 10:30:00,1.0,20.0,1.5892050846850287,19.92226228955558,15.289598530901019,2.0,60.1876082178761,60.0,0.0,0.0,0.0,0.0,0.0,0.0,0.0
2024-01-05 10:45:00,1.0,20.0,1.5892050846850287,20.359361136141043,15.337069422826774,2.0,60.1876082178761,60.0,0.0,0.0,0.0,0.0,0.0,0.0,0.0
2024-01-05 11:00:00,1.0,20.0,1.5892050846850287,20.110260067704452,15.380655743267953,2.0,60.1876082178761,60.0,0.0,0.0,0.0,0.0,0.0,0.0,0.0
2024-01-05 11:15:00,1.0,20.0,1.5892050846850287,19.875201075705526,15.409722045871147,2.0,60.1876082178761,60.0,0.0,0.0,0.0,0.0,0.0,0.0,0.0
2024-01-05 11:30:00,1.0,20.0,1.5892050846850287,19.65255057996676,15.42582677518851,2.0,60.0956082178761,60.0,0.770224,0.0,0.0,0.0,0.0,0.0,0.0
2024-01-05 11:45:00,1.0,20.0,1.5892050846850287,20.046611694426126,15.437898817278956,2.0,59.359608217876094,60.0,0.0,0.0,0.7841666666666663,0.7564583333333333,1.0,1.0,0.0
2024-01-05 12:00:00,1.0,20.0,1.5892050846850287,20.335453088789418,15.485721728810894,3.0,59.33057926422104,60.0,0.5134826666666666,0.0,0.7999999999999995,0.0,1.0,0.0,0.0
2024-01-05 12:15:00,1.0,20.0,1.5892050846850287,20.095220704421358,15.533552930934455,3.0,60.652562255143195,60.0,0.2567413333333333,0.0,0.7999999999999995,0.0,1.0,0.0,0.0
2024-01-05 12:30:00,1.0,20.0,1.5892050846850287,19.86850415861004,15.567012174072833,3.0,60.605133301488166,60.0,0.2567413333333333,0.0,0.7999999999999995,0.0,1.0,0.0,0.0
2024-01-05 12:45:00,1.0,20.0,1.5892050846850287,19.654005394735876,15.587633135232716,3.0,60.51313330148816,60.0,0.0,0.0,0.7999999999999995,0.0,1.0,0.0,0.0
2024-01-05 13:00:00,1.0,20.0,1.5892050846850287,19.98092107495832,15.602579159356061,3.0,60.27393330148816,60.0,0.2567413333333333,0.0,0.7999999999999995,0.0,1.0,0.0,0.0
2024-01-05 13:15:00,3.0,19.933333333333334,1.5892050846850287,20.355211037514866,15.646504631627701,3.0,58.67120076445996,60.0,4.621344,0.0,0.7999999999999995,0.0,1.0,0.0,0.0
2024-01-05 13:30:00,1.0,19.766666666666666,1.5892050846850287,20.120958228629696,15.685281775048754,3.0,55.85994763498075,60.0,1.0269653333333333,0.0,0.7999999999999995,0.0,1.0,0.0,0.0
2024-01-05 13:45:00,1.0,20.0,1.5892050846850287,19.89952290617761,15.710532813679698,3.0,57.067665551846524,60.0,0.0,0.0,0.7999999999999995,0.0,1.0,0.0,0.0
2024-01-05 14:00:00,1.0,20.0,1.5892050846850287,19.690459995639866,15.730602716201762,4.0,58.68018346871229,60.0,0.0,0.0,0.7999999999999995,0.0,1.0,0.0,0.0
2024-01-05 14:15:00,1.0,20.0,1.5892050846850287,19.7976346861206,15.74925780537943,4.0,58.305501385578076,60.0,6.161792000000001,0.0,0.7999999999999995,0.0,1.0,0.0,0.0
2024-01-05 14:30:00,1.0,20.0,1.5892050846850287,20.415222914776628,15.793767485567944,4.0,54.83961930244386,60.0,1.7971893333333335,0.0,0.7999999999999995,0.0,1.0,0.0,0.0
2024-01-05 14:45:00,1.0,20.0,1.5892050846850287,20.186706629838135,15.840877166215495,4.0,54.96173721930963,60.0,0.0,0.0,0.7999999999999995,0.0,1.0,0.0,0.0
2024-01-05 15:00:00,1.0,20.0,1.5892050846850287,19.970354114591988,15.87420479542926,4.0,56.0958551361754,60.0,1.0269653333333333,0.0,0.7999999999999995,0.0,1.0,0.0,0.0
2024-01-05 15:15:00,1.0,20.0,1.5892050846850287,19.76486256354603,15.89516756603464,4.0,56.88037305304117,60.0,0.2567413333333333,0.0,0.7999999999999995,0.0,1.0,0.0,0.0
2024-01-05 15:30:00,1.0,20.0,1.5892050846850287,19.580959040208295,15.905075233543219,4.0,58.032890969906944,60.0,0.5134826666666666,0.0,0.7999999999999995,0.0,1.0,0.0,0.0
2024-01-05 15:45:00,1.0,20.0,1.5892050846850287,20.350213394664028,15.924980441213904,4.0,59.479808886772716,60.0,0.0,0.0,0.7999999999999995,0.0,1.0,0.0,0.0
2024-01-05 16:00:00,1.0,20.0,1.5892050846850287,20.28650268096991,15.96435507642161,3.55,60.891657907317416,60.0,0.0,0.0,0.7999999999999995,0.0,1.0,0.0,0.0
2024-01-05 16:15:00,1.0,20.0,1.5892050846850287,20.069650509429657,15.988150913441423,3.55,59.949594266610305,60.0,3.0808960000000005,0.0,0.7999999999999995,0.0,1.0,0.0,0.0
2024-01-05 16:30:00,1.0,20.0,1.5892050846850287,19.864106757463993,16.000176543286326,3.55,57.598341137131115,60.0,1.7971893333333335,0.0,0.7999999999999995,0.0,1.0,0.0,0.0
2024-01-05 16:45:00,1.0,20.0,1.5892050846850287,19.668797082546863,16.001699362780737,3.55,58.19885905399689,60.0,3.0808960000000005,0.0,0.7999999999999995,0.0,1.0,0.0,0.0
2024-01-05 17:00:00,1.0,20.0,1.5892050846850287,19.862773025776722,15.995833559442216,3.396667,57.05137697086267,60.0,0.0,0.0,0.7999999999999995,0.0,1.0,0.0,0.0
2024-01-05 17:15:00,1.0,20.0,1.5892050846850287,20.41060710632409,16.018266876501002,3.396667,57.33909488772845,60.0,1.5404480000000003,0.0,0.7999999999999995,0.0,1.0,0.0,0.0
2024-01-05 17:30:00,1.0,20.0,1.5892050846850287,20.190227177550288,16.04236687247583,3.396667,58.620412804594224,60.0,0.0,0.0,0.7999999999999995,0.0,1.0,0.0,0.0
2024-01-05 17:45:00,1.0,20.0,1.5892050846850287,19.981335816002865,16.05451033246046,3.396667,60.21453072146,60.0,0.2567413333333333,0.0,0.7999999999999995,0.0,1.0,0.0,0.0
2024-01-05 18:00:00,1.0,20.0,1.5892050846850287,19.782871281142132,16.0564442409328,3.463333,59.17084529384417,60.0,3.0808960000000005,0.0,0.7999999999999995,0.0,1.0,0.0,0.0
2024-01-05 18:15:00,1.0,20.0,1.5892050846850287,19.593884627788082,16.0493522413379,3.463333,59.439961777360686,60.0,0.0,0.0,0.7999999999999995,0.0,1.0,0.0,0.0
2024-01-05 18:30:00,1.0,20.0,1.5892050846850287,20.242191003290348,16.047948609562276,3.463333,60.520610797905384,60.0,1.7971893333333335,0.0,0.7999999999999995,0.0,1.0,0.0,0.0
2024-01-05 18:45:00,1.0,20.0,1.5892050846850287,20.325992049188702,16.074944922483507,3.463333,59.45985360726994,60.0,0.770224,0.0,0.7999999999999995,0.0,1.0,0.0,0.0
2024-01-05 19:00:00,1.0,20.0,1.5892050846850287,20.112236564034223,16.091852450131555,3.371667,60.51010453894698,60.0,0.5134826666666666,0.0,0.7999999999999995,0.0,1.0,0.0,0.0
2024-01-05 19:15:00,3.0,19.733333333333334,1.5892050846850287,19.909269257977066,16.096856990652725,3.371667,60.53551075012712,60.0,0.0,0.0,0.7999999999999995,0.0,1.0,0.0,0.0
2024-01-05 19:30:00,1.0,19.866666666666667,1.5892050846850287,19.71609152653586,16.09191684634627,3.371667,60.42511075012712,60.0,3.0808960000000005,0.0,0.7999999999999995,0.0,1.0,0.0,0.0
2024-01-05 19:45:00,1.0,20.0,1.5892050846850287,19.64087666659994,16.07847786049127,3.371667,58.083520305788866,60.0,0.0,0.0,0.7999999999999995,0.0,1.0,0.0,0.0
2024-01-05 20:00:00,1.0,20.0,1.5892050846850287,20.442554499028173,16.086791856048404,3.468333,59.69603822265464,60.0,0.0,0.0,0.7999999999999995,0.0,1.0,0.0,0.0
2024-01-05 20:15:00,1.0,20.0,1.5892050846850287,20.255320825825507,16.11062863983334,3.468333,60.93085255614726,60.0,0.5134826666666666,0.0,0.7999999999999995,0.0,1.0,0.0,0.0
2024-01-05 20:30:00,1.0,20.0,1.5892050846850287,20.04658231886058,16.122671453902445,3.468333,60.541553750604976,60.0,0.0,0.0,0.7999999999999995,0.0,1.0,0.0,0.0
2024-01-05 20:45:00,1.0,20.0,1.5892050846850287,19.84822914451868,16.12405874893838,3.468333,60.41275375060498,60.0,0.2567413333333333,0.0,0.7999999999999995,0.0,1.0,0.0,0.0
2024-01-05 21:00:00,1.0,20.0,1.5892050846850287,19.65918311200831,16.114417162643697,3.246667,60.00795375060497,60.0,0.2567413333333333,0.0,0.7999999999999995,0.0,1.0,0.0,0.0
2024-01-05 21:15:00,1.0,20.0,1.5892050846850287,19.858543381305484,16.0977235559053,3.246667,58.96732766364846,60.0,1.7971893333333335,0.0,0.7999999999999995,0.0,1.0,0.0,0.0
2024-01-05 21:30:00,2.0,18.333333333333332,1.5892050846850287,20.41110575787441,16.111439995596392,3.246667,59.37667883421705,60.0,3.337637333333334,0.0,0.7999999999999995,0.0,1.0,0.0,0.0
2024-01-05 21:45:00,2.0,15.0,1.5892050846850287,20.194830224392568,16.12758864483413,3.246667,56.665196751082824,60.0,2.053930666666667,0.0,0.7999999999999995,0.0,1.0,0.0,0.0
2024-01-05 22:00:00,2.0,15.0,1.5892050846850287,19.989437998678287,16.131756963645692,3.143333,57.063314667948596,60.0,3.337637333333334,0.0,0.7999999999999995,0.0,1.0,0.0,0.0
2024-01-05 22:15:00,2.0,15.0,1.5892050846850287,19.793846419161888,16.125120009750184,3.143333,54.99583258481437,60.0,1.5404480000000003,0.0,0.7999999999999995,0.0,1.0,0.0,0.0
2024-01-05 22:30:00,2.0,15.0,1.5892050846850287,19.60716121557495,16.10961110916049,3.143333,55.725150501680154,60.0,0.0,0.0,0.7999999999999995,0.0,1.0,0.0,0.0
2024-01-05 22:45:00,2.0,15.0,1.5892050846850287,19.428554573156212,16.086203734787883,3.143333,56.54646841854593,60.0,2.053930666666667,0.0,0.7999999999999995,0.0,1.0,0.0,0.0
2024-01-05 23:00:00,2.0,15.0,1.5892050846850287,19.257263931931146,16.055484471176833,3.101667,56.7237863354117,60.0,0.5134826666666666,0.0,0.7999999999999995,0.0,1.0,0.0,0.0
2024-01-05 23:15:00,2.0,15.0,1.5892050846850287,19.09260065634563,16.01822010678216,3.101667,57.637104252277474,60.0,0.5134826666666666,0.0,0.7999999999999995,0.0,1.0,0.0,0.0
2024-01-05 23:30:00,2.0,15.0,1.5892050846850287,18.933977431271366,15.975453023944631,3.101667,58.62402216914324,60.0,0.5134826666666666,0.0,0.7999999999999995,0.0,1.0,0.0,0.0
2024-01-05 23:45:00,2.0,15.0,1.5892050846850287,18.780856513331354,15.92781149890957,3.101667,59.92374008600901,60.0,0.0,0.0,0.7999999999999995,0.0,1.0,0.0,0.0
2024-01-06 00:00:00,2.0,15.0,1.5892050846850287,18.632729189421493,15.875468727264371,3.045,59.058055613959354,60.0,3.594378666666667,0.0,0.7999999999999995,0.0,1.0,0.0,0.0
2024-01-06 00:15:00,2.0,15.0,1.5892050846850287,18.489133652704847,15.818906838281483,3.045,58.962272336367406,60.0,0.0,0.0,0.7999999999999995,0.0,1.0,0.0,0.0
2024-01-06 00:30:00,2.0,15.0,1.5892050846850287,18.349697726835508,15.7590401188445,3.045,60.53178977545009,60.0,0.2567413333333333,0.0,0.7999999999999995,0.0,1.0,0.0,0.0
2024-01-06 00:45:00,2.0,15.0,1.5892050846850287,18.21407339408113,15.696271155123421,3.045,60.471195031064056,60.0,0.2567413333333333,0.0,0.7999999999999995,0.0,1.0,0.0,0.0
2024-01-06 01:00:00,2.0,15.0,1.5892050846850287,18.0814195575389,15.62278236541747,1.8583329999999998,60.45279503106405,60.0,0.0,0.0,0.7999999999999995,0.0,1.0,0.0,0.0
2024-01-06 01:15:00,2.0,15.0,1.5892050846850287,17.950888519296072,15.538401710107241,1.8583329999999998,60.37919503106404,60.0,0.2567413333333333,0.0,0.7999999999999995,0.0,1.0,0.0,0.0
2024-01-06 01:30:00,2.0,15.0,1.5892050846850287,17.822621378199372,15.453063184879996,1.8583329999999998,60.17679503106404,60.0,0.0,0.0,0.7999999999999995,0.0,1.0,0.0,0.0
2024-01-06 01:45:00,2.0,15.0,1.5892050846850287,17.696467422866526,15.36693370719754,1.8583329999999998,60.17679503106404,60.0,0.0,0.0,0.7999999999999995,0.0,1.0,0.0,0.0
2024-01-06 02:00:00,2.0,15.0,1.5892050846850287,17.57227514969224,15.279921455103466,1.823333,59.808795031064044,60.0,0.770224,0.0,0.7999999999999995,0.0,1.0,0.0,0.0
2024-01-06 02:15:00,2.0,15.0,1.5892050846850287,17.44990521377814,15.192145480339834,1.823333,59.2366639273851,60.0,0.5134826666666666,0.0,0.7999999999999995,0.0,1.0,0.0,0.0
2024-01-06 02:30:00,2.0,15.0,1.5892050846850287,17.32925853252935,15.104009773372464,1.823333,60.402146201632625,60.0,0.0,0.0,0.7999999999999995,0.0,1.0,0.0,0.0
2024-01-06 02:45:00,2.0,15.0,1.5892050846850287,17.210237387803886,15.015618460340733,1.823333,60.631120114676115,60.0,0.5134826666666666,0.0,0.7999999999999995,0.0,1.0,0.0,0.0
2024-01-06 03:00:00,2.0,15.0,1.5892050846850287,17.092861726187614,14.928741654086204,2.066667,60.355120114676104,60.0,0.2567413333333333,0.0,0.7999999999999995,0.0,1.0,0.0,0.0
2024-01-06 03:15:00,2.0,15.0,1.5892050846850287,16.977167720917812,14.843564087617903,2.066667,60.17112011467611,60.0,0.5134826666666666,0.0,0.7999999999999995,0.0,1.0,0.0,0.0
2024-01-06 03:30:00,2.0,15.0,1.5892050846850287,16.863002147886796,14.758182372650584,2.066667,59.6743201146761,60.0,0.0,0.0,0.7999999999999995,0.0,1.0,0.0,0.0
2024-01-06 03:45:00,2.0,15.0,1.5892050846850287,16.750283625607373,14.6726817300835,2.066667,59.34022130913381,60.0,2.5674133333333335,0.0,0.7999999999999995,0.0,1.0,0.0,0.0
2024-01-06 04:00:00,1.0,16.333333333333332,1.5892050846850287,16.70442816805906,14.586709700661213,1.9833329999999998,57.925435642626425,60.0,0.5134826666666666,0.0,0.7999999999999995,0.0,1.0,0.0,0.0
2024-01-06 04:15:00,1.0,20.0,1.5892050846850287,18.300869500584838,14.534051926074675,1.9833329999999998,58.636353559492186,60.0,1.0269653333333333,0.0,0.7999999999999995,0.0,1.0,0.0,0.0
2024-01-06 04:30:00,2.0,18.333333333333332,1.5892050846850287,20.21312676775424,14.583136409952044,1.9833329999999998,58.66647147635796,60.0,1.5404480000000003,0.0,0.7999999999999995,0.0,1.0,0.0,0.0
2024-01-06 04:45:00,2.0,15.0,1.5892050846850287,20.229291564874114,14.678059941503983,1.9833329999999998,59.41418939322374,60.0,0.770224,0.0,0.7999999999999995,0.0,1.0,0.0,0.0
2024-01-06 05:00:00,2.0,15.0,1.5892050846850287,19.954289662273233,14.756673830154144,2.066667,60.578906832306416,60.0,0.0,0.0,0.7999999999999995,0.0,1.0,0.0,0.0
2024-01-06 05:15:00,1.0,19.666666666666668,1.5892050846850287,19.695910116600608,14.81799762762882,2.066667,61.05191208792038,60.0,0.0,0.0,0.7999999999999995,0.0,1.0,0.0,0.0
2024-01-06 05:30:00,2.0,17.333333333333332,1.5892050846850287,19.550669136910823,14.86361440399286,2.066667,60.90471208792038,60.0,0.2567413333333333,0.0,0.7999999999999995,0.0,1.0,0.0,0.0
2024-01-06 05:45:00,1.0,15.666666666666666,1.5892050846850287,19.699587107323836,14.90991102191445,2.066667,60.775912087920375,60.0,0.0,0.0,0.7999999999999995,0.0,1.0,0.0,0.0
2024-01-06 06:00:00,1.0,20.0,1.5892050846850287,19.915461847384147,14.94995847513028,1.491667,60.757512087920375,60.0,0.5134826666666666,0.0,0.7999999999999995,0.0,1.0,0.0,0.0
2024-01-06 06:15:00,1.0,20.0,1.5892050846850287,20.335260584298357,15.010730123985695,1.491667,60.22391208792037,60.0,0.0,0.0,0.7999999999999995,0.0,1.0,0.0,0.0
2024-01-06 06:30:00,1.0,20.0,1.5892050846850287,20.070016138019035,15.065966520888058,1.491667,58.455780984241436,60.0,3.594378666666667,0.0,0.7999999999999995,0.0,1.0,0.0,0.0
2024-01-06 06:45:00,1.0,20.0,1.5892050846850287,19.819806370963594,15.105184062948712,1.491667,57.641230004786145,60.0,3.0808960000000005,0.0,0.7999999999999995,0.0,1.0,0.0,0.0
2024-01-06 07:00:00,1.0,20.0,1.5892050846850287,19.594133630435305,15.1292874498169,1.375,55.05854792165192,60.0,1.5404480000000003,0.0,0.7999999999999995,0.0,1.0,0.0,0.0
2024-01-06 07:15:00,1.0,20.0,1.5892050846850287,20.324227774679496,15.159626184834144,1.375,56.2294658385177,60.0,0.0,0.0,0.7999999999999995,0.0,1.0,0.0,0.0
2024-01-06 07:30:00,1.0,20.0,1.5892050846850287,20.223946796261224,15.210030304507303,1.375,57.841983755383474,60.0,0.0,0.0,0.7999999999999995,0.0,1.0,0.0,0.0
2024-01-06 07:45:00,1.0,20.0,1.5892050846850287,19.973109176073915,15.245909903813205,1.375,59.325701672249245,60.0,0.5134826666666666,0.0,0.7999999999999995,0.0,1.0,0.0,0.0
2024-01-06 08:00:00,1.0,20.0,1.5892050846850287,19.736091959127066,15.265687224321738,1.088333,59.63181958911502,60.0,1.5404480000000003,0.0,0.7999999999999995,0.0,1.0,0.0,0.0
2024-01-06 08:15:00,1.0,20.0,1.5892050846850287,19.74010700716681,15.272059975978486,1.088333,60.085137505980796,60.0,0.5134826666666666,0.0,0.7999999999999995,0.0,1.0,0.0,1.0
2024-01-06 08:30:00,1.0,20.0,1.5892050846850287,20.410565344359,15.301667862975544,1.088333,60.7646501672326,60.0,0.5134826666666666,0.0,0.0,0.0,0.0,0.0,0.0
2024-01-06 08:45:00,1.0,20.0,1.5892050846850287,20.15587498229446,15.336552958910413,1.088333,60.55005064501568,60.0,0.2567413333333333,0.0,0.0,0.0,0.0,0.0,0.0
2024-01-06 09:00:00,1.0,20.0,1.5892050846850287,19.915164347675972,15.358370946807298,1.26,60.01645064501568,60.0,0.2567413333333333,0.0,0.0,0.0,0.0,0.0,0.0
2024-01-06 09:15:00,1.0,20.0,1.5892050846850287,19.687242294880942,15.368744258298083,1.26,59.4431518394734,60.0,1.5404480000000003,0.0,0.0,0.0,0.0,0.0,0.0
2024-01-06 09:30:00,1.0,20.0,1.5892050846850287,19.925993505706387,15.37194359444789,1.26,58.92996617296601,60.0,1.2837066666666668,0.0,0.0,0.0,0.0,0.0,0.0
2024-01-06 09:45:00,1.0,20.0,1.5892050846850287,20.36625501681822,15.403677404572248,1.26,58.97848408983178,60.0,3.0808960000000005,0.0,0.0,0.0,0.0,0.0,0.0
2024-01-06 10:00:00,1.0,20.0,1.5892050846850287,20.11988707217719,15.432591140634816,1.25,58.27260200669756,60.0,0.0,0.0,0.0,0.0,0.0,0.0,0.0
2024-01-06 10:15:00,1.0,20.0,1.5892050846850287,19.887254928756587,15.447963810642655,1.25,59.88511992356334,60.0,0.0,0.0,0.7564583333333331,0.7366666666666667,1.0,1.0,0.0
2024-01-06 10:30:00,1.0,20.0,1.5892050846850287,19.666286708739584,15.451340128368688,1.25,60.96943258481515,60.0,0.2567413333333333,0.0,0.7999999999999993,0.0,1.0,0.0,0.0
2024-01-06 10:45:00,1.0,20.0,1.5892050846850287,19.9864746386924,15.449808194364596,1.25,60.79163306259823,60.0,0.0,0.0,0.7999999999999993,0.0,1.0,0.0,0.0
2024-01-06 11:00:00,1.0,20.0,1.5892050846850287,20.35455599503152,15.483944963566108,2.116667,60.36843306259823,60.0,0.770224,0.0,0.7999999999999993,0.0,1.0,0.0,0.0
2024-01-06 11:15:00,1.0,20.0,1.5892050846850287,20.114833589877964,15.51994510657896,2.116667,59.96363306259823,60.0,0.0,0.0,0.7999999999999993,0.0,1.0,0.0,0.0
2024-01-06 11:30:00,1.0,20.0,1.5892050846850287,19.888058458346837,15.542331906920197,2.116667,59.96363306259823,60.0,0.2567413333333333,0.0,0.7999999999999993,0.0,1.0,0.0,0.0
2024-01-06 11:45:00,1.0,20.0,1.5892050846850287,19.67299423845619,15.552564963245027,2.116667,59.52203306259822,60.0,0.5134826666666666,0.0,0.7999999999999993,0.0,1.0,0.0,0.0
2024-01-06 12:00:00,1.0,20.0,1.5892050846850287,19.923531881310446,15.557774288722934,2.3399999999999994,59.13563306259822,60.0,0.0,0.0,0.7999999999999993,0.0,1.0,0.0,0.0
2024-01-06 12:15:00,1.0,20.0,1.5892050846850287,20.37462858015816,15.593656723235718,2.3399999999999994,59.00683306259821,60.0,3.5943786666666666,0.0,0.7999999999999993,0.0,1.0,0.0,0.0
2024-01-06 12:30:00,1.0,20.0,1.5892050846850287,20.13806247149027,15.627034483282921,2.3399999999999994,56.13164261825996,60.0,1.5404480000000003,0.0,0.7999999999999993,0.0,1.0,0.0,0.0
2024-01-06 12:45:00,1.0,20.0,1.5892050846850287,19.914174283105563,15.647111500855143,2.3399999999999994,53.10736053512574,60.0,4.6213440000000015,0.0,0.7999999999999993,0.0,1.0,0.0,0.0
2024-01-06 13:00:00,1.0,20.0,1.5892050846850287,19.702032919677084,15.663650927479582,3.55,52.64067845199152,60.0,0.2567413333333333,0.0,0.7999999999999993,0.0,1.0,0.0,0.0
2024-01-06 13:15:00,1.0,20.0,1.5892050846850287,19.72970404820322,15.679690982329854,3.55,53.480396368857285,60.0,0.770224,0.0,0.7999999999999993,0.0,1.0,0.0,0.0
2024-01-06 13:30:00,1.0,20.0,1.5892050846850287,20.42314928150714,15.71948893494235,3.55,54.540914285723055,60.0,0.770224,0.0,0.7999999999999993,0.0,1.0,0.0,0.0
2024-01-06 13:45:00,1.0,20.0,1.5892050846850287,20.190832209122007,15.765022645133342,3.55,55.08623220258882,60.0,1.0269653333333333,0.0,0.7999999999999993,0.0,1.0,0.0,0.0
2024-01-06 14:00:00,3.0,19.666666666666668,1.5892050846850287,19.973470858766298,15.79553669399883,3.376667,56.14675011945459,60.0,0.0,0.0,0.7999999999999993,0.0,1.0,0.0,0.0
2024-01-06 14:15:00,1.0,19.666666666666668,1.5892050846850287,19.76988688502921,15.812571202704225,3.376667,57.667268036320365,60.0,0.5134826666666666,0.0,0.7999999999999993,0.0,1.0,0.0,0.0
2024-01-06 14:30:00,1.0,20.0,1.5892050846850287,19.576675230746922,15.81888499897749,3.376667,58.709385953186136,60.0,0.2567413333333333,0.0,0.7999999999999993,0.0,1.0,0.0,0.0
2024-01-06 14:45:00,1.0,20.0,1.5892050846850287,20.295510495315295,15.832558287389027,3.376667,59.9723038700519,60.0,0.5134826666666666,0.0,0.7999999999999993,0.0,1.0,0.0,0.0
2024-01-06 15:00:00,1.0,20.0,1.5892050846850287,20.297345634165698,15.868003594339333,2.853333,60.88232011467687,60.0,0.2567413333333333,0.0,0.7999999999999993,0.0,1.0,0.0,0.0
2024-01-06 15:15:00,1.0,20.0,1.5892050846850287,20.077547252349902,15.888181091504242,2.853333,59.833922981375395,60.0,1.5404480000000003,0.0,0.7999999999999993,0.0,1.0,0.0,0.0
2024-01-06 15:30:00,1.0,20.0,1.5892050846850287,19.869029508196057,15.896673144354358,2.853333,58.99372345915848,60.0,1.5404480000000003,0.0,0.7999999999999993,0.0,1.0,0.0,0.0
2024-01-06 15:45:00,1.0,20.0,1.5892050846850287,19.67072326900028,15.894740569389317,2.853333,58.7716361204103,60.0,0.2567413333333333,0.0,0.7999999999999993,0.0,1.0,0.0,0.0
2024-01-06 16:00:00,1.0,20.0,1.5892050846850287,19.8605046907956,15.887207628611954,2.951667,60.25535403727607,60.0,0.0,0.0,0.7999999999999993,0.0,1.0,0.0,0.0
2024-01-06 16:15:00,1.0,20.0,1.5892050846850287,20.402969497924666,15.909775284115062,2.951667,61.0078623984801,60.0,0.0,0.0,0.7999999999999993,0.0,1.0,0.0,0.0
2024-01-06 16:30:00,1.0,20.0,1.5892050846850287,20.177479357698854,15.93374642202454,2.951667,60.62146239848009,60.0,2.053930666666667,0.0,0.7999999999999993,0.0,1.0,0.0,0.0
2024-01-06 16:45:00,1.0,20.0,1.5892050846850287,19.963712531418786,15.945526461897686,2.951667,58.00677075968413,60.0,1.7971893333333335,0.0,0.7999999999999993,0.0,1.0,0.0,0.0
2024-01-06 17:00:00,1.0,20.0,1.5892050846850287,19.76017533721876,15.940535852866203,2.096667,59.2328886765499,60.0,0.0,0.0,0.7999999999999993,0.0,1.0,0.0,0.0
2024-01-06 17:15:00,1.0,20.0,1.5892050846850287,19.57640467380936,15.919596196260606,2.096667,60.71350635452413,60.0,0.5134826666666666,0.0,0.7999999999999993,0.0,1.0,0.0,0.0
2024-01-06 17:30:00,1.0,20.0,1.5892050846850287,20.344365826045514,15.91057522514449,2.096667,60.73891256570426,60.0,0.2567413333333333,0.0,0.7999999999999993,0.0,1.0,0.0,0.0
2024-01-06 17:45:00,1.0,20.0,1.5892050846850287,20.278356815356194,15.92586027369614,2.096667,60.31571256570426,60.0,0.5134826666666666,0.0,0.7999999999999993,0.0,1.0,0.0,0.0
2024-01-06 18:00:00,1.0,20.0,1.5892050846850287,20.05823284755723,15.925350357004241,1.36,59.837312565704245,60.0,0.5134826666666666,0.0,0.7999999999999993,0.0,1.0,0.0,0.0
2024-01-06 18:15:00,1.0,20.0,1.5892050846850287,19.847991806383202,15.908739086096688,1.36,59.45091256570424,60.0,0.0,0.0,0.7999999999999993,0.0,1.0,0.0,0.0
2024-01-06 18:30:00,1.0,20.0,1.5892050846850287,19.646888006350995,15.883179671294881,1.36,59.414112565704244,60.0,0.5134826666666666,0.0,0.7999999999999993,0.0,1.0,0.0,0.0
2024-01-06 18:45:00,1.0,20.0,1.5892050846850287,19.984672973573815,15.855451065176732,1.36,59.651420926908266,60.0,1.5404480000000003,0.0,0.7999999999999993,0.0,1.0,0.0,0.0
2024-01-06 19:00:00,1.0,20.0,1.5892050846850287,20.367448753424018,15.857290322984651,0.985,58.06233884377404,60.0,1.5404480000000003,0.0,0.7999999999999993,0.0,1.0,0.0,0.0
2024-01-06 19:15:00,1.0,20.0,1.5892050846850287,20.139110401388777,15.854102775256552,0.985,59.56445676063982,60.0,0.0,0.0,0.7999999999999993,0.0,1.0,0.0,0.0
2024-01-06 19:30:00,1.0,20.0,1.5892050846850287,19.921379478231117,15.840274804313918,0.985,60.0545746775056,60.0,1.7971893333333335,0.0,0.7999999999999993,0.0,1.0,0.0,0.0
2024-01-06 19:45:00,1.0,20.0,1.5892050846850287,19.713266656644304,15.816970402791608,0.985,60.74999139991366,60.0,0.0,0.0,0.7999999999999993,0.0,1.0,0.0,0.0
2024-01-06 20:00:00,1.0,20.0,1.5892050846850287,19.677287197599778,15.785099166250083,0.86,60.94369498328681,60.0,0.2567413333333333,0.0,0.7999999999999993,0.0,1.0,0.0,0.0
2024-01-06 20:15:00,1.0,20.0,1.5892050846850287,20.427604844790338,15.776572040296536,0.86,59.16219665552761,60.0,3.3376373333333333,0.0,0.7999999999999993,0.0,1.0,0.0,0.0
2024-01-06 20:30:00,1.0,20.0,1.5892050846850287,20.203046656905425,15.77991103633923,0.86,57.719911705694855,60.0,3.8511200000000003,0.0,0.7999999999999993,0.0,1.0,0.0,0.0
2024-01-06 20:45:00,1.0,20.0,1.5892050846850287,19.978755871845824,15.771897189503461,0.86,56.11242962256063,60.0,0.2567413333333333,0.0,0.7999999999999993,0.0,1.0,0.0,0.0
2024-01-06 21:00:00,1.0,20.0,1.5892050846850287,19.764594487998785,15.752723784656947,0.713333,57.522547539426405,60.0,0.0,0.0,0.7999999999999993,0.0,1.0,0.0,0.0
2024-01-06 21:15:00,1.0,20.0,1.5892050846850287,19.592344511350735,15.723479940107508,0.713333,58.91426545629218,60.0,0.2567413333333333,0.0,0.7999999999999993,0.0,1.0,0.0,0.0
2024-01-06 21:30:00,2.0,19.666666666666668,1.5892050846850287,20.3798375966176,15.70924450582816,0.713333,60.45008313426641,60.0,0.0,0.0,0.7999999999999993,0.0,1.0,0.0,0.0
2024-01-06 21:45:00,1.0,15.666666666666666,1.5892050846850287,20.24876604500906,15.716401494541627,0.713333,60.64108934544654,60.0,0.5134826666666666,0.0,0.7999999999999993,0.0,1.0,0.0,0.0
2024-01-06 22:00:00,2.0,15.333333333333334,1.5892050846850287,20.01922700574745,15.712127732930128,0.68,60.45708934544654,60.0,0.0,0.0,0.7999999999999993,0.0,1.0,0.0,0.0
2024-01-06 22:15:00,2.0,15.0,1.5892050846850287,19.800281096029003,15.69696676282115,0.68,60.36508934544654,60.0,0.2567413333333333,0.0,0.7999999999999993,0.0,1.0,0.0,0.0
2024-01-06 22:30:00,2.0,15.0,1.5892050846850287,19.59094915684695,15.672354437230904,0.68,58.98219053990426,60.0,3.3376373333333333,0.0,0.7999999999999993,0.0,1.0,0.0,0.0
2024-01-06 22:45:00,1.0,20.0,1.5892050846850287,20.219062051282474,15.653552341135727,0.68,57.67780487339687,60.0,0.5134826666666666,0.0,0.7999999999999993,0.0,1.0,0.0,0.0
2024-01-06 23:00:00,1.0,20.0,1.5892050846850287,20.2828703069462,15.664052797750278,0.793333,57.615922790262644,60.0,3.0808960000000005,0.0,0.7999999999999993,0.0,1.0,0.0,0.0
2024-01-06 23:15:00,1.0,20.0,1.5892050846850287,20.04941607666643,15.666045796367955,0.793333,54.002840707128414,60.0,5.391568000000001,0.0,0.7999999999999993,0.0,1.0,0.0,0.0
2024-01-06 23:30:00,1.0,20.0,1.5892050846850287,19.82704866397174,15.656833960952952,0.793333,52.67135862399419,60.0,0.5134826666666666,0.0,0.7999999999999993,0.0,1.0,0.0,0.0
2024-01-06 23:45:00,2.0,19.0,1.5892050846850287,19.61473018555064,15.637639074408439,0.793333,51.22947654085996,60.0,5.134826666666667,0.0,0.7999999999999993,0.0,1.0,0.0,0.0
2024-01-07 00:00:00,2.0,15.0,1.5892050846850287,19.41170881829982,15.612360613920272,1.2,50.32119445772574,60.0,0.0,0.0,0.7999999999999993,0.0,1.0,0.0,0.0
2024-01-07 00:15:00,2.0,15.0,1.5892050846850287,19.21734015751048,15.582152829121243,1.2,51.51051237459151,60.0,0.5134826666666666,0.0,0.7999999999999993,0.0,1.0,0.0,0.0
2024-01-07 00:30:00,2.0,15.0,1.5892050846850287,19.030735385547175,15.544594297317197,1.2,52.994230291457285,60.0,0.0,0.0,0.7999999999999993,0.0,1.0,0.0,0.0
2024-01-07 00:45:00,2.0,15.0,1.5892050846850287,18.851190511827074,15.500509834176098,1.2,54.42274820832306,60.0,0.2567413333333333,0.0,0.7999999999999993,0.0,1.0,0.0,0.0
2024-01-07 01:00:00,1.0,20.0,1.5892050846850287,19.778515997367553,15.467778120461395,1.335,55.869666125188836,60.0,0.2567413333333333,0.0,0.7999999999999993,0.0,1.0,0.0,0.0
2024-01-07 01:15:00,2.0,16.0,1.5892050846850287,20.386029963979944,15.494253052213006,1.335,57.27978404205461,60.0,0.0,0.0,0.7999999999999993,0.0,1.0,0.0,0.0
2024-01-07 01:30:00,2.0,15.0,1.5892050846850287,20.14048172268318,15.519595996590102,1.335,58.72670195892038,60.0,0.5134826666666666,0.0,0.7999999999999993,0.0,1.0,0.0,0.0
2024-01-07 01:45:00,2.0,15.0,1.5892050846850287,19.907664619560745,15.53171061226061,1.335,59.952819875786155,60.0,0.0,0.0,0.7999999999999993,0.0,1.0,0.0,0.0
2024-01-07 02:00:00,2.0,15.0,1.5892050846850287,19.686549653385203,15.534802161028173,1.738333,60.803931581471794,60.0,0.2567413333333333,0.0,0.7999999999999993,0.0,1.0,0.0,0.0
2024-01-07 02:15:00,2.0,15.0,1.5892050846850287,19.476243251076667,15.530318768430751,1.738333,60.53103182036333,60.0,0.2567413333333333,0.0,0.7999999999999993,0.0,1.0,0.0,0.0
2024-01-07 02:30:00,2.0,15.0,1.5892050846850287,19.27563537614004,15.516131294861841,1.738333,60.47583182036333,60.0,0.0,0.0,0.7999999999999993,0.0,1.0,0.0,0.0
2024-01-07 02:45:00,2.0,15.0,1.5892050846850287,19.083822605034843,15.493302467929926,1.738333,60.42063182036333,60.0,0.2567413333333333,0.0,0.7999999999999993,0.0,1.0,0.0,0.0
2024-01-07 03:00:00,2.0,15.0,1.5892050846850287,18.9000901233833,15.46429095033235,1.956667,60.19983182036333,60.0,0.0,0.0,0.7999999999999993,0.0,1.0,0.0,0.0
2024-01-07 03:15:00,2.0,15.0,1.5892050846850287,18.72381224738503,15.430044096672503,1.956667,58.60233349260413,60.0,3.594378666666667,0.0,0.7999999999999993,0.0,1.0,0.0,0.0
2024-01-07 03:30:00,2.0,15.0,1.5892050846850287,18.554260325802435,15.389555915772322,1.956667,57.344048542771375,60.0,0.5134826666666666,0.0,0.7999999999999993,0.0,1.0,0.0,0.0
2024-01-07 03:45:00,2.0,15.0,1.5892050846850287,18.390830315143727,15.343533089869505,1.956667,58.73576645963715,60.0,0.5134826666666666,0.0,0.7999999999999993,0.0,1.0,0.0,1.0
2024-01-07 04:00:00,1.0,18.666666666666668,1.5892050846850287,18.829113676936785,15.298763621382859,1.988333,59.96188437650292,60.0,0.0,0.0,0.0,0.0,0.0,0.0,0.0
2024-01-07 04:15:00,1.0,20.0,1.5892050846850287,20.35508279902208,15.317080560976056,1.988333,60.996996082188566,60.0,0.2567413333333333,0.0,0.0,0.0,0.0,0.0,0.0
2024-01-07 04:30:00,1.0,20.0,1.5892050846850287,20.208492027970642,15.366032231052655,1.988333,60.3928963210801,60.0,0.770224,0.0,0.0,0.0,0.0,0.0,0.0
2024-01-07 04:45:00,1.0,20.0,1.5892050846850287,19.966103192407896,15.400451858906564,1.988333,59.932896321080094,60.0,0.0,0.0,0.0,0.0,0.0,0.0,0.0
2024-01-07 05:00:00,1.0,20.0,1.5892050846850287,19.736663297786507,15.420437095071199,1.873333,59.932896321080094,60.0,0.0,0.0,0.0,0.0,0.0,0.0,0.0
2024-01-07 05:15:00,1.0,20.0,1.5892050846850287,19.682337372779056,15.428130092915115,1.873333,59.932896321080094,60.0,0.0,0.0,0.7999999999999999,0.7881250000000001,1.0,1.0,0.0
2024-01-07 05:30:00,1.0,20.0,1.5892050846850287,20.417071843099688,15.45680501532559,1.873333,59.840896321080095,60.0,0.2567413333333333,0.0,0.7999999999999999,0.0,1.0,0.0,0.0
2024-01-07 05:45:00,1.0,20.0,1.5892050846850287,20.179376698040695,15.494297083208943,1.873333,59.65689632108009,60.0,0.0,0.0,0.7999999999999999,0.0,1.0,0.0,0.0
2024-01-07 06:00:00,1.0,20.0,1.5892050846850287,19.94378070945334,15.512133064416854,1.066667,59.65689632108009,60.0,0.0,0.0,0.7999999999999999,0.0,1.0,0.0,1.0
2024-01-07 06:15:00,1.0,20.0,1.5892050846850287,19.719596950700762,15.511454321619068,1.066667,59.65689632108009,60.0,0.0,0.0,0.0,0.0,0.0,0.0,0.0
2024-01-07 06:30:00,1.0,20.0,1.5892050846850287,19.734535968172608,15.50144528943805,1.066667,59.65689632108009,60.0,0.0,0.0,0.0,0.0,0.0,0.0,0.0
2024-01-07 06:45:00,1.0,20.0,1.5892050846850287,20.41464978257894,15.516206803473462,1.066667,59.60169632108009,60.0,0.5134826666666666,0.0,0.7999999999999999,0.7920833333333334,1.0,1.0,0.0
2024-01-07 07:00:00,1.0,20.0,1.5892050846850287,20.16854142755889,15.538383775404263,1.176667,59.07429679886317,60.0,0.2567413333333333,0.0,0.7999999999999999,0.0,1.0,0.0,0.0
2024-01-07 07:15:00,1.0,20.0,1.5892050846850287,19.935131305903603,15.54835173858405,1.176667,60.01140946011498,60.0,0.0,0.0,0.7999999999999999,0.0,1.0,0.0,0.0
2024-01-07 07:30:00,1.0,20.0,1.5892050846850287,19.713172986834454,15.546621917694798,1.176667,61.06492116580062,60.0,0.0,0.0,0.7999999999999999,0.0,1.0,0.0,0.0
2024-01-07 07:45:00,1.0,20.0,1.5892050846850287,19.730184253776216,15.535732685336706,1.176667,61.08642140469217,60.0,0.0,0.0,0.7999999999999999,0.0,1.0,0.0,0.0
2024-01-07 08:00:00,1.0,20.0,1.5892050846850287,20.412502120907472,15.55075782275921,1.32,61.08642140469217,60.0,0.0,0.0,0.7999999999999999,0.0,1.0,0.0,0.0
2024-01-07 08:15:00,1.0,20.0,1.5892050846850287,20.16876303342671,15.57364153831158,1.32,60.810421404692164,60.0,0.5134826666666666,0.0,0.7999999999999999,0.0,1.0,0.0,0.0
2024-01-07 08:30:00,1.0,20.0,1.5892050846850287,19.937556687161063,15.583535454243743,1.32,60.40562140469216,60.0,0.2567413333333333,0.0,0.7999999999999999,0.0,1.0,0.0,0.0
2024-01-07 08:45:00,1.0,20.0,1.5892050846850287,19.717694943240264,15.581840786789552,1.32,60.25842140469216,60.0,0.0,0.0,0.7999999999999999,0.0,1.0,0.0,0.0
2024-01-07 09:00:00,1.0,20.0,1.5892050846850287,19.73715264505214,15.569036203547602,1.021667,59.908821404692155,60.0,0.5134826666666666,0.0,0.7999999999999999,0.0,1.0,0.0,0.0
2024-01-07 09:15:00,1.0,19.733333333333334,1.5892050846850287,20.42190897669207,15.579108211423211,1.021667,59.70642140469215,60.0,0.0,0.0,0.7999999999999999,0.0,1.0,0.0,0.0
2024-01-07 09:30:00,1.0,20.0,1.5892050846850287,20.179944036034694,15.596348779887077,1.021667,58.08762427139068,60.0,3.0808960000000005,0.0,0.7999999999999999,0.0,1.0,0.0,0.0
2024-01-07 09:45:00,1.0,20.0,1.5892050846850287,19.950168542681073,15.601034057013013,1.021667,58.11444051601565,60.0,0.0,0.0,0.7999999999999999,0.0,1.0,0.0,0.0
2024-01-07 10:00:00,1.0,20.0,1.5892050846850287,19.731570840924647,15.596199533383949,1.265,59.37735843288142,60.0,0.770224,0.0,0.7999999999999999,0.0,1.0,0.0,0.0
2024-01-07 10:15:00,1.0,20.0,1.5892050846850287,19.686694312334723,15.583894340464592,1.265,60.14347634974719,60.0,7.4454986666666665,0.0,0.7999999999999999,0.0,1.0,0.0,0.0
2024-01-07 10:30:00,1.0,20.0,1.5892050846850287,20.429512683627152,15.594260978474587,1.265,32.48159426661293,60.0,28.755029333333333,0.0,0.7999999999999999,0.0,1.0,0.0,0.0
2024-01-07 10:45:00,1.0,20.0,1.5892050846850287,20.198678036419455,15.614964953361866,1.265,24.82051218347866,60.0,0.0,0.0,0.7999999999999999,0.0,1.0,0.0,0.0
2024-01-07 11:00:00,1.0,20.0,1.5892050846850287,19.969200053744917,15.627450325672589,1.9199999999999997,25.936230100344385,60.0,0.5134826666666666,0.0,0.7999999999999999,0.0,1.0,0.0,0.0
2024-01-07 11:15:00,1.0,20.0,1.5892050846850287,19.751180277334402,15.633312378908178,1.9199999999999997,27.401548017210107,60.0,0.5134826666666666,0.0,0.7999999999999999,0.0,1.0,0.0,0.0
2024-01-07 11:30:00,1.0,20.0,1.5892050846850287,19.60922519536134,15.628607859323136,1.9199999999999997,28.55406593407583,60.0,0.0,0.0,0.7999999999999999,0.0,1.0,0.0,1.0
2024-01-07 11:45:00,1.0,20.0,1.5892050846850287,20.403309382095536,15.640355363376877,1.9199999999999997,30.01938385094155,60.0,0.2567413333333333,0.0,0.0,0.0,0.0,0.0,0.0
2024-01-07 12:00:00,1.0,20.0,1.5892050846850287,20.22873756048717,15.674427065091301,2.735,30.693501767807277,60.0,1.0269653333333333,0.0,0.0,0.0,0.0,0.0,0.0
2024-01-07 12:15:00,1.0,20.0,1.5892050846850287,20.0015929570502,15.701599890620194,2.735,30.134819684673,60.0,3.0808960000000005,0.0,0.0,0.0,0.0,0.0,0.0
2024-01-07 12:30:00,1.0,20.0,1.5892050846850287,19.786396952024347,15.716304343636006,2.735,30.109737601538725,60.0,0.5134826666666666,0.0,0.0,0.0,0.0,0.0,0.0
2024-01-07 12:45:00,1.0,20.0,1.5892050846850287,19.582012917784894,15.719881546056824,2.735,31.37265551840445,60.0,0.0,0.0,0.0,0.0,0.0,0.0,0.0
2024-01-07 13:00:00,1.0,20.0,1.5892050846850287,20.29029583997988,15.733272635582397,3.143333,32.929973435270206,60.0,0.5134826666666666,0.0,0.0,0.0,0.0,0.0,0.0
2024-01-07 13:15:00,1.0,20.0,1.5892050846850287,20.284352221430925,15.774736775508547,3.143333,34.045691352135975,60.0,0.0,0.0,0.0,0.0,0.0,0.0,0.0
2024-01-07 13:30:00,1.0,20.0,1.5892050846850287,20.059723383337648,15.804289833534423,3.143333,35.49260926900175,60.0,0.5134826666666666,0.0,0.0,0.0,0.0,0.0,0.0
2024-01-07 13:45:00,1.0,20.0,1.5892050846850287,19.847034212236352,15.821346179891181,3.143333,36.36912718586752,60.0,0.5134826666666666,0.0,0.0,0.0,0.0,0.0,0.0
2024-01-07 14:00:00,1.0,20.0,1.5892050846850287,19.645095471645927,15.826949150106802,3.1,37.77924510273329,60.0,0.0,0.0,0.0,0.0,0.0,0.0,0.0
2024-01-07 14:15:00,1.0,20.0,1.5892050846850287,19.98345553103305,15.82807338602336,3.1,39.042163019599066,60.0,0.5134826666666666,0.0,0.7999999999999997,0.77625,1.0,1.0,0.0
2024-01-07 14:30:00,1.0,20.0,1.5892050846850287,20.36827417657294,15.859586298295188,3.1,40.45228093646484,60.0,0.0,0.0,0.7999999999999997,0.0,1.0,0.0,0.0
2024-01-07 14:45:00,1.0,20.0,1.5892050846850287,20.14348286623808,15.88722114150003,3.1,40.62959885333062,60.0,1.5404480000000003,0.0,0.7999999999999997,0.0,1.0,0.0,0.0
2024-01-07 15:00:00,1.0,20.0,1.5892050846850287,19.929556347781734,15.894514821146116,1.946667,42.0213167701964,60.0,0.0,0.0,0.7999999999999997,0.0,1.0,0.0,0.0
2024-01-07 15:15:00,1.0,20.0,1.5892050846850287,19.724778361762677,15.882284895731269,1.946667,43.56023468706216,60.0,0.770224,0.0,0.7999999999999997,0.0,1.0,0.0,0.0
2024-01-07 15:30:00,1.0,20.0,1.5892050846850287,19.63817406344947,15.861458023164365,1.946667,44.418352603927936,60.0,0.2567413333333333,0.0,0.7999999999999997,0.0,1.0,0.0,0.0
2024-01-07 15:45:00,1.0,20.0,1.5892050846850287,20.428615818416134,15.861635888617839,1.946667,45.4420705207937,60.0,0.5134826666666666,0.0,0.7999999999999997,0.0,1.0,0.0,0.0
2024-01-07 16:00:00,3.0,19.866666666666667,1.5892050846850287,20.230309203833926,15.879042176159949,2.306667,46.520988437659476,60.0,0.5134826666666666,0.0,0.7999999999999997,0.0,1.0,0.0,0.0
2024-01-07 16:15:00,1.0,19.966666666666665,1.5892050846850287,20.01084585653933,15.887302906148967,2.306667,46.679906354525244,60.0,1.7971893333333335,0.0,0.7999999999999997,0.0,1.0,0.0,0.0
2024-01-07 16:30:00,1.0,20.0,1.5892050846850287,19.8020988765405,15.88463382453056,2.306667,46.71002427139102,60.0,2.5674133333333335,0.0,0.7999999999999997,0.0,1.0,0.0,1.0
2024-01-07 16:45:00,1.0,20.0,1.5892050846850287,19.603060486182265,15.872222058505015,2.306667,46.40894218825679,60.0,0.0,0.0,0.0,0.0,0.0,0.0,0.0
2024-01-07 17:00:00,1.0,20.0,1.5892050846850287,20.16742860368816,15.863792218747856,2.438333,48.003060105122564,60.0,0.2567413333333333,0.0,0.8,0.7960416666666668,0.0,1.0,0.0
2024-01-07 17:15:00,1.0,20.0,1.5892050846850287,20.31935096986429,15.886164307730201,2.438333,49.35797802198834,60.0,0.0,0.0,0.0,0.0,0.0,0.0,0.0
2024-01-07 17:30:00,1.0,20.0,1.5892050846850287,20.09616275250231,15.900132865120195,2.438333,50.970495938854114,60.0,0.0,0.0,0.0,0.0,0.0,0.0,0.0
2024-01-07 17:45:00,1.0,20.0,1.5892050846850287,19.884129047361398,15.902640494739908,2.438333,52.25181385571989,60.0,3.337637333333334,0.0,0.0,0.0,0.0,0.0,0.0
2024-01-07 18:00:00,1.0,20.0,1.5892050846850287,19.681959692697607,15.891252291399695,1.905,50.607531772585666,60.0,0.0,0.0,0.0,0.0,0.0,0.0,0.0
2024-01-07 18:15:00,1.0,20.0,1.5892050846850287,19.792917968917,15.868885305347325,1.905,52.22004968945144,60.0,0.0,0.0,0.0,0.0,0.0,0.0,0.0
2024-01-07 18:30:00,1.0,20.0,1.5892050846850287,20.41222346986543,15.875098935509998,1.905,53.83256760631722,60.0,0.0,0.0,0.0,0.0,0.0,0.0,0.0
2024-01-07 18:45:00,1.0,20.0,1.5892050846850287,20.18358093207481,15.886371294621203,1.905,55.445085523182996,60.0,0.0,0.0,0.0,0.0,0.0,0.0,0.0
2024-01-07 19:00:00,1.0,20.0,1.5892050846850287,19.965958727259775,15.881955921801886,1.305,57.05760344004877,60.0,0.0,0.0,0.0,0.0,0.0,0.0,0.0
2024-01-07 19:15:00,1.0,20.0,1.5892050846850287,19.758007367514114,15.862854988394732,1.305,58.67012135691455,60.0,0.0,0.0,0.0,0.0,0.0,0.0,0.0
2024-01-07 19:30:00,1.0,20.0,1.5892050846850287,19.59177003153817,15.83510566295525,1.305,60.282639273780326,60.0,0.0,0.0,0.0,0.0,0.0,0.0,0.0
2024-01-07 19:45:00,1.0,20.0,1.5892050846850287,20.385061365751856,15.82255737143573,1.305,61.035147634984355,60.0,0.0,0.0,0.0,0.0,0.0,0.0,0.0
2024-01-07 20:00:00,1.0,20.0,1.5892050846850287,20.25961488168495,15.831916599499086,1.355,61.035147634984355,60.0,0.0,0.0,0.0,0.0,0.0,0.0,0.0
2024-01-07 20:15:00,1.0,20.0,1.5892050846850287,20.035583458038335,15.830590941908715,1.355,61.035147634984355,60.0,0.0,0.0,0.0,0.0,0.0,0.0,0.0
2024-01-07 20:30:00,1.0,20.0,1.5892050846850287,19.822042315076434,15.81871371710169,1.355,61.035147634984355,60.0,0.0,0.0,0.0,0.0,0.0,0.0,0.0
2024-01-07 20:45:00,1.0,20.0,1.5892050846850287,19.61801173262788,15.797437841455238,1.355,61.035147634984355,60.0,0.0,0.0,0.0,0.0,0.0,0.0,0.0
2024-01-07 21:00:00,1.0,20.0,1.5892050846850287,20.177393509436307,15.783225509791231,1.888333,61.035147634984355,60.0,0.0,0.0,0.0,0.0,0.0,0.0,0.0
2024-01-07 21:15:00,1.0,20.0,1.5892050846850287,20.324549517173537,15.80303690658471,1.888333,61.035147634984355,60.0,0.0,0.0,0.0,0.0,0.0,0.0,0.0
2024-01-07 21:30:00,1.0,20.0,1.5892050846850287,20.096701563875357,15.814377486460867,1.888333,61.035147634984355,60.0,0.0,0.0,0.0,0.0,0.0,0.0,0.0
2024-01-07 21:45:00,1.0,20.0,1.5892050846850287,19.88010662672804,15.814199090894382,1.888333,61.035147634984355,60.0,0.0,0.0,0.0,0.0,0.0,0.0,0.0
2024-01-07 22:00:00,2.0,19.333333333333332,1.5892050846850287,19.673826895403913,15.805646226441718,2.163333,61.035147634984355,60.0,0.0,0.0,0.0,0.0,0.0,0.0,0.0
2024-01-07 22:15:00,2.0,15.0,1.5892050846850287,19.477040784609766,15.789955108073249,2.163333,61.035147634984355,60.0,0.0,0.0,0.0,0.0,0.0,0.0,0.0
2024-01-07 22:30:00,2.0,15.0,1.5892050846850287,19.28880057449494,15.765897378212726,2.163333,61.035147634984355,60.0,0.0,0.0,0.0,0.0,0.0,0.0,0.0
2024-01-07 22:45:00,2.0,15.0,1.5892050846850287,19.10831868672501,15.734398030941774,2.163333,61.035147634984355,60.0,0.0,0.0,0.0,0.0,0.0,0.0,0.0
2024-01-07 23:00:00,2.0,15.0,1.5892050846850287,18.934553502845127,15.691118163976563,1.413333,61.035147634984355,60.0,0.0,0.0,0.0,0.0,0.0,0.0,0.0
2024-01-07 23:15:00,2.0,15.0,1.5892050846850287,18.766510960736277,15.63648945124158,1.413333,61.035147634984355,60.0,0.0,0.0,0.0,0.0,0.0,0.0,0.0
2024-01-07 23:30:00,2.0,15.0,1.5892050846850287,18.603868397740882,15.57727550714048,1.413333,61.035147634984355,60.0,0.0,0.0,0.0,0.0,0.0,0.0,0.0
2024-01-07 23:45:00,2.0,15.0,1.5892050846850287,18.446160445206694,15.514017273589054,1.413333,61.035147634984355,60.0,0.0,0.0,0.0,0.0,0.0,0.0,0.0
2024-01-08 00:00:00,2.0,15.0,1.5892050846850287,18.29251989885012,15.440250466464454,0.405,61.035147634984355,60.0,0.0,0.0,0.0,0.0,0.0,0.0,0.0
2024-01-08 00:15:00,2.0,15.0,1.5892050846850287,18.14208934210921,15.355989043981074,0.405,61.035147634984355,60.0,0.0,0.0,0.0,0.0,0.0,0.0,0.0
2024-01-08 00:30:00,2.0,15.0,1.5892050846850287,17.994865385912785,15.269817801335831,0.405,61.035147634984355,60.0,0.0,0.0,0.0,0.0,0.0,0.0,0.0
2024-01-08 00:45:00,2.0,15.0,1.5892050846850287,17.85060910474425,15.182007494317094,0.405,61.035147634984355,60.0,0.0,0.0,0.0,0.0,0.0,0.0,0.0
2024-01-08 01:00:00,2.0,15.0,1.5892050846850287,17.709086748432025,15.092513556591207,0.363333,61.035147634984355,60.0,0.0,0.0,0.0,0.0,0.0,0.0,0.0
2024-01-08 01:15:00,2.0,15.0,1.5892050846850287,17.570084536045677,15.001535910758921,0.363333,61.035147634984355,60.0,0.0,0.0,0.0,0.0,0.0,0.0,0.0
2024-01-08 01:30:00,2.0,15.0,1.5892050846850287,17.433441552428096,14.909607809297695,0.363333,61.035147634984355,60.0,0.0,0.0,0.0,0.0,0.0,0.0,0.0
2024-01-08 01:45:00,2.0,15.0,1.5892050846850287,17.29900293758211,14.816900234432403,0.363333,61.035147634984355,60.0,0.0,0.0,0.0,0.0,0.0,0.0,0.0
2024-01-08 02:00:00,2.0,15.0,1.5892050846850287,17.166720949905024,14.724990579143237,0.57,61.035147634984355,60.0,0.0,0.0,0.0,0.0,0.0,0.0,0.0
2024-01-08 02:15:00,2.0,15.0,1.5892050846850287,17.036568082196204,14.634102086509113,0.57,61.035147634984355,60.0,0.0,0.0,0.0,0.0,0.0,0.0,0.0
2024-01-08 02:30:00,2.0,15.0,1.5892050846850287,16.90836176561182,14.54267764634937,0.57,61.035147634984355,60.0,0.0,0.0,0.0,0.0,0.0,0.0,0.0
2024-01-08 02:45:00,2.0,15.0,1.5892050846850287,16.78198565469418,14.450842922291438,0.57,61.035147634984355,60.0,0.0,0.0,0.0,0.0,0.0,0.0,0.0
2024-01-08 03:00:00,2.0,15.0,1.5892050846850287,16.657459993329965,14.360651539434139,0.8516670000000001,61.035147634984355,60.0,0.0,0.0,0.0,0.0,0.0,0.0,0.0
2024-01-08 03:15:00,1.0,15.333333333333334,1.5892050846850287,16.53482415684981,14.27232156984927,0.8516670000000001,61.035147634984355,60.0,0.0,0.0,0.0,0.0,0.0,0.0,0.0
2024-01-08 03:30:00,2.0,15.666666666666666,1.5892050846850287,16.863991341852653,14.193359749688167,0.8516670000000001,61.035147634984355,60.0,0.0,0.0,0.0,0.0,0.0,0.0,0.0
2024-01-08 03:45:00,2.0,15.0,1.5892050846850287,16.755348688565274,14.126644661017401,0.8516670000000001,61.035147634984355,60.0,0.0,0.0,0.0,0.0,0.0,0.0,0.0
2024-01-08 04:00:00,2.0,15.0,1.5892050846850287,16.617415750345504,14.058784994383961,1.04,61.035147634984355,60.0,0.0,0.0,0.0,0.0,0.0,0.0,0.0
2024-01-08 04:15:00,2.0,15.0,1.5892050846850287,16.482973552074963,13.990043888989904,1.04,61.035147634984355,60.0,0.0,0.0,0.0,0.0,0.0,0.0,0.0
2024-01-08 04:30:00,1.0,18.666666666666668,1.5892050846850287,17.011496652832587,13.927138979781931,1.04,61.035147634984355,60.0,0.0,0.0,0.0,0.0,0.0,0.0,0.0
2024-01-08 04:45:00,1.0,20.0,1.5892050846850287,19.09136753539825,13.934390957698245,1.04,61.035147634984355,60.0,0.0,0.0,0.0,0.0,0.0,0.0,0.0
2024-01-08 05:00:00,1.0,18.666666666666668,1.5892050846850287,20.258844005895924,14.029367927396187,0.448333,61.035147634984355,60.0,0.0,0.0,0.0,0.0,0.0,0.0,0.0
2024-01-08 05:15:00,1.0,20.0,1.5892050846850287,19.961375020119796,14.127139779621594,0.448333,61.035147634984355,60.0,0.0,0.0,0.0,0.0,0.0,0.0,0.0
2024-01-08 05:30:00,1.0,20.0,1.5892050846850287,19.67195379161494,14.204236117949241,0.448333,61.035147634984355,60.0,0.0,0.0,0.0,0.0,0.0,0.0,0.0
2024-01-08 05:45:00,2.0,18.666666666666668,1.5892050846850287,20.079846056104422,14.272332268949027,0.448333,61.035147634984355,60.0,0.0,0.0,0.0,0.0,0.0,0.0,0.0
2024-01-08 06:00:00,2.0,15.0,1.5892050846850287,20.234969292196816,14.363194147321424,0.55,61.035147634984355,60.0,0.0,0.0,0.0,0.0,0.0,0.0,0.0
2024-01-08 06:15:00,2.0,15.0,1.5892050846850287,19.94363616261102,14.440109113107463,0.55,61.035147634984355,60.0,0.0,0.0,0.0,0.0,0.0,0.0,0.0
2024-01-08 06:30:00,1.0,15.666666666666666,1.5892050846850287,19.669564217258028,14.498421209671205,0.55,61.035147634984355,60.0,0.0,0.0,0.0,0.0,0.0,0.0,0.0
2024-01-08 06:45:00,1.0,20.0,1.5892050846850287,20.091218274390094,14.549627713261737,0.55,61.035147634984355,60.0,0.0,0.0,0.0,0.0,0.0,0.0,0.0
2024-01-08 07:00:00,1.0,20.0,1.5892050846850287,20.258696421210956,14.625347748072478,0.658333,61.035147634984355,60.0,0.0,0.0,0.0,0.0,0.0,0.0,0.0
2024-01-08 07:15:00,1.0,20.0,1.5892050846850287,19.978461184166505,14.68869921779819,0.658333,61.035147634984355,60.0,0.0,0.0,0.0,0.0,0.0,0.0,0.0
2024-01-08 07:30:00,1.0,20.0,1.5892050846850287,19.714340164686607,14.73481654017282,0.658333,61.035147634984355,60.0,0.0,0.0,0.0,0.0,0.0,0.0,0.0
2024-01-08 07:45:00,1.0,20.0,1.5892050846850287,19.92024246966973,14.769822870575894,0.658333,61.035147634984355,60.0,0.0,0.0,0.0,0.0,0.0,0.0,0.0
2024-01-08 08:00:00,1.0,20.0,1.5892050846850287,20.33117522718748,14.830170174787902,0.706667,61.035147634984355,60.0,0.0,0.0,0.0,0.0,0.0,0.0,0.0
2024-01-08 08:15:00,1.0,20.0,1.5892050846850287,20.05804140011767,14.884977675949354,0.706667,61.035147634984355,60.0,0.0,0.0,0.0,0.0,0.0,0.0,0.0
2024-01-08 08:30:00,3.0,19.633333333333333,1.5892050846850287,19.800294080842445,14.923418469155537,0.706667,61.035147634984355,60.0,0.0,0.0,0.0,0.0,0.0,0.0,0.0
2024-01-08 08:45:00,1.0,19.733333333333334,1.5892050846850287,19.621982016182564,14.947384669111024,0.706667,61.035147634984355,60.0,0.0,0.0,0.0,0.0,0.0,0.0,0.0
2024-01-08 09:00:00,1.0,20.0,1.5892050846850287,20.38320284990061,14.983764678589031,0.628333,61.035147634984355,60.0,0.0,0.0,0.0,0.0,0.0,0.0,0.0
2024-01-08 09:15:00,1.0,19.7,1.5892050846850287,20.17856585573443,15.03317522170392,0.628333,61.035147634984355,60.0,0.0,0.0,0.0,0.0,0.0,0.0,0.0
2024-01-08 09:30:00,1.0,20.0,1.5892050846850287,19.922934307580874,15.067017523586232,0.628333,61.035147634984355,60.0,0.0,0.0,0.0,0.0,0.0,0.0,0.0
2024-01-08 09:45:00,1.0,20.0,1.5892050846850287,19.680899993641734,15.086625288114163,0.628333,61.035147634984355,60.0,0.0,0.0,0.0,0.0,0.0,0.0,0.0
2024-01-08 10:00:00,1.0,20.0,1.5892050846850287,19.981840191234237,15.099398787169939,0.64,61.035147634984355,60.0,0.0,0.0,0.0,0.0,0.0,0.0,0.0
2024-01-08 10:15:00,1.0,20.0,1.5892050846850287,20.331627972890526,15.14015427213158,0.64,61.035147634984355,60.0,0.0,0.0,0.0,0.0,0.0,0.0,0.0
2024-01-08 10:30:00,1.0,20.0,1.5892050846850287,20.07388106751136,15.174795185823791,0.64,61.035147634984355,60.0,0.0,0.0,0.0,0.0,0.0,0.0,0.0
2024-01-08 10:45:00,1.0,20.0,1.5892050846850287,19.829867781738436,15.195051581185824,0.64,61.035147634984355,60.0,0.0,0.0,0.0,0.0,0.0,0.0,0.0
2024-01-08 11:00:00,1.0,20.0,1.5892050846850287,19.597993238037226,15.204220017939793,0.895,61.035147634984355,60.0,0.0,0.0,0.0,0.0,0.0,0.0,0.0
2024-01-08 11:15:00,1.0,20.0,1.5892050846850287,20.27982823682135,15.220689432822459,0.895,61.035147634984355,60.0,0.0,0.0,0.0,0.0,0.0,0.0,0.0
2024-01-08 11:30:00,1.0,20.0,1.5892050846850287,20.248525680881652,15.260633137116676,0.895,61.035147634984355,60.0,0.0,0.0,0.0,0.0,0.0,0.0,0.0
2024-01-08 11:45:00,1.0,20.0,1.5892050846850287,19.99966226445091,15.287556454900352,0.895,61.035147634984355,60.0,0.0,0.0,0.0,0.0,0.0,0.0,0.0
2024-01-08 12:00:00,1.0,20.0,1.5892050846850287,19.76396131734805,15.30313346892673,1.2050000000000003,61.035147634984355,60.0,0.0,0.0,0.0,0.0,0.0,0.0,0.0
2024-01-08 12:15:00,1.0,20.0,1.5892050846850287,19.64943681749621,15.309314055529386,1.2050000000000003,61.035147634984355,60.0,0.0,0.0,0.0,0.0,0.0,0.0,0.0
2024-01-08 12:30:00,1.0,20.0,1.5892050846850287,20.41451640764148,15.333497641706064,1.2050000000000003,61.035147634984355,60.0,0.0,0.0,0.0,0.0,0.0,0.0,0.0
2024-01-08 12:45:00,1.0,20.0,1.5892050846850287,20.193078125532548,15.369735806300143,1.2050000000000003,61.035147634984355,60.0,0.0,0.0,0.0,0.0,0.0,0.0,0.0
2024-01-08 13:00:00,1.0,20.0,1.5892050846850287,19.952367306799363,15.394197372136558,1.555,61.035147634984355,60.0,0.0,0.0,0.0,0.0,0.0,0.0,0.0
2024-01-08 13:15:00,1.0,20.0,1.5892050846850287,19.724219911031792,15.408412111204647,1.555,61.035147634984355,60.0,0.0,0.0,0.0,0.0,0.0,0.0,0.0
2024-01-08 13:30:00,1.0,20.0,1.5892050846850287,19.736067468345713,15.412183914504963,1.555,61.035147634984355,60.0,0.0,0.0,0.0,0.0,0.0,0.0,0.0
2024-01-08 13:45:00,1.0,20.0,1.5892050846850287,20.413869710598078,15.439724083524625,1.555,61.035147634984355,60.0,0.0,0.0,0.0,0.0,0.0,0.0,0.0
2024-01-08 14:00:00,1.0,20.0,1.5892050846850287,20.165928019534338,15.473681813954832,1.651667,61.035147634984355,60.0,0.0,0.0,0.0,0.0,0.0,0.0,0.0
2024-01-08 14:15:00,1.0,20.0,1.5892050846850287,19.93106541185505,15.49450193583599,1.651667,61.035147634984355,60.0,0.0,0.0,0.0,0.0,0.0,0.0,0.0
2024-01-08 14:30:00,1.0,20.0,1.5892050846850287,19.708222505621357,15.50288168535309,1.651667,61.035147634984355,60.0,0.0,0.0,0.0,0.0,0.0,0.0,0.0
2024-01-08 14:45:00,1.0,20.0,1.5892050846850287,19.800724417550484,15.502189831271684,1.651667,61.035147634984355,60.0,0.0,0.0,0.0,0.0,0.0,0.0,0.0
2024-01-08 15:00:00,1.0,20.0,1.5892050846850287,20.403231366387296,15.530700176967212,2.065,61.035147634984355,60.0,0.0,0.0,0.0,0.0,0.0,0.0,0.0
2024-01-08 15:15:00,1.0,20.0,1.5892050846850287,20.159424329235048,15.565263716523383,2.065,61.035147634984355,60.0,0.0,0.0,0.0,0.0,0.0,0.0,0.0
2024-01-08 15:30:00,1.0,20.0,1.5892050846850287,19.92869081891835,15.586109209360457,2.065,61.035147634984355,60.0,0.0,0.0,0.0,0.0,0.0,0.0,0.0
2024-01-08 15:45:00,1.0,20.0,1.5892050846850287,19.70978370806154,15.594708746332662,2.065,61.035147634984355,60.0,0.0,0.0,0.0,0.0,0.0,0.0,0.0
2024-01-08 16:00:00,1.0,20.0,1.5892050846850287,19.730318376783472,15.596500628617964,2.478333,61.035147634984355,60.0,0.0,0.0,0.0,0.0,0.0,0.0,0.0
2024-01-08 16:15:00,1.0,20.0,1.5892050846850287,20.416517194683124,15.62578416731476,2.478333,61.035147634984355,60.0,0.0,0.0,0.0,0.0,0.0,0.0,0.0
2024-01-08 16:30:00,1.0,20.0,1.5892050846850287,20.176811048957767,15.661112185135751,2.478333,61.035147634984355,60.0,0.0,0.0,0.7643749999999998,0.7445833333333334,1.0,1.0,0.0
2024-01-08 16:45:00,1.0,20.0,1.5892050846850287,19.95002047528077,15.682869354036933,2.478333,61.035147634984355,60.0,0.0,0.0,0.7999999999999994,0.0,1.0,0.0,0.0
2024-01-08 17:00:00,1.0,20.0,1.5892050846850287,19.735092762667918,15.695302441165332,2.883333,61.035147634984355,60.0,0.0,0.0,0.7999999999999994,0.0,1.0,0.0,0.0
2024-01-08 17:15:00,1.0,20.0,1.5892050846850287,19.6402052975195,15.700251119529065,2.883333,61.035147634984355,60.0,0.0,0.0,0.7999999999999994,0.0,1.0,0.0,0.0
2024-01-08 17:30:00,1.0,20.0,1.5892050846850287,20.423940368341864,15.724211357692289,2.883333,61.035147634984355,60.0,0.0,0.0,0.7999999999999994,0.0,1.0,0.0,0.0
2024-01-08 17:45:00,1.0,20.0,1.5892050846850287,20.22026866235982,15.761125538042416,2.883333,61.035147634984355,60.0,0.0,0.0,0.7999999999999994,0.0,1.0,0.0,0.0
2024-01-08 18:00:00,1.0,20.0,1.5892050846850287,19.996553503326158,15.785974719751499,3.075,61.035147634984355,60.0,0.0,0.0,0.7999999999999994,0.0,1.0,0.0,0.0
2024-01-08 18:15:00,1.0,20.0,1.5892050846850287,19.78463838434747,15.800141582488179,3.075,61.035147634984355,60.0,0.0,0.0,0.7999999999999994,0.0,1.0,0.0,0.0
2024-01-08 18:30:00,1.0,20.0,1.5892050846850287,19.58335597138747,15.803370295661923,3.075,61.035147634984355,60.0,0.0,0.0,0.7999999999999994,0.0,1.0,0.0,0.0
2024-01-08 18:45:00,1.0,20.0,1.5892050846850287,20.294358592369488,15.813766920679294,3.075,61.035147634984355,60.0,0.0,0.0,0.7999999999999994,0.0,1.0,0.0,0.0
2024-01-08 19:00:00,1.0,20.0,1.5892050846850287,20.290703911304895,15.851466907579331,3.375,61.035147634984355,60.0,0.0,0.0,0.7999999999999994,0.0,1.0,0.0,0.0
2024-01-08 19:15:00,1.0,20.0,1.5892050846850287,20.068270639780888,15.879913120857166,3.375,61.035147634984355,60.0,0.0,0.0,0.7999999999999994,0.0,1.0,0.0,0.0
2024-01-08 19:30:00,1.0,20.0,1.5892050846850287,19.85762268521834,15.896035544125102,3.375,61.035147634984355,60.0,0.0,0.0,0.7999999999999994,0.0,1.0,0.0,0.0
2024-01-08 19:45:00,1.0,20.0,1.5892050846850287,19.65763776479899,15.901158574079016,3.375,61.035147634984355,60.0,0.0,0.0,0.7999999999999994,0.0,1.0,0.0,0.0
2024-01-08 20:00:00,1.0,20.0,1.5892050846850287,19.922848036069983,15.901988693568429,3.553333,61.035147634984355,60.0,0.0,0.0,0.7999999999999994,0.0,1.0,0.0,0.0
2024-01-08 20:15:00,1.0,20.0,1.5892050846850287,20.388324974833452,15.934132397178887,3.553333,61.035147634984355,60.0,0.0,0.0,0.7999999999999994,0.0,1.0,0.0,0.0
2024-01-08 20:30:00,1.0,20.0,1.5892050846850287,20.165289752276195,15.964686078277342,3.553333,61.035147634984355,60.0,0.0,0.0,0.7999999999999994,0.0,1.0,0.0,0.0
2024-01-08 20:45:00,1.0,20.0,1.5892050846850287,19.95416519708623,15.9827565767329,3.553333,61.035147634984355,60.0,0.0,0.0,0.7999999999999994,0.0,1.0,0.0,0.0
2024-01-08 21:00:00,1.0,20.0,1.5892050846850287,19.753985606647188,15.992314630414775,3.935,61.035147634984355,60.0,0.0,0.0,0.7999999999999994,0.0,1.0,0.0,0.0
2024-01-08 21:15:00,1.0,20.0,1.5892050846850287,19.57485771749146,15.994722863546157,3.935,61.035147634984355,60.0,0.0,0.0,0.7999999999999994,0.0,1.0,0.0,0.0
2024-01-08 21:30:00,2.0,19.333333333333332,1.5892050846850287,20.348317610946918,16.007820841986636,3.935,61.035147634984355,60.0,0.0,0.0,0.7999999999999994,0.0,1.0,0.0,0.0
2024-01-08 21:45:00,1.0,19.666666666666668,1.5892050846850287,20.288566430397353,16.044112815289402,3.935,61.035147634984355,60.0,0.0,0.0,0.7999999999999994,0.0,1.0,0.0,0.0
2024-01-08 22:00:00,1.0,20.0,1.5892050846850287,20.075795143806424,16.070150377709226,4.148333,61.035147634984355,60.0,0.0,0.0,0.7999999999999994,0.0,1.0,0.0,0.0
2024-01-08 22:15:00,1.0,20.0,1.5892050846850287,19.87437672133938,16.086118503219403,4.148333,61.035147634984355,60.0,0.0,0.0,0.7999999999999994,0.0,1.0,0.0,0.0
2024-01-08 22:30:00,2.0,19.333333333333332,1.5892050846850287,19.68317954425637,16.091534901613375,4.148333,61.035147634984355,60.0,0.0,0.0,0.7999999999999994,0.0,1.0,0.0,0.0
2024-01-08 22:45:00,2.0,15.0,1.5892050846850287,19.501236555888276,16.087539729186748,4.148333,61.035147634984355,60.0,0.0,0.0,0.7999999999999994,0.0,1.0,0.0,0.0
2024-01-08 23:00:00,2.0,15.0,1.5892050846850287,19.327822588539508,16.077384923783487,4.471667,61.035147634984355,60.0,0.0,0.0,0.7999999999999994,0.0,1.0,0.0,0.0
2024-01-08 23:15:00,2.0,15.0,1.5892050846850287,19.16231085598471,16.06212428598972,4.471667,61.035147634984355,60.0,0.0,0.0,0.7999999999999994,0.0,1.0,0.0,0.0
2024-01-08 23:30:00,2.0,15.0,1.5892050846850287,19.003891896015226,16.039954781795675,4.471667,61.035147634984355,60.0,0.0,0.0,0.7999999999999994,0.0,1.0,0.0,0.0
2024-01-08 23:45:00,2.0,15.0,1.5892050846850287,18.851913664242115,16.011641942106458,4.471667,61.035147634984355,60.0,0.0,0.0,0.7999999999999994,0.0,1.0,0.0,0.0
2024-01-09 00:00:00,2.0,15.0,1.5892050846850287,18.70596210532633,15.980537778611522,4.858333,61.035147634984355,60.0,0.0,0.0,0.7999999999999994,0.0,1.0,0.0,0.0
2024-01-09 00:15:00,2.0,15.0,1.5892050846850287,18.565694761960554,15.947420449244083,4.858333,61.035147634984355,60.0,0.0,0.0,0.7999999999999994,0.0,1.0,0.0,0.0
2024-01-09 00:30:00,2.0,15.0,1.5892050846850287,18.43050935915294,15.909700950698014,4.858333,61.035147634984355,60.0,0.0,0.0,0.7999999999999994,0.0,1.0,0.0,0.0
2024-01-09 00:45:00,2.0,15.0,1.5892050846850287,18.299954727444803,15.867906180307305,4.858333,61.035147634984355,60.0,0.0,0.0,0.7999999999999994,0.0,1.0,0.0,1.0
2024-01-09 01:00:00,2.0,15.0,1.5892050846850287,18.173804658509486,15.825288741971171,5.261667,61.035147634984355,60.0,0.0,0.0,0.0,0.0,0.0,0.0,0.0
2024-01-09 01:15:00,2.0,15.0,1.5892050846850287,18.051886714617925,15.782441338529795,5.261667,61.035147634984355,60.0,0.0,0.0,0.0,0.0,0.0,0.0,0.0
2024-01-09 01:30:00,2.0,15.0,1.5892050846850287,17.933738657820918,15.736466728613115,5.261667,61.035147634984355,60.0,0.0,0.0,0.0,0.0,0.0,0.0,0.0
2024-01-09 01:45:00,2.0,15.0,1.5892050846850287,17.819039000829854,15.68773797383694,5.261667,61.035147634984355,60.0,0.0,0.0,0.0,0.0,0.0,0.0,0.0
2024-01-09 02:00:00,2.0,15.0,1.5892050846850287,17.706934231555113,15.62784820071377,3.993333,61.035147634984355,60.0,0.0,0.0,0.0,0.0,0.0,0.0,0.0
2024-01-09 02:15:00,2.0,15.0,1.5892050846850287,17.59655928076798,15.556567589330065,3.993333,61.035147634984355,60.0,0.0,0.0,0.0,0.0,0.0,0.0,0.0
2024-01-09 02:30:00,2.0,15.0,1.5892050846850287,17.488101881509316,15.484472653651268,3.993333,61.035147634984355,60.0,0.0,0.0,0.0,0.0,0.0,0.0,0.0
2024-01-09 02:45:00,2.0,15.0,1.5892050846850287,17.381434241324374,15.411704960972408,3.993333,61.035147634984355,60.0,0.0,0.0,0.0,0.0,0.0,0.0,0.0
2024-01-09 03:00:00,2.0,15.0,1.5892050846850287,17.276223821792385,15.335025572493667,3.505,61.035147634984355,60.0,0.0,0.0,0.0,0.0,0.0,0.0,0.0
2024-01-09 03:15:00,2.0,15.0,1.5892050846850287,17.172133721315983,15.254343818618953,3.505,61.035147634984355,60.0,0.0,0.0,0.0,0.0,0.0,0.0,0.0
2024-01-09 03:30:00,2.0,15.0,1.5892050846850287,17.06923246742582,15.173729629922983,3.505,61.035147634984355,60.0,0.0,0.0,0.7999999999999998,0.7802083333333334,1.0,1.0,0.0
2024-01-09 03:45:00,1.0,19.333333333333332,1.5892050846850287,17.811061221239065,15.103484764934342,3.505,61.035147634984355,60.0,0.0,0.0,0.7999999999999998,0.0,1.0,0.0,0.0
2024-01-09 04:00:00,1.0,20.0,1.5892050846850287,19.981932892547654,15.119607622237721,3.933333,61.035147634984355,60.0,0.0,0.0,0.7999999999999998,0.0,1.0,0.0,0.0
2024-01-09 04:15:00,1.0,18.0,1.5892050846850287,20.43884612867761,15.211707272225643,3.933333,61.035147634984355,60.0,0.0,0.0,0.7999999999999998,0.0,1.0,0.0,1.0
2024-01-09 04:30:00,1.0,20.0,1.5892050846850287,20.180587358878938,15.295054668660418,3.933333,61.035147634984355,60.0,0.0,0.0,0.0,0.0,0.0,0.0,0.0
2024-01-09 04:45:00,2.0,18.0,1.5892050846850287,19.938328121560705,15.360969809369408,3.933333,61.035147634984355,60.0,0.0,0.0,0.0,0.0,0.0,0.0,0.0
2024-01-09 05:00:00,2.0,15.0,1.5892050846850287,19.710509562813588,15.411248286321486,3.926667,61.035147634984355,60.0,0.0,0.0,0.0,0.0,0.0,0.0,0.0
2024-01-09 05:15:00,2.0,15.0,1.5892050846850287,19.495730653751764,15.447540684642513,3.926667,61.035147634984355,60.0,0.0,0.0,0.0,0.0,0.0,0.0,0.0
2024-01-09 05:30:00,2.0,15.0,1.5892050846850287,19.292737696205304,15.471385564549603,3.926667,61.035147634984355,60.0,0.0,0.0,0.0,0.0,0.0,0.0,0.0
2024-01-09 05:45:00,2.0,18.0,1.5892050846850287,20.07012512248861,15.49963326952331,3.926667,61.035147634984355,60.0,0.0,0.0,0.0,0.0,0.0,0.0,0.0
2024-01-09 06:00:00,1.0,16.666666666666668,1.5892050846850287,20.317313699445485,15.565700197835195,3.9716670000000005,61.035147634984355,60.0,0.0,0.0,0.0,0.0,0.0,0.0,0.0
2024-01-09 06:15:00,1.0,20.0,1.5892050846850287,20.081113004303305,15.621864948109828,3.9716670000000005,61.035147634984355,60.0,0.0,0.0,0.0,0.0,0.0,0.0,0.0
2024-01-09 06:30:00,1.0,20.0,1.5892050846850287,19.85862183252796,15.663331804558299,3.9716670000000005,61.035147634984355,60.0,0.0,0.0,0.0,0.0,0.0,0.0,0.0
2024-01-09 06:45:00,1.0,20.0,1.5892050846850287,19.648518003699657,15.691663869928496,3.9716670000000005,61.035147634984355,60.0,0.0,0.0,0.0,0.0,0.0,0.0,0.0
2024-01-09 07:00:00,2.0,16.333333333333332,1.5892050846850287,19.449385257287354,15.704485497087175,3.423333,61.035147634984355,60.0,0.0,0.0,0.0,0.0,0.0,0.0,0.0
2024-01-09 07:15:00,1.0,19.666666666666668,1.5892050846850287,20.079576391227206,15.71512231975738,3.423333,61.035147634984355,60.0,0.0,0.0,0.0,0.0,0.0,0.0,0.0
2024-01-09 07:30:00,1.0,20.0,1.5892050846850287,20.325250178136834,15.760112241061416,3.423333,61.035147634984355,60.0,0.0,0.0,0.0,0.0,0.0,0.0,0.0
2024-01-09 07:45:00,1.0,20.0,1.5892050846850287,20.09707016134409,15.796575897532,3.423333,61.035147634984355,60.0,0.0,0.0,0.0,0.0,0.0,0.0,0.0
2024-01-09 08:00:00,1.0,20.0,1.5892050846850287,19.881626637151175,15.81675938031967,2.96,61.035147634984355,60.0,0.0,0.0,0.0,0.0,0.0,0.0,0.0
2024-01-09 08:15:00,1.0,20.0,1.5892050846850287,19.67755121703696,15.82190637200869,2.96,61.035147634984355,60.0,0.0,0.0,0.0,0.0,0.0,0.0,0.0
2024-01-09 08:30:00,1.0,20.0,1.5892050846850287,19.863409292531447,15.820080487606866,2.96,61.035147634984355,60.0,0.0,0.0,0.0,0.0,0.0,0.0,0.0
2024-01-09 08:45:00,1.0,20.0,1.5892050846850287,20.403789707704398,15.847100845917346,2.96,61.035147634984355,60.0,0.0,0.0,0.77625,0.7683333333333334,1.0,1.0,0.0
2024-01-09 09:00:00,1.0,20.0,1.5892050846850287,20.17689686154301,15.874385864977716,2.848333,61.035147634984355,60.0,0.0,0.0,0.7999999999999997,0.0,1.0,0.0,0.0
2024-01-09 09:15:00,1.0,20.0,1.5892050846850287,19.962357681353474,15.888360697254718,2.848333,61.035147634984355,60.0,0.0,0.0,0.7999999999999997,0.0,1.0,0.0,0.0
2024-01-09 09:30:00,1.0,20.0,1.5892050846850287,19.758565955075813,15.891284746733241,2.848333,61.035147634984355,60.0,0.0,0.0,0.7999999999999997,0.0,1.0,0.0,0.0
2024-01-09 09:45:00,3.0,19.933333333333334,1.5892050846850287,19.564506873034798,15.884354125421142,2.848333,61.035147634984355,60.0,0.0,0.0,0.7999999999999997,0.0,1.0,0.0,0.0
2024-01-09 10:00:00,1.0,19.6,1.5892050846850287,19.411929861690354,15.869824704200273,3.015,61.035147634984355,60.0,0.0,0.0,0.7999999999999997,0.0,1.0,0.0,0.0
2024-01-09 10:15:00,1.0,20.0,1.5892050846850287,20.326572449592202,15.873213449163881,3.015,61.035147634984355,60.0,0.0,0.0,0.7999999999999997,0.0,1.0,0.0,0.0
2024-01-09 10:30:00,1.0,20.0,1.5892050846850287,20.262257583406402,15.903425710061747,3.015,61.035147634984355,60.0,0.0,0.0,0.7999999999999997,0.0,1.0,0.0,0.0
2024-01-09 10:45:00,1.0,20.0,1.5892050846850287,20.044762797833677,15.92207401908426,3.015,61.035147634984355,60.0,0.0,0.0,0.7999999999999997,0.0,1.0,0.0,0.0
2024-01-09 11:00:00,1.0,20.0,1.5892050846850287,19.838700679874577,15.93202314291775,3.418333,61.035147634984355,60.0,0.0,0.0,0.7999999999999997,0.0,1.0,0.0,0.0
2024-01-09 11:15:00,1.0,20.0,1.5892050846850287,19.643224125945913,15.934691409149663,3.418333,61.035147634984355,60.0,0.0,0.0,0.7999999999999997,0.0,1.0,0.0,0.0
2024-01-09 11:30:00,1.0,20.0,1.5892050846850287,19.987670541541807,15.933705361065615,3.418333,61.035147634984355,60.0,0.0,0.0,0.7999999999999997,0.0,1.0,0.0,0.0
2024-01-09 11:45:00,1.0,20.0,1.5892050846850287,20.378191762066418,15.963527879106236,3.418333,61.035147634984355,60.0,0.0,0.0,0.7999999999999997,0.0,1.0,0.0,0.0
2024-01-09 12:00:00,1.0,20.0,1.5892050846850287,20.159129179175718,15.992664962010249,3.826667,61.035147634984355,60.0,0.0,0.0,0.7999999999999997,0.0,1.0,0.0,0.0
2024-01-09 12:15:00,1.0,20.0,1.5892050846850287,19.95219504777129,16.0127529828955,3.826667,61.035147634984355,60.0,0.0,0.0,0.7999999999999997,0.0,1.0,0.0,0.0
2024-01-09 12:30:00,1.0,20.0,1.5892050846850287,19.755931563032128,16.021771727127863,3.826667,61.035147634984355,60.0,0.0,0.0,0.7999999999999997,0.0,1.0,0.0,0.0
2024-01-09 12:45:00,1.0,20.0,1.5892050846850287,19.580271742347204,16.020914808989627,3.826667,61.035147634984355,60.0,0.0,0.0,0.7999999999999997,0.0,1.0,0.0,0.0
2024-01-09 13:00:00,1.0,20.0,1.5892050846850287,20.357214306250892,16.035274038498372,4.429999999999999,61.035147634984355,60.0,0.0,0.0,0.7999999999999997,0.0,1.0,0.0,0.0
2024-01-09 13:15:00,1.0,20.0,1.5892050846850287,20.301284498980156,16.07757208437554,4.429999999999999,61.035147634984355,60.0,0.0,0.0,0.7999999999999997,0.0,1.0,0.0,0.0
2024-01-09 13:30:00,1.0,20.0,1.5892050846850287,20.092336128356393,16.107953961171557,4.429999999999999,61.035147634984355,60.0,0.0,0.0,0.7999999999999997,0.0,1.0,0.0,0.0
2024-01-09 13:45:00,1.0,20.0,1.5892050846850287,19.894627063457524,16.12653196537837,4.429999999999999,61.035147634984355,60.0,0.0,0.0,0.7999999999999997,0.0,1.0,0.0,0.0
2024-01-09 14:00:00,1.0,20.0,1.5892050846850287,19.708635960191152,16.135902833404604,4.62,61.035147634984355,60.0,0.0,0.0,0.7999999999999997,0.0,1.0,0.0,0.0
2024-01-09 14:15:00,1.0,20.0,1.5892050846850287,19.64269633200124,16.137744822083732,4.62,61.035147634984355,60.0,0.0,0.0,0.7999999999999997,0.0,1.0,0.0,0.0
2024-01-09 14:30:00,1.0,20.0,1.5892050846850287,20.453872880959732,16.16016525309162,4.62,61.035147634984355,60.0,0.0,0.0,0.7999999999999997,0.0,1.0,0.0,0.0
2024-01-09 14:45:00,1.0,20.0,1.5892050846850287,20.27627935851672,16.19693774431792,4.62,61.035147634984355,60.0,0.0,0.0,0.7999999999999997,0.0,1.0,0.0,0.0
2024-01-09 15:00:00,1.0,20.0,1.5892050846850287,20.075617073565635,16.221466082026204,4.608333,61.035147634984355,60.0,0.0,0.0,0.7999999999999997,0.0,1.0,0.0,0.0
2024-01-09 15:15:00,1.0,20.0,1.5892050846850287,19.883615180707228,16.23479803656457,4.608333,61.035147634984355,60.0,0.0,0.0,0.7999999999999997,0.0,1.0,0.0,0.0
2024-01-09 15:30:00,1.0,20.0,1.5892050846850287,19.701269704601437,16.238188867778057,4.608333,61.035147634984355,60.0,0.0,0.0,0.7999999999999997,0.0,1.0,0.0,0.0
2024-01-09 15:45:00,1.0,20.0,1.5892050846850287,19.636760377450837,16.23307787740632,4.608333,61.035147634984355,60.0,0.0,0.0,0.7999999999999997,0.0,1.0,0.0,1.0
2024-01-09 16:00:00,1.0,20.0,1.5892050846850287,20.447718896797234,16.24372472244885,3.838333,61.035147634984355,60.0,0.0,0.0,0.0,0.0,0.0,0.0,0.0
2024-01-09 16:15:00,1.0,20.0,1.5892050846850287,20.26786122370816,16.263470332361244,3.838333,61.035147634984355,60.0,0.0,0.0,0.0,0.0,0.0,0.0,0.0
2024-01-09 16:30:00,1.0,20.0,1.5892050846850287,20.06596302266671,16.272026039642487,3.838333,61.035147634984355,60.0,0.0,0.0,0.0,0.0,0.0,0.0,0.0
2024-01-09 16:45:00,1.0,20.0,1.5892050846850287,19.87396749315706,16.270467370463912,3.838333,61.035147634984355,60.0,0.0,0.0,0.7999999999999999,0.7920833333333334,1.0,1.0,0.0
2024-01-09 17:00:00,1.0,20.0,1.5892050846850287,19.69060678009812,16.254688656182836,3.083333,61.035147634984355,60.0,0.0,0.0,0.7999999999999999,0.0,1.0,0.0,0.0
2024-01-09 17:15:00,1.0,20.0,1.5892050846850287,19.67814333283796,16.226086258318016,3.083333,61.035147634984355,60.0,0.0,0.0,0.7999999999999999,0.0,1.0,0.0,0.0
2024-01-09 17:30:00,1.0,20.0,1.5892050846850287,20.451098104944176,16.222705852457032,3.083333,61.035147634984355,60.0,0.0,0.0,0.7999999999999999,0.0,1.0,0.0,0.0
2024-01-09 17:45:00,1.0,20.0,1.5892050846850287,20.24834777960724,16.231946579283793,3.083333,61.035147634984355,60.0,0.0,0.0,0.7999999999999999,0.0,1.0,0.0,0.0
2024-01-09 18:00:00,1.0,20.0,1.5892050846850287,20.044754930289507,16.225012522707416,2.286667,61.035147634984355,60.0,0.0,0.0,0.7999999999999999,0.0,1.0,0.0,0.0
2024-01-09 18:15:00,1.0,20.0,1.5892050846850287,19.849933215926896,16.202697560417644,2.286667,61.035147634984355,60.0,0.0,0.0,0.7999999999999999,0.0,1.0,0.0,0.0
2024-01-09 18:30:00,1.0,20.0,1.5892050846850287,19.663260009696945,16.17252040177163,2.286667,61.035147634984355,60.0,0.0,0.0,0.7999999999999999,0.0,1.0,0.0,0.0
2024-01-09 18:45:00,1.0,20.0,1.5892050846850287,19.864074841183033,16.13838911582429,2.286667,61.035147634984355,60.0,0.0,0.0,0.7999999999999999,0.0,1.0,0.0,0.0
2024-01-09 19:00:00,1.0,20.0,1.5892050846850287,20.417373436371125,16.138185651781235,2.63,61.035147634984355,60.0,0.0,0.0,0.7999999999999999,0.0,1.0,0.0,0.0
2024-01-09 19:15:00,1.0,20.0,1.5892050846850287,20.201373552237158,16.14396280647198,2.63,61.035147634984355,60.0,0.0,0.0,0.7999999999999999,0.0,1.0,0.0,0.0
2024-01-09 19:30:00,1.0,20.0,1.5892050846850287,19.99581260418743,16.139128713252845,2.63,61.035147634984355,60.0,0.0,0.0,0.7999999999999999,0.0,1.0,0.0,0.0
2024-01-09 19:45:00,1.0,20.0,1.5892050846850287,19.799710543333937,16.124837556044817,2.63,61.035147634984355,60.0,0.0,0.0,0.7999999999999999,0.0,1.0,0.0,0.0
2024-01-09 20:00:00,1.0,20.0,1.5892050846850287,19.612127276334558,16.101206406371613,2.496667,61.035147634984355,60.0,0.0,0.0,0.7999999999999999,0.0,1.0,0.0,0.0
2024-01-09 20:15:00,1.0,20.0,1.5892050846850287,20.11234161686073,16.078632644598606,2.496667,61.035147634984355,60.0,0.0,0.0,0.7999999999999999,0.0,1.0,0.0,0.0
2024-01-09 20:30:00,1.0,20.0,1.5892050846850287,20.35122031422913,16.088134369910495,2.496667,61.035147634984355,60.0,0.0,0.0,0.7999999999999999,0.0,1.0,0.0,0.0
2024-01-09 20:45:00,1.0,20.0,1.5892050846850287,20.135889626986696,16.091930589792746,2.496667,61.035147634984355,60.0,0.0,0.0,0.7999999999999999,0.0,1.0,0.0,0.0
2024-01-09 21:00:00,1.0,20.0,1.5892050846850287,19.930568171275933,16.08051472485362,1.806667,61.035147634984355,60.0,0.0,0.0,0.7999999999999999,0.0,1.0,0.0,0.0
2024-01-09 21:15:00,1.0,20.0,1.5892050846850287,19.73395971163277,16.054737218351136,1.806667,61.035147634984355,60.0,0.0,0.0,0.7999999999999999,0.0,1.0,0.0,0.0
2024-01-09 21:30:00,1.0,20.0,1.5892050846850287,19.610951260285937,16.021373463633818,1.806667,61.035147634984355,60.0,0.0,0.0,0.7999999999999999,0.0,1.0,0.0,0.0
2024-01-09 21:45:00,2.0,18.0,1.5892050846850287,20.42177064672062,16.007140065756783,1.806667,61.035147634984355,60.0,0.0,0.0,0.7999999999999999,0.0,1.0,0.0,0.0
2024-01-09 22:00:00,1.0,20.0,1.5892050846850287,20.26128658663002,16.00782774516119,1.198333,61.035147634984355,60.0,0.0,0.0,0.7999999999999999,0.0,1.0,0.0,0.0
2024-01-09 22:15:00,1.0,20.0,1.5892050846850287,20.04510534286059,15.993373084164109,1.198333,61.035147634984355,60.0,0.0,0.0,0.7999999999999999,0.0,1.0,0.0,0.0
2024-01-09 22:30:00,2.0,15.0,1.5892050846850287,19.838440370237674,15.969554451150819,1.198333,61.035147634984355,60.0,0.0,0.0,0.7999999999999999,0.0,1.0,0.0,0.0
2024-01-09 22:45:00,2.0,15.0,1.5892050846850287,19.640412483154083,15.937404810602679,1.198333,61.035147634984355,60.0,0.0,0.0,0.7999999999999999,0.0,1.0,0.0,0.0
2024-01-09 23:00:00,2.0,15.0,1.5892050846850287,19.450043829933506,15.894945099473142,0.776667,60.77754763498435,60.0,0.2567413333333333,0.0,0.7999999999999999,0.0,1.0,0.0,0.0
2024-01-09 23:15:00,2.0,15.0,1.5892050846850287,19.26642295810365,15.842831180059697,0.776667,60.40954763498435,60.0,0.5134826666666666,0.0,0.7999999999999999,0.0,1.0,0.0,0.0
2024-01-09 23:30:00,2.0,15.0,1.5892050846850287,19.089051512124698,15.785236484477569,0.776667,60.207147634984345,60.0,0.0,0.0,0.7999999999999999,0.0,1.0,0.0,0.0
2024-01-09 23:45:00,2.0,15.0,1.5892050846850287,18.917382897520024,15.722797865104122,0.776667,60.207147634984345,60.0,0.0,0.0,0.7999999999999999,0.0,1.0,0.0,0.0
2024-01-10 00:00:00,2.0,15.0,1.5892050846850287,18.75081582243298,15.654386637235108,0.53,60.207147634984345,60.0,0.0,0.0,0.7999999999999999,0.0,1.0,0.0,0.0
2024-01-10 00:15:00,2.0,15.0,1.5892050846850287,18.588790551934565,15.580412308668505,0.53,60.207147634984345,60.0,0.0,0.0,0.7999999999999999,0.0,1.0,0.0,0.0
2024-01-10 00:30:00,2.0,15.0,1.5892050846850287,18.430991445203237,15.503339237739912,0.53,60.207147634984345,60.0,0.0,0.0,0.7999999999999999,0.0,1.0,0.0,0.0
2024-01-10 00:45:00,2.0,15.0,1.5892050846850287,18.27707683562073,15.4235603767541,0.53,60.207147634984345,60.0,0.0,0.0,0.7999999999999999,0.0,1.0,0.0,0.0
2024-01-10 01:00:00,2.0,15.0,1.5892050846850287,18.126633931105403,15.339796929311607,0.293333,60.207147634984345,60.0,0.0,0.0,0.7999999999999999,0.0,1.0,0.0,1.0
2024-01-10 01:15:00,2.0,15.0,1.5892050846850287,17.979273066757862,15.252265881218856,0.293333,60.207147634984345,60.0,0.0,0.0,0.0,0.0,0.0,0.0,0.0
2024-01-10 01:30:00,2.0,15.0,1.5892050846850287,17.834823737910394,15.163173679824109,0.293333,60.207147634984345,60.0,0.0,0.0,0.0,0.0,0.0,0.0,0.0
2024-01-10 01:45:00,2.0,15.0,1.5892050846850287,17.69307696387451,15.072755431984993,0.293333,60.207147634984345,60.0,0.0,0.0,0.0,0.0,0.0,0.0,0.0
2024-01-10 02:00:00,2.0,15.0,1.5892050846850287,17.55399348367715,14.983530593111592,0.628333,60.207147634984345,60.0,0.0,0.0,0.0,0.0,0.0,0.0,0.0
2024-01-10 02:15:00,2.0,15.0,1.5892050846850287,17.4175633165359,14.895827722857113,0.628333,60.207147634984345,60.0,0.0,0.0,0.0,0.0,0.0,0.0,0.0
2024-01-10 02:30:00,2.0,15.0,1.5892050846850287,17.283521969097038,14.80709320068349,0.628333,60.207147634984345,60.0,0.0,0.0,0.0,0.0,0.0,0.0,0.0
2024-01-10 02:45:00,2.0,15.0,1.5892050846850287,17.151709450499006,14.717504453613376,0.628333,60.207147634984345,60.0,0.0,0.0,0.0,0.0,0.0,0.0,0.0
2024-01-10 03:00:00,2.0,15.0,1.5892050846850287,17.02203560636841,14.628058845115858,0.75,60.207147634984345,60.0,0.0,0.0,0.0,0.0,0.0,0.0,0.0
2024-01-10 03:15:00,2.0,15.0,1.5892050846850287,16.894428280548173,14.538949324663625,0.75,60.207147634984345,60.0,0.0,0.0,0.0,0.0,0.0,0.0,0.0
2024-01-10 03:30:00,2.0,15.0,1.5892050846850287,16.768729497924394,14.449314253966504,0.75,60.207147634984345,60.0,0.0,0.0,0.0,0.0,0.0,0.0,0.0
2024-01-10 03:45:00,2.0,15.0,1.5892050846850287,16.644825181667745,14.359276847162464,0.75,60.207147634984345,60.0,0.0,0.0,0.7999999999999999,0.7920833333333334,1.0,1.0,0.0
2024-01-10 04:00:00,2.0,15.0,1.5892050846850287,16.522506254128636,14.267304634082647,0.511667,60.207147634984345,60.0,0.0,0.0,0.7999999999999999,0.0,1.0,0.0,0.0
2024-01-10 04:15:00,1.0,18.333333333333332,1.5892050846850287,16.889826424731453,14.17772145088286,0.511667,60.207147634984345,60.0,0.0,0.0,0.7999999999999999,0.0,1.0,0.0,0.0
2024-01-10 04:30:00,1.0,20.0,1.5892050846850287,18.997428125105056,14.155839556855343,0.511667,60.207147634984345,60.0,0.0,0.0,0.7999999999999999,0.0,1.0,0.0,1.0
2024-01-10 04:45:00,1.0,20.0,1.5892050846850287,20.447783492858743,14.234091815542286,0.511667,60.207147634984345,60.0,0.0,0.0,0.0,0.0,0.0,0.0,0.0
2024-01-10 05:00:00,1.0,20.0,1.5892050846850287,20.2032684788813,14.330074964099932,0.326667,60.207147634984345,60.0,0.0,0.0,0.0,0.0,0.0,0.0,0.0
2024-01-10 05:15:00,1.0,20.0,1.5892050846850287,19.911664912993373,14.404278457994137,0.326667,60.207147634984345,60.0,0.0,0.0,0.0,0.0,0.0,0.0,0.0
2024-01-10 05:30:00,1.0,20.0,1.5892050846850287,19.637210467706023,14.460034560017524,0.326667,60.207147634984345,60.0,0.0,0.0,0.0,0.0,0.0,0.0,0.0
2024-01-10 05:45:00,1.0,20.0,1.5892050846850287,20.206967061049443,14.513520944397191,0.326667,60.207147634984345,60.0,0.0,0.0,0.0,0.0,0.0,0.0,0.0
2024-01-10 06:00:00,1.0,20.0,1.5892050846850287,20.218381936733657,14.587306655980406,0.186667,60.207147634984345,60.0,0.0,0.0,0.0,0.0,0.0,0.0,0.0
2024-01-10 06:15:00,1.0,20.0,1.5892050846850287,19.937756249761385,14.64421470637351,0.186667,60.207147634984345,60.0,0.0,0.0,0.0,0.0,0.0,0.0,0.0
2024-01-10 06:30:00,1.0,20.0,1.5892050846850287,19.672966599310126,14.684270049802826,0.186667,60.207147634984345,60.0,0.0,0.0,0.0,0.0,0.0,0.0,0.0
2024-01-10 06:45:00,1.0,17.0,1.5892050846850287,19.585951509059548,14.709996817855037,0.186667,60.207147634984345,60.0,0.0,0.0,0.0,0.0,0.0,0.0,0.0
2024-01-10 07:00:00,1.0,20.0,1.5892050846850287,20.429816031022554,14.754818336224067,-0.10167,60.207147634984345,60.0,0.0,0.0,0.0,0.0,0.0,0.0,0.0
2024-01-10 07:15:00,1.0,20.0,1.5892050846850287,20.17812057034824,14.808580432699719,-0.10167,60.207147634984345,60.0,0.0,0.0,0.0,0.0,0.0,0.0,0.0
2024-01-10 07:30:00,1.0,20.0,1.5892050846850287,19.90933362571678,14.845631216174636,-0.10167,60.207147634984345,60.0,0.0,0.0,0.0,0.0,0.0,0.0,0.0
2024-01-10 07:45:00,1.0,20.0,1.5892050846850287,19.65491117647023,14.86762386373646,-0.10167,60.207147634984345,60.0,0.0,0.0,0.0,0.0,0.0,0.0,0.0
2024-01-10 08:00:00,1.0,20.0,1.5892050846850287,20.096468742714766,14.879300817182111,-1.03667,60.207147634984345,60.0,0.0,0.0,0.0,0.0,0.0,0.0,0.0
2024-01-10 08:15:00,1.0,20.0,1.5892050846850287,20.28411899592312,14.911041522106952,-1.03667,60.207147634984345,60.0,0.0,0.0,0.0,0.0,0.0,0.0,0.0
2024-01-10 08:30:00,1.0,20.0,1.5892050846850287,20.020996180717304,14.933264638071352,-1.03667,60.207147634984345,60.0,0.0,0.0,0.0,0.0,0.0,0.0,0.0
2024-01-10 08:45:00,1.0,20.0,1.5892050846850287,19.771288624502766,14.941618894531748,-1.03667,60.207147634984345,60.0,0.0,0.0,0.0,0.0,0.0,0.0,0.0
2024-01-10 09:00:00,1.0,20.0,1.5892050846850287,19.694971912405265,14.937114547130715,-1.20833,60.207147634984345,60.0,0.0,0.0,0.0,0.0,0.0,0.0,0.0
2024-01-10 09:15:00,1.0,20.0,1.5892050846850287,20.40567820422704,14.951906439341238,-1.20833,58.81204930722515,60.0,3.3376373333333333,0.0,0.0,0.0,0.0,0.0,0.0
2024-01-10 09:30:00,1.0,20.0,1.5892050846850287,20.144447553306826,14.975236742702997,-1.20833,58.1241643573924,60.0,0.0,0.0,0.0,0.0,0.0,0.0,0.0
2024-01-10 09:45:00,1.0,20.0,1.5892050846850287,19.8861316193634,14.984232556281052,-1.20833,59.73668227425818,60.0,0.0,0.0,0.0,0.0,0.0,0.0,0.0
2024-01-10 10:00:00,1.0,20.0,1.5892050846850287,19.640672953817113,14.981778378721065,-1.01,60.95502914477899,60.0,0.0,0.0,0.0,0.0,0.0,0.0,0.0
2024-01-10 10:15:00,1.0,20.0,1.5892050846850287,20.161543392885456,14.9811141956089,-1.01,59.41450281893093,60.0,2.5674133333333335,0.0,0.0,0.0,0.0,0.0,0.0
2024-01-10 10:30:00,1.0,20.0,1.5892050846850287,20.27229176453278,15.007689209107236,-1.01,60.40955375060798,60.0,0.0,0.0,0.0,0.0,0.0,0.0,0.0
2024-01-10 10:45:00,1.0,20.0,1.5892050846850287,20.01006218786312,15.023645434228845,-1.01,60.95132766365147,60.0,1.7971893333333335,0.0,0.0,0.0,0.0,0.0,0.0
2024-01-10 11:00:00,1.0,20.0,1.5892050846850287,19.760700130622652,15.026838175286441,-0.9116699999999999,58.12590157669495,60.0,1.7971893333333335,0.0,0.0,0.0,0.0,0.0,0.0
2024-01-10 11:15:00,1.0,20.0,1.5892050846850287,19.686457386380894,15.019472563457827,-0.9116699999999999,59.45525274726355,60.0,0.0,0.0,0.0,0.0,0.0,0.0,0.0
2024-01-10 11:30:00,1.0,20.0,1.5892050846850287,20.401519967586484,15.033078265079878,-0.9116699999999999,60.721069469671605,60.0,0.2567413333333333,0.0,0.0,0.0,0.0,0.0,0.0
2024-01-10 11:45:00,1.0,20.0,1.5892050846850287,20.144385839564965,15.055502785573763,-0.9116699999999999,61.00677305304476,60.0,0.0,0.0,0.7999999999999997,0.7722916666666667,1.0,1.0,0.0
2024-01-10 12:00:00,1.0,20.0,1.5892050846850287,19.889952017618675,15.065645571073343,-0.65,60.016273291936294,60.0,3.594378666666667,0.0,0.7999999999999997,0.0,1.0,0.0,0.0
2024-01-10 12:15:00,1.0,20.0,1.5892050846850287,19.648023708675588,15.065097686937554,-0.65,58.21778499762194,60.0,0.0,0.0,0.7999999999999997,0.0,1.0,0.0,0.0
2024-01-10 12:30:00,1.0,20.0,1.5892050846850287,20.097598381868785,15.062623653842673,-0.65,57.07030291448772,60.0,3.0808960000000005,0.0,0.7999999999999997,0.0,1.0,0.0,0.0
2024-01-10 12:45:00,1.0,20.0,1.5892050846850287,20.28914753528959,15.088573764537022,-0.65,58.130820831353496,60.0,0.0,0.0,0.7999999999999997,0.0,1.0,0.0,0.0
2024-01-10 13:00:00,1.0,20.0,1.5892050846850287,20.029618326800925,15.109190824253075,-0.12167,59.41213874821927,60.0,0.770224,0.0,0.7999999999999997,0.0,1.0,0.0,0.0
2024-01-10 13:15:00,1.0,20.0,1.5892050846850287,19.783490275194023,15.120283107021397,-0.12167,60.5063564261935,60.0,0.0,0.0,0.7999999999999997,0.0,1.0,0.0,0.0
2024-01-10 13:30:00,1.0,20.0,1.5892050846850287,19.614991475499473,15.119149966867436,-0.12167,61.06536263737363,60.0,0.0,0.0,0.7999999999999997,0.0,1.0,0.0,0.0
2024-01-10 13:45:00,1.0,20.0,1.5892050846850287,20.383946463780283,15.132987236062089,-0.12167,60.73416263737363,60.0,1.5404480000000003,0.0,0.7999999999999997,0.0,1.0,0.0,0.0
2024-01-10 14:00:00,1.0,20.0,1.5892050846850287,20.188264035249556,15.166201433359783,0.451667,59.40936263737363,60.0,0.0,0.0,0.7999999999999997,0.0,1.0,0.0,0.0
2024-01-10 14:15:00,1.0,20.0,1.5892050846850287,19.94401351233233,15.189802136006952,0.451667,59.40936263737363,60.0,0.0,0.0,0.7999999999999997,0.0,1.0,0.0,0.0
2024-01-10 14:30:00,1.0,20.0,1.5892050846850287,19.712352818556003,15.200344256508552,0.451667,59.40936263737363,60.0,0.0,0.0,0.7999999999999997,0.0,1.0,0.0,1.0
2024-01-10 14:45:00,1.0,20.0,1.5892050846850287,19.79655176486689,15.20126200046334,0.451667,59.40936263737363,60.0,0.2567413333333333,0.0,0.0,0.0,0.0,0.0,0.0
2024-01-10 15:00:00,1.0,20.0,1.5892050846850287,20.389451827813392,15.2315167069898,0.9599999999999999,54.67033655041712,60.0,9.756170666666668,0.0,0.8039583333333333,0.8,1.0,1.0,0.0
2024-01-10 15:15:00,1.0,20.0,1.5892050846850287,20.134593063118256,15.267930398534153,0.9599999999999999,50.90288772098572,60.0,0.0,0.0,0.8039583333333333,0.0,1.0,0.0,0.0
2024-01-10 15:30:00,1.0,20.0,1.5892050846850287,19.893413489485077,15.289986615306463,0.9599999999999999,52.515405637851494,60.0,0.0,0.0,0.8039583333333333,0.0,1.0,0.0,0.0
2024-01-10 15:45:00,1.0,20.0,1.5892050846850287,19.6646080234793,15.299225888886452,0.9599999999999999,53.79672355471727,60.0,1.5404480000000003,0.0,0.8039583333333333,0.0,1.0,0.0,0.0
2024-01-10 16:00:00,1.0,20.0,1.5892050846850287,19.975991366984456,15.3023044594675,0.888333,53.790041471583045,60.0,0.770224,0.0,0.8039583333333333,0.0,1.0,0.0,0.0
2024-01-10 16:15:00,1.0,20.0,1.5892050846850287,20.333378345922018,15.333762114656508,0.888333,53.212959388448816,60.0,3.0808960000000005,0.0,0.8039583333333333,0.0,1.0,0.0,0.0
2024-01-10 16:30:00,1.0,20.0,1.5892050846850287,20.08244478572085,15.360043061626536,0.888333,53.11427730531459,60.0,0.2567413333333333,0.0,0.8039583333333333,0.0,1.0,0.0,1.0
2024-01-10 16:45:00,1.0,20.0,1.5892050846850287,19.844539171480537,15.372781834539541,0.888333,54.50599522218037,60.0,0.0,0.0,0.0,0.0,0.0,0.0,0.0
2024-01-10 17:00:00,1.0,20.0,1.5892050846850287,19.618142820080482,15.369072432639085,0.255,55.52971313904614,60.0,1.0269653333333333,0.0,0.0,0.0,0.0,0.0,0.0
2024-01-10 17:15:00,1.0,20.0,1.5892050846850287,20.156387201769025,15.36171150479675,0.255,56.4798310559119,60.0,0.2567413333333333,0.0,0.0,0.0,0.0,0.0,0.0
2024-01-10 17:30:00,1.0,20.0,1.5892050846850287,20.283383018608443,15.38283014224396,0.255,57.871548972777674,60.0,0.2567413333333333,0.0,0.8,0.7960416666666668,1.0,1.0,0.0
2024-01-10 17:45:00,1.0,20.0,1.5892050846850287,20.036384535045702,15.394439894221131,0.255,59.30006688964345,60.0,0.0,0.0,0.8,0.0,1.0,0.0,0.0
2024-01-10 18:00:00,1.0,20.0,1.5892050846850287,19.80134872289702,15.390434586532905,-0.205,60.70398432872614,60.0,0.2567413333333333,0.0,0.8,0.0,1.0,0.0,0.0
2024-01-10 18:15:00,1.0,20.0,1.5892050846850287,19.587855412155363,15.371972045472456,-0.205,60.25698958434009,60.0,1.0269653333333333,0.0,0.8,0.0,1.0,0.0,0.0
2024-01-10 18:30:00,1.0,20.0,1.5892050846850287,20.32760779012511,15.363863610925526,-0.205,59.92578958434009,60.0,0.2567413333333333,0.0,0.8,0.0,1.0,0.0,0.0
2024-01-10 18:45:00,1.0,20.0,1.5892050846850287,20.234760566133936,15.378665595246177,-0.205,59.68658958434009,60.0,0.0,0.0,0.8,0.0,1.0,0.0,0.0
2024-01-10 19:00:00,1.0,20.0,1.5892050846850287,19.989261149765312,15.379851791522068,-0.445,59.576189584340085,60.0,0.2567413333333333,0.0,0.8,0.0,1.0,0.0,0.0
2024-01-10 19:15:00,1.0,20.0,1.5892050846850287,19.755228565999275,15.367459497575142,-0.445,59.171389584340076,60.0,0.2567413333333333,0.0,0.8,0.0,1.0,0.0,0.0
2024-01-10 19:30:00,1.0,20.0,1.5892050846850287,19.64074001198244,15.34509173913832,-0.445,59.13458958434008,60.0,0.0,0.0,0.8,0.0,1.0,0.0,0.0
2024-01-10 19:45:00,1.0,20.0,1.5892050846850287,20.40453986495372,15.342500817004078,-0.445,59.13458958434008,60.0,0.0,0.0,0.8,0.0,1.0,0.0,0.0
2024-01-10 20:00:00,1.0,20.0,1.5892050846850287,20.180550402787443,15.352026531000257,-0.66833,59.13458958434008,60.0,1.5404480000000003,0.0,0.8,0.0,1.0,0.0,0.0
2024-01-10 20:15:00,1.0,20.0,1.5892050846850287,19.93598879715857,15.347178618278807,-0.66833,56.55669794554411,60.0,2.053930666666667,0.0,0.8,0.0,1.0,0.0,0.0
2024-01-10 20:30:00,1.0,20.0,1.5892050846850287,19.70272227204364,15.331023297420625,-0.66833,57.433215862409874,60.0,0.5134826666666666,0.0,0.8,0.0,1.0,0.0,0.0
2024-01-10 20:45:00,1.0,20.0,1.5892050846850287,19.85978358945819,15.307831852982055,-0.66833,58.69613377927565,60.0,0.0,0.0,0.8,0.0,1.0,0.0,0.0
2024-01-10 21:00:00,1.0,20.0,1.5892050846850287,20.37164147907038,15.31191827030774,-0.89,60.308651696141425,60.0,0.0,0.0,0.8,0.0,1.0,0.0,0.0
2024-01-10 21:15:00,1.0,20.0,1.5892050846850287,20.115996614652214,15.315392046580623,-0.89,61.00596005734545,60.0,0.2567413333333333,0.0,0.8,0.0,1.0,0.0,0.0
2024-01-10 21:30:00,1.0,20.0,1.5892050846850287,19.87255184439972,15.306515771156269,-0.89,60.47236005734545,60.0,0.770224,0.0,0.8,0.0,1.0,0.0,0.0
2024-01-10 21:45:00,1.0,20.0,1.5892050846850287,19.640164141826258,15.28663515869795,-0.89,58.03293110369041,60.0,3.0808960000000005,0.0,0.8,0.0,1.0,0.0,0.0
2024-01-10 22:00:00,1.0,20.0,1.5892050846850287,20.0977734055435,15.263896777368336,-1.265,58.580181557584375,60.0,0.0,0.0,0.8,0.0,1.0,0.0,0.0
2024-01-10 22:15:00,1.0,20.0,1.5892050846850287,20.295811432153076,15.26832805901261,-1.265,60.10069947445015,60.0,0.5134826666666666,0.0,0.8,0.0,1.0,0.0,0.0
2024-01-10 22:30:00,2.0,16.0,1.5892050846850287,20.041330186876014,15.265430041695398,-1.265,60.930713807942766,60.0,0.0,0.0,0.8,0.0,1.0,0.0,0.0
2024-01-10 22:45:00,2.0,15.0,1.5892050846850287,19.79870095882232,15.250632732234326,-1.265,61.038215002400484,60.0,0.0,0.0,0.8,0.0,1.0,0.0,0.0
2024-01-10 23:00:00,2.0,15.0,1.5892050846850287,19.56670291982721,15.223456899822533,-1.52333,61.038215002400484,60.0,0.0,0.0,0.8,0.0,1.0,0.0,0.0
2024-01-10 23:15:00,2.0,15.0,1.5892050846850287,19.34421895172566,15.184962550757461,-1.52333,61.038215002400484,60.0,0.0,0.0,0.8,0.0,1.0,0.0,0.0
2024-01-10 23:30:00,2.0,15.0,1.5892050846850287,19.13044162584022,15.138297321991066,-1.52333,61.038215002400484,60.0,0.0,0.0,0.8,0.0,1.0,0.0,0.0
2024-01-10 23:45:00,2.0,15.0,1.5892050846850287,18.92458480224422,15.084381687353355,-1.52333,61.038215002400484,60.0,0.0,0.0,0.8,0.0,1.0,0.0,0.0
2024-01-11 00:00:00,2.0,15.0,1.5892050846850287,18.725787484120033,15.021652374351053,-1.87,61.038215002400484,60.0,0.0,0.0,0.8,0.0,1.0,0.0,0.0
2024-01-11 00:15:00,2.0,15.0,1.5892050846850287,18.533248888398894,14.950705728502188,-1.87,61.038215002400484,60.0,0.0,0.0,0.8,0.0,1.0,0.0,1.0
2024-01-11 00:30:00,2.0,15.0,1.5892050846850287,18.34651290924593,14.875024054760846,-1.87,61.038215002400484,60.0,0.0,0.0,0.0,0.0,0.0,0.0,0.0
2024-01-11 00:45:00,2.0,15.0,1.5892050846850287,18.165088320173044,14.795176705176422,-1.87,61.038215002400484,60.0,0.0,0.0,0.0,0.0,0.0,0.0,0.0
2024-01-11 01:00:00,2.0,15.0,1.5892050846850287,17.988556225881073,14.712030489062977,-1.81833,61.038215002400484,60.0,0.0,0.0,0.0,0.0,0.0,0.0,0.0
2024-01-11 01:15:00,2.0,15.0,1.5892050846850287,17.81654370145278,14.626065013926114,-1.81833,61.038215002400484,60.0,0.0,0.0,0.0,0.0,0.0,0.0,0.0
2024-01-11 01:30:00,2.0,15.0,1.5892050846850287,17.6486757998763,14.537271089324143,-1.81833,61.038215002400484,60.0,0.0,0.0,0.0,0.0,0.0,0.0,0.0
2024-01-11 01:45:00,2.0,15.0,1.5892050846850287,17.484627135625473,14.446021018791585,-1.81833,61.038215002400484,60.0,0.0,0.0,0.0,0.0,0.0,0.0,0.0
2024-01-11 02:00:00,2.0,15.0,1.5892050846850287,17.323996511408726,14.350971420565624,-2.06167,61.038215002400484,60.0,0.0,0.0,0.0,0.0,0.0,0.0,0.0
2024-01-11 02:15:00,2.0,15.0,1.5892050846850287,17.166404101866178,14.252319743494702,-2.06167,61.038215002400484,60.0,0.0,0.0,0.0,0.0,0.0,0.0,0.0
2024-01-11 02:30:00,2.0,15.0,1.5892050846850287,17.011693259562943,14.152311573373828,-2.06167,61.038215002400484,60.0,0.0,0.0,0.0,0.0,0.0,0.0,0.0
2024-01-11 02:45:00,2.0,15.0,1.5892050846850287,16.85966583510183,14.051167890361784,-2.06167,61.038215002400484,60.0,0.0,0.0,0.0,0.0,0.0,0.0,0.0
2024-01-11 03:00:00,2.0,15.0,1.5892050846850287,16.710135026611297,13.948960219323643,-2.08,61.038215002400484,60.0,0.0,0.0,0.0,0.0,0.0,0.0,0.0
2024-01-11 03:15:00,2.0,15.0,1.5892050846850287,16.56293096628942,13.845857997170684,-2.08,61.038215002400484,60.0,0.0,0.0,0.0,0.0,0.0,0.0,0.0
2024-01-11 03:30:00,2.0,15.0,1.5892050846850287,16.417914364499694,13.742168640833452,-2.08,61.038215002400484,60.0,0.0,0.0,0.0,0.0,0.0,0.0,0.0
2024-01-11 03:45:00,2.0,15.0,1.5892050846850287,16.274955173712968,13.638032426227989,-2.08,61.038215002400484,60.0,0.0,0.0,0.0,0.0,0.0,0.0,0.0
2024-01-11 04:00:00,2.0,15.0,1.5892050846850287,16.133898107566576,13.53298891814813,-2.165,61.038215002400484,60.0,0.0,0.0,0.0,0.0,0.0,0.0,0.0
2024-01-11 04:15:00,1.0,18.666666666666668,1.5892050846850287,16.590716904329426,13.433050248561232,-2.165,61.038215002400484,60.0,0.0,0.0,0.0,0.0,0.0,0.0,0.0
2024-01-11 04:30:00,2.0,18.333333333333332,1.5892050846850287,18.618817773571052,13.405829798995564,-2.165,61.038215002400484,60.0,0.0,0.0,0.0,0.0,0.0,0.0,0.0
2024-01-11 04:45:00,2.0,16.0,1.5892050846850287,19.068243672125174,13.44771765151439,-2.165,61.038215002400484,60.0,0.0,0.0,0.0,0.0,0.0,0.0,0.0
2024-01-11 05:00:00,2.0,15.0,1.5892050846850287,19.137698994834825,13.497320857495785,-2.09833,61.038215002400484,60.0,0.0,0.0,0.0,0.0,0.0,0.0,0.0
2024-01-11 05:15:00,2.0,15.0,1.5892050846850287,18.85535583968448,13.53721279364078,-2.09833,61.038215002400484,60.0,0.0,0.0,0.0,0.0,0.0,0.0,0.0
2024-01-11 05:30:00,2.0,15.0,1.5892050846850287,18.588146411398004,13.561226772147855,-2.09833,61.038215002400484,60.0,0.0,0.0,0.0,0.0,0.0,0.0,0.0
2024-01-11 05:45:00,2.0,15.0,1.5892050846850287,18.334627138674605,13.571066749021155,-2.09833,61.038215002400484,60.0,0.0,0.0,0.0,0.0,0.0,0.0,0.0
2024-01-11 06:00:00,2.0,15.0,1.5892050846850287,18.093556484295597,13.569123902984929,-1.97333,61.038215002400484,60.0,0.0,0.0,0.0,0.0,0.0,0.0,0.0
2024-01-11 06:15:00,1.0,19.666666666666668,1.5892050846850287,18.846968962534202,13.569843819512405,-1.97333,61.038215002400484,60.0,0.0,0.0,0.0,0.0,0.0,0.0,0.0
2024-01-11 06:30:00,1.0,20.0,1.5892050846850287,20.382772060788646,13.642503936520866,-1.97333,61.038215002400484,60.0,0.0,0.0,0.0,0.0,0.0,0.0,0.0
2024-01-11 06:45:00,1.0,20.0,1.5892050846850287,20.15356054362092,13.738843624851206,-1.97333,61.038215002400484,60.0,0.0,0.0,0.0,0.0,0.0,0.0,0.0
2024-01-11 07:00:00,1.0,20.0,1.5892050846850287,19.834818239933572,13.81358422552495,-2.00333,60.983015002400485,60.0,0.2567413333333333,0.0,0.0,0.0,0.0,0.0,0.0
2024-01-11 07:15:00,1.0,20.0,1.5892050846850287,19.69820344699716,13.869058006535274,-2.00333,60.76221500240048,60.0,0.0,0.0,0.0,0.0,0.0,0.0,0.0
2024-01-11 07:30:00,1.0,20.0,1.5892050846850287,20.356723839096656,13.938641816768195,-2.00333,60.541415002400484,60.0,0.2567413333333333,0.0,0.0,0.0,0.0,0.0,0.0
2024-01-11 07:45:00,1.0,20.0,1.5892050846850287,20.048287007138203,14.010885793576048,-2.00333,60.48621500240048,60.0,0.0,0.0,0.0,0.0,0.0,0.0,0.0
2024-01-11 08:00:00,1.0,20.0,1.5892050846850287,19.753085362731113,14.066298967396381,-1.61167,60.48621500240048,60.0,0.0,0.0,0.0,0.0,0.0,0.0,0.0
2024-01-11 08:15:00,1.0,20.0,1.5892050846850287,19.861045921075103,14.110513233925813,-1.61167,60.32061500240047,60.0,0.5134826666666666,0.0,0.0,0.0,0.0,0.0,0.0
2024-01-11 08:30:00,1.0,20.0,1.5892050846850287,20.329316671824007,14.177018336575467,-1.61167,58.42581786909899,60.0,4.6213440000000015,0.0,0.0,0.0,0.0,0.0,0.0
2024-01-11 08:45:00,1.0,20.0,1.5892050846850287,20.035149123782166,14.238677827951078,-1.61167,56.68623411372398,60.0,0.0,0.0,0.0,0.0,0.0,0.0,0.0
2024-01-11 09:00:00,1.0,20.0,1.5892050846850287,19.76109356252717,14.28479934966083,-1.29167,58.298752030589746,60.0,0.0,0.0,0.0,0.0,0.0,0.0,0.0
2024-01-11 09:15:00,1.0,20.0,1.5892050846850287,19.73454930234351,14.318901598568232,-1.29167,56.47046994745552,60.0,3.5943786666666666,0.0,0.0,0.0,0.0,0.0,0.0
2024-01-11 09:30:00,1.0,20.0,1.5892050846850287,20.377163896210043,14.373067156438031,-1.29167,57.659787864321295,60.0,0.0,0.0,0.0,0.0,0.0,0.0,0.0
2024-01-11 09:45:00,3.0,19.533333333333335,1.5892050846850287,20.0970714705452,14.429663883881235,-1.29167,59.03310578118707,60.0,0.5134826666666666,0.0,0.0,0.0,0.0,0.0,0.0
2024-01-11 10:00:00,1.0,20.0,1.5892050846850287,19.834410395592506,14.477165083954832,-0.175,60.33282369805284,60.0,0.0,0.0,0.0,0.0,0.0,0.0,0.0
2024-01-11 10:15:00,1.0,20.0,1.5892050846850287,19.599229659785934,14.517906778536098,-0.175,60.404532059256866,60.0,0.770224,0.0,0.0,0.0,0.0,0.0,0.0
2024-01-11 10:30:00,1.0,20.0,1.5892050846850287,20.321041017687296,14.564298079751179,-0.175,59.620498805554035,60.0,3.594378666666667,0.0,0.0,0.0,0.0,0.0,0.0
2024-01-11 10:45:00,1.0,20.0,1.5892050846850287,20.213606199453224,14.62936515701714,-0.175,57.36084280937632,60.0,0.0,0.0,0.0,0.0,0.0,0.0,0.0
2024-01-11 11:00:00,1.0,20.0,1.5892050846850287,19.957226492667484,14.68316523777153,0.478333,55.9741607262421,60.0,4.878085333333334,0.0,0.0,0.0,0.0,0.0,0.0
2024-01-11 11:15:00,1.0,20.0,1.5892050846850287,19.716154356953677,14.726508713078642,0.478333,55.341878643107876,60.0,0.2567413333333333,0.0,0.0,0.0,0.0,0.0,0.0
2024-01-11 11:30:00,1.0,20.0,1.5892050846850287,19.792894858373586,14.757744954196548,0.478333,56.67839655997365,60.0,0.0,0.0,0.0,0.0,0.0,0.0,0.0
2024-01-11 11:45:00,1.0,20.0,1.5892050846850287,20.382061339643524,14.81261022813774,0.478333,57.70211447683941,60.0,1.0269653333333333,0.0,0.0,0.0,0.0,0.0,0.0
2024-01-11 12:00:00,1.0,19.933333333333334,1.5892050846850287,20.127020218450472,14.872732668240406,1.153333,58.79943239370519,60.0,0.0,0.0,0.0,0.0,0.0,0.0,0.0
2024-01-11 12:15:00,1.0,20.0,1.5892050846850287,19.8869345087707,14.922218414212336,1.153333,60.404783564273785,60.0,0.0,0.0,0.0,0.0,0.0,0.0,0.0
2024-01-11 12:30:00,1.0,20.0,1.5892050846850287,19.660433883073665,14.957236457901503,1.153333,60.28415747731728,60.0,1.5404480000000003,0.0,0.0,0.0,0.0,0.0,0.0
2024-01-11 12:45:00,1.0,20.0,1.5892050846850287,19.976806337840138,14.985119497868345,1.153333,59.34575747731728,60.0,0.2567413333333333,0.0,0.0,0.0,0.0,0.0,0.0
2024-01-11 13:00:00,1.0,20.0,1.5892050846850287,20.341839572312363,15.051691299911294,2.751667,59.124957477317274,60.0,0.0,0.0,0.0,0.0,0.0,0.0,0.0
2024-01-11 13:15:00,1.0,20.0,1.5892050846850287,20.099935412559436,15.123576455054257,2.751667,59.13272852366224,60.0,0.5134826666666666,0.0,0.0,0.0,0.0,0.0,0.0
2024-01-11 13:30:00,1.0,20.0,1.5892050846850287,19.87273295502951,15.179517156459747,2.751667,60.48647873866466,60.0,0.0,0.0,0.0,0.0,0.0,0.0,0.0
2024-01-11 13:45:00,1.0,20.0,1.5892050846850287,19.65880591505186,15.22120098141278,2.751667,61.04548494984479,60.0,0.0,0.0,0.0,0.0,0.0,0.0,0.0
2024-01-11 14:00:00,1.0,20.0,1.5892050846850287,19.98609254835967,15.26247755611482,3.705,61.04548494984479,60.0,0.0,0.0,0.0,0.0,0.0,0.0,0.0
2024-01-11 14:15:00,1.0,20.0,1.5892050846850287,20.360781527814524,15.338418757683398,3.705,61.04548494984479,60.0,0.0,0.0,0.0,0.0,0.0,0.0,0.0
2024-01-11 14:30:00,1.0,20.0,1.5892050846850287,20.128382525958575,15.40724320267086,3.705,60.824684949844794,60.0,1.5404480000000003,0.0,0.0,0.0,0.0,0.0,0.0
2024-01-11 14:45:00,1.0,20.0,1.5892050846850287,19.910096683336416,15.460764357686157,3.705,58.42398853321795,60.0,1.7971893333333333,0.0,0.0,0.0,0.0,0.0,0.0
2024-01-11 15:00:00,1.0,20.0,1.5892050846850287,19.697825906363885,15.505348574582005,4.408333,58.49380525562601,60.0,2.053930666666667,0.0,0.0,0.0,0.0,0.0,0.0
2024-01-11 15:15:00,1.0,20.0,1.5892050846850287,19.79458897501745,15.544298036584062,4.408333,58.689523172491775,60.0,0.0,0.0,0.0,0.0,0.0,0.0,0.0
2024-01-11 15:30:00,1.0,20.0,1.5892050846850287,20.403190027926257,15.60734812490387,4.408333,60.30204108935755,60.0,0.0,0.0,0.0,0.0,0.0,0.0,0.0
2024-01-11 15:45:00,1.0,20.0,1.5892050846850287,20.16696319617153,15.671420738496858,4.408333,60.00574945056158,60.0,1.7971893333333335,0.0,0.0,0.0,0.0,0.0,0.0
2024-01-11 16:00:00,1.0,20.0,1.5892050846850287,19.943782450474668,15.716271909531969,3.825,59.12254945056158,60.0,0.0,0.0,0.7999999999999995,0.7564583333333333,1.0,1.0,0.0
2024-01-11 16:15:00,1.0,20.0,1.5892050846850287,19.73194742858464,15.743217330293644,3.825,58.200616913533395,60.0,3.0808960000000005,0.0,0.7999999999999995,0.0,1.0,0.0,0.0
2024-01-11 16:30:00,1.0,20.0,1.5892050846850287,19.640421579722407,15.75879903657463,3.825,56.0517637840542,60.0,3.337637333333334,0.0,0.7999999999999995,0.0,1.0,0.0,1.0
2024-01-11 16:45:00,1.0,20.0,1.5892050846850287,20.427849348113956,15.792891822624576,3.825,55.12508170091998,60.0,0.0,0.0,0.0,0.0,0.0,0.0,0.0
2024-01-11 17:00:00,1.0,20.0,1.5892050846850287,20.227976657891016,15.836601649325884,3.406667,55.30239961778576,60.0,1.5404480000000003,0.0,0.0,0.0,0.0,0.0,0.0
2024-01-11 17:15:00,1.0,20.0,1.5892050846850287,20.007847377116217,15.863455829676944,3.406667,56.51011753465153,60.0,0.5134826666666666,0.0,0.0,0.0,0.0,0.0,0.0
2024-01-11 17:30:00,1.0,20.0,1.5892050846850287,19.799321625098177,15.87819440605086,3.406667,57.7546354515173,60.0,0.0,0.0,0.0,0.0,0.0,0.0,0.0
2024-01-11 17:45:00,1.0,20.0,1.5892050846850287,19.601295262914373,15.88212022330991,3.406667,59.36715336838308,60.0,0.0,0.0,0.0,0.0,0.0,0.0,0.0
2024-01-11 18:00:00,1.0,20.0,1.5892050846850287,20.241287892910723,15.887416563836137,2.941667,60.82916961300805,60.0,0.0,0.0,0.0,0.0,0.0,0.0,0.0
2024-01-11 18:15:00,1.0,20.0,1.5892050846850287,20.317184217184366,15.916714075923425,2.941667,60.92157247970657,60.0,0.2567413333333333,0.0,0.0,0.0,0.0,0.0,0.0
2024-01-11 18:30:00,1.0,20.0,1.5892050846850287,20.096043005308452,15.93603652520064,2.941667,60.81117247970657,60.0,0.0,0.0,0.0,0.0,0.0,0.0,0.0
2024-01-11 18:45:00,1.0,20.0,1.5892050846850287,19.88620631974196,15.94366286836067,2.941667,60.81117247970657,60.0,1.5404480000000003,0.0,0.0,0.0,0.0,0.0,0.0
2024-01-11 19:00:00,1.0,20.0,1.5892050846850287,19.686398737987904,15.93768533967509,2.481667,58.47264137602765,60.0,1.5404480000000003,0.0,0.0,0.0,0.0,0.0,0.0
2024-01-11 19:15:00,1.0,20.0,1.5892050846850287,19.799902468147657,15.921071152934303,2.481667,59.11169039657235,60.0,0.0,0.0,0.0,0.0,0.0,0.0,0.0
2024-01-11 19:30:00,1.0,20.0,1.5892050846850287,20.421898321948355,15.932801301308102,2.481667,60.51464156714095,60.0,0.2567413333333333,0.0,0.0,0.0,0.0,0.0,0.0
2024-01-11 19:45:00,1.0,20.0,1.5892050846850287,20.196073336288624,15.949375442372915,2.481667,59.58771715242524,60.0,3.0808960000000005,0.0,0.0,0.0,0.0,0.0,0.0
2024-01-11 20:00:00,1.0,20.0,1.5892050846850287,19.981342929582887,15.949492134146396,1.798333,59.08383220259249,60.0,0.2567413333333333,0.0,0.0,0.0,0.0,0.0,0.0
2024-01-11 20:15:00,1.0,20.0,1.5892050846850287,19.776303633490567,15.934136139003641,1.798333,60.579749641675186,60.0,0.0,0.0,0.0,0.0,0.0,0.0,0.0
2024-01-11 20:30:00,1.0,20.0,1.5892050846850287,19.58021436627021,15.910000984677103,1.798333,61.05275489728914,60.0,0.0,0.0,0.0,0.0,0.0,0.0,0.0
2024-01-11 20:45:00,2.0,16.333333333333332,1.5892050846850287,20.089815872825636,15.89207648033875,1.798333,61.05275489728914,60.0,0.0,0.0,0.0,0.0,0.0,0.0,0.0
2024-01-11 21:00:00,2.0,15.0,1.5892050846850287,19.981699265611944,15.885615107522401,1.166667,60.94235489728914,60.0,0.2567413333333333,0.0,0.0,0.0,0.0,0.0,0.0
2024-01-11 21:15:00,1.0,19.666666666666668,1.5892050846850287,19.773026894867055,15.865013290774376,1.166667,59.87342379361021,60.0,2.3106720000000007,0.0,0.0,0.0,0.0,0.0,0.0
2024-01-11 21:30:00,1.0,20.0,1.5892050846850287,19.5841792736222,15.835785500528988,1.166667,58.911672814154905,60.0,1.5404480000000003,0.0,0.0,0.0,0.0,0.0,0.0
2024-01-11 21:45:00,1.0,20.0,1.5892050846850287,20.34692110292803,15.818749896887548,1.166667,59.86179073102068,60.0,0.0,0.0,0.0,0.0,0.0,0.0,0.0
2024-01-11 22:00:00,1.0,20.0,1.5892050846850287,20.27551852913744,15.825477484545136,1.051667,59.16460506451331,60.0,3.0808960000000005,0.0,0.0,0.0,0.0,0.0,0.0
2024-01-11 22:15:00,1.0,20.0,1.5892050846850287,20.050116977687534,15.820875082478542,1.051667,59.23732059246365,60.0,0.0,0.0,0.0,0.0,0.0,0.0,0.0
2024-01-11 22:30:00,2.0,15.333333333333334,1.5892050846850287,19.83511941818571,15.805859481818285,1.051667,60.742337314871705,60.0,0.0,0.0,0.0,0.0,0.0,0.0,0.0
2024-01-11 22:45:00,2.0,15.0,1.5892050846850287,19.629556563105538,15.781570913974008,1.051667,61.06484089824486,60.0,0.0,0.0,0.0,0.0,0.0,0.0,0.0
2024-01-11 23:00:00,2.0,15.0,1.5892050846850287,19.432280650446735,15.744748215403545,0.43,61.009640898244854,60.0,0.5134826666666666,0.0,0.0,0.0,0.0,0.0,0.0
2024-01-11 23:15:00,2.0,15.0,1.5892050846850287,19.24221216358512,15.696050190106753,0.43,60.016040898244846,60.0,0.5134826666666666,0.0,0.0,0.0,0.0,0.0,0.0
2024-01-11 23:30:00,2.0,15.0,1.5892050846850287,19.05885399125339,15.641353306007975,0.43,59.96084089824485,60.0,0.0,0.0,0.0,0.0,0.0,0.0,0.0
2024-01-11 23:45:00,2.0,15.0,1.5892050846850287,18.881613986613193,15.581348451822949,0.43,59.96084089824485,60.0,0.0,0.0,0.7999999999999998,0.7802083333333334,1.0,1.0,0.0
2024-01-12 00:00:00,2.0,15.0,1.5892050846850287,18.709879601008172,15.515414940073635,0.25,59.96084089824485,60.0,0.0,0.0,0.7999999999999998,0.0,1.0,0.0,0.0
2024-01-12 00:15:00,2.0,15.0,1.5892050846850287,18.543086136091517,15.444033700644916,0.25,59.86884089824484,60.0,0.5134826666666666,0.0,0.7999999999999998,0.0,1.0,0.0,1.0
2024-01-12 00:30:00,2.0,15.0,1.5892050846850287,18.380862756172984,15.369166426849677,0.25,59.28974448161799,60.0,0.5134826666666666,0.0,0.0,0.0,0.0,0.0,0.0
2024-01-12 00:45:00,2.0,15.0,1.5892050846850287,18.222833771013775,15.291246436572184,0.25,60.61269374105424,60.0,0.0,0.0,0.0,0.0,0.0,0.0,0.0
2024-01-12 01:00:00,2.0,15.0,1.5892050846850287,18.068701173566208,15.211282608467144,0.34,58.71987004301317,60.0,3.0808960000000005,0.0,0.0,0.0,0.0,0.0,0.0
2024-01-12 01:15:00,2.0,15.0,1.5892050846850287,17.918203643060096,15.129660968378609,0.34,59.51658748209585,60.0,0.2567413333333333,0.0,0.0,0.0,0.0,0.0,0.0
2024-01-12 01:30:00,2.0,15.0,1.5892050846850287,17.771037368225148,15.045962465403829,0.34,60.87323650264055,60.0,0.0,0.0,0.0,0.0,0.0,0.0,0.0
2024-01-12 01:45:00,2.0,15.0,1.5892050846850287,17.626949864164548,14.960474141331458,0.34,61.07390539896163,60.0,0.0,0.0,0.0,0.0,0.0,0.0,0.0
2024-01-12 02:00:00,2.0,15.0,1.5892050846850287,17.48560547957237,14.871776153791957,0.096667,61.07390539896163,60.0,0.0,0.0,0.0,0.0,0.0,0.0,0.0
2024-01-12 02:15:00,2.0,15.0,1.5892050846850287,17.346683326939303,14.779997306025104,0.096667,61.07390539896163,60.0,0.0,0.0,0.0,0.0,0.0,0.0,0.0
2024-01-12 02:30:00,2.0,15.0,1.5892050846850287,17.210079755677473,14.687321537124747,0.096667,61.07390539896163,60.0,0.0,0.0,0.0,0.0,0.0,0.0,0.0
2024-01-12 02:45:00,2.0,15.0,1.5892050846850287,17.075644284199804,14.593914576810922,0.096667,61.07390539896163,60.0,0.0,0.0,0.0,0.0,0.0,0.0,0.0
2024-01-12 03:00:00,2.0,15.0,1.5892050846850287,16.943278966415296,14.500510555139819,0.181667,61.07390539896163,60.0,0.0,0.0,0.0,0.0,0.0,0.0,0.0
2024-01-12 03:15:00,2.0,15.0,1.5892050846850287,16.812901795716378,14.407277638252408,0.181667,61.07390539896163,60.0,0.0,0.0,0.0,0.0,0.0,0.0,0.0
2024-01-12 03:30:00,2.0,15.0,1.5892050846850287,16.68437383379304,14.313643656571413,0.181667,61.07390539896163,60.0,0.0,0.0,0.0,0.0,0.0,0.0,0.0
2024-01-12 03:45:00,2.0,17.0,1.5892050846850287,17.07527046643602,14.22749569146989,0.181667,61.07390539896163,60.0,0.0,0.0,0.0,0.0,0.0,0.0,0.0
2024-01-12 04:00:00,1.0,15.333333333333334,1.5892050846850287,17.371506911187716,14.172759784429413,0.296667,61.07390539896163,60.0,0.0,0.0,0.0,0.0,0.0,0.0,0.0
2024-01-12 04:15:00,1.0,17.333333333333332,1.5892050846850287,17.765183927119875,14.131948121812334,0.296667,61.07390539896163,60.0,0.0,0.0,0.0,0.0,0.0,0.0,0.0
2024-01-12 04:30:00,1.0,20.0,1.5892050846850287,19.43728864526313,14.13814923976646,0.296667,61.07390539896163,60.0,0.0,0.0,0.0,0.0,0.0,0.0,0.0
2024-01-12 04:45:00,1.0,20.0,1.5892050846850287,20.44727703744214,14.226891719654942,0.296667,60.96350539896163,60.0,1.5404480000000003,0.0,0.0,0.0,0.0,0.0,0.0
2024-01-12 05:00:00,2.0,16.333333333333332,1.5892050846850287,20.139275404668403,14.316714315281558,0.016667,59.270705398961624,60.0,0.2567413333333333,0.0,0.0,0.0,0.0,0.0,0.0
2024-01-12 05:15:00,1.0,17.666666666666668,1.5892050846850287,19.84973892473487,14.384180948901184,0.016667,57.41270826566015,60.0,4.6213440000000015,0.0,0.0,0.0,0.0,0.0,0.0
2024-01-12 05:30:00,2.0,19.333333333333332,1.5892050846850287,19.59879828575606,14.43375302042646,0.016667,55.893924510285125,60.0,0.0,0.0,0.0,0.0,0.0,0.0,0.0
2024-01-12 05:45:00,2.0,15.0,1.5892050846850287,19.478753949453253,14.47197480991274,0.016667,57.5064424271509,60.0,0.0,0.0,0.0,0.0,0.0,0.0,0.0
2024-01-12 06:00:00,2.0,15.0,1.5892050846850287,19.227728301685016,14.502414407426324,0.591667,58.787760344016675,60.0,3.0808960000000005,0.0,0.0,0.0,0.0,0.0,0.0
2024-01-12 06:15:00,1.0,19.666666666666668,1.5892050846850287,19.907899909411412,14.536360796832204,0.591667,56.18667826088245,60.0,2.310672,0.0,0.0,0.0,0.0,0.0,0.0
2024-01-12 06:30:00,1.0,20.0,1.5892050846850287,20.327415068045198,14.611846832237466,0.591667,56.547996177748225,60.0,0.0,0.0,0.0,0.0,0.0,0.0,0.0
2024-01-12 06:45:00,1.0,20.0,1.5892050846850287,20.04321728698087,14.678323480753761,0.591667,58.160514094614,60.0,0.2567413333333333,0.0,0.0,0.0,0.0,0.0,0.0
2024-01-12 07:00:00,1.0,20.0,1.5892050846850287,19.775511171417417,14.727425576177815,0.626667,59.23943201147977,60.0,0.2567413333333333,0.0,0.0,0.0,0.0,0.0,0.0
2024-01-12 07:15:00,1.0,20.0,1.5892050846850287,19.686190584647694,14.761770265226346,0.626667,60.701649689454,60.0,0.2567413333333333,0.0,0.0,0.0,0.0,0.0,0.0
2024-01-12 07:30:00,1.0,20.0,1.5892050846850287,20.38880524369823,14.81378142884758,0.626667,60.63505590063413,60.0,0.5134826666666666,0.0,0.0,0.0,0.0,0.0,0.0
2024-01-12 07:45:00,1.0,20.0,1.5892050846850287,20.121577140211414,14.871636550993959,0.626667,60.54305590063413,60.0,0.0,0.0,0.0,0.0,0.0,0.0,0.0
2024-01-12 08:00:00,1.0,20.0,1.5892050846850287,19.861327311385494,14.908778551824348,0.048333,60.54305590063413,60.0,0.0,0.0,0.0,0.0,0.0,0.0,0.0
2024-01-12 08:15:00,1.0,20.0,1.5892050846850287,19.617436837934743,14.926884368635362,0.048333,59.316456378417215,60.0,3.594378666666667,0.0,0.0,0.0,0.0,0.0,0.0
2024-01-12 08:30:00,1.0,20.0,1.5892050846850287,20.214584996072105,14.946508345678755,0.048333,56.73916903966902,60.0,2.053930666666667,0.0,0.0,0.0,0.0,0.0,0.0
2024-01-12 08:45:00,1.0,20.0,1.5892050846850287,20.250605077735752,14.990798712770374,0.048333,54.542886956534794,60.0,3.337637333333334,0.0,0.0,0.0,0.0,0.0,0.0
2024-01-12 09:00:00,1.0,19.9,1.5892050846850287,19.9922336972534,15.027834721326794,0.853333,55.290604873400575,60.0,0.0,0.0,0.0,0.0,0.0,0.0,0.0
2024-01-12 09:15:00,1.0,20.0,1.5892050846850287,19.747924039003614,15.056510070901266,0.853333,56.90312279026635,60.0,0.0,0.0,0.0,0.0,0.0,0.0,0.0
2024-01-12 09:30:00,3.0,19.833333333333332,1.5892050846850287,19.668955540675935,15.072535356648801,0.853333,58.51564070713213,60.0,0.0,0.0,0.0,0.0,0.0,0.0,0.0
2024-01-12 09:45:00,3.0,19.6,1.5892050846850287,19.931431129524764,15.097209171675987,0.853333,60.128158623997905,60.0,0.0,0.0,0.0,0.0,0.0,0.0,0.0
2024-01-12 10:00:00,1.0,19.966666666666665,1.5892050846850287,19.692504910539448,15.12355982927914,1.561667,61.08850262782019,60.0,0.0,0.0,0.0,0.0,0.0,0.0,0.0
2024-01-12 10:15:00,1.0,20.0,1.5892050846850287,19.92083712813928,15.146653997144927,1.561667,61.09566937411737,60.0,0.0,0.0,0.0,0.0,0.0,0.0,0.0
2024-01-12 10:30:00,1.0,20.0,1.5892050846850287,20.352086049665218,15.196553125804435,1.561667,61.09566937411737,60.0,0.0,0.0,0.0,0.0,0.0,0.0,0.0
2024-01-12 10:45:00,1.0,20.0,1.5892050846850287,20.097252086400786,15.242135404674928,1.561667,60.61726937411736,60.0,1.0269653333333333,0.0,0.0,0.0,0.0,0.0,0.0
2024-01-12 11:00:00,1.0,20.0,1.5892050846850287,19.856124988568556,15.274301476901599,1.781667,59.99166937411736,60.0,0.0,0.0,0.0,0.0,0.0,0.0,0.0
2024-01-12 11:15:00,1.0,20.0,1.5892050846850287,19.627420253841535,15.294706116534938,1.781667,59.99166937411736,60.0,0.0,0.0,0.0,0.0,0.0,0.0,0.0
2024-01-12 11:30:00,1.0,20.0,1.5892050846850287,20.16497108599457,15.314740014331935,1.781667,59.99166937411736,60.0,0.0,0.0,0.0,0.0,0.0,0.0,0.0
2024-01-12 11:45:00,1.0,20.0,1.5892050846850287,20.292566914878254,15.361520031320872,1.781667,59.99166937411736,60.0,0.0,0.0,0.7683333333333331,0.7406250000000001,1.0,1.0,0.0
2024-01-12 12:00:00,1.0,20.0,1.5892050846850287,20.047215054680596,15.396731716125714,1.71,59.80766937411736,60.0,0.2567413333333333,0.0,0.7999999999999994,0.0,1.0,0.0,0.0
2024-01-12 12:15:00,1.0,20.0,1.5892050846850287,19.81491085574172,15.417556176614148,1.71,59.715669374117354,60.0,0.0,0.0,0.7999999999999994,0.0,1.0,0.0,0.0
2024-01-12 12:30:00,1.0,20.0,1.5892050846850287,19.59450606355311,15.426061432638539,1.71,59.715669374117354,60.0,0.0,0.0,0.7999999999999994,0.0,1.0,0.0,0.0
2024-01-12 12:45:00,1.0,20.0,1.5892050846850287,20.28752978214277,15.440499399314046,1.71,59.715669374117354,60.0,0.0,0.0,0.7999999999999994,0.0,1.0,0.0,0.0
2024-01-12 13:00:00,1.0,20.0,1.5892050846850287,20.266923005856672,15.480482246132082,1.915,59.09337104635816,60.0,1.5404480000000003,0.0,0.7999999999999994,0.0,1.0,0.0,0.0
2024-01-12 13:15:00,3.0,19.933333333333334,1.5892050846850287,20.02842250933294,15.509533143461077,1.915,59.56468609652541,60.0,0.0,0.0,0.7999999999999994,0.0,1.0,0.0,0.0
2024-01-12 13:30:00,1.0,19.766666666666666,1.5892050846850287,19.802491885912232,15.525460069612958,1.915,60.919201146692664,60.0,0.0,0.0,0.7999999999999994,0.0,1.0,0.0,0.0
2024-01-12 13:45:00,1.0,20.0,1.5892050846850287,19.58793507241658,15.529674331982537,1.915,60.26320305782501,60.0,2.053930666666667,0.0,0.7999999999999994,0.0,1.0,0.0,0.0
2024-01-12 14:00:00,1.0,20.0,1.5892050846850287,20.286448066012124,15.540160311888412,1.885,58.703914763510646,60.0,2.053930666666667,0.0,0.7999999999999994,0.0,1.0,0.0,0.0
2024-01-12 14:15:00,1.0,20.0,1.5892050846850287,20.270887313619614,15.57505657521935,1.885,59.12043268037642,60.0,0.2567413333333333,0.0,0.7999999999999994,0.0,1.0,0.0,0.0
2024-01-12 14:30:00,1.0,20.0,1.5892050846850287,20.036791985044367,15.597992969670807,1.885,60.328150597242185,60.0,0.5134826666666666,0.0,0.7999999999999994,0.0,1.0,0.0,0.0
2024-01-12 14:45:00,1.0,20.0,1.5892050846850287,19.814777626402346,15.608394044337375,1.885,61.086094601064474,60.0,0.0,0.0,0.7999999999999994,0.0,1.0,0.0,0.0
2024-01-12 15:00:00,1.0,20.0,1.5892050846850287,19.604258384484428,15.607699725111736,1.896667,61.093261347361654,60.0,0.0,0.0,0.7999999999999994,0.0,1.0,0.0,0.0
2024-01-12 15:15:00,1.0,20.0,1.5892050846850287,20.23297210620908,15.611383909857228,1.896667,60.52286134736165,60.0,0.770224,0.0,0.7999999999999994,0.0,1.0,0.0,0.0
2024-01-12 15:30:00,1.0,20.0,1.5892050846850287,20.298337437396192,15.642222231228265,1.896667,60.265261347361644,60.0,0.0,0.0,0.7999999999999994,0.0,1.0,0.0,0.0
2024-01-12 15:45:00,1.0,20.0,1.5892050846850287,20.067232133357077,15.662489981236735,1.896667,60.265261347361644,60.0,0.0,0.0,0.7999999999999994,0.0,1.0,0.0,0.0
2024-01-12 16:00:00,1.0,20.0,1.5892050846850287,19.846635819106474,15.671394904368105,2.025,55.783835260405134,60.0,6.675274666666667,0.0,0.7999999999999994,0.0,1.0,0.0,0.0
2024-01-12 16:15:00,1.0,20.0,1.5892050846850287,19.63538360087617,15.670219053822146,2.025,54.57398643097373,60.0,3.0808960000000005,0.0,0.7999999999999994,0.0,1.0,0.0,0.0
2024-01-12 16:30:00,1.0,20.0,1.5892050846850287,20.114160697504296,15.66861210394286,2.025,50.666504347839506,60.0,3.0808960000000005,0.0,0.7999999999999994,0.0,1.0,0.0,0.0
2024-01-12 16:45:00,1.0,20.0,1.5892050846850287,20.333576825379495,15.696761593722355,2.025,51.94782226470529,60.0,0.0,0.0,0.7999999999999994,0.0,1.0,0.0,0.0
2024-01-12 17:00:00,1.0,20.0,1.5892050846850287,20.100632659991575,15.718272904559505,2.191667,53.468340181571065,60.0,0.2567413333333333,0.0,0.7999999999999994,0.0,1.0,0.0,0.0
2024-01-12 17:15:00,1.0,20.0,1.5892050846850287,19.87975392483175,15.728678113653372,2.191667,54.01365809843684,60.0,3.3376373333333333,0.0,0.7999999999999994,0.0,1.0,0.0,0.0
2024-01-12 17:30:00,1.0,20.0,1.5892050846850287,19.669756921641913,15.727953210516263,2.191667,50.897376015302605,60.0,2.0539306666666666,0.0,0.7999999999999994,0.0,1.0,0.0,0.0
2024-01-12 17:45:00,1.0,20.0,1.5892050846850287,19.92507814319874,15.72159407952758,2.191667,52.252293932168385,60.0,0.2567413333333333,0.0,0.7999999999999994,0.0,1.0,0.0,0.0
2024-01-12 18:00:00,1.0,20.0,1.5892050846850287,20.380535809199706,15.742771488980505,1.846667,53.53361184903416,60.0,0.2567413333333333,0.0,0.7999999999999994,0.0,1.0,0.0,0.0
2024-01-12 18:15:00,1.0,20.0,1.5892050846850287,20.147232614923215,15.759901778120895,1.846667,54.99892976589993,60.0,0.0,0.0,0.7999999999999994,0.0,1.0,0.0,0.0
2024-01-12 18:30:00,1.0,20.0,1.5892050846850287,19.9257058464489,15.76489475921938,1.846667,56.335447682765704,60.0,0.5134826666666666,0.0,0.7999999999999994,0.0,1.0,0.0,0.0
2024-01-12 18:45:00,1.0,20.0,1.5892050846850287,19.71484222288427,15.759062831128862,1.846667,57.67196559963148,60.0,0.0,0.0,0.7999999999999994,0.0,1.0,0.0,0.0
2024-01-12 19:00:00,1.0,20.0,1.5892050846850287,19.67718736034718,15.745642890923868,2.04,56.13808351649725,60.0,3.594378666666667,0.0,0.7999999999999994,0.0,1.0,0.0,0.0
2024-01-12 19:15:00,3.0,19.733333333333334,1.5892050846850287,20.426956919531936,15.756798650537794,2.04,56.90420143336303,60.0,0.2567413333333333,0.0,0.7999999999999994,0.0,1.0,0.0,0.0
2024-01-12 19:30:00,1.0,19.866666666666667,1.5892050846850287,20.20278239814508,15.778572707036387,2.04,58.3695193502288,60.0,0.0,0.0,0.7999999999999994,0.0,1.0,0.0,0.0
2024-01-12 19:45:00,1.0,20.0,1.5892050846850287,19.97970571743293,15.787867780521706,2.04,59.76123726709457,60.0,0.2567413333333333,0.0,0.7999999999999994,0.0,1.0,0.0,0.0
2024-01-12 20:00:00,1.0,20.0,1.5892050846850287,19.767573572034046,15.786158139606838,2.063333,60.996051600587194,60.0,0.0,0.0,0.7999999999999994,0.0,1.0,0.0,0.0
2024-01-12 20:15:00,1.0,20.0,1.5892050846850287,19.598167418169176,15.774702155438236,2.063333,60.864352795044915,60.0,0.2567413333333333,0.0,0.7999999999999994,0.0,1.0,0.0,0.0
2024-01-12 20:30:00,1.0,20.0,1.5892050846850287,20.389189108542595,15.77728538974331,2.063333,58.68252384138988,60.0,3.0808960000000005,0.0,0.7999999999999994,0.0,1.0,0.0,0.0
2024-01-12 20:45:00,1.0,20.0,1.5892050846850287,20.262254084066353,15.800384521375411,2.063333,59.340174295283845,60.0,1.5404480000000003,0.0,0.7999999999999994,0.0,1.0,0.0,0.0
2024-01-12 21:00:00,1.0,20.0,1.5892050846850287,20.037296338876125,15.809800807047884,1.818333,58.96549221214961,60.0,1.0269653333333333,0.0,0.7999999999999994,0.0,1.0,0.0,0.0
2024-01-12 21:15:00,1.0,20.0,1.5892050846850287,19.82321364400434,15.806064167885134,1.818333,59.842010129015385,60.0,0.2567413333333333,0.0,0.7999999999999994,0.0,1.0,0.0,0.0
2024-01-12 21:30:00,2.0,18.333333333333332,1.5892050846850287,19.61904170074736,15.792397848049756,1.818333,60.71136129958397,60.0,0.770224,0.0,0.7999999999999994,0.0,1.0,0.0,0.0
2024-01-12 21:45:00,2.0,15.0,1.5892050846850287,19.423856706714748,15.769888652606902,1.818333,60.99553521262746,60.0,0.2567413333333333,0.0,0.7999999999999994,0.0,1.0,0.0,0.0
2024-01-12 22:00:00,2.0,15.0,1.5892050846850287,19.236659311905374,15.736893066499379,1.438333,60.369935212627446,60.0,0.5134826666666666,0.0,0.7999999999999994,0.0,1.0,0.0,0.0
2024-01-12 22:15:00,2.0,15.0,1.5892050846850287,19.056522011050127,15.69412783893836,1.438333,60.24113521262745,60.0,0.0,0.0,0.7999999999999994,0.0,1.0,0.0,0.0
2024-01-12 22:30:00,2.0,15.0,1.5892050846850287,18.882900359652538,15.645466868670985,1.438333,60.24113521262745,60.0,0.0,0.0,0.7999999999999994,0.0,1.0,0.0,0.0
2024-01-12 22:45:00,2.0,15.0,1.5892050846850287,18.715216125199927,15.591585403553989,1.438333,60.24113521262745,60.0,0.0,0.0,0.7999999999999994,0.0,1.0,0.0,0.0
2024-01-12 23:00:00,2.0,15.0,1.5892050846850287,18.55285224211791,15.531584550743121,1.22,59.75150195892463,60.0,3.337637333333334,0.0,0.7999999999999994,0.0,1.0,0.0,0.0
2024-01-12 23:15:00,2.0,15.0,1.5892050846850287,18.39523703334145,15.46591667823978,1.22,57.62064596274691,60.0,0.0,0.0,0.7999999999999994,0.0,1.0,0.0,0.0
2024-01-12 23:30:00,2.0,15.0,1.5892050846850287,18.242022605820008,15.39684377006487,1.22,58.80996387961269,60.0,0.5134826666666666,0.0,0.7999999999999994,0.0,1.0,0.0,0.0
2024-01-12 23:45:00,2.0,15.0,1.5892050846850287,18.09284497119392,15.324786079973858,1.22,60.017681796478456,60.0,0.5134826666666666,0.0,0.7999999999999994,0.0,1.0,0.0,0.0
2024-01-13 00:00:00,2.0,15.0,1.5892050846850287,17.947237952779336,15.247972449317276,0.908333,60.960028666999264,60.0,0.0,0.0,0.7999999999999994,0.0,1.0,0.0,0.0
2024-01-13 00:15:00,2.0,15.0,1.5892050846850287,17.804758173950056,15.166610599095181,0.908333,61.031696129971074,60.0,0.0,0.0,0.7999999999999994,0.0,1.0,0.0,0.0
2024-01-13 00:30:00,2.0,15.0,1.5892050846850287,17.665243992878164,15.083536329542095,0.908333,60.47969612997107,60.0,0.770224,0.0,0.7999999999999994,0.0,1.0,0.0,0.0
2024-01-13 00:45:00,2.0,15.0,1.5892050846850287,17.52847692038665,14.99899670342669,0.908333,60.203696129971064,60.0,0.0,0.0,0.7999999999999994,0.0,1.0,0.0,0.0
2024-01-13 01:00:00,2.0,15.0,1.5892050846850287,17.3941399943656,14.9113522023603,0.638333,60.203696129971064,60.0,0.0,0.0,0.7999999999999994,0.0,1.0,0.0,0.0
2024-01-13 01:15:00,2.0,15.0,1.5892050846850287,17.261927072665575,14.82068828102006,0.638333,60.203696129971064,60.0,0.0,0.0,0.7999999999999994,0.0,1.0,0.0,0.0
2024-01-13 01:30:00,2.0,15.0,1.5892050846850287,17.13176806157366,14.729376689601498,0.638333,59.96449612997106,60.0,0.5134826666666666,0.0,0.7999999999999994,0.0,1.0,0.0,0.0
2024-01-13 01:45:00,2.0,15.0,1.5892050846850287,17.00353641704429,14.63755512279461,0.638333,59.65169612997106,60.0,0.0,0.0,0.7999999999999994,0.0,1.0,0.0,0.0
2024-01-13 02:00:00,2.0,15.0,1.5892050846850287,16.8769525222387,14.542785152504552,0.266667,59.65169612997106,60.0,0.0,0.0,0.7999999999999994,0.0,1.0,0.0,0.0
2024-01-13 02:15:00,2.0,15.0,1.5892050846850287,16.75173591770784,14.44502155453179,0.266667,59.39409612997106,60.0,0.2567413333333333,0.0,0.7999999999999994,0.0,1.0,0.0,0.0
2024-01-13 02:30:00,2.0,15.0,1.5892050846850287,16.62791693980336,14.34738308353276,0.266667,59.320496129971055,60.0,0.5134826666666666,0.0,0.7999999999999994,0.0,1.0,0.0,0.0
2024-01-13 02:45:00,2.0,15.0,1.5892050846850287,16.505435523150553,14.249928311915541,0.266667,57.8989056856328,60.0,1.7971893333333335,0.0,0.7999999999999994,0.0,1.0,0.0,0.0
2024-01-13 03:00:00,2.0,15.0,1.5892050846850287,16.384059889775,14.149963936375833,-0.13167,59.30902360249857,60.0,0.5134826666666666,0.0,0.7999999999999994,0.0,1.0,0.0,0.0
2024-01-13 03:15:00,2.0,15.0,1.5892050846850287,16.263550483332065,14.047369777827063,-0.13167,60.41757477306716,60.0,0.0,0.0,0.7999999999999994,0.0,1.0,0.0,0.0
2024-01-13 03:30:00,2.0,15.0,1.5892050846850287,16.14399467131723,13.945424033422947,-0.13167,61.06974868611065,60.0,0.0,0.0,0.7999999999999994,0.0,1.0,0.0,0.0
2024-01-13 03:45:00,2.0,15.0,1.5892050846850287,16.02537738636961,13.844131716271288,-0.13167,60.84894868611065,60.0,0.2567413333333333,0.0,0.7999999999999994,0.0,1.0,0.0,0.0
2024-01-13 04:00:00,1.0,16.333333333333332,1.5892050846850287,15.973062907587378,13.741345281934514,-0.465,58.676017582431726,60.0,4.6213440000000015,0.0,0.7999999999999994,0.0,1.0,0.0,0.0
2024-01-13 04:15:00,1.0,20.0,1.5892050846850287,17.562419107115772,13.670681130230776,-0.465,57.43826660297643,60.0,0.0,0.0,0.7999999999999994,0.0,1.0,0.0,0.0
2024-01-13 04:30:00,2.0,18.333333333333332,1.5892050846850287,19.662467877592327,13.704202826837967,-0.465,59.0507845198422,60.0,0.0,0.0,0.7999999999999994,0.0,1.0,0.0,0.0
2024-01-13 04:45:00,2.0,15.0,1.5892050846850287,19.947632864360404,13.801252223773142,-0.465,60.497702436707975,60.0,0.5134826666666666,0.0,0.7999999999999994,0.0,1.0,0.0,0.0
2024-01-13 05:00:00,2.0,15.0,1.5892050846850287,19.64285777777521,13.884215398194424,-0.51833,60.50124644053025,60.0,0.770224,0.0,0.7999999999999994,0.0,1.0,0.0,0.0
2024-01-13 05:15:00,1.0,19.666666666666668,1.5892050846850287,20.175902490010493,13.959444580935717,-0.51833,60.250813186827436,60.0,0.0,0.0,0.7999999999999994,0.0,1.0,0.0,0.0
2024-01-13 05:30:00,2.0,17.333333333333332,1.5892050846850287,20.33197818073386,14.060406165617087,-0.51833,60.250813186827436,60.0,0.0,0.0,0.7999999999999994,0.0,1.0,0.0,0.0
2024-01-13 05:45:00,1.0,15.666666666666666,1.5892050846850287,20.020996103391987,14.145114204300487,-0.51833,60.250813186827436,60.0,0.0,0.0,0.7999999999999994,0.0,1.0,0.0,0.0
2024-01-13 06:00:00,1.0,20.0,1.5892050846850287,19.728450303909458,14.208114394746426,-0.76333,60.12201318682743,60.0,3.3376373333333333,0.0,0.7999999999999994,0.0,1.0,0.0,0.0
2024-01-13 06:15:00,1.0,20.0,1.5892050846850287,19.90789035164263,14.255715799857153,-0.76333,57.191622742489166,60.0,0.770224,0.0,0.7999999999999994,0.0,1.0,0.0,0.0
2024-01-13 06:30:00,1.0,20.0,1.5892050846850287,20.293677787791427,14.326280174175809,-0.76333,58.30734065935494,60.0,0.0,0.0,0.7999999999999994,0.0,1.0,0.0,0.0
2024-01-13 06:45:00,1.0,20.0,1.5892050846850287,19.996474612611404,14.389087038258271,-0.76333,59.03665857622072,60.0,1.5404480000000003,0.0,0.7999999999999994,0.0,1.0,0.0,0.0
2024-01-13 07:00:00,1.0,20.0,1.5892050846850287,19.71617992185886,14.431157082393753,-1.16,59.8763764930865,60.0,0.0,0.0,0.7999999999999994,0.0,1.0,0.0,0.0
2024-01-13 07:15:00,1.0,20.0,1.5892050846850287,19.90645703870409,14.458545538196091,-1.16,59.87508915433831,60.0,1.7971893333333335,0.0,0.7999999999999994,0.0,1.0,0.0,0.0
2024-01-13 07:30:00,1.0,20.0,1.5892050846850287,20.301640808093033,14.51066606780315,-1.16,59.1268896321214,60.0,0.0,0.0,0.7999999999999994,0.0,1.0,0.0,0.0
2024-01-13 07:45:00,1.0,20.0,1.5892050846850287,20.012542511478866,14.55661998924838,-1.16,59.1268896321214,60.0,0.0,0.0,0.7999999999999994,0.0,1.0,0.0,0.0
2024-01-13 08:00:00,1.0,20.0,1.5892050846850287,19.74406132213465,14.584462412183635,-1.39333,58.69829488773535,60.0,2.310672,0.0,0.7999999999999994,0.0,1.0,0.0,0.0
2024-01-13 08:15:00,1.0,20.0,1.5892050846850287,19.799436042590024,14.598231891029327,-1.39333,58.335812326818036,60.0,0.5134826666666666,0.0,0.7999999999999994,0.0,1.0,0.0,1.0
2024-01-13 08:30:00,1.0,20.0,1.5892050846850287,20.36743907568831,14.635700500683162,-1.39333,59.74593024368381,60.0,0.0,0.0,0.0,0.0,0.0,0.0,0.0
2024-01-13 08:45:00,1.0,20.0,1.5892050846850287,20.091348850533482,14.673852576483863,-1.39333,60.798677114204615,60.0,0.2567413333333333,0.0,0.0,0.0,0.0,0.0,0.0
2024-01-13 09:00:00,1.0,20.0,1.5892050846850287,19.83296786611682,14.69687214707942,-1.35,60.70474457717642,60.0,0.5134826666666666,0.0,0.0,0.0,0.0,0.0,0.0
2024-01-13 09:15:00,1.0,20.0,1.5892050846850287,19.602083643670138,14.706634815262994,-1.35,59.41714744387494,60.0,2.053930666666667,0.0,0.0,0.0,0.0,0.0,0.0
2024-01-13 09:30:00,1.0,20.0,1.5892050846850287,20.326563293712372,14.724174042419836,-1.35,59.462363688499906,60.0,0.2567413333333333,0.0,0.0,0.0,0.0,0.0,0.0
2024-01-13 09:45:00,1.0,20.0,1.5892050846850287,20.220343128269363,14.762306682982144,-1.35,60.855812709044606,60.0,0.0,0.0,0.0,0.0,0.0,0.0,0.0
2024-01-13 10:00:00,1.0,20.0,1.5892050846850287,19.9646069131323,14.788984303206105,-0.97667,59.992583277606485,60.0,2.5674133333333335,0.0,0.0,0.0,0.0,0.0,0.0
2024-01-13 10:15:00,1.0,20.0,1.5892050846850287,19.723680721743268,14.804788370209996,-0.97667,59.74629832777373,60.0,0.2567413333333333,0.0,0.7485416666666664,0.72875,1.0,1.0,0.0
2024-01-13 10:30:00,1.0,20.0,1.5892050846850287,19.79929274200437,14.810201631466999,-0.97667,60.880013377940976,60.0,0.0,0.0,0.7999999999999992,0.0,1.0,0.0,0.0
2024-01-13 10:45:00,1.0,20.0,1.5892050846850287,20.386195340526584,14.840793315399857,-0.97667,61.03051505018178,60.0,0.0,0.0,0.7999999999999992,0.0,1.0,0.0,0.0
2024-01-13 11:00:00,1.0,20.0,1.5892050846850287,20.12871821622027,14.8829194558542,0.405,61.03051505018178,60.0,0.0,0.0,0.7999999999999992,0.0,1.0,0.0,0.0
2024-01-13 11:15:00,1.0,20.0,1.5892050846850287,19.886514388537908,14.920881765568122,0.405,60.430481796478965,60.0,3.3376373333333333,0.0,0.7999999999999992,0.0,1.0,0.0,0.0
2024-01-13 11:30:00,1.0,20.0,1.5892050846850287,19.657465015344613,14.94499114866507,0.405,58.41002580030125,60.0,0.0,0.0,0.7999999999999992,0.0,1.0,0.0,0.0
2024-01-13 11:45:00,1.0,20.0,1.5892050846850287,20.04579705171337,14.96426722930411,0.405,54.72334371716703,60.0,6.161792000000001,0.0,0.7999999999999992,0.0,1.0,0.0,0.0
2024-01-13 12:00:00,1.0,20.0,1.5892050846850287,20.32983536248763,15.025694978071668,2.438333,55.01106163403281,60.0,0.0,0.0,0.7999999999999992,0.0,1.0,0.0,0.0
2024-01-13 12:15:00,1.0,20.0,1.5892050846850287,20.086146733761076,15.094027712085813,2.438333,56.60517955089858,60.0,0.5134826666666666,0.0,0.7999999999999992,0.0,1.0,0.0,0.0
2024-01-13 12:30:00,1.0,20.0,1.5892050846850287,19.85708034438612,15.146551806452768,2.438333,55.58649746776435,60.0,3.0808960000000005,0.0,0.7999999999999992,0.0,1.0,0.0,0.0
2024-01-13 12:45:00,1.0,20.0,1.5892050846850287,19.641219903279453,15.18494263605782,2.438333,55.92941538463013,60.0,0.2567413333333333,0.0,0.7999999999999992,0.0,1.0,0.0,0.0
2024-01-13 13:00:00,1.0,20.0,1.5892050846850287,20.043060557103107,15.23558434773625,4.956667,57.22913330149591,60.0,0.5134826666666666,0.0,0.7999999999999992,0.0,1.0,0.0,0.0
2024-01-13 13:15:00,1.0,20.0,1.5892050846850287,20.341502612235008,15.33246711297275,4.956667,58.32645121836167,60.0,0.2567413333333333,0.0,0.7999999999999992,0.0,1.0,0.0,0.0
2024-01-13 13:30:00,1.0,20.0,1.5892050846850287,20.112301972433144,15.419059577567035,4.956667,59.71816913522745,60.0,0.0,0.0,0.7999999999999992,0.0,1.0,0.0,0.0
2024-01-13 13:45:00,1.0,20.0,1.5892050846850287,19.897881663104148,15.489397620534966,4.956667,60.770916005748255,60.0,0.770224,0.0,0.7999999999999992,0.0,1.0,0.0,0.0
2024-01-13 14:00:00,3.0,19.666666666666668,1.5892050846850287,19.695722838187535,15.557444490169578,6.738333,60.18018346872006,60.0,0.0,0.0,0.7999999999999992,0.0,1.0,0.0,0.0
2024-01-13 14:15:00,1.0,19.666666666666668,1.5892050846850287,19.614323857247847,15.625719153263308,6.738333,59.21798872433403,60.0,1.7971893333333335,0.0,0.7999999999999992,0.0,1.0,0.0,0.0
2024-01-13 14:30:00,1.0,20.0,1.5892050846850287,20.413826834650276,15.709714676658592,6.738333,60.12510616341671,60.0,0.2567413333333333,0.0,0.7999999999999992,0.0,1.0,0.0,0.0
2024-01-13 14:45:00,1.0,20.0,1.5892050846850287,20.227943642270354,15.803685906866889,6.738333,60.64501786910234,60.0,0.770224,0.0,0.7999999999999992,0.0,1.0,0.0,0.0
2024-01-13 15:00:00,1.0,20.0,1.5892050846850287,20.01916972156359,15.88336761391543,7.008333000000001,60.26171810799388,60.0,0.0,0.0,0.7999999999999992,0.0,1.0,0.0,0.0
2024-01-13 15:15:00,1.0,20.0,1.5892050846850287,19.818812465021118,15.95011448004934,7.008333000000001,59.70971810799387,60.0,0.770224,0.0,0.7999999999999992,0.0,1.0,0.0,0.0
2024-01-13 15:30:00,1.0,20.0,1.5892050846850287,19.630963660582893,16.003207912171884,7.008333000000001,58.87978557096569,60.0,1.7971893333333335,0.0,0.7999999999999992,0.0,1.0,0.0,0.0
2024-01-13 15:45:00,1.0,20.0,1.5892050846850287,19.984999489480682,16.04987896004874,7.008333000000001,58.68133244148648,60.0,0.2567413333333333,0.0,0.7999999999999992,0.0,1.0,0.0,0.0
2024-01-13 16:00:00,1.0,20.0,1.5892050846850287,20.3847125254707,16.120337565877183,6.356667,59.87065035835226,60.0,0.2567413333333333,0.0,0.7999999999999992,0.0,1.0,0.0,0.0
2024-01-13 16:15:00,1.0,20.0,1.5892050846850287,20.17341900445422,16.18011449834665,6.356667,60.99176301960407,60.0,0.0,0.0,0.7999999999999992,0.0,1.0,0.0,0.0
2024-01-13 16:30:00,1.0,20.0,1.5892050846850287,19.974828201104675,16.226151553660085,6.356667,61.03476349738716,60.0,0.0,0.0,0.7999999999999992,0.0,1.0,0.0,0.0
2024-01-13 16:45:00,1.0,20.0,1.5892050846850287,19.787709447406378,16.25990457699261,6.356667,61.03476349738716,60.0,0.0,0.0,0.7999999999999992,0.0,1.0,0.0,0.0
2024-01-13 17:00:00,1.0,20.0,1.5892050846850287,19.61046167391962,16.27500738936012,5.243332999999999,61.03476349738716,60.0,0.0,0.0,0.7999999999999992,0.0,1.0,0.0,0.0
2024-01-13 17:15:00,1.0,20.0,1.5892050846850287,20.12169443278321,16.28169142255844,5.243332999999999,61.03476349738716,60.0,0.0,0.0,0.7999999999999992,0.0,1.0,0.0,0.0
2024-01-13 17:30:00,1.0,20.0,1.5892050846850287,20.372419253476302,16.319157772743438,5.243332999999999,60.92436349738716,60.0,3.0808960000000005,0.0,0.7999999999999992,0.0,1.0,0.0,0.0
2024-01-13 17:45:00,1.0,20.0,1.5892050846850287,20.16966389126617,16.34974500834895,5.243332999999999,55.91767185859119,60.0,5.134826666666667,0.0,0.7999999999999992,0.0,1.0,0.0,0.0
2024-01-13 18:00:00,1.0,20.0,1.5892050846850287,19.977436983557492,16.362170168198848,4.28,54.162989775456964,60.0,3.337637333333334,0.0,0.7999999999999992,0.0,1.0,0.0,0.0
2024-01-13 18:15:00,1.0,20.0,1.5892050846850287,19.794232678903406,16.357266083881736,4.28,52.38990769232274,60.0,0.5134826666666666,0.0,0.7999999999999992,0.0,1.0,0.0,0.0
2024-01-13 18:30:00,1.0,20.0,1.5892050846850287,19.619431100305746,16.343970458841365,4.28,52.88002560918851,60.0,1.5404480000000003,0.0,0.7999999999999992,0.0,1.0,0.0,0.0
2024-01-13 18:45:00,1.0,20.0,1.5892050846850287,20.057734367193763,16.330738358087228,4.28,53.16774352605429,60.0,3.337637333333334,0.0,0.7999999999999992,0.0,1.0,0.0,0.0
2024-01-13 19:00:00,1.0,20.0,1.5892050846850287,20.387289032569488,16.349131474044107,4.148333,51.08186144292006,60.0,1.0269653333333333,0.0,0.7999999999999992,0.0,1.0,0.0,0.0
2024-01-13 19:15:00,1.0,20.0,1.5892050846850287,20.184040677040535,16.36256726927873,4.148333,52.14237935978583,60.0,0.0,0.0,0.7999999999999992,0.0,1.0,0.0,0.0
2024-01-13 19:30:00,1.0,20.0,1.5892050846850287,19.990983196820867,16.36552167163863,4.148333,53.4972972766516,60.0,0.5134826666666666,0.0,0.7999999999999992,0.0,1.0,0.0,0.0
2024-01-13 19:45:00,1.0,20.0,1.5892050846850287,19.807154202855493,16.359129029897584,4.148333,54.61301519351738,60.0,0.2567413333333333,0.0,0.7999999999999992,0.0,1.0,0.0,0.0
2024-01-13 20:00:00,1.0,20.0,1.5892050846850287,19.631430775413705,16.34041016469622,3.568333,54.219933110383145,60.0,3.5943786666666666,0.0,0.7999999999999992,0.0,1.0,0.0,0.0
2024-01-13 20:15:00,1.0,20.0,1.5892050846850287,19.993352758651465,16.315826513148767,3.568333,53.90045102724892,60.0,0.0,0.0,0.7999999999999992,0.0,1.0,0.0,0.0
2024-01-13 20:30:00,1.0,20.0,1.5892050846850287,20.39944037002815,16.32434573620456,3.568333,54.96096894411469,60.0,1.0269653333333333,0.0,0.7999999999999992,0.0,1.0,0.0,0.0
2024-01-13 20:45:00,1.0,20.0,1.5892050846850287,20.193857985829347,16.331423767989328,3.568333,56.02148686098046,60.0,0.0,0.0,0.7999999999999992,0.0,1.0,0.0,0.0
2024-01-13 21:00:00,1.0,20.0,1.5892050846850287,19.998122113236114,16.325800139663322,3.205,55.81240477784623,60.0,4.364602666666667,0.0,0.7999999999999992,0.0,1.0,0.0,0.0
2024-01-13 21:15:00,1.0,20.0,1.5892050846850287,19.8111187464334,16.30843109043703,3.205,54.278522694711995,60.0,0.5134826666666666,0.0,0.7999999999999992,0.0,1.0,0.0,0.0
2024-01-13 21:30:00,2.0,19.666666666666668,1.5892050846850287,19.63212330869757,16.283263933724797,3.205,52.836640611577764,60.0,5.134826666666667,0.0,0.7999999999999992,0.0,1.0,0.0,0.0
2024-01-13 21:45:00,1.0,15.666666666666666,1.5892050846850287,19.471344786054303,16.25116283856511,3.205,51.68915852844354,60.0,0.5134826666666666,0.0,0.7999999999999992,0.0,1.0,0.0,0.0
2024-01-13 22:00:00,2.0,15.333333333333334,1.5892050846850287,19.765341622000257,16.216637391441818,2.126667,52.76807644530931,60.0,0.0,0.0,0.7999999999999992,0.0,1.0,0.0,0.0
2024-01-13 22:15:00,2.0,15.0,1.5892050846850287,19.593585163036643,16.179729010893947,2.126667,54.36219436217509,60.0,0.5134826666666666,0.0,0.7999999999999992,0.0,1.0,0.0,0.0
2024-01-13 22:30:00,2.0,15.0,1.5892050846850287,19.417756823516136,16.136472414604,2.126667,55.44111227904086,60.0,1.5404480000000003,0.0,0.7999999999999992,0.0,1.0,0.0,0.0
2024-01-13 22:45:00,1.0,20.0,1.5892050846850287,20.15280550734964,16.102531009150773,2.126667,55.17683019590663,60.0,0.5134826666666666,0.0,0.7999999999999992,0.0,1.0,0.0,0.0
2024-01-13 23:00:00,1.0,20.0,1.5892050846850287,20.326560401576863,16.105736531570546,2.186667,56.4397481127724,60.0,0.2567413333333333,0.0,0.7999999999999992,0.0,1.0,0.0,0.0
2024-01-13 23:15:00,1.0,20.0,1.5892050846850287,20.1128694310952,16.102740867981556,2.186667,57.40826602963818,60.0,0.770224,0.0,0.7999999999999992,0.0,1.0,0.0,0.0
2024-01-13 23:30:00,1.0,20.0,1.5892050846850287,19.909104867792635,16.08978812142615,2.186667,58.579183946503946,60.0,0.0,0.0,0.7999999999999992,0.0,1.0,0.0,0.0
2024-01-13 23:45:00,2.0,19.0,1.5892050846850287,19.714340910701498,16.067967541064917,2.186667,60.19170186336972,60.0,0.0,0.0,0.7999999999999992,0.0,1.0,0.0,0.0
2024-01-14 00:00:00,2.0,15.0,1.5892050846850287,19.527448867271193,16.03366206427556,1.52,61.05171141903147,60.0,0.0,0.0,0.7999999999999992,0.0,1.0,0.0,0.0
2024-01-14 00:15:00,2.0,15.0,1.5892050846850287,19.347362903582855,15.98747063434886,1.52,58.90668246537644,60.0,3.0808960000000005,0.0,0.7999999999999992,0.0,1.0,0.0,0.0
2024-01-14 00:30:00,2.0,15.0,1.5892050846850287,19.17363247424391,15.935598579034236,1.52,59.674732919270404,60.0,0.0,0.0,0.7999999999999992,0.0,1.0,0.0,0.0
2024-01-14 00:45:00,2.0,15.0,1.5892050846850287,19.0056967889162,15.878700192830618,1.52,60.83594725276303,60.0,0.2567413333333333,0.0,0.7999999999999992,0.0,1.0,0.0,0.0
2024-01-14 01:00:00,1.0,20.0,1.5892050846850287,19.910375858622828,15.828326650397772,0.775,60.79624844722074,60.0,0.0,0.0,0.7999999999999992,0.0,1.0,0.0,0.0
2024-01-14 01:15:00,2.0,16.0,1.5892050846850287,20.399898164415642,15.826896781187111,0.775,60.63064844722074,60.0,0.2567413333333333,0.0,0.7999999999999992,0.0,1.0,0.0,0.0
2024-01-14 01:30:00,2.0,15.0,1.5892050846850287,20.16840779400332,15.82406829655071,0.775,59.73875203059389,60.0,1.5404480000000003,0.0,0.7999999999999992,0.0,1.0,0.0,0.0
2024-01-14 01:45:00,2.0,15.0,1.5892050846850287,19.94768983086274,15.810427486515078,0.775,60.620101290030135,60.0,0.0,0.0,0.7999999999999992,0.0,1.0,0.0,0.0
2024-01-14 02:00:00,2.0,15.0,1.5892050846850287,19.736745197951073,15.787248738061642,0.788333,60.5542723363751,60.0,0.5134826666666666,0.0,0.7999999999999992,0.0,1.0,0.0,0.0
2024-01-14 02:15:00,2.0,15.0,1.5892050846850287,19.534677004602774,15.755599009867522,0.788333,60.4254723363751,60.0,0.2567413333333333,0.0,0.7999999999999992,0.0,1.0,0.0,0.0
2024-01-14 02:30:00,2.0,15.0,1.5892050846850287,19.340668959913682,15.716322577524833,0.788333,60.1862723363751,60.0,0.0,0.0,0.7999999999999992,0.0,1.0,0.0,0.0
2024-01-14 02:45:00,2.0,15.0,1.5892050846850287,19.153990418799772,15.670275448908743,0.788333,58.730941232696175,60.0,3.0808960000000005,0.0,0.7999999999999992,0.0,1.0,0.0,0.0
2024-01-14 03:00:00,2.0,15.0,1.5892050846850287,18.97369310905623,15.613711472185937,0.133333,58.26599025324087,60.0,0.770224,0.0,0.7999999999999992,0.0,1.0,0.0,0.0
2024-01-14 03:15:00,2.0,15.0,1.5892050846850287,18.798874094940004,15.547046288029554,0.133333,59.27130817010664,60.0,0.0,0.0,0.7999999999999992,0.0,1.0,0.0,0.0
2024-01-14 03:30:00,2.0,15.0,1.5892050846850287,18.629220213397062,15.476221381640775,0.133333,58.10542608697242,60.0,3.337637333333334,0.0,0.7999999999999992,0.0,1.0,0.0,0.0
2024-01-14 03:45:00,2.0,15.0,1.5892050846850287,18.46429674127545,15.401740134368566,0.133333,58.908344003838195,60.0,0.0,0.0,0.7999999999999992,0.0,1.0,0.0,1.0
2024-01-14 04:00:00,1.0,18.666666666666668,1.5892050846850287,18.899778904535115,15.329151121072517,0.011667,60.35526192070397,60.0,0.2567413333333333,0.0,0.0,0.0,0.0,0.0,0.0
2024-01-14 04:15:00,1.0,20.0,1.5892050846850287,20.4217023849427,15.320059231380034,0.011667,60.84727147636571,60.0,0.2567413333333333,0.0,0.0,0.0,0.0,0.0,0.0
2024-01-14 04:30:00,1.0,20.0,1.5892050846850287,20.269994969652018,15.343111437482516,0.011667,60.82887147636571,60.0,0.2567413333333333,0.0,0.0,0.0,0.0,0.0,0.0
2024-01-14 04:45:00,1.0,20.0,1.5892050846850287,20.021538400032224,15.352996437125604,0.011667,60.55287147636571,60.0,0.2567413333333333,0.0,0.0,0.0,0.0,0.0,0.0
2024-01-14 05:00:00,1.0,20.0,1.5892050846850287,19.785325226922414,15.351818573749398,0.206667,60.0192714763657,60.0,0.2567413333333333,0.0,0.0,0.0,0.0,0.0,0.0
2024-01-14 05:15:00,1.0,20.0,1.5892050846850287,19.593104072310105,15.341043027848437,0.206667,59.61447147636569,60.0,0.5134826666666666,0.0,0.7999999999999999,0.7881250000000001,1.0,1.0,0.0
2024-01-14 05:30:00,1.0,20.0,1.5892050846850287,20.362416607466262,15.343181527466166,0.206667,58.711140372686764,60.0,2.053930666666667,0.0,0.7999999999999999,0.0,1.0,0.0,0.0
2024-01-14 05:45:00,1.0,20.0,1.5892050846850287,20.214774402705523,15.364833086224678,0.206667,58.39338939323146,60.0,0.5134826666666666,0.0,0.7999999999999999,0.0,1.0,0.0,0.0
2024-01-14 06:00:00,1.0,20.0,1.5892050846850287,19.969886104255185,15.3698641050568,-0.335,59.91390731009724,60.0,0.0,0.0,0.7999999999999999,0.0,1.0,0.0,1.0
2024-01-14 06:15:00,1.0,20.0,1.5892050846850287,19.736424094332115,15.35877910793952,-0.335,60.86941997134905,60.0,0.2567413333333333,0.0,0.0,0.0,0.0,0.0,0.0
2024-01-14 06:30:00,1.0,20.0,1.5892050846850287,19.742042875113942,15.338569386059483,-0.335,60.76522044913214,60.0,0.2567413333333333,0.0,0.0,0.0,0.0,0.0,0.0
2024-01-14 06:45:00,1.0,20.0,1.5892050846850287,20.412805906208842,15.343321021768872,-0.335,60.41562044913213,60.0,0.2567413333333333,0.0,0.7999999999999999,0.7920833333333334,1.0,1.0,0.0
2024-01-14 07:00:00,1.0,20.0,1.5892050846850287,20.157486131553252,15.35476127507942,-0.35667,60.26842044913213,60.0,0.0,0.0,0.7999999999999999,0.0,1.0,0.0,0.0
2024-01-14 07:15:00,1.0,20.0,1.5892050846850287,19.91496734528319,15.353213308539248,-0.35667,58.79682331583065,60.0,3.8511200000000003,0.0,0.7999999999999999,0.0,1.0,0.0,0.0
2024-01-14 07:30:00,1.0,20.0,1.5892050846850287,19.683799314144743,15.340250054921794,-0.35667,57.84843956045562,60.0,0.0,0.0,0.7999999999999999,0.0,1.0,0.0,0.0
2024-01-14 07:45:00,1.0,20.0,1.5892050846850287,19.918383315448903,15.321407363369836,-0.35667,59.36895747732139,60.0,0.2567413333333333,0.0,0.7999999999999999,0.0,1.0,0.0,0.0
2024-01-14 08:00:00,1.0,20.0,1.5892050846850287,20.359111845472857,15.332921619609303,-0.27333,58.69987539418717,60.0,3.0808960000000005,0.0,0.7999999999999999,0.0,1.0,0.0,0.0
2024-01-14 08:15:00,1.0,20.0,1.5892050846850287,20.11768662143796,15.343783215022727,-0.27333,59.097993311052946,60.0,0.0,0.0,0.7999999999999999,0.0,1.0,0.0,0.0
2024-01-14 08:30:00,1.0,20.0,1.5892050846850287,19.888131821500185,15.342511110209198,-0.27333,59.16491122791873,60.0,1.5404480000000003,0.0,0.7999999999999999,0.0,1.0,0.0,0.0
2024-01-14 08:45:00,1.0,20.0,1.5892050846850287,19.66932990374851,15.330421941782815,-0.27333,60.51362866700141,60.0,3.0808960000000005,0.0,0.7999999999999999,0.0,1.0,0.0,0.0
2024-01-14 09:00:00,1.0,20.0,1.5892050846850287,19.918900124801553,15.31439702854962,-0.075,58.31674228381941,60.0,1.5404480000000003,0.0,0.7999999999999999,0.0,1.0,0.0,0.0
2024-01-14 09:15:00,1.0,19.733333333333334,1.5892050846850287,20.37216742606488,15.330250852478157,-0.075,57.92366020068518,60.0,3.337637333333334,0.0,0.7999999999999999,0.0,1.0,0.0,0.0
2024-01-14 09:30:00,1.0,20.0,1.5892050846850287,20.136747836476896,15.344946301971214,-0.075,56.07697811755096,60.0,1.7971893333333335,0.0,0.7999999999999999,0.0,1.0,0.0,0.0
2024-01-14 09:45:00,1.0,20.0,1.5892050846850287,19.913092281427478,15.347555128766915,-0.075,56.19909603441673,60.0,0.0,0.0,0.7999999999999999,0.0,1.0,0.0,0.0
2024-01-14 10:00:00,1.0,20.0,1.5892050846850287,19.70161966748492,15.347326529612888,1.075,57.71961395128251,60.0,0.2567413333333333,0.0,0.7999999999999999,0.0,1.0,0.0,0.0
2024-01-14 10:15:00,1.0,20.0,1.5892050846850287,19.730555724403825,15.347252622960232,1.075,59.14813186814828,60.0,0.0,0.0,0.7999999999999999,0.0,1.0,0.0,0.0
2024-01-14 10:30:00,1.0,20.0,1.5892050846850287,20.42446463657154,15.371996924705716,1.075,57.19104978501405,60.0,3.8511200000000003,0.0,0.7999999999999999,0.0,1.0,0.0,0.0
2024-01-14 10:45:00,1.0,20.0,1.5892050846850287,20.191896533032914,15.403433444135791,1.075,58.23316770187983,60.0,0.0,0.0,0.7999999999999999,0.0,1.0,0.0,0.0
2024-01-14 11:00:00,1.0,20.0,1.5892050846850287,19.972993419370923,15.436311784771672,3.168333,59.845685618745605,60.0,0.0,0.0,0.7999999999999999,0.0,1.0,0.0,0.0
2024-01-14 11:15:00,1.0,20.0,1.5892050846850287,19.76759780655563,15.472923943453013,3.168333,60.98519827999743,60.0,0.0,0.0,0.7999999999999999,0.0,1.0,0.0,0.0
2024-01-14 11:30:00,1.0,20.0,1.5892050846850287,19.584505994858382,15.497514121449749,3.168333,58.16480496896064,60.0,3.8511200000000003,0.0,0.7999999999999999,0.0,1.0,0.0,1.0
2024-01-14 11:45:00,1.0,20.0,1.5892050846850287,20.355209620983068,15.531228955517891,3.168333,59.03822264693487,60.0,0.0,0.0,0.0,0.0,0.0,0.0,0.0
2024-01-14 12:00:00,1.0,20.0,1.5892050846850287,20.294148555168455,15.595190438252484,4.396667,60.60774008601756,60.0,0.0,0.0,0.0,0.0,0.0,0.0,0.0
2024-01-14 12:15:00,1.0,20.0,1.5892050846850287,20.081874966772705,15.655119873035927,4.396667,61.08074534163152,60.0,0.0,0.0,0.0,0.0,0.0,0.0,0.0
2024-01-14 12:30:00,1.0,20.0,1.5892050846850287,19.882357273863935,15.701253444327657,4.396667,59.40461423795259,60.0,4.6213440000000015,0.0,0.0,0.0,0.0,0.0,0.0
2024-01-14 12:45:00,1.0,20.0,1.5892050846850287,19.694359727015673,15.73505299677293,4.396667,57.449263258497304,60.0,0.5134826666666666,0.0,0.0,0.0,0.0,0.0,0.0
2024-01-14 13:00:00,1.0,20.0,1.5892050846850287,19.680544756705704,15.774995769627777,6.783333,58.546581175363066,60.0,0.5134826666666666,0.0,0.0,0.0,0.0,0.0,0.0
2024-01-14 13:15:00,1.0,20.0,1.5892050846850287,20.456017072216607,15.854232524981846,6.783333,57.36229909222884,60.0,5.134826666666667,0.0,0.0,0.0,0.0,0.0,0.0
2024-01-14 13:30:00,1.0,20.0,1.5892050846850287,20.259468327247134,15.941081473376219,6.783333,55.93881700909461,60.0,0.0,0.0,0.0,0.0,0.0,0.0,0.0
2024-01-14 13:45:00,1.0,20.0,1.5892050846850287,20.065711512351413,16.012723215880303,6.783333,57.55133492596039,60.0,0.0,0.0,0.0,0.0,0.0,0.0,0.0
2024-01-14 14:00:00,1.0,20.0,1.5892050846850287,19.883033425526985,16.076921833251127,7.686667,58.88785284282616,60.0,0.5134826666666666,0.0,0.0,0.0,0.0,0.0,0.0
2024-01-14 14:15:00,1.0,20.0,1.5892050846850287,19.710515339161564,16.135374349503852,7.686667,60.224370759691936,60.0,0.2567413333333333,0.0,0.7802083333333333,0.77625,1.0,1.0,0.0
2024-01-14 14:30:00,1.0,20.0,1.5892050846850287,19.581612001751747,16.18204623787288,7.686667,60.19928867655771,60.0,1.7971893333333335,0.0,0.0,0.0,1.0,0.0,0.0
2024-01-14 14:45:00,1.0,20.0,1.5892050846850287,20.413904373599777,16.241071576638728,7.686667,60.91890301005033,60.0,0.0,0.0,0.0,0.0,1.0,0.0,0.0
2024-01-14 15:00:00,1.0,20.0,1.5892050846850287,20.323921320977995,16.318503367667276,7.615,61.02640420450805,60.0,0.0,0.0,0.0,0.0,1.0,0.0,0.0
2024-01-14 15:15:00,1.0,20.0,1.5892050846850287,20.131183547415638,16.38159724071543,7.615,60.47440420450804,60.0,0.770224,0.0,0.0,0.0,1.0,0.0,0.0
2024-01-14 15:30:00,1.0,20.0,1.5892050846850287,19.950427232434716,16.431626104024847,7.615,59.70160420450803,60.0,0.5134826666666666,0.0,0.0,0.0,1.0,0.0,0.0
2024-01-14 15:45:00,1.0,20.0,1.5892050846850287,19.78048673945712,16.46996967534051,7.615,59.64640420450803,60.0,0.0,0.0,0.0,0.0,1.0,0.0,0.0
2024-01-14 16:00:00,3.0,19.866666666666667,1.5892050846850287,19.617450853627837,16.49155961235106,6.705,59.572804204508024,60.0,0.2567413333333333,0.0,0.0,0.0,1.0,0.0,0.0
2024-01-14 16:15:00,1.0,19.966666666666665,1.5892050846850287,19.990346167406035,16.50275278068685,6.705,59.37040420450803,60.0,0.0,0.0,0.0,0.0,1.0,0.0,0.0
2024-01-14 16:30:00,1.0,20.0,1.5892050846850287,20.40853698793209,16.545348846747547,6.705,59.2582731008291,60.0,0.5134826666666666,0.0,0.0,0.0,1.0,0.0,0.0
2024-01-14 16:45:00,1.0,20.0,1.5892050846850287,20.21605623259167,16.58496290097239,6.705,60.42375537507662,60.0,0.0,0.0,0.0,0.0,1.0,0.0,0.0
2024-01-14 17:00:00,1.0,20.0,1.5892050846850287,20.03389905098817,16.604228648243943,5.435,61.075929288120115,60.0,0.0,0.0,0.0,0.0,1.0,0.0,0.0
2024-01-14 17:15:00,1.0,20.0,1.5892050846850287,19.860413210070774,16.603852042487457,5.435,61.075929288120115,60.0,0.0,0.0,0.0,0.0,1.0,0.0,0.0
2024-01-14 17:30:00,1.0,20.0,1.5892050846850287,19.695080766404306,16.59526414984006,5.435,58.654135499300246,60.0,3.0808960000000005,0.0,0.0,0.0,1.0,0.0,0.0
2024-01-14 17:45:00,1.0,20.0,1.5892050846850287,19.602666495720396,16.579507513299465,5.435,59.91395317727448,60.0,0.0,0.0,0.0,0.0,1.0,0.0,0.0
2024-01-14 18:00:00,1.0,20.0,1.5892050846850287,20.442822186359955,16.573522559879624,4.025,60.70386583852629,60.0,0.5134826666666666,0.0,0.0,0.0,1.0,0.0,0.0
2024-01-14 18:15:00,1.0,20.0,1.5892050846850287,20.310060975525683,16.576651338848823,4.025,58.76936989968253,60.0,3.0808960000000005,0.0,0.0,0.0,1.0,0.0,0.0
2024-01-14 18:30:00,1.0,20.0,1.5892050846850287,20.12078984526314,16.57049645413039,4.025,58.76558662209059,60.0,0.770224,0.0,0.0,0.0,1.0,0.0,0.0
2024-01-14 18:45:00,1.0,20.0,1.5892050846850287,19.94014960235322,16.55573970433051,4.025,59.84450453895636,60.0,0.0,0.0,0.0,0.0,1.0,0.0,0.0
2024-01-14 19:00:00,1.0,20.0,1.5892050846850287,19.76690550099834,16.526627869422597,3.053333,60.98401720020817,60.0,0.0,0.0,0.0,0.0,1.0,0.0,0.0
2024-01-14 19:15:00,1.0,20.0,1.5892050846850287,19.5998729315676,16.48360191320329,3.053333,60.824617677991256,60.0,0.2567413333333333,0.0,0.0,0.0,1.0,0.0,0.0
2024-01-14 19:30:00,1.0,20.0,1.5892050846850287,20.11886081868086,16.44484161744037,3.053333,60.75101767799126,60.0,0.0,0.0,0.0,0.0,1.0,0.0,0.0
2024-01-14 19:45:00,1.0,20.0,1.5892050846850287,20.374883862513574,16.440052686939346,3.053333,60.75101767799126,60.0,0.0,0.0,0.0,0.0,1.0,0.0,0.0
2024-01-14 20:00:00,1.0,20.0,1.5892050846850287,20.17491788758924,16.426388680498984,2.3466670000000005,60.75101767799126,60.0,0.0,0.0,0.0,0.0,1.0,0.0,0.0
2024-01-14 20:15:00,1.0,20.0,1.5892050846850287,19.98329877821267,16.398628181923858,2.3466670000000005,60.75101767799126,60.0,0.0,0.0,0.0,0.0,1.0,0.0,0.0
2024-01-14 20:30:00,1.0,20.0,1.5892050846850287,19.79942670179913,16.363495531716588,2.3466670000000005,60.75101767799126,60.0,0.0,0.0,0.0,0.0,1.0,0.0,0.0
2024-01-14 20:45:00,1.0,20.0,1.5892050846850287,19.62259747644574,16.32181607415238,2.3466670000000005,60.54861767799125,60.0,0.2567413333333333,0.0,0.0,0.0,1.0,0.0,0.0
2024-01-14 21:00:00,1.0,20.0,1.5892050846850287,20.057504220483487,16.2794191104946,1.991667,60.346217677991255,60.0,0.2567413333333333,0.0,0.0,0.0,1.0,0.0,0.0
2024-01-14 21:15:00,1.0,20.0,1.5892050846850287,20.382316455431987,16.26846459049262,1.991667,60.19901767799125,60.0,0.0,0.0,0.0,0.0,1.0,0.0,0.0
2024-01-14 21:30:00,1.0,20.0,1.5892050846850287,20.17328061940092,16.255165423917596,1.991667,59.996617677991246,60.0,0.2567413333333333,0.0,0.0,0.0,1.0,0.0,0.0
2024-01-14 21:45:00,1.0,20.0,1.5892050846850287,19.973477708178393,16.23276972166678,1.991667,59.44461767799124,60.0,1.0269653333333333,0.0,0.0,0.0,1.0,0.0,0.0
2024-01-14 22:00:00,2.0,19.333333333333332,1.5892050846850287,19.781503943442456,16.193757133126397,0.755,59.67902723365298,60.0,0.0,0.0,0.0,0.0,1.0,0.0,0.0
2024-01-14 22:15:00,2.0,15.0,1.5892050846850287,19.59600234094903,16.138511069800415,0.755,60.9690415671456,60.0,0.0,0.0,0.0,0.0,1.0,0.0,0.0
2024-01-14 22:30:00,2.0,15.0,1.5892050846850287,19.416694579141335,16.07788938665607,0.755,61.076542761603314,60.0,0.0,0.0,0.0,0.0,1.0,0.0,0.0
2024-01-14 22:45:00,2.0,15.0,1.5892050846850287,19.24304152147355,16.01251977011885,0.755,61.076542761603314,60.0,0.0,0.0,0.0,0.0,1.0,0.0,0.0
2024-01-14 23:00:00,2.0,15.0,1.5892050846850287,19.073859752586543,15.932144714748153,-0.815,60.984542761603315,60.0,0.5134826666666666,0.0,0.0,0.0,1.0,0.0,0.0
2024-01-14 23:15:00,2.0,15.0,1.5892050846850287,18.90796438101745,15.836613368132499,-0.815,60.28534276160331,60.0,2.053930666666667,0.0,0.0,0.0,1.0,0.0,0.0
2024-01-14 23:30:00,2.0,15.0,1.5892050846850287,18.745485243516658,15.739137727118,-0.815,57.46825112280734,60.0,2.053930666666667,0.0,0.0,0.0,1.0,0.0,0.0
2024-01-14 23:45:00,2.0,15.0,1.5892050846850287,18.586171954634498,15.640000637919147,-0.815,58.30796903967311,60.0,0.5134826666666666,0.0,0.0,0.0,1.0,0.0,0.0
