,Occupancy,T_set_HP,P_loss_HP,T_ref_HP,T_wall_HP,T_out_HP,T_ref_WB,T_set_WB,P_use_WB,P_loss_WB
2024-01-01 00:00:00,2.0,15.0,0.331461200682093,14.98465752915289,13.508157517293167,12.0,59.961896580941634,60.0,0.0,0.07592379316188327
2024-01-01 00:15:00,2.0,15.0,0.3443073086222112,14.952452779642824,13.524858823052744,12.0,59.66891892522189,60.0,0.2567413333333333,0.07533783785044378
2024-01-01 00:30:00,2.0,15.0,0.333588036949591,14.921256881113656,13.540393658335427,12.0,59.38579292079012,60.0,0.2567413333333333,0.07477158584158025
2024-01-01 00:45:00,2.0,15.0,0.32334119958831203,14.89102532802468,13.55481780467095,12.0,58.76430666255252,60.0,1.5404480000000003,0.07352861332510505
2024-01-01 01:00:00,2.0,15.0,0.3135450368924964,14.8617156648975,13.568184453494345,12.0,60.68512853682837,60.0,0.0,0.07737025707365673
2024-01-01 01:15:00,2.0,15.0,0.3041787959137048,14.833287391470154,13.580544326070589,12.0,61.00268602688951,60.0,0.0,0.07800537205377904
2024-01-01 01:30:00,2.0,15.0,0.29522268380619215,14.805701872241183,13.59194578786814,12.0,60.918913405117785,60.0,0.0,0.07783782681023557
2024-01-01 01:45:00,2.0,15.0,0.28665782338887863,14.778922250200408,13.602434957638293,12.0,60.835320715880805,60.0,0.0,0.0776706414317616
2024-01-01 02:00:00,2.0,15.0,0.28720213797059396,14.75252241096488,13.607740390285976,11.0,60.751907572707225,60.0,0.0,0.07750381514541445
2024-01-01 02:15:00,2.0,15.0,0.28174000939399435,14.726304220541206,13.607455253018518,11.0,60.6686735899558,60.0,0.0,0.07733734717991161
2024-01-01 02:30:00,2.0,15.0,0.2759620108608889,14.700628921809296,13.606635684585703,11.0,60.585618382813614,60.0,0.0,0.07717123676562722
2024-01-01 02:45:00,2.0,15.0,0.2704184290222342,14.675474435948713,13.605308912636605,11.0,60.502741567294215,60.0,0.0,0.07700548313458842
2024-01-01 03:00:00,2.0,15.0,0.2650985636457434,14.65081969223039,13.603500893209015,11.0,60.42004276023595,60.0,0.0,0.0768400855204719
2024-01-01 03:15:00,2.0,15.0,0.259992209097416,14.626644581418237,13.60123636963999,11.0,60.33752157930016,60.0,0.0,0.07667504315860031
2024-01-01 03:30:00,2.0,15.0,0.2550896314511805,14.602929911327298,13.598538928749377,11.0,60.25517764296935,60.0,0.12837066666666666,0.0765103552859387
2024-01-01 03:45:00,2.0,15.0,0.2503815466580607,14.579657364438765,13.595431054422525,11.0,59.37327089450537,60.0,0.7702240000000001,0.07474654178901073
2024-01-01 04:00:00,2.0,15.0,0.24585909972579983,14.556809457476529,13.591934178712595,11.0,59.12770634643927,60.0,0.0,0.07425541269287854
2024-01-01 04:15:00,1.0,15.666666666666666,0.24151384486218982,14.540512539626395,13.588068730577275,11.0,59.04796093354982,60.0,0.0,0.07409592186709962
2024-01-01 04:30:00,1.0,20.0,0.40582293913901063,15.335747482747543,13.589691539118514,11.0,60.033613428679764,60.0,0.8985946666666668,0.07606722685735952
2024-01-01 04:45:00,2.0,17.333333333333332,0.6790741338453146,16.49403222930251,13.615021431475087,11.0,59.95003506753151,60.0,0.12837066666666666,0.07590007013506302
2024-01-01 05:00:00,2.0,15.0,0.7153735882549871,16.600243080018004,13.649131717798323,10.0,59.85015897355514,60.0,0.0,0.07570031794711028
2024-01-01 05:15:00,2.0,15.0,0.6946992264463417,16.53532373643927,13.676672932858462,10.0,59.76886182777638,60.0,0.0,0.07553772365555275
2024-01-01 05:30:00,2.0,18.0,0.7379248006334369,16.80260549707881,13.70346971776917,10.0,59.687739297536645,60.0,0.0,0.07537547859507329
2024-01-01 05:45:00,2.0,15.0,0.8407002020036851,17.225403048033424,13.740241608591242,10.0,59.597591007784835,60.0,0.12837066666666666,0.07519518201556968
2024-01-01 06:00:00,2.0,15.0,0.814564162069693,17.149229714315357,13.778004346505778,10.0,59.231859089383434,60.0,0.2567413333333333,0.07446371817876686
2024-01-01 06:15:00,2.0,15.0,0.7895797725917405,17.07540768821045,13.81306011229237,10.0,58.897722558041515,60.0,0.7702240000000001,0.07379544511608302
2024-01-01 06:30:00,2.0,15.0,0.7656939914103486,17.003833476178702,13.845538564958039,10.0,60.30213092778796,60.0,0.2567413333333333,0.07660426185557591
2024-01-01 06:45:00,2.0,15.0,0.7428562303253745,16.93440835079205,13.875563342152088,10.0,60.87947992967262,60.0,0.7702240000000001,0.07775895985934526
2024-01-01 07:00:00,2.0,15.0,0.7207543701802345,16.867050324706828,13.903252413391847,10.0,59.987253597678624,60.0,0.8985946666666668,0.07597450719535724
2024-01-01 07:15:00,2.0,15.0,0.6998569610389793,16.801670941885085,13.928718555013406,10.0,59.56409117551868,60.0,0.7702240000000001,0.07512818235103738
2024-01-01 07:30:00,1.0,19.666666666666668,0.7897068273713282,17.294030479939114,13.955201830500453,10.0,60.79142504144913,60.0,1.155336,0.07758285008289827
2024-01-01 07:45:00,3.0,19.533333333333335,1.075887395352597,18.583321892517986,14.00131917085276,10.0,59.02481476899227,60.0,2.439042666666667,0.07404962953798454
2024-01-01 08:00:00,1.0,19.866666666666667,1.3336797047289513,19.853548750283647,14.072882267445562,10.0,60.66291798933473,60.0,0.7702240000000001,0.07732583597866947
2024-01-01 08:15:00,3.0,19.933333333333334,1.4720864687052437,20.45865135626288,14.16471220150643,10.0,61.13864914483868,60.0,0.0,0.07827729828967735
2024-01-01 08:30:00,3.0,19.5,1.4219833560094588,20.325424158977956,14.25675786311278,10.0,61.05458449223484,60.0,0.0,0.07810916898446967
2024-01-01 08:45:00,3.0,19.5,1.372763238671397,20.196830845794867,14.343291414371864,10.0,60.96150039940942,60.0,0.2567413333333333,0.07792300079881884
2024-01-01 09:00:00,1.0,19.566666666666666,1.2962327810241872,20.07402780862279,14.424582010251896,10.0,60.51012595144166,60.0,0.2567413333333333,0.07702025190288332
2024-01-01 09:15:00,1.0,20.0,1.2498427883609113,19.956972621059215,14.50091841308403,10.0,60.252855073486714,60.0,0.0,0.07650571014697344
2024-01-01 09:30:00,1.0,20.0,1.2075608674316574,19.84389784578868,14.572547477730325,10.0,60.06952595099872,60.0,0.2567413333333333,0.07613905190199745
2024-01-01 09:45:00,1.0,20.0,1.1671652433812725,19.734625779862256,14.639692431424477,10.0,59.441562878367414,60.0,1.5404480000000003,0.07488312575673482
2024-01-01 10:00:00,3.0,19.733333333333334,1.0538357360608852,19.632427847309632,14.706900180343357,11.0,61.07115285817689,60.0,0.0,0.07814230571635378
2024-01-01 10:15:00,1.0,19.666666666666668,1.0112866771770888,19.537654717143447,14.774911999322603,11.0,60.74416066953437,60.0,0.385112,0.07748832133906873
2024-01-01 10:30:00,1.0,20.0,1.1190323614107351,20.14172086307511,14.843703560589232,11.0,60.11876368058247,60.0,1.5404480000000003,0.07623752736116493
2024-01-01 10:45:00,1.0,20.0,1.187027547482886,20.438411612208988,14.92417924237172,11.0,61.02080992876509,60.0,0.385112,0.07804161985753018
2024-01-01 11:00:00,3.0,19.933333333333334,1.0845388963745348,20.33389511465432,15.006713514438504,12.0,60.42234003229642,60.0,0.2567413333333333,0.07684468006459283
2024-01-01 11:15:00,1.0,19.666666666666668,1.0390995865735704,20.236390897799062,15.08953531950737,12.0,59.66876615834637,60.0,0.7702240000000001,0.07533753231669274
2024-01-01 11:30:00,1.0,20.0,0.9997939234359208,20.14258806858136,15.167860695278916,12.0,59.36745389607435,60.0,0.0,0.0747349077921487
2024-01-01 11:45:00,1.0,20.0,0.9622676212909841,20.0523189927222,15.241900782335732,12.0,59.24662787255472,60.0,0.2567413333333333,0.07449325574510943
2024-01-01 12:00:00,1.0,20.0,0.9469864045234934,19.964474183763983,15.311851138941545,12.0,60.14740986882392,60.0,1.5404480000000003,0.07629481973764785
2024-01-01 12:15:00,1.0,20.0,0.9138021816788356,19.87879285804202,15.377875914770685,12.0,59.3430623668926,60.0,0.0,0.0746861247337852
2024-01-01 12:30:00,1.0,20.0,0.8806972588267971,19.79622863555343,15.440151501450275,12.0,58.80886606730797,60.0,1.7971893333333335,0.07361773213461593
2024-01-01 12:45:00,1.0,20.0,0.8490828593701358,19.716641095216332,15.49885458961523,12.0,60.16949037352245,60.0,0.2567413333333333,0.07633898074704491
2024-01-01 13:00:00,1.0,20.0,0.824733787355324,19.63962624341444,15.554152028897906,12.0,60.97697401968738,60.0,0.0,0.07795394803937476
2024-01-01 13:15:00,3.0,19.833333333333332,0.7961890231559248,19.56502553076607,15.606196577544214,12.0,60.70018843819125,60.0,0.2567413333333333,0.0774003768763825
2024-01-01 13:30:00,1.0,19.566666666666666,0.7685212201504077,19.49917270144833,15.655139555011669,12.0,60.534410478185734,60.0,0.0,0.07706882095637148
2024-01-01 13:45:00,1.0,20.0,0.9020593050620788,20.185604728432917,15.706878293691375,12.0,60.322963581713076,60.0,0.12837066666666666,0.07664592716342614
2024-01-01 14:00:00,3.0,19.733333333333334,1.0326987455108487,20.432006096416274,15.770803323455265,12.0,60.23146935838774,60.0,0.0,0.0764629387167755
2024-01-01 14:15:00,3.0,19.5,1.002198079400179,20.338137623693243,15.832708195002045,12.0,60.149353208230046,60.0,0.0,0.0762987064164601
2024-01-01 14:30:00,3.0,19.5,0.9681450650650691,20.247474937071217,15.890817553301783,12.0,59.44104268315496,60.0,1.7971893333333335,0.07488208536630993
2024-01-01 14:45:00,1.0,19.666666666666668,0.9356121628125178,20.15987483068863,15.945311311093851,12.0,60.944720285855134,60.0,0.2567413333333333,0.07788944057171025
2024-01-01 15:00:00,1.0,20.0,0.9721837337809568,20.072074140395134,15.996341952273253,12.0,60.919362925709,60.0,0.0,0.077838725851418
2024-01-01 15:15:00,1.0,20.0,0.9458624152172945,19.983586063146404,16.043981318234096,12.0,60.615016738952434,60.0,0.7702240000000001,0.07723003347790486
2024-01-01 15:30:00,1.0,20.0,0.9160377278559905,19.897905069544343,16.088363274209904,12.0,59.92565956509976,60.0,0.0,0.07585131913019952
2024-01-01 15:45:00,1.0,20.0,0.8875300655870139,19.81490708906581,16.129643381512945,12.0,59.770637166509474,60.0,0.12837066666666666,0.07554127433301895
2024-01-01 16:00:00,1.0,20.0,0.871702379164171,19.733958605416763,16.163653800003207,11.0,59.52915369083913,60.0,0.7702240000000001,0.07505830738167825
2024-01-01 16:15:00,1.0,20.0,0.8481571784147605,19.654767962386465,16.190083570055695,11.0,60.399337412628675,60.0,0.12837066666666666,0.07679867482525735
2024-01-01 16:30:00,1.0,20.0,0.8249081143282356,19.57776446185208,16.214082849130527,11.0,60.85975135304105,60.0,0.0,0.07771950270608212
2024-01-01 16:45:00,1.0,20.0,0.8239184497461823,19.6315524007656,16.23607268014605,11.0,60.70272264857744,60.0,0.12837066666666666,0.07740544529715487
2024-01-01 17:00:00,1.0,19.8,1.0027416417602733,20.43161487958567,16.267080218610648,11.0,60.555295771631705,60.0,0.0,0.07711059154326341
2024-01-01 17:15:00,1.0,20.0,1.0022037902377254,20.43041267555232,16.30648204783868,11.0,60.37131704644208,60.0,0.385112,0.07674263409288416
2024-01-01 17:30:00,1.0,20.0,0.9729131155473054,20.33951352564065,16.343062900994262,11.0,59.84780261849505,60.0,0.12837066666666666,0.07569560523699011
2024-01-01 17:45:00,1.0,20.0,0.944900459807701,20.25125011353082,16.37666717112256,11.0,59.62864890943042,60.0,0.12837066666666666,0.07525729781886083
2024-01-01 18:00:00,1.0,20.0,0.9181070210062091,20.165507586535607,16.40743847159497,11.0,59.53864598238126,60.0,0.0,0.07507729196476252
2024-01-01 18:15:00,1.0,20.0,0.8924767172892525,20.082176375645982,16.4355137418125,11.0,59.45801792539214,60.0,0.0,0.0749160358507843
2024-01-01 18:30:00,1.0,20.0,0.8679560610617585,20.001151951113442,16.461023556244417,11.0,59.37756304682765,60.0,0.0,0.07475512609365532
2024-01-01 18:45:00,1.0,20.0,0.8444940389140629,19.922334589345034,16.48409241916177,11.0,59.02931750014979,60.0,1.5404480000000003,0.07405863500029959
2024-01-01 19:00:00,1.0,20.0,0.8220419971065912,19.845629150587417,16.50483904572818,11.0,60.85692814388296,60.0,0.0,0.07771385628776592
2024-01-01 19:15:00,3.0,19.533333333333335,0.8005535323550923,19.77094486690065,16.52337663007912,11.0,60.91653666408036,60.0,0.0,0.07783307332816072
2024-01-01 19:30:00,3.0,19.5,0.7799843876710443,19.69819513994529,16.53981310099217,11.0,60.704269010995766,60.0,0.12837066666666666,0.07740853802199155
2024-01-01 19:45:00,1.0,19.666666666666668,0.760292353023272,19.62729734812872,16.554251365722457,11.0,60.44636370602331,60.0,1.5404480000000003,0.07689272741204661
2024-01-01 20:00:00,1.0,20.0,0.7414371705975995,19.558172662677407,16.566789542551195,11.0,60.37894641508271,60.0,0.0,0.07675789283016542
2024-01-01 20:15:00,1.0,20.0,0.7742535569089638,19.766139118560957,16.5785575347873,11.0,60.94047368842391,60.0,0.0,0.07788094737684781
2024-01-01 20:30:00,1.0,20.0,0.9468824613766597,20.495995318711685,16.60264435257467,11.0,60.820042601875926,60.0,0.12837066666666666,0.07764008520375185
2024-01-01 20:45:00,1.0,20.0,0.9287287158024831,20.427741020635985,16.63207372118016,11.0,60.1574655717664,60.0,1.4120773333333332,0.07631493114353281
2024-01-01 21:00:00,1.0,20.0,0.9118946304860042,20.34303710973102,16.65454542548707,10.0,59.39667523232078,60.0,0.2567413333333333,0.07479335046464157
2024-01-01 21:15:00,1.0,20.0,0.8898023720057868,20.26007914759583,16.66970568443475,10.0,60.91807088972641,60.0,0.2567413333333333,0.07783614177945282
2024-01-01 21:30:00,2.0,19.333333333333332,0.8681081336418244,20.179161129382205,16.682694503417512,10.0,60.684451985206216,60.0,0.0,0.07736890397041243
2024-01-01 21:45:00,2.0,15.0,0.8473294123051132,20.10019681777402,16.693619075638455,10.0,60.60136288815353,60.0,0.0,0.07720272577630706
2024-01-01 22:00:00,2.0,15.0,0.8274242346058238,20.02310392989441,16.702581602255687,10.0,60.17826710779271,60.0,0.770224,0.07635653421558541
2024-01-01 22:15:00,2.0,15.0,0.8083525681420803,19.947803954436086,16.709679523587234,10.0,59.48060056144254,60.0,0.12837066666666666,0.07496120112288508
2024-01-01 22:30:00,2.0,15.0,0.7900762316658353,19.87422197725526,16.715005739613478,10.0,59.38171562270453,60.0,0.2567413333333333,0.07476343124540907
2024-01-01 22:45:00,2.0,15.0,0.7725588094068563,19.802286515037622,16.71864882027269,10.0,59.034901382564314,60.0,0.0,0.07406980276512863
2024-01-01 23:00:00,2.0,15.0,0.7557655693623604,19.73192935666258,16.720693206021913,10.0,60.45926313159525,60.0,0.0,0.0769185262631905
2024-01-01 23:15:00,2.0,15.0,0.7396633853687369,19.663085411909545,16.72121939911387,10.0,60.93783899148516,60.0,0.2567413333333333,0.07787567798297032
2024-01-01 23:30:00,2.0,15.0,0.724220662780301,19.59569256716641,16.72030414601965,10.0,60.661261307480444,60.0,0.0,0.07732252261496089
2024-01-01 23:45:00,2.0,15.0,0.7094072675881103,19.52969154781606,16.718020611406992,10.0,60.41270901234024,60.0,0.8985946666666668,0.07682541802468049
2024-01-02 00:00:00,2.0,15.0,0.6951944588196189,19.465025786991834,16.714438544065,10.0,59.997816961876566,60.0,1.0269653333333335,0.07599563392375314
2024-01-02 00:15:00,2.0,15.0,0.6815548240673075,19.4016413004072,16.70962443514815,10.0,61.13840634791398,60.0,0.0,0.07827681269582797
2024-01-02 00:30:00,2.0,15.0,0.6684622180014811,19.339486566978398,16.703641669094942,10.0,60.95317517816901,60.0,0.2567413333333333,0.07790635035633803
2024-01-02 00:45:00,2.0,15.0,0.655891703729059,19.278512414972017,16.696550667560533,10.0,60.69495268895142,60.0,0.0,0.07738990537790284
2024-01-02 01:00:00,2.0,15.0,0.6350835696602938,19.219062867009413,16.692724447845873,11.0,60.11532577769575,60.0,1.5404480000000003,0.07623065155539151
2024-01-02 01:15:00,2.0,15.0,0.6211135777071328,19.161257720278183,16.692666676879174,11.0,59.59843677420058,60.0,0.8985946666666668,0.07519687354840117
2024-01-02 01:30:00,2.0,15.0,0.6082531410399123,19.104660976446734,16.69141353145319,11.0,61.02405034436332,60.0,0.2567413333333333,0.07804810068872664
2024-01-02 01:45:00,2.0,15.0,0.5959157167182009,19.04922337467078,16.689025790186093,11.0,60.57255472945819,60.0,0.2567413333333333,0.07714510945891638
2024-01-02 02:00:00,2.0,15.0,0.5928133518976858,18.99450695030943,16.681245972500893,10.0,60.333535261957834,60.0,0.0,0.07666707052391565
2024-01-02 02:15:00,2.0,15.0,0.5838248232447,18.940302247157586,16.667680547036053,10.0,59.99382262204136,60.0,0.5134826666666666,0.07598764524408272
2024-01-02 02:30:00,2.0,15.0,0.5746353572234473,18.88695968958117,16.65339832165391,10.0,59.61814767367433,60.0,0.0,0.07523629534734866
2024-01-02 02:45:00,2.0,15.0,0.5657901402282385,18.834446860721446,16.63843859014124,10.0,59.35345563218267,60.0,0.385112,0.07470691126436534
2024-01-02 03:00:00,2.0,15.0,0.5572736068468036,18.782732810139183,16.622838799683898,10.0,59.5136011561112,60.0,0.2567413333333333,0.0750272023122224
2024-01-02 03:15:00,2.0,15.0,0.5490709104653786,18.731787986093483,16.60663463646682,10.0,61.02638623757973,60.0,0.12837066666666666,0.07805277247515946
2024-01-02 03:30:00,2.0,15.0,0.5411678900053134,18.681584170954398,16.5898601073114,10.0,60.828205842973325,60.0,0.0,0.07765641168594664
2024-01-02 03:45:00,2.0,15.0,0.5335510381993359,18.632094419604506,16.572547617533395,10.0,60.413804394072706,60.0,0.5134826666666666,0.07682760878814542
2024-01-02 04:00:00,2.0,15.0,0.5262074713361469,18.583293000690883,16.554728045196587,10.0,60.1108537021569,60.0,0.0,0.07622170740431382
2024-01-02 04:15:00,1.0,15.666666666666666,0.519124900405433,18.541298377367596,16.53643081192881,10.0,59.37717326276499,60.0,1.668818666666667,0.07475434652552998
2024-01-02 04:30:00,1.0,18.0,0.6510458595400958,19.145709488493935,16.523036840699227,10.0,60.948917120037535,60.0,0.0,0.07789783424007508
2024-01-02 04:45:00,2.0,16.333333333333332,0.7933113739331179,19.735260555808114,16.524484327625238,10.0,60.776355417617516,60.0,0.8985946666666668,0.07755271083523502
2024-01-02 05:00:00,1.0,15.666666666666666,0.7958385173544547,19.72272498083354,16.532054300221144,10.0,59.994762399081125,60.0,0.12837066666666666,0.07598952479816226
2024-01-02 05:15:00,2.0,15.333333333333334,0.7776827475020575,19.650290165287426,16.538032039688616,10.0,59.81208512847256,60.0,0.0,0.07562417025694514
2024-01-02 05:30:00,2.0,15.0,0.7602823970949778,19.579490927966233,16.54233091369737,10.0,59.6480908565429,60.0,0.2567413333333333,0.07529618171308579
2024-01-02 05:45:00,2.0,15.0,0.7436028864068636,19.510259372238707,16.545035008500232,10.0,59.37428338130316,60.0,0.0,0.07474856676260631
2024-01-02 06:00:00,1.0,16.666666666666668,0.7361294458910658,19.50387382309918,16.546311225634586,10.0,59.29400835348757,60.0,0.0,0.07458801670697515
2024-01-02 06:15:00,1.0,20.0,0.9219314870132409,20.343534148596675,16.555346942717183,10.0,59.25605308971465,60.0,0.2567413333333333,0.0745121061794293
2024-01-02 06:30:00,2.0,15.333333333333334,0.9606909016265511,20.476111376798883,16.577065082899825,10.0,60.65348165883502,60.0,0.2567413333333333,0.07730696331767002
2024-01-02 06:45:00,2.0,15.0,0.9358945899619331,20.3888148625724,16.597298638544984,10.0,60.64728360035984,60.0,0.0,0.07729456720071969
2024-01-02 07:00:00,2.0,15.0,0.9034206390232125,20.304141782724237,16.619434585571316,11.0,60.564274336092105,60.0,0.0,0.0771285486721842
2024-01-02 07:15:00,1.0,16.666666666666668,0.8783189178160993,20.2221616165962,16.64404009578107,11.0,60.48144336476794,60.0,0.0,0.07696288672953587
2024-01-02 07:30:00,1.0,20.0,0.8548361449866538,20.142390374599184,16.66621190937365,11.0,60.39879030343763,60.0,0.0,0.07679758060687526
2024-01-02 07:45:00,1.0,20.0,0.8323622259832277,20.064733023540306,16.686068563067288,11.0,60.31631476997402,60.0,0.0,0.07663262953994804
2024-01-02 08:00:00,3.0,19.733333333333334,0.8016855870461287,19.989522455523286,16.703725665156522,11.0,60.23401638307066,60.0,0.0,0.07646803276614132
2024-01-02 08:15:00,3.0,19.5,0.7806348135587347,19.916720463122395,16.719303412105784,11.0,60.15189476224011,60.0,0.0,0.07630378952448023
2024-01-02 08:30:00,3.0,19.5,0.761113542802852,19.84575427635106,16.732907554802114,11.0,59.95039698994529,60.0,0.2567413333333333,0.07590079397989058
2024-01-02 08:45:00,3.0,19.5,0.7424203066303997,19.776545897375684,16.74463514165623,11.0,59.71271383515318,60.0,0.12837066666666666,0.07542542767030637
2024-01-02 09:00:00,3.0,19.5,0.7215451905535023,19.709158250842982,16.75457954133203,11.0,59.36517021019167,60.0,0.12837066666666666,0.07473034042038335
2024-01-02 09:15:00,3.0,19.5,0.704247421026383,19.643535990970438,16.76283300653738,11.0,59.27573320061295,60.0,0.0,0.0745514664012259
2024-01-02 09:30:00,3.0,19.5,0.6878807774317592,19.57945240141168,16.769480622711267,11.0,59.08269753861711,60.0,1.7971893333333335,0.07416539507723423
2024-01-02 09:45:00,3.0,19.5,0.6721978834613824,19.516843077782163,16.774602285303708,11.0,60.10755556676239,60.0,0.0,0.07621511113352479
2024-01-02 10:00:00,3.0,19.5,0.6006418411827071,19.458258822237873,16.77829010941788,11.0,60.970270788967554,60.0,0.0,0.0779405415779351
2024-01-02 10:15:00,3.0,19.5,0.5834112593843785,19.40393885269015,16.780693385370288,11.0,60.684299605126284,60.0,0.385112,0.07736859921025258
2024-01-02 10:30:00,1.0,19.866666666666667,0.6721045712420044,19.845320708941085,16.784945898142837,11.0,60.3714954664929,60.0,0.12837066666666666,0.07674299093298581
2024-01-02 10:45:00,1.0,20.0,0.7429037130327603,20.10966979093473,16.800208719458347,11.0,60.12362880055285,60.0,0.12837066666666666,0.0762472576011057
2024-01-02 11:00:00,1.0,20.0,0.7465427214235489,20.041108643898152,16.815440249266356,11.0,59.683293521343344,60.0,0.385112,0.07536658704268669
2024-01-02 11:15:00,1.0,20.0,0.7294066278180693,19.973095890586464,16.828780680210873,11.0,59.37004341603641,60.0,0.7702240000000001,0.07474008683207282
2024-01-02 11:30:00,3.0,19.733333333333334,0.7114271112610758,19.906773855860017,16.840313606343777,11.0,60.910739437948315,60.0,0.12837066666666666,0.07782147887589663
2024-01-02 11:45:00,3.0,19.5,0.6942080382004864,19.842070909207475,16.850128103418868,11.0,59.975472892439164,60.0,1.2837066666666668,0.07595094578487833
2024-01-02 12:00:00,3.0,19.5,0.6766213040665048,19.77895646191254,16.86262236506329,12.0,59.26499778954632,60.0,0.385112,0.07452999557909264
2024-01-02 12:15:00,3.0,19.5,0.6588283569271078,19.71748962054171,16.87831576291791,12.0,60.5828318148627,60.0,0.0,0.07716566362972539
2024-01-02 12:30:00,3.0,19.5,0.6418067609985596,19.657623718515527,16.89226684011892,12.0,61.01510451199299,60.0,0.0,0.07803020902398598
2024-01-02 12:45:00,3.0,19.5,0.6255117696302492,19.599290311313982,16.904560863508912,12.0,60.92210521695433,60.0,0.2567413333333333,0.07784421043390864
2024-01-02 13:00:00,3.0,19.5,0.6259449448950053,19.541683063981065,16.915274609515915,12.0,60.25936169968661,60.0,0.5134826666666666,0.07651872339937321
2024-01-02 13:15:00,3.0,19.6,0.6752007925533923,19.796214172878756,16.92618722627532,12.0,59.80967979757457,60.0,0.12837066666666666,0.07561935959514915
2024-01-02 13:30:00,3.0,19.5,0.7201147112254042,19.96995464035659,16.943990434098033,12.0,59.33916689253007,60.0,1.9255600000000002,0.07467833378506013
2024-01-02 13:45:00,1.0,19.766666666666666,0.7010781867162007,19.904541196312962,16.961189974112063,12.0,59.701208125546174,60.0,0.12837066666666666,0.07540241625109236
2024-01-02 14:00:00,1.0,19.8,0.679276133379354,19.841007003536042,16.97652142392967,12.0,61.00370085157335,60.0,0.0,0.0780074017031467
2024-01-02 14:15:00,3.0,19.933333333333334,0.6616555363975097,19.77929758798266,16.990081036193978,12.0,60.726873667011674,60.0,0.2567413333333333,0.07745374733402334
2024-01-02 14:30:00,3.0,19.5,0.6450331621628479,19.719151390932577,17.001957125487618,12.0,60.11354981477759,60.0,1.6688186666666667,0.07622709962955518
2024-01-02 14:45:00,1.0,19.566666666666666,0.6291165030705955,19.660501936453596,17.012232418851934,12.0,60.642158643483704,60.0,0.2567413333333333,0.07728431728696741
2024-01-02 15:00:00,1.0,20.0,0.6366907449247525,19.60223131488057,17.020979356596637,12.0,61.12046550856983,60.0,0.0,0.07824093101713966
2024-01-02 15:15:00,1.0,20.0,0.6232293175542082,19.544158773754916,17.02824219315386,12.0,61.03643991201671,60.0,0.0,0.07807287982403341
2024-01-02 15:30:00,1.0,20.0,0.6722869790404583,19.823880388599246,17.035508915197198,12.0,60.95259479135477,60.0,0.0,0.07790518958270956
2024-01-02 15:45:00,1.0,20.0,0.8392796565054207,20.513874059557303,17.056169862003905,12.0,59.389924791535236,60.0,2.5674133333333335,0.07477984958307048
2024-01-02 16:00:00,1.0,20.0,0.8319027718505966,20.442923494033757,17.077062277935006,11.0,60.82379150089454,60.0,0.0,0.07764758300178908
2024-01-02 16:15:00,1.0,20.0,0.8120189649712859,20.367217840454703,17.090854278228854,11.0,60.95501548639548,60.0,0.0,0.07791003097279096
2024-01-02 16:30:00,1.0,20.0,0.7922303872569924,20.29337293490448,17.102665952990105,11.0,60.87134525465288,60.0,0.0,0.07774269050930577
2024-01-02 16:45:00,1.0,20.0,0.7732768262614075,20.221310122828026,17.11259506820085,11.0,60.78785473552475,60.0,0.0,0.0775757094710495
2024-01-02 17:00:00,1.0,20.0,0.7551199996616068,20.150954356362988,17.120734836798455,11.0,60.09777852077798,60.0,0.7702240000000001,0.07619555704155596
2024-01-02 17:15:00,1.0,20.0,0.7377233954336827,20.08223402755136,17.127174129548415,11.0,59.65760939476242,60.0,0.2567413333333333,0.07531521878952482
2024-01-02 17:30:00,1.0,20.0,0.7210521899185817,20.015080809270632,17.13199767615603,11.0,59.23071392826998,60.0,0.5134826666666666,0.07446142785653995
2024-01-02 17:45:00,1.0,20.0,0.7050731696803699,19.94942950352697,17.135286257068582,11.0,60.769531590732086,60.0,0.0,0.07753906318146417
2024-01-02 18:00:00,1.0,20.0,0.6897546569814259,19.885217896769806,17.13711688639908,11.0,59.88243281114485,60.0,1.7971893333333333,0.0757648656222897
2024-01-02 18:15:00,1.0,20.0,0.6750664387071201,19.822386621902762,17.13756298638238,11.0,59.94875993709245,60.0,0.2567413333333333,0.0758975198741849
2024-01-02 18:30:00,1.0,20.0,0.6609796985803202,19.760879026680982,17.136694553755753,11.0,60.979734186616106,60.0,0.2567413333333333,0.07795946837323221
2024-01-02 18:45:00,1.0,20.0,0.6474669525134495,19.700641048199266,17.134578318437573,11.0,60.28923395123608,60.0,0.8985946666666668,0.07657846790247215
2024-01-02 19:00:00,3.0,19.933333333333334,0.6345019869528741,19.64162109318909,17.131277894860794,11.0,59.67418306029611,60.0,0.0,0.07534836612059222
2024-01-02 19:15:00,3.0,19.5,0.6220598000771024,19.583769923855645,17.12685392630096,11.0,59.49209684891576,60.0,0.2567413333333333,0.07498419369783152
2024-01-02 19:30:00,3.0,19.5,0.6101165457167067,19.527040548998418,17.1213642225233,11.0,59.237012563107314,60.0,0.0,0.07447402512621462
2024-01-02 19:45:00,1.0,19.566666666666666,0.5986494798699932,19.477531156942664,17.114863891057897,11.0,59.2062330241235,60.0,0.12837066666666666,0.074412466048247
2024-01-02 20:00:00,1.0,20.0,0.7563398381563677,20.178461675486613,17.108840661615936,10.0,60.786653016104225,60.0,0.0,0.07757330603220845
2024-01-02 20:15:00,1.0,20.0,0.832737929680409,20.44071673062918,17.11216657018017,10.0,60.67273473375746,60.0,0.7702240000000001,0.07734546946751492
2024-01-02 20:30:00,1.0,20.0,0.8143507287308274,20.364893203066522,17.11566232077142,10.0,59.96490232984802,60.0,0.8985946666666668,0.07592980465969605
2024-01-02 20:45:00,1.0,20.0,0.7967229446691566,20.290726381414732,17.117483264079315,10.0,59.06861203336654,60.0,0.2567413333333333,0.07413722406673308
2024-01-02 21:00:00,1.0,20.0,0.7798198432763506,20.218148008343324,17.1177138025162,10.0,60.60768565323412,60.0,0.12837066666666666,0.07721537130646823
2024-01-02 21:15:00,1.0,20.0,0.7636082961793902,20.1470929476257,17.116434400471046,10.0,60.557706025917824,60.0,0.5134826666666666,0.07711541205183566
2024-01-02 21:30:00,1.0,20.0,0.7480567065301483,20.07749903984699,17.11372176673095,10.0,60.19927130987619,60.0,0.0,0.07639854261975239
2024-01-02 21:45:00,1.0,20.0,0.7331349381243193,20.0093069647899,17.109649028458225,10.0,60.117224316877014,60.0,0.0,0.07623444863375403
2024-01-02 22:00:00,1.0,20.0,0.718814247801181,19.942460110189543,17.104285897113993,10.0,59.952601006643505,60.0,0.12837066666666666,0.07590520201328702
2024-01-02 22:15:00,2.0,16.333333333333332,0.7050672209723213,19.876904446562442,17.09769882670105,10.0,59.81597474781928,60.0,0.0,0.07563194949563858
2024-01-02 22:30:00,2.0,15.0,0.6918677101345171,19.81258840782848,17.089951164681434,10.0,59.60214451729969,60.0,0.7702240000000001,0.07520428903459939
2024-01-02 22:45:00,2.0,15.0,0.679190776228619,19.74946277745779,17.08110329590795,10.0,60.66824744807548,60.0,0.7702240000000001,0.07733649489615098
2024-01-02 23:00:00,2.0,15.0,0.6670126327127226,19.687480579886753,17.07121277989282,10.0,60.06780709976881,60.0,0.2567413333333333,0.0761356141995376
2024-01-02 23:15:00,2.0,15.0,0.655310592223984,19.62659697695923,17.06033448172198,10.0,59.92175973799855,60.0,0.0,0.07584351947599711
2024-01-02 23:30:00,2.0,15.0,0.6440630157092496,19.566769169160487,17.04852069690917,10.0,59.610498597730114,60.0,0.2567413333333333,0.07522099719546023
2024-01-02 23:45:00,2.0,15.0,0.6332492639102614,19.507956301421913,17.035821270470183,10.0,59.45620448613501,60.0,0.2567413333333333,0.07491240897227001
2024-01-03 00:00:00,2.0,15.0,0.631585578300784,19.449728419697237,17.017968289325566,9.0,59.455288609368225,60.0,0.12837066666666666,0.07491057721873644
2024-01-03 00:15:00,2.0,15.0,0.6239547354223623,19.391883701514473,16.994558267539553,9.0,61.014269987934505,60.0,0.0,0.07802853997586902
2024-01-03 00:30:00,2.0,15.0,0.6160457761730881,19.334779845582503,16.970650514229146,9.0,60.97338880555444,60.0,0.0,0.0779467776111089
2024-01-03 00:45:00,2.0,15.0,0.6084075245247145,19.278391366657996,16.94627525918821,9.0,60.88047911034731,60.0,0.12837066666666666,0.07776095822069462
2024-01-03 01:00:00,2.0,15.0,0.6010278839734808,19.222693919080807,16.921461300261065,9.0,60.64071130433211,60.0,0.12837066666666666,0.07728142260866423
2024-01-03 01:15:00,2.0,15.0,0.5938953159537015,19.167664244208268,16.896236069771874,9.0,60.447450576208325,60.0,0.0,0.07689490115241665
2024-01-03 01:30:00,2.0,15.0,0.5869988140214853,19.113280120281768,16.87062569787845,9.0,59.72012745074564,60.0,1.7971893333333333,0.0754402549014913
2024-01-03 01:45:00,2.0,15.0,0.5803278792333516,19.059520314612964,16.844655072992982,9.0,61.012161053347896,60.0,0.2567413333333333,0.0780243221066958
2024-01-03 02:00:00,2.0,15.0,0.5826084238708337,19.005973584394678,16.81403247824596,8.0,60.63018649514894,60.0,0.2567413333333333,0.07726037299029788
2024-01-03 02:15:00,2.0,15.0,0.5787324475089514,18.952455949439855,16.778331723375576,8.0,60.42780633520769,60.0,0.0,0.07685561267041538
2024-01-03 02:30:00,2.0,15.0,0.5743977870317375,18.899342122022485,16.742590461756556,8.0,60.170575253774786,60.0,0.2567413333333333,0.07634115050754957
2024-01-03 02:45:00,2.0,15.0,0.5701616551167281,18.846622840116417,16.706818267499116,8.0,59.98755987262833,60.0,0.0,0.07597511974525666
2024-01-03 03:00:00,2.0,15.0,0.5660199555381894,18.794289227526487,16.67102423654344,8.0,59.90596760785338,60.0,0.0,0.07581193521570674
2024-01-03 03:15:00,2.0,15.0,0.5619687795605065,18.74233277622462,16.635217008951916,8.0,59.8245505924941,60.0,0.0,0.07564910118498819
2024-01-03 03:30:00,2.0,15.0,0.5580043972694327,18.690745329502565,16.599404790168894,8.0,59.743308450137896,60.0,0.0,0.07548661690027579
2024-01-03 03:45:00,2.0,15.0,0.5541232493045541,18.639519065903606,16.563595371295587,8.0,59.66224080518065,60.0,0.0,0.0753244816103613
2024-01-03 04:00:00,2.0,15.0,0.541586011768005,18.589037437484944,16.53211156958529,9.0,59.16496350325765,60.0,1.5404480000000003,0.07432992700651529
2024-01-03 04:15:00,1.0,18.0,0.575092487675225,18.759876269763335,16.506135242716983,9.0,60.56624790329004,60.0,0.12837066666666666,0.07713249580658009
2024-01-03 04:30:00,2.0,16.333333333333332,0.7799275328141924,19.611577171775018,16.49359941215825,9.0,60.56655908075887,60.0,0.7702240000000001,0.07713311816151774
2024-01-03 04:45:00,2.0,15.0,0.7851353599490437,19.60014207320393,16.490331170558033,9.0,60.15306871562885,60.0,0.0,0.0763061374312577
2024-01-03 05:00:00,2.0,15.0,0.7695268194391764,19.52856732818585,16.485817655304807,9.0,60.071120959704,60.0,0.0,0.076142241919408
2024-01-03 05:15:00,2.0,18.333333333333332,0.8740318505285684,20.038132917942047,16.483782748201936,9.0,59.98934921674291,60.0,0.0,0.07597869843348581
2024-01-03 05:30:00,1.0,16.0,0.9445372455245807,20.289919611723473,16.493697357120627,9.0,59.90775310869296,60.0,0.0,0.07581550621738592
2024-01-03 05:45:00,2.0,18.0,0.9224193141621496,20.203978918719976,16.503367948875578,9.0,59.82633225831354,60.0,0.0,0.07565266451662708
2024-01-03 06:00:00,2.0,15.0,0.90122691649666,20.120030478198185,16.510969525635794,9.0,60.014433414105596,60.0,0.7702240000000001,0.0760288668282112
2024-01-03 06:15:00,1.0,16.666666666666668,0.8809176591310988,20.037991105081282,16.516605229433477,9.0,60.984134570884756,60.0,0.0,0.07796826914176952
2024-01-03 06:30:00,2.0,17.333333333333332,0.8614511088988281,19.95778142361115,16.520373394635442,9.0,59.41133820117695,60.0,1.5404480000000003,0.0748226764023539
2024-01-03 06:45:00,1.0,19.0,0.8427887021396891,19.879325691213293,16.52236777062787,9.0,59.16570768540774,60.0,0.0,0.07433141537081549
2024-01-03 07:00:00,1.0,20.0,0.8248936581754077,19.802551630513726,16.52267773419302,9.0,59.638700658405845,60.0,0.12837066666666666,0.0752774013168117
2024-01-03 07:15:00,3.0,19.9,0.807730896789914,19.727390269130336,16.521388492054918,9.0,60.07715029375083,60.0,1.5404480000000003,0.07615430058750167
2024-01-03 07:30:00,3.0,19.5,0.7912669595291975,19.65377578687904,16.518581274049176,9.0,59.278919892582465,60.0,0.0,0.07455783978516492
2024-01-03 07:45:00,3.0,19.5,0.7754699346439262,19.58164537005148,16.514333517350885,9.0,59.198849692953985,60.0,0.0,0.07439769938590796
2024-01-03 08:00:00,3.0,19.5,0.7537761105693879,19.511240999248326,16.508720884889353,9.0,59.63114184591366,60.0,0.385112,0.07526228369182732
2024-01-03 08:15:00,1.0,19.7,0.7530806161006313,19.53451105625803,16.501995931887425,9.0,60.81251989538093,60.0,0.385112,0.07762503979076187
2024-01-03 08:30:00,1.0,20.0,0.9469368799522084,20.39021033286492,16.50442811836761,9.0,60.49024564632123,60.0,0.0,0.07698049129264245
2024-01-03 08:45:00,1.0,19.8,0.9741724900473014,20.47214558010082,16.518724274492598,9.0,60.40757367885193,60.0,0.0,0.07681514735770387
2024-01-03 09:00:00,3.0,19.7,0.9410067667705792,20.383988960255333,16.53142918097543,9.0,60.18714387804447,60.0,0.2567413333333333,0.07637428775608894
2024-01-03 09:15:00,3.0,19.5,0.9180897193415913,20.29844316980152,16.541935152083493,9.0,59.96733508612989,60.0,0.0,0.07593467017225979
2024-01-03 09:30:00,3.0,19.6,0.89680781878054,20.214898123507634,16.550355300265128,9.0,59.146414731346916,60.0,1.5404480000000003,0.07429282946269383
2024-01-03 09:45:00,3.0,19.5,0.8764145197431078,20.13327012149877,16.5567934461318,9.0,60.33818586238632,60.0,0.2567413333333333,0.07667637172477264
2024-01-03 10:00:00,3.0,19.5,0.8465920925906419,20.053954237543135,16.561351470318204,9.0,61.01539458120346,60.0,0.0,0.0780307891624069
2024-01-03 10:15:00,1.0,19.9,0.8273426018924961,19.976928416199023,16.564137679709066,9.0,60.931594663134405,60.0,0.0,0.07786318932626882
2024-01-03 10:30:00,3.0,19.9,0.8095977921718263,19.901570227489874,16.565245405464527,9.0,60.82037605491026,60.0,0.2567413333333333,0.07764075210982053
2024-01-03 10:45:00,3.0,19.5,0.79258087930722,19.82781111171017,16.564759386240542,9.0,60.14445667943059,60.0,1.7971893333333335,0.07628891335886118
2024-01-03 11:00:00,3.0,19.5,0.7742355103781041,19.75567913761017,16.562760976963585,9.0,60.26721999450668,60.0,0.0,0.07653443998901335
2024-01-03 11:15:00,3.0,19.5,0.758475101695509,19.68512252948312,16.559329934825783,9.0,60.97212712182339,60.0,0.0,0.07794425424364677
2024-01-03 11:30:00,1.0,19.7,0.7434915465187515,19.615973489508647,16.554540338824935,9.0,60.888420136546394,60.0,0.0,0.07777684027309278
2024-01-03 11:45:00,1.0,20.0,0.7291100172754679,19.54817531651037,16.54846197281845,9.0,60.80489294282561,60.0,0.0,0.07760978588565122
2024-01-03 12:00:00,1.0,20.0,0.7857891997582787,19.88553185866839,16.543060064961495,9.0,60.58360975267976,60.0,0.2567413333333333,0.07716721950535951
2024-01-03 12:15:00,3.0,19.733333333333334,0.9411593655471733,20.503901597080755,16.55180281140688,9.0,60.280196861048246,60.0,0.12837066666666666,0.07656039372209648
2024-01-03 12:30:00,3.0,19.5,0.9199055129055183,20.41816858986773,16.56420156067244,9.0,60.14286696956687,60.0,0.0,0.07628573393913372
2024-01-03 12:45:00,3.0,19.5,0.8981798726941024,20.334478207139405,16.574453997169375,9.0,60.02414903697796,60.0,0.12837066666666666,0.07604829807395591
2024-01-03 13:00:00,1.0,19.6,0.8916236740496427,20.25208571378739,16.5826625963957,9.0,59.777020514936666,60.0,0.2567413333333333,0.07555404102987333
2024-01-03 13:15:00,1.0,20.0,0.8723898906791557,20.170834116212422,16.588909553626404,9.0,59.484545344875876,60.0,0.0,0.07496909068975176
2024-01-03 13:30:00,1.0,20.0,0.8529689339319051,20.091407985948173,16.593287004016222,9.0,59.4040334889156,60.0,0.7702240000000001,0.07480806697783121
2024-01-03 13:45:00,3.0,19.5,0.8343515980127226,20.013731629337105,16.595888668338365,9.0,59.93001004188212,60.0,0.2567413333333333,0.07586002008376423
2024-01-03 14:00:00,1.0,19.766666666666666,0.8227309333031282,19.93745767949808,16.59248918232252,8.0,60.71677452768741,60.0,0.0,0.07743354905537482
2024-01-03 14:15:00,1.0,20.0,0.8078605081336085,19.86236582472524,16.582728361544874,8.0,60.633616006079606,60.0,0.7702240000000001,0.07726723201215922
2024-01-03 14:30:00,3.0,19.933333333333334,0.7932115112155695,19.788649482911275,16.5717043880176,8.0,60.168993487286045,60.0,0.7702240000000001,0.0763379869745721
2024-01-03 14:45:00,3.0,19.8,0.7791371375097671,19.71625453705838,16.559483528325003,8.0,60.68638563794556,60.0,0.5134826666666666,0.07737277127589112
2024-01-03 15:00:00,1.0,19.9,0.7797904788983705,19.644461291524696,16.550437904229767,9.0,60.162170753092916,60.0,0.2567413333333333,0.07632434150618583
2024-01-03 15:15:00,1.0,20.0,0.7655590746220752,19.573264279340368,16.545045404707036,9.0,59.53384077248289,60.0,1.668818666666667,0.07506768154496578
2024-01-03 15:30:00,1.0,20.0,0.7721056205165316,19.632147705386913,16.538642809088476,9.0,60.449082914538955,60.0,0.12837066666666666,0.07689816582907791
2024-01-03 15:45:00,1.0,20.0,0.9580944151864039,20.43662959137166,16.542212658094304,9.0,61.0984903432275,60.0,0.0,0.07819698068645502
2024-01-03 16:00:00,1.0,20.0,0.9653779758752006,20.439157373034657,16.555088693230694,9.0,60.83975940856222,60.0,1.0269653333333335,0.07767951881712444
2024-01-03 16:15:00,1.0,20.0,0.9426130434513005,20.35132521505723,16.566013684103932,9.0,59.818996274125304,60.0,0.2567413333333333,0.0756379925482506
2024-01-03 16:30:00,1.0,20.0,0.9207329838804631,20.26555004718734,16.57479297022847,9.0,59.47124281286082,60.0,0.0,0.07494248562572166
2024-01-03 16:45:00,1.0,20.0,0.8997667709163523,20.181745791583744,16.58153332808489,9.0,59.39075952898354,60.0,0.0,0.07478151905796708
2024-01-03 17:00:00,1.0,20.0,0.8796725551995315,20.09983031314942,16.586336557875498,9.0,59.31044911257734,60.0,0.0,0.07462089822515468
2024-01-03 17:15:00,1.0,20.0,0.8604104224050957,20.019725237222797,16.589299714015446,9.0,59.198649959476356,60.0,0.2567413333333333,0.0743972999189527
2024-01-03 17:30:00,1.0,20.0,0.841942303685071,19.9413557757066,16.590515324954435,9.0,60.2314937490163,60.0,0.7702240000000001,0.07646298749803261
2024-01-03 17:45:00,1.0,20.0,0.8242318902561433,19.86465056124386,16.59007160282276,9.0,60.11327221784798,60.0,0.0,0.07622654443569594
2024-01-03 18:00:00,1.0,20.0,0.8159804791471793,19.78915053548071,16.583737222213433,8.0,60.031409939547764,60.0,0.0,0.07606281987909552
2024-01-03 18:15:00,1.0,20.0,0.8020565939741962,19.71462611446697,16.571143587802222,8.0,59.39807939851741,60.0,0.7702240000000001,0.07479615879703481
2024-01-03 18:30:00,1.0,20.0,0.7881356822217569,19.641408516126805,16.5573832808246,8.0,59.86313977348717,60.0,0.12837066666666666,0.07572627954697433
2024-01-03 18:45:00,1.0,20.0,0.7747536034342457,19.569446995865828,16.542518259630956,8.0,60.695096140405475,60.0,0.385112,0.07739019228081095
2024-01-03 19:00:00,1.0,20.0,0.791616853193638,19.670210542706293,16.527092045042433,8.0,60.474212135583386,60.0,0.0,0.07694842427116678
2024-01-03 19:15:00,1.0,20.0,0.9787962447606944,20.46007699218609,16.522924012789506,8.0,60.39157460597896,60.0,0.0,0.07678314921195793
2024-01-03 19:30:00,1.0,20.0,0.9781398204814238,20.43060722630777,16.527149903403494,8.0,60.309114570881114,60.0,0.0,0.07661822914176224
2024-01-03 19:45:00,3.0,19.9,0.9569232741902904,20.341525493360667,16.52953288716693,8.0,60.22683164905507,60.0,0.0,0.07645366329811014
2024-01-03 20:00:00,1.0,19.8,0.9365793666908949,20.254355573315145,16.52999977858863,8.0,59.13907721720531,60.0,2.5674133333333335,0.07427815443441063
2024-01-03 20:15:00,1.0,20.0,0.9170682037404825,20.169019031398207,16.528647479961492,8.0,59.30735003867201,60.0,1.7971893333333335,0.07461470007734403
2024-01-03 20:30:00,1.0,20.0,0.8983517354173202,20.085441017607902,16.52556837091804,8.0,60.95370469391214,60.0,0.0,0.07790740938782427
2024-01-03 20:45:00,1.0,20.0,0.8803936707629477,20.003550100993113,16.520850517940506,8.0,61.01310535085325,60.0,0.0,0.0780262107017065
2024-01-03 21:00:00,1.0,20.0,0.8631593963753329,19.923278111603118,16.5145778741726,8.0,60.92931034974885,60.0,0.12837066666666666,0.0778586206994977
2024-01-03 21:15:00,1.0,20.0,0.8466158987700603,19.844559989751836,16.506830469981782,8.0,57.27471874462415,60.0,14.505885333333334,0.07054943748924832
2024-01-03 21:30:00,1.0,20.0,0.8307316903351334,19.767333642258293,16.497684594700253,8.0,44.586812926231886,60.0,3.5943786666666666,0.04517362585246376
2024-01-03 21:45:00,2.0,16.0,0.8154767387130565,19.69153980534027,16.48721296995294,8.0,47.365257689454374,60.0,0.12837066666666666,0.05073051537890876
2024-01-03 22:00:00,2.0,15.0,0.8095583266579509,19.616730960265574,16.47116949380242,7.0,50.33952872734926,60.0,1.0269653333333335,0.05667905745469852
2024-01-03 22:15:00,2.0,15.0,0.7978506862670031,19.54268852487312,16.44917147533506,7.0,51.53356027477093,60.0,1.0269653333333335,0.05906712054954186
2024-01-03 22:30:00,2.0,15.0,0.7860347090954886,19.469754205955123,16.426298049632962,7.0,54.51743115419927,60.0,0.0,0.06503486230839854
2024-01-03 22:45:00,2.0,15.0,0.7746514465876222,19.39788725862245,16.402598348282456,7.0,57.549837486851466,60.0,0.2567413333333333,0.07109967497370293
2024-01-03 23:00:00,2.0,15.0,0.7636813890875275,19.32704877598155,16.378119189554347,7.0,59.895441987216124,60.0,1.2837066666666668,0.07579088397443226
2024-01-03 23:15:00,2.0,15.0,0.7531059276202204,19.25720160427733,16.3529051856584,7.0,60.997303520255954,60.0,0.0,0.07799460704051192
2024-01-03 23:30:00,2.0,15.0,0.7429073122125541,19.1883102619628,16.32699884503253,7.0,60.90024853459469,60.0,0.2567413333333333,0.07780049706918939
2024-01-03 23:45:00,2.0,15.0,0.7330686121433236,19.12034086251378,16.30044066989653,7.0,60.56857136750371,60.0,0.0,0.07713714273500741
2024-01-04 00:00:00,2.0,15.0,0.7235736780332112,19.05326104081523,16.27326924928948,7.0,59.95340500787456,60.0,1.5404480000000003,0.07590681001574912
2024-01-04 00:15:00,2.0,15.0,0.7144071056894282,18.987039882954022,16.245521347800036,7.0,61.069611264016984,60.0,0.0,0.07813922252803397
2024-01-04 00:30:00,2.0,15.0,0.7055542016238371,18.921647859260403,16.217231990188754,7.0,60.86309557936132,60.0,0.385112,0.07772619115872263
2024-01-04 00:45:00,2.0,15.0,0.6970009501670816,18.85705676044778,16.188434542092796,7.0,60.25563265222832,60.0,0.7702240000000001,0.07651126530445665
2024-01-04 01:00:00,2.0,15.0,0.6887339821048574,18.793239636707437,16.159160786994246,7.0,59.37403848074319,60.0,0.2567413333333333,0.07474807696148639
2024-01-04 01:15:00,2.0,15.0,0.6807405447658686,18.730170739621446,16.129440999624986,7.0,59.114959400442075,60.0,1.5404480000000003,0.07422991880088414
2024-01-04 01:30:00,2.0,15.0,0.6730084734942765,18.66782546676324,16.09930401597312,7.0,59.217639136875654,60.0,0.2567413333333333,0.07443527827375132
2024-01-04 01:45:00,2.0,15.0,0.6655261644425494,18.60618030886156,16.068777300048257,7.0,61.028356311447475,60.0,0.0,0.07805671262289496
2024-01-04 02:00:00,2.0,15.0,0.6582825486236064,18.545212799409043,16.03788700755562,7.0,60.91283858434421,60.0,0.2567413333333333,0.07782567716868843
2024-01-04 02:15:00,2.0,15.0,0.6512670671639693,18.484901466602363,16.006658046622135,7.0,60.599530419633155,60.0,0.0,0.07719906083926631
2024-01-04 02:30:00,2.0,15.0,0.6444696477023029,18.425225787505912,15.975114135710891,7.0,60.433871179548646,60.0,0.12837066666666666,0.0768677423590973
2024-01-04 02:45:00,2.0,15.0,0.6378806818803757,18.366166144336272,15.943277858854179,7.0,60.28701121591402,60.0,0.2567413333333333,0.07657402243182804
2024-01-04 03:00:00,2.0,15.0,0.6314910038758353,18.307703782769114,15.911170718329197,7.0,59.745184334603806,60.0,0.2567413333333333,0.07549036866920761
2024-01-04 03:15:00,2.0,15.0,0.6252918699285901,18.249820772175095,15.87881318489479,7.0,59.58145759736549,60.0,0.0,0.07516291519473099
2024-01-04 03:30:00,2.0,15.0,0.6192749388148153,18.192499967695362,15.846224745702141,7.0,59.47313890535926,60.0,0.2567413333333333,0.07494627781071851
2024-01-04 03:45:00,2.0,15.0,0.6134322532247058,18.135724974071525,15.813423949987058,7.0,59.14452698139318,60.0,0.0,0.07428905396278636
2024-01-04 04:00:00,2.0,15.0,0.6164921492085238,18.07908915756118,15.776113031487137,6.0,59.06474543999994,60.0,0.0,0.07412949087999987
2024-01-04 04:15:00,1.0,19.0,0.690928215059392,18.425943092199216,15.735756732071467,6.0,59.629895948592115,60.0,0.0,0.07525979189718424
2024-01-04 04:30:00,1.0,20.0,0.9842684663622066,19.693614714092934,15.714694965609816,6.0,60.33486399561208,60.0,1.5404480000000003,0.07666972799122417
2024-01-04 04:45:00,1.0,20.0,1.1862786590165593,20.493833999582144,15.71873251144047,6.0,59.26030150151532,60.0,1.5404480000000003,0.07452060300303066
2024-01-04 05:00:00,2.0,18.0,1.167399317049889,20.403555959186246,15.728551870706832,6.0,59.26320884259641,60.0,0.12837066666666666,0.07452641768519283
2024-01-04 05:15:00,2.0,15.0,1.1410902009885242,20.297286790401373,15.735859423743483,6.0,61.000304586879366,60.0,0.0,0.07800060917375874
2024-01-04 05:30:00,1.0,17.0,1.115872763903223,20.19338784883313,15.740747652040348,6.0,60.884855021564945,60.0,0.12837066666666666,0.0777697100431299
2024-01-04 05:45:00,2.0,17.0,1.0916970486967688,20.091761014304698,15.743338002924016,6.0,60.70946067589187,60.0,0.0,0.07741892135178374
2024-01-04 06:00:00,2.0,15.0,1.0685154080271013,19.99231265561556,15.743746259251953,6.0,60.35967077173855,60.0,0.5134826666666666,0.0767193415434771
2024-01-04 06:15:00,2.0,15.0,1.0462823974076003,19.894953423000075,15.742082801799379,6.0,59.992479855897535,60.0,0.0,0.07598495971179507
2024-01-04 06:30:00,2.0,15.0,1.0249546732553725,19.79959805019141,15.73845285950016,6.0,59.910877023647885,60.0,0.0,0.07582175404729577
2024-01-04 06:45:00,2.0,15.0,1.0044908956585288,19.70616516564627,15.732956748103897,6.0,59.41306568394414,60.0,1.5404480000000003,0.07482613136788827
2024-01-04 07:00:00,1.0,19.0,0.9848516356440119,19.614577112506392,15.725690097785447,6.0,60.67352277832189,60.0,0.12837066666666666,0.07734704555664379
2024-01-04 07:15:00,1.0,20.0,0.9674216269147273,19.543180149719895,15.716752758870955,6.0,60.76128707787317,60.0,0.2567413333333333,0.07752257415574634
2024-01-04 07:30:00,1.0,20.0,1.123066012716469,20.259079524628945,15.713022360392351,6.0,60.13562835235755,60.0,0.7702240000000001,0.07627125670471509
2024-01-04 07:45:00,3.0,19.7,1.174406712727527,20.42756864908153,15.722152008963008,6.0,59.612782195318864,60.0,0.0,0.07522556439063773
2024-01-04 08:00:00,1.0,20.0,1.1416064261736518,20.32095474986373,15.730150012272027,6.0,59.504396222210616,60.0,0.2567413333333333,0.07500879244442123
2024-01-04 08:15:00,3.0,19.6,1.1157930844252768,20.21705680230358,15.735705170725653,6.0,59.047037092879826,60.0,0.12837066666666666,0.07409407418575965
2024-01-04 08:30:00,1.0,19.9,1.091475926854781,20.115444317390043,15.738942524567129,6.0,60.28225925131629,60.0,0.12837066666666666,0.07656451850263259
2024-01-04 08:45:00,3.0,19.8,1.0681600507683722,20.016022984785593,15.739978729258409,6.0,60.84927245186883,60.0,0.12837066666666666,0.07769854490373766
2024-01-04 09:00:00,3.0,19.5,1.0319475104985592,19.91934296708613,15.738928905028382,6.0,60.664759806450384,60.0,0.0,0.07732951961290076
2024-01-04 09:15:00,3.0,19.5,1.009807240564025,19.825391374080173,15.735917863521735,6.0,60.58171300559857,60.0,0.0,0.07716342601119715
2024-01-04 09:30:00,3.0,19.5,0.9895246109029722,19.733345308611494,15.731051212939917,6.0,60.49884457831398,60.0,0.0,0.07699768915662795
2024-01-04 09:45:00,3.0,19.5,0.970060478745267,19.643127680520788,15.724423916364803,6.0,60.269058263259495,60.0,0.385112,0.076538116526519
2024-01-04 10:00:00,3.0,19.5,0.9415709717010464,19.555118113606788,15.716129266005355,6.0,59.91117238203297,60.0,0.2567413333333333,0.07582234476406595
2024-01-04 10:15:00,3.0,19.5,0.9231438396053183,19.469298065599464,15.706266858100468,6.0,59.24013653394614,60.0,1.5404480000000003,0.0744802730678923
2024-01-04 10:30:00,3.0,19.5,0.9061273448189755,19.38507597843334,15.69492216285383,6.0,60.80854419534488,60.0,0.2567413333333333,0.07761708839068975
2024-01-04 10:45:00,3.0,19.5,0.8897815572064445,19.30238868531851,15.682172607866786,6.0,60.69161768865076,60.0,0.12837066666666666,0.07738323537730153
2024-01-04 11:00:00,1.0,19.9,0.936058076912502,19.625426859756324,15.66999310108267,6.0,60.341971507413675,60.0,0.12837066666666666,0.07668394301482735
2024-01-04 11:15:00,1.0,20.0,1.1395919563957062,20.46763401720981,15.673886210239994,6.0,60.250436457572754,60.0,0.0,0.07650087291514551
2024-01-04 11:30:00,3.0,19.8,1.1270366652987531,20.399582404954568,15.684880379088494,6.0,59.57158109543391,60.0,1.668818666666667,0.07514316219086783
2024-01-04 11:45:00,1.0,20.0,1.1013007693957586,20.297004143011,15.693456017809698,6.0,60.944539998534445,60.0,0.0,0.07788907999706889
2024-01-04 12:00:00,3.0,19.8,1.0737911945293601,20.196875775155487,15.699651641871965,6.0,60.17634792915523,60.0,1.5404480000000003,0.07635269585831046
2024-01-04 12:15:00,3.0,19.5,1.0500062864732327,20.099116027481678,15.703590332612594,6.0,59.42219997843659,60.0,1.540448,0.07484439995687318
2024-01-04 12:30:00,1.0,20.0,1.0273994096459513,20.003480880821474,15.705386684693256,6.0,60.35642522499775,60.0,3.0808960000000005,0.0767128504499955
2024-01-04 12:45:00,1.0,20.0,1.0057207207949694,19.90988291010096,15.705148774087814,6.0,59.17722816216016,60.0,0.12837066666666666,0.07435445632432032
2024-01-04 13:00:00,3.0,19.7,0.9971014675995825,19.817676096762305,15.702976200130655,6.0,59.06981195541673,60.0,0.12837066666666666,0.07413962391083345
2024-01-04 13:15:00,1.0,20.0,0.9777617517043494,19.726716676429128,15.698950674384266,6.0,60.23697833496455,60.0,0.385112,0.0764739566699291
2024-01-04 13:30:00,3.0,19.8,0.9583609413548072,19.63757982580669,15.693161848350213,6.0,60.943258028253986,60.0,0.0,0.07788651605650797
2024-01-04 13:45:00,3.0,19.5,0.9397405470558102,19.55019204202027,15.68570020617193,6.0,60.418234524944175,60.0,0.8985946666666668,0.07683646904988835
2024-01-04 14:00:00,1.0,19.6,0.938536706140569,19.482198817333224,15.676656390986917,6.0,59.56383177527538,60.0,0.385112,0.07512766355055077
2024-01-04 14:15:00,1.0,20.0,1.1015448651701918,20.23125687767397,15.67296925737387,6.0,59.19824481802437,60.0,0.2567413333333333,0.07439648963604874
2024-01-04 14:30:00,1.0,20.0,1.1684860413902465,20.462194694976684,15.683553162032755,6.0,60.32294513556038,60.0,0.0,0.07664589027112076
2024-01-04 14:45:00,1.0,20.0,1.141583078756369,20.355854808082675,15.693441265981109,6.0,61.02773257262905,60.0,0.0,0.0780554651452581
2024-01-04 15:00:00,1.0,20.0,1.1353239558875352,20.251036192281436,15.700825890515139,6.0,60.943906154182876,60.0,0.0,0.07788781230836575
2024-01-04 15:15:00,1.0,20.0,1.1115877871045505,20.14753516480282,15.70580545861524,6.0,60.749946775217154,60.0,0.12837066666666666,0.07749989355043431
2024-01-04 15:30:00,1.0,20.0,1.0874812822994036,20.046299750061525,15.708492657852137,6.0,60.4735921233065,60.0,0.7702240000000001,0.07694718424661301
2024-01-04 15:45:00,1.0,20.0,1.06436623572578,19.947236563232302,15.70900297183111,6.0,59.60986524682828,60.0,0.12837066666666666,0.07521973049365656
2024-01-04 16:00:00,1.0,20.0,1.0435432372840134,19.85019429001044,15.707446116511456,6.0,59.51071979272908,60.0,0.0,0.07502143958545814
2024-01-04 16:15:00,1.0,20.0,1.0223444349134037,19.75508079647318,15.703925223477317,6.0,59.430151717509446,60.0,0.0,0.07486030343501889
2024-01-04 16:30:00,1.0,20.0,1.0019113584132397,19.661886917088605,15.698539908841548,6.0,59.34975669188152,60.0,0.0,0.07469951338376304
2024-01-04 16:45:00,1.0,20.0,0.9823017882673472,19.57053509018763,15.691385690990929,6.0,59.26953434415761,60.0,0.0,0.07453906868831524
2024-01-04 17:00:00,1.0,20.0,1.0270107896945873,19.817384623641168,15.683977380921636,6.0,59.189484303448396,60.0,0.0,0.0743789686068968
2024-01-04 17:15:00,1.0,20.0,1.1898002854713832,20.47489972274258,15.689721466892072,6.0,59.10960619966113,60.0,0.0,0.07421921239932225
2024-01-04 17:30:00,1.0,20.0,1.1665976759835759,20.372381788926642,15.69978685015655,6.0,59.04423315609236,60.0,0.0,0.07408846631218473
2024-01-04 17:45:00,1.0,20.0,1.140258006870841,20.266188002790887,15.707309166477303,6.0,60.58305802639329,60.0,0.0,0.07716611605278659
2024-01-04 18:00:00,1.0,20.0,1.115011738632653,20.162367173943252,15.712407295639252,6.0,61.01533023765108,60.0,0.0,0.07803066047530217
2024-01-04 18:15:00,1.0,20.0,1.0908088330710441,20.0608210275567,15.715202886941018,6.0,60.931530457783495,60.0,0.0,0.077863060915567
2024-01-04 18:30:00,1.0,20.0,1.0676015655034727,19.96145578506741,15.715811915968457,6.0,60.847910668782646,60.0,0.0,0.0776958213375653
2024-01-04 18:45:00,1.0,20.0,1.045344417689033,19.864181956295486,15.714344947408915,6.0,60.62653508223921,60.0,0.2567413333333333,0.07725307016447841
2024-01-04 19:00:00,1.0,19.9,1.0239939757107162,19.768914141186645,15.710907385699707,6.0,60.26784713419883,60.0,1.0269653333333335,0.07653569426839765
2024-01-04 19:15:00,1.0,20.0,1.0035088325843429,19.67557084072964,15.705599714073982,6.0,59.10119805889307,60.0,0.12837066666666666,0.07420239611778615
2024-01-04 19:30:00,1.0,20.0,0.983849495375393,19.58407427662467,15.698517722540947,6.0,59.436225804758195,60.0,0.12837066666666666,0.07487245160951637
2024-01-04 19:45:00,1.0,20.0,0.9947092532549104,19.665867648414473,15.690237191832288,6.0,60.99430094481644,60.0,0.12837066666666666,0.07798860188963289
2024-01-04 20:00:00,3.0,19.6,1.1708356006075307,20.369816403099737,15.687819888118065,5.0,60.40174474982864,60.0,1.0269653333333335,0.07680348949965728
2024-01-04 20:15:00,3.0,19.5,1.1607544894615531,20.298739277052622,15.687126819241483,5.0,59.73133916285355,60.0,0.12837066666666666,0.0754626783257071
2024-01-04 20:30:00,1.0,20.0,1.136827342921833,20.192964402399035,15.684302127639269,5.0,59.521635601920075,60.0,0.0,0.07504327120384016
2024-01-04 20:45:00,1.0,20.0,1.1138721874686435,20.08934619274133,15.679371401733533,5.0,50.29028085859035,60.0,22.336496,0.056580561717180705
2024-01-04 21:00:00,1.0,20.0,1.1005805761031007,19.987406326630097,15.668126874502317,4.0,39.30830532459402,60.0,0.7702240000000001,0.034616610649188057
2024-01-04 21:15:00,2.0,19.0,1.0818117386409445,19.886896832599216,15.65022240545392,4.0,41.83133790831847,60.0,0.0,0.03966267581663693
2024-01-04 21:30:00,2.0,15.0,1.0632322581578886,19.7881313761816,15.630771978243514,4.0,45.01054483274121,60.0,0.0,0.046021089665482434
2024-01-04 21:45:00,2.0,15.0,1.0453695393092455,19.69104245693354,15.609857950000727,4.0,47.46594005892844,60.0,0.7702240000000001,0.05093188011785687
2024-01-04 22:00:00,2.0,15.0,1.0456629111287485,19.59478373148041,15.578927974361616,2.0,50.522858036441036,60.0,0.0,0.05704571607288207
2024-01-04 22:15:00,2.0,15.0,1.033884456528894,19.4989645044165,15.537159334281979,2.0,53.24201819775328,60.0,0.7702240000000001,0.062484036395506565
2024-01-04 22:30:00,1.0,20.0,1.149422083557487,20.039245786695922,15.498568248587528,2.0,56.01092526544831,60.0,0.0,0.06802185053089663
2024-01-04 22:45:00,1.0,20.0,1.2761665530965267,20.483689349856014,15.476178994158108,2.0,58.902299042067774,60.0,0.5134826666666666,0.07380459808413556
2024-01-04 23:00:00,1.0,20.0,1.2536611535792588,20.367209139799396,15.455892147448443,2.0,60.89837923127696,60.0,0.2567413333333333,0.07779675846255392
2024-01-04 23:15:00,2.0,18.0,1.2320311770261356,20.252759368929958,15.433799857279286,2.0,60.74656360397175,60.0,0.0,0.07749312720794352
2024-01-04 23:30:00,2.0,15.0,1.2112368589638924,20.14026133949191,15.409998173115294,2.0,60.617346373896105,60.0,0.2567413333333333,0.07723469274779221
2024-01-04 23:45:00,2.0,15.0,1.1912402720574378,20.029639926898483,15.384578641822536,2.0,60.13908079954012,60.0,1.5404480000000003,0.07627816159908023
2024-01-05 00:00:00,2.0,15.0,1.17200524108992,19.920823414656862,15.357628516338258,2.0,60.15234570994641,60.0,0.12837066666666666,0.07630469141989282
2024-01-05 00:15:00,2.0,15.0,1.1534972618780466,19.8137433369325,15.329230954680838,2.0,60.99375752311297,60.0,0.2567413333333333,0.07798751504622593
2024-01-05 00:30:00,2.0,15.0,1.1356834239404885,19.708334328399232,15.299465209746954,2.0,60.62508346691149,60.0,0.2567413333333333,0.07725016693382297
2024-01-05 00:45:00,2.0,15.0,1.118532336745674,19.604533981037967,15.268406810322476,2.0,60.42267474966795,60.0,0.0,0.07684534949933589
2024-01-05 01:00:00,2.0,15.0,1.102014059373264,19.502282707562284,15.236127733713753,2.0,59.52198714912951,60.0,1.155336,0.07504397429825903
2024-01-05 01:15:00,2.0,15.0,1.0861000334313191,19.401523611164233,15.202696570387163,2.0,59.10479375762274,60.0,0.12837066666666666,0.07420958751524548
2024-01-05 01:30:00,2.0,15.0,1.070763019078466,19.302202361287858,15.168178680986843,2.0,60.63456990183761,60.0,0.12837066666666666,0.07726913980367524
2024-01-05 01:45:00,2.0,15.0,1.0559770340073211,19.20426707515129,15.132636346083423,2.0,60.94305442952182,60.0,0.0,0.07788610885904365
2024-01-05 02:00:00,2.0,15.0,1.0504532224585126,19.107277251163776,15.091813487830734,1.0,60.76746920653415,60.0,0.12837066666666666,0.0775349384130683
2024-01-05 02:15:00,2.0,15.0,1.039069498185164,19.011020977389695,15.045317883104248,1.0,60.537153353332506,60.0,0.12837066666666666,0.07707430670666501
2024-01-05 02:30:00,2.0,15.0,1.027510262896703,18.915846300088994,14.998219558017729,1.0,60.33486760983497,60.0,0.2567413333333333,0.07666973521966994
2024-01-05 02:45:00,2.0,15.0,1.016319914632976,18.821718498492476,14.95055893892282,1.0,59.34260184740105,60.0,0.7702240000000001,0.0746852036948021
2024-01-05 03:00:00,2.0,15.0,1.0054821343507643,18.72860438917483,14.902374523983074,1.0,59.15220830215874,60.0,0.0,0.07430441660431747
2024-01-05 03:15:00,2.0,15.0,0.9949813549296577,18.63647225521299,14.853702972683061,1.0,59.0917281955529,60.0,0.7702240000000001,0.07418345639110581
2024-01-05 03:30:00,2.0,15.0,0.984802726383456,18.545291778622055,14.804579191193168,1.0,60.87546221726752,60.0,0.2567413333333333,0.07775092443453503
2024-01-05 03:45:00,2.0,15.0,0.9749320826817452,18.45503397591709,14.755036413781973,1.0,61.02815178929577,60.0,0.0,0.07805630357859154
2024-01-05 04:00:00,2.0,15.0,0.9740918373135196,18.365280183068414,14.70079085929966,0.0,60.94432447042752,60.0,0.0,0.07788864894085504
2024-01-05 04:15:00,1.0,17.666666666666668,0.9969016082122402,18.44735674223517,14.64190834867931,0.0,60.48373684840106,60.0,1.155336,0.07696747369680211
2024-01-05 04:30:00,1.0,20.0,1.2526828180913907,19.554488967344124,14.596620553824255,0.0,59.53726459431599,60.0,0.0,0.07507452918863197
2024-01-05 04:45:00,2.0,17.0,1.4839436534687107,20.470227729249483,14.577054677430775,0.0,59.45663950436611,60.0,0.0,0.07491327900873221
2024-01-05 05:00:00,2.0,15.0,1.4759635844204155,20.394572872482517,14.566086771950449,0.0,58.95980380690073,60.0,1.5404480000000003,0.07391960761380147
2024-01-05 05:15:00,2.0,15.0,1.447689355487532,20.259967725663504,14.552773944345507,0.0,60.31367068568175,60.0,0.2567413333333333,0.07662734137136352
2024-01-05 05:30:00,1.0,19.0,1.4205417489964962,20.127912154537515,14.537071727176583,0.0,60.935822979915855,60.0,0.0,0.0778716459598317
2024-01-05 05:45:00,1.0,16.0,1.394469445164543,19.998304886495614,14.519104386589495,0.0,60.85219397114403,60.0,0.0,0.07770438794228807
2024-01-05 06:00:00,2.0,17.0,1.3694234958801688,19.871049260405368,14.498990374665903,0.0,60.759544586445166,60.0,0.2567413333333333,0.07751908917289033
2024-01-05 06:15:00,2.0,15.0,1.345357214942777,19.746053013505744,14.476842598821424,0.0,60.40977095154518,60.0,1.7971893333333333,0.07681954190309036
2024-01-05 06:30:00,2.0,15.0,1.3222260733827085,19.623228078164406,14.452768678732868,0.0,49.76124394505123,60.0,12.965437333333334,0.05552248789010246
2024-01-05 06:45:00,2.0,15.0,1.299987599626518,19.50249038804097,14.426871191371783,0.0,47.68668157689732,60.0,2.439042666666667,0.051373363153794656
2024-01-05 07:00:00,1.0,19.666666666666668,1.388159292416344,19.939631839484115,14.402380759936365,0.0,49.686701443270245,60.0,0.0,0.05537340288654048
2024-01-05 07:15:00,1.0,20.0,1.525294592896143,20.44153652614769,14.393094290233353,0.0,52.83063740230035,60.0,0.12837066666666666,0.061661274804600694
2024-01-05 07:30:00,3.0,19.833333333333332,1.494617104311179,20.302504727786282,14.385928478861825,0.0,55.86675634005826,60.0,0.0,0.06773351268011653
2024-01-05 07:45:00,3.0,19.5,1.465178022947628,20.16623842070251,14.376097748842275,0.0,54.83283415982635,60.0,5.391568,0.06566566831965269
2024-01-05 08:00:00,3.0,19.5,1.419014625875133,20.03344103514866,14.368057086458512,1.0,56.340118150122024,60.0,0.12837066666666666,0.06868023630024404
2024-01-05 08:15:00,1.0,19.7,1.3890541400138976,19.90421924428822,14.362398271692541,1.0,59.29511105324532,60.0,0.385112,0.07459022210649063
2024-01-05 08:30:00,1.0,20.0,1.3614795591538207,19.77758789753455,14.35423262232118,1.0,60.99777971650197,60.0,0.0,0.07799555943300393
2024-01-05 08:45:00,3.0,19.9,1.3350143286888532,19.65344251155714,14.343688763609382,1.0,60.89256163874164,60.0,0.12837066666666666,0.07778512327748328
2024-01-05 09:00:00,3.0,19.5,1.3020495291493044,19.532032667534214,14.330891441718212,1.0,60.238862817032526,60.0,1.5404480000000003,0.07647772563406505
2024-01-05 09:15:00,1.0,19.666666666666668,1.285794344494071,19.47464613665198,14.316054526756544,1.0,59.8723460666632,60.0,0.2567413333333333,0.07574469213332641
2024-01-05 09:30:00,1.0,20.0,1.4707337421540625,20.30077713395199,14.308532590350099,1.0,61.00465148173185,60.0,0.0,0.0780093029634637
2024-01-05 09:45:00,1.0,20.0,1.5154096989608938,20.43755983600749,14.314547437181279,1.0,60.92087463842253,60.0,0.7702240000000001,0.07784174927684506
2024-01-05 10:00:00,1.0,20.0,1.4645618822214304,20.30036604249093,14.323183427787578,2.0,59.84453172529177,60.0,0.7702240000000001,0.07568906345058354
2024-01-05 10:15:00,3.0,19.533333333333335,1.4300840839282487,20.16717079044865,14.333611376972634,2.0,59.10165318441675,60.0,0.0,0.07420330636883349
2024-01-05 10:30:00,3.0,19.5,1.398207631777126,20.0369717735379,14.340969051298945,2.0,59.064962153573646,60.0,0.0,0.0741299243071473
2024-01-05 10:45:00,3.0,19.5,1.3676505774464778,19.909644716586783,14.345410332083437,2.0,60.615171146048404,60.0,0.2567413333333333,0.0772303422920968
2024-01-05 11:00:00,1.0,19.866666666666667,1.3137539347701002,19.786207824694376,14.347088862487164,2.0,60.65203005427373,60.0,1.155336,0.07730406010854747
2024-01-05 11:15:00,1.0,20.0,1.2844290113735992,19.66667755446058,14.346177868491043,2.0,59.10885860920693,60.0,1.668818666666667,0.07421771721841389
2024-01-05 11:30:00,1.0,20.0,1.2580041562711657,19.54963016065818,14.342818737575389,2.0,60.86838270271562,60.0,0.12837066666666666,0.07773676540543124
2024-01-05 11:45:00,1.0,20.0,1.3759495737346348,20.130456663179977,14.341912759958237,2.0,59.47684368002775,60.0,1.5404480000000003,0.0749536873600555
2024-01-05 12:00:00,1.0,20.0,1.4498941745783718,20.40315344774518,14.358608265176521,3.0,59.231072467135775,60.0,0.0,0.07446214493427156
2024-01-05 12:15:00,1.0,20.0,1.4144511324362448,20.271314055488848,14.37932489213799,3.0,59.151105037461974,60.0,0.0,0.07430221007492395
2024-01-05 12:30:00,1.0,20.0,1.3806911837643272,20.14264888399914,14.396691590248702,3.0,59.07130936727251,60.0,0.0,0.07414261873454503
2024-01-05 12:45:00,1.0,20.0,1.3483496705395912,20.01702432485768,14.410874291188412,3.0,59.5445050953987,60.0,0.12837066666666666,0.07508901019079742
2024-01-05 13:00:00,1.0,18.333333333333332,1.3344422450242048,19.893523533301117,14.422026379101492,3.0,61.12153288036385,60.0,0.0,0.07824306576072769
2024-01-05 13:15:00,1.0,20.0,1.305598560311664,19.771934859699535,14.43027551625772,3.0,61.05180974775231,60.0,0.0,0.07810361949550462
2024-01-05 13:30:00,1.0,20.0,1.2767695981422045,19.653055856064192,14.43575991027116,3.0,60.96793161471181,60.0,0.0,0.07793586322942363
2024-01-05 13:45:00,1.0,19.9,1.2505536598886644,19.555194744324282,14.438627058146926,3.0,60.884233640830345,60.0,0.0,0.0777684672816607
2024-01-05 14:00:00,1.0,20.0,1.3882978577072538,20.245846724687787,14.450115659280511,4.0,60.67203537037615,60.0,0.12837066666666666,0.0773440707407523
2024-01-05 14:15:00,1.0,20.0,1.4291937253459788,20.39043920828817,14.478371944760548,4.0,60.083276126844154,60.0,0.7702240000000001,0.0761665522536883
2024-01-05 14:30:00,1.0,20.0,1.3931997416827362,20.260526227232457,14.504427882000524,4.0,59.67082378971249,60.0,0.0,0.07534164757942499
2024-01-05 14:45:00,3.0,19.9,1.3587346565849925,20.13385424600853,14.527014086964021,4.0,59.58991183223887,60.0,0.0,0.07517982366447776
2024-01-05 15:00:00,3.0,19.5,1.3520163862604697,20.009070987441184,14.546294043012994,4.0,59.3744138688622,60.0,0.7702240000000001,0.0747488277377244
2024-01-05 15:15:00,3.0,19.5,1.3217146456843603,19.885906822285882,14.56239503473502,4.0,60.137345734250395,60.0,1.5404480000000003,0.0762746914685008
2024-01-05 15:30:00,3.0,19.5,1.2908670099071626,19.76564277610693,14.575463808204775,4.0,60.91709619589359,60.0,0.2567413333333333,0.07783419239178718
2024-01-05 15:45:00,3.0,19.6,1.261309284045432,19.6481573482338,14.585651115976225,4.0,60.33296932526654,60.0,1.0269653333333335,0.07666593865053307
2024-01-05 16:00:00,1.0,20.0,1.2413655724344832,19.55143903515941,14.591166580034967,3.55,59.61667196885023,60.0,0.0,0.07523334393770044
2024-01-05 16:15:00,1.0,20.0,1.38917817880629,20.242463162156874,14.598731903039258,3.55,58.27920680372101,60.0,5.134826666666667,0.07255841360744203
2024-01-05 16:30:00,1.0,20.0,1.4325800329321716,20.386824103179375,14.61830427148285,3.55,56.51558777335902,60.0,0.5134826666666666,0.06903117554671806
2024-01-05 16:45:00,1.0,20.0,1.3983790516972106,20.256510253965253,14.635931231306131,3.55,58.49549011639183,60.0,5.263197333333333,0.07299098023278366
2024-01-05 17:00:00,1.0,20.0,1.3669546154669554,20.129216789264124,14.649670570183908,3.396667,56.79600401247771,60.0,0.12837066666666666,0.06959200802495542
2024-01-05 17:15:00,1.0,20.0,1.3359257819145631,20.00478931518434,14.659613755903433,3.396667,59.77761641387997,60.0,0.2567413333333333,0.07555523282775994
2024-01-05 17:30:00,1.0,20.0,1.3061048077342179,19.883164889419316,14.666682740248598,3.396667,60.97887153432123,60.0,0.0,0.07795774306864246
2024-01-05 17:45:00,1.0,20.0,1.2775185620473042,19.76422721177778,14.671021539248967,3.396667,60.73884233567059,60.0,0.2567413333333333,0.07747768467134118
2024-01-05 18:00:00,1.0,19.933333333333334,1.2495281658011437,19.647891367423234,14.673055144810567,3.463333,60.5362208937386,60.0,0.0,0.07707244178747721
2024-01-05 18:15:00,1.0,20.0,1.2245086342467983,19.55248279963444,14.672953058117661,3.463333,60.45345017750595,60.0,0.12837066666666666,0.0769069003550119
2024-01-05 18:30:00,1.0,20.0,1.3729291322786774,20.245050213610575,14.677296387943018,3.463333,60.23299561742165,60.0,0.0,0.0764659912348433
2024-01-05 18:45:00,1.0,20.0,1.4173590519314665,20.39085752613478,14.693775092902202,3.463333,60.0680775077423,60.0,1.7971893333333335,0.07613615501548462
2024-01-05 19:00:00,1.0,20.0,1.3849380827659372,20.261861897599466,14.70803529616831,3.371667,58.80655929534976,60.0,1.155336,0.07361311859069954
2024-01-05 19:15:00,2.0,16.0,1.3533243513745314,20.135807749722122,14.718749770123964,3.371667,60.900609079773275,60.0,0.12837066666666666,0.07780121815954653
2024-01-05 19:30:00,1.0,19.0,1.3229773003707983,20.012606157479407,14.72653328635954,3.371667,61.062359005474136,60.0,0.12837066666666666,0.07812471801094828
2024-01-05 19:45:00,1.0,20.0,1.2938880584217265,19.892138646404888,14.731532583739108,3.371667,60.8865834046717,60.0,0.0,0.07777316680934339
2024-01-05 20:00:00,1.0,20.0,1.265154606104399,19.77432995610187,14.734304713170749,3.468333,60.674380087234894,60.0,0.12837066666666666,0.07734876017446979
2024-01-05 20:15:00,1.0,20.0,1.2381815585086362,19.659088116058214,14.73502642590331,3.468333,60.48100356393214,60.0,0.12837066666666666,0.07696200712786429
2024-01-05 20:30:00,1.0,20.0,1.2123648939469183,19.54627216454786,14.733339977953095,3.468333,60.30643710295608,60.0,0.2567413333333333,0.07661287420591216
2024-01-05 20:45:00,1.0,20.0,1.3308973198198664,20.131275115715123,14.734144283676937,3.468333,59.87493683791312,60.0,0.12837066666666666,0.07574987367582624
2024-01-05 21:00:00,1.0,20.0,1.4110250384904475,20.40785130387591,14.747314831866014,3.246667,59.78440491690017,60.0,0.0,0.07556880983380035
2024-01-05 21:15:00,2.0,16.333333333333332,1.3787764724022007,20.27942165716071,14.758727721498214,3.246667,59.70324900215647,60.0,0.0,0.07540649800431296
2024-01-05 21:30:00,2.0,15.0,1.3477520666726273,20.153908280838383,14.767139569052489,3.246667,59.6222673996062,60.0,0.0,0.07524453479921239
2024-01-05 21:45:00,2.0,15.0,1.3180145454577714,20.031189961563726,14.772700529092004,3.246667,59.308489805360296,60.0,1.668818666666667,0.0746169796107206
2024-01-05 22:00:00,2.0,15.0,1.2904077393170965,19.911110635161826,14.77510782510878,3.143333,50.061432258014186,60.0,19.76908266666667,0.05612286451602837
2024-01-05 22:15:00,2.0,15.0,1.2633153002239992,19.79354291986956,14.774451560565057,3.143333,41.66562834357093,60.0,0.2567413333333333,0.039331256687141866
2024-01-05 22:30:00,2.0,15.0,1.2372733816917192,19.678422123951144,14.771380183260687,3.143333,43.93526366378814,60.0,0.7702240000000001,0.04387052732757627
2024-01-05 22:45:00,2.0,15.0,1.212289369047254,19.565648606939423,14.766016602781157,3.143333,46.91701252485094,60.0,0.12837066666666666,0.04983402504970187
2024-01-05 23:00:00,2.0,15.0,1.1886789569351788,19.4551109890112,14.758298182684738,3.101667,50.03018701035661,60.0,0.0,0.05606037402071322
2024-01-05 23:15:00,2.0,15.0,1.1657669894075926,19.346711661755855,14.748317920822895,3.101667,53.19178388904263,60.0,0.0,0.062383567778085264
2024-01-05 23:30:00,2.0,15.0,1.1437473173187778,19.240380398664186,14.736391296227792,3.101667,56.24542830609562,60.0,0.385112,0.06849085661219124
2024-01-05 23:45:00,2.0,15.0,1.1226016153712883,19.136034888311904,14.722619352424898,3.101667,59.08125256235212,60.0,0.0,0.07416250512470422
2024-01-06 00:00:00,2.0,15.0,1.102785129487617,19.033574414056396,14.706853864162172,3.045,60.94039181024477,60.0,1.5404480000000003,0.07788078362048953
2024-01-06 00:15:00,2.0,15.0,1.0834043219873337,18.93291466224544,14.689161210179755,3.045,59.29142470634976,60.0,0.12837066666666666,0.0745828494126995
2024-01-06 00:30:00,2.0,15.0,1.0647463884086608,18.83400634047041,14.669913150948554,3.045,59.769525907176096,60.0,0.2567413333333333,0.07553905181435219
2024-01-06 00:45:00,2.0,15.0,1.046808869364298,18.73678160412537,14.649192479250868,3.045,60.94719194024667,60.0,0.12837066666666666,0.07789438388049334
2024-01-06 01:00:00,2.0,15.0,1.0399257068257728,18.6407117570671,14.62195713865564,1.8583329999999998,60.67969007294627,60.0,0.2567413333333333,0.07735938014589254
2024-01-06 01:15:00,2.0,15.0,1.0261488876517835,18.545539658115505,14.587749804085858,1.8583329999999998,60.40366685874649,60.0,0.0,0.07680733371749297
2024-01-06 01:30:00,2.0,15.0,1.0122209172681298,18.451672931417036,14.552594661249097,1.8583329999999998,59.54910043844378,60.0,0.7702240000000001,0.07509820087688755
2024-01-06 01:45:00,2.0,15.0,0.9987849675308772,18.359065252418766,14.516547092259195,1.8583329999999998,59.3214199107351,60.0,0.12837066666666666,0.07464283982147021
2024-01-06 02:00:00,2.0,15.0,0.9861247160086158,18.267658693306036,14.479508823670745,1.823333,59.19533748426806,60.0,0.0,0.07439067496853613
2024-01-06 02:15:00,2.0,15.0,0.9736906560220964,18.17740523307988,14.441514420488197,1.823333,59.11544680862093,60.0,0.0,0.07423089361724185
2024-01-06 02:30:00,2.0,15.0,0.9616624414970201,18.088278267504418,14.402787341127423,1.823333,59.035727727600616,60.0,0.12837066666666666,0.07407145545520125
2024-01-06 02:45:00,2.0,15.0,0.9500407165607857,18.00023952984214,14.363372828708181,1.823333,59.69152413070956,60.0,0.8985946666666668,0.07538304826141912
2024-01-06 03:00:00,2.0,15.0,0.9366816012652013,17.91334759380687,14.324364069351311,2.066667,60.99413247895443,60.0,0.12837066666666666,0.07798826495790886
2024-01-06 03:15:00,2.0,15.0,0.9252417654656553,17.827607580757977,14.285911314221961,2.066667,60.7725166046492,60.0,0.0,0.07754503320929838
2024-01-06 03:30:00,2.0,15.0,0.914316016004413,17.742890426325065,14.246833062349955,2.066667,60.68923835641727,60.0,0.0,0.07737847671283454
2024-01-06 03:45:00,2.0,15.0,0.903750911121921,17.65916218199863,14.20716920490709,2.066667,60.210720891514605,60.0,0.8985946666666668,0.0764214417830292
2024-01-06 04:00:00,2.0,15.0,0.8942584171867815,17.57635782999349,14.166598115570263,1.9833329999999998,59.559036022702934,60.0,0.0,0.07511807204540587
2024-01-06 04:15:00,2.0,15.0,0.8845650259538669,17.494432657042406,14.125118583715741,1.9833329999999998,59.211743434730195,60.0,0.385112,0.07442348686946039
2024-01-06 04:30:00,1.0,19.0,0.9527110084309399,17.816919973743605,14.085079793260718,1.9833329999999998,58.86630412095792,60.0,2.5674133333333335,0.07373260824191585
2024-01-06 04:45:00,1.0,20.0,1.2405575813657097,19.060741212677467,14.063821424247413,1.9833329999999998,59.78605379245318,60.0,0.12837066666666666,0.07557210758490636
2024-01-06 05:00:00,1.0,20.0,1.5210612622827442,20.25296994718645,14.069910801465246,2.066667,60.86951229107608,60.0,0.0,0.07773902458215216
2024-01-06 05:15:00,1.0,20.0,1.5763870084147271,20.445827950123178,14.09268236844287,2.066667,60.78602570891178,60.0,0.0,0.07757205141782356
2024-01-06 05:30:00,2.0,19.333333333333332,1.5384151981646441,20.302449505735684,14.113604998349613,2.066667,60.7027184449069,60.0,0.0,0.07740543688981381
2024-01-06 05:45:00,2.0,15.0,1.5020418446294055,20.16249086630015,14.130932572543395,2.066667,60.6195901139097,60.0,0.0,0.0772391802278194
2024-01-06 06:00:00,1.0,19.666666666666668,1.472216841962269,20.025583569851754,14.142362073115304,1.491667,60.28836160983826,60.0,0.5134826666666666,0.07657672321967653
2024-01-06 06:15:00,1.0,20.0,1.4401887069537413,19.891495896173932,14.14780549965704,1.491667,59.90295548668878,60.0,0.0,0.07580591097337756
2024-01-06 06:30:00,1.0,20.0,1.4091722907719537,19.76032315839225,14.150309256287985,1.491667,59.3959611614009,60.0,1.668818666666667,0.07479192232280178
2024-01-06 06:45:00,1.0,20.0,1.3794294257619653,19.631945402007652,14.150021634302243,1.491667,60.128999764686476,60.0,1.5404480000000003,0.07625799952937294
2024-01-06 07:00:00,1.0,20.0,1.372190086854142,19.634946972321224,14.14688386978249,1.375,61.13857835786871,60.0,0.0,0.07827715671573743
2024-01-06 07:15:00,1.0,20.0,1.5564302231526745,20.43975271384051,14.15220464976971,1.375,60.12202522695017,60.0,1.0269653333333333,0.07624405045390034
2024-01-06 07:30:00,1.0,20.0,1.5594245981048078,20.4239687809869,14.167064444493024,1.375,59.24620647786673,60.0,1.7971893333333335,0.07449241295573346
2024-01-06 07:45:00,1.0,20.0,1.5238114200535156,20.282036523303045,14.178946848175421,1.375,60.29338268538489,60.0,0.7702240000000001,0.07658676537076978
2024-01-06 08:00:00,3.0,19.833333333333332,1.481439697233596,20.143696983957753,14.186300479259193,1.088333,61.04551221028582,60.0,0.0,0.07809102442057164
2024-01-06 08:15:00,3.0,19.5,1.4488667363236594,20.008826387650824,14.189176250076354,1.088333,60.9248555148565,60.0,0.12837066666666666,0.077849711029713
2024-01-06 08:30:00,1.0,19.966666666666665,1.4182213699565824,19.87683561109076,14.189172935436597,1.088333,60.74018052699466,60.0,0.0,0.07748036105398932
2024-01-06 08:45:00,1.0,20.0,1.3888288658550192,19.747606649700298,14.186436287331993,1.088333,60.5374745354941,60.0,0.12837066666666666,0.07707494907098819
2024-01-06 09:00:00,1.0,20.0,1.3467400368895666,19.621666698312744,14.181849565200455,1.26,59.88469260697514,60.0,0.8985946666666668,0.07576938521395028
2024-01-06 09:15:00,1.0,20.0,1.3483888818000165,19.670519272509573,14.176123542939651,1.26,59.26125393985667,60.0,0.12837066666666666,0.07452250787971335
2024-01-06 09:30:00,1.0,20.0,1.5346072278639895,20.470795614609713,14.180677936910033,1.26,59.407759120996474,60.0,0.2567413333333333,0.07481551824199294
2024-01-06 09:45:00,1.0,20.0,1.5286540302191938,20.42085177295259,14.193704907513903,1.26,60.97323548590519,60.0,0.2567413333333333,0.07794647097181037
2024-01-06 10:00:00,1.0,20.0,1.4608667009475944,20.283238388103012,14.203656613614289,1.25,60.8191921510707,60.0,0.0,0.07763838430214139
2024-01-06 10:15:00,1.0,20.0,1.4261174439253588,20.150447443443298,14.21043493364514,1.25,59.91773851181992,60.0,1.0269653333333335,0.07583547702363984
2024-01-06 10:30:00,1.0,20.0,1.39510625121734,20.020571074408597,14.214260511605914,1.25,59.514686268145866,60.0,0.12837066666666666,0.07502937253629173
2024-01-06 10:45:00,1.0,20.0,1.3653713061304928,19.893489071854287,14.215282022316147,1.25,59.73348200502083,60.0,0.7702240000000001,0.07546696401004166
2024-01-06 11:00:00,1.0,20.0,1.3075134681947707,19.77043160661058,14.217387377565313,2.116667,59.76107745065201,60.0,1.7971893333333335,0.07552215490130403
2024-01-06 11:15:00,1.0,20.0,1.2770146102393964,19.651546569483887,14.22113015862768,2.116667,59.50693010967576,60.0,0.0,0.07501386021935151
2024-01-06 11:30:00,1.0,20.0,1.251167267223497,19.55364461952475,14.222307659993616,2.116667,61.044100238210675,60.0,0.0,0.07808820047642134
2024-01-06 11:45:00,1.0,20.0,1.3987607111550584,20.243796489164676,14.227840669460674,2.116667,60.790673909492085,60.0,0.2567413333333333,0.07758134781898418
2024-01-06 12:00:00,1.0,20.0,1.4512780703792068,20.386849524014956,14.24638416835988,2.3399999999999994,60.615502924117145,60.0,0.0,0.07723100584823431
2024-01-06 12:15:00,2.0,17.0,1.4173111520275465,20.254773143011622,14.264069494595,2.3399999999999994,60.091183395511884,60.0,0.7702240000000001,0.07618236679102378
2024-01-06 12:30:00,2.0,15.0,1.3841423115300313,20.125815143883518,14.278490649879972,2.3399999999999994,59.559189206755796,60.0,0.2567413333333333,0.0751183784135116
2024-01-06 12:45:00,1.0,20.0,1.352361255664545,19.999844806649307,14.289809844505529,2.3399999999999994,59.571574590613984,60.0,0.2567413333333333,0.07514314918122798
2024-01-06 13:00:00,1.0,20.0,1.331200794231223,19.876292333328628,14.303397786105034,3.55,61.0443231347931,60.0,0.0,0.07808864626958621
2024-01-06 13:15:00,1.0,20.0,1.300127810247575,19.75513317216456,14.319917976911244,3.55,60.97476583852441,60.0,0.0,0.07794953167704884
2024-01-06 13:30:00,1.0,20.0,1.2696376288155649,19.636840583396218,14.333434933450086,3.55,60.56909274418169,60.0,1.9255600000000002,0.07713818548836336
2024-01-06 13:45:00,1.0,20.0,1.2489419415750396,19.582637464041753,14.344184583025367,3.55,60.152497026316745,60.0,0.5134826666666666,0.0763049940526335
2024-01-06 14:00:00,1.0,20.0,1.3897603460632089,20.333956493197704,14.360497851757328,3.376667,60.68433608953725,60.0,0.0,0.07736867217907449
2024-01-06 14:15:00,1.0,20.0,1.4034356344937688,20.37583246461909,14.386081184583684,3.376667,60.60124724141317,60.0,0.0,0.07720249448282636
2024-01-06 14:30:00,1.0,20.0,1.368701850076887,20.248230586473785,14.408903321514982,3.376667,60.49074081302323,60.0,0.12837066666666666,0.07698148162604648
2024-01-06 14:45:00,1.0,20.0,1.3354383244670838,20.12375648947055,14.428400309921168,3.376667,60.159866799908016,60.0,0.2567413333333333,0.07631973359981603
2024-01-06 15:00:00,1.0,20.0,1.3541755068730568,19.99994639961369,14.442464990271796,2.853333,59.94011659555706,60.0,0.0,0.07588023319111413
2024-01-06 15:15:00,1.0,20.0,1.327193801487387,19.87634556817709,14.450956660480804,2.853333,59.858626232679384,60.0,0.0,0.07571725246535875
2024-01-06 15:30:00,1.0,20.0,1.2978652322721749,19.755501375131352,14.456634663099113,2.853333,59.16243219069428,60.0,1.9255600000000002,0.07432486438138856
2024-01-06 15:45:00,1.0,20.0,1.2697481983807948,19.63729970551081,14.459640242483987,2.853333,60.76568368632544,60.0,0.0,0.07753136737265089
2024-01-06 16:00:00,1.0,20.0,1.2783125976985228,19.581725426088095,14.46061128449806,2.951667,60.98289178469184,60.0,0.0,0.07796578356938368
2024-01-06 16:15:00,1.0,20.0,1.4462755178584765,20.32898704260886,14.468612033828398,2.951667,60.77960914047289,60.0,0.2567413333333333,0.07755921828094578
2024-01-06 16:30:00,1.0,20.0,1.4620713279692743,20.36547638455512,14.486876712763806,2.951667,60.46658185992007,60.0,0.12837066666666666,0.07693316371984013
2024-01-06 16:45:00,1.0,20.0,1.4276925547970434,20.232453803206518,14.502487542516002,2.951667,60.163346551368946,60.0,0.2567413333333333,0.0763266931027379
2024-01-06 17:00:00,1.0,20.0,1.4022228685778564,20.10219352995937,14.511186968997018,2.096667,59.76890355006188,60.0,0.2567413333333333,0.07553780710012377
2024-01-06 17:15:00,1.0,20.0,1.3726871384439316,19.97442542737379,14.512751786700063,2.096667,59.60512323330579,60.0,0.0,0.07521024646661158
2024-01-06 17:30:00,1.0,20.0,1.343901897891183,19.84936223284798,14.511623816822311,2.096667,59.377273641863425,60.0,0.2567413333333333,0.07475454728372684
2024-01-06 17:45:00,1.0,20.0,1.3162909964436238,19.726893338315445,14.507939616920092,2.096667,59.08155368149277,60.0,0.12837066666666666,0.07416310736298555
2024-01-06 18:00:00,1.0,19.633333333333333,1.2962362655126372,19.60662518644714,14.498650341161511,1.36,60.58356427151109,60.0,0.0,0.07716712854302217
2024-01-06 18:15:00,1.0,20.0,1.3121686163754276,19.70875422433789,14.484275574489859,1.36,60.730866041083885,60.0,0.385112,0.07746173208216776
2024-01-06 18:30:00,1.0,20.0,1.4851916256790583,20.426318927883163,14.481098424135036,1.36,60.3351421518428,60.0,0.385112,0.07667028430368562
2024-01-06 18:45:00,1.0,20.0,1.4670770797752317,20.326696690799853,14.484178215778465,1.36,60.023138034914645,60.0,0.12837066666666666,0.0760462760698293
2024-01-06 19:00:00,1.0,20.0,1.439267756321801,20.19290306954547,14.482804107644798,0.985,59.601339526930566,60.0,0.6418533333333334,0.07520267905386113
2024-01-06 19:15:00,1.0,20.0,1.4103438805932136,20.061702554521162,14.476868394257943,0.985,59.906818242540105,60.0,0.385112,0.0758136364850802
2024-01-06 19:30:00,3.0,19.5,1.3823874714057465,19.93312833435909,14.468393150330627,0.985,60.12910757885738,60.0,0.7702240000000001,0.07625821515771475
2024-01-06 19:45:00,3.0,19.5,1.355555341264421,19.807074519786568,14.457508721501446,0.985,59.992121954380536,60.0,0.0,0.07598424390876107
2024-01-06 20:00:00,3.0,19.5,1.3308882135123528,19.683391182346224,14.443799934255424,0.86,59.91051989085611,60.0,0.0,0.07582103978171223
2024-01-06 20:15:00,1.0,19.9,1.30644988421107,19.561961295682185,14.427329137762952,0.86,59.63184768739925,60.0,1.668818666666667,0.07526369537479849
2024-01-06 20:30:00,1.0,20.0,1.4094883417670172,20.06539787124924,14.412740174115134,0.86,59.843724946871255,60.0,0.2567413333333333,0.07568744989374251
2024-01-06 20:45:00,1.0,20.0,1.50621735662298,20.40756468856914,14.411990725930407,0.86,61.03564598529599,60.0,0.0,0.078071291970592
2024-01-06 21:00:00,1.0,20.0,1.4757549996127821,20.270286283193947,14.410835512899602,0.713333,60.95180256988386,60.0,0.0,0.07790360513976773
2024-01-06 21:15:00,1.0,20.0,1.4456560907500426,20.135787246940936,14.406155424266482,0.713333,60.37162397898458,60.0,0.7702240000000001,0.07674324795796918
2024-01-06 21:30:00,2.0,15.333333333333334,1.416698420018992,20.004008710140056,14.398829939572739,0.713333,59.86661162670791,60.0,0.12837066666666666,0.0757332232534158
2024-01-06 21:45:00,2.0,15.0,1.3889084939518086,19.874840688994595,14.388994521787566,0.713333,59.739358200392715,60.0,0.0,0.07547871640078543
2024-01-06 22:00:00,2.0,15.0,1.362524240856635,19.748165186379442,14.376634458584801,0.68,59.224658466747215,60.0,1.7971893333333333,0.07444931693349445
2024-01-06 22:15:00,2.0,15.0,1.336991579810416,19.623876536889483,14.361857888749542,0.68,60.435190124574305,60.0,0.7702240000000001,0.0768703802491486
2024-01-06 22:30:00,2.0,15.0,1.3124522842172721,19.501892234554475,14.344949356794608,0.68,60.175148004991236,60.0,0.0,0.07635029600998247
2024-01-06 22:45:00,2.0,15.0,1.2888790004188566,19.382121301265997,14.326020350744376,0.68,59.92763719481487,60.0,0.5134826666666666,0.07585527438962973
2024-01-06 23:00:00,2.0,15.0,1.2652377181837031,19.26452120663792,14.305666219568671,0.793333,59.46024276919291,60.0,0.0,0.07492048553838583
2024-01-06 23:15:00,2.0,15.0,1.243197678827977,19.14902771441253,14.284039115679414,0.793333,59.37978311195757,60.0,0.0,0.07475956622391515
2024-01-06 23:30:00,2.0,15.0,1.222072122041184,19.035517133380853,14.260667089434076,0.793333,59.241327656102534,60.0,1.0269653333333335,0.07448265531220508
2024-01-06 23:45:00,2.0,15.0,1.2017587842846509,18.92391297415377,14.23564339584986,0.793333,60.17906381708489,60.0,0.0,0.07635812763416978
2024-01-07 00:00:00,2.0,15.0,1.1786682102714103,18.814301206176868,14.210811856037191,1.2,60.931297945300756,60.0,0.2567413333333333,0.0778625958906015
2024-01-07 00:15:00,2.0,15.0,1.1589053000986924,18.706679055249214,14.186439679203568,1.2,60.682282910560694,60.0,0.0,0.07736456582112138
2024-01-07 00:30:00,2.0,15.0,1.1401157085833982,18.600820052154592,14.160567694477747,1.2,60.00248418073223,60.0,1.7971893333333335,0.07600496836146446
2024-01-07 00:45:00,2.0,15.0,1.1220373315297345,18.496657222192912,14.13327727440018,1.2,61.07911628480177,60.0,0.0,0.07815823256960354
2024-01-07 01:00:00,2.0,15.0,1.1034586196025769,18.39417940289435,14.105228552529844,1.335,60.86953619573087,60.0,0.385112,0.07773907239146173
2024-01-07 01:15:00,2.0,15.0,1.0863871511252083,18.293347766219615,14.076556020160348,1.335,60.58394473618528,60.0,0.0,0.07716788947237056
2024-01-07 01:30:00,2.0,15.0,1.070023194124276,18.194050936306855,14.046652929500091,1.335,60.501071515437935,60.0,0.0,0.07700214303087587
2024-01-07 01:45:00,2.0,15.0,1.0542624102503002,18.09623211670274,14.015587871096194,1.335,60.317209256793745,60.0,0.2567413333333333,0.07663441851358749
2024-01-07 02:00:00,2.0,15.0,1.0355540942649275,17.99999475959103,13.985166759511905,1.738333,60.06035273843658,60.0,0.0,0.07612070547687315
2024-01-07 02:15:00,2.0,15.0,1.0199619872573378,17.90535346339311,13.955632881333774,1.738333,59.20652371155158,60.0,0.7702240000000001,0.07441304742310319
2024-01-07 02:30:00,2.0,15.0,1.005159525585804,17.81210016653238,13.925022405024126,1.738333,58.94894183387609,60.0,0.7702240000000001,0.07389788366775218
2024-01-07 02:45:00,2.0,15.0,0.9908948413649802,17.720184232402683,13.89339627592952,1.738333,60.22743847609821,60.0,0.12837066666666666,0.07645487695219641
2024-01-07 03:00:00,2.0,15.0,0.9752363628281417,17.62964266478118,13.861754771046318,1.956667,60.64862438629502,60.0,0.5134826666666666,0.07729724877259003
2024-01-07 03:15:00,2.0,15.0,0.9614574906009804,17.540465221364673,13.830251206578923,1.956667,60.25320362510358,60.0,0.12837066666666666,0.07650640725020716
2024-01-07 03:30:00,2.0,15.0,0.9482901661185195,17.45252194184327,13.797843109412382,1.956667,60.097551482490886,60.0,0.0,0.07619510296498179
2024-01-07 03:45:00,2.0,15.0,0.9355898125610889,17.365768859649574,13.764583092621471,1.956667,59.92375065802712,60.0,0.2567413333333333,0.07584750131605424
2024-01-07 04:00:00,2.0,15.0,0.9230588314532856,17.280176363388208,13.730657937242468,1.988333,59.56248591508259,60.0,0.7702240000000001,0.07512497183016519
2024-01-07 04:15:00,2.0,17.0,0.9577653835993429,17.434279509075004,13.697131241486472,1.988333,60.25824075026638,60.0,0.385112,0.07651648150053277
2024-01-07 04:30:00,2.0,15.0,1.0233250205967457,17.654780234604278,13.671188029546,1.988333,60.78978812932569,60.0,0.385112,0.07757957625865139
2024-01-07 04:45:00,2.0,15.0,1.007208484131996,17.561282145858385,13.646196215081874,1.988333,60.46751263318474,60.0,0.12837066666666666,0.07693502526636949
2024-01-07 05:00:00,2.0,15.0,0.9927004493813756,17.469194274119285,13.619519351578399,1.873333,60.265408097841096,60.0,0.12837066666666666,0.07653081619568218
2024-01-07 05:15:00,2.0,15.0,0.9780372899038637,17.378443399241405,13.591171522768326,1.873333,60.10972974163179,60.0,0.0,0.07621945948326357
2024-01-07 05:30:00,1.0,18.666666666666668,1.0273818875962712,17.62545623639208,13.563215944843202,1.873333,60.027875072102944,60.0,0.0,0.07605575014420589
2024-01-07 05:45:00,1.0,16.666666666666668,1.1988352883556668,18.319542407078618,13.549065435218564,1.873333,59.946196215600565,60.0,0.0,0.07589239243120113
2024-01-07 06:00:00,2.0,16.666666666666668,1.3418811521644138,18.909108695168655,13.543509393927115,1.066667,59.86469279450147,60.0,0.0,0.07572938558900294
2024-01-07 06:15:00,1.0,18.333333333333332,1.39465820367985,19.15190871057656,13.542486717636315,1.066667,59.78336443199357,60.0,0.0,0.07556672886398713
2024-01-07 06:30:00,1.0,20.0,1.6415985828893755,20.240432805364833,13.55564609149744,1.066667,59.7022107520741,60.0,0.0,0.07540442150414821
2024-01-07 06:45:00,1.0,20.0,1.693110650672715,20.422370575998777,13.58433902125447,1.066667,59.62123137954795,60.0,0.0,0.07524246275909592
2024-01-07 07:00:00,1.0,20.0,1.6502294358160547,20.268474133029848,13.611254526137435,1.176667,59.54042594002585,60.0,0.0,0.07508085188005169
2024-01-07 07:15:00,1.0,20.0,1.6100554635346607,20.118403843218086,13.63471545578551,1.176667,59.45979405992263,60.0,0.0,0.07491958811984525
2024-01-07 07:30:00,1.0,20.0,1.5716527293245077,19.971944293809916,13.654366826311506,1.176667,59.37933536645558,60.0,0.0,0.07475867073291115
2024-01-07 07:45:00,1.0,20.0,1.534863270536561,19.8289435236391,13.670397356872792,1.176667,59.29904948764268,60.0,0.0,0.07459809897528534
2024-01-07 08:00:00,1.0,20.0,1.4937634801180963,19.68952504197922,13.683606814058146,1.32,59.21893605230084,60.0,0.0,0.07443787210460169
2024-01-07 08:15:00,1.0,20.0,1.4594124380372253,19.559741349816314,13.694237299899253,1.32,59.138994690044264,60.0,0.0,0.07427798938008852
2024-01-07 08:30:00,1.0,20.0,1.5911068409695084,20.207331652914537,13.707537518344047,1.32,59.05922503128266,60.0,0.0,0.07411845006256532
2024-01-07 08:45:00,1.0,20.0,1.6610246815782186,20.460426806541985,13.734184182674305,1.32,59.76762990620204,60.0,0.0,0.07553525981240408
2024-01-07 09:00:00,1.0,20.0,1.6048465060027284,20.310103451299202,13.757984392581113,1.021667,61.04637483684348,60.0,0.0,0.07809274967368696
2024-01-07 09:15:00,1.0,20.0,1.5656867537917953,20.16420993628253,13.776514735978365,1.021667,60.96250837727429,60.0,0.0,0.07792501675454859
2024-01-07 09:30:00,1.0,20.0,1.52926146518223,20.021740872257386,13.791469491328469,1.021667,60.87882205179105,60.0,0.0,0.0777576441035821
2024-01-07 09:45:00,1.0,20.0,1.4943582687714518,19.882552888811215,13.803026521830226,1.021667,60.7953154734895,60.0,0.0,0.07759063094697902
2024-01-07 10:00:00,1.0,20.0,1.4499180833364635,19.747013936125146,13.812407986094902,1.265,60.71198825629644,60.0,0.0,0.07742397651259288
2024-01-07 10:15:00,1.0,20.0,1.416833023656211,19.615080231658066,13.819896775070795,1.265,60.628840014967864,60.0,0.0,0.07725768002993574
2024-01-07 10:30:00,1.0,20.0,1.4254664165177038,19.706475845672557,13.825155397539577,1.265,60.545870365087254,60.0,0.0,0.07709174073017451
2024-01-07 10:45:00,1.0,20.0,1.6059754752830036,20.48102233295848,13.841275072477032,1.265,60.46307892306374,60.0,0.0,0.07692615784612748
2024-01-07 11:00:00,1.0,19.833333333333332,1.5850764435750455,20.394744810000166,13.8670332303223,1.9199999999999997,60.380465306130354,60.0,0.0,0.07676093061226072
2024-01-07 11:15:00,1.0,20.0,1.5457978892633384,20.25063719814089,13.892325800376295,1.9199999999999997,60.2980291323423,60.0,0.0,0.0765960582646846
2024-01-07 11:30:00,1.0,20.0,1.5083339303119734,20.11005229542377,13.913877509916222,1.9199999999999997,60.20657002057513,60.0,0.2567413333333333,0.07641314004115027
2024-01-07 11:45:00,1.0,20.0,1.4724490505964896,19.972841360585978,13.931873200270912,1.9199999999999997,59.85798410205764,60.0,0.0,0.07571596820411529
2024-01-07 12:00:00,1.0,20.0,1.4242748497236908,19.839489632697855,13.950008055150507,2.735,59.657101792562415,60.0,0.385112,0.07531420358512482
2024-01-07 12:15:00,1.0,20.0,1.3890666028601506,19.710031016178036,13.96882489599643,2.735,59.28220279122422,60.0,0.0,0.07456440558244844
2024-01-07 12:30:00,1.0,20.0,1.3562403690859857,19.583658699743356,13.98439793444552,2.735,59.16533345169464,60.0,0.12837066666666666,0.07433066690338928
2024-01-07 12:45:00,1.0,20.0,1.4023697264458572,19.863773206175065,13.998784812314566,2.735,59.6291983747565,60.0,0.0,0.075258396749513
2024-01-07 13:00:00,1.0,20.0,1.5566057446589496,20.51146373884776,14.028075867235856,3.143333,61.05148314727435,60.0,0.0,0.0781029662945487
2024-01-07 13:15:00,1.0,20.0,1.520119533269421,20.37581120192545,14.06234889774914,3.143333,60.96760571572858,60.0,0.0,0.07793521143145715
2024-01-07 13:30:00,1.0,20.0,1.4812590878794551,20.23766167297809,14.092668620668935,3.143333,60.88390844183512,60.0,0.0,0.07776781688367022
2024-01-07 13:45:00,1.0,20.0,1.444054116903621,20.103011009439754,14.119220509209107,3.143333,60.800390938639076,60.0,0.0,0.07760078187727816
2024-01-07 14:00:00,1.0,20.0,1.4176417461031934,19.971285209654727,14.142000225761034,3.1,60.717052820016754,60.0,0.0,0.07743410564003352
2024-01-07 14:15:00,1.0,20.0,1.3840673255993168,19.842288631732583,14.161152876306769,3.1,60.63389370067377,60.0,0.0,0.07726778740134753
2024-01-07 14:30:00,1.0,20.0,1.3512726539526516,19.7163754210551,14.177061248918301,3.1,60.55091319614328,60.0,0.0,0.07710182639228656
2024-01-07 14:45:00,2.0,15.666666666666666,1.3198537439736941,19.593415989303278,14.189886233761722,3.1,60.46811092278424,60.0,0.0,0.07693622184556849
2024-01-07 15:00:00,1.0,18.333333333333332,1.3727652608752363,19.74720913613996,14.195834235087107,1.946667,60.385486497779624,60.0,0.0,0.07677097299555925
2024-01-07 15:15:00,1.0,20.0,1.553104807658116,20.4953462017633,14.20807069101564,1.946667,60.30303953913464,60.0,0.0,0.07660607907826927
2024-01-07 15:30:00,1.0,20.0,1.5302361424543165,20.38970148471658,14.226147714812203,1.946667,60.220769665674965,60.0,0.0,0.07644153933134992
2024-01-07 15:45:00,1.0,20.0,1.4946241054116076,20.250458805050396,14.240815835568146,1.946667,60.138676497045,60.0,0.0,0.07627735299408998
2024-01-07 16:00:00,1.0,20.0,1.461294526059678,20.114382644834254,14.253714061308335,2.306667,60.05675965370609,60.0,0.0,0.07611351930741218
2024-01-07 16:15:00,1.0,20.0,1.4279330413416602,19.981377741469785,14.265164406800256,2.306667,59.97501875693478,60.0,0.0,0.07595003751386957
2024-01-07 16:30:00,1.0,20.0,1.3958818093351668,19.851385596105164,14.27351783969049,2.306667,59.893453428821076,60.0,0.0,0.07578690685764215
2024-01-07 16:45:00,1.0,20.0,1.3651593128158679,19.724281053565907,14.278929380203529,2.306667,59.812063292266664,60.0,0.0,0.07562412658453334
2024-01-07 17:00:00,1.0,20.0,1.3345545281152729,19.599996162011998,14.282115014301569,2.438333,59.730847970983206,60.0,0.0,0.07546169594196642
2024-01-07 17:15:00,1.0,20.0,1.3568705317661596,19.75383187488014,14.28431107938753,2.438333,59.64980708949057,60.0,0.0,0.07529961417898115
2024-01-07 17:30:00,1.0,20.0,1.5349081110481115,20.503643108559952,14.298558144352203,2.438333,59.5689402731151,60.0,0.0,0.0751378805462302
2024-01-07 17:45:00,1.0,20.0,1.511985191898238,20.399677854071182,14.31862031095862,2.438333,59.4882471479879,60.0,0.0,0.0749764942959758
2024-01-07 18:00:00,1.0,20.0,1.4809846475366641,20.261910801460157,14.332947423121292,1.905,59.4077273410431,60.0,0.0,0.0748154546820862
2024-01-07 18:15:00,1.0,20.0,1.4480852393436774,20.127059360658357,14.341387539309663,1.905,59.327380480016124,60.0,0.0,0.07465476096003225
2024-01-07 18:30:00,1.0,20.0,1.4162622070774362,19.995198941085068,14.346782537975649,1.905,59.247206193441954,60.0,0.0,0.07449441238688391
2024-01-07 18:45:00,1.0,20.0,1.3857520678296118,19.86620588124102,14.349285440007781,1.905,59.167204110653465,60.0,0.0,0.07433440822130694
2024-01-07 19:00:00,1.0,20.0,1.3617363361579016,19.739727604158748,14.346452875827016,1.305,59.08737386177965,60.0,0.0,0.07417474772355931
2024-01-07 19:15:00,1.0,20.0,1.335098677862476,19.615552745615798,14.338154662182626,1.305,59.22267638127432,60.0,0.0,0.07444535276254863
2024-01-07 19:30:00,1.0,20.0,1.3389396009799788,19.66532721662237,14.32801754277265,1.305,60.9325656223386,60.0,0.0,0.0778651312446772
2024-01-07 19:45:00,1.0,20.0,1.5263002138481263,20.466417693044768,14.328311866678781,1.305,60.99201168321539,60.0,0.0,0.07798402336643079
2024-01-07 20:00:00,1.0,20.0,1.5209964089609989,20.417205054913396,14.337438816480683,1.355,60.908261988525005,60.0,0.0,0.07781652397705001
2024-01-07 20:15:00,1.0,20.0,1.4873677697272116,20.278716724987042,14.343900304613461,1.355,60.824692177125016,60.0,0.0,0.07764938435425003
2024-01-07 20:30:00,1.0,20.0,1.4551551172118091,20.143255832781495,14.347300538383479,1.355,60.74130186264985,60.0,0.0,0.0774826037252997
2024-01-07 20:45:00,2.0,18.666666666666668,1.4242668950062973,20.010697631137894,14.347793775488785,1.355,60.65809065956382,60.0,0.0,0.07731618131912762
2024-01-07 21:00:00,2.0,15.0,1.389983398600031,19.881131585555195,14.347828632892734,1.888333,60.57505818315928,60.0,0.0,0.07715011636631856
2024-01-07 21:15:00,2.0,15.0,1.3602993809041388,19.75453187536061,14.347784648585206,1.888333,60.492204049554935,60.0,0.0,0.07698440809910986
2024-01-07 21:30:00,2.0,17.0,1.3321160595211574,19.6305803576087,14.345120192284663,1.888333,60.409527875693975,60.0,0.0,0.07681905575138796
2024-01-07 21:45:00,2.0,15.0,1.305079086492527,19.509169061407146,14.339968484059685,1.888333,60.32702927934237,60.0,0.0,0.07665405855868473
2024-01-07 22:00:00,2.0,15.0,1.2767337401576961,19.390302459323035,14.333643264206469,2.163333,60.24470787908704,60.0,0.0,0.07648941575817408
2024-01-07 22:15:00,2.0,15.0,1.251182171263658,19.273927477470163,14.32638901027096,2.163333,60.16256329433418,60.0,0.0,0.07632512658866836
2024-01-07 22:30:00,2.0,15.0,1.2268073538622069,19.159842123496404,14.316941689117959,2.163333,60.08059514530741,60.0,0.0,0.07616119029061483
2024-01-07 22:45:00,2.0,15.0,1.2034082498330074,19.047954501725826,14.305414311590997,2.163333,59.99880305304611,60.0,0.0,0.07599760610609223
2024-01-07 23:00:00,2.0,15.0,1.1874923353885867,18.937883690813628,14.288678039433753,1.413333,59.91718663940356,60.0,0.0,0.07583437327880713
2024-01-07 23:15:00,2.0,15.0,1.1676933611837532,18.829422537289968,14.266498987773097,1.413333,59.83574552704528,60.0,0.0,0.07567149105409056
2024-01-07 23:30:00,2.0,15.0,1.1482510857318395,18.722786074382213,14.242737157033668,1.413333,59.75447933944724,60.0,0.0,0.07550895867889448
2024-01-07 23:45:00,2.0,15.0,1.129551353833704,18.61790437549263,14.217477675918156,1.413333,59.67338770089415,60.0,0.0,0.0753467754017883
2024-01-08 00:00:00,2.0,15.0,1.1203692348001766,18.51431647321946,14.186450297249385,0.405,59.5924702364777,60.0,0.0,0.07518494047295542
2024-01-08 00:15:00,2.0,15.0,1.1054483662749741,18.41179267322658,14.149279841281524,0.405,59.51172657209484,60.0,0.0,0.07502345314418966
2024-01-08 00:30:00,2.0,15.0,1.090512636884948,18.31066864803491,14.111097955216918,0.405,59.431156334446015,60.0,0.0,0.07486231266889204
2024-01-08 00:45:00,2.0,15.0,1.0761034647915326,18.210894821693515,14.07196387909692,0.405,59.35075915103352,60.0,0.0,0.07470151830206703
2024-01-08 01:00:00,2.0,15.0,1.0625612264630206,18.112407553914256,14.031754243766654,0.363333,59.27053465015968,60.0,0.0,0.07454106930031937
2024-01-08 01:15:00,2.0,15.0,1.049234281540961,18.015154759088993,13.990504123267653,0.363333,59.19048246092519,60.0,0.0,0.07438096492185038
2024-01-08 01:30:00,2.0,15.0,1.036338927754444,17.919109619759016,13.948473753513804,0.363333,59.110602213227395,60.0,0.0,0.07422120442645479
2024-01-08 01:45:00,2.0,15.0,1.0238782424519552,17.824231216753667,13.905711481310503,0.363333,59.04522703035293,60.0,0.0,0.07409045406070586
2024-01-08 02:00:00,2.0,15.0,1.0100274159952527,17.73056125400967,13.86315521515584,0.57,60.58404976594309,60.0,0.0,0.07716809953188618
2024-01-08 02:15:00,2.0,15.0,0.9978883111544048,17.638096395472136,13.820941566356801,0.57,61.01631984707521,60.0,0.0,0.0780326396941504
2024-01-08 02:30:00,2.0,15.0,0.9862638541226667,17.546719680601672,13.7780756419589,0.57,60.93251794165719,60.0,0.0,0.07786503588331437
2024-01-08 02:45:00,2.0,15.0,0.9750202682282672,17.45639525771662,13.734599486091366,0.57,60.848896031671316,60.0,0.0,0.07769779206334264
2024-01-08 03:00:00,2.0,15.0,0.9616800165403218,17.36719898731481,13.691768654619214,0.8516670000000001,60.76545373051117,60.0,0.0,0.07753090746102236
2024-01-08 03:15:00,2.0,15.0,0.9504796985135752,17.279144491006853,13.649747686898344,0.8516670000000001,60.68219065240068,60.0,0.0,0.07736438130480136
2024-01-08 03:30:00,2.0,15.0,0.939796463431006,17.19208971692649,13.60716001589695,0.8516670000000001,60.59910641239241,60.0,0.0,0.07719821282478481
2024-01-08 03:45:00,2.0,15.0,0.9294562322378631,17.1060023798905,13.564043295145204,0.8516670000000001,60.51620062636571,60.0,0.0,0.07703240125273142
2024-01-08 04:00:00,2.0,15.0,0.9177985538758977,17.02092525494385,13.521246119572313,1.04,60.43347291102497,60.0,0.0,0.07686694582204993
2024-01-08 04:15:00,1.0,15.666666666666666,0.9076524763662938,16.943002887177368,13.478887153724076,1.04,60.35092288389787,60.0,0.0,0.07670184576779575
2024-01-08 04:30:00,1.0,20.0,1.0664145849689377,17.67712982883368,13.44189156200714,1.04,60.268550163333586,60.0,0.0,0.07653710032666718
2024-01-08 04:45:00,2.0,17.333333333333332,1.3342605518156538,18.774810690136334,13.428492622758679,1.04,60.18635436850101,60.0,0.0,0.07637270873700201
2024-01-08 05:00:00,2.0,15.0,1.3617233302390752,18.821068647642033,13.42553951786253,0.448333,60.10433511938702,60.0,0.0,0.07620867023877405
2024-01-08 05:15:00,2.0,15.0,1.3349402770788525,18.696902390097417,13.417879095300869,0.448333,60.02249203679473,60.0,0.0,0.07604498407358946
2024-01-08 05:30:00,2.0,18.0,1.3724493114319103,18.905470939007557,13.409300158131815,0.448333,59.9408247423417,60.0,0.0,0.0758816494846834
2024-01-08 05:45:00,2.0,15.0,1.4696640014189453,19.2700743212958,13.410538501840641,0.448333,59.85933285845821,60.0,0.0,0.07571866571691642
2024-01-08 06:00:00,2.0,15.0,1.437228204878868,19.13625158272985,13.413064073058132,0.55,59.77801600838551,60.0,0.0,0.07555603201677101
2024-01-08 06:15:00,2.0,15.0,1.4067336179471255,19.005328226505696,13.413239393554749,0.55,59.69687381617405,60.0,0.0,0.07539374763234809
2024-01-08 06:30:00,2.0,15.0,1.377540874972799,18.877147932713783,13.410698143131276,0.55,59.615905906681824,60.0,0.0,0.07523181181336365
2024-01-08 06:45:00,2.0,15.0,1.3495360196113657,18.75159881789985,13.405578380849475,0.55,59.53511190557254,60.0,0.0,0.07507022381114509
2024-01-08 07:00:00,2.0,15.0,1.321460468953296,18.62862838288813,13.398479294696216,0.658333,59.45449143931396,60.0,0.0,0.07490898287862792
2024-01-08 07:15:00,2.0,15.0,1.2954011739670683,18.508153918195834,13.389575315646246,0.658333,59.37404413517611,60.0,0.0,0.07474808827035223
2024-01-08 07:30:00,1.0,19.666666666666668,1.380282453813895,18.945881877797806,13.381575496863684,0.658333,59.293769621229636,60.0,0.0,0.07458753924245927
2024-01-08 07:45:00,3.0,19.533333333333335,1.6107485379642672,19.90560000440853,13.392073394971986,0.658333,59.21366752634398,60.0,0.0,0.07442733505268796
2024-01-08 08:00:00,1.0,19.866666666666667,1.5906436282596357,19.849303356772108,13.411635346808112,0.706667,59.13373748018578,60.0,0.0,0.07426747496037155
2024-01-08 08:15:00,3.0,19.933333333333334,1.5525784888214846,19.70464995631931,13.42807227895156,0.706667,59.05397911321707,60.0,0.0,0.07410795822643414
2024-01-08 08:30:00,3.0,19.5,1.5168740279301602,19.563353070814678,13.441021918541562,0.706667,59.90561723323951,60.0,0.0,0.07581123446647903
2024-01-08 08:45:00,3.0,19.5,1.4826577754767183,19.42527252230896,13.450658080965672,0.706667,61.04084380775145,60.0,0.0,0.0780816876155029
2024-01-08 09:00:00,1.0,19.566666666666666,1.4329713372868451,19.297199150283074,13.456813392556695,0.628333,60.95698922810273,60.0,0.0,0.07791397845620546
2024-01-08 09:15:00,1.0,20.0,1.5693237580016304,19.98408183443036,13.465471881107435,0.628333,60.87331475702345,60.0,0.0,0.07774662951404691
2024-01-08 09:30:00,1.0,20.0,1.6991219303718241,20.475624743618045,13.491056214856114,0.628333,60.78982000766418,60.0,0.0,0.07757964001532837
2024-01-08 09:45:00,1.0,20.0,1.657358194586259,20.3211244800186,13.517384700184047,0.628333,60.706504594006375,60.0,0.0,0.07741300918801276
2024-01-08 10:00:00,3.0,19.733333333333334,1.6049415807275167,20.170958911658207,13.539779938544353,0.64,60.62336813086064,60.0,0.0,0.07724673626172128
2024-01-08 10:15:00,1.0,19.666666666666668,1.5659849317042875,20.02503619456553,13.558461010305832,0.64,60.54041023386488,60.0,0.0,0.07708082046772977
2024-01-08 10:30:00,1.0,20.0,1.5295211235867265,19.88254156262312,13.573561381003007,0.64,60.45763051948257,60.0,0.0,0.07691526103896515
2024-01-08 10:45:00,1.0,20.0,1.4945813030280812,19.743331466824188,13.585259142025054,0.64,60.375028605000985,60.0,0.0,0.07675005721000197
2024-01-08 11:00:00,3.0,19.933333333333334,1.4634811669741477,19.607155436058257,13.594823216530612,0.895,60.29260410852939,60.0,0.0,0.07658520821705878
2024-01-08 11:15:00,1.0,19.666666666666668,1.4395265191072384,19.535243544912948,13.602610395795965,0.895,60.21035664899731,60.0,0.0,0.07642071329799463
2024-01-08 11:30:00,1.0,20.0,1.6093534046335876,20.310879242825067,13.616605330380995,0.895,60.1282858461528,60.0,0.0,0.0762565716923056
2024-01-08 11:45:00,1.0,20.0,1.6328016911120702,20.380871011927542,13.641808455303105,0.895,60.04639132056057,60.0,0.0,0.07609278264112115
2024-01-08 12:00:00,1.0,20.0,1.580423735491096,20.232960915647762,13.665467317493396,1.2050000000000003,59.964672693600384,60.0,0.0,0.07592934538720077
2024-01-08 12:15:00,1.0,20.0,1.5413679546504366,20.08930297619688,13.686876870433988,1.2050000000000003,59.88312958746519,60.0,0.0,0.07576625917493038
2024-01-08 12:30:00,1.0,20.0,1.5048289318589976,19.949080456139047,13.704671015725705,1.2050000000000003,59.80176162515941,60.0,0.0,0.07560352325031881
2024-01-08 12:45:00,1.0,20.0,1.4698229019812852,19.812148956900906,13.719029034713438,1.2050000000000003,59.72056843049721,60.0,0.0,0.07544113686099442
2024-01-08 13:00:00,1.0,20.0,1.4431591975841747,19.678048298729973,13.731629450700959,1.555,59.63954962810078,60.0,0.0,0.07527909925620156
2024-01-08 13:15:00,3.0,19.833333333333332,1.410677222809543,19.54665225524318,13.742778816063815,1.555,59.558704843398544,60.0,0.0,0.07511740968679709
2024-01-08 13:30:00,1.0,19.566666666666666,1.379048201708848,19.424372304781294,13.750873589410242,1.555,59.47803370262345,60.0,0.0,0.0749560674052469
2024-01-08 13:45:00,1.0,20.0,1.51579295789858,20.09766139942788,13.761895371074365,1.555,59.397535832811265,60.0,0.0,0.07479507166562253
2024-01-08 14:00:00,3.0,19.733333333333334,1.618657769700479,20.429709381452486,13.78812393599872,1.651667,59.317210861798834,60.0,0.0,0.07463442172359767
2024-01-08 14:15:00,3.0,19.5,1.579605939757877,20.282449458765587,13.814025981337961,1.651667,59.237058418222354,60.0,0.0,0.07447411683644471
2024-01-08 14:30:00,3.0,19.5,1.541310528720137,20.138790430771635,13.83610365479038,1.651667,59.15707813151569,60.0,0.0,0.07431415626303138
2024-01-08 14:45:00,1.0,19.666666666666668,1.5046293469532024,19.998580245229075,13.854545914663506,1.651667,59.07726963190856,60.0,0.0,0.07415453926381713
2024-01-08 15:00:00,1.0,20.0,1.4866614008776855,19.86087491678631,13.871310762532254,2.065,59.39885531223279,60.0,0.0,0.07479771062446558
2024-01-08 15:15:00,1.0,20.0,1.453046973937415,19.72549452537694,13.886727262169028,2.065,61.02225643899253,60.0,0.0,0.07804451287798506
2024-01-08 15:30:00,1.0,20.0,1.4196242839571334,19.59325614649188,13.898879027486746,2.065,60.9813581027697,60.0,0.0,0.07796271620553939
2024-01-08 15:45:00,1.0,20.0,1.4651740379745433,19.86755871731537,13.909825480136885,2.065,60.89763129056398,60.0,0.0,0.07779526258112797
2024-01-08 16:00:00,1.0,20.0,1.6200526101905721,20.509434125301407,13.93567987613797,2.478333,60.814084312500114,60.0,0.0,0.07762816862500023
2024-01-08 16:15:00,1.0,20.0,1.5830688808401936,20.367956061248524,13.966522174481101,2.478333,60.73071678231808,60.0,0.0,0.07746143356463618
2024-01-08 16:30:00,1.0,20.0,1.5436398681839083,20.22403409410203,13.993393135518554,2.478333,60.64752831458754,60.0,0.0,0.07729505662917507
2024-01-08 16:45:00,1.0,20.0,1.5058819821096976,20.083662608804136,14.016479871163286,2.478333,60.56451852470594,60.0,0.0,0.07712903704941189
2024-01-08 17:00:00,1.0,19.8,1.4661805206996208,19.946849749400883,14.037716840503391,2.883333,60.48168702889686,60.0,0.0,0.07696337405779372
2024-01-08 17:15:00,1.0,20.0,1.430577248417515,19.813518870663803,14.05746381209418,2.883333,60.39903344420818,60.0,0.0,0.07679806688841635
2024-01-08 17:30:00,1.0,20.0,1.396691124639986,19.68337397369186,14.073858969489573,2.883333,60.31655738851028,60.0,0.0,0.07663311477702055
2024-01-08 17:45:00,1.0,20.0,1.364226455851753,19.556281166156293,14.087068544321403,2.883333,60.23425848049432,60.0,0.0,0.07646851696098864
2024-01-08 18:00:00,1.0,20.0,1.4775817913712967,20.14608262164652,14.102880831422905,3.075,60.152136339670456,60.0,0.0,0.0763042726793409
2024-01-08 18:15:00,1.0,20.0,1.567233234659162,20.48226927415457,14.133449449133886,3.075,60.07019058636608,60.0,0.0,0.07614038117273217
2024-01-08 18:30:00,1.0,20.0,1.5275055528628747,20.339821314253253,14.163184668224451,3.075,59.988420841724114,60.0,0.0,0.07597684168344825
2024-01-08 18:45:00,1.0,20.0,1.4894675137769593,20.200950440395598,14.189080517993625,3.075,59.90682672770117,60.0,0.0,0.07581365345540235
2024-01-08 19:00:00,1.0,20.0,1.4504208094484823,20.065622083809032,14.21262053860813,3.375,59.82540786706586,60.0,0.0,0.07565081573413172
2024-01-08 19:15:00,3.0,19.533333333333335,1.4148210297567279,19.93374073344613,14.234119478314401,3.375,59.744163883397036,60.0,0.0,0.07548832776679408
2024-01-08 19:30:00,3.0,19.5,1.3808855650515912,19.8050501724133,14.252244221387572,3.375,59.66309440108205,60.0,0.0,0.0753261888021641
2024-01-08 19:45:00,1.0,19.666666666666668,1.3483773802290742,19.67941595886696,14.267161768476104,3.375,59.58219904531502,60.0,0.0,0.07516439809063004
2024-01-08 20:00:00,1.0,20.0,1.3156731592632176,19.556779533538386,14.27980092307252,3.553333,59.50147744209512,60.0,0.0,0.07500295488419025
2024-01-08 20:15:00,1.0,20.0,1.4134066644010637,20.071981097662665,14.294306124138094,3.553333,59.420929218224806,60.0,0.0,0.07484185843644962
2024-01-08 20:30:00,1.0,20.0,1.5232878281274675,20.492934666304414,14.322905671592203,3.553333,59.34055400130811,60.0,0.0,0.07468110800261621
2024-01-08 20:45:00,1.0,20.0,1.484720794843814,20.354478651550025,14.351596098471907,3.553333,59.26035141974892,60.0,0.0,0.07452070283949784
2024-01-08 21:00:00,1.0,20.0,1.4444594384177312,20.21964445117138,14.378208129730329,3.935,59.1803211027493,60.0,0.0,0.07436064220549861
2024-01-08 21:15:00,1.0,20.0,1.408191092822857,20.088347500450343,14.403096386974676,3.935,59.10046268030771,60.0,0.0,0.07420092536061541
2024-01-08 21:30:00,2.0,19.333333333333332,1.3736658384206786,19.960297089073933,14.424521176080427,3.935,59.106768521117566,60.0,0.0,0.07421353704223513
2024-01-08 21:45:00,2.0,15.0,1.3405992412547056,19.83535581815001,14.442653322335902,3.935,60.78847168548022,60.0,0.0,0.07757694337096045
2024-01-08 22:00:00,2.0,15.0,1.3070607569395494,19.71347599332212,14.458576317981324,4.148333,61.005630838232115,60.0,0.0,0.07801126167646424
2024-01-08 22:15:00,2.0,15.0,1.2762075925892675,19.594567639447305,14.472541183610863,4.148333,60.921851891394304,60.0,0.0,0.07784370378278861
2024-01-08 22:30:00,2.0,15.0,1.246761427322038,19.4784275089129,14.483625856953443,4.148333,60.838252890676635,60.0,0.0,0.07767650578135328
2024-01-08 22:45:00,2.0,15.0,1.218543507866149,19.3649399100757,14.491973812026172,4.148333,60.75483344957861,60.0,0.0,0.07750966689915723
2024-01-08 23:00:00,2.0,15.0,1.1886729728528782,19.254120858318036,14.49911715805486,4.471667,60.671593182429845,60.0,0.0,0.07734318636485969
2024-01-08 23:15:00,2.0,15.0,1.161978024853757,19.145918231730313,14.505331405549908,4.471667,60.58853170438835,60.0,0.0,0.0771770634087767
2024-01-08 23:30:00,2.0,15.0,1.13656225419348,19.040104361510586,14.509118988415826,4.471667,60.505648631438724,60.0,0.0,0.07701129726287745
2024-01-08 23:45:00,2.0,15.0,1.1121938907721896,18.93658059254928,14.510601957239423,4.471667,60.42294358039037,60.0,0.0,0.07684588716078074
2024-01-09 00:00:00,2.0,15.0,1.0854471539542436,18.835403950465853,14.51156529565493,4.858333,60.340416168875755,60.0,0.0,0.07668083233775151
2024-01-09 00:15:00,2.0,15.0,1.062114419517061,18.736548237798306,14.512293453124538,4.858333,60.2580660153486,60.0,0.0,0.0765161320306972
2024-01-09 00:30:00,2.0,15.0,1.0399454353352666,18.639775666355757,14.510952601883314,4.858333,60.17589273908212,60.0,0.0,0.07635178547816426
2024-01-09 00:45:00,2.0,15.0,1.0186798302582851,18.545001149357912,14.507647766015033,4.858333,60.093895960167366,60.0,0.0,0.07618779192033472
2024-01-09 01:00:00,2.0,15.0,0.9947528513930178,18.452301171758062,14.504219622341207,5.261667,60.01207529951127,60.0,0.0,0.07602415059902252
2024-01-09 01:15:00,2.0,15.0,0.9742148664789958,18.361664625942037,14.500944617755216,5.261667,59.930430378835055,60.0,0.0,0.07586086075767011
2024-01-09 01:30:00,2.0,15.0,0.9547265380788853,18.272858946713903,14.495890551398137,5.261667,59.848960820672474,60.0,0.0,0.07569792164134494
2024-01-09 01:45:00,2.0,15.0,0.9360238212947142,18.18581014146533,14.489148550659356,5.261667,59.767666248367966,60.0,0.0,0.07553533249673593
2024-01-09 02:00:00,2.0,15.0,0.9291509555905685,18.0999517338544,14.47533208960755,3.993333,59.686546286075,60.0,0.0,0.07537309257215001
2024-01-09 02:15:00,2.0,15.0,0.9149238893395086,18.015007570927324,14.453954792625343,3.993333,59.60560055875433,60.0,0.0,0.07521120111750866
2024-01-09 02:30:00,2.0,15.0,0.9005483429578741,17.93141209064324,14.431457755901928,3.993333,59.524828692172235,60.0,0.0,0.07504965738434446
2024-01-09 02:45:00,2.0,15.0,0.8867109823176569,17.849114613812684,14.407902400923108,3.993333,59.444230312898796,60.0,0.0,0.0748884606257976
2024-01-09 03:00:00,2.0,15.0,0.8776535165028356,17.767875838071355,14.381239899976903,3.505,59.363805048306176,60.0,0.0,0.07472761009661236
2024-01-09 03:15:00,2.0,15.0,0.8659796667223862,17.68756918790327,14.351306888140991,3.505,59.28355252656687,60.0,0.0,0.07456710505313376
2024-01-09 03:30:00,2.0,15.0,0.854454187786449,17.60834258206029,14.32060607625568,3.505,59.203472376652044,60.0,0.0,0.07440694475330409
2024-01-09 03:45:00,2.0,15.0,0.8433323150709445,17.530158021300714,14.289182796038292,3.505,59.12356422832976,60.0,0.0,0.07424712845665953
2024-01-09 04:00:00,2.0,15.0,0.8288540715802913,17.45314666903666,14.258928673696,3.933333,59.043827712163306,60.0,0.0,0.07408765542432662
2024-01-09 04:15:00,1.0,15.666666666666666,0.8174693640746463,17.383487392552638,14.230077075752822,3.933333,60.18187000799011,60.0,0.0,0.07636374001598022
2024-01-09 04:30:00,1.0,18.0,0.9454715132163393,17.96060104253413,14.205871504595832,3.933333,61.03012085606867,60.0,0.0,0.07806024171213735
2024-01-09 04:45:00,2.0,16.333333333333332,1.0839546278720371,18.523208998011228,14.196265454490009,3.933333,60.94628930790488,60.0,0.0,0.07789257861580975
2024-01-09 05:00:00,1.0,15.666666666666666,1.0828879060376184,18.490212824035726,14.192525760971275,3.926667,60.86263781884194,60.0,0.0,0.07772527563768389
2024-01-09 05:15:00,2.0,15.333333333333334,1.1198869482179055,18.652923804008072,14.189653173438547,3.926667,60.77916600213668,60.0,0.0,0.07755833200427335
2024-01-09 05:30:00,2.0,15.0,1.100804641055958,18.55664405959255,14.187777714197154,3.926667,60.69587347187657,60.0,0.0,0.07739174694375313
2024-01-09 05:45:00,2.0,15.0,1.0783905367582365,18.456318436258396,14.183845525224791,3.926667,60.612759842978,60.0,0.0,0.07722551968595599
2024-01-09 06:00:00,1.0,16.666666666666668,1.0650092225430352,18.419373947981782,14.17823420738427,3.9716670000000005,60.529824731184455,60.0,0.0,0.07705964946236891
2024-01-09 06:15:00,1.0,20.0,1.2666556489759946,19.35769691599412,14.180478426880093,3.9716670000000005,60.447067753064765,60.0,0.0,0.07689413550612953
2024-01-09 06:30:00,2.0,15.333333333333334,1.4413994706950433,20.053228216903868,14.204116515103768,3.9716670000000005,60.3644885260113,60.0,0.0,0.0767289770520226
2024-01-09 06:45:00,2.0,15.0,1.4091055923261802,19.92797652388633,14.231221767650428,3.9716670000000005,60.28208666823823,60.0,0.0,0.07656417333647646
2024-01-09 07:00:00,2.0,15.0,1.378617030004729,19.79966394606216,14.252437274031205,3.423333,60.19986179877976,60.0,0.0,0.0763997235975595
2024-01-09 07:15:00,1.0,16.666666666666668,1.3463675712763785,19.674213626565987,14.26768244378655,3.423333,60.117813537488345,60.0,0.0,0.07623562707497668
2024-01-09 07:30:00,1.0,20.0,1.3151926151724307,19.55169409843745,14.279873648213266,3.423333,60.03594150503294,60.0,0.0,0.07607188301006589
2024-01-09 07:45:00,1.0,20.0,1.4314570832705258,20.14587778030851,14.293965609670407,3.423333,59.95424532289727,60.0,0.0,0.07590849064579455
2024-01-09 08:00:00,3.0,19.733333333333334,1.5154558893455627,20.486571805067964,14.32002350515837,2.96,59.87272461337807,60.0,0.0,0.07574544922675615
2024-01-09 08:15:00,3.0,19.5,1.4777232401885692,20.3488199303976,14.343220624441804,2.96,59.79137899958331,60.0,0.0,0.07558275799916661
2024-01-09 08:30:00,3.0,19.5,1.4421197472340679,20.214415744499128,14.362871180515747,2.96,59.710208105430496,60.0,0.0,0.07542041621086099
2024-01-09 08:45:00,3.0,19.5,1.408015086980685,20.083218065336627,14.379150578760797,2.96,59.62921155564489,60.0,0.0,0.07525842311128979
2024-01-09 09:00:00,3.0,19.5,1.3605318996887557,19.95577797171627,14.391748616235004,2.848333,59.548388975757796,60.0,0.0,0.0750967779515156
2024-01-09 09:15:00,3.0,19.5,1.3286988101638924,19.832031721311573,14.400796033272206,2.848333,59.467739992104846,60.0,0.0,0.0749354799842097
2024-01-09 09:30:00,3.0,19.5,1.299219810308878,19.711056298599253,14.407010148891139,2.848333,59.38726423182423,60.0,0.0,0.07477452846364846
2024-01-09 09:45:00,3.0,19.5,1.2709596760661277,19.59273689791578,14.410533088544069,2.848333,59.30696132285501,60.0,0.0,0.07461392264571001
2024-01-09 10:00:00,3.0,19.5,1.2413370147063667,19.477078557839295,14.412219889183138,3.015,59.22683089393538,60.0,0.0,0.07445366178787077
2024-01-09 10:15:00,3.0,19.5,1.2149009402360649,19.364009803873156,14.412275971524886,3.015,59.14687257460097,60.0,0.0,0.07429374514920194
2024-01-09 10:30:00,1.0,19.866666666666667,1.2910099754412043,19.747825105820368,14.413034850478821,3.015,59.067085995183106,60.0,0.0,0.07413417199036623
2024-01-09 10:45:00,1.0,20.0,1.3497316302673132,19.955742131899942,14.423716370750329,3.015,59.63223147657166,60.0,0.0,0.07526446295314333
2024-01-09 11:00:00,1.0,20.0,1.2956909923492974,19.833962521260577,14.435087515394546,3.418333,61.054509734387146,60.0,0.0,0.0781090194687743
2024-01-09 11:15:00,1.0,20.0,1.2643400262427866,19.716192084383955,14.445580616438068,3.418333,60.97062580213172,60.0,0.0,0.07794125160426345
2024-01-09 11:30:00,3.0,19.733333333333334,1.2358847084536058,19.601096428074026,14.453320930599372,3.418333,60.88692204149126,60.0,0.0,0.0777738440829825
2024-01-09 11:45:00,3.0,19.5,1.2086097651859682,19.488564371289392,14.458446186086798,3.418333,60.80339806548091,60.0,0.0,0.07760679613096183
2024-01-09 12:00:00,3.0,19.5,1.1647770686669219,19.379301857367764,14.46285380407599,3.826667,60.720053487947034,60.0,0.0,0.07744010697589407
2024-01-09 12:15:00,3.0,19.5,1.1380292345274081,19.27334924413138,14.466871360290737,3.826667,60.63688792356537,60.0,0.0,0.07727377584713073
2024-01-09 12:30:00,3.0,19.5,1.1135811252186143,19.169694247826772,14.468574550727132,3.826667,60.55390098783929,60.0,0.0,0.0771078019756786
2024-01-09 12:45:00,3.0,19.5,1.090136273600154,19.06824237276194,14.468080179698484,3.826667,60.471092297098046,60.0,0.0,0.07694218459419609
2024-01-09 13:00:00,3.0,19.5,1.1518769316688162,19.372118637102982,14.469996580208504,4.429999999999999,60.38846146849491,60.0,0.0,0.07677692293698982
2024-01-09 13:15:00,3.0,19.6,1.2984493490473468,19.957146232124796,14.488079659007662,4.429999999999999,60.30600812000547,60.0,0.0,0.07661201624001096
2024-01-09 13:30:00,3.0,19.5,1.2677864932730134,19.83895609554614,14.508848881198931,4.429999999999999,60.223731870425894,60.0,0.0,0.07644746374085179
2024-01-09 13:45:00,1.0,19.766666666666666,1.2370549443444683,19.723655626566238,14.526549267542396,4.429999999999999,60.141632339371085,60.0,0.0,0.07628326467874218
2024-01-09 14:00:00,1.0,19.8,1.1890925854523553,19.611976546145534,14.542157136563528,4.62,60.059709147273,60.0,0.0,0.07611941829454599
2024-01-09 14:15:00,3.0,19.933333333333334,1.1808552590377632,19.63262139091861,14.556228252946712,4.62,59.977961915378806,60.0,0.0,0.07595592383075761
2024-01-09 14:30:00,3.0,19.5,1.2572925045706285,19.943153341555803,14.575092534518957,4.62,59.89639026574922,60.0,0.0,0.07579278053149843
2024-01-09 14:45:00,1.0,19.566666666666666,1.2263535378970805,19.82883014022544,14.594733934383662,4.62,59.81499382125671,60.0,0.0,0.07562998764251341
2024-01-09 15:00:00,1.0,20.0,1.2430467701852153,19.7151524127681,14.611356927794581,4.608333,59.73377220558377,60.0,0.0,0.07546754441116753
2024-01-09 15:15:00,1.0,20.0,1.216999914063104,19.601757106485152,14.62503966796039,4.608333,59.65272504322117,60.0,0.0,0.07530545008644234
2024-01-09 15:30:00,1.0,20.0,1.22844598113517,19.71142743637289,14.636690898128476,4.608333,59.57185195946622,60.0,0.0,0.07514370391893245
2024-01-09 15:45:00,1.0,20.0,1.3976201467730032,20.43689762697672,14.658917485478188,4.608333,59.49115258042105,60.0,0.0,0.0749823051608421
2024-01-09 16:00:00,1.0,20.0,1.4037253668767022,20.344247502670825,14.683476075936339,3.838333,59.41062653299086,60.0,0.0,0.07482125306598172
2024-01-09 16:15:00,1.0,20.0,1.3720903692217097,20.216382000110336,14.700924858508378,3.838333,59.33027344488222,60.0,0.0,0.07466054688976445
2024-01-09 16:30:00,1.0,20.0,1.3399094996801517,20.09154202332129,14.715203749334723,3.838333,59.250092944601356,60.0,0.0,0.07450018588920272
2024-01-09 16:45:00,1.0,20.0,1.3090757105173294,19.969600686246526,14.72647021584669,3.838333,59.1700846614524,60.0,0.0,0.07434016932290481
2024-01-09 17:00:00,1.0,20.0,1.2861229224292847,19.850141746210745,14.731616244954626,3.083333,59.090248225535646,60.0,0.0,0.07418049645107129
2024-01-09 17:15:00,1.0,20.0,1.2595929566535815,19.732925408864656,14.73044615098798,3.083333,59.22554457127633,60.0,0.0,0.07445108914255265
2024-01-09 17:30:00,1.0,20.0,1.2337384303057983,19.618138332662905,14.726883589604803,3.083333,60.935427651847036,60.0,0.0,0.07787085530369407
2024-01-09 17:45:00,1.0,20.0,1.2301891445518487,19.634380510897753,14.721353480544673,3.083333,60.9948675654622,60.0,0.0,0.0779897351309244
2024-01-09 18:00:00,1.0,20.0,1.4134563907973634,20.396819448746573,14.72144870174298,2.286667,60.911111736713686,60.0,0.0,0.07782222347342738
2024-01-09 18:15:00,1.0,20.0,1.4123361484945955,20.357780823774053,14.726191796658666,2.286667,60.82753580443072,60.0,0.0,0.07765507160886144
2024-01-09 18:30:00,1.0,20.0,1.3819815472307522,20.229141833544233,14.728366988561818,2.286667,60.74413938221942,60.0,0.0,0.07748827876443885
2024-01-09 18:45:00,1.0,20.0,1.3528727169285577,20.103238216612247,14.727813101233279,2.286667,60.660922084515875,60.0,0.0,0.07732184416903176
2024-01-09 19:00:00,3.0,19.933333333333334,1.3219533867505997,19.980092226810402,14.72615003511316,2.63,60.577883526584266,60.0,0.0,0.07715576705316854
2024-01-09 19:15:00,3.0,19.5,1.2943530453299361,19.859653516545045,14.723663685472768,2.63,60.49502332451515,60.0,0.0,0.07699004664903031
2024-01-09 19:30:00,3.0,19.5,1.2680605123220656,19.741685095236715,14.718757504441662,2.63,60.412341095223695,60.0,0.0,0.07682468219044739
2024-01-09 19:45:00,1.0,19.566666666666666,1.2428320916986406,19.626086738774173,14.711555026705865,2.63,60.32983645644783,60.0,0.0,0.07665967291289566
2024-01-09 20:00:00,1.0,20.0,1.2339678698666359,19.604681837204247,14.701771951333528,2.496667,60.24750902674659,60.0,0.0,0.07649501805349318
2024-01-09 20:15:00,1.0,20.0,1.4088571881423186,20.367615009903222,14.69941933787491,2.496667,60.165358425498276,60.0,0.0,0.07633071685099654
2024-01-09 20:30:00,1.0,20.0,1.4166414086748484,20.365192219694507,14.706737134802529,2.496667,60.08338427289869,60.0,0.0,0.07616676854579738
2024-01-09 20:45:00,1.0,20.0,1.385605649954791,20.236190257858592,14.711579820256144,2.496667,60.00158618995944,60.0,0.0,0.07600317237991887
2024-01-09 21:00:00,1.0,20.0,1.3618771721265606,20.10971500752659,14.710628484656418,1.806667,59.91996379850613,60.0,0.0,0.07583992759701227
2024-01-09 21:15:00,1.0,20.0,1.334979537162751,19.98553789811184,14.703715630259076,1.806667,59.83851672117665,60.0,0.0,0.0756770334423533
2024-01-09 21:30:00,1.0,20.0,1.3087947359761218,19.863820521939058,14.694437921068806,1.806667,59.757244581419386,60.0,0.0,0.07551448916283877
2024-01-09 21:45:00,1.0,20.0,1.2836600188384868,19.744463978421457,14.682917028828424,1.806667,59.67614700349152,60.0,0.0,0.07535229400698304
2024-01-09 22:00:00,1.0,20.0,1.2648418784897615,19.627136046419665,14.666643720522043,1.198333,59.59522361245728,60.0,0.0,0.07519044722491455
2024-01-09 22:15:00,2.0,16.333333333333332,1.2431097597490564,19.51164651025737,14.645455557467022,1.198333,59.51447403418623,60.0,0.0,0.07502894806837244
2024-01-09 22:30:00,2.0,15.0,1.221891847805743,19.398148606205748,14.62250942532649,1.198333,59.43389789535147,60.0,0.0,0.07486779579070293
2024-01-09 22:45:00,2.0,15.0,1.2014908682427756,19.286565400718064,14.597899149947255,1.198333,59.353494823427994,60.0,0.0,0.07470698964685599
2024-01-09 23:00:00,2.0,15.0,1.1855534024029075,19.17665860006694,14.56989449124248,0.776667,59.27326444669092,60.0,0.0,0.07454652889338184
2024-01-09 23:15:00,2.0,15.0,1.1676775984206433,19.068288690307284,14.538391450743779,0.776667,59.193206394213775,60.0,0.0,0.07438641278842756
2024-01-09 23:30:00,2.0,15.0,1.1502361658270095,18.96155455362407,14.505586399910138,0.776667,59.11332029586681,60.0,0.0,0.0742266405917336
2024-01-09 23:45:00,2.0,15.0,1.13343556793333,18.856395847772276,14.471552157347595,0.776667,59.03360578231523,60.0,0.0,0.07406721156463045
2024-01-10 00:00:00,2.0,15.0,1.1194017644792744,18.752658518307786,14.435293642033287,0.53,60.457970314124495,60.0,0.0,0.07691594062824898
2024-01-10 00:15:00,2.0,15.0,1.1043828960836397,18.65024694440157,14.396766280601096,0.53,61.0193278545606,60.0,0.0,0.0780386557091212
2024-01-10 00:30:00,2.0,15.0,1.0897603809758942,18.54920558196554,14.357270398037853,0.53,60.935519488339516,60.0,0.0,0.07787103897667902
2024-01-10 00:45:00,2.0,15.0,1.0756487253024738,18.44948633426727,14.316863338748984,0.53,60.85189113142753,60.0,0.0,0.07770378226285504
2024-01-10 01:00:00,2.0,15.0,1.064092543401244,18.350950735315003,14.27457841814932,0.293333,60.76844239718841,60.0,0.0,0.0775368847943768
2024-01-10 01:15:00,2.0,15.0,1.0514966958790621,18.25351594873457,14.230361476017405,0.293333,60.68517289981636,60.0,0.0,0.07737034579963271
2024-01-10 01:30:00,2.0,15.0,1.0391910015136727,18.157233121193237,14.18544925291848,0.293333,60.602082254334256,60.0,0.0,0.07720416450866852
2024-01-10 01:45:00,2.0,15.0,1.0272895242591848,18.06206420313992,14.139886400835842,0.293333,60.51917007659183,60.0,0.0,0.07703834015318364
2024-01-10 02:00:00,2.0,15.0,1.0128477705939116,17.96810380622564,14.095161114328471,0.628333,60.43643598326393,60.0,0.0,0.07687287196652787
2024-01-10 02:15:00,2.0,15.0,1.0009065901937861,17.87537232437613,14.051464233306994,0.628333,60.35387959184873,60.0,0.0,0.07670775918369747
2024-01-10 02:30:00,2.0,15.0,0.9895378142214509,17.783704816517933,14.007153918372914,0.628333,60.271500520666,60.0,0.0,0.076543001041332
2024-01-10 02:45:00,2.0,15.0,0.9785362765821495,17.693066715750568,13.962270551369944,0.628333,60.189298388855285,60.0,0.0,0.07637859677771058
2024-01-10 03:00:00,2.0,15.0,0.9668228278964903,17.603472554555278,13.917377634817646,0.75,60.10727281637416,60.0,0.0,0.07621454563274833
2024-01-10 03:15:00,2.0,15.0,0.956218925654123,17.514910787116193,13.872566392445924,0.75,60.025423423996486,60.0,0.0,0.07605084684799299
2024-01-10 03:30:00,2.0,15.0,0.9460154124475219,17.427303392803697,13.827261398288549,0.75,59.94374983331066,60.0,0.0,0.07588749966662131
2024-01-10 03:45:00,2.0,15.0,0.9361293085305945,17.34062049852075,13.781497184760314,0.75,59.86225166671785,60.0,0.0,0.07572450333343571
2024-01-10 04:00:00,2.0,15.0,0.9286286860745344,17.254740371723354,13.734278125495269,0.511667,59.78092854743025,60.0,0.0,0.0755618570948605
2024-01-10 04:15:00,1.0,18.0,0.959506340986427,17.390014917346523,13.686254643741027,0.511667,59.69978009946935,60.0,0.0,0.0753995601989387
2024-01-10 04:30:00,2.0,16.333333333333332,1.1611045981398658,18.206453515791427,13.651594575089062,0.511667,59.61880594766419,60.0,0.0,0.07523761189532839
2024-01-10 04:45:00,2.0,15.0,1.1631592596895055,18.16005023177048,13.626133571585102,0.511667,59.53800571764963,60.0,0.0,0.07507601143529927
2024-01-10 05:00:00,2.0,15.0,1.1460937529511435,18.053721564280327,13.5985685582118,0.326667,59.45737903586464,60.0,0.0,0.07491475807172929
2024-01-10 05:15:00,2.0,18.333333333333332,1.2480413987298882,18.52870983730071,13.572548136289116,0.326667,59.37692552955054,60.0,0.0,0.07475385105910107
2024-01-10 05:30:00,1.0,16.0,1.3173638658020168,18.764582041037006,13.558487251323957,0.326667,59.296644826749244,60.0,0.0,0.07459328965349848
2024-01-10 05:45:00,2.0,18.0,1.4664400676531002,19.448560620101865,13.550988080160373,0.326667,59.21653655630163,60.0,0.0,0.07443307311260325
2024-01-10 06:00:00,2.0,15.0,1.51269584254382,19.58566656265439,13.555196464153486,0.186667,59.13660034784574,60.0,0.0,0.07427320069569149
2024-01-10 06:15:00,1.0,16.666666666666668,1.488877071310417,19.50921768417808,13.55717154179881,0.186667,59.05683583181516,60.0,0.0,0.07411367166363031
2024-01-10 06:30:00,2.0,17.333333333333332,1.650453287376862,20.23747613982955,13.565252842826986,0.186667,59.90846781598309,60.0,0.0,0.07581693563196618
2024-01-10 06:45:00,1.0,19.0,1.6620001472533679,20.255361573997902,13.58320212258482,0.186667,61.043688267819526,60.0,0.0,0.07808737653563906
2024-01-10 07:00:00,1.0,20.0,1.6255520722940127,20.104028989132512,13.596877562248919,-0.10167,60.95982757864599,60.0,0.0,0.07791965515729199
2024-01-10 07:15:00,3.0,19.9,1.5893611076558334,19.956026572192492,13.605601764045977,-0.10167,60.876147011164356,60.0,0.0,0.07775229402232872
2024-01-10 07:30:00,3.0,19.5,1.554549123279067,19.811296055945768,13.611000004248137,-0.10167,60.79264617849701,60.0,0.0,0.07758529235699402
2024-01-10 07:45:00,3.0,19.5,1.5211722359032822,19.669702268743897,13.613239520557979,-0.10167,60.709324694597285,60.0,0.0,0.07741864938919457
2024-01-10 08:00:00,3.0,19.5,1.430665564964338,19.53383162485053,13.608463634106274,-1.03667,60.62618217424769,60.0,0.0,0.07725236434849539
2024-01-10 08:15:00,1.0,19.7,1.4130388841504569,19.49572960590338,13.596668493702428,-1.03667,60.54321823305814,60.0,0.0,0.07708643646611629
2024-01-10 08:30:00,1.0,20.0,1.6027799619479886,20.334057933361496,13.593092583826754,-1.03667,60.46043248746418,60.0,0.0,0.07692086497492837
2024-01-10 08:45:00,1.0,19.8,1.630030448624561,20.40446705724377,13.601736544647604,-1.03667,60.350228510580116,60.0,0.12837066666666666,0.07670045702116024
2024-01-10 09:00:00,3.0,19.7,1.629897642895382,20.2543920132506,13.60724907159064,-1.20833,60.15759170115761,60.0,0.0,0.07631518340231522
2024-01-10 09:15:00,3.0,19.5,1.5976309314190378,20.10569067988231,13.608626575293703,-1.20833,60.075634230456814,60.0,0.0,0.07615126846091362
2024-01-10 09:30:00,3.0,19.6,1.5642238284888732,19.960128521510246,13.60688338202607,-1.20833,59.966256749440774,60.0,0.12837066666666666,0.07593251349888155
2024-01-10 09:45:00,3.0,19.5,1.532178665097843,19.81757726067304,13.60217784140294,-1.20833,59.765244660682235,60.0,0.12837066666666666,0.07553048932136447
2024-01-10 10:00:00,3.0,19.5,1.481571514139019,19.678829832025734,13.595521901105526,-1.01,59.55546827521448,60.0,0.0,0.07511093655042897
2024-01-10 10:15:00,1.0,19.9,1.4521128155157241,19.562317954129696,13.587181749719255,-1.01,59.45640540484198,60.0,0.12837066666666666,0.07491281080968396
2024-01-10 10:30:00,3.0,19.9,1.6032492959692788,20.264686464360118,13.583182966549266,-1.01,59.256491046651945,60.0,0.0,0.0745129820933039
2024-01-10 10:45:00,3.0,19.5,1.659859309837256,20.449905450765563,13.592497636553297,-1.01,59.176469021224236,60.0,0.0,0.07435293804244848
2024-01-10 11:00:00,3.0,19.5,1.6151044134897419,20.299143631516735,13.600633997526076,-0.9116699999999999,60.18554635225234,60.0,0.12837066666666666,0.07637109270450468
2024-01-10 11:15:00,3.0,19.5,1.5792249233264957,20.152117960511692,13.605890076787109,-0.9116699999999999,60.39940056877162,60.0,0.8985946666666668,0.07679880113754324
2024-01-10 11:30:00,1.0,19.7,1.5453671214075337,20.008274192947205,13.607944153189761,-0.9116699999999999,59.977099533165095,60.0,0.0,0.07595419906633019
2024-01-10 11:45:00,1.0,20.0,1.5128980445999904,19.867481526551053,13.606957893071414,-0.9116699999999999,59.64735247014951,60.0,0.2567413333333333,0.07529470494029901
2024-01-10 12:00:00,1.0,20.0,1.475189876002992,19.72991516092951,13.604215841519046,-0.65,59.12256116322322,60.0,1.5404480000000003,0.07424512232644644
2024-01-10 12:15:00,3.0,19.733333333333334,1.4444760792564715,19.595521589792423,13.599988157406436,-0.65,60.45770613409867,60.0,0.2567413333333333,0.07691541226819736
2024-01-10 12:30:00,3.0,19.5,1.4154457987164168,19.46385538500387,13.593103729985234,-0.65,61.09792138578616,60.0,0.0,0.07819584277157231
2024-01-10 12:45:00,3.0,19.5,1.3875872023262912,19.334806191490507,13.583698503827586,-0.65,61.013944211033255,60.0,0.0,0.0780278884220665
2024-01-10 13:00:00,1.0,19.6,1.368066512511723,19.226414401897326,13.574187790230324,-0.12167,60.93014740816791,60.0,0.0,0.07786029481633581
2024-01-10 13:15:00,1.0,20.0,1.5295889880839917,19.997758736927803,13.571882149540976,-0.12167,60.8465305897751,60.0,0.0,0.0776930611795502
2024-01-10 13:30:00,1.0,20.0,1.6623904841591892,20.492814302589,13.587689351183053,-0.12167,60.763093369271935,60.0,0.0,0.07752618673854388
2024-01-10 13:45:00,3.0,19.5,1.6234857632493562,20.3415570969692,13.60460588155654,-0.12167,60.67983536090585,60.0,0.0,0.0773596707218117
2024-01-10 14:00:00,1.0,19.766666666666666,1.541856290796482,20.195846584103737,13.620369302276561,0.451667,60.59675617975283,60.0,0.0,0.07719351235950565
2024-01-10 14:15:00,1.0,20.0,1.5028071033795887,20.055838149282785,13.63547166757565,0.451667,60.51385544171563,60.0,0.0,0.07702771088343126
2024-01-10 14:30:00,3.0,19.933333333333334,1.468420513812044,19.919062267413114,13.647222850868369,0.451667,60.43113276352199,60.0,0.0,0.07686226552704396
2024-01-10 14:45:00,3.0,19.8,1.4354656159512023,19.78538408435245,13.655790029333126,0.451667,60.348587762722865,60.0,0.0,0.07669717552544572
2024-01-10 15:00:00,1.0,19.9,1.4566883262812584,19.652227818536858,13.66351011012705,0.9599999999999999,60.26622005769067,60.0,0.0,0.07653244011538132
2024-01-10 15:15:00,1.0,20.0,1.4365739300774543,19.580595773883893,13.670772249233705,0.9599999999999999,60.184029267617476,60.0,0.0,0.07636805853523494
2024-01-10 15:30:00,1.0,20.0,1.6065746596407893,20.35649493199062,13.684263642951457,0.9599999999999999,60.10201501251331,60.0,0.0,0.07620403002502663
2024-01-10 15:45:00,1.0,20.0,1.6301885743694906,20.42673454907458,13.708983743908759,0.9599999999999999,60.02017691320436,60.0,0.0,0.07604035382640872
2024-01-10 16:00:00,1.0,20.0,1.6256149385512018,20.276860376785894,13.730519609894422,0.888333,59.93851459133124,60.0,0.0,0.07587702918266248
2024-01-10 16:15:00,1.0,20.0,1.5898281375678105,20.128730821006215,13.747933918169759,0.888333,59.85702766934721,60.0,0.0,0.07571405533869442
2024-01-10 16:30:00,1.0,20.0,1.5531419607935146,19.984050120979806,13.761759712074884,0.888333,59.77571577051646,60.0,0.0,0.07555143154103292
2024-01-10 16:45:00,1.0,20.0,1.5179860566494097,19.842674136369983,13.772175746837847,0.888333,59.694578518912344,60.0,0.0,0.0753891570378247
2024-01-10 17:00:00,1.0,20.0,1.4898231076212236,19.704217724377152,13.77661934747348,0.255,59.613615539415704,60.0,0.0,0.0752272310788314
2024-01-10 17:15:00,1.0,20.0,1.459023940185098,19.568445401243146,13.77496877401972,0.255,59.53282645771302,60.0,0.0,0.07506565291542605
2024-01-10 17:30:00,1.0,20.0,1.55714281323021,20.07041423362857,13.774468429957809,0.255,59.45221090029479,60.0,0.0,0.07490442180058958
2024-01-10 17:45:00,1.0,20.0,1.6672645139511901,20.47811100145142,13.788237205748059,0.255,59.371768494453754,60.0,0.0,0.07474353698890751
2024-01-10 18:00:00,1.0,20.0,1.6329140602842718,20.326198287164427,13.800280814792204,-0.205,59.291498868283185,60.0,0.0,0.07458299773656638
2024-01-10 18:15:00,1.0,20.0,1.597236364570808,20.177486372907953,13.806571024501345,-0.205,59.211401650675164,60.0,0.0,0.07442280330135033
2024-01-10 18:30:00,1.0,20.0,1.5627833894821357,20.032012387634,13.80959337979411,-0.205,59.131476471318834,60.0,0.0,0.07426295294263768
2024-01-10 18:45:00,1.0,20.0,1.5297456035468455,19.88964303598288,13.809512676866477,-0.205,59.05172296069874,60.0,0.0,0.07410344592139748
2024-01-10 19:00:00,1.0,20.0,1.5001549409384234,19.750157288178546,13.805450321356302,-0.445,60.046567375490916,60.0,0.0,0.07609313475098185
2024-01-10 19:15:00,1.0,20.0,1.47032607650635,19.61339425417342,13.79744838301019,-0.445,61.03828975884887,60.0,0.0,0.07807657951769774
2024-01-10 19:30:00,1.0,20.0,1.4924429449680645,19.754725714393498,13.787889871123225,-0.445,60.95444066496009,60.0,0.0,0.07790888132992017
2024-01-10 19:45:00,3.0,19.9,1.6701927438167885,20.492058586695347,13.790474982863254,-0.445,60.797208580352155,60.0,0.12837066666666666,0.07759441716070431
2024-01-10 20:00:00,1.0,19.8,1.6489191302580903,20.3755548663892,13.798001822812212,-0.66833,60.438138247787656,60.0,0.2567413333333333,0.07687627649557532
2024-01-10 20:15:00,1.0,20.0,1.613474650667495,20.225362237484457,13.801119428527137,-0.66833,60.09812051740103,60.0,1.0269653333333335,0.07619624103480205
2024-01-10 20:30:00,1.0,20.0,1.5793658311733465,20.078374889321733,13.801033407431243,-0.66833,59.1065727337384,60.0,0.0,0.0742131454674768
2024-01-10 20:45:00,1.0,20.0,1.5466512876605194,19.934461497892162,13.79790595856094,-0.66833,58.60048306399111,60.0,1.5404480000000003,0.07320096612798224
2024-01-10 21:00:00,1.0,20.0,1.5172038154265408,19.793410077609263,13.790935110570258,-0.89,60.3361904842438,60.0,0.12837066666666666,0.07667238096848758
2024-01-10 21:15:00,1.0,20.0,1.4876157885682428,19.655064544377204,13.780168793450027,-0.89,60.9398799362943,60.0,0.0,0.07787975987258859
2024-01-10 21:30:00,1.0,20.0,1.4676125331707175,19.580741042667444,13.766946196717385,-0.89,60.85624221371564,60.0,0.0,0.07771248442743128
2024-01-10 21:45:00,2.0,16.0,1.5850418943771014,20.078762853244317,13.758916159984697,-0.89,60.77278413392605,60.0,0.0,0.07754556826785211
2024-01-10 22:00:00,2.0,15.0,1.5694846612457996,19.969828689628578,13.754079086649622,-1.265,60.68950531107656,60.0,0.0,0.0773790106221531
2024-01-10 22:15:00,2.0,15.0,1.538586247374534,19.82672687411735,13.744618409129494,-1.265,60.606405360146894,60.0,0.0,0.07721281072029379
2024-01-10 22:30:00,2.0,15.0,1.5087282645327018,19.686429686809863,13.73247716499127,-1.265,60.52348389694378,60.0,0.0,0.07704696779388757
2024-01-10 22:45:00,2.0,15.0,1.4800642317379336,19.548824678126742,13.717793611395424,-1.265,60.440740538099135,60.0,0.0,0.07688148107619827
2024-01-10 23:00:00,2.0,15.0,1.4547964920847614,19.41370352941407,13.699584738754048,-1.52333,60.35817490106832,60.0,0.0,0.07671634980213664
2024-01-10 23:15:00,2.0,15.0,1.4289727692842045,19.28092128733896,13.67786024615751,-1.52333,60.27578660412833,60.0,0.0,0.07655157320825665
2024-01-10 23:30:00,2.0,15.0,1.4040178434301567,19.15048176693345,13.654035706701531,-1.52333,60.19357526637603,60.0,0.0,0.07638715053275207
2024-01-10 23:45:00,2.0,15.0,1.3800306958720403,19.022293827224004,13.628222448537871,-1.52333,60.111540507726474,60.0,0.0,0.07622308101545296
2024-01-11 00:00:00,2.0,15.0,1.3599958667912528,18.896134935337553,13.59903055549307,-1.87,60.02968194891106,60.0,0.0,0.07605936389782214
2024-01-11 00:15:00,2.0,15.0,1.3386372639673554,18.77186498024963,13.56640558946299,-1.87,59.94799921147578,60.0,0.0,0.07589599842295155
2024-01-11 00:30:00,2.0,15.0,1.3178933383685112,18.649541001529112,13.532182891398868,-1.87,59.866491917779506,60.0,0.0,0.07573298383555901
2024-01-11 00:45:00,2.0,15.0,1.2979221417964064,18.529090234790562,13.496450548983466,-1.87,59.78515969099226,60.0,0.0,0.07557031938198452
2024-01-11 01:00:00,2.0,15.0,1.2782373740426827,18.41046340554785,13.459515486123763,-1.81833,59.70400215509343,60.0,0.0,0.07540800431018685
2024-01-11 01:15:00,2.0,15.0,1.2595858692467565,18.293602680589522,13.421480887029627,-1.81833,59.623018934870046,60.0,0.0,0.0752460378697401
2024-01-11 01:30:00,2.0,15.0,1.2416409843014928,18.178424395989772,13.382163796986692,-1.81833,59.54220965591503,60.0,0.0,0.07508441931183006
2024-01-11 01:45:00,2.0,15.0,1.2243431803130316,18.064867624493793,13.341637417224327,-1.81833,59.4615739446255,60.0,0.0,0.074923147889251
2024-01-11 02:00:00,2.0,15.0,1.2097891410409423,17.952779047265622,13.298921383189867,-2.06167,59.38111142820103,60.0,0.0,0.07476222285640206
2024-01-11 02:15:00,2.0,15.0,1.1942770375265785,17.84206304500203,13.253972951181396,-2.06167,59.300821734641914,60.0,0.0,0.07460164346928383
2024-01-11 02:30:00,2.0,15.0,1.179169107869949,17.73276223740499,13.208076072682793,-2.06167,59.220704492747444,60.0,0.0,0.07444140898549488
2024-01-11 02:45:00,2.0,15.0,1.164577790930538,17.624827989108045,13.161288423239046,-2.06167,59.14075933211418,60.0,0.0,0.07428151866422836
2024-01-11 03:00:00,2.0,15.0,1.1506401346206971,17.51820667303123,13.11358584445517,-2.08,59.060985883134315,60.0,0.0,0.07412197176626864
2024-01-11 03:15:00,2.0,15.0,1.1370573673720352,17.412850885487064,13.065012448219843,-2.08,59.76938697597632,60.0,0.0,0.07553877395195265
2024-01-11 03:30:00,2.0,15.0,1.123913095884736,17.308725426390307,13.015710033780893,-2.08,61.048128132663805,60.0,0.0,0.07809625626532761
2024-01-11 03:45:00,2.0,15.0,1.1111976598814095,17.20578992966804,12.96572588517071,-2.08,60.964257907246605,60.0,0.0,0.0779285158144932
2024-01-11 04:00:00,2.0,15.0,1.0996345803197687,17.103972591205522,12.91473822541268,-2.165,60.880567824003904,60.0,0.0,0.07776113564800781
2024-01-11 04:15:00,1.0,19.0,1.1655016109565888,17.406752721007212,12.864648502633026,-2.165,60.797057496014055,60.0,0.0,0.07759411499202812
2024-01-11 04:30:00,1.0,20.0,1.4510944981550538,18.631077553786874,12.833231701770451,-2.165,60.713726537186524,60.0,0.0,0.07742745307437306
2024-01-11 04:45:00,1.0,20.0,1.7386604776435892,19.865324630940613,12.82878984309978,-2.165,60.63057456226003,60.0,0.0,0.07726114912452006
2024-01-11 05:00:00,2.0,18.0,1.8858741425501364,20.43260601344124,12.846416297995038,-2.09833,60.54760118680077,60.0,0.0,0.07709520237360154
2024-01-11 05:15:00,2.0,15.0,1.8430073245776648,20.2608925319794,12.86602033967044,-2.09833,60.464806027200666,60.0,0.0,0.07692961205440134
2024-01-11 05:30:00,1.0,17.0,1.8006040860103996,20.093165314173334,12.881481966487323,-2.09833,60.38218870067556,60.0,0.0,0.07676437740135111
2024-01-11 05:45:00,2.0,17.0,1.7599684510857858,19.929257865123127,12.893007630082149,-2.09833,60.29974882526347,60.0,0.0,0.07659949765052694
2024-01-11 06:00:00,2.0,15.0,1.719927499195592,19.76906018373604,12.90133358681004,-1.97333,60.217486019822864,60.0,0.0,0.07643497203964573
2024-01-11 06:15:00,2.0,15.0,1.6822913484789384,19.612441245650196,12.906703583848437,-1.97333,60.1353999040308,60.0,0.0,0.07627079980806159
2024-01-11 06:30:00,2.0,15.0,1.6462730112150874,19.45920723308882,12.90866950120787,-1.97333,60.05349009838122,60.0,0.0,0.07610698019676243
2024-01-11 06:45:00,2.0,15.0,1.6117315337973366,19.309219042590993,12.907403253753182,-1.97333,59.97175622418321,60.0,0.0,0.07594351244836643
2024-01-11 07:00:00,1.0,19.0,1.6523773120382026,19.566050151552755,12.904837122275062,-2.00333,59.89019790355925,60.0,0.0,0.0757803958071185
2024-01-11 07:15:00,1.0,20.0,1.8539123819413743,20.410106063966158,12.917003410592548,-2.00333,59.80881475944341,60.0,0.0,0.07561762951888683
2024-01-11 07:30:00,1.0,20.0,1.831474978570686,20.301075872666175,12.936014462847341,-2.00333,59.72760641557969,60.0,0.0,0.07545521283115939
2024-01-11 07:45:00,3.0,19.7,1.7894004710846878,20.13439504220825,12.951092747897153,-2.00333,59.64657249652022,60.0,0.0,0.07529314499304046
2024-01-11 08:00:00,1.0,20.0,1.6310370219318093,19.97695456632414,12.963990712056074,-1.61167,59.56571262762353,60.0,0.0,0.07513142525524708
2024-01-11 08:15:00,3.0,19.6,1.5857355422725548,19.829265309916902,12.975234811186798,-1.61167,59.485026435052866,60.0,0.0,0.07497005287010573
2024-01-11 08:30:00,1.0,19.9,1.550458040549226,19.684891942159027,12.983084064285292,-1.61167,59.40451354577436,60.0,0.0,0.07480902709154873
2024-01-11 08:45:00,3.0,19.8,1.5166400634210666,19.54369698936926,12.987708680336091,-1.61167,59.32417358755545,60.0,0.0,0.0746483471751109
2024-01-11 09:00:00,3.0,19.5,1.4118261485381658,19.40889053262107,12.990671494000939,-1.29167,59.24400618896303,60.0,0.0,0.07448801237792606
2024-01-11 09:15:00,3.0,19.5,1.3764952634199503,19.280766774988557,12.992365204769198,-1.29167,59.16401097936179,60.0,0.0,0.0743280219587236
2024-01-11 09:30:00,3.0,19.5,1.3476034431680641,19.155357952596617,12.99135490742747,-1.29167,59.084187588912535,60.0,0.0,0.07416837517782507
2024-01-11 09:45:00,3.0,19.5,1.3213129185360424,19.050973395342833,12.987786391444835,-1.29167,59.30546709620442,60.0,0.0,0.07461093419240884
2024-01-11 10:00:00,3.0,19.5,1.4368108061823694,19.767021870537043,12.99349435034988,-0.175,60.98643970086467,60.0,0.0,0.07797287940172935
2024-01-11 10:15:00,3.0,19.5,1.491022596971097,19.96780802357177,13.017982871256917,-0.175,60.98853871610337,60.0,0.0,0.07797707743220676
2024-01-11 10:30:00,3.0,19.5,1.4544516164254027,19.83222627066347,13.04073528744991,-0.175,60.904796480887974,60.0,0.0,0.07780959296177596
2024-01-11 10:45:00,3.0,19.5,1.4194258509885964,19.6999378778774,13.059999383075377,-0.175,60.821234112941006,60.0,0.0,0.07764246822588201
2024-01-11 11:00:00,1.0,19.9,1.369855623931943,19.571535916894103,13.078770011755763,0.478333,60.737851225931294,60.0,0.0,0.0774757024518626
2024-01-11 11:15:00,1.0,20.0,1.4454640647401233,20.00290984853158,13.100651636026928,0.478333,60.65464743435749,60.0,0.0,0.07730929486871499
2024-01-11 11:30:00,3.0,19.8,1.5714807034495193,20.500084102821457,13.136230619701564,0.478333,60.571622353546246,60.0,0.0,0.0771432447070925
2024-01-11 11:45:00,1.0,20.0,1.5302198443104813,20.357320707616694,13.172490378712212,0.478333,60.48877559965043,60.0,0.0,0.07697755119930086
2024-01-11 12:00:00,3.0,19.8,1.488217576626688,20.218379150880356,13.207621041435129,1.153333,60.40610678964735,60.0,0.0,0.07681221357929471
2024-01-11 12:15:00,3.0,19.5,1.4489761362692848,20.083193898928084,13.242118721026182,1.153333,60.32361554133703,60.0,0.0,0.07664723108267406
2024-01-11 12:30:00,1.0,20.0,1.4115438376452218,19.95152928140734,13.272784992172417,1.153333,60.24130147334037,60.0,0.0,0.07648260294668073
2024-01-11 12:45:00,1.0,20.0,1.3757093896703492,19.823234784377153,13.299807361512384,1.153333,60.15916420509745,60.0,0.0,0.0763183284101949
2024-01-11 13:00:00,3.0,19.7,1.345153347598454,19.697972918200335,13.330257097672762,2.751667,60.077203356865745,60.0,0.0,0.07615440671373148
2024-01-11 13:15:00,1.0,20.0,1.3093891737578667,19.575776383224476,13.364997907213121,2.751667,59.99541854971835,60.0,0.0,0.0759908370994367
2024-01-11 13:30:00,3.0,19.8,1.3536230619289282,19.8415376515212,13.39845929294332,2.751667,59.91380940554224,60.0,0.0,0.07582761881108448
2024-01-11 13:45:00,3.0,19.5,1.3849451540880646,19.971674461060914,13.438134398804635,2.751667,59.83237554703655,60.0,0.0,0.0756647510940731
2024-01-11 14:00:00,1.0,19.6,1.3791611271708686,19.84443565542895,13.479419506461946,3.705,59.751116597710784,60.0,0.0,0.07550223319542157
2024-01-11 14:15:00,1.0,20.0,1.3429954783808413,19.719041126963422,13.521464311815173,3.705,59.67003218188311,60.0,0.0,0.07534006436376622
2024-01-11 14:30:00,1.0,20.0,1.306140392202537,19.597113734223964,13.559654734022432,3.705,59.58912192467861,60.0,0.0,0.07517824384935722
2024-01-11 14:45:00,1.0,20.0,1.321749235533827,19.753896868262462,13.595214211190704,3.705,59.508385452027554,60.0,0.0,0.0750167709040551
2024-01-11 15:00:00,1.0,20.0,1.6342626123916508,20.500742232194643,13.644881534784838,4.408333,59.42782239066366,60.0,0.0,0.07485564478132732
2024-01-11 15:15:00,1.0,20.0,1.6109174685611563,20.387207202979628,13.702577585912014,4.408333,59.34743236812237,60.0,0.0,0.07469486473624475
2024-01-11 15:30:00,1.0,20.0,1.5651327848759917,20.24103394065329,13.755516332041003,4.408333,59.270428846894454,60.0,0.2567413333333333,0.0745408576937889
2024-01-11 15:45:00,1.0,20.0,1.521336454073892,20.098981101376786,13.803844546431469,4.408333,60.758836145372115,60.0,0.0,0.07751767229074424
2024-01-11 16:00:00,1.0,20.0,1.5024727195224947,19.959812876755237,13.845263072886256,3.825,60.97605895135269,60.0,0.0,0.07795211790270538
2024-01-11 16:15:00,1.0,20.0,1.4646633412931362,19.82316824834802,13.879698652858261,3.825,60.88314352102482,60.0,0.12837066666666666,0.07776628704204964
2024-01-11 16:30:00,1.0,20.0,1.4269192427937396,19.690073546032057,13.910274459155264,3.825,60.670966036352205,60.0,0.0,0.07734193207270443
2024-01-11 16:45:00,1.0,20.0,1.3907855430484055,19.56037707403159,13.93717945342462,3.825,60.35809569983975,60.0,0.2567413333333333,0.0767161913996795
2024-01-11 17:00:00,1.0,20.0,1.4878464477434663,20.068703802692898,13.962701127562708,3.406667,60.22979452966045,60.0,0.0,0.0764595890593209
2024-01-11 17:15:00,1.0,20.0,1.5945024502584224,20.482947727534157,13.999801648928544,3.406667,60.14768197681381,60.0,0.0,0.07629536395362761
2024-01-11 17:30:00,1.0,20.0,1.5526355314207165,20.338092968319575,14.036599835000954,3.406667,59.41038475887695,60.0,1.668818666666667,0.0748207695177539
2024-01-11 17:45:00,1.0,20.0,1.512561262551813,20.19700731664641,14.06929755637887,3.406667,60.799559283696134,60.0,0.0,0.07759911856739228
2024-01-11 18:00:00,1.0,20.0,1.478259533979079,20.05934786952753,14.096088841991735,2.941667,61.1168709916163,60.0,0.0,0.0782337419832326
2024-01-11 18:15:00,1.0,20.0,1.44263105911292,19.924884379162958,14.116956376341673,2.941667,61.03285311561117,60.0,0.0,0.07806570623122235
2024-01-11 18:30:00,1.0,20.0,1.4082546919279926,19.793653045015486,14.134415125067024,2.941667,60.94901569891451,60.0,0.0,0.07789803139782901
2024-01-11 18:45:00,1.0,20.0,1.3753221637788733,19.665517865906963,14.148633980045982,2.941667,60.86535835392353,60.0,0.0,0.07773071670784706
2024-01-11 19:00:00,1.0,19.9,1.3492081804685334,19.558589608045615,14.157797560059526,2.481667,60.78188069386799,60.0,0.0,0.07756376138773598
2024-01-11 19:15:00,1.0,20.0,1.4994710132671094,20.27047277050046,14.168730268649664,2.481667,60.69858233280834,60.0,0.0,0.07739716466561669
2024-01-11 19:30:00,1.0,20.0,1.555028235679169,20.465306793045276,14.192726873163787,2.481667,60.615462885634045,60.0,0.0,0.07723092577126808
2024-01-11 19:45:00,1.0,20.0,1.5172362557435666,20.323887590623663,14.214878821835438,2.481667,60.53252196806164,60.0,0.0,0.07706504393612329
2024-01-11 20:00:00,3.0,19.6,1.487007642985453,20.185604700569034,14.230490646516337,1.798333,60.44975919663313,60.0,0.0,0.07689951839326624
2024-01-11 20:15:00,3.0,19.5,1.4539520494518998,20.05020240689703,14.23943358758593,1.798333,60.36717418871411,60.0,0.0,0.07673434837742824
2024-01-11 20:30:00,1.0,20.0,1.4218995411476953,19.917812745942904,14.245304963953249,1.798333,60.28476656249204,60.0,0.0,0.07656953312498409
2024-01-11 20:45:00,1.0,20.0,1.3911703562428654,19.78831107354845,14.248259035096286,1.798333,60.156541211510685,60.0,0.2567413333333333,0.07631308242302137
2024-01-11 21:00:00,1.0,20.0,1.3672221592455382,19.661331495554883,14.24571696050287,1.166667,59.844857473735686,60.0,0.0,0.07568971494747137
2024-01-11 21:15:00,2.0,19.0,1.3404600489114595,19.536656541850597,14.237535472771695,1.166667,59.56127980819737,60.0,0.5134826666666666,0.07512255961639475
2024-01-11 21:30:00,2.0,15.0,1.3144338545661443,19.414426294108782,14.227016764894653,1.166667,58.89806248324265,60.0,1.7971893333333335,0.07379612496648531
2024-01-11 21:45:00,2.0,15.0,1.2894485279038146,19.29454272044493,14.214281370862293,1.166667,60.2585176400168,60.0,0.0,0.0765170352800336
2024-01-11 22:00:00,2.0,15.0,1.2664612668762747,19.176867298122236,14.19894791590893,1.051667,60.48629979133125,60.0,1.7971893333333335,0.07697259958266249
2024-01-11 22:15:00,2.0,15.0,1.2436905085609966,19.061291798383227,14.181074316457535,1.051667,59.10818238136259,60.0,0.0,0.07421636476272518
2024-01-11 22:30:00,1.0,20.0,1.349752999458733,19.588852496207572,14.165254436214788,1.051667,60.11740638308022,60.0,0.12837066666666666,0.07623481276616045
2024-01-11 22:45:00,1.0,20.0,1.5583657695541864,20.42903658175937,14.16850530358933,1.051667,60.17518354538338,60.0,1.0269653333333335,0.07635036709076679
2024-01-11 23:00:00,1.0,20.0,1.5426811159174179,20.32257718265385,14.175471391811806,0.43,59.54191567830245,60.0,0.2567413333333333,0.0750838313566049
2024-01-11 23:15:00,2.0,18.0,1.5102074923420947,20.18201737732344,14.176307086867743,0.43,59.41536755508498,60.0,0.0,0.07483073511016995
2024-01-11 23:30:00,2.0,15.0,1.4787285239827717,20.0444155201948,14.174206895471793,0.43,58.91294369210174,60.0,1.5404480000000003,0.07382588738420348
2024-01-11 23:45:00,2.0,15.0,1.4485318816142734,19.90965083262828,14.1693198865088,0.43,60.63732144164318,60.0,0.0,0.07727464288328637
2024-01-12 00:00:00,2.0,15.0,1.4211314718071406,19.777537681435497,14.161011393188778,0.25,60.95498161503493,60.0,0.7702240000000001,0.07790996323006986
2024-01-12 00:15:00,2.0,15.0,1.3937537207189428,19.647936440764852,14.149336109318636,0.25,58.88002036855756,60.0,2.439042666666667,0.07376004073711512
2024-01-12 00:30:00,2.0,15.0,1.3673726076607151,19.520812913706422,14.135326084431783,0.25,59.96668207680538,60.0,0.12837066666666666,0.07593336415361077
2024-01-12 00:45:00,2.0,15.0,1.3420391862086767,19.39606842742005,14.1191024619327,0.25,60.99231080780034,60.0,0.0,0.07798462161560067
2024-01-12 01:00:00,2.0,15.0,1.3169195170554242,19.2736439893335,14.101169106306115,0.34,60.90856047062983,60.0,0.0,0.07781712094125966
2024-01-12 01:15:00,2.0,15.0,1.2933269591567755,19.1534645209786,14.0816764787635,0.34,60.82499001812967,60.0,0.0,0.07764998003625934
2024-01-12 01:30:00,2.0,15.0,1.2707044882813896,19.035408827481763,14.06027804384322,0.34,60.74159906393133,60.0,0.0,0.07748319812786268
2024-01-12 01:45:00,2.0,15.0,1.2489597794095908,18.919394245089006,14.037074785793747,0.34,60.65838722249618,60.0,0.0,0.07731677444499235
2024-01-12 02:00:00,2.0,15.0,1.2301787131821154,18.80524673326913,14.011112872156366,0.096667,60.57535410911361,60.0,0.0,0.07715070821822723
2024-01-12 02:15:00,2.0,15.0,1.2106493218683232,18.69285091463376,13.982374842401098,0.096667,60.49249933989938,60.0,0.0,0.07698499867979876
2024-01-12 02:30:00,2.0,15.0,1.1917240336352786,18.582230567386695,13.952168727607924,0.096667,60.40982253179373,60.0,0.0,0.07681964506358746
2024-01-12 02:45:00,2.0,15.0,1.1735059659102385,18.47331909521504,13.920575206703159,0.096667,60.32732330255971,60.0,0.0,0.07665464660511942
2024-01-12 03:00:00,2.0,15.0,1.1552205973136696,18.366086144527493,13.888037977155697,0.181667,60.24500127078131,60.0,0.0,0.07649000254156262
2024-01-12 03:15:00,2.0,15.0,1.1381208044755824,18.260484993496142,13.854668454232856,0.181667,60.162856055861816,60.0,0.0,0.07632571211172363
2024-01-12 03:30:00,2.0,15.0,1.1216924131561872,18.156424244351726,13.820110086164886,0.181667,60.08088727802195,60.0,0.0,0.0761617745560439
2024-01-12 03:45:00,2.0,15.0,1.1058595805926261,18.05384782019129,13.784430331735743,0.181667,59.99909455829813,60.0,0.0,0.07599818911659627
2024-01-12 04:00:00,2.0,15.0,1.0895908582830722,17.95274713017232,13.748189744168563,0.296667,59.91747751854077,60.0,0.0,0.07583495503708156
2024-01-12 04:15:00,1.0,17.666666666666668,1.1043279452758885,18.024607390638515,13.711985646200908,0.296667,59.83603578141249,60.0,0.0,0.07567207156282497
2024-01-12 04:30:00,1.0,20.0,1.3530169149232916,19.122191944851178,13.68848638388317,0.296667,59.75476897038639,60.0,0.0,0.07550953794077278
2024-01-12 04:45:00,2.0,17.0,1.6014514579182486,20.14503472471534,13.69055730591878,0.296667,59.67367670974427,60.0,0.0,0.07534735341948855
2024-01-12 05:00:00,2.0,15.0,1.6064302370308208,20.12501561545445,13.70199093969348,0.016667,59.592758624574955,60.0,0.0,0.07518551724914992
2024-01-12 05:15:00,2.0,15.0,1.5710339487501102,19.97873447599826,13.709094105128395,0.016667,59.51201434077254,60.0,0.0,0.07502402868154508
2024-01-12 05:30:00,1.0,19.0,1.536949605005926,19.8356567072234,13.712955440330438,0.016667,59.431443485034585,60.0,0.0,0.07486288697006917
2024-01-12 05:45:00,1.0,16.0,1.5042672267401263,19.69565025885475,13.713738247438853,0.016667,59.35104568486052,60.0,0.0,0.07470209136972104
2024-01-12 06:00:00,2.0,17.0,1.4678995620776334,19.558813917355945,13.714079576751523,0.591667,59.270820568549844,60.0,0.0,0.07454164113709967
2024-01-12 06:15:00,2.0,15.0,1.436467087454535,19.425122069931856,13.714385885422761,0.591667,59.19076776520039,60.0,0.0,0.07438153553040078
2024-01-12 06:30:00,2.0,15.0,1.4066300019430256,19.29423384227488,13.711914371905383,0.591667,59.110886904706675,60.0,0.0,0.07422177380941335
2024-01-12 06:45:00,2.0,15.0,1.3780073001226023,19.1660348552829,13.70680618137588,0.591667,59.04551111035248,60.0,0.0,0.07409102222070497
2024-01-12 07:00:00,1.0,19.666666666666668,1.4595481647143593,19.596313227001794,13.702479833493634,0.626667,60.584333235776306,60.0,0.0,0.07716866647155261
2024-01-12 07:15:00,1.0,20.0,1.674830876168609,20.48781459361987,13.716170981708448,0.626667,61.016602708052645,60.0,0.0,0.07803320541610528
2024-01-12 07:30:00,3.0,19.833333333333332,1.6557609738504455,20.39511942857125,13.737082390540774,0.626667,60.93280019508658,60.0,0.0,0.07786560039017316
2024-01-12 07:45:00,3.0,19.5,1.616920478065023,20.244469931925554,13.754342479244972,0.626667,60.84917767885761,60.0,0.0,0.07769835535771523
2024-01-12 08:00:00,3.0,19.5,1.5346876338756088,20.099406770370628,13.765484847779966,0.048333,60.76573477275648,60.0,0.0,0.07753146954551297
2024-01-12 08:15:00,1.0,19.7,1.4978967466480992,19.95995246625739,13.770499079810403,0.048333,60.682471091004345,60.0,0.0,0.07736494218200869
2024-01-12 08:30:00,1.0,20.0,1.4657763940344326,19.823516785533553,13.772475340077857,0.048333,60.59938624865096,60.0,0.0,0.07719877249730193
2024-01-12 08:45:00,3.0,19.9,1.434973563360086,19.689975632450153,13.771567007362828,0.048333,60.516479861572904,60.0,0.0,0.07703295972314582
2024-01-12 09:00:00,3.0,19.5,1.3941310749745204,19.559722382193772,13.771395419827424,0.853333,60.360188458965894,60.0,0.12837066666666666,0.07672037691793179
2024-01-12 09:15:00,1.0,19.666666666666668,1.3721800899915242,19.494142104558577,13.772553749664793,0.853333,60.21349730024966,60.0,0.0,0.07642699460049933
2024-01-12 09:30:00,1.0,20.0,1.5518972348751225,20.31257161922489,13.780378956095975,0.853333,59.95672652633801,60.0,0.2567413333333333,0.07591345305267602
2024-01-12 09:45:00,1.0,20.0,1.5915982262749993,20.442121803458722,13.801122422869387,0.853333,59.71897046403303,60.0,1.5404480000000003,0.07543794092806605
2024-01-12 10:00:00,1.0,20.0,1.5569002277688653,20.29718060530555,13.82263288765254,1.561667,59.42675492437331,60.0,0.385112,0.07485350984874663
2024-01-12 10:15:00,3.0,19.533333333333335,1.519516284668383,20.15555722158121,13.843952306488154,1.561667,60.85275175111045,60.0,0.12837066666666666,0.07770550350222091
2024-01-12 10:30:00,3.0,19.5,1.4834494854312938,20.017324876770974,13.861701147736385,1.561667,60.521025078124914,60.0,1.2837066666666668,0.07704205015624983
2024-01-12 10:45:00,3.0,19.5,1.4488962735314435,19.88234100009679,13.87605643279418,1.561667,59.80675167198498,60.0,1.0269653333333335,0.07561350334396996
2024-01-12 11:00:00,1.0,19.866666666666667,1.4211853647294452,19.750217281376468,13.888134263889606,1.781667,60.692109999442415,60.0,0.0,0.07738421999888483
2024-01-12 11:15:00,1.0,20.0,1.38929786713076,19.620821552976324,13.898184349800536,1.781667,60.5998044539859,60.0,0.12837066666666666,0.0771996089079718
2024-01-12 11:30:00,1.0,20.0,1.388078755336054,19.66585240583839,13.90573861456819,1.781667,60.28706850559558,60.0,0.2567413333333333,0.07657413701119116
2024-01-12 11:45:00,1.0,20.0,1.5706251496000025,20.462653353885564,13.923096939052304,1.781667,60.02107672559382,60.0,0.2567413333333333,0.07604215345118766
2024-01-12 12:00:00,1.0,20.0,1.5593807613895234,20.409647630667497,13.948164313891217,1.71,59.6728892221914,60.0,0.0,0.0753457784443828
2024-01-12 12:15:00,1.0,20.0,1.5215635107092977,20.267834346936255,13.969418207829262,1.71,60.08049427888742,60.0,0.7702240000000001,0.07616098855777485
2024-01-12 12:30:00,1.0,20.0,1.4854683406278633,20.129414761528256,13.987099551329615,1.71,60.383787969904645,60.0,0.7702240000000001,0.07676757593980929
2024-01-12 12:45:00,1.0,20.0,1.4508877691675022,19.994246208448963,14.00138547987131,1.71,60.13605296453484,60.0,0.0,0.07627210592906968
2024-01-12 13:00:00,1.0,18.333333333333332,1.417275222944985,19.862211994822548,14.013329167139432,1.915,59.792506896009414,60.0,1.5404480000000003,0.07558501379201885
2024-01-12 13:15:00,1.0,20.0,1.3850979218823434,19.733209047081534,14.023181840699742,1.915,60.11731546147045,60.0,0.385112,0.0762346309229409
2024-01-12 13:30:00,1.0,20.0,1.3542772549937574,19.607103073189293,14.030068265372627,1.915,59.353734820167254,60.0,2.824154666666667,0.0747074696403345
2024-01-12 13:45:00,1.0,19.9,1.3756048974348363,19.759167207752096,14.035173507662215,1.915,60.36649045730924,60.0,0.0,0.07673298091461847
2024-01-12 14:00:00,1.0,20.0,1.542493936027482,20.43391293367277,14.051508279279922,1.885,60.97924368275764,60.0,0.12837066666666666,0.07795848736551528
2024-01-12 14:15:00,1.0,20.0,1.514063254693056,20.31126765298583,14.072126140783672,1.885,60.463366583797146,60.0,0.7702240000000001,0.0769267331675943
2024-01-12 14:30:00,1.0,20.0,1.47825250577509,20.173525104324707,14.089238912511522,1.885,59.437462564623274,60.0,1.5404480000000003,0.07487492512924655
2024-01-12 14:45:00,3.0,19.9,1.443943475818595,20.039008017465026,14.102987296116526,1.885,60.31060916187898,60.0,1.5404480000000003,0.07662121832375796
2024-01-12 15:00:00,3.0,19.5,1.4150277427652298,19.907398249055987,14.113587919161237,1.896667,59.04906621204241,60.0,1.5404480000000003,0.07409813242408482
2024-01-12 15:15:00,3.0,19.5,1.3836940953255141,19.778547524900752,14.121200129941275,1.896667,60.54348796155337,60.0,0.12837066666666666,0.07708697592310673
2024-01-12 15:30:00,3.0,19.5,1.3533832276663391,19.652545653094947,14.125916256189596,1.896667,60.95748073655772,60.0,0.0,0.07791496147311544
2024-01-12 15:45:00,3.0,19.6,1.3243219369013866,19.529274936103153,14.127881917025947,1.896667,60.63479500428519,60.0,0.5134826666666666,0.07726959000857038
2024-01-12 16:00:00,1.0,20.0,1.45363682851128,20.042206149633493,14.13169380979867,2.025,60.147435589652815,60.0,0.12837066666666666,0.07629487117930564
2024-01-12 16:15:00,1.0,20.0,1.5669088329168472,20.459194504645584,14.15047889291261,2.025,60.019578990530086,60.0,0.0,0.07603915798106016
2024-01-12 16:30:00,1.0,20.0,1.5295434870972977,20.31665940200269,14.169566287976343,2.025,59.845977270899404,60.0,0.12837066666666666,0.0756919545417988
2024-01-12 16:45:00,1.0,20.0,1.4937477637216516,20.177489648825656,14.18513098392649,2.025,59.66358794089696,60.0,0.12837066666666666,0.07532717588179393
2024-01-12 17:00:00,1.0,20.0,1.4579937461402417,20.04160933122814,14.198067276410466,2.191667,59.07794953242121,60.0,1.5404480000000003,0.0741558990648424
2024-01-12 17:15:00,1.0,20.0,1.424729247293722,19.9089112711352,14.20861685970009,2.191667,60.801972871196135,60.0,0.0,0.07760394574239228
2024-01-12 17:30:00,1.0,20.0,1.3929376790055825,19.77920148210431,14.216102826554787,2.191667,61.11927939504891,60.0,0.0,0.07823855879009782
2024-01-12 17:45:00,1.0,20.0,1.3624623206816477,19.65235598915611,14.22067869420894,2.191667,61.03525634611109,60.0,0.0,0.07807051269222218
2024-01-12 18:00:00,1.0,19.933333333333334,1.3405199102216838,19.564944906531014,14.221036725050206,1.846667,60.95141376759251,60.0,0.0,0.07790282753518502
2024-01-12 18:15:00,1.0,20.0,1.5050316310309784,20.31962030209938,14.225153345257802,1.846667,60.86775127186652,60.0,0.0,0.07773550254373303
2024-01-12 18:30:00,1.0,20.0,1.5466245317984537,20.45339529118166,14.241825602159588,1.846667,60.78426847213906,60.0,0.0,0.07756853694427811
2024-01-12 18:45:00,1.0,20.0,1.5106821677351918,20.312658832422972,14.256419965021113,1.846667,60.700964982446855,60.0,0.0,0.07740192996489371
2024-01-12 19:00:00,1.0,20.0,1.4745524161230825,20.175235555763173,14.268497576630255,2.04,60.61784041765559,60.0,0.0,0.07723568083531118
2024-01-12 19:15:00,2.0,16.0,1.4410855397959976,20.04102232471259,14.278312476287693,2.04,60.5348943934582,60.0,0.0,0.07706978878691642
2024-01-12 19:30:00,1.0,19.0,1.4091126113436452,19.90981433406921,14.285054355706778,2.04,60.45212652637307,60.0,0.0,0.07690425305274615
2024-01-12 19:45:00,1.0,20.0,1.3784616692595897,19.781487065164274,14.288877364811022,2.04,60.369536433742226,60.0,0.0,0.07673907286748445
2024-01-12 20:00:00,1.0,20.0,1.3488684056837774,19.655930818714356,14.29002915595333,2.063333,60.24112900826587,60.0,0.2567413333333333,0.07648225801653176
2024-01-12 20:15:00,1.0,20.0,1.3220497762106618,19.55145642040169,14.288668993184539,2.063333,59.92926358706787,60.0,0.0,0.07585852717413573
2024-01-12 20:30:00,1.0,20.0,1.4743842688503004,20.265750523680705,14.291690715598746,2.063333,59.73748352641755,60.0,0.12837066666666666,0.0754749670528351
2024-01-12 20:45:00,1.0,20.0,1.5321587724626313,20.46278637044013,14.308062879208652,2.063333,59.44341646917042,60.0,1.5404480000000003,0.07488683293834085
2024-01-12 21:00:00,1.0,20.0,1.4986169418785449,20.32327421486691,14.32180675288399,1.818333,60.70118942024275,60.0,1.5404480000000003,0.0774023788404855
2024-01-12 21:15:00,2.0,16.333333333333332,1.4650076656332236,20.186840073690203,14.331053489289681,1.818333,60.32466824640729,60.0,0.7702240000000001,0.0766493364928146
2024-01-12 21:30:00,2.0,15.0,1.432660844122077,20.053446249568758,14.337198205710328,1.818333,60.122874450614674,60.0,0.2567413333333333,0.07624574890122936
2024-01-12 21:45:00,2.0,15.0,1.4016499801298274,19.922966908222996,14.340396645859421,1.818333,59.82045643194797,60.0,0.12837066666666666,0.07564091286389595
2024-01-12 22:00:00,2.0,15.0,1.375233622009632,19.79513340977029,14.339157429201983,1.438333,59.31326403154391,60.0,1.155336,0.07462652806308781
2024-01-12 22:15:00,2.0,15.0,1.3476160808522835,19.66976862273752,14.333451576679131,1.438333,60.25098536655011,60.0,0.12837066666666666,0.07650197073310022
2024-01-12 22:30:00,2.0,15.0,1.3209104128635345,19.54691262932583,14.32532017217632,1.438333,61.076658399756234,60.0,0.12837066666666666,0.07815331679951247
2024-01-12 22:45:00,2.0,15.0,1.2952786470356814,19.426464284985226,14.314887718885045,1.438333,60.8548652706654,60.0,0.0,0.0777097305413308
2024-01-12 23:00:00,2.0,15.0,1.2725791546183323,19.30824170064727,14.30133070264664,1.22,60.77141014836776,60.0,0.0,0.07754282029673551
2024-01-12 23:15:00,2.0,15.0,1.2494687397260646,19.192116809992104,14.284664278929329,1.22,60.688134276657884,60.0,0.0,0.07737626855331575
2024-01-12 23:30:00,2.0,15.0,1.2271488697950188,19.07808753720737,14.266091483831945,1.22,60.55905045545238,60.0,0.12837066666666666,0.07711810091090475
2024-01-12 23:45:00,2.0,15.0,1.2057006113497992,18.966071796406627,14.245712735361533,1.22,60.38435589498563,60.0,0.0,0.07676871178997126
2024-01-13 00:00:00,2.0,15.0,1.1878070548432473,18.85586938605506,14.222278773731864,0.908333,59.86053283969075,60.0,0.8985946666666668,0.07572106567938149
2024-01-13 00:15:00,2.0,15.0,1.1687247328601003,18.747354213647164,14.195740962694442,0.908333,58.90220152631899,60.0,1.5404480000000003,0.07380440305263798
2024-01-13 00:30:00,2.0,15.0,1.1501962790482778,18.640577439938223,14.167749623746577,0.908333,59.77802118518947,60.0,1.668818666666667,0.07555604237037895
2024-01-13 00:45:00,2.0,15.0,1.132363697872948,18.535473536321902,14.138384232664682,0.908333,60.80367436320983,60.0,0.0,0.07760734872641968
2024-01-13 01:00:00,2.0,15.0,1.1175542154449252,18.431874381917087,14.106555367353625,0.638333,60.934941557667344,60.0,0.0,0.07786988311533467
2024-01-13 01:15:00,2.0,15.0,1.1016612303076694,18.329675802009135,14.072214041713988,0.638333,59.75131379083188,60.0,2.5674133333333335,0.07550262758166376
2024-01-13 01:30:00,2.0,15.0,1.0861969844452528,18.228926934702553,14.036783402170824,0.638333,60.349920472760566,60.0,0.5134826666666666,0.07669984094552114
2024-01-13 01:45:00,2.0,15.0,1.0712869600233512,18.129575597016764,14.000326052434223,0.638333,60.81576887114554,60.0,0.0,0.07763153774229109
2024-01-13 02:00:00,2.0,15.0,1.0601530857070522,18.03142664935661,13.961297747754317,0.266667,60.021947642389584,60.0,1.7971893333333335,0.07604389528477916
2024-01-13 02:15:00,2.0,15.0,1.0471600136500185,17.93437132261443,13.919588531670861,0.266667,61.037336855798586,60.0,0.12837066666666666,0.07807467371159718
2024-01-13 02:30:00,2.0,15.0,1.0344061515444087,17.83851031145157,13.87711688723463,0.266667,60.86161499927107,60.0,0.0,0.07772322999854214
2024-01-13 02:45:00,2.0,15.0,1.0220802018716921,17.743803333260722,13.833930351970512,0.266667,60.77814537944725,60.0,0.8985946666666667,0.07755629075889452
2024-01-13 03:00:00,2.0,15.0,1.0136429395549578,17.650056170506115,13.788355215421165,-0.13167,59.601143601597656,60.0,0.12837066666666666,0.0752022872031953
2024-01-13 03:15:00,2.0,15.0,1.0030619055957597,17.557166487781412,13.740255847806285,-0.13167,59.40088674371696,60.0,0.12837066666666666,0.07480177348743393
2024-01-13 03:30:00,2.0,15.0,0.9925930390015049,17.465255790096332,13.691671447788872,-0.13167,59.271616250046904,60.0,0.2567413333333333,0.07454323250009381
2024-01-13 03:45:00,2.0,15.0,0.9824452104594261,17.37429386423617,13.642636796682977,-0.13167,60.57329897381465,60.0,0.2567413333333333,0.0771465979476293
2024-01-13 04:00:00,2.0,15.0,0.9755162504071714,17.28412151023029,13.591746550469917,-0.465,60.81262934091274,60.0,0.12837066666666666,0.07762525868182549
2024-01-13 04:15:00,2.0,15.0,0.9667599272999372,17.194656250130958,13.538882648871654,-0.465,60.72008338016577,60.0,0.0,0.07744016676033154
2024-01-13 04:30:00,1.0,19.0,1.035644969888469,17.50953292187308,13.487643843819468,-0.465,60.63691775157957,60.0,0.0,0.07727383550315915
2024-01-13 04:45:00,1.0,20.0,1.324175731141423,18.74567813199825,13.455362840119172,-0.465,60.553930751786865,60.0,0.0,0.07710786150357372
2024-01-13 05:00:00,1.0,20.0,1.6150234605027982,19.991460064775154,13.45009727676552,-0.51833,60.47112199711658,60.0,0.0,0.07694224399423316
2024-01-13 05:15:00,1.0,20.0,1.7460887525494013,20.478727822426183,13.465716541238415,-0.51833,60.38849110472172,60.0,0.0,0.07677698220944346
2024-01-13 05:30:00,2.0,19.333333333333332,1.7054896739674608,20.319841997787076,13.482289475798781,-0.51833,60.3060376925776,60.0,0.0,0.0766120753851552
2024-01-13 05:45:00,2.0,15.0,1.6665868863994668,20.16461322659611,13.495076306880527,-0.51833,60.22376137948004,60.0,0.0,0.07644752275896008
2024-01-13 06:00:00,1.0,19.666666666666668,1.631443007683601,20.01279326540887,13.503208733011412,-0.76333,60.14166178504369,60.0,0.0,0.0762833235700874
2024-01-13 06:15:00,1.0,20.0,1.596284825936625,19.864196310066625,13.506756973786475,-0.76333,59.97695962595527,60.0,0.2567413333333333,0.07595391925191053
2024-01-13 06:30:00,1.0,20.0,1.5624398772953585,19.718779883414115,13.507121752752958,-0.76333,59.49600696512713,60.0,1.668818666666667,0.07499201393025427
2024-01-13 06:45:00,1.0,20.0,1.5299794092857577,19.576413583817445,13.504464153218045,-0.76333,59.74903063389415,60.0,0.0,0.0754980612677883
2024-01-13 07:00:00,1.0,20.0,1.6082979911260713,19.992854809051906,13.500359802759853,-1.16,60.473915017723336,60.0,0.7702240000000001,0.07694783003544668
2024-01-13 07:15:00,1.0,20.0,1.7368911503771385,20.474899004022937,13.508485644270129,-1.16,60.051423639812974,60.0,0.2567413333333333,0.07610284727962596
2024-01-13 07:30:00,1.0,20.0,1.6980923241003885,20.316771524136243,13.51780004813097,-1.16,59.51010276952194,60.0,0.2567413333333333,0.07502020553904389
2024-01-13 07:45:00,1.0,20.0,1.660900209702342,20.162139647435694,13.523561154878415,-1.16,59.864067337602556,60.0,0.7702240000000001,0.0757281346752051
2024-01-13 08:00:00,3.0,19.833333333333332,1.5263817457876858,20.01543060614454,13.524969175611073,-1.39333,60.822757621703964,60.0,0.2567413333333333,0.07764551524340792
2024-01-13 08:15:00,3.0,19.5,1.4877012132669063,19.876999865496554,13.522226589505488,-1.39333,59.7406168820775,60.0,2.1823013333333336,0.075481233764155
2024-01-13 08:30:00,1.0,19.966666666666665,1.4574564377904697,19.741410754332584,13.516699234192888,-1.39333,60.23735341212943,60.0,0.7702240000000001,0.07647470682425886
2024-01-13 08:45:00,1.0,20.0,1.4284359860689244,19.60854795887035,13.508529249787555,-1.39333,59.58261064449742,60.0,1.5404480000000003,0.07516522128899485
2024-01-13 09:00:00,1.0,20.0,1.3879586499154115,19.756628620605493,13.499093279385393,-1.35,60.964662853394195,60.0,0.12837066666666666,0.07792932570678839
2024-01-13 09:15:00,1.0,20.0,1.5633207096731325,20.503902895198696,13.502192252636961,-1.35,60.867798120190145,60.0,0.12837066666666666,0.07773559624038029
2024-01-13 09:30:00,1.0,20.0,1.5422008159253056,20.397230173272035,13.511387226764224,-1.35,60.70160745744068,60.0,0.2567413333333333,0.07740321491488136
2024-01-13 09:45:00,1.0,20.0,1.5082465016970912,20.25680285508283,13.517417669436178,-1.35,60.361156945165554,60.0,0.12837066666666666,0.0767223138903311
2024-01-13 10:00:00,1.0,20.0,1.443648806236734,20.1209110453928,13.52197878978801,-0.97667,59.68641276945659,60.0,1.5404480000000003,0.07537282553891317
2024-01-13 10:15:00,1.0,20.0,1.4101098374455612,19.989641901602518,13.525432900509887,-0.97667,60.6919005756588,60.0,0.0,0.07738380115131759
2024-01-13 10:30:00,1.0,20.0,1.3801436373878313,19.861188817436542,13.526065211164193,-0.97667,60.995258938712816,60.0,0.12837066666666666,0.07799051787742563
2024-01-13 10:45:00,1.0,20.0,1.3514039326830685,19.7354362714408,13.524018439919734,-0.97667,60.90232071369435,60.0,0.0,0.0778046414273887
2024-01-13 11:00:00,1.0,20.0,1.30069862352131,19.61332558647802,13.525394252996515,0.405,60.57055477655188,60.0,0.385112,0.07714110955310377
2024-01-13 11:15:00,1.0,20.0,1.3001454762312468,19.666554707056783,13.53144187660761,0.405,60.3223343292106,60.0,0.0,0.0766446686584212
2024-01-13 11:30:00,1.0,20.0,1.4848375821485205,20.471352157420274,13.547508403491547,0.405,59.53867516599567,60.0,1.7971893333333335,0.07507735033199134
2024-01-13 11:45:00,1.0,20.0,1.477445885435386,20.426065715895994,13.571796809636233,0.405,60.72108889908415,60.0,0.0,0.0774421777981683
2024-01-13 12:00:00,1.0,20.0,1.4288142074627879,20.29226418961446,13.601576597460127,2.438333,59.669749707318836,60.0,1.5404480000000003,0.07533949941463768
2024-01-13 12:15:00,2.0,17.0,1.3898556629582315,20.162566226919445,13.637624440043215,2.438333,59.448050768530614,60.0,0.2567413333333333,0.07489610153706124
2024-01-13 12:30:00,2.0,15.0,1.3533160637044477,20.036305169308637,13.669908146785305,2.438333,60.915146523276285,60.0,0.12837066666666666,0.07783029304655259
2024-01-13 12:45:00,1.0,20.0,1.3183413798125871,19.913333604126798,13.698611478237494,2.438333,60.71820870925797,60.0,1.5404480000000003,0.07743641741851595
2024-01-13 13:00:00,1.0,20.0,1.2823025195636824,19.793596919158507,13.734771833879071,4.956667,59.03590761411115,60.0,0.0,0.07407181522822232
2024-01-13 13:15:00,1.0,20.0,1.245239281500177,19.677272971475034,13.779660041729588,4.956667,59.65455581656224,60.0,1.7971893333333335,0.07530911163312447
2024-01-13 13:30:00,1.0,20.0,1.209800163716388,19.564283388577135,13.820796665783194,4.956667,60.94053209909588,60.0,0.0,0.07788106419819177
2024-01-13 13:45:00,1.0,20.0,1.2857190561934728,20.0042002219626,13.86149574936898,4.956667,60.878341584990835,60.0,0.2567413333333333,0.07775668316998166
2024-01-13 14:00:00,1.0,20.0,1.4167875397202097,20.42990622471532,13.922284233489687,6.738333,60.53750619716695,60.0,0.2567413333333333,0.07707501239433388
2024-01-13 14:15:00,1.0,20.0,1.373605925534352,20.301405151220465,13.991092765287549,6.738333,60.22500419688485,60.0,0.0,0.07645000839376971
2024-01-13 14:30:00,1.0,20.0,1.3303741118224457,20.176973008866337,14.055182080488946,6.738333,60.142901933040754,60.0,0.0,0.0762858038660815
2024-01-13 14:45:00,1.0,20.0,1.289050830486303,20.056430004222634,14.114777594769803,6.738333,60.06097601402303,60.0,0.0,0.07612195202804607
2024-01-13 15:00:00,1.0,20.0,1.348121325194555,19.93504574965306,14.171230954073001,7.008333000000001,59.859728864170755,60.0,0.12837066666666666,0.07571945772834152
2024-01-13 15:15:00,1.0,20.0,1.3147547928703465,19.812169219491487,14.224731393872638,7.008333000000001,59.76004673600004,60.0,0.0,0.0755200934720001
2024-01-13 15:30:00,1.0,20.0,1.276027133234154,19.69293689844489,14.274086960069898,7.008333000000001,59.67894313941398,60.0,0.0,0.07535788627882796
2024-01-13 15:45:00,1.0,20.0,1.2389914269086981,19.57718939972468,14.319497094142145,7.008333000000001,59.59801374264883,60.0,0.0,0.07519602748529766
2024-01-13 16:00:00,1.0,20.0,1.326863846218797,19.86620050598051,14.360225175218071,6.356667,59.51725817154638,60.0,0.0,0.07503451634309277
2024-01-13 16:15:00,1.0,20.0,1.4836952322838406,20.52059594702479,14.410280800547687,6.356667,59.43667605275204,60.0,0.0,0.07487335210550407
2024-01-13 16:30:00,1.0,20.0,1.444875459572584,20.39177012541239,14.462841948814608,6.356667,59.35626701371314,60.0,0.12837066666666666,0.0747125340274263
2024-01-13 16:45:00,1.0,20.0,1.4036506559505773,20.26067126303451,14.511044170831179,6.356667,59.2000283492,60.0,0.8985946666666668,0.0744000566984
2024-01-13 17:00:00,1.0,20.0,1.373943361657806,20.13284713390196,14.550285204572335,5.243332999999999,60.67200807126683,60.0,0.12837066666666666,0.07734401614253365
2024-01-13 17:15:00,1.0,20.0,1.3388615694030728,20.007953493109614,14.580266581358025,5.243332999999999,60.56673905283294,60.0,0.5134826666666666,0.07713347810566587
2024-01-13 17:30:00,1.0,20.0,1.3046804391061546,19.88627455471161,14.60676476341231,5.243332999999999,60.033604886855166,60.0,0.2567413333333333,0.07606720977371033
2024-01-13 17:45:00,1.0,20.0,1.271955066388764,19.76767319034786,14.629950506723038,5.243332999999999,59.88763098692403,60.0,0.0,0.07577526197384805
2024-01-13 18:00:00,1.0,19.633333333333333,1.2490342503531182,19.65164194734892,14.645829432551265,4.28,59.67752717118195,60.0,0.385112,0.0753550543423639
2024-01-13 18:15:00,1.0,20.0,1.2213094404947331,19.544040475506712,14.654124460195243,4.28,59.176982333369054,60.0,0.7702240000000001,0.0743539646667381
2024-01-13 18:30:00,1.0,20.0,1.3541845598331728,20.188782179280846,14.665566439425167,4.28,60.37645901832948,60.0,0.2567413333333333,0.07675291803665897
2024-01-13 18:45:00,1.0,20.0,1.412816249589412,20.396851626082515,14.68955670928167,4.28,60.906492290418605,60.0,0.2567413333333333,0.07781298458083723
2024-01-13 19:00:00,1.0,20.0,1.3791232634278943,20.268339296468827,14.711408410178676,4.148333,60.69429627228612,60.0,0.0,0.07738859254457224
2024-01-13 19:15:00,1.0,20.0,1.3460663906509596,20.142891507469233,14.729301918504095,4.148333,60.583587349685416,60.0,0.2567413333333333,0.07716717469937083
2024-01-13 19:30:00,3.0,19.5,1.314329460156773,20.02042757377225,14.744062302483593,4.148333,60.20660351394793,60.0,0.12837066666666666,0.07641320702789585
2024-01-13 19:45:00,3.0,19.5,1.2839225205638354,19.900822218699354,14.755845066875922,4.148333,59.83034242836754,60.0,0.5134826666666666,0.07566068485673508
2024-01-13 20:00:00,3.0,19.5,1.259851480596297,19.783729152791064,14.762295526654063,3.568333,59.39996488283612,60.0,0.0,0.07479992976567226
2024-01-13 20:15:00,1.0,19.9,1.2333011292133638,19.668938851785025,14.763294747216582,3.568333,59.31963469454484,60.0,0.0,0.07463926938908969
2024-01-13 20:30:00,1.0,20.0,1.20752607261278,19.55657055683101,14.761886857921192,3.568333,59.23947704489555,60.0,0.0,0.07447895408979109
2024-01-13 20:45:00,1.0,20.0,1.3093829318746193,20.06918122398496,14.762097931051352,3.568333,59.159491563298,60.0,0.0,0.07431898312659599
2024-01-13 21:00:00,1.0,20.0,1.4081852885629262,20.42048496008192,14.774327906515742,3.205,59.079677879957934,60.0,0.0,0.07415935575991588
2024-01-13 21:15:00,1.0,20.0,1.3762803139222437,20.2922965769969,14.78481111202965,3.205,59.30096707350943,60.0,0.0,0.07460193414701885
2024-01-13 21:30:00,2.0,15.333333333333334,1.3455071112414918,20.1670007695307,14.792326078576219,3.205,60.51408439769247,60.0,1.7971893333333335,0.07702816879538495
2024-01-13 21:45:00,2.0,15.0,1.3160085486913675,20.044477478068252,14.79702148888086,3.205,59.894896681619386,60.0,1.7971893333333335,0.07578979336323878
2024-01-13 22:00:00,2.0,15.0,1.297146546682839,19.924190559145945,14.794385631198192,2.126667,60.00813571298398,60.0,0.0,0.07601627142596797
2024-01-13 22:15:00,2.0,15.0,1.272584329527167,19.805853203885484,14.784069724039243,2.126667,60.206044551815225,60.0,1.668818666666667,0.07641208910363045
2024-01-13 22:30:00,2.0,15.0,1.2484228392325036,19.68978513218501,14.771611683945714,2.126667,59.16859430413089,60.0,0.0,0.07433718860826179
2024-01-13 22:45:00,2.0,15.0,1.225221712771583,19.57589589564229,14.75712257700814,2.126667,59.088761069304965,60.0,0.0,0.07417752213860992
2024-01-13 23:00:00,2.0,15.0,1.2024130607032977,19.464122623303105,14.740967199495604,2.186667,59.224060609260974,60.0,0.0,0.07444812121852194
2024-01-13 23:15:00,2.0,15.0,1.1808610770844061,19.354392792276013,14.723273393951144,2.186667,60.93394687718626,60.0,0.0,0.0778678937543725
2024-01-13 23:30:00,2.0,15.0,1.160183559654226,19.246604157853987,14.703836382883205,2.186667,60.745181084493304,60.0,0.385112,0.07749036216898661
2024-01-13 23:45:00,2.0,15.0,1.1403086070997914,19.140681137951642,14.6827485060801,2.186667,60.193208297221645,60.0,1.0269653333333335,0.07638641659444328
2024-01-14 00:00:00,2.0,15.0,1.1270237282802387,19.036290948198502,14.657220827332596,1.52,58.9082599346264,60.0,1.5404480000000003,0.0738165198692528
2024-01-14 00:15:00,2.0,15.0,1.1102285249801027,18.93325498766397,14.627038055647459,1.52,60.67737009608549,60.0,0.12837066666666666,0.07735474019217099
2024-01-14 00:30:00,2.0,15.0,1.09369447645036,18.831769668554795,14.595624246772587,1.52,60.674145806763235,60.0,0.2567413333333333,0.07734829161352647
2024-01-14 00:45:00,2.0,15.0,1.07776722901432,18.731777853475226,14.56304833350323,1.52,60.43490813503742,60.0,0.0,0.07686981627007484
2024-01-14 01:00:00,2.0,15.0,1.068927682307897,18.63293372275883,14.526161014827206,0.775,60.23280248737168,60.0,0.2567413333333333,0.07646560497474336
2024-01-14 01:15:00,2.0,15.0,1.0559013905082435,18.535062556028045,14.484690553691122,0.775,59.87501556594919,60.0,0.12837066666666666,0.07575003113189839
2024-01-14 01:30:00,2.0,15.0,1.042915133542452,18.438407564803768,14.442433627626007,0.775,59.32309399281933,60.0,2.6957840000000006,0.07464618798563866
2024-01-14 01:45:00,2.0,15.0,1.0303667626752244,18.34292752696994,14.399438945790385,0.775,60.67084404341934,60.0,0.8985946666666668,0.07734168808683868
2024-01-14 02:00:00,2.0,15.0,1.0181202755874903,18.24858827250364,14.35581044428932,0.788333,60.26247300039407,60.0,0.0,0.07652494600078814
2024-01-14 02:15:00,2.0,15.0,1.0063583541065388,18.15535436796421,14.311598301746168,0.788333,60.18029025850539,60.0,0.0,0.07636058051701079
2024-01-14 02:30:00,2.0,15.0,0.9949871404712977,18.063184616077784,14.26677773188065,0.788333,60.09828403429931,60.0,0.0,0.0761965680685986
2024-01-14 02:45:00,2.0,15.0,0.983982141497521,17.97204454662101,14.221388970490048,0.788333,60.01645394863913,60.0,0.0,0.07603290789727828
2024-01-14 03:00:00,2.0,15.0,0.9790491667325362,17.881645143049948,14.172643735212196,0.133333,59.93479962320253,60.0,0.0,0.07586959924640507
2024-01-14 03:15:00,2.0,15.0,0.970283258128822,17.791847114197406,14.120284574912914,0.133333,59.85332068047973,60.0,0.0,0.07570664136095946
2024-01-14 03:30:00,2.0,15.0,0.9614077057052249,17.70287794081274,14.067631817885893,0.133333,59.77201674377179,60.0,0.0,0.07554403348754359
2024-01-14 03:45:00,2.0,15.0,0.9527790956087578,17.6147143906782,14.014711410558153,0.133333,59.6908874371889,60.0,0.0,0.07538177487437782
2024-01-14 04:00:00,2.0,15.0,0.9454496082214534,17.527286672345763,13.961023002149789,0.011667,59.609932385648605,60.0,0.0,0.07521986477129722
2024-01-14 04:15:00,2.0,17.0,0.9841821345708343,17.679123446587912,13.907537111347468,0.011667,59.52915121487409,60.0,0.0,0.07505830242974817
2024-01-14 04:30:00,2.0,15.0,1.0534766353186171,17.89700490882717,13.862184746088246,0.011667,59.44854355139238,60.0,0.0,0.07489708710278477
2024-01-14 04:45:00,2.0,15.0,1.0408995413728268,17.800553081152135,13.81831006023231,0.011667,59.36810902253275,60.0,0.0,0.0747362180450655
2024-01-14 05:00:00,2.0,15.0,1.0270365384641025,17.705315744764846,13.774591720061125,0.206667,59.223447256424855,60.0,1.6688186666666667,0.07444689451284972
2024-01-14 05:15:00,2.0,15.0,1.0148132428491832,17.61128743505996,13.731161300340885,0.206667,58.93231447956101,60.0,0.2567413333333333,0.07386462895912202
2024-01-14 05:30:00,1.0,18.666666666666668,1.066631701763248,17.854788910344876,13.68850637632726,0.206667,61.055758585651034,60.0,0.0,0.07811151717130208
2024-01-14 05:45:00,1.0,16.666666666666668,1.240425464552335,18.545142373624866,13.660023458180659,0.206667,61.05770871307434,60.0,0.0,0.07811541742614868
2024-01-14 06:00:00,2.0,16.666666666666668,1.3833694448668117,19.13087020224047,13.641629969271763,-0.335,60.256502682633545,60.0,1.5404480000000003,0.07651300536526709
2024-01-14 06:15:00,1.0,18.333333333333332,1.4376094159847925,19.36978105073123,13.629368883386697,-0.335,59.22006596657614,60.0,1.0269653333333335,0.07444013193315228
2024-01-14 06:30:00,1.0,20.0,1.6648581348428422,20.344097638756736,13.631147714907682,-0.335,60.86321885985464,60.0,0.7702240000000001,0.07772643771970929
2024-01-14 06:45:00,1.0,20.0,1.6771096056398171,20.360620798507664,13.644534500445916,-0.335,59.93940360956315,60.0,1.0269653333333335,0.0758788072191263
2024-01-14 07:00:00,1.0,20.0,1.6349378903481908,20.208154809641123,13.654907623210098,-0.35667,59.277229636719554,60.0,1.5404480000000003,0.07455445927343911
2024-01-14 07:15:00,1.0,20.0,1.5985400186820702,20.059316632578405,13.661710320388828,-0.35667,60.92755190305347,60.0,0.2567413333333333,0.07785510380610695
2024-01-14 07:30:00,1.0,20.0,1.5639500676565492,19.913729305321517,13.665227219914867,-0.35667,60.674496032392014,60.0,0.2567413333333333,0.07734899206478404
2024-01-14 07:45:00,1.0,20.0,1.530781994492435,19.77125890226321,13.665623922244603,-0.35667,60.38009320337407,60.0,0.0,0.07676018640674814
2024-01-14 08:00:00,1.0,20.0,1.3888369952980222,19.63686624829944,13.663448806418522,-0.27333,60.29765782881363,60.0,0.0,0.07659531565762726
2024-01-14 08:15:00,1.0,20.0,1.3668433907289617,19.60299077328795,13.65921149466359,-0.27333,59.553521462942776,60.0,0.7702240000000001,0.07510704292588555
2024-01-14 08:30:00,1.0,20.0,1.5474454332683378,20.402790170986204,13.662873475160817,-0.27333,59.1012785524394,60.0,0.2567413333333333,0.07420255710487879
2024-01-14 08:45:00,1.0,20.0,1.5619713996410107,20.430019899131683,13.677204996667298,-0.27333,60.58488234850832,60.0,0.0,0.07716976469701665
2024-01-14 09:00:00,1.0,20.0,1.4591577603980894,20.29095598491146,13.68968289425961,-0.075,60.079256856250225,60.0,1.5404480000000003,0.07615851371250044
2024-01-14 09:15:00,1.0,20.0,1.4212932417644715,20.158580698729615,13.699921707204826,-0.075,59.28102193046366,60.0,0.0,0.07456204386092731
2024-01-14 09:30:00,1.0,20.0,1.389639563679125,20.029180696605692,13.707112883223004,-0.075,59.20094721593525,60.0,0.0,0.07440189443187051
2024-01-14 09:45:00,1.0,20.0,1.359295809230806,19.90263259580679,13.711409192652386,-0.075,59.1210444913249,60.0,0.0,0.0742420889826498
2024-01-14 10:00:00,1.0,20.0,1.2944361271215736,19.780456854339135,13.717926269893896,1.075,59.04131338722096,60.0,0.0,0.07408262677444193
2024-01-14 10:15:00,1.0,20.0,1.2625214428086096,19.66286592777195,13.727353931631205,1.075,60.32252148374173,60.0,0.0,0.07664504296748345
2024-01-14 10:30:00,1.0,20.0,1.2343324121166617,19.54792465637511,13.734064391148651,1.075,61.02730983075859,60.0,0.0,0.0780546196615172
2024-01-14 10:45:00,1.0,20.0,1.3506079467769057,20.131015173671106,13.742970440234233,1.075,60.94348432030616,60.0,0.0,0.07788696864061233
2024-01-14 11:00:00,1.0,19.833333333333332,1.397093665537753,20.407307396570683,13.773954179526166,3.168333,60.859838855986354,60.0,0.0,0.0777196777119727
2024-01-14 11:15:00,1.0,20.0,1.3567459960815786,20.280652783871073,13.813958514004721,3.168333,60.77637305108386,60.0,0.0,0.07755274610216771
2024-01-14 11:30:00,1.0,20.0,1.3200437197489336,20.157450748842198,13.850143400100452,3.168333,60.69308651971398,60.0,0.0,0.07738617303942795
2024-01-14 11:45:00,1.0,20.0,1.2849215979552464,20.03755244149687,13.882694577322377,3.168333,60.60997887682081,60.0,0.0,0.07721995775364163
2024-01-14 12:00:00,1.0,20.0,1.24293523748283,19.92118706249618,13.917089260384007,4.396667,60.52704973817553,60.0,0.0,0.07705409947635107
2024-01-14 12:15:00,1.0,20.0,1.2079614360598667,19.80840886828128,13.954044347103936,4.396667,60.44429872037456,60.0,0.0,0.07688859744074912
2024-01-14 12:30:00,1.0,20.0,1.1749970141918655,19.698731732551995,13.987558558493193,4.396667,60.361725440837844,60.0,0.0,0.07672345088167569
2024-01-14 12:45:00,1.0,20.0,1.1434540532516873,19.59202175371199,14.01779903129013,4.396667,60.27932951780705,60.0,0.0,0.07655865903561411
2024-01-14 13:00:00,1.0,20.0,1.1495621246609318,19.70869210074475,14.055945724738036,6.783333,60.1971105703438,60.0,0.0,0.0763942211406876
2024-01-14 13:15:00,1.0,20.0,1.3120379482208067,20.441766217658905,14.115667420407261,6.783333,60.115068218327934,60.0,0.0,0.07623013643665587
2024-01-14 13:30:00,1.0,20.0,1.284016768631036,20.35859040461562,14.180085951350602,6.783333,60.03320208245575,60.0,0.0,0.0760664041649115
2024-01-14 13:45:00,1.0,20.0,1.243564887799432,20.242275928334653,14.240174826099862,6.783333,59.95151178423823,60.0,0.0,0.07590302356847646
2024-01-14 14:00:00,1.0,20.0,1.2361063437387259,20.128146758589445,14.299944902292998,7.686667,59.86999694599927,60.0,0.0,0.07573999389199854
2024-01-14 14:15:00,1.0,20.0,1.1989528091993316,20.01598504195659,14.359949696724248,7.686667,59.788657190874034,60.0,0.0,0.07557731438174807
2024-01-14 14:30:00,1.0,20.0,1.161229645610109,19.90737378479737,14.415836969215082,7.686667,59.707492142807084,60.0,0.0,0.07541498428561418
2024-01-14 14:45:00,2.0,15.666666666666666,1.125171748283555,19.80215611060005,14.467803401671995,7.686667,59.626501426550725,60.0,0.0,0.07525300285310145
2024-01-14 15:00:00,1.0,18.333333333333332,1.1966935223125221,19.69528504337559,14.515697552901994,7.615,59.545684667663224,60.0,0.0,0.07509136933532647
2024-01-14 15:15:00,1.0,20.0,1.1691712363879134,19.586050815872923,14.559523189551475,7.615,59.46504149250713,60.0,0.0,0.07493008298501427
2024-01-14 15:30:00,1.0,20.0,1.1864097531215476,19.755374536808752,14.60081219890009,7.615,59.38457152824749,60.0,0.0,0.07476914305649497
2024-01-14 15:45:00,1.0,20.0,1.3441626462828273,20.447988687478375,14.652736801640692,7.615,59.30427440285015,60.0,0.0,0.0746085488057003
2024-01-14 16:00:00,1.0,20.0,1.3718340668161282,20.341067285390203,14.70445835241481,6.705,59.224149745080055,60.0,0.0,0.07444829949016012
2024-01-14 16:15:00,1.0,20.0,1.3374566601869293,20.216177790466237,14.74758871145417,6.705,59.14419718449951,60.0,0.0,0.07428839436899902
2024-01-14 16:30:00,1.0,20.0,1.3004834563979826,20.094766636143795,14.786842677470341,6.705,59.06441635146646,60.0,0.0,0.07412883270293294
2024-01-14 16:45:00,1.0,20.0,1.2651082400344327,19.97668329123077,14.822408226709745,6.705,59.62956756689737,60.0,0.0,0.07525913513379474
2024-01-14 17:00:00,1.0,20.0,1.2423521883087516,19.86128763349469,14.848984010813016,5.435,61.05185154643924,60.0,0.0,0.07810370309287847
2024-01-14 17:15:00,1.0,20.0,1.2129702204829271,19.748233621185406,14.86617099923371,5.435,60.967973323620676,60.0,0.0,0.07793594664724136
2024-01-14 17:30:00,1.0,20.0,1.184143350266334,19.63788995633655,14.880502661281772,5.435,60.87507526015397,60.0,0.12837066666666666,0.07775015052030795
2024-01-14 17:45:00,1.0,20.0,1.1579488957691928,19.548563029901825,14.892129217323971,5.435,60.58016256169461,60.0,0.12837066666666666,0.07716032512338922
2024-01-14 18:00:00,1.0,20.0,1.3175500801572118,20.246768821156245,14.901891590400407,4.025,60.33187537487712,60.0,0.12837066666666666,0.07666375074975425
2024-01-14 18:15:00,1.0,20.0,1.3642613413599902,20.39753240432126,14.916855941530644,4.025,60.22199495002511,60.0,0.0,0.07644398990005023
2024-01-14 18:30:00,1.0,20.0,1.3324649698032474,20.2733948016535,14.9301453032129,4.025,60.1398991496461,60.0,0.0,0.0762797982992922
2024-01-14 18:45:00,1.0,20.0,1.3019977808002332,20.152121294984838,14.940466382908964,4.025,53.78355463435692,60.0,19.51234133333333,0.06356710926871383
2024-01-14 19:00:00,1.0,20.0,1.2812873110805774,20.033212543068224,14.943774122507095,3.053333,41.09996207083004,60.0,1.7971893333333333,0.038199924141660076
2024-01-14 19:15:00,1.0,20.0,1.2556048371633577,19.916394623817983,14.93977366221181,3.053333,44.152198114894034,60.0,0.0,0.04430439622978806
2024-01-14 19:30:00,1.0,20.0,1.230440237813872,19.801940861131907,14.9334736412937,3.053333,46.103575462828644,60.0,1.7971893333333335,0.04820715092565729
2024-01-14 19:45:00,1.0,20.0,1.2062905691700692,19.689755663931248,14.924991799233231,3.053333,48.56638811798889,60.0,0.0,0.053132776235977786
2024-01-14 20:00:00,1.0,20.0,1.189282917423088,19.579471529217535,14.911390812909605,2.3466670000000005,51.73112904349456,60.0,0.0,0.05946225808698913
2024-01-14 20:15:00,1.0,20.0,1.2462828439788953,19.874415239792384,14.894357252183559,2.3466670000000005,54.76957532629866,60.0,0.12837066666666666,0.06553915065259731
2024-01-14 20:30:00,1.0,20.0,1.3951055168899995,20.45065433831808,14.890933015194756,2.3466670000000005,57.90262819688561,60.0,0.0,0.07180525639377121
2024-01-14 20:45:00,2.0,18.666666666666668,1.3670539426870245,20.32342823744629,14.890656198944725,2.3466670000000005,59.55825251694105,60.0,1.5404480000000003,0.0751165050338821
2024-01-14 21:00:00,2.0,15.0,1.3418818398702361,20.198719977761858,14.886220928066125,1.991667,60.47838204604954,60.0,0.7702240000000001,0.07695676409209909
2024-01-14 21:15:00,2.0,15.0,1.3156005459394147,20.076362861535713,14.877601465347656,1.991667,60.120209905573894,60.0,0.0,0.07624041981114779
2024-01-14 21:30:00,2.0,17.0,1.2901835450010948,19.956393166642822,14.866705882973319,1.991667,60.038332726036145,60.0,0.0,0.0760766654520723
2024-01-14 21:45:00,2.0,15.0,1.2657816764980128,19.83871528534164,14.853651701104035,1.991667,59.95663140787339,60.0,0.0,0.07591326281574678
2024-01-14 22:00:00,2.0,15.0,1.2531521196519726,19.722754488128256,14.833214205984289,0.755,59.875105573358596,60.0,0.0,0.07575021114671719
2024-01-14 22:15:00,2.0,15.0,1.2335790070904786,19.608220136953438,14.804945209075251,0.755,59.62828268813429,60.0,1.0269653333333335,0.07525656537626858
2024-01-14 22:30:00,2.0,15.0,1.214077858064253,19.49551541279236,14.775149810976613,0.755,57.96280249044215,60.0,3.0808960000000005,0.0719256049808843
2024-01-14 22:45:00,2.0,15.0,1.1953083765657697,19.384571416507526,14.743911556365784,0.755,59.9356697854442,60.0,0.0,0.07587133957088839
2024-01-14 23:00:00,2.0,15.0,1.1909528792040107,19.274708569158925,14.70453485303986,-0.815,61.10148832952685,60.0,0.12837066666666666,0.07820297665905371
2024-01-14 23:15:00,2.0,15.0,1.177275242947879,19.16560565452061,14.65639101467544,-0.815,60.81526955471725,60.0,0.2567413333333333,0.07763053910943449
2024-01-14 23:30:00,2.0,15.0,1.1632052754700852,19.057820091750212,14.607427709827826,-0.815,60.41941313695508,60.0,0.2567413333333333,0.07683882627391016
2024-01-14 23:45:00,2.0,15.0,1.149602735108276,18.951307879734063,14.557696730015808,-0.815,60.21748569036808,60.0,0.0,0.07643497138073617
