,Occupancy,T_set_HP,P_loss_HP,T_ref_HP,T_wall_HP,T_out_HP,T_ref_WB,T_set_WB,P_use_WB,P_loss_WB
2024-01-01 00:00:00,2.0,14.5,0.1701484633391181,14.493703211636898,13.252687338683263,12.0,59.90544046367454,60.0,0.12837066666666666,0.07581088092734907
2024-01-01 00:15:00,2.0,14.5,0.17978915259471898,14.480334412175896,13.258304464238366,12.0,59.485725092077274,60.0,0.0,0.07497145018415455
2024-01-01 00:30:00,2.0,14.5,0.17724332136352255,14.467155533854372,13.263705901808665,12.0,59.93145279037889,60.0,0.2567413333333333,0.07586290558075778
2024-01-01 00:45:00,2.0,14.5,0.17475108803216724,14.4541625756474,13.26889676027916,12.0,60.51222898999994,60.0,0.2567413333333333,0.07702445797999989
2024-01-01 01:00:00,2.0,14.5,0.1723112509866904,14.441351626236463,13.273882032404938,12.0,60.25530399104051,60.0,0.0,0.07651060798208102
2024-01-01 01:15:00,2.0,14.5,0.16992263575757321,14.42871886198296,13.27866659743873,12.0,60.09113404599801,60.0,0.0,0.076182268091996
2024-01-01 01:30:00,2.0,14.5,0.16758409440600672,14.416260544947546,13.283255223699081,12.0,59.92766862472198,60.0,0.0,0.07585533724944396
2024-01-01 01:45:00,2.0,14.5,0.16529450492403663,14.403973020954243,13.287652571080402,12.0,59.5993890782358,60.0,0.2567413333333333,0.0751987781564716
2024-01-01 02:00:00,2.0,14.5,0.17048065927755715,14.391581421904293,13.289413666372736,11.0,59.0956522577251,60.0,0.0,0.07419130451545021
2024-01-01 02:15:00,1.0,14.866666666666667,0.16939548655796913,14.37901481086638,13.288240340793292,11.0,59.49760239558275,60.0,0.7702240000000001,0.07499520479116552
2024-01-01 02:30:00,2.0,15.233333333333333,0.2376559129645313,14.915934103469075,13.289017482995787,11.0,60.942149804929194,60.0,0.0,0.07788429960985839
2024-01-01 02:45:00,2.0,14.5,0.2599289382021116,15.0347462043706,13.29410932144133,11.0,60.664632309409896,60.0,0.7702240000000001,0.0773292646188198
2024-01-01 03:00:00,2.0,14.5,0.25660726090080965,15.01567873532635,13.29917565036801,11.0,58.60623383964501,60.0,0.8985946666666668,0.07321246767929002
2024-01-01 03:15:00,2.0,14.5,0.2533540181776581,14.99685390506344,13.30397866765626,11.0,60.81183522280476,60.0,0.12837066666666666,0.07762367044560951
2024-01-01 03:30:00,2.0,14.5,0.25016767999574385,14.978266719387332,13.308524716025339,11.0,60.71443140642152,60.0,0.7702240000000001,0.07742886281284303
2024-01-01 03:45:00,1.0,19.633333333333333,0.3179195602021212,15.555739277401821,13.314394469931129,11.0,59.167725026623074,60.0,0.12837066666666666,0.07433545005324614
2024-01-01 04:00:00,2.0,14.5,0.43169817791792375,16.307913710383676,13.329034141636665,11.0,60.59472196567522,60.0,0.12837066666666666,0.07718944393135044
2024-01-01 04:15:00,1.0,19.633333333333333,0.49683126293469415,16.872050288284992,13.347640910063406,11.0,60.47195257277621,60.0,0.12837066666666666,0.07694390514555242
2024-01-01 04:30:00,2.0,14.866666666666667,0.6189313863840001,17.702656167341726,13.375087881157974,11.0,60.013042945666214,60.0,0.12837066666666666,0.07602608589133243
2024-01-01 04:45:00,2.0,14.5,0.6113788420923977,17.663715254296655,13.405171663806398,11.0,58.08290906876449,60.0,1.5404480000000003,0.07216581813752897
2024-01-01 05:00:00,2.0,14.5,0.6087334087483521,17.618684762691778,13.431911006871337,10.0,60.410592998250756,60.0,0.0,0.07682118599650152
2024-01-01 05:15:00,2.0,14.5,0.5999878483064263,17.57405094403001,13.455019844608277,10.0,61.03161655500507,60.0,0.0,0.07806323311001015
2024-01-01 05:30:00,2.0,14.5,0.5909295372767268,17.530092965532383,13.477343040954263,10.0,60.86411511922362,60.0,0.0,0.07772823023844724
2024-01-01 05:45:00,1.0,17.433333333333334,0.601195373111134,17.67037815600374,13.499141892611268,10.0,60.697332504066715,60.0,0.0,0.07739466500813343
2024-01-01 06:00:00,1.0,20.0,0.7633295684204783,18.913718721321427,13.527094355672224,10.0,60.53126562476621,60.0,0.0,0.07706253124953243
2024-01-01 06:15:00,1.0,20.0,0.9455830226729272,20.22861449206182,13.568184538923129,10.0,60.36591140979206,60.0,0.0,0.07673182281958413
2024-01-01 06:30:00,1.0,20.0,0.9793853163759676,20.451893774610017,13.617045922304168,10.0,60.20126680079545,60.0,0.0,0.07640253360159091
2024-01-01 06:45:00,1.0,20.0,0.9630703074738141,20.38019978430146,13.66516658398773,10.0,59.76152383424335,60.0,0.385112,0.07552304766848669
2024-01-01 07:00:00,1.0,20.0,0.9470939647777058,20.309697418647037,13.711859750937483,10.0,59.09193367532069,60.0,0.0,0.07418386735064138
2024-01-01 07:15:00,1.0,20.0,0.9314774632414655,20.240360939724503,13.757158596724292,10.0,60.63551529886124,60.0,0.0,0.07727103059772249
2024-01-01 07:30:00,1.0,20.0,0.9161999913697415,20.17216447952537,13.80109553701109,10.0,60.86967310308246,60.0,0.0,0.07773934620616492
2024-01-01 07:45:00,1.0,20.0,0.9012528681511809,20.105083377021916,13.843702249797904,10.0,59.53320216824675,60.0,0.7702240000000001,0.0750664043364935
2024-01-01 08:00:00,2.0,19.266666666666666,0.8833684130867555,20.039214107427846,13.885010039583863,10.0,60.634869908312304,60.0,0.12837066666666666,0.0772697398166246
2024-01-01 08:15:00,2.0,14.5,0.8688612235863804,19.97454863943777,13.925050842962973,10.0,60.3364630909467,60.0,0.12837066666666666,0.0766729261818934
2024-01-01 08:30:00,1.0,19.633333333333333,0.8548959748003511,19.910925234742482,13.963854688629077,10.0,60.1536185660481,60.0,0.0,0.07630723713209622
2024-01-01 08:45:00,1.0,20.0,0.8412316728462488,19.84832142730357,14.001450413391645,10.0,59.98988499685133,60.0,0.0,0.07597976999370266
2024-01-01 09:00:00,1.0,20.0,0.8242707691129872,19.786848062595958,14.037866579836436,10.0,59.58806507516405,60.0,0.12837066666666666,0.07517613015032812
2024-01-01 09:15:00,1.0,20.0,0.8109694360378851,19.72650078101476,14.073132580769194,10.0,59.206337882569336,60.0,0.12837066666666666,0.07441267576513867
2024-01-01 09:30:00,1.0,20.0,0.7982062505948007,19.667105831660944,14.107275838677838,10.0,58.686483534278985,60.0,1.5404480000000003,0.07337296706855796
2024-01-01 09:45:00,1.0,20.0,0.7857171098466089,19.60864275686886,14.140322591376549,10.0,59.570192442746524,60.0,0.0,0.07514038488549304
2024-01-01 10:00:00,1.0,20.0,0.7475431359400909,19.552048002043378,14.17474996928596,11.0,61.12438608475387,60.0,0.0,0.07824877216950775
2024-01-01 10:15:00,3.0,18.333333333333332,0.7470031987984421,19.615429714983506,14.211094619058777,11.0,60.95648653506371,60.0,0.0,0.07791297307012741
2024-01-01 10:30:00,1.0,15.666666666666666,0.7617003086270632,19.7366087454109,14.248474269145238,11.0,60.69733915677959,60.0,0.385112,0.07739467831355919
2024-01-01 10:45:00,1.0,20.0,0.7490872761431698,19.680846967740244,14.28532093871687,11.0,59.79690008283834,60.0,0.0,0.07559380016567668
2024-01-01 11:00:00,1.0,20.0,0.7110350791695539,19.626953561227324,14.323517533244432,12.0,59.193798202864976,60.0,0.2567413333333333,0.07438759640572995
2024-01-01 11:15:00,1.0,20.0,0.6967384267284306,19.57506314944177,14.363401701012853,12.0,60.2840439969688,60.0,0.0,0.0765680879939376
2024-01-01 11:30:00,1.0,20.0,0.6845375045672243,19.52408327952121,14.402176608470999,12.0,60.46449029735846,60.0,0.5134826666666666,0.07692898059471692
2024-01-01 11:45:00,1.0,20.0,0.7525143642102872,20.121955774074262,14.44181776658211,12.0,59.27131415212242,60.0,0.2567413333333333,0.07454262830424487
2024-01-01 12:00:00,1.0,20.0,0.8147782198061506,20.49611223169112,14.487810485189204,12.0,60.14478352192814,60.0,0.0,0.07628956704385628
2024-01-01 12:15:00,1.0,20.0,0.8008681932529831,20.43646621413476,14.533747875444169,12.0,60.578828803668024,60.0,0.7702240000000001,0.07715765760733605
2024-01-01 12:30:00,1.0,20.0,0.7868318939298741,20.377867712106216,14.578408828335206,12.0,59.677248851152235,60.0,0.12837066666666666,0.07535449770230447
2024-01-01 12:45:00,1.0,20.0,0.7731023500640034,20.320293825533597,14.621822828224289,12.0,61.014844684117605,60.0,0.0,0.07802968936823522
2024-01-01 13:00:00,1.0,20.0,0.7562621610401383,20.26384830838258,14.664019052162242,12.0,60.60862622005907,60.0,0.12837066666666666,0.07721725244011815
2024-01-01 13:15:00,1.0,20.0,0.7429177642717807,20.208525529068346,14.705027419937371,12.0,60.40628217985237,60.0,0.0,0.07681256435970475
2024-01-01 13:30:00,1.0,20.0,0.7301040004428164,20.15415900409082,14.74487593518464,12.0,60.03935418307277,60.0,0.12837066666666666,0.07607870836614554
2024-01-01 13:45:00,1.0,20.0,0.717569576991589,20.100727880049554,14.783591432594053,12.0,59.802774269636416,60.0,0.0,0.07560554853927283
2024-01-01 14:00:00,1.0,20.0,0.7247344865472568,20.047493285080304,14.821198082046694,12.0,59.18130511988751,60.0,0.2567413333333333,0.07436261023977503
2024-01-01 14:15:00,1.0,20.0,0.7139236186543074,19.99434274165348,14.857711507369421,12.0,59.81038268273205,60.0,1.0269653333333335,0.0756207653654641
2024-01-01 14:30:00,1.0,20.0,0.7019830234185502,19.94208324552877,14.89315402908074,12.0,58.69312210734189,60.0,0.8985946666666668,0.07338624421468379
2024-01-01 14:45:00,1.0,20.0,0.6903014557357877,19.890695459826595,14.927550503668591,12.0,60.3102144317639,60.0,0.2567413333333333,0.0766204288635278
2024-01-01 15:00:00,1.0,20.0,0.6993896747568004,19.839401669453988,14.960923052040263,12.0,60.98522526117551,60.0,0.12837066666666666,0.077970450522351
2024-01-01 15:15:00,1.0,20.0,0.6894588389261308,19.78808565083512,14.993284846408805,12.0,60.61604442680082,60.0,0.0,0.07723208885360164
2024-01-01 15:30:00,1.0,20.0,0.6783012652126227,19.73760220134999,15.024656206801067,12.0,60.45032638956365,60.0,0.0,0.0769006527791273
2024-01-01 15:45:00,1.0,20.0,0.6673844126192648,19.687933350854177,15.0550602051117,12.0,60.28531951962166,60.0,0.0,0.07657063903924331
2024-01-01 16:00:00,1.0,20.0,0.6651438380701753,19.638752768345647,15.082069755380292,11.0,60.12102076505046,60.0,0.0,0.0762420415301009
2024-01-01 16:15:00,1.0,20.0,0.6558638139207598,19.589971011504943,15.105403753342063,11.0,59.957427087022744,60.0,0.0,0.07591485417404549
2024-01-01 16:30:00,1.0,20.0,0.6462102845512074,19.541909469836195,15.127908025029676,11.0,59.79453545975216,60.0,0.0,0.07558907091950431
2024-01-01 16:45:00,1.0,20.0,0.6622585256355986,19.730532786988114,15.149966233438338,11.0,59.632342870437284,60.0,0.0,0.07526468574087457
2024-01-01 17:00:00,1.0,20.0,0.7709057679677463,20.5041133621606,15.17762122271573,11.0,59.470846319205926,60.0,0.0,0.07494169263841184
2024-01-01 17:15:00,1.0,20.0,0.7644524575504715,20.466954079178482,15.208184055082466,11.0,59.31004281905961,60.0,0.0,0.07462008563811921
2024-01-01 17:30:00,1.0,20.0,0.7527645949571091,20.410952432927573,15.237746152241392,11.0,59.1499293958184,60.0,0.0,0.0742998587916368
2024-01-01 17:45:00,3.0,19.333333333333332,0.7413264000118974,20.355804199968944,15.266313970762736,11.0,59.39161086025235,60.0,0.0,0.0747832217205047
2024-01-01 18:00:00,3.0,15.0,0.7301322653007098,20.301491161150672,15.293910844901808,11.0,60.93292212068196,60.0,0.0,0.07786584424136393
2024-01-01 18:15:00,3.0,15.0,0.7191767101074522,20.247995506484138,15.320559579044,11.0,60.80867654063244,60.0,0.0,0.0776173530812649
2024-01-01 18:30:00,1.0,19.666666666666668,0.7084543775493592,20.19529982589919,15.346282459692306,11.0,60.64213183623432,60.0,0.0,0.07728426367246866
2024-01-01 18:45:00,1.0,20.0,0.6979600317770716,20.1433871002083,15.37110126718373,11.0,60.47630184671534,60.0,0.0,0.07695260369343068
2024-01-01 19:00:00,1.0,20.0,0.6876885552380197,20.09224069227506,15.395037287140784,11.0,59.90279373976098,60.0,0.7702240000000001,0.07580558747952196
2024-01-01 19:15:00,1.0,20.0,0.6776349460016973,20.041844338382315,15.41811132166398,11.0,57.48856843120168,60.0,2.5674133333333335,0.07097713686240335
2024-01-01 19:30:00,1.0,20.0,0.6677943151454063,19.992182139795528,15.440343700271239,11.0,58.6291901389362,60.0,0.0,0.0732583802778724
2024-01-01 19:45:00,1.0,20.0,0.6581618841991282,19.94323855451683,15.461754290589907,11.0,60.90290626986255,60.0,0.0,0.0778058125397251
2024-01-01 20:00:00,1.0,20.0,0.6487329826481593,19.894998389225577,15.482362508806997,11.0,60.750006332380366,60.0,0.385112,0.07750001266476073
2024-01-01 20:15:00,1.0,20.0,0.6395030454922286,19.847446791401072,15.502187329883094,11.0,59.88612541829752,60.0,0.0,0.07577225083659503
2024-01-01 20:30:00,1.0,20.0,0.6304676108597999,19.80056924162345,15.521247297535298,11.0,59.55963985378377,60.0,0.5134826666666666,0.07511927970756754
2024-01-01 20:45:00,1.0,20.0,0.6216223176763301,19.754351546048596,15.539560533994393,11.0,60.992593323061186,60.0,0.0,0.07798518664612238
2024-01-01 21:00:00,1.0,20.0,0.6203907920145311,19.70850853325921,15.55469522240781,10.0,60.29830308449488,60.0,0.770224,0.07659660616898976
2024-01-01 21:15:00,1.0,20.0,0.6130228685915727,19.66295919401571,15.566366051294215,10.0,59.09405251684755,60.0,0.0,0.07418810503369509
2024-01-01 21:30:00,2.0,19.266666666666666,0.6053067553183819,19.61798534167711,15.577414366473032,10.0,58.228090869473554,60.0,1.7971893333333335,0.07245618173894709
2024-01-01 21:45:00,2.0,14.5,0.5977490680419378,19.57357515031238,15.58785518134154,10.0,59.253117540657584,60.0,0.7702240000000001,0.07450623508131518
2024-01-01 22:00:00,2.0,14.5,0.5903462662893469,19.529717058303184,15.597703167358922,10.0,60.86393650458433,60.0,0.0,0.07772787300916867
2024-01-01 22:15:00,1.0,17.433333333333334,0.6022259837135207,19.66998150258493,15.60721550587188,10.0,60.50915691499826,60.0,0.2567413333333333,0.07701831382999652
2024-01-01 22:30:00,2.0,19.266666666666666,0.7159154235450575,20.480849020446662,15.622113716598745,10.0,59.73793036042485,60.0,0.2567413333333333,0.07547586072084969
2024-01-01 22:45:00,2.0,14.5,0.7152160764966562,20.467121577202455,15.640691809110411,10.0,59.41095996357385,60.0,0.0,0.07482191992714772
2024-01-01 23:00:00,2.0,14.5,0.7055685135735037,20.4146759301929,15.658511642584413,10.0,59.250413461508536,60.0,0.0,0.07450082692301709
2024-01-01 23:15:00,2.0,14.5,0.6961220605160977,20.362934916537355,15.675548774911828,10.0,59.09055593345913,60.0,0.0,0.07418111186691827
2024-01-01 23:30:00,2.0,14.5,0.6868722142502333,20.311883859976987,15.691821896964917,10.0,60.148253237636276,60.0,0.0,0.07629650647527254
2024-01-01 23:45:00,2.0,14.5,0.6778145734112911,20.26150841283595,15.707349274376567,10.0,60.91338869335304,60.0,0.0,0.0778267773867061
2024-01-02 00:00:00,2.0,14.5,0.6689448360446306,20.211794548599848,15.722148757162778,10.0,60.74639462412015,60.0,0.0,0.0774927892482403
2024-01-02 00:15:00,2.0,14.5,0.660258797357982,20.162728554662017,15.73623778912757,10.0,60.580117198183956,60.0,0.0,0.0771602343963679
2024-01-02 00:30:00,2.0,14.5,0.6517523475246616,20.114297025233846,15.749633417055211,10.0,60.41455334012019,60.0,0.0,0.0768291066802404
2024-01-02 00:45:00,2.0,14.5,0.6434214695364615,20.066486854415324,15.762352299694536,10.0,60.24969998770254,60.0,0.0,0.07649939997540509
2024-01-02 01:00:00,2.0,14.5,0.6278343484758001,20.01955652521632,15.776860243673697,11.0,60.08555409184601,60.0,0.0,0.07617110818369201
2024-01-02 01:15:00,2.0,14.5,0.6187331457399267,19.97356095599743,15.793475776949025,11.0,59.92211261655055,60.0,0.0,0.0758442252331011
2024-01-02 01:30:00,2.0,14.5,0.6103218303097787,19.92819282655306,15.80939001437407,11.0,59.75937253884491,60.0,0.0,0.07551874507768981
2024-01-02 01:45:00,2.0,14.5,0.6020861399204,19.883439026809135,15.82461966452539,11.0,59.59733084873069,60.0,0.0,0.07519466169746139
2024-01-02 02:00:00,2.0,14.5,0.6014500299512882,19.83901544453367,15.836731528800978,10.0,59.435984549126694,60.0,0.0,0.07487196909825339
2024-01-02 02:15:00,2.0,14.5,0.5946636569771855,19.79484210564377,15.84543894515358,10.0,59.27533065581346,60.0,0.0,0.07455066131162692
2024-01-02 02:30:00,2.0,14.5,0.5875155434858296,19.751201835170118,15.85358193931523,10.0,59.115366197378115,60.0,0.0,0.07423073239475624
2024-01-02 02:45:00,2.0,14.5,0.5805126127848921,19.708083795899526,15.861174234385308,10.0,59.886861840952584,60.0,0.0,0.07577372368190516
2024-01-02 03:00:00,2.0,14.5,0.5736516249069793,19.66547739249697,15.86822924064115,10.0,60.939214228555,60.0,0.0,0.07787842845711
2024-01-02 03:15:00,2.0,14.5,0.5669294130362734,19.623372266044385,15.874760062618302,10.0,60.77210933085514,60.0,0.0,0.07754421866171028
2024-01-02 03:30:00,2.0,14.5,0.5603428818546934,19.581758288703007,15.880779506030638,10.0,60.60572155206454,60.0,0.0,0.07721144310412907
2024-01-02 03:45:00,1.0,17.433333333333334,0.5538890059254389,19.54062555849632,15.886300084534001,10.0,60.44004781471787,60.0,0.0,0.07688009562943575
2024-01-02 04:00:00,1.0,15.6,0.5475648281130866,19.49996439421096,15.891334026336871,10.0,60.27508505455653,60.0,0.0,0.07655017010911307
2024-01-02 04:15:00,1.0,17.066666666666666,0.576694738638336,19.734289624911188,15.897075887369052,10.0,60.11083022047195,60.0,0.0,0.07622166044094389
2024-01-02 04:30:00,1.0,20.0,0.5753183069523712,19.71127434627174,15.904024055368478,10.0,59.94728027444919,60.0,0.0,0.07589456054889838
2024-01-02 04:45:00,1.0,16.333333333333332,0.5685907318664375,19.669046327669715,15.910465594771017,10.0,59.78443219151074,60.0,0.0,0.07556886438302148
2024-01-02 05:00:00,2.0,17.433333333333334,0.5619988743039221,19.62730985285926,15.916395893325605,10.0,59.62228295966054,60.0,0.0,0.07524456591932108
2024-01-02 05:15:00,1.0,17.433333333333334,0.5555397082156924,19.58605501716742,15.921827466488175,10.0,59.460829579828356,60.0,0.0,0.07492165915965672
2024-01-02 05:30:00,2.0,14.866666666666667,0.5492102758672669,19.545272136729114,15.926772544213755,10.0,59.30006906581423,60.0,0.0,0.07460013813162844
2024-01-02 05:45:00,2.0,14.5,0.5430076862943384,19.504951743502364,15.931243077418882,10.0,59.13999844423322,60.0,0.0,0.07427999688846644
2024-01-02 06:00:00,1.0,18.533333333333335,0.5778707343388159,19.825445438388066,15.935965357266246,10.0,59.496275481896326,60.0,0.0,0.07499255096379266
2024-01-02 06:15:00,1.0,20.0,0.678551260626459,20.50013978814554,15.947314365637768,10.0,60.951140867790826,60.0,0.0,0.07790228173558165
2024-01-02 06:30:00,1.0,20.0,0.6707449690547177,20.450298083986176,15.960844336811231,10.0,60.79826086169751,60.0,0.0,0.07759652172339501
2024-01-02 06:45:00,1.0,20.0,0.6622043210055661,20.401093378770664,15.973681705495146,10.0,60.631760855452605,60.0,0.0,0.07726352171090521
2024-01-02 07:00:00,2.0,19.266666666666666,0.646411599392026,20.352783844284026,15.988292670377064,11.0,60.465975372267835,60.0,0.0,0.07693195074453567
2024-01-02 07:15:00,2.0,14.5,0.6371088728274681,20.30542409458869,16.004996142519794,11.0,60.3009013458178,60.0,0.0,0.07660180269163559
2024-01-02 07:30:00,2.0,14.5,0.6285000196031165,20.258706511951267,16.0209836111331,11.0,60.13653572293598,60.0,0.0,0.07627307144587196
2024-01-02 07:45:00,1.0,14.866666666666667,0.6200706888111186,20.21261769538746,16.03627215059759,11.0,59.97287546355829,60.0,0.0,0.0759457509271166
2024-01-02 08:00:00,1.0,20.0,0.6113961831450232,20.167160102922182,16.050878491422264,11.0,59.809917540666916,60.0,0.0,0.07561983508133382
2024-01-02 08:15:00,1.0,20.0,0.6032882973838413,20.12232293123372,16.064819156690117,11.0,59.647658940234244,60.0,0.0,0.07529531788046849
2024-01-02 08:30:00,1.0,20.0,0.5953782587428245,20.07807576215993,16.078110140856797,11.0,59.48609666116714,60.0,0.0,0.07497219332233428
2024-01-02 08:45:00,1.0,20.0,0.5876321128589942,20.034406361545354,16.09076700853181,11.0,59.32522771525147,60.0,0.0,0.07465045543050294
2024-01-02 09:00:00,1.0,20.0,0.579986096043187,19.991304991687894,16.10280497644883,11.0,59.165049127096815,60.0,0.0,0.07433009825419364
2024-01-02 09:15:00,3.0,15.333333333333334,0.5725531561778651,19.948760246073622,16.114238939718557,11.0,59.3064175054762,60.0,0.0,0.07461283501095241
2024-01-02 09:30:00,3.0,15.0,0.5652776569023615,19.9067581366384,16.125083432550575,11.0,60.90550206391139,60.0,0.0,0.07781100412782278
2024-01-02 09:45:00,3.0,15.0,0.5581518597816666,19.865287488621938,16.135352648823208,11.0,60.82421465917908,60.0,0.0,0.07764842931835814
2024-01-02 10:00:00,1.0,18.666666666666668,0.5416771281642518,19.824688563801807,16.145061464346703,11.0,60.65760327403862,60.0,0.0,0.07731520654807725
2024-01-02 10:15:00,3.0,16.333333333333332,0.5342622443465451,19.784995919820364,16.154228325573257,11.0,60.28959675046886,60.0,0.12837066666666666,0.07657919350093771
2024-01-02 10:30:00,3.0,15.0,0.5276669649752607,19.745795146778388,16.162867812883192,11.0,60.05194293866416,60.0,0.0,0.07610388587732833
2024-01-02 10:45:00,1.0,19.666666666666668,0.5212064911965338,19.70707618198462,16.170992687699943,11.0,59.88864570326735,60.0,0.0,0.0757772914065347
2024-01-02 11:00:00,1.0,20.0,0.5232613120491999,19.668519120774913,16.178614533236463,11.0,56.950805242080015,60.0,2.3106720000000007,0.06990161048416003
2024-01-02 11:15:00,1.0,20.0,0.5175722731577204,19.630074403442304,16.185741217058776,11.0,57.74699020428855,60.0,1.0269653333333335,0.0714939804085771
2024-01-02 11:30:00,1.0,20.0,0.5114090801509964,19.59208929430127,16.192383469789025,11.0,59.47224885800577,60.0,0.385112,0.07494449771601154
2024-01-02 11:45:00,1.0,18.0,0.5053707793197953,19.554554470767005,16.198553090139832,11.0,60.14544402881096,60.0,0.8985946666666668,0.07629088805762191
2024-01-02 12:00:00,1.0,20.0,0.49045366266918683,19.51779029325076,16.206711301470225,12.0,59.402598978114376,60.0,0.12837066666666666,0.07480519795622875
2024-01-02 12:15:00,1.0,20.0,0.5633624028444645,20.12982451521199,16.219122686131595,12.0,60.933845005637835,60.0,0.0,0.07786769001127566
2024-01-02 12:30:00,3.0,16.333333333333332,0.6249228189349509,20.517964195881817,16.238434958002305,12.0,60.80959546509246,60.0,0.0,0.07761919093018492
2024-01-02 12:45:00,1.0,17.666666666666668,0.6159400366835263,20.472161486611128,16.258232154339794,12.0,60.40403662416049,60.0,0.2567413333333333,0.07680807324832098
2024-01-02 13:00:00,1.0,20.0,0.606568497551707,20.427036154498765,16.27728213310768,12.0,59.927344913998546,60.0,0.0,0.07585468982799709
2024-01-02 13:15:00,1.0,20.0,0.5979255679773259,20.382577113883272,16.295602872842647,12.0,59.7645823822566,60.0,0.0,0.0755291647645132
2024-01-02 13:30:00,1.0,20.0,0.5895053080748779,20.338746224883803,16.31321173353118,12.0,59.60251833446599,60.0,0.0,0.07520503666893198
2024-01-02 13:45:00,1.0,20.0,0.5812621279516861,20.29553026870657,16.330125589981563,12.0,57.91357652351665,60.0,1.5404480000000003,0.07182715304703331
2024-01-02 14:00:00,1.0,20.0,0.5697364937161058,20.253044128184438,16.34636129918724,12.0,57.65786372686565,60.0,1.7971893333333333,0.07131572745373128
2024-01-02 14:15:00,1.0,20.0,0.5616251145884845,20.21129163384028,16.361936757615624,12.0,59.054395362922165,60.0,0.0,0.07410879072584434
2024-01-02 14:30:00,1.0,20.0,0.5539265391894664,20.170113422351772,16.376868200690794,12.0,60.86842387558658,60.0,0.12837066666666666,0.07773684775117315
2024-01-02 14:45:00,1.0,20.0,0.5463889834926174,20.12949747387797,16.391170953536562,12.0,60.59769752763237,60.0,0.0,0.07719539505526475
2024-01-02 15:00:00,1.0,20.0,0.5450694499261022,20.089207884044438,16.404859351183294,12.0,60.43205822482191,60.0,0.0,0.07686411644964382
2024-01-02 15:15:00,1.0,20.0,0.5382124539651376,20.049204290930938,16.41794490733076,12.0,60.267129751423376,60.0,0.0,0.07653425950284674
2024-01-02 15:30:00,1.0,20.0,0.531072053139654,20.009733307102973,16.43044107329023,12.0,60.10290905696238,60.0,0.0,0.07620581811392475
2024-01-02 15:45:00,1.0,19.666666666666668,0.5240799751593568,19.970783860619544,16.442361943355184,12.0,59.9393931040554,60.0,0.0,0.0758787862081108
2024-01-02 16:00:00,1.0,20.0,0.525799773122453,19.932031705836884,16.45127164340484,11.0,59.77657886835367,60.0,0.0,0.07555315773670733
2024-01-02 16:15:00,3.0,17.666666666666668,0.5202736309670724,19.893393389761286,16.456880427664448,11.0,59.61446333848717,60.0,0.0,0.07522892667697434
2024-01-02 16:30:00,1.0,19.666666666666668,0.5142787119446544,19.855202098172125,16.46202572152817,11.0,59.453043516009,60.0,0.0,0.074906087032018
2024-01-02 16:45:00,1.0,20.0,0.5084042808450133,19.81744883734235,16.466718885146427,11.0,59.29231641533983,60.0,0.0,0.07458463283067966
2024-01-02 17:00:00,1.0,20.0,0.5026476525046227,19.780124814004125,16.47097101949047,11.0,59.13227906371277,60.0,0.0,0.07426455812742555
2024-01-02 17:15:00,1.0,20.0,0.4970062023754468,19.74322143082351,16.474792972219078,11.0,59.61744283751906,60.0,0.0,0.0752348856750381
2024-01-02 17:30:00,1.0,20.0,0.4914773651545394,19.706730281977528,16.478195343412576,11.0,60.95721070720811,60.0,0.0,0.07791442141441624
2024-01-02 17:45:00,1.0,20.0,0.4860586334446332,19.670643148831157,16.481188491177196,11.0,60.6429761865467,60.0,0.12837066666666666,0.0772859523730934
2024-01-02 18:00:00,1.0,20.0,0.48074755644500644,19.634951995712083,16.483782537122668,11.0,59.99957506905862,60.0,0.2567413333333333,0.07599915013811723
2024-01-02 18:15:00,1.0,20.0,0.47554173867196503,19.599648965781004,16.485987371715943,11.0,59.209785602470525,60.0,0.7702240000000001,0.07441957120494105
2024-01-02 18:30:00,1.0,20.0,0.4704388387082467,19.56472637699523,16.487812659513832,11.0,60.898188255831386,60.0,0.0,0.07779637651166277
2024-01-02 18:45:00,1.0,20.0,0.46543656798070915,19.530176718163617,16.489267844277336,11.0,60.87406110040704,60.0,0.0,0.07774812220081408
2024-01-02 19:00:00,1.0,20.0,0.48602969367858484,19.731972574474934,16.49072626561744,11.0,60.70723580277176,60.0,0.0,0.07741447160554354
2024-01-02 19:15:00,1.0,20.0,0.5991178551094828,20.518394106859507,16.498220677553007,11.0,60.54112642416176,60.0,0.0,0.07708225284832353
2024-01-02 19:30:00,1.0,20.0,0.5970038523192627,20.49375178512952,16.509052280157128,11.0,60.375729892260914,60.0,0.0,0.07675145978452183
2024-01-02 19:45:00,1.0,20.0,0.5895559866852704,20.449950518389667,16.519302855811745,11.0,60.211043147937716,60.0,0.0,0.07642208629587542
2024-01-02 20:00:00,2.0,19.266666666666666,0.5896886154299138,20.40642203374214,16.52651991242096,10.0,60.04706314518873,60.0,0.0,0.07609412629037746
2024-01-02 20:15:00,2.0,14.5,0.5836523300327457,20.363087749634737,16.530414956438225,10.0,59.883786851082235,60.0,0.0,0.07576757370216446
2024-01-02 20:30:00,2.0,14.5,0.5772360780433431,20.32023185189522,16.53382622331782,10.0,59.721211245702094,60.0,0.0,0.07544242249140419
2024-01-02 20:45:00,2.0,14.5,0.5709471982108358,20.277844833092093,16.53676568617134,10.0,59.55933332209199,60.0,0.0,0.07511866664418396
2024-01-02 21:00:00,2.0,14.5,0.5647828566064729,20.23591739735861,16.539245044667705,10.0,59.39815008619965,60.0,0.0,0.0747963001723993
2024-01-02 21:15:00,2.0,14.5,0.5587402832629177,20.194440455617713,16.541275731223468,10.0,59.23765855682165,60.0,0.0,0.07447531711364329
2024-01-02 21:30:00,2.0,14.5,0.5528167707282303,20.153405120914865,16.5428689170531,10.0,59.07785576554814,60.0,0.0,0.07415571153109628
2024-01-02 21:45:00,2.0,14.5,0.5470096726525518,20.11280270385648,16.544035518082428,10.0,60.27859365794284,60.0,0.0,0.07655718731588569
2024-01-02 22:00:00,2.0,14.5,0.5413164024067482,20.072624708151434,16.5447862007284,10.0,60.90018368057726,60.0,0.0,0.07780036736115452
2024-01-02 22:15:00,2.0,14.5,0.5357344317322842,20.032862826253353,16.545131387548032,10.0,60.73324627972745,60.0,0.0,0.0774664925594549
2024-01-02 22:30:00,2.0,14.5,0.5302612894216303,19.993508935101474,16.545081262759723,10.0,60.567025278985966,60.0,0.0,0.07713405055797193
2024-01-02 22:45:00,2.0,14.5,0.5248945600285059,19.95455509195773,16.544645777639595,10.0,60.40151760397215,60.0,0.0,0.0768030352079443
2024-01-02 23:00:00,2.0,14.5,0.5196318826072897,19.915993530338007,16.543834655795845,10.0,60.236720193498854,60.0,0.0,0.07647344038699772
2024-01-02 23:15:00,2.0,14.5,0.5144709494809276,19.87781665603531,16.54265739832382,10.0,60.07262999951576,60.0,0.0,0.07614525999903152
2024-01-02 23:30:00,2.0,16.7,0.5094095050367081,19.840017043232926,16.541123288844457,10.0,59.909243987053074,60.0,0.0,0.07581848797410616
2024-01-02 23:45:00,2.0,14.5,0.5044453445492635,19.80258743070535,16.539241398428825,10.0,59.74655913416536,60.0,0.0,0.07549311826833072
2024-01-03 00:00:00,2.0,14.5,0.50700420165947,19.765249422311136,16.53457106327768,9.0,59.58457243187563,60.0,0.0,0.07516914486375127
2024-01-03 00:15:00,2.0,14.5,0.503337970974771,19.72792863030326,16.526818324559493,9.0,58.93948092968443,60.0,0.8985946666666668,0.07387896185936886
2024-01-03 00:30:00,2.0,14.5,0.4992368736966427,19.690913339228914,16.518816075827733,9.0,60.084211075702775,60.0,0.0,0.07616842215140555
2024-01-03 00:45:00,2.0,14.5,0.49520949341668086,19.654198047441124,16.510571068887867,9.0,60.53957121370459,60.0,0.2567413333333333,0.07707914242740918
2024-01-03 01:00:00,2.0,14.5,0.49125421289063975,19.617777374024886,16.50208989997093,9.0,60.19050794323051,60.0,0.12837066666666666,0.07638101588646103
2024-01-03 01:15:00,1.0,19.266666666666666,0.48736945131447207,19.581646056076714,16.493379013259062,9.0,59.60411683226516,60.0,1.0269653333333335,0.07520823366453032
2024-01-03 01:30:00,2.0,17.433333333333334,0.4835536635006629,19.54579894604567,16.484444704331242,9.0,57.47533380043907,60.0,0.7702240000000001,0.07095066760087813
2024-01-03 01:45:00,2.0,14.5,0.4798053390731889,19.51023100913448,16.47529312353113,9.0,60.288414534388856,60.0,0.0,0.0765768290687777
2024-01-03 02:00:00,2.0,14.5,0.48355089030996457,19.47466602496541,16.463480752125157,8.0,59.16497440551769,60.0,1.7971893333333335,0.07432994881103538
2024-01-03 02:15:00,2.0,14.5,0.48104287509848653,19.439031732037073,16.448710840653415,8.0,60.242523317228375,60.0,0.0,0.07648504663445675
2024-01-03 02:30:00,2.0,14.5,0.47807216291059346,19.403618492744847,16.43381355489354,8.0,60.672357237895426,60.0,1.0269653333333335,0.07734471447579085
2024-01-03 02:45:00,2.0,14.5,0.4751479709379852,19.368422835987648,16.41879298030706,8.0,58.612421307099865,60.0,0.7702240000000001,0.07322484261419973
2024-01-03 03:00:00,2.0,14.5,0.4722693011980264,19.333441365164564,16.403653106824507,8.0,60.80908090630568,60.0,0.12837066666666666,0.07761816181261136
2024-01-03 03:15:00,2.0,15.6,0.47490836524614266,19.357715035510775,16.388441251270155,8.0,60.69163153526888,60.0,0.0,0.07738326307053776
2024-01-03 03:30:00,2.0,14.5,0.5072486757144824,19.55754514015144,16.374968482499654,8.0,60.525589121274805,60.0,0.0,0.0770511782425496
2024-01-03 03:45:00,2.0,14.5,0.5037125360082797,19.520218653490875,16.36234358964436,8.0,59.332313284257694,60.0,1.540448,0.07466462656851539
2024-01-03 04:00:00,2.0,14.5,0.49280774270692235,19.48342230583526,16.351991970384514,9.0,59.32994267089922,60.0,1.5404480000000003,0.07465988534179845
2024-01-03 04:15:00,1.0,17.433333333333334,0.5100895358848339,19.62399833523757,16.344693204459382,9.0,60.21057851852434,60.0,0.0,0.07642115703704869
2024-01-03 04:30:00,1.0,20.0,0.5246193955018382,19.703553314235524,16.339298840584092,9.0,60.98972258362356,60.0,0.0,0.07797944516724713
2024-01-03 04:45:00,1.0,20.0,0.5199626570985292,19.664988112398042,16.33387908310696,9.0,60.82240093287219,60.0,0.0,0.07764480186574438
2024-01-03 05:00:00,1.0,20.0,0.5153923945379303,19.62676344594048,16.32816250141435,9.0,60.65579733121057,60.0,0.0,0.07731159466242116
2024-01-03 05:15:00,1.0,20.0,0.5109067015582103,19.58887300298607,16.322156902993658,9.0,60.489908697181555,60.0,0.0,0.07697981739436312
2024-01-03 05:30:00,1.0,20.0,0.5065037148744784,19.55131061075841,16.315869915923365,9.0,60.32473196255184,60.0,0.0,0.07664946392510368
2024-01-03 05:45:00,1.0,20.0,0.5021816132073085,19.520635699818786,16.30930899293737,9.0,59.21654437930212,60.0,1.7971893333333335,0.07443308875860424
2024-01-03 06:00:00,1.0,20.0,0.5977134654283328,20.26204877523403,16.3053322052587,9.0,58.377041498853416,60.0,0.12837066666666666,0.07275408299770683
2024-01-03 06:15:00,2.0,17.066666666666666,0.641106188074943,20.510643061870937,16.308099306079466,9.0,60.77708592241933,60.0,0.0,0.07755417184483866
2024-01-03 06:30:00,1.0,16.333333333333332,0.6341602400725859,20.463564463514057,16.311067649970223,9.0,60.56144460445682,60.0,0.2567413333333333,0.07712288920891362
2024-01-03 06:45:00,2.0,14.866666666666667,0.6273516318840261,20.416993474221464,16.313529424223002,9.0,60.19424025156659,60.0,0.0,0.07638848050313318
2024-01-03 07:00:00,2.0,14.5,0.6206773094375547,20.37092007060307,16.31549723162696,9.0,59.90157982223236,60.0,0.2567413333333333,0.0758031596444647
2024-01-03 07:15:00,2.0,14.5,0.6141342875871493,20.325334452122284,16.316983386991428,9.0,58.80790966521315,60.0,1.5404480000000003,0.0736158193304263
2024-01-03 07:30:00,2.0,14.5,0.6077196485542349,20.280227036066673,16.317999923665774,9.0,58.00032925050909,60.0,0.0,0.07200065850101818
2024-01-03 07:45:00,1.0,17.433333333333334,0.6014305404046938,20.23558845263231,16.318558599911654,9.0,60.663300821013465,60.0,0.0,0.07732660164202693
2024-01-03 08:00:00,1.0,20.0,0.5949636916929367,20.191420653622718,16.318670936939807,9.0,60.01555687388006,60.0,0.5134826666666666,0.0760311137477601
2024-01-03 08:15:00,1.0,20.0,0.5888990376521376,20.14771611234062,16.31834831618083,9.0,59.632410933411464,60.0,0.0,0.07526482186682291
2024-01-03 08:30:00,1.0,20.0,0.5829732490605527,20.104453285520574,16.317601749669542,9.0,59.470914090092634,60.0,0.0,0.07494182818018527
2024-01-03 08:45:00,1.0,20.0,0.577162150845938,20.061623612644834,16.316441950421176,9.0,59.310110299112345,60.0,0.0,0.07462022059822469
2024-01-03 09:00:00,1.0,20.0,0.5711176435558102,20.019231503569916,16.314879422839525,9.0,59.149996586285255,60.0,0.0,0.07429999317257051
2024-01-03 09:15:00,1.0,20.0,0.5655073004541478,19.97727041951921,16.31292457312998,9.0,59.391677762376055,60.0,0.0,0.07478335552475211
2024-01-03 09:30:00,1.0,20.0,0.560028926055984,19.935717655397447,16.310587443825952,9.0,60.93298873569992,60.0,0.0,0.07786597747139985
2024-01-03 09:45:00,3.0,15.333333333333334,0.5546553378531615,19.894565390071122,16.307877793337784,9.0,60.80874286977674,60.0,0.0,0.07761748573955347
2024-01-03 10:00:00,3.0,15.0,0.5490687081821716,19.853817644752457,16.304805189902066,9.0,60.64219788073176,60.0,0.0,0.07728439576146352
2024-01-03 10:15:00,3.0,15.0,0.5438785626679585,19.813468443910267,16.301379112387337,9.0,60.47636760778746,60.0,0.0,0.07695273521557493
2024-01-03 10:30:00,3.0,15.0,0.5388089858438678,19.77349705130065,16.297608707899172,9.0,60.31124898378999,60.0,0.0,0.07662249796757999
2024-01-03 10:45:00,1.0,19.666666666666668,0.53383516098959,19.733896320227476,16.293502864405937,9.0,60.146838954747956,60.0,0.0,0.0762936779094959
2024-01-03 11:00:00,1.0,20.0,0.5289249238544677,19.694660373301762,16.289070269198994,9.0,59.983134479775984,60.0,0.0,0.07596626895955197
2024-01-03 11:15:00,3.0,19.333333333333332,0.5241344722817962,19.655782519338207,16.28431942262831,9.0,59.82013253103843,60.0,0.0,0.07564026506207687
2024-01-03 11:30:00,1.0,17.666666666666668,0.5194357181590062,19.617254796525618,16.279258619058744,9.0,59.65783009369342,60.0,0.0,0.07531566018738683
2024-01-03 11:45:00,1.0,20.0,0.5148245283628371,19.579070669404114,16.273895957736915,9.0,59.496224165837006,60.0,0.0,0.07499244833167401
2024-01-03 12:00:00,1.0,20.0,0.5083623531313689,19.54129537321721,16.26823955692271,9.0,59.33531175844774,60.0,0.0,0.07467062351689548
2024-01-03 12:15:00,1.0,20.0,0.5129205455475375,19.602324069540927,16.262384949442186,9.0,59.17508989533133,60.0,0.0,0.07435017979066268
2024-01-03 12:30:00,1.0,20.0,0.6296918665022261,20.446395693611912,16.261208674117963,9.0,59.23047584004387,60.0,0.0,0.07446095168008776
2024-01-03 12:45:00,1.0,20.0,0.6417690338285051,20.49738742295433,16.265070776191624,9.0,60.85869677859351,60.0,0.0,0.07771739355718704
2024-01-03 13:00:00,1.0,20.0,0.6340843847397374,20.45028737803365,16.268557664819806,9.0,60.83473909806471,60.0,0.0,0.07766947819612942
2024-01-03 13:15:00,1.0,20.0,0.6271625279378462,20.403728106378576,16.271530143225352,9.0,60.66808254803539,60.0,0.0,0.07733616509607079
2024-01-03 13:30:00,1.0,20.0,0.6204242953478176,20.35767119792529,16.274001085072985,9.0,60.50214119286287,60.0,0.0,0.07700428238572575
2024-01-03 13:45:00,1.0,20.0,0.6138189866465822,20.312106730932737,16.275982965949073,9.0,60.336911963338736,60.0,0.0,0.07667382392667749
2024-01-03 14:00:00,1.0,20.0,0.6118598468380294,20.266861398313964,16.27503875746265,8.0,60.17239180342589,60.0,0.0,0.07634478360685179
2024-01-03 14:15:00,1.0,20.0,0.6064439631728363,20.221872142051165,16.270879252400125,8.0,60.008577670201994,60.0,0.0,0.07601715534040397
2024-01-03 14:30:00,1.0,20.0,0.6008349388611022,20.177300886378767,16.266340931225013,8.0,59.84546653380317,60.0,0.0,0.07569093306760635
2024-01-03 14:45:00,1.0,20.0,0.5953315782135443,20.133139744846176,16.261433595212218,8.0,59.68305537736805,60.0,0.0,0.07536611075473611
2024-01-03 15:00:00,1.0,20.0,0.5886282710082167,20.089425780054736,16.258615699574197,9.0,59.52134119698186,60.0,0.0,0.07504268239396371
2024-01-03 15:15:00,3.0,18.333333333333332,0.5825926692524228,20.046189715281695,16.258196064874728,9.0,59.84618691584728,60.0,0.2567413333333333,0.07569237383169455
2024-01-03 15:30:00,1.0,15.666666666666666,0.5767432881648275,20.003389666799876,16.25735854059678,9.0,61.00729936755819,60.0,0.0,0.07801459873511637
2024-01-03 15:45:00,1.0,20.0,0.5710070426090651,19.961017190153715,16.2561136927203,9.0,60.83990228727546,60.0,0.0,0.07767980457455091
2024-01-03 16:00:00,1.0,20.0,0.5657607851699277,19.919049997343702,16.25447180522696,9.0,60.67322357978299,60.0,0.0,0.07734644715956598
2024-01-03 16:15:00,1.0,20.0,0.5602664560011662,19.877478206809837,16.252442770457293,9.0,60.50726016223451,60.0,0.0,0.07701452032446901
2024-01-03 16:30:00,1.0,20.0,0.5548507495572215,19.836310062817997,16.25003639186432,9.0,60.34200896501354,60.0,0.0,0.07668401793002709
2024-01-03 16:45:00,1.0,20.0,0.5495385581001117,19.79553783912428,16.247262307736573,9.0,60.17746693167669,60.0,0.0,0.07635493386335339
2024-01-03 17:00:00,1.0,20.0,0.5443275903912421,19.755153980534285,16.24412993552835,9.0,60.01363101889706,60.0,0.0,0.07602726203779411
2024-01-03 17:15:00,1.0,20.0,0.5392156068734214,19.71515109904486,16.240648476860894,9.0,59.850498196407926,60.0,0.0,0.07570099639281587
2024-01-03 17:30:00,1.0,20.0,0.534200418502553,19.67552197007297,16.236826922410437,9.0,59.68806544694681,60.0,0.0,0.07537613089389363
2024-01-03 17:45:00,1.0,20.0,0.5292798856057426,19.636259528769916,16.232674056685703,9.0,59.52632976619957,60.0,0.0,0.07505265953239913
2024-01-03 18:00:00,1.0,20.0,0.5318798053945137,19.597085570624735,16.225748935563804,8.0,59.365288162744875,60.0,0.0,0.07473057632548975
2024-01-03 18:15:00,1.0,20.0,0.5282521345986643,19.557925894882736,16.215757325987784,8.0,59.204937657998876,60.0,0.0,0.07440987531599776
2024-01-03 18:30:00,1.0,20.0,0.5241871551265073,19.51906896855095,16.20553185324671,8.0,59.08827165496297,60.0,0.0,0.07417654330992594
2024-01-03 18:45:00,1.0,20.0,0.6001046823035955,20.128471193684913,16.197028892754368,8.0,60.6318689938062,60.0,0.0,0.07726373798761242
2024-01-03 19:00:00,1.0,20.0,0.6639885045711628,20.51380513193157,16.19571569867911,8.0,60.86604244588898,60.0,0.0,0.07773208489177796
2024-01-03 19:15:00,1.0,20.0,0.6572683505925282,20.465027472817827,16.19517025677318,8.0,60.699251559745306,60.0,0.0,0.0773985031194906
2024-01-03 19:30:00,1.0,20.0,0.650678489140986,20.416741023912866,16.194154447847477,8.0,60.533176444952396,60.0,0.0,0.0770663528899048
2024-01-03 19:45:00,1.0,20.0,0.6442160305736223,20.368936275849375,16.19268016904779,8.0,60.36781402982788,60.0,0.0,0.07673562805965578
2024-01-03 20:00:00,1.0,20.0,0.6378781504418091,20.32160393011611,16.19075904520132,8.0,60.20316125587128,60.0,0.0,0.07640632251174256
2024-01-03 20:15:00,1.0,20.0,0.6316620880173782,20.27473489430079,16.18840243498312,8.0,60.03921507770746,60.0,0.0,0.07607843015541492
2024-01-03 20:30:00,1.0,20.0,0.6255651448521317,20.228320277440584,16.18562143694302,8.0,59.8759724630303,60.0,0.0,0.0757519449260606
2024-01-03 20:45:00,1.0,20.0,0.6195846833699128,20.182351385477663,16.182426895396308,8.0,59.713430392546606,60.0,0.0,0.07542686078509321
2024-01-03 21:00:00,1.0,20.0,0.6137181254905222,20.13681971681751,16.178829406181137,8.0,59.55158585992026,60.0,0.0,0.07510317171984053
2024-01-03 21:15:00,1.0,20.0,0.6079629512847418,20.0917169579876,16.174839322285752,8.0,59.39043587171664,60.0,0.0,0.07478087174343329
2024-01-03 21:30:00,1.0,20.0,0.6023166976597789,20.047034979394287,16.170466759348407,8.0,59.229977447347245,60.0,0.0,0.0744599548946945
2024-01-03 21:45:00,2.0,15.966666666666667,0.5967769570744285,20.00276583117555,16.16572160103296,8.0,59.07020761901452,60.0,0.0,0.07414041523802903
2024-01-03 22:00:00,2.0,14.5,0.5987692649125793,19.958630443353496,16.158163977149236,7.0,60.413923429432366,60.0,0.0,0.07682784685886475
2024-01-03 22:15:00,2.0,14.5,0.5945453219805156,19.91455376881204,16.14750070392193,7.0,60.89198759733514,60.0,0.0,0.07778397519467029
2024-01-03 22:30:00,2.0,14.5,0.589895160033698,19.870823446871615,16.136565431829027,7.0,60.1371548815609,60.0,0.385112,0.0762743097631218
2024-01-03 22:45:00,2.0,14.5,0.5853271774744429,19.827433344482944,16.125365651880323,7.0,59.04855123978662,60.0,1.5404480000000003,0.07409710247957323
2024-01-03 23:00:00,2.0,14.5,0.5808395760297741,19.784377462842617,16.11390868219333,7.0,58.63216325269637,60.0,0.0,0.07326432650539273
2024-01-03 23:15:00,2.0,14.5,0.5764305979334543,19.741649934369036,16.10220167191196,7.0,60.77711408968162,60.0,0.2567413333333333,0.07755422817936324
2024-01-03 23:30:00,2.0,14.5,0.5720985250104328,19.6992450197467,16.090251605036567,7.0,60.20267608435121,60.0,0.12837066666666666,0.07640535216870242
2024-01-03 23:45:00,2.0,14.5,0.5678416777820013,19.657157105037342,16.078065304167342,7.0,59.616232754664516,60.0,0.2567413333333333,0.07523246550932904
2024-01-04 00:00:00,2.0,14.5,0.5636584145911755,19.61538069885631,16.065649434163063,7.0,57.92631104843509,60.0,1.5404480000000003,0.07185262209687018
2024-01-04 00:15:00,2.0,14.5,0.5595471307478557,19.57391042961281,16.053010505717104,7.0,57.39711329681676,60.0,0.7702240000000001,0.07079422659363352
2024-01-04 00:30:00,2.0,14.5,0.5555062576933203,19.532741042812507,16.040154878852498,7.0,60.26783902976106,60.0,0.0,0.07653567805952213
2024-01-04 00:45:00,2.0,14.5,0.5515342621836063,19.491867398421086,16.027088766338007,7.0,61.04673736540576,60.0,0.0,0.07809347473081152
2024-01-04 01:00:00,2.0,14.5,0.5476296454913571,19.45128446828739,16.013818237026875,7.0,60.73197631445581,60.0,0.8985946666666668,0.07746395262891162
2024-01-04 01:15:00,2.0,14.5,0.5437909426257134,19.41098733362482,16.000349219120093,7.0,59.41747516888602,60.0,1.7971893333333335,0.07483495033777206
2024-01-04 01:30:00,2.0,14.5,0.5400167215698521,19.370971182549674,15.986687503355835,7.0,57.609251474445195,60.0,1.5404480000000003,0.07121850294889039
2024-01-04 01:45:00,2.0,14.5,0.5363055825357563,19.331231307675054,15.972838746126747,7.0,53.175354858742864,60.0,13.350549333333333,0.06235070971748573
2024-01-04 02:00:00,2.0,14.5,0.5326561572358415,19.29176310375923,15.958808472526732,7.0,18.06893539597337,60.0,8.729205333333333,-0.007862129208053258
2024-01-04 02:15:00,2.0,14.5,0.5290671081710454,19.25256206540708,15.944602079328801,7.0,18.132314455231615,60.0,0.2567413333333333,-0.0077353710895367665
2024-01-04 02:30:00,2.0,14.5,0.5255371279350214,19.21362378482354,15.930224837895594,7.0,20.982011662030686,60.0,0.8985946666666668,-0.002035976675938627
2024-01-04 02:45:00,2.0,14.5,0.5220649385340619,19.17494394961778,15.915681897024022,7.0,22.38714553018366,60.0,0.0,0.0007742910603673171
2024-01-04 03:00:00,2.0,14.5,0.5186492907223964,19.136518340657016,15.900978285725605,7.0,25.585656344701935,60.0,0.12837066666666666,0.007171312689403871
2024-01-04 03:15:00,2.0,14.5,0.5152889633525253,19.098342829968853,15.886118915943877,7.0,28.29300513029647,60.0,0.12837066666666666,0.012586010260592945
2024-01-04 03:30:00,2.0,14.5,0.5119827627402365,19.060413378690978,15.871108585210347,7.0,30.675398316060203,60.0,1.5404480000000003,0.017350796632120413
2024-01-04 03:45:00,2.0,14.5,0.5087295220439836,19.02272603506723,15.855951979240382,7.0,31.323893792040227,60.0,0.0,0.018647787584080453
2024-01-04 04:00:00,1.0,15.233333333333333,0.5129559892875828,18.99157110406815,15.838204147336763,6.0,34.502453180273896,60.0,0.0,0.0250049063605478
2024-01-04 04:15:00,2.0,17.066666666666666,0.6006768030653284,19.64689421175199,15.820261689440029,6.0,37.501961767716665,60.0,0.12837066666666666,0.03100392353543332
2024-01-04 04:30:00,2.0,14.5,0.6287854355698191,19.784494659553935,15.807834771081376,6.0,40.39691941523485,60.0,0.12837066666666666,0.036793838830469695
2024-01-04 04:45:00,2.0,14.5,0.6239683856071013,19.738241898921498,15.795498600219878,6.0,43.40814810355495,60.0,0.0,0.0428162962071099
2024-01-04 05:00:00,2.0,14.5,0.619235702169662,19.692341598003033,15.782894252612493,6.0,46.53484876478267,60.0,0.0,0.04906969752956536
2024-01-04 05:15:00,2.0,14.5,0.614585541672527,19.646787598241072,15.770029221675761,6.0,48.26916469858623,60.0,1.7971893333333335,0.05253832939717245
2024-01-04 05:30:00,1.0,17.8,0.6100161020512568,19.601573875606732,15.756910827647438,6.0,48.897715583055785,60.0,0.7702240000000001,0.05379543116611159
2024-01-04 05:45:00,1.0,20.0,0.6055256218234938,19.556694537569964,15.743546221512288,6.0,48.80545380433782,60.0,0.7702240000000001,0.05361090760867564
2024-01-04 06:00:00,1.0,20.0,0.6020253740905148,19.531835726579402,15.729946734553048,6.0,51.79903456022021,60.0,0.0,0.05959806912044041
2024-01-04 06:15:00,1.0,20.0,0.7055489028075013,20.311372487267796,15.719473585683128,6.0,54.88972632268787,60.0,0.0,0.06577945264537574
2024-01-04 06:30:00,1.0,20.0,0.7396517179007053,20.493392310444253,15.71544462842105,6.0,54.12761430769794,60.0,2.439042666666667,0.06425522861539587
2024-01-04 06:45:00,1.0,20.0,0.7326085284309752,20.439038800345024,15.711453910669123,6.0,55.81436344130663,60.0,0.0,0.06762872688261326
2024-01-04 07:00:00,1.0,20.0,0.7256993105323252,20.385200214958356,15.70698996110855,6.0,58.5019507442524,60.0,0.2567413333333333,0.07300390148850479
2024-01-04 07:15:00,1.0,20.0,0.7189211008404927,20.331866776091474,15.702064952663358,6.0,60.883195961829756,60.0,0.0,0.07776639192365951
2024-01-04 07:30:00,1.0,20.0,0.712271002827784,20.2790289217879,15.69669077915177,6.0,60.79582013509616,60.0,0.12837066666666666,0.07759164027019233
2024-01-04 07:45:00,1.0,20.0,0.705746185292181,20.226677301450557,15.690879061607536,6.0,60.40892572552333,60.0,0.12837066666666666,0.07681785145104668
2024-01-04 08:00:00,1.0,20.0,0.6990584212066174,20.174813328903397,15.684641184676389,6.0,60.13405991920752,60.0,0.0,0.07626811983841505
2024-01-04 08:15:00,1.0,20.0,0.692758532538516,20.12342942209072,15.67798838927892,6.0,58.441547450676026,60.0,1.7971893333333335,0.07288309490135207
2024-01-04 08:30:00,3.0,15.333333333333334,0.6865962426129922,20.07250469171984,15.670931554725618,6.0,58.7549264255324,60.0,0.2567413333333333,0.0735098528510648
2024-01-04 08:45:00,3.0,15.0,0.6805484737286117,20.022030590422226,15.663481265818358,6.0,59.24201944457548,60.0,1.9255600000000002,0.07448403888915098
2024-01-04 09:00:00,3.0,15.0,0.6741018785475758,19.972017652267326,15.655647918300584,6.0,59.95643628567362,60.0,0.12837066666666666,0.07591287257134723
2024-01-04 09:15:00,1.0,16.0,0.6682445110761829,19.922460136312,15.647441879376789,6.0,60.56159552779287,60.0,0.12837066666666666,0.07712319105558575
2024-01-04 09:30:00,1.0,20.0,0.6625308268682699,19.87332831553516,15.638873092634707,6.0,60.24903232785156,60.0,1.0269653333333335,0.07649806465570312
2024-01-04 09:45:00,3.0,17.0,0.6569217957578637,19.824614379241325,15.629951193060423,6.0,57.970492545574075,60.0,0.7702240000000001,0.07194098509114814
2024-01-04 10:00:00,1.0,19.666666666666668,0.6511296557254487,19.776321246440702,15.620685624245,6.0,60.62388261124968,60.0,0.0,0.07724776522249936
2024-01-04 10:15:00,1.0,20.0,0.6457056832347371,19.72844280633324,15.611085730029725,6.0,59.76100390806766,60.0,1.155336,0.07552200781613533
2024-01-04 10:30:00,1.0,20.0,0.640400045833546,19.680959607718265,15.601160535626523,6.0,60.977970931785784,60.0,0.12837066666666666,0.07795594186357158
2024-01-04 10:45:00,1.0,20.0,0.6351901000018578,19.633864508905255,15.590918813747363,6.0,60.42093400338698,60.0,0.12837066666666666,0.07684186800677396
2024-01-04 11:00:00,1.0,20.0,0.629577946962424,19.58716886228517,15.58036918751383,6.0,59.88230135215719,60.0,0.7702240000000001,0.07576460270431438
2024-01-04 11:15:00,1.0,20.0,0.6245229225008854,19.540868198366677,15.569520285488812,6.0,60.32844175567322,60.0,0.385112,0.07665688351134643
2024-01-04 11:30:00,1.0,20.0,0.6450899249846197,19.730914671468835,15.558744469116485,6.0,61.079367550364104,60.0,0.0,0.07815873510072821
2024-01-04 11:45:00,1.0,20.0,0.7581432248313447,20.505589095749105,15.554073457294484,6.0,60.41575164099313,60.0,0.2567413333333333,0.07683150328198625
2024-01-04 12:00:00,1.0,20.0,0.7536285481144246,20.469289763108343,15.552807686497362,6.0,60.067219733502114,60.0,0.12837066666666666,0.07613443946700423
2024-01-04 12:15:00,1.0,20.0,0.7459853800924154,20.413933433970772,15.551029161871497,6.0,59.37949329613548,60.0,0.8985946666666668,0.07475898659227095
2024-01-04 12:30:00,1.0,20.0,0.7386554763203194,20.3591234470221,15.548734279090121,6.0,60.88621757208891,60.0,1.0269653333333335,0.07777243514417782
2024-01-04 12:45:00,1.0,20.0,0.7314664023045692,20.304849290806285,15.545936168256322,6.0,59.22381546284982,60.0,0.2567413333333333,0.07444763092569963
2024-01-04 13:00:00,1.0,20.0,0.7223101491298688,20.25117853683614,15.542647881588982,6.0,60.38170039133623,60.0,0.0,0.07676340078267246
2024-01-04 13:15:00,1.0,20.0,0.7152652004122372,20.198111162476202,15.538883038972049,6.0,60.43734050209481,60.0,0.2567413333333333,0.07687468100418964
2024-01-04 13:30:00,1.0,20.0,0.7085026103779359,20.145547788797575,15.53465418447527,6.0,58.50544888852989,60.0,1.5404480000000003,0.07301089777705978
2024-01-04 13:45:00,1.0,20.0,0.7018683543685739,20.093478837191487,15.529973245109009,6.0,60.54500125371737,60.0,0.2567413333333333,0.07709000250743475
2024-01-04 14:00:00,1.0,20.0,0.6959320164181657,20.041873769672137,15.524851813841053,6.0,59.218387341878724,60.0,1.5404480000000003,0.07443677468375745
2024-01-04 14:15:00,1.0,20.0,0.6895808556646376,19.990720699359283,15.519300982085388,6.0,60.14038351478222,60.0,0.0,0.07628076702956445
2024-01-04 14:30:00,1.0,20.0,0.6833087297038032,19.940035022083123,15.51333179450711,6.0,60.4605876126392,60.0,0.2567413333333333,0.0769211752252784
2024-01-04 14:45:00,1.0,20.0,0.6771540830862092,19.889807969577287,15.506955131949898,6.0,58.67631097940136,60.0,1.5404480000000003,0.07335262195880272
2024-01-04 15:00:00,1.0,20.0,0.6760760627738465,19.839847455417825,15.500181100264161,6.0,57.62910604453249,60.0,1.5404480000000003,0.07125821208906499
2024-01-04 15:15:00,1.0,20.0,0.6704509625641152,19.790121454905396,15.49301753029845,6.0,59.794948159968776,60.0,0.770224,0.07558989631993755
2024-01-04 15:30:00,1.0,20.0,0.6645805528823189,19.74083285984803,15.485473873200615,6.0,60.980906006497136,60.0,0.0,0.07796181201299429
2024-01-04 15:45:00,1.0,20.0,0.6588186193344576,19.691973574113042,15.477560139758664,6.0,60.95642387366669,60.0,0.0,0.07791284774733338
2024-01-04 16:00:00,1.0,20.0,0.6536683365042893,19.643516981483867,15.469286057174326,6.0,60.789245121985886,60.0,0.0,0.07757849024397176
2024-01-04 16:15:00,1.0,20.0,0.6481470434370291,19.595452929919883,15.46066092085909,6.0,60.41634894709952,60.0,0.7702240000000001,0.07683269789419904
2024-01-04 16:30:00,1.0,20.0,0.6426910277116051,19.54779535520189,15.451693995866988,6.0,60.52261317970315,60.0,0.0,0.0770452263594063
2024-01-04 16:45:00,1.0,20.0,0.6510053822561198,19.638254515221558,15.442546255211985,6.0,61.00021091319115,60.0,0.0,0.0780004218263823
2024-01-04 17:00:00,1.0,20.0,0.7676110226516071,20.46533408115098,15.438543358946587,6.0,60.59383405947731,60.0,0.2567413333333333,0.07718766811895462
2024-01-04 17:15:00,1.0,20.0,0.7732844227772302,20.473685957194213,15.439003128332525,6.0,60.11632784697779,60.0,0.12837066666666666,0.07623265569395558
2024-01-04 17:30:00,1.0,20.0,0.7653781579207249,20.41688240638213,15.438978739272958,6.0,59.67730746701526,60.0,0.0,0.07535461493403052
2024-01-04 17:45:00,1.0,20.0,0.7576256488582696,20.36065674619895,15.438397398014091,6.0,59.51561795338187,60.0,0.0,0.07503123590676375
2024-01-04 18:00:00,1.0,20.0,0.7500234841543861,20.304997754872936,15.43727315501889,6.0,59.613263697130414,60.0,0.2567413333333333,0.07522652739426082
2024-01-04 18:15:00,1.0,20.0,0.7425683293440175,20.24989445956327,15.435619739229338,6.0,60.25880534312526,60.0,1.5404480000000003,0.07651761068625053
2024-01-04 18:30:00,1.0,20.0,0.7352569251924803,20.195336130743666,15.433450565346764,6.0,59.67991638018853,60.0,0.0,0.07535983276037707
2024-01-04 18:45:00,1.0,20.0,0.7280860859947561,20.141312276712984,15.43077874094754,6.0,61.01906766815183,60.0,0.0,0.07803813533630365
2024-01-04 19:00:00,1.0,20.0,0.7210526979132493,20.087812638229945,15.427617073437833,6.0,60.833220085035244,60.0,0.12837066666666666,0.07766644017007049
2024-01-04 19:15:00,1.0,20.0,0.7141537173531199,20.034827183269087,15.42397807685107,6.0,60.20725503525837,60.0,0.2567413333333333,0.07641451007051674
2024-01-04 19:30:00,1.0,20.0,0.7073861693743597,19.982346101895324,15.419873978491692,6.0,59.602718515759896,60.0,0.12837066666666666,0.0752054370315198
2024-01-04 19:45:00,1.0,20.0,0.7007471461397766,19.93035980125439,15.415316725428616,6.0,59.25784952196563,60.0,0.0,0.07451569904393127
2024-01-04 20:00:00,1.0,20.0,0.7016616940273509,19.878587604882387,15.407868463708281,5.0,58.5890830357229,60.0,1.5404480000000003,0.07317816607144581
2024-01-04 20:15:00,1.0,20.0,0.6963810358723067,19.826952894859737,15.397237979691456,5.0,57.02895350670194,60.0,1.4120773333333334,0.07005790701340389
2024-01-04 20:30:00,1.0,20.0,0.6906947362444217,19.775741774580638,15.386260848935443,5.0,55.61612562357906,60.0,1.5404480000000003,0.06723225124715812
2024-01-04 20:45:00,3.0,16.333333333333332,0.6851107369018803,19.724946609159893,15.374946443492792,5.0,57.167171446876836,60.0,0.2567413333333333,0.07033434289375366
2024-01-04 21:00:00,1.0,18.666666666666668,0.6870546818601035,19.67428863548525,15.36085439235071,4.0,59.702211409244114,60.0,0.385112,0.07540442281848823
2024-01-04 21:15:00,3.0,15.333333333333334,0.6827783780655501,19.623693105381072,15.343691021457998,4.0,60.905313808063546,60.0,0.2567413333333333,0.0778106276161271
2024-01-04 21:30:00,1.0,18.666666666666668,0.6780719609789181,19.573447949364812,15.326289501327057,4.0,59.77580438881686,60.0,0.8985946666666667,0.07555160877763373
2024-01-04 21:45:00,2.0,14.866666666666667,0.6734439303279776,19.523547318018487,15.30865685308128,4.0,60.84576285677983,60.0,0.385112,0.07769152571355965
2024-01-04 22:00:00,2.0,14.5,0.6837483640979,19.473442897189805,15.285900880537929,2.0,60.03663410084077,60.0,0.0,0.07607326820168156
2024-01-04 22:15:00,1.0,17.433333333333334,0.7006226973916673,19.60657593922664,15.257665888260533,2.0,59.42639733308363,60.0,0.7702240000000001,0.07485279466616726
2024-01-04 22:30:00,2.0,14.866666666666667,0.7973256045862771,20.24653042668754,15.234692728994945,2.0,60.54982682501709,60.0,0.0,0.07709965365003417
2024-01-04 22:45:00,2.0,14.5,0.7945108824373187,20.19422560534112,15.214630633107353,2.0,60.89867563598995,60.0,0.0,0.0777973512719799
2024-01-04 23:00:00,2.0,14.5,0.7890453340173303,20.13575770011801,15.194297062649094,2.0,60.73174470680736,60.0,0.0,0.07746348941361474
2024-01-04 23:15:00,2.0,14.5,0.7836707208847294,20.077689894131474,15.173695807043316,2.0,60.5655301499604,60.0,0.0,0.07713106029992081
2024-01-04 23:30:00,2.0,14.5,0.7783850720658435,20.020015548681098,15.152834819717125,2.0,60.014155932999195,60.0,0.2567413333333333,0.0760283118659984
2024-01-04 23:45:00,2.0,14.5,0.7731864609328688,19.962728168892433,15.131721869286123,2.0,57.86803467715428,60.0,1.7971893333333335,0.07173606935430855
2024-01-05 00:00:00,2.0,14.5,0.7680730042016787,19.90582140048117,15.110364543746444,2.0,59.324682767236276,60.0,0.0,0.07464936553447256
2024-01-05 00:15:00,2.0,14.5,0.7630428609522947,19.84928902659043,15.088770254571948,2.0,61.00912009423053,60.0,0.2567413333333333,0.07801824018846107
2024-01-05 00:30:00,2.0,14.5,0.7580942316715015,19.793124964699512,15.066946240718725,2.0,60.16577804611698,60.0,1.5404480000000003,0.07633155609223397
2024-01-05 00:45:00,2.0,14.5,0.7532253573171178,19.73732326360255,15.044899572539054,2.0,56.345044955641086,60.0,2.439042666666667,0.06869008991128216
2024-01-05 01:00:00,2.0,14.5,0.7484345184034192,19.681878100455428,15.022637155606763,2.0,58.393611508916266,60.0,0.0,0.07278722301783253
2024-01-05 01:15:00,2.0,14.5,0.7437200341072365,19.626783777889365,15.000165734456118,2.0,60.811488772069886,60.0,0.7702240000000001,0.07762297754413977
2024-01-05 01:30:00,2.0,14.5,0.7390802613942742,19.57203472118982,14.977491896236081,2.0,57.847358904460705,60.0,1.5404480000000003,0.07169471780892141
2024-01-05 01:45:00,2.0,14.5,0.7345135941651806,19.517625475539113,14.954622074281925,2.0,59.18156751553313,60.0,0.0,0.07436313503106627
2024-01-05 02:00:00,2.0,14.5,0.7374463510502096,19.463279407527285,14.929113024472482,1.0,60.91932432161628,60.0,0.2567413333333333,0.07783864864323256
2024-01-05 02:15:00,2.0,14.5,0.734130998318163,19.408923849457505,14.900668263775714,1.0,60.19729244619225,60.0,0.12837066666666666,0.07639458489238451
2024-01-05 02:30:00,1.0,16.7,0.739476313459991,19.453240949530993,14.87220502006553,1.0,59.33548864818779,60.0,0.2567413333333333,0.07467097729637558
2024-01-05 02:45:00,2.0,15.6,0.8396156369772936,20.14312736236602,14.848163867787143,1.0,58.857033998846596,60.0,1.668818666666667,0.07371406799769317
2024-01-05 03:00:00,2.0,14.5,0.8427274901975941,20.120112459666018,14.82795141449316,1.0,58.1352023608861,60.0,0.0,0.07227040472177221
2024-01-05 03:15:00,2.0,14.5,0.836787683636045,20.05810194192525,14.807473269357777,1.0,60.79759513292834,60.0,0.0,0.07759519026585669
2024-01-05 03:30:00,2.0,14.5,0.8309479272578792,19.996526192529846,14.786694856730385,1.0,61.03105738294726,60.0,0.0,0.07806211476589454
2024-01-05 03:45:00,2.0,14.5,0.8252060481824637,19.935377907521328,14.765624960462166,1.0,60.86355834681334,60.0,0.0,0.0777271166936267
2024-01-05 04:00:00,2.0,14.5,0.8269878110589662,19.874378645706262,14.741822633436588,0.0,59.64486807019796,60.0,1.668818666666667,0.07528973614039591
2024-01-05 04:15:00,1.0,17.433333333333334,0.8225451406858922,19.813453972027613,14.714993637325938,0.0,59.53042503305401,60.0,0.0,0.07506085006610802
2024-01-05 04:30:00,2.0,18.533333333333335,0.8176682876573336,19.752892121524177,14.687970589928993,0.0,60.91927370853914,60.0,0.2567413333333333,0.07783854741707827
2024-01-05 04:45:00,2.0,14.5,0.8128658641774161,19.69268754090045,14.660759970960092,0.0,60.36687632721521,60.0,0.0,0.07673375265443043
2024-01-05 05:00:00,2.0,14.5,0.8081362808522744,19.63283479550964,14.633368108146632,0.0,59.963438573762645,60.0,0.12837066666666666,0.07592687714752527
2024-01-05 05:15:00,2.0,14.5,0.803477983983633,19.57332856668886,14.605801180680151,0.0,59.28265672908554,60.0,0.7702240000000001,0.07456531345817109
2024-01-05 05:30:00,2.0,14.5,0.7988894547622716,19.514163649154444,14.57806522258934,0.0,60.76979918858178,60.0,0.0,0.07753959837716357
2024-01-05 05:45:00,1.0,17.066666666666666,0.808040238125685,19.593052620484034,14.550317967998975,0.0,60.874628187907234,60.0,0.2567413333333333,0.07774925637581448
2024-01-05 06:00:00,1.0,20.0,0.9336260282843243,20.473954489948543,14.528076583594979,0.0,59.82641810500237,60.0,0.2567413333333333,0.07565283621000472
2024-01-05 06:15:00,1.0,20.0,0.9453131887840625,20.50251249680762,14.511163982342643,0.0,59.125430986034615,60.0,0.7702240000000001,0.07425086197206923
2024-01-05 06:30:00,1.0,20.0,0.9378944865021005,20.43298329616592,14.49396859378977,0.0,60.40771778323123,60.0,0.0,0.07681543556646246
2024-01-05 06:45:00,1.0,20.0,0.9306070794937559,20.363996862162352,14.47634977301735,0.0,61.02875367876847,60.0,0.0,0.07805750735753694
2024-01-05 07:00:00,2.0,15.233333333333333,0.9234330698922968,20.295544166408465,14.45831921836146,0.0,60.86126452881893,60.0,0.0,0.07772252905763785
2024-01-05 07:15:00,1.0,18.166666666666668,0.9163987817521017,20.22761590611515,14.439888364271793,0.0,60.69449414677015,60.0,0.0,0.0773889882935403
2024-01-05 07:30:00,1.0,20.0,0.9094884360999654,20.1602022726954,14.421068375654068,0.0,60.38138705574042,60.0,0.12837066666666666,0.07676277411148083
2024-01-05 07:45:00,1.0,20.0,0.9026982705047861,20.093294297337756,14.401870157080312,0.0,60.0882815851756,60.0,0.0,0.0761765631703512
2024-01-05 08:00:00,1.0,20.0,0.8881770956000878,20.0271700617671,14.38475393270854,1.0,59.61236577584232,60.0,0.2567413333333333,0.07522473155168465
2024-01-05 08:15:00,1.0,20.0,0.8804840700280498,19.961890433317574,14.370032944520315,1.0,59.922845326786536,60.0,0.12837066666666666,0.07584569065357308
2024-01-05 08:30:00,1.0,20.0,0.8734594747815759,19.89713404630646,14.354892985295198,1.0,60.644306977092064,60.0,0.2567413333333333,0.07728861395418414
2024-01-05 08:45:00,1.0,20.0,0.8665600630211202,19.832891558165198,14.339345493082014,1.0,60.20331564660175,60.0,0.0,0.0764066312932035
2024-01-05 09:00:00,1.0,20.0,0.859542704868073,19.76916272188449,14.323401667602495,1.0,59.98417408060626,60.0,0.2567413333333333,0.07596834816121252
2024-01-05 09:15:00,3.0,16.666666666666668,0.8528708472576471,19.70593974507137,14.307072549175988,1.0,59.32546871324468,60.0,0.0,0.07465093742648937
2024-01-05 09:30:00,3.0,15.0,0.8463333367728657,19.64320365865824,14.290368836110009,1.0,59.1652890908641,60.0,0.0,0.0743305781817282
2024-01-05 09:45:00,1.0,16.333333333333332,0.8399103542749025,19.58094591553755,14.273300942059672,1.0,59.17790390442324,60.0,0.2567413333333333,0.07435580780884647
2024-01-05 10:00:00,1.0,20.0,0.8268140677986366,19.53913135982833,14.258332941600258,2.0,60.78484521339322,60.0,0.0,0.07756969042678644
2024-01-05 10:15:00,1.0,20.0,0.9273476508772982,20.302201229957078,14.249131926193881,2.0,60.91834365255602,60.0,0.0,0.07783668730511203
2024-01-05 10:30:00,1.0,20.0,0.9590389877949248,20.467933953789135,14.246194397999865,2.0,59.39773783475379,60.0,1.5404480000000003,0.07479547566950757
2024-01-05 10:45:00,1.0,20.0,0.9496320474857547,20.397469573067436,14.243118888011775,2.0,60.20464105694199,60.0,0.0,0.07640928211388398
2024-01-05 11:00:00,1.0,20.0,0.9394441962419088,20.327728425741,14.239398407378502,2.0,60.9286264249035,60.0,0.12837066666666666,0.07785725284980699
2024-01-05 11:15:00,1.0,20.0,0.9303359449021152,20.25870190892382,14.235049904973542,2.0,60.54130430009173,60.0,0.0,0.07708260860018347
2024-01-05 11:30:00,1.0,20.0,0.9214692515675945,20.190336222435853,14.230089592503475,2.0,60.37590700484885,60.0,0.0,0.0767518140096977
2024-01-05 11:45:00,1.0,20.0,0.9127712635435028,20.122618774383575,14.224533159639286,2.0,58.57261037129461,60.0,1.5404480000000003,0.07314522074258924
2024-01-05 12:00:00,1.0,20.0,0.8950224813883788,20.055874672605967,14.220845652817056,3.0,60.56944584718168,60.0,0.12837066666666666,0.07713889169436337
2024-01-05 12:15:00,1.0,20.0,0.8854320829530302,19.99016783874761,14.21934559079026,3.0,59.33874061810824,60.0,0.8985946666666668,0.0746774812362165
2024-01-05 12:30:00,1.0,20.0,0.8766532599669244,19.92511536047846,14.21722342815746,3.0,60.01399357061847,60.0,0.0,0.07602798714123692
2024-01-05 12:45:00,1.0,20.0,0.8680435782742646,19.860704613133585,14.214494945907706,3.0,60.81241137078667,60.0,0.12837066666666666,0.07762482274157335
2024-01-05 13:00:00,1.0,20.0,0.8585340745757402,19.79696264921974,14.211175676466445,3.0,60.05808853118685,60.0,0.385112,0.0761161770623737
2024-01-05 13:15:00,1.0,20.0,0.8501866148153379,19.733882472366258,14.20728123512283,3.0,59.4910605741597,60.0,0.0,0.0749821211483194
2024-01-05 13:30:00,2.0,18.533333333333335,0.8420735571410499,19.671406959977435,14.202826492947889,3.0,58.076323093056935,60.0,1.7971893333333335,0.07215264618611388
2024-01-05 13:45:00,1.0,17.066666666666666,0.8341149289164033,19.60952458568016,14.197825813479492,3.0,59.611673549039416,60.0,0.0,0.07522334709807883
2024-01-05 14:00:00,1.0,20.0,0.8154433922758533,19.54862245684064,14.194743121899224,4.0,60.95111769631032,60.0,0.0,0.07790223539262064
2024-01-05 14:15:00,1.0,20.0,0.8392318972477536,19.783681151246615,14.194416458978132,4.0,60.78396171571624,60.0,0.0,0.07756792343143247
2024-01-05 14:30:00,1.0,20.0,0.9443457641501001,20.498164699529624,14.200283440342044,4.0,60.61752307325006,60.0,0.0,0.07723504614650013
2024-01-05 14:45:00,1.0,20.0,0.9362963905712774,20.435207719722534,14.208729930485184,4.0,60.21282009595708,60.0,0.2567413333333333,0.07642564019191414
2024-01-05 15:00:00,3.0,15.666666666666666,0.9327801689997026,20.366208278927225,14.216370711839163,4.0,58.42838037039085,60.0,1.7971893333333335,0.07285676074078169
2024-01-05 15:15:00,3.0,15.0,0.9228450072636093,20.297686920701057,14.223217709496062,4.0,58.94405236619257,60.0,0.0,0.07388810473238515
2024-01-05 15:30:00,3.0,15.0,0.9126111951965598,20.229928597321038,14.229289392283492,4.0,60.95929673805513,60.0,0.12837066666666666,0.07791859347611026
2024-01-05 15:45:00,1.0,19.0,0.9025810162660832,20.162918108962476,14.234604912927967,4.0,60.91658104858951,60.0,0.12837066666666666,0.07783316209717901
2024-01-05 16:00:00,1.0,20.0,0.8972290684904686,20.096476474206437,14.238080579304222,3.55,60.08825335332121,60.0,0.385112,0.07617650670664242
2024-01-05 16:15:00,1.0,20.0,0.8881613114004179,20.030553397173183,14.239597915244294,3.55,59.48433285555272,60.0,0.0,0.07496866571110546
2024-01-05 16:30:00,1.0,20.0,0.8789659104377604,19.965315808288228,14.240445625508162,3.55,59.323471478884734,60.0,0.0,0.07464694295776948
2024-01-05 16:45:00,1.0,20.0,0.8699499976583941,19.90075031034689,14.240640511657059,3.55,59.163300427494875,60.0,0.0,0.07432660085498975
2024-01-05 17:00:00,1.0,20.0,0.8622485291290165,19.83680220499644,14.239823397646951,3.396667,59.30467631029556,60.0,0.0,0.07460935262059112
2024-01-05 17:15:00,1.0,20.0,0.8537498951047272,19.77344834173008,14.237963923717372,3.396667,60.903768340947344,60.0,0.0,0.07780753668189469
2024-01-05 17:30:00,1.0,20.0,0.8453384366572716,19.710721440282576,14.235510843134007,3.396667,60.54674670034756,60.0,0.2567413333333333,0.07709349340069513
2024-01-05 17:45:00,1.0,20.0,0.8370887242819873,19.648609428000743,14.2324792393616,3.396667,59.88572184233915,60.0,0.12837066666666666,0.07577144368467831
2024-01-05 18:00:00,3.0,18.0,0.8285019872087396,19.587118585932373,14.229047150627691,3.463333,59.66814329239816,60.0,0.0,0.07533628658479632
2024-01-05 18:15:00,1.0,18.333333333333332,0.8204911138910239,19.52624186664598,14.225249151800002,3.463333,59.506493106175235,60.0,0.0,0.07501298621235049
2024-01-05 18:30:00,1.0,20.0,0.9025160436885653,20.185687749362693,14.223287819067501,3.463333,59.345536630351134,60.0,0.0,0.07469107326070226
2024-01-05 18:45:00,1.0,20.0,0.9525167488770537,20.47706331721363,14.2280549886423,3.463333,59.185270887916474,60.0,0.0,0.07437054177583295
2024-01-05 19:00:00,1.0,20.0,0.9428073185332073,20.407094704344946,14.232778934779295,3.371667,59.68328980627859,60.0,0.2567413333333333,0.07536657961255716
2024-01-05 19:15:00,1.0,20.0,0.9327245604559711,20.33785434831794,14.236489899622665,3.371667,61.10251330503307,60.0,0.0,0.07820502661006615
2024-01-05 19:30:00,2.0,19.633333333333333,0.9227948515717752,20.269354275590768,14.239465683819635,3.371667,60.365092888453454,60.0,0.385112,0.07673018577690692
2024-01-05 19:45:00,2.0,14.5,0.9130605212833338,20.201579902714155,14.241724612965207,3.371667,59.943726000680606,60.0,0.12837066666666666,0.07588745200136121
2024-01-05 20:00:00,2.0,14.5,0.9027992034710158,20.13454319545406,14.243521379811884,3.468333,59.505446329395426,60.0,0.0,0.07501089265879085
2024-01-05 20:15:00,2.0,14.5,0.8933354250193466,20.0682367309228,14.244902734753508,3.468333,59.34449434574021,60.0,0.0,0.07468898869148041
2024-01-05 20:30:00,1.0,18.9,0.884105121293156,20.002618352682152,14.245612748607467,3.468333,58.44769530322991,60.0,1.7971893333333335,0.07289539060645982
2024-01-05 20:45:00,1.0,20.0,0.8750548805284892,19.937674620636653,14.245668274238426,3.468333,59.67871406305673,60.0,0.0,0.07535742812611347
2024-01-05 21:00:00,1.0,20.0,0.8678272162687929,19.873332256015768,14.244542802175383,3.246667,61.01787051067937,60.0,0.0,0.07803574102135874
2024-01-05 21:15:00,1.0,20.0,0.859371201261171,19.809563458562746,14.24218534272953,3.246667,60.50126553327582,60.0,0.2567413333333333,0.07700253106655164
2024-01-05 21:30:00,1.0,20.0,0.8509669685672168,19.746421071132534,14.239237698862583,3.246667,59.932019643809426,60.0,0.5134826666666666,0.07586403928761885
2024-01-05 21:45:00,1.0,20.0,0.8427239676232327,19.683893059501308,14.235714897130356,3.246667,59.93599186342312,60.0,0.2567413333333333,0.07587198372684624
2024-01-05 22:00:00,2.0,14.866666666666667,0.835406181272922,19.621939621924465,14.23137850047212,3.143333,60.94547489009638,60.0,0.0,0.07789094978019276
2024-01-05 22:15:00,2.0,14.5,0.8275896903976819,19.560542281957435,14.226211584032963,3.143333,60.667943125208076,60.0,1.6688186666666667,0.07733588625041615
2024-01-05 22:30:00,2.0,14.5,0.8198696231323278,19.49972027832055,14.220520024859859,3.143333,58.53474217521232,60.0,0.0,0.07306948435042467
2024-01-05 22:45:00,2.0,14.5,0.8122954070154246,19.439462725031625,14.214317362187218,3.143333,60.95201378604294,60.0,0.0,0.0779040275720859
2024-01-05 23:00:00,2.0,14.5,0.8051733094136299,19.37974767290947,14.207514762718041,3.101667,60.99907696051699,60.0,0.0,0.07799815392103397
2024-01-05 23:15:00,1.0,15.233333333333333,0.7979274391760794,19.3271273689932,14.20011254272356,3.101667,60.221215261485376,60.0,0.8985946666666668,0.07644243052297076
2024-01-05 23:30:00,2.0,14.866666666666667,0.8288160955482086,19.549375540168448,14.193604130895611,3.101667,60.799909044888764,60.0,0.0,0.07759981808977753
2024-01-05 23:45:00,2.0,14.5,0.8237694304708835,19.494833043620346,14.188135677169335,3.101667,59.61770556986485,60.0,0.8985946666666668,0.07523541113972972
2024-01-06 00:00:00,2.0,14.5,0.8165472954977815,19.434274792100222,14.182015393255075,3.045,60.90382320884847,60.0,0.0,0.07780764641769694
2024-01-06 00:15:00,2.0,14.5,0.8091112662583747,19.374256174875914,14.175235151015515,3.045,60.822543008804516,60.0,0.0,0.07764508601760903
2024-01-06 00:30:00,2.0,14.5,0.8017863896090467,19.314783392823692,14.167968069224475,3.045,60.655938797434025,60.0,0.0,0.07731187759486804
2024-01-06 00:45:00,2.0,14.5,0.7945984870249275,19.255846222681008,14.160226828837763,3.045,60.49004955631264,60.0,0.0,0.07698009911262528
2024-01-06 01:00:00,2.0,14.5,0.7963589663598385,19.19711272905649,14.149117046679173,1.8583329999999998,59.25430395420359,60.0,2.3106720000000007,0.07450860790840719
2024-01-06 01:15:00,2.0,14.5,0.7907529498863036,19.13849310053552,14.134291719925605,1.8583329999999998,57.782961001351126,60.0,0.0,0.07156592200270226
2024-01-06 01:30:00,2.0,14.5,0.7846510575077541,19.080327930130764,14.11911433569132,1.8583329999999998,58.89954992756462,60.0,1.7971893333333335,0.07379909985512925
2024-01-06 01:45:00,2.0,14.5,0.7786563740654623,19.022609216910908,14.103594650305688,1.8583329999999998,59.89854141854313,60.0,0.7702240000000001,0.07579708283708626
2024-01-06 02:00:00,2.0,14.5,0.7730265317770291,18.965319639568854,14.08765646134292,1.823333,59.30832685079135,60.0,0.0,0.07461665370158271
2024-01-06 02:15:00,2.0,14.5,0.767278129583626,18.90844918262343,14.071298487958751,1.823333,59.148220791507214,60.0,0.0,0.07429644158301443
2024-01-06 02:30:00,2.0,14.5,0.7616116577922285,18.852000685927987,14.054628680880567,1.823333,59.44926781827086,60.0,0.2567413333333333,0.07489853563654171
2024-01-06 02:45:00,2.0,15.6,0.7587805869089651,18.835341692393612,14.037673247811082,1.823333,60.85025645550175,60.0,0.12837066666666666,0.07770051291100351
2024-01-06 03:00:00,2.0,14.5,0.7894191759383958,19.034043930646128,14.022729675851236,2.066667,60.624456512459396,60.0,0.0,0.0772489130249188
2024-01-06 03:15:00,2.0,14.5,0.7829797088253357,18.97599488629253,14.009297012632718,2.066667,60.072829417160186,60.0,0.2567413333333333,0.07614565883432038
2024-01-06 03:30:00,2.0,14.5,0.7767770784446913,18.918407846148305,13.995496934424402,2.066667,59.50541163153995,60.0,0.2567413333333333,0.07501082326307991
2024-01-06 03:45:00,2.0,14.5,0.7706846572687478,18.861274585228525,13.981339502680699,2.066667,59.04519672230814,60.0,0.385112,0.07409039344461629
2024-01-06 04:00:00,2.0,14.5,0.7653190273535188,18.804564450567515,13.966630417866849,1.9833329999999998,60.56585343513979,60.0,0.12837066666666666,0.07713170687027958
2024-01-06 04:15:00,1.0,16.333333333333332,0.765005507486918,18.8138736994381,13.951397484300886,1.9833329999999998,60.984268967733875,60.0,0.12837066666666666,0.07796853793546776
2024-01-06 04:30:00,1.0,20.0,0.9033017984567783,19.86912236501295,13.9406303110588,1.9833329999999998,60.59670805686513,60.0,0.0,0.07719341611373026
2024-01-06 04:45:00,1.0,20.0,1.0029995630847475,20.486578209288616,13.940564080560746,1.9833329999999998,59.95979686962723,60.0,0.8985946666666668,0.07591959373925447
2024-01-06 05:00:00,1.0,20.0,0.9919096591776687,20.412931505282213,13.942386897271414,2.066667,60.82953170068038,60.0,0.0,0.07765906340136076
2024-01-06 05:15:00,2.0,15.966666666666667,0.9815511477515214,20.340078327985168,13.943691909620586,2.066667,60.5769654127392,60.0,0.2567413333333333,0.0771539308254784
2024-01-06 05:30:00,1.0,19.633333333333333,0.9714367854232447,20.26797913488288,13.944262497573371,2.066667,58.60778522683946,60.0,1.5404480000000003,0.07321557045367892
2024-01-06 05:45:00,1.0,20.0,0.9615195753267785,20.196619210334834,13.944117109769513,2.066667,60.67540275707338,60.0,0.0,0.07735080551414676
2024-01-06 06:00:00,1.0,20.0,0.9560661777544976,20.125828170280144,13.941865294766096,1.491667,59.435721384108284,60.0,1.668818666666667,0.07487144276821657
2024-01-06 06:15:00,1.0,20.0,0.9471683663319185,20.055553164357082,13.937350660794063,1.491667,60.038548829288224,60.0,1.155336,0.07607709765857645
2024-01-06 06:30:00,1.0,20.0,0.9381525216534219,19.985950102480977,13.932214467217925,1.491667,60.663099605913196,60.0,0.0,0.07732619921182639
2024-01-06 06:45:00,1.0,20.0,0.9293081503011161,19.917006186165697,13.926472659452571,1.491667,61.01146231471788,60.0,0.0,0.07802292462943576
2024-01-06 07:00:00,2.0,17.066666666666666,0.9213177586236778,19.84868391690825,13.919855057511505,1.375,60.733726460083886,60.0,0.8985946666666668,0.07746745292016778
2024-01-06 07:15:00,1.0,19.633333333333333,0.9129235308304818,19.780964046523035,13.912341671292484,1.375,60.11166591636901,60.0,0.2567413333333333,0.07622333183273802
2024-01-06 07:30:00,1.0,20.0,0.9046412115862733,19.713861362068364,13.904276917651334,1.375,60.39553550068965,60.0,0.0,0.0767910710013793
2024-01-06 07:45:00,1.0,20.0,0.896513885479204,19.64736429538872,13.895675148555418,1.375,60.23076376199162,60.0,0.0,0.07646152752398323
2024-01-06 08:00:00,1.0,20.0,0.8901115674708504,19.58140432210581,13.885848246766802,1.088333,60.06669912961518,60.0,0.0,0.07613339825923036
2024-01-06 08:15:00,1.0,20.0,0.8853060994952529,19.555328520709637,13.874740823741758,1.088333,59.90333856906332,60.0,0.0,0.07580667713812665
2024-01-06 08:30:00,1.0,20.0,0.9919078851675127,20.3464672936311,13.867046196193732,1.088333,59.575163433298876,60.0,0.2567413333333333,0.07515032686659777
2024-01-06 08:45:00,1.0,20.0,1.0146358113155391,20.45538348279866,13.86515690065442,1.088333,59.17182804866669,60.0,0.0,0.07434365609733339
2024-01-06 09:00:00,1.0,20.0,1.0030501858721592,20.380894346338227,13.863338886440301,1.26,60.800505736659744,60.0,0.0,0.07760101147331948
2024-01-06 09:15:00,1.0,20.0,0.9929552642697294,20.30720998578082,13.861295771410868,1.26,60.572477421248486,60.0,0.2567413333333333,0.07714495484249698
2024-01-06 09:30:00,1.0,20.0,0.9831568941453284,20.234255966025334,13.858560456950341,1.26,60.13179434224242,60.0,0.0,0.07626358868448485
2024-01-06 09:45:00,1.0,20.0,0.9735470317565895,20.162018216930228,13.8551505243569,1.26,59.3435555929354,60.0,0.385112,0.0746871111858708
2024-01-06 10:00:00,1.0,20.0,0.9623778523128552,20.090547503867338,13.851058849502438,1.25,57.732240761553165,60.0,2.3106720000000007,0.07146448152310633
2024-01-06 10:15:00,1.0,20.0,0.9530329062131723,20.019838359913035,13.846300127960383,1.25,55.74296099555345,60.0,0.8985946666666668,0.06748592199110691
2024-01-06 10:30:00,1.0,20.0,0.9439890968281366,19.949803238108863,13.840919260174566,1.25,56.134864244354645,60.0,1.5404480000000003,0.0682697284887093
2024-01-06 10:45:00,1.0,20.0,0.9351171197523627,19.880429313193666,13.834932220776162,1.25,57.83095179463842,60.0,0.2567413333333333,0.07166190358927685
2024-01-06 11:00:00,1.0,20.0,0.9162496688588474,19.812076974161638,13.830477936947682,2.116667,60.20197841033369,60.0,0.385112,0.07640395682066738
2024-01-06 11:15:00,1.0,20.0,0.9065212162590207,19.744810160577348,13.827835848742938,2.116667,59.553068171682504,60.0,1.668818666666667,0.07510613634336501
2024-01-06 11:30:00,1.0,20.0,0.8976758945401015,19.67820262935925,13.824573538746888,2.116667,60.36119764193386,60.0,0.0,0.07672239528386775
2024-01-06 11:45:00,1.0,20.0,0.8890001457862101,19.612241723714234,13.820706808015977,2.116667,60.016970268869464,60.0,1.155336,0.07603394053773892
2024-01-06 12:00:00,1.0,20.0,0.878224344983798,19.546998105751015,13.816798220161157,2.3399999999999994,61.11541763677848,60.0,0.0,0.07823083527355695
2024-01-06 12:15:00,1.0,20.0,0.9196096917407571,19.91481233305851,13.813883171526088,2.3399999999999994,60.75972250902707,60.0,0.12837066666666666,0.07751944501805415
2024-01-06 12:30:00,1.0,20.0,1.0095780851222302,20.492324680963875,13.817698449022405,2.3399999999999994,60.29938300838978,60.0,0.385112,0.07659876601677956
2024-01-06 12:45:00,1.0,20.0,0.9985458312609031,20.41819166757813,13.823092365387863,2.3399999999999994,59.52935155478134,60.0,0.0,0.07505870310956268
2024-01-06 13:00:00,1.0,20.0,0.976771805887375,20.345266097765606,13.830641910484054,3.55,59.36829698353358,60.0,0.0,0.07473659396706717
2024-01-06 13:15:00,1.0,20.0,0.964708966389133,20.273623020403807,13.84073434557737,3.55,59.2079335666449,60.0,0.0,0.07441586713328979
2024-01-06 13:30:00,1.0,20.0,0.9536326274813212,20.202805867764223,13.849972002747643,3.55,59.09125470687786,60.0,0.0,0.07418250941375573
2024-01-06 13:45:00,1.0,20.0,0.9427787013745765,20.132798038037773,13.8583758474532,3.55,60.634839244163715,60.0,0.0,0.07726967848832743
2024-01-06 14:00:00,1.0,20.0,0.9200086183144532,20.06403265952481,13.865543203636072,3.376667,60.86899994962608,60.0,0.0,0.07773799989925217
2024-01-06 14:15:00,1.0,20.0,0.90895940379038,19.996546113833244,13.871448551147516,3.376667,60.70219637156323,60.0,0.0,0.07740439274312648
2024-01-06 14:30:00,1.0,20.0,0.8989876683293183,19.929803042242675,13.876602905902994,3.376667,60.53610861931764,60.0,0.0,0.07707221723863529
2024-01-06 14:45:00,1.0,20.0,0.8892137753987349,19.863788677217837,13.881024862731758,3.376667,60.370733620973176,60.0,0.0,0.07674146724194635
2024-01-06 15:00:00,1.0,20.0,0.8968921222570667,19.797852050596088,13.883449255460647,2.853333,60.20606831779663,60.0,0.0,0.07641213663559325
2024-01-06 15:15:00,1.0,20.0,0.8888962920752493,19.731880042570655,13.883728579651486,2.853333,60.042109664181126,60.0,0.0,0.07608421932836225
2024-01-06 15:30:00,1.0,20.0,0.8798530149222444,19.66658215026483,13.883356426715476,2.853333,59.87885462758981,60.0,0.0,0.07575770925517962
2024-01-06 15:45:00,1.0,20.0,0.8709853452401703,19.601945266231805,13.882349213549919,2.853333,59.71630018849973,60.0,0.0,0.07543260037699945
2024-01-06 16:00:00,1.0,20.0,0.8706936831201758,19.537645400931957,13.8809628862436,2.951667,59.554443340346005,60.0,0.0,0.07510888668069202
2024-01-06 16:15:00,1.0,20.0,0.9325728731792193,20.049768208821085,13.880808301217156,2.951667,59.39328108946623,60.0,0.0,0.07478656217893247
2024-01-06 16:30:00,1.0,20.0,1.0020065480837053,20.482546149605824,13.887522932136827,2.951667,59.23281045504507,60.0,0.0,0.07446562091009015
2024-01-06 16:45:00,1.0,20.0,0.990783013265327,20.40897994914216,13.894970252676412,2.951667,59.07302846905918,60.0,0.0,0.07414605693811836
2024-01-06 17:00:00,1.0,20.0,0.9861342458274216,20.336001926142217,13.899489382776796,2.096667,60.41673217399757,60.0,0.0,0.07683346434799515
2024-01-06 17:15:00,1.0,20.0,0.97630243118274,20.263538073257884,13.900842176749782,2.096667,60.89478428837069,60.0,0.0,0.07778956857674138
2024-01-06 17:30:00,1.0,20.0,0.9662350958870811,20.191824700320225,13.901463647141846,2.096667,60.727870058632575,60.0,0.0,0.07745574011726515
2024-01-06 17:45:00,1.0,20.0,0.9563640366192628,20.120847157085162,13.901372161552713,2.096667,60.56167212956559,60.0,0.0,0.07712334425913119
2024-01-06 18:00:00,1.0,17.666666666666668,0.9521567774668689,20.050391263868498,13.898781181657405,1.36,60.3961874272158,60.0,0.0,0.07679237485443162
2024-01-06 18:15:00,1.0,20.0,0.9434828365208644,19.98039332927823,13.893485314799353,1.36,60.23141289082096,60.0,0.0,0.07646282578164193
2024-01-06 18:30:00,1.0,20.0,0.9346050333793261,19.91105702811441,13.887582362158087,1.36,60.067345472753836,60.0,0.0,0.07613469094550766
2024-01-06 18:45:00,1.0,20.0,0.9258954391966248,19.84236980560775,13.88108795019677,1.36,59.90398213846588,60.0,0.0,0.07580796427693176
2024-01-06 19:00:00,1.0,20.0,0.92013579358403,19.774217648674988,13.873098774389577,0.985,59.741319866431105,60.0,0.0,0.0754826397328622
2024-01-06 19:15:00,1.0,20.0,0.9121677121510137,19.706563259760223,13.863516270512172,0.985,59.57935564809018,60.0,0.0,0.07515871129618036
2024-01-06 19:30:00,1.0,20.0,0.9041597471318231,19.639505551008025,13.85341417613079,0.985,59.418086487794795,60.0,0.0,0.07483617297558959
2024-01-06 19:45:00,1.0,20.0,0.8962998993588417,19.573033467649278,13.842806163869561,0.985,59.25750940275228,60.0,0.0,0.07451501880550457
2024-01-06 20:00:00,1.0,20.0,0.8986313893686233,19.60549447186163,13.831486204926584,0.86,59.09762142297037,60.0,0.0,0.07419524284594073
2024-01-06 20:15:00,1.0,20.0,1.0123073761998078,20.42119699941342,13.82429823611429,0.86,60.01226131820167,60.0,0.0,0.07602452263640336
2024-01-06 20:30:00,1.0,16.666666666666668,1.0212823298042,20.444050719955985,13.821960764970829,0.86,60.92100746156571,60.0,0.0,0.0778420149231314
2024-01-06 20:45:00,1.0,20.0,1.0112151878207818,20.369015039743616,13.819065224703687,0.86,59.95712909819629,60.0,1.668818666666667,0.07591425819639258
2024-01-06 21:00:00,1.0,20.0,1.0024310861417354,20.29467549008978,13.815117788572413,0.713333,59.37171608125752,60.0,0.0,0.07474343216251504
2024-01-06 21:15:00,2.0,18.166666666666668,0.9929096511176497,20.22100804801998,13.810091714875963,0.713333,60.926761470603374,60.0,0.0,0.07785352294120675
2024-01-06 21:30:00,2.0,14.5,0.9834962266347127,20.148042173056613,13.804418492959973,0.713333,47.0829917448501,60.0,18.100264,0.05016598348970019
2024-01-06 21:45:00,1.0,14.866666666666667,0.974261602395022,20.075764519870216,13.798114743918754,0.713333,25.3341745241632,60.0,0.385112,0.006668349048326399
2024-01-06 22:00:00,1.0,20.0,0.9654494180617039,20.004152995220245,13.791115057721887,0.68,25.525612633251846,60.0,1.5404480000000003,0.0070512252665036945
2024-01-06 22:15:00,2.0,18.533333333333335,0.9565976132818529,19.933192589370183,13.783425214816294,0.68,27.46307823647367,60.0,0.6418533333333334,0.010926156472947342
2024-01-06 22:30:00,2.0,14.5,0.9478954843240287,19.86288065844222,13.775154865661438,0.68,29.483255833527682,60.0,0.12837066666666666,0.014966511667055368
2024-01-06 22:45:00,2.0,17.8,0.9393563582768333,19.793205036441773,13.766319107669931,0.68,32.46783570646803,60.0,0.0,0.020935671412936063
2024-01-06 23:00:00,1.0,16.333333333333332,0.9301348125580152,19.724184572719814,13.75721030397423,0.793333,35.51273341344279,60.0,0.2567413333333333,0.027025466826885572
2024-01-06 23:15:00,1.0,20.0,0.9217852059160899,19.65581527608851,13.747877163493238,0.793333,38.25117554371853,60.0,0.0,0.032502351087437056
2024-01-06 23:30:00,1.0,20.0,0.9136476446049592,19.58805232664417,13.738013666078151,0.793333,39.54471062826029,60.0,1.0269653333333335,0.03508942125652058
2024-01-06 23:45:00,1.0,20.0,0.9065738963917727,19.540576374439695,13.727638086918395,0.793333,42.11910762884443,60.0,0.385112,0.04023821525768887
2024-01-07 00:00:00,1.0,20.0,1.0035751874237986,20.297867421238486,13.721114572310649,1.2,44.64560455489889,60.0,0.0,0.04529120910979777
2024-01-07 00:15:00,1.0,20.0,1.0337954682246926,20.458035135161147,13.721890671731574,1.2,46.995280277920116,60.0,0.6418533333333334,0.049990560555840245
2024-01-07 00:30:00,1.0,20.0,1.0231523513145313,20.382097990419066,13.722418309380204,1.2,49.482667288462174,60.0,0.2567413333333333,0.054965334576924346
2024-01-07 00:45:00,1.0,20.0,1.0127166382760664,20.30693876359198,13.7221929620902,1.2,52.05080589554829,60.0,0.0,0.06010161179109659
2024-01-07 01:00:00,1.0,20.0,1.0014809611128856,20.232578942419398,13.721564278770765,1.335,55.04843829643661,60.0,0.2567413333333333,0.06609687659287322
2024-01-07 01:15:00,1.0,20.0,0.9912965305199944,20.15901283061719,13.720591641898357,1.335,57.666270691517674,60.0,0.0,0.07133254138303537
2024-01-07 01:30:00,1.0,20.0,0.9813769910278142,20.086186120193826,13.71891185805981,1.335,60.516863396028484,60.0,0.0,0.07703372679205696
2024-01-07 01:45:00,1.0,20.0,0.9716491137298778,20.014084505471256,13.716542822368497,1.335,60.99448580430851,60.0,0.0,0.07798897160861704
2024-01-07 02:00:00,1.0,20.0,0.959112737329148,19.942803420499292,13.714489995435622,1.738333,60.82714371253078,60.0,0.0,0.07765428742506156
2024-01-07 02:15:00,1.0,20.0,0.949307924005452,19.87235638945925,13.712892518674193,1.738333,60.660519757564,60.0,0.0,0.07732103951512802
2024-01-07 02:30:00,1.0,20.0,0.9398943969063684,19.802611023852513,13.7106278994212,1.738333,60.49461085757461,60.0,0.0,0.07698922171514923
2024-01-07 02:45:00,1.0,20.0,0.9306622482184068,19.733553785637763,13.707713060593758,1.738333,60.329413943954464,60.0,0.0,0.07665882788790893
2024-01-07 03:00:00,1.0,20.0,0.9199856981292506,19.665230669916543,13.704699352697038,1.956667,60.16492596126417,60.0,0.0,0.07632985192252834
2024-01-07 03:15:00,1.0,20.0,0.9108620370807866,19.59764345743239,13.701669004529943,1.956667,60.00114386717652,60.0,0.0,0.07600228773435305
2024-01-07 03:30:00,1.0,20.0,0.9020227735093649,19.530715065456594,13.698021133258552,1.956667,59.83806463242028,60.0,0.0,0.07567612926484056
2024-01-07 03:45:00,1.0,20.0,0.9832021844892859,20.184172306526367,13.696148294037316,1.956667,59.67568524072407,60.0,0.0,0.07535137048144815
2024-01-07 04:00:00,2.0,17.433333333333334,1.0321386712812493,20.469629622154184,13.701021435644487,1.988333,59.51400268876065,60.0,0.0,0.07502800537752129
2024-01-07 04:15:00,2.0,19.266666666666666,1.0209003523621596,20.39383894568305,13.706104463913825,1.988333,59.353013986091334,60.0,0.0,0.07470602797218266
2024-01-07 04:30:00,2.0,14.5,1.0099002996419333,20.318868374886353,13.710367398356038,1.988333,59.1927161551107,60.0,0.0,0.0743854323102214
2024-01-07 04:45:00,2.0,14.5,0.9991174161590914,20.24470169974056,13.71383062543775,1.988333,59.11909075181484,60.0,0.0,0.07423818150362968
2024-01-07 05:00:00,1.0,17.8,0.9894010808293003,20.17129187165672,13.716232370203576,1.873333,60.719586206890845,60.0,0.0,0.07743917241378169
2024-01-07 05:15:00,2.0,14.5,0.9791657844530632,20.098615637243764,13.717557296862005,1.873333,60.85336470048776,60.0,0.0,0.0777067294009755
2024-01-07 05:30:00,2.0,14.5,0.9690730264258605,20.026691777114003,13.718149235516702,1.873333,60.68662821999634,60.0,0.0,0.07737325643999267
2024-01-07 05:45:00,1.0,15.966666666666667,0.9591770165705331,19.95550560578454,13.718026597398298,1.873333,60.520607277377664,60.0,0.0,0.07704121455475534
2024-01-07 06:00:00,1.0,20.0,0.9554652133428098,19.884823918675078,13.71523142236065,1.066667,60.35529880195131,60.0,0.0,0.07671059760390261
2024-01-07 06:15:00,2.0,19.633333333333333,0.9468449184751189,19.814578269633323,13.70953717635955,1.066667,60.19069973621444,60.0,0.0,0.07638139947242888
2024-01-07 06:30:00,1.0,15.966666666666667,0.9379843954336938,19.744992955380336,13.703239408659853,1.066667,60.0268070357853,60.0,0.0,0.07605361407157062
2024-01-07 06:45:00,1.0,20.0,0.9292914468634496,19.67605546853738,13.696353679353802,1.066667,59.863617669346894,60.0,0.0,0.07572723533869379
2024-01-07 07:00:00,1.0,20.0,0.9199302771811791,19.60778397642833,13.689164641258515,1.176667,59.701128618590886,60.0,0.0,0.07540225723718176
2024-01-07 07:15:00,1.0,20.0,0.9114384591585927,19.540174008910064,13.68172044469278,1.176667,59.53933687816178,60.0,0.0,0.07507867375632357
2024-01-07 07:30:00,3.0,16.333333333333332,0.9330934589946348,19.708646895846503,13.674584781096515,1.176667,59.378239455601424,60.0,0.0,0.07475647891120286
2024-01-07 07:45:00,1.0,17.0,0.9351699521323057,19.69844236111249,13.66884858233067,1.176667,59.217833371293516,60.0,0.0,0.07443566674258703
2024-01-07 08:00:00,1.0,20.0,0.9251474648885242,19.629761576368782,13.662950686810346,1.32,59.07244915100297,60.0,0.0,0.07414489830200593
2024-01-07 08:15:00,3.0,16.0,0.9163935073941901,19.56177768972409,13.656867116914487,1.32,60.530453986520975,60.0,0.0,0.07706090797304194
2024-01-07 08:30:00,3.0,15.0,0.9078917327644601,19.494427385574223,13.650208074489427,1.32,60.87938593466698,60.0,0.0,0.07775877186933396
2024-01-07 08:45:00,3.0,15.0,0.8995502820222391,19.427698697758778,13.642988435089574,1.32,60.7125377858802,60.0,0.0,0.07742507557176041
2024-01-07 09:00:00,3.0,15.0,0.8928904846336466,19.361524549105475,13.634492031410845,1.021667,60.5464056541828,60.0,0.0,0.0770928113083656
2024-01-07 09:15:00,1.0,18.333333333333332,0.9179156853028466,19.590784452945226,13.625163077965523,1.021667,60.38098646683781,60.0,0.0,0.07676197293367562
2024-01-07 09:30:00,1.0,20.0,1.0442474243746216,20.462934187855854,13.622728397008107,1.021667,60.21627716429473,60.0,0.0,0.07643255432858946
2024-01-07 09:45:00,3.0,17.666666666666668,1.042427570377248,20.424999842675096,13.624206849407674,1.021667,60.05227470013288,60.0,0.0,0.07610454940026574
2024-01-07 10:00:00,3.0,16.0,1.0296205328177743,20.348504611700506,13.6255429187064,1.265,59.88897604100509,60.0,0.0,0.07577795208201016
2024-01-07 10:15:00,3.0,15.0,1.0187864629928305,20.272888239924473,13.626786434498936,1.265,59.726378166581576,60.0,0.0,0.07545275633316316
2024-01-07 10:30:00,3.0,15.0,1.0083027180239965,20.198053385415914,13.627269340594925,1.265,59.56447806949411,60.0,0.0,0.07512895613898822
2024-01-07 10:45:00,1.0,18.333333333333332,0.9980232433880497,20.12398480124087,13.627010749786391,1.265,59.40327275528033,60.0,0.0,0.07480654551056065
2024-01-07 11:00:00,3.0,19.333333333333332,0.9832284805638124,20.0508397208953,13.62763376204638,1.9199999999999997,59.24275924232843,60.0,0.0,0.07448551848465687
2024-01-07 11:15:00,1.0,18.0,0.9726262978372879,19.978647027129508,13.62935476382365,1.9199999999999997,59.082934561822,60.0,0.0,0.07416586912364401
2024-01-07 11:30:00,3.0,17.666666666666668,0.9625487536393054,19.907205584045467,13.630341561953678,1.9199999999999997,60.2836506589199,60.0,0.0,0.0765673013178398
2024-01-07 11:45:00,3.0,15.0,0.952667960138285,19.83650070593993,13.63061257493511,1.9199999999999997,60.90521897979049,60.0,0.0,0.07781043795958098
2024-01-07 12:00:00,3.0,15.0,0.935085356698066,19.766807209458136,13.632182359474136,2.735,60.738259970308455,60.0,0.0,0.0774765199406169
2024-01-07 12:15:00,3.0,16.0,0.9245684553055223,19.69817478957977,13.63531608388637,2.735,60.57201745366665,60.0,0.0,0.07714403490733332
2024-01-07 12:30:00,3.0,15.0,0.9147957954765249,19.630270930908203,13.637729278183484,2.735,60.40648835508649,60.0,0.0,0.07681297671017298
2024-01-07 12:45:00,1.0,15.333333333333334,0.9052150344940746,19.563081309770773,13.63943993250131,2.735,60.24166961298456,60.0,0.0,0.07648333922596912
2024-01-07 13:00:00,1.0,20.0,0.9089887310223808,19.680392852232174,13.641709002882148,3.143333,60.07755817891602,60.0,0.0,0.07615511635783205
2024-01-07 13:15:00,1.0,20.0,1.0199400959841076,20.468724957122667,13.6503862548527,3.143333,59.91415101751825,60.0,0.0,0.0758283020350365
2024-01-07 13:30:00,1.0,20.0,1.0169618768432056,20.432631809162732,13.66261589401538,3.143333,59.7514451064546,60.0,0.0,0.0755028902129092
2024-01-07 13:45:00,1.0,20.0,1.0050749670651078,20.357987216011715,13.6739633630523,3.143333,59.58943743635862,60.0,0.0,0.07517887487271725
2024-01-07 14:00:00,1.0,20.0,0.992597347054005,20.284241993713387,13.684301697123441,3.1,59.42812501077834,60.0,0.0,0.07485625002155667
2024-01-07 14:15:00,1.0,20.0,0.9811625161329541,20.21138121122512,13.693640487024812,3.1,59.26750484612084,60.0,0.0,0.0745350096922417
2024-01-07 14:30:00,1.0,20.0,0.9700165916057192,20.139351520611942,13.7021238919398,3.1,59.10757397159709,60.0,0.0,0.0742151479431942
2024-01-07 14:45:00,1.0,20.0,0.9590938632439298,20.068136261654768,13.709772937158059,3.1,59.879103054960154,60.0,0.0,0.07575820610992029
2024-01-07 15:00:00,1.0,20.0,0.9624239431283769,19.99720402403427,13.713782468856548,1.946667,60.93148873884668,60.0,0.0,0.07786297747769336
2024-01-07 15:15:00,1.0,20.0,0.9535458864528646,19.9264350453193,13.713820726064567,1.946667,60.76441699454226,60.0,0.0,0.07752883398908451
2024-01-07 15:30:00,1.0,20.0,0.943878580482682,19.856386692605742,13.713164068801925,1.946667,60.59806222687163,60.0,0.0,0.07719612445374327
2024-01-07 15:45:00,1.0,20.0,0.9343988041125686,19.78704496859289,13.711830023905327,1.946667,60.43242135898005,60.0,0.0,0.07686484271796011
2024-01-07 16:00:00,1.0,20.0,0.9238912637961096,19.71843974688583,13.710717392057312,2.306667,60.267491327216824,60.0,0.0,0.07653498265443366
2024-01-07 16:15:00,1.0,20.0,0.9144637738987366,19.650574954556596,13.709951096293166,2.306667,60.10326908107876,60.0,0.0,0.07620653816215751
2024-01-07 16:30:00,1.0,20.0,0.9052961923461008,19.583393516251583,13.708530486311528,2.306667,59.93975158315361,60.0,0.0,0.07587950316630723
2024-01-07 16:45:00,1.0,20.0,0.8990436322443188,19.556257030711205,13.706489487817239,2.306667,59.77693580906406,60.0,0.0,0.07555387161812811
2024-01-07 17:00:00,1.0,20.0,1.0033596122162982,20.346468566759487,13.708036973069065,2.438333,59.614818747411626,60.0,0.0,0.07522963749482324
2024-01-07 17:15:00,1.0,20.0,1.0246657906637513,20.454597444004722,13.715608491481284,2.438333,59.453397399721055,60.0,0.0,0.07490679479944211
2024-01-07 17:30:00,1.0,20.0,1.013259581006999,20.37936481404648,13.7226806809042,2.438333,59.29266878038483,60.0,0.0,0.07458533756076967
2024-01-07 17:45:00,1.0,20.0,1.0020805633990357,20.30496568285795,13.728908320352136,2.438333,59.13262991660799,60.0,0.0,0.07426525983321598
2024-01-07 18:00:00,1.0,20.0,0.995085218857738,20.231238778613264,13.733005882038162,1.905,59.61779218475375,60.0,0.0,0.07523558436950752
2024-01-07 18:15:00,1.0,20.0,0.9849374095253819,20.158131919042734,13.73483237810545,1.905,60.957558555243736,60.0,0.0,0.07791511711048747
2024-01-07 18:30:00,1.0,20.0,0.9747215181047921,20.085786625689476,13.735914113934975,1.905,60.79037493415678,60.0,0.0,0.07758074986831356
2024-01-07 18:45:00,1.0,19.666666666666668,0.9647051399412432,20.01418800664295,13.736269768081922,1.905,60.62390876981496,60.0,0.0,0.0772478175396299
2024-01-07 19:00:00,1.0,20.0,0.9593405789837733,19.94315872317589,13.734447875651473,1.305,60.45815698330315,60.0,0.0,0.0769163139666063
2024-01-07 19:15:00,2.0,15.233333333333333,0.950375906534964,19.872644070446885,13.730284699050925,1.305,60.293116508919155,60.0,0.0,0.07658623301783832
2024-01-07 19:30:00,2.0,14.5,0.9412822590274238,19.80280717067603,13.725492323134576,1.305,60.12878429411706,60.0,0.0,0.07625756858823413
2024-01-07 19:45:00,2.0,14.5,0.9323618579376298,19.73363509300449,13.720086865266932,1.305,59.96515729945069,60.0,0.0,0.07593031459890139
2024-01-07 20:00:00,1.0,19.633333333333333,0.9232394758904323,19.665128757506544,13.714206549778622,1.355,59.80223249851746,60.0,0.0,0.07560446499703492
2024-01-07 20:15:00,1.0,20.0,0.914598666344554,19.597279171388493,13.70788189457548,1.355,59.64000687790238,60.0,0.0,0.07528001375580476
2024-01-07 20:30:00,2.0,15.966666666666667,0.9061461533019574,19.530059489308165,13.700986712174117,1.355,59.47847743712229,60.0,0.0,0.07495695487424459
2024-01-07 20:45:00,2.0,14.5,0.8978528275542134,19.463457829960394,13.693535767624882,1.355,59.317641188570455,60.0,0.0,0.07463528237714093
2024-01-07 21:00:00,2.0,14.5,0.8857536347980569,19.397607265534763,13.686849900888385,1.888333,59.1574951574612,60.0,0.0,0.0743149903149224
2024-01-07 21:15:00,2.0,14.5,0.8771763330418008,19.33253240425337,13.68110460396896,1.888333,59.399144153961466,60.0,0.0,0.07479828830792293
2024-01-07 21:30:00,2.0,14.5,0.8690283487962286,19.26806476199962,13.674807285903364,1.888333,60.940423085791245,60.0,0.0,0.0778808461715825
2024-01-07 21:45:00,2.0,14.5,0.8610340807186144,19.20419286578914,13.66797221070697,1.888333,60.81614531587781,60.0,0.0,0.07763229063175563
2024-01-07 22:00:00,2.0,14.5,0.851147463278492,19.14098010251619,13.661286935157792,2.163333,60.64956855975632,60.0,0.0,0.07729913711951264
2024-01-07 22:15:00,2.0,14.5,0.8431453266354275,19.078434047827578,13.654848296545659,2.163333,60.48370665606167,60.0,0.0,0.07696741331212334
2024-01-07 22:30:00,2.0,14.5,0.8354315490579656,19.016462826986373,13.647892880640223,2.163333,60.318556537054974,60.0,0.0,0.07663711307410996
2024-01-07 22:45:00,2.0,14.5,0.8278625450921843,18.955055634540674,13.640434103392897,2.163333,60.15411514816234,60.0,0.0,0.07630823029632469
2024-01-07 23:00:00,2.0,14.5,0.8260060349782219,18.89399843180293,13.63064792751622,1.413333,59.99037944791837,60.0,0.0,0.07598075889583675
2024-01-07 23:15:00,2.0,14.5,0.8195493952942291,18.833230301673993,13.618320195808083,1.413333,59.82734640790987,60.0,0.0,0.07565469281581974
2024-01-07 23:30:00,2.0,14.5,0.8128337823719691,18.772962443969366,13.605581745082523,1.413333,59.66501301271989,60.0,0.0,0.07533002602543977
2024-01-07 23:45:00,2.0,14.5,0.8062391583570788,18.713185829013014,13.592443663861559,1.413333,59.50337625987193,60.0,0.0,0.07500675251974384
2024-01-08 00:00:00,2.0,14.5,0.8072526532458252,18.65361806884767,13.576446846179419,0.405,59.342433159774394,60.0,0.0,0.07468486631954879
2024-01-08 00:15:00,2.0,14.5,0.8020111272135048,18.594182519107108,13.557296734598738,0.405,59.182180735665334,60.0,0.0,0.07436436147133066
2024-01-08 00:30:00,2.0,14.5,0.7963525904738064,18.53516826427318,13.537851636217749,0.405,59.16590986558822,60.0,0.0,0.07433181973117643
2024-01-08 00:45:00,2.0,14.5,0.7907894140744478,18.476568188147716,13.51812012323539,0.405,60.794612951047476,60.0,0.0,0.07758922590209494
2024-01-08 01:00:00,2.0,14.5,0.7856290246560153,18.41836402506941,13.498008504596338,0.363333,60.842351600128545,60.0,0.0,0.07768470320025708
2024-01-08 01:15:00,2.0,14.5,0.7802966430950898,18.36054615438149,13.477512350162245,0.363333,60.67566238158231,60.0,0.0,0.07735132476316461
2024-01-08 01:30:00,2.0,14.5,0.7750316373017897,18.303120208227007,13.45675733472911,0.363333,60.50968849808752,60.0,0.0,0.07701937699617506
2024-01-08 01:45:00,2.0,14.5,0.7698533477864117,18.246079715713087,13.435751198740356,0.363333,60.34442687983414,60.0,0.0,0.07668885375966829
2024-01-08 02:00:00,2.0,14.5,0.7632247986935459,18.189474413910666,13.41500773910325,0.57,60.17987447018598,60.0,0.0,0.07635974894037197
2024-01-08 02:15:00,1.0,14.866666666666667,0.7579850002153049,18.133312047510767,13.394596881811363,0.57,60.01602822562424,60.0,0.0,0.07603205645124847
2024-01-08 02:30:00,2.0,15.233333333333333,0.788262366875511,18.352049868917554,13.375124729465897,0.57,59.85288511569113,60.0,0.0,0.07570577023138227
2024-01-08 02:45:00,2.0,14.5,0.7879920173011503,18.31336406403187,13.357085351314334,0.57,59.69044212293388,60.0,0.0,0.07538088424586777
2024-01-08 03:00:00,2.0,14.5,0.7802379350685592,18.255461834671245,13.339451539561741,0.8516670000000001,59.528696242848895,60.0,0.0,0.0750573924856978
2024-01-08 03:15:00,2.0,14.5,0.7743597291056037,18.198069407686827,13.322299789742257,0.8516670000000001,59.36764448382619,60.0,0.0,0.07473528896765239
2024-01-08 03:30:00,2.0,14.5,0.768723811243335,18.141096642393315,13.304843029125225,0.8516670000000001,59.20728386709407,60.0,0.0,0.07441456773418814
2024-01-08 03:45:00,1.0,19.633333333333333,0.8340571258798632,18.680363324755113,13.288664440895426,0.8516670000000001,59.09060779546694,60.0,0.0,0.07418121559093388
2024-01-08 04:00:00,2.0,14.5,0.9440486379596608,19.39456041445707,13.28167401239405,1.04,60.63419510892758,60.0,0.0,0.07726839021785516
2024-01-08 04:15:00,1.0,19.633333333333333,1.0066142791316637,19.920958664494258,13.279128304928438,1.04,60.86835857865099,60.0,0.0,0.07773671715730199
2024-01-08 04:30:00,2.0,14.866666666666667,1.1018252450035484,20.52448528194043,13.284525078929713,1.04,60.70155775298657,60.0,0.0,0.07740311550597313
2024-01-08 04:45:00,2.0,14.5,1.0896493426605953,20.443583950752437,13.291448076431642,1.04,60.53547274132767,60.0,0.0,0.07707094548265533
2024-01-08 05:00:00,2.0,14.5,1.0821103264582301,20.363411864908034,13.296023846932151,0.448333,60.37010047180887,60.0,0.0,0.07674020094361773
2024-01-08 05:15:00,2.0,14.5,1.0710697559758562,20.283911454428665,13.298095581673017,0.448333,60.20543788574741,60.0,0.0,0.0764108757714948
2024-01-08 05:30:00,2.0,14.5,1.0599494673350454,20.20524003266679,13.299356136688834,0.448333,60.04148193758669,60.0,0.0,0.07608296387517338
2024-01-08 05:45:00,1.0,17.433333333333334,1.049046417325915,20.127381384661817,13.29982585146842,0.448333,59.87822959483988,60.0,0.0,0.07575645918967976
2024-01-08 06:00:00,1.0,20.0,1.0376006118704386,20.050347237333344,13.299773636432459,0.55,59.71567783803387,60.0,0.0,0.07543135567606774
2024-01-08 06:15:00,1.0,20.0,1.0270048513509227,19.974128944592895,13.299249677694483,0.55,59.553823660653364,60.0,0.0,0.07510764732130673
2024-01-08 06:30:00,1.0,20.0,1.0166656442952322,19.898681348159844,13.297985799174338,0.55,59.392664069085384,60.0,0.0,0.07478532813817076
2024-01-08 06:45:00,1.0,20.0,1.0065265761637405,19.823989509612876,13.2960006961703,0.55,59.23219608256376,60.0,0.0,0.07446439216512753
2024-01-08 07:00:00,1.0,20.0,0.9957634995776518,19.750068767786725,13.293578002315886,0.658333,59.07241673311413,60.0,0.0,0.07414483346622826
2024-01-08 07:15:00,1.0,20.0,0.985890355235971,19.676912217433713,13.290768358220483,0.658333,60.41612306327427,60.0,0.0,0.07683224612654854
2024-01-08 07:30:00,1.0,20.0,0.9762623750086145,19.60447328632392,13.287283227348713,0.658333,60.89417779160319,60.0,0.0,0.07778835558320639
2024-01-08 07:45:00,1.0,20.0,0.9668190217897104,19.532738194036842,13.283139814704263,0.658333,60.72726616460328,60.0,0.0,0.07745453232920656
2024-01-08 08:00:00,2.0,19.266666666666666,1.046550899992183,20.181464354216068,13.28085017836474,0.706667,60.561070827105006,60.0,0.0,0.07712214165421001
2024-01-08 08:15:00,2.0,14.5,1.0950571591227813,20.462262409293132,13.28532361338632,0.706667,60.395588705202414,60.0,0.0,0.07679117741040484
2024-01-08 08:30:00,1.0,19.633333333333333,1.0832603282718978,20.381845989652376,13.289879003592892,0.706667,60.23081673818097,60.0,0.0,0.07646163347636194
2024-01-08 08:45:00,1.0,20.0,1.0716963847623342,20.302291695550885,13.293576854697118,0.706667,60.06675187846094,60.0,0.0,0.07613350375692188
2024-01-08 09:00:00,1.0,20.0,1.0603109910035236,20.223584616939288,13.296246714423505,0.628333,59.90339109154112,60.0,0.0,0.07580678218308222
2024-01-08 09:15:00,1.0,20.0,1.0492458928730664,20.145705858048277,13.297886076468822,0.628333,59.74073135594261,60.0,0.0,0.07548146271188522
2024-01-08 09:30:00,1.0,20.0,1.0384024775488856,20.06863543761516,13.298736675375567,0.628333,59.57876966315303,60.0,0.0,0.07515753932630606
2024-01-08 09:45:00,1.0,20.0,1.0277706059234568,19.992357565786634,13.298818310718561,0.628333,59.41750301757077,60.0,0.0,0.07483500603514155
2024-01-08 10:00:00,1.0,20.0,1.016913364746544,19.91687274899373,13.298178944437385,0.64,59.25692843644966,60.0,0.0,0.07451385687289933
2024-01-08 10:15:00,3.0,18.333333333333332,1.006656597809854,19.84216832377841,13.296841189342011,0.64,59.09704294984374,60.0,0.0,0.07419408589968748
2024-01-08 10:30:00,1.0,15.666666666666666,0.9966284745342041,19.768211384390327,13.294790612907995,0.64,60.01168532755176,60.0,0.0,0.07602337065510352
2024-01-08 10:45:00,1.0,20.0,0.9867938451317234,19.69498748846345,13.292045274951517,0.64,60.92043394273914,60.0,0.0,0.07784086788547828
2024-01-08 11:00:00,1.0,20.0,0.9754796724202708,19.622543359083373,13.289247427402477,0.895,60.753409639314285,60.0,0.0,0.07750681927862857
2024-01-08 11:15:00,1.0,20.0,0.9657499994805337,19.550881311654333,13.28649136432021,0.895,60.587102108934026,60.0,0.0,0.07717420421786805
2024-01-08 11:30:00,1.0,20.0,1.0063371588769718,19.912256892375332,13.284026084738022,0.895,60.421508275617306,60.0,0.0,0.07684301655123463
2024-01-08 11:45:00,1.0,20.0,1.0953687620222565,20.483400436259565,13.288221191738268,0.895,60.25662507658339,60.0,0.0,0.07651325015316678
2024-01-08 12:00:00,1.0,20.0,1.0786891725494014,20.403140923222928,13.294686345968847,1.2050000000000003,60.092449462195255,60.0,0.0,0.07618489892439051
2024-01-08 12:15:00,1.0,20.0,1.0664835149839986,20.323961047324765,13.301131160526241,1.2050000000000003,59.92897839590318,60.0,0.0,0.07585795679180636
2024-01-08 12:30:00,1.0,20.0,1.054846038411496,20.245648828273374,13.306702137564322,1.2050000000000003,59.766208854188584,60.0,0.0,0.07553241770837718
2024-01-08 12:45:00,1.0,20.0,1.0434391173581667,20.168187056777164,13.31142093878349,1.2050000000000003,59.604137826508136,60.0,0.0,0.07520827565301628
2024-01-08 13:00:00,1.0,20.0,1.0273050738319705,20.091740878653177,13.316166314647173,1.555,59.44276231523801,60.0,0.0,0.07488552463047601
2024-01-08 13:15:00,1.0,20.0,1.0158122220380872,20.016328656678542,13.321066077252585,1.555,59.282079335618455,60.0,0.0,0.0745641586712369
2024-01-08 13:30:00,1.0,20.0,1.0048873495656039,19.941730931409115,13.325152216815914,1.555,59.12208591569865,60.0,0.0,0.07424417183139728
2024-01-08 13:45:00,1.0,20.0,0.9941780504806594,19.867931611951104,13.328444967404968,1.555,59.75044359579659,60.0,0.0,0.07550088719159319
2024-01-08 14:00:00,1.0,20.0,0.9830621627060867,19.794937467514767,13.331200878531465,1.651667,60.946490538976526,60.0,0.0,0.07789298107795305
2024-01-08 14:15:00,1.0,20.0,0.9726685953512341,19.722739154774,13.33346847147672,1.651667,60.779354415502524,60.0,0.0,0.07755870883100505
2024-01-08 14:30:00,1.0,20.0,0.9625201705993385,19.651297390783405,13.334993580970574,1.651667,60.612935544941,60.0,0.0,0.077225871089882
2024-01-08 14:45:00,1.0,20.0,0.9525702819955019,19.58059735652877,13.335794802080832,1.651667,60.44723084925156,60.0,0.0,0.07689446169850313
2024-01-08 15:00:00,1.0,20.0,0.9504014642743549,19.57615471383882,13.336945646571058,2.065,60.28223726360298,60.0,0.0,0.07656447452720597
2024-01-08 15:15:00,1.0,20.0,1.0592193434906962,20.38188168435455,13.342967026003675,2.065,60.117951736316584,60.0,0.0,0.07623590347263318
2024-01-08 15:30:00,1.0,20.0,1.07229939934478,20.4403751445268,13.354093143533753,2.065,59.95437122880971,60.0,0.0,0.07590874245761944
2024-01-08 15:45:00,1.0,20.0,1.0599681134827013,20.36166079293621,13.364511145510498,2.065,59.791492715539626,60.0,0.0,0.07558298543107923
2024-01-08 16:00:00,1.0,20.0,1.0455709676979155,20.2839316080865,13.3750124822892,2.478333,59.62931318394742,60.0,0.0,0.07525862636789485
2024-01-08 16:15:00,1.0,20.0,1.0333169792417318,20.207193784076416,13.385744666422493,2.478333,59.46782963440242,60.0,0.0,0.07493565926880486
2024-01-08 16:30:00,1.0,20.0,1.0214629691710586,20.131339871247597,13.395562459879018,2.478333,59.307039080146666,60.0,0.0,0.07461407816029333
2024-01-08 16:45:00,1.0,20.0,1.0098469358059374,20.056352106042276,13.404488294048095,2.478333,59.14693854723963,60.0,0.0,0.07429387709447925
2024-01-08 17:00:00,1.0,20.0,0.9954552815538004,19.982322995568747,13.41353614699384,2.883333,59.50318580193905,60.0,0.0,0.07500637160387809
2024-01-08 17:15:00,1.0,20.0,0.9838499530209239,19.909262874154457,13.42284999881139,2.883333,60.958021532681364,60.0,0.0,0.07791604306536272
2024-01-08 17:30:00,1.0,20.0,0.9726800107819957,19.837035634295564,13.431306885108448,2.883333,60.80511199869887,60.0,0.0,0.07761022399739774
2024-01-08 17:45:00,3.0,19.333333333333332,0.9617337118026493,19.76562458240368,13.438927872516464,2.883333,60.63858259128162,60.0,0.0,0.07727716518256324
2024-01-08 18:00:00,3.0,15.0,0.9495823934056652,19.695065395235456,13.446203040403356,3.075,60.47276783309758,60.0,0.0,0.07694553566619516
2024-01-08 18:15:00,3.0,15.0,0.9388558408851984,19.625355041509195,13.453210506823899,3.075,60.30766465727986,60.0,0.0,0.07661532931455974
2024-01-08 18:30:00,1.0,19.666666666666668,0.928439106104614,19.556421362386306,13.459428578123035,3.075,60.14327001012283,60.0,0.0,0.07628654002024568
2024-01-08 18:45:00,1.0,20.0,0.9509972469828997,19.783156669130918,13.465396691661462,3.075,59.97958085102559,60.0,0.0,0.07595916170205118
2024-01-08 19:00:00,1.0,20.0,1.0519388633209787,20.489543286909395,13.478116925153358,3.375,59.81659415243576,60.0,0.0,0.07563318830487152
2024-01-08 19:15:00,1.0,20.0,1.0416551043848299,20.418732899490884,13.494070006214024,3.375,59.654306899793504,60.0,0.0,0.07530861379958702
2024-01-08 19:30:00,1.0,20.0,1.0290431034546432,20.342293095018466,13.509028120139055,3.375,59.49271609147578,60.0,0.0,0.07498543218295155
2024-01-08 19:45:00,1.0,20.0,1.0166877068796156,20.266774688087228,13.52301117888818,3.375,59.33181873874077,60.0,0.0,0.07466363747748155
2024-01-08 20:00:00,1.0,20.0,1.0032585491948547,20.192207332941123,13.536479725996328,3.553333,59.17161186567264,60.0,0.0,0.07434322373134528
2024-01-08 20:15:00,1.0,20.0,0.9912013971660889,20.118584748389292,13.549510899919726,3.553333,59.22701273610471,60.0,0.0,0.07445402547220942
2024-01-08 20:30:00,1.0,20.0,0.9794778240369829,20.045836412727624,13.561623654460673,3.553333,60.85524853632121,60.0,0.0,0.07771049707264241
2024-01-08 20:45:00,1.0,20.0,0.9679914251562253,19.973944622108945,13.572840386829231,3.553333,60.83130565368146,60.0,0.0,0.0776626113073629
2024-01-08 21:00:00,1.0,20.0,0.9539019303934951,19.902995612271972,13.584117887193777,3.935,60.66466383803711,60.0,0.0,0.07732932767607421
2024-01-08 21:15:00,1.0,20.0,0.9424505632280283,19.832998201717967,13.595593042632515,3.935,60.49873715401797,60.0,0.0,0.07699747430803594
2024-01-08 21:30:00,2.0,19.266666666666666,0.9314215475104608,19.763823224867494,13.606208760262218,3.935,60.333522532687,60.0,0.0,0.07666704506537399
2024-01-08 21:45:00,2.0,14.5,0.9206150656915528,19.695454070761297,13.615986041407934,3.935,60.16901691827728,60.0,0.0,0.07633803383655456
2024-01-08 22:00:00,2.0,14.5,0.9084415421178681,19.627932375212673,13.625467973379417,4.148333,60.0052172681355,60.0,0.0,0.07601043453627102
2024-01-08 22:15:00,1.0,17.433333333333334,0.8978286021267234,19.56125664792268,13.634739169016562,4.148333,59.84212055266568,60.0,0.0,0.07568424110533137
2024-01-08 22:30:00,2.0,19.266666666666666,0.9130328249623507,19.724762877315033,13.643580792125107,4.148333,59.67972375527315,60.0,0.0,0.07535944751054631
2024-01-08 22:45:00,2.0,14.5,0.9719450465991036,20.113949280290296,13.656336071823961,4.148333,59.51802387230873,60.0,0.0,0.07503604774461747
2024-01-08 23:00:00,2.0,14.5,0.9578253587611645,20.042710753476513,13.67070328309839,4.471667,59.3570179130132,60.0,0.0,0.0747140358260264
2024-01-08 23:15:00,2.0,14.5,0.9459867019503637,19.972437846859087,13.685056281604819,4.471667,59.196702899461954,60.0,0.0,0.07439340579892391
2024-01-08 23:30:00,2.0,14.5,0.9345509194484845,19.903017771462796,13.698503835794018,4.471667,59.12306038733325,60.0,0.0,0.0742461207746665
2024-01-08 23:45:00,2.0,14.5,0.9233477225848338,19.834433165830017,13.711067937501335,4.471667,60.72353880699778,60.0,0.0,0.07744707761399555
2024-01-09 00:00:00,2.0,14.5,0.9094998079607649,19.766771956925126,13.72371722616565,4.858333,60.857300338289484,60.0,0.0,0.07771460067657895
2024-01-09 00:15:00,2.0,14.5,0.8983172118317075,19.700043628217326,13.73658971498696,4.858333,60.69054696828539,60.0,0.0,0.07738109393657076
2024-01-09 00:30:00,2.0,14.5,0.8875552967977074,19.63411785982081,13.748613814111406,4.858333,60.52450920863418,60.0,0.0,0.07704901841726836
2024-01-09 00:45:00,2.0,14.5,0.877011785076866,19.568978348972617,13.75981016363603,4.858333,60.35918398834441,60.0,0.0,0.07671836797668882
2024-01-09 01:00:00,2.0,14.5,0.8636858831637994,19.504718579554233,13.771186910706792,5.261667,60.19456824960354,60.0,0.0,0.07638913649920709
2024-01-09 01:15:00,2.0,14.5,0.8531170563842423,19.441350170961417,13.782885821600084,5.261667,60.03065894772143,60.0,0.0,0.07606131789544285
2024-01-09 01:30:00,2.0,14.5,0.842964425352974,19.378738874099433,13.793786967207756,5.261667,59.867453051074,60.0,0.0,0.075734906102148
2024-01-09 01:45:00,2.0,14.5,0.8330174985514269,19.316869334165414,13.803909779958818,5.261667,59.704947541047204,60.0,0.0,0.0754098950820944
2024-01-09 02:00:00,2.0,14.5,0.8326927305447674,19.25538244527606,13.810166430679681,3.993333,59.54313941198112,60.0,0.0,0.07508627882396227
2024-01-09 02:15:00,2.0,14.5,0.8245511178935128,19.194177987751104,13.812191653581117,3.993333,59.382025671114455,60.0,0.0,0.07476405134222892
2024-01-09 02:30:00,2.0,14.5,0.8159348220838675,19.13361586387082,13.813585904522352,3.993333,59.22160333852911,60.0,0.0,0.07444320667705821
2024-01-09 02:45:00,2.0,14.5,0.8074871641219706,19.073683486263743,13.814364980030177,3.993333,59.07620293968945,60.0,0.0,0.07415240587937891
2024-01-09 03:00:00,2.0,14.5,0.802831682255078,19.01423606444066,13.8133481305049,3.505,60.534191666087445,60.0,0.0,0.0770683833321749
2024-01-09 03:15:00,2.0,14.5,0.795252091157279,18.95522862841643,13.810402659356429,3.505,60.88310757424462,60.0,0.0,0.07776621514848923
2024-01-09 03:30:00,2.0,14.5,0.7875733745331601,18.896793505094415,13.806922567080656,3.505,60.716243454303495,60.0,0.0,0.07743248690860699
2024-01-09 03:45:00,1.0,17.433333333333334,0.7991724703718833,19.0225014837996,13.803164357480282,3.505,60.55009541999081,60.0,0.0,0.07710019083998161
2024-01-09 04:00:00,1.0,15.6,0.899417651417768,19.740459464056155,13.805612900340826,3.933333,60.38466039827551,60.0,0.0,0.07676932079655101
2024-01-09 04:15:00,1.0,17.066666666666666,0.8945544661794311,19.693752663432438,13.812328013759124,3.933333,60.2199353293142,60.0,0.0,0.0764398706586284
2024-01-09 04:30:00,1.0,20.0,0.8846220786647271,19.628072011357986,13.818307559726838,3.933333,60.05591716639459,60.0,0.0,0.07611183433278919
2024-01-09 04:45:00,1.0,16.333333333333332,0.8748873920434526,19.56311716513783,13.82355271470231,3.933333,59.89260287587915,60.0,0.0,0.0757852057517583
2024-01-09 05:00:00,2.0,17.433333333333334,0.8763287612993317,19.597214732396086,13.828199788292578,3.926667,59.729989437149,60.0,0.0,0.075459978874298
2024-01-09 05:15:00,1.0,17.433333333333334,0.8965484320340381,19.728359912438403,13.834182846516198,3.926667,59.56807384254801,60.0,0.0,0.07513614768509602
2024-01-09 05:30:00,2.0,14.866666666666667,0.886598818173504,19.662532663595826,13.840138179450785,3.926667,59.406853097327215,60.0,0.0,0.07481370619465441
2024-01-09 05:45:00,2.0,14.5,0.8768472219532509,19.59743248045065,13.845358047420484,3.926667,59.24632421958937,60.0,0.0,0.07449264843917874
2024-01-09 06:00:00,1.0,18.533333333333335,0.8669549811539308,19.53305711966184,13.849970879337066,3.9716670000000005,59.0864842402339,60.0,0.0,0.0741729684804678
2024-01-09 06:15:00,1.0,20.0,0.9374475303854768,20.11735721185088,13.855957963645954,3.9716670000000005,60.14419901779599,60.0,0.0,0.07628839803559197
2024-01-09 06:30:00,1.0,20.0,0.9960453542286257,20.47798343182408,13.868670493896355,3.9716670000000005,60.909351871911895,60.0,0.0,0.0778187037438238
2024-01-09 06:45:00,1.0,20.0,0.9841526131774706,20.404884002864502,13.881697312308306,3.9716670000000005,60.742375126414146,60.0,0.0,0.07748475025282829
2024-01-09 07:00:00,2.0,19.266666666666666,0.9765589671609763,20.33250525152595,13.89246775231486,3.423333,60.576114949869506,60.0,0.0,0.07715222989973901
2024-01-09 07:15:00,2.0,14.5,0.9657507699593674,20.26079266780637,13.900838151634783,3.423333,60.410568267172735,60.0,0.0,0.07682113653434547
2024-01-09 07:30:00,2.0,14.5,0.9548858332567077,20.189890204820326,13.90837900292226,3.423333,60.2457320164152,60.0,0.0,0.0764914640328304
2024-01-09 07:45:00,1.0,14.866666666666667,0.9442379152313382,20.119781663517372,13.915110736937683,3.423333,60.08160314882822,60.0,0.0,0.07616320629765644
2024-01-09 08:00:00,1.0,20.0,0.9367179225774153,20.05034495394796,13.919918426990497,2.96,59.918178628726714,60.0,0.0,0.07583635725745343
2024-01-09 08:15:00,1.0,20.0,0.9269718117940464,19.981535846405382,13.922681639146978,2.96,59.75545543345299,60.0,0.0,0.07551091086690596
2024-01-09 08:30:00,1.0,20.0,0.917222555069667,19.91345354574497,13.924728162822191,2.96,59.59343055332091,60.0,0.0,0.07518686110664181
2024-01-09 08:45:00,1.0,20.0,0.9076644648849281,19.84608378298366,13.926075913133788,2.96,59.43210099156018,60.0,0.0,0.07486420198312037
2024-01-09 09:00:00,1.0,20.0,0.8985668498763497,19.779402871332096,13.926468923128276,2.848333,59.27146376426094,60.0,0.0,0.07454292752852189
2024-01-09 09:15:00,3.0,15.333333333333334,0.8894685059761158,19.71339228576169,13.925890791865452,2.848333,59.1115159003186,60.0,0.0,0.07422303180063719
2024-01-09 09:30:00,3.0,15.0,0.8805299508011258,19.648047986997142,13.924673707294216,2.848333,59.88302806717196,60.0,0.0,0.07576605613434392
2024-01-09 09:45:00,3.0,15.0,0.8717643277023895,19.583357067353447,13.922833821051118,2.848333,60.935396907144785,60.0,0.0,0.07787079381428957
2024-01-09 10:00:00,1.0,18.666666666666668,0.8629029102821121,19.539041805178172,13.920799509784924,3.015,60.76830839121112,60.0,0.0,0.07753661678242224
2024-01-09 10:15:00,3.0,16.333333333333332,0.9348810594063538,20.076838310296903,13.92142822381289,3.015,60.60193692388553,60.0,0.0,0.07720387384777107
2024-01-09 10:30:00,3.0,15.0,0.9384001743153672,20.07292050806221,13.925275990622826,3.015,60.43627942800436,60.0,0.0,0.07687255885600872
2024-01-09 10:45:00,1.0,19.666666666666668,0.9283840849734788,20.00400464013159,13.928468237027458,3.015,60.27133283960941,60.0,0.0,0.07654266567921882
2024-01-09 11:00:00,1.0,20.0,0.9149232649781933,19.93595409593743,13.931924335233324,3.418333,60.10709410789123,60.0,0.0,0.07621418821578246
2024-01-09 11:15:00,1.0,20.0,0.9048102649171919,19.868784762207827,13.935784753386477,3.418333,59.94356019513269,60.0,0.0,0.07588712039026538
2024-01-09 11:30:00,1.0,20.0,0.8951441508203744,19.802336066720777,13.938928061549776,3.418333,59.78072807665284,60.0,0.0,0.07556145615330569
2024-01-09 11:45:00,1.0,18.0,0.8856684151003612,19.736593799233685,13.941372120660759,3.418333,59.618594740750915,60.0,0.0,0.07523718948150183
2024-01-09 12:00:00,1.0,20.0,0.8693898968893186,19.671801153956544,13.944135027449933,3.826667,59.45715718865065,60.0,0.0,0.07491431437730128
2024-01-09 12:15:00,1.0,20.0,0.8595881368792946,19.607990932168793,13.947359443367507,3.826667,59.29641243444482,60.0,0.0,0.07459282486888963
2024-01-09 12:30:00,3.0,16.333333333333332,0.8504622395211802,19.544861062705994,13.949909276760533,3.826667,59.13635750504,60.0,0.0,0.07427271501008001
2024-01-09 12:45:00,1.0,17.666666666666668,0.860646859140389,19.665979893315807,13.952044197474773,3.826667,59.566309051227606,60.0,0.2567413333333333,0.07513261810245522
2024-01-09 13:00:00,1.0,20.0,0.9641651276170928,20.458138353172497,13.960966462096216,4.429999999999999,60.58276606740182,60.0,0.2567413333333333,0.07716553213480364
2024-01-09 13:15:00,1.0,20.0,0.9609102625275779,20.426196261110206,13.975157106237832,4.429999999999999,60.33784293715095,60.0,0.0,0.07667568587430189
2024-01-09 13:30:00,1.0,20.0,0.9493385688690612,20.355679278728193,13.98847680002948,4.429999999999999,60.17331878202949,60.0,0.0,0.07634663756405899
2024-01-09 13:45:00,1.0,20.0,0.9380020076406359,20.286007704038983,14.000904203150105,4.429999999999999,60.009500670742135,60.0,0.0,0.07601900134148429
2024-01-09 14:00:00,1.0,20.0,0.9149670970170494,20.217604896082907,14.012927560128576,4.62,59.84638557335146,60.0,0.0,0.07569277114670293
2024-01-09 14:15:00,1.0,20.0,0.9032335445288159,20.150516998285223,14.024631012489115,4.62,59.6839704729228,60.0,0.0,0.07536794094584559
2024-01-09 14:30:00,1.0,20.0,0.8925724927966948,20.08422411127985,14.035500138038902,4.62,59.52225236546841,60.0,0.0,0.07504450473093681
2024-01-09 14:45:00,1.0,20.0,0.8821270097078637,20.018710143979096,14.045555291196788,4.62,59.36122825989204,60.0,0.0,0.07472245651978408
2024-01-09 15:00:00,1.0,20.0,0.8851176056124719,19.953470261080213,14.054786392767934,4.608333,59.200895177933425,60.0,0.0,0.07440179035586687
2024-01-09 15:15:00,1.0,20.0,0.8759024019758938,19.888425697907735,14.063202580064265,4.608333,59.12723467493666,60.0,0.0,0.07425446934987331
2024-01-09 15:30:00,1.0,20.0,0.8659420059171198,19.824123829974326,14.070853952591131,4.608333,60.72769518093968,60.0,0.0,0.07745539036187936
2024-01-09 15:45:00,1.0,19.666666666666668,0.8561811190507146,19.760549765142045,14.077759305518898,4.608333,60.86143887544509,60.0,0.0,0.07772287775089019
2024-01-09 16:00:00,1.0,20.0,0.8593736059959676,19.69721971147241,14.082050124083349,3.838333,60.69466774520002,60.0,0.0,0.07738933549040004
2024-01-09 16:15:00,3.0,17.666666666666668,0.8512818952099932,19.634033965415547,14.0835077123769,3.838333,60.52861230152468,60.0,0.0,0.07705722460304937
2024-01-09 16:30:00,1.0,19.666666666666668,0.8424678980951612,19.571505275137042,14.084323430926194,3.838333,60.363269473100516,60.0,0.0,0.07672653894620103
2024-01-09 16:45:00,1.0,20.0,0.8392991339186179,19.575230545321457,14.084556804939536,3.838333,60.198636201789334,60.0,0.0,0.07639727240357866
2024-01-09 17:00:00,1.0,20.0,0.9549601483236706,20.388915601680694,14.086754923461738,3.083333,60.03470944257668,60.0,0.0,0.07606941888515337
2024-01-09 17:15:00,1.0,20.0,0.9702458008681069,20.455009393652396,14.092089700023847,3.083333,59.87148616351562,60.0,0.0,0.07574297232703124
2024-01-09 17:30:00,1.0,20.0,0.9596950993738042,20.383762491515437,14.096878074052563,3.083333,59.70896334567057,60.0,0.0,0.07541792669134115
2024-01-09 17:45:00,1.0,20.0,0.9493532245042572,20.313286625048907,14.100895368513466,3.083333,59.54713798306155,60.0,0.0,0.0750942759661231
2024-01-09 18:00:00,1.0,20.0,0.9451330782030187,20.24335042147315,14.102209295919026,2.286667,59.386007082608465,60.0,0.0,0.07477201416521694
2024-01-09 18:15:00,1.0,20.0,0.936079150856382,20.173885248182273,14.100597499441921,2.286667,59.225567664075854,60.0,0.0,0.07445113532815172
2024-01-09 18:30:00,1.0,20.0,0.9268015179409722,20.105111610056117,14.098328409289374,2.286667,59.065816760017725,60.0,0.0,0.07413163352003546
2024-01-09 18:45:00,1.0,20.0,0.9177026169608807,20.037016166588725,14.095418700789715,2.286667,60.40955141349798,60.0,0.0,0.07681910282699597
2024-01-09 19:00:00,1.0,20.0,0.9062282481825642,19.96967901773555,14.09272567096508,2.63,60.88763434359948,60.0,0.0,0.07777526868719895
2024-01-09 19:15:00,1.0,20.0,0.8970939955834304,19.903110563619254,14.090369139313623,2.63,60.72075079734621,60.0,0.0,0.07744150159469242
2024-01-09 19:30:00,1.0,20.0,0.8883073944934263,19.83719702223992,14.087394940885288,2.63,60.55458342008804,60.0,0.0,0.07710916684017607
2024-01-09 19:45:00,1.0,20.0,0.8796894420222172,19.77192580577506,14.083818795418727,2.63,60.38912913843613,60.0,0.0,0.07677825827687228
2024-01-09 20:00:00,2.0,19.266666666666666,0.8722267857419951,19.707248432559645,14.07932945980955,2.496667,60.22438489219089,60.0,0.0,0.07644876978438178
2024-01-09 20:15:00,2.0,14.5,0.864082979518581,19.64314387356289,14.073901592749433,2.496667,60.06034763428532,60.0,0.0,0.07612069526857064
2024-01-09 20:30:00,2.0,14.5,0.8560267569328724,19.57963970184701,14.067926448077666,2.496667,59.8970143307287,60.0,0.0,0.0757940286614574
2024-01-09 20:45:00,2.0,14.5,0.848122709275236,19.516724559440956,14.061418151404023,2.496667,59.73438196055051,60.0,0.0,0.07546876392110101
2024-01-09 21:00:00,2.0,14.5,0.8454927169995602,19.454200145313397,14.052700330628078,1.806667,59.57244751574445,60.0,0.0,0.07514489503148888
2024-01-09 21:15:00,2.0,14.5,0.838648753918448,19.392009061099586,14.041577663519588,1.806667,59.41120800121291,60.0,0.0,0.07482241600242583
2024-01-09 21:30:00,2.0,14.5,0.8315842805301663,19.330344286106254,14.030012183436087,1.806667,59.25066043471153,60.0,0.0,0.07450132086942304
2024-01-09 21:45:00,2.0,14.5,0.824648467783565,19.26919621793846,14.01801571728022,1.806667,59.090801846793994,60.0,0.0,0.074181603693588
2024-01-09 22:00:00,2.0,14.5,0.8223571247403118,19.208390426875038,14.00410968914103,1.198333,60.14849809565136,60.0,0.0,0.07629699619130273
2024-01-09 22:15:00,2.0,14.5,0.8163453284340944,19.147876699148455,13.988121294231496,1.198333,60.91363250057718,60.0,0.0,0.07782726500115436
2024-01-09 22:30:00,2.0,14.5,0.8101340176632135,19.08782555509655,13.971779759117906,1.198333,60.74663738506274,60.0,0.0,0.07749327477012549
2024-01-09 22:45:00,2.0,14.5,0.8040311641317965,19.02822890070776,13.955094936144244,1.198333,60.580358917335055,60.0,0.0,0.0771607178346701
2024-01-09 23:00:00,2.0,14.5,0.8011664870173523,18.96896442260318,13.937043567682723,0.776667,60.41479402195055,60.0,0.0,0.07682958804390111
2024-01-09 23:15:00,2.0,14.5,0.7957414503379346,18.909995937363203,13.917507451711664,0.776667,60.249939636663754,60.0,0.0,0.07649987927332752
2024-01-09 23:30:00,2.0,16.7,0.8202259836300584,19.106973249803186,13.898189303225887,0.776667,60.08579271237057,60.0,0.0,0.07617158542474113
2024-01-09 23:45:00,2.0,14.5,0.8655810226496905,19.378770452744444,13.882807072160293,0.776667,59.922350213051935,60.0,0.0,0.07584470042610388
2024-01-10 00:00:00,2.0,14.5,0.8604834030203455,19.315044165325997,13.867503594855231,0.53,59.759609115717645,60.0,0.0,0.07551921823143529
2024-01-10 00:15:00,2.0,14.5,0.8539509875538001,19.25174128121096,13.85111785283411,0.53,59.59756641035042,60.0,0.0,0.07519513282070084
2024-01-10 00:30:00,2.0,14.5,0.8474098303034251,19.188925557837333,13.834357584202843,0.53,59.436219099850284,60.0,0.0,0.07487243819970058
2024-01-10 00:45:00,2.0,14.5,0.8409832292243793,19.12658844599842,13.817233204245305,0.53,59.275564199979115,60.0,0.0,0.07455112839995823
2024-01-10 01:00:00,2.0,14.5,0.8364266171653714,19.064657376601193,13.799175165407036,0.293333,59.11559873930543,60.0,0.0,0.07423119747861087
2024-01-10 01:15:00,1.0,19.266666666666666,0.8904797402152531,19.513933098697297,13.781359400048878,0.293333,59.88709338494258,60.0,0.0,0.07577418676988516
2024-01-10 01:30:00,2.0,17.433333333333334,1.0315053626969577,20.465981726914947,13.772647787192886,0.293333,60.939444778890255,60.0,0.0,0.07787888955778051
2024-01-10 01:45:00,2.0,14.5,1.030606253711675,20.42895211959393,13.768086473507362,0.293333,60.772338891799855,60.0,0.0,0.0775446777835997
2024-01-10 02:00:00,2.0,14.5,1.0182569830395152,20.35331048538185,13.763707050427335,0.628333,60.11004057431141,60.0,1.0269653333333335,0.07622008114862283
2024-01-10 02:15:00,2.0,14.5,1.0082121410280043,20.278503246069917,13.75958480428068,0.628333,56.63735730317511,60.0,1.7971893333333335,0.06927471460635021
2024-01-10 02:30:00,2.0,14.5,0.9985271575683683,20.204417840448706,13.754790626884592,0.628333,58.624545182916535,60.0,0.7702240000000001,0.07324909036583306
2024-01-10 02:45:00,2.0,14.5,0.9890269204529184,20.131040479296182,13.74934171109138,0.628333,60.19268411082193,60.0,0.12837066666666666,0.07638536822164387
2024-01-10 03:00:00,2.0,14.5,0.9788036126590268,20.05839068632725,13.743552882375775,0.75,60.92314656305897,60.0,0.2567413333333333,0.07784629312611795
2024-01-10 03:15:00,2.0,15.6,0.9695256727607481,19.98646348160722,13.737477373284381,0.75,60.27880111342622,60.0,0.0,0.07655760222685244
2024-01-10 03:30:00,2.0,14.5,0.9604844656552641,19.915210070231282,13.730787581120348,0.75,59.403859296877094,60.0,1.0269653333333335,0.0748077185937542
2024-01-10 03:45:00,2.0,14.5,0.9516140509796732,19.844617704661452,13.723499359951129,0.75,59.88296926711768,60.0,0.0,0.07576593853423536
2024-01-10 04:00:00,2.0,14.5,0.9446809655747062,19.77460926037232,13.715044397063828,0.511667,61.021011179012106,60.0,0.0,0.07804202235802421
2024-01-10 04:15:00,1.0,17.433333333333334,0.9364053952299686,19.70515647269244,13.7053657033759,0.511667,60.85355525545541,60.0,0.0,0.07770711051091082
2024-01-10 04:30:00,1.0,20.0,0.9281642255923231,19.636317746282426,13.695151221863478,0.511667,60.68681795721076,60.0,0.0,0.07737363591442152
2024-01-10 04:45:00,1.0,20.0,0.9200756240127537,19.56808169417022,13.684415039407245,0.511667,60.52079620034819,60.0,0.0,0.07704159240069637
2024-01-10 05:00:00,1.0,20.0,0.927181417841601,19.638104662651156,13.67286959864063,0.326667,60.35548691417219,60.0,0.0,0.0767109738283444
2024-01-10 05:15:00,1.0,20.0,1.0414584104955142,20.44487420605704,13.665789100998245,0.326667,60.190887041164956,60.0,0.0,0.0763817740823299
2024-01-10 05:30:00,1.0,20.0,1.0447535701800437,20.433093258129396,13.663018309713845,0.326667,60.02699353692982,60.0,0.0,0.07605398707385964
2024-01-10 05:45:00,1.0,20.0,1.0345128792590672,20.356330811821305,13.659614440857856,0.326667,59.86380337013488,60.0,0.0,0.07572760674026977
2024-01-10 06:00:00,1.0,20.0,1.0255086981908854,20.280279005147943,13.655165714167914,0.186667,59.70131352245701,60.0,0.0,0.07540262704491402
2024-01-10 06:15:00,2.0,17.066666666666666,1.015812232698603,20.20491404642531,13.649647669945484,0.186667,59.539520988525986,60.0,0.0,0.07507904197705198
2024-01-10 06:30:00,1.0,16.333333333333332,1.0062301458023315,20.13026321431282,13.643473225369364,0.186667,59.37842277586896,60.0,0.0,0.07475684555173792
2024-01-10 06:45:00,2.0,14.866666666666667,0.996829760760504,20.05631294694299,13.636659263978334,0.186667,59.21801590485503,60.0,0.0,0.07443603180971006
2024-01-10 07:00:00,2.0,14.5,0.989718746931882,19.982972869095217,13.628515996076517,-0.10167,59.58084218698308,60.0,0.2567413333333333,0.07516168437396617
2024-01-10 07:15:00,2.0,14.5,0.9809879634152447,19.91021070833349,13.618972298936379,-0.10167,59.7550880482783,60.0,1.668818666666667,0.07551017609655661
2024-01-10 07:30:00,2.0,14.5,0.9722776340474425,19.838097584743096,13.608858313251483,-0.10167,58.8605896345581,60.0,0.7702240000000001,0.0737211792691162
2024-01-10 07:45:00,1.0,17.433333333333334,0.9637290736920033,19.766621424577522,13.598188988202859,-0.10167,59.27577163712502,60.0,1.5404480000000003,0.07455154327425004
2024-01-10 08:00:00,1.0,20.0,0.9441646149443046,19.69618690300253,13.58469053975302,-1.03667,60.166666978972884,60.0,0.7702240000000001,0.07633333395794577
2024-01-10 08:15:00,1.0,20.0,0.9358626556479149,19.626805737115706,13.568103623634048,-1.03667,59.31206269509131,60.0,0.0,0.07462412539018264
2024-01-10 08:30:00,1.0,20.0,0.9285174093520963,19.557971665443638,13.551085571900312,-1.03667,59.151940603694264,60.0,0.0,0.07430388120738854
2024-01-10 08:45:00,1.0,20.0,0.9540697377618677,19.784582770930506,13.534168178612731,-1.03667,59.19134525994855,60.0,0.2567413333333333,0.07438269051989711
2024-01-10 09:00:00,1.0,20.0,1.0782605436699053,20.48987670282479,13.523188924578287,-1.20833,60.12769535881551,60.0,1.5404480000000003,0.07625539071763103
2024-01-10 09:15:00,1.0,20.0,1.0723703118886398,20.416898675268364,13.514469831344575,-1.20833,59.74931597178482,60.0,0.0,0.07549863194356964
2024-01-10 09:30:00,1.0,20.0,1.0626271491173016,20.33807672782304,13.505105751006836,-1.20833,61.088169436284446,60.0,0.0,0.07817633887256888
2024-01-10 09:45:00,3.0,15.333333333333334,1.0530664103926641,20.259967213924362,13.4951092247391,-1.20833,60.92042530779262,60.0,0.0,0.07784085061558524
2024-01-10 10:00:00,3.0,15.0,1.0416700255210913,20.182630629019524,13.484982630993319,-1.01,60.75340104142402,60.0,0.0,0.07750680208284803
2024-01-10 10:15:00,3.0,15.0,1.0322090910270552,20.10606990510558,13.474802394329116,-1.01,60.58709354794101,60.0,0.0,0.07717418709588203
2024-01-10 10:30:00,3.0,15.0,1.023061778593141,20.030190775330844,13.464024178256398,-1.01,60.42149975136319,60.0,0.0,0.0768429995027264
2024-01-10 10:45:00,1.0,19.666666666666668,1.0140842323315593,19.95498056908831,13.45266366805418,-1.01,60.2566165889105,60.0,0.0,0.07651323317782101
2024-01-10 11:00:00,1.0,20.0,1.0043770598412611,19.880459684065002,13.440977068163773,-0.9116699999999999,60.09244101094661,60.0,0.0,0.07618488202189323
2024-01-10 11:15:00,3.0,19.333333333333332,0.9956087105339383,19.806623421268476,13.429009193035816,-0.9116699999999999,59.92896998092248,60.0,0.0,0.07585793996184496
2024-01-10 11:30:00,1.0,17.666666666666668,0.9870626880314004,19.733423883688314,13.416496968104164,-0.9116699999999999,59.76620047532021,60.0,0.0,0.07553240095064041
2024-01-10 11:45:00,1.0,20.0,0.9786734262731025,19.66084937159275,13.403454831447231,-0.9116699999999999,59.6041294835971,60.0,0.0,0.0752082589671942
2024-01-10 12:00:00,1.0,20.0,0.9656241992641265,19.589065566690795,13.390538160637012,-0.65,59.44275400812998,60.0,0.0,0.07488550801625997
2024-01-10 12:15:00,1.0,20.0,0.9598107417283674,19.557467425853584,13.37785877735899,-0.65,59.2820710641598,60.0,0.0,0.0745641421283196
2024-01-10 12:30:00,1.0,20.0,1.0658601796568192,20.343124991131905,13.368561661608009,-0.65,59.12207767973635,60.0,0.0,0.0742441553594727
2024-01-10 12:45:00,1.0,20.0,1.0880452899041622,20.446600393119613,13.365040212834607,-0.65,59.75043539517835,60.0,0.0,0.0755008707903567
2024-01-10 13:00:00,1.0,20.0,1.0698348768487989,20.366934260475848,13.362435243373216,-0.12167,60.94648237355067,60.0,0.0,0.07789296474710135
2024-01-10 13:15:00,1.0,20.0,1.0586100513114627,20.288376468001697,13.360560900814715,-0.12167,60.77934628511802,60.0,0.0,0.07755869257023604
2024-01-10 13:30:00,1.0,20.0,1.0481246410862206,20.21060023446803,13.357944004351786,-0.12167,60.612927449447476,60.0,0.0,0.07722585489889494
2024-01-10 13:45:00,1.0,20.0,1.0378411907971263,20.1335904856411,13.35460339549594,-0.12167,60.447222788499275,60.0,0.0,0.07689444557699855
2024-01-10 14:00:00,1.0,20.0,1.0042370285574793,20.05820034528791,13.351963927654074,0.451667,60.28222923744284,60.0,0.0,0.07656445847488569
2024-01-10 14:15:00,1.0,20.0,0.9925344570898476,19.9845458263619,13.35022701396733,0.451667,60.11794374460014,60.0,0.0,0.07623588748920028
2024-01-10 14:30:00,1.0,20.0,0.9827008837393464,19.911624280471937,13.347793586158776,0.451667,59.95436327138917,60.0,0.0,0.07590872654277833
2024-01-10 14:45:00,1.0,20.0,0.9730567309770837,19.839421569316055,13.344681316276413,0.451667,59.791484792267774,60.0,0.0,0.07558296958453556
2024-01-10 15:00:00,1.0,20.0,0.9764537427245956,19.767446644117978,13.34215088661146,0.9599999999999999,59.629305294677735,60.0,0.0,0.07525861058935548
2024-01-10 15:15:00,3.0,18.333333333333332,0.9676251353177732,19.695641031764623,13.340364432199344,0.9599999999999999,59.46782177898899,60.0,0.0,0.074935643557978
2024-01-10 15:30:00,1.0,15.666666666666666,0.9580503560593456,19.624549099982914,13.337900349374037,0.9599999999999999,59.3070312584442,60.0,0.0,0.07461406251688839
2024-01-10 15:45:00,1.0,20.0,0.9486599407613612,19.554157087903963,13.334775836721235,0.9599999999999999,59.14693075910345,60.0,0.0,0.0742938615182069
2024-01-10 16:00:00,1.0,20.0,0.992116783562084,19.84437897664797,13.331545576862606,0.888333,59.50317804722509,60.0,0.0,0.07500635609445018
2024-01-10 16:15:00,1.0,20.0,1.0904822780225325,20.48853906558913,13.334562105808349,0.888333,60.958013811246204,60.0,0.0,0.0779160276224924
2024-01-10 16:30:00,1.0,20.0,1.0795758495860295,20.408393972139873,13.339585396018357,0.888333,60.805104310399685,60.0,0.0,0.07761020862079938
2024-01-10 16:45:00,1.0,20.0,1.0679889320800138,20.329112729143365,13.343746768609021,0.888333,60.63857493597622,60.0,0.0,0.07727714987195246
2024-01-10 17:00:00,1.0,20.0,1.0613348483669436,20.250506459760476,13.345516302205523,0.255,60.4727602106444,60.0,0.0,0.0769455204212888
2024-01-10 17:15:00,1.0,20.0,1.0509027240531614,20.17251577202268,13.34472329308525,0.255,60.30765706753792,60.0,0.0,0.07661531413507584
2024-01-10 17:30:00,1.0,20.0,1.0403560362837865,20.095311239604133,13.343177023064262,0.255,60.143262452951724,60.0,0.0,0.07628652490590346
2024-01-10 17:45:00,1.0,20.0,1.0300133094422528,20.01887763882905,13.340896539861204,0.255,59.97957332628554,60.0,0.0,0.07595914665257109
2024-01-10 18:00:00,1.0,20.0,1.0232868504181103,19.943075287532306,13.336773672733438,-0.205,59.81658665998761,60.0,0.0,0.07563317331997522
2024-01-10 18:15:00,1.0,20.0,1.013849079799282,19.867858605035625,13.33068740251092,-0.205,59.65429943949868,60.0,0.0,0.07530859887899737
2024-01-10 18:30:00,1.0,20.0,1.0043601262600004,19.7933490917293,13.323954736942222,-0.205,59.49270866319629,60.0,0.0,0.07498541732639259
2024-01-10 18:45:00,1.0,20.0,0.995050641267026,19.719533352486796,13.316592340756978,-0.205,59.33181134233921,60.0,0.0,0.07466362268467842
2024-01-10 19:00:00,1.0,20.0,0.9876993515465504,19.646333177307852,13.308028609990815,-0.445,59.1716045010122,60.0,0.0,0.07434320900202439
2024-01-10 19:15:00,1.0,20.0,0.9790033402438112,19.57371956990573,13.298206825073516,-0.445,59.227005403049176,60.0,0.0,0.07445401080609836
2024-01-10 19:30:00,1.0,20.0,0.9840199945612211,19.639468493395086,13.287972235528233,-0.445,60.85524123473497,60.0,0.0,0.07771048246946993
2024-01-10 19:45:00,1.0,20.0,1.0973912524798457,20.44207889295018,13.28265640378582,-0.445,60.83129838342947,60.0,0.0,0.07766259676685894
2024-01-10 20:00:00,1.0,20.0,1.1015510558642683,20.42613746298071,13.281035865408862,-0.66833,60.6646565989849,60.0,0.0,0.07732931319796979
2024-01-10 20:15:00,1.0,20.0,1.0907807152942908,20.345196885130985,13.27810184744361,-0.66833,60.498729946031645,60.0,0.0,0.07699745989206329
2024-01-10 20:30:00,1.0,20.0,1.0801059016246681,20.265051956799045,13.274417842409528,-0.66833,60.333515355633246,60.0,0.0,0.07666703071126649
2024-01-10 20:45:00,1.0,20.0,1.069635925220267,20.185687389071322,13.270002941914047,-0.66833,60.16900977202335,60.0,0.0,0.07633801954404669
2024-01-10 21:00:00,1.0,20.0,1.0610127897366333,20.10702809355629,13.264332813604602,-0.89,60.005210152549225,60.0,0.0,0.07601042030509844
2024-01-10 21:15:00,1.0,20.0,1.0511849854852893,20.029044500567032,13.257358602847287,-0.89,59.84211346761545,60.0,0.0,0.07568422693523089
2024-01-10 21:30:00,1.0,20.0,1.0414321531186779,19.951787723467344,13.249724210664231,-0.89,59.67971670062789,60.0,0.0,0.07535943340125578
2024-01-10 21:45:00,2.0,15.966666666666667,1.0318632401421861,19.875244034989137,13.241446701987703,-0.89,59.51801684793798,60.0,0.0,0.07503603369587597
2024-01-10 22:00:00,2.0,14.5,1.025259641562676,19.799298275276076,13.231624177612218,-1.265,59.35701091878704,60.0,0.0,0.07471402183757407
2024-01-10 22:15:00,2.0,14.5,1.0164626361497713,19.723912025145207,13.22015944623625,-1.265,59.19669593525101,60.0,0.0,0.07439339187050202
2024-01-10 22:30:00,2.0,14.5,1.0076404468869304,19.64918309969356,13.208127586685523,-1.265,59.12305345300872,60.0,0.12837066666666666,0.07424610690601745
2024-01-10 22:45:00,2.0,14.5,0.9989807527732705,19.57509937113016,13.1955435818979,-1.265,59.30929573249936,60.0,1.5404480000000003,0.07461859146499873
2024-01-10 23:00:00,2.0,14.5,0.9923988224983921,19.501578894914456,13.181789284025411,-1.52333,60.5019254716225,60.0,0.0,0.077003850943245
2024-01-10 23:15:00,2.0,14.5,0.9843401550064946,19.428592648444187,13.166800819325797,-1.52333,60.979611984953934,60.0,0.0,0.07795922396990786
2024-01-10 23:30:00,2.0,14.5,0.9762976517037628,19.356205513732107,13.151321796083948,-1.52333,60.81233372312526,60.0,0.0,0.07762466744625054
2024-01-10 23:45:00,2.0,14.5,0.9683998736012209,19.28440668962844,13.135365473931058,-1.52333,60.439338465131854,60.0,0.7702240000000001,0.0768786769302637
2024-01-11 00:00:00,2.0,14.5,0.96321867125735,19.213091561937762,13.118095629432606,-1.87,60.54550403983662,60.0,0.0,0.07709100807967324
2024-01-11 00:15:00,2.0,14.5,0.9559856151551508,19.142226417266524,13.099420009178958,-1.87,59.58319443035964,60.0,1.9255600000000002,0.07516638886071927
2024-01-11 00:30:00,2.0,14.5,0.948705680923823,19.071903443045738,13.080330122662783,-1.87,58.74807770770971,60.0,1.5404480000000003,0.07349615541541941
2024-01-11 00:45:00,2.0,14.5,0.941552911139749,19.002113149165492,13.06083752285822,-1.87,59.05564905498131,60.0,0.12837066666666666,0.0741112981099626
2024-01-11 01:00:00,2.0,14.5,0.9341407291263553,18.93286027072961,13.041080062855587,-1.81833,60.94336683051016,60.0,0.0,0.07788673366102031
2024-01-11 01:15:00,2.0,14.5,0.9271766755363322,18.86413921254323,13.02108440410935,-1.81833,60.8190764277234,60.0,0.0,0.07763815285544681
2024-01-11 01:30:00,2.0,14.5,0.9203588092830248,18.795925846201335,13.000715378373156,-1.81833,60.652487092941676,60.0,0.0,0.07730497418588336
2024-01-11 01:45:00,2.0,14.5,0.9136581536534756,18.728211424658422,12.979983584919546,-1.81833,60.00981197088922,60.0,0.7702240000000001,0.07601962394177844
2024-01-11 02:00:00,2.0,14.5,0.9088796571844777,18.660921374403507,12.95830330977858,-2.06167,59.90023753678443,60.0,2.3106720000000007,0.07580047507356887
2024-01-11 02:15:00,2.0,14.5,0.9026758720905768,18.5940309134239,12.935611027825066,-2.06167,60.09670937712753,60.0,0.12837066666666666,0.07619341875425506
2024-01-11 02:30:00,2.0,14.5,0.8964538516157717,18.527603657146283,12.912603916168226,-2.06167,61.05033446498445,60.0,0.0,0.0781006689299689
2024-01-11 02:45:00,2.0,14.5,0.8903354589353831,18.461631872571143,12.889291256778838,-2.06167,60.882752702609515,60.0,0.0,0.07776550540521902
2024-01-11 03:00:00,2.0,14.5,0.8844546007932766,18.396103021548825,12.865637216256397,-2.08,60.42191692465801,60.0,0.2567413333333333,0.07684383384931602
2024-01-11 03:15:00,2.0,14.5,0.8785571171178433,18.331008466449546,12.84164510337376,-2.08,59.98171147032754,60.0,0.2567413333333333,0.07596342294065508
2024-01-11 03:30:00,2.0,14.5,0.8727470338957998,18.266346374849466,12.81737533987308,-2.08,59.28622194580995,60.0,0.0,0.07457244389161989
2024-01-11 03:45:00,2.0,14.5,0.8670316121315577,18.20210968310533,12.79283634667095,-2.08,56.91750218914944,60.0,2.439042666666667,0.06983500437829888
2024-01-11 04:00:00,1.0,15.233333333333333,0.862040177744808,18.144833887437983,12.767828138862434,-2.165,57.9067002282663,60.0,0.2567413333333333,0.07181340045653259
2024-01-11 04:15:00,2.0,17.066666666666666,0.9463640747619441,18.774523347325097,12.745027776591318,-2.165,60.08348151697762,60.0,0.2567413333333333,0.07616696303395525
2024-01-11 04:30:00,2.0,14.5,0.9715959753295499,18.886704457592312,12.727564551245992,-2.165,60.649302446929774,60.0,0.12837066666666666,0.07729860489385953
2024-01-11 04:45:00,2.0,14.5,0.9639543385440372,18.81524277794258,12.710018457919622,-2.165,60.46511539394956,60.0,0.0,0.07693023078789914
2024-01-11 05:00:00,2.0,14.5,0.9559528506417814,18.74435825757943,12.692198559260955,-2.09833,60.30004505803595,60.0,0.0,0.0766000901160719
2024-01-11 05:15:00,2.0,14.5,0.948504994183867,18.674045511826787,12.674137093503095,-2.09833,59.452046803838904,60.0,0.6418533333333334,0.07490409360767782
2024-01-11 05:30:00,1.0,17.8,0.9667187055278919,18.84025513250545,12.656021651591455,-2.09833,60.77262445870983,60.0,0.7702240000000001,0.07754524891741967
2024-01-11 05:45:00,1.0,20.0,1.1365413601960317,20.08239791624721,12.64512085065792,-2.09833,59.353512821045086,60.0,0.0,0.07470702564209017
2024-01-11 06:00:00,1.0,20.0,1.2066526380555345,20.50655657722753,12.644674511596099,-1.97333,59.19321284934935,60.0,0.0,0.0743864256986987
2024-01-11 06:15:00,1.0,20.0,1.1941691794771996,20.41792685033445,12.645272168341027,-1.97333,59.119585314525104,60.0,0.0,0.07423917062905021
2024-01-11 06:30:00,1.0,20.0,1.1819915109940957,20.330204892892052,12.644991255263168,-1.97333,60.72007864722005,60.0,0.0,0.0774401572944401
2024-01-11 06:45:00,1.0,20.0,1.1700504818105706,20.243373041983496,12.643853898829464,-1.97333,59.463469817558625,60.0,1.668818666666667,0.07492693963511726
2024-01-11 07:00:00,1.0,20.0,1.1573917916596024,20.15744923040327,12.641808357507484,-2.00333,59.84168168438618,60.0,0.2567413333333333,0.07568336336877235
2024-01-11 07:15:00,1.0,20.0,1.1458703028260466,20.072420130114267,12.63886728189745,-2.00333,61.11955824291041,60.0,0.0,0.0782391164858208
2024-01-11 07:30:00,1.0,20.0,1.1346381705951596,19.98822822306569,12.635136211515707,-2.00333,60.60236937784988,60.0,0.385112,0.07720473875569978
2024-01-11 07:45:00,1.0,20.0,1.1236216797192058,19.90485741392221,12.63063524757393,-2.00333,58.12155992488519,60.0,1.7971893333333335,0.07224311984977039
2024-01-11 08:00:00,1.0,20.0,1.0751408638565623,19.82368405196163,12.626347092944144,-1.61167,60.312266267904576,60.0,0.0,0.07662453253580916
2024-01-11 08:15:00,1.0,20.0,1.0619885643253555,19.744884797768645,12.622427372719054,-1.61167,60.80502250322517,60.0,0.12837066666666666,0.07761004500645034
2024-01-11 08:30:00,3.0,15.333333333333334,1.0517325548064664,19.666849948322923,12.617793506761675,-1.61167,60.49173592228669,60.0,0.0,0.0769834718445734
2024-01-11 08:45:00,3.0,15.0,1.0416725190601024,19.58956487636556,12.612463740813977,-1.61167,60.12444120678485,60.0,0.12837066666666666,0.0762488824135697
2024-01-11 09:00:00,3.0,15.0,1.0090694131351265,19.513855032969506,12.607241906268149,-1.29167,59.41622001770225,60.0,0.7702240000000001,0.07483244003540451
2024-01-11 09:15:00,1.0,16.0,0.9987059208280943,19.459516910466697,12.602257093780752,-1.29167,60.19708078522306,60.0,0.7702240000000001,0.07639416157044612
2024-01-11 09:30:00,1.0,20.0,1.1016525043109324,20.249282475433535,12.600044799157935,-1.29167,59.435494186652356,60.0,0.7702240000000001,0.07487098837330472
2024-01-11 09:45:00,3.0,17.0,1.1396599238338152,20.460867864269588,12.604575632989016,-1.29167,59.16488464995504,60.0,0.0,0.07432976929991009
2024-01-11 10:00:00,1.0,19.666666666666668,1.1115830784095506,20.377756393990175,12.611654177036865,-0.175,59.3062537341765,60.0,0.0,0.074612507468353
2024-01-11 10:15:00,1.0,20.0,1.0978992623500692,20.296232134990007,12.620924162108336,-0.175,60.390713502203724,60.0,0.5134826666666666,0.07678142700440743
2024-01-11 10:30:00,1.0,20.0,1.085579301298874,20.21562648164268,12.629254797164739,-0.175,59.72447340452927,60.0,0.0,0.07544894680905855
2024-01-11 10:45:00,1.0,20.0,1.0735052555725662,20.135921077965907,12.636669229563307,-0.175,59.39717124474181,60.0,0.12837066666666666,0.07479434248948363
2024-01-11 11:00:00,1.0,20.0,1.0540392892121884,20.05737802314358,12.644790729400862,0.478333,59.126647311582886,60.0,0.0,0.07425329462316577
2024-01-11 11:15:00,1.0,20.0,1.0415463693308462,19.980037075559075,12.653840542166495,0.478333,59.7549854167714,60.0,0.0,0.07550997083354279
2024-01-11 11:30:00,1.0,20.0,1.0298258164626886,19.9035700464302,12.66199536180498,0.478333,60.95101286904624,60.0,0.0,0.07790202573809246
2024-01-11 11:45:00,1.0,20.0,1.0183393877505122,19.827959459890806,12.66927722978448,0.478333,60.03619128786707,60.0,1.7971893333333335,0.07607238257573415
2024-01-11 12:00:00,1.0,20.0,1.002173214321919,19.7533674642123,12.677361104130897,1.153333,58.61731983482246,60.0,0.2567413333333333,0.07323463966964491
2024-01-11 12:15:00,1.0,20.0,0.9903968188206432,19.67982237722851,12.686472245187645,1.153333,60.7772586621601,60.0,0.0,0.0775545173243202
2024-01-11 12:30:00,1.0,20.0,0.9791866646048787,19.607113163939527,12.694724712792055,1.153333,60.310383104811734,60.0,0.5134826666666666,0.07662076620962346
2024-01-11 12:45:00,1.0,20.0,0.9682007812616404,19.53522308392798,12.702139628632109,1.153333,59.55887810771748,60.0,0.0,0.07511775621543497
2024-01-11 13:00:00,1.0,20.0,1.029003784695255,20.11240053297258,12.714602307124446,2.751667,59.3976968253456,60.0,0.0,0.07479539365069118
2024-01-11 13:15:00,1.0,20.0,1.0847005840120476,20.466398254733527,12.738075698956157,2.751667,59.23720724110464,60.0,0.0,0.07447441448220929
2024-01-11 13:30:00,1.0,20.0,1.0705224875907962,20.38684096822237,12.761636423481402,2.751667,59.372747667444955,60.0,0.2567413333333333,0.0747454953348899
2024-01-11 13:45:00,1.0,20.0,1.0566379572893694,20.308319292193968,12.784062060815883,2.751667,61.01470244983058,60.0,0.12837066666666666,0.07802940489966118
2024-01-11 14:00:00,1.0,20.0,1.0467465449496367,20.230671463507203,12.807713924715205,3.705,60.712683755400356,60.0,0.0,0.07742536751080072
2024-01-11 14:15:00,1.0,20.0,1.0330288549493984,20.1538894407586,12.832901575190228,3.705,60.54655099728504,60.0,0.0,0.07709310199457006
2024-01-11 14:30:00,1.0,20.0,1.0193145514563535,20.078130382391805,12.856956886838917,3.705,59.62777994076351,60.0,0.5134826666666666,0.07525555988152702
2024-01-11 14:45:00,1.0,20.0,1.005885167266349,20.0033730198671,12.879906934861918,3.705,59.117866851420686,60.0,0.0,0.07423573370284138
2024-01-11 15:00:00,1.0,20.0,1.0337244650587247,19.928078115160638,12.90349611949555,4.408333,59.74624263733608,60.0,0.0,0.07549248527467217
2024-01-11 15:15:00,1.0,20.0,1.0228811324381784,19.852052597914298,12.927939331434528,4.408333,58.95558787484672,60.0,1.7971893333333335,0.07391117574969344
2024-01-11 15:30:00,1.0,20.0,1.009365609974666,19.777035207729803,12.951268828609233,4.408333,60.392447415784225,60.0,0.2567413333333333,0.07678489483156845
2024-01-11 15:45:00,1.0,20.0,0.9961305920291941,19.70300500564901,12.973511260406008,4.408333,60.601274885958524,60.0,0.7702240000000001,0.07720254977191704
2024-01-11 16:00:00,1.0,20.0,0.9934973870055924,19.62956155116066,12.993263145181198,3.825,59.11404424760936,60.0,0.0,0.07422808849521871
2024-01-11 16:15:00,1.0,20.0,0.9818172993134086,19.556616928982827,13.010370317171319,3.825,59.761715720609295,60.0,0.2567413333333333,0.07552343144121859
2024-01-11 16:30:00,1.0,20.0,1.0106050678091105,19.84493959554575,13.027219002052949,3.825,60.25912006748174,60.0,0.7702240000000001,0.07651824013496349
2024-01-11 16:45:00,1.0,20.0,1.1053376416780063,20.48790661283398,13.05019630581196,3.825,59.31898771812899,60.0,0.12837066666666666,0.07463797543625798
2024-01-11 17:00:00,1.0,20.0,1.0948152028171063,20.406658488286197,13.073843593107119,3.406667,58.81392015682431,60.0,1.5404480000000003,0.07362784031364862
2024-01-11 17:15:00,1.0,20.0,1.0810370191108045,20.326330976826007,13.095172282041752,3.406667,60.703033188443705,60.0,0.12837066666666666,0.07740606637688742
2024-01-11 17:30:00,1.0,20.0,1.0673336384928027,20.247025513469783,13.11539191276153,3.406667,60.116462446068354,60.0,1.1553360000000004,0.07623292489213672
2024-01-11 17:45:00,1.0,20.0,1.053912065780017,20.168721062224822,13.13452920116883,3.406667,59.52979479728843,60.0,1.668818666666667,0.07505958959457687
2024-01-11 18:00:00,1.0,20.0,1.0442199700963715,20.091270904810493,13.151471224657655,2.941667,59.84854742367452,60.0,0.0,0.07569709484734903
2024-01-11 18:15:00,1.0,20.0,1.0318593050572495,20.014623573365594,13.166102778219235,2.941667,60.63763760190436,60.0,0.385112,0.07727527520380874
2024-01-11 18:30:00,1.0,20.0,1.0195174630812125,19.938896620431716,13.179762154310147,2.941667,59.792475688407606,60.0,0.12837066666666666,0.0755849513768152
2024-01-11 18:45:00,1.0,20.0,1.0074259893913022,19.864071357223605,13.192473011643502,2.941667,59.5569552366582,60.0,0.12837066666666666,0.0751139104733164
2024-01-11 19:00:00,1.0,20.0,0.9989961263003352,19.790004715944765,13.203131687091142,2.481667,58.511618094529275,60.0,1.668818666666667,0.07302323618905855
2024-01-11 19:15:00,1.0,20.0,0.9878992539319557,19.71664780796359,13.211621568052866,2.481667,58.455927714646464,60.0,1.5404480000000003,0.07291185542929292
2024-01-11 19:30:00,1.0,20.0,0.9767944840632209,19.644118901635597,13.219263970085027,2.481667,59.64675095164455,60.0,0.0,0.07529350190328911
2024-01-11 19:45:00,1.0,20.0,0.9659114742978111,19.572401443998466,13.226079769193918,2.481667,59.08974038820934,60.0,1.9255600000000002,0.0741794807764187
2024-01-11 20:00:00,1.0,20.0,0.9739920452354868,19.639011537112644,13.230567361641242,1.798333,59.900561039485495,60.0,0.0,0.07580112207897098
2024-01-11 20:15:00,1.0,20.0,1.0861613610883507,20.442398192042294,13.237856630352889,1.798333,61.03852745752674,60.0,0.0,0.0780770549150535
2024-01-11 20:30:00,1.0,20.0,1.087151374490162,20.42740656700913,13.249206189784966,1.798333,59.32827306425872,60.0,0.7702240000000001,0.07465654612851742
2024-01-11 20:45:00,3.0,16.333333333333332,1.0746610435709556,20.34760151079357,13.259678698643484,1.798333,58.484218268734594,60.0,1.0269653333333333,0.07296843653746919
2024-01-11 21:00:00,1.0,18.666666666666668,1.0671135051098048,20.26853772468366,13.267663347537603,1.166667,58.86924891542638,60.0,1.668818666666667,0.07373849783085278
2024-01-11 21:15:00,3.0,15.333333333333334,1.0558202891118544,20.1901542991735,13.272992089522665,1.166667,58.4410644942617,60.0,0.2567413333333333,0.0728821289885234
2024-01-11 21:30:00,1.0,18.666666666666668,1.0444347183593494,20.112619723307592,13.277471602020507,1.166667,60.74916067190008,60.0,0.0,0.07749832134380015
2024-01-11 21:45:00,2.0,14.866666666666667,1.0332739787285077,20.035917215155955,13.281122991925251,1.166667,60.82761752348685,60.0,0.2567413333333333,0.07765523504697369
2024-01-11 22:00:00,2.0,14.5,1.0231872786380747,19.959999166951526,13.283685188257413,1.051667,59.99988234109116,60.0,0.12837066666666666,0.07599976468218232
2024-01-11 22:15:00,1.0,17.433333333333334,1.0125889422397911,19.884841778566123,13.285143543122235,1.051667,59.72677191567516,60.0,0.0,0.07545354383135033
2024-01-11 22:30:00,2.0,14.866666666666667,1.002140306041545,19.810463296035213,13.28584255880495,1.051667,59.56487012884116,60.0,0.0,0.07512974025768232
2024-01-11 22:45:00,2.0,14.5,0.9918954206547173,19.73684851118485,13.285801303358403,1.051667,59.40366313213228,60.0,0.0,0.07480732626426456
2024-01-11 23:00:00,2.0,14.5,0.9864674369480739,19.663813897811824,13.283515618517201,0.43,59.243147943905605,60.0,0.0,0.07448629588781121
2024-01-11 23:15:00,2.0,14.5,0.977306500619505,19.59130298723824,13.278815581612973,0.43,59.083321595313706,60.0,0.0,0.07416664319062742
2024-01-11 23:30:00,2.0,14.5,0.9680091604415187,19.519484999181625,13.273474837672252,0.43,60.2840360314846,60.0,0.0,0.07656807206296919
2024-01-11 23:45:00,2.0,14.5,0.9588886139875721,19.448346738053786,13.26750982605245,0.43,60.90560269855593,60.0,0.0,0.07781120539711187
2024-01-12 00:00:00,2.0,14.5,0.9512779708193125,19.37782646694867,13.260495694393933,0.25,60.7386420423718,60.0,0.0,0.07747728408474361
2024-01-12 00:15:00,2.0,14.5,0.9426991289177435,19.30789942750721,13.252393665478568,0.25,60.57239788609464,60.0,0.0,0.07714479577218929
2024-01-12 00:30:00,2.0,14.5,0.934190962700248,19.23860639362233,13.243727471278667,0.25,60.40686715491549,60.0,0.0,0.07681373430983097
2024-01-12 00:45:00,2.0,14.5,0.9258417277085766,19.16993550324515,13.234511821356906,0.25,60.24204678722075,60.0,0.0,0.07648409357444151
2024-01-12 01:00:00,2.0,14.5,0.9169794075359113,19.101899572715258,13.2249815449974,0.34,60.07793373453554,60.0,0.0,0.07615586746907106
2024-01-12 01:15:00,2.0,14.5,0.9088377147245076,19.034493327633864,13.215177919693708,0.34,59.91452496146724,60.0,0.0,0.07582904992293447
2024-01-12 01:30:00,2.0,14.5,0.9008919939731491,18.967679117024694,13.2048604657721,0.34,59.604765053309606,60.0,0.12837066666666666,0.07520953010661921
2024-01-12 01:45:00,2.0,14.5,0.8930930170720617,18.901445988647325,13.194042723575887,0.34,58.99815754236317,60.0,1.5404480000000003,0.07399631508472633
2024-01-12 02:00:00,2.0,14.5,0.887245002215343,18.83571721633848,13.182141871461743,0.096667,57.783147022985105,60.0,0.12837066666666666,0.07156629404597022
2024-01-12 02:15:00,2.0,14.5,0.8799999348587073,18.770465913502456,13.169097197200236,0.096667,59.24999834317719,60.0,0.7702240000000001,0.07449999668635439
2024-01-12 02:30:00,1.0,16.7,0.8818821773929636,18.80414582213297,13.15569540962194,0.096667,60.93396192531676,60.0,0.12837066666666666,0.0778679238506335
2024-01-12 02:45:00,2.0,15.6,0.9786371671435279,19.483647718503686,13.146384715370468,0.096667,60.670902757836764,60.0,0.12837066666666666,0.07734180551567355
2024-01-12 03:00:00,2.0,14.5,0.9778102732965913,19.450518289123274,13.140787391485386,0.181667,60.247686482027696,60.0,0.2567413333333333,0.07649537296405538
2024-01-12 03:15:00,2.0,14.5,0.9685439749654866,19.378663351943306,13.134842060830952,0.181667,59.73492372168673,60.0,0.0,0.07546984744337346
2024-01-12 03:30:00,2.0,14.5,0.9594959363703313,19.307482720786517,13.128281197322746,0.181667,59.46266604259441,60.0,0.12837066666666666,0.07492533208518881
2024-01-12 03:45:00,2.0,14.5,0.9506189205176679,19.236963630913795,13.121120678864013,0.181667,59.13677171562353,60.0,0.7702240000000001,0.07427354343124706
2024-01-12 04:00:00,2.0,14.5,0.9410549406691197,19.167124798759012,13.113657714820908,0.296667,58.82786956882045,60.0,0.7702240000000001,0.0736557391376409
2024-01-12 04:15:00,1.0,17.433333333333334,0.9515121865778892,19.281543513877356,13.106185108317101,0.296667,58.23375202889874,60.0,1.0269653333333335,0.07246750405779749
2024-01-12 04:30:00,2.0,18.533333333333335,1.0811019081894302,20.204092414314665,13.104532843289203,0.296667,60.63946295683525,60.0,0.2567413333333333,0.07727892591367051
2024-01-12 04:45:00,2.0,14.5,1.088620601669336,20.221922435645418,13.107946210029116,0.296667,61.0210732809351,60.0,0.0,0.07804214656187021
2024-01-12 05:00:00,2.0,14.5,1.079209678552779,20.14189336342321,13.109979816715702,0.016667,60.22901825364147,60.0,0.385112,0.07645803650728294
2024-01-12 05:15:00,2.0,14.5,1.0682552307883149,20.062609250710125,13.110417454461821,0.016667,59.86321942543477,60.0,0.0,0.07572643885086955
2024-01-12 05:30:00,2.0,14.5,1.057374086192822,19.98413625710596,13.110070623262464,0.016667,59.590411174358,60.0,0.2567413333333333,0.07518082234871601
2024-01-12 05:45:00,1.0,17.066666666666666,1.0467043141177284,19.906458605631055,13.108959085358737,0.016667,58.38121037343491,60.0,1.0269653333333333,0.07276242074686982
2024-01-12 06:00:00,1.0,20.0,1.0319701895216984,19.829716864445604,13.108510628933493,0.591667,60.73486137452722,60.0,0.0,0.07746972274905443
2024-01-12 06:15:00,1.0,20.0,1.0210710785551764,19.753934729461196,13.10891812814774,0.591667,60.65607748829889,60.0,0.385112,0.07731215497659778
2024-01-12 06:30:00,1.0,20.0,1.010671940301014,19.678927782839185,13.108575971026209,0.591667,59.921167756690096,60.0,0.2567413333333333,0.07584233551338018
2024-01-12 06:45:00,1.0,20.0,1.0004748032365163,19.604680947082883,13.107503043448284,0.591667,59.26273277653383,60.0,0.0,0.07452546555306766
2024-01-12 07:00:00,2.0,15.233333333333333,0.9901851617112156,19.531190085935105,13.1058035358135,0.626667,59.1028223810109,60.0,0.0,0.07420564476202181
2024-01-12 07:15:00,1.0,18.166666666666668,1.013105585722178,19.753351072060802,13.104026025655763,0.626667,59.96848905763354,60.0,0.2567413333333333,0.07593697811526708
2024-01-12 07:30:00,1.0,20.0,1.1275219698402956,20.54005635978346,13.108674310528187,0.626667,60.49211308662333,60.0,0.8985946666666668,0.07698422617324666
2024-01-12 07:45:00,1.0,20.0,1.1204086263500959,20.47658283939571,13.116408265698036,0.626667,59.87784089536452,60.0,0.385112,0.07575568179072903
2024-01-12 08:00:00,1.0,20.0,1.0992810666887725,20.39464241950062,13.121811557474928,0.048333,60.94099075243878,60.0,0.0,0.07788198150487756
2024-01-12 08:15:00,1.0,20.0,1.087019588576971,20.31395446573988,13.12472155732116,0.048333,57.890620212368844,60.0,2.3106720000000007,0.0717812404247377
2024-01-12 08:30:00,1.0,20.0,1.0756296319328589,20.234115624589116,13.126796112491782,0.048333,59.108566435857256,60.0,0.12837066666666666,0.07421713287171451
2024-01-12 08:45:00,1.0,20.0,1.064462774082983,20.155109243614913,13.128056125037952,0.048333,60.97771505905363,60.0,0.0,0.07795543011810727
2024-01-12 09:00:00,1.0,20.0,1.0533940452774788,20.076920720077144,13.13049326818655,0.853333,60.79809307592488,60.0,0.2567413333333333,0.07759618615184977
2024-01-12 09:15:00,3.0,16.666666666666668,1.0421222634608418,19.999560509837167,13.134368088801546,0.853333,59.9521214658079,60.0,0.12837066666666666,0.07590424293161582
2024-01-12 09:30:00,3.0,15.0,1.031062896907337,19.923024794718028,13.13742559651299,0.853333,59.472733725645156,60.0,1.0269653333333335,0.07494546745129031
2024-01-12 09:45:00,1.0,16.333333333333332,1.0202209421816972,19.847297346686464,13.139686179008718,0.853333,59.265473961022494,60.0,0.0,0.074530947922045
2024-01-12 10:00:00,1.0,20.0,1.0099041180668873,19.772348310900302,13.142904251284172,1.561667,60.24913498643298,60.0,0.7702240000000001,0.07649826997286596
2024-01-12 10:15:00,1.0,20.0,0.9990361198158796,19.6981833897373,13.147310763456757,1.561667,59.21872224367066,60.0,0.0,0.07443744448734133
2024-01-12 10:30:00,1.0,20.0,0.9883448179328032,19.624815541302628,13.150923312329788,1.561667,59.07333420884685,60.0,0.0,0.07414666841769371
2024-01-12 10:45:00,1.0,20.0,0.9778641886339215,19.55222904054051,13.15376166519408,1.561667,60.50513815684106,60.0,0.12837066666666666,0.07701027631368214
2024-01-12 11:00:00,1.0,20.0,1.01630390767655,19.912790677820492,13.157336412032743,1.781667,61.034071957162176,60.0,0.0,0.07806814391432434
2024-01-12 11:15:00,1.0,20.0,1.10428823115794,20.483242515415387,13.168085583619343,1.781667,60.866559984195156,60.0,0.0,0.07773311996839032
2024-01-12 11:30:00,1.0,20.0,1.0914025373969687,20.402187335114835,13.180239785187824,1.781667,60.571014342039625,60.0,0.2567413333333333,0.07714202868407925
2024-01-12 11:45:00,1.0,20.0,1.0787766520699227,20.322073641102328,13.19141583960994,1.781667,58.9846595643927,60.0,1.668818666666667,0.07396931912878539
2024-01-12 12:00:00,1.0,20.0,1.0651176873972101,20.242930321834763,13.201462344861058,1.71,57.784818061543234,60.0,0.8985946666666668,0.07156963612308646
2024-01-12 12:15:00,1.0,20.0,1.0529628529343928,20.164742673880756,13.2103819595913,1.71,60.12827996878206,60.0,0.0,0.07625655993756413
2024-01-12 12:30:00,1.0,20.0,1.0411433973643365,20.08743631339194,13.218400233043413,1.71,61.07936054178358,60.0,0.0,0.07815872108356717
2024-01-12 12:45:00,1.0,20.0,1.0295598863753725,20.01099362863526,13.225539374507433,1.71,60.91165421604262,60.0,0.0,0.07782330843208524
2024-01-12 13:00:00,1.0,20.0,1.0133790267786191,19.935575264248577,13.23232358924693,1.915,60.70787286492232,60.0,0.12837066666666666,0.07741574572984464
2024-01-12 13:15:00,1.0,20.0,1.0018228724887979,19.861193957729128,13.238837823790597,1.915,59.84386743225601,60.0,0.2567413333333333,0.07568773486451201
2024-01-12 13:30:00,2.0,18.533333333333335,0.9908316608359852,19.78763213570074,13.244524256653204,1.915,58.85148352806393,60.0,0.8985946666666668,0.07370296705612786
2024-01-12 13:45:00,1.0,17.066666666666666,0.9800585223240105,19.714873520556807,13.249403384188462,1.915,57.820758200600196,60.0,1.668818666666667,0.0716415164012004
2024-01-12 14:00:00,1.0,20.0,0.9669569904322491,19.642996302241407,13.253422041456352,1.885,60.066119594612,60.0,0.2567413333333333,0.076132239189224
2024-01-12 14:15:00,1.0,20.0,0.956470414265225,19.57199606668882,13.256592144761873,1.885,60.350184637767356,60.0,0.0,0.07670036927553471
2024-01-12 14:30:00,1.0,20.0,0.9600408293773862,19.639466511890976,13.259169781059027,1.885,58.36595114116459,60.0,1.668818666666667,0.07273190228232916
2024-01-12 14:45:00,1.0,20.0,1.0720036602560674,20.44390375965785,13.266490277292545,1.885,59.74791734260162,60.0,1.5404480000000003,0.07549583468520324
2024-01-12 15:00:00,3.0,15.666666666666666,1.0722712004687407,20.429984172401962,13.277909562786268,1.896667,60.02039292950367,60.0,0.0,0.07604078585900734
2024-01-12 15:15:00,3.0,15.0,1.0598574429909156,20.351277279399703,13.288493976286377,1.896667,59.22422695138949,60.0,1.5404480000000003,0.07444845390277897
2024-01-12 15:30:00,3.0,15.0,1.0477535424206317,20.273472921128846,13.298146903432547,1.896667,60.61554065620728,60.0,0.385112,0.07723108131241457
2024-01-12 15:45:00,1.0,19.0,1.0358923542396188,20.196552980569848,13.306891215578478,1.896667,59.81331497709664,60.0,0.2567413333333333,0.07562662995419328
2024-01-12 16:00:00,1.0,20.0,1.0333168333483007,20.12016464762802,13.315062558593983,2.025,58.45063233349878,60.0,1.5404480000000003,0.07290126466699756
2024-01-12 16:15:00,1.0,20.0,1.022391924590717,20.044251608289805,13.322716455329475,2.025,58.759711383279836,60.0,0.12837066666666666,0.07351942276655966
2024-01-12 16:30:00,1.0,20.0,1.0110453898556926,19.969184570248547,13.329510373284775,2.025,60.91897071332268,60.0,0.0,0.07783794142664537
2024-01-12 16:45:00,1.0,20.0,0.9999246761985349,19.894946677496186,13.335465553154807,2.025,59.61258520510744,60.0,1.5404480000000003,0.0752251704102149
2024-01-12 17:00:00,1.0,20.0,0.9877867736540894,19.821566665296853,13.341011005979883,2.191667,60.361257103717044,60.0,0.0,0.07672251420743409
2024-01-12 17:15:00,1.0,20.0,0.9769177740313814,19.74903966040281,13.346217450070444,2.191667,60.96409238199097,60.0,0.2567413333333333,0.07792818476398194
2024-01-12 17:30:00,1.0,20.0,0.9663474936571627,19.67730072814951,13.350633964274644,2.191667,60.264387038921356,60.0,0.0,0.07652877407784271
2024-01-12 17:45:00,1.0,20.0,0.955986139664201,19.606334273754126,13.354280166888707,2.191667,59.65465397188634,60.0,1.668818666666667,0.07530930794377269
2024-01-12 18:00:00,3.0,18.0,0.9483916878906078,19.536031452208686,13.356330141141282,1.846667,58.29006858669405,60.0,0.0,0.0725801371733881
2024-01-12 18:15:00,1.0,18.333333333333332,0.9715848018811168,19.761261871061457,13.35721815440292,1.846667,60.83724380597695,60.0,0.0,0.07767448761195389
2024-01-12 18:30:00,1.0,20.0,1.0752009600544146,20.4660288188436,13.36418510586269,1.846667,59.53081890504109,60.0,1.7971893333333335,0.07506163781008217
2024-01-12 18:45:00,1.0,20.0,1.065683839025459,20.393464677166182,13.37361968170427,1.846667,58.75131694539305,60.0,0.7702240000000001,0.07350263389078611
2024-01-12 19:00:00,1.0,20.0,1.0522324883193963,20.315278916503946,13.382613743498178,2.04,59.705196043250474,60.0,1.668818666666667,0.07541039208650095
2024-01-12 19:15:00,1.0,20.0,1.0402427700022245,20.23803662067153,13.391244054370867,2.04,59.94119712792065,60.0,0.0,0.0758823942558413
2024-01-12 19:30:00,2.0,19.633333333333333,1.028589497625849,20.161663216945097,13.398986652357602,2.04,60.543907498192134,60.0,0.2567413333333333,0.07708781499638429
2024-01-12 19:45:00,2.0,14.5,1.0171687292711296,20.08614135041986,13.405863420063952,2.04,60.17677840455935,60.0,0.0,0.07635355680911869
2024-01-12 20:00:00,2.0,14.5,1.0058019735047798,20.01146038278431,13.411952895364887,2.063333,60.012945446545366,60.0,0.0,0.07602589089309073
2024-01-12 20:15:00,2.0,14.5,0.9948049060563224,19.937605296993684,13.417283034092184,2.063333,59.849815566141736,60.0,0.0,0.07569963113228348
2024-01-12 20:30:00,1.0,18.9,0.9840374301903079,19.864552986556763,13.421808351414658,2.063333,59.68738574614036,60.0,0.0,0.07537477149228072
2024-01-12 20:45:00,1.0,20.0,0.9734827983242108,19.792287564267877,13.425548833957773,2.063333,59.52565298228131,60.0,0.0,0.07505130596456261
2024-01-12 21:00:00,1.0,20.0,0.9649561102604177,19.72072702878339,13.427923877581401,1.818333,59.36461428319718,60.0,0.0,0.07472922856639434
2024-01-12 21:15:00,1.0,20.0,0.9550849701420983,19.64983966764767,13.42887842432504,1.818333,59.204266670357825,60.0,0.0,0.07440853334071565
2024-01-12 21:30:00,1.0,20.0,0.9452839648863839,19.579682923023572,13.4291231075023,1.818333,59.08760354681818,60.0,0.0,0.07417520709363636
2024-01-12 21:45:00,1.0,20.0,0.9411469579694779,19.575852298977857,13.42871919716877,1.818333,60.631203752800495,60.0,0.0,0.07726240750560098
2024-01-12 22:00:00,2.0,14.866666666666667,1.0076968165292939,20.022306935243297,13.429923695365137,1.438333,60.86538005971821,60.0,0.0,0.07773076011943643
2024-01-12 22:15:00,2.0,14.5,1.000041045190671,19.95464850840366,13.431877596631127,1.438333,60.69859201615819,60.0,0.0,0.07739718403231638
2024-01-12 22:30:00,2.0,14.5,0.9896551243697532,19.881194356729345,13.433078104390567,1.438333,60.532519731750185,60.0,0.0,0.07706503946350038
2024-01-12 22:45:00,2.0,14.5,0.9794721135873574,19.80849930371211,13.433539863890132,1.438333,60.36716013486418,60.0,0.0,0.07673432026972835
2024-01-12 23:00:00,2.0,14.5,0.9711092611835642,19.736489307375347,13.432746626403757,1.22,60.202510167051805,60.0,0.0,0.07640502033410361
2024-01-12 23:15:00,1.0,15.233333333333333,0.9615609587355284,19.66513516189247,13.43065045943739,1.22,59.92816678298985,60.0,0.7702240000000001,0.07585633356597969
2024-01-12 23:30:00,2.0,14.866666666666667,0.9520875482574057,19.594487132509578,13.42788575386587,1.22,59.9081064088393,60.0,0.2567413333333333,0.07581621281767861
2024-01-12 23:45:00,2.0,14.5,0.9427963029443237,19.524531622501833,13.42446949728096,1.22,60.51354676393398,60.0,0.0,0.07702709352786795
2024-01-13 00:00:00,2.0,14.5,0.935998215076994,19.455170782462503,13.419654851483209,0.908333,60.34826858820421,60.0,0.0,0.07669653717640842
2024-01-13 00:15:00,2.0,14.5,0.9274051659289525,19.386370591127992,13.413363718440213,0.908333,60.18369969213493,60.0,0.0,0.07636739938426987
2024-01-13 00:30:00,2.0,14.5,0.9188185625757462,19.318210300142464,13.406492227068924,0.908333,57.2786509903923,60.0,2.3106720000000007,0.07055730198078461
2024-01-13 00:45:00,2.0,14.5,0.9103937724347566,19.25067783219833,13.399055388428058,0.908333,57.10793771016829,60.0,1.5404480000000003,0.07021587542033658
2024-01-13 01:00:00,2.0,14.5,0.9041327509414313,19.183688126972307,13.390406496881035,0.638333,58.96552292666607,60.0,0.0,0.07393104585333214
2024-01-13 01:15:00,2.0,14.5,0.8963205844743943,19.117211424781306,13.380478175381999,0.638333,60.79830120345796,60.0,0.12837066666666666,0.07759660240691592
2024-01-13 01:30:00,2.0,14.5,0.8885177735494085,19.051316100911333,13.37004702166064,0.638333,60.05144483175085,60.0,0.7702240000000001,0.0761028896635017
2024-01-13 01:45:00,2.0,14.5,0.8808588409933679,18.98599141701293,13.359126306043978,0.638333,59.31827258595563,60.0,1.9255600000000002,0.07463654517191128
2024-01-13 02:00:00,2.0,14.5,0.8761013120713291,18.921126039844662,13.346818587868322,0.266667,59.767115312717394,60.0,0.0,0.07553423062543478
2024-01-13 02:15:00,2.0,14.5,0.8691331693456187,18.85668463190348,13.333024061050327,0.266667,61.10589239259794,60.0,0.0,0.07821178478519587
2024-01-13 02:30:00,2.0,14.5,0.8621041792198935,18.792766817508458,13.318804846602502,0.266667,60.827751297929794,60.0,0.12837066666666666,0.07765550259585959
2024-01-13 02:45:00,2.0,15.6,0.8579389426536699,18.768738023108952,13.30418984752418,0.266667,58.866887663283414,60.0,1.7971893333333335,0.07373377532656683
2024-01-13 03:00:00,2.0,14.5,0.8920373446702056,18.959993825609445,13.28990739436554,-0.13167,59.39473321771165,60.0,0.12837066666666666,0.0747894664354233
2024-01-13 03:15:00,2.0,14.5,0.8850306399088416,18.894376410577582,13.275264926876453,-0.13167,60.96647566478807,60.0,0.0,0.07793295132957614
2024-01-13 03:30:00,2.0,14.5,0.8779498530262263,18.829286427724885,13.260198992692272,-0.13167,59.14280643776293,60.0,1.5404480000000003,0.07428561287552585
2024-01-13 03:45:00,2.0,14.5,0.8709953984853416,18.76471444872532,13.244721138625753,-0.13167,60.696776002012754,60.0,0.0,0.0773935520040255
2024-01-13 04:00:00,2.0,14.5,0.8666404459578586,18.700560820898012,13.228026144358312,-0.465,60.87958395408109,60.0,0.12837066666666666,0.07775916790816219
2024-01-13 04:15:00,1.0,16.333333333333332,0.8657735226295185,18.70240378966364,13.210067578453506,-0.465,60.602698351097764,60.0,0.0,0.07720539670219553
2024-01-13 04:30:00,1.0,20.0,1.0034000371202938,19.75023602984926,13.196542531802889,-0.465,60.17991703763284,60.0,0.12837066666666666,0.07635983407526567
2024-01-13 04:45:00,1.0,20.0,1.1268888564364075,20.549846690396276,13.194532904423518,-0.465,59.99774431910586,60.0,0.0,0.07599548863821172
2024-01-13 05:00:00,1.0,20.0,1.118381455728504,20.47342604857984,13.195108417686816,-0.51833,59.41211733322631,60.0,0.2567413333333333,0.07482423466645263
2024-01-13 05:15:00,2.0,15.966666666666667,1.1070204055480664,20.39126868422219,13.194716713561656,-0.51833,58.2734346105663,60.0,1.5404480000000003,0.07254686922113261
2024-01-13 05:30:00,1.0,19.633333333333333,1.095853346224069,20.30994372983325,13.193524829315168,-0.51833,58.23821368540457,60.0,0.0,0.07247642737080913
2024-01-13 05:45:00,1.0,20.0,1.0849025816883007,20.22943504109977,13.191552972489841,-0.51833,60.785611436347295,60.0,0.0,0.07757122287269459
2024-01-13 06:00:00,1.0,20.0,1.07598314830124,20.14966036430551,13.188220754015813,-0.76333,60.79035405228558,60.0,0.2567413333333333,0.07758070810457117
2024-01-13 06:15:00,1.0,20.0,1.0657225881606203,20.07058773925291,13.183473325290521,-0.76333,60.20174683006452,60.0,0.0,0.07640349366012905
2024-01-13 06:30:00,1.0,20.0,1.0555354275031297,19.992274364891735,13.17802152340458,-0.76333,60.037806721809524,60.0,0.0,0.07607561344361906
2024-01-13 06:45:00,1.0,20.0,1.0455422833466559,19.91470576012142,13.171883396481753,-0.76333,59.85617015099259,60.0,0.2567413333333333,0.07571234030198518
2024-01-13 07:00:00,2.0,17.066666666666666,1.037588517886937,19.837800713660386,13.164105041165836,-1.16,59.14281937821254,60.0,0.2567413333333333,0.07428563875642509
2024-01-13 07:15:00,1.0,19.633333333333333,1.028344018907142,19.761523850099863,13.15458421273275,-1.16,60.125653756025905,60.0,0.0,0.07625130751205181
2024-01-13 07:30:00,1.0,20.0,1.0191508783171084,19.68593201426275,13.144458267685776,-1.16,60.98479833136851,60.0,0.12837066666666666,0.077969596662737
2024-01-13 07:45:00,1.0,20.0,1.0101288882187283,19.611012432162667,13.133743032387066,-1.16,60.431730062080234,60.0,0.2567413333333333,0.07686346012416048
2024-01-13 08:00:00,1.0,20.0,0.9728087949985927,19.537806217223093,13.12188561831767,-1.39333,59.605714862474514,60.0,0.2567413333333333,0.07521142972494903
2024-01-13 08:15:00,1.0,20.0,1.0424480490087689,20.11439101668731,13.110795966498367,-1.39333,59.79145589018346,60.0,0.2567413333333333,0.07558291178036693
2024-01-13 08:30:00,1.0,20.0,1.1021829693747722,20.46721673030178,13.1066130205372,-1.39333,60.60174856365258,60.0,0.12837066666666666,0.07720349712730516
2024-01-13 08:45:00,1.0,20.0,1.0913924393428258,20.386234186595477,13.102922059137104,-1.39333,60.19743976011835,60.0,0.0,0.07639487952023671
2024-01-13 09:00:00,1.0,20.0,1.062548254667478,20.306715693122804,13.098600125796976,-1.35,59.073318224007025,60.0,2.3106720000000007,0.07414663644801404
2024-01-13 09:15:00,1.0,20.0,1.0510262399163426,20.228734524326224,13.093688433990234,-1.35,57.40043633916521,60.0,0.12837066666666666,0.07080087267833042
2024-01-13 09:30:00,1.0,20.0,1.0410091712241287,20.151499922799317,13.088085549377606,-1.35,60.19760598585089,60.0,0.0,0.07639521197170178
2024-01-13 09:45:00,1.0,20.0,1.0311826966145552,20.07499766290568,13.081809197313813,-1.35,60.9584057216612,60.0,0.2567413333333333,0.07791681144332241
2024-01-13 10:00:00,1.0,20.0,1.0111222320127502,19.99959795527057,13.075791988355714,-0.97667,60.25872478249423,60.0,0.0,0.07651744956498845
2024-01-13 10:15:00,1.0,20.0,1.0007841450520354,19.925348809829885,13.070167760952831,-0.97667,59.89227198014331,60.0,0.2567413333333333,0.07578454396028664
2024-01-13 10:30:00,1.0,20.0,0.9913680255581203,19.851801416568822,13.063899678585472,-0.97667,59.29527828989684,60.0,0.2567413333333333,0.07459055657979369
2024-01-13 10:45:00,1.0,20.0,0.9821303091376943,19.778942459851024,13.057004314609452,-0.97667,60.15879217425478,60.0,0.8985946666666668,0.07631758434850956
2024-01-13 11:00:00,1.0,20.0,0.9599645883909211,19.70723878233957,13.052882601098727,0.405,59.36763631043051,60.0,0.0,0.07473527262086102
2024-01-13 11:15:00,1.0,20.0,0.9493655789093652,19.636784365437528,13.051969942604451,0.405,59.20727572877396,60.0,0.0,0.0744145514575479
2024-01-13 11:30:00,1.0,20.0,0.9398631990890206,19.567038255382933,13.050379764546117,0.405,59.705200214910015,60.0,0.2567413333333333,0.07541040042982002
2024-01-13 11:45:00,1.0,20.0,0.9496755297448282,19.681568487251933,13.048372055235193,0.405,61.12432968668769,60.0,0.0,0.07824865937337537
2024-01-13 12:00:00,1.0,20.0,1.0470520456757575,20.467374320389744,13.056651692433936,2.438333,60.625694107578994,60.0,0.2567413333333333,0.07725138821515799
2024-01-13 12:15:00,1.0,20.0,1.0421414437159968,20.429388620360314,13.074130262336276,2.438333,59.927314619145605,60.0,0.2567413333333333,0.07585462923829121
2024-01-13 12:30:00,1.0,20.0,1.0293228347969865,20.352921065127795,13.090629111847216,2.438333,59.526121164079086,60.0,0.7702240000000001,0.07505224232815817
2024-01-13 12:45:00,1.0,20.0,1.0167660131553478,20.277389962909528,13.10612945013138,2.438333,57.47071471221765,60.0,0.8985946666666668,0.0709414294244353
2024-01-13 13:00:00,1.0,20.0,0.989334985993546,20.20332717155484,13.12682383880687,4.956667,60.267787888068796,60.0,0.0,0.0765355757761376
2024-01-13 13:15:00,1.0,20.0,0.974707402738624,20.130866824958648,13.153496192698325,4.956667,60.564430862808685,60.0,1.0269653333333335,0.07712886172561738
2024-01-13 13:30:00,1.0,20.0,0.9613927079458467,20.059399694186162,13.17905626856499,4.956667,59.61744545695285,60.0,0.7702240000000001,0.07523489091390571
2024-01-13 13:45:00,1.0,20.0,0.9483562974783223,19.98890500581596,13.203530547874994,4.956667,60.75679568519997,60.0,0.2567413333333333,0.07751359137039993
2024-01-13 14:00:00,1.0,20.0,0.9333856794788219,19.919437944676723,13.23130798164572,6.738333,60.345747032398236,60.0,0.2567413333333333,0.07669149406479647
2024-01-13 14:15:00,1.0,20.0,0.9195819219448512,19.85104628182368,13.262947345442528,6.738333,58.19469038296429,60.0,1.5404480000000003,0.07238938076592857
2024-01-13 14:30:00,1.0,20.0,0.906185604721277,19.78365405049767,13.293439610808326,6.738333,59.963586834040385,60.0,0.2567413333333333,0.07592717366808079
2024-01-13 14:45:00,1.0,20.0,0.8930728870288044,19.71724008014769,13.322811844145768,6.738333,59.11810077644897,60.0,1.5404480000000003,0.07423620155289794
2024-01-13 15:00:00,1.0,20.0,0.9093965608206264,19.650704288059007,13.351748570175982,7.008333000000001,59.45445780972131,60.0,0.7702240000000001,0.07490891561944261
2024-01-13 15:15:00,1.0,20.0,0.898431254541573,19.58389617514401,13.380341291280498,7.008333000000001,60.88187019773936,60.0,0.12837066666666666,0.07776374039547873
2024-01-13 15:30:00,1.0,20.0,0.8865549459277382,19.537734071313515,13.407852639907105,7.008333000000001,60.48239686216214,60.0,0.12837066666666666,0.07696479372432428
2024-01-13 15:45:00,1.0,20.0,0.9818963963356215,20.296578538870207,13.437662709130114,7.008333000000001,57.9247021796426,60.0,2.3106720000000007,0.0718494043592852
2024-01-13 16:00:00,1.0,20.0,1.025973857510944,20.457840627014868,13.471510137429478,6.356667,59.295740408986745,60.0,0.0,0.0745914808179735
2024-01-13 16:15:00,1.0,20.0,1.0126464412255909,20.38254361636516,13.502803035253818,6.356667,60.66553429194362,60.0,0.2567413333333333,0.07733106858388725
2024-01-13 16:30:00,1.0,20.0,0.9983517491630692,20.308312995170386,13.532886297251107,6.356667,59.215657635225355,60.0,1.5404480000000003,0.07443131527045072
2024-01-13 16:45:00,1.0,20.0,0.9843578206052872,20.235126311780384,13.561788587784864,6.356667,59.874604372105544,60.0,0.0,0.0757492087442111
2024-01-13 17:00:00,1.0,20.0,0.9789276342001595,20.162659575060157,13.586810777777206,5.243332999999999,60.663509125781765,60.0,0.2567413333333333,0.07732701825156355
2024-01-13 17:15:00,1.0,20.0,0.9667507118744599,20.09081624026208,13.60764332696525,5.243332999999999,60.29586677018056,60.0,0.0,0.07659173354036114
2024-01-13 17:30:00,1.0,20.0,0.9542693548203511,20.01990384777577,13.627457524636727,5.243332999999999,59.40219350538222,60.0,1.668818666666667,0.07480438701076444
2024-01-13 17:45:00,1.0,20.0,0.9420457312984297,19.94990315857104,13.646277827940605,5.243332999999999,58.53706812271593,60.0,0.0,0.07307413624543187
2024-01-13 18:00:00,1.0,17.666666666666668,0.9372296075431444,19.880534015736423,13.661768426930974,4.28,59.98698622616988,60.0,1.0269653333333335,0.07597397245233978
2024-01-13 18:15:00,1.0,20.0,0.9265733752527284,19.811713059487886,13.673661154813523,4.28,60.79553837683625,60.0,0.2567413333333333,0.0775910767536725
2024-01-13 18:30:00,1.0,20.0,0.9156514223551862,19.743706567258172,13.684699704183052,4.28,60.37809724451565,60.0,0.2567413333333333,0.0767561944890313
2024-01-13 18:45:00,1.0,20.0,0.9049502405900373,19.6764980596281,13.694904919033531,4.28,58.63084296227976,60.0,1.5404480000000003,0.07326168592455952
2024-01-13 19:00:00,1.0,20.0,0.8954429140221569,19.61003570405478,13.70397464614055,4.148333,60.41599662949509,60.0,0.0,0.07683199325899019
2024-01-13 19:15:00,1.0,20.0,0.8853147356113202,19.54429486774506,13.711888944644867,4.148333,59.226656890366634,60.0,1.5404480000000003,0.07445331378073328
2024-01-13 19:30:00,1.0,20.0,0.925341615194943,19.9116337064374,13.719991562471465,4.148333,60.8622213450051,60.0,0.12837066666666666,0.0777244426900102
2024-01-13 19:45:00,1.0,20.0,1.013831822846038,20.488781144751094,13.734654057039274,4.148333,60.39728607222262,60.0,0.2567413333333333,0.07679457214444523
2024-01-13 20:00:00,1.0,20.0,1.0056665070490518,20.414233590503944,13.749307664084819,3.568333,59.49795570853103,60.0,0.2567413333333333,0.07499591141706206
2024-01-13 20:15:00,1.0,20.0,0.994091441236152,20.340400806932788,13.761393284483699,3.568333,59.135315243399695,60.0,0.7702240000000001,0.07427063048679941
2024-01-13 20:30:00,1.0,16.666666666666668,0.9824604585351087,20.267435345323936,13.772572651111773,3.568333,57.19171714449894,60.0,1.0269653333333335,0.07038343428899788
2024-01-13 20:45:00,1.0,20.0,0.9710641437883953,20.195319688977342,13.782867910158059,3.568333,59.02831045428969,60.0,2.3106720000000007,0.07405662090857938
2024-01-13 21:00:00,1.0,20.0,0.9625960616459687,20.123938141100723,13.79141070866872,3.205,57.79201875245605,60.0,0.0,0.0715840375049121
2024-01-13 21:15:00,2.0,18.166666666666668,0.9520567227623359,20.053249452553878,13.798112242546402,3.205,60.5561324735957,60.0,0.0,0.07711226494719142
2024-01-13 21:30:00,2.0,14.5,0.9415456547991713,19.983344462348914,13.804019385955598,3.205,60.90495422432143,60.0,0.0,0.07780990844864286
2024-01-13 21:45:00,1.0,14.866666666666667,0.9312434881512692,19.91420757745353,13.809151781394103,3.205,60.48087580104639,60.0,0.12837066666666666,0.07696175160209279
2024-01-13 22:00:00,1.0,20.0,0.9291553116434966,19.845531004665975,13.810887216863728,2.126667,60.09097668011077,60.0,0.7702240000000001,0.07618195336022154
2024-01-13 22:15:00,2.0,18.533333333333335,0.9204538172340372,19.777227109406905,13.808918123711692,2.126667,60.131772079496265,60.0,0.12837066666666666,0.07626354415899253
2024-01-13 22:30:00,2.0,14.5,0.9113805705249851,19.709599504407684,13.806308506902308,2.126667,60.527076792392045,60.0,1.7971893333333335,0.07705415358478411
2024-01-13 22:45:00,2.0,17.8,0.9024818231423202,19.642635165115074,13.803074639848843,2.126667,58.93847951834055,60.0,0.2567413333333333,0.07387695903668111
2024-01-13 23:00:00,1.0,16.333333333333332,0.8933080360151104,19.576337633316687,13.79937939493465,2.186667,60.82614239688268,60.0,0.12837066666666666,0.07765228479376536
2024-01-13 23:15:00,1.0,20.0,0.8901533776484605,19.576308248197723,13.795299886100432,2.186667,59.1642050751285,60.0,1.5404480000000003,0.074328410150257
2024-01-13 23:30:00,1.0,20.0,1.0002469268306196,20.386440337782407,13.795062573418182,2.186667,60.905445518890026,60.0,0.0,0.07781089103778006
2024-01-13 23:45:00,1.0,20.0,1.0147312596117601,20.44923407320849,13.800067394854436,2.186667,60.8241583568167,60.0,0.0,0.07764831671363341
2024-01-14 00:00:00,1.0,20.0,1.0087242397994483,20.37453667355754,13.802865381766729,1.52,60.65754721329389,60.0,0.0,0.07731509442658777
2024-01-14 00:15:00,1.0,20.0,0.9987216410803748,20.30041433300893,13.803030821911742,1.52,60.32613544420657,60.0,0.2567413333333333,0.07665227088841316
2024-01-14 00:30:00,1.0,20.0,0.9885801716853064,20.227047967144376,13.802466532850124,1.52,59.77628347400476,60.0,0.0,0.0755525669480095
2024-01-14 00:45:00,1.0,20.0,0.9786355240220563,20.15442288508384,13.801190912101466,1.52,59.61416921180232,60.0,0.0,0.07522833842360464
2024-01-14 01:00:00,1.0,20.0,0.974417109388011,20.082322606499748,13.797397038502158,0.775,59.195630101575674,60.0,0.12837066666666666,0.07439126020315134
2024-01-14 01:15:00,1.0,20.0,0.9656798912827164,20.01068283873354,13.790877025912083,0.775,59.23260160814852,60.0,0.0,0.07446520321629704
2024-01-14 01:30:00,1.0,20.0,0.9567349473923276,19.939709676856385,13.78375223893167,0.775,60.860813424113914,60.0,0.0,0.07772162684822785
2024-01-14 01:45:00,1.0,20.0,0.9479585948815358,19.869390537653537,13.7760383180306,0.775,60.83684666014982,60.0,0.0,0.07767369332029964
2024-01-14 02:00:00,1.0,20.0,0.9392480734060769,19.799716733129646,13.767783204420082,0.788333,60.67018106566613,60.0,0.0,0.07734036213133226
2024-01-14 02:15:00,1.0,20.0,0.930783018051835,19.730677129104656,13.759005863910064,0.788333,59.913718742020286,60.0,1.0269653333333335,0.0758274374840406
2024-01-14 02:30:00,1.0,20.0,0.9224826421173328,19.662256023572386,13.749683226608118,0.788333,61.056279840013666,60.0,0.0,0.07811255968002734
2024-01-14 02:45:00,1.0,20.0,0.9143366598265338,19.5944418932256,13.739829566013526,0.788333,60.974345383065476,60.0,0.0,0.07794869076613094
2024-01-14 03:00:00,1.0,20.0,0.9112069339868657,19.527045770150316,13.727854387517562,0.133333,60.807089722488215,60.0,0.0,0.07761417944497644
2024-01-14 03:15:00,1.0,20.0,0.9939360185658155,20.179751896095215,13.715949900079675,0.133333,58.55437535237516,60.0,1.7971893333333335,0.07310875070475033
2024-01-14 03:30:00,1.0,20.0,1.0442919622954472,20.46436096384054,13.71085740565596,0.133333,60.490511814790885,60.0,0.0,0.07698102362958177
2024-01-14 03:45:00,1.0,20.0,1.034242524592146,20.387625048850012,13.706028198164928,0.133333,60.968247309027426,60.0,0.0,0.07793649461805487
2024-01-14 04:00:00,2.0,17.433333333333334,1.0252886167698254,20.31159081082993,13.700220750154257,0.011667,59.80855639679195,60.0,0.7702240000000001,0.0756171127935839
2024-01-14 04:15:00,2.0,19.266666666666666,1.0157535734051713,20.236236044607615,13.693415686767638,0.011667,59.50174473858717,60.0,0.0,0.07500348947717435
2024-01-14 04:30:00,2.0,14.5,1.0063379690792238,20.16158296093294,13.685973689082694,0.011667,60.95658665355144,60.0,0.0,0.07791317330710289
2024-01-14 04:45:00,2.0,14.5,0.997099870578897,20.087618311235666,13.67791122563531,0.011667,60.80368327725174,60.0,0.0,0.0776073665545035
2024-01-14 05:00:00,1.0,17.8,0.9865869182531493,20.014382042369473,13.669722044960537,0.206667,60.17769760747742,60.0,0.385112,0.07635539521495485
2024-01-14 05:15:00,2.0,14.5,0.9774757489723759,19.94187463635694,13.661480879298463,0.206667,59.573414216899664,60.0,0.12837066666666666,0.07514682843379933
2024-01-14 05:30:00,2.0,14.5,0.968633121617748,19.87002616378475,13.652652325107804,0.206667,59.22294412002764,60.0,0.2567413333333333,0.0744458882400553
2024-01-14 05:45:00,1.0,15.966666666666667,0.9599558079377286,19.79882428622625,13.643251685972421,0.206667,60.774575647200535,60.0,0.7702240000000001,0.07754915129440107
2024-01-14 06:00:00,1.0,20.0,0.9554636024129513,19.728109985586975,13.631967086129455,-0.335,58.93860225085512,60.0,1.5404480000000003,0.07387720450171024
2024-01-14 06:15:00,2.0,19.633333333333333,0.9477071855711457,19.657834929381828,13.618649215657221,-0.335,57.723847308819636,60.0,0.0,0.07144769461763928
2024-01-14 06:30:00,1.0,15.966666666666667,0.9398205593421475,19.588147409653704,13.60484224927411,-0.335,59.5209258420798,60.0,1.0269653333333335,0.0750418516841596
2024-01-14 06:45:00,1.0,20.0,0.9329898851908915,19.538728663526722,13.590563656747747,-0.335,60.85542773411534,60.0,0.0,0.07771085546823069
2024-01-14 07:00:00,1.0,20.0,1.0320710590566635,20.293992515201875,13.579127715276474,-0.35667,59.61234315123392,60.0,1.5404480000000003,0.07522468630246784
2024-01-14 07:15:00,1.0,20.0,1.0629131273899357,20.45202667434417,13.573852270160643,-0.35667,60.11229252685722,60.0,0.0,0.07622458505371443
2024-01-14 07:30:00,3.0,16.333333333333332,1.0527549620086976,20.373919665282877,13.56839848912006,-0.35667,61.06344170884071,60.0,0.0,0.07812688341768143
2024-01-14 07:45:00,1.0,17.0,1.0427902476841622,20.29655530652984,13.562260437544335,-0.35667,60.71204087892692,60.0,0.12837066666666666,0.07742408175785384
2024-01-14 08:00:00,1.0,20.0,0.999372487434165,20.221163462511935,13.555663337545798,-0.27333,60.343905947775994,60.0,0.12837066666666666,0.076687811895552
2024-01-14 08:15:00,3.0,16.0,0.9876774137777498,20.147893279204787,13.548666601635375,-0.27333,59.79377764118466,60.0,0.12837066666666666,0.07558755528236932
2024-01-14 08:30:00,3.0,15.0,0.9785710132644297,20.075301724556137,13.541056268124597,-0.27333,59.57659366331281,60.0,0.0,0.07515318732662563
2024-01-14 08:45:00,3.0,15.0,0.969635977439462,20.00337600838856,13.532848228207406,-0.27333,59.32958018965102,60.0,0.2567413333333333,0.07465916037930205
2024-01-14 09:00:00,3.0,15.0,0.9402695502692204,19.93286480365969,13.524545847800278,-0.075,60.531849023198,60.0,0.12837066666666666,0.077063698046396
2024-01-14 09:15:00,1.0,18.333333333333332,0.9302805796583271,19.863860376199842,13.51623416864382,-0.075,59.31519113418623,60.0,1.7971893333333335,0.07463038226837247
2024-01-14 09:30:00,1.0,20.0,0.9219252743450685,19.795478554120532,13.50737053091862,-0.075,59.587889092351865,60.0,1.0269653333333335,0.07517577818470374
2024-01-14 09:45:00,3.0,17.666666666666668,0.9137257779388593,19.72770770844109,13.49796934865924,-0.075,60.2885797308676,60.0,0.2567413333333333,0.07657715946173523
2024-01-14 10:00:00,3.0,16.0,0.8905259367341976,19.661092953982152,13.490862360904579,1.075,60.94530449390587,60.0,0.12837066666666666,0.07789060898781176
2024-01-14 10:15:00,3.0,15.0,0.8809488084158613,19.595732225527904,13.486414744826513,1.075,60.46598460318676,60.0,0.2567413333333333,0.07693196920637353
2024-01-14 10:30:00,3.0,15.0,0.8725953349149963,19.530994068100895,13.481392776379286,1.075,59.223429998918576,60.0,0.6418533333333334,0.07444685999783714
2024-01-14 10:45:00,1.0,18.333333333333332,0.8971681122684205,19.76177442326627,13.476331145165984,1.075,59.27498432593833,60.0,1.5404480000000003,0.07454996865187666
2024-01-14 11:00:00,3.0,19.333333333333332,0.9838114252518531,20.47265460005507,13.482620417768489,3.168333,59.58052075385119,60.0,0.385112,0.07516104150770239
2024-01-14 11:15:00,1.0,18.0,0.9732787235891932,20.406924729802764,13.49728099966469,3.168333,60.95124933925633,60.0,0.12837066666666666,0.07790249867851265
2024-01-14 11:30:00,3.0,17.666666666666668,0.9615261818004153,20.335501342094936,13.511015909639678,3.168333,60.43509868459719,60.0,0.12837066666666666,0.07687019736919438
2024-01-14 11:45:00,3.0,15.0,0.950012603692146,20.264936568339046,13.523843388042126,3.168333,59.5905268921422,60.0,0.385112,0.0751810537842844
2024-01-14 12:00:00,3.0,15.0,0.9293533162377925,20.195555657494516,13.538794377845736,4.396667,57.42639597959083,60.0,1.5404480000000003,0.07085279195918168
2024-01-14 12:15:00,3.0,16.0,0.9169230451527529,20.12742562079137,13.55626230315275,4.396667,60.10576109995311,60.0,0.0,0.0762115221999062
2024-01-14 12:30:00,3.0,15.0,0.9053802743131726,20.060156472867515,13.572798937605516,4.396667,61.05693831109552,60.0,0.0,0.07811387662219106
2024-01-14 12:45:00,1.0,15.333333333333334,0.8940745046811448,19.993730522434248,13.588426741013246,4.396667,60.88932820877971,60.0,0.0,0.07777865641755942
2024-01-14 13:00:00,1.0,20.0,0.8685177763048738,19.92865794021919,13.609013521245855,6.783333,60.72243739342322,60.0,0.0,0.07744487478684643
2024-01-14 13:15:00,1.0,20.0,0.8552192937681229,19.865067323445395,13.635301305575082,6.783333,60.556262778256695,60.0,0.0,0.07711252555651339
2024-01-14 13:30:00,1.0,20.0,0.8431649522599999,19.802375962461316,13.660569622552073,6.783333,60.390801289757405,60.0,0.0,0.0767816025795148
2024-01-14 13:45:00,1.0,20.0,0.8313641611170215,19.740564930030907,13.684842635228643,6.783333,60.22604986759244,60.0,0.0,0.07645209973518488
2024-01-14 14:00:00,1.0,20.0,0.8234530415159661,19.679477933754335,13.710355602708054,7.686667,59.84155326398165,60.0,0.12837066666666666,0.07568310652796331
2024-01-14 14:15:00,1.0,20.0,0.8117706325054371,19.61910849205384,13.73739963517027,7.686667,59.495474976708806,60.0,0.2567413333333333,0.07499094995341761
2024-01-14 14:30:00,1.0,20.0,0.8000590852526591,19.55961277340899,13.76344442490975,7.686667,60.08871400704395,60.0,0.2567413333333333,0.0761774280140879
2024-01-14 14:45:00,1.0,20.0,0.8022660376232535,19.63868997639368,13.788665422105778,7.686667,60.98744192653248,60.0,0.0,0.07797488385306496
2024-01-14 15:00:00,1.0,20.0,0.9461640658293151,20.45360326074524,13.818223423418026,7.615,59.607469226275484,60.0,0.7702240000000001,0.07521493845255096
2024-01-14 15:15:00,1.0,20.0,0.9480895541584486,20.44883323419285,13.85141153637885,7.615,59.260114587594586,60.0,0.12837066666666666,0.07452022917518918
2024-01-14 15:30:00,1.0,20.0,0.934193506816186,20.37935513962414,13.88349427699072,7.615,60.910790399778534,60.0,0.2567413333333333,0.07782158079955706
2024-01-14 15:45:00,1.0,20.0,0.9205919806478701,20.310891785092885,13.914412588230139,7.615,60.4276943832263,60.0,0.0,0.07685538876645262
2024-01-14 16:00:00,1.0,20.0,0.9310150844144665,20.2425468859499,13.94196308060552,6.705,60.26278463694689,60.0,0.0,0.07652556927389378
2024-01-14 16:15:00,1.0,20.0,0.9200272149732414,20.174157172144934,13.965888477532637,6.705,60.09858258923891,60.0,0.0,0.07619716517847781
2024-01-14 16:30:00,1.0,20.0,0.9076206643330739,20.106692906193782,13.988782868864485,6.705,59.93508520306372,60.0,0.0,0.07587017040612744
2024-01-14 16:45:00,1.0,20.0,0.8954727202304805,20.040134783655613,14.010670848250646,6.705,59.008810411132494,60.0,1.155336,0.07401762082226498
2024-01-14 17:00:00,1.0,20.0,0.8930110107819206,19.974119386715575,14.028465550412646,5.435,60.65447357724578,60.0,0.12837066666666666,0.07730894715449158
2024-01-14 17:15:00,1.0,20.0,0.8827724575802768,19.908542611034058,14.04180613642348,5.435,60.984547012755456,60.0,0.0,0.0779690940255109
2024-01-14 17:30:00,1.0,20.0,0.8721077244803698,19.843761163861135,14.054302587461768,5.435,60.76206339526598,60.0,0.12837066666666666,0.07752412679053197
2024-01-14 17:45:00,1.0,20.0,0.8616598615339299,19.77975885683191,14.065975408649097,5.435,60.155003863394406,60.0,0.12837066666666666,0.07631000772678881
2024-01-14 18:00:00,1.0,20.0,0.861897351168364,19.716137335880052,14.07339080447415,4.025,59.9362697086095,60.0,0.0,0.075872539417219
2024-01-14 18:15:00,1.0,20.0,0.853433603521322,19.65278603026342,14.07614166290941,4.025,59.773468876739535,60.0,0.0,0.07554693775347907
2024-01-14 18:30:00,1.0,20.0,0.8444311090540171,19.590105865689473,14.078229567125563,4.025,59.10248964632006,60.0,1.5404480000000003,0.07420497929264011
2024-01-14 18:45:00,1.0,19.666666666666668,0.8356052881231494,19.52808365494072,14.079671077532595,4.025,56.088996306383166,60.0,1.5404480000000003,0.06817799261276634
2024-01-14 19:00:00,1.0,20.0,0.9240191610296946,20.186182333383826,14.080479050524028,3.053333,57.93187537704892,60.0,0.12837066666666666,0.07186375075409784
2024-01-14 19:15:00,2.0,15.233333333333333,0.9742897157033923,20.475941956750585,14.085253240008374,3.053333,60.55914469276517,60.0,0.12837066666666666,0.07711828938553036
2024-01-14 19:30:00,2.0,14.5,0.963677868072574,20.40439878176234,14.090192784191576,3.053333,61.051136301453454,60.0,0.0,0.0781022726029069
2024-01-14 19:45:00,2.0,14.5,0.9532761505907602,20.333631107259485,14.094356067282341,3.053333,60.6813461359267,60.0,0.2567413333333333,0.07736269227185341
2024-01-14 20:00:00,1.0,19.633333333333333,0.9483289259556328,20.263431881960653,14.096031381008498,2.3466670000000005,60.148259140602185,60.0,0.2567413333333333,0.07629651828120437
2024-01-14 20:15:00,1.0,20.0,0.9391177958570692,20.193738450290883,14.095023723272451,2.3466670000000005,59.22568204802383,60.0,0.2567413333333333,0.07445136409604765
2024-01-14 20:30:00,2.0,15.966666666666667,0.9297315026044007,20.124744669575076,14.093347441734318,2.3466670000000005,60.59141579869792,60.0,0.12837066666666666,0.07718283159739586
2024-01-14 20:45:00,2.0,14.5,0.9205265027306179,20.056437008071264,14.091019461836071,2.3466670000000005,60.66063692091481,60.0,0.0,0.07732127384182962
2024-01-14 21:00:00,2.0,14.5,0.9141356780589939,19.98870592403764,14.087186739441934,1.991667,60.494727518127135,60.0,0.0,0.07698945503625428
2024-01-14 21:15:00,2.0,14.5,0.9056752709588562,19.921514536127813,14.081758004084293,1.991667,59.9741044785117,60.0,0.7702240000000001,0.07594820895702341
2024-01-14 21:30:00,2.0,14.5,0.8971977014839535,19.854954943719168,14.075751718239621,1.991667,60.48251368912515,60.0,0.12837066666666666,0.0769650273782503
2024-01-14 21:45:00,2.0,14.5,0.888880478458207,19.78901517891454,14.069182771197003,1.991667,60.15202105328085,60.0,0.385112,0.07630404210656169
2024-01-14 22:00:00,2.0,14.5,0.8899058826928198,19.723348035828625,14.059036461410342,0.755,59.602900381580625,60.0,0.12837066666666666,0.07520580076316125
2024-01-14 22:15:00,2.0,14.5,0.8832712268088734,19.657858663161605,14.044952763879708,0.755,59.19880628411175,60.0,0.12837066666666666,0.07439761256822351
2024-01-14 22:30:00,2.0,14.5,0.8761362465196642,19.592900777162857,14.030438447990347,0.755,60.25291761344432,60.0,0.2567413333333333,0.07650583522688863
2024-01-14 22:45:00,2.0,14.5,0.8691290695209918,19.52846483966904,14.015505207947625,0.755,60.83634296670345,60.0,0.12837066666666666,0.0776726859334069
2024-01-14 23:00:00,2.0,14.5,0.8739086786125131,19.464115587323466,13.996318710809792,-0.815,60.63302169610302,60.0,0.0,0.07726604339220605
2024-01-14 23:15:00,2.0,14.5,0.8688911161289676,19.3997380075575,13.97241500575639,-0.815,59.1081157543923,60.0,1.5404480000000003,0.0742162315087846
2024-01-14 23:30:00,2.0,14.5,0.8631675842734984,19.33578644187513,13.948239354285143,-0.815,58.56213814101017,60.0,1.668818666666667,0.07312427628202034
2024-01-14 23:45:00,2.0,14.5,0.8575371016089769,19.272253946966348,13.923800028202884,-0.815,59.66065280915029,60.0,0.12837066666666666,0.07532130561830058
