,Occupancy,T_set_HP,P_loss_HP,T_ref_HP,T_wall_HP,T_out_HP,T_ref_WB,T_set_WB,P_use_WB,P_loss_WB
2024-01-01 00:00:00,2.0,15.0,0.7945910087288475,14.96282868470823,13.526722760365436,12.0,59.961896580941634,60.0,0.0,0.07592379316188327
2024-01-01 00:15:00,2.0,15.0,0.7798307932986865,14.88769091935964,13.578844365681316,12.0,59.880359437530025,60.0,0.0,0.07576071887506004
2024-01-01 00:30:00,2.0,15.0,0.7136668164642755,14.81900059880295,13.623643675058503,12.0,59.79899742514068,60.0,0.0,0.07559799485028137
2024-01-01 00:45:00,2.0,15.0,0.6546355288398122,14.756061988354658,13.661937250319964,12.0,59.71781016761529,60.0,0.0,0.07543562033523059
2024-01-01 01:00:00,2.0,15.0,0.6019537589374307,14.698255750229588,13.694451793846012,12.0,59.63679728960347,60.0,0.0,0.07527359457920693
2024-01-01 01:15:00,2.0,15.0,0.5549244328691912,14.645030544846437,13.72183402868537,12.0,59.55595841656104,60.0,0.0,0.07511191683312209
2024-01-01 01:30:00,2.0,15.0,0.512927108484989,14.595895555514494,13.744659492402793,12.0,59.4752931747483,60.0,0.0,0.0749505863494966
2024-01-01 01:45:00,2.0,15.0,0.47540955022497167,14.550413834981414,13.76344036409144,12.0,59.394801191228275,60.0,0.0,0.07478960238245656
2024-01-01 02:00:00,2.0,15.0,0.46727848847216363,14.548621743510239,13.771970875966721,11.0,59.314482093865045,60.0,0.0,0.07462896418773009
2024-01-01 02:15:00,2.0,15.0,0.8088448803503024,15.185459063335676,13.786152196072358,11.0,59.23433551132194,60.0,0.0,0.07446867102264387
2024-01-01 02:30:00,2.0,15.0,0.9839975544015712,15.47132379901487,13.831271271080398,11.0,59.15436107305989,60.0,0.0,0.07430872214611978
2024-01-01 02:45:00,2.0,15.0,0.9076417386376717,15.384291802704332,13.875103263402698,11.0,59.07455840933571,60.0,0.0,0.07414911681867141
2024-01-01 03:00:00,2.0,15.0,0.8394504608283768,15.303900861078798,13.91154643923002,11.0,59.396149913008166,60.0,0.0,0.07479229982601635
2024-01-01 03:15:00,2.0,15.0,0.7785277456402669,15.229442015233017,13.941431750523886,11.0,61.019556850608346,60.0,0.0,0.0780391137012167
2024-01-01 03:30:00,2.0,15.0,0.724076112803486,15.160284098743825,13.965498656484254,11.0,60.97866431274506,60.0,0.0,0.07795732862549012
2024-01-01 03:45:00,2.0,15.0,0.6753857482563497,15.095865185961769,13.984405183604805,11.0,60.894943286444786,60.0,0.0,0.07778988657288957
2024-01-01 04:00:00,2.0,15.0,0.6318248658571594,15.03568498050387,13.998736879678292,11.0,60.811402081858986,60.0,0.0,0.07762280416371797
2024-01-01 04:15:00,1.0,17.333333333333332,0.677384383322196,15.162227923366133,14.010784116189923,11.0,60.72804031275436,60.0,0.0,0.07745608062550871
2024-01-01 04:30:00,1.0,18.5,1.0991826096235546,15.942004302046179,14.04682995053896,11.0,60.64485759372716,60.0,0.0,0.07728971518745432
2024-01-01 04:45:00,1.0,18.5,1.5241496552924838,16.74259623507222,14.12346261195434,11.0,60.561853540201476,60.0,0.0,0.07712370708040295
2024-01-01 05:00:00,2.0,18.266666666666666,1.917537725644497,17.50562346717823,14.229557220505587,10.0,60.47902776842737,60.0,0.0,0.07695805553685475
2024-01-01 05:15:00,2.0,15.0,2.026377703806295,17.749872756311206,14.352266636765531,10.0,60.396379895479186,60.0,0.0,0.07679275979095837
2024-01-01 05:30:00,2.0,15.0,1.8565733526048185,17.571275568054368,14.46489917682474,10.0,60.313909539253714,60.0,0.0,0.07662781907850744
2024-01-01 05:45:00,2.0,15.0,1.705054560437029,17.407440664760777,14.560870715357803,10.0,60.09368091665575,60.0,0.2567413333333333,0.0761873618333115
2024-01-01 06:00:00,2.0,15.0,1.5698137140794113,17.25678028761041,14.64204398521619,10.0,59.644262665348464,60.0,0.2567413333333333,0.07528852533069692
2024-01-01 06:15:00,2.0,15.0,1.4490639052875778,17.117880987161435,14.71007669891728,10.0,59.4163276756743,60.0,0.2567413333333333,0.0748326553513486
2024-01-01 06:30:00,2.0,15.0,1.341214665750185,16.989484460924203,14.766444091023889,10.0,59.57342880889296,60.0,1.0269653333333335,0.07514685761778593
2024-01-01 06:45:00,2.0,15.0,1.2448503698383802,16.870470497715885,14.81245898211239,10.0,60.16393047499044,60.0,2.1823013333333336,0.07632786094998088
2024-01-01 07:00:00,1.0,15.933333333333334,1.1653796143708088,16.784428321814165,14.849349692850668,10.0,60.87604932546478,60.0,0.12837066666666666,0.07775209865092954
2024-01-01 07:15:00,1.0,18.5,1.4258518064046783,17.320122594868938,14.8919469304721,10.0,60.91528625870713,60.0,0.12837066666666666,0.07783057251741425
2024-01-01 07:30:00,1.0,17.8,1.7840650765133315,17.994176262892854,14.968231925186853,10.0,60.56515966690271,60.0,0.12837066666666666,0.07713031933380542
2024-01-01 07:45:00,2.0,16.866666666666667,2.0667808193101673,18.566253022923878,15.07171247812468,10.0,60.353648041457426,60.0,0.12837066666666666,0.07670729608291485
2024-01-01 08:00:00,1.0,17.333333333333332,1.9635015732257317,18.525344536525974,15.185003014438129,10.0,60.25290504008439,60.0,0.0,0.07650581008016877
2024-01-01 08:15:00,1.0,18.5,1.802962474950174,18.352195124169324,15.282753219059398,10.0,59.82741247532559,60.0,1.5404480000000003,0.07565482495065119
2024-01-01 08:30:00,1.0,18.5,1.66191075370219,18.19278537071309,15.365106756233011,10.0,60.368636498381235,60.0,0.0,0.07673727299676246
2024-01-01 08:45:00,1.0,18.5,1.5383413135401918,18.057939786168458,15.433805001578698,10.0,60.829058412357064,60.0,0.12837066666666666,0.07765811682471412
2024-01-01 09:00:00,1.0,18.5,1.6950011363527067,18.515202840876224,15.502190499186359,10.0,59.927644186423166,60.0,0.8985946666666668,0.07585528837284632
2024-01-01 09:15:00,3.0,18.5,1.9193527952164906,18.94727345686007,15.597110648991249,10.0,59.755546251962684,60.0,0.7702240000000001,0.07551109250392538
2024-01-01 09:30:00,3.0,18.5,1.7799120413998823,18.78879464856675,15.690103583354043,10.0,60.67529172521759,60.0,4.107861333333333,0.07735058345043518
2024-01-01 09:45:00,1.0,18.5,1.6424692321623204,18.631332274328805,15.76818929180102,10.0,56.57041719787823,60.0,2.0539306666666666,0.06914083439575647
2024-01-01 10:00:00,1.0,18.5,1.3964389416835232,18.491507399961794,15.839879361614578,11.0,58.91835852364189,60.0,0.8985946666666668,0.07383671704728378
2024-01-01 10:15:00,1.0,18.5,1.2767787493294294,18.36893241451201,15.907428064162616,11.0,60.877870349316005,60.0,0.12837066666666666,0.07775574069863202
2024-01-01 10:30:00,1.0,18.5,1.1777688061421936,18.256001429531544,15.9641862400756,11.0,60.60646981806576,60.0,0.5134826666666666,0.07721293963613153
2024-01-01 10:45:00,1.0,18.5,1.0893450843105976,18.151681877669557,16.01136458615146,11.0,59.99052409586872,60.0,0.8985946666666668,0.07598104819173744
2024-01-01 11:00:00,3.0,18.5,0.9012609203122124,18.060077362491402,16.056922335153203,12.0,59.12777416212847,60.0,0.0,0.07425554832425692
2024-01-01 11:15:00,1.0,18.5,0.926387772213461,18.204528522969213,16.104957350132832,12.0,59.416929029344786,60.0,0.5134826666666666,0.07483385805868957
2024-01-01 11:30:00,1.0,18.5,1.2938986902707963,18.89670978863605,16.17521794266884,12.0,60.950740777258176,60.0,0.0,0.07790148155451636
2024-01-01 11:45:00,1.0,18.5,1.2805364597335411,18.922784602694662,16.26221188372203,12.0,60.90999604723767,60.0,0.0,0.07781999209447533
2024-01-01 12:00:00,1.0,18.5,1.2136631282219896,18.808053332846146,16.338768310381752,12.0,60.61485547437254,60.0,1.155336,0.07722971094874508
2024-01-01 12:15:00,1.0,18.5,1.1160834616340638,18.700744429066848,16.404267454756337,12.0,58.983856229988554,60.0,3.209266666666667,0.0739677124599771
2024-01-01 12:30:00,1.0,18.5,1.0261552738462318,18.602196576987957,16.45989964453804,12.0,58.55476756426269,60.0,0.0,0.07310953512852539
2024-01-01 12:45:00,1.0,18.5,0.9458769527666535,18.51146852786314,16.506768982578215,12.0,60.869656193099786,60.0,0.385112,0.07773931238619958
2024-01-01 13:00:00,1.0,18.5,0.8683391997143683,18.427994499602626,16.545862301377234,12.0,60.98562148158573,60.0,0.0,0.07797124296317144
2024-01-01 13:15:00,3.0,18.5,0.8041845246740278,18.351048312772477,16.578073842110115,12.0,60.708779104754406,60.0,0.5134826666666666,0.07741755820950882
2024-01-01 13:30:00,3.0,18.5,0.7472358124494121,18.27964653006438,16.604184895138363,12.0,60.01912040033913,60.0,0.2567413333333333,0.07603824080067827
2024-01-01 13:45:00,3.0,18.5,0.696320564798832,18.21320067428146,16.624884690739954,12.0,59.90991436453433,60.0,0.0,0.07581982872906866
2024-01-01 14:00:00,3.0,18.5,0.7743281467144965,18.14543930927259,16.640696605592165,12.0,59.82848887206262,60.0,0.0,0.07565697774412523
2024-01-01 14:15:00,3.0,18.5,0.735992957543569,18.07547827563575,16.651747507355218,12.0,59.74723827080171,60.0,0.0,0.07549447654160342
2024-01-01 14:30:00,1.0,18.5,0.7077874391542861,18.050538265549182,16.658605311150655,12.0,59.54660964724146,60.0,0.2567413333333333,0.07509321929448291
2024-01-01 14:45:00,1.0,18.5,1.0334736840540717,18.670089836861486,16.677644730329742,12.0,59.217853092350616,60.0,0.2567413333333333,0.07443570618470122
2024-01-01 15:00:00,3.0,18.5,1.3482225091096327,18.986100911531192,16.727837615754837,12.0,58.830897312910146,60.0,2.439042666666667,0.07366179462582029
2024-01-01 15:15:00,3.0,18.5,1.258436559099654,18.865740979115248,16.77623838165238,12.0,59.602675838021206,60.0,1.668818666666667,0.07520535167604242
2024-01-01 15:30:00,3.0,18.5,1.1703704129955654,18.753954414243687,16.815227817806665,12.0,61.084267272132735,60.0,0.12837066666666666,0.07816853454426548
2024-01-01 15:45:00,1.0,18.5,1.0916226823640656,18.64983234450322,16.84587024024809,12.0,60.97887396561294,60.0,0.12837066666666666,0.07795774793122588
2024-01-01 16:00:00,1.0,18.5,1.0364740146507616,18.55190542180367,16.86229918650944,11.0,59.54387541542131,60.0,1.5404480000000003,0.07508775083084264
2024-01-01 16:15:00,1.0,18.5,0.9812745701698233,18.458930260855176,16.86496415395178,11.0,59.34077966590823,60.0,0.2567413333333333,0.07468155933181646
2024-01-01 16:30:00,1.0,18.5,0.9309771807120042,18.370841661160117,16.862652783937396,11.0,60.99838406400331,60.0,0.0,0.07799676812800663
2024-01-01 16:45:00,1.0,18.5,0.8857929577501558,18.287140984518253,16.85594608562811,11.0,60.92689433682055,60.0,0.12837066666666666,0.07785378867364111
2024-01-01 17:00:00,1.0,18.5,0.8451627548729281,18.207384135616625,16.84536094445904,11.0,60.778985968676025,60.0,0.0,0.07755797193735205
2024-01-01 17:15:00,1.0,18.5,0.8085888786475373,18.131175567387398,16.831357173933203,11.0,60.69569382510402,60.0,0.0,0.07739138765020806
2024-01-01 17:30:00,1.0,18.5,0.7756283323905429,18.058162945426155,16.814343792100722,11.0,60.61258058206302,60.0,0.0,0.07722516116412605
2024-01-01 17:45:00,1.0,18.5,0.8304400572991608,18.170962281798968,16.79645394079823,11.0,60.529645855298256,60.0,0.0,0.07705929171059651
2024-01-01 18:00:00,3.0,18.5,1.2365803818109724,18.874935932138715,16.80353331338028,11.0,60.036208576811084,60.0,1.5404480000000003,0.07607241715362217
2024-01-01 18:15:00,3.0,18.5,1.28110428548721,18.939964249734498,16.834057774370606,11.0,60.672859787490594,60.0,0.0,0.0773457195749812
2024-01-01 18:30:00,1.0,18.5,1.199946866739044,18.825737693544202,16.858623701800852,11.0,60.990443629206034,60.0,0.0,0.07798088725841207
2024-01-01 18:45:00,1.0,18.5,1.1272802612671597,18.718579206183605,16.87566939655516,11.0,60.90669730248871,60.0,0.0,0.07781339460497742
2024-01-01 19:00:00,1.0,18.5,1.0621740808159312,18.61775142708095,16.88605653811564,11.0,60.21636582959365,60.0,0.7702240000000001,0.07643273165918729
2024-01-01 19:15:00,1.0,18.5,1.0038002051294452,18.52259777653313,16.890551817093396,11.0,59.91387739550335,60.0,0.0,0.0758277547910067
2024-01-01 19:30:00,1.0,18.5,0.9514215383608102,18.432533576413338,16.889837380512567,11.0,59.83244339096417,60.0,0.0,0.07566488678192836
2024-01-01 19:45:00,3.0,18.5,0.9043820016457003,18.347038147088604,16.88452012868471,11.0,59.751184295918605,60.0,0.0,0.0755023685918372
2024-01-01 20:00:00,3.0,18.5,0.8620976259314194,18.26564777321907,16.875139989934347,11.0,59.670099734684115,60.0,0.0,0.07534019946936824
2024-01-01 20:15:00,1.0,18.5,0.8240486240948947,18.187949442910604,16.862177285554953,11.0,59.4512539305724,60.0,0.2567413333333333,0.07490250786114479
2024-01-01 20:30:00,1.0,18.5,0.7897723346826867,18.11357527519549,16.846059285019212,11.0,59.76454560687669,60.0,1.5404480000000003,0.07552909121375337
2024-01-01 20:45:00,1.0,18.5,0.7588569414434055,18.042197560163533,16.827166040470267,11.0,59.517720985838864,60.0,0.7702240000000001,0.07503544197167772
2024-01-01 21:00:00,1.0,18.5,0.8959910577002627,18.28902604998154,16.803216249878496,10.0,59.32686831550918,60.0,0.2567413333333333,0.07465373663101836
2024-01-01 21:15:00,1.0,18.5,1.2951529917541715,18.94806953185896,16.802700668360476,10.0,58.71200872729803,60.0,1.6688186666666667,0.07342401745459608
2024-01-01 21:30:00,2.0,18.266666666666666,1.2821498621822858,18.913261500347012,16.819026131423406,10.0,60.42753121043013,60.0,1.7971893333333335,0.07685506242086028
2024-01-01 21:45:00,2.0,15.0,1.2092560775743002,18.798523584657673,16.82878036908313,10.0,59.99225521395491,60.0,0.12837066666666666,0.07598451042790982
2024-01-01 22:00:00,1.0,15.933333333333334,1.1438839380924504,18.69013930214898,16.831966371863846,10.0,60.43453646862327,60.0,1.5404480000000003,0.07686907293724654
2024-01-01 22:15:00,1.0,18.5,1.0852100484700655,18.587455416971633,16.82934604793265,10.0,59.32396481585804,60.0,0.8985946666666668,0.07464792963171608
2024-01-01 22:30:00,1.0,18.5,1.0325015150265113,18.489890184779224,16.821597250421185,10.0,61.018921914794696,60.0,0.0,0.0780378438295894
2024-01-01 22:45:00,1.0,18.5,0.9851059957461887,18.396925495038065,16.80932302085621,10.0,60.96786948515069,60.0,0.12837066666666666,0.0779357389703014
2024-01-01 23:00:00,2.0,16.166666666666668,0.9424428442904169,18.308099877225718,16.793059816315306,10.0,60.7371258319967,60.0,0.12837066666666666,0.07747425166399341
2024-01-01 23:15:00,2.0,15.0,0.903995227670898,18.223002275939255,16.77328483204107,10.0,60.09305314220215,60.0,0.8985946666666668,0.07618610628440431
2024-01-01 23:30:00,2.0,15.0,0.8693031105364497,18.141266510376063,16.750422518962825,10.0,59.588708949570304,60.0,0.0,0.0751774178991406
2024-01-01 23:45:00,2.0,15.0,0.8379570107940992,18.062566342944834,16.72485038464114,10.0,59.50797336393528,60.0,0.0,0.07501594672787056
2024-01-02 00:00:00,2.0,15.0,0.809592441760935,17.986611090036515,16.696904156418544,10.0,59.427411187682225,60.0,0.0,0.07485482237536445
2024-01-02 00:15:00,2.0,15.0,0.7838849653668297,17.913141715348253,16.666882376898204,10.0,59.34702204835067,60.0,0.0,0.07469404409670134
2024-01-02 00:30:00,2.0,15.0,0.7605457892265689,17.84192735270646,16.635050494162815,10.0,59.266805574280134,60.0,0.0,0.07453361114856026
2024-01-02 00:45:00,2.0,15.0,0.7393178477862972,17.772762211168406,16.601644502284056,10.0,59.186761394608446,60.0,0.0,0.07437352278921688
2024-01-02 01:00:00,2.0,15.0,0.7088349698407631,17.705929216283778,16.57368469854436,11.0,59.10688913926997,60.0,0.0,0.07421377827853995
2024-01-02 01:15:00,2.0,15.0,0.6833851829948101,17.641773603022617,16.551736662024886,11.0,59.04152193158829,60.0,0.0,0.07408304386317659
2024-01-02 01:30:00,2.0,15.0,0.6608253386247855,17.579800523862016,16.527926072878586,11.0,60.580352625241595,60.0,0.0,0.07716070525048319
2024-01-02 01:45:00,2.0,15.0,0.6403653643158618,17.519805270812135,16.50248864773836,11.0,61.01263064734396,60.0,0.0,0.07802526129468793
2024-01-02 02:00:00,2.0,15.0,0.6329144895032967,17.461138991317036,16.46882344672967,10.0,60.92883666584005,60.0,0.0,0.0778576733316801
2024-01-02 02:15:00,2.0,15.0,0.6237779390878362,17.403130198962355,16.42673765437098,10.0,60.84522266274875,60.0,0.0,0.0776904453254975
2024-01-02 02:30:00,2.0,15.0,0.614736790230628,17.345982807321025,16.38443688654227,10.0,60.761788251500214,60.0,0.0,0.07752357650300043
2024-01-02 02:45:00,2.0,15.0,0.606258808367857,17.289642028973915,16.34197981769317,10.0,60.67853304635484,60.0,0.0,0.07735706609270969
2024-01-02 03:00:00,2.0,15.0,0.598285194496827,17.234058811183896,16.299418417810305,10.0,60.5954566624016,60.0,0.0,0.0771909133248032
2024-01-02 03:15:00,2.0,15.0,0.5907635916512379,17.179189207492236,16.256798691367752,10.0,60.512558715556146,60.0,0.0,0.07702511743111229
2024-01-02 03:30:00,2.0,15.0,0.5836473768011028,17.1249938183891,16.214161335021007,10.0,60.42983882255913,60.0,0.0,0.07685967764511827
2024-01-02 03:45:00,2.0,15.0,0.5768950306028711,17.071437293463966,16.171542322978276,10.0,60.34729660097441,60.0,0.0,0.0766945932019488
2024-01-02 04:00:00,2.0,15.0,0.5704695764405473,17.01848788827666,16.12897342800058,10.0,60.26493166918722,60.0,0.0,0.07652986333837444
2024-01-02 04:15:00,1.0,16.866666666666667,0.6138956382728138,17.08020821454907,16.087311757593344,10.0,60.182743646402486,60.0,0.0,0.07636548729280497
2024-01-02 04:30:00,1.0,16.866666666666667,0.9368531312088282,17.61459199181087,16.066330259713446,10.0,60.100732152643,60.0,0.0,0.076201464305286
2024-01-02 04:45:00,2.0,16.166666666666668,1.179205080190264,18.02492342789776,16.071480248345985,10.0,60.018896808747726,60.0,0.0,0.07603779361749545
2024-01-02 05:00:00,2.0,15.0,1.1563707018979992,17.977103400680143,16.087457530410806,10.0,59.937237236370024,60.0,0.0,0.07587447447274004
2024-01-02 05:15:00,1.0,18.266666666666666,1.2715699017923199,18.241848718563823,16.102525797487935,10.0,59.85575305797586,60.0,0.0,0.07571150611595172
2024-01-02 05:30:00,2.0,18.033333333333335,1.6488594226132862,18.908522701592116,16.146654861950278,10.0,59.7744438968421,60.0,0.0,0.07554888779368421
2024-01-02 05:45:00,2.0,15.0,1.6119064094847604,18.870570270805512,16.2053781084076,10.0,59.54205078173706,60.0,1.5404480000000003,0.07508410156347413
2024-01-02 06:00:00,2.0,15.0,1.5001464042638777,18.727332764941316,16.253463263201937,10.0,59.877656955328575,60.0,0.0,0.07575531391065717
2024-01-02 06:15:00,2.0,15.0,1.4002000501347978,18.59382245200077,16.290976768799265,10.0,60.98846731827107,60.0,0.8985946666666668,0.07797693463654215
2024-01-02 06:30:00,2.0,15.0,1.3107719347142854,18.469013455241658,16.319119159075274,10.0,59.51561235345253,60.0,1.7971893333333335,0.07503122470690507
2024-01-02 06:45:00,2.0,15.0,1.2307090436513277,18.351992371638637,16.33895869963987,10.0,61.003464447472,60.0,0.12837066666666666,0.078006928894944
2024-01-02 07:00:00,1.0,16.166666666666668,1.147847760512925,18.242412304263432,16.358256448922695,11.0,60.69606478076749,60.0,0.12837066666666666,0.07739212956153498
2024-01-02 07:15:00,3.0,18.5,1.075766341372377,18.140057902770106,16.37823729783237,11.0,60.594569185310796,60.0,0.2567413333333333,0.0771891383706216
2024-01-02 07:30:00,3.0,18.5,1.0116899005771767,18.04393535932849,16.391613743945825,11.0,60.24514989579796,60.0,0.0,0.07649029979159593
2024-01-02 07:45:00,3.0,18.5,1.165487860821028,18.377749876810068,16.405784523194235,11.0,60.163004361651545,60.0,0.0,0.07632600872330308
2024-01-02 08:00:00,3.0,18.5,1.4825265093708917,18.94907613878022,16.449933755652232,11.0,60.081035265270394,60.0,0.0,0.07616207053054079
2024-01-02 08:15:00,3.0,18.5,1.4086057831805072,18.855729091297423,16.50222841368475,11.0,59.346470631884536,60.0,0.8985946666666668,0.07469294126376907
2024-01-02 08:30:00,3.0,18.5,1.310857401093945,18.73056153902335,16.54439848572024,11.0,60.36405708496991,60.0,0.2567413333333333,0.07672811416993981
2024-01-02 08:45:00,3.0,18.5,1.223442528260978,18.61390160948129,16.57732058494124,11.0,60.848174977644035,60.0,0.385112,0.07769634995528807
2024-01-02 09:00:00,3.0,18.5,1.1437667750143385,18.504919936589385,16.602045906071663,11.0,60.44310189528241,60.0,0.12837066666666666,0.07688620379056484
2024-01-02 09:15:00,3.0,18.5,1.0737154424416617,18.402822499338658,16.61951383725953,11.0,59.70874208441251,60.0,2.5674133333333335,0.07541748416882503
2024-01-02 09:30:00,3.0,18.5,1.0110574778786152,18.306818138056418,16.630556625695615,11.0,56.42753821755825,60.0,5.134826666666667,0.06885507643511651
2024-01-02 09:45:00,3.0,18.5,0.9548875513271899,18.216274092315658,16.635913274920593,11.0,58.243586927644735,60.0,0.2567413333333333,0.07248717385528947
2024-01-02 10:00:00,1.0,18.5,0.8248746182528112,18.134330794930985,16.63629926588867,11.0,60.82579627068242,60.0,0.0,0.07765159254136483
2024-01-02 10:15:00,3.0,18.5,0.7780645289898699,18.060755635261827,16.632569538904544,11.0,60.941708216514755,60.0,0.385112,0.07788341643302951
2024-01-02 10:30:00,1.0,18.5,0.8257968468192183,18.173685370948316,16.627056835116583,11.0,60.54564873239179,60.0,0.0,0.07709129746478358
2024-01-02 10:45:00,1.0,18.5,1.2256853940485442,18.878401606513968,16.645702504309064,11.0,60.39848545209922,60.0,0.12837066666666666,0.07679697090419846
2024-01-02 11:00:00,1.0,18.5,1.3192142259898652,18.942176604593644,16.687027889745913,11.0,60.141362131646375,60.0,0.2567413333333333,0.07628272426329276
2024-01-02 11:15:00,1.0,18.5,1.234266598025193,18.824452601934944,16.721520356792965,11.0,59.88487540271873,60.0,0.0,0.07576975080543744
2024-01-02 11:30:00,1.0,18.5,1.1546901431022158,18.71447179659376,16.747656311919915,11.0,59.37020112678472,60.0,2.3106720000000007,0.07474040225356944
2024-01-02 11:45:00,1.0,18.5,1.0834565075636582,18.61142049871927,16.766387532606824,11.0,60.80741894585512,60.0,0.0,0.07761483789171024
2024-01-02 12:00:00,1.0,18.5,1.0138895258163863,18.514790538831267,16.78536751881298,12.0,60.74861651193165,60.0,0.7702240000000001,0.07749723302386329
2024-01-02 12:15:00,3.0,18.5,0.9490216770125215,18.424427463460184,16.805710721818194,12.0,60.1141407418521,60.0,0.0,0.07622828148370418
2024-01-02 12:30:00,3.0,18.5,0.891071710591438,18.33970131246609,16.820044697687557,12.0,59.92192537341205,60.0,0.385112,0.0758438507468241
2024-01-02 12:45:00,1.0,18.5,0.8391573034624874,18.26002344158768,16.829057425215478,12.0,59.747357964286614,60.0,0.8985946666666668,0.07549471592857324
2024-01-02 13:00:00,3.0,18.5,0.8031040765233565,18.184381862685623,16.833353412321614,12.0,59.57951074312445,60.0,1.5404480000000003,0.07515902148624891
2024-01-02 13:15:00,3.0,18.5,0.7615558957889654,18.112274376336483,16.833441749236737,12.0,59.305920333612896,60.0,0.2567413333333333,0.07461184066722579
2024-01-02 13:30:00,3.0,18.5,0.7235577529308095,18.043857770103315,16.82980134679549,12.0,59.89563019806362,60.0,0.12837066666666666,0.07579126039612726
2024-01-02 13:45:00,1.0,18.5,0.8433241838533713,18.294725015375484,16.827060257160994,12.0,61.12106595192001,60.0,0.0,0.07824213190384001
2024-01-02 14:00:00,3.0,18.5,1.1970708852324685,18.92353507642484,16.853657959327315,12.0,61.03703906569381,60.0,0.0,0.07807407813138763
2024-01-02 14:15:00,3.0,18.5,1.1590612328277456,18.874868840614916,16.89330927455614,12.0,60.953192658128856,60.0,0.12837066666666666,0.07790638531625772
2024-01-02 14:30:00,3.0,18.5,1.080251608466017,18.771794195974582,16.925120683210633,12.0,60.731664717155276,60.0,0.0,0.07746332943431056
2024-01-02 14:45:00,3.0,18.5,1.0097547794648247,18.675579754843245,16.949509024895402,12.0,60.6484742133858,60.0,0.0,0.07729694842677161
2024-01-02 15:00:00,3.0,18.5,0.9798068573462263,18.583961643883864,16.96729469789197,12.0,60.45507030392633,60.0,0.7702240000000001,0.07691014060785266
2024-01-02 15:15:00,1.0,18.5,0.9239523468040498,18.49618505998416,16.979116791319175,12.0,59.49019641179627,60.0,0.2567413333333333,0.07498039282359253
2024-01-02 15:30:00,1.0,18.5,0.8717150727837664,18.413487115094938,16.985626067393092,12.0,59.29944898725156,60.0,0.0,0.07459889797450311
2024-01-02 15:45:00,1.0,18.5,0.8248638874470401,18.33534252726288,16.987435678712693,12.0,59.31474345950078,60.0,0.2567413333333333,0.07462948691900158
2024-01-02 16:00:00,1.0,18.5,0.7986321361267146,18.260599160799476,16.978277227275456,11.0,60.868264241648454,60.0,0.12837066666666666,0.0777365284832969
2024-01-02 16:15:00,1.0,18.5,0.7687241316495133,18.1883157599649,16.958241042103428,11.0,60.70723424563233,60.0,0.12837066666666666,0.07741446849126467
2024-01-02 16:30:00,1.0,18.5,0.7409100197527572,18.1187260145882,16.93579637820433,11.0,60.56898713421189,60.0,0.0,0.07713797426842378
2024-01-02 16:45:00,1.0,18.5,0.7157435794841164,18.051571789735704,16.91124140299966,11.0,60.01715961123227,60.0,0.8985946666666668,0.07603431922246455
2024-01-02 17:00:00,1.0,18.5,0.7983780990372921,18.209942110879368,16.887269131360167,11.0,59.39347201325718,60.0,0.12837066666666666,0.07478694402651435
2024-01-02 17:15:00,1.0,18.5,1.2099858685722455,18.91173059020951,16.89099758742909,11.0,59.221280961444066,60.0,0.0,0.07444256192288812
2024-01-02 17:30:00,1.0,18.5,1.2356550457559712,18.94359487266907,16.916350250783484,11.0,58.87989837833517,60.0,2.3106720000000007,0.07375979675667034
2024-01-02 17:45:00,1.0,18.5,1.1598350134547502,18.83329729402131,16.93566772479402,11.0,60.06184408222437,60.0,0.7702240000000001,0.07612368816444873
2024-01-02 18:00:00,1.0,18.5,1.0919165166295357,18.729604496354757,16.948014510174616,11.0,60.94941995751586,60.0,0.12837066666666666,0.07789883991503171
2024-01-02 18:15:00,1.0,18.5,1.0310339724229105,18.631830281470396,16.95419206627271,11.0,60.810640801821776,60.0,0.2567413333333333,0.07762128160364355
2024-01-02 18:30:00,3.0,18.5,0.9764169408825297,18.53936360540113,16.95491348296845,11.0,60.442358737676464,60.0,0.12837066666666666,0.07688471747535293
2024-01-02 18:45:00,1.0,18.5,0.9273796647328268,18.451660317746292,16.95081319820532,11.0,60.01051647636174,60.0,0.2567413333333333,0.07602103295272349
2024-01-02 19:00:00,1.0,18.5,0.8833117591850389,18.368235809201714,16.942455647123168,11.0,59.726646229626695,60.0,0.2567413333333333,0.0754532924592534
2024-01-02 19:15:00,1.0,18.5,0.8436699253456551,18.28865846743478,16.930342960257654,11.0,59.44345421157478,60.0,0.12837066666666666,0.07488690842314956
2024-01-02 19:30:00,1.0,18.5,0.8079705746848994,18.212543852432017,16.914921815355612,11.0,58.89153775329874,60.0,1.5404480000000003,0.07378307550659749
2024-01-02 19:45:00,1.0,18.5,0.7757832643995325,18.139549512217457,16.896589535861356,11.0,60.36697252325954,60.0,0.0,0.07673394504651908
2024-01-02 20:00:00,1.0,18.5,0.7578621989995132,18.068903972626476,16.868889001919236,10.0,60.92852551493998,60.0,0.0,0.07785705102987996
2024-01-02 20:15:00,3.0,18.5,0.7889321779572026,18.113917730172016,16.832584459448974,10.0,60.844912180159746,60.0,0.0,0.07768982436031949
2024-01-02 20:30:00,1.0,18.5,1.1915070823679088,18.80690747281976,16.818052116651696,10.0,60.76147843578681,60.0,0.0,0.07752295687157364
2024-01-02 20:45:00,1.0,18.5,1.3008542147458617,18.958435285823597,16.83247344288259,10.0,60.678223896084724,60.0,0.0,0.07735644779216945
2024-01-02 21:00:00,1.0,18.5,1.226165942051689,18.842060240654916,16.843671725707512,10.0,60.59514817614545,60.0,0.0,0.0771902963522909
2024-01-02 21:15:00,2.0,15.933333333333334,1.1591947121724806,18.73219472787815,16.848121861100747,10.0,60.51225089188777,60.0,0.0,0.07702450178377553
2024-01-02 21:30:00,2.0,15.0,1.0990956607521751,18.6281685458088,16.846605690576713,10.0,60.42953166005536,60.0,0.0,0.07685906332011073
2024-01-02 21:45:00,2.0,15.0,1.0451167853193606,18.529384848295663,16.83981880795467,10.0,60.346990098215166,60.0,0.0,0.07669398019643034
2024-01-02 22:00:00,2.0,15.0,0.9965887358662698,18.435312082100708,16.82838004386718,10.0,60.26462582475544,60.0,0.0,0.07652925164951088
2024-01-02 22:15:00,2.0,15.0,0.9529157278911702,18.345476810698585,16.812839907488435,10.0,60.182438458884185,60.0,0.0,0.07636487691776836
2024-01-02 22:30:00,2.0,15.0,0.9135674544960103,18.259457327039385,16.79368810013015,10.0,60.100427620627215,60.0,0.0,0.07620085524125444
2024-01-02 22:45:00,2.0,15.0,0.8780718876991505,18.17687796853277,16.771360202747587,10.0,60.01859293082654,60.0,0.0,0.07603718586165309
2024-01-02 23:00:00,2.0,15.0,0.8460088711993708,18.097404057048834,16.74624362817956,10.0,59.93693401113851,60.0,0.0,0.07587386802227702
2024-01-02 23:15:00,2.0,15.0,0.8170044175758028,18.020737395218774,16.718682918960546,10.0,59.818658395364004,60.0,0.12837066666666666,0.07563731679072801
2024-01-02 23:30:00,2.0,15.0,0.7907256324752704,17.946612257873735,16.688984462655533,10.0,59.28300033295759,60.0,1.5404480000000003,0.07456600066591519
2024-01-02 23:45:00,2.0,15.0,0.7668761968535666,17.874791824184477,16.65742068875748,10.0,60.28360934003653,60.0,0.2567413333333333,0.07656721868007305
2024-01-03 00:00:00,2.0,15.0,0.7563296903984015,17.804598606138953,16.61742328716795,9.0,60.48390492682678,60.0,1.5404480000000003,0.07696780985365356
2024-01-03 00:15:00,2.0,15.0,0.7443596035816656,17.735335577317706,16.568828438346383,9.0,59.24358050774929,60.0,0.0,0.0744871610154986
2024-01-03 00:30:00,2.0,15.0,0.7327187640186137,17.66718386679569,16.51986752013266,9.0,59.178988591603066,60.0,0.12837066666666666,0.07435797718320612
2024-01-03 00:45:00,2.0,15.0,0.7218497893703444,17.600068355591045,16.470622090845335,9.0,60.69308900124735,60.0,0.0,0.0773861780024947
2024-01-03 01:00:00,2.0,15.0,0.7116714936383864,17.53392184303055,16.421164443008742,9.0,60.89107685541471,60.0,0.2567413333333333,0.07778215371082943
2024-01-03 01:15:00,2.0,15.0,0.7021115901382574,17.468684178643468,16.37155862423487,9.0,60.65137324442829,60.0,0.12837066666666666,0.07730274648885657
2024-01-03 01:30:00,2.0,15.0,0.6931057132656545,17.40430148948071,16.32186134584977,9.0,60.430493571719346,60.0,0.0,0.0768609871434387
2024-01-03 01:45:00,2.0,15.0,0.6845965478121897,17.340725492367902,16.272122791606403,9.0,60.34794994381985,60.0,0.0,0.0766958998876397
2024-01-03 02:00:00,2.0,15.0,0.6876703984887159,17.277446485843946,16.21557682049014,8.0,60.04483107672979,60.0,0.7702240000000001,0.0760896621534596
2024-01-03 02:15:00,2.0,15.0,0.6877900911885847,17.213916760559076,16.151883512747343,8.0,59.26066503924676,60.0,0.385112,0.07452133007849351
2024-01-03 02:30:00,2.0,15.0,0.686876970906243,17.150450323947304,16.089117487689183,8.0,60.50821426552038,60.0,0.12837066666666666,0.07701642853104076
2024-01-03 02:45:00,2.0,15.0,0.6855236434714799,17.08709030417364,16.027220760428424,8.0,61.00516535166079,60.0,0.0,0.07801033070332157
2024-01-03 03:00:00,2.0,15.0,0.6837824190323388,17.023874725273153,15.966141403024737,8.0,60.9121874046267,60.0,0.2567413333333333,0.0778243748092534
2024-01-03 03:15:00,2.0,15.0,0.6816998282402673,16.96083707094233,15.905832880861876,8.0,60.49771359879316,60.0,0.12837066666666666,0.07699542719758633
2024-01-03 03:30:00,2.0,15.0,0.6793172578760004,16.898006786325926,15.846253461969543,8.0,60.258783737682705,60.0,0.8985946666666668,0.0765175674753654
2024-01-03 03:45:00,2.0,15.0,0.6766715165907551,16.835409724616582,15.787365691270235,8.0,59.32933470587265,60.0,1.5404480000000003,0.0746586694117453
2024-01-03 04:00:00,2.0,15.0,0.6626579939636367,16.773534940445334,15.735946439591833,9.0,60.95348461707411,60.0,0.0,0.07790696923414824
2024-01-03 04:15:00,2.0,15.0,0.6517975176571856,16.712911088378377,15.692344581739642,9.0,60.912733993647834,60.0,0.0,0.07782546798729567
2024-01-03 04:30:00,1.0,18.266666666666666,0.8302490653138691,17.033209915804413,15.654330909370941,9.0,60.63608639124884,60.0,0.2567413333333333,0.07727217278249768
2024-01-03 04:45:00,2.0,18.033333333333335,1.300201185987574,17.83632514538867,15.651552427815897,9.0,60.25900560167145,60.0,0.2567413333333333,0.07651801120334288
2024-01-03 05:00:00,2.0,15.0,1.458059797752123,18.077684907331633,15.681462948054996,9.0,59.395564389381526,60.0,0.7702240000000001,0.07479112877876305
2024-01-03 05:15:00,2.0,15.0,1.3660455216070595,17.947662812585744,15.708793211626238,9.0,58.80165842517738,60.0,1.5404480000000003,0.07360331685035475
2024-01-03 05:30:00,2.0,15.0,1.2836534839565579,17.825654542305166,15.727605119369617,9.0,60.722400072797,60.0,0.0,0.07744480014559402
2024-01-03 05:45:00,2.0,15.0,1.2098293533742386,17.71082447881413,15.738875111967092,9.0,61.03987750851823,60.0,0.0,0.07807975501703647
2024-01-03 06:00:00,2.0,15.0,1.143634689984925,17.602428546671455,15.743471987570187,9.0,60.956025004352725,60.0,0.7702240000000001,0.07791205000870545
2024-01-03 06:15:00,2.0,15.7,1.166887714342862,17.656488483102496,15.745578899139765,9.0,59.27310244510373,60.0,0.7702240000000001,0.07454620489020745
2024-01-03 06:30:00,2.0,15.0,1.1247277844042578,17.57470319127329,15.74806510382812,9.0,59.319373845704995,60.0,0.385112,0.07463874769141
2024-01-03 06:45:00,2.0,15.0,1.067295765847299,17.473725895658436,15.745026994400718,9.0,60.863800185986506,60.0,0.0,0.077727600371973
2024-01-03 07:00:00,1.0,17.566666666666666,1.1211402357053049,17.601078170399457,15.739403990324945,9.0,60.767115195852156,60.0,0.385112,0.07753423039170432
2024-01-03 07:15:00,1.0,18.5,1.5425344966220107,18.360021281949887,15.759187410118765,9.0,60.27022679509704,60.0,0.385112,0.07654045359019408
2024-01-03 07:30:00,3.0,18.5,1.8692524694176802,18.93743058711564,15.816929577508578,9.0,59.80207808788263,60.0,0.12837066666666666,0.07560415617576526
2024-01-03 07:45:00,1.0,18.5,1.7823341863937743,18.829106652359563,15.882408148810873,9.0,59.711702657848406,60.0,0.0,0.07542340531569681
2024-01-03 08:00:00,1.0,18.5,1.649214042243128,18.671167875329697,15.935267725867357,9.0,59.696223451481714,60.0,0.8985946666666668,0.07539244690296343
2024-01-03 08:15:00,1.0,18.5,1.5386664923210407,18.524454478672517,15.976498405025778,9.0,61.11923031080745,60.0,0.0,0.07823846062161491
2024-01-03 08:30:00,1.0,18.5,1.4403908885864947,18.387303257224026,16.007430753445057,9.0,60.80215533472473,60.0,1.5404480000000003,0.07760431066944946
2024-01-03 08:45:00,1.0,18.5,1.3524070976446994,18.25871043651527,16.029238730856324,9.0,59.340442286088624,60.0,0.0,0.07468088457217724
2024-01-03 09:00:00,1.0,18.5,1.2630573200361173,18.138272104567445,16.042974590876174,9.0,59.22888744314351,60.0,0.2567413333333333,0.07445777488628703
2024-01-03 09:15:00,1.0,18.5,1.1993384958624567,18.049792267623804,16.049663183878774,9.0,60.837809607513535,60.0,0.0,0.07767561921502705
2024-01-03 09:30:00,1.0,18.5,1.4739713635188614,18.581638390281555,16.06392662992374,9.0,60.96900348397165,60.0,0.0,0.07793800696794331
2024-01-03 09:45:00,3.0,18.5,1.7122243017996044,18.979683700319878,16.109477474397966,9.0,60.88530320785648,60.0,0.7702240000000001,0.07777060641571296
2024-01-03 10:00:00,1.0,18.5,1.595712855177908,18.831207040453137,16.155359536210224,9.0,59.97461296233398,60.0,0.0,0.07594922592466796
2024-01-03 10:15:00,1.0,18.5,1.4916276359092453,18.68910301454654,16.19035976435564,9.0,59.8930485058135,60.0,0.0,0.07578609701162702
2024-01-03 10:30:00,1.0,18.5,1.398959717541527,18.556013991704337,16.215711201177232,9.0,59.7472711061671,60.0,0.2567413333333333,0.07549454221233422
2024-01-03 10:45:00,3.0,18.5,1.3159639251216073,18.43099664810703,16.23251665004906,9.0,59.2434193216017,60.0,0.2567413333333333,0.0744868386432034
2024-01-03 11:00:00,1.0,18.5,1.2443601400135087,18.313081724562167,16.241755340503392,9.0,59.90804376980934,60.0,0.385112,0.0758160875396187
2024-01-03 11:15:00,1.0,18.5,1.1777006699567765,18.201511872102355,16.24429091731141,9.0,60.90240297044486,60.0,0.2567413333333333,0.07780480594088973
2024-01-03 11:30:00,1.0,18.5,1.117682229509016,18.095772756783397,16.240898661128828,9.0,60.60751062740452,60.0,0.0,0.07721502125480904
2024-01-03 11:45:00,3.0,18.5,1.113317352780435,18.10936104004361,16.233100253211834,9.0,60.18125641664717,60.0,1.5404480000000003,0.07636251283329434
2024-01-03 12:00:00,3.0,18.5,1.4774596804599747,18.774298454673872,16.2435738921907,9.0,60.51027991731121,60.0,0.2567413333333333,0.07702055983462243
2024-01-03 12:15:00,3.0,18.5,1.5589515273376808,18.900841605921535,16.279914013035217,9.0,61.0072423670809,60.0,0.0,0.0780144847341618
2024-01-03 12:30:00,1.0,18.5,1.459919964932319,18.761855159894406,16.31029326889877,9.0,59.82331044648568,60.0,2.5674133333333335,0.07564662089297135
2024-01-03 12:45:00,1.0,18.5,1.371252660080617,18.631493285240037,16.33148993626243,9.0,60.304903145975025,60.0,0.0,0.07660980629195005
2024-01-03 13:00:00,1.0,18.5,1.3008186702688647,18.508437034015447,16.3445493098083,9.0,60.95454911129596,60.0,0.12837066666666666,0.07790909822259191
2024-01-03 13:15:00,3.0,18.5,1.2297743964506982,18.39185451815865,16.350376759189917,9.0,60.65951841162643,60.0,0.12837066666666666,0.07731903682325285
2024-01-03 13:30:00,3.0,18.5,1.1654365918246745,18.28152360197595,16.34980012459038,9.0,60.2913804224862,60.0,0.7702240000000001,0.07658276084497241
2024-01-03 13:45:00,3.0,18.5,1.1076595088341616,18.176804473516384,16.34356520306187,9.0,59.65788673517795,60.0,0.0,0.07531577347035588
2024-01-03 14:00:00,1.0,18.5,1.056820533013445,18.077128087798755,16.325532287599167,8.0,59.670119162455244,60.0,0.7702240000000001,0.0753402383249105
2024-01-03 14:15:00,3.0,18.5,1.1022300375394072,18.164441934377553,16.29771588205157,8.0,61.01727243293876,60.0,0.0,0.07803454486587752
2024-01-03 14:30:00,3.0,18.5,1.5000253487021487,18.84373670548462,16.29420859374482,8.0,59.74337730859713,60.0,1.668818666666667,0.07548675461719426
2024-01-03 14:45:00,3.0,18.5,1.5369658747887862,18.884818511728167,16.31357153637361,8.0,59.074504327619394,60.0,0.0,0.07414900865523878
2024-01-03 15:00:00,1.0,18.5,1.4696122743674391,18.74629659309635,16.33326420682963,9.0,59.396095947452245,60.0,0.0,0.07479219189490448
2024-01-03 15:15:00,3.0,18.5,1.3834890111568492,18.61483605907425,16.35206342707405,9.0,61.01950300096332,60.0,0.0,0.07803900600192663
2024-01-03 15:30:00,3.0,18.5,1.304696257710175,18.491036340269325,16.36283355057912,9.0,60.97861057876195,60.0,0.0,0.0779572211575239
2024-01-03 15:45:00,3.0,18.5,1.2340357675531672,18.374104329209743,16.36650047374421,9.0,60.821326580369266,60.0,0.12837066666666666,0.07764265316073854
2024-01-03 16:00:00,3.0,18.5,1.172178932492797,18.263261113491733,16.363886847134967,9.0,60.67364495783212,60.0,0.0,0.07734728991566422
2024-01-03 16:15:00,3.0,18.5,1.1152407129457103,18.15787244458961,16.355720283100542,9.0,60.59057907284785,60.0,0.0,0.07718115814569572
2024-01-03 16:30:00,3.0,18.5,1.0639407414475306,18.057463399713463,16.34265195949097,9.0,60.36975620060828,60.0,0.385112,0.07673951240121656
2024-01-03 16:45:00,1.0,18.5,1.1992390811621112,18.329735020075425,16.330586156713572,9.0,59.84610146918951,60.0,1.5404480000000003,0.07569220293837903
2024-01-03 17:00:00,1.0,18.5,1.5593503557635044,18.933355095682618,16.348821838362316,9.0,59.91215586209281,60.0,0.2567413333333333,0.07582431172418562
2024-01-03 17:15:00,1.0,18.5,1.5085773975981476,18.851833922969124,16.37895537926659,9.0,61.14071409822476,60.0,0.0,0.07828142819644952
2024-01-03 17:30:00,1.0,18.5,1.4173351830641727,18.71710815054193,16.400181420625284,9.0,60.97386610662868,60.0,0.2567413333333333,0.07794773221325736
2024-01-03 17:45:00,1.0,18.5,1.3355845446151469,18.590331467302793,16.413049475415285,9.0,60.6972110411357,60.0,0.0,0.0773944220822714
2024-01-03 18:00:00,1.0,18.5,1.2734231921322583,18.470213187627785,16.41171153172917,8.0,60.614094539314905,60.0,0.0,0.07722818907862981
2024-01-03 18:15:00,3.0,18.5,1.2154340443267477,18.355510451568858,16.39664482893689,8.0,60.53115656076979,60.0,0.0,0.07706231312153958
2024-01-03 18:30:00,1.0,18.5,1.162755277119847,18.24591851286376,16.37665127673161,8.0,60.44839672205592,60.0,0.0,0.07689679344411185
2024-01-03 18:45:00,1.0,18.5,1.1152824296185357,18.140929743723703,16.352320192591996,8.0,60.365814640552465,60.0,0.0,0.07673162928110493
2024-01-03 19:00:00,1.0,18.5,1.072447381177778,18.040091934248487,16.32417575732499,8.0,60.2834099344604,60.0,0.0,0.0765668198689208
2024-01-03 19:15:00,1.0,18.5,1.27688925144709,18.427416851286694,16.300840797416793,8.0,60.201182222800725,60.0,0.0,0.07640236444560146
2024-01-03 19:30:00,1.0,18.5,1.5998021837679561,18.942598289129993,16.310396010442087,8.0,60.11913112541278,60.0,0.0,0.07623826225082556
2024-01-03 19:45:00,1.0,18.5,1.528921613598927,18.822176887521753,16.32754851882761,8.0,60.03725626295242,60.0,0.0,0.07607451252590484
2024-01-03 20:00:00,1.0,18.5,1.4436645030689244,18.68527204555962,16.336213137964485,8.0,59.95555725689029,60.0,0.0,0.07591111451378056
2024-01-03 20:15:00,2.0,18.033333333333335,1.3671814456075642,18.555799630568007,16.3372370211734,8.0,59.87403372951003,60.0,0.0,0.07574806745902006
2024-01-03 20:30:00,2.0,15.0,1.2985121245175029,18.43299762921123,16.331508619669062,8.0,59.79268530390661,60.0,0.0,0.0755853706078132
2024-01-03 20:45:00,2.0,15.0,1.2368017727830483,18.316187407960065,16.319818354544335,8.0,59.71151160398452,60.0,0.0,0.07542302320796904
2024-01-03 21:00:00,1.0,17.566666666666666,1.1812895687416058,18.204764548868425,16.302869397129783,8.0,59.630512254456065,60.0,0.0,0.07526102450891212
2024-01-03 21:15:00,1.0,18.5,1.1312983075799392,18.098190692880667,16.28128726409885,8.0,59.549686880839594,60.0,0.0,0.07509937376167919
2024-01-03 21:30:00,1.0,18.5,1.1357827655190458,18.110077424513687,16.256457430115727,8.0,59.46903510945783,60.0,0.0,0.07493807021891566
2024-01-03 21:45:00,2.0,15.233333333333333,1.34073529871367,18.428571013972352,16.245667792565822,8.0,59.388556567436076,60.0,0.0,0.07477711313487216
2024-01-03 22:00:00,1.0,16.4,1.291619480360556,18.31113601229782,16.232807315693087,7.0,59.308250882700534,60.0,0.0,0.07461650176540106
2024-01-03 22:15:00,1.0,18.5,1.2387511488662426,18.194495936283626,16.206919188869627,7.0,59.22811768397657,60.0,0.0,0.07445623536795314
2024-01-03 22:30:00,2.0,17.8,1.1905786614617389,18.082524636314858,16.176719006636908,7.0,59.14815660078698,60.0,0.0,0.07429631320157397
2024-01-03 22:45:00,2.0,15.0,1.1470654947823926,17.974767822205298,16.142732654185235,7.0,59.06836726345034,60.0,0.0,0.07413673452690067
2024-01-03 23:00:00,2.0,15.0,1.1077039936883644,17.870820723206496,16.105427823925496,7.0,59.63350999284376,60.0,0.0,0.07526701998568752
2024-01-03 23:15:00,2.0,15.0,1.0720422833290104,17.770322646732286,16.0652204161495,7.0,61.055785504575034,60.0,0.0,0.07811157100915006
2024-01-03 23:30:00,2.0,15.0,1.0396781366753332,17.672952135296654,16.02248023595642,7.0,60.97189883213363,60.0,0.0,0.07794379766426726
2024-01-03 23:45:00,2.0,15.0,1.0102535162787876,17.57842265589502,15.977536063816766,7.0,60.888192337192756,60.0,0.0,0.07777638467438551
2024-01-04 00:00:00,2.0,15.0,0.9834497161293141,17.48647876329033,15.930680168638867,7.0,60.804665632754904,60.0,0.0,0.07760933126550981
2024-01-04 00:15:00,2.0,15.0,0.9589830376352751,17.396892685100852,15.882172324631473,7.0,60.72131833265384,60.0,0.0,0.07744263666530767
2024-01-04 00:30:00,2.0,15.0,0.9366009410017891,17.30946128231552,15.83224338651733,7.0,60.63815005155269,60.0,0.0,0.07727630010310539
2024-01-04 00:45:00,2.0,15.0,0.9160786197403054,17.2240033439608,15.78109847165447,7.0,60.555160404942285,60.0,0.0,0.07711032080988457
2024-01-04 01:00:00,2.0,15.0,0.8972159517886612,17.140357179181343,15.728919792283511,7.0,60.47234900913931,60.0,0.0,0.07694469801827862
2024-01-04 01:15:00,2.0,15.0,0.8798347858355472,17.058378474035717,15.675869176367694,7.0,60.389715481284576,60.0,0.0,0.07677943096256915
2024-01-04 01:30:00,2.0,15.0,0.8637765259957123,16.977938383903492,15.622090311263106,7.0,60.30725943934119,60.0,0.0,0.07661451887868237
2024-01-04 01:45:00,2.0,15.0,0.8488999820340212,16.898921835599822,15.567710740692384,7.0,60.22498050209283,60.0,0.0,0.07644996100418568
2024-01-04 02:00:00,2.0,15.0,0.8350794559428735,16.82122601614157,15.512843642144908,7.0,60.14287828914202,60.0,0.0,0.07628575657828404
2024-01-04 02:15:00,2.0,15.0,0.8222030388873389,16.74475902764387,15.457589408844326,7.0,60.060952420908265,60.0,0.0,0.07612190484181654
2024-01-04 02:30:00,2.0,15.0,0.8101710953894038,16.66943869008234,15.402037057770233,7.0,59.9792025186264,60.0,0.0,0.0759584050372528
2024-01-04 02:45:00,2.0,15.0,0.7988949141654521,16.595191475663984,15.346265482858435,7.0,59.89762820434478,60.0,0.0,0.07579525640868955
2024-01-04 03:00:00,2.0,15.0,0.7882955072945249,16.521951560337502,15.29034457040162,7.0,59.77023437545981,60.0,0.2567413333333333,0.07554046875091962
2024-01-04 03:15:00,2.0,15.0,0.7783025414092426,16.449659979564267,15.234336191800786,7.0,59.4593803737815,60.0,0.0,0.074918760747563
2024-01-04 03:30:00,2.0,15.0,0.7688533863943458,16.37826387688736,15.178295087152115,7.0,59.378922568857675,60.0,0.0,0.07475784513771536
2024-01-04 03:45:00,2.0,15.0,0.7598922686735536,16.30771583509614,15.12226965167145,7.0,59.29863757667953,60.0,0.0,0.07459727515335907
2024-01-04 04:00:00,2.0,15.0,0.7625068620683688,16.237506884995078,15.059492118660087,6.0,59.21852502606808,60.0,0.0,0.07443705005213616
2024-01-04 04:15:00,1.0,16.166666666666668,0.8043695788714461,16.25644479260672,14.990564841453637,6.0,59.138584546641596,60.0,0.0,0.07427716909328318
2024-01-04 04:30:00,2.0,17.333333333333332,1.1216944680076373,16.77602385047595,14.939352098672426,6.0,59.59033564255287,60.0,0.7702240000000001,0.07518067128510574
2024-01-04 04:45:00,2.0,15.0,1.229223240090381,16.88921251037386,14.913887775964174,6.0,60.15592616280569,60.0,1.155336,0.0763118523256114
2024-01-04 05:00:00,2.0,15.0,1.1795328654593424,16.778197234681116,14.887282281841525,6.0,59.37147702391392,60.0,2.0539306666666666,0.07474295404782784
2024-01-04 05:15:00,1.0,16.4,1.1583987798710842,16.732792216526338,14.856999840008536,6.0,60.084176572881184,60.0,0.0,0.07616835314576235
2024-01-04 05:30:00,1.0,18.5,1.505301026015842,17.35038235588805,14.841514928510886,6.0,60.070575144681555,60.0,1.5404480000000003,0.07614115028936311
2024-01-04 05:45:00,1.0,18.5,1.9380676737473697,18.113080774313396,14.866238640259192,6.0,59.27892331360378,60.0,0.8985946666666668,0.07455784662720756
2024-01-04 06:00:00,1.0,18.5,2.319733409371158,18.813458504151534,14.928647560896358,6.0,60.82927960279895,60.0,0.0,0.0776585592055979
2024-01-04 06:15:00,1.0,18.5,2.3318819373475588,18.865682114180103,15.01050957412093,6.0,59.84187612250187,60.0,1.7971893333333333,0.07568375224500376
2024-01-04 06:30:00,1.0,18.5,2.1704872166957276,18.65845175732221,15.07956662114417,6.0,59.98993843676756,60.0,0.12837066666666666,0.07597987687353512
2024-01-04 06:45:00,1.0,18.5,2.026149551168553,18.465268785936935,15.133362755945505,6.0,60.34737393274277,60.0,1.0269653333333335,0.07669474786548554
2024-01-04 07:00:00,1.0,18.5,1.8969985934549143,18.284651994039955,15.173631317033012,6.0,59.778159930791816,60.0,0.0,0.07555631986158363
2024-01-04 07:15:00,1.0,18.5,1.781369593742601,18.11528256789223,15.201914671153336,6.0,59.56225763534562,60.0,0.7702240000000001,0.07512451527069122
2024-01-04 07:30:00,1.0,17.8,1.806349062547754,18.22365592408571,15.222815777702355,6.0,60.75117568618474,60.0,0.0,0.07750235137236947
2024-01-04 07:45:00,1.0,18.5,2.1661671891781134,18.876011046070914,15.266004544323353,6.0,61.06859131568639,60.0,0.12837066666666666,0.07813718263137279
2024-01-04 08:00:00,3.0,18.5,2.136018307080599,18.858913353354573,15.326024269805185,6.0,60.71813544485373,60.0,0.12837066666666666,0.07743627088970746
2024-01-04 08:15:00,1.0,18.5,1.996168983627371,18.66871657038462,15.373913260422869,6.0,60.625792444523626,60.0,0.0,0.07725158488904724
2024-01-04 08:30:00,1.0,18.5,1.8716062687735306,18.49063794445131,15.408819055640045,6.0,60.53362934042209,60.0,0.2567413333333333,0.07706725868084417
2024-01-04 08:45:00,1.0,18.5,1.7600517121937533,18.323408785467095,15.432224931447042,6.0,60.13835412657604,60.0,0.2567413333333333,0.0762767082531521
2024-01-04 09:00:00,3.0,18.5,1.6443421173901749,18.166631548004812,15.445462139319561,6.0,59.82670154187211,60.0,0.0,0.07565340308374423
2024-01-04 09:15:00,3.0,18.5,1.5686368903763894,18.06024526957295,15.449907289288522,6.0,59.74545477956053,60.0,0.0,0.07549090955912106
2024-01-04 09:30:00,3.0,18.5,1.8526867558237905,18.602393845193767,15.462488359813886,6.0,59.5482624867409,60.0,0.7702240000000001,0.07509652497348182
2024-01-04 09:45:00,3.0,18.5,2.072411750443292,18.966397664578107,15.50557323659359,6.0,60.628638163066285,60.0,1.5404480000000003,0.07725727632613257
2024-01-04 10:00:00,3.0,18.5,1.940466483654268,18.78543961840961,15.547393771462252,6.0,59.381910171855466,60.0,0.12837066666666666,0.07476382034371094
2024-01-04 10:15:00,3.0,18.5,1.821412603898086,18.612247767404458,15.576921588306853,6.0,59.39459463197695,60.0,0.385112,0.0747891892639539
2024-01-04 10:30:00,3.0,18.5,1.7151764249027182,18.44938665233591,15.595557036680558,6.0,60.989592106330555,60.0,0.0,0.07797918421266112
2024-01-04 10:45:00,3.0,18.5,1.619939929118009,18.295783504754674,15.604552996735059,6.0,60.83841270411814,60.0,0.385112,0.07767682540823628
2024-01-04 11:00:00,3.0,18.5,1.52594245200563,18.150881074556256,15.605030430342332,6.0,60.39655927115023,60.0,1.5404480000000003,0.07679311854230048
2024-01-04 11:15:00,1.0,18.5,1.4727679787381052,18.07512249659471,15.598307437322726,6.0,60.133038629894415,60.0,0.0,0.07626607725978883
2024-01-04 11:30:00,1.0,18.5,1.7916632680454418,18.665088851648697,15.603258582392241,6.0,60.99569911784337,60.0,0.0,0.07799139823568674
2024-01-04 11:45:00,1.0,18.5,1.9563099042891914,18.918182885431893,15.637485596532857,6.0,60.91194150303009,60.0,0.0,0.07782388300606019
2024-01-04 12:00:00,1.0,18.5,1.8324562930504462,18.743735053257662,15.667940001809958,6.0,60.763975655705416,60.0,0.2567413333333333,0.07752795131141084
2024-01-04 12:15:00,3.0,18.5,1.7249157856588822,18.579931628814556,15.687382847396533,6.0,60.469380636266656,60.0,0.0,0.07693876127253331
2024-01-04 12:30:00,3.0,18.5,1.628771016258767,18.42547471655205,15.69708421996462,6.0,59.749251119366114,60.0,2.053930666666667,0.07549850223873224
2024-01-04 12:45:00,3.0,18.5,1.5425201872850196,18.279399410345544,15.6981701608506,6.0,60.16233708175909,60.0,0.0,0.07632467416351818
2024-01-04 13:00:00,3.0,18.5,1.4694722710323156,18.140642130150603,15.6916393145156,6.0,61.01573464050044,60.0,0.2567413333333333,0.07803146928100088
2024-01-04 13:15:00,3.0,18.5,1.4354485180837362,18.09409221487967,15.678887323327414,6.0,60.665410743177866,60.0,0.0,0.07733082148635574
2024-01-04 13:30:00,1.0,18.5,1.781177067751767,18.71862026131496,15.680787816022534,6.0,60.06871411963104,60.0,1.5404480000000003,0.07613742823926209
2024-01-04 13:45:00,3.0,18.5,1.9134977352909446,18.91684742086358,15.711140243090933,6.0,60.994124491566005,60.0,0.0,0.07798824898313202
2024-01-04 14:00:00,3.0,18.5,1.8108721347264616,18.745346988380263,15.736647323522647,6.0,60.478257607415244,60.0,0.6418533333333334,0.0769565152148305
2024-01-04 14:15:00,3.0,18.5,1.7081182029485902,18.583246335215037,15.751593221417256,6.0,59.601744894665586,60.0,1.5404480000000003,0.07520348978933118
2024-01-04 14:30:00,3.0,18.5,1.6151660437456195,18.43018029518279,15.757182610100083,6.0,60.219158507546204,60.0,1.7971893333333335,0.0764383170150924
2024-01-04 14:45:00,3.0,18.5,1.531747077686153,18.28521915589889,15.754499998458506,6.0,61.11647002019652,60.0,0.0,0.07823294004039304
2024-01-04 15:00:00,3.0,18.5,1.4817815301690374,18.146373682951182,15.744492083336747,6.0,60.91290046755818,60.0,0.2567413333333333,0.07782580093511636
2024-01-04 15:15:00,3.0,18.5,1.438615736885025,18.074087015152166,15.728229929218855,6.0,60.112222871129624,60.0,1.0269653333333335,0.07622444574225924
2024-01-04 15:30:00,3.0,18.5,1.7642096193663497,18.666870826187168,15.724451285366488,6.0,59.5684944572189,60.0,1.155336,0.07513698891443779
2024-01-04 15:45:00,3.0,18.5,1.9347970762690123,18.922201788741276,15.750670629546695,6.0,61.088128652439686,60.0,0.0,0.07817625730487937
2024-01-04 16:00:00,3.0,18.5,1.8221801803661444,18.749198413587347,15.77375746484833,6.0,60.887766096952355,60.0,0.2567413333333333,0.07777553219390472
2024-01-04 16:15:00,1.0,18.5,1.7194233742405527,18.58608532940072,15.78638345348127,6.0,59.68260086327429,60.0,1.5404480000000003,0.07536520172654858
2024-01-04 16:30:00,1.0,18.5,1.627122998033092,18.43194262388183,15.789753904819026,6.0,59.62774344933222,60.0,1.7971893333333335,0.07525548689866443
2024-01-04 16:45:00,1.0,18.5,1.5442704443368196,18.285848917160827,15.784943341539163,6.0,60.79026397288433,60.0,0.5134826666666666,0.07758052794576867
2024-01-04 17:00:00,1.0,18.5,1.4698320474887976,18.14698366021792,15.772907737000228,6.0,61.05674938495729,60.0,0.12837066666666666,0.0781134987699146
2024-01-04 17:15:00,1.0,18.5,1.4265992717229488,18.075880967532783,15.754794865355127,6.0,60.17283237979398,60.0,1.668818666666667,0.07634566475958797
2024-01-04 17:30:00,1.0,18.5,1.7537613994038714,18.669695688328108,15.749348883303927,6.0,59.702821442091725,60.0,0.2567413333333333,0.07540564288418346
2024-01-04 17:45:00,1.0,18.5,1.9257428941635688,18.92592148958187,15.77406425257731,6.0,60.985157258108266,60.0,0.0,0.07797031451621653
2024-01-04 18:00:00,1.0,18.5,1.8122830851467073,18.753788855667644,15.795794175409895,6.0,60.79110927721588,60.0,0.12837066666666666,0.07758221855443176
2024-01-04 18:15:00,1.0,18.5,1.7105864221275666,18.591542914044354,15.807201513847936,6.0,60.56074528165864,60.0,0.12837066666666666,0.07712149056331727
2024-01-04 18:30:00,1.0,18.5,1.6193647632989243,18.438162086777695,15.809478584512144,6.0,60.07332357690669,60.0,0.7702240000000001,0.07614664715381339
2024-01-04 18:45:00,1.0,18.5,1.537471553098422,18.29273663901602,15.803686200502613,6.0,59.550611242302324,60.0,0.0,0.07510122248460464
2024-01-04 19:00:00,3.0,18.5,1.4638862559178933,18.15445638593785,15.790768132430092,6.0,59.46995748551413,60.0,0.0,0.07493991497102828
2024-01-04 19:15:00,1.0,18.5,1.4119614149548727,18.063491507159654,15.77171294161935,6.0,59.31588882953718,60.0,0.385112,0.07463177765907436
2024-01-04 19:30:00,3.0,18.5,1.7161286647747382,18.61909806238829,15.763142212854316,6.0,60.29880867428724,60.0,0.2567413333333333,0.07659761734857448
2024-01-04 19:45:00,3.0,18.5,1.923990799437635,18.938660933405572,15.785849992446893,6.0,61.11520006670709,60.0,0.12837066666666666,0.07823040013341419
2024-01-04 20:00:00,1.0,18.5,1.824107296507494,18.765999887526466,15.800648617385832,5.0,60.65431394970463,60.0,0.385112,0.07730862789940927
2024-01-04 20:15:00,1.0,18.5,1.7302226379091223,18.602247433015528,15.797939788795338,5.0,59.807096722696194,60.0,1.9255600000000002,0.07561419344539239
2024-01-04 20:30:00,1.0,18.5,1.6454164864426313,18.446731309852623,15.786955367163097,5.0,61.02550955876639,60.0,0.7702240000000001,0.07805101911753277
2024-01-04 20:45:00,2.0,17.1,1.5691713890191317,18.298616662840217,15.768667245274688,5.0,60.128822925022746,60.0,0.0,0.07625764585004549
2024-01-04 21:00:00,2.0,15.0,1.5116889739595047,18.156693516730353,15.73712949618856,4.0,59.725186892680924,60.0,0.385112,0.07545037378536185
2024-01-04 21:15:00,2.0,15.0,1.4576446415311288,18.019790699955472,15.692732079175295,4.0,59.5155215616677,60.0,0.12837066666666666,0.07503104312333539
2024-01-04 21:30:00,2.0,15.0,1.4082588698291503,17.887667125626347,15.644199090458528,4.0,59.56235425465039,60.0,1.5404480000000003,0.07512470850930077
2024-01-04 21:45:00,1.0,16.4,1.3872119612015132,17.821136595128433,15.592347774157645,4.0,60.8923759136891,60.0,0.0,0.07778475182737819
2024-01-04 22:00:00,2.0,15.0,1.5450621059747327,17.99231600612487,15.535366270748035,2.0,60.95190829675558,60.0,0.0,0.07790381659351114
2024-01-04 22:15:00,2.0,15.0,1.5055329554593404,17.851478935701138,15.466957788594392,2.0,60.868244738846215,60.0,0.0,0.07773648947769243
2024-01-04 22:30:00,2.0,15.0,1.4663377214531066,17.714421700862612,15.395796681627816,2.0,60.78476087921683,60.0,0.0,0.07756952175843367
2024-01-04 22:45:00,2.0,15.0,1.4305375975976686,17.580813429028385,15.32225992954306,2.0,60.09445410007791,60.0,1.5404480000000003,0.07618890820015582
2024-01-04 23:00:00,2.0,15.0,1.3977659271866314,17.450359012168523,15.246682527381301,2.0,60.12476933870819,60.0,0.12837066666666666,0.07624953867741638
2024-01-04 23:15:00,2.0,15.0,1.3676963173523895,17.322795179141057,15.169362105384659,2.0,61.06221438246983,60.0,0.12837066666666666,0.07812442876493968
2024-01-04 23:30:00,2.0,15.0,1.3400382126444845,17.197886999819886,15.090563040897157,2.0,60.88643909229852,60.0,0.0,0.07777287818459705
2024-01-04 23:45:00,2.0,15.0,1.314532955264013,17.075424773541023,15.010520118158825,2.0,60.80291615359932,60.0,0.0,0.07760583230719864
2024-01-05 00:00:00,2.0,15.0,1.2909502784491844,16.955221259613932,14.929441785699582,2.0,59.955340238285686,60.0,1.9255600000000002,0.07591068047657139
2024-01-05 00:15:00,2.0,15.0,1.2690851853896912,16.83710921229018,14.84751305557461,2.0,61.147566800143174,60.0,0.0,0.07829513360028635
2024-01-05 00:30:00,2.0,15.0,1.2487551712832958,16.7209391867163,14.764898083818759,2.0,60.67735715724265,60.0,0.5134826666666666,0.0773547143144853
2024-01-05 00:45:00,2.0,15.0,1.2297977508082414,16.606577586078128,14.681742467168283,2.0,60.14384174713114,60.0,0.8985946666666668,0.07628768349426229
2024-01-05 01:00:00,2.0,15.0,1.2120682574328543,16.49390492341913,14.5981752872448,2.0,58.938020868112964,60.0,1.7971893333333335,0.07387604173622593
2024-01-05 01:15:00,2.0,15.0,1.1954378846754632,16.382814274530944,14.51431092996668,2.0,60.1655197278024,60.0,0.12837066666666666,0.0763310394556048
2024-01-05 01:30:00,2.0,15.0,1.1797919427137182,16.273209900909034,14.430250704900457,2.0,60.301945713615105,60.0,0.7702240000000001,0.07660389142723022
2024-01-05 01:45:00,2.0,15.0,1.1650283066668867,16.165006024076106,14.346084286547873,2.0,59.971611555594606,60.0,0.2567413333333333,0.07594322311118921
2024-01-05 02:00:00,2.0,15.0,1.1621933799603015,16.05765933872082,14.255080480167083,1.0,59.71541827695417,60.0,0.12837066666666666,0.07543083655390832
2024-01-05 02:15:00,2.0,15.0,1.1567144560723621,15.950591996925072,14.156930268906006,1.0,59.47814100065038,60.0,0.7702240000000001,0.07495628200130076
2024-01-05 02:30:00,2.0,15.0,1.1504812362524661,15.844090953508418,14.059735577606864,1.0,60.109544563998746,60.0,0.385112,0.07621908912799749
2024-01-05 02:45:00,2.0,15.0,1.144058143848869,15.738175032340221,13.963462526498018,1.0,60.815498340642414,60.0,0.385112,0.07763099668128484
2024-01-05 03:00:00,2.0,15.0,1.1374723873750405,15.632860400952561,13.868080445641057,1.0,60.35529018773844,60.0,0.385112,0.07671058037547689
2024-01-05 03:15:00,2.0,15.0,1.130748138101816,15.528160866834721,13.773561525755921,1.0,60.03401380471697,60.0,0.12837066666666666,0.07606802760943393
2024-01-05 03:30:00,2.0,15.0,1.123906864315683,15.424088141121107,13.67988050740876,1.0,59.84199424345914,60.0,0.2567413333333333,0.07568398848691828
2024-01-05 03:45:00,2.0,15.0,1.1169676288249812,15.320652073257792,13.58701440434493,1.0,59.56777028933686,60.0,0.12837066666666666,0.07513554057867373
2024-01-05 04:00:00,2.0,15.0,1.1210846982370932,15.217394463927974,13.488131740234603,0.0,59.18887675111185,60.0,0.385112,0.0743777535022237
2024-01-05 04:15:00,1.0,16.4,1.145492890863175,15.175078121163121,13.38313154818683,0.0,60.57445101112607,60.0,0.0,0.07714890202225216
2024-01-05 04:30:00,2.0,16.866666666666667,1.4966929709871557,15.706193731999925,13.2975046688631,0.0,61.13555836639886,60.0,0.0,0.07827111673279771
2024-01-05 04:45:00,2.0,15.0,1.5560449642970895,15.709891986356514,13.236041520391781,0.0,61.051500352379165,60.0,0.0,0.07810300070475833
2024-01-05 05:00:00,2.0,15.0,1.5097326762280283,15.568527598790464,13.172823667759245,0.0,60.636541542518636,60.0,0.8985946666666668,0.07727308308503728
2024-01-05 05:15:00,2.0,15.0,1.4676092903970839,15.431229535104432,13.106483093351178,0.0,59.7264976005017,60.0,0.385112,0.07545299520100342
2024-01-05 05:30:00,2.0,15.7,1.5082315051823485,15.451212315641863,13.039837508130942,0.0,59.05458299505657,60.0,1.5404480000000003,0.07410916599011315
2024-01-05 05:45:00,2.0,15.0,1.5224526290609968,15.399926653754807,12.979886550023075,0.0,60.91303752045076,60.0,0.0,0.07782607504090151
2024-01-05 06:00:00,2.0,16.4,1.5958268121017762,15.491900121475165,12.921257707469717,0.0,60.97969750297411,60.0,0.12837066666666666,0.07795939500594823
2024-01-05 06:15:00,1.0,17.8,1.7574110330750552,15.74367619508704,12.87623224004065,0.0,60.82248494739888,60.0,0.0,0.07764496989479777
2024-01-05 06:30:00,1.0,18.5,2.176981773022779,16.460006144306387,12.860127054827526,0.0,60.01276205629984,60.0,1.0269653333333333,0.07602552411259969
2024-01-05 06:45:00,1.0,18.5,2.5753543983715352,17.162406339044725,12.88320729121492,0.0,59.00604665797057,60.0,1.7971893333333335,0.07401209331594114
2024-01-05 07:00:00,1.0,18.5,2.9327913379074118,17.830072883790322,12.941028160401169,0.0,59.89390918092574,60.0,0.0,0.07578781836185147
2024-01-05 07:15:00,1.0,18.5,3.254663508202306,18.466521275603824,13.029502039189866,0.0,59.70844288106522,60.0,1.9255600000000002,0.07541688576213045
2024-01-05 07:30:00,1.0,18.5,3.4785523401789127,18.92833923183822,13.143750414212116,0.0,60.143903479478595,60.0,0.2567413333333333,0.0762878069589572
2024-01-05 07:45:00,1.0,18.5,3.2965950555549535,18.700391560069843,13.256494013651565,0.0,60.97108401632182,60.0,0.0,0.07794216803264363
2024-01-05 08:00:00,1.0,18.5,3.048056520983595,18.408308772939513,13.35314604509936,1.0,60.88737927149775,60.0,0.0,0.07777475854299551
2024-01-05 08:15:00,1.0,18.5,2.839820026339522,18.137360939226195,13.435972893717661,1.0,60.8038543134177,60.0,0.0,0.0776077086268354
2024-01-05 08:30:00,1.0,18.5,2.8661355267571103,18.308760524850644,13.505980250994735,1.0,60.72050875592347,60.0,0.0,0.07744101751184694
2024-01-05 08:45:00,3.0,18.5,3.164512746307522,18.890188198765074,13.596012907646934,1.0,57.517960605756365,60.0,5.391568,0.07103592121151274
2024-01-05 09:00:00,3.0,18.5,3.06211480291708,18.784535226994667,13.694981169767898,1.0,58.637603242807685,60.0,0.0,0.07327520648561538
2024-01-05 09:15:00,3.0,18.5,2.8558588934840214,18.512147206215253,13.774670074508345,1.0,60.579304989859665,60.0,1.5404480000000003,0.07715860997971932
2024-01-05 09:30:00,1.0,18.5,2.671796985628535,18.25766931633394,13.835031684909081,1.0,61.11686906457411,60.0,0.0,0.07823373812914822
2024-01-05 09:45:00,1.0,18.5,2.5307429281042806,18.080484467708242,13.87856469454506,1.0,61.03285119270801,60.0,0.0,0.07806570238541603
2024-01-05 10:00:00,1.0,18.5,2.753248004357037,18.57747774814516,13.932030540794502,2.0,60.94901378014149,60.0,0.0,0.07789802756028298
2024-01-05 10:15:00,1.0,18.5,2.928590004322552,18.914206885594282,14.018359202996722,2.0,60.865356439271785,60.0,0.0,0.07773071287854358
2024-01-05 10:30:00,3.0,18.5,2.743354502222392,18.66483131862265,14.098405694578364,2.0,60.69909987958373,60.0,0.2567413333333333,0.07739819975916747
2024-01-05 10:45:00,3.0,18.5,2.564680242597645,18.420471925178404,14.159707156033715,2.0,60.07970460209508,60.0,1.5404480000000003,0.07615940920419016
2024-01-05 11:00:00,3.0,18.5,2.3871046597422407,18.19249168313337,14.204355891026493,2.0,59.78718868631533,60.0,1.5404480000000003,0.07557437737263067
2024-01-05 11:15:00,1.0,18.5,2.3094571970311444,18.12583757415526,14.235556935298218,2.0,61.01804838587972,60.0,0.0,0.07803609677175945
2024-01-05 11:30:00,1.0,18.5,2.625130910884201,18.731915106206543,14.279057245482313,2.0,60.948547524303805,60.0,0.0,0.0778970950486076
2024-01-05 11:45:00,1.0,18.5,2.693088543059178,18.855440259421595,14.344999027772822,2.0,60.8648911848901,60.0,0.0,0.07772978236978019
2024-01-05 12:00:00,3.0,18.5,2.513281402547129,18.615700600740478,14.406704460602388,3.0,60.78141452825197,60.0,0.0,0.07756282905650395
2024-01-05 12:15:00,3.0,18.5,2.351200961184882,18.391764639769082,14.459564942063896,3.0,60.69811716845456,60.0,0.0,0.0773962343369091
2024-01-05 12:30:00,3.0,18.5,2.2063412768315755,18.181920308958922,14.497371880643085,3.0,60.61499872039188,60.0,0.0,0.07722999744078375
2024-01-05 12:45:00,1.0,18.5,2.1425055865429963,18.131210461362592,14.523088268157737,3.0,60.532058799785155,60.0,0.0,0.07706411759957031
2024-01-05 13:00:00,1.0,18.5,2.4795842113560016,18.75166782300425,14.562281982275602,3.0,60.44929702318097,60.0,0.0,0.07689859404636194
2024-01-05 13:15:00,1.0,18.5,2.5577564119970466,18.88808881884246,14.62492605295841,3.0,60.36671300794953,60.0,0.0,0.07673342601589907
2024-01-05 13:30:00,1.0,18.5,2.3937932524124026,18.66012957061273,14.677409642660049,3.0,60.28430637228287,60.0,0.0,0.07656861274456574
2024-01-05 13:45:00,3.0,18.5,2.2470084126338863,18.446448796883377,14.714656863374076,3.0,60.13770442088626,60.0,0.12837066666666666,0.07627540884177252
2024-01-05 14:00:00,3.0,18.5,2.0920016782318913,18.24659702561241,14.74523089313853,4.0,59.98230035531994,60.0,0.7702240000000001,0.07596460071063987
2024-01-05 14:15:00,2.0,15.466666666666667,1.966106851144239,18.059796602614643,14.771104283913436,4.0,59.21813646183986,60.0,0.385112,0.07443627292367973
2024-01-05 14:30:00,2.0,15.0,1.8545740792555088,17.883839927900066,14.785624092994412,4.0,60.915258329665384,60.0,0.12837066666666666,0.07783051665933077
2024-01-05 14:45:00,3.0,17.333333333333332,1.8390997832257983,17.900534827798264,14.791869486003742,4.0,60.936020276210016,60.0,0.0,0.07787204055242003
2024-01-05 15:00:00,3.0,18.5,2.244830811550755,18.57398464126048,14.81679703987109,4.0,59.85050022553192,60.0,1.0269653333333335,0.07570100045106383
2024-01-05 15:15:00,3.0,18.5,2.467290444421415,18.955135569906165,14.873296581123276,4.0,59.57625928750808,60.0,0.12837066666666666,0.07515251857501616
2024-01-05 15:30:00,3.0,18.5,2.3206681868262793,18.746419305385874,14.927777834477144,4.0,59.449629499694986,60.0,0.0,0.07489925899938998
2024-01-05 15:45:00,3.0,18.5,2.176449465441538,18.539362273681665,14.96730202887229,4.0,58.9633293299083,60.0,1.7971893333333335,0.0739266586598166
2024-01-05 16:00:00,3.0,18.5,2.056979060712624,18.344439396794193,14.990456936534203,3.55,60.80593110130949,60.0,0.12837066666666666,0.07761186220261897
2024-01-05 16:15:00,1.0,18.5,1.9448119748842119,18.160098592764374,14.998583260067873,3.55,61.004688326010594,60.0,0.0,0.07800937665202118
2024-01-05 16:30:00,3.0,18.5,1.9095562604972893,18.132104396329957,14.997896356978924,3.55,60.92091140356463,60.0,0.0,0.07784182280712924
2024-01-05 16:45:00,1.0,18.5,2.2594736382072367,18.765078038029575,15.013596157172724,3.55,60.8373144228907,60.0,0.0,0.0776746288457814
2024-01-05 17:00:00,1.0,18.5,2.330345265762597,18.86898798750623,15.052432206458407,3.396667,60.459661773138464,60.0,0.5134826666666666,0.07691932354627692
2024-01-05 17:15:00,1.0,18.5,2.191660437279999,18.66075611638653,15.081335128411668,3.396667,60.11984422244913,60.0,0.0,0.07623968844489827
2024-01-05 17:30:00,1.0,18.5,2.067300407904421,18.464615142213997,15.097577846232863,3.396667,60.019569147031774,60.0,0.12837066666666666,0.07603913829406354
2024-01-05 17:45:00,1.0,18.5,1.9557692526897914,18.279313917997797,15.102620893002399,3.396667,59.570267921784165,60.0,0.2567413333333333,0.07514053584356833
2024-01-05 18:00:00,3.0,18.5,1.8549201373603703,18.103769379913594,15.098217758296423,3.463333,59.195423667694904,60.0,0.385112,0.07439084733538982
2024-01-05 18:15:00,3.0,18.5,1.9183870006324242,18.25299132822484,15.089741003098798,3.463333,60.04297685322447,60.0,0.0,0.07608595370644894
2024-01-05 18:30:00,1.0,18.5,2.284160040510298,18.881697073158673,15.106974227957885,3.463333,60.942766266533795,60.0,0.12837066666666666,0.0778855325330676
2024-01-05 18:45:00,1.0,18.5,2.249096989494866,18.81741796821951,15.139897865843661,3.463333,60.813201402089746,60.0,0.0,0.0776264028041795
2024-01-05 19:00:00,1.0,18.5,2.119827659224308,18.616228083382566,15.160698038150912,3.371667,60.72983576828274,60.0,0.0,0.07745967153656548
2024-01-05 19:15:00,1.0,18.5,2.003728929712729,18.426303575787706,15.169038740893534,3.371667,60.646649192854056,60.0,0.12837066666666666,0.07729329838570813
2024-01-05 19:30:00,1.0,18.5,1.8995049252753986,18.246505906395033,15.16702270287916,3.371667,60.29709959801074,60.0,0.2567413333333333,0.07659419919602148
2024-01-05 19:45:00,1.0,18.5,1.8058997653629796,18.075799512112166,15.155856895672825,3.371667,59.65711861811393,60.0,1.5404480000000003,0.07531423723622786
2024-01-05 20:00:00,3.0,18.5,1.9638202568607934,18.39772185416619,15.14543006112435,3.468333,60.48084552226755,60.0,0.0,0.07696169104453511
2024-01-05 20:15:00,1.0,18.5,2.2892927796057867,18.936293261691734,15.165861398399313,3.468333,61.04215392977578,60.0,0.0,0.07808430785955157
2024-01-05 20:30:00,1.0,18.5,2.200985408226579,18.789251472745537,15.194488541643551,3.468333,60.95829653615786,60.0,0.0,0.07791659307231573
2024-01-05 20:45:00,1.0,18.5,2.0760263360896087,18.592279477281036,15.21092486720333,3.468333,60.38721833267563,60.0,1.0269653333333335,0.07677443666535126
2024-01-05 21:00:00,1.0,18.5,1.9664276858471477,18.406096013563417,15.214596167156872,3.246667,59.262353455891,60.0,1.668818666666667,0.07452470691178201
2024-01-05 21:15:00,1.0,18.5,1.8675659041697434,18.229468681592394,15.206724233514766,3.246667,60.25174180437646,60.0,0.0,0.0765034836087529
2024-01-05 21:30:00,1.0,18.033333333333335,1.7786197418886869,18.061477750150804,15.19025303132496,3.246667,60.39569575309486,60.0,2.5674133333333335,0.07679139150618973
2024-01-05 21:45:00,1.0,18.5,1.9417553009061013,18.385666375916333,15.174353108055817,3.246667,59.51410167965571,60.0,0.385112,0.07502820335931142
2024-01-05 22:00:00,1.0,18.5,2.2728062603458157,18.926002697818774,15.188349982269397,3.143333,60.884716185982455,60.0,0.2567413333333333,0.0777694323719649
2024-01-05 22:15:00,1.0,18.5,2.1891838399038934,18.78024582118002,15.210271885086856,3.143333,60.240389718016154,60.0,0.8985946666666668,0.0764807794360323
2024-01-05 22:30:00,2.0,15.466666666666667,2.068325110669507,18.584157788059844,15.220512230725896,3.143333,59.58861211066566,60.0,0.2567413333333333,0.07517722422133133
2024-01-05 22:45:00,2.0,15.0,1.9598869420888616,18.398606682054133,15.219952130651894,3.143333,59.29654161698995,60.0,0.0,0.07459308323397988
2024-01-05 23:00:00,2.0,15.0,1.862974091404806,18.222494356530753,15.209565271612389,3.101667,59.69277321840218,60.0,0.8985946666666668,0.07538554643680437
2024-01-05 23:15:00,2.0,15.0,1.7757728557985464,18.05483891748387,15.190454554454128,3.101667,58.24360279425027,60.0,12.965437333333334,0.07248720558850057
2024-01-05 23:30:00,2.0,15.0,1.6972880611282646,17.894799260147987,15.16395017468747,3.101667,42.0317856708375,60.0,8.985946666666667,0.04006357134167501
2024-01-05 23:45:00,2.0,15.0,1.6265873412955805,17.741616350826554,15.130933729472448,3.101667,43.15336959315428,60.0,0.2567413333333333,0.04230673918630857
2024-01-06 00:00:00,2.0,15.0,1.563452117521772,17.594587611339648,15.09180346087081,3.045,46.02639528520021,60.0,0.2567413333333333,0.04805279057040041
2024-01-06 00:15:00,2.0,15.0,1.5063048638721808,17.453081834711114,15.047235349631318,3.045,48.88411597634567,60.0,0.2567413333333333,0.053768231952691335
2024-01-06 00:30:00,2.0,15.0,1.454583536914808,17.316582090167987,14.998305291569633,3.045,51.96551940121842,60.0,0.0,0.05993103880243685
2024-01-06 00:45:00,2.0,15.0,1.4077245190645535,17.184614350907314,14.945559880001781,3.045,54.86555055454928,60.0,0.5134826666666666,0.06573110110909856
2024-01-06 01:00:00,2.0,15.0,1.3784155115414118,17.056202697351804,14.88140331281919,1.8583329999999998,57.72272409965788,60.0,0.0,0.07144544819931578
2024-01-06 01:15:00,2.0,15.0,1.348989125709199,16.930366745731693,14.805817788520892,1.8583329999999998,60.56686697635033,60.0,0.12837066666666666,0.07713373395270068
2024-01-06 01:30:00,2.0,15.0,1.3213545451133029,16.807184854850366,14.728728231921123,1.8583329999999998,60.8613123394211,60.0,0.0,0.0777226246788422
2024-01-06 01:45:00,2.0,15.0,1.2958849387531417,16.686446136003028,14.650371022161485,1.8583329999999998,60.501922479209824,60.0,0.7702240000000001,0.07700384495841965
2024-01-06 02:00:00,2.0,15.0,1.2727384071715344,16.56794597708398,14.570717667888125,1.823333,59.86797657535238,60.0,0.0,0.07573595315070475
2024-01-06 02:15:00,2.0,15.0,1.251201462668039,16.451498400472907,14.489941191439973,1.823333,59.786641159716645,60.0,0.0,0.07557328231943329
2024-01-06 02:30:00,2.0,15.0,1.2311591252765068,16.33696536251542,14.40848829672631,1.823333,59.70548044181854,60.0,0.0,0.07541096088363708
2024-01-06 02:45:00,2.0,15.0,1.2124698997529935,16.224215162622887,14.326502512642092,1.823333,59.6244940464304,60.0,0.0,0.07524898809286079
2024-01-06 03:00:00,2.0,15.0,1.1922810789890521,16.113243499711878,14.2457683178012,2.066667,59.54368159913045,60.0,0.0,0.07508736319826091
2024-01-06 03:15:00,2.0,15.0,1.1739920135167496,16.00406878433117,14.166490728307256,2.066667,59.46304272630118,60.0,0.0,0.07492608545260236
2024-01-06 03:30:00,2.0,15.0,1.1570122626012926,15.896511729554236,14.08681320753322,2.066667,59.89976343627215,60.0,0.7702240000000001,0.0757995268725443
2024-01-06 03:45:00,2.0,15.0,1.141088176293583,15.790469636792038,14.006845692990279,2.066667,61.05144523558723,60.0,0.0,0.07810289047117447
2024-01-06 04:00:00,2.0,15.0,1.1270376799343815,15.68581168807104,13.926118010227762,1.9833329999999998,60.967567885470764,60.0,0.0,0.07793513577094154
2024-01-06 04:15:00,2.0,15.0,1.1135549991111722,15.58241309826059,13.844684758605789,1.9833329999999998,60.883870692831685,60.0,0.0,0.07776774138566338
2024-01-06 04:30:00,1.0,16.166666666666668,1.1833697552922973,15.641017241691117,13.766702351403799,1.9833329999999998,60.7543585452518,60.0,0.2567413333333333,0.07750871709050361
2024-01-06 04:45:00,2.0,15.933333333333334,1.3541257974149383,15.872487974648656,13.701868865468699,1.9833329999999998,60.05541873682894,60.0,1.668818666666667,0.07611083747365788
2024-01-06 05:00:00,2.0,15.0,1.3473070001294292,15.78757968338313,13.647304934669762,2.066667,60.81055391793454,60.0,0.2567413333333333,0.07762110783586909
2024-01-06 05:15:00,2.0,15.0,1.3081885684950632,15.665131452041434,13.590745373798661,2.066667,60.029497100741246,60.0,1.668818666666667,0.0760589942014825
2024-01-06 05:30:00,2.0,16.4,1.3221789958657941,15.656102696874887,13.532428984040028,2.066667,61.01687829668579,60.0,0.0,0.07803375659337157
2024-01-06 05:45:00,2.0,15.0,1.439629248428866,15.78500886023485,13.484935791389677,2.066667,60.893238968656576,60.0,0.12837066666666666,0.07778647793731315
2024-01-06 06:00:00,1.0,16.166666666666668,1.4520373543612992,15.767637224671471,13.436651687180388,1.491667,60.754592343641136,60.0,0.0,0.07750918468728227
2024-01-06 06:15:00,1.0,18.5,1.7292361812885868,16.246354541139073,13.397303850120938,1.491667,60.67135259435609,60.0,0.0,0.07734270518871217
2024-01-06 06:30:00,2.0,15.233333333333333,1.9837153148393574,16.620013550148812,13.390064914022586,1.491667,59.8713084516929,60.0,0.7702240000000001,0.07574261690338578
2024-01-06 06:45:00,2.0,15.0,1.8888877239265667,16.445406074396917,13.385379702829008,1.491667,59.679779314446506,60.0,0.0,0.07535955862889303
2024-01-06 07:00:00,1.0,17.1,1.8625685298008714,16.42213147702694,13.372238299957672,1.375,59.46408832757935,60.0,0.7702240000000001,0.07492817665515868
2024-01-06 07:15:00,2.0,17.1,2.2004564977657077,17.01001251871919,13.375382408842416,1.375,60.66156786529181,60.0,0.12837066666666666,0.07732313573058364
2024-01-06 07:30:00,2.0,15.0,2.199175470540854,16.988333346562694,13.39722532732059,1.375,61.02015446122381,60.0,0.12837066666666666,0.07804030892244763
2024-01-06 07:45:00,2.0,15.0,2.0768137013559462,16.791398108913675,13.40920647791861,1.375,60.660578921267735,60.0,0.2567413333333333,0.07732115784253547
2024-01-06 08:00:00,2.0,15.0,1.9542184605171442,16.605741453012588,13.408287759376865,1.088333,60.46731766956694,60.0,0.0,0.07693463533913387
2024-01-06 08:15:00,1.0,17.1,1.9234929823882678,16.57669429087192,13.3969305210089,1.088333,60.384694948365535,60.0,0.0,0.07676938989673106
2024-01-06 08:30:00,1.0,18.5,2.2806931858040995,17.220432058012168,13.402625417383927,1.088333,60.247049689864205,60.0,0.7702240000000001,0.07649409937972841
2024-01-06 08:45:00,1.0,18.5,2.662846136594886,17.91406945560857,13.444875962052976,1.088333,59.39293032865773,60.0,0.0,0.07478586065731546
2024-01-06 09:00:00,3.0,18.5,2.992146559495263,18.57500976941882,13.521326153279139,1.26,59.31261524966034,60.0,0.0,0.07462523049932068
2024-01-06 09:15:00,1.0,18.5,3.1457491317974533,18.890769871958835,13.623988499600042,1.26,59.93388764790014,60.0,0.2567413333333333,0.07586777529580029
2024-01-06 09:30:00,1.0,18.5,2.9411359701158246,18.62231398049834,13.71820710964901,1.26,61.023140457939604,60.0,0.0,0.07804628091587922
2024-01-06 09:45:00,1.0,18.5,2.7451819614141075,18.360558336067246,13.791759422027807,1.26,60.939323902749685,60.0,0.0,0.07787864780549936
2024-01-06 10:00:00,1.0,18.5,2.5375640846975256,18.11736485222966,13.846894226315955,1.25,60.85568737445768,60.0,0.0,0.07771137474891535
2024-01-06 10:15:00,1.0,18.5,2.5912570940711124,18.31540117193757,13.892452733302958,1.25,60.77223048638958,60.0,0.0,0.07754446097277914
2024-01-06 10:30:00,1.0,18.5,2.9043680471741755,18.896476832222792,13.96080486334156,1.25,60.68895285270191,60.0,0.0,0.07737790570540382
2024-01-06 10:45:00,1.0,18.5,2.8115893168538912,18.777823299757017,14.038429317871074,1.25,60.569061999711785,60.0,0.12837066666666666,0.07713812399942356
2024-01-06 11:00:00,1.0,18.5,2.5994705603603916,18.528685194404076,14.104712041572348,2.116667,60.27475912144857,60.0,0.7702240000000001,0.07654951824289714
2024-01-06 11:15:00,1.0,18.5,2.4296411651695693,18.29725200238514,14.160390052492252,2.116667,59.347092263178745,60.0,0.12837066666666666,0.0746941845263575
2024-01-06 11:30:00,1.0,18.5,2.2793966141469095,18.084538432698857,14.200441324648812,2.116667,59.25769408264417,60.0,0.0,0.07451538816528833
2024-01-06 11:45:00,1.0,18.5,2.4220526066386285,18.42096992593959,14.236537099825712,2.116667,58.98048337423051,60.0,0.8985946666666668,0.07396096674846102
2024-01-06 12:00:00,3.0,18.5,2.712129670784554,18.91903491493256,14.300425329848355,2.3399999999999994,60.02386641562894,60.0,0.0,0.07604773283125786
2024-01-06 12:15:00,3.0,18.5,2.579937347879954,18.73510978491258,14.369222285855596,2.3399999999999994,61.058553877863524,60.0,0.0,0.07811710775572704
2024-01-06 12:30:00,1.0,18.5,2.4150523248696003,18.50514856772892,14.421270687547057,2.3399999999999994,60.97466125932168,60.0,0.0,0.07794932251864335
2024-01-06 12:45:00,3.0,18.5,2.2674359988364983,18.28954641559203,14.458008105470373,2.3399999999999994,60.89094883105181,60.0,0.0,0.07778189766210361
2024-01-06 13:00:00,1.0,18.5,2.132095419157962,18.086885357814477,14.489420449944468,3.55,60.807416206028975,60.0,0.0,0.07761483241205797
2024-01-06 13:15:00,1.0,18.5,2.2474784893956903,18.380825320244615,14.525647440351808,3.55,60.72406299805953,60.0,0.0,0.07744812599611907
2024-01-06 13:30:00,1.0,18.5,2.5534721743939275,18.931527878261136,14.587998226540574,3.55,60.64088882177935,60.0,0.0,0.07728177764355872
2024-01-06 13:45:00,1.0,18.5,2.4447999781063814,18.78532576329471,14.656861483626267,3.55,60.55789329265198,60.0,0.0,0.07711578658530396
2024-01-06 14:00:00,1.0,18.5,2.217699617823966,18.57072262610085,14.708802781117969,3.376667,60.47507602696691,60.0,0.0,0.07695015205393381
2024-01-06 14:15:00,1.0,18.5,2.075918576474135,18.37326618825563,14.745037822549238,3.376667,60.39243664183781,60.0,0.0,0.07678487328367561
2024-01-06 14:30:00,1.0,18.5,1.9534859261299016,18.18771636120067,14.76868466504278,3.376667,60.309974755200706,60.0,0.0,0.07661994951040141
2024-01-06 14:45:00,3.0,18.5,1.867459904451403,18.07409993472612,14.781486883975726,3.376667,60.22768998581227,60.0,0.0,0.07645537997162453
2024-01-06 15:00:00,3.0,18.5,2.239009508259935,18.625307006986144,14.799098860375356,2.853333,60.14558195324803,60.0,0.0,0.07629116390649607
2024-01-06 15:15:00,1.0,18.5,2.414451052489104,18.89796421276554,14.840544327290132,2.853333,60.06365027790062,60.0,0.0,0.07612730055580125
2024-01-06 15:30:00,1.0,18.5,2.2691734586454033,18.68219880593514,14.877231686019458,2.853333,59.981894580978015,60.0,0.0,0.07596378916195602
2024-01-06 15:45:00,3.0,18.5,2.1368730942688274,18.47929866351318,14.900355676878807,2.853333,59.90031448450178,60.0,0.0,0.07580062896900355
2024-01-06 16:00:00,3.0,18.5,2.069355641829732,18.285546358024607,14.912108191761591,2.951667,59.81890961130534,60.0,0.0,0.07563781922261067
2024-01-06 16:15:00,1.0,18.5,1.9632097953859642,18.099625933621247,14.913737741321063,2.951667,59.737679585032204,60.0,0.0,0.07547535917006441
2024-01-06 16:30:00,1.0,18.5,2.0459946062325285,18.29149279375488,14.910983984522677,2.951667,59.656624030134275,60.0,0.0,0.07531324806026854
2024-01-06 16:45:00,1.0,18.5,2.3940261478064424,18.88812310370833,14.934705565257852,2.951667,59.575742571870045,60.0,0.0,0.07515148514374008
2024-01-06 17:00:00,1.0,18.5,2.340149914217778,18.782288816929356,14.964930020676599,2.096667,59.495034836302935,60.0,0.0,0.07499006967260587
2024-01-06 17:15:00,1.0,18.5,2.2111047544306657,18.57265189322011,14.976382960615089,2.096667,59.414500450299535,60.0,0.0,0.07482900090059906
2024-01-06 17:30:00,1.0,18.5,2.0949160533452096,18.374305206895404,14.976255827634738,2.096667,59.334139041527834,60.0,0.0,0.07466827808305568
2024-01-06 17:45:00,1.0,18.5,1.9905832366409029,18.18609255046677,14.965896467800691,2.096667,59.25395023845558,60.0,0.0,0.07450790047691115
2024-01-06 18:00:00,1.0,18.5,1.9404965865497659,18.092310078898848,14.942006148674473,1.36,59.17393367034851,60.0,0.0,0.07434786734069702
2024-01-06 18:15:00,1.0,18.5,2.2704048857892025,18.67508209003333,14.925455408599081,1.36,59.09408896726867,60.0,0.0,0.07418817793453733
2024-01-06 18:30:00,1.0,18.5,2.4220928799421206,18.884618397800416,14.93793544693014,1.36,59.15773014258763,60.0,0.0,0.07431546028517527
2024-01-06 18:45:00,1.0,18.5,2.290306529202362,18.667571488329905,14.945827679319324,1.36,60.86786150844806,60.0,0.0,0.07773572301689612
2024-01-06 19:00:00,1.0,18.5,2.1762124439611927,18.46184071603742,14.93943852358833,0.985,60.99899083738941,60.0,0.0,0.07799798167477882
2024-01-06 19:15:00,1.0,18.5,2.0728972957997267,18.266061425494556,14.919993754534541,0.985,60.78654608362336,60.0,0.12837066666666666,0.07757309216724671
2024-01-06 19:30:00,1.0,18.5,1.979780385459967,18.07931903365132,14.891725356594117,0.985,60.69405614627042,60.0,0.0,0.07738811229254083
2024-01-06 19:45:00,1.0,18.5,2.1390705645015875,18.3851250039649,14.863839375246657,0.985,60.61094642074738,60.0,0.0,0.07722189284149476
2024-01-06 20:00:00,1.0,18.5,2.485441367764109,18.94382300254598,14.866073555143211,0.86,60.52801520394544,60.0,0.0,0.07705603040789089
2024-01-06 20:15:00,1.0,18.5,2.412244968700213,18.802119438862228,14.878252135433485,0.86,60.307326710638684,60.0,0.2567413333333333,0.07661465342127736
2024-01-06 20:30:00,1.0,18.5,2.285205433482779,18.585743635230255,14.878614407910256,0.86,60.02288746755532,60.0,0.12837066666666666,0.07604577493511065
2024-01-06 20:45:00,1.0,18.5,2.171133260665081,18.380448062212846,14.867781283431386,0.86,59.61025788454283,60.0,0.5134826666666666,0.07522051576908567
2024-01-06 21:00:00,1.0,18.5,2.0702434827885403,18.185038077582874,14.846065477223805,0.713333,59.57664161401035,60.0,0.2567413333333333,0.07515328322802069
2024-01-06 21:15:00,1.0,18.5,2.0287056490728568,18.112527116623447,14.815407263439008,0.713333,60.87469658613388,60.0,0.2567413333333333,0.07774939317226776
2024-01-06 21:30:00,1.0,18.5,2.373686842770942,18.718847099783044,14.800140190970179,0.713333,60.66771577826504,60.0,0.0,0.07733543155653008
2024-01-06 21:45:00,3.0,18.5,2.5192654814056827,18.919152761387515,14.813828830403612,0.713333,60.45598255960228,60.0,0.12837066666666666,0.07691196511920456
2024-01-06 22:00:00,3.0,18.5,2.3823747419172343,18.693392001657433,14.822146236141215,0.68,60.281450085722916,60.0,0.8985946666666668,0.07656290017144583
2024-01-06 22:15:00,3.0,18.5,2.259452278374003,18.47956707624147,14.818004371510158,0.68,59.31694775592722,60.0,0.0,0.07463389551185443
2024-01-06 22:30:00,3.0,18.5,2.1490227794009447,18.27646676383288,14.803096336331832,0.68,59.23679587746743,60.0,0.0,0.07447359175493486
2024-01-06 22:45:00,2.0,17.1,2.0497358335955043,18.08300446903822,14.778687010486633,0.68,59.15681615466362,60.0,0.0,0.07431363230932725
2024-01-06 23:00:00,2.0,15.0,1.9591113809094185,17.898265249717767,14.746673476578275,0.793333,59.43652578022394,60.0,0.2567413333333333,0.07487305156044786
2024-01-06 23:15:00,2.0,15.0,1.8777078210444305,17.72144471288623,14.708099633399009,0.793333,60.957835843912385,60.0,0.2567413333333333,0.07791567168782479
2024-01-06 23:30:00,2.0,15.0,1.804337950167588,17.55173537066647,14.662944588270895,0.793333,60.72413152951904,60.0,0.0,0.07744826305903808
2024-01-06 23:45:00,2.0,15.0,1.7380716854707192,17.38844460886813,14.612010218752912,0.793333,60.64095720604233,60.0,0.0,0.07728191441208467
2024-01-07 00:00:00,2.0,15.0,1.6736058059813879,17.231144984283674,14.558779286562439,1.2,60.557961530034596,60.0,0.0,0.07711592306006917
2024-01-07 00:15:00,2.0,15.0,1.616144635092407,17.079493519624894,14.504040150885666,1.2,60.47514411778465,60.0,0.0,0.07695028823556929
2024-01-07 00:30:00,2.0,15.0,1.5642770807224435,16.932858233627638,14.445087103267209,1.2,60.13507725902051,60.0,0.385112,0.07627015451804103
2024-01-07 00:45:00,2.0,15.0,1.5172015817397453,16.790771982435686,14.38245748231529,1.2,59.86021851181009,60.0,0.12837066666666666,0.07572043702362018
2024-01-07 01:00:00,2.0,15.0,1.472894327394877,16.65288133488309,14.317548433451186,1.335,59.51229877775567,60.0,0.385112,0.07502459755551134
2024-01-07 01:15:00,2.0,15.0,1.4328485834569362,16.518883763375417,14.250835809648411,1.335,58.9982105761317,60.0,1.5404480000000003,0.07399642115226342
2024-01-07 01:30:00,2.0,15.0,1.3963872563501618,16.388401153352078,14.18161166243433,1.335,60.98780995496136,60.0,0.12837066666666666,0.07797561990992272
2024-01-07 01:45:00,2.0,15.0,1.3630585067922083,16.261128228778738,14.110223369907429,1.335,60.6036720940122,60.0,1.5404480000000003,0.0772073441880244
2024-01-07 02:00:00,2.0,15.0,1.32803220809939,16.13698080235356,14.039726508664613,1.738333,59.997299651607385,60.0,0.2567413333333333,0.07599459930321477
2024-01-07 02:15:00,2.0,15.0,1.2968524037455842,16.015921159109766,13.9705482157884,1.738333,60.467138423711724,60.0,1.668818666666667,0.07693427684742345
2024-01-07 02:30:00,2.0,15.0,1.268459920194304,15.89759174901148,13.899689255728001,1.738333,59.272880289302144,60.0,0.0,0.0745457605786043
2024-01-07 02:45:00,2.0,15.0,1.2423627023472252,15.78176895739852,13.827401608173927,1.738333,59.47650367947002,60.0,0.7702240000000001,0.07495300735894003
2024-01-07 03:00:00,2.0,15.0,1.215882718097315,15.668355030781568,13.75539603028135,1.956667,61.063082393367836,60.0,0.0,0.07812616478673567
2024-01-07 03:15:00,2.0,15.0,1.1919646752661148,15.557282874928516,13.683954001332681,1.956667,60.87393226682081,60.0,0.2567413333333333,0.0777478645336416
2024-01-07 03:30:00,2.0,15.0,1.1699849836430083,15.44831716043593,13.611496491520297,1.956667,60.4963300783351,60.0,0.2567413333333333,0.0769926601566702
2024-01-07 03:45:00,2.0,15.0,1.1496325528006837,15.3412994227774,13.53819933474111,1.956667,60.27585719527058,60.0,0.0,0.07655171439054118
2024-01-07 04:00:00,1.0,16.866666666666667,1.1799390686677191,15.350194003990026,13.465263302832817,1.988333,59.80741182005694,60.0,0.7702240000000001,0.07561482364011389
2024-01-07 04:15:00,2.0,18.033333333333335,1.5892123713474542,16.02756086228329,13.414955223506855,1.988333,59.16577343191409,60.0,0.12837066666666666,0.07433154686382819
2024-01-07 04:30:00,2.0,15.0,1.7581565194815936,16.241676143294917,13.398069773077562,1.988333,59.53764929282116,60.0,0.2567413333333333,0.07507529858564231
2024-01-07 04:45:00,1.0,16.633333333333333,1.7111814397772422,16.16913208802606,13.380807817297608,1.988333,61.05958272206606,60.0,0.0,0.07811916544413214
2024-01-07 05:00:00,1.0,18.5,2.0468120571086144,16.772819625555897,13.376370970118652,1.873333,60.98999265021798,60.0,0.0,0.07797998530043596
2024-01-07 05:15:00,1.0,18.5,2.4469908773575164,17.487146767808234,13.408525417369484,1.873333,60.906247292143995,60.0,0.0,0.07781249458428798
2024-01-07 05:30:00,2.0,18.033333333333335,2.8065498946544616,18.162458136831088,13.475436531693243,1.873333,60.739902904301,60.0,0.2567413333333333,0.07747980580860199
2024-01-07 05:45:00,2.0,15.0,2.852756967536631,18.270322412665617,13.563121538226873,1.873333,59.6830690334228,60.0,2.5674133333333335,0.0753661380668456
2024-01-07 06:00:00,2.0,15.0,2.669960192481748,18.016142205339097,13.63202376881523,1.066667,60.66152039565179,60.0,0.0,0.07732304079130357
2024-01-07 06:15:00,2.0,15.0,2.5046608677425053,17.77787070025797,13.67710817967346,1.066667,60.76768808057612,60.0,0.2567413333333333,0.07753537616115223
2024-01-07 06:30:00,1.0,17.566666666666666,2.4616680956222856,17.77735397832008,13.709340430428929,1.066667,60.620137466833675,60.0,0.0,0.07724027493366736
2024-01-07 06:45:00,1.0,18.5,2.7964289750514015,18.41685808690517,13.757876675926246,1.066667,60.193856135291796,60.0,1.5404480000000003,0.07638771227058361
2024-01-07 07:00:00,1.0,18.5,3.0625291836329227,18.918859748119043,13.837583519481345,1.176667,60.648322941627676,60.0,0.0,0.07729664588325534
2024-01-07 07:15:00,1.0,18.5,2.9188393962217587,18.727411748760023,13.92098048221981,1.176667,60.63920952107018,60.0,0.5134826666666666,0.07727841904214036
2024-01-07 07:30:00,1.0,18.5,2.7292495999328725,18.467395562875012,13.985288442457282,1.176667,60.4460165525484,60.0,0.0,0.07689203310509682
2024-01-07 07:45:00,3.0,18.5,2.559553785775658,18.22388796211808,14.031923867149123,1.176667,59.86692432325763,60.0,0.7702240000000001,0.07573384864651526
2024-01-07 08:00:00,1.0,18.5,2.4487220900864872,18.1096361570389,14.064716670662868,1.32,59.45493668124462,60.0,0.0,0.07490987336248925
2024-01-07 08:15:00,3.0,18.5,2.7383818585947703,18.679972001065657,14.107657788499798,1.32,59.37448842078587,60.0,0.0,0.07474897684157175
2024-01-07 08:30:00,3.0,18.5,2.867219536045413,18.90910421087081,14.175367658944477,1.32,59.29421295257253,60.0,0.0,0.07458842590514507
2024-01-07 08:45:00,1.0,18.5,2.6856210457022294,18.653352214080474,14.234337310510078,1.32,59.21410990546968,60.0,0.0,0.07442821981093936
2024-01-07 09:00:00,1.0,18.5,2.5027418798263494,18.414483810400107,14.274191045458629,1.021667,59.134178909139486,60.0,0.0,0.07426835781827898
2024-01-07 09:15:00,1.0,18.5,2.3570827073265592,18.190745617308735,14.296845410733962,1.021667,59.05441959403962,60.0,0.0,0.07410883918807926
2024-01-07 09:30:00,1.0,18.5,2.2936718131545883,18.126094602267173,14.307692802476362,1.021667,59.9060567679674,60.0,0.0,0.07581211353593481
2024-01-07 09:45:00,1.0,18.5,2.6207934624836966,18.733055146324165,14.332287358217716,1.021667,61.04128239841676,60.0,0.0,0.07808256479683352
2024-01-07 10:00:00,1.0,18.5,2.691382131186329,18.85680864161809,14.382278513967593,1.265,60.95742687673317,60.0,0.0,0.07791485375346636
2024-01-07 10:15:00,3.0,18.5,2.5258964653284455,18.61660672627261,14.424152485512748,1.265,60.87375146564239,60.0,0.0,0.07774750293128478
2024-01-07 10:30:00,1.0,18.5,2.378085643408798,18.390778709616793,14.450858827771322,1.265,60.79025577829064,60.0,0.0,0.07758051155658129
2024-01-07 10:45:00,1.0,18.5,2.245585751083687,18.177831356932895,14.464141575217951,1.265,60.70693942865507,60.0,0.0,0.07741387885731013
2024-01-07 11:00:00,1.0,18.5,2.1933836718390363,18.122882472503736,14.471248566663915,1.9199999999999997,60.62380203154189,60.0,0.0,0.07724760406308379
2024-01-07 11:15:00,1.0,18.5,2.5248929448231823,18.738873518758176,14.49782464579575,1.9199999999999997,60.540843202584725,60.0,0.0,0.07708168640516946
2024-01-07 11:30:00,1.0,18.5,2.606710840821384,18.870959157241032,14.548471976068845,1.9199999999999997,60.45806255824275,60.0,0.0,0.07691612511648552
2024-01-07 11:45:00,1.0,18.5,2.446591966581684,18.638286362567307,14.589527446465091,1.9199999999999997,60.375459715798925,60.0,0.0,0.07675091943159786
2024-01-07 12:00:00,1.0,18.5,2.287433496984073,18.420251157127023,14.621413495879732,2.735,60.29303429335823,60.0,0.0,0.07658606858671647
2024-01-07 12:15:00,1.0,18.5,2.1523904954567574,18.215841405291414,14.646154464344555,2.735,60.21078590984593,60.0,0.0,0.07642157181969186
2024-01-07 12:30:00,3.0,18.5,2.0558790291318307,18.084383965207277,14.6590047992708,2.735,60.128714185005755,60.0,0.0,0.07625742837001152
2024-01-07 12:45:00,3.0,18.5,2.3354626419903406,18.622477696514412,14.679360610691804,2.735,60.046818739398226,60.0,0.0,0.07609363747879645
2024-01-07 13:00:00,3.0,18.5,2.516347434509153,18.943791570694984,14.730914888051673,3.143333,59.9650991943988,60.0,0.0,0.07593019838879762
2024-01-07 13:15:00,3.0,18.5,2.3618374573372076,18.72302222298021,14.781556399084426,3.143333,59.883555172196196,60.0,0.0,0.07576711034439239
2024-01-07 13:30:00,1.0,18.5,2.2176021075450056,18.51216435165754,14.817255875898597,3.143333,59.80218629579057,60.0,0.0,0.07560437259158115
2024-01-07 13:45:00,1.0,18.5,2.0883892375801976,18.31387145545576,14.839710615950278,3.143333,59.72099218899191,60.0,0.0,0.07544198437798383
2024-01-07 14:00:00,1.0,18.5,1.975748128183767,18.12669254156178,14.850147146158521,3.1,59.639972476418166,60.0,0.0,0.07527994495283634
2024-01-07 14:15:00,1.0,18.5,2.0007831073012725,18.217104347944023,14.853126027829438,3.1,59.55912678349355,60.0,0.0,0.0751182535669871
2024-01-07 14:30:00,1.0,18.5,2.360299371902471,18.85152009218546,14.87864908447882,3.1,59.47845473644683,60.0,0.0,0.07495690947289367
2024-01-07 14:45:00,1.0,18.5,2.3389628358567376,18.816087348875136,14.921237093484162,3.1,59.39795596230957,60.0,0.0,0.07479591192461914
2024-01-07 15:00:00,1.0,18.5,2.2406019164466313,18.60525250487535,14.944007006518293,1.946667,59.31763008891442,60.0,0.0,0.07463526017782886
2024-01-07 15:15:00,1.0,18.5,2.1245201680348527,18.404061050921193,14.945553151538094,1.946667,59.23747674489344,60.0,0.0,0.07447495348978689
2024-01-07 15:30:00,1.0,18.5,2.017835574878784,18.213232727591766,14.936609664705834,1.946667,59.157495559676285,60.0,0.0,0.07431499111935258
2024-01-07 15:45:00,1.0,18.5,1.936222971122198,18.072605002884128,14.918553457683126,1.946667,59.07768616348857,60.0,0.0,0.07415537232697715
2024-01-07 16:00:00,1.0,18.5,2.215902087082905,18.581018485417697,14.910798928651392,2.306667,59.39927094915793,60.0,0.0,0.07479854189831588
2024-01-07 16:15:00,1.0,18.5,2.4268870841365473,18.911909828163108,14.93588042017531,2.306667,61.02267118318441,60.0,0.0,0.0780453423663688
2024-01-07 16:30:00,3.0,18.5,2.2930446903283785,18.698337172843637,14.95917259076693,2.306667,60.981771956145785,60.0,0.0,0.07796354391229157
2024-01-07 16:45:00,1.0,18.5,2.16656323315724,18.492940609913607,14.96970087667445,2.306667,60.86125216636954,60.0,0.12837066666666666,0.07772250433273907
2024-01-07 17:00:00,1.0,18.5,2.0516121689041724,18.29863267394645,14.96982581154355,2.438333,60.55721659320997,60.0,0.12837066666666666,0.07711443318641995
2024-01-07 17:15:00,1.0,18.5,1.9486772222009598,18.114351600960642,14.960913083934972,2.438333,59.739053172082876,60.0,0.7702240000000001,0.07547810634416575
2024-01-07 17:30:00,1.0,18.5,2.010151905177209,18.255014284839536,14.947265863385649,2.438333,59.483419968908045,60.0,0.2567413333333333,0.0749668399378161
2024-01-07 17:45:00,1.0,18.5,2.37406017130029,18.87533983270553,14.959228248359429,2.438333,59.08126240546648,60.0,0.12837066666666666,0.07416252481093295
2024-01-07 18:00:00,1.0,18.5,2.343217766567482,18.802596680305857,14.983164273937719,1.905,59.5701428233827,60.0,0.8985946666666668,0.07514028564676539
2024-01-07 18:15:00,1.0,18.5,2.215489107366595,18.592617615890855,14.99169624770729,1.905,60.95399332332325,60.0,0.12837066666666666,0.07790798664664651
2024-01-07 18:30:00,1.0,18.5,2.100611920428262,18.393800233490087,14.988823430858895,1.905,60.80906878126101,60.0,0.2567413333333333,0.07761813756252202
2024-01-07 18:45:00,1.0,18.5,1.9974334458669838,18.20500366199773,14.975875453726225,1.905,60.56033340694137,60.0,0.2567413333333333,0.07712066681388276
2024-01-07 19:00:00,2.0,18.266666666666666,1.9256175403170006,18.065823756224137,14.95009786555655,1.305,59.98117744586386,60.0,0.2567413333333333,0.0759623548917277
2024-01-07 19:15:00,2.0,15.0,1.9674256907218288,18.090534358100413,14.920033572422003,1.305,59.72500577757246,60.0,0.12837066666666666,0.07545001155514491
2024-01-07 19:30:00,2.0,15.0,1.882353028560473,17.913127684555114,14.887316401096463,1.305,59.63479588868831,60.0,0.0,0.07526959177737662
2024-01-07 19:45:00,1.0,16.166666666666668,1.8199448448461844,17.784046758833764,14.84774986009245,1.305,59.5539613143909,60.0,0.0,0.0751079226287818
2024-01-07 20:00:00,1.0,18.5,2.113967394520736,18.30248369347226,14.8183952736538,1.355,59.473300362090036,60.0,0.0,0.07494660072418007
2024-01-07 20:15:00,1.0,17.566666666666666,2.4743156818979855,18.896033844027315,14.825965452317734,1.355,59.39281265886858,60.0,0.0,0.07478562531773716
2024-01-07 20:30:00,1.0,18.5,2.4153680489581664,18.78296075995424,14.846570805013698,1.355,59.31249783261039,60.0,0.0,0.07462499566522078
2024-01-07 20:45:00,1.0,18.5,2.28353402872974,18.566537231201625,14.855177503416794,1.355,59.23235551199857,60.0,0.0,0.07446471102399714
2024-01-07 21:00:00,2.0,17.566666666666666,2.159286792693024,18.361857335380936,14.855674021435284,1.888333,59.15238532651374,60.0,0.0,0.07430477065302749
2024-01-07 21:15:00,2.0,15.0,2.0488750763591517,18.168017662646232,14.84963169924974,1.888333,59.072586906432356,60.0,0.0,0.07414517381286471
2024-01-07 21:30:00,2.0,15.0,1.9499350814002494,17.983785843594514,14.833980580036036,1.888333,59.50879307615289,60.0,0.0,0.07501758615230578
2024-01-07 21:45:00,2.0,15.0,1.8609588300561533,17.80819024488006,14.80985143414326,1.888333,61.04595920328169,60.0,0.0,0.07809191840656338
2024-01-07 22:00:00,1.0,17.333333333333332,1.8623479681160744,17.82342358721892,14.781892397532086,2.163333,60.97639839295383,60.0,0.0,0.07795279678590768
2024-01-07 22:15:00,2.0,18.266666666666666,2.244737374973602,18.49576182367995,14.77692194810145,2.163333,60.89268223355019,60.0,0.0,0.07778536446710037
2024-01-07 22:30:00,2.0,15.0,2.3909556862101686,18.707942894947077,14.801544050789039,2.163333,60.80914588540758,60.0,0.0,0.07761829177081517
2024-01-07 22:45:00,2.0,15.0,2.254361013522927,18.49401263506771,14.820912841693143,2.163333,60.725788962315136,60.0,0.0,0.07745157792463027
2024-01-07 23:00:00,2.0,15.0,2.1402233246037086,18.29163809999261,14.822849118788561,1.413333,60.64261107889152,60.0,0.0,0.07728522215778305
2024-01-07 23:15:00,2.0,15.0,2.036129794351912,18.099212771309784,14.808497330920938,1.413333,60.55961185058319,60.0,0.0,0.07711922370116638
2024-01-07 23:30:00,2.0,15.0,1.9421774677421635,17.915907518572887,14.785158657598718,1.413333,60.4767908936625,60.0,0.0,0.07695358178732502
2024-01-07 23:45:00,2.0,15.0,1.8576145677421685,17.740806741191644,14.753897604324246,1.413333,60.394147825226085,60.0,0.0,0.07678829565045217
2024-01-08 00:00:00,2.0,15.0,1.7926457378150293,17.57262459072019,14.708793818341274,0.405,60.311682263192914,60.0,0.0,0.07662336452638584
2024-01-08 00:15:00,2.0,15.0,1.7317456892282905,17.410121465303217,14.65030727106492,0.405,60.22939382630269,60.0,0.0,0.07645878765260536
2024-01-08 00:30:00,2.0,15.0,1.6760800970452634,17.253001935788454,14.587294079988144,0.405,60.14728213411397,60.0,0.0,0.07629456426822795
2024-01-08 00:45:00,2.0,15.0,1.6255596435938098,17.100764437805744,14.520331211223263,0.405,60.06534680700248,60.0,0.0,0.07613069361400496
2024-01-08 01:00:00,2.0,15.0,1.5800897666258702,16.95294246400202,14.449647849334177,0.363333,59.983587466159285,60.0,0.0,0.07596717493231857
2024-01-08 01:15:00,2.0,15.0,1.5385693837514203,16.809116242829337,14.375684189228117,0.363333,59.902003733589126,60.0,0.0,0.07580400746717825
2024-01-08 01:30:00,2.0,15.0,1.5006376021615082,16.66894491953209,14.299180526863372,0.363333,59.820595232108595,60.0,0.0,0.07564119046421719
2024-01-08 01:45:00,2.0,15.0,1.4659265949722418,16.532114639958756,14.22049334643936,0.363333,59.73936158534446,60.0,0.0,0.07547872317068892
2024-01-08 02:00:00,2.0,15.0,1.4317874074401162,16.39844180832603,14.141346889122678,0.57,59.65830241773186,60.0,0.0,0.07531660483546371
2024-01-08 02:15:00,2.0,15.0,1.4009058931760279,16.267781750489974,14.062100862739157,0.57,59.57741735451258,60.0,0.0,0.07515483470902518
2024-01-08 02:30:00,2.0,15.0,1.3726014355847767,16.139839360018495,13.981343533505603,0.57,59.4967060217334,60.0,0.0,0.07499341204346681
2024-01-08 02:45:00,2.0,15.0,1.3464991436403406,16.01440013282165,13.899315044831502,0.57,59.416168046244266,60.0,0.0,0.07483233609248853
2024-01-08 03:00:00,2.0,15.0,1.3192264632696997,15.891403906649286,13.818146900296885,0.8516670000000001,59.33580305569658,60.0,0.0,0.07467160611139316
2024-01-08 03:15:00,2.0,15.0,1.29465554976658,15.77082292549835,13.738135121400104,0.8516670000000001,59.25561067854152,60.0,0.0,0.07451122135708305
2024-01-08 03:30:00,2.0,15.0,1.2720471433108709,15.652406036055046,13.657183004095176,0.8516670000000001,59.17559054402832,60.0,0.0,0.07435118108805663
2024-01-08 03:45:00,2.0,15.0,1.2510579696790676,15.535995583537787,13.57546439516089,0.8516670000000001,59.095742282202494,60.0,0.0,0.07419148456440498
2024-01-08 04:00:00,2.0,15.0,1.2294187442447932,15.421538503207639,13.494416163162965,1.04,59.10205826180446,60.0,0.0,0.0742041165236089
2024-01-08 04:15:00,1.0,17.333333333333332,1.2942590736172022,15.491934520777995,13.416015804674467,1.04,60.78377154318243,60.0,0.0,0.07756754308636488
2024-01-08 04:30:00,1.0,18.5,1.73269216314677,16.21391211659377,13.364689778200356,1.04,61.000940791219634,60.0,0.0,0.07800188158243927
2024-01-08 04:45:00,1.0,18.5,2.1718540048722255,16.95529164517204,13.356737857347708,1.04,60.91717191798377,60.0,0.0,0.07783434383596756
2024-01-08 05:00:00,2.0,18.266666666666666,2.572721752244196,17.658094929699665,13.38355901969101,0.448333,60.833582969231294,60.0,0.0,0.0776671659384626
2024-01-08 05:15:00,2.0,15.0,2.6884864163039897,17.841504461853052,13.432231744864408,0.448333,60.750173558508145,60.0,0.0,0.07750034711701631
2024-01-08 05:30:00,2.0,15.0,2.524466648413513,17.6014761167426,13.472577000708636,0.448333,60.66694330019035,60.0,0.0,0.07733388660038071
2024-01-08 05:45:00,2.0,15.0,2.3775278246972524,17.37573636143519,13.497864569350515,0.448333,60.58389180948218,60.0,0.0,0.07716778361896436
2024-01-08 06:00:00,2.0,15.0,2.244666586605388,17.162849236726228,13.510519223281365,0.55,60.5010187024144,60.0,0.0,0.07700203740482879
2024-01-08 06:15:00,2.0,15.0,2.125690867477152,16.96154555288293,13.512120855342939,0.55,60.4183235958425,60.0,0.0,0.07683664719168501
2024-01-08 06:30:00,2.0,15.0,2.0189188687206614,16.770613511698063,13.503223395886033,0.55,60.33580610744492,60.0,0.0,0.07667161221488983
2024-01-08 06:45:00,2.0,15.0,1.922967256456258,16.588997917077602,13.485055858816906,0.55,60.25346585572126,60.0,0.0,0.0765069317114425
2024-01-08 07:00:00,1.0,15.933333333333334,1.842116368909405,16.440395961333916,13.45950945359444,0.658333,60.17130245999052,60.0,0.0,0.07634260491998104
2024-01-08 07:15:00,1.0,18.5,2.101051554904923,16.913678241163094,13.441388958547739,0.658333,60.089315540389386,60.0,0.0,0.07617863108077877
2024-01-08 07:30:00,1.0,17.8,2.4574205289808546,17.52547483866424,13.457744657462793,0.658333,60.00750471787042,60.0,0.0,0.07601500943574083
2024-01-08 07:45:00,2.0,16.866666666666667,2.737970901075493,18.035480952054776,13.50204026922332,0.658333,59.92586961420032,60.0,0.0,0.07585173922840065
2024-01-08 08:00:00,1.0,17.333333333333332,2.7347419369244452,18.114808553524085,13.5589357323388,0.706667,59.84440985195821,60.0,0.0,0.07568881970391643
2024-01-08 08:15:00,1.0,18.5,3.028220266271093,18.71109527298322,13.628820324899635,0.706667,59.76312505453384,60.0,0.0,0.07552625010906767
2024-01-08 08:30:00,1.0,18.5,3.0961847884403757,18.854855650102976,13.719426319471184,0.706667,59.68201484612586,60.0,0.0,0.07536402969225173
2024-01-08 08:45:00,1.0,18.5,2.889882799801611,18.579301842467167,13.796887822626612,0.706667,59.60107885174013,60.0,0.0,0.07520215770348027
2024-01-08 09:00:00,1.0,18.5,2.686841153959572,18.322571018065464,13.854486287055746,0.628333,59.520316697187894,60.0,0.0,0.07504063339437579
2024-01-08 09:15:00,3.0,18.5,2.5218119516751187,18.08690706565052,13.894462592271763,0.628333,59.439728009084135,60.0,0.0,0.07487945601816828
2024-01-08 09:30:00,3.0,18.5,2.6524265283716586,18.401557755997796,13.929303425953897,0.628333,59.359312414845846,60.0,0.0,0.0747186248296917
2024-01-08 09:45:00,1.0,18.5,2.9381059027590113,18.91588610455332,13.989913020005899,0.628333,59.27906954269026,60.0,0.0,0.0745581390853805
2024-01-08 10:00:00,1.0,18.5,2.803738622934979,18.73542779184515,14.055356882383176,0.64,59.19899902163309,60.0,0.0,0.07439799804326618
2024-01-08 10:15:00,1.0,18.5,2.6287280908639885,18.485331325342038,14.103566794470158,0.64,59.11910048148697,60.0,0.0,0.07423820096297394
2024-01-08 10:30:00,1.0,18.5,2.472473914845334,18.25043140661557,14.135679696177984,0.64,59.03937355285958,60.0,0.0,0.07407874710571916
2024-01-08 10:45:00,1.0,18.5,2.3466991650766844,18.07003803062528,14.153692448479331,0.64,60.32058581588851,60.0,0.0,0.07664117163177703
2024-01-08 11:00:00,3.0,18.5,2.593178823194527,18.542241657654582,14.17685248451635,0.895,61.025378320464455,60.0,0.0,0.0780507566409289
2024-01-08 11:15:00,1.0,18.5,2.822920206204871,18.940521779138315,14.230221358043218,0.895,60.94155695864119,60.0,0.0,0.07788311391728239
2024-01-08 11:30:00,1.0,18.5,2.66813631014685,18.711366255030736,14.28225777057649,0.895,60.85791563403988,60.0,0.0,0.07771583126807975
2024-01-08 11:45:00,1.0,18.5,2.5078345875835257,18.473030455946496,14.317888072064857,0.895,60.7744539599643,60.0,0.0,0.0775489079199286
2024-01-08 12:00:00,1.0,18.5,2.35085328191478,18.249265556807554,14.340977981727104,1.2050000000000003,60.69117155054885,60.0,0.0,0.07738234310109772
2024-01-08 12:15:00,1.0,18.5,2.2337036736688036,18.079707523749196,14.353516900437338,1.2050000000000003,60.608068020756704,60.0,0.0,0.07721613604151341
2024-01-08 12:30:00,1.0,18.5,2.480370639201842,18.56231865798286,14.37039554564513,1.2050000000000003,60.52514298637803,60.0,0.0,0.07705028597275607
2024-01-08 12:45:00,1.0,18.5,2.6941205658430545,18.922276345186233,14.415552408928379,1.2050000000000003,60.44239606402825,60.0,0.0,0.0768847921280565
2024-01-08 13:00:00,1.0,18.5,2.54046764686264,18.6929427009874,14.460728086912395,1.555,60.35982687114623,60.0,0.0,0.07671965374229248
2024-01-08 13:15:00,3.0,18.5,2.3886539151648396,18.46597105846003,14.493158388826094,1.555,60.27743502599254,60.0,0.0,0.0765548700519851
2024-01-08 13:30:00,3.0,18.5,2.2526291373089236,18.25222474300766,14.51172794939811,1.555,60.19522014764766,60.0,0.0,0.07639044029529532
2024-01-08 13:45:00,3.0,18.5,2.137790908612732,18.074898829625468,14.518094882187693,1.555,60.113181856010236,60.0,0.0,0.07622636371202048
2024-01-08 14:00:00,3.0,18.5,2.374923927468749,18.521996726931242,14.528121743725102,1.651667,60.03131977179534,60.0,0.0,0.07606263954359067
2024-01-08 14:15:00,3.0,18.5,2.623645142437906,18.939477781326914,14.568151342649317,1.651667,59.94963351653267,60.0,0.0,0.07589926703306533
2024-01-08 14:30:00,1.0,18.5,2.4857791833105076,18.72787459244351,14.608720960890695,1.651667,59.86812271256484,60.0,0.0,0.07573624542512968
2024-01-08 14:45:00,1.0,18.5,2.3405714899645877,18.505620438003163,14.634548143080554,1.651667,59.78678698304565,60.0,0.0,0.0755735739660913
2024-01-08 15:00:00,3.0,18.5,2.2321602143432315,18.294986711639726,14.649990142740393,2.065,59.705625951938266,60.0,0.0,0.07541125190387654
2024-01-08 15:15:00,3.0,18.5,2.1126820990086395,18.094788637152515,14.656638295823019,2.065,59.624639244013586,60.0,0.0,0.07524927848802718
2024-01-08 15:30:00,3.0,18.5,2.2151367887967464,18.32951202700897,14.659151813414324,2.065,59.5438264848484,60.0,0.0,0.07508765296969681
2024-01-08 15:45:00,1.0,18.5,2.555463650244739,18.91482520859183,14.688886639758751,2.065,59.46318730082373,60.0,0.0,0.07492637460164747
2024-01-08 16:00:00,1.0,18.5,2.4793797841331666,18.79509207808508,14.73258000000037,2.478333,59.382721319123085,60.0,0.0,0.07476544263824618
2024-01-08 16:15:00,1.0,18.5,2.3305059821086718,18.57361253842168,14.765547954599109,2.478333,59.30242816773075,60.0,0.0,0.07460485633546152
2024-01-08 16:30:00,1.0,18.5,2.1970973628156876,18.36510442692998,14.784903209597577,2.478333,59.222307475430036,60.0,0.0,0.07444461495086006
2024-01-08 16:45:00,1.0,18.5,2.0774674696785733,18.168223955450554,14.792214677767552,2.478333,59.142358871801555,60.0,0.0,0.0742847177436031
2024-01-08 17:00:00,1.0,18.5,2.031517113136018,18.12847932440668,14.79287758257971,2.883333,59.06258198722155,60.0,0.0,0.0741251639744431
2024-01-08 17:15:00,1.0,18.5,2.3751056940972455,18.758830418457464,14.812330564741522,2.883333,59.77097965184264,60.0,0.0,0.07554195930368528
2024-01-08 17:30:00,1.0,18.5,2.4681192751816563,18.904185801599134,14.857066728711239,2.883333,61.04971738767257,60.0,0.0,0.07809943477534516
2024-01-08 17:45:00,1.0,18.5,2.3180033417160657,18.683808785769564,14.893286616049851,2.883333,60.96584374874537,60.0,0.0,0.07793168749749074
2024-01-08 18:00:00,3.0,18.5,2.1813797580588,18.476598820135028,14.917041269080531,3.075,60.88215025932444,60.0,0.0,0.07776430051864887
2024-01-08 18:15:00,3.0,18.5,2.0593143611511957,18.281296318544303,14.929988180924486,3.075,60.79863653247238,60.0,0.0,0.07759727306494475
2024-01-08 18:30:00,1.0,18.5,1.9499075363306,18.09662591136479,14.931996419368922,3.075,60.715302182082944,60.0,0.0,0.07743060436416589
2024-01-08 18:45:00,1.0,18.5,2.0331569027513807,18.28969781644097,14.929660875123487,3.075,60.63214682287917,60.0,0.0,0.07726429364575835
2024-01-08 19:00:00,1.0,18.5,2.3782679430284004,18.887632393184692,14.955878414486863,3.375,60.54917007041161,60.0,0.0,0.07709834014082322
2024-01-08 19:15:00,1.0,18.5,2.3129160069176278,18.783756824662223,14.996608919077342,3.375,60.466371541056574,60.0,0.0,0.07693274308211315
2024-01-08 19:30:00,1.0,18.5,2.175646061004844,18.57706684224943,15.024486251738459,3.375,60.38375085201433,60.0,0.0,0.07676750170402866
2024-01-08 19:45:00,3.0,18.5,2.0526213078163686,18.38233764934433,15.039850734073857,3.375,60.301307621307366,60.0,0.0,0.07660261524261472
2024-01-08 20:00:00,3.0,18.5,1.9402955455491877,18.198415292055717,15.045360988065017,3.553333,60.21904146777858,60.0,0.0,0.07643808293555716
2024-01-08 20:15:00,1.0,18.5,1.854125467430539,18.06518059213837,15.04251840607456,3.553333,60.1369520110896,60.0,0.0,0.07627390402217919
2024-01-08 20:30:00,1.0,18.5,2.12776543532868,18.58148897619306,15.046906960197667,3.553333,60.055038871718914,60.0,0.0,0.07611007774343782
2024-01-08 20:45:00,1.0,18.5,2.3380732335708814,18.92056404975541,15.081006357303899,3.553333,59.973301670960204,60.0,0.0,0.07594660334192041
2024-01-08 21:00:00,1.0,18.5,2.199682496450078,18.715385635308078,15.115742622759768,3.935,59.89174003092056,60.0,0.0,0.07578348006184112
2024-01-08 21:15:00,1.0,18.5,2.070038482177622,18.518777709823645,15.140299010013392,3.935,59.81035357451869,60.0,0.0,0.0756207071490374
2024-01-08 21:30:00,2.0,18.266666666666666,1.9540161623816081,18.333449087184192,15.15308245077639,3.935,59.72914192548331,60.0,0.0,0.07545828385096662
2024-01-08 21:45:00,2.0,15.0,1.8499424629048025,18.158234475321855,15.155452966998578,3.935,59.64810470835122,60.0,0.0,0.07529620941670245
2024-01-08 22:00:00,1.0,15.933333333333334,1.7612811065926375,18.016759901025647,15.150133194643615,4.148333,59.56724154846575,60.0,0.0,0.0751344830969315
2024-01-08 22:15:00,1.0,18.5,2.013182028231784,18.49786069646149,15.15207000886246,4.148333,59.4865520719749,60.0,0.0,0.07497310414394981
2024-01-08 22:30:00,1.0,18.5,2.283926280014179,18.947669704413542,15.185581318001004,4.148333,59.40603590582964,60.0,0.0,0.07481207181165929
2024-01-08 22:45:00,1.0,18.5,2.16640438245515,18.76641580484649,15.221732307695165,4.148333,59.32569267778226,60.0,0.0,0.07465138535556452
2024-01-08 23:00:00,2.0,16.166666666666668,2.0358260233594807,18.572889217708887,15.247201741007189,4.471667,59.24552201638453,60.0,0.0,0.07449104403276907
2024-01-08 23:15:00,2.0,15.0,1.919487906067603,18.39074298606435,15.263459335799359,4.471667,59.165523550986066,60.0,0.0,0.07433104710197212
2024-01-08 23:30:00,2.0,15.0,1.8153151426272816,18.21872177320505,15.26923882434936,4.471667,59.08569691173259,60.0,0.0,0.07417139382346517
2024-01-08 23:45:00,2.0,15.0,1.7218222415737674,18.05578404082884,15.265755101190166,4.471667,59.221003033094604,60.0,0.0,0.07444200606618921
2024-01-09 00:00:00,2.0,15.0,1.6335341795191909,17.90118258250912,15.256722430735985,4.858333,60.9308958682899,60.0,0.0,0.07786179173657981
2024-01-09 00:15:00,2.0,15.0,1.555014260012715,17.754288065574745,15.24324899128277,4.858333,60.990345515578014,60.0,0.0,0.07798069103115603
2024-01-09 00:30:00,2.0,15.0,1.48457807753394,17.61422979907629,15.223081398735427,4.858333,60.90659939959581,60.0,0.0,0.07781319879919163
2024-01-09 00:45:00,2.0,15.0,1.4211584658934968,17.480323577709665,15.197014796393153,4.858333,60.8230331592174,60.0,0.0,0.0776460663184348
2024-01-09 01:00:00,2.0,15.0,1.3594971896801915,17.352148046045105,15.1685033912481,5.261667,60.739646408093755,60.0,0.0,0.07747929281618751
2024-01-09 01:15:00,2.0,15.0,1.3047572838217942,17.229365489648263,15.138329204924107,5.261667,60.65643876070562,60.0,0.0,0.07731287752141122
2024-01-09 01:30:00,2.0,15.0,1.2555404487129094,17.111351439592703,15.103808946829224,5.261667,60.573409832361804,60.0,0.0,0.07714681966472361
2024-01-09 01:45:00,2.0,15.0,1.2110527968576388,16.997644806220272,15.06547589820236,5.261667,60.49055923919742,60.0,0.0,0.07698111847839484
2024-01-09 02:00:00,2.0,15.0,1.1849051901559062,16.88724319093924,15.01516629765255,3.993333,60.40788659817202,60.0,0.0,0.07681577319634404
2024-01-09 02:15:00,2.0,15.0,1.1582588632624682,16.779135083166803,14.952820993158719,3.993333,60.3253915270679,60.0,0.0,0.0766507830541358
2024-01-09 02:30:00,2.0,15.0,1.1331940098925442,16.673436713762943,14.889012349215784,3.993333,60.2430736444883,60.0,0.0,0.07648614728897661
2024-01-09 02:45:00,2.0,15.0,1.110144754317959,16.5699517195225,14.823961442617156,3.993333,60.16093256985567,60.0,0.0,0.07632186513971134
2024-01-09 03:00:00,2.0,15.0,1.0943335823854017,16.468277073460914,14.754538808327863,3.505,60.07896792340985,60.0,0.0,0.0761579358468197
2024-01-09 03:15:00,2.0,15.0,1.0784911982942356,16.36800780073116,14.680733622219366,3.505,59.9971793262064,60.0,0.0,0.0759943586524128
2024-01-09 03:30:00,2.0,15.0,1.063404243301681,16.269174519815763,14.606626807736687,3.505,59.915566400114784,60.0,0.0,0.07583113280022956
2024-01-09 03:45:00,2.0,15.0,1.0492271348713105,16.171688734968818,14.532312429359592,3.505,59.83412876781664,60.0,0.0,0.07566825753563328
2024-01-09 04:00:00,2.0,15.0,1.031094767815674,16.075670950696885,14.460790938195789,3.933333,59.75286605280403,60.0,0.0,0.07550573210560807
2024-01-09 04:15:00,1.0,16.866666666666667,1.064687731082171,16.095359211470605,14.393127488067472,3.933333,59.671777879377714,60.0,0.0,0.07534355575875544
2024-01-09 04:30:00,1.0,16.866666666666667,1.3787999322865507,16.58855971518338,14.34569166856083,3.933333,59.5908638726454,60.0,0.0,0.0751817277452908
2024-01-09 04:45:00,2.0,16.166666666666668,1.6129844337458386,16.958490648640677,14.324008509781779,3.933333,59.51012365852002,60.0,0.0,0.07502024731704005
2024-01-09 05:00:00,2.0,15.0,1.582662300925704,16.870990820760568,14.312793857820441,3.926667,59.42955686371801,60.0,0.0,0.07485911372743602
2024-01-09 05:15:00,1.0,18.266666666666666,1.6908923884480098,17.096720974267033,14.300366948394133,3.926667,59.34916311575752,60.0,0.0,0.07469832623151504
2024-01-09 05:30:00,2.0,18.033333333333335,2.1112446951618846,17.834986998309855,14.317631776957757,3.926667,59.26894204295677,60.0,0.0,0.07453788408591357
2024-01-09 05:45:00,2.0,15.0,2.218114764740757,18.004012419916965,14.362398830561714,3.926667,59.18889327443237,60.0,0.0,0.07437778654886472
2024-01-09 06:00:00,2.0,15.0,2.0799403581126015,17.806117854604746,14.40017612269065,3.9716670000000005,59.1090164400974,60.0,0.0,0.07421803288019481
2024-01-09 06:15:00,2.0,15.0,1.9562847716933451,17.620259045996157,14.425583415473252,3.9716670000000005,59.04364466325432,60.0,0.0,0.07408728932650864
2024-01-09 06:30:00,2.0,15.0,1.8454856225889056,17.4451725413354,14.439716530557705,3.9716670000000005,60.582470797560184,60.0,0.0,0.07716494159512036
2024-01-09 06:45:00,2.0,15.0,1.7461135430112809,17.279743906892595,14.443876366965167,3.9716670000000005,61.01474427010798,60.0,0.0,0.07802948854021596
2024-01-09 07:00:00,1.0,16.166666666666668,1.6768081241200194,17.1636389532173,14.435635225192787,3.423333,60.930945748821344,60.0,0.0,0.0778618914976427
2024-01-09 07:15:00,3.0,18.5,1.9646953323425882,17.695595241440973,14.431691271389353,3.423333,60.84732721569818,60.0,0.0,0.07769465443139635
2024-01-09 07:30:00,3.0,18.5,2.3689684988086066,18.417302313215394,14.464139864603078,3.423333,60.76388828414768,60.0,0.0,0.07752777656829536
2024-01-09 07:45:00,3.0,18.5,2.647708405375266,18.920804964713604,14.529937387199071,3.423333,60.680628568409375,60.0,0.0,0.07736125713681874
2024-01-09 08:00:00,3.0,18.5,2.505925155490722,18.743330864821086,14.595980262037655,2.96,60.59754768355133,60.0,0.0,0.07719509536710269
2024-01-09 08:15:00,3.0,18.5,2.3472062350093097,18.5199367647984,14.642291107694037,2.96,60.514645245468465,60.0,0.0,0.07702929049093692
2024-01-09 08:30:00,3.0,18.5,2.205976336354756,18.3102791133155,14.674009028686763,2.96,60.4319208708806,60.0,0.0,0.07686384174176121
2024-01-09 08:45:00,3.0,18.5,2.079428378065661,18.112926000016863,14.692807185364934,2.96,60.349374177330894,60.0,0.0,0.07669874835466178
2024-01-09 09:00:00,3.0,18.5,2.1317254014730187,18.295539358065113,14.704749506252492,2.848333,60.26700478318391,60.0,0.0,0.07653400956636783
2024-01-09 09:15:00,3.0,18.5,2.467148706647324,18.884935837859256,14.740898157074348,2.848333,60.184812307623936,60.0,0.0,0.07636962461524788
2024-01-09 09:30:00,3.0,18.5,2.393596686790666,18.773257664416136,14.788178311390237,2.848333,60.102796370653195,60.0,0.0,0.07620559274130638
2024-01-09 09:45:00,3.0,18.5,2.248875330193427,18.5594914617201,14.821769802964697,2.848333,60.02095659309009,60.0,0.0,0.07604191318618019
2024-01-09 10:00:00,1.0,18.5,2.1216997587294038,18.358208996824168,14.84323756894989,3.015,59.93929259656749,60.0,0.0,0.07587858519313498
2024-01-09 10:15:00,3.0,18.5,2.004226004767219,18.16817300836666,14.854156633919132,3.015,59.85780400353089,60.0,0.0,0.07571560800706179
2024-01-09 10:30:00,1.0,18.5,1.964546570452813,18.134914427262164,14.85578395331309,3.015,59.776490437236774,60.0,0.0,0.07555298087447354
2024-01-09 10:45:00,1.0,18.5,2.3105113317791965,18.763008533842605,14.873373308188794,3.015,59.69535152175079,60.0,0.0,0.07539070304350157
2024-01-09 11:00:00,1.0,18.5,2.359048504524727,18.863228727562486,14.917522522798501,3.418333,59.614386881946054,60.0,0.0,0.07522877376389212
2024-01-09 11:15:00,1.0,18.5,2.212623995929271,18.652786312000195,14.955458636752455,3.418333,59.53359614350142,60.0,0.0,0.07506719228700283
2024-01-09 11:30:00,1.0,18.5,2.082487654235088,18.454999462546464,14.980023720852332,3.418333,59.4529789328997,60.0,0.0,0.0749059578657994
2024-01-09 11:45:00,1.0,18.5,1.9658403788793837,18.268552622742437,14.992754416226449,3.418333,59.37253487742599,60.0,0.0,0.07474506975485198
2024-01-09 12:00:00,1.0,18.5,1.840141576903814,18.0932330693923,14.997810926506453,3.826667,59.292263605165935,60.0,0.0,0.07458452721033187
2024-01-09 12:15:00,3.0,18.5,1.9241754056766693,18.296461902863847,15.001943869943249,3.826667,59.21216474500402,60.0,0.0,0.07442432949000803
2024-01-09 12:30:00,3.0,18.5,2.2746704997096363,18.904217642609947,15.03268386168951,3.826667,59.13223792662178,60.0,0.0,0.07426447585324356
2024-01-09 12:45:00,1.0,18.5,2.21354362845276,18.809689689253013,15.075860517914688,3.826667,59.0524827804962,60.0,0.0,0.0741049655609924
2024-01-09 13:00:00,3.0,18.5,2.0705634700082585,18.612396942508397,15.110615983399565,4.429999999999999,60.047325563295736,60.0,0.0,0.07609465112659146
2024-01-09 13:15:00,3.0,18.5,1.946110538329787,18.42746483221453,15.137488779269102,4.429999999999999,61.039046318166335,60.0,0.0,0.07807809263633267
2024-01-09 13:30:00,3.0,18.5,1.8350507856812874,18.253330923406903,15.153038437705101,4.429999999999999,60.955195599288,60.0,0.0,0.07791039119857598
2024-01-09 13:45:00,1.0,18.5,1.7354567348353653,18.08887701038791,15.158570428895272,4.429999999999999,60.87152498068667,60.0,0.0,0.07774304996137335
2024-01-09 14:00:00,3.0,18.5,1.7731355308027748,18.303829414909575,15.161901717485186,4.62,60.788034075530746,60.0,0.0,0.0775760681510615
2024-01-09 14:15:00,3.0,18.5,2.127058290576138,18.925526432453342,15.19403751484131,4.62,60.704722497819446,60.0,0.0,0.07740944499563888
2024-01-09 14:30:00,3.0,18.5,2.0725564969035655,18.84429680497375,15.239237562644847,4.62,60.62158986238108,60.0,0.0,0.07724317972476216
2024-01-09 14:45:00,3.0,18.5,1.9449236291219802,18.659318475304353,15.272458407154405,4.62,60.538635784871296,60.0,0.0,0.07707727156974259
2024-01-09 15:00:00,3.0,18.5,1.9061395682873965,18.481944569914432,15.293800045349169,4.608333,60.45585988177121,60.0,0.0,0.07691171976354244
2024-01-09 15:15:00,1.0,18.5,1.8052344408353795,18.310758574135214,15.304352213824513,4.608333,60.373261770385724,60.0,0.0,0.07674652354077145
2024-01-09 15:30:00,1.0,18.5,1.7097439705031106,18.148851990859402,15.305369029198822,4.608333,60.29084106884169,60.0,0.0,0.07658168213768338
2024-01-09 15:45:00,1.0,18.5,1.67356442501603,18.109364794934677,15.298788525509208,4.608333,60.208597396086176,60.0,0.0,0.07641719479217236
2024-01-09 16:00:00,1.0,18.5,2.070958787982359,18.74195847545047,15.302441395185754,3.838333,60.12653037188474,60.0,0.0,0.07625306074376947
2024-01-09 16:15:00,1.0,18.5,2.1939809307047407,18.913756105186284,15.327708547369507,3.838333,60.04463961681956,60.0,0.0,0.07608927923363912
2024-01-09 16:30:00,1.0,18.5,2.067724485926231,18.717496044853988,15.347110676926029,3.838333,59.962924752287805,60.0,0.0,0.07592584950457562
2024-01-09 16:45:00,1.0,18.5,1.954517291912098,18.532239792052323,15.35509828928859,3.838333,59.881385400499845,60.0,0.0,0.07576277080099968
2024-01-09 17:00:00,1.0,18.5,1.8613393766420434,18.35650193170106,15.34785156592161,3.083333,59.80002118447744,60.0,0.0,0.07560004236895487
2024-01-09 17:15:00,1.0,18.5,1.7759778542352334,18.188889050355638,15.326260541141114,3.083333,59.718831728052116,60.0,0.0,0.07543766345610424
2024-01-09 17:30:00,1.0,18.5,1.7130429464407304,18.069657516507164,15.297590852011522,3.083333,59.63781665586331,60.0,0.0,0.07527563331172663
2024-01-09 17:45:00,1.0,18.5,2.0072419932920065,18.59796181574377,15.278581313796735,3.083333,59.556975593356704,60.0,0.0,0.0751139511867134
2024-01-09 18:00:00,1.0,18.5,2.2446847377400108,18.946878061436202,15.286021841114117,2.286667,59.47630816678247,60.0,0.0,0.07495261633356494
2024-01-09 18:15:00,1.0,18.5,2.1329633024702344,18.749002105352055,15.287701999039086,2.286667,59.39581400319353,60.0,0.0,0.07479162800638704
2024-01-09 18:30:00,3.0,18.5,2.0257798527819637,18.557419162707063,15.278856292284935,2.286667,59.31549273044386,60.0,0.0,0.07463098546088771
2024-01-09 18:45:00,1.0,18.5,1.9294592176252567,18.37518853129019,15.260703483353865,2.286667,59.235343977186766,60.0,0.0,0.07447068795437353
2024-01-09 19:00:00,1.0,18.5,1.8389899450550158,18.201526855981893,15.23667949546292,2.63,59.155367372873144,60.0,0.0,0.07431073474574629
2024-01-09 19:15:00,1.0,18.5,1.7654379347216214,18.060332715732628,15.207950633211048,2.63,59.07556254774977,60.0,0.0,0.07415112509549955
2024-01-09 19:30:00,1.0,18.5,2.0304111555658166,18.54038867162907,15.186414519712136,2.63,59.39715189466546,60.0,0.0,0.07479430378933091
2024-01-09 19:45:00,1.0,18.5,2.2872423945545703,18.939734207149424,15.196988859295695,2.63,61.0205566801413,60.0,0.0,0.07804111336028259
2024-01-09 20:00:00,1.0,18.5,2.175133439666058,18.745923930255277,15.208609860285945,2.496667,60.97966199477613,60.0,0.0,0.07795932398955226
2024-01-09 20:15:00,3.0,18.5,2.0612537446556245,18.550780021436047,15.20785917968365,2.496667,60.895938825586526,60.0,0.0,0.07779187765117304
2024-01-09 20:30:00,1.0,18.5,1.958925092598314,18.365575224794934,15.19708282038213,2.496667,60.81239548271404,60.0,0.0,0.0776247909654281
2024-01-09 20:45:00,1.0,18.5,1.8669474199968652,18.18930012762236,15.177456193069048,2.496667,60.729031579915485,60.0,0.0,0.07745806315983096
2024-01-09 21:00:00,1.0,18.5,1.815585496269641,18.08199879488279,15.145623006366188,1.806667,60.64584673177725,60.0,0.0,0.07729169346355451
2024-01-09 21:15:00,2.0,15.933333333333334,2.02839967822855,18.41700604761098,15.117811559245286,1.806667,60.562840553713585,60.0,0.0,0.07712568110742717
2024-01-09 21:30:00,2.0,15.0,1.9672339930332134,18.27256936893616,15.097973439196089,1.806667,60.48001266196473,60.0,0.0,0.07696002532392947
2024-01-09 21:45:00,2.0,15.0,1.8794298361947548,18.09531750963646,15.070137773639079,1.806667,60.39736267359523,60.0,0.0,0.07679472534719047
2024-01-09 22:00:00,2.0,15.0,1.8071246996622112,17.925452076296683,15.030846248143188,1.198333,60.31489020649209,60.0,0.0,0.07662978041298416
2024-01-09 22:15:00,2.0,15.0,1.7405503764340757,17.761905756617974,14.980747288075934,1.198333,60.23259487936305,60.0,0.0,0.0764651897587261
2024-01-09 22:30:00,2.0,15.0,1.6800525738829941,17.604215741755574,14.925513774684418,1.198333,60.15047631173484,60.0,0.0,0.07630095262346968
2024-01-09 22:45:00,2.0,15.0,1.6252591455779173,17.451825905067775,14.865787236007728,1.198333,60.0685341239514,60.0,0.0,0.07613706824790281
2024-01-09 23:00:00,2.0,15.0,1.5802460220878654,17.304043964493335,14.799266347154004,0.776667,59.98676793717208,60.0,0.0,0.07597353587434416
2024-01-09 23:15:00,2.0,15.0,1.5383503785355823,17.160213602187284,14.726298411476558,0.776667,59.90517737336995,60.0,0.0,0.0758103547467399
2024-01-09 23:30:00,2.0,15.0,1.4999079489144436,17.02008813530103,14.650724486277422,0.776667,59.82376205533005,60.0,0.0,0.0756475241106601
2024-01-09 23:45:00,2.0,15.0,1.4647463058960462,16.88334785424346,14.572907995972473,0.776667,59.7425216066476,60.0,0.0,0.0754850432132952
2024-01-10 00:00:00,2.0,15.0,1.4352588056766646,16.749592521032827,14.49149192228269,0.53,59.66145565172631,60.0,0.0,0.0753229113034526
2024-01-10 00:15:00,2.0,15.0,1.4075558151726777,16.618442154820833,14.40666960349112,0.53,59.58056381577661,60.0,0.0,0.0751611276315532
2024-01-10 00:30:00,2.0,15.0,1.3818408321009474,16.489755710339516,14.320679014184547,0.53,59.49984572481392,60.0,0.0,0.07499969144962784
2024-01-10 00:45:00,2.0,15.0,1.358019288222064,16.36334880761424,14.233724537600295,0.53,59.41930100565697,60.0,0.0,0.07483860201131394
2024-01-10 01:00:00,2.0,15.0,1.3385256102893655,16.238946331575633,14.144375712114176,0.293333,59.33892928592597,60.0,0.0,0.07467785857185194
2024-01-10 01:15:00,2.0,15.0,1.3197507667419757,16.11628061291336,14.052703688178925,0.293333,59.25873019404101,60.0,0.0,0.074517460388082
2024-01-10 01:30:00,2.0,15.0,1.3019994042886358,15.995302559563813,13.960753918776874,0.293333,59.17870335922023,60.0,0.0,0.07435740671844046
2024-01-10 01:45:00,2.0,15.0,1.285278158306021,15.875912003220957,13.868631884665339,0.293333,59.09884841147822,60.0,0.0,0.07419769682295645
2024-01-10 02:00:00,2.0,15.0,1.265749431905609,15.75817541326555,13.778712450482683,0.628333,59.10515771952448,60.0,0.0,0.07421031543904896
2024-01-10 02:15:00,2.0,15.0,1.24817303509404,15.64218273334846,13.69120516500947,0.628333,60.78686434367635,60.0,0.0,0.07757372868735271
2024-01-10 02:30:00,2.0,15.0,1.2318072270763234,15.527744797882608,13.603489557088432,0.628333,61.00402694878629,60.0,0.0,0.07800805389757258
2024-01-10 02:45:00,2.0,15.0,1.2163661230178406,15.414771705205826,13.515659658983804,0.628333,60.92025144689131,60.0,0.0,0.07784050289378262
2024-01-10 03:00:00,2.0,15.0,1.2003993390755423,15.30323959640619,13.428627265128652,0.75,60.836655883717185,60.0,0.0,0.07767331176743437
2024-01-10 03:15:00,2.0,15.0,1.1855851386794678,15.193138055967317,13.34251202616822,0.75,60.75323987277931,60.0,0.0,0.07750647974555863
2024-01-10 03:30:00,2.0,15.0,1.1716092203661332,15.084359679862358,13.256400670993306,0.75,60.67000302842318,60.0,0.0,0.07734000605684636
2024-01-10 03:45:00,2.0,15.0,1.1583277527229832,14.976837016088487,13.170361257933651,0.75,60.586944965822596,60.0,0.0,0.0771738899316452
2024-01-10 04:00:00,2.0,15.0,1.1483248757020474,14.870398306449882,13.082830696180924,0.511667,60.50406530097799,60.0,0.0,0.07700813060195598
2024-01-10 04:15:00,2.0,15.0,1.1380841576400005,14.764867779909135,12.993771609568414,0.511667,60.42136365071449,60.0,0.0,0.07684272730142898
2024-01-10 04:30:00,1.0,18.266666666666666,1.3392392033689577,15.084633556816533,12.911787592208688,0.511667,60.3388396326803,60.0,0.0,0.07667767926536058
2024-01-10 04:45:00,2.0,18.033333333333335,1.8170336185302647,15.856403847910745,12.867826247539135,0.511667,60.25649286534481,60.0,0.0,0.07651298573068963
2024-01-10 05:00:00,2.0,15.0,1.9726884726806333,16.050165763454235,12.855682794651187,0.326667,60.17432296799693,60.0,0.0,0.07634864593599386
2024-01-10 05:15:00,2.0,15.0,1.877938363558483,15.87275472655867,12.839870667697353,0.326667,60.09232956074325,60.0,0.0,0.0761846591214865
2024-01-10 05:30:00,2.0,15.0,1.7926343795959054,15.70362315020957,12.815943306050835,0.326667,60.01051226450637,60.0,0.0,0.07602102452901274
2024-01-10 05:45:00,2.0,15.0,1.7158322630199585,15.541941992102753,12.784864236642168,0.326667,59.92887070102306,60.0,0.0,0.07585774140204611
2024-01-10 06:00:00,2.0,15.0,1.648162857491506,15.38690747489568,12.746537064009628,0.186667,59.84740449284255,60.0,0.0,0.07569480898568509
2024-01-10 06:15:00,2.0,15.7,1.6925513245451873,15.438825453911141,12.705883899582703,0.186667,59.7661132633248,60.0,0.0,0.0755322265266496
2024-01-10 06:30:00,2.0,15.0,1.656768831565411,15.324229084322372,12.668234497019665,0.186667,59.68499663663875,60.0,0.0,0.0753699932732775
2024-01-10 06:45:00,2.0,15.0,1.5937661763431883,15.174401404385065,12.625304741896413,0.186667,59.60405423776054,60.0,0.0,0.07520810847552109
2024-01-10 07:00:00,1.0,17.566666666666666,1.6445261527039627,15.253316112500812,12.577939999215387,-0.10167,59.52328569247184,60.0,0.0,0.07504657138494368
2024-01-10 07:15:00,1.0,18.5,2.063011649487615,15.964070922866066,12.554044011278414,-0.10167,59.3415235887212,60.0,0.2567413333333333,0.07468304717744241
2024-01-10 07:30:00,3.0,18.5,2.4712244248806314,16.676501461942973,12.57027342720491,-0.10167,59.82088087123421,60.0,0.2567413333333333,0.07564176174246842
2024-01-10 07:45:00,1.0,18.5,2.8379173291876967,17.35332076965699,12.622213530732441,-0.10167,61.09246002051629,60.0,0.0,0.07818492004103257
2024-01-10 08:00:00,1.0,18.5,3.055267119076571,18.003410401146674,12.699388361733448,-1.03667,61.008494576055156,60.0,0.0,0.07801698915211032
2024-01-10 08:15:00,1.0,18.5,3.356909667200632,18.629921552025525,12.798125647228728,-1.03667,60.92470947828647,60.0,0.12837066666666666,0.07784941895657296
2024-01-10 08:30:00,1.0,18.5,3.482329170580892,18.91337132181133,12.91849629134877,-1.03667,60.583705989262214,60.0,0.2567413333333333,0.07716741197852443
2024-01-10 08:45:00,1.0,18.5,3.251667025062892,18.61514235699106,13.027585281856393,-1.03667,59.90326823358683,60.0,0.7702240000000001,0.07580653646717365
2024-01-10 09:00:00,1.0,18.5,3.116572225595632,18.321974796919093,13.112259575079939,-1.20833,59.31348795303218,60.0,0.7702240000000001,0.07462697590606435
2024-01-10 09:15:00,1.0,18.5,2.9376658189138642,18.084512802171716,13.17490103141755,-1.20833,60.40514059526764,60.0,0.2567413333333333,0.07681028119053528
2024-01-10 09:30:00,1.0,18.5,3.1230072861137446,18.505196641907634,13.235066770361065,-1.20833,60.96276759690948,60.0,0.0,0.07792553519381898
2024-01-10 09:45:00,3.0,18.5,3.330534205111942,18.90120642420897,13.319217375014246,-1.20833,60.667640202348544,60.0,0.385112,0.07733528040469709
2024-01-10 10:00:00,1.0,18.5,3.1297109512634282,18.643473062221744,13.401155382332428,-1.01,60.180199697538505,60.0,0.2567413333333333,0.07636039939507702
2024-01-10 10:15:00,1.0,18.5,2.9288489927594226,18.364593660208918,13.464056013570993,-1.01,59.77653630960477,60.0,0.2567413333333333,0.07555307261920954
2024-01-10 10:30:00,1.0,18.5,2.749943373862485,18.103116850996866,13.508403165171375,-1.01,59.65865131240911,60.0,0.12837066666666666,0.07531730262481821
2024-01-10 10:45:00,3.0,18.5,2.832816606339128,18.341639916916886,13.544477516665605,-1.01,59.4491038753846,60.0,0.0,0.07489820775076919
2024-01-10 11:00:00,1.0,18.5,3.1416750445160257,18.900521941450293,13.605214186708801,-0.9116699999999999,59.24917094612747,60.0,0.12837066666666666,0.07449834189225495
2024-01-10 11:15:00,1.0,18.5,3.0407705992773235,18.76035690282084,13.675324586930715,-0.9116699999999999,59.190800865011674,60.0,0.385112,0.07438160173002335
2024-01-10 11:30:00,1.0,18.5,2.851549088843117,18.489062795219063,13.727561424852686,-0.9116699999999999,60.27885982016648,60.0,0.8985946666666668,0.07655771964033295
2024-01-10 11:45:00,3.0,18.5,2.682081395965366,18.23425030011889,13.76234081761169,-0.9116699999999999,60.927121385628844,60.0,0.2567413333333333,0.07785424277125769
2024-01-10 12:00:00,3.0,18.5,2.572157888176384,18.10863523668621,13.784281470323524,-0.65,60.67814035574891,60.0,0.12837066666666666,0.0773562807114978
2024-01-10 12:15:00,3.0,18.5,2.860932710413231,18.667613231701605,13.817398045163186,-0.65,60.2549626785096,60.0,0.2567413333333333,0.0765099253570192
2024-01-10 12:30:00,1.0,18.5,2.9888092206499275,18.8854770342009,13.875345936571826,-0.65,60.10851333125815,60.0,0.0,0.07621702666251633
2024-01-10 12:45:00,1.0,18.5,2.8062646914199694,18.61854462731612,13.924616658213532,-0.65,60.02666127441823,60.0,0.0,0.07605332254883647
2024-01-10 13:00:00,1.0,18.5,2.6344888272676155,18.367979851786927,13.960449429458096,-0.12167,59.88061271068626,60.0,0.12837066666666666,0.07576122542137252
2024-01-10 13:15:00,3.0,18.5,2.481894072922483,18.132376891286622,13.985002473674204,-0.12167,59.58782544236817,60.0,0.2567413333333333,0.07517565088473635
2024-01-10 13:30:00,3.0,18.5,2.5268230702361296,18.27824737871654,14.001092874184453,-0.12167,58.924893465554106,60.0,1.7971893333333335,0.07384978693110823
2024-01-10 13:45:00,3.0,18.5,2.8668681289962374,18.885001290236357,14.040570814596203,-0.12167,59.50837410321363,60.0,0.0,0.07501674820642726
2024-01-10 14:00:00,1.0,18.5,2.7034412505027268,18.809490988071374,14.097804530199703,0.451667,61.14553075576207,60.0,0.0,0.07829106151152414
2024-01-10 14:15:00,3.0,18.5,2.5275554365236066,18.569008853505295,14.14460752639814,0.451667,60.95113831376381,60.0,0.12837066666666666,0.07790227662752762
2024-01-10 14:30:00,3.0,18.5,2.3770801092024443,18.343161393011133,14.17590283453541,0.451667,60.82152911253453,60.0,0.12837066666666666,0.07764305822506905
2024-01-10 14:45:00,3.0,18.5,2.2422266195117464,18.130425037039906,14.193470415782542,0.451667,60.443989423435035,60.0,0.2567413333333333,0.07688797884687007
2024-01-10 15:00:00,1.0,18.5,2.3652578500806416,18.241195587613884,14.206477509811117,0.9599999999999999,60.26038678473902,60.0,0.0,0.07652077356947803
2024-01-10 15:15:00,3.0,18.5,2.7134665844779975,18.854228770394766,14.245714394237007,0.9599999999999999,60.17820852376622,60.0,0.0,0.07635641704753245
2024-01-10 15:30:00,3.0,18.5,2.667299098169227,18.787430110811446,14.299451101200676,0.9599999999999999,60.02264368334569,60.0,0.12837066666666666,0.07604528736669139
2024-01-10 15:45:00,3.0,18.5,2.5049025332274417,18.549276776458274,14.338889752119563,0.9599999999999999,59.66523701394813,60.0,0.2567413333333333,0.07533047402789625
2024-01-10 16:00:00,3.0,18.5,2.4239900516795245,18.3222704969424,14.362892890359477,0.888333,59.52005431958855,60.0,0.0,0.07504010863917711
2024-01-10 16:15:00,3.0,18.5,2.29536647550502,18.10469087109997,14.372931838243055,0.888333,59.33833869133157,60.0,0.12837066666666666,0.07467667738266313
2024-01-10 16:30:00,3.0,18.5,2.3869410494075285,18.323090872125977,14.37771476047983,0.888333,59.221406747246,60.0,0.0,0.07444281349449201
2024-01-10 16:45:00,1.0,18.5,2.7175173877338277,18.893028660244923,14.408726308584253,0.888333,59.14146007826277,60.0,0.0,0.07428292015652554
2024-01-10 17:00:00,1.0,18.5,2.6412249030538746,18.75842706066119,14.445692160683384,0.255,59.061685124172655,60.0,0.0,0.07412337024834531
2024-01-10 17:15:00,1.0,18.5,2.4925871295875917,18.521976587058294,14.463644025957313,0.255,59.77008471513721,60.0,0.0,0.07554016943027443
2024-01-10 17:30:00,1.0,18.5,2.3589667050487066,18.29851212541998,14.468202144462788,0.255,61.048824373173076,60.0,0.0,0.07809764874634614
2024-01-10 17:45:00,1.0,18.5,2.239020874055683,18.086700089552554,14.460921718809052,0.255,60.96495265232314,60.0,0.0,0.07792990530464629
2024-01-10 18:00:00,1.0,18.5,2.3795215383244037,18.369552938550488,14.448210149025812,-0.205,60.881261076859694,60.0,0.0,0.0777625221537194
2024-01-10 18:15:00,3.0,18.5,2.7067634937505787,18.90698536344627,14.460779525472196,-0.205,60.79774925985421,60.0,0.0,0.07759549851970843
2024-01-10 18:30:00,1.0,18.5,2.616527661761037,18.74570249408312,14.482464591813878,-0.205,60.71441681520926,60.0,0.0,0.07742883363041853
2024-01-10 18:45:00,1.0,18.5,2.4743282570516163,18.511223688675965,14.490694512906328,-0.205,60.63126335765667,60.0,0.0,0.07726252671531335
2024-01-10 19:00:00,1.0,18.5,2.349383089935732,18.28903206615701,14.484640151848131,-0.445,60.54828850275581,60.0,0.0,0.07709657700551162
2024-01-10 19:15:00,1.0,18.5,2.236618641487253,18.081842947587386,14.465686274266686,-0.445,60.465491866891746,60.0,0.0,0.0769309837337835
2024-01-10 19:30:00,1.0,18.5,2.4123134529540478,18.42056622249261,14.446959763989264,-0.445,60.382873067273515,60.0,0.0,0.07676574613454702
2024-01-10 19:45:00,1.0,18.5,2.7193840781109437,18.918644179054926,14.458255052148894,-0.445,60.30043172193231,60.0,0.0,0.07660086344386462
2024-01-10 20:00:00,1.0,18.5,2.616916037793824,18.732618189822556,14.474737969438282,-0.66833,60.21816744971979,60.0,0.0,0.0764363348994396
2024-01-10 20:15:00,2.0,18.033333333333335,2.478655799348242,18.49790076274352,14.476118758964203,-0.66833,60.136079870306254,60.0,0.0,0.0762721597406125
2024-01-10 20:30:00,2.0,15.0,2.3544095942836263,18.275252199107545,14.465289895830132,-0.66833,60.054168604178855,60.0,0.0,0.07610833720835772
2024-01-10 20:45:00,2.0,15.0,2.24275059138935,18.063445005773723,14.443681013952858,-0.66833,59.972433272639954,60.0,0.0,0.0759448665452799
2024-01-10 21:00:00,1.0,17.566666666666666,2.250212896985178,18.08460159491517,14.413482119488547,-0.89,59.890873497805266,60.0,0.0,0.07578174699561054
2024-01-10 21:15:00,1.0,18.5,2.6292706145978846,18.737299637625835,14.40314204100761,-0.89,59.80948890260217,60.0,0.0,0.07561897780520432
2024-01-10 21:30:00,1.0,18.5,2.724935617351369,18.85905169774698,14.41936194116383,-0.89,59.72827911076793,60.0,0.0,0.07545655822153585
2024-01-10 21:45:00,2.0,15.233333333333333,2.5769581967446027,18.61485226633098,14.427730593861096,-0.89,59.64724374684797,60.0,0.0,0.07529448749369595
2024-01-10 22:00:00,1.0,16.4,2.448329376126305,18.38338095358073,14.420384505375493,-1.265,59.566382436194175,60.0,0.0,0.07513276487238835
2024-01-10 22:15:00,1.0,18.5,2.3319546187159417,18.16312925004886,14.398717032406669,-1.265,59.485694804963096,60.0,0.0,0.07497138960992619
2024-01-10 22:30:00,2.0,17.8,2.3301451294040074,18.164076735967374,14.3695221574188,-1.265,59.40518048011425,60.0,0.0,0.07481036096022849
2024-01-10 22:45:00,2.0,15.0,2.3948301090432706,18.2219565020389,14.349606008717677,-1.265,59.32483908940841,60.0,0.0,0.0746496781788168
2024-01-10 23:00:00,2.0,15.0,2.2860107906743656,18.006298170983346,14.322520178522739,-1.52333,59.24467026140584,60.0,0.0,0.07448934052281167
2024-01-10 23:15:00,2.0,15.0,2.1875082421732563,17.80014087156554,14.284121806408724,-1.52333,59.164673625464644,60.0,0.0,0.07432934725092928
2024-01-10 23:30:00,2.0,15.0,2.098607663580959,17.602603369238587,14.237615986568592,-1.52333,59.08484881173901,60.0,0.0,0.07416969762347803
2024-01-10 23:45:00,2.0,15.0,2.018384108585567,17.412839611488486,14.183983303108521,-1.52333,59.306126898811534,60.0,0.0,0.07461225379762308
2024-01-11 00:00:00,2.0,15.0,1.9497525124071882,17.22993414321154,14.121734883235765,-1.87,60.98709808630287,60.0,0.0,0.07797419617260574
2024-01-11 00:15:00,2.0,15.0,1.8868469373423722,17.053038938658023,14.051514897249799,-1.87,60.98919568741654,60.0,0.0,0.07797839137483309
2024-01-11 00:30:00,2.0,15.0,1.8295979230124202,16.881676451346937,13.976800268140126,-1.87,60.90545204111346,60.0,0.0,0.07781090408222693
2024-01-11 00:45:00,2.0,15.0,1.7775561946965381,16.715339093166918,13.898173547309856,-1.87,60.82188826510965,60.0,0.0,0.0776437765302193
2024-01-11 01:00:00,2.0,15.0,1.7295816411521894,16.553598452242287,13.816504497890303,-1.81833,60.73850397306741,60.0,0.0,0.07747700794613482
2024-01-11 01:15:00,2.0,15.0,1.6859204272826598,16.396077336989908,13.7322730021416,-1.81833,60.655298779478926,60.0,0.0,0.07731059755895785
2024-01-11 01:30:00,2.0,15.0,1.6460237670051823,16.242397877254234,13.645472688718744,-1.81833,60.57227229966433,60.0,0.0,0.07714454459932867
2024-01-11 01:45:00,2.0,15.0,1.6094608937324635,16.092235230222556,13.556471587532078,-1.81833,60.48942414977003,60.0,0.0,0.07697884829954008
2024-01-11 02:00:00,2.0,15.0,1.57858305609367,15.945186069097323,13.463939375139173,-2.06167,60.406753946766905,60.0,0.0,0.07681350789353382
2024-01-11 02:15:00,2.0,15.0,1.5495443313540898,15.800867904469477,13.368074181223124,-2.06167,60.324261308448506,60.0,0.0,0.076648522616897
2024-01-11 02:30:00,2.0,15.0,1.522537676215176,15.659134720011194,13.271090311204237,-2.06167,60.24194585342933,60.0,0.0,0.07648389170685865
2024-01-11 02:45:00,2.0,15.0,1.497462852661056,15.519798426389919,13.173195122555382,-2.06167,60.15980720114303,60.0,0.0,0.07631961440228606
2024-01-11 03:00:00,2.0,15.0,1.4743191218819443,15.382682369012162,13.074447727753867,-2.08,60.07784497184068,60.0,0.0,0.07615568994368135
2024-01-11 03:15:00,2.0,15.0,1.4526584360181458,15.247626907060013,12.975004296418835,-2.08,59.99605878658901,60.0,0.0,0.075992117573178
2024-01-11 03:30:00,2.0,15.0,1.4323543421991018,15.114503963238388,12.875156785267707,-2.08,59.91444826726859,60.0,0.0,0.0758288965345372
2024-01-11 03:45:00,2.0,15.0,1.413273753464187,14.983194534581468,12.775031661917685,-2.08,59.833013036572225,60.0,0.0,0.07566602607314446
2024-01-11 04:00:00,2.0,15.0,1.3962361272021224,14.853552381776206,12.6741620019983,-2.165,59.751752718003075,60.0,0.0,0.07550350543600616
2024-01-11 04:15:00,1.0,16.166666666666668,1.445816276251908,14.871954658786642,12.573855716304008,-2.165,59.67066693587297,60.0,0.0,0.07534133387174594
2024-01-11 04:30:00,2.0,17.333333333333332,1.8591520736590041,15.5153768601121,12.49877802217076,-2.165,59.589755315300685,60.0,0.0,0.07517951063060138
2024-01-11 04:45:00,2.0,15.0,1.9400704797361286,15.561802580293453,12.451652923953791,-2.165,59.509017482210176,60.0,0.0,0.07501803496442035
2024-01-11 05:00:00,2.0,15.0,1.865558704199636,15.386385654948212,12.401824567510861,-2.09833,59.42845306332885,60.0,0.0,0.07485690612665771
2024-01-11 05:15:00,1.0,16.4,1.8220828757021867,15.278754264720071,12.347035939037033,-2.09833,59.34806168618591,60.0,0.0,0.0746961233723718
2024-01-11 05:30:00,1.0,18.5,2.1487470374740827,15.836074028005328,12.305450875717172,-2.09833,59.26784297911051,60.0,0.0,0.07453568595822105
2024-01-11 05:45:00,1.0,18.5,2.5631190802540784,16.54027836928839,12.302686749168345,-2.09833,59.18779657123017,60.0,0.0,0.07437559314246035
2024-01-11 06:00:00,1.0,18.5,2.9337891269997765,17.208400669744996,12.337314542083616,-1.97333,59.10792209246893,60.0,0.0,0.07421584418493786
2024-01-11 06:15:00,1.0,18.5,3.2671968518705943,17.84417920874261,12.405102000510754,-1.97333,59.04255266614012,60.0,0.0,0.07408510533228024
2024-01-11 06:30:00,1.0,18.5,3.567216561792838,18.450843197829588,12.50123689741268,-1.97333,60.58138114591165,60.0,0.0,0.07716276229182331
2024-01-11 06:45:00,1.0,18.5,3.787878902716604,18.917207321661188,12.621514463161102,-1.97333,61.01365695888739,60.0,0.0,0.07802731391777477
2024-01-11 07:00:00,1.0,18.5,3.5970006825919048,18.689433208645447,12.74061695082813,-2.00333,60.92986077300174,60.0,0.0,0.07785972154600349
2024-01-11 07:15:00,1.0,18.5,3.3542939615178793,18.369483536182663,12.835077707188232,-2.00333,60.846244570263444,60.0,0.0,0.07769248914052689
2024-01-11 07:30:00,1.0,17.8,3.1448027193109795,18.095178395394747,12.906839504336121,-2.00333,60.76280796409244,60.0,0.0,0.0775256159281849
2024-01-11 07:45:00,1.0,18.5,3.288398607040543,18.453953085244528,12.972283539867313,-2.00333,60.679550568739025,60.0,0.0,0.07735910113747806
2024-01-11 08:00:00,3.0,18.5,3.30403834650974,18.92227654010991,13.063605925427755,-1.61167,60.59647199928201,60.0,0.0,0.07719294399856404
2024-01-11 08:15:00,1.0,18.5,3.1259560402184134,18.710927714768665,13.15863866170206,-1.61167,60.51357187162696,60.0,0.0,0.07702714374325392
2024-01-11 08:30:00,1.0,18.5,2.919949821226437,18.432609907927496,13.232786306004757,-1.61167,60.43084980250444,60.0,0.0,0.07686169960500888
2024-01-11 08:45:00,1.0,18.5,2.735596485646483,18.172228328822964,13.287666534404707,-1.61167,60.34830540946824,60.0,0.0,0.07669661081893647
2024-01-11 09:00:00,3.0,18.5,2.5686347013294393,18.201624503737865,13.330980425100789,-1.29167,60.26593831089356,60.0,0.0,0.07653187662178712
2024-01-11 09:15:00,3.0,18.5,2.884995816387341,18.823701232616937,13.393922365416097,-1.29167,60.183748125975285,60.0,0.0,0.07636749625195058
2024-01-11 09:30:00,3.0,18.5,2.8687748178797516,18.825151146326082,13.473377031453929,-1.29167,60.10173447472626,60.0,0.0,0.07620346894945253
2024-01-11 09:45:00,3.0,18.5,2.6818852005988907,18.569622509471834,13.537564308551975,-1.29167,60.01989697797546,60.0,0.0,0.07603979395595092
2024-01-11 10:00:00,3.0,18.5,2.456086525990441,18.333031870586932,13.59195736620846,-0.175,59.938235257366266,60.0,0.0,0.07587647051473252
2024-01-11 10:15:00,3.0,18.5,2.296685820016158,18.114399651364604,13.639127552800607,-0.175,59.856748935354716,60.0,0.0,0.07571349787070944
2024-01-11 10:30:00,3.0,18.5,2.3389977098052728,18.2775041066853,13.67721729848713,-0.175,59.7754376352078,60.0,0.0,0.07555087527041558
2024-01-11 10:45:00,3.0,18.5,2.6651086021587105,18.877306342189332,13.737909267052778,-0.175,59.694300981001625,60.0,0.0,0.07538860196200324
2024-01-11 11:00:00,3.0,18.5,2.5664124445567253,18.780929490186832,13.814005122841651,0.478333,59.613338597619766,60.0,0.0,0.07522667719523954
2024-01-11 11:15:00,1.0,18.5,2.393570819246372,18.552676376054947,13.879093978549266,0.478333,59.532550110751494,60.0,0.0,0.07506510022150299
2024-01-11 11:30:00,1.0,18.5,2.2401944054555236,18.339347018542,13.928098641015044,0.478333,59.45193514689005,60.0,0.0,0.07490387029378011
2024-01-11 11:45:00,1.0,18.5,2.102886378279012,18.139374243848973,13.962852078279417,0.478333,59.25537329550087,60.0,0.7702240000000001,0.07451074659100174
2024-01-11 12:00:00,1.0,18.5,2.106852388276827,18.219071946572345,13.992808624544343,1.153333,60.09849901102827,60.0,2.053930666666667,0.07619699802205654
2024-01-11 12:15:00,3.0,18.5,2.4535909144705377,18.86517883573978,14.048252477552786,1.153333,60.47830085054848,60.0,1.9255600000000002,0.07695660170109696
2024-01-11 12:30:00,3.0,18.5,2.436150603736314,18.86164987017958,14.120607641308855,1.153333,59.44686611788124,60.0,1.668818666666667,0.0748937322357625
2024-01-11 12:45:00,3.0,18.5,2.275075419321687,18.644775041881253,14.179333958710508,1.153333,59.04099583937088,60.0,0.0,0.07408199167874176
2024-01-11 13:00:00,3.0,18.5,2.141316569243285,18.441358638496148,14.233848791709898,2.751667,60.50030588474522,60.0,0.385112,0.07700061176949043
2024-01-11 13:15:00,3.0,18.5,2.000371648291019,18.250647898247678,14.2863825121244,2.751667,60.73072699969982,60.0,0.12837066666666666,0.07746145399939963
2024-01-11 13:30:00,1.0,18.5,1.8731665780703572,18.072313825541507,14.325599689833025,2.751667,60.52805711463755,60.0,0.12837066666666666,0.0770561142292751
2024-01-11 13:45:00,3.0,18.5,2.002420764347873,18.38947249570376,14.361175585724178,2.751667,59.59031947462923,60.0,1.155336,0.07518063894925847
2024-01-11 14:00:00,3.0,18.5,2.3613802955292824,18.922964170566953,14.43003077721075,3.705,59.099521607578325,60.0,0.12837066666666666,0.07419904321515665
2024-01-11 14:15:00,3.0,18.5,2.244380646731053,18.770512002434035,14.510757944482465,3.705,60.646895281622015,60.0,0.2567413333333333,0.07729379056324404
2024-01-11 14:30:00,3.0,18.5,2.0899689104999024,18.57101121178186,14.575573443489008,3.705,60.987112081392496,60.0,0.12837066666666666,0.07797422416278499
2024-01-11 14:45:00,3.0,18.5,1.9518655763825221,18.384950560216677,14.625807286405294,3.705,60.72871656164455,60.0,0.2567413333333333,0.07745743312328912
2024-01-11 15:00:00,3.0,18.5,2.0958401860265736,18.198430892283675,14.66770617266699,4.408333,59.741236970882646,60.0,1.7971893333333335,0.0754824739417653
2024-01-11 15:15:00,3.0,18.5,2.020600587140206,18.0952875923405,14.70259683885947,4.408333,60.618271253606544,60.0,2.439042666666667,0.0772365425072131
2024-01-11 15:30:00,3.0,18.5,2.3122129863726504,18.672601504193896,14.74607099886021,4.408333,59.57244090589367,60.0,0.385112,0.07514488181178734
2024-01-11 15:45:00,3.0,18.5,2.430376347896171,18.87995997704064,14.814329138214807,4.408333,61.062490548715694,60.0,0.0,0.07812498109743138
2024-01-11 16:00:00,3.0,18.5,2.3082159300078473,18.6618394854366,14.870205911485243,3.825,60.978589474724444,60.0,0.0,0.07795717894944888
2024-01-11 16:15:00,1.0,18.5,2.168964439502922,18.455568599482255,14.906630004016876,3.825,60.89486860916635,60.0,0.0,0.07778973721833271
2024-01-11 16:30:00,1.0,18.5,2.0417958558274214,18.261664411554875,14.92999832036987,3.825,60.811327564977496,60.0,0.0,0.07762265512995499
2024-01-11 16:45:00,1.0,18.5,1.927803310917694,18.07884189600843,14.941811763074897,3.825,60.516525443617155,60.0,0.2567413333333333,0.07703305088723432
2024-01-11 17:00:00,1.0,18.5,2.0733479345299712,18.390176308184348,14.948713299911159,3.406667,60.203938029198575,60.0,0.7702240000000001,0.07640787605839718
2024-01-11 17:15:00,1.0,18.5,2.386742426666035,18.91922834639513,14.980859769535147,3.406667,59.349974522416986,60.0,0.12837066666666666,0.07469994904483396
2024-01-11 17:30:00,1.0,18.5,2.287442280762332,18.76373961369534,15.019936707380685,3.406667,59.242203090998764,60.0,0.0,0.07448440618199753
2024-01-11 17:45:00,1.0,18.5,2.1527010411522323,18.55927500636565,15.045696442048921,3.406667,59.094897168904545,60.0,0.12837066666666666,0.07418979433780909
2024-01-11 18:00:00,1.0,18.5,2.037107811473383,18.36633466406091,15.05603121175293,2.941667,60.5715459621489,60.0,0.5134826666666666,0.07714309192429782
2024-01-11 18:15:00,1.0,18.5,1.932394231750491,18.183468818325384,15.05218063379783,2.941667,60.627042188943534,60.0,0.2567413333333333,0.07725408437788707
2024-01-11 18:30:00,1.0,18.5,1.8735935856650936,18.095428819138263,15.039662291766284,2.941667,60.26836106209183,60.0,0.12837066666666666,0.07653672212418365
2024-01-11 18:45:00,1.0,18.5,2.1973649432499527,18.68470345037579,15.039638869754786,2.941667,60.094290864075056,60.0,0.0,0.07618858172815011
2024-01-11 19:00:00,3.0,18.5,2.3491589997118676,18.901021751972625,15.064757391541944,2.481667,60.01246935521748,60.0,0.0,0.07602493871043497
2024-01-11 19:15:00,1.0,18.5,2.2165817171218674,18.690739094470175,15.08130031251571,2.481667,59.93082358816163,60.0,0.0,0.07586164717632328
2024-01-11 19:30:00,3.0,18.5,2.0974539331480186,18.492034184261097,15.085893598189745,2.481667,59.84935318543731,60.0,0.0,0.07569870637087463
2024-01-11 19:45:00,3.0,18.5,1.990522079101421,18.303717637066146,15.079924350513984,2.481667,59.76805777038507,60.0,0.0,0.07553611554077014
2024-01-11 20:00:00,1.0,18.5,1.9020623349686632,18.12441152572068,15.059972779562482,1.798333,59.68693696715448,60.0,0.0,0.07537387393430897
2024-01-11 20:15:00,1.0,18.5,1.949552592529957,18.22049446596954,15.030108242036283,1.798333,59.60599040070243,60.0,0.0,0.07521198080140486
2024-01-11 20:30:00,1.0,18.5,2.3288253484639454,18.858649251796955,15.0252501807739,1.798333,59.52521769679129,60.0,0.0,0.07505043539358258
2024-01-11 20:45:00,2.0,17.1,2.3249709884830656,18.82524534925228,15.039656969885177,1.798333,59.380246167680454,60.0,0.12837066666666666,0.0747604923353609
2024-01-11 21:00:00,2.0,15.0,2.207270382167288,18.616518392873633,15.039785872229428,1.166667,59.22646902246802,60.0,0.0,0.07445293804493604
2024-01-11 21:15:00,2.0,15.0,2.1002177627938012,18.418052968863442,15.024319287813155,1.166667,59.14651148038576,60.0,0.0,0.07429302296077152
2024-01-11 21:30:00,2.0,15.0,2.0036555669312164,18.22896067860774,14.999627607138226,1.166667,59.066725676550604,60.0,0.0,0.07413345135310119
2024-01-11 21:45:00,1.0,16.4,1.9191258531561293,18.060597844919926,14.966819093868413,1.166667,59.63187193185601,60.0,0.0,0.07526374386371203
2024-01-11 22:00:00,2.0,15.0,1.9395369869544012,18.05473677802344,14.931219768367953,1.051667,59.509907144350976,60.0,1.668818666666667,0.07501981428870194
2024-01-11 22:15:00,2.0,15.0,1.861773377052035,17.87943455848578,14.892260885551881,1.051667,59.181383514636096,60.0,0.0,0.07436276702927218
2024-01-11 22:30:00,2.0,15.0,1.7893992780108159,17.71114665842992,14.84682462552976,1.051667,59.429182484575904,60.0,0.12837066666666666,0.07485836496915181
2024-01-11 22:45:00,2.0,15.0,1.7240247776386481,17.549190607560014,14.795701005969692,1.051667,60.905467392306385,60.0,0.12837066666666666,0.07781093478461278
2024-01-11 23:00:00,2.0,15.0,1.6718109603722031,17.392668384198707,14.735358749675465,0.43,60.80971082246199,60.0,0.0,0.07761942164492398
2024-01-11 23:15:00,2.0,15.0,1.623069964033665,17.240721800022502,14.666186955704045,0.43,60.65278959845341,60.0,0.12837066666666666,0.07730557919690682
2024-01-11 23:30:00,2.0,15.0,1.578417138269342,17.093084855110554,14.593739374783194,0.43,60.505469971108866,60.0,0.0,0.07701093994221773
2024-01-11 23:45:00,2.0,15.0,1.5377054330134858,16.949373433001945,14.518454898269404,0.43,59.630828843909036,60.0,2.310672,0.07526165768781806
2024-01-12 00:00:00,2.0,15.0,1.5025132739018514,16.80916104815141,14.439497701202336,0.25,61.04363775082807,60.0,0.12837066666666666,0.07808727550165614
2024-01-12 00:15:00,2.0,15.0,1.4698526729951065,16.6720505908625,14.357146157224511,0.25,59.46662518912404,60.0,1.7971893333333333,0.07493325037824808
2024-01-12 00:30:00,2.0,15.0,1.4397389519149202,16.537832300092237,14.2731554144579,0.25,59.938041870419944,60.0,0.2567413333333333,0.07587608374083989
2024-01-12 00:45:00,2.0,15.0,1.41198455259633,16.40627635581195,14.187783073969596,0.25,60.766678689848256,60.0,1.7971893333333335,0.07753335737969652
2024-01-12 01:00:00,2.0,15.0,1.3853346062016503,16.277219543024383,14.10187080169771,0.34,59.17067199334778,60.0,0.2567413333333333,0.07434134398669556
2024-01-12 01:15:00,2.0,15.0,1.3608685715965685,16.15052439255128,14.015655736383179,0.34,60.84935923197721,60.0,0.0,0.07769871846395442
2024-01-12 01:30:00,2.0,15.0,1.3382097538873943,16.025995756097636,13.928594422114204,0.34,60.82421267051425,60.0,0.2567413333333333,0.0776484253410285
2024-01-12 01:45:00,2.0,15.0,1.3171233970200193,15.903480559478004,13.840854615571386,0.34,60.621415767957075,60.0,0.0,0.07724283153591416
2024-01-12 02:00:00,2.0,15.0,1.3001533501801577,15.782728452608998,13.750927865382776,0.096667,60.48326206437914,60.0,0.7702240000000001,0.07696652412875829
2024-01-12 02:15:00,2.0,15.0,1.2836252937536596,15.663493193682688,13.658853795836922,0.096667,59.62863535016898,60.0,0.0,0.07525727070033797
2024-01-12 02:30:00,2.0,15.0,1.2678848237642792,15.545750117211595,13.566705652684448,0.096667,59.42831681099967,60.0,0.12837066666666666,0.07485663362199933
2024-01-12 02:45:00,2.0,15.0,1.2529675744701336,15.42941923237729,13.474565370192591,0.096667,59.32956129897874,60.0,0.0,0.07465912259795747
2024-01-12 03:00:00,2.0,15.0,1.2378429293718547,15.31446837819011,13.383084234411353,0.181667,58.9784338309765,60.0,2.5674133333333335,0.073956867661953
2024-01-12 03:15:00,2.0,15.0,1.2236679238825305,15.200876291672826,13.292358374182395,0.181667,60.494074490292036,60.0,0.0,0.07698814898058408
2024-01-12 03:30:00,2.0,15.0,1.210209214221532,15.088555292857437,13.201760739763422,0.181667,61.05535448372299,60.0,0.0,0.07811070896744597
2024-01-12 03:45:00,2.0,15.0,1.1973540497631334,14.97744680918831,13.111348487249277,0.181667,60.971468737057485,60.0,0.0,0.07794293747411496
2024-01-12 04:00:00,2.0,15.0,1.1837616199719838,14.867551755917809,13.021955182594317,0.296667,60.88776316590407,60.0,0.12837066666666666,0.07777552633180813
2024-01-12 04:15:00,1.0,16.4,1.1947565304433334,14.820146057080201,12.933966047141801,0.296667,60.05961073660982,60.0,0.7702240000000001,0.07611922147321964
2024-01-12 04:30:00,2.0,16.866666666666667,1.5463622398248618,15.37168757263253,12.864185700300636,0.296667,59.64714598316732,60.0,0.12837066666666666,0.07529429196633464
2024-01-12 04:45:00,2.0,15.0,1.6167540019401385,15.40681136714357,12.81964896946343,0.296667,59.419183728807035,60.0,0.2567413333333333,0.07483836745761406
2024-01-12 05:00:00,2.0,15.0,1.561305228059648,15.26032552237209,12.770661025321404,0.016667,59.06006370840972,60.0,0.7702240000000001,0.07412012741681943
2024-01-12 05:15:00,2.0,15.0,1.5104938705843052,15.118694928552221,12.715213646498476,0.016667,60.28100003089716,60.0,0.0,0.07656200006179432
2024-01-12 05:30:00,2.0,15.7,1.5928306308279987,15.245098653574281,12.659347081482878,0.016667,60.673256836925354,60.0,0.5134826666666666,0.0773465136738507
2024-01-12 05:45:00,2.0,15.0,1.749984079038534,15.435721283321387,12.622394841803649,0.016667,60.19505038060848,60.0,0.2567413333333333,0.07639010076121697
2024-01-12 06:00:00,2.0,16.4,1.7905552564931178,15.508277248494867,12.59338498855371,0.591667,59.99360483560932,60.0,0.0,0.07598720967121865
2024-01-12 06:15:00,1.0,17.8,1.9241776636488623,15.743488136927631,12.579398355864136,0.591667,59.40964566338076,60.0,1.5404480000000003,0.07481929132676153
2024-01-12 06:30:00,1.0,18.5,2.319179454604436,16.445651718282317,12.591426448462391,0.591667,60.26523577727434,60.0,0.8985946666666668,0.07653047155454867
2024-01-12 06:45:00,1.0,18.5,2.6957294514026304,17.136016447291233,12.640050185622641,0.591667,60.849155612399265,60.0,0.385112,0.07769831122479852
2024-01-12 07:00:00,1.0,18.5,3.032922862076641,17.79357842647214,12.721344580863859,0.626667,60.214217524666395,60.0,0.385112,0.07642843504933278
2024-01-12 07:15:00,1.0,18.5,3.3373097441138486,18.421660383090543,12.831487102131518,0.626667,59.77369424338981,60.0,0.385112,0.07554738848677962
2024-01-12 07:30:00,1.0,18.5,3.56209219443732,18.909047866071266,12.965952814324629,0.626667,59.44446969264509,60.0,0.12837066666666666,0.07488893938529019
2024-01-12 07:45:00,1.0,18.5,3.382467511853785,18.70158436067402,13.09959033333423,0.626667,59.21699151627174,60.0,0.12837066666666666,0.07443398303254349
2024-01-12 08:00:00,1.0,18.5,3.0581954685877,18.405233383578715,13.205017228475361,0.048333,59.06355579370229,60.0,0.12837066666666666,0.07412711158740456
2024-01-12 08:15:00,1.0,18.5,2.8470079008418017,18.13370261315736,13.283936639190744,0.048333,60.42164129342996,60.0,0.2567413333333333,0.0768432825868599
2024-01-12 08:30:00,1.0,18.5,2.875011918392393,18.304353694092804,13.350264570847672,0.048333,60.859693495327,60.0,0.0,0.07771938699065402
2024-01-12 08:45:00,3.0,18.5,3.1748740752091873,18.884887160451612,13.436822204347164,0.048333,60.77622800264003,60.0,0.0,0.07755245600528007
2024-01-12 09:00:00,3.0,18.5,3.0832930030306147,18.777727786596863,13.53796783528949,0.853333,60.69294178281507,60.0,0.0,0.07738588356563016
2024-01-12 09:15:00,3.0,18.5,2.8722774014783536,18.503584027923278,13.625710325955563,0.853333,60.60983445079767,60.0,0.0,0.07721966890159535
2024-01-12 09:30:00,1.0,18.5,2.6831788015744906,18.247842837606406,13.693502886932867,0.853333,60.526905622360424,60.0,0.0,0.07705381124472084
2024-01-12 09:45:00,1.0,18.5,2.549436275902119,18.094235342391407,13.744132684366642,0.853333,60.4441549141012,60.0,0.0,0.07688830982820241
2024-01-12 10:00:00,1.0,18.5,2.8311557263463714,18.62326605890571,13.804501243250277,1.561667,60.36158194344137,60.0,0.0,0.07672316388688276
2024-01-12 10:15:00,1.0,18.5,2.9751515897367438,18.900632126433802,13.89421493113276,1.561667,60.279186328624036,60.0,0.0,0.07655837265724807
2024-01-12 10:30:00,3.0,18.5,2.780132176098233,18.639502236346065,13.975106455269033,1.561667,60.19696768871224,60.0,0.0,0.07639393537742449
2024-01-12 10:45:00,3.0,18.5,2.599206249028955,18.391859726290704,14.036973942037703,1.561667,60.11492564358728,60.0,0.0,0.07622985128717455
2024-01-12 11:00:00,3.0,18.5,2.4492934436892204,18.159400456092158,14.083456729622098,1.781667,60.033059813946814,60.0,0.0,0.07606611962789363
2024-01-12 11:15:00,1.0,18.5,2.4314046768446023,18.208208094980744,14.119747620382263,1.781667,59.951369821303274,60.0,0.0,0.07590273964260655
2024-01-12 11:30:00,1.0,18.5,2.7685761795937376,18.84151292313824,14.174471817804138,1.781667,59.86985528798197,60.0,0.0,0.07573971057596393
2024-01-12 11:45:00,1.0,18.5,2.7624613801167746,18.85320602060252,14.246831277148301,1.781667,59.788515837119455,60.0,0.0,0.07557703167423892
2024-01-12 12:00:00,3.0,18.5,2.582826765006883,18.607127691281896,14.304434655191654,1.71,59.7073510926617,60.0,0.0,0.07541470218532341
2024-01-12 12:15:00,3.0,18.5,2.424104948250625,18.376596578823545,14.344986723161773,1.71,59.62636067936244,60.0,0.0,0.07525272135872489
2024-01-12 12:30:00,3.0,18.5,2.2820592862481908,18.159878854880155,14.370957784190825,1.71,59.54554422278134,60.0,0.0,0.07509108844556267
2024-01-12 12:45:00,1.0,18.5,2.260171389935308,18.1788583265729,14.38645205444659,1.71,59.464901349282314,60.0,0.0,0.07492980269856463
2024-01-12 13:00:00,1.0,18.5,2.598193381015543,18.81184093109898,14.421703450295533,1.915,59.38443168603182,60.0,0.0,0.07476886337206363
2024-01-12 13:15:00,1.0,18.5,2.609448508698963,18.838419211983418,14.478144922737739,1.915,59.30413486099709,60.0,0.0,0.07460826972199416
2024-01-12 13:30:00,1.0,18.5,2.4475366757162518,18.605583615011135,14.522136538806667,1.915,59.22401050294447,60.0,0.0,0.07444802100588895
2024-01-12 13:45:00,3.0,18.5,2.3025216608633685,18.386851198359377,14.551200965182032,1.915,59.14405824143766,60.0,0.0,0.07428811648287532
2024-01-12 14:00:00,3.0,18.5,2.168069481363843,18.180964678413844,14.566851567854728,1.885,59.064277706835966,60.0,0.0,0.07412855541367193
2024-01-12 14:15:00,2.0,15.466666666666667,2.0516370273172173,17.986618428749242,14.570618487543259,1.885,59.62942922005723,60.0,0.0,0.07525885844011447
2024-01-12 14:30:00,2.0,15.0,1.9474212946066811,17.802396389533737,14.564102497538364,1.885,61.05171349674985,60.0,0.0,0.0781034269934997
2024-01-12 14:45:00,3.0,17.333333333333332,1.9383385759256602,17.81019670632995,14.55027488959257,1.885,60.967835570443825,60.0,0.0,0.07793567114088763
2024-01-12 15:00:00,3.0,18.5,2.3020016869770767,18.476418445686694,14.556110197944925,1.896667,60.884137802852756,60.0,0.0,0.07776827560570551
2024-01-12 15:15:00,3.0,18.5,2.576751546702728,18.944894793009357,14.596341464148729,1.896667,60.41429101014051,60.0,1.5404480000000003,0.07682858202028102
2024-01-12 15:30:00,3.0,18.5,2.45129278154174,18.753049228625652,14.639642814819775,1.896667,58.802335302680525,60.0,1.5404480000000003,0.07360467060536105
2024-01-12 15:45:00,3.0,18.5,2.306293166462617,18.533969190665086,14.6683281692172,1.896667,60.87162248594002,60.0,0.12837066666666666,0.07774324497188004
2024-01-12 16:00:00,3.0,18.5,2.231113995367834,18.32496883730348,14.68464069612447,2.025,60.975195120975016,60.0,0.0,0.07795039024195004
2024-01-12 16:15:00,1.0,18.5,2.1146536249977044,18.124617217008886,14.68996313317864,2.025,60.891481546040765,60.0,0.0,0.07778296309208153
2024-01-12 16:30:00,3.0,18.5,2.1604005294975197,18.250742705840672,14.688781039749108,2.025,60.80794777681646,60.0,0.0,0.07761589555363292
2024-01-12 16:45:00,1.0,18.5,2.522063038739525,18.882302041341053,14.711856521889615,2.025,60.724593427103144,60.0,0.0,0.07744918685420628
2024-01-12 17:00:00,1.0,18.5,2.492043222302057,18.832352062158336,14.75259097459724,2.191667,60.44834992580913,60.0,0.2567413333333333,0.07689669985161827
2024-01-12 17:15:00,1.0,18.5,2.3443959672746404,18.609645678419717,14.782025385354354,2.191667,60.28311288168902,60.0,0.0,0.07656622576337804
2024-01-12 17:30:00,1.0,18.5,2.2121460214536213,18.399796768907155,14.798017166001797,2.191667,59.436501902851546,60.0,2.3106720000000007,0.0748730038057031
2024-01-12 17:45:00,1.0,18.5,2.0935279770245128,18.201475874714028,14.80211811178717,2.191667,60.93248865231158,60.0,0.0,0.07786497730462315
2024-01-12 18:00:00,3.0,18.5,2.01460356511519,18.07460310249725,14.793656557873835,1.846667,60.909155974764914,60.0,0.2567413333333333,0.07781831194952984
2024-01-12 18:15:00,3.0,18.5,2.3090531974029243,18.61575432549398,14.79171763526599,1.846667,60.63263989809436,60.0,0.0,0.07726527979618873
2024-01-12 18:30:00,1.0,18.5,2.513195480173825,18.938398319089437,14.819822615319858,1.846667,60.41178201779268,60.0,0.385112,0.07682356403558536
2024-01-12 18:45:00,1.0,18.5,2.3734682293983913,18.717151129932933,14.84551274520992,1.846667,60.05357377533843,60.0,0.0,0.07610714755067685
2024-01-12 19:00:00,1.0,18.5,2.2395696220604937,18.504682457054056,14.859201053161504,2.04,59.97183972141337,60.0,0.0,0.07594367944282673
2024-01-12 19:15:00,1.0,18.5,2.119869173714507,18.30388788114386,14.862487741899189,2.04,59.890281221448376,60.0,0.0,0.07578056244289674
2024-01-12 19:30:00,1.0,18.5,2.0125046615964575,18.113523172147143,14.855190316416252,2.04,59.80889789837672,60.0,0.0,0.07561779579675344
2024-01-12 19:45:00,1.0,18.5,2.069952428555811,18.248494007684375,14.842737600106988,2.04,59.72768937594155,60.0,0.0,0.07545537875188311
2024-01-12 20:00:00,3.0,18.5,2.441766090275374,18.887893831151253,14.855902544705105,2.063333,59.375899486480925,60.0,1.668818666666667,0.07475179897296186
2024-01-12 20:15:00,1.0,18.5,2.4226839144943684,18.844825608694865,14.886828515628961,2.063333,59.10082936436806,60.0,1.5404480000000003,0.07420165872873612
2024-01-12 20:30:00,1.0,18.5,2.284425962456019,18.62804897552827,14.906188414536944,2.063333,60.794383677383934,60.0,0.0,0.07758876735476787
2024-01-12 20:45:00,1.0,18.5,2.1604416465972376,18.423322939076282,14.913077316696782,2.063333,61.111706501823356,60.0,0.0,0.07822341300364671
2024-01-12 21:00:00,1.0,18.5,2.051897023609562,18.22929360597646,14.907272599570211,1.818333,60.77952245279149,60.0,0.2567413333333333,0.07755904490558298
2024-01-12 21:15:00,1.0,18.5,1.9609983015425685,18.0692966030089,14.890027522576593,1.818333,60.40704831355249,60.0,1.5404480000000003,0.07681409662710496
2024-01-12 21:30:00,1.0,18.033333333333335,2.2078223960762537,18.519788397654477,14.878230874766844,1.818333,60.564574896444014,60.0,0.0,0.07712914979288804
2024-01-12 21:45:00,1.0,18.5,2.2958227602853545,18.6275939363369,14.88940763425432,1.818333,60.72096591656456,60.0,0.7702240000000001,0.07744193183312913
2024-01-12 22:00:00,1.0,18.5,2.1768470250693372,18.421599288061984,14.89125915605983,1.438333,60.08654953631436,60.0,0.0,0.07617309907262872
2024-01-12 22:15:00,1.0,18.5,2.0692076256207392,18.225978349955053,14.879459018210635,1.438333,59.92199211146085,60.0,0.2567413333333333,0.0758439842229217
2024-01-12 22:30:00,2.0,15.466666666666667,1.9722703184121813,18.039768443410356,14.858338454333117,1.438333,59.647569972078,60.0,0.0,0.075295139944156
2024-01-12 22:45:00,2.0,15.0,1.8850459023744892,17.862022415962763,14.828999024263744,1.438333,59.56670796073548,60.0,0.0,0.07513341592147095
2024-01-12 23:00:00,2.0,15.0,1.8089049899656966,17.691794785838738,14.79093366131586,1.22,59.237787023680106,60.0,0.385112,0.07447557404736022
2024-01-12 23:15:00,2.0,15.0,1.7397391283389967,17.5282229307252,14.744931197673532,1.22,59.38873356085001,60.0,0.2567413333333333,0.07477746712170001
2024-01-12 23:30:00,2.0,15.0,1.677136002544933,17.370713509129715,14.693522264624812,1.22,60.87340954333122,60.0,0.12837066666666666,0.07774681908666242
2024-01-12 23:45:00,2.0,15.0,1.6204845991319696,17.218686260474552,14.637376994275375,1.22,60.22607773741597,60.0,0.7702240000000001,0.07645215547483195
2024-01-13 00:00:00,2.0,15.0,1.57260844254884,17.07147873587513,14.574968680356875,0.908333,59.86844751329461,60.0,0.0,0.07573689502658923
2024-01-13 00:15:00,2.0,15.0,1.5284144765962482,16.92847149014965,14.506709007713317,0.908333,59.63079808982295,60.0,0.2567413333333333,0.07526159617964591
2024-01-13 00:30:00,2.0,15.0,1.4880010033191295,16.78936246967768,14.435574834522992,0.908333,59.24995229347633,60.0,0.385112,0.07449990458695269
2024-01-13 00:45:00,2.0,15.0,1.4511071894291363,16.65380865552007,14.361957303539707,0.908333,60.78436533888375,60.0,0.0,0.0775687306777675
2024-01-13 01:00:00,2.0,15.0,1.4203598357290415,16.521378195517382,14.284365170610492,0.638333,60.01760526979765,60.0,1.7971893333333335,0.0760352105395953
2024-01-13 01:15:00,2.0,15.0,1.391507656997143,16.391660798464418,14.203004910832986,0.638333,59.72393192807845,60.0,0.2567413333333333,0.0754478638561569
2024-01-13 01:30:00,2.0,15.0,1.3647789961201786,16.26450716482082,14.120321675266116,0.638333,60.99571931089452,60.0,0.0,0.07799143862178905
2024-01-13 01:45:00,2.0,15.0,1.3400753255901345,16.139720075047336,14.036535221159223,0.638333,60.91196165270924,60.0,0.0,0.07782392330541847
2024-01-13 02:00:00,2.0,15.0,1.3213199937897806,16.016950036640054,13.94930936946882,0.266667,60.82838389491887,60.0,0.0,0.07765676778983774
2024-01-13 02:15:00,2.0,15.0,1.3029345999058626,15.89585054174086,13.858676290233385,0.266667,60.744985651121155,60.0,0.0,0.0774899713022423
2024-01-13 02:30:00,2.0,15.0,1.2854770643199787,15.776410586485504,13.767777701138339,0.266667,60.66176653574371,60.0,0.0,0.07732353307148741
2024-01-13 02:45:00,2.0,15.0,1.2690285934145937,15.658532052255863,13.676716822580955,0.266667,60.57872616404231,60.0,0.0,0.07715745232808462
2024-01-13 03:00:00,2.0,15.0,1.2579212501807742,15.541941214936237,13.582872109885244,-0.13167,60.495864152099145,60.0,0.0,0.0769917283041983
2024-01-13 03:15:00,2.0,15.0,1.2462895183089957,15.426356507470038,13.486173304641643,-0.13167,60.413180116820996,60.0,0.0,0.07682636023364199
2024-01-13 03:30:00,2.0,15.0,1.2348321077376572,15.31184611466209,13.389894394494371,-0.13167,60.33067367593749,60.0,0.0,0.07666134735187496
2024-01-13 03:45:00,2.0,15.0,1.223725731480548,15.198376107241348,13.294063109688276,-0.13167,60.24834444799929,60.0,0.0,0.07649668889599856
2024-01-13 04:00:00,2.0,15.0,1.216650781754193,15.08576021330821,13.196433447332103,-0.465,60.166192052376374,60.0,0.0,0.07633238410475275
2024-01-13 04:15:00,2.0,15.0,1.2087481874025714,14.973800796602593,13.096899993579257,-0.465,60.08421610925628,60.0,0.0,0.07616843221851256
2024-01-13 04:30:00,1.0,16.166666666666668,1.4094799881535438,15.27874969612857,13.004786621948137,-0.465,60.00241623964232,60.0,0.0,0.07600483247928463
2024-01-13 04:45:00,2.0,15.933333333333334,1.7520602541934787,15.773064188249078,12.946686184111488,-0.465,59.92079206535185,60.0,0.0,0.07584158413070369
2024-01-13 05:00:00,2.0,15.0,1.7205431527781525,15.652662065787881,12.900622969923095,-0.51833,59.83934320901449,60.0,0.0,0.07567868641802898
2024-01-13 05:15:00,2.0,15.0,1.659023912753598,15.496869641580338,12.849129302912145,-0.51833,59.758069294070424,60.0,0.0,0.07551613858814085
2024-01-13 05:30:00,2.0,16.4,1.6528770599243283,15.456454693346185,12.793822616710548,-0.51833,59.67696994476863,60.0,0.0,0.07535393988953726
2024-01-13 05:45:00,2.0,15.0,1.7522706024406107,15.555729752855859,12.747519852165352,-0.51833,59.596044786165145,60.0,0.0,0.0751920895723303
2024-01-13 06:00:00,1.0,16.166666666666668,1.7447994639285662,15.51045532209229,12.701065160185534,-0.76333,59.51529344412133,60.0,0.0,0.07503058688824267
2024-01-13 06:15:00,1.0,18.5,2.0048760349040653,15.963005153980351,12.664498367952513,-0.76333,59.43471554530219,60.0,0.0,0.07486943109060437
2024-01-13 06:30:00,2.0,15.233333333333333,2.244162036893938,16.31197353062085,12.658505747016115,-0.76333,59.35431071717452,60.0,0.0,0.07470862143434905
2024-01-13 06:45:00,2.0,15.0,2.135702352721482,16.11400003541379,12.65370974901385,-0.76333,59.12281999268763,60.0,1.5404480000000003,0.07424563998537527
2024-01-13 07:00:00,1.0,17.1,2.0947939198110563,16.068672131268343,12.637355505441189,-1.16,59.40927197846258,60.0,0.2567413333333333,0.07481854395692515
2024-01-13 07:15:00,2.0,17.1,2.4237500939904733,16.635567839121094,12.634237689424909,-1.16,61.035788418127545,60.0,0.0,0.07807157683625508
2024-01-13 07:30:00,2.0,15.0,2.414621314933405,16.593663105235617,12.649148848749176,-1.16,60.718072187634625,60.0,0.2567413333333333,0.07743614437526926
2024-01-13 07:45:00,2.0,15.0,2.285153744159452,16.37718974350566,12.653611879411438,-1.16,60.607364895642654,60.0,0.0,0.07721472979128531
2024-01-13 08:00:00,2.0,15.0,1.981423333191792,16.180741661725488,12.645152896676867,-1.39333,60.52444137148393,60.0,0.0,0.07704888274296785
2024-01-13 08:15:00,1.0,17.1,1.9410098474905628,16.150208012110692,12.626909722957786,-1.39333,60.32219875921482,60.0,0.12837066666666666,0.07664439751842965
2024-01-13 08:30:00,1.0,18.5,2.3009439682246,16.792190993724823,12.626096793284951,-1.39333,60.065207675897035,60.0,0.2567413333333333,0.07613041535179407
2024-01-13 08:45:00,1.0,18.5,2.685496538250084,17.48383792967901,12.662178792656835,-1.39333,59.65260050358203,60.0,0.2567413333333333,0.07530520100716406
2024-01-13 09:00:00,3.0,18.5,2.917087022801559,18.14723094809125,12.731964800565866,-1.35,59.02528591082432,60.0,5.134826666666667,0.07405057182164865
2024-01-13 09:15:00,1.0,18.5,3.2254567030611496,18.782053957203704,12.83192230902728,-1.35,46.58123361278321,60.0,12.580325333333333,0.049162467225566414
2024-01-13 09:30:00,1.0,18.5,3.2334779464465275,18.853152129337612,12.948380389920485,-1.35,45.8742341721293,60.0,0.6418533333333334,0.04774846834425861
2024-01-13 09:45:00,1.0,18.5,3.0076525741033344,18.565900337231422,13.047750645304399,-1.35,48.6312516610221,60.0,0.0,0.05326250332204419
2024-01-13 10:00:00,1.0,18.5,2.7543618499434825,18.300672338834094,13.128303050916104,-0.97667,51.7958532681984,60.0,0.0,0.05959170653639681
2024-01-13 10:15:00,1.0,18.5,2.577011605104127,18.080307362613972,13.19282686224962,-0.97667,54.723847523308095,60.0,0.385112,0.0654476950466162
2024-01-13 10:30:00,1.0,18.5,2.7526944332925356,18.489902653556044,13.254295950216688,-0.97667,57.562908302158164,60.0,0.12837066666666666,0.07112581660431633
2024-01-13 10:45:00,1.0,18.5,2.9785290930309705,18.919189068305705,13.340517946928758,-0.97667,60.48226686405144,60.0,0.12837066666666666,0.07696453372810289
2024-01-13 11:00:00,1.0,18.5,2.778677743896703,18.693793827414932,13.434169424545598,0.405,61.12241356215597,60.0,0.0,0.07824482712431194
2024-01-13 11:15:00,1.0,18.5,2.583369283539441,18.447084699542255,13.518695121502606,0.405,61.03838378144087,60.0,0.0,0.07807676756288175
2024-01-13 11:30:00,1.0,18.5,2.4103532804860164,18.217214718253455,13.584899824878253,0.405,60.7337819535953,60.0,0.7702240000000001,0.0774675639071906
2024-01-13 11:45:00,1.0,18.5,2.2910386416826407,18.08807638570565,13.635382380654056,0.405,60.04416968773692,60.0,0.0,0.07608833937547384
2024-01-13 12:00:00,3.0,18.5,2.5488368982134504,18.641964838693,13.705916795157405,2.438333,59.96245583255083,60.0,0.0,0.07592491166510165
2024-01-13 12:15:00,3.0,18.5,2.663980461418624,18.88930087065732,13.8152203769665,2.438333,59.44761492409308,60.0,1.5404480000000003,0.07489522984818617
2024-01-13 12:30:00,1.0,18.5,2.470723465463725,18.65290170292871,13.91397609254608,2.438333,60.2092862818461,60.0,1.155336,0.0764185725636922
2024-01-13 12:45:00,3.0,18.5,2.2958674204130642,18.433526084985452,13.994003140574902,2.438333,59.83033755627881,60.0,0.0,0.07566067511255764
2024-01-13 13:00:00,1.0,18.5,2.141611105930997,18.229140496527716,14.074546811622964,4.956667,59.749082984288215,60.0,0.0,0.07549816596857645
2024-01-13 13:15:00,1.0,18.5,1.9899102890610778,18.06388019188297,14.158402457934928,4.956667,59.51168730554164,60.0,0.2567413333333333,0.0750233746110833
2024-01-13 13:30:00,1.0,18.5,2.184725059403245,18.52672953663454,14.240771449561434,4.956667,59.10026902192515,60.0,0.2567413333333333,0.07420053804385032
2024-01-13 13:45:00,1.0,18.5,2.379440455420351,18.914943355872186,14.347498974718727,4.956667,60.34981554543935,60.0,0.7702240000000001,0.0766996310908787
2024-01-13 14:00:00,1.0,18.5,2.263384921344932,18.712905972171267,14.461336418107884,6.738333,60.1946277294026,60.0,0.0,0.0763892554588052
2024-01-13 14:15:00,1.0,18.5,2.0874280213970087,18.512548237701328,14.57008131846314,6.738333,60.112590710201374,60.0,0.0,0.07622518142040274
2024-01-13 14:30:00,1.0,18.5,1.9264410195304829,18.327870906022707,14.661298523376145,6.738333,59.58935137065416,60.0,0.7702240000000001,0.0751787027413083
2024-01-13 14:45:00,3.0,18.5,1.7826577840812354,18.157195945592285,14.73695541828601,6.738333,59.6480866765348,60.0,0.12837066666666666,0.07529617335306962
2024-01-13 15:00:00,3.0,18.5,1.8860085035278984,18.104628039992367,14.801335835356864,7.008333000000001,59.58114345013108,60.0,1.7971893333333335,0.07516228690026217
2024-01-13 15:15:00,1.0,18.5,2.1998306566477623,18.721018669203406,14.87758842128373,7.008333000000001,59.156073060745825,60.0,7.4454986666666665,0.07431214612149166
2024-01-13 15:30:00,1.0,18.5,2.2720521731344503,18.883603087444637,14.975755361386511,7.008333000000001,43.01552767141074,60.0,18.100264,0.04203105534282147
2024-01-13 15:45:00,3.0,18.5,2.103720047480401,18.682245797767912,15.062766141555784,7.008333000000001,38.99988896289414,60.0,0.0,0.03399977792578828
2024-01-13 16:00:00,3.0,18.5,2.035417151073556,18.49174723553972,15.129140611296524,6.356667,42.139190650862815,60.0,0.12837066666666666,0.04027838130172563
2024-01-13 16:15:00,1.0,18.5,1.9074959086193013,18.309966871415956,15.176200413164775,6.356667,45.22586153887814,60.0,0.0,0.04645172307775629
2024-01-13 16:30:00,1.0,18.5,1.787786515878935,18.139832919530633,15.210766331509854,6.356667,48.39777747457253,60.0,0.0,0.05279555494914505
2024-01-13 16:45:00,1.0,18.5,1.7465070074661635,18.126641225583363,15.2355060311694,6.356667,51.56288055348596,60.0,0.0,0.05912576110697194
2024-01-13 17:00:00,1.0,18.5,2.1036309759962997,18.774412664122405,15.268134729407324,5.243332999999999,54.63840650499072,60.0,0.2567413333333333,0.06527681300998144
2024-01-13 17:15:00,1.0,18.5,2.1770051711318703,18.892548641686503,15.316111181004143,5.243332999999999,56.861720052196695,60.0,0.8985946666666668,0.0697234401043934
2024-01-13 17:30:00,1.0,18.5,2.0404427392889644,18.698373493793213,15.355452915000713,5.243332999999999,59.75551997512404,60.0,0.2567413333333333,0.07551103995024809
2024-01-13 17:45:00,1.0,18.5,1.918150724256729,18.51609253560392,15.382170647495581,5.243332999999999,60.49894191962289,60.0,0.2567413333333333,0.07699788383924577
2024-01-13 18:00:00,1.0,18.5,1.8192945330890387,18.344017192244017,15.39115156843936,4.28,60.351968537163415,60.0,0.0,0.07670393707432682
2024-01-13 18:15:00,1.0,18.5,1.7285221148504344,18.180553760737226,15.383318804555559,4.28,59.925206167139635,60.0,1.668818666666667,0.07585041233427926
2024-01-13 18:30:00,1.0,18.5,1.6607455477428061,18.065947445588677,15.367712798035406,4.28,60.24359731201964,60.0,0.0,0.07648719462403927
2024-01-13 18:45:00,1.0,18.5,1.950708038919884,18.599293680272353,15.361142809036135,4.28,61.10602033451161,60.0,0.0,0.07821204066902322
2024-01-13 19:00:00,1.0,18.5,2.177045954110825,18.95392622008918,15.384990481892855,4.148333,60.88409036247308,60.0,0.2567413333333333,0.07776818072494615
2024-01-13 19:15:00,1.0,18.5,2.0569287170684207,18.76273260343242,15.407353388872922,4.148333,60.59838462149721,60.0,1.7971893333333333,0.07719676924299441
2024-01-13 19:30:00,1.0,18.5,1.942700766677271,18.57852449790865,15.418169222607357,4.148333,59.445770239549205,60.0,1.668818666666667,0.0748915404790984
2024-01-13 19:45:00,1.0,18.5,1.8402216017601527,18.404274737641295,15.418759956036865,4.148333,60.858311616416024,60.0,0.0,0.07771662323283206
2024-01-13 20:00:00,1.0,18.5,1.754665034216746,18.238692446007992,15.40636506597416,3.568333,60.492788027992454,60.0,2.3106720000000007,0.07698557605598491
2024-01-13 20:15:00,1.0,18.5,1.6764813474081626,18.08057377498835,15.38182297450435,3.568333,60.04594549878032,60.0,1.5404480000000003,0.07609189099756065
2024-01-13 20:30:00,1.0,18.5,1.8170114501265429,18.353665777456335,15.357379103182144,3.568333,59.48144604495213,60.0,0.0,0.07496289208990427
2024-01-13 20:45:00,1.0,18.5,2.174936738034457,18.941613326429525,15.363506208937599,3.568333,59.40094084587901,60.0,0.0,0.07480188169175801
2024-01-13 21:00:00,1.0,18.5,2.118625343174455,18.82777144976507,15.37930816102087,3.205,59.256236247041116,60.0,0.12837066666666666,0.07451247249408224
2024-01-13 21:15:00,1.0,18.5,2.0060536403202165,18.63777480966461,15.38172601634617,3.205,58.98014761719328,60.0,0.7702240000000001,0.07396029523438655
2024-01-13 21:30:00,1.0,18.5,1.9048161818789948,18.45761255546178,15.374174645635984,3.205,60.25857723351156,60.0,0.0,0.07651715446702312
2024-01-13 21:45:00,3.0,18.5,1.8138457536439114,18.286283451142765,15.35782032353729,3.205,60.82674866505625,60.0,0.5134826666666666,0.0776534973301125
2024-01-13 22:00:00,3.0,18.5,1.7440295712794802,18.122392831614828,15.326356586448663,2.126667,60.440132126403675,60.0,0.2567413333333333,0.07688026425280733
2024-01-13 22:15:00,3.0,18.5,1.7841829714963606,18.18791678798249,15.282725443844894,2.126667,60.072639272773564,60.0,0.7702240000000001,0.07614527854554713
2024-01-13 22:30:00,3.0,18.5,2.178182540688296,18.845400378603127,15.26367023267208,2.126667,59.21889452212324,60.0,0.0,0.07443778904424649
2024-01-13 22:45:00,2.0,17.1,2.213569494906457,18.864651555461627,15.267748009899966,2.126667,59.138953249067995,60.0,0.0,0.074277906498136
2024-01-13 23:00:00,2.0,15.0,2.098682127984931,18.666006386107362,15.264291831931397,2.186667,59.212963907764596,60.0,0.5134826666666666,0.07442592781552919
2024-01-13 23:15:00,2.0,15.0,1.9956191513783934,18.47738356873318,15.251264845875546,2.186667,60.790637897923666,60.0,0.0,0.07758127579584732
2024-01-13 23:30:00,2.0,15.0,1.9029917251497255,18.29775266516911,15.229359786788752,2.186667,60.80238055512107,60.0,0.2567413333333333,0.07760476111024214
2024-01-13 23:45:00,2.0,15.0,1.8196307034585213,18.12621006763579,15.199627355471016,2.186667,60.406551821228874,60.0,0.2567413333333333,0.07681310364245775
2024-01-14 00:00:00,2.0,15.0,1.751948839515525,17.961639968766626,15.158461847627542,1.52,59.974841793552564,60.0,0.2567413333333333,0.07594968358710515
2024-01-14 00:15:00,2.0,15.0,1.6893840664341107,17.80298614814108,15.106441859021457,1.52,59.84736380217976,60.0,0.0,0.07569472760435952
2024-01-14 00:30:00,2.0,15.0,1.6324423569364686,17.64984245481133,15.049666811691981,1.52,59.76607266006019,60.0,0.0,0.07553214532012037
2024-01-14 00:45:00,2.0,15.0,1.5808290251398318,17.50168943488923,14.98873529270739,1.52,59.68495612058457,60.0,0.0,0.07536991224116914
2024-01-14 01:00:00,2.0,15.0,1.5422623139610099,17.357716655501747,14.91910569442352,0.775,59.6040138087295,60.0,0.0,0.075208027617459
2024-01-14 01:15:00,2.0,15.0,1.5054304307005224,17.217132345690477,14.840968733809424,0.775,59.52324535027704,60.0,0.0,0.07504649070055408
2024-01-14 01:30:00,2.0,15.0,1.4713360988632123,17.079828529084107,14.760734821631356,0.775,59.44265037181301,60.0,0.0,0.07488530074362602
2024-01-14 01:45:00,2.0,15.0,1.4400392327831923,16.945532645164967,14.678711845498352,0.775,59.3622285007253,60.0,0.0,0.0747244570014506
2024-01-14 02:00:00,2.0,15.0,1.4110906554866713,16.81400768066744,14.595264087575023,0.788333,59.281979365202105,60.0,0.0,0.07456395873040421
2024-01-14 02:15:00,2.0,15.0,1.3844159107864,16.68504329707095,14.510639457487818,0.788333,59.20190259423024,60.0,0.0,0.0744038051884605
2024-01-14 02:30:00,2.0,15.0,1.359750547094641,16.55844096216969,14.424946360504286,0.788333,59.12199781759342,60.0,0.0,0.07424399563518683
2024-01-14 02:45:00,2.0,15.0,1.3368740378826305,16.43402649434462,14.338377327548294,0.788333,59.042264665870476,60.0,0.0,0.07408452933174096
2024-01-14 03:00:00,2.0,15.0,1.3228913488368035,16.311338754084066,14.246642290138308,0.133333,60.32347071917025,60.0,0.0,0.07664694143834051
2024-01-14 03:15:00,2.0,15.0,1.3081412488748794,16.18990530173982,14.149644419322838,0.133333,61.0282570273547,60.0,0.0,0.0780565140547094
2024-01-14 03:30:00,2.0,15.0,1.2937581299675196,16.069830225384198,14.052784228379016,0.133333,60.94442948244899,60.0,0.0,0.07788885896489799
2024-01-14 03:45:00,2.0,15.0,1.280019671821477,15.95105096258594,13.956122755593075,0.133333,60.86078198804567,60.0,0.0,0.07772156397609134
2024-01-14 04:00:00,1.0,16.866666666666667,1.3177743693260537,15.947545601371884,13.8597142413462,0.011667,60.777314157420015,60.0,0.0,0.07755462831484003
2024-01-14 04:15:00,2.0,18.033333333333335,1.7332051134748743,16.611871866559365,13.785676276437254,0.011667,60.694025604677925,60.0,0.0,0.07738805120935587
2024-01-14 04:30:00,2.0,15.0,1.907403186411415,16.81242676404395,13.745955154119347,0.011667,60.61091594475422,60.0,0.0,0.07722183188950843
2024-01-14 04:45:00,1.0,16.633333333333333,1.8649518134121772,16.72587381921572,13.70666583532879,0.011667,60.5279847934107,60.0,0.0,0.0770559695868214
2024-01-14 05:00:00,1.0,18.5,2.20100472980834,17.315311888685162,13.683044644390526,0.206667,60.4452317672345,60.0,0.0,0.076890463534469
2024-01-14 05:15:00,1.0,18.5,2.602069305901815,18.01536300256855,13.698907074155292,0.206667,60.36265648363628,60.0,0.0,0.07672531296727254
2024-01-14 05:30:00,2.0,18.033333333333335,2.9624338292546475,18.67631360436837,13.749865284309625,0.206667,60.28025856084843,60.0,0.0,0.07656051712169688
2024-01-14 05:45:00,2.0,15.0,3.009228637971697,18.769753661894946,13.821909724500054,0.206667,60.198037617923355,60.0,0.0,0.07639607523584672
2024-01-14 06:00:00,2.0,15.0,2.823875320928573,18.501228240302847,13.877264599034485,-0.335,60.11599327473165,60.0,0.0,0.07623198654946331
2024-01-14 06:15:00,2.0,15.0,2.656737603334501,18.248842067234,13.910973978113354,-0.335,60.0341251519604,60.0,0.0,0.0760682503039208
2024-01-14 06:30:00,1.0,17.566666666666666,2.542165591796391,18.096713919774118,13.929945207624687,-0.335,59.95243287111141,60.0,0.0,0.07590486574222281
2024-01-14 06:45:00,1.0,18.5,2.8161246082492304,18.626751347157988,13.956022419343034,-0.335,59.870916054499425,60.0,0.0,0.07574183210899886
2024-01-14 07:00:00,1.0,18.5,2.971447783987482,18.904991472700964,14.008283913215422,-0.35667,59.78957432525044,60.0,0.0,0.07557914865050089
2024-01-14 07:15:00,1.0,18.5,2.795729192020845,18.643261329231727,14.054092727270039,-0.35667,59.7084073072999,60.0,0.0,0.07541681461459979
2024-01-14 07:30:00,1.0,18.5,2.6324023738714435,18.393295131744214,14.08316393232014,-0.35667,59.62741462539098,60.0,0.0,0.07525482925078197
2024-01-14 07:45:00,3.0,18.5,2.4859899772021263,18.157561894245088,14.097409076968033,-0.35667,59.54659590507291,60.0,0.0,0.07509319181014583
2024-01-14 08:00:00,1.0,18.5,2.27570644746506,18.211910875400406,14.102490891843805,-0.27333,59.465950772699124,60.0,0.0,0.07493190154539825
2024-01-14 08:15:00,3.0,18.5,2.6152024318885974,18.843432449540103,14.129263609062109,-0.27333,59.38547885542564,60.0,0.0,0.07477095771085128
2024-01-14 08:30:00,3.0,18.5,2.6047262553664434,18.82463029118344,14.174088495490622,-0.27333,59.30517978120927,60.0,0.0,0.07461035956241854
2024-01-14 08:45:00,1.0,18.5,2.4496705664466902,18.591886602241697,14.206314518535628,-0.27333,59.225053178805965,60.0,0.0,0.07445010635761194
2024-01-14 09:00:00,1.0,18.5,2.1893555088065293,18.378288283349526,14.22583275082827,-0.075,59.14509867776903,60.0,0.0,0.07429019735553806
2024-01-14 09:15:00,1.0,18.5,2.0608486174910685,18.182941085676042,14.234754252143556,-0.075,59.06531590844741,60.0,0.0,0.07413063181689482
2024-01-14 09:30:00,1.0,18.5,2.003031407274986,18.1121181431502,14.233829746937033,-0.075,59.63046519174865,60.0,0.0,0.07526093038349731
2024-01-14 09:45:00,1.0,18.5,2.333717502792805,18.71742269512403,14.246419448931249,-0.075,61.05274724331081,60.0,0.0,0.07810549448662162
2024-01-14 10:00:00,1.0,18.5,2.3783098362193815,18.868771395466517,14.292418742437643,1.075,60.968867096653575,60.0,0.0,0.07793773419330716
2024-01-14 10:15:00,3.0,18.5,2.2236549429867654,18.65706959606325,14.338958739986598,1.075,60.88516711348037,60.0,0.0,0.07777033422696072
2024-01-14 10:30:00,1.0,18.5,2.0884621496434024,18.458517939013557,14.37149434865685,1.075,60.80164690682376,60.0,0.0,0.07760329381364753
2024-01-14 10:45:00,1.0,18.5,1.967342163628818,18.271743915164375,14.391629581601416,1.075,60.718306090547564,60.0,0.0,0.07743661218109513
2024-01-14 11:00:00,1.0,18.5,1.819712773960521,18.097233293610444,14.41505976348771,3.168333,60.635144279344885,60.0,0.0,0.07727028855868978
2024-01-14 11:15:00,1.0,18.5,1.8871565111304867,18.303216813101873,14.449225071101912,3.168333,60.55216108873647,60.0,0.0,0.07710432217747293
2024-01-14 11:30:00,1.0,18.5,2.2237654274970824,18.915088013190363,14.50815583691951,3.168333,60.46935613506885,60.0,0.0,0.07693871227013768
2024-01-14 11:45:00,1.0,18.5,2.1504090192843788,18.825874646731013,14.57787358164853,3.168333,60.3867290355126,60.0,0.0,0.07677345807102519
2024-01-14 12:00:00,1.0,18.5,1.9965101672660917,18.634927078722445,14.641942963331969,4.396667,60.304279408060566,60.0,0.0,0.07660855881612114
2024-01-14 12:15:00,1.0,18.5,1.857880974497408,18.457537887105968,14.701268581097654,4.396667,60.22200687152609,60.0,0.0,0.07644401374305218
2024-01-14 12:30:00,3.0,18.5,1.7342192702834098,18.29218389696047,14.747516801949008,4.396667,60.13991104554125,60.0,0.0,0.0762798220910825
2024-01-14 12:45:00,3.0,18.5,1.6235701656997912,18.137595949226217,14.782172841450832,4.396667,60.05799155055511,60.0,0.0,0.07611598310111022
2024-01-14 13:00:00,3.0,18.5,1.5745981079102054,18.10658696162748,14.823622044345495,6.783333,59.97624800783196,60.0,0.0,0.07595249601566394
2024-01-14 13:15:00,3.0,18.5,1.8925386736755623,18.743750959620616,14.895954719568913,6.783333,59.89468003944958,60.0,0.0,0.07578936007889918
2024-01-14 13:30:00,1.0,18.5,1.9505491524398666,18.88217599015104,14.990047232217746,6.783333,59.813287268297444,60.0,0.0,0.07562657453659488
2024-01-14 13:45:00,1.0,18.5,1.801116409134739,18.709558411335117,15.073506312425215,6.783333,59.73206931807501,60.0,0.0,0.07546413863615004
2024-01-14 14:00:00,1.0,18.5,1.7250927849850857,18.547219493626564,15.148643221269019,7.686667,59.651025813290026,60.0,0.0,0.07530205162658005
2024-01-14 14:15:00,1.0,18.5,1.6001210642954204,18.394004889218266,15.217195499108145,7.686667,59.395463153893935,60.0,0.2567413333333333,0.07479092630778787
2024-01-14 14:30:00,1.0,18.5,1.484471795503384,18.252050900599766,15.27330903700083,7.686667,59.09799257340389,60.0,0.7702240000000001,0.07419598514680778
2024-01-14 14:45:00,1.0,18.5,1.381101299862157,18.120159901659044,15.31838687166039,7.686667,60.57928911294599,60.0,0.2567413333333333,0.07715857822589199
2024-01-14 15:00:00,1.0,18.5,1.5502277691189166,18.134684034576928,15.35428866031375,7.615,60.740903221136165,60.0,0.0,0.07748180644227234
2024-01-14 15:15:00,1.0,18.5,1.9079304784843016,18.787337872249058,15.405421102860982,7.615,60.49210078636741,60.0,1.5404480000000003,0.07698420157273482
2024-01-14 15:30:00,1.0,18.5,1.9469546894449505,18.876239329603198,15.477983231125808,7.615,60.2589931703028,60.0,1.5404480000000003,0.07651798634060561
2024-01-14 15:45:00,1.0,18.5,1.8096139785362289,18.70334669077108,15.540248379847148,7.615,58.96162476683646,60.0,1.5404480000000003,0.07392324953367292
2024-01-14 16:00:00,1.0,18.5,1.7950397131719258,18.537418996556443,15.583205139216231,6.705,60.82027895423564,60.0,0.0,0.07764055790847128
2024-01-14 16:15:00,1.0,18.5,1.6942012936509305,18.376398589144962,15.607654374253599,6.705,60.95151048422319,60.0,0.0,0.0779030209684464
2024-01-14 16:30:00,3.0,18.5,1.5969648152636375,18.2248327309091,15.622175121758849,6.705,60.48151898388364,60.0,1.668818666666667,0.07696303796776727
2024-01-14 16:45:00,1.0,18.5,1.5097746407456796,18.08174164172842,15.627911354419297,6.705,60.12491523379492,60.0,0.12837066666666666,0.07624983046758985
2024-01-14 17:00:00,1.0,18.5,1.6271495741964466,18.313861216026893,15.622554928987181,5.435,61.13589934433795,60.0,0.0,0.0782717986886759
2024-01-14 17:15:00,1.0,18.5,1.987113764798068,18.91529503448389,15.635840403736784,5.435,61.05184059794265,60.0,0.0,0.07810368119588532
2024-01-14 17:30:00,1.0,18.5,1.9323742317137964,18.818684634833055,15.661697212484397,5.435,60.857649390037594,60.0,0.2567413333333333,0.07771529878007517
2024-01-14 17:45:00,1.0,18.5,1.8220842085450757,18.645780533249575,15.67716234267826,5.435,60.314582347944594,60.0,0.5134826666666666,0.0766291646958892
2024-01-14 18:00:00,1.0,18.5,1.7388842742891022,18.48183170949217,15.673076055129945,4.025,59.74522667848082,60.0,0.2567413333333333,0.07549045335696164
2024-01-14 18:15:00,1.0,18.5,1.6610945834048791,18.325131823424876,15.650057254499597,4.025,59.61824187006917,60.0,0.0,0.07523648374013835
2024-01-14 18:30:00,1.0,18.5,1.590371800845734,18.175292218634233,15.620468577555862,4.025,59.537442851618856,60.0,0.0,0.07507488570323771
2024-01-14 18:45:00,1.0,18.5,1.5337622983470838,18.056197920653695,15.585157906485504,4.025,59.456817378795805,60.0,0.0,0.07491363475759162
2024-01-14 19:00:00,2.0,18.266666666666666,1.8245503458339793,18.556441604796664,15.551998209982417,3.053333,59.37636507884693,60.0,0.0,0.07475273015769386
2024-01-14 19:15:00,2.0,15.0,2.0131375267231495,18.80527516315341,15.541393960174537,3.053333,59.29608557981977,60.0,0.0,0.07459217115963954
2024-01-14 19:30:00,2.0,15.0,1.9138229108208065,18.624362244390465,15.529755671606164,3.053333,59.215978510560724,60.0,0.0,0.07443195702112144
2024-01-14 19:45:00,1.0,16.166666666666668,1.824544369636851,18.45211650861516,15.50954563986244,3.053333,59.13604350071343,60.0,0.0,0.07427208700142686
2024-01-14 20:00:00,1.0,18.5,1.7520752690729455,18.287336680007666,15.476964804234575,2.3466670000000005,59.056280180716975,60.0,0.0,0.07411256036143395
2024-01-14 20:15:00,1.0,17.566666666666666,1.685198350729919,18.128886740741795,15.432646981412434,2.3466670000000005,59.90791335835013,60.0,0.0,0.07581582671670026
2024-01-14 20:30:00,1.0,18.5,1.7089840824670466,18.15925149348275,15.384845185717028,2.3466670000000005,61.04313500108838,60.0,0.0,0.07808627000217677
2024-01-14 20:45:00,1.0,18.5,2.103574396081433,18.820210075675174,15.359969988315038,2.3466670000000005,60.959275500258784,60.0,0.0,0.07791855100051757
2024-01-14 21:00:00,2.0,17.566666666666666,2.1764472430194926,18.889379081107187,15.358568641579495,1.991667,60.87559611856867,60.0,0.0,0.07775119223713736
2024-01-14 21:15:00,2.0,15.0,2.0681056150856167,18.693830871969645,15.348033771641148,1.991667,60.79209646914591,60.0,0.0,0.07758419293829183
2024-01-14 21:30:00,2.0,15.0,1.970560476791645,18.50775323905708,15.328098652276402,1.991667,60.70877616594931,60.0,0.0,0.07741755233189863
2024-01-14 21:45:00,2.0,15.0,1.882800332344292,18.330191994571283,15.29987319041332,1.991667,60.625634823766845,60.0,0.0,0.07725126964753368
2024-01-14 22:00:00,1.0,17.333333333333332,1.8175293653259093,18.159720451621986,15.25592237085159,0.755,60.542672058213874,60.0,0.0,0.07708534411642774
2024-01-14 22:15:00,2.0,18.266666666666666,1.8054321794104715,18.109043400216294,15.197484637163996,0.755,60.45988748573139,60.0,0.0,0.07691977497146278
2024-01-14 22:30:00,2.0,15.0,1.932946276739836,18.250277429994675,15.14924371018059,0.755,60.377280723584185,60.0,0.0,0.07675456144716837
2024-01-14 22:45:00,2.0,15.0,1.8580139971704928,18.075545657382413,15.101699107251857,0.755,60.294851389859126,60.0,0.0,0.07658970277971826
2024-01-14 23:00:00,2.0,15.0,1.8078100905459895,17.906637516188987,15.037581204918272,-0.815,60.21259910346338,60.0,0.0,0.07642519820692677
2024-01-14 23:15:00,2.0,15.0,1.75879346498711,17.742124929836056,14.957021711204213,-0.815,60.130523484122655,60.0,0.0,0.0762610469682453
2024-01-14 23:30:00,2.0,15.0,1.713341801696686,17.58199503352446,14.87328987334289,-0.815,60.04862415237942,60.0,0.0,0.07609724830475885
2024-01-14 23:45:00,2.0,15.0,1.6718168851951059,17.425865148204178,14.786821521291346,-0.815,59.966900729591195,60.0,0.0,0.0759338014591824
