,Occupancy,T_set_HP,P_loss_HP,T_ref_HP,T_wall_HP,T_out_HP,T_ref_WB,T_set_WB,P_use_WB,P_loss_WB,SoC_ref_EV,EV_arrival,EV_departure,EV_plugged,SoC_arr_EV
2024-01-01 00:00:00,2.0,11.0,0.5253620179656127,11.002134845517466,11.498744688862006,12.0,60.0,60.0,0.0,0.0,0.0,0,0,0,0.0
2024-01-01 00:15:00,2.0,11.0,0.5253620179656127,11.006673286428532,11.496092876915318,12.0,60.0,60.0,0.0,0.0,0.0,0,0,0,0.0
2024-01-01 00:30:00,2.0,11.0,0.5253620179656127,11.011156153553971,11.493499535009496,12.0,59.911680000000004,60.0,0.2567413333333333,0.0,0.0,0,0,0,0.0
2024-01-01 00:45:00,2.0,11.0,0.5253620179656127,11.015584311556928,11.490963702512598,12.0,59.77920000000001,60.0,0.2567413333333333,0.0,0.0,0,0,0,0.0
2024-01-01 01:00:00,2.0,11.0,0.5253620179656127,11.01995861128682,11.48848443421806,12.0,59.396480000000004,60.0,0.5134826666666666,0.0,0.0,0,0,0,0.0
2024-01-01 01:15:00,2.0,11.0,0.5253620179656127,11.024279890000551,11.486060800097516,12.0,59.48560573339706,60.0,0.5134826666666666,0.0,0.0,0,0,0,0.0
2024-01-01 01:30:00,2.0,11.0,0.5253620179656127,11.028548971580246,11.483691885057574,12.0,60.877146755852884,60.0,0.2567413333333333,0.0,0.0,0,0,0,0.0
2024-01-01 01:45:00,2.0,11.0,0.5253620179656127,11.032766666747433,11.481376788700521,12.0,61.01970866698523,60.0,0.2567413333333333,0.0,0.0,0,0,0,0.0
2024-01-01 02:00:00,2.0,11.0,0.5253620179656127,11.036456900680754,11.478168243047277,11.0,60.35730866698523,60.0,2.3106720000000007,0.0,0.0,0,0,0,0.0
2024-01-01 02:15:00,2.0,11.0,0.5253620179656127,11.039548407199947,11.473937623496104,11.0,60.15332357381755,60.0,0.5134826666666666,0.0,0.0,0,0,0,0.0
2024-01-01 02:30:00,2.0,11.0,0.5253620179656127,11.042584885981938,11.469769646336124,11.0,60.57669351170577,60.0,0.2567413333333333,0.0,0.0,0,0,0,0.0
2024-01-01 02:45:00,2.0,11.0,0.5253620179656127,11.045567226817692,11.46566331570355,11.0,60.25285351170577,60.0,0.2567413333333333,0.0,0.0,0,0,0,0.0
2024-01-01 03:00:00,2.0,11.0,0.5253620179656127,11.04849630523118,11.461617651677068,11.0,60.16453351170578,60.0,0.2567413333333333,0.0,0.0,0,0,0,0.0
2024-01-01 03:15:00,2.0,12.8,0.5253620179656127,11.439181608060244,11.458610801266683,11.0,59.95845351170578,60.0,0.0,0.0,0.0,0,0,0,0.0
2024-01-01 03:30:00,2.0,11.0,0.5253620179656127,11.5793444737165,11.458392341505762,11.0,59.95845351170578,60.0,0.0,0.0,0.0,0,0,0,0.0
2024-01-01 03:45:00,2.0,11.0,0.5253620179656127,11.577895080870793,11.458356876845638,11.0,59.72293351170578,60.0,0.770224,0.0,0.0,0,0,0,0.0
2024-01-01 04:00:00,1.0,14.0,0.5253620179656127,11.795123705233435,11.458786840968015,11.0,59.296053511705786,60.0,0.0,0.0,0.0,0,0,0,0.0
2024-01-01 04:15:00,2.0,11.6,0.5253620179656127,12.200184099280845,11.462016440963872,11.0,59.27669542283813,60.0,0.5134826666666666,0.0,0.0,0,0,0,0.0
2024-01-01 04:30:00,2.0,11.0,0.5253620179656127,12.200744724615793,11.46658033641464,11.0,58.70583835642631,60.0,3.0808960000000005,0.0,0.0,0,0,0,0.0
2024-01-01 04:45:00,2.0,11.0,0.5253620179656127,12.19431606198108,11.47105666122676,11.0,60.59679678929782,60.0,0.2567413333333333,0.0,0.0,0,0,0,0.0
2024-01-01 05:00:00,2.0,18.2,0.5253620179656127,12.822451010207974,11.475770411562564,10.0,60.32906702341154,60.0,0.770224,0.0,0.0,0,0,0,0.0
2024-01-01 05:15:00,2.0,11.0,0.5253620179656127,13.442947589154803,11.485851800624921,10.0,60.137707023411544,60.0,0.2567413333333333,0.0,0.0,0,0,0,0.0
2024-01-01 05:30:00,1.0,15.8,0.5253620179656127,13.623324187384107,11.49749039566068,10.0,59.71082702341155,60.0,0.2567413333333333,0.0,0.0,0,0,0,0.0
2024-01-01 05:45:00,3.0,19.633333333333333,0.5253620179656127,14.99271804819344,11.514483438786426,10.0,59.49002702341156,60.0,0.5134826666666666,0.0,0.0,0,0,0,0.0
2024-01-01 06:00:00,3.0,19.5,0.5253620179656127,16.547822511976975,11.542600591853338,10.0,59.254507023411556,60.0,0.0,0.0,0.0,0,0,0,0.0
2024-01-01 06:15:00,3.0,19.5,0.5253620179656127,18.090519967705994,11.581937098131602,10.0,59.023947405638026,60.0,1.5404480000000003,0.0,0.0,0,0,0,0.0
2024-01-01 06:30:00,3.0,19.5,0.5253620179656127,19.5785822914332,11.63228172050538,10.0,59.64972613473503,60.0,0.0,0.0,0.0,0,0,0,0.0
2024-01-01 06:45:00,3.0,19.5,0.5253620179656127,19.976461540511593,11.690111632598493,10.0,60.760781423793816,60.0,3.0808960000000005,0.0,0.0,0,0,0,0.0
2024-01-01 07:00:00,3.0,19.5,0.5253620179656127,19.90756777464656,11.747879707400843,10.0,59.5755167128526,60.0,3.594378666666667,0.0,0.0,0,0,0,0.0
2024-01-01 07:15:00,3.0,19.5,0.5253620179656127,19.839649584630013,11.804595428972986,10.0,57.8131453798378,60.0,3.8511200000000003,0.0,0.0,0,0,0,0.0
2024-01-01 07:30:00,3.0,19.5,0.5253620179656127,19.77268369895734,11.860275868273284,10.0,58.50901404682301,60.0,0.0,0.0,0.0,0,0,0,0.0
2024-01-01 07:45:00,1.0,19.666666666666668,0.5253620179656127,19.706655064669356,11.914937800376787,10.0,58.95464271380823,60.0,3.337637333333334,0.0,0.0,0,0,0,0.0
2024-01-01 08:00:00,3.0,19.833333333333332,0.5253620179656127,19.642067202976264,11.96859884495049,10.0,60.626669469661095,60.0,0.0,0.0,0.0,0,0,0,0.0
2024-01-01 08:15:00,3.0,19.5,0.5253620179656127,19.57897378726042,12.021280682137046,10.0,60.612755203058136,60.0,1.5404480000000003,0.0,0.0,0,0,0,0.0
2024-01-01 08:30:00,3.0,19.5,0.5253620179656127,19.516764991276684,12.073000827681744,10.0,59.45995711419049,60.0,1.5404480000000003,0.0,0.0,0,0,0,0.0
2024-01-01 08:45:00,3.0,19.5,0.5253620179656127,19.455426832007802,12.123774864299524,10.0,60.467232107023754,60.0,0.2567413333333333,0.0,0.0,0,0,0,0.0
2024-01-01 09:00:00,1.0,19.6,0.5253620179656127,19.416736459851457,12.173622887001681,10.0,60.8329457811757,60.0,0.2567413333333333,0.0,0.0,0,0,0,0.0
2024-01-01 09:15:00,3.0,19.9,0.5253620179656127,20.28861610331937,12.225333247964583,10.0,60.6563057811757,60.0,0.770224,0.0,0.0,0,0,0,0.0
2024-01-01 09:30:00,3.0,19.5,0.5253620179656127,20.539572358643547,12.282156607493445,10.0,59.94974578117571,60.0,2.053930666666667,0.0,0.0,0,0,0,0.0
2024-01-01 09:45:00,3.0,19.5,0.5253620179656127,20.472671958822435,12.338519802205496,10.0,58.39648107023449,60.0,3.337637333333334,0.0,0.0,0,0,0,0.0
2024-01-01 10:00:00,3.0,19.5,0.5253620179656127,20.40895315203472,12.394808718307912,11.0,59.0776297372197,60.0,1.7971893333333335,0.0,0.0,0,0,0,0.0
2024-01-01 10:15:00,3.0,19.5,0.5253620179656127,20.34870525464372,12.451186203106236,11.0,60.38011046345002,60.0,0.0,0.0,0.0,0,0,0,0.0
2024-01-01 10:30:00,1.0,19.866666666666667,0.5253620179656127,20.28934508790935,12.506588231310426,11.0,61.010784137601966,60.0,0.0,0.0,0.0,0,0,0,0.0
2024-01-01 10:45:00,1.0,19.833333333333332,0.5253620179656127,20.230858546094094,12.561030538144845,11.0,61.010784137601966,60.0,0.0,0.0,0.0,0,0,0,0.0
2024-01-01 11:00:00,3.0,19.5,0.5253620179656127,20.17527874390309,12.615478361970029,12.0,61.010784137601966,60.0,0.0,0.0,0.0,0,0,0,0.0
2024-01-01 11:15:00,3.0,19.5,0.5253620179656127,20.12287081142119,12.670091165549751,12.0,61.010784137601966,60.0,0.2567413333333333,0.0,0.0,0,0,0,0.0
2024-01-01 11:30:00,3.0,19.5,0.5253620179656127,20.071274556471725,12.723803014863448,12.0,60.58390413760197,60.0,0.2567413333333333,0.0,0.0,0,0,0,0.0
2024-01-01 11:45:00,3.0,19.5,0.5253620179656127,20.020477017554807,12.776628382396963,12.0,60.56918413760197,60.0,0.0,0.0,0.0,0,0,0,0.0
2024-01-01 12:00:00,3.0,19.5,0.5253620179656127,19.96978350028259,12.828580043605728,12.0,60.06870413760198,60.0,1.0269653333333333,0.0,0.0,0,0,0,0.0
2024-01-01 12:15:00,1.0,19.866666666666667,0.5253620179656127,19.919091664480828,12.879664855352997,12.0,59.23030872431961,60.0,1.7971893333333335,0.0,0.0,0,0,0,0.0
2024-01-01 12:30:00,3.0,19.533333333333335,0.5253620179656127,19.869172604949426,12.92989458612428,12.0,58.68441471571954,60.0,3.0808960000000005,0.0,0.0,0,0,0,0.0
2024-01-01 12:45:00,3.0,19.5,0.5253620179656127,19.820014000471556,12.979282989437538,12.0,60.25185544194986,60.0,1.7971893333333335,0.0,0.0,0,0,0,0.0
2024-01-01 13:00:00,3.0,19.5,0.5253620179656127,19.77173297467407,13.027843876076542,12.0,59.7932491161018,60.0,0.0,0.0,0.0,0,0,0,0.0
2024-01-01 13:15:00,3.0,19.5,0.5253620179656127,19.724334615694165,13.075591918434965,12.0,59.7932491161018,60.0,0.0,0.0,0.0,0,0,0,0.0
2024-01-01 13:30:00,3.0,19.5,0.5253620179656127,19.677658699474247,13.122540602043493,12.0,59.6460491161018,60.0,1.0269653333333333,0.0,0.0,0,0,0,0.0
2024-01-01 13:45:00,3.0,19.5,0.5253620179656127,19.631693707517528,13.168702784344454,12.0,59.31918249402825,60.0,1.5404480000000003,0.0,0.0,0,0,0,0.0
2024-01-01 14:00:00,1.0,19.766666666666666,0.5253620179656127,19.584492922314425,13.214086958636875,12.0,60.60304542761642,60.0,0.5134826666666666,0.0,0.0,0,0,0,0.0
2024-01-01 14:15:00,1.0,20.0,0.5253620179656127,19.535790361027253,13.258685265815659,12.0,60.583687338748774,60.0,0.0,0.0,0.0,0,0,0,0.0
2024-01-01 14:30:00,3.0,19.533333333333335,0.5253620179656127,19.487798504071353,13.302504223971034,12.0,60.583687338748774,60.0,0.0,0.0,0.0,0,0,0,0.0
2024-01-01 14:45:00,1.0,19.666666666666668,0.5253620179656127,19.511173540994328,13.345591491859269,12.0,60.583687338748774,60.0,0.2567413333333333,0.0,0.0,0,0,0,0.0
2024-01-01 15:00:00,1.0,20.0,0.5253620179656127,20.40617511929208,13.391501922711836,12.0,60.02432733874878,60.0,0.770224,0.0,0.0,0,0,0,0.0
2024-01-01 15:15:00,1.0,20.0,0.5253620179656127,20.495525396218067,13.441387393239777,12.0,59.347207338748795,60.0,0.770224,0.0,0.0,0,0,0,0.0
2024-01-01 15:30:00,1.0,20.0,0.5253620179656127,20.43701315076148,13.490560355078053,12.0,59.741137276637005,60.0,0.2567413333333333,0.0,0.0,0,0,0,0.0
2024-01-01 15:45:00,1.0,20.0,0.5253620179656127,20.37932353398513,13.538838476324676,12.0,60.832512183469326,60.0,0.5134826666666666,0.0,0.0,0,0,0,0.0
2024-01-01 16:00:00,1.0,20.0,0.5253620179656127,20.32189875081177,13.585289724847922,11.0,60.39091218346933,60.0,0.770224,0.0,0.0,0,0,0,0.0
2024-01-01 16:15:00,1.0,20.0,0.5253620179656127,20.264645008803843,13.629799898482984,11.0,59.60212059245167,60.0,1.7971893333333335,0.0,0.0,0,0,0,0.0
2024-01-01 16:30:00,1.0,20.0,0.5253620179656127,20.20817066543942,13.673468404731883,11.0,60.77611482083201,60.0,1.5404480000000003,0.0,0.0,0,0,0,0.0
2024-01-01 16:45:00,3.0,19.633333333333333,0.5253620179656127,20.15246344083189,13.716308919787007,11.0,58.72230467271924,60.0,6.418533333333334,0.0,0.0,0,0,0,0.0
2024-01-01 17:00:00,3.0,19.5,0.5253620179656127,20.097511251512703,13.758334900456735,11.0,56.546967606307405,60.0,0.0,0.0,0.0,0,0,0,0.0
2024-01-01 17:15:00,1.0,19.766666666666666,0.5253620179656127,20.04330220728518,13.79955958768044,11.0,58.994516273292625,60.0,0.5134826666666666,0.0,0.0,0,0,0,0.0
2024-01-01 17:30:00,3.0,19.933333333333334,0.5253620179656127,19.989824608128686,13.839996009987212,11.0,60.720140353560204,60.0,0.770224,0.0,0.0,0,0,0,0.0
2024-01-01 17:45:00,3.0,19.5,0.5253620179656127,19.93706694115246,13.879656986899159,11.0,60.4310230291455,60.0,0.0,0.0,0.0,0,0,0,0.0
2024-01-01 18:00:00,1.0,19.6,0.5253620179656127,19.885017877598177,13.918555132280156,11.0,60.269103029145505,60.0,0.2567413333333333,0.0,0.0,0,0,0,0.0
2024-01-01 18:15:00,1.0,20.0,0.5253620179656127,19.833666269890568,13.956702857630983,11.0,59.979663411371966,60.0,1.5404480000000003,0.0,0.0,0,0,0,0.0
2024-01-01 18:30:00,1.0,20.0,0.5253620179656127,19.783001148735302,13.994112375331664,11.0,60.37968175824251,60.0,0.5134826666666666,0.0,0.0,0,0,0,0.0
2024-01-01 18:45:00,1.0,20.0,0.5253620179656127,19.733011720263303,14.030795701831844,11.0,61.02385169613071,60.0,0.0,0.0,0.0,0,0,0,0.0
2024-01-01 19:00:00,1.0,20.0,0.5253620179656127,19.683687363220884,14.066764660790067,11.0,60.97969169613071,60.0,0.5134826666666666,0.0,0.0,0,0,0,0.0
2024-01-01 19:15:00,1.0,20.0,0.5253620179656127,19.63501762620485,14.102030886162789,11.0,59.10162010511304,60.0,3.337637333333334,0.0,0.0,0,0,0,0.0
2024-01-01 19:30:00,1.0,20.0,0.5253620179656127,19.586992224941913,14.136605825243839,11.0,60.64596609651297,60.0,0.5134826666666666,0.0,0.0,0,0,0,0.0
2024-01-01 19:45:00,3.0,19.733333333333334,0.5253620179656127,19.539601039611675,14.170500741655253,11.0,60.01381182991002,60.0,3.594378666666667,0.0,0.0,0,0,0,0.0
2024-01-01 20:00:00,3.0,19.5,0.5253620179656127,19.49283411221252,14.203726718290154,11.0,58.99510520783645,60.0,0.0,0.0,0.0,0,0,0,0.0
2024-01-01 20:15:00,3.0,19.5,0.5253620179656127,19.446681643969672,14.236294660208497,11.0,60.94446020066973,60.0,0.0,0.0,0.0,0,0,0,0.0
2024-01-01 20:30:00,1.0,19.866666666666667,0.5253620179656127,19.789383014923697,14.268793036984691,11.0,60.02409005255697,60.0,3.594378666666667,0.0,0.0,0,0,0,0.0
2024-01-01 20:45:00,1.0,20.0,0.5253620179656127,20.51526138239135,14.306393953128257,11.0,59.98640619206965,60.0,0.2567413333333333,0.0,0.0,0,0,0,0.0
2024-01-01 21:00:00,1.0,20.0,0.5253620179656127,20.46107114951144,14.34459965473519,10.0,61.00044445293922,60.0,0.2567413333333333,0.0,0.0,0,0,0,0.0
2024-01-01 21:15:00,2.0,11.6,0.5253620179656127,20.40704473873096,14.380966121368232,10.0,60.75020445293923,60.0,0.5134826666666666,0.0,0.0,0,0,0,0.0
2024-01-01 21:30:00,2.0,11.0,0.5253620179656127,20.353713880011647,14.416591390464747,10.0,60.35276445293923,60.0,0.2567413333333333,0.0,0.0,0,0,0,0.0
2024-01-01 21:45:00,2.0,11.0,0.5253620179656127,20.301067684818108,14.451487573556854,10.0,59.88172445293924,60.0,0.5134826666666666,0.0,0.0,0,0,0,0.0
2024-01-01 22:00:00,2.0,11.0,0.5253620179656127,20.249095438671194,14.48566658779172,10.0,58.91084903965688,60.0,2.053930666666667,0.0,0.0,0,0,0,0.0
2024-01-01 22:15:00,2.0,11.0,0.5253620179656127,20.19778659836021,14.519140159046174,10.0,59.954715031056814,60.0,3.8511200000000003,0.0,0.0,0,0,0,0.0
2024-01-01 22:30:00,2.0,11.0,0.5253620179656127,20.147130789199664,14.551919824991455,10.0,59.73794369804203,60.0,0.2567413333333333,0.0,0.0,0,0,0,0.0
2024-01-01 22:45:00,2.0,11.0,0.5253620179656127,20.097117802330065,14.584016938108826,10.0,61.09923898710081,60.0,0.0,0.0,0.0,0,0,0,0.0
2024-01-01 23:00:00,2.0,11.0,0.5253620179656127,20.04773759206189,14.615442668656893,10.0,60.89315898710082,60.0,0.2567413333333333,0.0,0.0,0,0,0,0.0
2024-01-01 23:15:00,2.0,11.0,0.5253620179656127,19.998980273262127,14.646208007591385,10.0,60.53987898710082,60.0,0.5134826666666666,0.0,0.0,0,0,0,0.0
2024-01-01 23:30:00,2.0,11.0,0.5253620179656127,19.950836118782714,14.676323769438168,10.0,60.43683898710082,60.0,0.0,0.0,0.0,0,0,0,0.0
2024-01-01 23:45:00,2.0,11.0,0.5253620179656127,19.90329555693011,14.70580059512021,10.0,60.40739898710082,60.0,0.2567413333333333,0.0,0.0,0,0,0,0.0
2024-01-02 00:00:00,2.0,11.0,0.5253620179656127,19.856349168975477,14.734648954739269,10.0,59.84340089823317,60.0,2.053930666666667,0.0,0.0,0,0,0,0.0
2024-01-02 00:15:00,2.0,11.0,0.5253620179656127,19.809987686704677,14.76287915031302,10.0,60.24870192068899,60.0,3.0808960000000005,0.0,0.0,0,0,0,0.0
2024-01-02 00:30:00,2.0,11.0,0.5253620179656127,19.764201990007567,14.790501318468328,10.0,59.6236029431448,60.0,0.5134826666666666,0.0,0.0,0,0,0,0.0
2024-01-02 00:45:00,2.0,11.0,0.5253620179656127,19.71898310450589,14.81752543309137,10.0,61.00010167224182,60.0,0.0,0.0,0.0,0,0,0,0.0
2024-01-02 01:00:00,2.0,11.0,0.5253620179656127,19.674799071812288,14.844907689976857,11.0,61.034502054468284,60.0,0.0,0.0,0.0,0,0,0,0.0
2024-01-02 01:15:00,2.0,11.0,0.5253620179656127,19.63171325325697,14.872785498203514,11.0,60.004102054468284,60.0,1.7971893333333335,0.0,0.0,0,0,0,0.0
2024-01-02 01:30:00,2.0,11.0,0.5253620179656127,19.5891741706158,14.900082784917329,11.0,59.47418205446829,60.0,0.2567413333333333,0.0,0.0,0,0,0,0.0
2024-01-02 01:45:00,2.0,11.0,0.5253620179656127,19.54717327983054,14.92680905063537,11.0,59.26810205446829,60.0,0.0,0.0,0.0,0,0,0,0.0
2024-01-02 02:00:00,2.0,11.0,0.5253620179656127,19.505225300806327,14.95202726133257,10.0,58.49956999522318,60.0,4.6213440000000015,0.0,0.0,0,0,0,0.0
2024-01-02 02:15:00,2.0,11.0,0.5253620179656127,19.463249909201036,14.975618862075718,10.0,57.10748498805645,60.0,0.5134826666666666,0.0,0.0,0,0,0,0.0
2024-01-02 02:30:00,2.0,11.0,0.5253620179656127,19.421781891285175,14.99867847716936,10.0,57.994713655041664,60.0,3.0808960000000005,0.0,0.0,0,0,0,0.0
2024-01-02 02:45:00,2.0,11.0,0.5253620179656127,19.380813365880233,15.021214859702248,10.0,59.176342322026876,60.0,0.5134826666666666,0.0,0.0,0,0,0,0.0
2024-01-02 03:00:00,2.0,11.0,0.5253620179656127,19.34033657769631,15.04323662219146,10.0,60.93433731486015,60.0,0.0,0.0,0.0,0,0,0,0.0
2024-01-02 03:15:00,2.0,11.0,0.5253620179656127,19.300343895315937,15.06475223883491,10.0,61.04900525561505,60.0,0.0,0.0,0.0,0,0,0,0.0
2024-01-02 03:30:00,2.0,11.0,0.5253620179656127,19.260827809210102,15.085770047727777,10.0,61.004845255615045,60.0,0.5134826666666666,0.0,0.0,0,0,0,0.0
2024-01-02 03:45:00,2.0,11.0,0.5253620179656127,19.2217809297862,15.106298253043411,10.0,60.607405255615056,60.0,0.0,0.0,0.0,0,0,0,0.0
2024-01-02 04:00:00,2.0,11.0,0.5253620179656127,19.183195985467098,15.12634492717932,10.0,60.56324525561505,60.0,0.5134826666666666,0.0,0.0,0,0,0,0.0
2024-01-02 04:15:00,1.0,17.0,0.5253620179656127,19.462781596204113,15.146338310488655,10.0,60.16580525561506,60.0,0.0,0.0,0.0,0,0,0,0.0
2024-01-02 04:30:00,2.0,12.2,0.5253620179656127,20.351635370397396,15.171624523530415,10.0,60.16580525561506,60.0,1.5404480000000003,0.0,0.0,0,0,0,0.0
2024-01-02 04:45:00,2.0,11.0,0.5253620179656127,20.32540920762367,15.199542884046679,10.0,59.79477863354149,60.0,0.5134826666666666,0.0,0.0,0,0,0,0.0
2024-01-02 05:00:00,1.0,13.4,0.5253620179656127,20.278538386341687,15.226862015736895,10.0,60.948609039657136,60.0,0.2567413333333333,0.0,0.0,0,0,0,0.0
2024-01-02 05:15:00,2.0,17.6,0.5253620179656127,20.232241026104223,15.253577932344752,10.0,60.79815583373262,60.0,0.2567413333333333,0.0,0.0,0,0,0,0.0
2024-01-02 05:30:00,2.0,11.0,0.5253620179656127,20.1865082054639,15.279700545303621,10.0,60.709835833732626,60.0,0.0,0.0,0.0,0,0,0,0.0
2024-01-02 05:45:00,1.0,17.0,0.5253620179656127,20.141331145499695,15.305239606892458,10.0,60.34183583373263,60.0,0.5134826666666666,0.0,0.0,0,0,0,0.0
2024-01-02 06:00:00,2.0,15.8,0.5253620179656127,20.096701207534206,15.330204712786044,10.0,60.16519583373263,60.0,0.5134826666666666,0.0,0.0,0,0,0,0.0
2024-01-02 06:15:00,1.0,18.8,0.5253620179656127,20.05260989088755,15.354605304564366,10.0,59.38178262780813,60.0,3.8511200000000003,0.0,0.0,0,0,0,0.0
2024-01-02 06:30:00,3.0,19.966666666666665,0.5253620179656127,20.009048830667147,15.37845067218183,10.0,57.989053033923774,60.0,0.2567413333333333,0.0,0.0,0,0,0,0.0
2024-01-02 06:45:00,3.0,19.5,0.5253620179656127,19.966009795592985,15.401749956396865,10.0,59.09708170090899,60.0,3.0808960000000005,0.0,0.0,0,0,0,0.0
2024-01-02 07:00:00,3.0,19.5,0.5253620179656127,19.923961558450813,15.425458533204202,11.0,60.28350960344127,60.0,0.0,0.0,0.0,0,0,0,0.0
2024-01-02 07:15:00,3.0,19.5,0.5253620179656127,19.88296820000988,15.44971300499686,11.0,59.7596780124236,60.0,2.0539306666666666,0.0,0.0,0,0,0,0.0
2024-01-02 07:30:00,3.0,19.5,0.5253620179656127,19.84247894993906,15.473436505139354,11.0,59.53659168657555,60.0,0.5134826666666666,0.0,0.7388888888888894,1,0,1,0.6961111111111111
2024-01-02 07:45:00,3.0,19.5,0.5253620179656127,19.802485960712087,15.496637753064757,11.0,61.033942474917666,60.0,0.0,0.0,0.7847222222222232,0,0,1,0.0
2024-01-02 08:00:00,3.0,19.5,0.5253620179656127,19.763176016157622,15.519325746087304,11.0,60.86226285714414,60.0,0.2567413333333333,0.0,0.8000000000000012,0,0,1,0.0
2024-01-02 08:15:00,3.0,19.6,0.5253620179656127,19.724567127931333,15.541510966797414,11.0,60.670902857144135,60.0,0.2567413333333333,0.0,0.0,0,1,0,0.0
2024-01-02 08:30:00,3.0,19.5,0.5253620179656127,19.68642836155016,15.563202297271827,11.0,60.62674285714414,60.0,0.0,0.0,0.0,0,0,0,0.0
2024-01-02 08:45:00,3.0,19.5,0.5253620179656127,19.64875240765441,15.584407857006191,11.0,60.62674285714414,60.0,0.2567413333333333,0.0,0.0,0,0,0,0.0
2024-01-02 09:00:00,3.0,19.5,0.5253620179656127,19.61155001882266,15.605135673664085,11.0,60.40594285714414,60.0,0.0,0.0,0.0,0,0,0,0.0
2024-01-02 09:15:00,1.0,19.633333333333333,0.5253620179656127,19.57481648018125,15.62539379635392,11.0,60.25874285714414,60.0,0.2567413333333333,0.0,0.0,0,0,0,0.0
2024-01-02 09:30:00,3.0,19.866666666666667,0.5253620179656127,19.538524210875185,15.645190012785285,11.0,59.87602285714414,60.0,0.5134826666666666,0.0,0.0,0,0,0,0.0
2024-01-02 09:45:00,3.0,19.5,0.5253620179656127,19.502666361986435,15.664531928399335,11.0,59.56690285714415,60.0,0.2567413333333333,0.0,0.0,0,0,0,0.0
2024-01-02 10:00:00,3.0,19.5,0.5253620179656127,19.46843773642107,15.683429607949943,11.0,59.21971126612648,60.0,1.5404480000000003,0.0,0.0,0,0,0,0.0
2024-01-02 10:15:00,3.0,19.5,0.5253620179656127,19.43598990835317,15.701903022172043,11.0,60.94997343526172,60.0,0.0,0.0,0.0,0,0,0,0.0
2024-01-02 10:30:00,3.0,19.5,0.5253620179656127,19.40393596655361,15.719962973893674,11.0,60.03797802197935,60.0,3.0808960000000005,0.0,0.0,0,0,0,0.0
2024-01-02 10:45:00,3.0,19.5,0.5253620179656127,19.37226978935116,15.737616262763074,11.0,60.59543942666165,60.0,0.2567413333333333,0.0,0.0,0,0,0,0.0
2024-01-02 11:00:00,3.0,19.5,0.5253620179656127,19.340119605715433,15.754867719213287,11.0,60.831604013379284,60.0,0.0,0.0,0.0,0,0,0,0.0
2024-01-02 11:15:00,3.0,19.5,0.5253620179656127,19.307365495802227,15.771714842075632,11.0,60.342590807454776,60.0,3.8511200000000003,0.0,0.0,0,0,0,0.0
2024-01-02 11:30:00,1.0,19.966666666666665,0.5253620179656127,19.909952898617075,15.789434951017261,11.0,59.06762121357042,60.0,0.0,0.0,0.0,0,0,0,0.0
2024-01-02 11:45:00,3.0,19.833333333333332,0.5253620179656127,20.50574724332829,15.813291160150756,11.0,60.8697762064037,60.0,0.2567413333333333,0.0,0.0,0,0,0,0.0
2024-01-02 12:00:00,3.0,19.5,0.5253620179656127,20.464380380182092,15.839142538769595,12.0,60.7342041471586,60.0,0.770224,0.0,0.0,0,0,0,0.0
2024-01-02 12:15:00,3.0,19.7,0.5253620179656127,20.424015920739325,15.865524391439914,12.0,60.24844414715861,60.0,0.0,0.0,0.0,0,0,0,0.0
2024-01-02 12:30:00,3.0,19.5,0.5253620179656127,20.384165540615562,15.891359896783854,12.0,58.576452556140936,60.0,3.8511200000000003,0.0,0.0,0,0,0,0.0
2024-01-02 12:45:00,1.0,19.833333333333332,0.5253620179656127,20.3448212025454,15.916657992560868,12.0,59.98693366459772,60.0,0.2567413333333333,0.0,0.0,0,0,0,0.0
2024-01-02 13:00:00,3.0,19.766666666666666,0.5253620179656127,20.305847318015253,15.941427198753948,12.0,61.000971925467304,60.0,0.5134826666666666,0.0,0.0,0,0,0,0.0
2024-01-02 13:15:00,3.0,19.5,0.5253620179656127,20.267219293148305,15.96567482876971,12.0,59.6025719254673,60.0,1.5404480000000003,0.0,0.0,0,0,0,0.0
2024-01-02 13:30:00,3.0,19.5,0.5253620179656127,20.22907615404157,15.989409018756817,12.0,59.08737192546731,60.0,0.2567413333333333,0.0,0.0,0,0,0,0.0
2024-01-02 13:45:00,3.0,19.5,0.5253620179656127,20.191410333176155,16.012638181212694,12.0,57.68733018633688,60.0,3.0808960000000005,0.0,0.0,0,0,0,0.0
2024-01-02 14:00:00,3.0,19.5,0.5253620179656127,20.15444515566356,16.035371089387446,12.0,59.63765205924661,60.0,1.5404480000000003,0.0,0.0,0,0,0,0.0
2024-01-02 14:15:00,1.0,19.733333333333334,0.5253620179656127,20.11820367942617,16.057618309300448,12.0,60.833356139514194,60.0,0.0,0.0,0.0,0,0,0,0.0
2024-01-02 14:30:00,1.0,20.0,0.5253620179656127,20.082413573201116,16.07938853811391,12.0,61.00055881509948,60.0,0.2567413333333333,0.0,0.0,0,0,0,0.0
2024-01-02 14:45:00,1.0,16.4,0.5253620179656127,20.047067799339732,16.100689597816416,12.0,60.85335881509948,60.0,0.0,0.0,0.0,0,0,0,0.0
2024-01-02 15:00:00,1.0,20.0,0.5253620179656127,20.011638997107873,16.121528066683272,12.0,59.51464454849653,60.0,3.0808960000000005,0.0,0.0,0,0,0,0.0
2024-01-02 15:15:00,1.0,20.0,0.5253620179656127,19.97605182666547,16.141906056689955,12.0,60.806721070235675,60.0,0.0,0.0,0.0,0,0,0,0.0
2024-01-02 15:30:00,1.0,20.0,0.5253620179656127,19.940897481796103,16.161829477981442,12.0,61.127791304349394,60.0,0.0,0.0,0.0,0,0,0,0.0
2024-01-02 15:45:00,1.0,20.0,0.5253620179656127,19.906169234004036,16.181305804593826,12.0,61.127791304349394,60.0,0.2567413333333333,0.0,0.0,0,0,0,0.0
2024-01-02 16:00:00,1.0,20.0,0.5253620179656127,19.871307198092744,16.199395844374795,11.0,60.5978713043494,60.0,0.5134826666666666,0.0,0.0,0,0,0,0.0
2024-01-02 16:15:00,1.0,20.0,0.5253620179656127,19.83622274918929,16.2159782787779,11.0,60.4653913043494,60.0,0.0,0.0,0.0,0,0,0,0.0
2024-01-02 16:30:00,1.0,20.0,0.5253620179656127,19.801540165351586,16.232145575297423,11.0,60.347631304349406,60.0,0.2567413333333333,0.0,0.0,0,0,0,0.0
2024-01-02 16:45:00,1.0,20.0,0.5253620179656127,19.7672532483624,16.24790460826882,11.0,60.244591304349406,60.0,0.0,0.0,0.0,0,0,0,0.0
2024-01-02 17:00:00,3.0,19.966666666666665,0.5253620179656127,19.733355898942616,16.263262141564155,11.0,60.20043130434941,60.0,0.2567413333333333,0.0,0.0,0,0,0,0.0
2024-01-02 17:15:00,3.0,19.5,0.5253620179656127,19.699842115166756,16.27822483036231,11.0,60.02379130434941,60.0,0.0,0.0,0.0,0,0,0,0.0
2024-01-02 17:30:00,3.0,19.5,0.5253620179656127,19.666705990903882,16.292799222890704,11.0,58.861717037746445,60.0,3.0808960000000005,0.0,0.0,0,0,0,0.0
2024-01-02 17:45:00,3.0,19.5,0.5253620179656127,19.633941714283495,16.306991762139226,11.0,60.263823411372854,60.0,0.0,0.0,0.0,0,0,0,0.0
2024-01-02 18:00:00,1.0,19.733333333333334,0.5253620179656127,19.601543566186,16.320808787546675,11.0,61.15823334926106,60.0,0.0,0.0,0.0,0,0,0,0.0
2024-01-02 18:15:00,1.0,20.0,0.5253620179656127,19.569505918757294,16.334256536660124,11.0,60.87855334926107,60.0,0.5134826666666666,0.0,0.0,0,0,0,0.0
2024-01-02 18:30:00,1.0,20.0,0.5253620179656127,19.53782323394728,16.347341146767786,11.0,60.716633349261066,60.0,0.0,0.0,0.0,0,0,0,0.0
2024-01-02 18:45:00,1.0,20.0,0.5253620179656127,19.548898231893755,16.360082691151714,11.0,60.49583334926107,60.0,0.770224,0.0,0.8000000000000004,1,0,1,0.7663888888888889
2024-01-02 19:00:00,1.0,20.0,0.5253620179656127,20.384232051561458,16.37552162587594,11.0,60.054233349261075,60.0,0.0,0.0,0.8000000000000004,0,0,1,0.0
2024-01-02 19:15:00,1.0,20.0,0.5253620179656127,20.493728810096147,16.395137281560494,11.0,59.745113349261075,60.0,0.5134826666666666,0.0,0.8000000000000004,0,0,1,0.0
2024-01-02 19:30:00,3.0,19.566666666666666,0.5253620179656127,20.454985320460107,16.414474060536286,11.0,59.37711334926109,60.0,0.5134826666666666,0.0,0.8000000000000004,0,0,1,0.0
2024-01-02 19:45:00,3.0,19.5,0.5253620179656127,20.416692867253072,16.4333427607865,11.0,59.17103334926109,60.0,0.0,0.0,0.8000000000000004,0,0,1,0.0
2024-01-02 20:00:00,1.0,19.533333333333335,0.5253620179656127,20.37836760606695,16.450804735924134,10.0,57.69739161013066,60.0,3.594378666666667,0.0,0.8000000000000004,0,0,1,0.0
2024-01-02 20:15:00,1.0,20.0,0.5253620179656127,20.339930625187343,16.46673984442941,10.0,59.69187348304038,60.0,0.0,0.0,0.8000000000000004,0,0,1,0.0
2024-01-02 20:30:00,1.0,20.0,0.5253620179656127,20.3019181008229,16.48224114938278,10.0,61.05316877209917,60.0,0.5134826666666666,0.0,0.8000000000000004,0,0,1,0.0
2024-01-02 20:45:00,2.0,14.0,0.5253620179656127,20.26432351940726,16.4973158676052,10.0,60.59684877209917,60.0,0.2567413333333333,0.0,0.8000000000000004,0,0,1,0.0
2024-01-02 21:00:00,2.0,11.0,0.5253620179656127,20.227140471294444,16.511971099902507,10.0,60.273008772099175,60.0,0.5134826666666666,0.0,0.8000000000000004,0,0,1,0.0
2024-01-02 21:15:00,2.0,11.0,0.5253620179656127,20.19036264909467,16.526213832924626,10.0,59.89028877209918,60.0,0.2567413333333333,0.0,0.8000000000000004,0,0,1,0.0
2024-01-02 21:30:00,2.0,11.0,0.5253620179656127,20.153983846036834,16.54005094099495,10.0,59.640048772099185,60.0,0.2567413333333333,0.0,0.8000000000000004,0,0,1,0.0
2024-01-02 21:45:00,2.0,11.0,0.5253620179656127,20.11799795435718,16.553489187910444,10.0,59.52228877209919,60.0,0.0,0.0,0.8000000000000004,0,0,1,0.0
2024-01-02 22:00:00,2.0,11.0,0.5253620179656127,20.08239896371384,16.566535228712908,10.0,59.41924877209919,60.0,0.5134826666666666,0.0,0.8000000000000004,0,0,1,0.0
2024-01-02 22:15:00,2.0,11.0,0.5253620179656127,20.047180959626765,16.57919561143186,10.0,59.080688772099194,60.0,0.0,0.0,0.8000000000000004,0,0,1,0.0
2024-01-02 22:30:00,2.0,11.0,0.5253620179656127,20.012338121942594,16.591476778799468,10.0,59.080688772099194,60.0,0.0,0.0,0.8000000000000004,0,0,1,0.0
2024-01-02 22:45:00,1.0,17.6,0.5253620179656127,19.977864723324195,16.60338506993806,10.0,59.080688772099194,60.0,1.5404480000000003,0.0,0.8000000000000004,0,0,1,0.0
2024-01-02 23:00:00,2.0,11.6,0.5253620179656127,19.943755127764334,16.614926722020567,10.0,58.95990215002563,60.0,0.0,0.0,0.8000000000000004,0,0,1,0.0
2024-01-02 23:15:00,2.0,11.0,0.5253620179656127,19.91000378912317,16.626107871904345,10.0,60.90974058289713,60.0,0.5134826666666666,0.0,0.8000000000000004,0,0,1,0.0
2024-01-02 23:30:00,2.0,11.0,0.5253620179656127,19.876605249689227,16.63693455773887,10.0,60.730330817010845,60.0,0.5134826666666666,0.0,0.8000000000000004,0,0,1,0.0
2024-01-02 23:45:00,2.0,11.0,0.5253620179656127,19.84355413876334,16.64741272054765,10.0,60.656730817010846,60.0,0.0,0.0,0.8000000000000004,0,0,1,0.0
2024-01-03 00:00:00,2.0,11.0,0.5253620179656127,19.810368298672284,16.656601823743227,9.0,60.37705081701085,60.0,0.5134826666666666,0.0,0.8000000000000004,0,0,1,0.0
2024-01-03 00:15:00,2.0,11.0,0.5253620179656127,19.776970477374334,16.664379865849245,9.0,60.21513081701085,60.0,0.0,0.0,0.8000000000000004,0,0,1,0.0
2024-01-03 00:30:00,2.0,11.0,0.5253620179656127,19.743898484122234,16.67183807974904,9.0,59.90601081701085,60.0,0.5134826666666666,0.0,0.0,0,1,0,0.0
2024-01-03 00:45:00,2.0,11.0,0.5253620179656127,19.711147412191785,16.678981881349184,9.0,58.5494844911628,60.0,3.0808960000000005,0.0,0.0,0,0,0,0.0
2024-01-03 01:00:00,2.0,11.0,0.5253620179656127,19.678712432997088,16.685816599354787,9.0,57.555645217393106,60.0,5.134826666666667,0.0,0.0,0,0,0,0.0
2024-01-03 01:15:00,2.0,11.0,0.5253620179656127,19.646588794839438,16.692347476667184,9.0,58.17791388437831,60.0,0.2567413333333333,0.0,0.0,0,0,0,0.0
2024-01-03 01:30:00,2.0,11.0,0.5253620179656127,19.614771821676264,16.698579671759145,9.0,60.57122064023119,60.0,0.0,0.0,0.0,0,0,0,0.0
2024-01-03 01:45:00,2.0,11.0,0.5253620179656127,19.583256911909803,16.70451826002812,9.0,60.85170637362823,60.0,0.770224,0.0,0.0,0,0,0,0.0
2024-01-03 02:00:00,2.0,11.0,0.5253620179656127,19.55156266460208,16.70922185308623,8.0,60.42482637362824,60.0,0.0,0.0,0.0,0,0,0,0.0
2024-01-03 02:15:00,2.0,11.0,0.5253620179656127,19.5196125722787,16.712567611260862,8.0,59.806586373628235,60.0,1.5404480000000003,0.0,0.0,0,0,0,0.0
2024-01-03 02:30:00,2.0,11.0,0.5253620179656127,19.487945176786784,16.715645942625432,8.0,59.183708284760584,60.0,0.2567413333333333,0.0,0.0,0,0,0,0.0
2024-01-03 02:45:00,2.0,11.0,0.5253620179656127,19.456556292215435,16.71846145144847,8.0,60.61754098423505,60.0,1.0269653333333333,0.0,0.0,0,0,0,0.0
2024-01-03 03:00:00,2.0,11.0,0.5253620179656127,19.4254417991998,16.721018667758038,8.0,60.23205121834878,60.0,0.0,0.0,0.0,0,0,0,0.0
2024-01-03 03:15:00,2.0,11.0,0.5253620179656127,19.394597643855718,16.72332204853181,8.0,60.23205121834878,60.0,0.0,0.0,0.0,0,0,0,0.0
2024-01-03 03:30:00,2.0,11.0,0.5253620179656127,19.364019836731483,16.725375978868033,8.0,58.52102115623698,60.0,3.8511200000000003,0.0,0.0,0,0,0,0.0
2024-01-03 03:45:00,2.0,11.0,0.5253620179656127,19.333704451776388,16.727184773137804,8.0,60.09512944099573,60.0,1.0269653333333333,0.0,0.0,0,0,0,0.0
2024-01-03 04:00:00,2.0,11.0,0.5253620179656127,19.304124497918853,16.729699058160367,9.0,61.01343984711136,60.0,0.0,0.0,0.0,0,0,0,0.0
2024-01-03 04:15:00,2.0,12.8,0.5253620179656127,19.31775639391329,16.733064797774386,9.0,60.77466664118685,60.0,0.5134826666666666,0.0,0.0,0,0,0,0.0
2024-01-03 04:30:00,3.0,19.033333333333335,0.5253620179656127,19.563455165481678,16.737571399846054,9.0,60.58330664118685,60.0,0.0,0.0,0.0,0,0,0,0.0
2024-01-03 04:45:00,3.0,19.5,0.5253620179656127,19.5326324373146,16.74276409601248,9.0,60.58330664118685,60.0,0.0,0.0,0.0,0,0,0,0.0
2024-01-03 05:00:00,3.0,19.5,0.5253620179656127,19.502096349732685,16.747680309830532,9.0,60.58330664118685,60.0,0.0,0.0,0.0,0,0,0,0.0
2024-01-03 05:15:00,3.0,19.5,0.5253620179656127,19.47184262071208,16.752324759910014,9.0,59.999467023413324,60.0,3.0808960000000005,0.0,0.0,0,0,0,0.0
2024-01-03 05:30:00,3.0,19.5,0.5253620179656127,19.441867036364023,16.756702088834476,9.0,59.521245752510325,60.0,0.2567413333333333,0.0,0.0,0,0,0,0.0
2024-01-03 05:45:00,3.0,19.5,0.5253620179656127,19.412165449843933,16.760816864379823,9.0,60.80942448160734,60.0,0.5134826666666666,0.0,0.0,0,0,0,0.0
2024-01-03 06:00:00,3.0,19.5,0.5253620179656127,19.38273378027809,16.764673580713385,9.0,60.37278486383381,60.0,0.770224,0.0,0.0,0,0,0,0.0
2024-01-03 06:15:00,3.0,19.5,0.5253620179656127,19.35356801170744,16.76827665957381,9.0,60.03422486383382,60.0,0.2567413333333333,0.0,0.0,0,0,0,0.0
2024-01-03 06:30:00,3.0,19.5,0.5253620179656127,19.324664192048335,16.771630451432028,9.0,59.82814486383382,60.0,0.0,0.0,0.0,0,0,0,0.0
2024-01-03 06:45:00,1.0,19.966666666666665,0.5253620179656127,19.930975095318512,16.77601264265679,9.0,59.487298537985765,60.0,1.5404480000000003,0.0,0.0,0,0,0,0.0
2024-01-03 07:00:00,3.0,19.533333333333335,0.5253620179656127,20.530368279333008,16.78668394852862,9.0,60.70374559006414,60.0,3.0808960000000005,0.0,0.0,0,0,0,0.0
2024-01-03 07:15:00,3.0,19.5,0.5253620179656127,20.49205532743319,16.798554812876272,9.0,59.45650881987781,60.0,0.770224,0.0,0.0,0,0,0,0.0
2024-01-03 07:30:00,3.0,19.5,0.5253620179656127,20.45413703812598,16.810031036495563,9.0,60.91717290014538,60.0,0.5134826666666666,0.0,0.732777777777778,1,0,1,0.7205555555555556
2024-01-03 07:45:00,3.0,19.5,0.5253620179656127,20.41660741676843,16.82111924764376,9.0,60.81941557573067,60.0,0.770224,0.0,0.7786111111111118,0,0,1,0.0
2024-01-03 08:00:00,3.0,19.5,0.5253620179656127,20.379599550553113,16.83182626653985,9.0,60.28949557573068,60.0,0.2567413333333333,0.0,0.8000000000000009,0,0,1,0.0
2024-01-03 08:15:00,3.0,19.5,0.5253620179656127,20.343125934602412,16.842159968227357,9.0,60.23061557573068,60.0,0.0,0.0,0.8000000000000009,0,0,1,0.0
2024-01-03 08:30:00,3.0,19.5,0.5253620179656127,20.30702118272506,16.852127077695215,9.0,60.23061557573068,60.0,0.0,0.0,0.8000000000000009,0,0,1,0.0
2024-01-03 08:45:00,3.0,19.5,0.5253620179656127,20.271279708086787,16.86173376873402,9.0,60.23061557573068,60.0,0.0,0.0,0.8000000000000009,0,0,1,0.0
2024-01-03 09:00:00,3.0,19.5,0.5253620179656127,20.236042598379772,16.87098643071095,9.0,60.23061557573068,60.0,0.0,0.0,0.8000000000000009,0,0,1,0.0
2024-01-03 09:15:00,3.0,19.5,0.5253620179656127,20.201323744171876,16.879892578400366,9.0,60.23061557573068,60.0,0.0,0.0,0.8000000000000009,0,0,1,0.0
2024-01-03 09:30:00,3.0,19.5,0.5253620179656127,20.166949417501122,16.888458526343772,9.0,60.23061557573068,60.0,0.0,0.0,0.8000000000000009,0,0,1,0.0
2024-01-03 09:45:00,1.0,19.666666666666668,0.5253620179656127,20.13291441576033,16.8966900202456,9.0,60.09813557573068,60.0,0.2567413333333333,0.0,0.8000000000000009,0,0,1,0.0
2024-01-03 10:00:00,3.0,19.733333333333334,0.5253620179656127,20.09931445440534,16.904592929960256,9.0,60.009815575730684,60.0,0.0,0.0,0.8000000000000009,0,0,1,0.0
2024-01-03 10:15:00,3.0,19.5,0.5253620179656127,20.06615777213078,16.912173875745474,9.0,59.226563516485584,60.0,3.594378666666667,0.0,0.8000000000000009,0,0,1,0.0
2024-01-03 10:30:00,3.0,19.5,0.5253620179656127,20.033323567048175,16.91943862885087,9.0,58.87959850931885,60.0,0.2567413333333333,0.0,0.8000000000000009,0,0,1,0.0
2024-01-03 10:45:00,3.0,19.5,0.5253620179656127,20.00080698534818,16.92639254622559,9.0,59.92874717630407,60.0,3.0808960000000005,0.0,0.8000000000000009,0,0,1,0.0
2024-01-03 11:00:00,3.0,19.5,0.5253620179656127,19.968558589061196,16.93304080260975,9.0,60.81533125657165,60.0,0.2567413333333333,0.0,0.8000000000000009,0,0,1,0.0
2024-01-03 11:15:00,3.0,19.5,0.5253620179656127,19.936567797188722,16.939388115196266,9.0,60.87949393215694,60.0,0.0,0.0,0.8000000000000009,0,0,1,0.0
2024-01-03 11:30:00,1.0,19.633333333333333,0.5253620179656127,19.90488129316141,16.9454394540411,9.0,60.87949393215694,60.0,0.0,0.0,0.8000000000000009,0,0,1,0.0
2024-01-03 11:45:00,1.0,20.0,0.5253620179656127,19.873494513836555,16.95119985149885,9.0,60.87949393215694,60.0,0.0,0.0,0.8000000000000009,0,0,1,0.0
2024-01-03 12:00:00,1.0,20.0,0.5253620179656127,19.842520335984375,16.95667451102783,9.0,60.59981393215695,60.0,0.5134826666666666,0.0,0.8000000000000009,0,0,1,0.0
2024-01-03 12:15:00,1.0,20.0,0.5253620179656127,19.811969794220342,16.961869535692408,9.0,59.28973393215695,60.0,3.0808960000000005,0.0,0.8000000000000009,0,0,1,0.0
2024-01-03 12:30:00,1.0,20.0,0.5253620179656127,19.781703703105403,16.966790066106128,9.0,57.27006731008337,60.0,3.594378666666667,0.0,0.8000000000000009,0,0,1,0.0
2024-01-03 12:45:00,1.0,20.0,0.5253620179656127,19.75171781245045,16.97144078599765,9.0,58.48113597706858,60.0,0.0,0.0,0.8000000000000009,0,0,1,0.0
2024-01-03 13:00:00,1.0,20.0,0.5253620179656127,19.72190061074067,16.975826073041162,9.0,60.740094409940085,60.0,0.0,0.0,0.8000000000000009,0,0,1,0.0
2024-01-03 13:15:00,1.0,20.0,0.5253620179656127,19.69223385005257,16.979949335059825,9.0,61.0611646440538,60.0,0.0,0.0,0.8000000000000009,0,0,1,0.0
2024-01-03 13:30:00,1.0,20.0,0.5253620179656127,19.66283678412218,16.983814715181744,9.0,61.0611646440538,60.0,0.0,0.0,0.8000000000000009,0,0,1,0.0
2024-01-03 13:45:00,1.0,20.0,0.5253620179656127,19.633705400047628,16.987426631836062,9.0,61.0611646440538,60.0,0.0,0.0,0.8000000000000009,0,0,1,0.0
2024-01-03 14:00:00,1.0,20.0,0.5253620179656127,19.604533511791168,16.989843425393413,8.0,61.0611646440538,60.0,0.0,0.0,0.0,0,1,0,0.0
2024-01-03 14:15:00,1.0,20.0,0.5253620179656127,19.575268175997408,16.99094345253352,8.0,60.69316464405381,60.0,0.5134826666666666,0.0,0.0,0,0,0,0.0
2024-01-03 14:30:00,1.0,20.0,0.5253620179656127,19.546247866222597,16.991817012576313,8.0,60.457644644053815,60.0,0.2567413333333333,0.0,0.0,0,0,0,0.0
2024-01-03 14:45:00,1.0,20.0,0.5253620179656127,19.517468992059836,16.99246804614856,8.0,60.384044644053816,60.0,2.0539306666666666,0.0,0.0,0,0,0,0.0
2024-01-03 15:00:00,1.0,20.0,0.5253620179656127,20.018104570080954,16.994843053450005,9.0,59.792218021980254,60.0,0.2567413333333333,0.0,0.0,0,0,0,0.0
2024-01-03 15:15:00,1.0,20.0,0.5253620179656127,20.512838751602164,17.003641446493486,9.0,61.15212842809589,60.0,0.0,0.0,0.0,0,0,0,0.0
2024-01-03 15:30:00,1.0,20.0,0.5253620179656127,20.47625915927363,17.01334135323028,9.0,59.712403631153705,60.0,3.0808960000000005,0.0,0.0,0,0,0,0.0
2024-01-03 15:45:00,1.0,20.0,0.5253620179656127,20.440044800698963,17.022679849525886,9.0,61.02522312470366,60.0,0.0,0.0,0.0,0,0,0,0.0
2024-01-03 16:00:00,1.0,20.0,0.5253620179656127,20.40416469830906,17.03166297890559,9.0,60.961543889156594,60.0,0.2567413333333333,0.0,0.0,0,0,0,0.0
2024-01-03 16:15:00,1.0,20.0,0.5253620179656127,20.368610067467095,17.040296474315543,9.0,60.8732238891566,60.0,0.0,0.0,0.0,0,0,0,0.0
2024-01-03 16:30:00,1.0,20.0,0.5253620179656127,20.333404807939562,17.0485861638518,9.0,60.8732238891566,60.0,0.2567413333333333,0.0,0.0,0,0,0,0.0
2024-01-03 16:45:00,2.0,13.4,0.5253620179656127,20.298543652310606,17.056537862924333,9.0,60.6524238891566,60.0,0.0,0.0,0.0,0,0,0,0.0
2024-01-03 17:00:00,1.0,14.0,0.5253620179656127,20.264021417056334,17.064157293318495,9.0,60.5788238891566,60.0,0.5134826666666666,0.0,0.0,0,0,0,0.0
2024-01-03 17:15:00,1.0,20.0,0.5253620179656127,20.22983300120164,17.07145008469562,9.0,60.06362388915661,60.0,0.2567413333333333,0.0,0.0,0,0,0,0.0
2024-01-03 17:30:00,1.0,20.0,0.5253620179656127,20.195973384998453,17.078421776069593,9.0,59.99002388915661,60.0,0.0,0.0,0.0,0,0,0,0.0
2024-01-03 17:45:00,1.0,20.0,0.5253620179656127,20.16243762862521,17.085077817259677,9.0,59.99002388915661,60.0,0.0,0.0,0.0,0,0,0,0.0
2024-01-03 18:00:00,1.0,20.0,0.5253620179656127,20.12874399831406,17.090477188278612,8.0,59.798663889156614,60.0,0.2567413333333333,0.0,0.0,0,0,0,0.0
2024-01-03 18:15:00,1.0,20.0,0.5253620179656127,20.09481565906825,17.09449741192969,8.0,59.76922388915661,60.0,0.0,0.0,0.0,0,0,0,0.0
2024-01-03 18:30:00,1.0,20.0,0.5253620179656127,20.06119083043509,17.098229252932487,8.0,59.76922388915661,60.0,0.0,0.0,0.0,0,0,0,0.0
2024-01-03 18:45:00,3.0,19.633333333333333,0.5253620179656127,20.027865009342822,17.101677666465356,8.0,59.38373412327033,60.0,1.5404480000000003,0.0,0.0,0,0,0,0.0
2024-01-03 19:00:00,3.0,19.5,0.5253620179656127,19.994833764322333,17.104847527821786,8.0,60.70338232202811,60.0,0.0,0.0,0.0,0,0,0,0.0
2024-01-03 19:15:00,3.0,19.5,0.5253620179656127,19.96209273436086,17.107743633690912,8.0,61.02445255614183,60.0,0.0,0.0,0.0,0,0,0,0.0
2024-01-03 19:30:00,1.0,19.666666666666668,0.5253620179656127,19.92963762777407,17.11037070341756,8.0,61.02445255614183,60.0,0.0,0.0,0.0,0,0,0,0.0
2024-01-03 19:45:00,1.0,20.0,0.5253620179656127,19.897464221096225,17.112733380242002,8.0,60.87725255614183,60.0,0.2567413333333333,0.0,0.0,0,0,0,0.0
2024-01-03 20:00:00,1.0,20.0,0.5253620179656127,19.865568357988074,17.114836232519988,8.0,59.74381255614183,60.0,1.5404480000000003,0.0,0.0,0,0,0,0.0
2024-01-03 20:15:00,1.0,20.0,0.5253620179656127,19.833945948162285,17.116683754923127,8.0,59.47885255614183,60.0,0.0,0.0,0.0,0,0,0,0.0
2024-01-03 20:30:00,1.0,20.0,0.5253620179656127,19.80259296632608,17.11828036962007,8.0,59.41997255614183,60.0,0.2567413333333333,0.0,0.0,0,0,0,0.0
2024-01-03 20:45:00,2.0,13.4,0.5253620179656127,19.771505451140797,17.11963042743877,8.0,59.184452556141835,60.0,0.5134826666666666,0.0,0.0,0,0,0,0.0
2024-01-03 21:00:00,2.0,11.0,0.5253620179656127,19.740679504198113,17.12073820901012,8.0,60.00899913999278,60.0,0.0,0.0,0.732777777777778,1,0,1,0.7205555555555556
2024-01-03 21:15:00,2.0,11.0,0.5253620179656127,19.710111289012715,17.12160792589329,8.0,61.052477400862365,60.0,0.0,0.0,0.7786111111111118,0,0,1,0.0
2024-01-03 21:30:00,2.0,11.0,0.5253620179656127,19.679797030031036,17.12224372168298,8.0,60.978877400862366,60.0,0.5134826666666666,0.0,0.8000000000000009,0,0,1,0.0
2024-01-03 21:45:00,2.0,11.0,0.5253620179656127,19.64973301165593,17.122649673098998,8.0,60.44895740086237,60.0,0.5134826666666666,0.0,0.8000000000000009,0,0,1,0.0
2024-01-03 22:00:00,2.0,11.0,0.5253620179656127,19.61943870469385,17.121883409016778,7.0,60.08095740086238,60.0,0.2567413333333333,0.0,0.8000000000000009,0,0,1,0.0
2024-01-03 22:15:00,2.0,11.0,0.5253620179656127,19.58883845938708,17.119821122712697,7.0,58.60731566173195,60.0,3.0808960000000005,0.0,0.8000000000000009,0,0,1,0.0
2024-01-03 22:30:00,2.0,11.0,0.5253620179656127,19.558471661496547,17.11755227064364,7.0,59.026757534641675,60.0,3.337637333333334,0.0,0.8000000000000009,0,0,1,0.0
2024-01-03 22:45:00,2.0,11.0,0.5253620179656127,19.52833495544351,17.11508052064895,7.0,60.491158260872,60.0,0.5134826666666666,0.0,0.8000000000000009,0,0,1,0.0
2024-01-03 23:00:00,2.0,11.0,0.5253620179656127,19.49842503883122,17.112409481271538,7.0,60.518311935023945,60.0,0.770224,0.0,0.8000000000000009,0,0,1,0.0
2024-01-03 23:15:00,2.0,11.0,0.5253620179656127,19.46873866159384,17.10954270270871,7.0,59.59095193502396,60.0,0.770224,0.0,0.8000000000000009,0,0,1,0.0
2024-01-03 23:30:00,2.0,11.0,0.5253620179656127,19.439272625158914,17.1064836777476,7.0,59.37015193502396,60.0,0.0,0.0,0.8000000000000009,0,0,1,0.0
2024-01-03 23:45:00,2.0,11.0,0.5253620179656127,19.410023781623305,17.103235842685788,7.0,59.37015193502396,60.0,0.0,0.0,0.8000000000000009,0,0,1,0.0
2024-01-04 00:00:00,2.0,11.0,0.5253620179656127,19.380989032942303,17.09980257823698,7.0,59.37015193502396,60.0,0.0,0.0,0.8000000000000009,0,0,1,0.0
2024-01-04 00:15:00,2.0,11.0,0.5253620179656127,19.352165330131765,17.096187210422325,7.0,59.24929987577887,60.0,0.5134826666666666,0.0,0.8000000000000009,0,0,1,0.0
2024-01-04 00:30:00,2.0,11.0,0.5253620179656127,19.323549672482986,17.09239301144742,7.0,60.53934692785724,60.0,0.5134826666666666,0.0,0.0,0,1,0,0.0
2024-01-04 00:45:00,2.0,11.0,0.5253620179656127,19.295139106790153,17.08842320056519,7.0,61.05226060200918,60.0,0.5134826666666666,0.0,0.0,0,0,0,0.0
2024-01-04 01:00:00,2.0,12.8,0.5253620179656127,19.309338896412314,17.084294979571084,7.0,60.492900602009186,60.0,0.5134826666666666,0.0,0.0,0,0,0,0.0
2024-01-04 01:15:00,2.0,11.0,0.5253620179656127,19.555547875661674,17.081382337290453,7.0,60.08074060200919,60.0,0.2567413333333333,0.0,0.0,0,0,0,0.0
2024-01-04 01:30:00,2.0,11.0,0.5253620179656127,19.52517866609162,17.07922937624447,7.0,59.8010606020092,60.0,0.5134826666666666,0.0,0.0,0,0,0,0.0
2024-01-04 01:45:00,2.0,11.0,0.5253620179656127,19.49504038880672,17.076872408861195,7.0,59.477220602009204,60.0,0.5134826666666666,0.0,0.0,0,0,0,0.0
2024-01-04 02:00:00,2.0,11.0,0.5253620179656127,19.465129726746024,17.07431506032082,7.0,59.18005083612293,60.0,0.5134826666666666,0.0,0.0,0,0,0,0.0
2024-01-04 02:15:00,2.0,11.0,0.5253620179656127,19.435443415416202,17.07156089719301,7.0,60.805404682276794,60.0,0.0,0.0,0.0,0,0,0,0.0
2024-01-04 02:30:00,2.0,11.0,0.5253620179656127,19.405978242050214,17.068613428376683,7.0,61.04620735786208,60.0,0.0,0.0,0.0,0,0,0,0.0
2024-01-04 02:45:00,2.0,11.0,0.5253620179656127,19.37673104477956,17.065476106024718,7.0,61.04620735786208,60.0,0.0,0.0,0.0,0,0,0,0.0
2024-01-04 03:00:00,2.0,11.0,0.5253620179656127,19.347698711819667,17.062152326453813,7.0,59.412287357862084,60.0,2.0539306666666666,0.0,0.0,0,0,0,0.0
2024-01-04 03:15:00,2.0,11.0,0.5253620179656127,19.318878180668428,17.058645431039814,7.0,59.27980735786208,60.0,0.0,0.0,0.0,0,0,0,0.0
2024-01-04 03:30:00,2.0,11.0,0.5253620179656127,19.29026643731752,17.05495870709867,7.0,59.07372735786209,60.0,1.7971893333333335,0.0,0.0,0,0,0,0.0
2024-01-04 03:45:00,2.0,11.0,0.5253620179656127,19.261860515476357,17.05109538875328,7.0,58.93822073578852,60.0,0.0,0.0,0.0,0,0,0,0.0
2024-01-04 04:00:00,2.0,11.0,0.5253620179656127,19.233180623215443,17.04611227574488,6.0,60.7668848160561,60.0,0.770224,0.0,0.0,0,0,0,0.0
2024-01-04 04:15:00,1.0,17.6,0.5253620179656127,19.59240085833044,17.04046248496103,6.0,60.683847491641394,60.0,0.0,0.0,0.0,0,0,0,0.0
2024-01-04 04:30:00,2.0,17.6,0.5253620179656127,20.52465220629653,17.040986679800355,6.0,60.374727491641394,60.0,0.5134826666666666,0.0,0.0,0,0,0,0.0
2024-01-04 04:45:00,2.0,11.0,0.5253620179656127,20.506173044871495,17.04448732028118,6.0,59.903687491641406,60.0,0.5134826666666666,0.0,0.0,0,0,0,0.0
2024-01-04 05:00:00,2.0,11.0,0.5253620179656127,20.466813465779122,17.047675726070725,6.0,59.800647491641406,60.0,0.0,0.0,0.0,0,0,0,0.0
2024-01-04 05:15:00,1.0,13.4,0.5253620179656127,20.427795532593752,17.05054346912398,6.0,59.638727491641404,60.0,0.5134826666666666,0.0,0.0,0,0,0,0.0
2024-01-04 05:30:00,1.0,20.0,0.5253620179656127,20.38911420445531,17.05309609001079,6.0,58.270412078359044,60.0,3.337637333333334,0.0,0.0,0,0,0,0.0
2024-01-04 05:45:00,3.0,19.666666666666668,0.5253620179656127,20.350764520612366,17.055339039935856,6.0,56.694118069758964,60.0,3.5943786666666666,0.0,0.0,0,0,0,0.0
2024-01-04 06:00:00,3.0,19.5,0.5253620179656127,20.31274159913978,17.057277682171307,6.0,58.59702673674418,60.0,0.2567413333333333,0.0,0.0,0,0,0,0.0
2024-01-04 06:15:00,3.0,19.5,0.5253620179656127,20.27504063567685,17.05891729346626,6.0,60.48025502150292,60.0,1.0269653333333333,0.0,0.0,0,0,0,0.0
2024-01-04 06:30:00,3.0,19.5,0.5253620179656127,20.237656902185645,17.060263065433894,6.0,60.97722495939113,60.0,0.2567413333333333,0.0,0.0,0,0,0,0.0
2024-01-04 06:45:00,3.0,19.5,0.5253620179656127,20.200585745729292,17.06132010591621,6.0,60.726984959391125,60.0,0.2567413333333333,0.0,0.0,0,0,0,0.0
2024-01-04 07:00:00,3.0,19.5,0.5253620179656127,20.163822587269788,17.062093440326965,6.0,60.62394495939113,60.0,0.0,0.0,0.0,0,0,0,0.0
2024-01-04 07:15:00,3.0,19.5,0.5253620179656127,20.127362920485066,17.06258801297312,6.0,60.62394495939113,60.0,0.0,0.0,0.0,0,0,0,0.0
2024-01-04 07:30:00,1.0,19.566666666666666,0.5253620179656127,20.091202310605073,17.062808688355055,6.0,60.62394495939113,60.0,0.0,0.0,0.0,0,0,0,0.0
2024-01-04 07:45:00,3.0,19.933333333333334,0.5253620179656127,20.055336393266412,17.062760252445994,6.0,58.80858572384407,60.0,4.878085333333334,0.0,0.0,0,0,0,0.0
2024-01-04 08:00:00,3.0,19.5,0.5253620179656127,20.019892905674443,17.062447697616545,6.0,58.32076598184695,60.0,0.0,0.0,0.0,0,0,0,0.0
2024-01-04 08:15:00,3.0,19.5,0.5253620179656127,19.984885005494426,17.061877041940438,6.0,60.52287388437922,60.0,0.5134826666666666,0.0,0.0,0,0,0,0.0
2024-01-04 08:30:00,1.0,19.633333333333333,0.5253620179656127,19.950156848341148,17.061053234254967,6.0,61.14720229336155,60.0,0.0,0.0,0.0,0,0,0,0.0
2024-01-04 08:45:00,3.0,19.866666666666667,0.5253620179656127,19.915704373361784,17.059980722681555,6.0,61.14720229336155,60.0,0.0,0.0,0.0,0,0,0,0.0
2024-01-04 09:00:00,3.0,19.5,0.5253620179656127,19.881743733661832,17.058664356475763,6.0,59.29857070234389,60.0,3.594378666666667,0.0,0.0,0,0,0,0.0
2024-01-04 09:15:00,3.0,19.5,0.5253620179656127,19.848299983109655,17.05711075121727,6.0,60.71523592929087,60.0,0.5134826666666666,0.0,0.0,0,0,0,0.0
2024-01-04 09:30:00,3.0,19.5,0.5253620179656127,19.81511633350361,17.0553247948262,6.0,59.56772051600851,60.0,2.053930666666667,0.0,0.0,0,0,0,0.0
2024-01-04 09:45:00,1.0,19.533333333333335,0.5253620179656127,19.7821890305559,17.053310594625085,6.0,59.28804051600851,60.0,0.0,0.0,0.0,0,0,0,0.0
2024-01-04 10:00:00,3.0,19.866666666666667,0.5253620179656127,19.74959723915399,17.051072369580243,6.0,58.823088924990834,60.0,2.053930666666667,0.0,0.0,0,0,0,0.0
2024-01-04 10:15:00,3.0,19.5,0.5253620179656127,19.71734823317032,17.04861496476128,6.0,60.4836488867682,60.0,0.2567413333333333,0.0,0.0,0,0,0,0.0
2024-01-04 10:30:00,3.0,19.6,0.5253620179656127,19.6853432412153,17.045942536899737,6.0,61.08488256092015,60.0,0.0,0.0,0.0,0,0,0,0.0
2024-01-04 10:45:00,3.0,19.5,0.5253620179656127,19.65357876214791,17.043058911453926,6.0,60.77576256092016,60.0,0.770224,0.0,0.0,0,0,0,0.0
2024-01-04 11:00:00,3.0,19.5,0.5253620179656127,19.622160617105155,17.039968086782505,6.0,60.11336256092016,60.0,0.5134826666666666,0.0,0.0,0,0,0,0.0
2024-01-04 11:15:00,3.0,19.5,0.5253620179656127,19.5910998020808,17.03667491214915,6.0,59.980882560920165,60.0,0.0,0.0,0.0,0,0,0,0.0
2024-01-04 11:30:00,3.0,19.5,0.5253620179656127,19.56026744917243,17.03318335396728,6.0,59.76008256092017,60.0,0.5134826666666666,0.0,0.0,0,0,0,0.0
2024-01-04 11:45:00,3.0,19.5,0.5253620179656127,19.529660301171297,17.029496966261945,6.0,59.53928256092017,60.0,0.0,0.0,0.0,0,0,0,0.0
2024-01-04 12:00:00,3.0,19.5,0.5253620179656127,19.499351108056807,17.025619408746575,6.0,58.86296829431721,60.0,2.053930666666667,0.0,0.0,0,0,0,0.0
2024-01-04 12:15:00,3.0,19.5,0.5253620179656127,19.4693467159616,17.02155491836307,6.0,60.52491313903774,60.0,0.0,0.0,0.0,0,0,0,0.0
2024-01-04 12:30:00,3.0,19.7,0.5253620179656127,19.841617410141875,17.018185236519436,6.0,61.02619887243478,60.0,0.2567413333333333,0.0,0.0,0,0,0,0.0
2024-01-04 12:45:00,3.0,19.5,0.5253620179656127,20.040664946056136,17.01803997785503,6.0,59.46652345915242,60.0,3.0808960000000005,0.0,0.0,0,0,0,0.0
2024-01-04 13:00:00,3.0,19.5,0.5253620179656127,20.006191014444713,17.018044185220223,6.0,59.61246945055235,60.0,2.053930666666667,0.0,0.0,0,0,0,0.0
2024-01-04 13:15:00,3.0,19.5,0.5253620179656127,19.97196489611783,17.017793627326864,6.0,59.91952970855523,60.0,3.0808960000000005,0.0,0.0,0,0,0,0.0
2024-01-04 13:30:00,3.0,19.5,0.5253620179656127,19.93801445081286,17.017292678327642,6.0,59.77458576206695,60.0,0.0,0.0,0.0,0,0,0,0.0
2024-01-04 13:45:00,3.0,19.5,0.5253620179656127,19.904335670226185,17.016545730306607,6.0,61.15060105112573,60.0,0.0,0.0,0.0,0,0,0,0.0
2024-01-04 14:00:00,3.0,19.5,0.5253620179656127,19.870757533034503,17.015556745458813,6.0,61.106441051125735,60.0,0.2567413333333333,0.0,0.0,0,0,0,0.0
2024-01-04 14:15:00,1.0,19.533333333333335,0.5253620179656127,19.837254158287188,17.014328222027213,6.0,59.439570989013944,60.0,3.0808960000000005,0.0,0.0,0,0,0,0.0
2024-01-04 14:30:00,1.0,20.0,0.5253620179656127,19.8040136704903,17.012863847947646,6.0,60.742630864790364,60.0,0.5134826666666666,0.0,0.0,0,0,0,0.0
2024-01-04 14:45:00,1.0,20.0,0.5253620179656127,19.77103226798349,17.01116778404887,6.0,60.590631629243305,60.0,0.0,0.0,0.0,0,0,0,0.0
2024-01-04 15:00:00,1.0,20.0,0.5253620179656127,19.73791474679012,17.009243282889436,6.0,59.8809795699982,60.0,2.5674133333333335,0.0,0.0,0,0,0,0.0
2024-01-04 15:15:00,1.0,20.0,0.5253620179656127,19.704605881319722,17.00709026434827,6.0,60.37785379837854,60.0,0.0,0.0,0.0,0,0,0,0.0
2024-01-04 15:30:00,1.0,19.9,0.5253620179656127,19.671551777514015,17.004711531586725,6.0,60.943302207360865,60.0,0.5134826666666666,0.0,0.7450000000000004,1,0,1,0.711388888888889
2024-01-04 15:45:00,3.0,19.666666666666668,0.5253620179656127,19.638748771378754,17.00211109004119,6.0,59.54490220736087,60.0,1.5404480000000003,0.0,0.7908333333333343,0,0,1,0.0
2024-01-04 16:00:00,3.0,19.5,0.5253620179656127,19.60615932168378,16.999292807488615,6.0,59.29466220736087,60.0,0.2567413333333333,0.0,0.800000000000001,0,0,1,0.0
2024-01-04 16:15:00,1.0,19.933333333333334,0.5253620179656127,19.57377541141928,16.996260204822832,6.0,59.147462207360874,60.0,0.0,0.0,0.800000000000001,0,0,1,0.0
2024-01-04 16:30:00,1.0,20.0,0.5253620179656127,19.54163253442711,16.9930169958366,6.0,59.147462207360874,60.0,0.0,0.0,0.800000000000001,0,0,1,0.0
2024-01-04 16:45:00,3.0,19.866666666666667,0.5253620179656127,19.509727245014446,16.989566942412374,6.0,59.147462207360874,60.0,0.0,0.0,0.800000000000001,0,0,1,0.0
2024-01-04 17:00:00,3.0,19.5,0.5253620179656127,19.478056152067115,16.985913745585737,6.0,59.114769001436365,60.0,0.5134826666666666,0.0,0.800000000000001,0,0,1,0.0
2024-01-04 17:15:00,1.0,19.733333333333334,0.5253620179656127,19.594963837152807,16.982183741430042,6.0,60.21947902532553,60.0,0.0,0.0,0.800000000000001,0,0,1,0.0
2024-01-04 17:30:00,1.0,20.0,0.5253620179656127,20.50621574556424,16.98268684810336,6.0,61.113888963213746,60.0,0.0,0.0,0.800000000000001,0,0,1,0.0
2024-01-04 17:45:00,1.0,20.0,0.5253620179656127,20.53662678170655,16.98691018106689,6.0,60.80476896321375,60.0,0.5134826666666666,0.0,0.800000000000001,0,0,1,0.0
2024-01-04 18:00:00,1.0,20.0,0.5253620179656127,20.49661249532625,16.990865312495806,6.0,60.46620896321375,60.0,0.2567413333333333,0.0,0.800000000000001,0,0,1,0.0
2024-01-04 18:15:00,1.0,20.0,0.5253620179656127,20.45695059311237,16.994487731047627,6.0,60.451488963213755,60.0,0.0,0.0,0.800000000000001,0,0,1,0.0
2024-01-04 18:30:00,1.0,20.0,0.5253620179656127,20.41763586180159,16.997783169989685,6.0,59.922374696610795,60.0,1.7971893333333335,0.0,0.800000000000001,0,0,1,0.0
2024-01-04 18:45:00,3.0,19.566666666666666,0.5253620179656127,20.37866317100175,17.000757270137644,6.0,60.97007304348134,60.0,0.5134826666666666,0.0,0.800000000000001,0,0,1,0.0
2024-01-04 19:00:00,1.0,19.833333333333332,0.5253620179656127,20.34002747186523,17.003415581337475,6.0,60.700313807934286,60.0,0.0,0.0,0.800000000000001,0,0,1,0.0
2024-01-04 19:15:00,1.0,20.0,0.5253620179656127,20.301723795783516,17.005763563923725,6.0,60.52367380793429,60.0,0.2567413333333333,0.0,0.800000000000001,0,0,1,0.0
2024-01-04 19:30:00,1.0,20.0,0.5253620179656127,20.26374725310275,17.00780659015442,6.0,60.47951380793429,60.0,0.0,0.0,0.800000000000001,0,0,1,0.0
2024-01-04 19:45:00,1.0,20.0,0.5253620179656127,20.226093031859786,17.009549945622943,6.0,60.47951380793429,60.0,0.0,0.0,0.800000000000001,0,0,1,0.0
2024-01-04 20:00:00,1.0,20.0,0.5253620179656127,20.188279523945468,17.010052448605826,5.0,60.36175380793429,60.0,0.2567413333333333,0.0,0.800000000000001,0,0,1,0.0
2024-01-04 20:15:00,1.0,20.0,0.5253620179656127,20.150230017857464,17.009191462620112,5.0,60.25871380793429,60.0,0.0,0.0,0.800000000000001,0,0,1,0.0
2024-01-04 20:30:00,1.0,20.0,0.5253620179656127,20.112482854508155,17.00805759551009,5.0,60.25871380793429,60.0,0.0,0.0,0.800000000000001,0,0,1,0.0
2024-01-04 20:45:00,1.0,20.0,0.5253620179656127,20.075033650095808,17.006655647951344,5.0,60.25871380793429,60.0,0.0,0.0,0.800000000000001,0,0,1,0.0
2024-01-04 21:00:00,2.0,13.4,0.5253620179656127,20.03740121776701,17.00404396102779,4.0,59.9201538079343,60.0,0.770224,0.0,0.800000000000001,0,0,1,0.0
2024-01-04 21:15:00,2.0,11.0,0.5253620179656127,19.999509260480224,17.000099428665383,4.0,59.5963138079343,60.0,0.0,0.0,0.800000000000001,0,0,1,0.0
2024-01-04 21:30:00,2.0,11.0,0.5253620179656127,19.961896526922583,16.995912196597065,4.0,59.5963138079343,60.0,0.0,0.0,0.800000000000001,0,0,1,0.0
2024-01-04 21:45:00,2.0,11.0,0.5253620179656127,19.924559034488258,16.99148661074715,4.0,59.5963138079343,60.0,0.0,0.0,0.800000000000001,0,0,1,0.0
2024-01-04 22:00:00,2.0,11.0,0.5253620179656127,19.886539118453264,16.984934182648875,2.0,59.5963138079343,60.0,0.0,0.0,0.800000000000001,0,0,1,0.0
2024-01-04 22:15:00,2.0,11.0,0.5253620179656127,19.847688818919387,16.976003612952624,2.0,59.2871938079343,60.0,0.5134826666666666,0.0,0.800000000000001,0,0,1,0.0
2024-01-04 22:30:00,2.0,11.0,0.5253620179656127,19.809090193845087,16.966870188018262,2.0,59.15471380793431,60.0,0.0,0.0,0.800000000000001,0,0,1,0.0
2024-01-04 22:45:00,2.0,11.0,0.5253620179656127,19.77073976618041,16.957537675367817,2.0,59.120474572387245,60.0,0.5134826666666666,0.0,0.800000000000001,0,0,1,0.0
2024-01-04 23:00:00,2.0,11.0,0.5253620179656127,19.73263411374815,16.948009781391818,2.0,60.490466889635236,60.0,0.0,0.0,0.800000000000001,0,0,1,0.0
2024-01-04 23:15:00,2.0,11.0,0.5253620179656127,19.694769868366095,16.938290152329802,2.0,59.94077079790089,60.0,3.0808960000000005,0.0,0.800000000000001,0,0,1,0.0
2024-01-04 23:30:00,2.0,11.0,0.5253620179656127,19.657143714983192,16.928382375235127,2.0,60.730498996658675,60.0,0.0,0.0,0.800000000000001,0,0,1,0.0
2024-01-04 23:45:00,2.0,11.0,0.5253620179656127,19.619752390829657,16.918289978924268,2.0,60.46772961299886,60.0,3.0808960000000005,0.0,0.800000000000001,0,0,1,0.0
2024-01-05 00:00:00,2.0,11.0,0.5253620179656127,19.58259268458063,16.90801643491096,2.0,60.11052154802038,60.0,0.0,0.0,0.800000000000001,0,0,1,0.0
2024-01-05 00:15:00,2.0,11.0,0.5253620179656127,19.545661435533233,16.89756515832537,2.0,61.15399980888996,60.0,0.0,0.0,0.0,0,1,0,0.0
2024-01-05 00:30:00,2.0,11.0,0.5253620179656127,19.508955532796872,16.8869395088185,2.0,60.977359808889965,60.0,0.2567413333333333,0.0,0.0,0,0,0,0.0
2024-01-05 00:45:00,2.0,11.0,0.5253620179656127,19.472471914496438,16.87614279145215,2.0,60.84487980888996,60.0,1.5404480000000003,0.0,0.0,0,0,0,0.0
2024-01-05 01:00:00,2.0,11.0,0.5253620179656127,19.43620756698829,16.865178257574573,2.0,59.44184172002231,60.0,0.770224,0.0,0.0,0,0,0,0.0
2024-01-05 01:15:00,2.0,11.0,0.5253620179656127,19.400159524088828,16.854049105682158,2.0,60.769220066892856,60.0,0.0,0.0,0.0,0,0,0,0.0
2024-01-05 01:30:00,2.0,11.0,0.5253620179656127,19.364324866315357,16.842758482267215,2.0,61.01002274247814,60.0,0.0,0.0,0.0,0,0,0,0.0
2024-01-05 01:45:00,2.0,11.0,0.5253620179656127,19.328700720139185,16.83130948265232,2.0,59.27915115146047,60.0,3.594378666666667,0.0,0.0,0,0,0,0.0
2024-01-05 02:00:00,2.0,11.0,0.5253620179656127,19.29280738465757,16.81875876976958,1.0,60.6562944672751,60.0,0.2567413333333333,0.0,0.0,0,0,0,0.0
2024-01-05 02:15:00,2.0,11.0,0.5253620179656127,19.256570024847086,16.80498158615881,1.0,60.794057142860396,60.0,0.0,0.0,0.0,0,0,0,0.0
2024-01-05 02:30:00,2.0,11.0,0.5253620179656127,19.22052882786404,16.791066452503884,1.0,60.794057142860396,60.0,0.0,0.0,0.0,0,0,0,0.0
2024-01-05 02:45:00,2.0,11.0,0.5253620179656127,19.184681226400276,16.777016115595327,1.0,60.794057142860396,60.0,0.0,0.0,0.0,0,0,0,0.0
2024-01-05 03:00:00,2.0,11.0,0.5253620179656127,19.149024693415544,16.762833277416,1.0,60.794057142860396,60.0,0.0,0.0,0.0,0,0,0,0.0
2024-01-05 03:15:00,2.0,11.0,0.5253620179656127,19.113556741493742,16.748520595860143,1.0,60.794057142860396,60.0,0.0,0.0,0.0,0,0,0,0.0
2024-01-05 03:30:00,2.0,11.0,0.5253620179656127,19.078274922209346,16.734080685440876,1.0,60.6174171428604,60.0,1.5404480000000003,0.0,0.0,0,0,0,0.0
2024-01-05 03:45:00,2.0,12.8,0.5253620179656127,19.27586962044495,16.720096647485125,1.0,59.35149714286039,60.0,0.2567413333333333,0.0,0.0,0,0,0,0.0
2024-01-05 04:00:00,2.0,12.8,0.5253620179656127,19.47110754780708,16.706920041368367,0.0,59.00317752508686,60.0,2.053930666666667,0.0,0.0,0,0,0,0.0
2024-01-05 04:15:00,2.0,12.8,0.5253620179656127,19.600342924427935,16.694361889345053,0.0,59.202076254183865,60.0,0.0,0.0,0.0,0,0,0,0.0
2024-01-05 04:30:00,2.0,11.0,0.5253620179656127,19.559708477216258,16.682000503714246,0.0,61.025296512186756,60.0,0.0,0.0,0.0,0,0,0,0.0
2024-01-05 04:45:00,2.0,11.0,0.5253620179656127,19.519315865629288,16.669455373461762,0.0,60.740817276639696,60.0,1.7971893333333335,0.0,0.0,0,0,0,0.0
2024-01-05 05:00:00,2.0,12.8,0.5253620179656127,19.690757754356603,16.65720581195561,0.0,56.336767510753404,60.0,10.269653333333334,0.0,0.0,0,0,0,0.0
2024-01-05 05:15:00,2.0,11.0,0.5253620179656127,19.75450113822124,16.646485911226115,0.0,53.046285943624895,60.0,0.5134826666666666,0.0,0.0,0,0,0,0.0
2024-01-05 05:30:00,3.0,19.9,0.5253620179656127,19.712277912656287,16.63571347587941,0.0,55.08167461061011,60.0,1.5404480000000003,0.0,0.0,0,0,0,0.0
2024-01-05 05:45:00,3.0,19.5,0.5253620179656127,19.670320656966037,16.624730610338737,0.0,54.658823277595324,60.0,3.0808960000000005,0.0,0.0,0,0,0,0.0
2024-01-05 06:00:00,3.0,19.5,0.5253620179656127,19.628625724561186,16.613541258977968,0.0,56.45869194458054,60.0,0.2567413333333333,0.0,0.0,0,0,0,0.0
2024-01-05 06:15:00,3.0,19.5,0.5253620179656127,19.587189526352276,16.602149302123212,0.0,58.78848061156576,60.0,0.2567413333333333,0.0,0.0,0,0,0,0.0
2024-01-05 06:30:00,3.0,19.5,0.5253620179656127,19.546008529829887,16.59055855708015,0.0,58.954429278550975,60.0,3.0808960000000005,0.0,0.0,0,0,0,0.0
2024-01-05 06:45:00,3.0,19.5,0.5253620179656127,19.505079258159608,16.57877277914495,0.0,59.23813794553619,60.0,3.0808960000000005,0.0,0.0,0,0,0,0.0
2024-01-05 07:00:00,3.0,19.5,0.5253620179656127,19.46440522291016,16.566795677495485,0.0,59.9634466125214,60.0,4.6213440000000015,0.0,0.0,0,0,0,0.0
2024-01-05 07:15:00,3.0,19.5,0.5253620179656127,19.423983968883324,16.554630959130574,0.0,59.80555527950662,60.0,0.0,0.0,0.0,0,0,0,0.0
2024-01-05 07:30:00,3.0,19.5,0.5253620179656127,19.383804215334393,16.542282219754153,0.0,60.55324865743306,60.0,1.7971893333333335,0.0,0.6991666666666672,1,0,1,0.6563888888888889
2024-01-05 07:45:00,3.0,19.5,0.5253620179656127,19.34386270109653,16.529752974515567,0.0,59.46396865743306,60.0,0.0,0.0,0.745000000000001,0,0,1,0.0
2024-01-05 08:00:00,3.0,19.5,0.5253620179656127,19.30482769393074,16.51799348154375,1.0,59.46396865743306,60.0,0.0,0.0,0.7908333333333348,0,0,1,0.0
2024-01-05 08:15:00,1.0,19.6,0.5253620179656127,19.288001639559546,16.507140447132333,1.0,59.46396865743306,60.0,0.0,0.0,0.8000000000000016,0,0,1,0.0
2024-01-05 08:30:00,3.0,19.7,0.5253620179656127,20.03223730543918,16.49865520528467,1.0,59.46396865743306,60.0,0.0,0.0,0.8000000000000016,0,0,1,0.0
2024-01-05 08:45:00,3.0,19.5,0.5253620179656127,20.135661304131236,16.494255215039225,1.0,59.46396865743306,60.0,0.0,0.0,0.8000000000000016,0,0,1,0.0
2024-01-05 09:00:00,3.0,19.5,0.5253620179656127,20.090821764432437,16.48975771360077,1.0,59.46396865743306,60.0,0.0,0.0,0.8000000000000016,0,0,1,0.0
2024-01-05 09:15:00,3.0,19.5,0.5253620179656127,20.046425084111434,16.484971925518916,1.0,59.46396865743306,60.0,0.0,0.0,0.8000000000000016,0,0,1,0.0
2024-01-05 09:30:00,3.0,19.5,0.5253620179656127,20.00235439795873,16.47990331912688,1.0,59.46396865743306,60.0,0.0,0.0,0.0,0,1,0,0.0
2024-01-05 09:45:00,3.0,19.5,0.5253620179656127,19.9586050600579,16.474556963273262,1.0,57.74781706641538,60.0,4.6213440000000015,0.0,0.0,0,0,0,0.0
2024-01-05 10:00:00,3.0,19.5,0.5253620179656127,19.91573117798635,16.469884402598257,2.0,58.639844968947656,60.0,0.2567413333333333,0.0,0.0,0,0,0,0.0
2024-01-05 10:15:00,3.0,19.5,0.5253620179656127,19.873811074493098,16.466019154533406,2.0,60.79576340181916,60.0,0.2567413333333333,0.0,0.0,0,0,0,0.0
2024-01-05 10:30:00,3.0,19.5,0.5253620179656127,19.83220340976402,16.461880714072137,2.0,60.039181576687774,60.0,3.0808960000000005,0.0,0.0,0,0,0,0.0
2024-01-05 10:45:00,3.0,19.5,0.5253620179656127,19.79090371595094,16.457473959375253,2.0,60.01605656952105,60.0,2.5674133333333335,0.0,0.0,0,0,0,0.0
2024-01-05 11:00:00,3.0,19.5,0.5253620179656127,19.75014425586608,16.45280419815699,2.0,53.26360523650626,60.0,32.349408000000004,0.0,0.0,0,0,0,0.0
2024-01-05 11:15:00,3.0,19.5,0.5253620179656127,19.7099518628763,16.44787863528581,2.0,29.877553903491457,60.0,7.188757333333333,0.0,0.0,0,0,0,0.0
2024-01-05 11:30:00,1.0,19.966666666666665,0.5253620179656127,19.670050392687802,16.44270261679198,2.0,31.73630257047663,60.0,0.5134826666666666,0.0,0.7969444444444449,1,0,1,0.7633333333333334
2024-01-05 11:45:00,1.0,20.0,0.5253620179656127,19.630435712920416,16.437280647981435,2.0,33.16817123746183,60.0,2.053930666666667,0.0,0.8000000000000005,0,0,1,0.0
2024-01-05 12:00:00,1.0,20.0,0.5253620179656127,19.59154829487301,16.4325634738189,3.0,34.629479904447045,60.0,0.5134826666666666,0.0,0.8000000000000005,0,0,1,0.0
2024-01-05 12:15:00,1.0,20.0,0.5253620179656127,19.55345192971761,16.428682868564458,3.0,36.841508571432264,60.0,1.5404480000000003,0.0,0.8000000000000005,0,0,1,0.0
2024-01-05 12:30:00,1.0,19.966666666666665,0.5253620179656127,19.515636898105345,16.4245574525256,3.0,38.18505723841748,60.0,0.2567413333333333,0.0,0.8000000000000005,0,0,1,0.0
2024-01-05 12:45:00,1.0,19.9,0.5253620179656127,20.12666121812105,16.42195328923337,3.0,40.33820590540269,60.0,0.5134826666666666,0.0,0.8000000000000005,0,0,1,0.0
2024-01-05 13:00:00,1.0,19.9,0.5253620179656127,20.28072545639411,16.42329540465239,3.0,42.68271457238791,60.0,0.0,0.0,0.8000000000000005,0,0,1,0.0
2024-01-05 13:15:00,1.0,20.0,0.5253620179656127,20.236725495823055,16.424590499651238,3.0,45.26274323937313,60.0,0.0,0.0,0.8000000000000005,0,0,1,0.0
2024-01-05 13:30:00,3.0,19.833333333333332,0.5253620179656127,20.193091386567122,16.425548481331212,3.0,47.40117190635835,60.0,3.0808960000000005,0.0,0.8000000000000005,0,0,1,0.0
2024-01-05 13:45:00,3.0,19.5,0.5253620179656127,20.1498177750241,16.426175223821,3.0,47.714320573343564,60.0,0.2567413333333333,0.0,0.8000000000000005,0,0,1,0.0
2024-01-05 14:00:00,1.0,20.0,0.5253620179656127,20.107594162713852,16.427423356620505,4.0,49.514189240328776,60.0,1.5404480000000003,0.0,0.8000000000000005,0,0,1,0.0
2024-01-05 14:15:00,3.0,19.9,0.5253620179656127,20.066516106275955,16.429428605015172,4.0,51.387657907314,60.0,0.0,0.0,0.8000000000000005,0,0,1,0.0
2024-01-05 14:30:00,3.0,19.5,0.5253620179656127,20.02578524553996,16.43111163446617,4.0,53.96768657429922,60.0,0.0,0.0,0.8000000000000005,0,0,1,0.0
2024-01-05 14:45:00,3.0,19.5,0.5253620179656127,19.985396483634208,16.432478041171645,4.0,56.29747524128444,60.0,0.5134826666666666,0.0,0.8000000000000005,0,0,1,0.0
2024-01-05 15:00:00,3.0,19.5,0.5253620179656127,19.944735392489168,16.43353202173206,4.0,58.59782390826965,60.0,0.2567413333333333,0.0,0.8000000000000005,0,0,1,0.0
2024-01-05 15:15:00,1.0,19.9,0.5253620179656127,19.903716795075372,16.43427259870343,4.0,60.740890664122524,60.0,0.2567413333333333,0.0,0.8000000000000005,0,0,1,0.0
2024-01-05 15:30:00,1.0,20.0,0.5253620179656127,19.863035953246836,16.43470329711313,4.0,61.15385639751957,60.0,0.5134826666666666,0.0,0.0,0,1,0,0.0
2024-01-05 15:45:00,1.0,20.0,0.5253620179656127,19.822687934067865,16.434829527316854,4.0,60.72697639751957,60.0,0.0,0.0,0.0,0,0,0,0.0
2024-01-05 16:00:00,1.0,20.0,0.5253620179656127,19.782376962729796,16.434230576422475,3.55,60.72697639751957,60.0,0.0,0.0,0.8000000000000002,1,0,1,0.7908333333333334
2024-01-05 16:15:00,1.0,20.0,0.5253620179656127,19.742055788643277,16.432853391803622,3.55,60.72697639751957,60.0,0.0,0.0,0.8000000000000002,0,0,1,0.0
2024-01-05 16:30:00,1.0,20.0,0.5253620179656127,19.702051715738904,16.431191408244885,3.55,60.609216397519575,60.0,0.2567413333333333,0.0,0.8000000000000002,0,0,1,0.0
2024-01-05 16:45:00,1.0,20.0,0.5253620179656127,19.66236015616012,16.429249647561868,3.55,60.506176397519575,60.0,0.0,0.0,0.8000000000000002,0,0,1,0.0
2024-01-05 17:00:00,1.0,20.0,0.5253620179656127,19.622903474507016,16.42688793883453,3.396667,60.31481639751958,60.0,0.770224,0.0,0.8000000000000002,0,0,1,0.0
2024-01-05 17:15:00,1.0,20.0,0.5253620179656127,19.583666179454266,16.4240915541689,3.396667,58.29653465838916,60.0,3.3376373333333333,0.0,0.8000000000000002,0,0,1,0.0
2024-01-05 17:30:00,3.0,19.933333333333334,0.5253620179656127,19.544727146610352,16.421031730165954,3.396667,60.05549653129889,60.0,1.5404480000000003,0.0,0.8000000000000002,0,0,1,0.0
2024-01-05 17:45:00,1.0,19.566666666666666,0.5253620179656127,19.51315268469312,16.417713148515148,3.396667,61.03967678930178,60.0,2.053930666666667,0.0,0.8000000000000002,0,0,1,0.0
2024-01-05 18:00:00,1.0,20.0,0.5253620179656127,20.271333419494887,16.41645760825739,3.463333,59.031315814624286,60.0,2.053930666666667,0.0,0.8000000000000002,0,0,1,0.0
2024-01-05 18:15:00,1.0,20.0,0.5253620179656127,20.47976817808648,16.42014745970362,3.463333,60.74547310081638,60.0,0.5134826666666666,0.0,0.8000000000000002,0,0,1,0.0
2024-01-05 18:30:00,1.0,20.0,0.5253620179656127,20.433605316210837,16.423877239024616,3.463333,60.39747577640167,60.0,0.5134826666666666,0.0,0.8000000000000002,0,0,1,0.0
2024-01-05 18:45:00,1.0,20.0,0.5253620179656127,20.38784308456235,16.427231020888215,3.463333,60.014755776401685,60.0,0.2567413333333333,0.0,0.8000000000000002,0,0,1,0.0
2024-01-05 19:00:00,1.0,20.0,0.5253620179656127,20.34243185917639,16.430128551120514,3.371667,59.95587577640169,60.0,0.0,0.0,0.8000000000000002,0,0,1,0.0
2024-01-05 19:15:00,1.0,20.0,0.5253620179656127,20.297359218381175,16.432564511217137,3.371667,59.95587577640169,60.0,0.0,0.0,0.8000000000000002,0,0,1,0.0
2024-01-05 19:30:00,1.0,19.733333333333334,0.5253620179656127,20.252669205546646,16.434644700386244,3.371667,59.47011577640169,60.0,3.594378666666667,0.0,0.8000000000000002,0,0,1,0.0
2024-01-05 19:45:00,1.0,20.0,0.5253620179656127,20.20835619891521,16.436375292225684,3.371667,58.049331065460464,60.0,0.770224,0.0,0.8000000000000002,0,0,1,0.0
2024-01-05 20:00:00,1.0,20.0,0.5253620179656127,20.164460763396896,16.43785384368768,3.468333,60.055279732445676,60.0,0.5134826666666666,0.0,0.8000000000000002,0,0,1,0.0
2024-01-05 20:15:00,1.0,20.0,0.5253620179656127,20.120984419309966,16.439098680103985,3.468333,61.09273502150445,60.0,0.0,0.0,0.8000000000000002,0,0,1,0.0
2024-01-05 20:30:00,1.0,20.0,0.5253620179656127,20.07786932593657,16.44001074290526,3.468333,60.842495021504455,60.0,0.5134826666666666,0.0,0.8000000000000002,0,0,1,0.0
2024-01-05 20:45:00,2.0,16.4,0.5253620179656127,20.03511019770813,16.440595831407062,3.468333,59.43465769708975,60.0,3.594378666666667,0.0,0.8000000000000002,0,0,1,0.0
2024-01-05 21:00:00,1.0,18.2,0.5253620179656127,19.99259612654095,16.440649870596122,3.246667,59.62940177735732,60.0,0.5134826666666666,0.0,0.8000000000000002,0,0,1,0.0
2024-01-05 21:15:00,1.0,16.4,0.5253620179656127,19.95030602206992,16.440150155601565,3.246667,60.94515218347296,60.0,0.2567413333333333,0.0,0.8000000000000002,0,0,1,0.0
2024-01-05 21:30:00,1.0,20.0,0.5253620179656127,19.908355194990865,16.439342844241075,3.246667,60.72109897754846,60.0,0.2567413333333333,0.0,0.8000000000000002,0,0,1,0.0
2024-01-05 21:45:00,1.0,20.0,0.5253620179656127,19.86673871619742,16.43823333663162,3.246667,60.20264577162395,60.0,3.337637333333334,0.0,0.8000000000000002,0,0,1,0.0
2024-01-05 22:00:00,2.0,11.0,0.5253620179656127,19.825402457638596,16.436729152230118,3.143333,58.07391617773958,60.0,1.5404480000000003,0.0,0.8000000000000002,0,0,1,0.0
2024-01-05 22:15:00,2.0,11.0,0.5253620179656127,19.784334200032333,16.434822316898153,3.143333,59.6235448447248,60.0,4.107861333333333,0.0,0.8000000000000002,0,0,1,0.0
2024-01-05 22:30:00,2.0,11.0,0.5253620179656127,19.743585347998483,16.43263014997429,3.143333,59.612853511710014,60.0,0.0,0.0,0.8000000000000002,0,0,1,0.0
2024-01-05 22:45:00,2.0,11.0,0.5253620179656127,19.70315129122741,16.430157695303897,3.143333,61.14940391782566,60.0,0.0,0.0,0.8000000000000002,0,0,1,0.0
2024-01-05 23:00:00,2.0,11.0,0.5253620179656127,19.663007623136025,16.427370483266994,3.101667,58.91992064978934,60.0,6.675274666666668,0.0,0.8000000000000002,0,0,1,0.0
2024-01-05 23:15:00,2.0,11.0,0.5253620179656127,19.623146876359055,16.42426807304141,3.101667,57.71194893454808,60.0,1.5404480000000003,0.0,0.8000000000000002,0,0,1,0.0
2024-01-05 23:30:00,2.0,11.0,0.5253620179656127,19.583587277999946,16.42090049936483,3.101667,59.909257601533305,60.0,0.2567413333333333,0.0,0.8000000000000002,0,0,1,0.0
2024-01-05 23:45:00,2.0,11.0,0.5253620179656127,19.54432450860556,16.41727248146536,3.101667,61.09855097945974,60.0,0.0,0.0,0.8000000000000002,0,0,1,0.0
2024-01-06 00:00:00,2.0,11.0,0.5253620179656127,19.50532729422639,16.413335033631487,3.045,61.02495097945974,60.0,0.5134826666666666,0.0,0.8000000000000002,0,0,1,0.0
2024-01-06 00:15:00,2.0,11.0,0.5253620179656127,19.466587368273782,16.40908548432474,3.045,59.68543097945974,60.0,1.5404480000000003,0.0,0.8000000000000002,0,0,1,0.0
2024-01-06 00:30:00,2.0,11.0,0.5253620179656127,19.42813137940954,16.404589843720522,3.045,59.33215097945974,60.0,0.0,0.0,0.8000000000000002,0,0,1,0.0
2024-01-06 00:45:00,2.0,11.0,0.5253620179656127,19.389955282795984,16.39985252446664,3.045,59.33215097945974,60.0,0.0,0.0,0.8000000000000002,0,0,1,0.0
2024-01-06 01:00:00,2.0,11.0,0.5253620179656127,19.351489208671126,16.393754827477398,1.8583329999999998,57.91626121357345,60.0,4.107861333333334,0.0,0.8000000000000002,0,0,1,0.0
2024-01-06 01:15:00,2.0,11.0,0.5253620179656127,19.31264373846991,16.386149423612665,1.8583329999999998,58.305779646444954,60.0,0.2567413333333333,0.0,0.8000000000000002,0,0,1,0.0
2024-01-06 01:30:00,2.0,11.0,0.5253620179656127,19.274059290206697,16.37832872958922,1.8583329999999998,60.542287931203695,60.0,0.770224,0.0,0.8000000000000002,0,0,1,0.0
2024-01-06 01:45:00,2.0,11.0,0.5253620179656127,19.23573222297686,16.3702966989771,1.8583329999999998,60.730137869091905,60.0,0.2567413333333333,0.0,0.8000000000000002,0,0,1,0.0
2024-01-06 02:00:00,2.0,11.0,0.5253620179656127,19.1976422628539,16.36202409788256,1.823333,60.553497869091906,60.0,3.594378666666667,0.0,0.8000000000000002,0,0,1,0.0
2024-01-06 02:15:00,2.0,11.0,0.5253620179656127,19.1597833612584,16.35351028136765,1.823333,58.66167315815069,60.0,0.770224,0.0,0.8000000000000002,0,0,1,0.0
2024-01-06 02:30:00,2.0,11.0,0.5253620179656127,19.122171049547873,16.344797008882594,1.823333,60.2996218251359,60.0,1.5404480000000003,0.0,0.8000000000000002,0,0,1,0.0
2024-01-06 02:45:00,2.0,11.0,0.5253620179656127,19.084801915967777,16.33588797841234,1.823333,61.129612231251535,60.0,0.0,0.0,0.8000000000000002,0,0,1,0.0
2024-01-06 03:00:00,2.0,11.0,0.5253620179656127,19.04778864193005,16.327017114874643,2.066667,60.92027902532703,60.0,0.5134826666666666,0.0,0.8000000000000002,0,0,1,0.0
2024-01-06 03:15:00,2.0,11.0,0.5253620179656127,19.01114545502953,16.318219083849268,2.066667,60.69947902532704,60.0,0.0,0.0,0.8000000000000002,0,0,1,0.0
2024-01-06 03:30:00,2.0,11.0,0.5253620179656127,18.974736989849895,16.30923324914462,2.066667,60.69947902532704,60.0,0.0,0.0,0.8000000000000002,0,0,1,0.0
2024-01-06 03:45:00,1.0,12.2,0.5253620179656127,18.945630605943006,16.300063111448168,2.066667,60.69947902532704,60.0,0.0,0.0,0.8000000000000002,0,0,1,0.0
2024-01-06 04:00:00,2.0,12.8,0.5253620179656127,19.388679794065343,16.292239952151927,1.9833329999999998,60.596439025327044,60.0,0.2567413333333333,0.0,0.8000000000000002,0,0,1,0.0
2024-01-06 04:15:00,2.0,14.6,0.5253620179656127,19.624069973634143,16.28668726683979,1.9833329999999998,59.13980361204467,60.0,3.337637333333334,0.0,0.8000000000000002,0,0,1,0.0
2024-01-06 04:30:00,2.0,11.0,0.5253620179656127,19.983313406526758,16.2842646822811,1.9833329999999998,60.00702960344459,60.0,0.770224,0.0,0.8000000000000002,0,0,1,0.0
2024-01-06 04:45:00,2.0,11.0,0.5253620179656127,19.938698479896907,16.282608703063364,1.9833329999999998,61.07392489250337,60.0,0.0,0.0,0.8000000000000002,0,0,1,0.0
2024-01-06 05:00:00,2.0,11.0,0.5253620179656127,19.894473225872737,16.280717706329277,2.066667,61.07392489250337,60.0,0.0,0.0,0.8000000000000002,0,0,1,0.0
2024-01-06 05:15:00,2.0,11.0,0.5253620179656127,19.8506385887537,16.278607876206813,2.066667,60.882564892503375,60.0,0.5134826666666666,0.0,0.8000000000000002,0,0,1,0.0
2024-01-06 05:30:00,2.0,11.0,0.5253620179656127,19.807144344475123,16.276194195958723,2.066667,60.63232489250338,60.0,0.0,0.0,0.8000000000000002,0,0,1,0.0
2024-01-06 05:45:00,2.0,14.6,0.5253620179656127,19.763985581424457,16.273482038684897,2.066667,60.63232489250338,60.0,0.0,0.0,0.8000000000000002,0,0,1,0.0
2024-01-06 06:00:00,1.0,16.4,0.5253620179656127,19.720883264122833,16.269932520976603,1.491667,59.749124892503374,60.0,1.5404480000000003,0.0,0.8000000000000002,0,0,1,0.0
2024-01-06 06:15:00,2.0,16.4,0.5253620179656127,19.677791206015204,16.26547738574326,1.491667,59.30752489250337,60.0,0.0,0.0,0.8000000000000002,0,0,1,0.0
2024-01-06 06:30:00,2.0,11.0,0.5253620179656127,19.635016908525913,16.260745954783737,1.491667,59.30752489250337,60.0,0.0,0.0,0.8000000000000002,0,0,1,0.0
2024-01-06 06:45:00,2.0,11.0,0.5253620179656127,19.592555838684135,16.25574317476318,1.491667,59.24587512661709,60.0,1.0269653333333333,0.0,0.8000000000000002,0,0,1,0.0
2024-01-06 07:00:00,2.0,11.0,0.5253620179656127,19.550375974624483,16.250363561084598,1.375,59.60595355948859,60.0,2.053930666666667,0.0,0.8000000000000002,0,0,1,0.0
2024-01-06 07:15:00,1.0,18.2,0.5253620179656127,19.55087638618096,16.244611326327956,1.375,61.046453817491475,60.0,0.2567413333333333,0.0,0.8000000000000002,0,0,1,0.0
2024-01-06 07:30:00,3.0,19.6,0.5253620179656127,20.163994415713905,16.241176630861112,1.375,60.90917458194441,60.0,0.0,0.0,0.8000000000000002,0,0,1,0.0
2024-01-06 07:45:00,3.0,19.5,0.5253620179656127,20.15916502162061,16.24030693385316,1.375,55.65184825609636,60.0,10.269653333333334,0.0,0.8000000000000002,0,0,1,0.0
2024-01-06 08:00:00,1.0,19.6,0.5253620179656127,20.11234386282992,16.238860213464005,1.088333,55.17320898232667,60.0,0.0,0.0,0.8000000000000002,0,0,1,0.0
2024-01-06 08:15:00,1.0,20.0,0.5253620179656127,20.06599712005218,16.236773097042427,1.088333,57.50299764931189,60.0,0.5134826666666666,0.0,0.8000000000000002,0,0,1,0.0
2024-01-06 08:30:00,1.0,19.9,0.5253620179656127,20.02001129493262,16.234363365644477,1.088333,59.788626316297105,60.0,0.770224,0.0,0.8000000000000002,0,0,1,0.0
2024-01-06 08:45:00,1.0,20.0,0.5253620179656127,19.974381176559785,16.23163672052747,1.088333,60.97254130913037,60.0,0.2567413333333333,0.0,0.8000000000000002,0,0,1,0.0
2024-01-06 09:00:00,1.0,20.0,0.5253620179656127,19.92935146526175,16.228761594247747,1.26,61.072489249885265,60.0,0.0,0.0,0.8000000000000002,0,0,1,0.0
2024-01-06 09:15:00,1.0,20.0,0.5253620179656127,19.884951598720814,16.225767198668567,1.26,61.072489249885265,60.0,0.0,0.0,0.0,0,1,0,0.0
2024-01-06 09:30:00,1.0,20.0,0.5253620179656127,19.84089044125453,16.22247310320127,1.26,60.895849249885266,60.0,1.5404480000000003,0.0,0.0,0,0,0,0.0
2024-01-06 09:45:00,1.0,20.0,0.5253620179656127,19.797163124297107,16.21888462945551,1.26,58.93889498328231,60.0,2.5674133333333335,0.0,0.0,0,0,0,0.0
2024-01-06 10:00:00,1.0,20.0,0.5253620179656127,19.754213192534547,16.21499852266416,1.25,60.34921494505968,60.0,0.5134826666666666,0.0,0.0,0,0,0,0.0
2024-01-06 10:15:00,1.0,19.8,0.5253620179656127,19.71209486989848,16.2108234105948,1.25,61.054133205929254,60.0,0.0,0.0,0.0,0,0,0,0.0
2024-01-06 10:30:00,1.0,20.0,0.5253620179656127,19.67028839797581,16.20637655834476,1.25,60.26917397038219,60.0,3.3376373333333333,0.0,0.0,0,0,0,0.0
2024-01-06 10:45:00,1.0,20.0,0.5253620179656127,19.628789323971848,16.201662826066073,1.25,60.01687422838508,60.0,0.2567413333333333,0.0,0.0,0,0,0,0.0
2024-01-06 11:00:00,1.0,20.0,0.5253620179656127,19.588320543916616,16.197507867966937,2.116667,60.95592760631151,60.0,0.2567413333333333,0.0,0.0,0,0,0,0.0
2024-01-06 11:15:00,1.0,20.0,0.5253620179656127,19.548981531941095,16.194030402080166,2.116667,59.69000760631151,60.0,1.5404480000000003,0.0,0.0,0,0,0,0.0
2024-01-06 11:30:00,1.0,20.0,0.5253620179656127,19.552344952202855,16.190309189726687,2.116667,59.51336760631151,60.0,0.0,0.0,0.0,0,0,0,0.0
2024-01-06 11:45:00,1.0,20.0,0.5253620179656127,20.37991309505897,16.189383344310826,2.116667,59.51336760631151,60.0,0.0,0.0,0.0,0,0,0,0.0
2024-01-06 12:00:00,1.0,20.0,0.5253620179656127,20.48149825530066,16.19294180474819,2.3399999999999994,59.12787784042522,60.0,1.5404480000000003,0.0,0.0,0,0,0,0.0
2024-01-06 12:15:00,1.0,20.0,0.5253620179656127,20.434688189071146,16.19655411121465,2.3399999999999994,60.22720947922123,60.0,0.770224,0.0,0.0,0,0,0,0.0
2024-01-06 12:30:00,1.0,20.0,0.5253620179656127,20.38828316741086,16.19978674631344,2.3399999999999994,60.99100774009081,60.0,0.2567413333333333,0.0,0.0,0,0,0,0.0
2024-01-06 12:45:00,1.0,20.0,0.5253620179656127,20.34227721755061,16.20264627409903,2.3399999999999994,60.91740774009081,60.0,0.0,0.0,0.0,0,0,0,0.0
2024-01-06 13:00:00,1.0,20.0,0.5253620179656127,20.297134287098856,16.20628404472375,3.55,59.283487740090806,60.0,2.0539306666666666,0.0,0.0,0,0,0,0.0
2024-01-06 13:15:00,3.0,19.9,0.5253620179656127,20.252921659891705,16.210859868447198,3.55,59.56925614907314,60.0,0.5134826666666666,0.0,0.0,0,0,0,0.0
2024-01-06 13:30:00,3.0,19.5,0.5253620179656127,20.2090998465255,16.21506613480473,3.55,60.64143411371721,60.0,1.5404480000000003,0.0,0.0,0,0,0,0.0
2024-01-06 13:45:00,3.0,19.5,0.5253620179656127,20.165663061230955,16.218909207582744,3.55,58.47904443383188,60.0,3.0808960000000005,0.0,0.0,0,0,0,0.0
2024-01-06 14:00:00,1.0,19.8,0.5253620179656127,20.123676630554943,16.22223378734323,3.376667,60.38675233636416,60.0,0.5134826666666666,0.0,0.0,0,0,0,0.0
2024-01-06 14:15:00,1.0,20.0,0.5253620179656127,20.083274366164677,16.225035995898743,3.376667,59.66276800764941,60.0,3.0808960000000005,0.0,0.0,0,0,0,0.0
2024-01-06 14:30:00,1.0,20.0,0.5253620179656127,20.043219464446445,16.227513476159867,3.376667,59.97852529384149,60.0,3.594378666666667,0.0,0.0,0,0,0,0.0
2024-01-06 14:45:00,1.0,20.0,0.5253620179656127,20.00350680940044,16.229671849172213,3.376667,59.105215785958094,60.0,3.0808960000000005,0.0,0.0,0,0,0,0.0
2024-01-06 15:00:00,1.0,20.0,0.5253620179656127,19.962671449359508,16.23101877101348,2.853333,59.491964452943314,60.0,2.310672,0.0,0.0,0,0,0,0.0
2024-01-06 15:15:00,3.0,19.5,0.5253620179656127,19.92051135656844,16.231480125310476,2.853333,60.325112355475575,60.0,0.2567413333333333,0.0,0.0,0,0,0,0.0
2024-01-06 15:30:00,3.0,19.5,0.5253620179656127,19.878696294852944,16.231625799113655,2.853333,61.06720076445791,60.0,0.0,0.0,0.0,0,0,0,0.0
2024-01-06 15:45:00,3.0,19.5,0.5253620179656127,19.8372212312027,16.231461311105466,2.853333,60.4489607644579,60.0,1.5404480000000003,0.0,0.0,0,0,0,0.0
2024-01-06 16:00:00,1.0,19.6,0.5253620179656127,19.7952987181556,16.23108337049677,2.951667,59.336329173440234,60.0,1.7971893333333335,0.0,0.0,0,0,0,0.0
2024-01-06 16:15:00,3.0,19.9,0.5253620179656127,19.752821761594383,16.230501178993954,2.951667,60.33059134257547,60.0,2.5674133333333335,0.0,0.0,0,0,0,0.0
2024-01-06 16:30:00,3.0,19.5,0.5253620179656127,19.71068501289688,16.229610787434005,2.951667,60.25444816054014,60.0,0.0,0.0,0.0,0,0,0,0.0
2024-01-06 16:45:00,2.0,14.6,0.5253620179656127,19.668883531137887,16.228417608486197,2.951667,59.96816603918325,60.0,4.107861333333334,0.0,0.0,0,0,0,0.0
2024-01-06 17:00:00,2.0,11.0,0.5253620179656127,19.6270047277177,16.226117810750736,2.096667,59.680081032016524,60.0,0.0,0.0,0.0,0,0,0,0.0
2024-01-06 17:15:00,1.0,14.6,0.5253620179656127,19.5849822134574,16.222607404728183,2.096667,60.982496321075295,60.0,0.2567413333333333,0.0,0.0,0,0,0,0.0
2024-01-06 17:30:00,1.0,20.0,0.5253620179656127,19.54327548160946,16.218819710767608,2.096667,60.82057632107531,60.0,0.5134826666666666,0.0,0.0,0,0,0,0.0
2024-01-06 17:45:00,1.0,20.0,0.5253620179656127,19.650227927187473,16.214882365171977,2.096667,59.86026625896352,60.0,1.7971893333333335,0.0,0.0,0,0,0,0.0
2024-01-06 18:00:00,1.0,20.0,0.5253620179656127,20.473686996521316,16.214217043285945,1.36,60.92220116579584,60.0,0.5134826666666666,0.0,0.0,0,0,0,0.0
2024-01-06 18:15:00,3.0,19.5,0.5253620179656127,20.466080753967997,16.215857435987175,1.36,60.377561165795846,60.0,3.0808960000000005,0.0,0.0,0,0,0,0.0
2024-01-06 18:30:00,3.0,19.5,0.5253620179656127,20.41643016454949,16.217147481022806,1.36,58.33853645485461,60.0,2.310672,0.0,0.0,0,0,0,0.0
2024-01-06 18:45:00,3.0,19.5,0.5253620179656127,20.36719119647214,16.218058732165222,1.36,59.78512512183982,60.0,1.5404480000000003,0.0,0.0,0,0,0,0.0
2024-01-06 19:00:00,3.0,19.5,0.5253620179656127,20.31817900264642,16.218242900513125,0.985,60.80418920210741,60.0,0.0,0.0,0.0,0,0,0,0.0
2024-01-06 19:15:00,3.0,19.5,0.5253620179656127,20.269360639581635,16.21765857649032,0.985,61.044991877692695,60.0,0.0,0.0,0.0,0,0,0,0.0
2024-01-06 19:30:00,1.0,20.0,0.5253620179656127,20.22093387473554,16.216719243207827,0.985,61.0008318776927,60.0,0.5134826666666666,0.0,0.7022222222222225,1,0,1,0.683888888888889
2024-01-06 19:45:00,1.0,20.0,0.5253620179656127,20.172893019029917,16.21543113333826,0.985,60.338431877692706,60.0,0.770224,0.0,0.7480555555555564,0,0,1,0.0
2024-01-06 20:00:00,1.0,20.0,0.5253620179656127,20.125172864578158,16.213682081133914,0.86,59.94099187769271,60.0,0.0,0.0,0.7938888888888902,0,0,1,0.0
2024-01-06 20:15:00,3.0,19.6,0.5253620179656127,20.077758894987575,16.21146215043949,0.86,59.94099187769271,60.0,0.0,0.0,0.8000000000000014,0,0,1,0.0
2024-01-06 20:30:00,3.0,19.5,0.5253620179656127,20.03071355356425,16.2089129734978,0.86,59.86739187769271,60.0,0.5134826666666666,0.0,0.8000000000000014,0,0,1,0.0
2024-01-06 20:45:00,3.0,19.5,0.5253620179656127,19.98403151992121,16.206040370909943,0.86,59.190271877692716,60.0,0.5134826666666666,0.0,0.8000000000000014,0,0,1,0.0
2024-01-06 21:00:00,3.0,19.5,0.5253620179656127,19.93763761655703,16.202711266197536,0.713333,59.05779187769272,60.0,0.0,0.0,0.8000000000000014,0,0,1,0.0
2024-01-06 21:15:00,1.0,19.7,0.5253620179656127,19.891516122916187,16.198912556207087,0.713333,59.05779187769272,60.0,0.0,0.0,0.8000000000000014,0,0,1,0.0
2024-01-06 21:30:00,1.0,20.0,0.5253620179656127,19.845741597159016,16.194809001727698,0.713333,59.05779187769272,60.0,0.0,0.0,0.8000000000000014,0,0,1,0.0
2024-01-06 21:45:00,1.0,20.0,0.5253620179656127,19.800309067330137,16.190406033771374,0.713333,59.22035646441036,60.0,0.5134826666666666,0.0,0.8000000000000014,0,0,1,0.0
2024-01-06 22:00:00,3.0,19.7,0.5253620179656127,19.75519774465409,16.18567744977225,0.68,60.047577104639714,60.0,3.594378666666667,0.0,0.8000000000000014,0,0,1,0.0
2024-01-06 22:15:00,1.0,19.7,0.5253620179656127,19.71040041177999,16.180624248112775,0.68,58.50487774486907,60.0,1.5404480000000003,0.0,0.8000000000000014,0,0,1,0.0
2024-01-06 22:30:00,1.0,20.0,0.5253620179656127,19.665930426704744,16.175287785969182,0.68,60.667463736269006,60.0,0.0,0.0,0.8000000000000014,0,0,1,0.0
2024-01-06 22:45:00,2.0,14.6,0.5253620179656127,19.621783129406897,16.169673146347336,0.68,60.991948322986644,60.0,0.2567413333333333,0.0,0.8000000000000014,0,0,1,0.0
2024-01-06 23:00:00,2.0,11.0,0.5253620179656127,19.57800797904697,16.163892586322167,0.793333,60.62394832298664,60.0,0.770224,0.0,0.8000000000000014,0,0,1,0.0
2024-01-06 23:15:00,2.0,11.0,0.5253620179656127,19.53460862776332,16.157965504343288,0.793333,60.19706832298665,60.0,0.0,0.0,0.8000000000000014,0,0,1,0.0
2024-01-06 23:30:00,1.0,14.6,0.5253620179656127,19.59750110008833,16.151843841239074,0.793333,60.19706832298665,60.0,0.0,0.0,0.8000000000000014,0,0,1,0.0
2024-01-06 23:45:00,1.0,20.0,0.5253620179656127,20.434233934299712,16.149317390509417,0.793333,58.649826583856225,60.0,3.3376373333333333,0.0,0.8000000000000014,0,0,1,0.0
2024-01-07 00:00:00,1.0,20.0,0.5253620179656127,20.454193146134433,16.150688321760274,1.2,60.45604051601105,60.0,0.5134826666666666,0.0,0.8000000000000014,0,0,1,0.0
2024-01-07 00:15:00,1.0,20.0,0.5253620179656127,20.40401363179705,16.152179715752894,1.2,60.910074190162995,60.0,0.5134826666666666,0.0,0.8000000000000014,0,0,1,0.0
2024-01-07 00:30:00,2.0,18.2,0.5253620179656127,20.354251452661778,16.153286515098777,1.2,59.438074190163,60.0,1.7971893333333335,0.0,0.8000000000000014,0,0,1,0.0
2024-01-07 00:45:00,2.0,11.0,0.5253620179656127,20.304900501454277,16.154015420945722,1.2,59.025914190163,60.0,0.0,0.0,0.8000000000000014,0,0,1,0.0
2024-01-07 01:00:00,2.0,11.0,0.5253620179656127,20.256019145674436,16.154500787855163,1.335,58.991674954615945,60.0,0.5134826666666666,0.0,0.8000000000000014,0,0,1,0.0
2024-01-07 01:15:00,2.0,11.0,0.5253620179656127,20.20761119735724,16.154766349025433,1.335,60.30294841854334,60.0,0.5134826666666666,0.0,0.8000000000000014,0,0,1,0.0
2024-01-07 01:30:00,2.0,11.0,0.5253620179656127,20.159597540348802,16.15467193380287,1.335,60.1982666794129,60.0,2.053930666666667,0.0,0.8000000000000014,0,0,1,0.0
2024-01-07 01:45:00,2.0,11.0,0.5253620179656127,20.11197242855588,16.154223841491326,1.335,59.30034667941291,60.0,0.0,0.0,0.8000000000000014,0,0,1,0.0
2024-01-07 02:00:00,2.0,11.0,0.5253620179656127,20.064922545538707,16.15380997678942,1.738333,59.046853473488405,60.0,3.0808960000000005,0.0,0.8000000000000014,0,0,1,0.0
2024-01-07 02:15:00,2.0,11.0,0.5253620179656127,20.01847138677457,16.153487964162746,1.738333,58.12516387960404,60.0,0.5134826666666666,0.0,0.8000000000000014,0,0,1,0.0
2024-01-07 02:30:00,2.0,11.0,0.5253620179656127,19.972394494963314,16.152825954824213,1.738333,60.19324575251376,60.0,0.2567413333333333,0.0,0.8000000000000014,0,0,1,0.0
2024-01-07 02:45:00,2.0,11.0,0.5253620179656127,19.926686427858748,16.151829912183704,1.738333,61.06008401338333,60.0,0.2567413333333333,0.0,0.8000000000000014,0,0,1,0.0
2024-01-07 03:00:00,2.0,11.0,0.5253620179656127,19.881445947073015,16.15071233071936,1.956667,60.750964013383346,60.0,0.2567413333333333,0.0,0.8000000000000014,0,0,1,0.0
2024-01-07 03:15:00,2.0,11.0,0.5253620179656127,19.836683512921606,16.149506875568328,1.956667,59.255612422365665,60.0,3.0808960000000005,0.0,0.8000000000000014,0,0,1,0.0
2024-01-07 03:30:00,2.0,11.0,0.5253620179656127,19.792275398642268,16.147982208109408,1.956667,60.36779573818031,60.0,1.7971893333333335,0.0,0.8000000000000014,0,0,1,0.0
2024-01-07 03:45:00,2.0,11.0,0.5253620179656127,19.748216470909618,16.146143948856274,1.956667,59.42774520784109,60.0,0.770224,0.0,0.8000000000000014,0,0,1,0.0
2024-01-07 04:00:00,2.0,11.0,0.5253620179656127,19.704516778470317,16.144027595656038,1.988333,58.19693561395673,60.0,3.337637333333334,0.0,0.8000000000000014,0,0,1,0.0
2024-01-07 04:15:00,1.0,14.0,0.5253620179656127,19.661173631118356,16.141642634300684,1.988333,60.00005748686646,60.0,0.2567413333333333,0.0,0.8000000000000014,0,0,1,0.0
2024-01-07 04:30:00,1.0,20.0,0.5253620179656127,19.61816494358077,16.138960041460805,1.988333,60.572495747736035,60.0,1.5404480000000003,0.0,0.8000000000000014,0,0,1,0.0
2024-01-07 04:45:00,2.0,18.2,0.5253620179656127,19.57548589638885,16.135985087901723,1.988333,59.68929574773603,60.0,0.0,0.0,0.8000000000000014,0,0,1,0.0
2024-01-07 05:00:00,2.0,12.8,0.5253620179656127,19.533076906128613,16.132614125262762,1.873333,59.68929574773603,60.0,0.0,0.0,0.8000000000000014,0,0,1,0.0
2024-01-07 05:15:00,2.0,11.0,0.5253620179656127,19.490925019025227,16.128837563710057,1.873333,59.68929574773603,60.0,0.0,0.0,0.8000000000000014,0,0,1,0.0
2024-01-07 05:30:00,2.0,11.0,0.5253620179656127,19.449088077796254,16.12478526352085,1.873333,59.68929574773603,60.0,0.0,0.0,0.8000000000000014,0,0,1,0.0
2024-01-07 05:45:00,1.0,20.0,0.5253620179656127,20.105820217467215,16.12203940098475,1.873333,59.68929574773603,60.0,0.0,0.0,0.8000000000000014,0,0,1,0.0
2024-01-07 06:00:00,1.0,20.0,0.5253620179656127,20.522530157517444,16.124284317529582,1.066667,59.68929574773603,60.0,0.0,0.0,0.8000000000000014,0,0,1,0.0
2024-01-07 06:15:00,1.0,20.0,0.5253620179656127,20.47147325841304,16.126258716194613,1.066667,59.68929574773603,60.0,0.0,0.0,0.8000000000000014,0,0,1,0.0
2024-01-07 06:30:00,1.0,20.0,0.5253620179656127,20.420844228167002,16.127837495649562,1.066667,59.68929574773603,60.0,0.0,0.0,0.8000000000000014,0,0,1,0.0
2024-01-07 06:45:00,1.0,20.0,0.5253620179656127,20.370636796024844,16.129027538577514,1.066667,59.68929574773603,60.0,0.0,0.0,0.8000000000000014,0,0,1,0.0
2024-01-07 07:00:00,1.0,20.0,0.5253620179656127,20.3209041776509,16.129939733499146,1.176667,59.68929574773603,60.0,0.0,0.0,0.8000000000000014,0,0,1,0.0
2024-01-07 07:15:00,1.0,20.0,0.5253620179656127,20.271649138079034,16.130594868265806,1.176667,59.68929574773603,60.0,0.0,0.0,0.8000000000000014,0,0,1,0.0
2024-01-07 07:30:00,1.0,20.0,0.5253620179656127,20.222798016097368,16.13088010502519,1.176667,59.68929574773603,60.0,0.0,0.0,0.8000000000000014,0,0,1,0.0
2024-01-07 07:45:00,1.0,20.0,0.5253620179656127,20.174344917300594,16.130801907536373,1.176667,59.68929574773603,60.0,0.0,0.0,0.8000000000000014,0,0,1,0.0
2024-01-07 08:00:00,1.0,20.0,0.5253620179656127,20.126449729787307,16.130502492104572,1.32,59.68929574773603,60.0,0.0,0.0,0.8000000000000014,0,0,1,0.0
2024-01-07 08:15:00,1.0,20.0,0.5253620179656127,20.079129888430966,16.130007448003788,1.32,59.68929574773603,60.0,0.0,0.0,0.8000000000000014,0,0,1,0.0
2024-01-07 08:30:00,1.0,20.0,0.5253620179656127,20.032190130200995,16.12916762057353,1.32,59.68929574773603,60.0,0.0,0.0,0.8000000000000014,0,0,1,0.0
2024-01-07 08:45:00,1.0,20.0,0.5253620179656127,19.98562493179813,16.127989061219136,1.32,59.68929574773603,60.0,0.0,0.0,0.8000000000000014,0,0,1,0.0
2024-01-07 09:00:00,1.0,20.0,0.5253620179656127,19.93958819778185,16.12619603460688,1.021667,59.68929574773603,60.0,0.0,0.0,0.8000000000000014,0,0,1,0.0
2024-01-07 09:15:00,1.0,20.0,0.5253620179656127,19.894092795814192,16.1237594500601,1.021667,59.68929574773603,60.0,0.0,0.0,0.8000000000000014,0,0,1,0.0
2024-01-07 09:30:00,1.0,20.0,0.5253620179656127,19.848948934856505,16.121009826117113,1.021667,59.68929574773603,60.0,0.0,0.0,0.8000000000000014,0,0,1,0.0
2024-01-07 09:45:00,1.0,20.0,0.5253620179656127,19.804151547834714,16.117952704679876,1.021667,59.68929574773603,60.0,0.0,0.0,0.8000000000000014,0,0,1,0.0
2024-01-07 10:00:00,1.0,20.0,0.5253620179656127,19.759872111346283,16.114823953879817,1.265,59.68929574773603,60.0,0.0,0.0,0.8000000000000014,0,0,1,0.0
2024-01-07 10:15:00,1.0,20.0,0.5253620179656127,19.716131206172022,16.111660658433856,1.265,59.34844942188797,60.0,1.5404480000000003,0.0,0.8000000000000014,0,0,1,0.0
2024-01-07 10:30:00,1.0,20.0,0.5253620179656127,19.67272247194321,16.108204118766256,1.265,60.94452441472125,60.0,0.0,0.0,0.8000000000000014,0,0,1,0.0
2024-01-07 10:45:00,1.0,20.0,0.5253620179656127,19.629641138822013,16.10445954745307,1.265,60.93988632585361,60.0,0.2567413333333333,0.0,0.8000000000000014,0,0,1,0.0
2024-01-07 11:00:00,1.0,20.0,0.5253620179656127,19.587076977087943,16.101051699755338,1.9199999999999997,60.5424463258536,60.0,1.5404480000000003,0.0,0.8000000000000014,0,0,1,0.0
2024-01-07 11:15:00,1.0,20.0,0.5253620179656127,19.54505703832981,16.098068062217177,1.9199999999999997,59.5267663258536,60.0,0.5134826666666666,0.0,0.8000000000000014,0,0,1,0.0
2024-01-07 11:30:00,1.0,20.0,0.5253620179656127,19.60933859069952,16.09487233054695,1.9199999999999997,59.11460632585361,60.0,0.5134826666666666,0.0,0.8000000000000014,0,0,1,0.0
2024-01-07 11:45:00,1.0,20.0,0.5253620179656127,20.44746997005587,16.095254534443725,1.9199999999999997,60.0522748208369,60.0,0.0,0.0,0.8000000000000014,0,0,1,0.0
2024-01-07 12:00:00,1.0,20.0,0.5253620179656127,20.469138547205535,16.09990374453574,2.735,60.090154992838826,60.0,3.337637333333334,0.0,0.8000000000000014,0,0,1,0.0
2024-01-07 12:15:00,1.0,20.0,0.5253620179656127,20.421022509788656,16.10509655709769,2.735,60.17673754420051,60.0,3.337637333333334,0.0,0.8000000000000014,0,0,1,0.0
2024-01-07 12:30:00,1.0,20.0,0.5253620179656127,20.373333298852835,16.10988518062542,2.735,59.18396086001515,60.0,0.770224,0.0,0.8000000000000014,0,0,1,0.0
2024-01-07 12:45:00,1.0,20.0,0.5253620179656127,20.326064591390285,16.114276570751443,2.735,60.358116235074895,60.0,3.0808960000000005,0.0,0.8000000000000014,0,0,1,0.0
2024-01-07 13:00:00,1.0,20.0,0.5253620179656127,20.279519237768184,16.118664255652522,3.143333,59.817922904926796,60.0,0.5134826666666666,0.0,0.8000000000000014,0,0,1,0.0
2024-01-07 13:15:00,1.0,20.0,0.5253620179656127,20.23373559167784,16.123108334041447,3.143333,61.06145819398557,60.0,0.0,0.0,0.8000000000000014,0,0,1,0.0
2024-01-07 13:30:00,1.0,20.0,0.5253620179656127,20.18835456140813,16.12717249338997,3.143333,59.86913819398558,60.0,5.134826666666667,0.0,0.8000000000000014,0,0,1,0.0
2024-01-07 13:45:00,1.0,20.0,0.5253620179656127,20.14337019212371,16.130863282147768,3.143333,58.02147348304435,60.0,0.0,0.0,0.8000000000000014,0,0,1,0.0
2024-01-07 14:00:00,1.0,20.0,0.5253620179656127,20.0987397376616,16.134146098740672,3.1,60.486834209274676,60.0,0.0,0.0,0.8000000000000014,0,0,1,0.0
2024-01-07 14:15:00,1.0,20.0,0.5253620179656127,20.05445217289708,16.137021575984523,3.1,60.72006788342662,60.0,0.5134826666666666,0.0,0.8000000000000014,0,0,1,0.0
2024-01-07 14:30:00,1.0,20.0,0.5253620179656127,20.010543985275103,16.139542943724926,3.1,60.675907883426625,60.0,0.0,0.0,0.8000000000000014,0,0,1,0.0
2024-01-07 14:45:00,1.0,20.0,0.5253620179656127,19.967009591158686,16.141716335918506,3.1,60.675907883426625,60.0,0.0,0.0,0.8000000000000014,0,0,1,0.0
2024-01-07 15:00:00,1.0,20.0,0.5253620179656127,19.922840489344672,16.14245532064579,1.946667,60.675907883426625,60.0,0.0,0.0,0.8000000000000014,0,0,1,0.0
2024-01-07 15:15:00,1.0,20.0,0.5253620179656127,19.877888525278916,16.14161374049526,1.946667,60.675907883426625,60.0,0.0,0.0,0.8000000000000014,0,0,1,0.0
2024-01-07 15:30:00,1.0,20.0,0.5253620179656127,19.833294994932658,16.140448124142623,1.946667,60.675907883426625,60.0,0.0,0.0,0.8000000000000014,0,0,1,0.0
2024-01-07 15:45:00,1.0,20.0,0.5253620179656127,19.78905469746299,16.138964167876647,1.946667,60.675907883426625,60.0,0.0,0.0,0.8000000000000014,0,0,1,0.0
2024-01-07 16:00:00,1.0,20.0,0.5253620179656127,19.74523382958139,16.137507957892005,2.306667,60.675907883426625,60.0,0.0,0.0,0.8000000000000014,0,0,1,0.0
2024-01-07 16:15:00,3.0,19.733333333333334,0.5253620179656127,19.701840078381974,16.136129945914785,2.306667,60.675907883426625,60.0,0.0,0.0,0.8000000000000014,0,0,1,0.0
2024-01-07 16:30:00,1.0,19.9,0.5253620179656127,19.658788329792692,16.13444445277853,2.306667,60.675907883426625,60.0,0.0,0.0,0.8000000000000014,0,0,1,0.0
2024-01-07 16:45:00,1.0,20.0,0.5253620179656127,19.616073633431768,16.1324568976409,2.306667,60.675907883426625,60.0,0.0,0.0,0.8000000000000014,0,0,1,0.0
2024-01-07 17:00:00,1.0,20.0,0.5253620179656127,19.573753905339476,16.130297218442994,2.438333,60.675907883426625,60.0,0.0,0.0,0.8000000000000014,0,0,1,0.0
2024-01-07 17:15:00,1.0,20.0,0.5253620179656127,19.531833837602374,16.127987481349724,2.438333,60.675907883426625,60.0,0.0,0.0,0.8000000000000014,0,0,1,0.0
2024-01-07 17:30:00,1.0,20.0,0.5253620179656127,19.878486248722535,16.125967653356508,2.438333,60.675907883426625,60.0,0.0,0.0,0.8000000000000014,0,0,1,0.0
2024-01-07 17:45:00,1.0,20.0,0.5253620179656127,20.502382496777738,16.12903773231862,2.438333,60.675907883426625,60.0,0.0,0.0,0.0,0,1,0,0.0
2024-01-07 18:00:00,1.0,20.0,0.5253620179656127,20.452671416694546,16.133092737846457,1.905,60.675907883426625,60.0,0.0,0.0,0.0,0,0,0,0.0
2024-01-07 18:15:00,1.0,20.0,0.5253620179656127,20.403100787877914,16.136166739570918,1.905,60.675907883426625,60.0,0.0,0.0,0.0,0,0,0,0.0
2024-01-07 18:30:00,1.0,20.0,0.5253620179656127,20.353953768623644,16.138845749812432,1.905,60.675907883426625,60.0,0.0,0.0,0.0,0,0,0,0.0
2024-01-07 18:45:00,1.0,20.0,0.5253620179656127,20.305224127150908,16.141136613893256,1.905,60.675907883426625,60.0,0.0,0.0,0.0,0,0,0,0.0
2024-01-07 19:00:00,1.0,20.0,0.5253620179656127,20.256619607127696,16.14247823747252,1.305,60.675907883426625,60.0,0.0,0.0,0.0,0,0,0,0.0
2024-01-07 19:15:00,1.0,20.0,0.5253620179656127,20.20809094247194,16.142800595030874,1.305,60.675907883426625,60.0,0.0,0.0,0.0,0,0,0,0.0
2024-01-07 19:30:00,1.0,20.0,0.5253620179656127,20.159957949999292,16.14276155025748,1.305,60.675907883426625,60.0,0.0,0.0,0.0,0,0,0,0.0
2024-01-07 19:45:00,1.0,20.0,0.5253620179656127,20.11221486232225,16.1423674260724,1.305,60.675907883426625,60.0,0.0,0.0,0.0,0,0,0,0.0
2024-01-07 20:00:00,1.0,20.0,0.5253620179656127,20.064879847222763,16.14167176240512,1.355,60.675907883426625,60.0,0.0,0.0,0.0,0,0,0,0.0
2024-01-07 20:15:00,1.0,20.0,0.5253620179656127,20.017950921488207,16.14068706727171,1.355,60.675907883426625,60.0,0.0,0.0,0.0,0,0,0,0.0
2024-01-07 20:30:00,1.0,20.0,0.5253620179656127,19.97139544161902,16.139365083498323,1.355,60.675907883426625,60.0,0.0,0.0,0.0,0,0,0,0.0
2024-01-07 20:45:00,2.0,18.2,0.5253620179656127,19.925207991207277,16.137711742946845,1.355,60.675907883426625,60.0,0.0,0.0,0.0,0,0,0,0.0
2024-01-07 21:00:00,2.0,11.0,0.5253620179656127,19.87963757166036,16.136237618431792,1.888333,60.675907883426625,60.0,0.0,0.0,0.0,0,0,0,0.0
2024-01-07 21:15:00,1.0,18.2,0.5253620179656127,19.83471736433212,16.135016586543358,1.888333,60.675907883426625,60.0,0.0,0.0,0.0,0,0,0,0.0
2024-01-07 21:30:00,1.0,20.0,0.5253620179656127,19.790152645499923,16.133475323828474,1.888333,60.675907883426625,60.0,0.0,0.0,0.0,0,0,0,0.0
2024-01-07 21:45:00,2.0,14.6,0.5253620179656127,19.745938265150627,16.131619469015586,1.888333,60.675907883426625,60.0,0.0,0.0,0.0,0,0,0,0.0
2024-01-07 22:00:00,2.0,11.0,0.5253620179656127,19.702200294922967,16.12971482479964,2.163333,60.63174788342663,60.0,0.5134826666666666,0.0,0.0,0,0,0,0.0
2024-01-07 22:15:00,2.0,11.0,0.5253620179656127,19.658953560956558,16.127801981225193,2.163333,60.042947883426635,60.0,0.2567413333333333,0.0,0.0,0,0,0,0.0
2024-01-07 22:30:00,1.0,16.4,0.5253620179656127,19.616043849427076,16.12558777524463,2.163333,59.76326788342664,60.0,0.5134826666666666,0.0,0.0,0,0,0,0.0
2024-01-07 22:45:00,2.0,16.4,0.5253620179656127,19.573466293664946,16.123077531657575,2.163333,58.77238979455898,60.0,3.0808960000000005,0.0,0.0,0,0,0,0.0
2024-01-07 23:00:00,2.0,11.0,0.5253620179656127,19.530858449724025,16.11956670268421,1.413333,59.15833272814716,60.0,0.0,0.0,0.0,0,0,0,0.0
2024-01-07 23:15:00,2.0,11.0,0.5253620179656127,19.48816156562898,16.114964627737717,1.413333,60.98155298615005,60.0,0.0,0.0,0.0,0,0,0,0.0
2024-01-07 23:30:00,2.0,11.0,0.5253620179656127,19.44577819791902,16.110090558087922,1.413333,59.118523688491194,60.0,4.6213440000000015,0.0,0.0,0,0,0,0.0
2024-01-07 23:45:00,2.0,11.0,0.5253620179656127,19.403703878494113,16.104949368582513,1.413333,57.91055197324993,60.0,3.594378666666667,0.0,0.0,0,0,0,0.0
