,Occupancy,P_use_WB,P_loss_WB,T_set_WB,T_ref_WB,Water_use
2024-07-29 00:00:00,2.0,0.0,0.076,60.0,60.0,0.0
2024-07-29 00:01:00,2.0,0.0,0.0759891065456283,60.0,59.994553272814144,0.0
2024-07-29 00:02:00,2.0,0.0,0.07597821465266906,60.0,59.989107326334526,0.0
2024-07-29 00:03:00,2.0,0.0,0.07596732432089849,60.0,59.98366216044924,0.0
2024-07-29 00:04:00,2.0,0.0,0.07595643555009282,60.0,59.97821777504641,0.0
2024-07-29 00:05:00,2.0,0.0,0.07594554834002831,60.0,59.972774170014155,0.0
2024-07-29 00:06:00,2.0,0.0,0.07593466269048124,60.0,59.96733134524062,0.0
2024-07-29 00:07:00,2.0,0.0,0.07592377860122795,60.0,59.961889300613976,0.0
2024-07-29 00:08:00,2.0,0.0,0.0759128960720448,60.0,59.956448036022394,0.0
2024-07-29 00:09:00,2.0,0.0,0.07590201510270814,60.0,59.95100755135407,0.0
2024-07-29 00:10:00,2.0,0.0,0.07589113569299441,60.0,59.945567846497205,0.0
2024-07-29 00:11:00,2.0,0.0,0.07588025784268009,60.0,59.94012892134004,0.0
2024-07-29 00:12:00,2.0,0.0,0.07586938155154162,60.0,59.93469077577081,0.0
2024-07-29 00:13:00,2.0,0.0,0.07585850681935555,60.0,59.92925340967777,0.0
2024-07-29 00:14:00,2.0,0.0,0.0758476336458984,60.0,59.9238168229492,0.0
2024-07-29 00:15:00,2.0,0.0,0.07583676203094676,60.0,59.91838101547338,0.0
2024-07-29 00:16:00,2.0,0.0,0.07582589197427726,60.0,59.91294598713863,0.0
2024-07-29 00:17:00,2.0,0.0,0.07581502347566652,60.0,59.907511737833254,0.0
2024-07-29 00:18:00,2.0,0.0,0.07580415653489121,60.0,59.9020782674456,0.0
2024-07-29 00:19:00,2.0,0.0,0.07579329115172806,60.0,59.89664557586403,0.0
2024-07-29 00:20:00,2.0,0.0,0.0757824273259538,60.0,59.8912136629769,0.0
2024-07-29 00:21:00,2.0,0.0,0.07577156505734521,60.0,59.88578252867261,0.0
2024-07-29 00:22:00,2.0,0.0,0.0757607043456791,60.0,59.880352172839544,0.0
2024-07-29 00:23:00,2.0,0.0,0.07574984519073226,60.0,59.87492259536613,0.0
2024-07-29 00:24:00,2.0,0.0,0.0757389875922816,60.0,59.8694937961408,0.0
2024-07-29 00:25:00,2.0,0.0,0.07572813155010402,60.0,59.86406577505201,0.0
2024-07-29 00:26:00,2.0,0.0,0.07571727706397643,60.0,59.85863853198822,0.0
2024-07-29 00:27:00,2.0,0.0,0.07570642413367583,60.0,59.85321206683791,0.0
2024-07-29 00:28:00,2.0,0.0,0.07569557275897917,60.0,59.847786379489584,0.0
2024-07-29 00:29:00,2.0,0.0,0.07568472293966351,60.0,59.84236146983175,0.0
2024-07-29 00:30:00,2.0,0.0,0.07567387467550589,60.0,59.83693733775294,0.0
2024-07-29 00:31:00,2.0,0.0,0.07566302796628341,60.0,59.831513983141704,0.0
2024-07-29 00:32:00,2.0,0.0,0.07565218281177319,60.0,59.826091405886594,0.0
2024-07-29 00:33:00,2.0,0.0,0.07564133921175238,60.0,59.82066960587619,0.0
2024-07-29 00:34:00,2.0,0.0,0.07563049716599819,60.0,59.8152485829991,0.0
2024-07-29 00:35:00,2.0,0.0,0.07561965667428783,60.0,59.80982833714391,0.0
2024-07-29 00:36:00,2.0,0.0,0.07560881773639853,60.0,59.80440886819927,0.0
2024-07-29 00:37:00,2.0,0.0,0.0755979803521076,60.0,59.7989901760538,0.0
2024-07-29 00:38:00,2.0,0.0,0.07558714452119235,60.0,59.79357226059617,0.0
2024-07-29 00:39:00,2.0,0.0,0.07557631024343012,60.0,59.78815512171506,0.0
2024-07-29 00:40:00,2.0,0.0,0.07556547751859828,60.0,59.78273875929914,0.0
2024-07-29 00:41:00,2.0,0.0,0.07555464634647426,60.0,59.77732317323713,0.0
2024-07-29 00:42:00,2.0,0.0,0.0755438167268355,60.0,59.771908363417744,0.0
2024-07-29 00:43:00,2.0,0.0,0.07553298865945945,60.0,59.766494329729724,0.0
2024-07-29 00:44:00,2.0,0.0,0.07552216214412365,60.0,59.76108107206182,0.0
2024-07-29 00:45:00,2.0,0.0,0.07551133718060561,60.0,59.755668590302804,0.0
2024-07-29 00:46:00,2.0,0.0,0.07550051376868293,60.0,59.75025688434146,0.0
2024-07-29 00:47:00,2.0,0.0,0.07548969190813318,60.0,59.74484595406659,0.0
2024-07-29 00:48:00,2.0,0.0,0.07547887159873402,60.0,59.73943579936701,0.0
2024-07-29 00:49:00,2.0,0.0,0.0754680528402631,60.0,59.73402642013155,0.0
2024-07-29 00:50:00,2.0,0.0,0.07545723563249812,60.0,59.72861781624906,0.0
2024-07-29 00:51:00,2.0,0.0,0.07544641997521682,60.0,59.72320998760841,0.0
2024-07-29 00:52:00,2.0,0.0,0.07543560586819698,60.0,59.717802934098486,0.0
2024-07-29 00:53:00,2.0,0.0,0.07542479331121635,60.0,59.712396655608174,0.0
2024-07-29 00:54:00,2.0,0.0,0.07541398230405277,60.0,59.70699115202638,0.0
2024-07-29 00:55:00,2.0,0.0,0.0754031728464841,60.0,59.70158642324205,0.0
2024-07-29 00:56:00,2.0,0.0,0.07539236493828824,60.0,59.69618246914412,0.0
2024-07-29 00:57:00,2.0,0.0,0.0753815585792431,60.0,59.690779289621545,0.0
2024-07-29 00:58:00,2.0,0.0,0.07537075376912662,60.0,59.68537688456331,0.0
2024-07-29 00:59:00,2.0,0.0,0.07535995050771681,60.0,59.6799752538584,0.0
2024-07-29 01:00:00,2.0,0.0,0.07534914879479167,60.0,59.67457439739583,0.0
2024-07-29 01:01:00,2.0,0.0,0.07533834863012925,60.0,59.66917431506462,0.0
2024-07-29 01:02:00,2.0,0.0,0.07532755001350763,60.0,59.663775006753816,0.0
2024-07-29 01:03:00,2.0,0.0,0.07531675294470493,60.0,59.658376472352465,0.0
2024-07-29 01:04:00,2.0,0.0,0.0753059574234993,60.0,59.65297871174965,0.0
2024-07-29 01:05:00,2.0,0.0,0.07529516344966888,60.0,59.64758172483444,0.0
2024-07-29 01:06:00,2.0,0.0,0.0752843710229919,60.0,59.64218551149595,0.0
2024-07-29 01:07:00,2.0,0.0,0.07527358014324662,60.0,59.63679007162331,0.0
2024-07-29 01:08:00,2.0,0.0,0.07526279081021127,60.0,59.631395405105636,0.0
2024-07-29 01:09:00,2.0,0.0,0.07525200302366418,60.0,59.62600151183209,0.0
2024-07-29 01:10:00,2.0,0.0,0.07524121678338366,60.0,59.62060839169183,0.0
2024-07-29 01:11:00,2.0,0.0,0.0752304320891481,60.0,59.615216044574055,0.0
2024-07-29 01:12:00,2.0,0.0,0.0752196489407359,60.0,59.609824470367954,0.0
2024-07-29 01:13:00,2.0,0.0,0.07520886733792548,60.0,59.60443366896274,0.0
2024-07-29 01:14:00,2.0,0.0,0.0751980872804953,60.0,59.59904364024765,0.0
2024-07-29 01:15:00,2.0,0.0,0.07518730876822384,60.0,59.59365438411192,0.0
2024-07-29 01:16:00,2.0,0.0,0.07517653180088965,60.0,59.588265900444824,0.0
2024-07-29 01:17:00,2.0,0.0,0.07516575637827128,60.0,59.582878189135634,0.0
2024-07-29 01:18:00,2.0,0.0,0.0751549825001473,60.0,59.57749125007365,0.0
2024-07-29 01:19:00,2.0,0.0,0.07514421016629635,60.0,59.57210508314817,0.0
2024-07-29 01:20:00,2.0,0.0,0.07513343937649707,60.0,59.56671968824853,0.0
2024-07-29 01:21:00,2.0,0.0,0.07512267013052815,60.0,59.561335065264075,0.0
2024-07-29 01:22:00,2.0,0.0,0.07511190242816831,60.0,59.55595121408415,0.0
2024-07-29 01:23:00,2.0,0.0,0.07510113626919628,60.0,59.55056813459814,0.0
2024-07-29 01:24:00,2.0,0.0,0.07509037165339084,60.0,59.54518582669542,0.0
2024-07-29 01:25:00,2.0,0.0,0.07507960858053084,60.0,59.539804290265415,0.0
2024-07-29 01:26:00,2.0,0.0,0.07506884705039507,60.0,59.53442352519753,0.0
2024-07-29 01:27:00,2.0,0.0,0.07505808706276243,60.0,59.52904353138121,0.0
2024-07-29 01:28:00,2.0,0.0,0.07504732861741181,60.0,59.523664308705904,0.0
2024-07-29 01:29:00,2.0,0.0,0.07503657171412216,60.0,59.51828585706108,0.0
2024-07-29 01:30:00,2.0,0.0,0.07502581635267246,60.0,59.512908176336225,0.0
2024-07-29 01:31:00,2.0,0.0,0.07501506253284168,60.0,59.50753126642084,0.0
2024-07-29 01:32:00,2.0,0.0,0.07500431025440887,60.0,59.50215512720444,0.0
2024-07-29 01:33:00,2.0,0.0,0.07499355951715311,60.0,59.49677975857656,0.0
2024-07-29 01:34:00,2.0,0.0,0.07498281032085348,60.0,59.49140516042674,0.0
2024-07-29 01:35:00,2.0,0.0,0.0749720626652891,60.0,59.486031332644544,0.0
2024-07-29 01:36:00,2.0,0.0,0.07496131655023912,60.0,59.48065827511956,0.0
2024-07-29 01:37:00,2.0,0.0,0.07495057197548276,60.0,59.47528598774138,0.0
2024-07-29 01:38:00,2.0,0.0,0.07493982894079922,60.0,59.46991447039961,0.0
2024-07-29 01:39:00,2.0,0.0,0.07492908744596775,60.0,59.464543722983876,0.0
2024-07-29 01:40:00,2.0,0.0,0.07491834749076766,60.0,59.45917374538383,0.0
2024-07-29 01:41:00,2.0,0.0,0.07490760907497826,60.0,59.45380453748913,0.0
2024-07-29 01:42:00,2.0,0.0,0.07489687219837887,60.0,59.448436099189436,0.0
2024-07-29 01:43:00,2.0,0.0,0.07488613686074891,60.0,59.44306843037445,0.0
2024-07-29 01:44:00,2.0,0.0,0.07487540306186777,60.0,59.437701530933886,0.0
2024-07-29 01:45:00,2.0,0.0,0.0748646708015149,60.0,59.43233540075745,0.0
2024-07-29 01:46:00,2.0,0.0,0.07485394007946979,60.0,59.42697003973489,0.0
2024-07-29 01:47:00,2.0,0.0,0.07484321089551191,60.0,59.42160544775595,0.0
2024-07-29 01:48:00,2.0,0.0,0.07483248324942081,60.0,59.4162416247104,0.0
2024-07-29 01:49:00,2.0,0.0,0.07482175714097608,60.0,59.41087857048804,0.0
2024-07-29 01:50:00,2.0,0.0,0.0748110325699573,60.0,59.40551628497865,0.0
2024-07-29 01:51:00,2.0,0.0,0.07480030953614412,60.0,59.40015476807206,0.0
2024-07-29 01:52:00,2.0,0.0,0.07478958803931621,60.0,59.3947940196581,0.0
2024-07-29 01:53:00,2.0,0.0,0.07477886807925323,60.0,59.389434039626614,0.0
2024-07-29 01:54:00,2.0,0.0,0.07476814965573494,60.0,59.38407482786747,0.0
2024-07-29 01:55:00,2.0,0.0,0.07475743276854109,60.0,59.37871638427055,0.0
2024-07-29 01:56:00,2.0,0.0,0.07474671741745148,60.0,59.37335870872574,0.0
2024-07-29 01:57:00,2.0,0.0,0.07473600360224592,60.0,59.36800180112296,0.0
2024-07-29 01:58:00,2.0,0.0,0.07472529132270427,60.0,59.36264566135213,0.0
2024-07-29 01:59:00,2.0,0.0,0.07471458057860642,60.0,59.35729028930321,0.0
2024-07-29 02:00:00,2.0,0.0,0.07470387136973228,60.0,59.351935684866135,0.0
2024-07-29 02:01:00,2.0,0.0,0.07469316369586179,60.0,59.34658184793089,0.0
2024-07-29 02:02:00,2.0,0.0,0.07468245755677495,60.0,59.341228778387475,0.0
2024-07-29 02:03:00,2.0,0.0,0.07467175295225177,60.0,59.33587647612588,0.0
2024-07-29 02:04:00,2.0,0.0,0.07466104988207228,60.0,59.33052494103614,0.0
2024-07-29 02:05:00,2.0,0.0,0.07465034834601655,60.0,59.32517417300828,0.0
2024-07-29 02:06:00,2.0,0.0,0.07463964834386472,60.0,59.31982417193236,0.0
2024-07-29 02:07:00,2.0,0.0,0.0746289498753969,60.0,59.31447493769845,0.0
2024-07-29 02:08:00,2.0,0.0,0.07461825294039326,60.0,59.30912647019663,0.0
2024-07-29 02:09:00,2.0,0.0,0.07460755753863402,60.0,59.303778769317006,0.0
2024-07-29 02:10:00,2.0,0.0,0.07459686366989939,60.0,59.29843183494969,0.0
2024-07-29 02:11:00,2.0,0.0,0.07458617133396964,60.0,59.293085666984815,0.0
2024-07-29 02:12:00,2.0,0.0,0.07457548053062506,60.0,59.28774026531253,0.0
2024-07-29 02:13:00,2.0,0.0,0.07456479125964599,60.0,59.28239562982299,0.0
2024-07-29 02:14:00,2.0,0.0,0.07455410352081279,60.0,59.277051760406394,0.0
2024-07-29 02:15:00,2.0,0.0,0.07454341731390583,60.0,59.27170865695292,0.0
2024-07-29 02:16:00,2.0,0.0,0.07453273263870556,60.0,59.266366319352784,0.0
2024-07-29 02:17:00,2.0,0.0,0.07452204949499243,60.0,59.261024747496215,0.0
2024-07-29 02:18:00,2.0,0.0,0.07451136788254689,60.0,59.255683941273446,0.0
2024-07-29 02:19:00,2.0,0.0,0.0745006878011495,60.0,59.25034390057475,0.0
2024-07-29 02:20:00,2.0,0.0,0.07449000925058077,60.0,59.245004625290385,0.0
2024-07-29 02:21:00,2.0,0.0,0.0744793322306213,60.0,59.23966611531065,0.0
2024-07-29 02:22:00,2.0,0.0,0.07446865674105169,60.0,59.234328370525844,0.0
2024-07-29 02:23:00,2.0,0.0,0.0744579827816526,60.0,59.228991390826295,0.0
2024-07-29 02:24:00,2.0,0.0,0.07444731035220467,60.0,59.22365517610233,0.0
2024-07-29 02:25:00,2.0,0.0,0.07443663945248864,60.0,59.21831972624432,0.0
2024-07-29 02:26:00,2.0,0.0,0.07442597008228521,60.0,59.21298504114261,0.0
2024-07-29 02:27:00,2.0,0.0,0.07441530224137519,60.0,59.20765112068759,0.0
2024-07-29 02:28:00,2.0,0.0,0.07440463592953936,60.0,59.20231796476968,0.0
2024-07-29 02:29:00,2.0,0.0,0.07439397114655853,60.0,59.196985573279264,0.0
2024-07-29 02:30:00,2.0,0.0,0.07438330789221358,60.0,59.19165394610679,0.0
2024-07-29 02:31:00,2.0,0.0,0.0743726461662854,60.0,59.1863230831427,0.0
2024-07-29 02:32:00,2.0,0.0,0.07436198596855494,60.0,59.18099298427747,0.0
2024-07-29 02:33:00,2.0,0.0,0.07435132729880312,60.0,59.17566364940156,0.0
2024-07-29 02:34:00,2.0,0.0,0.07434067015681094,60.0,59.170335078405465,0.0
2024-07-29 02:35:00,2.0,0.0,0.07433001454235941,60.0,59.165007271179704,0.0
2024-07-29 02:36:00,2.0,0.0,0.07431936045522959,60.0,59.15968022761479,0.0
2024-07-29 02:37:00,2.0,0.0,0.07430870789520257,60.0,59.15435394760128,0.0
2024-07-29 02:38:00,2.0,0.0,0.07429805686205944,60.0,59.14902843102972,0.0
2024-07-29 02:39:00,2.0,0.0,0.07428740735558137,60.0,59.14370367779068,0.0
2024-07-29 02:40:00,2.0,0.0,0.0742767593755495,60.0,59.13837968777475,0.0
2024-07-29 02:41:00,2.0,0.0,0.07426611292174508,60.0,59.13305646087254,0.0
2024-07-29 02:42:00,2.0,0.0,0.07425546799394933,60.0,59.12773399697466,0.0
2024-07-29 02:43:00,2.0,0.0,0.0742448245919435,60.0,59.12241229597175,0.0
2024-07-29 02:44:00,2.0,0.0,0.07423418271550891,60.0,59.117091357754454,0.0
2024-07-29 02:45:00,2.0,0.0,0.0742235423644269,60.0,59.111771182213445,0.0
2024-07-29 02:46:00,2.0,0.0,0.07421290353847881,60.0,59.106451769239406,0.0
2024-07-29 02:47:00,2.0,0.0,0.07420226623744607,60.0,59.101133118723034,0.0
2024-07-29 02:48:00,2.0,0.0,0.07419163046111008,60.0,59.09581523055504,0.0
2024-07-29 02:49:00,2.0,0.0,0.0741809962092523,60.0,59.09049810462615,0.0
2024-07-29 02:50:00,2.0,0.0,0.07417036348165422,60.0,59.08518174082711,0.0
2024-07-29 02:51:00,2.0,0.0,0.07415973227809737,60.0,59.07986613904868,0.0
2024-07-29 02:52:00,2.0,0.0,0.07414910259836328,60.0,59.07455129918164,0.0
2024-07-29 02:53:00,2.0,0.0,0.07413847444223357,60.0,59.06923722111678,0.0
2024-07-29 02:54:00,2.0,0.0,0.0741278478094898,60.0,59.063923904744904,0.0
2024-07-29 02:55:00,2.0,0.0,0.07411722269991367,60.0,59.058611349956834,0.0
2024-07-29 02:56:00,2.0,0.0,0.07410659911328683,60.0,59.05329955664342,0.0
2024-07-29 02:57:00,2.0,0.0,0.074095977049391,60.0,59.0479885246955,0.0
2024-07-29 02:58:00,2.0,0.0,0.0740853565080079,60.0,59.04267825400395,0.0
2024-07-29 02:59:00,2.0,11.553360000000001,0.07407473748891932,60.0,59.03736874445966,6.0
2024-07-29 03:00:00,2.0,0.0,0.07240811999190706,60.0,58.20405999595353,0.0
2024-07-29 03:01:00,2.0,0.0,0.07282774615722117,60.0,58.413873078610585,0.0
2024-07-29 03:02:00,2.0,0.0,0.07324731217544996,60.0,58.623656087724974,0.0
2024-07-29 03:03:00,2.0,0.0,0.07366681805521458,60.0,58.83340902760729,0.0
2024-07-29 03:04:00,2.0,0.0,0.07408626380513499,60.0,59.043131902567495,0.0
2024-07-29 03:05:00,2.0,0.0,0.07450564943382991,60.0,59.25282471691495,0.0
2024-07-29 03:06:00,2.0,0.0,0.07492497494991679,60.0,59.462487474958394,0.0
2024-07-29 03:07:00,2.0,0.0,0.07534424036201187,60.0,59.67212018100594,0.0
2024-07-29 03:08:00,2.0,0.0,0.07576344567873017,60.0,59.88172283936508,0.0
2024-07-29 03:09:00,2.0,0.0,0.07618259090868544,60.0,60.09129545434272,0.0
2024-07-29 03:10:00,2.0,0.0,0.07660167606049022,60.0,60.30083803024511,0.0
2024-07-29 03:11:00,2.0,0.0,0.0770207011427558,60.0,60.5103505713779,0.0
2024-07-29 03:12:00,2.0,0.0,0.07743966616409224,60.0,60.71983308204612,0.0
2024-07-29 03:13:00,2.0,0.0,0.07785857113310839,60.0,60.92928556655419,0.0
2024-07-29 03:14:00,2.0,0.0,0.0782774160584118,60.0,61.1387080292059,0.0
2024-07-29 03:15:00,2.0,0.0,0.07826619617077801,60.0,61.13309808538901,0.0
2024-07-29 03:16:00,2.0,0.0,0.07825497789134599,60.0,61.127488945672994,0.0
2024-07-29 03:17:00,2.0,0.0,0.07824376121988522,60.0,61.12188060994261,0.0
2024-07-29 03:18:00,2.0,0.0,0.07823254615616522,60.0,61.11627307808261,0.0
2024-07-29 03:19:00,2.0,0.0,0.07822133269995554,60.0,61.11066634997777,0.0
2024-07-29 03:20:00,2.0,0.0,0.07821012085102579,60.0,61.10506042551289,0.0
2024-07-29 03:21:00,2.0,0.0,0.07819891060914556,60.0,61.09945530457278,0.0
2024-07-29 03:22:00,2.0,0.0,0.07818770197408452,60.0,61.09385098704226,0.0
2024-07-29 03:23:00,2.0,0.0,0.07817649494561237,60.0,61.08824747280618,0.0
2024-07-29 03:24:00,2.0,0.0,0.0781652895234988,60.0,61.0826447617494,0.0
2024-07-29 03:25:00,2.0,0.0,0.07815408570751359,60.0,61.077042853756794,0.0
2024-07-29 03:26:00,2.0,0.0,0.07814288349742651,60.0,61.071441748713255,0.0
2024-07-29 03:27:00,2.0,0.0,0.07813168289300738,60.0,61.06584144650369,0.0
2024-07-29 03:28:00,2.0,0.0,0.07812048389402607,60.0,61.06024194701303,0.0
2024-07-29 03:29:00,2.0,0.0,0.07810928650025244,60.0,61.05464325012622,0.0
2024-07-29 03:30:00,2.0,0.0,0.07809809071145642,60.0,61.04904535572821,0.0
2024-07-29 03:31:00,2.0,0.0,0.07808689652740795,60.0,61.04344826370398,0.0
2024-07-29 03:32:00,2.0,0.0,0.07807570394787704,60.0,61.037851973938515,0.0
2024-07-29 03:33:00,2.0,0.0,0.07806451297263367,60.0,61.03225648631683,0.0
2024-07-29 03:34:00,2.0,0.0,0.07805332360144791,60.0,61.02666180072396,0.0
2024-07-29 03:35:00,2.0,0.0,0.07804213583408985,60.0,61.021067917044924,0.0
2024-07-29 03:36:00,2.0,0.0,0.07803094967032959,60.0,61.015474835164795,0.0
2024-07-29 03:37:00,2.0,0.0,0.07801976510993729,60.0,61.00988255496864,0.0
2024-07-29 03:38:00,2.0,0.0,0.07800858215268311,60.0,61.00429107634155,0.0
2024-07-29 03:39:00,2.0,0.0,0.07799740079833728,60.0,60.99870039916864,0.0
2024-07-29 03:40:00,2.0,0.0,0.07798622104667005,60.0,60.99311052333503,0.0
2024-07-29 03:41:00,2.0,0.0,0.0779750428974517,60.0,60.98752144872585,0.0
2024-07-29 03:42:00,2.0,0.0,0.07796386635045255,60.0,60.981933175226274,0.0
2024-07-29 03:43:00,2.0,0.0,0.07795269140544293,60.0,60.97634570272147,0.0
2024-07-29 03:44:00,2.0,0.0,0.07794151806219322,60.0,60.97075903109661,0.0
2024-07-29 03:45:00,2.0,0.0,0.07793034632047385,60.0,60.96517316023692,0.0
2024-07-29 03:46:00,2.0,0.0,0.07791917618005524,60.0,60.95958809002762,0.0
2024-07-29 03:47:00,2.0,0.0,0.07790800764070789,60.0,60.95400382035395,0.0
2024-07-29 03:48:00,2.0,0.0,0.0778968407022023,60.0,60.94842035110115,0.0
2024-07-29 03:49:00,2.0,0.0,0.07788567536430901,60.0,60.942837682154504,0.0
2024-07-29 03:50:00,2.0,0.0,0.07787451162679859,60.0,60.9372558133993,0.0
2024-07-29 03:51:00,2.0,0.0,0.07786334948944168,60.0,60.93167474472084,0.0
2024-07-29 03:52:00,2.0,0.0,0.07785218895200889,60.0,60.926094476004444,0.0
2024-07-29 03:53:00,2.0,0.0,0.0778410300142709,60.0,60.92051500713545,0.0
2024-07-29 03:54:00,2.0,0.0,0.07782987267599843,60.0,60.914936337999215,0.0
2024-07-29 03:55:00,2.0,0.0,0.07781871693696223,60.0,60.90935846848111,0.0
2024-07-29 03:56:00,2.0,0.0,0.07780756279693303,60.0,60.90378139846651,0.0
2024-07-29 03:57:00,2.0,0.0,0.07779641025568168,60.0,60.89820512784084,0.0
2024-07-29 03:58:00,2.0,0.0,0.077785259312979,60.0,60.8926296564895,0.0
2024-07-29 03:59:00,2.0,0.0,0.07777410996859586,60.0,60.88705498429793,0.0
2024-07-29 04:00:00,2.0,0.0,0.0777629622223032,60.0,60.881481111151594,0.0
2024-07-29 04:01:00,2.0,0.0,0.0777518160738719,60.0,60.87590803693595,0.0
2024-07-29 04:02:00,2.0,0.0,0.07774067152307296,60.0,60.87033576153648,0.0
2024-07-29 04:03:00,2.0,0.0,0.0777295285696774,60.0,60.8647642848387,0.0
2024-07-29 04:04:00,2.0,0.0,0.07771838721345622,60.0,60.85919360672811,0.0
2024-07-29 04:05:00,2.0,0.0,0.07770724745418053,60.0,60.853623727090266,0.0
2024-07-29 04:06:00,2.0,0.0,0.0776961092916214,60.0,60.848054645810706,0.0
2024-07-29 04:07:00,2.0,0.0,0.07768497272554999,60.0,60.84248636277499,0.0
2024-07-29 04:08:00,2.0,0.0,0.07767383775573744,60.0,60.83691887786872,0.0
2024-07-29 04:09:00,2.0,0.0,0.07766270438195497,60.0,60.83135219097748,0.0
2024-07-29 04:10:00,2.0,0.0,0.0776515726039738,60.0,60.8257863019869,0.0
2024-07-29 04:11:00,2.0,0.0,0.07764044242156522,60.0,60.820221210782606,0.0
2024-07-29 04:12:00,2.0,0.0,0.0776293138345005,60.0,60.81465691725025,0.0
2024-07-29 04:13:00,2.0,0.0,0.07761818684255097,60.0,60.809093421275485,0.0
2024-07-29 04:14:00,2.0,0.0,0.07760706144548801,60.0,60.80353072274401,0.0
2024-07-29 04:15:00,2.0,0.0,0.07759593764308302,60.0,60.79796882154151,0.0
2024-07-29 04:16:00,2.0,0.0,0.07758481543510742,60.0,60.79240771755371,0.0
2024-07-29 04:17:00,2.0,0.0,0.07757369482133268,60.0,60.78684741066634,0.0
2024-07-29 04:18:00,2.0,0.0,0.07756257580153028,60.0,60.78128790076514,0.0
2024-07-29 04:19:00,1.0,0.0,0.07755145837547178,60.0,60.77572918773589,0.0
2024-07-29 04:20:00,1.0,0.0,0.07754034254292871,60.0,60.770171271464356,0.0
2024-07-29 04:21:00,1.0,0.0,0.07752922830367269,60.0,60.76461415183634,0.0
2024-07-29 04:22:00,1.0,0.0,0.07751811565747531,60.0,60.75905782873765,0.0
2024-07-29 04:23:00,1.0,0.0,0.07750700460410825,60.0,60.75350230205412,0.0
2024-07-29 04:24:00,1.0,0.0,0.07749589514334321,60.0,60.7479475716716,0.0
2024-07-29 04:25:00,1.0,0.0,0.0774847872749519,60.0,60.74239363747595,0.0
2024-07-29 04:26:00,1.0,0.0,0.0774736809987061,60.0,60.73684049935304,0.0
2024-07-29 04:27:00,1.0,0.0,0.07746257631437756,60.0,60.73128815718878,0.0
2024-07-29 04:28:00,1.0,0.0,0.07745147322173815,60.0,60.72573661086907,0.0
2024-07-29 04:29:00,1.0,0.0,0.07744037172055969,60.0,60.72018586027984,0.0
2024-07-29 04:30:00,1.0,0.0,0.07742927181061407,60.0,60.714635905307034,0.0
2024-07-29 04:31:00,1.0,0.0,0.07741817349167324,60.0,60.709086745836615,0.0
2024-07-29 04:32:00,1.0,0.0,0.07740707676350911,60.0,60.703538381754555,0.0
2024-07-29 04:33:00,1.0,0.0,0.0773959816258937,60.0,60.69799081294685,0.0
2024-07-29 04:34:00,1.0,0.0,0.07738488807859902,60.0,60.69244403929951,0.0
2024-07-29 04:35:00,1.0,0.0,0.07737379612139712,60.0,60.68689806069856,0.0
2024-07-29 04:36:00,1.0,0.0,0.07736270575406008,60.0,60.681352877030044,0.0
2024-07-29 04:37:00,1.0,0.0,0.07735161697636003,60.0,60.67580848818002,0.0
2024-07-29 04:38:00,1.0,0.0,0.0773405297880691,60.0,60.67026489403455,0.0
2024-07-29 04:39:00,1.0,0.0,0.07732944418895948,60.0,60.66472209447974,0.0
2024-07-29 04:40:00,1.0,0.0,0.0773183601788034,60.0,60.6591800894017,0.0
2024-07-29 04:41:00,1.0,0.0,0.07730727775737309,60.0,60.65363887868654,0.0
2024-07-29 04:42:00,1.0,0.0,0.07729619692444084,60.0,60.64809846222042,0.0
2024-07-29 04:43:00,1.0,0.0,0.07728511767977896,60.0,60.642558839889475,0.0
2024-07-29 04:44:00,1.0,0.0,0.07727404002315977,60.0,60.637020011579885,0.0
2024-07-29 04:45:00,1.0,0.0,0.07726296395435568,60.0,60.63148197717784,0.0
2024-07-29 04:46:00,1.0,0.0,0.0772518894731391,60.0,60.62594473656955,0.0
2024-07-29 04:47:00,1.0,0.0,0.07724081657928247,60.0,60.62040828964123,0.0
2024-07-29 04:48:00,1.0,0.0,0.07722974527255824,60.0,60.614872636279124,0.0
2024-07-29 04:49:00,1.0,0.0,0.07721867555273897,60.0,60.60933777636948,0.0
2024-07-29 04:50:00,1.0,0.0,0.07720760741959715,60.0,60.60380370979857,0.0
2024-07-29 04:51:00,1.0,0.0,0.07719654087290538,60.0,60.59827043645269,0.0
2024-07-29 04:52:00,1.0,0.0,0.07718547591243624,60.0,60.59273795621812,0.0
2024-07-29 04:53:00,1.0,0.0,0.07717441253796241,60.0,60.587206268981205,0.0
2024-07-29 04:54:00,1.0,0.0,0.07716335074925654,60.0,60.58167537462827,0.0
2024-07-29 04:55:00,1.0,0.0,0.07715229054609134,60.0,60.57614527304567,0.0
2024-07-29 04:56:00,1.0,0.0,0.07714123192823953,60.0,60.57061596411977,0.0
2024-07-29 04:57:00,1.0,0.0,0.0771301748954739,60.0,60.56508744773695,0.0
2024-07-29 04:58:00,1.0,0.0,0.07711911944756725,60.0,60.55955972378362,0.0
2024-07-29 04:59:00,1.0,0.0,0.0771080655842924,60.0,60.554032792146195,0.0
2024-07-29 05:00:00,1.0,0.0,0.07709701330542221,60.0,60.548506652711104,0.0
2024-07-29 05:01:00,1.0,0.0,0.0770859626107296,60.0,60.5429813053648,0.0
2024-07-29 05:02:00,1.0,0.0,0.07707491349998749,60.0,60.537456749993744,0.0
2024-07-29 05:03:00,1.0,0.0,0.07706386597296885,60.0,60.53193298648443,0.0
2024-07-29 05:04:00,1.0,0.0,0.07705282002944669,60.0,60.526410014723346,0.0
2024-07-29 05:05:00,1.0,0.0,0.07704177566919403,60.0,60.52088783459701,0.0
2024-07-29 05:06:00,1.0,0.0,0.07703073289198392,60.0,60.51536644599196,0.0
2024-07-29 05:07:00,1.0,0.0,0.07701969169758947,60.0,60.50984584879473,0.0
2024-07-29 05:08:00,1.0,0.0,0.0770086520857838,60.0,60.5043260428919,0.0
2024-07-29 05:09:00,1.0,0.0,0.07699761405634005,60.0,60.49880702817003,0.0
2024-07-29 05:10:00,1.0,0.0,0.07698657760903146,60.0,60.49328880451573,0.0
2024-07-29 05:11:00,1.0,0.0,0.0769755427436312,60.0,60.487771371815604,0.0
2024-07-29 05:12:00,1.0,0.0,0.07696450945991258,60.0,60.48225472995629,0.0
2024-07-29 05:13:00,1.0,0.0,0.07695347775764885,60.0,60.47673887882443,0.0
2024-07-29 05:14:00,1.0,0.0,0.07694244763661336,60.0,60.471223818306676,0.0
2024-07-29 05:15:00,1.0,0.0,0.07693141909657944,60.0,60.465709548289716,0.0
2024-07-29 05:16:00,1.0,0.0,0.07692039213732049,60.0,60.460196068660245,0.0
2024-07-29 05:17:00,1.0,0.0,0.07690936675860993,60.0,60.45468337930497,0.0
2024-07-29 05:18:00,1.0,0.0,0.07689834296022122,60.0,60.44917148011061,0.0
2024-07-29 05:19:00,1.0,0.0,0.07688732074192782,60.0,60.44366037096391,0.0
2024-07-29 05:20:00,1.0,0.0,0.07687630010350327,60.0,60.438150051751634,0.0
2024-07-29 05:21:00,1.0,0.0,0.07686528104472112,60.0,60.43264052236056,0.0
2024-07-29 05:22:00,1.0,0.0,0.07685426356535495,60.0,60.42713178267747,0.0
2024-07-29 05:23:00,1.0,0.0,0.07684324766517836,60.0,60.42162383258918,0.0
2024-07-29 05:24:00,1.0,0.0,0.07683223334396501,60.0,60.4161166719825,0.0
2024-07-29 05:25:00,1.0,0.0,0.07682122060148856,60.0,60.41061030074428,0.0
2024-07-29 05:26:00,1.0,0.0,0.07681020943752274,60.0,60.40510471876137,0.0
2024-07-29 05:27:00,1.0,0.0,0.0767991998518413,60.0,60.399599925920654,0.0
2024-07-29 05:28:00,1.0,0.0,0.07678819184421802,60.0,60.39409592210901,0.0
2024-07-29 05:29:00,1.0,0.0,0.07677718541442669,60.0,60.38859270721334,0.0
2024-07-29 05:30:00,1.0,0.0,0.07676618056224115,60.0,60.38309028112057,0.0
2024-07-29 05:31:00,1.0,0.0,0.07675517728743529,60.0,60.377588643717644,0.0
2024-07-29 05:32:00,1.0,0.0,0.076744175589783,60.0,60.3720877948915,0.0
2024-07-29 05:33:00,1.0,0.0,0.07673317546905824,60.0,60.36658773452912,0.0
2024-07-29 05:34:00,1.0,0.0,0.07672217692503495,60.0,60.36108846251748,0.0
2024-07-29 05:35:00,1.0,0.0,0.07671117995748718,60.0,60.35558997874359,0.0
2024-07-29 05:36:00,1.0,0.0,0.07670018456618892,60.0,60.35009228309446,0.0
2024-07-29 05:37:00,1.0,0.0,0.07668919075091427,60.0,60.34459537545713,0.0
2024-07-29 05:38:00,1.0,0.0,0.0766781985114373,60.0,60.33909925571865,0.0
2024-07-29 05:39:00,1.0,0.0,0.07666720784753217,60.0,60.333603923766084,0.0
2024-07-29 05:40:00,1.0,1.92556,0.07665621875897304,60.0,60.32810937948652,1.0
2024-07-29 05:41:00,1.0,0.0,0.07636923124553412,60.0,60.184615622767055,0.0
2024-07-29 05:42:00,1.0,0.0,0.07635828486742917,60.0,60.17914243371458,0.0
2024-07-29 05:43:00,1.0,0.0,0.0763473400583225,60.0,60.17367002916125,0.0
2024-07-29 05:44:00,1.0,0.0,0.07633639681798926,60.0,60.16819840899463,0.0
2024-07-29 05:45:00,1.0,0.0,0.07632545514620455,60.0,60.16272757310227,0.0
2024-07-29 05:46:00,1.0,0.0,0.07631451504274356,60.0,60.157257521371776,0.0
2024-07-29 05:47:00,1.0,0.0,0.07630357650738148,60.0,60.15178825369074,0.0
2024-07-29 05:48:00,1.0,0.0,0.07629263953989356,60.0,60.14631976994678,0.0
2024-07-29 05:49:00,1.0,0.0,0.07628170414005507,60.0,60.140852070027535,0.0
2024-07-29 05:50:00,1.0,0.0,0.0762707703076413,60.0,60.13538515382065,0.0
2024-07-29 05:51:00,1.0,1.92556,0.07625983804242759,60.0,60.129919021213794,1.0
2024-07-29 05:52:00,1.0,11.553360000000001,0.07597290734418931,60.0,59.986453672094655,6.0
2024-07-29 05:53:00,1.0,11.553360000000001,0.07430601777314141,60.0,59.1530088865707,6.0
2024-07-29 05:54:00,1.0,0.0,0.07263936712558673,60.0,58.319683562793365,0.0
2024-07-29 05:55:00,1.0,0.0,0.07305896014511007,60.0,58.52948007255503,0.0
2024-07-29 05:56:00,1.0,0.0,0.073478493022299,60.0,58.7392465111495,0.0
2024-07-29 05:57:00,1.0,0.0,0.07389796576577408,60.0,58.94898288288704,0.0
2024-07-29 05:58:00,1.0,0.0,0.07431737838415453,60.0,59.15868919207726,0.0
2024-07-29 05:59:00,1.0,0.0,0.07473673088605837,60.0,59.368365443029184,0.0
2024-07-29 06:00:00,1.0,1.92556,0.07515602328010242,60.0,59.57801164005121,1.0
2024-07-29 06:01:00,1.0,1.92556,0.0752992555749022,60.0,59.6496277874511,1.0
2024-07-29 06:02:00,1.0,11.553360000000001,0.07544246733951164,60.0,59.72123366975582,6.0
2024-07-29 06:03:00,1.0,0.0,0.07420565857687339,60.0,59.102829288436695,0.0
2024-07-29 06:04:00,1.0,0.0,0.07462502709212754,60.0,59.31251354606377,0.0
2024-07-29 06:05:00,1.0,0.0,0.07504433549722661,60.0,59.522167748613306,0.0
2024-07-29 06:06:00,1.0,0.0,0.0754635838007865,60.0,59.73179190039325,0.0
2024-07-29 06:07:00,1.0,0.0,0.07588277201142184,60.0,59.94138600571092,0.0
2024-07-29 06:08:00,1.0,0.0,0.07630190013774604,60.0,60.15095006887302,0.0
2024-07-29 06:09:00,1.0,0.0,0.0767209681883713,60.0,60.36048409418565,0.0
2024-07-29 06:10:00,1.0,0.0,0.07713997617190856,60.0,60.56998808595428,0.0
2024-07-29 06:11:00,1.0,0.0,0.07755892409696753,60.0,60.779462048483765,0.0
2024-07-29 06:12:00,1.0,0.0,0.07797781197215668,60.0,60.98890598607834,0.0
2024-07-29 06:13:00,1.0,0.0,0.07839663980608327,60.0,61.198319903041636,0.0
2024-07-29 06:14:00,1.0,0.0,0.07838540282952243,60.0,61.19270141476122,0.0
2024-07-29 06:15:00,1.0,0.0,0.07837416746361281,60.0,61.1870837318064,0.0
2024-07-29 06:16:00,1.0,0.0,0.07836293370812353,60.0,61.18146685406176,0.0
2024-07-29 06:17:00,1.0,0.0,0.07835170156282376,60.0,61.175850781411874,0.0
2024-07-29 06:18:00,1.0,11.553360000000001,0.07834047102748268,60.0,61.17023551374134,6.0
2024-07-29 06:19:00,1.0,11.553360000000001,0.07667324210186956,60.0,60.33662105093478,6.0
2024-07-29 06:20:00,1.0,0.0,0.07500625214839103,60.0,59.503126074195514,0.0
2024-07-29 06:21:00,1.0,0.0,0.07499550113279403,60.0,59.497750566397016,0.0
2024-07-29 06:22:00,1.0,0.0,0.07498475165819306,60.0,59.49237582909653,0.0
2024-07-29 06:23:00,1.0,0.0,0.07497400372436724,60.0,59.48700186218362,0.0
2024-07-29 06:24:00,1.0,0.0,0.07496325733109571,60.0,59.48162866554785,0.0
2024-07-29 06:25:00,1.0,0.0,0.07495251247815767,60.0,59.47625623907883,0.0
2024-07-29 06:26:00,1.0,0.0,0.07494176916533232,60.0,59.47088458266616,0.0
2024-07-29 06:27:00,1.0,0.0,0.07493102739239892,60.0,59.46551369619946,0.0
2024-07-29 06:28:00,1.0,0.0,0.07492028715913675,60.0,59.460143579568374,0.0
2024-07-29 06:29:00,1.0,0.0,0.07490954846532512,60.0,59.45477423266256,0.0
2024-07-29 06:30:00,1.0,0.0,0.07489881131074337,60.0,59.449405655371685,0.0
2024-07-29 06:31:00,1.0,0.0,0.07488807569517089,60.0,59.44403784758544,0.0
2024-07-29 06:32:00,1.0,0.0,0.07487734161838705,60.0,59.438670809193525,0.0
2024-07-29 06:33:00,1.0,0.0,0.07486660908017133,60.0,59.433304540085665,0.0
2024-07-29 06:34:00,1.0,0.0,0.07485587808030317,60.0,59.427939040151585,0.0
2024-07-29 06:35:00,1.0,0.0,0.07484514861856209,60.0,59.422574309281046,0.0
2024-07-29 06:36:00,1.0,0.0,0.07483442069472761,60.0,59.417210347363806,0.0
2024-07-29 06:37:00,1.0,0.0,0.07482369430857931,60.0,59.41184715428965,0.0
2024-07-29 06:38:00,1.0,0.0,0.07481296945989677,60.0,59.40648472994838,0.0
2024-07-29 06:39:00,1.0,0.0,0.07480224614845961,60.0,59.4011230742298,0.0
2024-07-29 06:40:00,1.0,0.0,0.0747915243740475,60.0,59.39576218702375,0.0
2024-07-29 06:41:00,1.0,0.0,0.07478080413644014,60.0,59.39040206822007,0.0
2024-07-29 06:42:00,1.0,0.0,0.07477008543541724,60.0,59.38504271770862,0.0
2024-07-29 06:43:00,1.0,0.0,0.07475936827075856,60.0,59.37968413537928,0.0
2024-07-29 06:44:00,1.0,0.0,0.07474865264224388,60.0,59.37432632112194,0.0
2024-07-29 06:45:00,1.0,0.0,0.07473793854965302,60.0,59.36896927482651,0.0
2024-07-29 06:46:00,1.0,0.0,0.07472722599276582,60.0,59.36361299638291,0.0
2024-07-29 06:47:00,1.0,0.0,0.07471651497136217,60.0,59.35825748568109,0.0
2024-07-29 06:48:00,1.0,0.0,0.07470580548522199,60.0,59.35290274261099,0.0
2024-07-29 06:49:00,1.0,0.0,0.07469509753412522,60.0,59.347548767062605,0.0
2024-07-29 06:50:00,1.0,0.0,0.0746843911178518,60.0,59.3421955589259,0.0
2024-07-29 06:51:00,1.0,0.0,0.07467368623618179,60.0,59.33684311809089,0.0
2024-07-29 06:52:00,1.0,0.0,0.07466298288889518,60.0,59.33149144444759,0.0
2024-07-29 06:53:00,1.0,0.0,0.07465228107577208,60.0,59.32614053788604,0.0
2024-07-29 06:54:00,1.0,0.0,0.07464158079659257,60.0,59.32079039829628,0.0
2024-07-29 06:55:00,1.0,0.0,0.07463088205113677,60.0,59.31544102556838,0.0
2024-07-29 06:56:00,1.0,0.0,0.07462018483918487,60.0,59.31009241959243,0.0
2024-07-29 06:57:00,1.0,0.0,0.07460948916051703,60.0,59.304744580258514,0.0
2024-07-29 06:58:00,1.0,0.0,0.07459879501491352,60.0,59.29939750745676,0.0
2024-07-29 06:59:00,1.0,0.0,0.07458810240215458,60.0,59.29405120107729,0.0
2024-07-29 07:00:00,1.0,0.0,0.07457741132202048,60.0,59.28870566101024,0.0
2024-07-29 07:01:00,1.0,0.0,0.07456672177429156,60.0,59.28336088714578,0.0
2024-07-29 07:02:00,1.0,0.0,0.07455603375874818,60.0,59.27801687937409,0.0
2024-07-29 07:03:00,1.0,0.0,0.07454534727517073,60.0,59.27267363758536,0.0
2024-07-29 07:04:00,1.0,0.0,0.0745346623233396,60.0,59.2673311616698,0.0
2024-07-29 07:05:00,1.0,0.0,0.07452397890303526,60.0,59.26198945151763,0.0
2024-07-29 07:06:00,1.0,0.0,0.07451329701403818,60.0,59.25664850701909,0.0
2024-07-29 07:07:00,1.0,0.0,0.07450261665612885,60.0,59.251308328064425,0.0
2024-07-29 07:08:00,1.0,0.0,0.07449193782908783,60.0,59.245968914543916,0.0
2024-07-29 07:09:00,1.0,0.0,0.0744812605326957,60.0,59.24063026634785,0.0
2024-07-29 07:10:00,1.0,0.0,0.07447058476673306,60.0,59.23529238336653,0.0
2024-07-29 07:11:00,1.0,0.0,0.07445991053098054,60.0,59.22995526549027,0.0
2024-07-29 07:12:00,1.0,0.0,0.07444923782521881,60.0,59.22461891260941,0.0
2024-07-29 07:13:00,1.0,0.0,0.07443856664922857,60.0,59.21928332461429,0.0
2024-07-29 07:14:00,1.0,0.0,0.07442789700279057,60.0,59.21394850139528,0.0
2024-07-29 07:15:00,1.0,0.0,0.07441722888568551,60.0,59.20861444284276,0.0
2024-07-29 07:16:00,1.0,0.0,0.07440656229769427,60.0,59.20328114884713,0.0
2024-07-29 07:17:00,1.0,0.0,0.07439589723859762,60.0,59.197948619298806,0.0
2024-07-29 07:18:00,1.0,0.0,0.07438523370817642,60.0,59.19261685408821,0.0
2024-07-29 07:19:00,1.0,0.0,0.07437457170621156,60.0,59.18728585310578,0.0
2024-07-29 07:20:00,1.0,0.0,0.07436391123248395,60.0,59.18195561624198,0.0
2024-07-29 07:21:00,1.0,0.0,0.07435325228677458,60.0,59.17662614338729,0.0
2024-07-29 07:22:00,1.0,0.0,0.07434259486886438,60.0,59.17129743443219,0.0
2024-07-29 07:23:00,1.0,0.0,0.07433193897853439,60.0,59.1659694892672,0.0
2024-07-29 07:24:00,1.0,0.0,0.07432128461556566,60.0,59.16064230778283,0.0
2024-07-29 07:25:00,1.0,0.0,0.07431063177973926,60.0,59.15531588986963,0.0
2024-07-29 07:26:00,1.0,0.0,0.07429998047083627,60.0,59.14999023541814,0.0
2024-07-29 07:27:00,1.0,0.0,0.07428933068863788,60.0,59.14466534431894,0.0
2024-07-29 07:28:00,1.0,0.0,0.07427868243292522,60.0,59.13934121646261,0.0
2024-07-29 07:29:00,1.0,0.0,0.0742680357034795,60.0,59.134017851739756,0.0
2024-07-29 07:30:00,1.0,0.0,0.07425739050008198,60.0,59.12869525004099,0.0
2024-07-29 07:31:00,1.0,0.0,0.07424674682251389,60.0,59.12337341125694,0.0
2024-07-29 07:32:00,1.0,0.0,0.07423610467055652,60.0,59.118052335278264,0.0
2024-07-29 07:33:00,1.0,0.0,0.07422546404399125,60.0,59.11273202199562,0.0
2024-07-29 07:34:00,1.0,0.0,0.07421482494259937,60.0,59.10741247129968,0.0
2024-07-29 07:35:00,1.0,0.0,0.0742041873661623,60.0,59.10209368308115,0.0
2024-07-29 07:36:00,1.0,0.0,0.07419355131446147,60.0,59.09677565723073,0.0
2024-07-29 07:37:00,1.0,0.0,0.0741829167872783,60.0,59.09145839363915,0.0
2024-07-29 07:38:00,1.0,0.0,0.0741722837843943,60.0,59.086141892197155,0.0
2024-07-29 07:39:00,1.0,0.0,0.074161652305591,60.0,59.0808261527955,0.0
2024-07-29 07:40:00,1.0,0.0,0.07415102235064992,60.0,59.07551117532496,0.0
2024-07-29 07:41:00,1.0,0.0,0.07414039391935265,60.0,59.07019695967632,0.0
2024-07-29 07:42:00,1.0,0.0,0.07412976701148079,60.0,59.06488350574039,0.0
2024-07-29 07:43:00,1.0,0.0,0.07411914162681597,60.0,59.05957081340799,0.0
2024-07-29 07:44:00,1.0,1.92556,0.0741085177651399,60.0,59.05425888256995,1.0
2024-07-29 07:45:00,1.0,0.0,0.07382189542623424,60.0,58.91094771311712,0.0
2024-07-29 07:46:00,1.0,0.0,0.07424131894815117,60.0,59.12065947407558,0.0
2024-07-29 07:47:00,1.0,0.0,0.07466068235202863,60.0,59.330341176014315,0.0
2024-07-29 07:48:00,1.0,0.0,0.07507998564648366,60.0,59.53999282324183,0.0
2024-07-29 07:49:00,1.0,0.0,0.07549922884013205,60.0,59.749614420066024,0.0
2024-07-29 07:50:00,1.0,0.0,0.07591841194158831,60.0,59.95920597079416,0.0
2024-07-29 07:51:00,1.0,0.0,0.07633753495946577,60.0,60.168767479732885,0.0
2024-07-29 07:52:00,1.0,0.0,0.0767565979023765,60.0,60.37829895118825,0.0
2024-07-29 07:53:00,1.0,0.0,0.07717560077893135,60.0,60.58780038946567,0.0
2024-07-29 07:54:00,1.0,0.0,0.0775945435977399,60.0,60.79727179886995,0.0
2024-07-29 07:55:00,1.0,0.0,0.07801342636741056,60.0,61.00671318370528,0.0
2024-07-29 07:56:00,1.0,0.0,0.07800224431871958,60.0,61.00112215935979,0.0
2024-07-29 07:57:00,1.0,1.92556,0.07799106387280672,60.0,60.99553193640336,1.0
2024-07-29 07:58:00,1.0,1.92556,0.07770388502944225,60.0,60.851942514721124,1.0
2024-07-29 07:59:00,1.0,0.0,0.07741674734883602,60.0,60.70837367441801,0.0
2024-07-29 08:00:00,1.0,0.0,0.07740565082508799,60.0,60.702825412543994,0.0
2024-07-29 08:01:00,1.0,1.92556,0.07739455589185935,60.0,60.69727794592968,1.0
2024-07-29 08:02:00,1.0,0.0,0.07710746254892216,60.0,60.55373127446108,0.0
2024-07-29 08:03:00,1.0,0.0,0.07709641035648801,60.0,60.548205178244004,0.0
2024-07-29 08:04:00,1.0,0.0,0.07708535974821905,60.0,60.542679874109524,0.0
2024-07-29 08:05:00,1.0,0.0,0.0770743107238882,60.0,60.5371553619441,0.0
2024-07-29 08:06:00,1.0,0.0,0.07706326328326844,60.0,60.53163164163422,0.0
2024-07-29 08:07:00,1.0,0.0,0.07705221742613276,60.0,60.52610871306638,0.0
2024-07-29 08:08:00,1.0,0.0,0.07704117315225419,60.0,60.520586576127094,0.0
2024-07-29 08:09:00,1.0,0.0,0.0770301304614058,60.0,60.5150652307029,0.0
2024-07-29 08:10:00,1.0,0.0,0.07701908935336069,60.0,60.50954467668034,0.0
2024-07-29 08:11:00,1.0,0.0,0.07700804982789199,60.0,60.50402491394599,0.0
2024-07-29 08:12:00,1.0,0.0,0.07699701188477283,60.0,60.498505942386416,0.0
2024-07-29 08:13:00,1.0,0.0,0.07698597552377645,60.0,60.49298776188822,0.0
2024-07-29 08:14:00,1.0,0.0,0.07697494074467605,60.0,60.487470372338024,0.0
2024-07-29 08:15:00,1.0,0.0,0.0769639075472449,60.0,60.48195377362245,0.0
2024-07-29 08:16:00,1.0,0.0,0.07695287593125628,60.0,60.47643796562814,0.0
2024-07-29 08:17:00,1.0,0.0,0.07694184589648354,60.0,60.470922948241764,0.0
2024-07-29 08:18:00,1.0,0.0,0.07693081744269999,60.0,60.465408721349995,0.0
2024-07-29 08:19:00,1.0,0.0,0.07691979056967906,60.0,60.459895284839526,0.0
2024-07-29 08:20:00,1.0,0.0,0.07690876527719415,60.0,60.454382638597075,0.0
2024-07-29 08:21:00,1.0,0.0,0.07689774156501873,60.0,60.44887078250937,0.0
2024-07-29 08:22:00,1.0,1.92556,0.07688671943292628,60.0,60.44335971646314,1.0
2024-07-29 08:23:00,1.0,0.0,0.07659969888069032,60.0,60.299849440345156,0.0
2024-07-29 08:24:00,1.0,0.0,0.07658871946852396,60.0,60.294359734261974,0.0
2024-07-29 08:25:00,1.0,0.0,0.07657774163009082,60.0,60.28887081504541,0.0
2024-07-29 08:26:00,1.0,0.0,0.07656676536516534,60.0,60.28338268258267,0.0
2024-07-29 08:27:00,1.0,0.0,0.07655579067352199,60.0,60.27789533676099,0.0
2024-07-29 08:28:00,1.0,0.0,0.07654481755493524,60.0,60.27240877746762,0.0
2024-07-29 08:29:00,1.0,0.0,0.07653384600917963,60.0,60.26692300458981,0.0
2024-07-29 08:30:00,1.0,0.0,0.07652287603602971,60.0,60.26143801801486,0.0
2024-07-29 08:31:00,1.0,0.0,0.0765119076352601,60.0,60.25595381763005,0.0
2024-07-29 08:32:00,1.0,0.0,0.0765009408066454,60.0,60.2504704033227,0.0
2024-07-29 08:33:00,1.0,0.0,0.07648997554996026,60.0,60.24498777498013,0.0
2024-07-29 08:34:00,1.0,0.0,0.07647901186497938,60.0,60.23950593248969,0.0
2024-07-29 08:35:00,1.0,0.0,0.07646804975147749,60.0,60.23402487573874,0.0
2024-07-29 08:36:00,1.0,0.0,0.07645708920922929,60.0,60.22854460461465,0.0
2024-07-29 08:37:00,1.0,0.0,0.07644613023800963,60.0,60.223065119004815,0.0
2024-07-29 08:38:00,1.0,0.0,0.07643517283759328,60.0,60.21758641879664,0.0
2024-07-29 08:39:00,1.0,0.0,0.07642421700775512,60.0,60.21210850387756,0.0
2024-07-29 08:40:00,1.0,0.0,0.07641326274827001,60.0,60.20663137413501,0.0
2024-07-29 08:41:00,1.0,0.0,0.07640231005891288,60.0,60.20115502945644,0.0
2024-07-29 08:42:00,1.0,0.0,0.07639135893945866,60.0,60.19567946972933,0.0
2024-07-29 08:43:00,1.0,0.0,0.07638040938968234,60.0,60.19020469484117,0.0
2024-07-29 08:44:00,1.0,0.0,0.07636946140935894,60.0,60.18473070467947,0.0
2024-07-29 08:45:00,1.0,0.0,0.07635851499826347,60.0,60.17925749913174,0.0
2024-07-29 08:46:00,1.0,0.0,0.07634757015617104,60.0,60.173785078085515,0.0
2024-07-29 08:47:00,1.0,0.0,0.07633662688285672,60.0,60.16831344142836,0.0
2024-07-29 08:48:00,1.0,0.0,0.07632568517809568,60.0,60.16284258904784,0.0
2024-07-29 08:49:00,1.0,0.0,0.07631474504166309,60.0,60.157372520831544,0.0
2024-07-29 08:50:00,1.0,0.0,0.07630380647333414,60.0,60.15190323666707,0.0
2024-07-29 08:51:00,1.0,0.0,0.07629286947288406,60.0,60.14643473644203,0.0
2024-07-29 08:52:00,1.0,0.0,0.07628193404008815,60.0,60.14096702004407,0.0
2024-07-29 08:53:00,1.0,0.0,0.07627100017472167,60.0,60.13550008736084,0.0
2024-07-29 08:54:00,1.0,0.0,0.07626006787655999,60.0,60.13003393827999,0.0
2024-07-29 08:55:00,1.0,0.0,0.07624913714537844,60.0,60.12456857268922,0.0
2024-07-29 08:56:00,1.0,1.92556,0.07623820798095245,60.0,60.11910399047622,1.0
2024-07-29 08:57:00,1.0,1.92556,0.07595128038305742,60.0,59.975640191528704,1.0
2024-07-29 08:58:00,1.0,0.0,0.07566439391190838,60.0,59.83219695595419,0.0
2024-07-29 08:59:00,1.0,1.92556,0.07565354856161045,60.0,59.826774280805225,1.0
2024-07-29 09:00:00,1.0,1.92556,0.07536670476582999,60.0,59.683352382915,1.0
2024-07-29 09:01:00,1.0,0.0,0.07507990208478377,60.0,59.539951042391884,0.0
2024-07-29 09:02:00,1.0,0.0,0.07506914051257858,60.0,59.53457025628929,0.0
2024-07-29 09:03:00,1.0,0.0,0.07505838048288258,60.0,59.529190241441285,0.0
2024-07-29 09:04:00,1.0,0.0,0.0750476219954746,60.0,59.5238109977373,0.0
2024-07-29 09:05:00,1.0,0.0,0.07503686505013363,60.0,59.518432525066814,0.0
2024-07-29 09:06:00,1.0,0.0,0.07502610964663864,60.0,59.513054823319315,0.0
2024-07-29 09:07:00,1.0,0.0,0.07501535578476859,60.0,59.507677892384294,0.0
2024-07-29 09:08:00,1.0,0.0,0.07500460346430254,60.0,59.502301732151274,0.0
2024-07-29 09:09:00,1.0,0.0,0.07499385268501957,60.0,59.49692634250978,0.0
2024-07-29 09:10:00,1.0,0.0,0.07498310344669873,60.0,59.49155172334936,0.0
2024-07-29 09:11:00,1.0,0.0,0.07497235574911916,60.0,59.48617787455958,0.0
2024-07-29 09:12:00,1.0,0.0,0.07496160959206004,60.0,59.48080479603002,0.0
2024-07-29 09:13:00,1.0,0.0,0.07495086497530055,60.0,59.475432487650274,0.0
2024-07-29 09:14:00,1.0,0.0,0.07494012189861991,60.0,59.47006094930995,0.0
2024-07-29 09:15:00,1.0,0.0,0.07492938036179736,60.0,59.46469018089868,0.0
2024-07-29 09:16:00,1.0,0.0,0.07491864036461221,60.0,59.4593201823061,0.0
2024-07-29 09:17:00,1.0,0.0,0.07490790190684375,60.0,59.453950953421874,0.0
2024-07-29 09:18:00,1.0,0.0,0.07489716498827134,60.0,59.44858249413567,0.0
2024-07-29 09:19:00,1.0,0.0,0.07488642960867437,60.0,59.44321480433718,0.0
2024-07-29 09:20:00,1.0,0.0,0.07487569576783223,60.0,59.43784788391611,0.0
2024-07-29 09:21:00,1.0,0.0,0.07486496346552438,60.0,59.432481732762184,0.0
2024-07-29 09:22:00,1.0,0.0,0.07485423270153027,60.0,59.42711635076513,0.0
2024-07-29 09:23:00,1.0,0.0,0.07484350347562942,60.0,59.42175173781471,0.0
2024-07-29 09:24:00,1.0,0.0,0.07483277578760138,60.0,59.41638789380069,0.0
2024-07-29 09:25:00,1.0,0.0,0.0748220496372257,60.0,59.41102481861285,0.0
2024-07-29 09:26:00,1.0,0.0,0.074811325024282,60.0,59.405662512141,0.0
2024-07-29 09:27:00,1.0,0.0,0.0748006019485499,60.0,59.40030097427495,0.0
2024-07-29 09:28:00,1.0,0.0,0.07478988040980906,60.0,59.39494020490453,0.0
2024-07-29 09:29:00,1.0,0.0,0.07477916040783919,60.0,59.38958020391959,0.0
2024-07-29 09:30:00,1.0,0.0,0.07476844194242,60.0,59.38422097121,0.0
2024-07-29 09:31:00,1.0,0.0,0.07475772501333126,60.0,59.378862506665634,0.0
2024-07-29 09:32:00,1.0,0.0,0.07474700962035277,60.0,59.373504810176385,0.0
2024-07-29 09:33:00,1.0,0.0,0.07473629576326432,60.0,59.36814788163216,0.0
2024-07-29 09:34:00,1.0,0.0,0.0747255834418458,60.0,59.3627917209229,0.0
2024-07-29 09:35:00,1.0,0.0,0.07471487265587708,60.0,59.35743632793854,0.0
2024-07-29 09:36:00,1.0,0.0,0.07470416340513807,60.0,59.35208170256903,0.0
2024-07-29 09:37:00,1.0,0.0,0.07469345568940872,60.0,59.346727844704354,0.0
2024-07-29 09:38:00,1.0,0.0,0.07468274950846898,60.0,59.341374754234494,0.0
2024-07-29 09:39:00,1.0,0.0,0.07467204486209893,60.0,59.336022431049464,0.0
2024-07-29 09:40:00,1.0,0.0,0.07466134175007856,60.0,59.33067087503928,0.0
2024-07-29 09:41:00,1.0,0.0,0.07465064017218796,60.0,59.32532008609398,0.0
2024-07-29 09:42:00,1.0,0.0,0.07463994012820724,60.0,59.31997006410362,0.0
2024-07-29 09:43:00,1.0,0.0,0.07462924161791654,60.0,59.31462080895827,0.0
2024-07-29 09:44:00,1.0,0.0,0.074618544641096,60.0,59.309272320548004,0.0
2024-07-29 09:45:00,1.0,0.0,0.07460784919752585,60.0,59.303924598762926,0.0
2024-07-29 09:46:00,1.0,0.0,0.07459715528698631,60.0,59.298577643493154,0.0
2024-07-29 09:47:00,1.0,0.0,0.07458646290925765,60.0,59.293231454628824,0.0
2024-07-29 09:48:00,1.0,0.0,0.07457577206412017,60.0,59.28788603206008,0.0
2024-07-29 09:49:00,1.0,0.0,0.07456508275135415,60.0,59.28254137567708,0.0
2024-07-29 09:50:00,1.0,0.0,0.07455439497074001,60.0,59.27719748537,0.0
2024-07-29 09:51:00,1.0,0.0,0.0745437087220581,60.0,59.27185436102905,0.0
2024-07-29 09:52:00,1.0,0.0,0.07453302400508886,60.0,59.26651200254443,0.0
2024-07-29 09:53:00,1.0,0.0,0.07452234081961273,60.0,59.26117040980637,0.0
2024-07-29 09:54:00,1.0,0.0,0.07451165916541021,60.0,59.255829582705104,0.0
2024-07-29 09:55:00,1.0,0.0,0.0745009790422618,60.0,59.2504895211309,0.0
2024-07-29 09:56:00,1.0,0.0,0.07449030044994805,60.0,59.245150224974026,0.0
2024-07-29 09:57:00,1.0,0.0,0.07447962338824954,60.0,59.23981169412477,0.0
2024-07-29 09:58:00,1.0,1.92556,0.07446894785694687,60.0,59.234473928473435,1.0
2024-07-29 09:59:00,1.0,1.92556,0.0741822738558207,60.0,59.09113692791035,1.0
2024-07-29 10:00:00,1.0,0.0,0.07389564094509124,60.0,58.94782047254562,0.0
2024-07-29 10:01:00,1.0,0.0,0.07431505389669969,60.0,59.15752694834985,0.0
2024-07-29 10:02:00,1.0,0.0,0.07473440673178378,60.0,59.36720336589189,0.0
2024-07-29 10:03:00,1.0,0.0,0.0751536994589603,60.0,59.57684972948015,0.0
2024-07-29 10:04:00,1.0,0.0,0.07557293208684483,60.0,59.786466043422415,0.0
2024-07-29 10:05:00,1.0,0.0,0.07599210462405168,60.0,59.99605231202584,0.0
2024-07-29 10:06:00,1.0,0.0,0.07641121707919396,60.0,60.20560853959698,0.0
2024-07-29 10:07:00,1.0,0.0,0.07683026946088352,60.0,60.41513473044176,0.0
2024-07-29 10:08:00,1.0,0.0,0.07724926177773098,60.0,60.62463088886549,0.0
2024-07-29 10:09:00,1.0,1.92556,0.07766819403834574,60.0,60.834097019172866,1.0
2024-07-29 10:10:00,1.0,1.92556,0.07781106625133594,60.0,60.905533125667965,1.0
2024-07-29 10:11:00,1.0,0.0,0.07795391798574806,60.0,60.97695899287403,0.0
2024-07-29 10:12:00,1.0,0.0,0.07837274924451743,60.0,61.18637462225871,0.0
2024-07-29 10:13:00,1.0,0.0,0.07836151569230845,60.0,61.18075784615423,0.0
2024-07-29 10:14:00,1.0,0.0,0.07835028375025987,60.0,61.17514187512994,0.0
2024-07-29 10:15:00,1.0,0.0,0.07833905341814087,60.0,61.16952670907044,0.0
2024-07-29 10:16:00,1.0,0.0,0.0783278246957207,60.0,61.16391234786035,0.0
2024-07-29 10:17:00,1.0,0.0,0.07831659758276861,60.0,61.158298791384304,0.0
2024-07-29 10:18:00,1.0,0.0,0.07830537207905393,60.0,61.15268603952696,0.0
2024-07-29 10:19:00,1.0,0.0,0.07829414818434599,60.0,61.14707409217299,0.0
2024-07-29 10:20:00,1.0,0.0,0.07828292589841417,60.0,61.14146294920708,0.0
2024-07-29 10:21:00,1.0,0.0,0.07827170522102786,60.0,61.13585261051393,0.0
2024-07-29 10:22:00,1.0,0.0,0.07826048615195653,60.0,61.130243075978264,0.0
2024-07-29 10:23:00,1.0,0.0,0.07824926869096963,60.0,61.124634345484814,0.0
2024-07-29 10:24:00,1.0,0.0,0.07823805283783666,60.0,61.11902641891833,0.0
2024-07-29 10:25:00,1.0,0.0,0.07822683859232718,60.0,61.11341929616359,0.0
2024-07-29 10:26:00,1.0,0.0,0.07821562595421075,60.0,61.107812977105375,0.0
2024-07-29 10:27:00,1.0,0.0,0.07820441492325698,60.0,61.10220746162849,0.0
2024-07-29 10:28:00,1.0,0.0,0.07819320549923549,60.0,61.096602749617745,0.0
2024-07-29 10:29:00,1.0,0.0,0.07818199768191596,60.0,61.09099884095798,0.0
2024-07-29 10:30:00,1.0,0.0,0.0781707914710681,60.0,61.08539573553405,0.0
2024-07-29 10:31:00,1.0,0.0,0.07815958686646164,60.0,61.07979343323082,0.0
2024-07-29 10:32:00,1.0,0.0,0.07814838386786635,60.0,61.07419193393317,0.0
2024-07-29 10:33:00,1.0,0.0,0.07813718247505202,60.0,61.068591237526014,0.0
2024-07-29 10:34:00,1.0,0.0,0.07812598268778852,60.0,61.06299134389426,0.0
2024-07-29 10:35:00,1.0,0.0,0.07811478450584569,60.0,61.057392252922845,0.0
2024-07-29 10:36:00,1.0,0.0,0.07810358792899345,60.0,61.051793964496724,0.0
2024-07-29 10:37:00,1.0,0.0,0.07809239295700172,60.0,61.04619647850086,0.0
2024-07-29 10:38:00,1.0,0.0,0.07808119958964047,60.0,61.04059979482023,0.0
2024-07-29 10:39:00,1.0,0.0,0.07807000782667971,60.0,61.03500391333985,0.0
2024-07-29 10:40:00,1.0,0.0,0.07805881766788944,60.0,61.02940883394472,0.0
2024-07-29 10:41:00,1.0,0.0,0.07804762911303978,60.0,61.02381455651989,0.0
2024-07-29 10:42:00,1.0,0.0,0.07803644216190078,60.0,61.01822108095039,0.0
2024-07-29 10:43:00,1.0,0.0,0.07802525681424259,60.0,61.0126284071213,0.0
2024-07-29 10:44:00,1.0,0.0,0.07801407306983539,60.0,61.007036534917695,0.0
2024-07-29 10:45:00,1.0,0.0,0.07800289092844936,60.0,61.00144546422468,0.0
2024-07-29 10:46:00,1.0,0.0,0.07799171038985475,60.0,60.99585519492737,0.0
2024-07-29 10:47:00,1.0,0.0,0.0779805314538218,60.0,60.9902657269109,0.0
2024-07-29 10:48:00,1.0,0.0,0.07796935412012083,60.0,60.98467706006041,0.0
2024-07-29 10:49:00,1.0,0.0,0.07795817838852215,60.0,60.97908919426107,0.0
2024-07-29 10:50:00,1.0,0.0,0.07794700425879612,60.0,60.973502129398064,0.0
2024-07-29 10:51:00,1.0,0.0,0.07793583173071317,60.0,60.96791586535658,0.0
2024-07-29 10:52:00,1.0,0.0,0.07792466080404369,60.0,60.96233040202184,0.0
2024-07-29 10:53:00,1.0,0.0,0.07791349147855815,60.0,60.95674573927908,0.0
2024-07-29 10:54:00,1.0,0.0,0.07790232375402707,60.0,60.95116187701353,0.0
2024-07-29 10:55:00,1.0,0.0,0.07789115763022095,60.0,60.94557881511047,0.0
2024-07-29 10:56:00,1.0,0.0,0.07787999310691035,60.0,60.939996553455174,0.0
2024-07-29 10:57:00,1.0,0.0,0.07786883018386588,60.0,60.93441509193294,0.0
2024-07-29 10:58:00,1.0,0.0,0.07785766886085815,60.0,60.92883443042908,0.0
2024-07-29 10:59:00,1.0,0.0,0.07784650913765785,60.0,60.92325456882892,0.0
2024-07-29 11:00:00,1.0,0.0,0.07783535101403564,60.0,60.91767550701782,0.0
2024-07-29 11:01:00,1.0,0.0,0.07782419448976224,60.0,60.912097244881124,0.0
2024-07-29 11:02:00,1.0,0.0,0.07781303956460843,60.0,60.906519782304215,0.0
2024-07-29 11:03:00,1.0,0.0,0.077801886238345,60.0,60.900943119172496,0.0
2024-07-29 11:04:00,1.0,0.0,0.07779073451074274,60.0,60.89536725537137,0.0
2024-07-29 11:05:00,1.0,0.0,0.07777958438157254,60.0,60.88979219078627,0.0
2024-07-29 11:06:00,1.0,0.0,0.07776843585060528,60.0,60.884217925302636,0.0
2024-07-29 11:07:00,1.0,0.0,0.07775728891761187,60.0,60.87864445880594,0.0
2024-07-29 11:08:00,1.0,0.0,0.07774614358236329,60.0,60.873071791181644,0.0
2024-07-29 11:09:00,1.0,0.0,0.0777349998446305,60.0,60.867499922315254,0.0
2024-07-29 11:10:00,1.0,0.0,0.07772385770418455,60.0,60.86192885209228,0.0
2024-07-29 11:11:00,1.0,0.0,0.07771271716079647,60.0,60.856358580398236,0.0
2024-07-29 11:12:00,1.0,0.0,0.07770157821423736,60.0,60.85078910711868,0.0
2024-07-29 11:13:00,1.0,0.0,0.07769044086427832,60.0,60.84522043213916,0.0
2024-07-29 11:14:00,1.0,0.0,0.0776793051106905,60.0,60.83965255534525,0.0
2024-07-29 11:15:00,1.0,0.0,0.07766817095324512,60.0,60.834085476622555,0.0
2024-07-29 11:16:00,1.0,0.0,0.07765703839171334,60.0,60.82851919585667,0.0
2024-07-29 11:17:00,1.0,0.0,0.07764590742586647,60.0,60.822953712933234,0.0
2024-07-29 11:18:00,1.0,0.0,0.07763477805547576,60.0,60.81738902773788,0.0
2024-07-29 11:19:00,1.0,0.0,0.07762365028031254,60.0,60.811825140156266,0.0
2024-07-29 11:20:00,1.0,0.0,0.07761252410014814,60.0,60.80626205007407,0.0
2024-07-29 11:21:00,1.0,0.0,0.07760139951475395,60.0,60.800699757376975,0.0
2024-07-29 11:22:00,1.0,0.0,0.07759027652390138,60.0,60.79513826195069,0.0
2024-07-29 11:23:00,1.0,0.0,0.07757915512736188,60.0,60.78957756368094,0.0
2024-07-29 11:24:00,1.0,0.0,0.07756803532490694,60.0,60.78401766245347,0.0
2024-07-29 11:25:00,1.0,0.0,0.07755691711630806,60.0,60.77845855815403,0.0
2024-07-29 11:26:00,1.0,0.0,0.07754580050133678,60.0,60.772900250668386,0.0
2024-07-29 11:27:00,1.0,0.0,0.07753468547976468,60.0,60.76734273988234,0.0
2024-07-29 11:28:00,1.0,0.0,0.07752357205136337,60.0,60.76178602568169,0.0
2024-07-29 11:29:00,1.0,0.0,0.07751246021590451,60.0,60.756230107952256,0.0
2024-07-29 11:30:00,1.0,0.0,0.07750134997315976,60.0,60.75067498657988,0.0
2024-07-29 11:31:00,1.0,0.0,0.07749024132290083,60.0,60.745120661450414,0.0
2024-07-29 11:32:00,1.0,0.0,0.07747913426489945,60.0,60.73956713244973,0.0
2024-07-29 11:33:00,1.0,0.0,0.07746802879892742,60.0,60.73401439946371,0.0
2024-07-29 11:34:00,1.0,0.0,0.07745692492475652,60.0,60.72846246237826,0.0
2024-07-29 11:35:00,1.0,0.0,0.0774458226421586,60.0,60.7229113210793,0.0
2024-07-29 11:36:00,1.0,0.0,0.07743472195090555,60.0,60.71736097545277,0.0
2024-07-29 11:37:00,1.0,0.0,0.07742362285076924,60.0,60.711811425384624,0.0
2024-07-29 11:38:00,1.0,0.0,0.07741252534152164,60.0,60.70626267076082,0.0
2024-07-29 11:39:00,1.0,0.0,0.07740142942293471,60.0,60.700714711467356,0.0
2024-07-29 11:40:00,1.0,0.0,0.07739033509478044,60.0,60.69516754739022,0.0
2024-07-29 11:41:00,1.0,0.0,0.07737924235683087,60.0,60.689621178415436,0.0
2024-07-29 11:42:00,1.0,0.0,0.07736815120885808,60.0,60.68407560442904,0.0
2024-07-29 11:43:00,1.0,0.0,0.07735706165063416,60.0,60.67853082531708,0.0
2024-07-29 11:44:00,1.0,0.0,0.07734597368193126,60.0,60.67298684096563,0.0
2024-07-29 11:45:00,1.0,0.0,0.07733488730252153,60.0,60.66744365126076,0.0
2024-07-29 11:46:00,1.0,0.0,0.07732380251217716,60.0,60.661901256088576,0.0
2024-07-29 11:47:00,1.0,0.0,0.0773127193106704,60.0,60.656359655335194,0.0
2024-07-29 11:48:00,1.0,0.0,0.07730163769777348,60.0,60.65081884888674,0.0
2024-07-29 11:49:00,1.0,0.0,0.07729055767325876,60.0,60.64527883662938,0.0
2024-07-29 11:50:00,1.0,0.0,0.07727947923689853,60.0,60.63973961844926,0.0
2024-07-29 11:51:00,1.0,0.0,0.07726840238846515,60.0,60.634201194232574,0.0
2024-07-29 11:52:00,1.0,0.0,0.07725732712773102,60.0,60.62866356386551,0.0
2024-07-29 11:53:00,1.0,0.0,0.07724625345446856,60.0,60.62312672723428,0.0
2024-07-29 11:54:00,1.0,0.0,0.07723518136845024,60.0,60.61759068422512,0.0
2024-07-29 11:55:00,1.0,0.0,0.07722411086944855,60.0,60.612055434724276,0.0
2024-07-29 11:56:00,1.0,0.0,0.07721304195723602,60.0,60.60652097861801,0.0
2024-07-29 11:57:00,1.0,0.0,0.0772019746315852,60.0,60.600987315792594,0.0
2024-07-29 11:58:00,1.0,0.0,0.07719090889226866,60.0,60.59545444613433,0.0
2024-07-29 11:59:00,1.0,0.0,0.07717984473905908,60.0,60.58992236952954,0.0
2024-07-29 12:00:00,1.0,0.0,0.07716878217172907,60.0,60.58439108586453,0.0
2024-07-29 12:01:00,1.0,0.0,0.07715772119005132,60.0,60.57886059502566,0.0
2024-07-29 12:02:00,1.0,0.0,0.07714666179379856,60.0,60.57333089689928,0.0
2024-07-29 12:03:00,1.0,0.0,0.07713560398274355,60.0,60.56780199137177,0.0
2024-07-29 12:04:00,1.0,0.0,0.07712454775665907,60.0,60.562273878329535,0.0
2024-07-29 12:05:00,1.0,0.0,0.07711349311531794,60.0,60.55674655765897,0.0
2024-07-29 12:06:00,1.0,0.0,0.07710244005849301,60.0,60.5512200292465,0.0
2024-07-29 12:07:00,1.0,0.0,0.07709138858595715,60.0,60.545694292978574,0.0
2024-07-29 12:08:00,1.0,0.0,0.07708033869748329,60.0,60.54016934874164,0.0
2024-07-29 12:09:00,1.0,0.0,0.07706929039284437,60.0,60.53464519642218,0.0
2024-07-29 12:10:00,1.0,0.0,0.07705824367181338,60.0,60.52912183590669,0.0
2024-07-29 12:11:00,1.0,0.0,0.07704719853416335,60.0,60.52359926708167,0.0
2024-07-29 12:12:00,1.0,0.0,0.07703615497966729,60.0,60.518077489833644,0.0
2024-07-29 12:13:00,1.0,0.0,0.0770251130080983,60.0,60.51255650404915,0.0
2024-07-29 12:14:00,1.0,0.0,0.07701407261922948,60.0,60.50703630961474,0.0
2024-07-29 12:15:00,1.0,0.0,0.077003033812834,60.0,60.501516906416995,0.0
2024-07-29 12:16:00,1.0,0.0,0.076991996588685,60.0,60.4959982943425,0.0
2024-07-29 12:17:00,1.0,0.0,0.07698096094655571,60.0,60.490480473277856,0.0
2024-07-29 12:18:00,1.0,0.0,0.07696992688621937,60.0,60.484963443109685,0.0
2024-07-29 12:19:00,1.0,0.0,0.07695889440744925,60.0,60.479447203724625,0.0
2024-07-29 12:20:00,1.0,0.0,0.07694786351001866,60.0,60.473931755009325,0.0
2024-07-29 12:21:00,1.0,0.0,0.07693683419370093,60.0,60.46841709685046,0.0
2024-07-29 12:22:00,1.0,0.0,0.07692580645826942,60.0,60.46290322913471,0.0
2024-07-29 12:23:00,1.0,0.0,0.07691478030349756,60.0,60.45739015174878,0.0
2024-07-29 12:24:00,1.0,0.0,0.0769037557291588,60.0,60.451877864579394,0.0
2024-07-29 12:25:00,1.0,0.0,0.07689273273502657,60.0,60.446366367513285,0.0
2024-07-29 12:26:00,1.0,0.0,0.07688171132087439,60.0,60.440855660437194,0.0
2024-07-29 12:27:00,1.0,0.0,0.0768706914864758,60.0,60.435345743237896,0.0
2024-07-29 12:28:00,1.0,0.0,0.07685967323160435,60.0,60.429836615802174,0.0
2024-07-29 12:29:00,1.0,0.0,0.07684865655603365,60.0,60.42432827801682,0.0
2024-07-29 12:30:00,1.0,0.0,0.07683764145953732,60.0,60.41882072976866,0.0
2024-07-29 12:31:00,1.0,0.0,0.07682662794188905,60.0,60.41331397094452,0.0
2024-07-29 12:32:00,1.0,0.0,0.0768156160028625,60.0,60.40780800143125,0.0
2024-07-29 12:33:00,1.0,0.0,0.0768046056422314,60.0,60.402302821115704,0.0
2024-07-29 12:34:00,1.0,0.0,0.07679359685976955,60.0,60.396798429884775,0.0
2024-07-29 12:35:00,1.0,0.0,0.07678258965525071,60.0,60.39129482762536,0.0
2024-07-29 12:36:00,1.0,0.0,0.07677158402844873,60.0,60.385792014224364,0.0
2024-07-29 12:37:00,1.0,0.0,0.07676057997913743,60.0,60.380289989568716,0.0
2024-07-29 12:38:00,1.0,0.0,0.07674957750709073,60.0,60.37478875354537,0.0
2024-07-29 12:39:00,1.0,0.0,0.07673857661208255,60.0,60.36928830604128,0.0
2024-07-29 12:40:00,1.0,0.0,0.07672757729388684,60.0,60.36378864694342,0.0
2024-07-29 12:41:00,1.0,0.0,0.07671657955227758,60.0,60.35828977613879,0.0
2024-07-29 12:42:00,1.0,0.0,0.0767055833870288,60.0,60.352791693514405,0.0
2024-07-29 12:43:00,1.0,0.0,0.07669458879791456,60.0,60.34729439895728,0.0
2024-07-29 12:44:00,1.0,0.0,0.07668359578470894,60.0,60.34179789235447,0.0
2024-07-29 12:45:00,1.0,0.0,0.07667260434718605,60.0,60.336302173593026,0.0
2024-07-29 12:46:00,1.0,0.0,0.07666161448512004,60.0,60.33080724256002,0.0
2024-07-29 12:47:00,1.0,0.0,0.0766506261982851,60.0,60.32531309914255,0.0
2024-07-29 12:48:00,1.0,0.0,0.07663963948645544,60.0,60.31981974322772,0.0
2024-07-29 12:49:00,1.0,0.0,0.0766286543494053,60.0,60.31432717470265,0.0
2024-07-29 12:50:00,1.0,0.0,0.07661767078690897,60.0,60.30883539345448,0.0
2024-07-29 12:51:00,1.0,0.0,0.07660668879874075,60.0,60.303344399370374,0.0
2024-07-29 12:52:00,1.0,0.0,0.076595708384675,60.0,60.297854192337496,0.0
2024-07-29 12:53:00,1.0,0.0,0.07658472954448609,60.0,60.29236477224304,0.0
2024-07-29 12:54:00,1.0,0.0,0.07657375227794842,60.0,60.28687613897421,0.0
2024-07-29 12:55:00,1.0,0.0,0.07656277658483643,60.0,60.281388292418214,0.0
2024-07-29 12:56:00,1.0,0.0,0.0765518024649246,60.0,60.2759012324623,0.0
2024-07-29 12:57:00,1.0,0.0,0.07654082991798745,60.0,60.270414958993726,0.0
2024-07-29 12:58:00,1.0,0.0,0.0765298589437995,60.0,60.26492947189975,0.0
2024-07-29 12:59:00,1.0,0.0,0.07651888954213532,60.0,60.259444771067656,0.0
2024-07-29 13:00:00,1.0,0.0,0.0765079217127695,60.0,60.25396085638475,0.0
2024-07-29 13:01:00,1.0,0.0,0.07649695545547669,60.0,60.24847772773835,0.0
2024-07-29 13:02:00,1.0,0.0,0.07648599077003158,60.0,60.24299538501579,0.0
2024-07-29 13:03:00,1.0,0.0,0.07647502765620884,60.0,60.23751382810442,0.0
2024-07-29 13:04:00,1.0,0.0,0.0764640661137832,60.0,60.2320330568916,0.0
2024-07-29 13:05:00,1.0,0.0,0.07645310614252944,60.0,60.22655307126472,0.0
2024-07-29 13:06:00,1.0,0.0,0.07644214774222233,60.0,60.221073871111166,0.0
2024-07-29 13:07:00,1.0,0.0,0.07643119091263673,60.0,60.21559545631836,0.0
2024-07-29 13:08:00,1.0,0.0,0.07642023565354748,60.0,60.21011782677374,0.0
2024-07-29 13:09:00,1.0,0.0,0.07640928196472949,60.0,60.204640982364744,0.0
2024-07-29 13:10:00,1.0,0.0,0.07639832984595767,60.0,60.19916492297883,0.0
2024-07-29 13:11:00,1.0,0.0,0.07638737929700698,60.0,60.19368964850349,0.0
2024-07-29 13:12:00,1.0,0.0,0.07637643031765241,60.0,60.1882151588262,0.0
2024-07-29 13:13:00,1.0,0.0,0.076365482907669,60.0,60.182741453834495,0.0
2024-07-29 13:14:00,1.0,0.0,0.07635453706683176,60.0,60.177268533415884,0.0
2024-07-29 13:15:00,1.0,0.0,0.07634359279491584,60.0,60.17179639745792,0.0
2024-07-29 13:16:00,1.0,0.0,0.0763326500916963,60.0,60.166325045848154,0.0
2024-07-29 13:17:00,1.0,0.0,0.07632170895694833,60.0,60.160854478474164,0.0
2024-07-29 13:18:00,1.0,0.0,0.07631076939044709,60.0,60.155384695223546,0.0
2024-07-29 13:19:00,1.0,0.0,0.07629983139196782,60.0,60.14991569598391,0.0
2024-07-29 13:20:00,1.0,0.0,0.07628889496128574,60.0,60.14444748064287,0.0
2024-07-29 13:21:00,1.0,0.0,0.07627796009817614,60.0,60.13898004908807,0.0
2024-07-29 13:22:00,1.0,0.0,0.07626702680241433,60.0,60.13351340120717,0.0
2024-07-29 13:23:00,1.0,0.0,0.07625609507377568,60.0,60.128047536887834,0.0
2024-07-29 13:24:00,1.0,0.0,0.07624516491203552,60.0,60.12258245601776,0.0
2024-07-29 13:25:00,1.0,0.0,0.0762342363169693,60.0,60.117118158484644,0.0
2024-07-29 13:26:00,1.0,0.0,0.07622330928835243,60.0,60.11165464417621,0.0
2024-07-29 13:27:00,1.0,0.0,0.0762123838259604,60.0,60.1061919129802,0.0
2024-07-29 13:28:00,1.0,0.0,0.07620145992956873,60.0,60.100729964784364,0.0
2024-07-29 13:29:00,1.0,0.0,0.07619053759895293,60.0,60.095268799476464,0.0
2024-07-29 13:30:00,1.0,0.0,0.07617961683388857,60.0,60.08980841694429,0.0
2024-07-29 13:31:00,1.0,0.0,0.07616869763415127,60.0,60.084348817075636,0.0
2024-07-29 13:32:00,1.0,0.0,0.07615777999951666,60.0,60.07888999975833,0.0
2024-07-29 13:33:00,1.0,0.0,0.0761468639297604,60.0,60.0734319648802,0.0
2024-07-29 13:34:00,1.0,0.0,0.07613594942465819,60.0,60.0679747123291,0.0
2024-07-29 13:35:00,1.0,0.0,0.07612503648398578,60.0,60.06251824199288,0.0
2024-07-29 13:36:00,1.0,0.0,0.07611412510751887,60.0,60.05706255375944,0.0
2024-07-29 13:37:00,1.0,0.0,0.07610321529503332,60.0,60.05160764751666,0.0
2024-07-29 13:38:00,1.0,0.0,0.07609230704630494,60.0,60.04615352315247,0.0
2024-07-29 13:39:00,1.0,0.0,0.07608140036110958,60.0,60.040700180554786,0.0
2024-07-29 13:40:00,1.0,0.0,0.07607049523922312,60.0,60.03524761961156,0.0
2024-07-29 13:41:00,1.0,0.0,0.0760595916804215,60.0,60.02979584021075,0.0
2024-07-29 13:42:00,1.0,0.0,0.0760486896844807,60.0,60.024344842240346,0.0
2024-07-29 13:43:00,1.0,0.0,0.07603778925117666,60.0,60.01889462558833,0.0
2024-07-29 13:44:00,1.0,0.0,0.07602689038028543,60.0,60.01344519014271,0.0
2024-07-29 13:45:00,1.0,0.0,0.07601599307158304,60.0,60.00799653579152,0.0
2024-07-29 13:46:00,1.0,0.0,0.07600509732484559,60.0,60.0025486624228,0.0
2024-07-29 13:47:00,1.0,0.0,0.07599420313984921,60.0,59.9971015699246,0.0
2024-07-29 13:48:00,1.0,0.0,0.07598331051637001,60.0,59.991655258185006,0.0
2024-07-29 13:49:00,1.0,0.0,0.07597241945418419,60.0,59.986209727092096,0.0
2024-07-29 13:50:00,1.0,0.0,0.07596152995306797,60.0,59.98076497653398,0.0
2024-07-29 13:51:00,1.0,0.0,0.07595064201279758,60.0,59.97532100639879,0.0
2024-07-29 13:52:00,1.0,0.0,0.07593975563314931,60.0,59.96987781657465,0.0
2024-07-29 13:53:00,1.0,0.0,0.07592887081389946,60.0,59.964435406949725,0.0
2024-07-29 13:54:00,1.0,0.0,0.07591798755482436,60.0,59.95899377741218,0.0
2024-07-29 13:55:00,1.0,0.0,0.07590710585570042,60.0,59.953552927850204,0.0
2024-07-29 13:56:00,1.0,0.0,0.07589622571630399,60.0,59.948112858151994,0.0
2024-07-29 13:57:00,1.0,0.0,0.07588534713641154,60.0,59.94267356820577,0.0
2024-07-29 13:58:00,1.0,0.0,0.07587447011579954,60.0,59.93723505789977,0.0
2024-07-29 13:59:00,1.0,0.0,0.07586359465424448,60.0,59.93179732712224,0.0
2024-07-29 14:00:00,1.0,0.0,0.0758527207515229,60.0,59.92636037576145,0.0
2024-07-29 14:01:00,1.0,0.0,0.07584184840741134,60.0,59.920924203705674,0.0
2024-07-29 14:02:00,1.0,0.0,0.07583097762168645,60.0,59.91548881084322,0.0
2024-07-29 14:03:00,1.0,0.0,0.0758201083941248,60.0,59.9100541970624,0.0
2024-07-29 14:04:00,1.0,0.0,0.0758092407245031,60.0,59.90462036225155,0.0
2024-07-29 14:05:00,1.0,0.0,0.07579837461259802,60.0,59.899187306299005,0.0
2024-07-29 14:06:00,1.0,0.0,0.07578751005818628,60.0,59.893755029093136,0.0
2024-07-29 14:07:00,1.0,0.0,0.07577664706104463,60.0,59.888323530522314,0.0
2024-07-29 14:08:00,1.0,0.0,0.07576578562094988,60.0,59.882892810474935,0.0
2024-07-29 14:09:00,1.0,0.0,0.07575492573767884,60.0,59.877462868839416,0.0
2024-07-29 14:10:00,1.0,0.0,0.07574406741100836,60.0,59.87203370550418,0.0
2024-07-29 14:11:00,1.0,0.0,0.07573321064071532,60.0,59.866605320357664,0.0
2024-07-29 14:12:00,1.0,0.0,0.07572235542657667,60.0,59.861177713288335,0.0
2024-07-29 14:13:00,1.0,0.0,0.07571150176836933,60.0,59.855750884184665,0.0
2024-07-29 14:14:00,1.0,0.0,0.07570064966587028,60.0,59.850324832935144,0.0
2024-07-29 14:15:00,1.0,0.0,0.07568979911885654,60.0,59.84489955942827,0.0
2024-07-29 14:16:00,1.0,0.0,0.07567895012710515,60.0,59.83947506355258,0.0
2024-07-29 14:17:00,1.0,0.0,0.0756681026903932,60.0,59.8340513451966,0.0
2024-07-29 14:18:00,1.0,0.0,0.07565725680849777,60.0,59.82862840424889,0.0
2024-07-29 14:19:00,1.0,0.0,0.07564641248119604,60.0,59.82320624059802,0.0
2024-07-29 14:20:00,1.0,0.0,0.07563556970826514,60.0,59.81778485413257,0.0
2024-07-29 14:21:00,1.0,0.0,0.07562472848948229,60.0,59.81236424474115,0.0
2024-07-29 14:22:00,1.0,0.0,0.07561388882462475,60.0,59.806944412312376,0.0
2024-07-29 14:23:00,1.0,0.0,0.07560305071346977,60.0,59.801525356734885,0.0
2024-07-29 14:24:00,1.0,0.0,0.07559221415579463,60.0,59.79610707789732,0.0
2024-07-29 14:25:00,1.0,0.0,0.07558137915137669,60.0,59.79068957568835,0.0
2024-07-29 14:26:00,1.0,0.0,0.07557054569999332,60.0,59.78527284999666,0.0
2024-07-29 14:27:00,1.0,0.0,0.07555971380142189,60.0,59.779856900710946,0.0
2024-07-29 14:28:00,1.0,0.0,0.07554888345543985,60.0,59.774441727719925,0.0
2024-07-29 14:29:00,1.0,0.0,0.07553805466182464,60.0,59.76902733091232,0.0
2024-07-29 14:30:00,1.0,0.0,0.07552722742035377,60.0,59.763613710176884,0.0
2024-07-29 14:31:00,1.0,0.0,0.07551640173080475,60.0,59.75820086540237,0.0
2024-07-29 14:32:00,1.0,0.0,0.07550557759295513,60.0,59.75278879647757,0.0
2024-07-29 14:33:00,1.0,0.0,0.07549475500658252,60.0,59.74737750329126,0.0
2024-07-29 14:34:00,1.0,0.0,0.07548393397146452,60.0,59.74196698573226,0.0
2024-07-29 14:35:00,1.0,0.0,0.0754731144873788,60.0,59.7365572436894,0.0
2024-07-29 14:36:00,1.0,0.0,0.07546229655410301,60.0,59.7311482770515,0.0
2024-07-29 14:37:00,1.0,0.0,0.07545148017141488,60.0,59.72574008570744,0.0
2024-07-29 14:38:00,1.0,0.0,0.07544066533909217,60.0,59.72033266954609,0.0
2024-07-29 14:39:00,1.0,0.0,0.07542985205691266,60.0,59.71492602845633,0.0
2024-07-29 14:40:00,1.0,0.0,0.07541904032465414,60.0,59.709520162327074,0.0
2024-07-29 14:41:00,1.0,0.0,0.07540823014209448,60.0,59.70411507104724,0.0
2024-07-29 14:42:00,1.0,0.0,0.07539742150901152,60.0,59.69871075450576,0.0
2024-07-29 14:43:00,1.0,0.0,0.07538661442518318,60.0,59.69330721259159,0.0
2024-07-29 14:44:00,1.0,0.0,0.0753758088903874,60.0,59.6879044451937,0.0
2024-07-29 14:45:00,1.0,0.0,0.07536500490440216,60.0,59.68250245220108,0.0
2024-07-29 14:46:00,1.0,0.0,0.07535420246700544,60.0,59.67710123350272,0.0
2024-07-29 14:47:00,1.0,0.0,0.07534340157797528,60.0,59.67170078898764,0.0
2024-07-29 14:48:00,1.0,0.0,0.07533260223708976,60.0,59.66630111854488,0.0
2024-07-29 14:49:00,1.0,0.0,0.07532180444412696,60.0,59.660902222063484,0.0
2024-07-29 14:50:00,1.0,0.0,0.07531100819886502,60.0,59.65550409943251,0.0
2024-07-29 14:51:00,1.0,0.0,0.0753002135010821,60.0,59.65010675054105,0.0
2024-07-29 14:52:00,1.0,0.0,0.07528942035055639,60.0,59.64471017527819,0.0
2024-07-29 14:53:00,1.0,0.0,0.07527862874706609,60.0,59.63931437353305,0.0
2024-07-29 14:54:00,1.0,0.0,0.0752678386903895,60.0,59.63391934519475,0.0
2024-07-29 14:55:00,1.0,0.0,0.07525705018030487,60.0,59.628525090152436,0.0
2024-07-29 14:56:00,1.0,0.0,0.07524626321659054,60.0,59.623131608295274,0.0
2024-07-29 14:57:00,1.0,0.0,0.07523547779902487,60.0,59.61773889951243,0.0
2024-07-29 14:58:00,1.0,0.0,0.07522469392738622,60.0,59.612346963693106,0.0
2024-07-29 14:59:00,1.0,0.0,0.075213911601453,60.0,59.6069558007265,0.0
2024-07-29 15:00:00,1.0,0.0,0.07520313082100369,60.0,59.60156541050184,0.0
2024-07-29 15:01:00,1.0,0.0,0.07519235158581672,60.0,59.59617579290836,0.0
2024-07-29 15:02:00,1.0,0.0,0.07518157389567064,60.0,59.59078694783532,0.0
2024-07-29 15:03:00,1.0,0.0,0.07517079775034398,60.0,59.58539887517199,0.0
2024-07-29 15:04:00,1.0,0.0,0.07516002314961531,60.0,59.580011574807656,0.0
2024-07-29 15:05:00,1.0,0.0,0.07514925009326325,60.0,59.574625046631624,0.0
2024-07-29 15:06:00,1.0,0.0,0.07513847858106641,60.0,59.569239290533204,0.0
2024-07-29 15:07:00,1.0,0.0,0.07512770861280348,60.0,59.56385430640174,0.0
2024-07-29 15:08:00,1.0,0.0,0.07511694018825314,60.0,59.55847009412657,0.0
2024-07-29 15:09:00,1.0,0.0,0.07510617330719414,60.0,59.55308665359707,0.0
2024-07-29 15:10:00,1.0,0.0,0.07509540796940524,60.0,59.54770398470262,0.0
2024-07-29 15:11:00,1.0,0.0,0.07508464417466525,60.0,59.54232208733262,0.0
2024-07-29 15:12:00,1.0,0.0,0.07507388192275297,60.0,59.53694096137648,0.0
2024-07-29 15:13:00,1.0,0.0,0.07506312121344726,60.0,59.53156060672363,0.0
2024-07-29 15:14:00,1.0,0.0,0.07505236204652704,60.0,59.52618102326352,0.0
2024-07-29 15:15:00,1.0,0.0,0.0750416044217712,60.0,59.5208022108856,0.0
2024-07-29 15:16:00,1.0,0.0,0.0750308483389587,60.0,59.51542416947935,0.0
2024-07-29 15:17:00,1.0,0.0,0.07502009379786856,60.0,59.51004689893428,0.0
2024-07-29 15:18:00,1.0,0.0,0.07500934079827976,60.0,59.504670399139876,0.0
2024-07-29 15:19:00,1.0,0.0,0.07499858933997135,60.0,59.49929466998567,0.0
2024-07-29 15:20:00,1.0,0.0,0.07498783942272243,60.0,59.493919711361215,0.0
2024-07-29 15:21:00,1.0,0.0,0.0749770910463121,60.0,59.48854552315605,0.0
2024-07-29 15:22:00,1.0,0.0,0.07496634421051951,60.0,59.483172105259754,0.0
2024-07-29 15:23:00,1.0,0.0,0.07495559891512384,60.0,59.477799457561915,0.0
2024-07-29 15:24:00,1.0,0.0,0.07494485515990426,60.0,59.47242757995213,0.0
2024-07-29 15:25:00,1.0,0.0,0.07493411294464006,60.0,59.46705647232003,0.0
2024-07-29 15:26:00,1.0,0.0,0.07492337226911049,60.0,59.461686134555244,0.0
2024-07-29 15:27:00,1.0,0.0,0.07491263313309485,60.0,59.45631656654742,0.0
2024-07-29 15:28:00,1.0,0.0,0.07490189553637247,60.0,59.45094776818623,0.0
2024-07-29 15:29:00,1.0,0.0,0.07489115947872273,60.0,59.445579739361364,0.0
2024-07-29 15:30:00,1.0,0.0,0.07488042495992502,60.0,59.440212479962504,0.0
2024-07-29 15:31:00,1.0,0.0,0.07486969197975876,60.0,59.43484598987938,0.0
2024-07-29 15:32:00,1.0,0.0,0.07485896053800342,60.0,59.42948026900171,0.0
2024-07-29 15:33:00,1.0,0.0,0.07484823063443848,60.0,59.42411531721924,0.0
2024-07-29 15:34:00,1.0,0.0,0.07483750226884348,60.0,59.41875113442174,0.0
2024-07-29 15:35:00,1.0,1.92556,0.07482677544099796,60.0,59.41338772049898,1.0
2024-07-29 15:36:00,1.0,1.92556,0.07454005015068152,60.0,59.27002507534076,1.0
2024-07-29 15:37:00,1.0,0.0,0.07425336595811334,60.0,59.12668297905667,0.0
2024-07-29 15:38:00,1.0,0.0,0.07424272285740267,60.0,59.121361428701334,0.0
2024-07-29 15:39:00,1.0,1.92556,0.07423208128222006,60.0,59.116040641110025,1.0
2024-07-29 15:40:00,1.0,0.0,0.07394544123234682,60.0,58.97272061617341,0.0
2024-07-29 15:41:00,1.0,0.0,0.07436484704583478,60.0,59.18242352291739,0.0
2024-07-29 15:42:00,1.0,0.0,0.07478419274382152,60.0,59.39209637191076,0.0
2024-07-29 15:43:00,1.0,0.0,0.0752034783349237,60.0,59.60173916746185,0.0
2024-07-29 15:44:00,1.0,0.0,0.07562270382775672,60.0,59.81135191387836,0.0
2024-07-29 15:45:00,1.0,0.0,0.07604186923093478,60.0,60.02093461546739,0.0
2024-07-29 15:46:00,1.0,0.0,0.07646097455307081,60.0,60.230487276535406,0.0
2024-07-29 15:47:00,1.0,0.0,0.07688001980277653,60.0,60.440009901388265,0.0
2024-07-29 15:48:00,1.0,1.92556,0.07729900498866242,60.0,60.64950249433121,1.0
2024-07-29 15:49:00,1.0,1.92556,0.07744193011933771,60.0,60.720965059668856,1.0
2024-07-29 15:50:00,1.0,0.0,0.07758483476385,60.0,60.792417381925,0.0
2024-07-29 15:51:00,1.0,0.0,0.07800371892513565,60.0,61.00185946256782,0.0
2024-07-29 15:52:00,1.0,0.0,0.07799253826786018,60.0,60.99626913393009,0.0
2024-07-29 15:53:00,1.0,0.0,0.0779813592131634,60.0,60.9906796065817,0.0
2024-07-29 15:54:00,1.0,0.0,0.0779701817608156,60.0,60.9850908804078,0.0
2024-07-29 15:55:00,1.0,0.0,0.07795900591058712,60.0,60.979502955293555,0.0
2024-07-29 15:56:00,1.0,0.0,0.07794783166224828,60.0,60.97391583112414,0.0
2024-07-29 15:57:00,1.0,1.92556,0.07793665901556951,60.0,60.96832950778475,1.0
2024-07-29 15:58:00,1.0,0.0,0.07764948797032122,60.0,60.82474398516061,0.0
2024-07-29 15:59:00,1.0,0.0,0.07763835808671345,60.0,60.81917904335672,0.0
2024-07-29 16:00:00,1.0,0.0,0.0776272297984067,60.0,60.813614899203344,0.0
2024-07-29 16:01:00,1.0,0.0,0.07761610310517233,60.0,60.808051552586164,0.0
2024-07-29 16:02:00,1.0,0.0,0.07760497800678172,60.0,60.80248900339086,0.0
2024-07-29 16:03:00,1.0,0.0,0.07759385450300625,60.0,60.79692725150313,0.0
2024-07-29 16:04:00,1.0,0.0,0.07758273259361739,60.0,60.7913662968087,0.0
2024-07-29 16:05:00,1.0,0.0,0.07757161227838659,60.0,60.78580613919329,0.0
2024-07-29 16:06:00,1.0,0.0,0.07756049355708534,60.0,60.78024677854267,0.0
2024-07-29 16:07:00,1.0,0.0,0.07754937642948519,60.0,60.77468821474259,0.0
2024-07-29 16:08:00,1.0,0.0,0.07753826089535769,60.0,60.76913044767884,0.0
2024-07-29 16:09:00,1.0,0.0,0.07752714695447445,60.0,60.76357347723722,0.0
2024-07-29 16:10:00,1.0,0.0,0.07751603460660711,60.0,60.75801730330355,0.0
2024-07-29 16:11:00,1.0,0.0,0.07750492385152732,60.0,60.75246192576366,0.0
2024-07-29 16:12:00,1.0,0.0,0.0774938146890068,60.0,60.7469073445034,0.0
2024-07-29 16:13:00,1.0,0.0,0.07748270711881726,60.0,60.74135355940863,0.0
2024-07-29 16:14:00,1.0,1.92556,0.07747160114073047,60.0,60.735800570365235,1.0
2024-07-29 16:15:00,1.0,1.92556,0.07718449675451823,60.0,60.59224837725912,1.0
2024-07-29 16:16:00,1.0,0.0,0.07689743352039193,60.0,60.448716760195964,0.0
2024-07-29 16:17:00,1.0,0.0,0.07688641143245303,60.0,60.443205716226515,0.0
2024-07-29 16:18:00,1.0,0.0,0.07687539092436428,60.0,60.43769546218214,0.0
2024-07-29 16:19:00,1.0,0.0,0.07686437199589925,60.0,60.432185997949624,0.0
2024-07-29 16:20:00,1.0,0.0,0.07685335464683152,60.0,60.42667732341576,0.0
2024-07-29 16:21:00,1.0,0.0,0.07684233887693469,60.0,60.421169438467345,0.0
2024-07-29 16:22:00,1.0,0.0,0.07683132468598243,60.0,60.41566234299121,0.0
2024-07-29 16:23:00,1.0,0.0,0.07682031207374841,60.0,60.410156036874206,0.0
2024-07-29 16:24:00,1.0,0.0,0.07680930104000636,60.0,60.40465052000318,0.0
2024-07-29 16:25:00,1.0,0.0,0.07679829158453001,60.0,60.399145792265,0.0
2024-07-29 16:26:00,1.0,0.0,0.07678728370709315,60.0,60.39364185354657,0.0
2024-07-29 16:27:00,1.0,1.92556,0.07677627740746956,60.0,60.38813870373478,1.0
2024-07-29 16:28:00,1.0,1.92556,0.07648927268543314,60.0,60.24463634271657,1.0
2024-07-29 16:29:00,1.0,0.0,0.07620230910119728,60.0,60.10115455059864,0.0
2024-07-29 16:30:00,1.0,0.0,0.07619138664886553,60.0,60.095693324432766,0.0
2024-07-29 16:31:00,1.0,0.0,0.07618046576210268,60.0,60.090232881051335,0.0
2024-07-29 16:32:00,1.0,0.0,0.07616954644068431,60.0,60.08477322034216,0.0
2024-07-29 16:33:00,1.0,0.0,0.07615862868438608,60.0,60.07931434219304,0.0
2024-07-29 16:34:00,1.0,0.0,0.07614771249298363,60.0,60.073856246491815,0.0
2024-07-29 16:35:00,1.0,0.0,0.07613679786625267,60.0,60.06839893312634,0.0
2024-07-29 16:36:00,1.0,0.0,0.07612588480396894,60.0,60.062942401984465,0.0
2024-07-29 16:37:00,1.0,0.0,0.07611497330590816,60.0,60.05748665295408,0.0
2024-07-29 16:38:00,1.0,0.0,0.07610406337184616,60.0,60.05203168592308,0.0
2024-07-29 16:39:00,1.0,0.0,0.07609315500155876,60.0,60.04657750077938,0.0
2024-07-29 16:40:00,1.0,0.0,0.07608224819482179,60.0,60.04112409741089,0.0
2024-07-29 16:41:00,1.0,0.0,0.07607134295141116,60.0,60.03567147570558,0.0
2024-07-29 16:42:00,1.0,0.0,0.07606043927110279,60.0,60.03021963555139,0.0
2024-07-29 16:43:00,1.0,0.0,0.07604953715367262,60.0,60.02476857683631,0.0
2024-07-29 16:44:00,1.0,0.0,0.07603863659889665,60.0,60.01931829944832,0.0
2024-07-29 16:45:00,1.0,0.0,0.07602773760655089,60.0,60.01386880327544,0.0
2024-07-29 16:46:00,1.0,0.0,0.07601684017641139,60.0,60.008420088205696,0.0
2024-07-29 16:47:00,1.0,0.0,0.07600594430825425,60.0,60.00297215412712,0.0
2024-07-29 16:48:00,1.0,0.0,0.07599505000185555,60.0,59.99752500092777,0.0
2024-07-29 16:49:00,1.0,0.0,0.07598415725699145,60.0,59.992078628495726,0.0
2024-07-29 16:50:00,1.0,0.0,0.07597326607343813,60.0,59.98663303671906,0.0
2024-07-29 16:51:00,1.0,1.92556,0.07596237645097179,60.0,59.981188225485894,1.0
2024-07-29 16:52:00,1.0,1.92556,0.07567548838936869,60.0,59.83774419468434,1.0
2024-07-29 16:53:00,1.0,0.0,0.07538864144884463,60.0,59.69432072442232,0.0
2024-07-29 16:54:00,1.0,0.0,0.07537783562350557,60.0,59.68891781175279,0.0
2024-07-29 16:55:00,1.0,0.0,0.07536703134701869,60.0,59.68351567350935,0.0
2024-07-29 16:56:00,1.0,0.0,0.07535622861916198,60.0,59.67811430958099,0.0
2024-07-29 16:57:00,1.0,0.0,0.07534542743971347,60.0,59.67271371985673,0.0
2024-07-29 16:58:00,1.0,0.0,0.07533462780845121,60.0,59.6673139042256,0.0
2024-07-29 16:59:00,1.0,0.0,0.0753238297251533,60.0,59.661914862576644,0.0
2024-07-29 17:00:00,1.0,0.0,0.07531303318959785,60.0,59.65651659479892,0.0
2024-07-29 17:01:00,1.0,0.0,0.07530223820156302,60.0,59.651119100781514,0.0
2024-07-29 17:02:00,1.0,0.0,0.07529144476082703,60.0,59.64572238041351,0.0
2024-07-29 17:03:00,1.0,0.0,0.07528065286716805,60.0,59.64032643358402,0.0
2024-07-29 17:04:00,1.0,0.0,0.07526986252036434,60.0,59.63493126018217,0.0
2024-07-29 17:05:00,1.0,0.0,0.07525907372019419,60.0,59.6295368600971,0.0
2024-07-29 17:06:00,1.0,0.0,0.07524828646643593,60.0,59.624143233217964,0.0
2024-07-29 17:07:00,1.0,0.0,0.07523750075886788,60.0,59.61875037943394,0.0
2024-07-29 17:08:00,1.0,0.0,0.07522671659726843,60.0,59.61335829863421,0.0
2024-07-29 17:09:00,1.0,0.0,0.07521593398141597,60.0,59.607966990707986,0.0
2024-07-29 17:10:00,1.0,0.0,0.07520515291108897,60.0,59.60257645554448,0.0
2024-07-29 17:11:00,1.0,0.0,0.07519437338606587,60.0,59.59718669303293,0.0
2024-07-29 17:12:00,1.0,0.0,0.0751835954061252,60.0,59.591797703062596,0.0
2024-07-29 17:13:00,1.0,0.0,0.07517281897104548,60.0,59.58640948552274,0.0
2024-07-29 17:14:00,1.0,0.0,0.0751620440806053,60.0,59.58102204030265,0.0
2024-07-29 17:15:00,1.0,1.92556,0.07515127073458323,60.0,59.57563536729162,1.0
2024-07-29 17:16:00,1.0,0.0,0.07486449893275793,60.0,59.43224946637896,0.0
2024-07-29 17:17:00,1.0,0.0,0.07485376823534759,60.0,59.426884117673794,0.0
2024-07-29 17:18:00,1.0,0.0,0.07484303907602097,60.0,59.421519538010486,0.0
2024-07-29 17:19:00,1.0,0.0,0.07483231145455761,60.0,59.416155727278806,0.0
2024-07-29 17:20:00,1.0,0.0,0.07482158537073709,60.0,59.41079268536854,0.0
2024-07-29 17:21:00,1.0,0.0,0.07481086082433899,60.0,59.405430412169494,0.0
2024-07-29 17:22:00,1.0,0.0,0.07480013781514294,60.0,59.40006890757147,0.0
2024-07-29 17:23:00,1.0,0.0,0.07478941634292864,60.0,59.39470817146432,0.0
2024-07-29 17:24:00,1.0,0.0,0.07477869640747577,60.0,59.38934820373788,0.0
2024-07-29 17:25:00,1.0,0.0,0.07476797800856405,60.0,59.38398900428202,0.0
2024-07-29 17:26:00,1.0,0.0,0.07475726114597324,60.0,59.378630572986616,0.0
2024-07-29 17:27:00,1.0,0.0,0.07474654581948313,60.0,59.373272909741566,0.0
2024-07-29 17:28:00,1.0,0.0,0.07473583202887356,60.0,59.36791601443678,0.0
2024-07-29 17:29:00,1.0,0.0,0.07472511977392436,60.0,59.36255988696218,0.0
2024-07-29 17:30:00,1.0,0.0,0.07471440905441544,60.0,59.35720452720772,0.0
2024-07-29 17:31:00,1.0,0.0,0.0747036998701267,60.0,59.35184993506335,0.0
2024-07-29 17:32:00,1.0,0.0,0.0746929922208381,60.0,59.34649611041905,0.0
2024-07-29 17:33:00,1.0,0.0,0.07468228610632961,60.0,59.34114305316481,0.0
2024-07-29 17:34:00,1.0,0.0,0.07467158152638126,60.0,59.33579076319063,0.0
2024-07-29 17:35:00,1.0,0.0,0.07466087848077307,60.0,59.33043924038654,0.0
2024-07-29 17:36:00,1.0,0.0,0.07465017696928515,60.0,59.32508848464258,0.0
2024-07-29 17:37:00,1.0,0.0,0.07463947699169758,60.0,59.31973849584879,0.0
2024-07-29 17:38:00,1.0,0.0,0.0746287785477905,60.0,59.31438927389525,0.0
2024-07-29 17:39:00,1.0,0.0,0.0746180816373441,60.0,59.309040818672045,0.0
2024-07-29 17:40:00,1.0,0.0,0.07460738626013855,60.0,59.30369313006927,0.0
2024-07-29 17:41:00,1.0,0.0,0.0745966924159541,60.0,59.29834620797705,0.0
2024-07-29 17:42:00,1.0,0.0,0.07458600010457102,60.0,59.29300005228551,0.0
2024-07-29 17:43:00,1.0,0.0,0.0745753093257696,60.0,59.2876546628848,0.0
2024-07-29 17:44:00,1.0,0.0,0.07456462007933017,60.0,59.282310039665084,0.0
2024-07-29 17:45:00,1.0,0.0,0.07455393236503308,60.0,59.27696618251654,0.0
2024-07-29 17:46:00,1.0,0.0,0.07454324618265873,60.0,59.27162309132937,0.0
2024-07-29 17:47:00,1.0,1.92556,0.07453256153198753,60.0,59.26628076599377,1.0
2024-07-29 17:48:00,1.0,0.0,0.07424587841279998,60.0,59.122939206399984,0.0
2024-07-29 17:49:00,1.0,0.0,0.07423523638531605,60.0,59.11761819265803,0.0
2024-07-29 17:50:00,1.0,0.0,0.07422459588320636,60.0,59.11229794160318,0.0
2024-07-29 17:51:00,1.0,0.0,0.07421395690625225,60.0,59.106978453126125,0.0
2024-07-29 17:52:00,1.0,0.0,0.07420331945423511,60.0,59.10165972711756,0.0
2024-07-29 17:53:00,1.0,0.0,0.07419268352693636,60.0,59.09634176346818,0.0
2024-07-29 17:54:00,1.0,0.0,0.07418204912413748,60.0,59.09102456206874,0.0
2024-07-29 17:55:00,1.0,0.0,0.07417141624561993,60.0,59.08570812280996,0.0
2024-07-29 17:56:00,1.0,0.0,0.07416078489116522,60.0,59.08039244558261,0.0
2024-07-29 17:57:00,1.0,0.0,0.07415015506055492,60.0,59.07507753027746,0.0
2024-07-29 17:58:00,1.0,0.0,0.0741395267535706,60.0,59.0697633767853,0.0
2024-07-29 17:59:00,1.0,0.0,0.0741288999699939,60.0,59.06444998499695,0.0
2024-07-29 18:00:00,1.0,0.0,0.07411827470960641,60.0,59.059137354803205,0.0
2024-07-29 18:01:00,1.0,0.0,0.07410765097218984,60.0,59.05382548609492,0.0
2024-07-29 18:02:00,1.0,0.0,0.0740970287575259,60.0,59.048514378762945,0.0
2024-07-29 18:03:00,1.0,0.0,0.07408640806539629,60.0,59.04320403269814,0.0
2024-07-29 18:04:00,1.0,0.0,0.0740757888955828,60.0,59.0378944477914,0.0
2024-07-29 18:05:00,1.0,0.0,0.07406517124786724,60.0,59.03258562393362,0.0
2024-07-29 18:06:00,1.0,1.92556,0.07405455512203143,60.0,59.027277561015715,1.0
2024-07-29 18:07:00,1.0,1.92556,0.07376794051785723,60.0,58.88397025892861,1.0
2024-07-29 18:08:00,1.0,0.0,0.07391137177339695,60.0,58.955685886698475,0.0
2024-07-29 18:09:00,1.0,0.0,0.07433078247022828,60.0,59.16539123511414,0.0
2024-07-29 18:10:00,1.0,0.0,0.07475013305085845,60.0,59.375066525429226,0.0
2024-07-29 18:11:00,1.0,0.0,0.0751694235239042,60.0,59.5847117619521,0.0
2024-07-29 18:12:00,1.0,0.0,0.07558865389798104,60.0,59.79432694899052,0.0
2024-07-29 18:13:00,3.0,0.0,0.07600782418170327,60.0,60.003912090851635,0.0
2024-07-29 18:14:00,3.0,0.0,0.07642693438368392,60.0,60.21346719184196,0.0
2024-07-29 18:15:00,3.0,0.0,0.0768459845125348,60.0,60.4229922562674,0.0
2024-07-29 18:16:00,3.0,0.0,0.0772649745768665,60.0,60.632487288433246,0.0
2024-07-29 18:17:00,1.0,0.0,0.07768390458528834,60.0,60.84195229264417,0.0
2024-07-29 18:18:00,1.0,0.0,0.07810277454640847,60.0,61.051387273204234,0.0
2024-07-29 18:19:00,1.0,0.0,0.07809157969100286,60.0,61.04578984550143,0.0
2024-07-29 18:20:00,1.0,0.0,0.07808038644021104,60.0,61.040193220105515,0.0
2024-07-29 18:21:00,1.0,0.0,0.07806919479380298,60.0,61.03459739690149,0.0
2024-07-29 18:22:00,1.0,0.0,0.07805800475154874,60.0,61.02900237577437,0.0
2024-07-29 18:23:00,1.0,0.0,0.07804681631321837,60.0,61.023408156609186,0.0
2024-07-29 18:24:00,1.0,0.0,0.07803562947858199,60.0,61.01781473929099,0.0
2024-07-29 18:25:00,1.0,0.0,0.0780244442474097,60.0,61.01222212370485,0.0
2024-07-29 18:26:00,1.0,0.0,0.07801326061947171,60.0,61.006630309735854,0.0
2024-07-29 18:27:00,1.0,0.0,0.07800207859453819,60.0,61.001039297269095,0.0
2024-07-29 18:28:00,1.0,0.0,0.07799089817237939,60.0,60.995449086189694,0.0
2024-07-29 18:29:00,1.0,0.0,0.07797971935276557,60.0,60.989859676382785,0.0
2024-07-29 18:30:00,1.0,0.0,0.07796854213546703,60.0,60.984271067733516,0.0
2024-07-29 18:31:00,1.0,0.0,0.07795736652025412,60.0,60.978683260127056,0.0
2024-07-29 18:32:00,1.0,0.0,0.07794619250689717,60.0,60.97309625344859,0.0
2024-07-29 18:33:00,1.0,0.0,0.0779350200951666,60.0,60.9675100475833,0.0
2024-07-29 18:34:00,1.0,0.0,0.07792384928483286,60.0,60.96192464241643,0.0
2024-07-29 18:35:00,1.0,0.0,0.07791268007566637,60.0,60.956340037833186,0.0
2024-07-29 18:36:00,1.0,0.0,0.07790151246743765,60.0,60.95075623371883,0.0
2024-07-29 18:37:00,1.0,0.0,0.07789034645991724,60.0,60.94517322995862,0.0
2024-07-29 18:38:00,1.0,0.0,0.07787918205287568,60.0,60.93959102643784,0.0
2024-07-29 18:39:00,1.0,0.0,0.07786801924608358,60.0,60.93400962304179,0.0
2024-07-29 18:40:00,1.0,0.0,0.07785685803931157,60.0,60.92842901965578,0.0
2024-07-29 18:41:00,1.0,0.0,0.0778456984323303,60.0,60.92284921616515,0.0
2024-07-29 18:42:00,1.0,0.0,0.07783454042491048,60.0,60.917270212455236,0.0
2024-07-29 18:43:00,1.0,0.0,0.07782338401682282,60.0,60.91169200841141,0.0
2024-07-29 18:44:00,1.0,0.0,0.07781222920783809,60.0,60.90611460391904,0.0
2024-07-29 18:45:00,1.0,0.0,0.07780107599772706,60.0,60.900537998863534,0.0
2024-07-29 18:46:00,1.0,0.0,0.07778992438626059,60.0,60.8949621931303,0.0
2024-07-29 18:47:00,1.0,0.0,0.07777877437320953,60.0,60.889387186604765,0.0
2024-07-29 18:48:00,1.0,0.0,0.07776762595834477,60.0,60.88381297917238,0.0
2024-07-29 18:49:00,1.0,0.0,0.07775647914143721,60.0,60.878239570718605,0.0
2024-07-29 18:50:00,1.0,0.0,0.07774533392225784,60.0,60.87266696112892,0.0
2024-07-29 18:51:00,1.0,0.0,0.07773419030057764,60.0,60.86709515028882,0.0
2024-07-29 18:52:00,1.0,0.0,0.07772304827616762,60.0,60.86152413808381,0.0
2024-07-29 18:53:00,1.0,0.0,0.07771190784879885,60.0,60.85595392439942,0.0
2024-07-29 18:54:00,1.0,0.0,0.0777007690182424,60.0,60.8503845091212,0.0
2024-07-29 18:55:00,1.0,0.0,0.07768963178426941,60.0,60.844815892134704,0.0
2024-07-29 18:56:00,1.0,0.0,0.07767849614665102,60.0,60.839248073325514,0.0
2024-07-29 18:57:00,1.0,0.0,0.07766736210515843,60.0,60.833681052579216,0.0
2024-07-29 18:58:00,1.0,0.0,0.07765622965956286,60.0,60.82811482978143,0.0
2024-07-29 18:59:00,1.0,0.0,0.07764509880963555,60.0,60.82254940481777,0.0
2024-07-29 19:00:00,1.0,0.0,0.07763396955514777,60.0,60.816984777573886,0.0
2024-07-29 19:01:00,1.0,0.0,0.07762284189587088,60.0,60.81142094793544,0.0
2024-07-29 19:02:00,1.0,0.0,0.07761171583157621,60.0,60.8058579157881,0.0
2024-07-29 19:03:00,1.0,0.0,0.07760059136203513,60.0,60.800295681017566,0.0
2024-07-29 19:04:00,1.0,0.0,0.07758946848701907,60.0,60.79473424350954,0.0
2024-07-29 19:05:00,1.0,0.0,0.07757834720629948,60.0,60.78917360314974,0.0
2024-07-29 19:06:00,1.0,0.0,0.07756722751964784,60.0,60.78361375982392,0.0
2024-07-29 19:07:00,1.0,0.0,0.07755610942683566,60.0,60.77805471341783,0.0
2024-07-29 19:08:00,1.0,0.0,0.0775449929276345,60.0,60.77249646381725,0.0
2024-07-29 19:09:00,1.0,0.0,0.07753387802181591,60.0,60.766939010907954,0.0
2024-07-29 19:10:00,1.0,0.0,0.07752276470915154,60.0,60.761382354575765,0.0
2024-07-29 19:11:00,1.0,0.0,0.077511652989413,60.0,60.7558264947065,0.0
2024-07-29 19:12:00,1.0,0.0,0.07750054286237198,60.0,60.75027143118599,0.0
2024-07-29 19:13:00,1.0,0.0,0.07748943432780021,60.0,60.744717163900106,0.0
2024-07-29 19:14:00,1.0,0.0,0.07747832738546943,60.0,60.739163692734714,0.0
2024-07-29 19:15:00,1.0,0.0,0.0774672220351514,60.0,60.7336110175757,0.0
2024-07-29 19:16:00,1.0,0.0,0.07745611827661793,60.0,60.728059138308964,0.0
2024-07-29 19:17:00,1.0,0.0,0.07744501610964087,60.0,60.72250805482044,0.0
2024-07-29 19:18:00,1.0,0.0,0.07743391553399209,60.0,60.716957766996046,0.0
2024-07-29 19:19:00,1.0,0.0,0.0774228165494435,60.0,60.71140827472175,0.0
2024-07-29 19:20:00,1.0,0.0,0.07741171915576703,60.0,60.705859577883515,0.0
2024-07-29 19:21:00,1.0,0.0,0.07740062335273468,60.0,60.700311676367335,0.0
2024-07-29 19:22:00,1.0,0.0,0.07738952914011842,60.0,60.694764570059206,0.0
2024-07-29 19:23:00,1.0,0.0,0.0773784365176903,60.0,60.68921825884515,0.0
2024-07-29 19:24:00,1.0,0.0,0.07736734548522241,60.0,60.6836727426112,0.0
2024-07-29 19:25:00,1.0,0.0,0.07735625604248682,60.0,60.67812802124341,0.0
2024-07-29 19:26:00,1.0,0.0,0.07734516818925569,60.0,60.672584094627844,0.0
2024-07-29 19:27:00,1.0,0.0,0.07733408192530118,60.0,60.66704096265059,0.0
2024-07-29 19:28:00,1.0,0.0,0.0773229972503955,60.0,60.66149862519775,0.0
2024-07-29 19:29:00,1.0,0.0,0.07731191416431088,60.0,60.65595708215544,0.0
2024-07-29 19:30:00,1.0,0.0,0.07730083266681957,60.0,60.65041633340979,0.0
2024-07-29 19:31:00,1.0,0.0,0.0772897527576939,60.0,60.644876378846945,0.0
2024-07-29 19:32:00,1.0,0.0,0.07727867443670618,60.0,60.639337218353084,0.0
2024-07-29 19:33:00,1.0,0.0,0.07726759770362877,60.0,60.63379885181438,0.0
2024-07-29 19:34:00,1.0,0.0,0.07725652255823408,60.0,60.62826127911704,0.0
2024-07-29 19:35:00,1.0,0.0,0.07724544900029455,60.0,60.62272450014727,0.0
2024-07-29 19:36:00,1.0,0.0,0.07723437702958261,60.0,60.6171885147913,0.0
2024-07-29 19:37:00,1.0,0.0,0.07722330664587077,60.0,60.61165332293538,0.0
2024-07-29 19:38:00,1.0,0.0,0.07721223784893155,60.0,60.606118924465775,0.0
2024-07-29 19:39:00,1.0,0.0,0.07720117063853754,60.0,60.60058531926877,0.0
2024-07-29 19:40:00,1.0,0.0,0.0771901050144613,60.0,60.59505250723065,0.0
2024-07-29 19:41:00,1.0,0.0,0.07717904097647546,60.0,60.58952048823773,0.0
2024-07-29 19:42:00,1.0,0.0,0.07716797852435271,60.0,60.58398926217635,0.0
2024-07-29 19:43:00,1.0,0.0,0.07715691765786571,60.0,60.57845882893285,0.0
2024-07-29 19:44:00,1.0,0.0,0.07714585837678718,60.0,60.57292918839359,0.0
2024-07-29 19:45:00,1.0,0.0,0.07713480068088989,60.0,60.56740034044494,0.0
2024-07-29 19:46:00,1.0,0.0,0.07712374456994661,60.0,60.561872284973305,0.0
2024-07-29 19:47:00,1.0,0.0,0.07711269004373018,60.0,60.55634502186509,0.0
2024-07-29 19:48:00,1.0,0.0,0.07710163710201345,60.0,60.55081855100673,0.0
2024-07-29 19:49:00,1.0,0.0,0.07709058574456931,60.0,60.545292872284655,0.0
2024-07-29 19:50:00,1.0,0.0,0.07707953597117066,60.0,60.53976798558533,0.0
2024-07-29 19:51:00,1.0,0.0,0.07706848778159046,60.0,60.53424389079523,0.0
2024-07-29 19:52:00,1.0,0.0,0.0770574411756017,60.0,60.52872058780085,0.0
2024-07-29 19:53:00,1.0,0.0,0.07704639615297738,60.0,60.52319807648869,0.0
2024-07-29 19:54:00,1.0,0.0,0.07703535271349057,60.0,60.517676356745284,0.0
2024-07-29 19:55:00,1.0,0.0,0.07702431085691434,60.0,60.51215542845717,0.0
2024-07-29 19:56:00,1.0,0.0,0.0770132705830218,60.0,60.506635291510904,0.0
2024-07-29 19:57:00,1.0,0.0,0.07700223189158613,60.0,60.50111594579306,0.0
2024-07-29 19:58:00,1.0,0.0,0.07699119478238045,60.0,60.49559739119022,0.0
2024-07-29 19:59:00,1.0,0.0,0.07698015925517801,60.0,60.490079627589004,0.0
2024-07-29 20:00:00,1.0,0.0,0.07696912530975204,60.0,60.48456265487602,0.0
2024-07-29 20:01:00,1.0,0.0,0.07695809294587581,60.0,60.47904647293791,0.0
2024-07-29 20:02:00,1.0,0.0,0.07694706216332266,60.0,60.47353108166133,0.0
2024-07-29 20:03:00,1.0,0.0,0.0769360329618659,60.0,60.468016480932945,0.0
2024-07-29 20:04:00,1.0,0.0,0.07692500534127891,60.0,60.46250267063945,0.0
2024-07-29 20:05:00,1.0,0.0,0.0769139793013351,60.0,60.45698965066755,0.0
2024-07-29 20:06:00,1.0,0.0,0.07690295484180791,60.0,60.451477420903956,0.0
2024-07-29 20:07:00,1.0,0.0,0.07689193196247082,60.0,60.44596598123541,0.0
2024-07-29 20:08:00,1.0,0.0,0.07688091066309732,60.0,60.44045533154866,0.0
2024-07-29 20:09:00,1.0,0.0,0.07686989094346094,60.0,60.43494547173047,0.0
2024-07-29 20:10:00,1.0,0.0,0.07685887280333528,60.0,60.42943640166764,0.0
2024-07-29 20:11:00,1.0,0.0,0.0768478562424939,60.0,60.42392812124695,0.0
2024-07-29 20:12:00,1.0,0.0,0.07683684126071046,60.0,60.41842063035523,0.0
2024-07-29 20:13:00,1.0,0.0,0.07682582785775861,60.0,60.412913928879306,0.0
2024-07-29 20:14:00,1.0,0.0,0.07681481603341206,60.0,60.40740801670603,0.0
2024-07-29 20:15:00,1.0,0.0,0.07680380578744453,60.0,60.401902893722266,0.0
2024-07-29 20:16:00,1.0,0.0,0.0767927971196298,60.0,60.3963985598149,0.0
2024-07-29 20:17:00,1.0,0.0,0.07678179002974166,60.0,60.39089501487083,0.0
2024-07-29 20:18:00,1.0,0.0,0.07677078451755392,60.0,60.38539225877696,0.0
2024-07-29 20:19:00,1.0,0.0,0.07675978058284047,60.0,60.37989029142023,0.0
2024-07-29 20:20:00,1.0,0.0,0.07674877822537518,60.0,60.37438911268759,0.0
2024-07-29 20:21:00,1.0,0.0,0.07673777744493199,60.0,60.36888872246599,0.0
2024-07-29 20:22:00,1.0,0.0,0.07672677824128483,60.0,60.36338912064242,0.0
2024-07-29 20:23:00,1.0,0.0,0.07671578061420774,60.0,60.357890307103865,0.0
2024-07-29 20:24:00,1.0,0.0,0.0767047845634747,60.0,60.352392281737345,0.0
2024-07-29 20:25:00,1.0,0.0,0.07669379008885976,60.0,60.34689504442988,0.0
2024-07-29 20:26:00,1.0,0.0,0.07668279719013704,60.0,60.34139859506852,0.0
2024-07-29 20:27:00,1.0,0.0,0.07667180586708064,60.0,60.33590293354032,0.0
2024-07-29 20:28:00,1.0,0.0,0.07666081611946471,60.0,60.330408059732356,0.0
2024-07-29 20:29:00,1.0,0.0,0.07664982794706346,60.0,60.32491397353173,0.0
2024-07-29 20:30:00,1.0,0.0,0.07663884134965107,60.0,60.31942067482554,0.0
2024-07-29 20:31:00,1.0,0.0,0.07662785632700182,60.0,60.31392816350091,0.0
2024-07-29 20:32:00,1.0,0.0,0.07661687287888998,60.0,60.30843643944499,0.0
2024-07-29 20:33:00,1.0,0.0,0.07660589100508984,60.0,60.30294550254492,0.0
2024-07-29 20:34:00,1.0,0.0,0.07659491070537579,60.0,60.29745535268789,0.0
2024-07-29 20:35:00,1.0,0.0,0.07658393197952217,60.0,60.29196598976108,0.0
2024-07-29 20:36:00,1.0,0.0,0.0765729548273034,60.0,60.2864774136517,0.0
2024-07-29 20:37:00,1.0,0.0,0.07656197924849395,60.0,60.28098962424698,0.0
2024-07-29 20:38:00,1.0,0.0,0.07655100524286827,60.0,60.275502621434136,0.0
2024-07-29 20:39:00,1.0,0.0,0.07654003281020087,60.0,60.270016405100435,0.0
2024-07-29 20:40:00,1.0,0.0,0.07652906195026629,60.0,60.26453097513315,0.0
2024-07-29 20:41:00,1.0,0.0,0.07651809266283913,60.0,60.25904633141956,0.0
2024-07-29 20:42:00,1.0,0.0,0.07650712494769396,60.0,60.253562473846976,0.0
2024-07-29 20:43:00,1.0,0.0,0.07649615880460542,60.0,60.24807940230271,0.0
2024-07-29 20:44:00,1.0,0.0,0.07648519423334818,60.0,60.24259711667409,0.0
2024-07-29 20:45:00,1.0,0.0,0.07647423123369695,60.0,60.23711561684848,0.0
2024-07-29 20:46:00,1.0,0.0,0.07646326980542648,60.0,60.23163490271324,0.0
2024-07-29 20:47:00,1.0,0.0,0.07645230994831151,60.0,60.226154974155754,0.0
2024-07-29 20:48:00,1.0,0.0,0.07644135166212684,60.0,60.220675831063424,0.0
2024-07-29 20:49:00,1.0,0.0,0.07643039494664733,60.0,60.21519747332366,0.0
2024-07-29 20:50:00,1.0,0.0,0.07641943980164781,60.0,60.209719900823906,0.0
2024-07-29 20:51:00,1.0,0.0,0.07640848622690319,60.0,60.2042431134516,0.0
2024-07-29 20:52:00,1.0,0.0,0.0763975342221884,60.0,60.1987671110942,0.0
2024-07-29 20:53:00,1.0,0.0,0.07638658378727839,60.0,60.19329189363919,0.0
2024-07-29 20:54:00,1.0,0.0,0.07637563492194815,60.0,60.187817460974074,0.0
2024-07-29 20:55:00,1.0,0.0,0.0763646876259727,60.0,60.18234381298635,0.0
2024-07-29 20:56:00,1.0,0.0,0.07635374189912714,60.0,60.176870949563565,0.0
2024-07-29 20:57:00,1.0,0.0,0.0763427977411865,60.0,60.17139887059325,0.0
2024-07-29 20:58:00,1.0,0.0,0.07633185515192593,60.0,60.16592757596297,0.0
2024-07-29 20:59:00,1.0,0.0,0.07632091413112059,60.0,60.160457065560294,0.0
2024-07-29 21:00:00,1.0,0.0,0.07630997467854565,60.0,60.15498733927283,0.0
2024-07-29 21:01:00,1.0,0.0,0.07629903679397634,60.0,60.14951839698817,0.0
2024-07-29 21:02:00,1.0,0.0,0.07628810047718791,60.0,60.144050238593955,0.0
2024-07-29 21:03:00,1.0,0.0,0.07627716572795563,60.0,60.13858286397782,0.0
2024-07-29 21:04:00,1.0,0.0,0.07626623254605483,60.0,60.13311627302741,0.0
2024-07-29 21:05:00,1.0,0.0,0.07625530093126083,60.0,60.12765046563042,0.0
2024-07-29 21:06:00,1.0,0.0,0.07624437088334905,60.0,60.122185441674524,0.0
2024-07-29 21:07:00,1.0,0.0,0.07623344240209487,60.0,60.11672120104743,0.0
2024-07-29 21:08:00,1.0,0.0,0.07622251548727374,60.0,60.11125774363687,0.0
2024-07-29 21:09:00,1.0,0.0,0.07621159013866113,60.0,60.10579506933057,0.0
2024-07-29 21:10:00,1.0,0.0,0.07620066635603258,60.0,60.100333178016285,0.0
2024-07-29 21:11:00,1.0,0.0,0.07618974413916359,60.0,60.09487206958179,0.0
2024-07-29 21:12:00,1.0,0.0,0.07617882348782973,60.0,60.089411743914866,0.0
2024-07-29 21:13:00,1.0,0.0,0.07616790440180664,60.0,60.08395220090332,0.0
2024-07-29 21:14:00,1.0,0.0,0.07615698688086993,60.0,60.07849344043496,0.0
2024-07-29 21:15:00,1.0,0.0,0.07614607092479526,60.0,60.073035462397634,0.0
2024-07-29 21:16:00,1.0,0.0,0.07613515653335837,60.0,60.067578266679185,0.0
2024-07-29 21:17:00,1.0,0.0,0.07612424370633496,60.0,60.062121853167476,0.0
2024-07-29 21:18:00,1.0,0.0,0.0761133324435008,60.0,60.0566662217504,0.0
2024-07-29 21:19:00,1.0,0.0,0.07610242274463168,60.0,60.05121137231584,0.0
2024-07-29 21:20:00,2.0,0.0,0.07609151460950345,60.0,60.045757304751724,0.0
2024-07-29 21:21:00,2.0,0.0,0.07608060803789196,60.0,60.04030401894598,0.0
2024-07-29 21:22:00,2.0,0.0,0.07606970302957311,60.0,60.03485151478655,0.0
2024-07-29 21:23:00,2.0,0.0,0.07605879958432281,60.0,60.029399792161406,0.0
2024-07-29 21:24:00,2.0,0.0,0.07604789770191704,60.0,60.02394885095852,0.0
2024-07-29 21:25:00,2.0,0.0,0.07603699738213177,60.0,60.01849869106588,0.0
2024-07-29 21:26:00,2.0,0.0,0.07602609862474302,60.0,60.01304931237151,0.0
2024-07-29 21:27:00,2.0,0.0,0.07601520142952685,60.0,60.00760071476343,0.0
2024-07-29 21:28:00,2.0,0.0,0.07600430579625936,60.0,60.00215289812968,0.0
2024-07-29 21:29:00,2.0,0.0,0.07599341172471666,60.0,59.996705862358326,0.0
2024-07-29 21:30:00,2.0,0.0,0.07598251921467489,60.0,59.99125960733744,0.0
2024-07-29 21:31:00,2.0,0.0,0.07597162826591024,60.0,59.98581413295512,0.0
2024-07-29 21:32:00,1.0,0.0,0.07596073887819893,60.0,59.98036943909946,0.0
2024-07-29 21:33:00,1.0,0.0,0.0759498510513172,60.0,59.9749255256586,0.0
2024-07-29 21:34:00,1.0,0.0,0.07593896478504132,60.0,59.96948239252066,0.0
2024-07-29 21:35:00,1.0,0.0,0.07592808007914763,60.0,59.96404003957381,0.0
2024-07-29 21:36:00,1.0,0.0,0.07591719693341242,60.0,59.95859846670621,0.0
2024-07-29 21:37:00,1.0,0.0,0.07590631534761214,60.0,59.95315767380607,0.0
2024-07-29 21:38:00,1.0,0.0,0.07589543532152314,60.0,59.94771766076157,0.0
2024-07-29 21:39:00,1.0,0.0,0.07588455685492188,60.0,59.942278427460934,0.0
2024-07-29 21:40:00,1.0,0.0,0.0758736799475848,60.0,59.9368399737924,0.0
2024-07-29 21:41:00,1.0,0.0,0.07586280459928846,60.0,59.931402299644226,0.0
2024-07-29 21:42:00,1.0,0.0,0.07585193080980933,60.0,59.925965404904666,0.0
2024-07-29 21:43:00,1.0,0.0,0.07584105857892402,60.0,59.92052928946201,0.0
2024-07-29 21:44:00,1.0,0.0,0.07583018790640912,60.0,59.91509395320456,0.0
2024-07-29 21:45:00,1.0,0.0,0.07581931879204128,60.0,59.909659396020636,0.0
2024-07-29 21:46:00,1.0,0.0,0.07580845123559712,60.0,59.90422561779856,0.0
2024-07-29 21:47:00,1.0,0.0,0.07579758523685337,60.0,59.89879261842668,0.0
2024-07-29 21:48:00,1.0,0.0,0.07578672079558674,60.0,59.893360397793366,0.0
2024-07-29 21:49:00,1.0,0.0,0.07577585791157398,60.0,59.88792895578699,0.0
2024-07-29 21:50:00,2.0,0.0,0.07576499658459192,60.0,59.882498292295956,0.0
2024-07-29 21:51:00,2.0,0.0,0.07575413681441734,60.0,59.87706840720867,0.0
2024-07-29 21:52:00,2.0,0.0,0.07574327860082712,60.0,59.87163930041356,0.0
2024-07-29 21:53:00,2.0,0.0,0.07573242194359815,60.0,59.86621097179908,0.0
2024-07-29 21:54:00,2.0,0.0,0.07572156684250735,60.0,59.86078342125367,0.0
2024-07-29 21:55:00,2.0,0.0,0.07571071329733164,60.0,59.85535664866582,0.0
2024-07-29 21:56:00,2.0,0.0,0.07569986130784803,60.0,59.84993065392401,0.0
2024-07-29 21:57:00,2.0,0.0,0.07568901087383352,60.0,59.84450543691676,0.0
2024-07-29 21:58:00,2.0,0.0,0.07567816199506518,60.0,59.83908099753259,0.0
2024-07-29 21:59:00,2.0,0.0,0.07566731467132007,60.0,59.833657335660035,0.0
2024-07-29 22:00:00,2.0,0.0,0.0756564689023753,60.0,59.828234451187654,0.0
2024-07-29 22:01:00,2.0,0.0,0.07564562468800803,60.0,59.822812344004014,0.0
2024-07-29 22:02:00,2.0,0.0,0.07563478202799541,60.0,59.81739101399771,0.0
2024-07-29 22:03:00,2.0,0.0,0.07562394092211468,60.0,59.811970461057335,0.0
2024-07-29 22:04:00,2.0,0.0,0.07561310137014303,60.0,59.806550685071514,0.0
2024-07-29 22:05:00,2.0,0.0,0.07560226337185777,60.0,59.80113168592889,0.0
2024-07-29 22:06:00,2.0,0.0,0.0755914269270362,60.0,59.7957134635181,0.0
2024-07-29 22:07:00,2.0,0.0,0.07558059203545564,60.0,59.79029601772782,0.0
2024-07-29 22:08:00,2.0,0.0,0.07556975869689346,60.0,59.78487934844673,0.0
2024-07-29 22:09:00,2.0,0.0,0.07555892691112706,60.0,59.77946345556353,0.0
2024-07-29 22:10:00,1.0,0.0,0.07554809667793387,60.0,59.774048338966935,0.0
2024-07-29 22:11:00,1.0,0.0,0.07553726799709136,60.0,59.76863399854568,0.0
2024-07-29 22:12:00,1.0,0.0,0.07552644086837702,60.0,59.76322043418851,0.0
2024-07-29 22:13:00,2.0,0.0,0.07551561529156836,60.0,59.75780764578418,0.0
2024-07-29 22:14:00,2.0,0.0,0.07550479126644297,60.0,59.75239563322148,0.0
2024-07-29 22:15:00,2.0,0.0,0.07549396879277841,60.0,59.7469843963892,0.0
2024-07-29 22:16:00,2.0,0.0,0.0754831478703523,60.0,59.74157393517615,0.0
2024-07-29 22:17:00,2.0,0.0,0.07547232849894231,60.0,59.73616424947115,0.0
2024-07-29 22:18:00,2.0,0.0,0.07546151067832613,60.0,59.73075533916306,0.0
2024-07-29 22:19:00,2.0,0.0,0.07545069440828145,60.0,59.725347204140725,0.0
2024-07-29 22:20:00,2.0,0.0,0.07543987968858605,60.0,59.71993984429302,0.0
2024-07-29 22:21:00,2.0,0.0,0.07542906651901768,60.0,59.71453325950884,0.0
2024-07-29 22:22:00,2.0,0.0,0.07541825489935418,60.0,59.70912744967709,0.0
2024-07-29 22:23:00,2.0,0.0,0.0754074448293734,60.0,59.703722414686695,0.0
2024-07-29 22:24:00,2.0,0.0,0.07539663630885318,60.0,59.69831815442659,0.0
2024-07-29 22:25:00,2.0,0.0,0.07538582933757146,60.0,59.692914668785725,0.0
2024-07-29 22:26:00,2.0,0.0,0.07537502391530616,60.0,59.68751195765308,0.0
2024-07-29 22:27:00,2.0,0.0,0.07536422004183525,60.0,59.68211002091763,0.0
2024-07-29 22:28:00,2.0,0.0,0.07535341771693677,60.0,59.67670885846838,0.0
2024-07-29 22:29:00,2.0,0.0,0.07534261694038871,60.0,59.671308470194354,0.0
2024-07-29 22:30:00,2.0,0.0,0.07533181771196917,60.0,59.66590885598458,0.0
2024-07-29 22:31:00,2.0,0.0,0.07532102003145623,60.0,59.660510015728114,0.0
2024-07-29 22:32:00,2.0,0.0,0.07531022389862803,60.0,59.65511194931401,0.0
2024-07-29 22:33:00,2.0,0.0,0.07529942931326272,60.0,59.64971465663136,0.0
2024-07-29 22:34:00,2.0,0.0,0.0752886362751385,60.0,59.64431813756925,0.0
2024-07-29 22:35:00,2.0,0.0,0.07527784478403361,60.0,59.6389223920168,0.0
2024-07-29 22:36:00,2.0,0.0,0.07526705483972629,60.0,59.63352741986314,0.0
2024-07-29 22:37:00,2.0,0.0,0.07525626644199485,60.0,59.62813322099742,0.0
2024-07-29 22:38:00,2.0,0.0,0.07524547959061757,60.0,59.62273979530879,0.0
2024-07-29 22:39:00,2.0,0.0,0.07523469428537287,60.0,59.617347142686434,0.0
2024-07-29 22:40:00,2.0,0.0,0.07522391052603908,60.0,59.61195526301954,0.0
2024-07-29 22:41:00,2.0,0.0,0.07521312831239464,60.0,59.60656415619732,0.0
2024-07-29 22:42:00,2.0,0.0,0.075202347644218,60.0,59.601173822109,0.0
2024-07-29 22:43:00,2.0,0.0,0.07519156852128762,60.0,59.59578426064381,0.0
2024-07-29 22:44:00,2.0,0.0,0.07518079094338204,60.0,59.59039547169102,0.0
2024-07-29 22:45:00,2.0,0.0,0.07517001491027979,60.0,59.585007455139895,0.0
2024-07-29 22:46:00,2.0,0.0,0.07515924042175945,60.0,59.579620210879725,0.0
2024-07-29 22:47:00,2.0,0.0,0.07514846747759962,60.0,59.57423373879981,0.0
2024-07-29 22:48:00,2.0,0.0,0.07513769607757895,60.0,59.568848038789476,0.0
2024-07-29 22:49:00,2.0,0.0,0.0751269262214761,60.0,59.56346311073805,0.0
2024-07-29 22:50:00,2.0,0.0,0.07511615790906977,60.0,59.558078954534885,0.0
2024-07-29 22:51:00,2.0,0.0,0.07510539114013871,60.0,59.55269557006935,0.0
2024-07-29 22:52:00,2.0,0.0,0.07509462591446167,60.0,59.54731295723084,0.0
2024-07-29 22:53:00,2.0,0.0,0.07508386223181747,60.0,59.54193111590873,0.0
2024-07-29 22:54:00,2.0,0.0,0.0750731000919849,60.0,59.53655004599245,0.0
2024-07-29 22:55:00,2.0,0.0,0.07506233949474286,60.0,59.53116974737143,0.0
2024-07-29 22:56:00,2.0,0.0,0.07505158043987022,60.0,59.52579021993511,0.0
2024-07-29 22:57:00,2.0,0.0,0.07504082292714592,60.0,59.52041146357296,0.0
2024-07-29 22:58:00,2.0,0.0,0.07503006695634892,60.0,59.51503347817446,0.0
2024-07-29 22:59:00,2.0,0.0,0.07501931252725819,60.0,59.50965626362909,0.0
2024-07-29 23:00:00,2.0,0.0,0.07500855963965275,60.0,59.50427981982637,0.0
2024-07-29 23:01:00,2.0,0.0,0.07499780829331167,60.0,59.49890414665583,0.0
2024-07-29 23:02:00,2.0,0.0,0.07498705848801401,60.0,59.49352924400701,0.0
2024-07-29 23:03:00,2.0,0.0,0.0749763102235389,60.0,59.48815511176945,0.0
2024-07-29 23:04:00,2.0,0.0,0.07496556349966549,60.0,59.482781749832746,0.0
2024-07-29 23:05:00,2.0,0.0,0.07495481831617296,60.0,59.47740915808647,0.0
2024-07-29 23:06:00,2.0,0.0,0.07494407467284049,60.0,59.47203733642024,0.0
2024-07-29 23:07:00,2.0,0.0,0.07493333256944734,60.0,59.46666628472367,0.0
2024-07-29 23:08:00,2.0,0.0,0.0749225920057728,60.0,59.4612960028864,0.0
2024-07-29 23:09:00,2.0,0.0,0.07491185298159614,60.0,59.45592649079807,0.0
2024-07-29 23:10:00,2.0,0.0,0.07490111549669672,60.0,59.45055774834836,0.0
2024-07-29 23:11:00,2.0,0.0,0.07489037955085391,60.0,59.445189775426954,0.0
2024-07-29 23:12:00,2.0,0.0,0.0748796451438471,60.0,59.43982257192355,0.0
2024-07-29 23:13:00,2.0,0.0,0.07486891227545572,60.0,59.434456137727864,0.0
2024-07-29 23:14:00,2.0,0.0,0.07485818094545924,60.0,59.42909047272962,0.0
2024-07-29 23:15:00,2.0,0.0,0.07484745115363715,60.0,59.423725576818576,0.0
2024-07-29 23:16:00,2.0,0.0,0.07483672289976898,60.0,59.418361449884486,0.0
2024-07-29 23:17:00,2.0,0.0,0.07482599618363428,60.0,59.41299809181714,0.0
2024-07-29 23:18:00,2.0,0.0,0.07481527100501263,60.0,59.40763550250632,0.0
2024-07-29 23:19:00,2.0,0.0,0.07480454736368368,60.0,59.40227368184184,0.0
2024-07-29 23:20:00,2.0,0.0,0.07479382525942707,60.0,59.39691262971353,0.0
2024-07-29 23:21:00,2.0,0.0,0.07478310469202247,60.0,59.39155234601123,0.0
2024-07-29 23:22:00,2.0,0.0,0.07477238566124961,60.0,59.3861928306248,0.0
2024-07-29 23:23:00,2.0,0.0,0.07476166816688821,60.0,59.38083408344411,0.0
2024-07-29 23:24:00,2.0,0.0,0.0747509522087181,60.0,59.375476104359045,0.0
2024-07-29 23:25:00,2.0,0.0,0.07474023778651903,60.0,59.370118893259516,0.0
2024-07-29 23:26:00,2.0,0.0,0.0747295249000709,60.0,59.36476245003545,0.0
2024-07-29 23:27:00,2.0,0.0,0.07471881354915355,60.0,59.359406774576776,0.0
2024-07-29 23:28:00,2.0,0.0,0.07470810373354689,60.0,59.354051866773446,0.0
2024-07-29 23:29:00,1.0,0.0,0.07469739545303085,60.0,59.348697726515425,0.0
2024-07-29 23:30:00,1.0,0.0,0.07468668870738542,60.0,59.34334435369271,0.0
2024-07-29 23:31:00,1.0,0.0,0.07467598349639057,60.0,59.337991748195286,0.0
2024-07-29 23:32:00,1.0,0.0,0.07466527981982636,60.0,59.332639909913176,0.0
2024-07-29 23:33:00,1.0,0.0,0.07465457767747281,60.0,59.32728883873641,0.0
2024-07-29 23:34:00,1.0,0.0,0.07464387706911006,60.0,59.32193853455503,0.0
2024-07-29 23:35:00,2.0,0.0,0.07463317799451823,60.0,59.31658899725911,0.0
2024-07-29 23:36:00,2.0,0.0,0.07462248045347744,60.0,59.31124022673872,0.0
2024-07-29 23:37:00,2.0,0.0,0.07461178444576791,60.0,59.305892222883955,0.0
2024-07-29 23:38:00,2.0,0.0,0.07460108997116986,60.0,59.30054498558493,0.0
2024-07-29 23:39:00,2.0,0.0,0.07459039702946353,60.0,59.295198514731766,0.0
2024-07-29 23:40:00,2.0,0.0,0.0745797056204292,60.0,59.289852810214605,0.0
2024-07-29 23:41:00,2.0,0.0,0.07456901574384721,60.0,59.2845078719236,0.0
2024-07-29 23:42:00,2.0,0.0,0.07455832739949787,60.0,59.279163699748935,0.0
2024-07-29 23:43:00,2.0,0.0,0.07454764058716158,60.0,59.27382029358079,0.0
2024-07-29 23:44:00,2.0,0.0,0.07453695530661875,60.0,59.268477653309375,0.0
2024-07-29 23:45:00,2.0,0.0,0.0745262715576498,60.0,59.2631357788249,0.0
2024-07-29 23:46:00,2.0,0.0,0.07451558934003523,60.0,59.25779467001762,0.0
2024-07-29 23:47:00,2.0,0.0,0.07450490865355554,60.0,59.252454326777766,0.0
2024-07-29 23:48:00,2.0,0.0,0.07449422949799124,60.0,59.24711474899562,0.0
2024-07-29 23:49:00,2.0,0.0,0.07448355187312292,60.0,59.24177593656146,0.0
2024-07-29 23:50:00,2.0,0.0,0.07447287577873117,60.0,59.23643788936558,0.0
2024-07-29 23:51:00,2.0,0.0,0.07446220121459662,60.0,59.23110060729831,0.0
2024-07-29 23:52:00,2.0,0.0,0.07445152818049992,60.0,59.22576409024996,0.0
2024-07-29 23:53:00,2.0,0.0,0.07444085667622179,60.0,59.22042833811089,0.0
2024-07-29 23:54:00,2.0,0.0,0.07443018670154293,60.0,59.21509335077146,0.0
2024-07-29 23:55:00,2.0,0.0,0.07441951825624409,60.0,59.209759128122045,0.0
2024-07-29 23:56:00,2.0,0.0,0.07440885134010607,60.0,59.204425670053034,0.0
2024-07-29 23:57:00,2.0,0.0,0.07439818595290969,60.0,59.19909297645484,0.0
2024-07-29 23:58:00,2.0,0.0,0.07438752209443578,60.0,59.19376104721789,0.0
2024-07-29 23:59:00,2.0,0.0,0.07437685976446526,60.0,59.188429882232626,0.0
2024-07-30 00:00:00,2.0,0.0,0.07436619896277899,60.0,59.1830994813895,0.0
2024-07-30 00:01:00,2.0,0.0,0.07435553968915795,60.0,59.177769844578975,0.0
2024-07-30 00:02:00,2.0,0.0,0.0743448819433831,60.0,59.17244097169155,0.0
2024-07-30 00:03:00,2.0,0.0,0.07433422572523546,60.0,59.16711286261773,0.0
2024-07-30 00:04:00,2.0,0.0,0.07432357103449605,60.0,59.16178551724803,0.0
2024-07-30 00:05:00,2.0,0.0,0.07431291787094597,60.0,59.15645893547298,0.0
2024-07-30 00:06:00,2.0,0.0,0.07430226623436628,60.0,59.15113311718314,0.0
2024-07-30 00:07:00,2.0,0.0,0.07429161612453813,60.0,59.14580806226907,0.0
2024-07-30 00:08:00,2.0,0.0,0.07428096754124269,60.0,59.140483770621344,0.0
2024-07-30 00:09:00,2.0,0.0,0.07427032048426115,60.0,59.135160242130574,0.0
2024-07-30 00:10:00,2.0,0.0,0.07425967495337472,60.0,59.129837476687364,0.0
2024-07-30 00:11:00,2.0,0.0,0.07424903094836469,60.0,59.124515474182346,0.0
2024-07-30 00:12:00,2.0,0.0,0.07423838846901232,60.0,59.11919423450616,0.0
2024-07-30 00:13:00,2.0,0.0,0.07422774751509895,60.0,59.11387375754947,0.0
2024-07-30 00:14:00,2.0,0.0,0.0742171080864059,60.0,59.10855404320295,0.0
2024-07-30 00:15:00,2.0,0.0,0.07420647018271459,60.0,59.10323509135729,0.0
2024-07-30 00:16:00,2.0,0.0,0.07419583380380641,60.0,59.097916901903204,0.0
2024-07-30 00:17:00,2.0,0.0,0.07418519894946282,60.0,59.09259947473141,0.0
2024-07-30 00:18:00,2.0,0.0,0.07417456561946528,60.0,59.08728280973264,0.0
2024-07-30 00:19:00,2.0,0.0,0.07416393381359532,60.0,59.08196690679766,0.0
2024-07-30 00:20:00,2.0,0.0,0.07415330353163446,60.0,59.07665176581723,0.0
2024-07-30 00:21:00,2.0,0.0,0.07414267477336428,60.0,59.07133738668214,0.0
2024-07-30 00:22:00,2.0,0.0,0.07413204753856636,60.0,59.066023769283184,0.0
2024-07-30 00:23:00,2.0,0.0,0.07412142182702237,60.0,59.06071091351119,0.0
2024-07-30 00:24:00,2.0,0.0,0.07411079763851396,60.0,59.05539881925698,0.0
2024-07-30 00:25:00,2.0,0.0,0.07410017497282281,60.0,59.05008748641141,0.0
2024-07-30 00:26:00,2.0,0.0,0.07408955382973068,60.0,59.04477691486534,0.0
2024-07-30 00:27:00,2.0,0.0,0.0740789342090193,60.0,59.03946710450965,0.0
2024-07-30 00:28:00,2.0,0.0,0.07406831611047046,60.0,59.03415805523523,0.0
2024-07-30 00:29:00,2.0,0.0,0.074057699533866,60.0,59.028849766933,0.0
2024-07-30 00:30:00,2.0,0.0,0.07404708447898775,60.0,59.02354223949388,0.0
2024-07-30 00:31:00,2.0,0.0,0.07403647094561762,60.0,59.01823547280881,0.0
2024-07-30 00:32:00,2.0,0.0,0.07402585893353751,60.0,59.01292946676875,0.0
2024-07-30 00:33:00,2.0,0.0,0.07401524844252935,60.0,59.00762422126468,0.0
2024-07-30 00:34:00,2.0,0.0,0.07400463947237515,60.0,59.00231973618757,0.0
2024-07-30 00:35:00,2.0,0.0,0.07399403202285688,60.0,58.99701601142844,0.0
2024-07-30 00:36:00,2.0,0.0,0.07441343087158749,60.0,59.20671543579374,0.0
2024-07-30 00:37:00,2.0,0.0,0.07483276960581516,60.0,59.41638480290758,0.0
2024-07-30 00:38:00,2.0,0.0,0.07525204823415642,60.0,59.62602411707821,0.0
2024-07-30 00:39:00,2.0,0.0,0.07567126676522654,60.0,59.83563338261327,0.0
2024-07-30 00:40:00,2.0,0.0,0.07609042520763955,60.0,60.04521260381977,0.0
2024-07-30 00:41:00,2.0,0.0,0.07650952357000826,60.0,60.25476178500413,0.0
2024-07-30 00:42:00,2.0,0.0,0.07692856186094423,60.0,60.464280930472114,0.0
2024-07-30 00:43:00,2.0,0.0,0.07734754008905781,60.0,60.6737700445289,0.0
2024-07-30 00:44:00,2.0,0.0,0.07776645826295808,60.0,60.88322913147904,0.0
2024-07-30 00:45:00,2.0,0.0,0.07818531639125292,60.0,61.09265819562646,0.0
2024-07-30 00:46:00,2.0,0.0,0.07817410970471811,60.0,61.08705485235905,0.0
2024-07-30 00:47:00,2.0,0.0,0.07816290462449287,60.0,61.081452312246434,0.0
2024-07-30 00:48:00,2.0,0.0,0.07815170115034699,60.0,61.07585057517349,0.0
2024-07-30 00:49:00,2.0,0.0,0.07814049928205023,60.0,61.070249641025114,0.0
2024-07-30 00:50:00,2.0,0.0,0.07812929901937245,60.0,61.06464950968622,0.0
2024-07-30 00:51:00,2.0,0.0,0.07811810036208347,60.0,61.059050181041734,0.0
2024-07-30 00:52:00,2.0,0.0,0.07810690330995321,60.0,61.053451654976605,0.0
2024-07-30 00:53:00,2.0,0.0,0.07809570786275159,60.0,61.0478539313758,0.0
2024-07-30 00:54:00,2.0,0.0,0.07808451402024857,60.0,61.04225701012429,0.0
2024-07-30 00:55:00,2.0,0.0,0.07807332178221414,60.0,61.03666089110707,0.0
2024-07-30 00:56:00,2.0,0.0,0.07806213114841831,60.0,61.03106557420916,0.0
2024-07-30 00:57:00,2.0,0.0,0.07805094211863116,60.0,61.02547105931558,0.0
2024-07-30 00:58:00,2.0,0.0,0.07803975469262275,60.0,61.019877346311375,0.0
2024-07-30 00:59:00,2.0,0.0,0.07802856887016323,60.0,61.01428443508161,0.0
2024-07-30 01:00:00,2.0,0.0,0.07801738465102274,60.0,61.00869232551137,0.0
2024-07-30 01:01:00,2.0,0.0,0.07800620203497147,60.0,61.00310101748573,0.0
2024-07-30 01:02:00,2.0,0.0,0.07799502102177963,60.0,60.99751051088982,0.0
2024-07-30 01:03:00,2.0,0.0,0.07798384161121752,60.0,60.99192080560876,0.0
2024-07-30 01:04:00,2.0,0.0,0.07797266380305537,60.0,60.986331901527684,0.0
2024-07-30 01:05:00,2.0,1.92556,0.07796148759706352,60.0,60.98074379853176,1.0
2024-07-30 01:06:00,2.0,1.92556,0.07767431299301235,60.0,60.837156496506175,1.0
2024-07-30 01:07:00,2.0,0.0,0.07738717955111177,60.0,60.693589775555886,0.0
2024-07-30 01:08:00,2.0,0.0,0.07737608726546182,60.0,60.68804363273091,0.0
2024-07-30 01:09:00,2.0,0.0,0.07736499656972382,60.0,60.68249828486191,0.0
2024-07-30 01:10:00,2.0,0.0,0.07735390746366987,60.0,60.676953731834935,0.0
2024-07-30 01:11:00,2.0,0.0,0.07734281994707212,60.0,60.67140997353606,0.0
2024-07-30 01:12:00,2.0,0.0,0.07733173401970274,60.0,60.66586700985137,0.0
2024-07-30 01:13:00,2.0,0.0,0.07732064968133394,60.0,60.660324840666966,0.0
2024-07-30 01:14:00,2.0,0.0,0.07730956693173795,60.0,60.654783465868974,0.0
2024-07-30 01:15:00,2.0,0.0,0.07729848577068706,60.0,60.649242885343526,0.0
2024-07-30 01:16:00,2.0,0.0,0.07728740619795356,60.0,60.64370309897678,0.0
2024-07-30 01:17:00,2.0,0.0,0.07727632821330979,60.0,60.6381641066549,0.0
2024-07-30 01:18:00,2.0,1.92556,0.07726525181652816,60.0,60.632625908264075,1.0
2024-07-30 01:19:00,2.0,0.0,0.07697817700738101,60.0,60.4890885036905,0.0
2024-07-30 01:20:00,2.0,11.553360000000001,0.07696714334608037,60.0,60.48357167304019,6.0
2024-07-30 01:21:00,2.0,0.0,0.07530011126628879,60.0,59.65005563314439,0.0
2024-07-30 01:22:00,2.0,0.0,0.0752893181304169,60.0,59.644659065208444,0.0
2024-07-30 01:23:00,2.0,0.0,0.07527852654157832,60.0,59.63926327078916,0.0
2024-07-30 01:24:00,2.0,0.0,0.07526773649955133,60.0,59.63386824977567,0.0
2024-07-30 01:25:00,2.0,0.0,0.07525694800411423,60.0,59.62847400205711,0.0
2024-07-30 01:26:00,2.0,0.0,0.07524616105504531,60.0,59.62308052752265,0.0
2024-07-30 01:27:00,2.0,0.0,0.07523537565212295,60.0,59.61768782606147,0.0
2024-07-30 01:28:00,2.0,0.0,0.0752245917951255,60.0,59.61229589756275,0.0
2024-07-30 01:29:00,2.0,0.0,0.07521380948383141,60.0,59.606904741915706,0.0
2024-07-30 01:30:00,2.0,1.92556,0.07520302871801911,60.0,59.601514359009556,1.0
2024-07-30 01:31:00,2.0,0.0,0.07491624949746709,60.0,59.45812474873354,0.0
2024-07-30 01:32:00,2.0,0.0,0.07490551138239339,60.0,59.45275569119669,0.0
2024-07-30 01:33:00,2.0,0.0,0.07489477480646661,60.0,59.44738740323331,0.0
2024-07-30 01:34:00,2.0,1.92556,0.07488403976946617,60.0,59.442019884733085,1.0
2024-07-30 01:35:00,2.0,0.0,0.07459730627117145,60.0,59.298653135585724,0.0
2024-07-30 01:36:00,2.0,0.0,0.07458661387180147,60.0,59.29330693590074,0.0
2024-07-30 01:37:00,2.0,0.0,0.07457592300502577,60.0,59.287961502512886,0.0
2024-07-30 01:38:00,2.0,0.0,0.07456523367062466,60.0,59.28261683531233,0.0
2024-07-30 01:39:00,2.0,0.0,0.07455454586837851,60.0,59.277272934189256,0.0
2024-07-30 01:40:00,2.0,0.0,0.07454385959806771,60.0,59.271929799033856,0.0
2024-07-30 01:41:00,2.0,0.0,0.07453317485947267,60.0,59.26658742973633,0.0
2024-07-30 01:42:00,2.0,0.0,0.07452249165237385,60.0,59.26124582618692,0.0
2024-07-30 01:43:00,2.0,0.0,0.07451180997655171,60.0,59.25590498827586,0.0
2024-07-30 01:44:00,2.0,0.0,0.0745011298317868,60.0,59.2505649158934,0.0
2024-07-30 01:45:00,2.0,0.0,0.07449045121785965,60.0,59.24522560892982,0.0
2024-07-30 01:46:00,2.0,0.0,0.07447977413455083,60.0,59.23988706727541,0.0
2024-07-30 01:47:00,2.0,0.0,0.07446909858164096,60.0,59.234549290820475,0.0
2024-07-30 01:48:00,2.0,0.0,0.07445842455891066,60.0,59.22921227945533,0.0
2024-07-30 01:49:00,2.0,0.0,0.07444775206614064,60.0,59.22387603307032,0.0
2024-07-30 01:50:00,2.0,0.0,0.07443708110311156,60.0,59.21854055155578,0.0
2024-07-30 01:51:00,2.0,0.0,0.07442641166960419,60.0,59.213205834802096,0.0
2024-07-30 01:52:00,2.0,0.0,0.07441574376539929,60.0,59.20787188269964,0.0
2024-07-30 01:53:00,2.0,1.92556,0.07440507739027763,60.0,59.20253869513881,1.0
2024-07-30 01:54:00,2.0,1.92556,0.07411841254402006,60.0,59.05920627201003,1.0
2024-07-30 01:55:00,2.0,0.0,0.073831788786847,60.0,58.9158943934235,0.0
2024-07-30 01:56:00,2.0,0.0,0.07425121089069982,60.0,59.125605445349905,0.0
2024-07-30 01:57:00,2.0,0.0,0.07467057287671644,60.0,59.33528643835822,0.0
2024-07-30 01:58:00,2.0,0.0,0.07508987475351385,60.0,59.54493737675693,0.0
2024-07-30 01:59:00,2.0,0.0,0.0755091165297078,60.0,59.754558264853905,0.0
2024-07-30 02:00:00,2.0,0.0,0.07592829821391282,60.0,59.96414910695641,0.0
2024-07-30 02:01:00,2.0,0.0,0.07634741981474216,60.0,60.173709907371084,0.0
2024-07-30 02:02:00,2.0,1.92556,0.07676648134080791,60.0,60.38324067040395,1.0
2024-07-30 02:03:00,2.0,0.0,0.07690948280072082,60.0,60.45474140036041,0.0
2024-07-30 02:04:00,2.0,0.0,0.07732846376353009,60.0,60.66423188176504,0.0
2024-07-30 02:05:00,2.0,0.0,0.07774738467173407,60.0,60.873692335867034,0.0
2024-07-30 02:06:00,2.0,0.0,0.07816624553394069,60.0,61.08312276697035,0.0
2024-07-30 02:07:00,2.0,0.0,0.0781550415809258,60.0,61.0775207904629,0.0
2024-07-30 02:08:00,2.0,0.0,0.07814383923382867,60.0,61.071919616914336,0.0
2024-07-30 02:09:00,2.0,0.0,0.07813263849241915,60.0,61.066319246209574,0.0
2024-07-30 02:10:00,2.0,0.0,0.07812143935646705,60.0,61.060719678233525,0.0
2024-07-30 02:11:00,2.0,0.0,0.07811024182574228,60.0,61.05512091287114,0.0
2024-07-30 02:12:00,2.0,0.0,0.07809904590001475,60.0,61.04952295000737,0.0
2024-07-30 02:13:00,2.0,0.0,0.0780878515790544,60.0,61.0439257895272,0.0
2024-07-30 02:14:00,2.0,1.92556,0.07807665886263122,60.0,61.03832943131561,1.0
2024-07-30 02:15:00,2.0,1.92556,0.07778946775051522,60.0,60.89473387525761,1.0
2024-07-30 02:16:00,2.0,0.0,0.077502317802916,60.0,60.751158901458,0.0
2024-07-30 02:17:00,2.0,0.0,0.07749120901393326,60.0,60.74560450696663,0.0
2024-07-30 02:18:00,2.0,0.0,0.07748010181722796,60.0,60.74005090861398,0.0
2024-07-30 02:19:00,2.0,0.0,0.07746899621257189,60.0,60.73449810628594,0.0
2024-07-30 02:20:00,2.0,0.0,0.07745789219973682,60.0,60.72894609986841,0.0
2024-07-30 02:21:00,2.0,0.0,0.07744678977849462,60.0,60.72339488924731,0.0
2024-07-30 02:22:00,2.0,0.0,0.07743568894861715,60.0,60.71784447430857,0.0
2024-07-30 02:23:00,2.0,0.0,0.0774245897098763,60.0,60.71229485493815,0.0
2024-07-30 02:24:00,2.0,0.0,0.07741349206204401,60.0,60.70674603102201,0.0
2024-07-30 02:25:00,2.0,0.0,0.07740239600489227,60.0,60.701198002446134,0.0
2024-07-30 02:26:00,2.0,0.0,0.07739130153819306,60.0,60.695650769096524,0.0
2024-07-30 02:27:00,2.0,0.0,0.07738020866171838,60.0,60.69010433085919,0.0
2024-07-30 02:28:00,2.0,0.0,0.07736911737524035,60.0,60.684558687620175,0.0
2024-07-30 02:29:00,2.0,0.0,0.07735802767853105,60.0,60.67901383926552,0.0
2024-07-30 02:30:00,2.0,1.92556,0.0773469395713626,60.0,60.6734697856813,1.0
2024-07-30 02:31:00,2.0,0.0,0.07705985305350717,60.0,60.529926526753584,0.0
2024-07-30 02:32:00,2.0,0.0,0.07704880768517651,60.0,60.52440384258826,0.0
2024-07-30 02:33:00,2.0,0.0,0.07703776390003292,60.0,60.51888195001646,0.0
2024-07-30 02:34:00,2.0,0.0,0.07702672169784944,60.0,60.51336084892472,0.0
2024-07-30 02:35:00,2.0,0.0,0.07701568107839919,60.0,60.5078405391996,0.0
2024-07-30 02:36:00,2.0,0.0,0.07700464204145532,60.0,60.50232102072766,0.0
2024-07-30 02:37:00,2.0,0.0,0.076993604586791,60.0,60.4968022933955,0.0
2024-07-30 02:38:00,2.0,0.0,0.07698256871417941,60.0,60.491284357089704,0.0
2024-07-30 02:39:00,2.0,0.0,0.0769715344233938,60.0,60.4857672116969,0.0
2024-07-30 02:40:00,2.0,0.0,0.07696050171420747,60.0,60.480250857103734,0.0
2024-07-30 02:41:00,2.0,0.0,0.07694947058639368,60.0,60.47473529319684,0.0
2024-07-30 02:42:00,2.0,0.0,0.07693844103972577,60.0,60.46922051986289,0.0
2024-07-30 02:43:00,2.0,0.0,0.07692741307397712,60.0,60.46370653698856,0.0
2024-07-30 02:44:00,2.0,0.0,0.07691638668892112,60.0,60.45819334446056,0.0
2024-07-30 02:45:00,2.0,0.0,0.07690536188433121,60.0,60.45268094216561,0.0
2024-07-30 02:46:00,2.0,0.0,0.07689433865998087,60.0,60.44716932999043,0.0
2024-07-30 02:47:00,2.0,0.0,0.07688331701564355,60.0,60.44165850782177,0.0
2024-07-30 02:48:00,2.0,0.0,0.07687229695109281,60.0,60.4361484755464,0.0
2024-07-30 02:49:00,2.0,0.0,0.0768612784661022,60.0,60.4306392330511,0.0
2024-07-30 02:50:00,2.0,0.0,0.07685026156044533,60.0,60.425130780222666,0.0
2024-07-30 02:51:00,2.0,0.0,0.07683924623389582,60.0,60.41962311694791,0.0
2024-07-30 02:52:00,2.0,0.0,0.07682823248622732,60.0,60.41411624311366,0.0
2024-07-30 02:53:00,2.0,0.0,0.07681722031721352,60.0,60.40861015860676,0.0
2024-07-30 02:54:00,2.0,0.0,0.07680620972662817,60.0,60.403104863314084,0.0
2024-07-30 02:55:00,2.0,0.0,0.076795200714245,60.0,60.3976003571225,0.0
2024-07-30 02:56:00,2.0,0.0,0.07678419327983779,60.0,60.3920966399189,0.0
2024-07-30 02:57:00,2.0,0.0,0.07677318742318039,60.0,60.386593711590194,0.0
2024-07-30 02:58:00,2.0,0.0,0.07676218314404663,60.0,60.381091572023315,0.0
2024-07-30 02:59:00,2.0,0.0,0.07675118044221041,60.0,60.375590221105206,0.0
2024-07-30 03:00:00,2.0,0.0,0.07674017931744564,60.0,60.37008965872282,0.0
2024-07-30 03:01:00,2.0,0.0,0.07672917976952627,60.0,60.364589884763134,0.0
2024-07-30 03:02:00,2.0,0.0,0.07671818179822629,60.0,60.35909089911314,0.0
2024-07-30 03:03:00,2.0,0.0,0.0767071854033197,60.0,60.35359270165985,0.0
2024-07-30 03:04:00,2.0,1.92556,0.07669619058458056,60.0,60.34809529229028,1.0
2024-07-30 03:05:00,2.0,0.0,0.07640919734178298,60.0,60.204598670891485,0.0
2024-07-30 03:06:00,2.0,0.0,0.07639824523514058,60.0,60.19912261757029,0.0
2024-07-30 03:07:00,2.0,0.0,0.07638729469831758,60.0,60.19364734915879,0.0
2024-07-30 03:08:00,2.0,0.0,0.07637634573108897,60.0,60.18817286554448,0.0
2024-07-30 03:09:00,2.0,0.0,0.07636539833322975,60.0,60.182699166614874,0.0
2024-07-30 03:10:00,2.0,0.0,0.076354452504515,60.0,60.1772262522575,0.0
2024-07-30 03:11:00,2.0,0.0,0.0763435082447198,60.0,60.1717541223599,0.0
2024-07-30 03:12:00,2.0,0.0,0.07633256555361927,60.0,60.16628277680963,0.0
2024-07-30 03:13:00,2.0,1.92556,0.07632162443098855,60.0,60.160812215494275,1.0
2024-07-30 03:14:00,2.0,1.92556,0.07603468487660284,60.0,60.01734243830142,1.0
2024-07-30 03:15:00,2.0,0.0,0.0757477864506769,60.0,59.87389322533845,0.0
2024-07-30 03:16:00,2.0,0.0,0.0757369291473156,60.0,59.868464573657796,0.0
2024-07-30 03:17:00,2.0,0.0,0.07572607340018506,60.0,59.86303670009253,0.0
2024-07-30 03:18:00,2.0,0.0,0.07571521920906224,60.0,59.85760960453112,0.0
2024-07-30 03:19:00,2.0,0.0,0.0757043665737241,60.0,59.85218328686205,0.0
2024-07-30 03:20:00,2.0,0.0,0.07569351549394765,60.0,59.84675774697382,0.0
2024-07-30 03:21:00,2.0,0.0,0.07568266596950991,60.0,59.841332984754956,0.0
2024-07-30 03:22:00,2.0,0.0,0.07567181800018796,60.0,59.83590900009398,0.0
2024-07-30 03:23:00,2.0,0.0,0.07566097158575888,60.0,59.830485792879436,0.0
2024-07-30 03:24:00,2.0,0.0,0.07565012672599981,60.0,59.825063362999906,0.0
2024-07-30 03:25:00,2.0,0.0,0.07563928342068792,60.0,59.81964171034396,0.0
2024-07-30 03:26:00,2.0,0.0,0.07562844166960038,60.0,59.81422083480019,0.0
2024-07-30 03:27:00,2.0,0.0,0.07561760147251444,60.0,59.80880073625722,0.0
2024-07-30 03:28:00,2.0,0.0,0.07560676282920734,60.0,59.80338141460367,0.0
2024-07-30 03:29:00,2.0,0.0,0.07559592573945638,60.0,59.79796286972819,0.0
2024-07-30 03:30:00,2.0,0.0,0.07558509020303887,60.0,59.79254510151944,0.0
2024-07-30 03:31:00,2.0,0.0,0.07557425621973218,60.0,59.78712810986609,0.0
2024-07-30 03:32:00,2.0,0.0,0.07556342378931367,60.0,59.78171189465684,0.0
2024-07-30 03:33:00,2.0,0.0,0.07555259291156079,60.0,59.77629645578039,0.0
2024-07-30 03:34:00,2.0,0.0,0.07554176358625095,60.0,59.770881793125476,0.0
2024-07-30 03:35:00,2.0,0.0,0.07553093581316167,60.0,59.76546790658083,0.0
2024-07-30 03:36:00,2.0,0.0,0.07552010959207042,60.0,59.76005479603521,0.0
2024-07-30 03:37:00,2.0,0.0,0.07550928492275479,60.0,59.754642461377394,0.0
2024-07-30 03:38:00,2.0,0.0,0.07549846180499234,60.0,59.749230902496166,0.0
2024-07-30 03:39:00,2.0,0.0,0.07548764023856067,60.0,59.74382011928033,0.0
2024-07-30 03:40:00,2.0,0.0,0.07547682022323741,60.0,59.738410111618705,0.0
2024-07-30 03:41:00,2.0,0.0,0.07546600175880025,60.0,59.73300087940012,0.0
2024-07-30 03:42:00,2.0,0.0,0.07545518484502689,60.0,59.727592422513446,0.0
2024-07-30 03:43:00,2.0,0.0,0.07544436948169507,60.0,59.72218474084753,0.0
2024-07-30 03:44:00,2.0,0.0,0.07543355566858255,60.0,59.71677783429127,0.0
2024-07-30 03:45:00,2.0,0.0,0.07542274340546712,60.0,59.71137170273356,0.0
2024-07-30 03:46:00,2.0,0.0,0.07541193269212663,60.0,59.70596634606331,0.0
2024-07-30 03:47:00,2.0,0.0,0.07540112352833893,60.0,59.700561764169464,0.0
2024-07-30 03:48:00,2.0,0.0,0.07539031591388194,60.0,59.69515795694097,0.0
2024-07-30 03:49:00,2.0,0.0,0.07537950984853356,60.0,59.68975492426678,0.0
2024-07-30 03:50:00,2.0,0.0,0.07536870533207175,60.0,59.68435266603588,0.0
2024-07-30 03:51:00,2.0,0.0,0.07535790236427452,60.0,59.67895118213726,0.0
2024-07-30 03:52:00,2.0,0.0,0.07534710094491988,60.0,59.67355047245994,0.0
2024-07-30 03:53:00,2.0,0.0,0.07533630107378586,60.0,59.66815053689293,0.0
2024-07-30 03:54:00,2.0,0.0,0.07532550275065059,60.0,59.66275137532529,0.0
2024-07-30 03:55:00,2.0,0.0,0.07531470597529216,60.0,59.65735298764608,0.0
2024-07-30 03:56:00,2.0,0.0,0.07530391074748873,60.0,59.651955373744364,0.0
2024-07-30 03:57:00,2.0,0.0,0.07529311706701847,60.0,59.646558533509236,0.0
2024-07-30 03:58:00,2.0,0.0,0.0752823249336596,60.0,59.641162466829805,0.0
2024-07-30 03:59:00,2.0,0.0,0.07527153434719039,60.0,59.63576717359519,0.0
2024-07-30 04:00:00,2.0,0.0,0.07526074530738906,60.0,59.63037265369453,0.0
2024-07-30 04:01:00,2.0,0.0,0.07524995781403396,60.0,59.62497890701698,0.0
2024-07-30 04:02:00,2.0,0.0,0.07523917186690343,60.0,59.61958593345172,0.0
2024-07-30 04:03:00,2.0,0.0,0.07522838746577583,60.0,59.61419373288791,0.0
2024-07-30 04:04:00,2.0,0.0,0.07521760461042956,60.0,59.60880230521478,0.0
2024-07-30 04:05:00,2.0,0.0,0.07520682330064307,60.0,59.60341165032153,0.0
2024-07-30 04:06:00,2.0,1.92556,0.07519604353619481,60.0,59.598021768097404,1.0
2024-07-30 04:07:00,2.0,0.0,0.0749092653168633,60.0,59.45463265843165,0.0
2024-07-30 04:08:00,2.0,0.0,0.07489852820286662,60.0,59.44926410143331,0.0
2024-07-30 04:09:00,2.0,1.92556,0.07488779262787337,60.0,59.44389631393668,1.0
2024-07-30 04:10:00,2.0,1.92556,0.07460105859166297,60.0,59.30052929583148,1.0
2024-07-30 04:11:00,2.0,0.0,0.0743143656544544,60.0,59.1571828272272,0.0
2024-07-30 04:12:00,2.0,0.0,0.07430371381035679,60.0,59.15185690517839,0.0
2024-07-30 04:13:00,2.0,0.0,0.07429306349304043,60.0,59.14653174652022,0.0
2024-07-30 04:14:00,2.0,0.0,0.07428241470228653,60.0,59.141207351143265,0.0
2024-07-30 04:15:00,2.0,0.0,0.07427176743787627,60.0,59.13588371893813,0.0
2024-07-30 04:16:00,2.0,0.0,0.07426112169959086,60.0,59.13056084979543,0.0
2024-07-30 04:17:00,2.0,0.0,0.07425047748721156,60.0,59.12523874360578,0.0
2024-07-30 04:18:00,2.0,0.0,0.07423983480051964,60.0,59.11991740025982,0.0
2024-07-30 04:19:00,2.0,0.0,0.07422919363929645,60.0,59.11459681964822,0.0
2024-07-30 04:20:00,2.0,0.0,0.07421855400332329,60.0,59.109277001661646,0.0
2024-07-30 04:21:00,1.0,0.0,0.07420791589238158,60.0,59.10395794619079,0.0
2024-07-30 04:22:00,1.0,0.0,0.07419727930625271,60.0,59.098639653126355,0.0
2024-07-30 04:23:00,1.0,0.0,0.07418664424471813,60.0,59.09332212235906,0.0
2024-07-30 04:24:00,1.0,0.0,0.0741760107075593,60.0,59.08800535377965,0.0
2024-07-30 04:25:00,1.0,0.0,0.07416537869455775,60.0,59.08268934727887,0.0
2024-07-30 04:26:00,1.0,0.0,0.07415474820549499,60.0,59.07737410274749,0.0
2024-07-30 04:27:00,1.0,0.0,0.07414411924015257,60.0,59.07205962007629,0.0
2024-07-30 04:28:00,1.0,0.0,0.07413349179831213,60.0,59.06674589915607,0.0
2024-07-30 04:29:00,1.0,0.0,0.07412286587975528,60.0,59.06143293987764,0.0
2024-07-30 04:30:00,1.0,11.553360000000001,0.07411224148426368,60.0,59.05612074213184,6.0
2024-07-30 04:31:00,1.0,11.553360000000001,0.07244561861161901,60.0,58.222809305809506,6.0
2024-07-30 04:32:00,1.0,0.0,0.07120923940207123,60.0,57.60461970103562,0.0
2024-07-30 04:33:00,1.0,0.0,0.07162903740884591,60.0,57.81451870442295,0.0
2024-07-30 04:34:00,1.0,0.0,0.07204877524390436,60.0,58.02438762195218,0.0
2024-07-30 04:35:00,1.0,0.0,0.07246845291587131,60.0,58.234226457935655,0.0
2024-07-30 04:36:00,1.0,0.0,0.07288807043337023,60.0,58.444035216685116,0.0
2024-07-30 04:37:00,1.0,0.0,0.07330762780502335,60.0,58.65381390251168,0.0
2024-07-30 04:38:00,1.0,0.0,0.0737271250394517,60.0,58.863562519725846,0.0
2024-07-30 04:39:00,1.0,0.0,0.07414656214527499,60.0,59.07328107263749,0.0
2024-07-30 04:40:00,1.0,0.0,0.07456593913111177,60.0,59.28296956555589,0.0
2024-07-30 04:41:00,1.0,0.0,0.07498525600557937,60.0,59.49262800278969,0.0
2024-07-30 04:42:00,1.0,0.0,0.07540451277729382,60.0,59.70225638864691,0.0
2024-07-30 04:43:00,1.0,0.0,0.07582370945486992,60.0,59.911854727434964,0.0
2024-07-30 04:44:00,1.0,0.0,0.0762428460469213,60.0,60.12142302346065,0.0
2024-07-30 04:45:00,1.0,0.0,0.0766619225620603,60.0,60.33096128103015,0.0
2024-07-30 04:46:00,1.0,0.0,0.07708093900889804,60.0,60.540469504449014,0.0
2024-07-30 04:47:00,1.0,0.0,0.07749989539604439,60.0,60.7499476980222,0.0
2024-07-30 04:48:00,1.0,0.0,0.07791879173210804,60.0,60.95939586605402,0.0
2024-07-30 04:49:00,1.0,0.0,0.07833762802569637,60.0,61.16881401284818,0.0
2024-07-30 04:50:00,1.0,1.92556,0.0783263995075847,60.0,61.16319975379235,1.0
2024-07-30 04:51:00,1.0,0.0,0.07803917259891185,60.0,61.01958629945592,0.0
2024-07-30 04:52:00,1.0,0.0,0.07802798685988668,60.0,61.01399342994334,0.0
2024-07-30 04:53:00,1.0,0.0,0.07801680272416858,60.0,61.00840136208429,0.0
2024-07-30 04:54:00,2.0,0.0,0.07800562019152775,60.0,61.00281009576388,0.0
2024-07-30 04:55:00,2.0,0.0,0.07799443926173441,60.0,60.99721963086721,0.0
2024-07-30 04:56:00,2.0,0.0,0.07798325993455882,60.0,60.99162996727941,0.0
2024-07-30 04:57:00,1.0,0.0,0.07797208220977125,60.0,60.98604110488563,0.0
2024-07-30 04:58:00,1.0,1.92556,0.07796090608714205,60.0,60.980453043571025,1.0
2024-07-30 04:59:00,1.0,1.92556,0.07767373156644154,60.0,60.83686578322077,1.0
2024-07-30 05:00:00,1.0,0.0,0.0773865982078797,60.0,60.69329910393985,0.0
2024-07-30 05:01:00,1.0,0.0,0.07737550600555655,60.0,60.68775300277827,0.0
2024-07-30 05:02:00,1.0,0.0,0.07736441539313339,60.0,60.68220769656669,0.0
2024-07-30 05:03:00,1.0,0.0,0.07735332637038234,60.0,60.67666318519117,0.0
2024-07-30 05:04:00,1.0,0.0,0.07734223893707554,60.0,60.67111946853777,0.0
2024-07-30 05:05:00,1.0,0.0,0.07733115309298517,60.0,60.66557654649259,0.0
2024-07-30 05:06:00,1.0,0.0,0.07732006883788345,60.0,60.66003441894173,0.0
2024-07-30 05:07:00,1.0,11.553360000000001,0.07730898617154261,60.0,60.65449308577131,6.0
2024-07-30 05:08:00,1.0,0.0,0.07564190509373493,60.0,59.82095254686747,0.0
2024-07-30 05:09:00,1.0,0.0,0.0756310629668701,60.0,59.815531483435045,0.0
2024-07-30 05:10:00,1.0,0.0,0.07562022239406069,60.0,59.810111197030345,0.0
2024-07-30 05:11:00,1.0,0.0,0.075609383375084,60.0,59.804691687542,0.0
2024-07-30 05:12:00,1.0,0.0,0.07559854590971729,60.0,59.799272954858644,0.0
2024-07-30 05:13:00,1.0,0.0,0.07558770999773788,60.0,59.79385499886894,0.0
2024-07-30 05:14:00,1.0,0.0,0.0755768756389231,60.0,59.78843781946155,0.0
2024-07-30 05:15:00,1.0,0.0,0.07556604283305035,60.0,59.78302141652517,0.0
2024-07-30 05:16:00,1.0,0.0,0.07555521157989702,60.0,59.77760578994851,0.0
2024-07-30 05:17:00,1.0,0.0,0.07554438187924056,60.0,59.77219093962028,0.0
2024-07-30 05:18:00,1.0,0.0,0.07553355373085845,60.0,59.76677686542922,0.0
2024-07-30 05:19:00,1.0,0.0,0.07552272713452816,60.0,59.761363567264084,0.0
2024-07-30 05:20:00,1.0,0.0,0.07551190209002728,60.0,59.75595104501364,0.0
2024-07-30 05:21:00,1.0,0.0,0.07550107859713334,60.0,59.75053929856667,0.0
2024-07-30 05:22:00,1.0,0.0,0.07549025665562396,60.0,59.74512832781198,0.0
2024-07-30 05:23:00,1.0,0.0,0.07547943626527676,60.0,59.73971813263838,0.0
2024-07-30 05:24:00,1.0,0.0,0.07546861742586941,60.0,59.734308712934705,0.0
2024-07-30 05:25:00,1.0,0.0,0.0754578001371796,60.0,59.7289000685898,0.0
2024-07-30 05:26:00,1.0,0.0,0.07544698439898506,60.0,59.72349219949253,0.0
2024-07-30 05:27:00,1.0,0.0,0.07543617021106357,60.0,59.718085105531785,0.0
2024-07-30 05:28:00,1.0,0.0,0.0754253575731929,60.0,59.71267878659645,0.0
2024-07-30 05:29:00,1.0,0.0,0.07541454648515088,60.0,59.70727324257544,0.0
2024-07-30 05:30:00,1.0,0.0,0.07540373694671536,60.0,59.70186847335768,0.0
2024-07-30 05:31:00,1.0,0.0,0.07539292895766422,60.0,59.69646447883211,0.0
2024-07-30 05:32:00,1.0,0.0,0.0753821225177754,60.0,59.6910612588877,0.0
2024-07-30 05:33:00,1.0,0.0,0.07537131762682683,60.0,59.68565881341342,0.0
2024-07-30 05:34:00,1.0,0.0,0.07536051428459652,60.0,59.68025714229826,0.0
2024-07-30 05:35:00,1.0,0.0,0.07534971249086246,60.0,59.67485624543123,0.0
2024-07-30 05:36:00,1.0,0.0,0.0753389122454027,60.0,59.669456122701355,0.0
2024-07-30 05:37:00,1.0,0.0,0.07532811354799535,60.0,59.66405677399767,0.0
2024-07-30 05:38:00,1.0,0.0,0.07531731639841847,60.0,59.658658199209235,0.0
2024-07-30 05:39:00,1.0,0.0,0.07530652079645023,60.0,59.653260398225115,0.0
2024-07-30 05:40:00,1.0,1.92556,0.07529572674186881,60.0,59.6478633709344,1.0
2024-07-30 05:41:00,1.0,1.92556,0.07500893423445239,60.0,59.50446711722619,1.0
2024-07-30 05:42:00,1.0,0.0,0.07472218283441878,60.0,59.36109141720939,0.0
2024-07-30 05:43:00,1.0,0.0,0.07471147253587586,60.0,59.35573626793793,0.0
2024-07-30 05:44:00,1.0,0.0,0.0747007637724928,60.0,59.350381886246396,0.0
2024-07-30 05:45:00,1.0,0.0,0.07469005654404953,60.0,59.34502827202476,0.0
2024-07-30 05:46:00,1.0,0.0,0.07467935085032607,60.0,59.33967542516303,0.0
2024-07-30 05:47:00,1.0,0.0,0.07466864669110242,60.0,59.334323345551205,0.0
2024-07-30 05:48:00,1.0,0.0,0.07465794406615864,60.0,59.32897203307932,0.0
2024-07-30 05:49:00,1.0,0.0,0.07464724297527481,60.0,59.3236214876374,0.0
2024-07-30 05:50:00,1.0,0.0,0.07463654341823106,60.0,59.31827170911553,0.0
2024-07-30 05:51:00,1.0,1.92556,0.07462584539480752,60.0,59.312922697403756,1.0
2024-07-30 05:52:00,1.0,1.92556,0.07433914890478437,60.0,59.16957445239218,1.0
2024-07-30 05:53:00,1.0,11.553360000000001,0.07405249350838139,60.0,59.026246754190694,6.0
2024-07-30 05:54:00,1.0,0.0,0.07238587919970843,60.0,58.19293959985421,0.0
2024-07-30 05:55:00,1.0,0.0,0.07280550855290484,60.0,58.40275427645242,0.0
2024-07-30 05:56:00,1.0,0.0,0.07322507775855898,60.0,58.61253887927949,0.0
2024-07-30 05:57:00,1.0,0.0,0.07364458682529211,60.0,58.822293412646054,0.0
2024-07-30 05:58:00,1.0,0.0,0.07406403576172423,60.0,59.032017880862114,0.0
2024-07-30 05:59:00,1.0,0.0,0.0744834245764741,60.0,59.241712288237046,0.0
2024-07-30 06:00:00,1.0,0.0,0.07490275327815926,60.0,59.45137663907963,0.0
2024-07-30 06:01:00,1.0,0.0,0.07532202187539604,60.0,59.661010937698016,0.0
2024-07-30 06:02:00,1.0,0.0,0.07574123037679946,60.0,59.87061518839973,0.0
2024-07-30 06:03:00,1.0,0.0,0.07616037879098339,60.0,60.08018939549169,0.0
2024-07-30 06:04:00,1.0,0.0,0.0765794671265604,60.0,60.2897335632802,0.0
2024-07-30 06:05:00,1.0,0.0,0.07699849539214187,60.0,60.49924769607094,0.0
2024-07-30 06:06:00,1.0,0.0,0.07741746359633794,60.0,60.70873179816897,0.0
2024-07-30 06:07:00,1.0,0.0,0.07783637174775748,60.0,60.91818587387874,0.0
2024-07-30 06:08:00,1.0,0.0,0.07825521985500816,60.0,61.12760992750408,0.0
2024-07-30 06:09:00,1.0,0.0,0.07824400314886555,60.0,61.12200157443277,0.0
2024-07-30 06:10:00,1.0,0.0,0.07823278805046867,60.0,61.116394025234335,0.0
2024-07-30 06:11:00,1.0,0.0,0.0782215745595871,60.0,61.11078727979355,0.0
2024-07-30 06:12:00,1.0,0.0,0.07821036267599041,60.0,61.105181337995205,0.0
2024-07-30 06:13:00,1.0,0.0,0.07819915239944822,60.0,61.09957619972411,0.0
2024-07-30 06:14:00,1.0,0.0,0.07818794372973019,60.0,61.0939718648651,0.0
2024-07-30 06:15:00,1.0,0.0,0.078176736666606,60.0,61.088368333303,0.0
2024-07-30 06:16:00,1.0,0.0,0.07816553120984539,60.0,61.08276560492269,0.0
2024-07-30 06:17:00,1.0,0.0,0.07815432735921807,60.0,61.077163679609036,0.0
2024-07-30 06:18:00,1.0,0.0,0.07814312511449387,60.0,61.071562557246935,0.0
2024-07-30 06:19:00,1.0,0.0,0.07813192447544258,60.0,61.06596223772129,0.0
2024-07-30 06:20:00,1.0,0.0,0.07812072544183406,60.0,61.06036272091703,0.0
2024-07-30 06:21:00,1.0,0.0,0.07810952801343819,60.0,61.0547640067191,0.0
2024-07-30 06:22:00,1.0,0.0,0.07809833219002489,60.0,61.049166095012446,0.0
2024-07-30 06:23:00,1.0,0.0,0.07808713797136412,60.0,61.04356898568206,0.0
2024-07-30 06:24:00,1.0,0.0,0.07807594535722584,60.0,61.03797267861292,0.0
2024-07-30 06:25:00,1.0,0.0,0.07806475434738007,60.0,61.03237717369004,0.0
2024-07-30 06:26:00,1.0,0.0,0.07805356494159689,60.0,61.026782470798445,0.0
2024-07-30 06:27:00,1.0,0.0,0.07804237713964635,60.0,61.021188569823174,0.0
2024-07-30 06:28:00,1.0,0.0,0.07803119094129858,60.0,61.01559547064929,0.0
2024-07-30 06:29:00,1.0,0.0,0.07802000634632371,60.0,61.010003173161856,0.0
2024-07-30 06:30:00,1.0,0.0,0.07800882335449194,60.0,61.00441167724597,0.0
2024-07-30 06:31:00,1.0,0.0,0.07799764196557347,60.0,60.99882098278674,0.0
2024-07-30 06:32:00,1.0,0.0,0.07798646217933856,60.0,60.99323108966928,0.0
2024-07-30 06:33:00,1.0,0.0,0.07797528399555748,60.0,60.98764199777874,0.0
2024-07-30 06:34:00,1.0,0.0,0.07796410741400053,60.0,60.98205370700027,0.0
2024-07-30 06:35:00,1.0,0.0,0.0779529324344381,60.0,60.97646621721905,0.0
2024-07-30 06:36:00,1.0,0.0,0.07794175905664052,60.0,60.97087952832026,0.0
2024-07-30 06:37:00,1.0,0.0,0.07793058728037822,60.0,60.96529364018911,0.0
2024-07-30 06:38:00,1.0,0.0,0.07791941710542165,60.0,60.95970855271082,0.0
2024-07-30 06:39:00,1.0,0.0,0.07790824853154127,60.0,60.95412426577063,0.0
2024-07-30 06:40:00,1.0,0.0,0.0778970815585076,60.0,60.9485407792538,0.0
2024-07-30 06:41:00,1.0,0.0,0.07788591618609118,60.0,60.94295809304559,0.0
2024-07-30 06:42:00,1.0,0.0,0.0778747524140626,60.0,60.9373762070313,0.0
2024-07-30 06:43:00,1.0,0.0,0.07786359024219244,60.0,60.93179512109622,0.0
2024-07-30 06:44:00,1.0,0.0,0.07785242967025137,60.0,60.926214835125684,0.0
2024-07-30 06:45:00,1.0,0.0,0.07784127069801006,60.0,60.920635349005025,0.0
2024-07-30 06:46:00,1.0,0.0,0.0778301133252392,60.0,60.9150566626196,0.0
2024-07-30 06:47:00,1.0,0.0,0.07781895755170955,60.0,60.90947877585477,0.0
2024-07-30 06:48:00,1.0,0.0,0.07780780337719186,60.0,60.90390168859593,0.0
2024-07-30 06:49:00,1.0,0.0,0.07779665080145695,60.0,60.898325400728474,0.0
2024-07-30 06:50:00,1.0,0.0,0.07778549982427566,60.0,60.89274991213783,0.0
2024-07-30 06:51:00,1.0,0.0,0.07777435044541886,60.0,60.88717522270943,0.0
2024-07-30 06:52:00,1.0,0.0,0.07776320266465746,60.0,60.88160133232873,0.0
2024-07-30 06:53:00,1.0,0.0,0.07775205648176238,60.0,60.87602824088119,0.0
2024-07-30 06:54:00,1.0,0.0,0.0777409118965046,60.0,60.8704559482523,0.0
2024-07-30 06:55:00,1.0,0.0,0.07772976890865511,60.0,60.86488445432756,0.0
2024-07-30 06:56:00,1.0,0.0,0.07771862751798499,60.0,60.85931375899249,0.0
2024-07-30 06:57:00,1.0,0.0,0.07770748772426525,60.0,60.853743862132625,0.0
2024-07-30 06:58:00,1.0,0.0,0.07769634952726703,60.0,60.848174763633516,0.0
2024-07-30 06:59:00,1.0,0.0,0.07768521292676145,60.0,60.842606463380726,0.0
2024-07-30 07:00:00,1.0,0.0,0.0776740779225197,60.0,60.83703896125984,0.0
2024-07-30 07:01:00,1.0,0.0,0.07766294451431292,60.0,60.83147225715646,0.0
2024-07-30 07:02:00,1.0,0.0,0.0776518127019124,60.0,60.8259063509562,0.0
2024-07-30 07:03:00,1.0,0.0,0.07764068248508939,60.0,60.82034124254469,0.0
2024-07-30 07:04:00,1.0,0.0,0.07762955386361517,60.0,60.814776931807586,0.0
2024-07-30 07:05:00,1.0,0.0,0.0776184268372611,60.0,60.80921341863055,0.0
2024-07-30 07:06:00,1.0,0.0,0.07760730140579852,60.0,60.80365070289926,0.0
2024-07-30 07:07:00,1.0,0.0,0.07759617756899884,60.0,60.79808878449942,0.0
2024-07-30 07:08:00,1.0,0.0,0.07758505532663348,60.0,60.79252766331674,0.0
2024-07-30 07:09:00,1.0,0.0,0.0775739346784739,60.0,60.78696733923695,0.0
2024-07-30 07:10:00,1.0,0.0,0.07756281562429161,60.0,60.78140781214581,0.0
2024-07-30 07:11:00,1.0,0.0,0.07755169816385814,60.0,60.77584908192907,0.0
2024-07-30 07:12:00,1.0,0.0,0.07754058229694502,60.0,60.77029114847251,0.0
2024-07-30 07:13:00,1.0,0.0,0.07752946802332386,60.0,60.76473401166193,0.0
2024-07-30 07:14:00,1.0,0.0,0.07751835534276628,60.0,60.75917767138314,0.0
2024-07-30 07:15:00,1.0,0.0,0.07750724425504396,60.0,60.75362212752198,0.0
2024-07-30 07:16:00,1.0,0.0,0.07749613475992857,60.0,60.74806737996428,0.0
2024-07-30 07:17:00,1.0,0.0,0.07748502685719184,60.0,60.74251342859592,0.0
2024-07-30 07:18:00,1.0,0.0,0.07747392054660553,60.0,60.73696027330276,0.0
2024-07-30 07:19:00,1.0,0.0,0.07746281582794141,60.0,60.731407913970706,0.0
2024-07-30 07:20:00,1.0,0.0,0.07745171270097133,60.0,60.725856350485664,0.0
2024-07-30 07:21:00,1.0,0.0,0.07744061116546713,60.0,60.720305582733566,0.0
2024-07-30 07:22:00,1.0,0.0,0.0774295112212007,60.0,60.71475561060035,0.0
2024-07-30 07:23:00,1.0,0.0,0.07741841286794396,60.0,60.70920643397198,0.0
2024-07-30 07:24:00,1.0,0.0,0.07740731610546886,60.0,60.703658052734426,0.0
2024-07-30 07:25:00,1.0,0.0,0.07739622093354738,60.0,60.69811046677369,0.0
2024-07-30 07:26:00,1.0,0.0,0.07738512735195155,60.0,60.69256367597578,0.0
2024-07-30 07:27:00,1.0,0.0,0.07737403536045342,60.0,60.68701768022671,0.0
2024-07-30 07:28:00,1.0,0.0,0.07736294495882506,60.0,60.681472479412534,0.0
2024-07-30 07:29:00,1.0,0.0,0.07735185614683862,60.0,60.67592807341931,0.0
2024-07-30 07:30:00,1.0,0.0,0.0773407689242662,60.0,60.6703844621331,0.0
2024-07-30 07:31:00,1.0,0.0,0.07732968329088001,60.0,60.664841645440006,0.0
2024-07-30 07:32:00,1.0,0.0,0.07731859924645226,60.0,60.65929962322613,0.0
2024-07-30 07:33:00,1.0,0.0,0.07730751679075522,60.0,60.65375839537761,0.0
2024-07-30 07:34:00,1.0,0.0,0.07729643592356114,60.0,60.64821796178057,0.0
2024-07-30 07:35:00,1.0,0.0,0.07728535664464233,60.0,60.64267832232116,0.0
2024-07-30 07:36:00,1.0,0.0,0.07727427895377113,60.0,60.637139476885565,0.0
2024-07-30 07:37:00,1.0,0.0,0.07726320285071996,60.0,60.631601425359975,0.0
2024-07-30 07:38:00,1.0,0.0,0.07725212833526118,60.0,60.62606416763059,0.0
2024-07-30 07:39:00,1.0,0.0,0.07724105540716725,60.0,60.620527703583626,0.0
2024-07-30 07:40:00,1.0,0.0,0.07722998406621066,60.0,60.61499203310533,0.0
2024-07-30 07:41:00,1.0,0.0,0.0772189143121639,60.0,60.60945715608195,0.0
2024-07-30 07:42:00,1.0,0.0,0.07720784614479952,60.0,60.60392307239976,0.0
2024-07-30 07:43:00,1.0,0.0,0.0771967795638901,60.0,60.598389781945045,0.0
2024-07-30 07:44:00,1.0,0.0,0.07718571456920821,60.0,60.59285728460411,0.0
2024-07-30 07:45:00,1.0,0.0,0.07717465116052653,60.0,60.58732558026327,0.0
2024-07-30 07:46:00,1.0,0.0,0.07716358933761773,60.0,60.58179466880886,0.0
2024-07-30 07:47:00,1.0,0.0,0.07715252910025447,60.0,60.576264550127235,0.0
2024-07-30 07:48:00,1.0,0.0,0.07714147044820951,60.0,60.57073522410476,0.0
2024-07-30 07:49:00,1.0,0.0,0.07713041338125563,60.0,60.56520669062782,0.0
2024-07-30 07:50:00,1.0,0.0,0.07711935789916563,60.0,60.55967894958282,0.0
2024-07-30 07:51:00,1.0,0.0,0.07710830400171234,60.0,60.55415200085617,0.0
2024-07-30 07:52:00,1.0,0.0,0.07709725168866863,60.0,60.54862584433431,0.0
2024-07-30 07:53:00,1.0,0.0,0.07708620095980737,60.0,60.543100479903686,0.0
2024-07-30 07:54:00,1.0,0.0,0.07707515181490152,60.0,60.53757590745076,0.0
2024-07-30 07:55:00,1.0,0.0,0.07706410425372404,60.0,60.53205212686202,0.0
2024-07-30 07:56:00,1.0,0.0,0.07705305827604793,60.0,60.52652913802396,0.0
2024-07-30 07:57:00,1.0,0.0,0.0770420138816462,60.0,60.5210069408231,0.0
2024-07-30 07:58:00,1.0,0.0,0.07703097107029193,60.0,60.51548553514596,0.0
2024-07-30 07:59:00,1.0,0.0,0.0770199298417582,60.0,60.5099649208791,0.0
2024-07-30 08:00:00,1.0,0.0,0.07700889019581815,60.0,60.50444509790908,0.0
2024-07-30 08:01:00,1.0,0.0,0.07699785213224493,60.0,60.498926066122465,0.0
2024-07-30 08:02:00,1.0,0.0,0.07698681565081174,60.0,60.49340782540587,0.0
2024-07-30 08:03:00,1.0,0.0,0.0769757807512918,60.0,60.4878903756459,0.0
2024-07-30 08:04:00,1.0,0.0,0.07696474743345835,60.0,60.48237371672918,0.0
2024-07-30 08:05:00,1.0,0.0,0.07695371569708472,60.0,60.47685784854236,0.0
2024-07-30 08:06:00,1.0,0.0,0.0769426855419442,60.0,60.47134277097209,0.0
2024-07-30 08:07:00,1.0,0.0,0.07693165696781012,60.0,60.465828483905064,0.0
2024-07-30 08:08:00,1.0,0.0,0.07692062997445592,60.0,60.46031498722796,0.0
2024-07-30 08:09:00,1.0,0.0,0.076909604561655,60.0,60.4548022808275,0.0
2024-07-30 08:10:00,1.0,0.0,0.07689858072918081,60.0,60.449290364590404,0.0
2024-07-30 08:11:00,1.0,0.0,0.07688755847680682,60.0,60.44377923840341,0.0
2024-07-30 08:12:00,1.0,0.0,0.07687653780430655,60.0,60.438268902153276,0.0
2024-07-30 08:13:00,1.0,0.0,0.07686551871145357,60.0,60.43275935572679,0.0
2024-07-30 08:14:00,1.0,0.0,0.07685450119802145,60.0,60.427250599010726,0.0
2024-07-30 08:15:00,1.0,0.0,0.0768434852637838,60.0,60.4217426318919,0.0
2024-07-30 08:16:00,1.0,0.0,0.07683247090851426,60.0,60.416235454257134,0.0
2024-07-30 08:17:00,1.0,0.0,0.07682145813198653,60.0,60.410729065993266,0.0
2024-07-30 08:18:00,1.0,0.0,0.0768104469339743,60.0,60.40522346698715,0.0
2024-07-30 08:19:00,1.0,0.0,0.07679943731425132,60.0,60.39971865712566,0.0
2024-07-30 08:20:00,1.0,0.0,0.07678842927259137,60.0,60.394214636295686,0.0
2024-07-30 08:21:00,1.0,0.0,0.07677742280876827,60.0,60.38871140438413,0.0
2024-07-30 08:22:00,1.0,0.0,0.07676641792255583,60.0,60.383208961277916,0.0
2024-07-30 08:23:00,1.0,0.0,0.07675541461372795,60.0,60.377707306863975,0.0
2024-07-30 08:24:00,1.0,0.0,0.07674441288205852,60.0,60.37220644102926,0.0
2024-07-30 08:25:00,1.0,0.0,0.0767334127273215,60.0,60.36670636366075,0.0
2024-07-30 08:26:00,1.0,0.0,0.07672241414929083,60.0,60.361207074645414,0.0
2024-07-30 08:27:00,1.0,0.0,0.07671141714774052,60.0,60.35570857387026,0.0
2024-07-30 08:28:00,1.0,0.0,0.07670042172244462,60.0,60.35021086122231,0.0
2024-07-30 08:29:00,1.0,0.0,0.07668942787317719,60.0,60.34471393658859,0.0
2024-07-30 08:30:00,1.0,0.0,0.07667843559971231,60.0,60.33921779985616,0.0
2024-07-30 08:31:00,1.0,0.0,0.07666744490182416,60.0,60.33372245091208,0.0
2024-07-30 08:32:00,1.0,0.0,0.07665645577928686,60.0,60.32822788964343,0.0
2024-07-30 08:33:00,1.0,0.0,0.07664546823187464,60.0,60.322734115937315,0.0
2024-07-30 08:34:00,1.0,0.0,0.0766344822593617,60.0,60.31724112968085,0.0
2024-07-30 08:35:00,1.0,0.0,0.07662349786152232,60.0,60.31174893076116,0.0
2024-07-30 08:36:00,1.0,0.0,0.0766125150381308,60.0,60.3062575190654,0.0
2024-07-30 08:37:00,1.0,0.0,0.07660153378896145,60.0,60.300766894480724,0.0
2024-07-30 08:38:00,1.0,0.0,0.07659055411378864,60.0,60.29527705689432,0.0
2024-07-30 08:39:00,1.0,0.0,0.07657957601238677,60.0,60.28978800619338,0.0
2024-07-30 08:40:00,1.0,0.0,0.07656859948453024,60.0,60.28429974226512,0.0
2024-07-30 08:41:00,1.0,0.0,0.07655762452999353,60.0,60.27881226499676,0.0
2024-07-30 08:42:00,1.0,0.0,0.0765466511485511,60.0,60.273325574275546,0.0
2024-07-30 08:43:00,1.0,0.0,0.07653567933997747,60.0,60.26783966998874,0.0
2024-07-30 08:44:00,1.0,0.0,0.07652470910404724,60.0,60.262354552023616,0.0
2024-07-30 08:45:00,1.0,0.0,0.07651374044053495,60.0,60.25687022026747,0.0
2024-07-30 08:46:00,1.0,0.0,0.07650277334921524,60.0,60.251386674607616,0.0
2024-07-30 08:47:00,1.0,0.0,0.07649180782986274,60.0,60.24590391493137,0.0
2024-07-30 08:48:00,1.0,0.0,0.07648084388225215,60.0,60.24042194112607,0.0
2024-07-30 08:49:00,1.0,0.0,0.07646988150615817,60.0,60.23494075307909,0.0
2024-07-30 08:50:00,1.0,0.0,0.07645892070135557,60.0,60.22946035067778,0.0
2024-07-30 08:51:00,1.0,0.0,0.0764479614676191,60.0,60.223980733809555,0.0
2024-07-30 08:52:00,1.0,0.0,0.07643700380472361,60.0,60.2185019023618,0.0
2024-07-30 08:53:00,1.0,0.0,0.0764260477124439,60.0,60.21302385622195,0.0
2024-07-30 08:54:00,1.0,0.0,0.07641509319055487,60.0,60.207546595277435,0.0
2024-07-30 08:55:00,1.0,0.0,0.07640414023883144,60.0,60.202070119415716,0.0
2024-07-30 08:56:00,1.0,0.0,0.07639318885704852,60.0,60.19659442852426,0.0
2024-07-30 08:57:00,1.0,0.0,0.07638223904498109,60.0,60.191119522490546,0.0
2024-07-30 08:58:00,1.0,0.0,0.07637129080240418,60.0,60.18564540120209,0.0
2024-07-30 08:59:00,1.0,0.0,0.0763603441290928,60.0,60.1801720645464,0.0
2024-07-30 09:00:00,1.0,0.0,0.07634939902482202,60.0,60.17469951241101,0.0
2024-07-30 09:01:00,1.0,0.0,0.07633845548936695,60.0,60.169227744683475,0.0
2024-07-30 09:02:00,1.0,0.0,0.07632751352250274,60.0,60.16375676125136,0.0
2024-07-30 09:03:00,1.0,0.0,0.07631657312400453,60.0,60.15828656200226,0.0
2024-07-30 09:04:00,1.0,0.0,0.07630563429364752,60.0,60.15281714682376,0.0
2024-07-30 09:05:00,1.0,0.0,0.07629469703120695,60.0,60.147348515603476,0.0
2024-07-30 09:06:00,1.0,0.0,0.0762837613364581,60.0,60.14188066822905,0.0
2024-07-30 09:07:00,1.0,0.0,0.07627282720917625,60.0,60.13641360458812,0.0
2024-07-30 09:08:00,1.0,0.0,0.07626189464913671,60.0,60.13094732456835,0.0
2024-07-30 09:09:00,1.0,0.0,0.07625096365611485,60.0,60.125481828057424,0.0
2024-07-30 09:10:00,1.0,0.0,0.07624003422988607,60.0,60.12001711494303,0.0
2024-07-30 09:11:00,1.0,0.0,0.07622910637022579,60.0,60.11455318511289,0.0
2024-07-30 09:12:00,1.0,0.0,0.07621818007690945,60.0,60.109090038454724,0.0
2024-07-30 09:13:00,1.0,0.0,0.07620725534971257,60.0,60.103627674856284,0.0
2024-07-30 09:14:00,1.0,0.0,0.07619633218841065,60.0,60.098166094205325,0.0
2024-07-30 09:15:00,1.0,0.0,0.07618541059277925,60.0,60.092705296389624,0.0
2024-07-30 09:16:00,1.0,0.0,0.07617449056259394,60.0,60.08724528129697,0.0
2024-07-30 09:17:00,1.0,0.0,0.07616357209763036,60.0,60.08178604881518,0.0
2024-07-30 09:18:00,1.0,0.0,0.07615265519766415,60.0,60.07632759883207,0.0
2024-07-30 09:19:00,1.0,0.0,0.07614173986247098,60.0,60.07086993123549,0.0
2024-07-30 09:20:00,1.0,0.0,0.07613082609182657,60.0,60.06541304591329,0.0
2024-07-30 09:21:00,1.0,0.0,0.07611991388550668,60.0,60.05995694275334,0.0
2024-07-30 09:22:00,1.0,0.0,0.07610900324328707,60.0,60.05450162164353,0.0
2024-07-30 09:23:00,1.0,0.0,0.07609809416494355,60.0,60.04904708247177,0.0
2024-07-30 09:24:00,1.0,0.0,0.07608718665025196,60.0,60.04359332512598,0.0
2024-07-30 09:25:00,1.0,0.0,0.0760762806989882,60.0,60.0381403494941,0.0
2024-07-30 09:26:00,1.0,0.0,0.07606537631092815,60.0,60.03268815546407,0.0
2024-07-30 09:27:00,1.0,0.0,0.07605447348584773,60.0,60.02723674292387,0.0
2024-07-30 09:28:00,1.0,0.0,0.07604357222352295,60.0,60.02178611176148,0.0
2024-07-30 09:29:00,1.0,0.0,0.07603267252372982,60.0,60.01633626186491,0.0
2024-07-30 09:30:00,1.0,0.0,0.07602177438624433,60.0,60.010887193122166,0.0
2024-07-30 09:31:00,1.0,0.0,0.07601087781084258,60.0,60.005438905421286,0.0
2024-07-30 09:32:00,1.0,0.0,0.07599998279730065,60.0,59.99999139865032,0.0
2024-07-30 09:33:00,1.0,0.0,0.07598908934539468,60.0,59.99454467269734,0.0
2024-07-30 09:34:00,1.0,0.0,0.07597819745490082,60.0,59.98909872745041,0.0
2024-07-30 09:35:00,1.0,0.0,0.0759673071255953,60.0,59.98365356279765,0.0
2024-07-30 09:36:00,1.0,0.0,0.07595641835725431,60.0,59.978209178627154,0.0
2024-07-30 09:37:00,1.0,0.0,0.07594553114965413,60.0,59.972765574827065,0.0
2024-07-30 09:38:00,1.0,0.0,0.07593464550257105,60.0,59.96732275128552,0.0
2024-07-30 09:39:00,1.0,0.0,0.07592376141578137,60.0,59.961880707890685,0.0
2024-07-30 09:40:00,1.0,0.0,0.07591287888906148,60.0,59.95643944453074,0.0
2024-07-30 09:41:00,1.0,0.0,0.07590199792218774,60.0,59.95099896109387,0.0
2024-07-30 09:42:00,1.0,0.0,0.0758911185149366,60.0,59.9455592574683,0.0
2024-07-30 09:43:00,1.0,0.0,0.07588024066708449,60.0,59.94012033354224,0.0
2024-07-30 09:44:00,1.0,0.0,0.07586936437840788,60.0,59.93468218920394,0.0
2024-07-30 09:45:00,1.0,0.0,0.07585848964868332,60.0,59.92924482434166,0.0
2024-07-30 09:46:00,1.0,0.0,0.07584761647768733,60.0,59.92380823884366,0.0
2024-07-30 09:47:00,1.0,0.0,0.0758367448651965,60.0,59.91837243259825,0.0
2024-07-30 09:48:00,1.0,0.0,0.07582587481098743,60.0,59.912937405493714,0.0
2024-07-30 09:49:00,1.0,0.0,0.07581500631483679,60.0,59.90750315741839,0.0
2024-07-30 09:50:00,1.0,0.0,0.07580413937652122,60.0,59.90206968826061,0.0
2024-07-30 09:51:00,1.0,0.0,0.07579327399581748,60.0,59.896636997908736,0.0
2024-07-30 09:52:00,1.0,0.0,0.07578241017250226,60.0,59.89120508625113,0.0
2024-07-30 09:53:00,1.0,0.0,0.07577154790635235,60.0,59.88577395317618,0.0
2024-07-30 09:54:00,1.0,0.0,0.07576068719714456,60.0,59.88034359857228,0.0
2024-07-30 09:55:00,1.0,0.0,0.07574982804465573,60.0,59.874914022327864,0.0
2024-07-30 09:56:00,1.0,0.0,0.07573897044866272,60.0,59.869485224331356,0.0
2024-07-30 09:57:00,1.0,0.0,0.0757281144089424,60.0,59.8640572044712,0.0
2024-07-30 09:58:00,1.0,0.0,0.07571725992527174,60.0,59.858629962635874,0.0
2024-07-30 09:59:00,1.0,0.0,0.07570640699742771,60.0,59.85320349871385,0.0
2024-07-30 10:00:00,1.0,0.0,0.07569555562518727,60.0,59.847777812593634,0.0
2024-07-30 10:01:00,1.0,0.0,0.07568470580832747,60.0,59.84235290416373,0.0
2024-07-30 10:02:00,1.0,0.0,0.07567385754662535,60.0,59.83692877331268,0.0
2024-07-30 10:03:00,1.0,0.0,0.07566301083985805,60.0,59.83150541992902,0.0
2024-07-30 10:04:00,1.0,0.0,0.07565216568780266,60.0,59.826082843901325,0.0
2024-07-30 10:05:00,1.0,0.0,0.07564132209023632,60.0,59.82066104511816,0.0
2024-07-30 10:06:00,1.0,0.0,0.07563048004693623,60.0,59.815240023468114,0.0
2024-07-30 10:07:00,1.0,0.0,0.07561963955767963,60.0,59.80981977883981,0.0
2024-07-30 10:08:00,1.0,0.0,0.07560880062224373,60.0,59.80440031112187,0.0
2024-07-30 10:09:00,1.0,0.0,0.07559796324040587,60.0,59.79898162020293,0.0
2024-07-30 10:10:00,1.0,0.0,0.07558712741194332,60.0,59.79356370597166,0.0
2024-07-30 10:11:00,1.0,0.0,0.07557629313663344,60.0,59.78814656831672,0.0
2024-07-30 10:12:00,1.0,0.0,0.0755654604142536,60.0,59.782730207126804,0.0
2024-07-30 10:13:00,1.0,0.0,0.07555462924458124,60.0,59.77731462229062,0.0
2024-07-30 10:14:00,1.0,0.0,0.07554379962739377,60.0,59.77189981369688,0.0
2024-07-30 10:15:00,1.0,0.0,0.07553297156246867,60.0,59.76648578123434,0.0
2024-07-30 10:16:00,1.0,0.0,0.07552214504958348,60.0,59.761072524791736,0.0
2024-07-30 10:17:00,1.0,0.0,0.07551132008851569,60.0,59.755660044257844,0.0
2024-07-30 10:18:00,1.0,0.0,0.07550049667904289,60.0,59.75024833952145,0.0
2024-07-30 10:19:00,1.0,0.0,0.0754896748209427,60.0,59.74483741047135,0.0
2024-07-30 10:20:00,1.0,0.0,0.07547885451399274,60.0,59.739427256996365,0.0
2024-07-30 10:21:00,1.0,0.0,0.07546803575797066,60.0,59.73401787898533,0.0
2024-07-30 10:22:00,1.0,0.0,0.07545721855265417,60.0,59.728609276327084,0.0
2024-07-30 10:23:00,1.0,0.0,0.07544640289782102,60.0,59.72320144891051,0.0
2024-07-30 10:24:00,1.0,0.0,0.07543558879324894,60.0,59.71779439662447,0.0
2024-07-30 10:25:00,1.0,0.0,0.07542477623871575,60.0,59.712388119357875,0.0
2024-07-30 10:26:00,1.0,0.0,0.07541396523399926,60.0,59.70698261699963,0.0
2024-07-30 10:27:00,1.0,0.0,0.07540315577887734,60.0,59.70157788943867,0.0
2024-07-30 10:28:00,1.0,0.0,0.07539234787312785,60.0,59.69617393656392,0.0
2024-07-30 10:29:00,1.0,0.0,0.07538154151652875,60.0,59.69077075826437,0.0
2024-07-30 10:30:00,1.0,0.0,0.07537073670885795,60.0,59.685368354428974,0.0
2024-07-30 10:31:00,1.0,0.0,0.07535993344989346,60.0,59.67996672494673,0.0
2024-07-30 10:32:00,1.0,0.0,0.07534913173941331,60.0,59.674565869706655,0.0
2024-07-30 10:33:00,1.0,0.0,0.07533833157719552,60.0,59.66916578859776,0.0
2024-07-30 10:34:00,1.0,0.0,0.07532753296301818,60.0,59.66376648150909,0.0
2024-07-30 10:35:00,1.0,0.0,0.07531673589665941,60.0,59.658367948329705,0.0
2024-07-30 10:36:00,1.0,0.0,0.07530594037789734,60.0,59.65297018894867,0.0
2024-07-30 10:37:00,1.0,0.0,0.07529514640651015,60.0,59.64757320325508,0.0
2024-07-30 10:38:00,1.0,0.0,0.07528435398227606,60.0,59.64217699113803,0.0
2024-07-30 10:39:00,1.0,0.0,0.0752735631049733,60.0,59.636781552486646,0.0
2024-07-30 10:40:00,1.0,0.0,0.07526277377438012,60.0,59.63138688719006,0.0
2024-07-30 10:41:00,1.0,0.0,0.07525198599027486,60.0,59.62599299513743,0.0
2024-07-30 10:42:00,1.0,0.0,0.07524119975243583,60.0,59.620599876217916,0.0
2024-07-30 10:43:00,1.0,0.0,0.0752304150606414,60.0,59.6152075303207,0.0
2024-07-30 10:44:00,1.0,0.0,0.07521963191466997,60.0,59.60981595733499,0.0
2024-07-30 10:45:00,1.0,0.0,0.07520885031429998,60.0,59.60442515714999,0.0
2024-07-30 10:46:00,1.0,0.0,0.07519807025930987,60.0,59.599035129654936,0.0
2024-07-30 10:47:00,1.0,0.0,0.07518729174947815,60.0,59.593645874739074,0.0
2024-07-30 10:48:00,1.0,0.0,0.07517651478458333,60.0,59.588257392291666,0.0
2024-07-30 10:49:00,1.0,0.0,0.07516573936440399,60.0,59.582869682201995,0.0
2024-07-30 10:50:00,1.0,0.0,0.07515496548871871,60.0,59.57748274435935,0.0
2024-07-30 10:51:00,1.0,0.0,0.07514419315730608,60.0,59.57209657865304,0.0
2024-07-30 10:52:00,1.0,0.0,0.07513342236994479,60.0,59.56671118497239,0.0
2024-07-30 10:53:00,1.0,0.0,0.0751226531264135,60.0,59.56132656320675,0.0
2024-07-30 10:54:00,1.0,0.0,0.07511188542649093,60.0,59.555942713245464,0.0
2024-07-30 10:55:00,1.0,0.0,0.07510111926995583,60.0,59.550559634977915,0.0
2024-07-30 10:56:00,1.0,0.0,0.07509035465658698,60.0,59.54517732829349,0.0
2024-07-30 10:57:00,1.0,0.0,0.0750795915861632,60.0,59.5397957930816,0.0
2024-07-30 10:58:00,1.0,0.0,0.07506883005846332,60.0,59.53441502923166,0.0
2024-07-30 10:59:00,1.0,0.0,0.07505807007326622,60.0,59.52903503663311,0.0
2024-07-30 11:00:00,1.0,0.0,0.0750473116303508,60.0,59.5236558151754,0.0
2024-07-30 11:01:00,1.0,0.0,0.07503655472949601,60.0,59.518277364748,0.0
2024-07-30 11:02:00,1.0,0.0,0.07502579937048079,60.0,59.51289968524039,0.0
2024-07-30 11:03:00,1.0,0.0,0.07501504555308415,60.0,59.507522776542075,0.0
2024-07-30 11:04:00,1.0,0.0,0.07500429327708515,60.0,59.50214663854257,0.0
2024-07-30 11:05:00,1.0,0.0,0.07499354254226281,60.0,59.49677127113141,0.0
2024-07-30 11:06:00,1.0,0.0,0.07498279334839628,60.0,59.491396674198135,0.0
2024-07-30 11:07:00,1.0,0.0,0.07497204569526462,60.0,59.48602284763231,0.0
2024-07-30 11:08:00,1.0,0.0,0.07496129958264706,60.0,59.48064979132353,0.0
2024-07-30 11:09:00,1.0,0.0,0.07495055501032274,60.0,59.47527750516137,0.0
2024-07-30 11:10:00,1.0,0.0,0.07493981197807091,60.0,59.46990598903545,0.0
2024-07-30 11:11:00,1.0,0.0,0.07492907048567081,60.0,59.4645352428354,0.0
2024-07-30 11:12:00,1.0,0.0,0.07491833053290173,60.0,59.45916526645086,0.0
2024-07-30 11:13:00,1.0,0.0,0.07490759211954297,60.0,59.453796059771484,0.0
2024-07-30 11:14:00,1.0,0.0,0.0748968552453739,60.0,59.44842762268695,0.0
2024-07-30 11:15:00,1.0,0.0,0.0748861199101739,60.0,59.443059955086945,0.0
2024-07-30 11:16:00,1.0,0.0,0.07487538611372235,60.0,59.43769305686118,0.0
2024-07-30 11:17:00,1.0,0.0,0.07486465385579875,60.0,59.432326927899375,0.0
2024-07-30 11:18:00,1.0,0.0,0.07485392313618253,60.0,59.426961568091265,0.0
2024-07-30 11:19:00,1.0,0.0,0.07484319395465322,60.0,59.42159697732661,0.0
2024-07-30 11:20:00,1.0,0.0,0.07483246631099034,60.0,59.41623315549517,0.0
2024-07-30 11:21:00,1.0,0.0,0.07482174020497348,60.0,59.41087010248674,0.0
2024-07-30 11:22:00,1.0,0.0,0.07481101563638222,60.0,59.40550781819111,0.0
2024-07-30 11:23:00,1.0,0.0,0.07480029260499621,60.0,59.40014630249811,0.0
2024-07-30 11:24:00,1.0,0.0,0.07478957111059512,60.0,59.39478555529756,0.0
2024-07-30 11:25:00,1.0,0.0,0.07477885115295863,60.0,59.38942557647931,0.0
2024-07-30 11:26:00,1.0,0.0,0.07476813273186646,60.0,59.38406636593323,0.0
2024-07-30 11:27:00,1.0,0.0,0.0747574158470984,60.0,59.3787079235492,0.0
2024-07-30 11:28:00,1.0,0.0,0.07474670049843422,60.0,59.37335024921711,0.0
2024-07-30 11:29:00,1.0,0.0,0.07473598668565375,60.0,59.36799334282687,0.0
2024-07-30 11:30:00,1.0,0.0,0.07472527440853684,60.0,59.36263720426842,0.0
2024-07-30 11:31:00,1.0,0.0,0.07471456366686337,60.0,59.357281833431685,0.0
2024-07-30 11:32:00,1.0,0.0,0.07470385446041326,60.0,59.351927230206634,0.0
2024-07-30 11:33:00,1.0,0.0,0.07469314678896649,60.0,59.346573394483244,0.0
2024-07-30 11:34:00,1.0,0.0,0.074682440652303,60.0,59.3412203261515,0.0
2024-07-30 11:35:00,1.0,0.0,0.07467173605020282,60.0,59.335868025101405,0.0
2024-07-30 11:36:00,1.0,0.0,0.07466103298244597,60.0,59.33051649122299,0.0
2024-07-30 11:37:00,1.0,0.0,0.07465033144881257,60.0,59.32516572440628,0.0
2024-07-30 11:38:00,1.0,0.0,0.07463963144908269,60.0,59.31981572454134,0.0
2024-07-30 11:39:00,1.0,0.0,0.07462893298303648,60.0,59.31446649151824,0.0
2024-07-30 11:40:00,1.0,0.0,0.0746182360504541,60.0,59.30911802522705,0.0
2024-07-30 11:41:00,1.0,0.0,0.07460754065111577,60.0,59.303770325557885,0.0
2024-07-30 11:42:00,1.0,0.0,0.07459684678480172,60.0,59.298423392400856,0.0
2024-07-30 11:43:00,1.0,0.0,0.07458615445129219,60.0,59.293077225646094,0.0
2024-07-30 11:44:00,1.0,0.0,0.07457546365036749,60.0,59.28773182518375,0.0
2024-07-30 11:45:00,1.0,0.0,0.07456477438180796,60.0,59.28238719090398,0.0
2024-07-30 11:46:00,1.0,0.0,0.07455408664539395,60.0,59.277043322696976,0.0
2024-07-30 11:47:00,1.0,0.0,0.07454340044090585,60.0,59.27170022045292,0.0
2024-07-30 11:48:00,1.0,0.0,0.07453271576812406,60.0,59.26635788406203,0.0
2024-07-30 11:49:00,1.0,0.0,0.07452203262682906,60.0,59.26101631341453,0.0
2024-07-30 11:50:00,1.0,0.0,0.07451135101680133,60.0,59.255675508400664,0.0
2024-07-30 11:51:00,1.0,0.0,0.07450067093782137,60.0,59.250335468910684,0.0
2024-07-30 11:52:00,1.0,0.0,0.07448999238966976,60.0,59.244996194834876,0.0
2024-07-30 11:53:00,1.0,0.0,0.07447931537212703,60.0,59.23965768606352,0.0
2024-07-30 11:54:00,1.0,0.0,0.07446863988497385,60.0,59.23431994248692,0.0
2024-07-30 11:55:00,1.0,0.0,0.0744579659279908,60.0,59.2289829639954,0.0
2024-07-30 11:56:00,1.0,0.0,0.07444729350095859,60.0,59.2236467504793,0.0
2024-07-30 11:57:00,1.0,0.0,0.07443662260365794,60.0,59.21831130182897,0.0
2024-07-30 11:58:00,1.0,0.0,0.07442595323586955,60.0,59.21297661793477,0.0
2024-07-30 11:59:00,1.0,0.0,0.07441528539737419,60.0,59.207642698687096,0.0
2024-07-30 12:00:00,1.0,0.0,0.07440461908795268,60.0,59.20230954397634,0.0
2024-07-30 12:01:00,1.0,0.0,0.07439395430738584,60.0,59.19697715369292,0.0
2024-07-30 12:02:00,1.0,0.0,0.07438329105545453,60.0,59.19164552772727,0.0
2024-07-30 12:03:00,1.0,0.0,0.07437262933193967,60.0,59.18631466596983,0.0
2024-07-30 12:04:00,1.0,0.0,0.07436196913662214,60.0,59.18098456831107,0.0
2024-07-30 12:05:00,1.0,0.0,0.07435131046928292,60.0,59.17565523464146,0.0
2024-07-30 12:06:00,1.0,0.0,0.07434065332970301,60.0,59.1703266648515,0.0
2024-07-30 12:07:00,1.0,0.0,0.0743299977176634,60.0,59.164998858831694,0.0
2024-07-30 12:08:00,1.0,0.0,0.07431934363294514,60.0,59.15967181647257,0.0
2024-07-30 12:09:00,1.0,0.0,0.07430869107532932,60.0,59.15434553766466,0.0
2024-07-30 12:10:00,1.0,0.0,0.07429804004459707,60.0,59.14902002229854,0.0
2024-07-30 12:11:00,1.0,0.0,0.07428739054052953,60.0,59.143695270264764,0.0
2024-07-30 12:12:00,1.0,0.0,0.07427674256290785,60.0,59.13837128145393,0.0
2024-07-30 12:13:00,1.0,0.0,0.07426609611151326,60.0,59.13304805575663,0.0
2024-07-30 12:14:00,1.0,0.0,0.074255451186127,60.0,59.1277255930635,0.0
2024-07-30 12:15:00,1.0,0.0,0.07424480778653034,60.0,59.122403893265165,0.0
2024-07-30 12:16:00,1.0,0.0,0.07423416591250455,60.0,59.117082956252275,0.0
2024-07-30 12:17:00,1.0,0.0,0.074223525563831,60.0,59.111762781915495,0.0
2024-07-30 12:18:00,1.0,0.0,0.07421288674029103,60.0,59.10644337014551,0.0
2024-07-30 12:19:00,1.0,0.0,0.07420224944166605,60.0,59.10112472083302,0.0
2024-07-30 12:20:00,1.0,0.0,0.07419161366773747,60.0,59.095806833868735,0.0
2024-07-30 12:21:00,1.0,0.0,0.07418097941828677,60.0,59.090489709143384,0.0
2024-07-30 12:22:00,1.0,0.0,0.07417034669309543,60.0,59.08517334654771,0.0
2024-07-30 12:23:00,1.0,0.0,0.07415971549194496,60.0,59.079857745972475,0.0
2024-07-30 12:24:00,1.0,0.0,0.0741490858146169,60.0,59.074542907308455,0.0
2024-07-30 12:25:00,1.0,0.0,0.07413845766089289,60.0,59.06922883044644,0.0
2024-07-30 12:26:00,1.0,0.0,0.0741278310305545,60.0,59.063915515277245,0.0
2024-07-30 12:27:00,1.0,0.0,0.07411720592338336,60.0,59.05860296169168,0.0
2024-07-30 12:28:00,1.0,0.0,0.07410658233916119,60.0,59.053291169580596,0.0
2024-07-30 12:29:00,1.0,0.0,0.07409596027766968,60.0,59.04798013883484,0.0
2024-07-30 12:30:00,1.0,0.0,0.07408533973869055,60.0,59.042669869345275,0.0
2024-07-30 12:31:00,1.0,0.0,0.07407472072200559,60.0,59.0373603610028,0.0
2024-07-30 12:32:00,1.0,0.0,0.07406410322739662,60.0,59.03205161369831,0.0
2024-07-30 12:33:00,1.0,0.0,0.07405348725464543,60.0,59.026743627322716,0.0
2024-07-30 12:34:00,1.0,0.0,0.07404287280353393,60.0,59.02143640176696,0.0
2024-07-30 12:35:00,1.0,0.0,0.07403225987384399,60.0,59.01612993692199,0.0
2024-07-30 12:36:00,1.0,0.0,0.07402164846535753,60.0,59.010824232678765,0.0
2024-07-30 12:37:00,1.0,0.0,0.07401103857785653,60.0,59.00551928892826,0.0
2024-07-30 12:38:00,1.0,0.0,0.07400043021112296,60.0,59.00021510556148,0.0
2024-07-30 12:39:00,1.0,0.0,0.07398982336493885,60.0,58.99491168246943,0.0
2024-07-30 12:40:00,1.0,0.0,0.07440922281691713,60.0,59.20461140845856,0.0
2024-07-30 12:41:00,1.0,0.0,0.074828562154306,60.0,59.414281077153,0.0
2024-07-30 12:42:00,1.0,0.0,0.07524784138572202,60.0,59.623920692861006,0.0
2024-07-30 12:43:00,1.0,0.0,0.07566706051978044,60.0,59.83353025989022,0.0
2024-07-30 12:44:00,1.0,0.0,0.07608621956509531,60.0,60.04310978254766,0.0
2024-07-30 12:45:00,1.0,0.0,0.0765053185302795,60.0,60.25265926513975,0.0
2024-07-30 12:46:00,1.0,0.0,0.07692435742394453,60.0,60.462178711972264,0.0
2024-07-30 12:47:00,1.0,0.0,0.07734333625470077,60.0,60.67166812735039,0.0
2024-07-30 12:48:00,1.0,0.0,0.07776225503115734,60.0,60.88112751557867,0.0
2024-07-30 12:49:00,1.0,0.0,0.0781811137619221,60.0,61.09055688096105,0.0
2024-07-30 12:50:00,1.0,0.0,0.07816990767777085,60.0,61.084953838885426,0.0
2024-07-30 12:51:00,1.0,0.0,0.07815870319984283,60.0,61.07935159992142,0.0
2024-07-30 12:52:00,1.0,0.0,0.07814750032790783,60.0,61.07375016395392,0.0
2024-07-30 12:53:00,1.0,0.0,0.07813629906173565,60.0,61.06814953086783,0.0
2024-07-30 12:54:00,1.0,0.0,0.07812509940109613,60.0,61.06254970054807,0.0
2024-07-30 12:55:00,1.0,0.0,0.07811390134575914,60.0,61.05695067287957,0.0
2024-07-30 12:56:00,1.0,0.0,0.07810270489549459,60.0,61.05135244774729,0.0
2024-07-30 12:57:00,1.0,0.0,0.0780915100500724,60.0,61.04575502503619,0.0
2024-07-30 12:58:00,1.0,0.0,0.07808031680926253,60.0,61.04015840463126,0.0
2024-07-30 12:59:00,1.0,0.0,0.07806912517283501,60.0,61.03456258641751,0.0
2024-07-30 13:00:00,1.0,0.0,0.07805793514055988,60.0,61.02896757027994,0.0
2024-07-30 13:01:00,1.0,0.0,0.0780467467122072,60.0,61.0233733561036,0.0
2024-07-30 13:02:00,1.0,0.0,0.07803555988754707,60.0,61.01777994377353,0.0
2024-07-30 13:03:00,1.0,0.0,0.07802437466634962,60.0,61.01218733317481,0.0
2024-07-30 13:04:00,1.0,0.0,0.07801319104838501,60.0,61.006595524192505,0.0
2024-07-30 13:05:00,1.0,0.0,0.07800200903342347,60.0,61.00100451671173,0.0
2024-07-30 13:06:00,1.0,0.0,0.07799082862123521,60.0,60.995414310617605,0.0
2024-07-30 13:07:00,1.0,0.0,0.0779796498115905,60.0,60.98982490579525,0.0
2024-07-30 13:08:00,1.0,0.0,0.07796847260425965,60.0,60.98423630212982,0.0
2024-07-30 13:09:00,1.0,0.0,0.07795729699901298,60.0,60.97864849950649,0.0
2024-07-30 13:10:00,1.0,0.0,0.07794612299562087,60.0,60.973061497810434,0.0
2024-07-30 13:11:00,1.0,0.0,0.0779349505938537,60.0,60.96747529692685,0.0
2024-07-30 13:12:00,1.0,0.0,0.07792377979348192,60.0,60.961889896740956,0.0
2024-07-30 13:13:00,1.0,0.0,0.07791261059427597,60.0,60.95630529713798,0.0
2024-07-30 13:14:00,1.0,0.0,0.07790144299600635,60.0,60.950721498003176,0.0
2024-07-30 13:15:00,1.0,0.0,0.07789027699844363,60.0,60.94513849922181,0.0
2024-07-30 13:16:00,1.0,0.0,0.07787911260135832,60.0,60.939556300679165,0.0
2024-07-30 13:17:00,1.0,0.0,0.07786794980452107,60.0,60.93397490226053,0.0
2024-07-30 13:18:00,1.0,0.0,0.07785678860770244,60.0,60.92839430385122,0.0
2024-07-30 13:19:00,1.0,0.0,0.07784562901067316,60.0,60.922814505336575,0.0
2024-07-30 13:20:00,1.0,0.0,0.07783447101320387,60.0,60.91723550660193,0.0
2024-07-30 13:21:00,1.0,1.92556,0.07782331461506534,60.0,60.911657307532664,1.0
2024-07-30 13:22:00,1.0,1.92556,0.0775361598160283,60.0,60.768079908014144,1.0
2024-07-30 13:23:00,1.0,0.0,0.07724904617630311,60.0,60.624523088151555,0.0
2024-07-30 13:24:00,1.0,0.0,0.07723797368999022,60.0,60.618986844995106,0.0
2024-07-30 13:25:00,1.0,0.0,0.07722690279075133,60.0,60.61345139537566,0.0
2024-07-30 13:26:00,1.0,0.0,0.07721583347835896,60.0,60.60791673917948,0.0
2024-07-30 13:27:00,1.0,0.0,0.07720476575258566,60.0,60.60238287629283,0.0
2024-07-30 13:28:00,1.0,0.0,0.07719369961320402,60.0,60.59684980660201,0.0
2024-07-30 13:29:00,1.0,0.0,0.07718263505998665,60.0,60.591317529993326,0.0
2024-07-30 13:30:00,1.0,0.0,0.0771715720927062,60.0,60.5857860463531,0.0
2024-07-30 13:31:00,1.0,0.0,0.07716051071113535,60.0,60.58025535556767,0.0
2024-07-30 13:32:00,1.0,0.0,0.0771494509150468,60.0,60.5747254575234,0.0
2024-07-30 13:33:00,1.0,0.0,0.0771383927042133,60.0,60.56919635210665,0.0
2024-07-30 13:34:00,1.0,0.0,0.07712733607840763,60.0,60.56366803920382,0.0
2024-07-30 13:35:00,1.0,1.92556,0.07711628103740262,60.0,60.55814051870131,1.0
2024-07-30 13:36:00,1.0,0.0,0.07682922758097106,60.0,60.41461379048553,0.0
2024-07-30 13:37:00,1.0,0.0,0.07681821526932543,60.0,60.40910763466272,0.0
2024-07-30 13:38:00,1.0,0.0,0.07680720453612869,60.0,60.40360226806434,0.0
2024-07-30 13:39:00,1.0,0.0,0.07679619538115456,60.0,60.39809769057728,0.0
2024-07-30 13:40:00,1.0,0.0,0.07678518780417685,60.0,60.39259390208843,0.0
2024-07-30 13:41:00,1.0,0.0,0.07677418180496938,60.0,60.38709090248469,0.0
2024-07-30 13:42:00,1.0,0.0,0.07676317738330597,60.0,60.381588691652986,0.0
2024-07-30 13:43:00,1.0,1.92556,0.07675217453896055,60.0,60.37608726948027,1.0
2024-07-30 13:44:00,1.0,1.92556,0.07646517327170699,60.0,60.232586635853494,1.0
2024-07-30 13:45:00,1.0,0.0,0.07617821314175882,60.0,60.08910657087941,0.0
2024-07-30 13:46:00,1.0,0.0,0.07616729414321963,60.0,60.08364707160981,0.0
2024-07-30 13:47:00,1.0,0.0,0.07615637670975428,60.0,60.07818835487714,0.0
2024-07-30 13:48:00,1.0,0.0,0.07614546084113846,60.0,60.07273042056923,0.0
2024-07-30 13:49:00,1.0,0.0,0.07613454653714785,60.0,60.06727326857393,0.0
2024-07-30 13:50:00,1.0,0.0,0.0761236337975582,60.0,60.0618168987791,0.0
2024-07-30 13:51:00,1.0,0.0,0.07611272262214527,60.0,60.056361311072635,0.0
2024-07-30 13:52:00,1.0,0.0,0.07610181301068486,60.0,60.05090650534243,0.0
2024-07-30 13:53:00,1.0,0.0,0.0760909049629528,60.0,60.0454524814764,0.0
2024-07-30 13:54:00,1.0,0.0,0.07607999847872496,60.0,60.03999923936248,0.0
2024-07-30 13:55:00,1.0,0.0,0.07606909355777722,60.0,60.03454677888861,0.0
2024-07-30 13:56:00,1.0,0.0,0.07605819019988552,60.0,60.02909509994276,0.0
2024-07-30 13:57:00,1.0,0.0,0.0760472884048258,60.0,60.0236442024129,0.0
2024-07-30 13:58:00,1.0,0.0,0.07603638817237408,60.0,60.018194086187044,0.0
2024-07-30 13:59:00,1.0,0.0,0.07602548950230639,60.0,60.01274475115319,0.0
2024-07-30 14:00:00,1.0,0.0,0.07601459239439874,60.0,60.00729619719937,0.0
2024-07-30 14:01:00,1.0,0.0,0.07600369684842727,60.0,60.001848424213634,0.0
2024-07-30 14:02:00,1.0,0.0,0.07599280286416805,60.0,59.99640143208403,0.0
2024-07-30 14:03:00,1.0,0.0,0.07598191044139728,60.0,59.99095522069864,0.0
2024-07-30 14:04:00,1.0,0.0,0.07597101957989111,60.0,59.98550978994555,0.0
2024-07-30 14:05:00,1.0,0.0,0.07596013027942576,60.0,59.98006513971288,0.0
2024-07-30 14:06:00,1.0,0.0,0.07594924253977749,60.0,59.97462126988874,0.0
2024-07-30 14:07:00,1.0,0.0,0.07593835636072258,60.0,59.96917818036129,0.0
2024-07-30 14:08:00,1.0,11.553360000000001,0.07592747174203734,60.0,59.96373587101867,6.0
2024-07-30 14:09:00,1.0,0.0,0.07426058868349812,60.0,59.13029434174906,0.0
2024-07-30 14:10:00,1.0,0.0,0.07424994454751864,60.0,59.12497227375932,0.0
2024-07-30 14:11:00,1.0,0.0,0.0742393019372156,60.0,59.1196509686078,0.0
2024-07-30 14:12:00,1.0,0.0,0.07422866085237033,60.0,59.11433042618516,0.0
2024-07-30 14:13:00,1.0,0.0,0.07421802129276417,60.0,59.10901064638208,0.0
2024-07-30 14:14:00,1.0,0.0,0.07420738325817848,60.0,59.10369162908924,0.0
2024-07-30 14:15:00,1.0,0.0,0.0741967467483947,60.0,59.09837337419735,0.0
2024-07-30 14:16:00,1.0,0.0,0.07418611176319426,60.0,59.09305588159713,0.0
2024-07-30 14:17:00,1.0,0.0,0.07417547830235864,60.0,59.08773915117932,0.0
2024-07-30 14:18:00,1.0,0.0,0.07416484636566933,60.0,59.08242318283467,0.0
2024-07-30 14:19:00,1.0,0.0,0.07415421595290789,60.0,59.077107976453945,0.0
2024-07-30 14:20:00,1.0,0.0,0.07414358706385588,60.0,59.07179353192794,0.0
2024-07-30 14:21:00,1.0,0.0,0.07413295969829488,60.0,59.06647984914744,0.0
2024-07-30 14:22:00,1.0,0.0,0.07412233385600656,60.0,59.061166928003274,0.0
2024-07-30 14:23:00,1.0,0.0,0.07411170953677253,60.0,59.05585476838626,0.0
2024-07-30 14:24:00,1.0,0.0,0.07410108674037451,60.0,59.050543370187256,0.0
2024-07-30 14:25:00,1.0,0.0,0.07409046546659424,60.0,59.04523273329712,0.0
2024-07-30 14:26:00,1.0,0.0,0.07407984571521345,60.0,59.039922857606726,0.0
2024-07-30 14:27:00,1.0,0.0,0.07406922748601394,60.0,59.03461374300697,0.0
2024-07-30 14:28:00,1.0,0.0,0.07405861077877754,60.0,59.02930538938877,0.0
2024-07-30 14:29:00,1.0,0.0,0.07404799559328608,60.0,59.02399779664304,0.0
2024-07-30 14:30:00,1.0,0.0,0.07403738192932144,60.0,59.01869096466072,0.0
2024-07-30 14:31:00,1.0,1.92556,0.07402676978666554,60.0,59.01338489333277,1.0
2024-07-30 14:32:00,1.0,0.0,0.07374015916510032,60.0,58.87007958255016,0.0
2024-07-30 14:33:00,1.0,0.0,0.07415959440267818,60.0,59.07979720133909,0.0
2024-07-30 14:34:00,1.0,0.0,0.07457896952053733,60.0,59.289484760268664,0.0
2024-07-30 14:35:00,1.0,0.0,0.07499828452729501,60.0,59.49914226364751,0.0
2024-07-30 14:36:00,1.0,0.0,0.07541753943156726,60.0,59.70876971578363,0.0
2024-07-30 14:37:00,1.0,0.0,0.07583673424196885,60.0,59.91836712098443,0.0
2024-07-30 14:38:00,1.0,0.0,0.07625586896711334,60.0,60.12793448355667,0.0
2024-07-30 14:39:00,1.0,0.0,0.07667494361561304,60.0,60.33747180780652,0.0
2024-07-30 14:40:00,1.0,0.0,0.07709395819607903,60.0,60.546979098039515,0.0
2024-07-30 14:41:00,1.0,0.0,0.07751291271712116,60.0,60.75645635856058,0.0
2024-07-30 14:42:00,1.0,0.0,0.07793180718734805,60.0,60.96590359367402,0.0
2024-07-30 14:43:00,1.0,0.0,0.07835064161536705,60.0,61.175320807683526,0.0
2024-07-30 14:44:00,1.0,0.0,0.07833941123195348,60.0,61.16970561597674,0.0
2024-07-30 14:45:00,1.0,0.0,0.07832818245824608,60.0,61.16409122912304,0.0
2024-07-30 14:46:00,1.0,0.0,0.07831695529401413,60.0,61.15847764700706,0.0
2024-07-30 14:47:00,1.0,0.0,0.07830572973902693,60.0,61.152864869513465,0.0
2024-07-30 14:48:00,1.0,0.0,0.07829450579305383,60.0,61.147252896526915,0.0
2024-07-30 14:49:00,1.0,0.0,0.07828328345586419,60.0,61.1416417279321,0.0
2024-07-30 14:50:00,1.0,0.0,0.07827206272722742,60.0,61.13603136361371,0.0
2024-07-30 14:51:00,1.0,0.0,0.07826084360691296,60.0,61.13042180345648,0.0
2024-07-30 14:52:00,1.0,0.0,0.07824962609469027,60.0,61.124813047345135,0.0
2024-07-30 14:53:00,1.0,0.0,0.07823841019032889,60.0,61.11920509516444,0.0
2024-07-30 14:54:00,1.0,0.0,0.0782271958935983,60.0,61.11359794679915,0.0
2024-07-30 14:55:00,1.0,0.0,0.07821598320426813,60.0,61.107991602134064,0.0
2024-07-30 14:56:00,1.0,0.0,0.07820477212210794,60.0,61.10238606105397,0.0
2024-07-30 14:57:00,1.0,0.0,0.07819356264688739,60.0,61.09678132344369,0.0
2024-07-30 14:58:00,1.0,0.0,0.07818235477837612,60.0,61.09117738918806,0.0
2024-07-30 14:59:00,1.0,0.0,0.07817114851634387,60.0,61.08557425817193,0.0
2024-07-30 15:00:00,1.0,0.0,0.07815994386056035,60.0,61.07997193028017,0.0
2024-07-30 15:01:00,1.0,0.0,0.07814874081079533,60.0,61.074370405397666,0.0
2024-07-30 15:02:00,1.0,0.0,0.07813753936681864,60.0,61.068769683409315,0.0
2024-07-30 15:03:00,1.0,0.0,0.07812633952840006,60.0,61.06316976420003,0.0
2024-07-30 15:04:00,1.0,0.0,0.07811514129530951,60.0,61.05757064765476,0.0
2024-07-30 15:05:00,1.0,0.0,0.07810394466731688,60.0,61.05197233365844,0.0
2024-07-30 15:06:00,1.0,0.0,0.07809274964419208,60.0,61.04637482209604,0.0
2024-07-30 15:07:00,1.0,0.0,0.0780815562257051,60.0,61.04077811285255,0.0
2024-07-30 15:08:00,1.0,0.0,0.07807036441162593,60.0,61.035182205812966,0.0
2024-07-30 15:09:00,1.0,0.0,0.0780591742017246,60.0,61.0295871008623,0.0
2024-07-30 15:10:00,1.0,0.0,0.07804798559577118,60.0,61.02399279788559,0.0
2024-07-30 15:11:00,1.0,0.0,0.07803679859353577,60.0,61.01839929676788,0.0
2024-07-30 15:12:00,1.0,0.0,0.07802561319478848,60.0,61.01280659739424,0.0
2024-07-30 15:13:00,1.0,0.0,0.0780144293992995,60.0,61.00721469964975,0.0
2024-07-30 15:14:00,1.0,0.0,0.07800324720683902,60.0,61.00162360341951,0.0
2024-07-30 15:15:00,1.0,1.92556,0.07799206661717728,60.0,60.996033308588636,1.0
2024-07-30 15:16:00,1.0,1.92556,0.07770488763008451,60.0,60.85244381504226,1.0
2024-07-30 15:17:00,1.0,0.0,0.0774177498057706,60.0,60.7088749028853,0.0
2024-07-30 15:18:00,1.0,1.92556,0.07740665313833547,60.0,60.703326569167736,1.0
2024-07-30 15:19:00,1.0,1.92556,0.07711955806144034,60.0,60.55977903072017,1.0
2024-07-30 15:20:00,1.0,0.0,0.0768325041352968,60.0,60.4162520676484,0.0
2024-07-30 15:21:00,1.0,0.0,0.07682149135400651,60.0,60.410745677003256,0.0
2024-07-30 15:22:00,1.0,0.0,0.07681048015123242,60.0,60.405240075616206,0.0
2024-07-30 15:23:00,1.0,0.0,0.07679947052674824,60.0,60.39973526337412,0.0
2024-07-30 15:24:00,1.0,0.0,0.07678846248032778,60.0,60.39423124016389,0.0
2024-07-30 15:25:00,1.0,0.0,0.07677745601174484,60.0,60.388728005872416,0.0
2024-07-30 15:26:00,1.0,11.553360000000001,0.07676645112077325,60.0,60.38322556038663,6.0
2024-07-30 15:27:00,1.0,11.553360000000001,0.0750994478071869,60.0,59.54972390359345,6.0
2024-07-30 15:28:00,1.0,0.0,0.07343268343339707,60.0,58.71634171669853,0.0
2024-07-30 15:29:00,1.0,0.0,0.07385216274298616,60.0,58.926081371493076,0.0
2024-07-30 15:30:00,1.0,0.0,0.07427158192653947,60.0,59.135790963269734,0.0
2024-07-30 15:31:00,1.0,0.0,0.07469094099267518,60.0,59.34547049633759,0.0
2024-07-30 15:32:00,1.0,0.0,0.0751102399500102,60.0,59.5551199750051,0.0
2024-07-30 15:33:00,1.0,0.0,0.07552947880716022,60.0,59.76473940358011,0.0
2024-07-30 15:34:00,1.0,0.0,0.07594865757273969,60.0,59.974328786369846,0.0
2024-07-30 15:35:00,1.0,0.0,0.07636777625536184,60.0,60.18388812768092,0.0
2024-07-30 15:36:00,1.0,0.0,0.07678683486363867,60.0,60.39341743181934,0.0
2024-07-30 15:37:00,1.0,0.0,0.07720583340618091,60.0,60.60291670309046,0.0
2024-07-30 15:38:00,1.0,0.0,0.07762477189159808,60.0,60.81238594579904,0.0
2024-07-30 15:39:00,1.0,0.0,0.07804365032849847,60.0,61.021825164249236,0.0
2024-07-30 15:40:00,1.0,0.0,0.07803246394765827,60.0,61.016231973829136,0.0
2024-07-30 15:41:00,1.0,0.0,0.07802127917021714,60.0,61.01063958510857,0.0
2024-07-30 15:42:00,1.0,0.0,0.07801009599594524,60.0,61.005047997972625,0.0
2024-07-30 15:43:00,1.0,0.0,0.07799891442461282,60.0,60.99945721230641,0.0
2024-07-30 15:44:00,1.0,0.0,0.07798773445599008,60.0,60.99386722799504,0.0
2024-07-30 15:45:00,1.0,0.0,0.07797655608984733,60.0,60.98827804492366,0.0
2024-07-30 15:46:00,1.0,0.0,0.07796537932595485,60.0,60.98268966297742,0.0
2024-07-30 15:47:00,1.0,0.0,0.077954204164083,60.0,60.9771020820415,0.0
2024-07-30 15:48:00,1.0,0.0,0.07794303060400215,60.0,60.97151530200107,0.0
2024-07-30 15:49:00,1.0,0.0,0.0779318586454827,60.0,60.96592932274135,0.0
2024-07-30 15:50:00,1.0,0.0,0.07792068828829511,60.0,60.960344144147555,0.0
2024-07-30 15:51:00,1.0,0.0,0.07790951953220983,60.0,60.954759766104914,0.0
2024-07-30 15:52:00,1.0,0.0,0.07789835237699738,60.0,60.94917618849869,0.0
2024-07-30 15:53:00,1.0,0.0,0.07788718682242829,60.0,60.943593411214145,0.0
2024-07-30 15:54:00,1.0,0.0,0.07787602286827314,60.0,60.93801143413657,0.0
2024-07-30 15:55:00,1.0,0.0,0.07786486051430254,60.0,60.93243025715127,0.0
2024-07-30 15:56:00,1.0,0.0,0.07785369976028711,60.0,60.92684988014356,0.0
2024-07-30 15:57:00,1.0,0.0,0.07784254060599755,60.0,60.92127030299877,0.0
2024-07-30 15:58:00,1.0,1.92556,0.07783138305120452,60.0,60.915691525602256,1.0
2024-07-30 15:59:00,1.0,0.0,0.07754422709567878,60.0,60.77211354783939,0.0
2024-07-30 16:00:00,1.0,0.0,0.07753311229963065,60.0,60.76655614981533,0.0
2024-07-30 16:01:00,1.0,0.0,0.07752199909672101,60.0,60.76099954836051,0.0
2024-07-30 16:02:00,1.0,0.0,0.07751088748672148,60.0,60.75544374336074,0.0
2024-07-30 16:03:00,1.0,0.0,0.07749977746940376,60.0,60.74988873470188,0.0
2024-07-30 16:04:00,1.0,0.0,0.07748866904453953,60.0,60.74433452226977,0.0
2024-07-30 16:05:00,1.0,0.0,0.07747756221190057,60.0,60.73878110595028,0.0
2024-07-30 16:06:00,1.0,0.0,0.07746645697125862,60.0,60.73322848562931,0.0
2024-07-30 16:07:00,1.0,0.0,0.07745535332238554,60.0,60.72767666119277,0.0
2024-07-30 16:08:00,1.0,0.0,0.07744425126505314,60.0,60.72212563252657,0.0
2024-07-30 16:09:00,1.0,0.0,0.0774331507990333,60.0,60.71657539951665,0.0
2024-07-30 16:10:00,1.0,0.0,0.07742205192409794,60.0,60.71102596204897,0.0
2024-07-30 16:11:00,1.0,0.0,0.077410954640019,60.0,60.7054773200095,0.0
2024-07-30 16:12:00,1.0,0.0,0.07739985894656845,60.0,60.69992947328422,0.0
2024-07-30 16:13:00,1.0,0.0,0.0773887648435183,60.0,60.694382421759144,0.0
2024-07-30 16:14:00,1.0,0.0,0.07737767233064058,60.0,60.68883616532029,0.0
2024-07-30 16:15:00,1.0,0.0,0.07736658140770737,60.0,60.683290703853686,0.0
2024-07-30 16:16:00,1.0,0.0,0.07735549207449079,60.0,60.67774603724539,0.0
2024-07-30 16:17:00,1.0,0.0,0.07734440433076296,60.0,60.67220216538148,0.0
2024-07-30 16:18:00,1.0,1.92556,0.07733331817629605,60.0,60.66665908814802,1.0
2024-07-30 16:19:00,1.0,11.553360000000001,0.07704623361086227,60.0,60.52311680543114,6.0
2024-07-30 16:20:00,1.0,0.0,0.07537919019467343,60.0,59.68959509733671,0.0
2024-07-30 16:21:00,1.0,0.0,0.07536838572402918,60.0,59.68419286201459,0.0
2024-07-30 16:22:00,1.0,0.0,0.07535758280204294,60.0,59.67879140102147,0.0
2024-07-30 16:23:00,1.0,0.0,0.07534678142849272,60.0,59.67339071424636,0.0
2024-07-30 16:24:00,1.0,0.0,0.07533598160315658,60.0,59.667990801578284,0.0
2024-07-30 16:25:00,1.0,0.0,0.07532518332581259,60.0,59.662591662906294,0.0
2024-07-30 16:26:00,1.0,0.0,0.07531438659623889,60.0,59.657193298119445,0.0
2024-07-30 16:27:00,1.0,0.0,0.07530359141421362,60.0,59.651795707106814,0.0
2024-07-30 16:28:00,1.0,0.0,0.07529279777951499,60.0,59.64639888975749,0.0
2024-07-30 16:29:00,1.0,0.0,0.07528200569192117,60.0,59.641002845960585,0.0
2024-07-30 16:30:00,1.0,0.0,0.07527121515121044,60.0,59.63560757560521,0.0
2024-07-30 16:31:00,1.0,0.0,0.07526042615716104,60.0,59.63021307858052,0.0
2024-07-30 16:32:00,1.0,0.0,0.07524963870955133,60.0,59.62481935477566,0.0
2024-07-30 16:33:00,1.0,0.0,0.0752388528081596,60.0,59.6194264040798,0.0
2024-07-30 16:34:00,1.0,0.0,0.07522806845276427,60.0,59.61403422638213,0.0
2024-07-30 16:35:00,1.0,0.0,0.0752172856431437,60.0,59.60864282157185,0.0
2024-07-30 16:36:00,1.0,0.0,0.07520650437907635,60.0,59.603252189538175,0.0
2024-07-30 16:37:00,1.0,0.0,0.0751957246603407,60.0,59.59786233017035,0.0
2024-07-30 16:38:00,1.0,0.0,0.07518494648671524,60.0,59.59247324335762,0.0
2024-07-30 16:39:00,1.0,0.0,0.07517416985797848,60.0,59.58708492898924,0.0
2024-07-30 16:40:00,1.0,0.0,0.07516339477390901,60.0,59.58169738695451,0.0
2024-07-30 16:41:00,1.0,0.0,0.07515262123428544,60.0,59.57631061714272,0.0
2024-07-30 16:42:00,1.0,0.0,0.07514184923888635,60.0,59.570924619443176,0.0
2024-07-30 16:43:00,1.0,0.0,0.07513107878749042,60.0,59.56553939374521,0.0
2024-07-30 16:44:00,1.0,0.0,0.07512030987987636,60.0,59.56015493993818,0.0
2024-07-30 16:45:00,1.0,0.0,0.07510954251582287,60.0,59.55477125791143,0.0
2024-07-30 16:46:00,1.0,0.0,0.0750987766951087,60.0,59.54938834755435,0.0
2024-07-30 16:47:00,1.0,0.0,0.07508801241751265,60.0,59.54400620875632,0.0
2024-07-30 16:48:00,1.0,0.0,0.07507724968281353,60.0,59.538624841406765,0.0
2024-07-30 16:49:00,1.0,0.0,0.07506648849079019,60.0,59.533244245395096,0.0
2024-07-30 16:50:00,1.0,0.0,0.07505572884122153,60.0,59.52786442061076,0.0
2024-07-30 16:51:00,1.0,0.0,0.07504497073388641,60.0,59.52248536694321,0.0
2024-07-30 16:52:00,1.0,0.0,0.07503421416856383,60.0,59.51710708428192,0.0
2024-07-30 16:53:00,1.0,0.0,0.07502345914503275,60.0,59.51172957251637,0.0
2024-07-30 16:54:00,1.0,0.0,0.07501270566307215,60.0,59.50635283153608,0.0
2024-07-30 16:55:00,1.0,0.0,0.07500195372246111,60.0,59.500976861230555,0.0
2024-07-30 16:56:00,1.0,0.0,0.07499120332297868,60.0,59.49560166148934,0.0
2024-07-30 16:57:00,1.0,0.0,0.07498045446440395,60.0,59.490227232201974,0.0
2024-07-30 16:58:00,1.0,0.0,0.07496970714651607,60.0,59.484853573258036,0.0
2024-07-30 16:59:00,1.0,0.0,0.07495896136909422,60.0,59.479480684547106,0.0
2024-07-30 17:00:00,1.0,0.0,0.07494821713191756,60.0,59.47410856595878,0.0
2024-07-30 17:01:00,1.0,0.0,0.07493747443476535,60.0,59.468737217382674,0.0
2024-07-30 17:02:00,1.0,0.0,0.07492673327741685,60.0,59.46336663870842,0.0
2024-07-30 17:03:00,1.0,0.0,0.07491599365965133,60.0,59.45799682982567,0.0
2024-07-30 17:04:00,1.0,0.0,0.07490525558124814,60.0,59.45262779062407,0.0
2024-07-30 17:05:00,1.0,0.0,0.07489451904198662,60.0,59.447259520993306,0.0
2024-07-30 17:06:00,1.0,0.0,0.07488378404164615,60.0,59.441892020823076,0.0
2024-07-30 17:07:00,1.0,0.0,0.07487305058000616,60.0,59.43652529000308,0.0
2024-07-30 17:08:00,1.0,0.0,0.07486231865684612,60.0,59.43115932842306,0.0
2024-07-30 17:09:00,1.0,0.0,0.07485158827194548,60.0,59.42579413597274,0.0
2024-07-30 17:10:00,1.0,0.0,0.07484085942508376,60.0,59.420429712541875,0.0
2024-07-30 17:11:00,1.0,0.0,0.0748301321160405,60.0,59.41506605802025,0.0
2024-07-30 17:12:00,1.0,0.0,0.0748194063445953,60.0,59.40970317229765,0.0
2024-07-30 17:13:00,1.0,0.0,0.07480868211052774,60.0,59.40434105526387,0.0
2024-07-30 17:14:00,1.0,11.553360000000001,0.0747979594136175,60.0,59.398979706808746,6.0
2024-07-30 17:15:00,1.0,11.553360000000001,0.07313123825364422,60.0,58.56561912682211,6.0
2024-07-30 17:16:00,1.0,0.0,0.07189476077085583,60.0,57.94738038542791,0.0
2024-07-30 17:17:00,1.0,0.0,0.07231446051847587,60.0,58.157230259237934,0.0
2024-07-30 17:18:00,1.0,0.0,0.07273410010846366,60.0,58.36705005423183,0.0
2024-07-30 17:19:00,1.0,0.0,0.07315367954944191,60.0,58.57683977472095,0.0
2024-07-30 17:20:00,1.0,0.0,0.07357319885003205,60.0,58.78659942501602,0.0
2024-07-30 17:21:00,1.0,0.0,0.0739926580188543,60.0,58.99632900942715,0.0
2024-07-30 17:22:00,1.0,1.92556,0.07441205706452766,60.0,59.20602853226383,1.0
2024-07-30 17:23:00,1.0,1.92556,0.07455539599566988,60.0,59.277697997834935,1.0
2024-07-30 17:24:00,1.0,0.0,0.074698714381337,60.0,59.3493571906685,0.0
2024-07-30 17:25:00,1.0,0.0,0.07511801222447394,60.0,59.559006112236965,0.0
2024-07-30 17:26:00,1.0,0.0,0.07553724996758557,60.0,59.76862498379278,0.0
2024-07-30 17:27:00,1.0,0.0,0.07595642761928635,60.0,59.97821380964317,0.0
2024-07-30 17:28:00,1.0,0.0,0.07637554518818947,60.0,60.18777259409473,0.0
2024-07-30 17:29:00,1.0,0.0,0.07679460268290687,60.0,60.397301341453435,0.0
2024-07-30 17:30:00,1.0,0.0,0.07721360011204931,60.0,60.60680005602465,0.0
2024-07-30 17:31:00,1.0,0.0,0.07763253748422627,60.0,60.81626874211314,0.0
2024-07-30 17:32:00,1.0,0.0,0.07805141480804602,60.0,61.02570740402301,0.0
2024-07-30 17:33:00,1.0,0.0,0.07804022731428471,60.0,61.02011365714235,0.0
2024-07-30 17:34:00,1.0,0.0,0.078029041424082,60.0,61.014520712041,0.0
2024-07-30 17:35:00,1.0,0.0,0.07801785713720803,60.0,61.00892856860401,0.0
2024-07-30 17:36:00,1.0,0.0,0.07800667445343298,60.0,61.00333722671649,0.0
2024-07-30 17:37:00,1.0,0.0,0.07799549337252709,60.0,60.99774668626355,0.0
2024-07-30 17:38:00,1.0,11.553360000000001,0.07798431389426061,60.0,60.992156947130304,6.0
2024-07-30 17:39:00,1.0,11.553360000000001,0.07631713601840381,60.0,60.15856800920191,6.0
2024-07-30 17:40:00,1.0,0.0,0.0746501971073644,60.0,59.325098553682196,0.0
2024-07-30 17:41:00,1.0,0.0,0.07463949712689033,60.0,59.31974856344517,0.0
2024-07-30 17:42:00,1.0,0.0,0.07462879868009718,60.0,59.31439934004859,0.0
2024-07-30 17:43:00,1.0,0.0,0.07461810176676512,60.0,59.309050883382554,0.0
2024-07-30 17:44:00,1.0,0.0,0.07460740638667432,60.0,59.30370319333716,0.0
2024-07-30 17:45:00,1.0,0.0,0.07459671253960504,60.0,59.29835626980252,0.0
2024-07-30 17:46:00,1.0,0.0,0.07458602022533754,60.0,59.29301011266877,0.0
2024-07-30 17:47:00,1.0,0.0,0.07457532944365211,60.0,59.287664721826054,0.0
2024-07-30 17:48:00,1.0,0.0,0.07456464019432908,60.0,59.28232009716454,0.0
2024-07-30 17:49:00,1.0,0.0,0.07455395247714883,60.0,59.27697623857441,0.0
2024-07-30 17:50:00,1.0,0.0,0.07454326629189172,60.0,59.271633145945856,0.0
2024-07-30 17:51:00,1.0,0.0,0.07453258163833817,60.0,59.266290819169086,0.0
2024-07-30 17:52:00,1.0,0.0,0.07452189851626866,60.0,59.260949258134325,0.0
2024-07-30 17:53:00,1.0,0.0,0.07451121692546364,60.0,59.25560846273182,0.0
2024-07-30 17:54:00,1.0,1.92556,0.07450053686570367,60.0,59.25026843285183,1.0
2024-07-30 17:55:00,1.0,0.0,0.07421385833676926,60.0,59.10692916838463,0.0
2024-07-30 17:56:00,1.0,0.0,0.07420322089888058,60.0,59.10161044944029,0.0
2024-07-30 17:57:00,1.0,0.0,0.07419258498570826,60.0,59.096292492854126,0.0
2024-07-30 17:58:00,1.0,0.0,0.07418195059703377,60.0,59.09097529851688,0.0
2024-07-30 17:59:00,1.0,0.0,0.07417131773263859,60.0,59.08565886631929,0.0
2024-07-30 18:00:00,1.0,1.92556,0.07416068639230425,60.0,59.08034319615212,1.0
2024-07-30 18:01:00,1.0,0.0,0.07387405657581228,60.0,58.93702828790614,0.0
2024-07-30 18:02:00,1.0,0.0,0.07429347262121469,60.0,59.146736310607345,0.0
2024-07-30 18:03:00,1.0,0.0,0.07471282854964931,60.0,59.35641427482465,0.0
2024-07-30 18:04:00,1.0,0.0,0.07513212436973296,60.0,59.56606218486648,0.0
2024-07-30 18:05:00,1.0,0.0,0.0755513600900813,60.0,59.77568004504065,0.0
2024-07-30 18:06:00,1.0,0.0,0.07597053571930872,60.0,59.98526785965436,0.0
2024-07-30 18:07:00,1.0,0.0,0.07638965126602835,60.0,60.194825633014176,0.0
2024-07-30 18:08:00,1.0,0.0,0.07680870673885214,60.0,60.40435336942607,0.0
2024-07-30 18:09:00,1.0,0.0,0.07722770214639077,60.0,60.613851073195384,0.0
2024-07-30 18:10:00,1.0,0.0,0.07764663749725367,60.0,60.82331874862684,0.0
2024-07-30 18:11:00,1.0,0.0,0.07806551280004911,60.0,61.03275640002455,0.0
2024-07-30 18:12:00,1.0,0.0,0.07805432328555317,60.0,61.02716164277658,0.0
2024-07-30 18:13:00,1.0,0.0,0.07804313537490545,60.0,61.02156768745272,0.0
2024-07-30 18:14:00,1.0,0.0,0.07803194906787607,60.0,61.015974533938035,0.0
2024-07-30 18:15:00,1.0,0.0,0.07802076436423519,60.0,61.010382182117596,0.0
2024-07-30 18:16:00,1.0,0.0,0.07800958126375297,60.0,61.00479063187649,0.0
2024-07-30 18:17:00,1.0,0.0,0.07799839976619964,60.0,60.99919988309982,0.0
2024-07-30 18:18:00,1.0,1.92556,0.07798721987134544,60.0,60.993609935672715,1.0
2024-07-30 18:19:00,1.0,1.92556,0.07770004157896063,60.0,60.85002078948031,1.0
2024-07-30 18:20:00,1.0,0.0,0.07741290444925508,60.0,60.70645222462754,0.0
2024-07-30 18:21:00,1.0,0.0,0.07740180847632877,60.0,60.700904238164384,0.0
2024-07-30 18:22:00,1.0,0.0,0.07739071409384292,60.0,60.69535704692146,0.0
2024-07-30 18:23:00,1.0,11.553360000000001,0.07737962130156956,60.0,60.68981065078478,6.0
2024-07-30 18:24:00,1.0,0.0,0.07571253009928075,60.0,59.85626504964038,0.0
2024-07-30 18:25:00,1.0,0.0,0.07570167784938597,60.0,59.85083892469299,0.0
2024-07-30 18:26:00,1.0,0.0,0.07569082715499763,60.0,59.84541357749881,0.0
2024-07-30 18:27:00,1.0,0.0,0.07567997801589274,60.0,59.83998900794637,0.0
2024-07-30 18:28:00,1.0,1.92556,0.07566913043184842,60.0,59.83456521592421,1.0
2024-07-30 18:29:00,1.0,1.92556,0.07538228440264175,60.0,59.69114220132087,1.0
2024-07-30 18:30:00,1.0,0.0,0.07509547948848944,60.0,59.547739744244716,0.0
2024-07-30 18:31:00,1.0,0.0,0.07508471568349824,60.0,59.54235784174912,0.0
2024-07-30 18:32:00,1.0,0.0,0.07507395342133626,60.0,59.53697671066813,0.0
2024-07-30 18:33:00,1.0,0.0,0.07506319270178231,60.0,59.53159635089116,0.0
2024-07-30 18:34:00,1.0,0.0,0.07505243352461531,60.0,59.526216762307655,0.0
2024-07-30 18:35:00,1.0,0.0,0.07504167588961418,60.0,59.520837944807084,0.0
2024-07-30 18:36:00,1.0,1.92556,0.07503091979655784,60.0,59.51545989827892,1.0
2024-07-30 18:37:00,1.0,1.92556,0.07474416524522531,60.0,59.37208262261266,1.0
2024-07-30 18:38:00,1.0,0.0,0.07445745179583517,60.0,59.228725897917585,0.0
2024-07-30 18:39:00,1.0,0.0,0.07444677944249607,60.0,59.22338972124803,0.0
2024-07-30 18:40:00,1.0,0.0,0.07443610861887794,60.0,59.21805430943897,0.0
2024-07-30 18:41:00,1.0,0.0,0.07442543932476153,60.0,59.21271966238076,0.0
2024-07-30 18:42:00,1.0,0.0,0.0744147715599276,60.0,59.20738577996379,0.0
2024-07-30 18:43:00,1.0,0.0,0.07440410532415694,60.0,59.202052662078465,0.0
2024-07-30 18:44:00,1.0,0.0,0.0743934406172304,60.0,59.1967203086152,0.0
2024-07-30 18:45:00,1.0,0.0,0.07438277743892885,60.0,59.19138871946442,0.0
2024-07-30 18:46:00,1.0,0.0,0.07437211578903315,60.0,59.18605789451657,0.0
2024-07-30 18:47:00,1.0,0.0,0.07436145566732426,60.0,59.180727833662125,0.0
2024-07-30 18:48:00,1.0,11.553360000000001,0.07435079707358311,60.0,59.175398536791555,6.0
2024-07-30 18:49:00,1.0,0.0,0.07268414000759071,60.0,58.34207000379536,0.0
2024-07-30 18:50:00,1.0,0.0,0.07310372660959631,60.0,58.551863304798154,0.0
2024-07-30 18:51:00,1.0,0.0,0.07352325307018738,60.0,58.76162653509369,0.0
2024-07-30 18:52:00,1.0,0.0,0.07394271939798429,60.0,58.971359698992146,0.0
2024-07-30 18:53:00,1.0,0.0,0.07436212560160618,60.0,59.18106280080309,0.0
2024-07-30 18:54:00,1.0,0.0,0.07478147168967092,60.0,59.39073584483546,0.0
2024-07-30 18:55:00,1.0,0.0,0.0752007576707952,60.0,59.6003788353976,0.0
2024-07-30 18:56:00,1.0,0.0,0.07561998355359441,60.0,59.809991776797204,0.0
2024-07-30 18:57:00,1.0,0.0,0.07603914934668277,60.0,60.01957467334138,0.0
2024-07-30 18:58:00,1.0,0.0,0.07645825505867321,60.0,60.2291275293366,0.0
2024-07-30 18:59:00,1.0,0.0,0.07687730069817746,60.0,60.438650349088725,0.0
2024-07-30 19:00:00,1.0,0.0,0.077296286273806,60.0,60.648143136902995,0.0
2024-07-30 19:01:00,1.0,0.0,0.07771521179416808,60.0,60.85760589708404,0.0
2024-07-30 19:02:00,1.0,0.0,0.07813407726787175,60.0,61.06703863393587,0.0
2024-07-30 19:03:00,1.0,0.0,0.07812287792569288,60.0,61.06143896284644,0.0
2024-07-30 19:04:00,1.0,0.0,0.07811168018877089,60.0,61.055840094385445,0.0
2024-07-30 19:05:00,1.0,0.0,0.0781004840568757,60.0,61.05024202843785,0.0
2024-07-30 19:06:00,1.0,0.0,0.07808928952977724,60.0,61.04464476488862,0.0
2024-07-30 19:07:00,1.0,0.0,0.07807809660724552,60.0,61.03904830362276,0.0
2024-07-30 19:08:00,1.0,0.0,0.0780669052890505,60.0,61.03345264452525,0.0
2024-07-30 19:09:00,1.0,0.0,0.07805571557496224,60.0,61.02785778748112,0.0
2024-07-30 19:10:00,1.0,0.0,0.07804452746475082,60.0,61.022263732375414,0.0
2024-07-30 19:11:00,1.0,0.0,0.07803334095818636,60.0,61.01667047909318,0.0
2024-07-30 19:12:00,1.0,0.0,0.07802215605503898,60.0,61.01107802751949,0.0
2024-07-30 19:13:00,1.0,0.0,0.07801097275507887,60.0,61.005486377539434,0.0
2024-07-30 19:14:00,1.0,0.0,0.07799979105807622,60.0,60.99989552903811,0.0
2024-07-30 19:15:00,1.0,0.0,0.07798861096380129,60.0,60.994305481900646,0.0
2024-07-30 19:16:00,1.0,0.0,0.07797743247202435,60.0,60.98871623601217,0.0
2024-07-30 19:17:00,1.0,0.0,0.0779662555825157,60.0,60.98312779125785,0.0
2024-07-30 19:18:00,1.0,0.0,0.07795508029504568,60.0,60.97754014752284,0.0
2024-07-30 19:19:00,1.0,0.0,0.07794390660938466,60.0,60.97195330469233,0.0
2024-07-30 19:20:00,1.0,0.0,0.07793273452530305,60.0,60.966367262651524,0.0
2024-07-30 19:21:00,1.0,1.92556,0.07792156404257128,60.0,60.96078202128564,1.0
2024-07-30 19:22:00,1.0,0.0,0.07763439516095982,60.0,60.81719758047991,0.0
2024-07-30 19:23:00,1.0,0.0,0.07762326744067875,60.0,60.81163372033937,0.0
2024-07-30 19:24:00,1.0,0.0,0.07761214131538863,60.0,60.80607065769431,0.0
2024-07-30 19:25:00,1.0,0.0,0.07760101678486087,60.0,60.80050839243043,0.0
2024-07-30 19:26:00,1.0,0.0,0.07758989384886686,60.0,60.794946924433425,0.0
2024-07-30 19:27:00,1.0,1.92556,0.07757877250717804,60.0,60.78938625358902,1.0
2024-07-30 19:28:00,1.0,0.0,0.07729165275956594,60.0,60.64582637978297,0.0
2024-07-30 19:29:00,1.0,0.0,0.07728057416624158,60.0,60.64028708312079,0.0
2024-07-30 19:30:00,1.0,0.0,0.07726949716086658,60.0,60.63474858043329,0.0
2024-07-30 19:31:00,1.0,0.0,0.07725842174321332,60.0,60.62921087160666,0.0
2024-07-30 19:32:00,1.0,0.0,0.07724734791305422,60.0,60.623673956527114,0.0
2024-07-30 19:33:00,1.0,0.0,0.07723627567016178,60.0,60.61813783508089,0.0
2024-07-30 19:34:00,1.0,0.0,0.07722520501430843,60.0,60.612602507154214,0.0
2024-07-30 19:35:00,1.0,0.0,0.07721413594526672,60.0,60.60706797263336,0.0
2024-07-30 19:36:00,1.0,0.0,0.07720306846280921,60.0,60.6015342314046,0.0
2024-07-30 19:37:00,1.0,0.0,0.07719200256670847,60.0,60.596001283354234,0.0
2024-07-30 19:38:00,1.0,0.0,0.07718093825673712,60.0,60.59046912836856,0.0
2024-07-30 19:39:00,1.0,0.0,0.07716987553266784,60.0,60.584937766333915,0.0
2024-07-30 19:40:00,1.0,0.0,0.07715881439427329,60.0,60.57940719713664,0.0
2024-07-30 19:41:00,1.0,0.0,0.07714775484132617,60.0,60.57387742066309,0.0
2024-07-30 19:42:00,1.0,0.0,0.07713669687359928,60.0,60.56834843679964,0.0
2024-07-30 19:43:00,1.0,0.0,0.07712564049086537,60.0,60.56282024543268,0.0
2024-07-30 19:44:00,1.0,0.0,0.07711458569289725,60.0,60.557292846448625,0.0
2024-07-30 19:45:00,1.0,0.0,0.07710353247946779,60.0,60.551766239733894,0.0
2024-07-30 19:46:00,1.0,0.0,0.07709248085034986,60.0,60.54624042517493,0.0
2024-07-30 19:47:00,1.0,0.0,0.07708143080531636,60.0,60.54071540265818,0.0
2024-07-30 19:48:00,1.0,0.0,0.07707038234414026,60.0,60.53519117207013,0.0
2024-07-30 19:49:00,1.0,0.0,0.07705933546659452,60.0,60.52966773329726,0.0
2024-07-30 19:50:00,1.0,0.0,0.07704829017245216,60.0,60.52414508622608,0.0
2024-07-30 19:51:00,1.0,0.0,0.0770372464614862,60.0,60.5186232307431,0.0
2024-07-30 19:52:00,1.0,0.0,0.07702620433346975,60.0,60.513102166734875,0.0
2024-07-30 19:53:00,1.0,0.0,0.0770151637881759,60.0,60.50758189408795,0.0
2024-07-30 19:54:00,1.0,0.0,0.07700412482537779,60.0,60.50206241268889,0.0
2024-07-30 19:55:00,1.0,0.0,0.07699308744484859,60.0,60.49654372242429,0.0
2024-07-30 19:56:00,1.0,0.0,0.07698205164636152,60.0,60.491025823180756,0.0
2024-07-30 19:57:00,1.0,0.0,0.0769710174296898,60.0,60.4855087148449,0.0
2024-07-30 19:58:00,1.0,0.0,0.07695998479460671,60.0,60.479992397303356,0.0
2024-07-30 19:59:00,1.0,0.0,0.07694895374088556,60.0,60.47447687044278,0.0
2024-07-30 20:00:00,1.0,0.0,0.07693792426829967,60.0,60.468962134149834,0.0
2024-07-30 20:01:00,1.0,0.0,0.07692689637662241,60.0,60.463448188311204,0.0
2024-07-30 20:02:00,1.0,0.0,0.0769158700656272,60.0,60.457935032813594,0.0
2024-07-30 20:03:00,1.0,0.0,0.07690484533508744,60.0,60.45242266754372,0.0
2024-07-30 20:04:00,1.0,0.0,0.07689382218477664,60.0,60.44691109238832,0.0
2024-07-30 20:05:00,1.0,0.0,0.07688280061446827,60.0,60.44140030723413,0.0
2024-07-30 20:06:00,1.0,0.0,0.07687178062393585,60.0,60.435890311967924,0.0
2024-07-30 20:07:00,1.0,0.0,0.07686076221295296,60.0,60.43038110647648,0.0
2024-07-30 20:08:00,1.0,0.0,0.0768497453812932,60.0,60.4248726906466,0.0
2024-07-30 20:09:00,1.0,0.0,0.07683873012873019,60.0,60.419365064365095,0.0
2024-07-30 20:10:00,1.0,0.0,0.0768277164550376,60.0,60.413858227518794,0.0
2024-07-30 20:11:00,1.0,0.0,0.0768167043599891,60.0,60.408352179994544,0.0
2024-07-30 20:12:00,1.0,0.0,0.07680569384335842,60.0,60.402846921679206,0.0
2024-07-30 20:13:00,1.0,0.0,0.07679468490491932,60.0,60.39734245245966,0.0
2024-07-30 20:14:00,1.0,0.0,0.07678367754444561,60.0,60.391838772222805,0.0
2024-07-30 20:15:00,1.0,0.0,0.0767726717617111,60.0,60.38633588085555,0.0
2024-07-30 20:16:00,1.0,0.0,0.07676166755648964,60.0,60.38083377824482,0.0
2024-07-30 20:17:00,1.0,0.0,0.07675066492855513,60.0,60.37533246427756,0.0
2024-07-30 20:18:00,1.0,0.0,0.07673966387768147,60.0,60.36983193884073,0.0
2024-07-30 20:19:00,1.0,0.0,0.07672866440364262,60.0,60.36433220182131,0.0
2024-07-30 20:20:00,1.0,0.0,0.07671766650621258,60.0,60.35883325310629,0.0
2024-07-30 20:21:00,1.0,0.0,0.07670667018516535,60.0,60.353335092582675,0.0
2024-07-30 20:22:00,1.0,0.0,0.07669567544027499,60.0,60.34783772013749,0.0
2024-07-30 20:23:00,1.0,0.0,0.07668468227131556,60.0,60.342341135657776,0.0
2024-07-30 20:24:00,1.0,0.0,0.07667369067806118,60.0,60.33684533903059,0.0
2024-07-30 20:25:00,1.0,0.0,0.07666270066028602,60.0,60.33135033014301,0.0
2024-07-30 20:26:00,1.0,0.0,0.07665171221776425,60.0,60.32585610888212,0.0
2024-07-30 20:27:00,1.0,0.0,0.07664072535027006,60.0,60.32036267513503,0.0
2024-07-30 20:28:00,1.0,0.0,0.07662974005757772,60.0,60.31487002878886,0.0
2024-07-30 20:29:00,1.0,0.0,0.07661875633946148,60.0,60.30937816973074,0.0
2024-07-30 20:30:00,1.0,0.0,0.07660777419569567,60.0,60.303887097847834,0.0
2024-07-30 20:31:00,1.0,0.0,0.07659679362605462,60.0,60.29839681302731,0.0
2024-07-30 20:32:00,1.0,0.0,0.0765858146303127,60.0,60.292907315156356,0.0
2024-07-30 20:33:00,1.0,0.0,0.07657483720824435,60.0,60.28741860412217,0.0
2024-07-30 20:34:00,1.0,0.0,0.07656386135962395,60.0,60.28193067981198,0.0
2024-07-30 20:35:00,1.0,0.0,0.07655288708422602,60.0,60.27644354211301,0.0
2024-07-30 20:36:00,1.0,0.0,0.07654191438182502,60.0,60.27095719091251,0.0
2024-07-30 20:37:00,1.0,0.0,0.07653094325219553,60.0,60.265471626097764,0.0
2024-07-30 20:38:00,1.0,0.0,0.07651997369511207,60.0,60.259986847556036,0.0
2024-07-30 20:39:00,1.0,0.0,0.07650900571034927,60.0,60.254502855174636,0.0
2024-07-30 20:40:00,1.0,0.0,0.07649803929768176,60.0,60.24901964884088,0.0
2024-07-30 20:41:00,1.0,0.0,0.07648707445688419,60.0,60.243537228442094,0.0
2024-07-30 20:42:00,1.0,0.0,0.07647611118773126,60.0,60.23805559386563,0.0
2024-07-30 20:43:00,1.0,11.553360000000001,0.07646514948999772,60.0,60.23257474499886,6.0
2024-07-30 20:44:00,1.0,11.553360000000001,0.07479818936345829,60.0,59.399094681729146,6.0
2024-07-30 20:45:00,1.0,0.0,0.07313146817052517,60.0,58.565734085262584,0.0
2024-07-30 20:46:00,1.0,0.0,0.07355099065478166,60.0,58.77549532739083,0.0
2024-07-30 20:47:00,1.0,0.0,0.07397045300681394,60.0,58.98522650340697,0.0
2024-07-30 20:48:00,1.0,11.553360000000001,0.07438985523524105,60.0,59.19492761762053,6.0
2024-07-30 20:49:00,1.0,0.0,0.07315319734868082,60.0,58.57659867434041,0.0
2024-07-30 20:50:00,1.0,0.0,0.07357271671838717,60.0,58.786358359193585,0.0
2024-07-30 20:51:00,1.0,0.0,0.07399217595631574,60.0,58.99608797815787,0.0
2024-07-30 20:52:00,1.0,0.0,0.07441157507108549,60.0,59.20578753554275,0.0
2024-07-30 20:53:00,1.0,0.0,0.0748309140713142,60.0,59.4154570356571,0.0
2024-07-30 20:54:00,1.0,0.0,0.07525019296561836,60.0,59.62509648280918,0.0
2024-07-30 20:55:00,1.0,0.0,0.07566941176261326,60.0,59.834705881306625,0.0
2024-07-30 20:56:00,1.0,0.0,0.07608857047091293,60.0,60.044285235456464,0.0
2024-07-30 20:57:00,1.0,1.92556,0.07650766909913019,60.0,60.25383454956509,1.0
2024-07-30 20:58:00,1.0,0.0,0.0766507076558766,60.0,60.3253538279383,0.0
2024-07-30 20:59:00,1.0,0.0,0.07706972571020208,60.0,60.53486285510104,0.0
2024-07-30 21:00:00,1.0,0.0,0.07748868370460578,60.0,60.74434185230289,0.0
2024-07-30 21:01:00,1.0,0.0,0.07790758164769637,60.0,60.95379082384819,0.0
2024-07-30 21:02:00,1.0,0.0,0.07832641954808132,60.0,61.16320977404066,0.0
2024-07-30 21:03:00,1.0,0.0,0.07831519263653597,60.0,61.157596318267984,0.0
2024-07-30 21:04:00,1.0,0.0,0.07830396733419914,60.0,61.15198366709957,0.0
2024-07-30 21:05:00,1.0,0.0,0.0782927436408402,60.0,61.1463718204201,0.0
2024-07-30 21:06:00,1.0,0.0,0.07828152155622851,60.0,61.140760778114256,0.0
2024-07-30 21:07:00,1.0,0.0,0.0782703010801335,60.0,61.135150540066746,0.0
2024-07-30 21:08:00,1.0,0.0,0.07825908221232458,60.0,61.12954110616229,0.0
2024-07-30 21:09:00,1.0,0.0,0.07824786495257126,60.0,61.12393247628563,0.0
2024-07-30 21:10:00,1.0,0.0,0.07823664930064304,60.0,61.11832465032152,0.0
2024-07-30 21:11:00,1.0,0.0,0.07822543525630946,60.0,61.112717628154726,0.0
2024-07-30 21:12:00,1.0,0.0,0.07821422281934008,60.0,61.10711140967004,0.0
2024-07-30 21:13:00,1.0,0.0,0.07820301198950454,60.0,61.101505994752266,0.0
2024-07-30 21:14:00,1.0,0.0,0.07819180276657245,60.0,61.095901383286225,0.0
2024-07-30 21:15:00,1.0,0.0,0.0781805951503135,60.0,61.090297575156754,0.0
2024-07-30 21:16:00,1.0,0.0,0.07816938914049741,60.0,61.08469457024871,0.0
2024-07-30 21:17:00,1.0,0.0,0.0781581847368939,60.0,61.07909236844695,0.0
2024-07-30 21:18:00,1.0,0.0,0.07814698193927275,60.0,61.073490969636374,0.0
2024-07-30 21:19:00,1.0,0.0,0.07813578074740378,60.0,61.067890373701886,0.0
2024-07-30 21:20:00,1.0,0.0,0.07812458116105679,60.0,61.0622905805284,0.0
2024-07-30 21:21:00,1.0,0.0,0.0781133831800017,60.0,61.05669159000085,0.0
2024-07-30 21:22:00,1.0,0.0,0.0781021868040084,60.0,61.0510934020042,0.0
2024-07-30 21:23:00,1.0,0.0,0.07809099203284682,60.0,61.04549601642341,0.0
2024-07-30 21:24:00,1.0,0.0,0.07807979886628692,60.0,61.03989943314346,0.0
2024-07-30 21:25:00,1.0,1.92556,0.07806860730409873,60.0,61.03430365204937,1.0
2024-07-30 21:26:00,1.0,0.0,0.07778141734605228,60.0,60.89070867302614,0.0
2024-07-30 21:27:00,1.0,0.0,0.07777026855235719,60.0,60.8851342761786,0.0
2024-07-30 21:28:00,1.0,0.0,0.07775912135667364,60.0,60.879560678336816,0.0
2024-07-30 21:29:00,1.0,0.0,0.07774797575877253,60.0,60.87398787938626,0.0
2024-07-30 21:30:00,1.0,0.0,0.07773683175842487,60.0,60.868415879212435,0.0
2024-07-30 21:31:00,1.0,0.0,0.07772568935540168,60.0,60.86284467770084,0.0
2024-07-30 21:32:00,1.0,0.0,0.07771454854947402,60.0,60.85727427473701,0.0
2024-07-30 21:33:00,1.0,0.0,0.07770340934041294,60.0,60.851704670206466,0.0
2024-07-30 21:34:00,1.0,0.0,0.07769227172798956,60.0,60.84613586399478,0.0
2024-07-30 21:35:00,1.0,0.0,0.07768113571197505,60.0,60.84056785598752,0.0
2024-07-30 21:36:00,1.0,0.0,0.07767000129214055,60.0,60.83500064607028,0.0
2024-07-30 21:37:00,1.0,0.0,0.07765886846825731,60.0,60.829434234128655,0.0
2024-07-30 21:38:00,1.0,0.0,0.07764773724009655,60.0,60.82386862004827,0.0
2024-07-30 21:39:00,1.0,0.0,0.07763660760742956,60.0,60.81830380371478,0.0
2024-07-30 21:40:00,1.0,0.0,0.07762547957002762,60.0,60.81273978501381,0.0
2024-07-30 21:41:00,1.0,0.0,0.07761435312766211,60.0,60.80717656383106,0.0
2024-07-30 21:42:00,1.0,0.0,0.07760322828010441,60.0,60.8016141400522,0.0
2024-07-30 21:43:00,1.0,0.0,0.07759210502712588,60.0,60.79605251356294,0.0
2024-07-30 21:44:00,1.0,0.0,0.07758098336849802,60.0,60.790491684249005,0.0
2024-07-30 21:45:00,1.0,0.0,0.07756986330399225,60.0,60.784931651996125,0.0
2024-07-30 21:46:00,1.0,0.0,0.07755874483338011,60.0,60.77937241669006,0.0
2024-07-30 21:47:00,1.0,0.0,0.07754762795643315,60.0,60.77381397821657,0.0
2024-07-30 21:48:00,1.0,11.553360000000001,0.07753651267292291,60.0,60.768256336461455,6.0
2024-07-30 21:49:00,1.0,11.553360000000001,0.075869398982621,60.0,59.934699491310504,6.0
2024-07-30 21:50:00,1.0,0.0,0.07420252424793645,60.0,59.101262123968226,0.0
2024-07-30 21:51:00,1.0,0.0,0.07419188843461855,60.0,59.095944217309274,0.0
2024-07-30 21:52:00,1.0,0.0,0.07418125414578415,60.0,59.090627072892076,0.0
2024-07-30 21:53:00,1.0,0.0,0.07417062138121476,60.0,59.08531069060738,0.0
2024-07-30 21:54:00,1.0,0.0,0.07415999014069188,60.0,59.079995070345944,0.0
2024-07-30 21:55:00,1.0,0.0,0.0741493604239971,60.0,59.07468021199855,0.0
2024-07-30 21:56:00,1.0,0.0,0.07413873223091196,60.0,59.06936611545598,0.0
2024-07-30 21:57:00,1.0,0.0,0.07412810556121809,60.0,59.06405278060904,0.0
2024-07-30 21:58:00,1.0,0.0,0.07411748041469711,60.0,59.058740207348556,0.0
2024-07-30 21:59:00,1.0,0.0,0.07410685679113074,60.0,59.05342839556537,0.0
2024-07-30 22:00:00,1.0,11.553360000000001,0.07409623469030066,60.0,59.04811734515033,6.0
2024-07-30 22:01:00,1.0,0.0,0.07242961411198863,60.0,58.214807055994314,0.0
2024-07-30 22:02:00,1.0,0.0,0.07284923719644462,60.0,58.42461859822231,0.0
2024-07-30 22:03:00,1.0,0.0,0.07326880013425688,60.0,58.63440006712844,0.0
2024-07-30 22:04:00,1.0,0.0,0.07368830293404652,60.0,58.84415146702326,0.0
2024-07-30 22:05:00,1.0,0.0,0.07410774560443342,60.0,59.05387280221671,0.0
2024-07-30 22:06:00,1.0,0.0,0.07452712815403623,60.0,59.26356407701811,0.0
2024-07-30 22:07:00,1.0,0.0,0.07494645059147234,60.0,59.47322529573617,0.0
2024-07-30 22:08:00,1.0,0.0,0.07536571292535794,60.0,59.68285646267897,0.0
2024-07-30 22:09:00,1.0,0.0,0.07578491516430796,60.0,59.89245758215398,0.0
2024-07-30 22:10:00,1.0,0.0,0.07620405731693611,60.0,60.10202865846805,0.0
2024-07-30 22:11:00,1.0,0.0,0.07662313939185483,60.0,60.31156969592742,0.0
2024-07-30 22:12:00,1.0,0.0,0.0770421613976754,60.0,60.5210806988377,0.0
2024-07-30 22:13:00,1.0,0.0,0.0774611233430078,60.0,60.7305616715039,0.0
2024-07-30 22:14:00,1.0,0.0,0.07788002523646079,60.0,60.94001261823039,0.0
2024-07-30 22:15:00,1.0,0.0,0.0782988670866419,60.0,61.149433543320946,0.0
2024-07-30 22:16:00,1.0,0.0,0.07828764412432657,60.0,61.14382206216328,0.0
2024-07-30 22:17:00,1.0,0.0,0.07827642277065369,60.0,61.13821138532685,0.0
2024-07-30 22:18:00,1.0,0.0,0.07826520302539273,60.0,61.13260151269637,0.0
2024-07-30 22:19:00,1.0,0.0,0.07825398488831313,60.0,61.12699244415656,0.0
2024-07-30 22:20:00,1.0,0.0,0.07824276835918437,60.0,61.121384179592184,0.0
2024-07-30 22:21:00,1.0,0.0,0.07823155343777599,60.0,61.11577671888799,0.0
2024-07-30 22:22:00,1.0,0.0,0.07822034012385752,60.0,61.11017006192876,0.0
2024-07-30 22:23:00,1.0,0.0,0.07820912841719858,60.0,61.10456420859929,0.0
2024-07-30 22:24:00,1.0,11.553360000000001,0.0781979183175688,60.0,61.098959158784396,6.0
2024-07-30 22:25:00,1.0,11.553360000000001,0.0765307098247378,60.0,60.2653549123689,6.0
2024-07-30 22:26:00,1.0,0.0,0.07486374030111266,60.0,59.43187015055633,0.0
2024-07-30 22:27:00,1.0,0.0,0.07485300971244074,60.0,59.42650485622037,0.0
2024-07-30 22:28:00,1.0,0.0,0.07484228066183696,60.0,59.421140330918476,0.0
2024-07-30 22:29:00,1.0,1.92556,0.07483155314908084,60.0,59.415776574540416,1.0
2024-07-30 22:30:00,1.0,0.0,0.07454482717395196,60.0,59.27241358697598,0.0
2024-07-30 22:31:00,1.0,0.0,0.0745341422966695,60.0,59.26707114833475,0.0
2024-07-30 22:32:00,1.0,1.92556,0.07452345895090313,60.0,59.26172947545157,1.0
2024-07-30 22:33:00,1.0,0.0,0.07423677713643335,60.0,59.11838856821667,0.0
2024-07-30 22:34:00,1.0,0.0,0.0742261364134802,60.0,59.1130682067401,0.0
2024-07-30 22:35:00,1.0,0.0,0.0742154972157143,60.0,59.10774860785715,0.0
2024-07-30 22:36:00,1.0,11.553360000000001,0.074204859542917,60.0,59.1024297714585,6.0
2024-07-30 22:37:00,1.0,0.0,0.07253822339486976,60.0,58.26911169743488,0.0
2024-07-30 22:38:00,1.0,0.0,0.07295783091182224,60.0,58.47891545591112,0.0
2024-07-30 22:39:00,1.0,0.0,0.07337737828436235,60.0,58.688689142181175,0.0
2024-07-30 22:40:00,1.0,0.0,0.0737968655211109,60.0,58.898432760555444,0.0
2024-07-30 22:41:00,1.0,0.0,0.07421629263068742,60.0,59.10814631534371,0.0
2024-07-30 22:42:00,1.0,1.92556,0.07463565962171026,60.0,59.31782981085513,1.0
2024-07-30 22:43:00,1.0,1.92556,0.0747789665027965,60.0,59.38948325139825,1.0
2024-07-30 22:44:00,1.0,0.0,0.07492225284300155,60.0,59.46112642150077,0.0
2024-07-30 22:45:00,1.0,0.0,0.07534151864526963,60.0,59.670759322634815,0.0
2024-07-30 22:46:00,1.0,0.0,0.075760724352105,60.0,59.8803621760525,0.0
2024-07-30 22:47:00,1.0,0.0,0.07617986997212142,60.0,60.08993498606071,0.0
2024-07-30 22:48:00,1.0,0.0,0.07659895551393145,60.0,60.29947775696572,0.0
2024-07-30 22:49:00,1.0,0.0,0.07701798098614636,60.0,60.50899049307318,0.0
2024-07-30 22:50:00,2.0,0.0,0.07743694639737625,60.0,60.71847319868812,0.0
2024-07-30 22:51:00,2.0,0.0,0.07785585175622994,60.0,60.92792587811497,0.0
2024-07-30 22:52:00,2.0,11.553360000000001,0.07827469707131504,60.0,61.13734853565752,6.0
2024-07-30 22:53:00,2.0,11.553360000000001,0.07660747757340707,60.0,60.30373878670353,6.0
2024-07-30 22:54:00,2.0,0.0,0.07494049704628236,60.0,59.47024852314118,0.0
2024-07-30 22:55:00,2.0,0.0,0.07492975545568806,60.0,59.464877727844026,0.0
2024-07-30 22:56:00,2.0,0.0,0.07491901540473885,60.0,59.45950770236942,0.0
2024-07-30 22:57:00,2.0,0.0,0.07490827689321404,60.0,59.45413844660702,0.0
2024-07-30 22:58:00,2.0,0.0,0.07489753992089299,60.0,59.44876996044649,0.0
2024-07-30 22:59:00,2.0,0.0,0.07488680448755505,60.0,59.44340224377753,0.0
2024-07-30 23:00:00,2.0,0.0,0.07487607059297967,60.0,59.438035296489836,0.0
2024-07-30 23:01:00,2.0,0.0,0.07486533823694627,60.0,59.432669118473136,0.0
2024-07-30 23:02:00,2.0,0.0,0.07485460741923435,60.0,59.42730370961717,0.0
2024-07-30 23:03:00,2.0,1.92556,0.07484387813962337,60.0,59.421939069811685,1.0
2024-07-30 23:04:00,2.0,0.0,0.0745571503978929,60.0,59.27857519894645,0.0
2024-07-30 23:05:00,2.0,0.0,0.07454646375426205,60.0,59.273231877131025,0.0
2024-07-30 23:06:00,2.0,0.0,0.07453577864240048,60.0,59.26788932120024,0.0
2024-07-30 23:07:00,2.0,0.0,0.07452509506208861,60.0,59.262547531044305,0.0
2024-07-30 23:08:00,2.0,0.0,0.07451441301310695,60.0,59.25720650655347,0.0
2024-07-30 23:09:00,2.0,0.0,0.07450373249523598,60.0,59.25186624761799,0.0
2024-07-30 23:10:00,2.0,0.0,0.07449305350825626,60.0,59.246526754128126,0.0
2024-07-30 23:11:00,2.0,0.0,0.07448237605194834,60.0,59.24118802597417,0.0
2024-07-30 23:12:00,2.0,1.92556,0.07447170012609283,60.0,59.23585006304641,1.0
2024-07-30 23:13:00,2.0,1.92556,0.07418502573047035,60.0,59.09251286523518,1.0
2024-07-30 23:14:00,2.0,0.0,0.07389839242530115,60.0,58.94919621265058,0.0
2024-07-30 23:15:00,2.0,0.0,0.07431780498252638,60.0,59.15890249126319,0.0
2024-07-30 23:16:00,2.0,0.0,0.0747371574232838,60.0,59.368578711641895,0.0
2024-07-30 23:17:00,2.0,0.0,0.07515644975619015,60.0,59.57822487809508,0.0
2024-07-30 23:18:00,2.0,0.0,0.07557568198986105,60.0,59.78784099493052,0.0
2024-07-30 23:19:00,2.0,0.0,0.07599485413291075,60.0,59.99742706645537,0.0
2024-07-30 23:20:00,2.0,0.0,0.07641396619395238,60.0,60.20698309697619,0.0
2024-07-30 23:21:00,2.0,0.0,0.07683301818159777,60.0,60.41650909079888,0.0
2024-07-30 23:22:00,2.0,0.0,0.07725201010445754,60.0,60.62600505222877,0.0
2024-07-30 23:23:00,2.0,0.0,0.07767094197114109,60.0,60.835470985570545,0.0
2024-07-30 23:24:00,2.0,0.0,0.07808981379025656,60.0,61.04490689512828,0.0
2024-07-30 23:25:00,2.0,0.0,0.07807862079257999,60.0,61.03931039628999,0.0
2024-07-30 23:26:00,2.0,0.0,0.0780674293992509,60.0,61.03371469962545,0.0
2024-07-30 23:27:00,2.0,0.0,0.07805623961003934,60.0,61.02811980501967,0.0
2024-07-30 23:28:00,2.0,0.0,0.07804505142471539,60.0,61.0225257123577,0.0
2024-07-30 23:29:00,2.0,0.0,0.07803386484304918,60.0,61.01693242152459,0.0
2024-07-30 23:30:00,2.0,0.0,0.0780226798648108,60.0,61.0113399324054,0.0
2024-07-30 23:31:00,2.0,0.0,0.07801149648977045,60.0,61.005748244885226,0.0
2024-07-30 23:32:00,2.0,0.0,0.07800031471769835,60.0,61.00015735884917,0.0
2024-07-30 23:33:00,2.0,0.0,0.0779891345483647,60.0,60.99456727418235,0.0
2024-07-30 23:34:00,2.0,0.0,0.07797795598153981,60.0,60.988977990769904,0.0
2024-07-30 23:35:00,2.0,0.0,0.07796677901699396,60.0,60.98338950849698,0.0
2024-07-30 23:36:00,2.0,0.0,0.0779556036544975,60.0,60.97780182724875,0.0
2024-07-30 23:37:00,2.0,0.0,0.07794442989382079,60.0,60.97221494691039,0.0
2024-07-30 23:38:00,2.0,0.0,0.07793325773473422,60.0,60.96662886736711,0.0
2024-07-30 23:39:00,2.0,0.0,0.07792208717700828,60.0,60.96104358850414,0.0
2024-07-30 23:40:00,2.0,0.0,0.07791091822041339,60.0,60.9554591102067,0.0
2024-07-30 23:41:00,2.0,0.0,0.07789975086472008,60.0,60.94987543236004,0.0
2024-07-30 23:42:00,2.0,0.0,0.07788858510969886,60.0,60.944292554849426,0.0
2024-07-30 23:43:00,2.0,0.0,0.0778774209551203,60.0,60.93871047756015,0.0
2024-07-30 23:44:00,2.0,0.0,0.07786625840075502,60.0,60.93312920037751,0.0
2024-07-30 23:45:00,2.0,0.0,0.07785509744637363,60.0,60.92754872318682,0.0
2024-07-30 23:46:00,2.0,0.0,0.07784393809174682,60.0,60.92196904587341,0.0
2024-07-30 23:47:00,2.0,0.0,0.07783278033664529,60.0,60.91639016832264,0.0
2024-07-30 23:48:00,2.0,0.0,0.07782162418083975,60.0,60.910812090419874,0.0
2024-07-30 23:49:00,2.0,0.0,0.07781046962410097,60.0,60.90523481205049,0.0
2024-07-30 23:50:00,2.0,0.0,0.07779931666619977,60.0,60.899658333099886,0.0
2024-07-30 23:51:00,2.0,0.0,0.07778816530690696,60.0,60.89408265345348,0.0
2024-07-30 23:52:00,2.0,0.0,0.07777701554599341,60.0,60.888507772996704,0.0
2024-07-30 23:53:00,2.0,0.0,0.07776586738323,60.0,60.882933691615,0.0
2024-07-30 23:54:00,2.0,0.0,0.07775472081838769,60.0,60.87736040919384,0.0
2024-07-30 23:55:00,2.0,0.0,0.07774357585123741,60.0,60.871787925618705,0.0
2024-07-30 23:56:00,2.0,0.0,0.07773243248155018,60.0,60.86621624077509,0.0
2024-07-30 23:57:00,2.0,0.0,0.07772129070909702,60.0,60.86064535454851,0.0
2024-07-30 23:58:00,2.0,0.0,0.07771015053364899,60.0,60.85507526682449,0.0
2024-07-30 23:59:00,2.0,0.0,0.07769901195497718,60.0,60.84950597748859,0.0
2024-07-31 00:00:00,2.0,0.0,0.07768787497285273,60.0,60.84393748642636,0.0
2024-07-31 00:01:00,2.0,0.0,0.07767673958704677,60.0,60.838369793523384,0.0
2024-07-31 00:02:00,2.0,0.0,0.07766560579733052,60.0,60.83280289866526,0.0
2024-07-31 00:03:00,2.0,0.0,0.07765447360347519,60.0,60.82723680173759,0.0
2024-07-31 00:04:00,2.0,0.0,0.07764334300525204,60.0,60.82167150262602,0.0
2024-07-31 00:05:00,2.0,0.0,0.07763221400243236,60.0,60.81610700121618,0.0
2024-07-31 00:06:00,2.0,1.92556,0.07762108659478749,60.0,60.81054329739374,1.0
2024-07-31 00:07:00,2.0,1.92556,0.07733396078208875,60.0,60.666980391044376,1.0
2024-07-31 00:08:00,2.0,0.0,0.07704687612454712,60.0,60.52343806227356,0.0
2024-07-31 00:09:00,2.0,0.0,0.07703583261626364,60.0,60.51791630813182,0.0
2024-07-31 00:10:00,2.0,0.0,0.07702479069090057,60.0,60.51239534545029,0.0
2024-07-31 00:11:00,2.0,0.0,0.07701375034823107,60.0,60.506875174115535,0.0
2024-07-31 00:12:00,2.0,0.0,0.07700271158802827,60.0,60.50135579401413,0.0
2024-07-31 00:13:00,2.0,0.0,0.07699167441006532,60.0,60.495837205032664,0.0
2024-07-31 00:14:00,2.0,0.0,0.07698063881411549,60.0,60.49031940705774,0.0
2024-07-31 00:15:00,2.0,0.0,0.07696960479995196,60.0,60.48480239997598,0.0
2024-07-31 00:16:00,2.0,1.92556,0.07695857236734806,60.0,60.47928618367403,1.0
2024-07-31 00:17:00,2.0,1.92556,0.07667154151607705,60.0,60.33577075803853,1.0
2024-07-31 00:18:00,2.0,0.0,0.07638455180635187,60.0,60.19227590317593,0.0
2024-07-31 00:19:00,2.0,0.0,0.07637360323227547,60.0,60.186801616137735,0.0
2024-07-31 00:20:00,2.0,0.0,0.07636265622751212,60.0,60.18132811375606,0.0
2024-07-31 00:21:00,2.0,0.0,0.07635171079183689,60.0,60.17585539591845,0.0
2024-07-31 00:22:00,2.0,0.0,0.07634076692502488,60.0,60.17038346251244,0.0
2024-07-31 00:23:00,2.0,1.92556,0.07632982462685121,60.0,60.1649123134256,1.0
2024-07-31 00:24:00,2.0,11.553360000000001,0.07604288389709103,60.0,60.021441948545515,6.0
2024-07-31 00:25:00,2.0,0.0,0.0743759842959591,60.0,59.18799214797955,0.0
2024-07-31 00:26:00,2.0,0.0,0.07436532361975806,60.0,59.18266180987903,0.0
2024-07-31 00:27:00,2.0,0.0,0.07435466447160426,60.0,59.177332235802126,0.0
2024-07-31 00:28:00,2.0,0.0,0.07434400685127865,60.0,59.172003425639325,0.0
2024-07-31 00:29:00,2.0,0.0,0.07433335075856227,60.0,59.16667537928114,0.0
2024-07-31 00:30:00,2.0,0.0,0.07432269619323616,60.0,59.16134809661808,0.0
2024-07-31 00:31:00,2.0,0.0,0.07431204315508137,60.0,59.156021577540685,0.0
2024-07-31 00:32:00,2.0,0.0,0.07430139164387901,60.0,59.15069582193951,0.0
2024-07-31 00:33:00,2.0,0.0,0.07429074165941023,60.0,59.145370829705115,0.0
2024-07-31 00:34:00,2.0,0.0,0.07428009320145619,60.0,59.14004660072809,0.0
2024-07-31 00:35:00,2.0,0.0,0.07426944626979806,60.0,59.13472313489903,0.0
2024-07-31 00:36:00,2.0,0.0,0.07425880086421711,60.0,59.129400432108554,0.0
2024-07-31 00:37:00,2.0,11.553360000000001,0.07424815698449458,60.0,59.124078492247286,6.0
2024-07-31 00:38:00,2.0,0.0,0.07258151463041175,60.0,58.29075731520587,0.0
2024-07-31 00:39:00,2.0,0.0,0.0730011159422182,60.0,58.500557971109096,0.0
2024-07-31 00:40:00,2.0,0.0,0.07342065711050168,60.0,58.71032855525084,0.0
2024-07-31 00:41:00,2.0,0.0,0.07384013814388288,60.0,58.92006907194144,0.0
2024-07-31 00:42:00,2.0,0.0,0.07425955905098122,60.0,59.12977952549061,0.0
2024-07-31 00:43:00,2.0,0.0,0.07467891984041491,60.0,59.33945992020745,0.0
2024-07-31 00:44:00,2.0,0.0,0.0750982205208009,60.0,59.54911026040045,0.0
2024-07-31 00:45:00,2.0,0.0,0.07551746110075491,60.0,59.75873055037746,0.0
2024-07-31 00:46:00,2.0,0.0,0.07593664158889145,60.0,59.968320794445724,0.0
2024-07-31 00:47:00,2.0,0.0,0.07635576199382377,60.0,60.17788099691188,0.0
2024-07-31 00:48:00,2.0,0.0,0.07677482232416388,60.0,60.38741116208194,0.0
2024-07-31 00:49:00,2.0,0.0,0.07719382258852259,60.0,60.59691129426129,0.0
2024-07-31 00:50:00,2.0,0.0,0.07761276279550941,60.0,60.806381397754706,0.0
2024-07-31 00:51:00,2.0,0.0,0.0780316429537327,60.0,61.01582147686635,0.0
2024-07-31 00:52:00,2.0,0.0,0.07802045829396867,60.0,61.01022914698434,0.0
2024-07-31 00:53:00,2.0,0.0,0.07800927523735701,60.0,61.00463761867851,0.0
2024-07-31 00:54:00,2.0,0.0,0.07799809378366795,60.0,60.99904689183398,0.0
2024-07-31 00:55:00,2.0,0.0,0.07798691393267172,60.0,60.99345696633586,0.0
2024-07-31 00:56:00,2.0,0.0,0.07797573568413861,60.0,60.987867842069306,0.0
2024-07-31 00:57:00,2.0,0.0,0.07796455903783893,60.0,60.98227951891946,0.0
2024-07-31 00:58:00,2.0,0.0,0.07795338399354301,60.0,60.97669199677151,0.0
2024-07-31 00:59:00,2.0,0.0,0.07794221055102125,60.0,60.971105275510624,0.0
2024-07-31 01:00:00,2.0,0.0,0.07793103871004403,60.0,60.96551935502202,0.0
2024-07-31 01:01:00,2.0,0.0,0.07791986847038182,60.0,60.95993423519091,0.0
2024-07-31 01:02:00,2.0,0.0,0.07790869983180508,60.0,60.95434991590254,0.0
2024-07-31 01:03:00,2.0,0.0,0.07789753279408433,60.0,60.948766397042164,0.0
2024-07-31 01:04:00,2.0,0.0,0.07788636735699009,60.0,60.943183678495046,0.0
2024-07-31 01:05:00,2.0,0.0,0.07787520352029295,60.0,60.93760176014648,0.0
2024-07-31 01:06:00,2.0,0.0,0.07786404128376352,60.0,60.93202064188176,0.0
2024-07-31 01:07:00,2.0,0.0,0.07785288064717244,60.0,60.92644032358622,0.0
2024-07-31 01:08:00,2.0,0.0,0.07784172161029038,60.0,60.92086080514519,0.0
2024-07-31 01:09:00,2.0,0.0,0.07783056417288804,60.0,60.91528208644402,0.0
2024-07-31 01:10:00,2.0,0.0,0.07781940833473618,60.0,60.90970416736809,0.0
2024-07-31 01:11:00,2.0,0.0,0.07780825409560554,60.0,60.904127047802774,0.0
2024-07-31 01:12:00,2.0,0.0,0.07779710145526696,60.0,60.89855072763348,0.0
2024-07-31 01:13:00,2.0,0.0,0.07778595041349123,60.0,60.89297520674562,0.0
2024-07-31 01:14:00,2.0,0.0,0.07777480097004927,60.0,60.887400485024635,0.0
2024-07-31 01:15:00,2.0,0.0,0.07776365312471195,60.0,60.881826562355975,0.0
2024-07-31 01:16:00,2.0,0.0,0.07775250687725022,60.0,60.876253438625106,0.0
2024-07-31 01:17:00,2.0,0.0,0.07774136222743504,60.0,60.87068111371752,0.0
2024-07-31 01:18:00,2.0,0.0,0.0777302191750374,60.0,60.8651095875187,0.0
2024-07-31 01:19:00,2.0,0.0,0.07771907771982836,60.0,60.85953885991418,0.0
2024-07-31 01:20:00,2.0,0.0,0.07770793786157898,60.0,60.85396893078949,0.0
2024-07-31 01:21:00,2.0,0.0,0.07769679960006036,60.0,60.84839980003018,0.0
2024-07-31 01:22:00,2.0,0.0,0.07768566293504363,60.0,60.84283146752181,0.0
2024-07-31 01:23:00,2.0,0.0,0.07767452786629996,60.0,60.83726393314998,0.0
2024-07-31 01:24:00,2.0,0.0,0.07766339439360052,60.0,60.83169719680026,0.0
2024-07-31 01:25:00,2.0,0.0,0.07765226251671659,60.0,60.826131258358295,0.0
2024-07-31 01:26:00,2.0,0.0,0.07764113223541941,60.0,60.8205661177097,0.0
2024-07-31 01:27:00,2.0,0.0,0.07763000354948027,60.0,60.81500177474013,0.0
2024-07-31 01:28:00,2.0,0.0,0.07761887645867051,60.0,60.80943822933525,0.0
2024-07-31 01:29:00,2.0,0.0,0.07760775096276147,60.0,60.803875481380736,0.0
2024-07-31 01:30:00,2.0,0.0,0.07759662706152458,60.0,60.798313530762286,0.0
2024-07-31 01:31:00,2.0,0.0,0.07758550475473124,60.0,60.792752377365616,0.0
2024-07-31 01:32:00,2.0,0.0,0.07757438404215292,60.0,60.78719202107646,0.0
2024-07-31 01:33:00,2.0,0.0,0.07756326492356111,60.0,60.78163246178055,0.0
2024-07-31 01:34:00,2.0,0.0,0.07755214739872734,60.0,60.77607369936367,0.0
2024-07-31 01:35:00,2.0,0.0,0.07754103146742318,60.0,60.77051573371159,0.0
2024-07-31 01:36:00,2.0,0.0,0.07752991712942021,60.0,60.764958564710106,0.0
2024-07-31 01:37:00,2.0,0.0,0.07751880438449006,60.0,60.75940219224503,0.0
2024-07-31 01:38:00,2.0,0.0,0.07750769323240436,60.0,60.75384661620218,0.0
2024-07-31 01:39:00,2.0,0.0,0.07749658367293484,60.0,60.748291836467416,0.0
2024-07-31 01:40:00,2.0,0.0,0.0774854757058532,60.0,60.742737852926595,0.0
2024-07-31 01:41:00,2.0,0.0,0.07747436933093119,60.0,60.73718466546559,0.0
2024-07-31 01:42:00,2.0,0.0,0.07746326454794061,60.0,60.731632273970305,0.0
2024-07-31 01:43:00,2.0,0.0,0.07745216135665328,60.0,60.72608067832664,0.0
2024-07-31 01:44:00,2.0,0.0,0.07744105975684104,60.0,60.72052987842052,0.0
2024-07-31 01:45:00,2.0,0.0,0.07742995974827581,60.0,60.7149798741379,0.0
2024-07-31 01:46:00,2.0,0.0,0.07741886133072948,60.0,60.709430665364735,0.0
2024-07-31 01:47:00,2.0,0.0,0.07740776450397399,60.0,60.703882251987,0.0
2024-07-31 01:48:00,2.0,0.0,0.07739666926778135,60.0,60.698334633890674,0.0
2024-07-31 01:49:00,2.0,0.0,0.07738557562192357,60.0,60.69278781096178,0.0
2024-07-31 01:50:00,2.0,1.92556,0.07737448356617269,60.0,60.68724178308634,1.0
2024-07-31 01:51:00,2.0,0.0,0.0770873931003008,60.0,60.5436965501504,0.0
2024-07-31 01:52:00,2.0,0.0,0.07707634378451958,60.0,60.53817189225979,0.0
2024-07-31 01:53:00,2.0,0.0,0.07706529605249123,60.0,60.53264802624561,0.0
2024-07-31 01:54:00,2.0,0.0,0.07705424990398872,60.0,60.52712495199436,0.0
2024-07-31 01:55:00,2.0,0.0,0.07704320533878509,60.0,60.52160266939254,0.0
2024-07-31 01:56:00,2.0,0.0,0.07703216235665339,60.0,60.516081178326694,0.0
2024-07-31 01:57:00,2.0,0.0,0.07702112095736673,60.0,60.51056047868336,0.0
2024-07-31 01:58:00,2.0,0.0,0.07701008114069821,60.0,60.5050405703491,0.0
2024-07-31 01:59:00,2.0,0.0,0.076999042906421,60.0,60.4995214532105,0.0
2024-07-31 02:00:00,2.0,0.0,0.07698800625430828,60.0,60.49400312715414,0.0
2024-07-31 02:01:00,2.0,0.0,0.07697697118413327,60.0,60.48848559206663,0.0
2024-07-31 02:02:00,2.0,0.0,0.07696593769566923,60.0,60.48296884783461,0.0
2024-07-31 02:03:00,2.0,0.0,0.07695490578868944,60.0,60.477452894344715,0.0
2024-07-31 02:04:00,2.0,0.0,0.07694387546296722,60.0,60.47193773148361,0.0
2024-07-31 02:05:00,2.0,0.0,0.07693284671827591,60.0,60.466423359137956,0.0
2024-07-31 02:06:00,2.0,0.0,0.07692181955438893,60.0,60.46090977719446,0.0
2024-07-31 02:07:00,2.0,1.92556,0.07691079397107964,60.0,60.45539698553982,1.0
2024-07-31 02:08:00,2.0,1.92556,0.07662376996812154,60.0,60.31188498406077,1.0
2024-07-31 02:09:00,2.0,0.0,0.07633678710572764,60.0,60.16839355286382,0.0
2024-07-31 02:10:00,2.0,0.0,0.07632584537800106,60.0,60.16292268900053,0.0
2024-07-31 02:11:00,2.0,0.0,0.07631490521860623,60.0,60.157452609303114,0.0
2024-07-31 02:12:00,2.0,0.0,0.07630396662731832,60.0,60.15198331365916,0.0
2024-07-31 02:13:00,2.0,0.0,0.07629302960391258,60.0,60.14651480195629,0.0
2024-07-31 02:14:00,2.0,11.553360000000001,0.0762820941481643,60.0,60.141047074082145,6.0
2024-07-31 02:15:00,2.0,11.553360000000001,0.07461516025984874,60.0,59.30758012992437,6.0
2024-07-31 02:16:00,2.0,0.0,0.07294846530137862,60.0,58.47423265068931,0.0
2024-07-31 02:17:00,2.0,0.0,0.07336801401633782,60.0,58.684007008168905,0.0
2024-07-31 02:18:00,2.0,0.0,0.07378750259531301,60.0,58.89375129765651,0.0
2024-07-31 02:19:00,2.0,0.0,0.07420693104692382,60.0,59.10346552346191,0.0
2024-07-31 02:20:00,2.0,0.0,0.07462629937978857,60.0,59.31314968989428,0.0
2024-07-31 02:21:00,2.0,0.0,0.07504560760252439,60.0,59.52280380126219,0.0
2024-07-31 02:22:00,2.0,0.0,0.07546485572374716,60.0,59.732427861873575,0.0
2024-07-31 02:23:00,2.0,0.0,0.0758840437520715,60.0,59.94202187603575,0.0
2024-07-31 02:24:00,2.0,0.0,0.07630317169611087,60.0,60.15158584805543,0.0
2024-07-31 02:25:00,2.0,0.0,0.0767222395644774,60.0,60.3611197822387,0.0
2024-07-31 02:26:00,2.0,0.0,0.07714124736578207,60.0,60.57062368289103,0.0
2024-07-31 02:27:00,2.0,0.0,0.07756019510863456,60.0,60.78009755431728,0.0
2024-07-31 02:28:00,2.0,0.0,0.07797908280164335,60.0,60.98954140082168,0.0
2024-07-31 02:29:00,2.0,0.0,0.07839791045341571,60.0,61.19895522670785,0.0
2024-07-31 02:30:00,2.0,0.0,0.07838667329472673,60.0,61.19333664736337,0.0
2024-07-31 02:31:00,2.0,0.0,0.07837543774671507,60.0,61.18771887335753,0.0
2024-07-31 02:32:00,2.0,0.0,0.07836420380914984,60.0,61.18210190457492,0.0
2024-07-31 02:33:00,2.0,0.0,0.07835297148180023,60.0,61.17648574090011,0.0
2024-07-31 02:34:00,2.0,0.0,0.07834174076443541,60.0,61.17087038221771,0.0
2024-07-31 02:35:00,2.0,0.0,0.07833051165682466,60.0,61.16525582841233,0.0
2024-07-31 02:36:00,2.0,0.0,0.0783192841587372,60.0,61.1596420793686,0.0
2024-07-31 02:37:00,2.0,0.0,0.07830805826994235,60.0,61.154029134971175,0.0
2024-07-31 02:38:00,2.0,0.0,0.07829683399020944,60.0,61.14841699510472,0.0
2024-07-31 02:39:00,2.0,11.553360000000001,0.07828561131930784,60.0,61.14280565965392,6.0
2024-07-31 02:40:00,2.0,11.553360000000001,0.07661839025700692,60.0,60.30919512850346,6.0
2024-07-31 02:41:00,2.0,0.0,0.07495140816571352,60.0,59.47570408285676,0.0
2024-07-31 02:42:00,2.0,0.0,0.07494066501117472,60.0,59.47033250558736,0.0
2024-07-31 02:43:00,2.0,1.92556,0.07492992339650517,60.0,59.46496169825259,1.0
2024-07-31 02:44:00,2.0,1.92556,0.07464318332148417,60.0,59.32159166074209,1.0
2024-07-31 02:45:00,2.0,0.0,0.07435648434633059,60.0,59.178242173165295,0.0
2024-07-31 02:46:00,2.0,0.0,0.07434582646515338,60.0,59.17291323257669,0.0
2024-07-31 02:47:00,2.0,0.0,0.07433517011162277,60.0,59.16758505581139,0.0
2024-07-31 02:48:00,2.0,0.0,0.07432451528551982,60.0,59.16225764275991,0.0
2024-07-31 02:49:00,2.0,0.0,0.07431386198662558,60.0,59.15693099331279,0.0
2024-07-31 02:50:00,2.0,0.0,0.07430321021472115,60.0,59.151605107360574,0.0
2024-07-31 02:51:00,2.0,0.0,0.07429255996958764,60.0,59.14627998479382,0.0
2024-07-31 02:52:00,2.0,1.92556,0.07428191125100624,60.0,59.14095562550312,1.0
2024-07-31 02:53:00,2.0,0.0,0.07399526405875813,60.0,58.99763202937906,0.0
2024-07-31 02:54:00,2.0,0.0,0.07441466273089495,60.0,59.20733136544747,0.0
2024-07-31 02:55:00,2.0,0.0,0.07483400128855416,60.0,59.41700064427708,0.0
2024-07-31 02:56:00,2.0,0.0,0.07525327974035227,60.0,59.626639870176135,0.0
2024-07-31 02:57:00,2.0,0.0,0.07567249809490455,60.0,59.83624904745227,0.0
2024-07-31 02:58:00,2.0,1.92556,0.076091656360825,60.0,60.0458281804125,1.0
2024-07-31 02:59:00,2.0,1.92556,0.07623475454672647,60.0,60.11737727336323,1.0
2024-07-31 03:00:00,2.0,0.0,0.07637783222166004,60.0,60.18891611083002,0.0
2024-07-31 03:01:00,2.0,0.0,0.07679688938856569,60.0,60.398444694282844,0.0
2024-07-31 03:02:00,2.0,0.0,0.07721588648994335,60.0,60.60794324497167,0.0
2024-07-31 03:03:00,2.0,0.0,0.0776348235344025,60.0,60.81741176720125,0.0
2024-07-31 03:04:00,2.0,0.0,0.07805370053055141,60.0,61.026850265275705,0.0
2024-07-31 03:05:00,2.0,0.0,0.07804251270916623,60.0,61.021256354583116,0.0
2024-07-31 03:06:00,2.0,0.0,0.07803132649138661,60.0,61.015663245693304,0.0
2024-07-31 03:07:00,2.0,0.0,0.07802014187698268,60.0,61.01007093849134,0.0
2024-07-31 03:08:00,2.0,0.0,0.07800895886572462,60.0,61.00447943286231,0.0
2024-07-31 03:09:00,2.0,0.0,0.07799777745738266,60.0,60.998888728691334,0.0
2024-07-31 03:10:00,2.0,1.92556,0.07798659765172705,60.0,60.993298825863526,1.0
2024-07-31 03:11:00,2.0,1.92556,0.07769941944852805,60.0,60.849709724264024,1.0
2024-07-31 03:12:00,2.0,0.0,0.07741228240799554,60.0,60.70614120399777,0.0
2024-07-31 03:13:00,2.0,0.0,0.07740118652422946,60.0,60.70059326211473,0.0
2024-07-31 03:14:00,2.0,0.0,0.07739009223089106,60.0,60.69504611544553,0.0
2024-07-31 03:15:00,2.0,1.92556,0.07737899952775237,60.0,60.689499763876185,1.0
2024-07-31 03:16:00,2.0,0.0,0.07709190841458546,60.0,60.54595420729273,0.0
2024-07-31 03:17:00,2.0,0.0,0.077080858451602,60.0,60.540429225801,0.0
2024-07-31 03:18:00,2.0,0.0,0.07706981007246416,60.0,60.53490503623208,0.0
2024-07-31 03:19:00,2.0,0.0,0.07705876327694494,60.0,60.52938163847247,0.0
2024-07-31 03:20:00,2.0,0.0,0.07704771806481733,60.0,60.523859032408666,0.0
2024-07-31 03:21:00,2.0,0.0,0.07703667443585438,60.0,60.51833721792719,0.0
2024-07-31 03:22:00,2.0,0.0,0.07702563238982917,60.0,60.512816194914585,0.0
2024-07-31 03:23:00,2.0,0.0,0.07701459192651482,60.0,60.507295963257405,0.0
2024-07-31 03:24:00,2.0,0.0,0.07700355304568444,60.0,60.50177652284222,0.0
2024-07-31 03:25:00,2.0,0.0,0.07699251574711125,60.0,60.49625787355562,0.0
2024-07-31 03:26:00,2.0,0.0,0.07698148003056843,60.0,60.49074001528421,0.0
2024-07-31 03:27:00,2.0,0.0,0.07697044589582921,60.0,60.48522294791461,0.0
2024-07-31 03:28:00,2.0,0.0,0.0769594133426669,60.0,60.479706671333446,0.0
2024-07-31 03:29:00,2.0,0.0,0.07694838237085476,60.0,60.47419118542738,0.0
2024-07-31 03:30:00,2.0,0.0,0.07693735298016616,60.0,60.46867649008308,0.0
2024-07-31 03:31:00,2.0,0.0,0.07692632517037444,60.0,60.46316258518722,0.0
2024-07-31 03:32:00,2.0,0.0,0.07691529894125303,60.0,60.457649470626514,0.0
2024-07-31 03:33:00,2.0,0.0,0.07690427429257535,60.0,60.452137146287676,0.0
2024-07-31 03:34:00,2.0,0.0,0.07689325122411488,60.0,60.44662561205744,0.0
2024-07-31 03:35:00,2.0,0.0,0.0768822297356451,60.0,60.44111486782255,0.0
2024-07-31 03:36:00,2.0,0.0,0.07687120982693957,60.0,60.43560491346978,0.0
2024-07-31 03:37:00,2.0,0.0,0.07686019149777182,60.0,60.43009574888591,0.0
2024-07-31 03:38:00,2.0,0.0,0.07684917474791547,60.0,60.424587373957735,0.0
2024-07-31 03:39:00,2.0,0.0,0.07683815957714416,60.0,60.41907978857208,0.0
2024-07-31 03:40:00,2.0,0.0,0.07682714598523152,60.0,60.41357299261576,0.0
2024-07-31 03:41:00,2.0,0.0,0.07681613397195128,60.0,60.40806698597564,0.0
2024-07-31 03:42:00,2.0,0.0,0.07680512353707712,60.0,60.40256176853856,0.0
2024-07-31 03:43:00,2.0,0.0,0.07679411468038284,60.0,60.397057340191424,0.0
2024-07-31 03:44:00,2.0,0.0,0.07678310740164222,60.0,60.39155370082111,0.0
2024-07-31 03:45:00,2.0,0.0,0.07677210170062909,60.0,60.38605085031455,0.0
2024-07-31 03:46:00,2.0,0.0,0.0767610975771173,60.0,60.38054878855865,0.0
2024-07-31 03:47:00,2.0,1.92556,0.07675009503088073,60.0,60.375047515440365,1.0
2024-07-31 03:48:00,2.0,0.0,0.07646309406169331,60.0,60.231547030846656,0.0
2024-07-31 03:49:00,2.0,0.0,0.07645213422976856,60.0,60.22606711488428,0.0
2024-07-31 03:50:00,2.0,0.0,0.07644117596877051,60.0,60.220587984385254,0.0
2024-07-31 03:51:00,2.0,0.0,0.07643021927847399,60.0,60.21510963923699,0.0
2024-07-31 03:52:00,2.0,1.92556,0.07641926415865384,60.0,60.20963207932692,1.0
2024-07-31 03:53:00,2.0,1.92556,0.076132310609085,60.0,60.0661553045425,1.0
2024-07-31 03:54:00,2.0,0.0,0.07584539818998193,60.0,59.92269909499096,0.0
2024-07-31 03:55:00,2.0,0.0,0.0758345268954492,60.0,59.9172634477246,0.0
2024-07-31 03:56:00,2.0,0.0,0.07582365715915268,60.0,59.91182857957634,0.0
2024-07-31 03:57:00,2.0,0.0,0.07581278898086899,60.0,59.906394490434494,0.0
2024-07-31 03:58:00,2.0,0.0,0.07580192236037483,60.0,59.900961180187416,0.0
2024-07-31 03:59:00,2.0,0.0,0.07579105729744692,60.0,59.89552864872346,0.0
2024-07-31 04:00:00,2.0,0.0,0.075780193791862,60.0,59.890096895931,0.0
2024-07-31 04:01:00,2.0,0.0,0.07576933184339686,60.0,59.88466592169843,0.0
2024-07-31 04:02:00,2.0,0.0,0.07575847145182829,60.0,59.87923572591414,0.0
2024-07-31 04:03:00,2.0,0.0,0.07574761261693314,60.0,59.87380630846657,0.0
2024-07-31 04:04:00,2.0,0.0,0.07573675533848828,60.0,59.86837766924414,0.0
2024-07-31 04:05:00,2.0,0.0,0.07572589961627063,60.0,59.86294980813531,0.0
2024-07-31 04:06:00,2.0,0.0,0.07571504545005713,60.0,59.85752272502856,0.0
2024-07-31 04:07:00,2.0,0.0,0.0757041928396247,60.0,59.852096419812355,0.0
2024-07-31 04:08:00,2.0,0.0,0.07569334178475041,60.0,59.84667089237521,0.0
2024-07-31 04:09:00,2.0,1.92556,0.07568249228521128,60.0,59.841246142605634,1.0
2024-07-31 04:10:00,2.0,1.92556,0.07539564434078434,60.0,59.69782217039217,1.0
2024-07-31 04:11:00,2.0,0.0,0.07510883751168629,60.0,59.554418755843145,0.0
2024-07-31 04:12:00,2.0,0.0,0.07509807179202385,60.0,59.54903589601192,0.0
2024-07-31 04:13:00,2.0,0.0,0.07508730761546502,60.0,59.54365380773251,0.0
2024-07-31 04:14:00,2.0,0.0,0.07507654498178866,60.0,59.53827249089433,0.0
2024-07-31 04:15:00,2.0,0.0,0.07506578389077359,60.0,59.532891945386794,0.0
2024-07-31 04:16:00,2.0,0.0,0.07505502434219871,60.0,59.52751217109935,0.0
2024-07-31 04:17:00,2.0,0.0,0.07504426633584292,60.0,59.52213316792146,0.0
2024-07-31 04:18:00,2.0,0.0,0.07503350987148519,60.0,59.51675493574259,0.0
2024-07-31 04:19:00,2.0,0.0,0.07502275494890447,60.0,59.51137747445223,0.0
2024-07-31 04:20:00,2.0,0.0,0.07501200156787978,60.0,59.50600078393989,0.0
2024-07-31 04:21:00,2.0,0.0,0.07500124972819017,60.0,59.50062486409508,0.0
2024-07-31 04:22:00,2.0,0.0,0.0749904994296147,60.0,59.49524971480734,0.0
2024-07-31 04:23:00,2.0,0.0,0.07497975067193247,60.0,59.48987533596623,0.0
2024-07-31 04:24:00,2.0,0.0,0.07496900345492263,60.0,59.484501727461314,0.0
2024-07-31 04:25:00,1.0,0.0,0.07495825777836436,60.0,59.47912888918218,0.0
2024-07-31 04:26:00,1.0,0.0,0.07494751364203682,60.0,59.47375682101841,0.0
2024-07-31 04:27:00,1.0,0.0,0.07493677104571929,60.0,59.46838552285964,0.0
2024-07-31 04:28:00,1.0,0.0,0.074926029989191,60.0,59.4630149945955,0.0
2024-07-31 04:29:00,1.0,0.0,0.07491529047223125,60.0,59.457645236115624,0.0
2024-07-31 04:30:00,1.0,0.0,0.07490455249461937,60.0,59.45227624730968,0.0
2024-07-31 04:31:00,1.0,0.0,0.07489381605613471,60.0,59.446908028067355,0.0
2024-07-31 04:32:00,1.0,0.0,0.07488308115655667,60.0,59.441540578278335,0.0
2024-07-31 04:33:00,1.0,0.0,0.07487234779566466,60.0,59.43617389783233,0.0
2024-07-31 04:34:00,1.0,0.0,0.07486161597323815,60.0,59.43080798661907,0.0
2024-07-31 04:35:00,1.0,0.0,0.0748508856890566,60.0,59.4254428445283,0.0
2024-07-31 04:36:00,1.0,0.0,0.07484015694289954,60.0,59.42007847144977,0.0
2024-07-31 04:37:00,1.0,0.0,0.07482942973454652,60.0,59.41471486727326,0.0
2024-07-31 04:38:00,1.0,0.0,0.07481870406377712,60.0,59.40935203188856,0.0
2024-07-31 04:39:00,1.0,0.0,0.07480797993037093,60.0,59.40398996518547,0.0
2024-07-31 04:40:00,1.0,0.0,0.07479725733410762,60.0,59.39862866705381,0.0
2024-07-31 04:41:00,1.0,0.0,0.07478653627476686,60.0,59.39326813738343,0.0
2024-07-31 04:42:00,1.0,0.0,0.07477581675212834,60.0,59.38790837606417,0.0
2024-07-31 04:43:00,1.0,0.0,0.0747650987659718,60.0,59.3825493829859,0.0
2024-07-31 04:44:00,1.0,0.0,0.07475438231607702,60.0,59.37719115803851,0.0
2024-07-31 04:45:00,1.0,0.0,0.07474366740222378,60.0,59.37183370111189,0.0
2024-07-31 04:46:00,1.0,0.0,0.07473295402419193,60.0,59.36647701209596,0.0
2024-07-31 04:47:00,1.0,0.0,0.07472224218176132,60.0,59.36112109088066,0.0
2024-07-31 04:48:00,1.0,0.0,0.07471153187471186,60.0,59.355765937355926,0.0
2024-07-31 04:49:00,1.0,0.0,0.07470082310282344,60.0,59.350411551411725,0.0
2024-07-31 04:50:00,1.0,0.0,0.07469011586587608,60.0,59.34505793293804,0.0
2024-07-31 04:51:00,1.0,1.92556,0.07467941016364972,60.0,59.33970508182486,1.0
2024-07-31 04:52:00,1.0,0.0,0.0743927059959244,60.0,59.1963529979622,0.0
2024-07-31 04:53:00,1.0,0.0,0.07438204292291974,60.0,59.19102146145987,0.0
2024-07-31 04:54:00,1.0,0.0,0.07437138137830585,60.0,59.18569068915292,0.0
2024-07-31 04:55:00,1.0,0.0,0.07436072136186365,60.0,59.18036068093183,0.0
2024-07-31 04:56:00,1.0,0.0,0.07435006287337415,60.0,59.17503143668707,0.0
2024-07-31 04:57:00,1.0,0.0,0.0743394059126183,60.0,59.169702956309145,0.0
2024-07-31 04:58:00,1.0,0.0,0.0743287504793771,60.0,59.16437523968855,0.0
2024-07-31 04:59:00,1.0,0.0,0.07431809657343166,60.0,59.15904828671583,0.0
2024-07-31 05:00:00,1.0,0.0,0.07430744419456303,60.0,59.153722097281516,0.0
2024-07-31 05:01:00,1.0,0.0,0.07429679334255235,60.0,59.148396671276174,0.0
2024-07-31 05:02:00,1.0,0.0,0.07428614401718074,60.0,59.14307200859037,0.0
2024-07-31 05:03:00,1.0,0.0,0.0742754962182294,60.0,59.1377481091147,0.0
2024-07-31 05:04:00,1.0,1.92556,0.07426484994547954,60.0,59.13242497273977,1.0
2024-07-31 05:05:00,1.0,1.92556,0.07397820519871239,60.0,58.989102599356194,1.0
2024-07-31 05:06:00,1.0,0.0,0.07412160631597965,60.0,59.060803157989824,0.0
2024-07-31 05:07:00,1.0,0.0,0.07454098687885839,60.0,59.270493439429195,0.0
2024-07-31 05:08:00,1.0,0.0,0.07496030732985522,60.0,59.480153664927606,0.0
2024-07-31 05:09:00,1.0,0.0,0.07537956767758625,60.0,59.68978383879312,0.0
2024-07-31 05:10:00,1.0,0.0,0.07579876793066638,60.0,59.899383965333186,0.0
2024-07-31 05:11:00,1.0,0.0,0.07621790809770929,60.0,60.10895404885464,0.0
2024-07-31 05:12:00,1.0,0.0,0.07663698818732739,60.0,60.318494093663695,0.0
2024-07-31 05:13:00,1.0,0.0,0.07705600820813188,60.0,60.52800410406594,0.0
2024-07-31 05:14:00,1.0,0.0,0.07747496816873273,60.0,60.737484084366365,0.0
2024-07-31 05:15:00,1.0,0.0,0.07789386807773864,60.0,60.94693403886932,0.0
2024-07-31 05:16:00,1.0,0.0,0.07831270794375712,60.0,61.15635397187856,0.0
2024-07-31 05:17:00,1.0,0.0,0.07830148299756355,60.0,61.15074149878178,0.0
2024-07-31 05:18:00,1.0,0.0,0.07829025966029683,60.0,61.14512983014841,0.0
2024-07-31 05:19:00,1.0,0.0,0.0782790379317263,60.0,61.139518965863154,0.0
2024-07-31 05:20:00,1.0,0.0,0.07826781781162143,60.0,61.13390890581071,0.0
2024-07-31 05:21:00,1.0,0.0,0.07825659929975162,60.0,61.128299649875814,0.0
2024-07-31 05:22:00,1.0,0.0,0.0782453823958864,60.0,61.1226911979432,0.0
2024-07-31 05:23:00,1.0,0.0,0.07823416709979525,60.0,61.11708354989762,0.0
2024-07-31 05:24:00,1.0,0.0,0.07822295341124773,60.0,61.111476705623865,0.0
2024-07-31 05:25:00,1.0,0.0,0.07821174133001343,60.0,61.10587066500672,0.0
2024-07-31 05:26:00,1.0,0.0,0.07820053085586198,60.0,61.10026542793099,0.0
2024-07-31 05:27:00,1.0,0.0,0.07818932198856302,60.0,61.094660994281504,0.0
2024-07-31 05:28:00,1.0,0.0,0.0781781147278862,60.0,61.0890573639431,0.0
2024-07-31 05:29:00,1.0,0.0,0.07816690907360126,60.0,61.08345453680063,0.0
2024-07-31 05:30:00,1.0,0.0,0.07815570502547796,60.0,61.07785251273898,0.0
2024-07-31 05:31:00,1.0,0.0,0.07814450258328606,60.0,61.07225129164303,0.0
2024-07-31 05:32:00,1.0,0.0,0.07813330174679538,60.0,61.06665087339769,0.0
2024-07-31 05:33:00,1.0,0.0,0.07812210251577578,60.0,61.06105125788789,0.0
2024-07-31 05:34:00,1.0,0.0,0.07811090488999711,60.0,61.05545244499856,0.0
2024-07-31 05:35:00,1.0,0.0,0.07809970886922932,60.0,61.04985443461466,0.0
2024-07-31 05:36:00,1.0,0.0,0.07808851445324233,60.0,61.04425722662116,0.0
2024-07-31 05:37:00,1.0,0.0,0.07807732164180613,60.0,61.03866082090306,0.0
2024-07-31 05:38:00,1.0,0.0,0.07806613043469073,60.0,61.03306521734536,0.0
2024-07-31 05:39:00,1.0,0.0,0.07805494083166616,60.0,61.02747041583308,0.0
2024-07-31 05:40:00,1.0,0.0,0.07804375283250252,60.0,61.02187641625126,0.0
2024-07-31 05:41:00,1.0,0.0,0.07803256643696992,60.0,61.01628321848496,0.0
2024-07-31 05:42:00,1.0,0.0,0.07802138164483849,60.0,61.01069082241924,0.0
2024-07-31 05:43:00,1.0,0.0,0.07801019845587841,60.0,61.005099227939205,0.0
2024-07-31 05:44:00,1.0,0.0,0.07799901686985988,60.0,60.99950843492994,0.0
2024-07-31 05:45:00,1.0,0.0,0.07798783688655317,60.0,60.993918443276584,0.0
2024-07-31 05:46:00,1.0,0.0,0.07797665850572853,60.0,60.98832925286427,0.0
2024-07-31 05:47:00,1.0,0.0,0.07796548172715628,60.0,60.982740863578144,0.0
2024-07-31 05:48:00,1.0,0.0,0.07795430655060677,60.0,60.97715327530339,0.0
2024-07-31 05:49:00,1.0,0.0,0.07794313297585036,60.0,60.97156648792518,0.0
2024-07-31 05:50:00,1.0,0.0,0.07793196100265747,60.0,60.96598050132873,0.0
2024-07-31 05:51:00,1.0,0.0,0.07792079063079851,60.0,60.96039531539925,0.0
2024-07-31 05:52:00,1.0,0.0,0.07790962186004396,60.0,60.954810930021985,0.0
2024-07-31 05:53:00,1.0,0.0,0.07789845469016438,60.0,60.949227345082186,0.0
2024-07-31 05:54:00,1.0,0.0,0.07788728912093024,60.0,60.94364456046512,0.0
2024-07-31 05:55:00,1.0,0.0,0.07787612515211213,60.0,60.93806257605607,0.0
2024-07-31 05:56:00,1.0,0.0,0.07786496278348068,60.0,60.93248139174034,0.0
2024-07-31 05:57:00,1.0,0.0,0.0778538020148065,60.0,60.92690100740325,0.0
2024-07-31 05:58:00,1.0,0.0,0.07784264284586029,60.0,60.92132142293014,0.0
2024-07-31 05:59:00,1.0,0.0,0.07783148527641272,60.0,60.91574263820636,0.0
2024-07-31 06:00:00,1.0,0.0,0.07782032930623455,60.0,60.91016465311727,0.0
2024-07-31 06:01:00,1.0,0.0,0.07780917493509652,60.0,60.90458746754826,0.0
2024-07-31 06:02:00,1.0,0.0,0.07779802216276947,60.0,60.899011081384735,0.0
2024-07-31 06:03:00,1.0,0.0,0.0777868709890242,60.0,60.893435494512104,0.0
2024-07-31 06:04:00,1.0,0.0,0.07777572141363162,60.0,60.88786070681581,0.0
2024-07-31 06:05:00,1.0,0.0,0.07776457343636259,60.0,60.88228671818129,0.0
2024-07-31 06:06:00,1.0,0.0,0.07775342705698805,60.0,60.87671352849402,0.0
2024-07-31 06:07:00,1.0,0.0,0.07774228227527896,60.0,60.87114113763948,0.0
2024-07-31 06:08:00,1.0,0.0,0.07773113909100636,60.0,60.86556954550318,0.0
2024-07-31 06:09:00,1.0,0.0,0.07771999750394123,60.0,60.859998751970615,0.0
2024-07-31 06:10:00,1.0,0.0,0.07770885751385467,60.0,60.854428756927334,0.0
2024-07-31 06:11:00,1.0,0.0,0.07769771912051776,60.0,60.84885956025888,0.0
2024-07-31 06:12:00,1.0,0.0,0.07768658232370163,60.0,60.843291161850814,0.0
2024-07-31 06:13:00,1.0,0.0,0.07767544712317745,60.0,60.837723561588724,0.0
2024-07-31 06:14:00,1.0,0.0,0.07766431351871642,60.0,60.832156759358206,0.0
2024-07-31 06:15:00,1.0,0.0,0.07765318151008974,60.0,60.82659075504487,0.0
2024-07-31 06:16:00,1.0,0.0,0.0776420510970687,60.0,60.82102554853435,0.0
2024-07-31 06:17:00,1.0,0.0,0.0776309222794246,60.0,60.8154611397123,0.0
2024-07-31 06:18:00,1.0,1.92556,0.07761979505692874,60.0,60.80989752846437,1.0
2024-07-31 06:19:00,1.0,0.0,0.07733266942935249,60.0,60.666334714676246,0.0
2024-07-31 06:20:00,1.0,0.0,0.07732158495690682,60.0,60.66079247845341,0.0
2024-07-31 06:21:00,1.0,0.0,0.07731050207325317,60.0,60.65525103662659,0.0
2024-07-31 06:22:00,1.0,0.0,0.07729942077816383,60.0,60.64971038908192,0.0
2024-07-31 06:23:00,1.0,0.0,0.07728834107141111,60.0,60.644170535705555,0.0
2024-07-31 06:24:00,1.0,0.0,0.07727726295276734,60.0,60.638631476383665,0.0
2024-07-31 06:25:00,1.0,0.0,0.07726618642200486,60.0,60.63309321100243,0.0
2024-07-31 06:26:00,1.0,0.0,0.07725511147889613,60.0,60.62755573944806,0.0
2024-07-31 06:27:00,1.0,0.0,0.07724403812321352,60.0,60.622019061606764,0.0
2024-07-31 06:28:00,1.0,0.0,0.07723296635472955,60.0,60.61648317736478,0.0
2024-07-31 06:29:00,1.0,0.0,0.07722189617321669,60.0,60.610948086608346,0.0
2024-07-31 06:30:00,1.0,0.0,0.07721082757844748,60.0,60.60541378922374,0.0
2024-07-31 06:31:00,1.0,0.0,0.07719976057019447,60.0,60.599880285097235,0.0
2024-07-31 06:32:00,1.0,0.0,0.07718869514823028,60.0,60.59434757411514,0.0
2024-07-31 06:33:00,1.0,0.0,0.07717763131232752,60.0,60.58881565616376,0.0
2024-07-31 06:34:00,1.0,0.0,0.07716656906225886,60.0,60.58328453112943,0.0
2024-07-31 06:35:00,1.0,0.0,0.077155508397797,60.0,60.577754198898496,0.0
2024-07-31 06:36:00,1.0,0.0,0.07714444931871466,60.0,60.572224659357325,0.0
2024-07-31 06:37:00,1.0,0.0,0.0771333918247846,60.0,60.5666959123923,0.0
2024-07-31 06:38:00,1.0,0.0,0.07712233591577962,60.0,60.56116795788981,0.0
2024-07-31 06:39:00,1.0,0.0,0.07711128159147254,60.0,60.55564079573627,0.0
2024-07-31 06:40:00,1.0,0.0,0.0771002288516362,60.0,60.5501144258181,0.0
2024-07-31 06:41:00,1.0,0.0,0.07708917769604352,60.0,60.54458884802176,0.0
2024-07-31 06:42:00,1.0,0.0,0.0770781281244674,60.0,60.5390640622337,0.0
2024-07-31 06:43:00,1.0,0.0,0.0770670801366808,60.0,60.5335400683404,0.0
2024-07-31 06:44:00,1.0,0.0,0.07705603373245672,60.0,60.528016866228356,0.0
2024-07-31 06:45:00,1.0,0.0,0.07704498891156815,60.0,60.52249445578408,0.0
2024-07-31 06:46:00,1.0,0.0,0.07703394567378818,60.0,60.51697283689409,0.0
2024-07-31 06:47:00,1.0,0.0,0.07702290401888989,60.0,60.511452009444945,0.0
2024-07-31 06:48:00,1.0,0.0,0.07701186394664637,60.0,60.505931973323186,0.0
2024-07-31 06:49:00,1.0,1.92556,0.0770008254568308,60.0,60.5004127284154,1.0
2024-07-31 06:50:00,1.0,1.92556,0.07671378854921634,60.0,60.35689427460817,1.0
2024-07-31 06:51:00,1.0,0.0,0.07642679278401579,60.0,60.213396392007894,0.0
2024-07-31 06:52:00,1.0,0.0,0.07641583815533198,60.0,60.20791907766599,0.0
2024-07-31 06:53:00,1.0,0.0,0.07640488509682906,60.0,60.20244254841453,0.0
2024-07-31 06:54:00,1.0,0.0,0.07639393360828199,60.0,60.19696680414099,0.0
2024-07-31 06:55:00,1.0,0.0,0.07638298368946571,60.0,60.19149184473285,0.0
2024-07-31 06:56:00,1.0,0.0,0.07637203534015523,60.0,60.18601767007761,0.0
2024-07-31 06:57:00,1.0,0.0,0.07636108856012558,60.0,60.18054428006279,0.0
2024-07-31 06:58:00,1.0,0.0,0.07635014334915184,60.0,60.17507167457592,0.0
2024-07-31 06:59:00,1.0,0.0,0.0763391997070091,60.0,60.16959985350455,0.0
2024-07-31 07:00:00,1.0,0.0,0.07632825763347251,60.0,60.16412881673625,0.0
2024-07-31 07:01:00,1.0,0.0,0.0763173171283172,60.0,60.1586585641586,0.0
2024-07-31 07:02:00,1.0,0.0,0.0763063781913184,60.0,60.1531890956592,0.0
2024-07-31 07:03:00,1.0,0.0,0.07629544082225133,60.0,60.14772041112566,0.0
2024-07-31 07:04:00,1.0,0.0,0.07628450502089124,60.0,60.142252510445616,0.0
2024-07-31 07:05:00,1.0,0.0,0.07627357078701341,60.0,60.136785393506706,0.0
2024-07-31 07:06:00,1.0,0.0,0.0762626381203932,60.0,60.1313190601966,0.0
2024-07-31 07:07:00,1.0,0.0,0.07625170702080596,60.0,60.125853510402976,0.0
2024-07-31 07:08:00,1.0,0.0,0.07624077748802705,60.0,60.120388744013525,0.0
2024-07-31 07:09:00,1.0,1.92556,0.07622984952183193,60.0,60.11492476091596,1.0
2024-07-31 07:10:00,1.0,0.0,0.07594292312199602,60.0,59.97146156099801,0.0
2024-07-31 07:11:00,1.0,0.0,0.07593203784873438,60.0,59.96601892436719,0.0
2024-07-31 07:12:00,1.0,0.0,0.07592115413571258,60.0,59.96057706785629,0.0
2024-07-31 07:13:00,1.0,0.0,0.07591027198270699,60.0,59.955135991353494,0.0
2024-07-31 07:14:00,1.0,0.0,0.07589939138949399,60.0,59.94969569474699,0.0
2024-07-31 07:15:00,1.0,0.0,0.07588851235585001,60.0,59.944256177925006,0.0
2024-07-31 07:16:00,1.0,0.0,0.07587763488155151,60.0,59.93881744077576,0.0
2024-07-31 07:17:00,1.0,0.0,0.07586675896637499,60.0,59.933379483187494,0.0
2024-07-31 07:18:00,1.0,0.0,0.07585588461009697,60.0,59.92794230504848,0.0
2024-07-31 07:19:00,1.0,0.0,0.07584501181249399,60.0,59.922505906247,0.0
2024-07-31 07:20:00,1.0,0.0,0.07583414057334266,60.0,59.917070286671326,0.0
2024-07-31 07:21:00,1.0,0.0,0.07582327089241957,60.0,59.911635446209786,0.0
2024-07-31 07:22:00,1.0,0.0,0.07581240276950141,60.0,59.9062013847507,0.0
2024-07-31 07:23:00,1.0,0.0,0.07580153620436482,60.0,59.90076810218241,0.0
2024-07-31 07:24:00,1.0,0.0,0.07579067119678656,60.0,59.89533559839328,0.0
2024-07-31 07:25:00,1.0,0.0,0.07577980774654336,60.0,59.88990387327168,0.0
2024-07-31 07:26:00,1.0,0.0,0.07576894585341198,60.0,59.88447292670599,0.0
2024-07-31 07:27:00,1.0,0.0,0.07575808551716925,60.0,59.879042758584625,0.0
2024-07-31 07:28:00,1.0,0.0,0.07574722673759202,60.0,59.87361336879601,0.0
2024-07-31 07:29:00,1.0,0.0,0.07573636951445716,60.0,59.868184757228576,0.0
2024-07-31 07:30:00,1.0,0.0,0.07572551384754156,60.0,59.86275692377078,0.0
2024-07-31 07:31:00,1.0,11.553360000000001,0.07571465973662218,60.0,59.85732986831109,6.0
2024-07-31 07:32:00,1.0,0.0,0.074047807181476,60.0,59.023903590737994,0.0
2024-07-31 07:33:00,1.0,0.0,0.07403719354451735,60.0,59.018596772258675,0.0
2024-07-31 07:34:00,1.0,0.0,0.07402658142886358,60.0,59.01329071443179,0.0
2024-07-31 07:35:00,1.0,0.0,0.07401597083429662,60.0,59.007985417148305,0.0
2024-07-31 07:36:00,1.0,0.0,0.07400536176059844,60.0,59.002680880299216,0.0
2024-07-31 07:37:00,1.0,0.0,0.07399475420755104,60.0,58.99737710377552,0.0
2024-07-31 07:38:00,1.0,0.0,0.07441415295276735,60.0,59.207076476383676,0.0
2024-07-31 07:39:00,1.0,0.0,0.07483349158349557,60.0,59.416745791747786,0.0
2024-07-31 07:40:00,1.0,0.0,0.07525277010835221,60.0,59.626385054176104,0.0
2024-07-31 07:41:00,1.0,0.0,0.07567198853595254,60.0,59.83599426797627,0.0
2024-07-31 07:42:00,1.0,0.0,0.07609114687491059,60.0,60.045573437455296,0.0
2024-07-31 07:43:00,1.0,1.92556,0.07651024513383918,60.0,60.25512256691959,1.0
2024-07-31 07:44:00,1.0,1.92556,0.07665328332134987,60.0,60.32664166067493,1.0
2024-07-31 07:45:00,1.0,0.0,0.07679630100649253,60.0,60.398150503246264,0.0
2024-07-31 07:46:00,1.0,0.0,0.07721529819220588,60.0,60.60764909610294,0.0
2024-07-31 07:47:00,1.0,0.0,0.07763423532098865,60.0,60.817117660494326,0.0
2024-07-31 07:48:00,1.0,0.0,0.0780531124014491,60.0,61.02655620072455,0.0
2024-07-31 07:49:00,1.0,0.0,0.07804192466436337,60.0,61.02096233218168,0.0
2024-07-31 07:50:00,1.0,0.0,0.07803073853087111,60.0,61.01536926543555,0.0
2024-07-31 07:51:00,1.0,0.0,0.07801955400074247,60.0,61.00977700037123,0.0
2024-07-31 07:52:00,1.0,0.0,0.07800837107374761,60.0,61.004185536873806,0.0
2024-07-31 07:53:00,1.0,0.0,0.07799718974965678,60.0,60.998594874828385,0.0
2024-07-31 07:54:00,1.0,0.0,0.07798601002824018,60.0,60.993005014120094,0.0
2024-07-31 07:55:00,1.0,0.0,0.07797483190926816,60.0,60.98741595463407,0.0
2024-07-31 07:56:00,1.0,0.0,0.07796365539251097,60.0,60.981827696255486,0.0
2024-07-31 07:57:00,1.0,0.0,0.07795248047773899,60.0,60.976240238869494,0.0
2024-07-31 07:58:00,1.0,0.0,0.07794130716472258,60.0,60.970653582361294,0.0
2024-07-31 07:59:00,1.0,0.0,0.07793013545323219,60.0,60.96506772661609,0.0
2024-07-31 08:00:00,1.0,0.0,0.07791896534303823,60.0,60.95948267151911,0.0
2024-07-31 08:01:00,1.0,0.0,0.07790779683391118,60.0,60.95389841695559,0.0
2024-07-31 08:02:00,1.0,0.0,0.07789662992562156,60.0,60.94831496281078,0.0
2024-07-31 08:03:00,1.0,1.92556,0.07788546461793991,60.0,60.94273230896995,1.0
2024-07-31 08:04:00,1.0,0.0,0.07759830091063681,60.0,60.799150455318404,0.0
2024-07-31 08:05:00,1.0,0.0,0.07758717836392244,60.0,60.79358918196122,0.0
2024-07-31 08:06:00,1.0,0.0,0.07757605741145747,60.0,60.788028705728735,0.0
2024-07-31 08:07:00,1.0,0.0,0.07756493805301341,60.0,60.7824690265067,0.0
2024-07-31 08:08:00,1.0,0.0,0.07755382028836176,60.0,60.77691014418088,0.0
2024-07-31 08:09:00,1.0,0.0,0.07754270411727408,60.0,60.77135205863704,0.0
2024-07-31 08:10:00,1.0,0.0,0.07753158953952197,60.0,60.76579476976098,0.0
2024-07-31 08:11:00,1.0,0.0,0.07752047655487702,60.0,60.76023827743851,0.0
2024-07-31 08:12:00,1.0,0.0,0.07750936516311091,60.0,60.75468258155546,0.0
2024-07-31 08:13:00,1.0,0.0,0.07749825536399532,60.0,60.74912768199766,0.0
2024-07-31 08:14:00,1.0,0.0,0.07748714715730197,60.0,60.74357357865098,0.0
2024-07-31 08:15:00,1.0,0.0,0.07747604054280259,60.0,60.7380202714013,0.0
2024-07-31 08:16:00,1.0,0.0,0.07746493552026898,60.0,60.73246776013449,0.0
2024-07-31 08:17:00,1.0,0.0,0.07745383208947296,60.0,60.72691604473648,0.0
2024-07-31 08:18:00,1.0,0.0,0.07744273025018636,60.0,60.72136512509318,0.0
2024-07-31 08:19:00,1.0,0.0,0.07743163000218108,60.0,60.71581500109054,0.0
2024-07-31 08:20:00,1.0,0.0,0.07742053134522903,60.0,60.71026567261451,0.0
2024-07-31 08:21:00,1.0,0.0,0.07740943427910214,60.0,60.70471713955107,0.0
2024-07-31 08:22:00,1.0,11.553360000000001,0.07739833880357241,60.0,60.69916940178621,6.0
2024-07-31 08:23:00,1.0,11.553360000000001,0.07573124491841185,60.0,59.86562245920592,6.0
2024-07-31 08:24:00,1.0,0.0,0.07406438998602985,60.0,59.032194993014926,0.0
2024-07-31 08:25:00,1.0,0.0,0.07405377397217615,60.0,59.02688698608807,0.0
2024-07-31 08:26:00,1.0,0.0,0.074043159479968,60.0,59.021579739984,0.0
2024-07-31 08:27:00,1.0,0.0,0.0740325465091873,60.0,59.01627325459365,0.0
2024-07-31 08:28:00,1.0,0.0,0.07402193505961599,60.0,59.01096752980799,0.0
2024-07-31 08:29:00,1.0,0.0,0.07401132513103602,60.0,59.00566256551801,0.0
2024-07-31 08:30:00,1.0,0.0,0.07400071672322937,60.0,59.00035836161469,0.0
2024-07-31 08:31:00,1.0,0.0,0.07399010983597808,60.0,58.99505491798904,0.0
2024-07-31 08:32:00,1.0,0.0,0.07440950924689504,60.0,59.20475462344752,0.0
2024-07-31 08:33:00,1.0,0.0,0.07482884854322851,60.0,59.41442427161425,0.0
2024-07-31 08:34:00,1.0,0.0,0.07524812773359499,60.0,59.62406386679749,0.0
2024-07-31 08:35:00,1.0,0.0,0.07566734682660976,60.0,59.83367341330488,0.0
2024-07-31 08:36:00,1.0,0.0,0.07608650583088689,60.0,60.04325291544344,0.0
2024-07-31 08:37:00,1.0,0.0,0.07650560475503916,60.0,60.25280237751958,0.0
2024-07-31 08:38:00,1.0,0.0,0.0769246436076782,60.0,60.462321803839096,0.0
2024-07-31 08:39:00,1.0,0.0,0.07734362239741431,60.0,60.671811198707154,0.0
2024-07-31 08:40:00,1.0,0.0,0.07776254113285663,60.0,60.88127056642831,0.0
2024-07-31 08:41:00,1.0,0.0,0.07818139982261303,60.0,61.090699911306515,0.0
2024-07-31 08:42:00,1.0,0.0,0.07817019369745928,60.0,61.08509684872964,0.0
2024-07-31 08:43:00,1.0,0.0,0.07815898917853466,60.0,61.07949458926733,0.0
2024-07-31 08:44:00,1.0,0.0,0.07814778626560892,60.0,61.07389313280446,0.0
2024-07-31 08:45:00,1.0,0.0,0.07813658495845188,60.0,61.06829247922594,0.0
2024-07-31 08:46:00,1.0,0.0,0.07812538525683337,60.0,61.062692628416684,0.0
2024-07-31 08:47:00,1.0,0.0,0.07811418716052326,60.0,61.05709358026163,0.0
2024-07-31 08:48:00,1.0,0.0,0.07810299066929145,60.0,61.05149533464573,0.0
2024-07-31 08:49:00,1.0,0.0,0.0780917957829079,60.0,61.04589789145395,0.0
2024-07-31 08:50:00,1.0,0.0,0.07808060250114256,60.0,61.040301250571275,0.0
2024-07-31 08:51:00,1.0,0.0,0.07806941082376541,60.0,61.034705411882705,0.0
2024-07-31 08:52:00,1.0,0.0,0.07805822075054653,60.0,61.02911037527326,0.0
2024-07-31 08:53:00,1.0,0.0,0.07804703228125595,60.0,61.023516140627976,0.0
2024-07-31 08:54:00,1.0,0.0,0.0780358454156638,60.0,61.0179227078319,0.0
2024-07-31 08:55:00,1.0,0.0,0.0780246601535402,60.0,61.0123300767701,0.0
2024-07-31 08:56:00,1.0,0.0,0.07801347649465531,60.0,61.006738247327654,0.0
2024-07-31 08:57:00,1.0,1.92556,0.07800229443877935,60.0,61.00114721938967,1.0
2024-07-31 08:58:00,1.0,0.0,0.07771511398568254,60.0,60.85755699284127,0.0
2024-07-31 08:59:00,1.0,0.0,0.0777039746955747,60.0,60.85198734778735,0.0
2024-07-31 09:00:00,1.0,0.0,0.07769283700211618,60.0,60.84641850105809,0.0
2024-07-31 09:01:00,1.0,0.0,0.07768170090507813,60.0,60.840850452539065,0.0
2024-07-31 09:02:00,1.0,0.0,0.07767056640423173,60.0,60.83528320211586,0.0
2024-07-31 09:03:00,1.0,1.92556,0.07765943349934817,60.0,60.829716749674084,1.0
2024-07-31 09:04:00,1.0,1.92556,0.07737230219019871,60.0,60.686151095099355,1.0
2024-07-31 09:05:00,1.0,0.0,0.0770852120369942,60.0,60.542606018497096,0.0
2024-07-31 09:06:00,1.0,0.0,0.07707416303383552,60.0,60.53708151691776,0.0
2024-07-31 09:07:00,1.0,0.0,0.0770631156143849,60.0,60.53155780719245,0.0
2024-07-31 09:08:00,1.0,0.0,0.07705206977841533,60.0,60.526034889207665,0.0
2024-07-31 09:09:00,1.0,0.0,0.07704102552569984,60.0,60.52051276284992,0.0
2024-07-31 09:10:00,1.0,0.0,0.07702998285601148,60.0,60.51499142800574,0.0
2024-07-31 09:11:00,1.0,0.0,0.07701894176912338,60.0,60.50947088456169,0.0
2024-07-31 09:12:00,1.0,0.0,0.07700790226480865,60.0,60.503951132404325,0.0
2024-07-31 09:13:00,1.0,0.0,0.07699686434284045,60.0,60.49843217142023,0.0
2024-07-31 09:14:00,1.0,0.0,0.07698582800299199,60.0,60.49291400149599,0.0
2024-07-31 09:15:00,1.0,1.92556,0.07697479324503646,60.0,60.48739662251823,1.0
2024-07-31 09:16:00,1.0,1.92556,0.07668776006874717,60.0,60.34388003437358,1.0
2024-07-31 09:17:00,1.0,0.0,0.07640076803433693,60.0,60.20038401716847,0.0
2024-07-31 09:18:00,1.0,0.0,0.0763898171359087,60.0,60.19490856795435,0.0
2024-07-31 09:19:00,1.0,0.0,0.07637886780712669,60.0,60.18943390356334,0.0
2024-07-31 09:20:00,1.0,0.0,0.0763679200477659,60.0,60.183960023882946,0.0
2024-07-31 09:21:00,1.0,0.0,0.07635697385760137,60.0,60.17848692880069,0.0
2024-07-31 09:22:00,1.0,0.0,0.07634602923640821,60.0,60.17301461820411,0.0
2024-07-31 09:23:00,1.0,0.0,0.07633508618396152,60.0,60.16754309198076,0.0
2024-07-31 09:24:00,1.0,1.92556,0.07632414470003644,60.0,60.16207235001822,1.0
2024-07-31 09:25:00,1.0,0.0,0.07603720478440815,60.0,60.01860239220407,0.0
2024-07-31 09:26:00,1.0,0.0,0.07602630599729142,60.0,60.01315299864571,0.0
2024-07-31 09:27:00,1.0,1.92556,0.07601540877235152,60.0,60.00770438617576,1.0
2024-07-31 09:28:00,1.0,1.92556,0.07572851310936456,60.0,59.86425655468228,1.0
2024-07-31 09:29:00,1.0,0.0,0.0754416585685462,60.0,59.7208292842731,0.0
2024-07-31 09:30:00,1.0,0.0,0.07543084514400222,60.0,59.71542257200111,0.0
2024-07-31 09:31:00,1.0,0.0,0.07542003326939964,60.0,59.71001663469982,0.0
2024-07-31 09:32:00,1.0,1.92556,0.0754092229445163,60.0,59.70461147225815,1.0
2024-07-31 09:33:00,1.0,0.0,0.07512241416913008,60.0,59.56120708456504,0.0
2024-07-31 09:34:00,1.0,0.0,0.07511164650345845,60.0,59.55582325172922,0.0
2024-07-31 09:35:00,1.0,0.0,0.07510088038116938,60.0,59.55044019058469,0.0
2024-07-31 09:36:00,1.0,0.0,0.07509011580204164,60.0,59.54505790102082,0.0
2024-07-31 09:37:00,1.0,0.0,0.07507935276585405,60.0,59.53967638292703,0.0
2024-07-31 09:38:00,1.0,0.0,0.07506859127238547,60.0,59.53429563619273,0.0
2024-07-31 09:39:00,1.0,0.0,0.07505783132141473,60.0,59.52891566070737,0.0
2024-07-31 09:40:00,1.0,0.0,0.0750470729127208,60.0,59.5235364563604,0.0
2024-07-31 09:41:00,1.0,0.0,0.07503631604608256,60.0,59.51815802304128,0.0
2024-07-31 09:42:00,1.0,0.0,0.07502556072127901,60.0,59.5127803606395,0.0
2024-07-31 09:43:00,1.0,0.0,0.07501480693808914,60.0,59.50740346904457,0.0
2024-07-31 09:44:00,1.0,0.0,0.07500405469629198,60.0,59.502027348145994,0.0
2024-07-31 09:45:00,1.0,0.0,0.07499330399566663,60.0,59.49665199783331,0.0
2024-07-31 09:46:00,1.0,0.0,0.07498255483599213,60.0,59.491277417996066,0.0
2024-07-31 09:47:00,1.0,0.0,0.07497180721704766,60.0,59.48590360852383,0.0
2024-07-31 09:48:00,1.0,0.0,0.07496106113861234,60.0,59.48053056930617,0.0
2024-07-31 09:49:00,1.0,0.0,0.07495031660046539,60.0,59.47515830023269,0.0
2024-07-31 09:50:00,1.0,0.0,0.07493957360238601,60.0,59.469786801193,0.0
2024-07-31 09:51:00,1.0,0.0,0.07492883214415347,60.0,59.46441607207673,0.0
2024-07-31 09:52:00,1.0,0.0,0.07491809222554704,60.0,59.45904611277352,0.0
2024-07-31 09:53:00,1.0,0.0,0.07490735384634606,60.0,59.45367692317303,0.0
2024-07-31 09:54:00,1.0,0.0,0.07489661700632987,60.0,59.44830850316493,0.0
2024-07-31 09:55:00,1.0,0.0,0.07488588170527782,60.0,59.44294085263891,0.0
2024-07-31 09:56:00,1.0,0.0,0.07487514794296937,60.0,59.43757397148469,0.0
2024-07-31 09:57:00,1.0,0.0,0.07486441571918395,60.0,59.432207859591976,0.0
2024-07-31 09:58:00,1.0,0.0,0.07485368503370103,60.0,59.42684251685051,0.0
2024-07-31 09:59:00,1.0,0.0,0.07484295588630012,60.0,59.42147794315006,0.0
2024-07-31 10:00:00,1.0,0.0,0.07483222827676075,60.0,59.41611413838038,0.0
2024-07-31 10:01:00,1.0,0.0,0.07482150220486251,60.0,59.410751102431256,0.0
2024-07-31 10:02:00,1.0,0.0,0.07481077767038499,60.0,59.4053888351925,0.0
2024-07-31 10:03:00,1.0,0.0,0.07480005467310782,60.0,59.40002733655391,0.0
2024-07-31 10:04:00,1.0,0.0,0.07478933321281067,60.0,59.39466660640534,0.0
2024-07-31 10:05:00,1.0,0.0,0.07477861328927324,60.0,59.38930664463662,0.0
2024-07-31 10:06:00,1.0,0.0,0.07476789490227526,60.0,59.38394745113763,0.0
2024-07-31 10:07:00,1.0,0.0,0.07475717805159648,60.0,59.37858902579824,0.0
2024-07-31 10:08:00,1.0,1.92556,0.0747464627370167,60.0,59.37323136850835,1.0
2024-07-31 10:09:00,1.0,0.0,0.07445974895831574,60.0,59.22987447915787,0.0
2024-07-31 10:10:00,1.0,0.0,0.07444907627571302,60.0,59.22453813785651,0.0
2024-07-31 10:11:00,1.0,0.0,0.07443840512287848,60.0,59.21920256143924,0.0
2024-07-31 10:12:00,1.0,0.0,0.07442773549959283,60.0,59.213867749796414,0.0
2024-07-31 10:13:00,1.0,0.0,0.07441706740563685,60.0,59.20853370281842,0.0
2024-07-31 10:14:00,1.0,0.0,0.07440640084079132,60.0,59.20320042039566,0.0
2024-07-31 10:15:00,1.0,0.0,0.07439573580483708,60.0,59.19786790241854,0.0
2024-07-31 10:16:00,1.0,0.0,0.07438507229755498,60.0,59.192536148777485,0.0
2024-07-31 10:17:00,1.0,0.0,0.0743744103187259,60.0,59.18720515936295,0.0
2024-07-31 10:18:00,1.0,0.0,0.07436374986813075,60.0,59.18187493406538,0.0
2024-07-31 10:19:00,1.0,0.0,0.07435309094555052,60.0,59.17654547277526,0.0
2024-07-31 10:20:00,1.0,0.0,0.07434243355076615,60.0,59.17121677538308,0.0
2024-07-31 10:21:00,1.0,0.0,0.0743317776835587,60.0,59.16588884177935,0.0
2024-07-31 10:22:00,1.0,0.0,0.07432112334370916,60.0,59.16056167185458,0.0
2024-07-31 10:23:00,1.0,0.0,0.07431047053099865,60.0,59.15523526549932,0.0
2024-07-31 10:24:00,1.0,0.0,0.07429981924520825,60.0,59.14990962260412,0.0
2024-07-31 10:25:00,1.0,0.0,0.0742891694861191,60.0,59.14458474305955,0.0
2024-07-31 10:26:00,1.0,0.0,0.07427852125351239,60.0,59.1392606267562,0.0
2024-07-31 10:27:00,1.0,0.0,0.07426787454716934,60.0,59.133937273584664,0.0
2024-07-31 10:28:00,1.0,0.0,0.07425722936687111,60.0,59.12861468343556,0.0
2024-07-31 10:29:00,1.0,0.0,0.07424658571239905,60.0,59.12329285619952,0.0
2024-07-31 10:30:00,1.0,0.0,0.07423594358353439,60.0,59.11797179176719,0.0
2024-07-31 10:31:00,1.0,0.0,0.07422530298005847,60.0,59.112651490029236,0.0
2024-07-31 10:32:00,1.0,0.0,0.07421466390175269,60.0,59.10733195087634,0.0
2024-07-31 10:33:00,1.0,0.0,0.0742040263483984,60.0,59.1020131741992,0.0
2024-07-31 10:34:00,1.0,0.0,0.07419339031977704,60.0,59.09669515988852,0.0
2024-07-31 10:35:00,1.0,0.0,0.07418275581567005,60.0,59.091377907835025,0.0
2024-07-31 10:36:00,1.0,0.0,0.07417212283585892,60.0,59.08606141792946,0.0
2024-07-31 10:37:00,1.0,0.0,0.07416149138012516,60.0,59.08074569006258,0.0
2024-07-31 10:38:00,1.0,0.0,0.07415086144825031,60.0,59.075430724125155,0.0
2024-07-31 10:39:00,1.0,0.0,0.07414023304001598,60.0,59.070116520007986,0.0
2024-07-31 10:40:00,1.0,0.0,0.07412960615520374,60.0,59.064803077601866,0.0
2024-07-31 10:41:00,1.0,0.0,0.07411898079359525,60.0,59.05949039679762,0.0
2024-07-31 10:42:00,1.0,0.0,0.07410835695497218,60.0,59.05417847748609,0.0
2024-07-31 10:43:00,1.0,0.0,0.07409773463911624,60.0,59.04886731955812,0.0
2024-07-31 10:44:00,1.0,0.0,0.07408711384580915,60.0,59.04355692290458,0.0
2024-07-31 10:45:00,1.0,0.0,0.0740764945748327,60.0,59.03824728741635,0.0
2024-07-31 10:46:00,1.0,0.0,0.07406587682596864,60.0,59.03293841298432,0.0
2024-07-31 10:47:00,1.0,0.0,0.07405526059899885,60.0,59.02763029949942,0.0
2024-07-31 10:48:00,1.0,0.0,0.07404464589370516,60.0,59.022322946852576,0.0
2024-07-31 10:49:00,1.0,0.0,0.07403403270986945,60.0,59.017016354934725,0.0
2024-07-31 10:50:00,1.0,0.0,0.07402342104727368,60.0,59.011710523636836,0.0
2024-07-31 10:51:00,1.0,0.0,0.07401281090569976,60.0,59.00640545284988,0.0
2024-07-31 10:52:00,1.0,0.0,0.07400220228492972,60.0,59.00110114246486,0.0
2024-07-31 10:53:00,1.0,0.0,0.07399159518474555,60.0,58.995797592372774,0.0
2024-07-31 10:54:00,1.0,0.0,0.07441099438276015,60.0,59.205497191380076,0.0
2024-07-31 10:55:00,1.0,0.0,0.07483033346622177,60.0,59.41516673311089,0.0
2024-07-31 10:56:00,1.0,0.0,0.07524961244374692,60.0,59.62480622187346,0.0
2024-07-31 10:57:00,1.0,0.0,0.07566883132395089,60.0,59.83441566197544,0.0
2024-07-31 10:58:00,1.0,0.0,0.0760879901154477,60.0,60.04399505772385,0.0
2024-07-31 10:59:00,1.0,0.0,0.07650708882685017,60.0,60.25354441342508,0.0
2024-07-31 11:00:00,1.0,0.0,0.07692612746676987,60.0,60.463063733384935,0.0
2024-07-31 11:01:00,1.0,0.0,0.07734510604381716,60.0,60.67255302190858,0.0
2024-07-31 11:02:00,1.0,0.0,0.07776402456660113,60.0,60.88201228330056,0.0
2024-07-31 11:03:00,1.0,0.0,0.07818288304372967,60.0,61.09144152186483,0.0
2024-07-31 11:04:00,1.0,0.0,0.07817167670597854,60.0,61.08583835298926,0.0
2024-07-31 11:05:00,1.0,0.0,0.07816047197448699,60.0,61.08023598724349,0.0
2024-07-31 11:06:00,1.0,0.0,0.07814926884902479,60.0,61.074634424512396,0.0
2024-07-31 11:07:00,1.0,0.0,0.07813806732936178,60.0,61.06903366468089,0.0
2024-07-31 11:08:00,1.0,0.0,0.07812686741526774,60.0,61.06343370763387,0.0
2024-07-31 11:09:00,1.0,0.0,0.07811566910651258,60.0,61.057834553256285,0.0
2024-07-31 11:10:00,1.0,0.0,0.07810447240286615,60.0,61.052236201433075,0.0
2024-07-31 11:11:00,1.0,0.0,0.07809327730409843,60.0,61.04663865204921,0.0
2024-07-31 11:12:00,1.0,0.0,0.07808208380997934,60.0,61.04104190498967,0.0
2024-07-31 11:13:00,1.0,0.0,0.07807089192027891,60.0,61.035445960139455,0.0
2024-07-31 11:14:00,1.0,0.0,0.07805970163476716,60.0,61.02985081738358,0.0
2024-07-31 11:15:00,1.0,0.0,0.07804851295321417,60.0,61.024256476607086,0.0
2024-07-31 11:16:00,1.0,0.0,0.07803732587539002,60.0,61.018662937695005,0.0
2024-07-31 11:17:00,1.0,0.0,0.07802614040106483,60.0,61.01307020053241,0.0
2024-07-31 11:18:00,1.0,0.0,0.07801495653000877,60.0,61.00747826500439,0.0
2024-07-31 11:19:00,1.0,0.0,0.07800377426199205,60.0,61.001887130996025,0.0
2024-07-31 11:20:00,1.0,0.0,0.07799259359678488,60.0,60.99629679839244,0.0
2024-07-31 11:21:00,1.0,0.0,0.07798141453415754,60.0,60.99070726707877,0.0
2024-07-31 11:22:00,1.0,0.0,0.0779702370738803,60.0,60.98511853694015,0.0
2024-07-31 11:23:00,1.0,0.0,0.0779590612157235,60.0,60.979530607861754,0.0
2024-07-31 11:24:00,1.0,0.0,0.07794788695945752,60.0,60.97394347972876,0.0
2024-07-31 11:25:00,1.0,0.0,0.07793671430485273,60.0,60.968357152426364,0.0
2024-07-31 11:26:00,1.0,0.0,0.07792554325167955,60.0,60.96277162583978,0.0
2024-07-31 11:27:00,1.0,0.0,0.07791437379970846,60.0,60.95718689985423,0.0
2024-07-31 11:28:00,1.0,0.0,0.07790320594870995,60.0,60.95160297435497,0.0
2024-07-31 11:29:00,1.0,0.0,0.07789203969845451,60.0,60.946019849227255,0.0
2024-07-31 11:30:00,1.0,0.0,0.07788087504871274,60.0,60.94043752435637,0.0
2024-07-31 11:31:00,1.0,0.0,0.0778697119992552,60.0,60.9348559996276,0.0
2024-07-31 11:32:00,1.0,0.0,0.07785855054985254,60.0,60.92927527492627,0.0
2024-07-31 11:33:00,1.0,0.0,0.0778473907002754,60.0,60.9236953501377,0.0
2024-07-31 11:34:00,1.0,0.0,0.07783623245029447,60.0,60.91811622514724,0.0
2024-07-31 11:35:00,1.0,0.0,0.07782507579968048,60.0,60.91253789984024,0.0
2024-07-31 11:36:00,1.0,0.0,0.07781392074820417,60.0,60.906960374102084,0.0
2024-07-31 11:37:00,1.0,0.0,0.07780276729563634,60.0,60.90138364781817,0.0
2024-07-31 11:38:00,1.0,0.0,0.07779161544174781,60.0,60.895807720873904,0.0
2024-07-31 11:39:00,1.0,0.0,0.07778046518630943,60.0,60.890232593154714,0.0
2024-07-31 11:40:00,1.0,0.0,0.0777693165290921,60.0,60.88465826454605,0.0
2024-07-31 11:41:00,1.0,0.0,0.07775816946986672,60.0,60.87908473493336,0.0
2024-07-31 11:42:00,1.0,0.0,0.07774702400840423,60.0,60.87351200420212,0.0
2024-07-31 11:43:00,1.0,0.0,0.07773588014447566,60.0,60.86794007223783,0.0
2024-07-31 11:44:00,1.0,0.0,0.077724737877852,60.0,60.862368938926,0.0
2024-07-31 11:45:00,1.0,0.0,0.07771359720830429,60.0,60.85679860415214,0.0
2024-07-31 11:46:00,1.0,0.0,0.07770245813560363,60.0,60.85122906780181,0.0
2024-07-31 11:47:00,1.0,0.0,0.07769132065952111,60.0,60.845660329760555,0.0
2024-07-31 11:48:00,1.0,0.0,0.07768018477982791,60.0,60.840092389913956,0.0
2024-07-31 11:49:00,1.0,0.0,0.07766905049629522,60.0,60.83452524814761,0.0
2024-07-31 11:50:00,1.0,0.0,0.07765791780869423,60.0,60.82895890434711,0.0
2024-07-31 11:51:00,1.0,0.0,0.07764678671679617,60.0,60.823393358398086,0.0
2024-07-31 11:52:00,1.0,0.0,0.07763565722037237,60.0,60.81782861018618,0.0
2024-07-31 11:53:00,1.0,0.0,0.0776245293191941,60.0,60.81226465959705,0.0
2024-07-31 11:54:00,1.0,0.0,0.07761340301303273,60.0,60.80670150651636,0.0
2024-07-31 11:55:00,1.0,0.0,0.07760227830165962,60.0,60.80113915082981,0.0
2024-07-31 11:56:00,1.0,0.0,0.0775911551848462,60.0,60.7955775924231,0.0
2024-07-31 11:57:00,1.0,0.0,0.0775800336623639,60.0,60.79001683118195,0.0
2024-07-31 11:58:00,1.0,0.0,0.07756891373398421,60.0,60.7844568669921,0.0
2024-07-31 11:59:00,1.0,0.0,0.07755779539947863,60.0,60.77889769973931,0.0
2024-07-31 12:00:00,1.0,0.0,0.0775466786586187,60.0,60.773339329309344,0.0
2024-07-31 12:01:00,1.0,0.0,0.07753556351117598,60.0,60.76778175558799,0.0
2024-07-31 12:02:00,1.0,0.0,0.07752444995692212,60.0,60.762224978461056,0.0
2024-07-31 12:03:00,1.0,0.0,0.07751333799562872,60.0,60.75666899781436,0.0
2024-07-31 12:04:00,1.0,0.0,0.07750222762706747,60.0,60.751113813533735,0.0
2024-07-31 12:05:00,1.0,0.0,0.07749111885101008,60.0,60.745559425505036,0.0
2024-07-31 12:06:00,1.0,0.0,0.07748001166722827,60.0,60.740005833614134,0.0
2024-07-31 12:07:00,1.0,0.0,0.07746890607549384,60.0,60.73445303774692,0.0
2024-07-31 12:08:00,1.0,0.0,0.07745780207557858,60.0,60.728901037789285,0.0
2024-07-31 12:09:00,1.0,0.0,0.07744669966725432,60.0,60.723349833627154,0.0
2024-07-31 12:10:00,1.0,0.0,0.07743559885029293,60.0,60.71779942514646,0.0
2024-07-31 12:11:00,1.0,0.0,0.0774244996244663,60.0,60.71224981223315,0.0
2024-07-31 12:12:00,1.0,0.0,0.07741340198954641,60.0,60.70670099477321,0.0
2024-07-31 12:13:00,1.0,0.0,0.0774023059453052,60.0,60.7011529726526,0.0
2024-07-31 12:14:00,1.0,0.0,0.07739121149151466,60.0,60.695605745757334,0.0
2024-07-31 12:15:00,1.0,0.0,0.07738011862794685,60.0,60.69005931397342,0.0
2024-07-31 12:16:00,1.0,0.0,0.0773690273543738,60.0,60.6845136771869,0.0
2024-07-31 12:17:00,1.0,0.0,0.07735793767056763,60.0,60.67896883528381,0.0
2024-07-31 12:18:00,1.0,0.0,0.07734684957630046,60.0,60.67342478815023,0.0
2024-07-31 12:19:00,1.0,0.0,0.07733576307134446,60.0,60.66788153567223,0.0
2024-07-31 12:20:00,1.0,0.0,0.07732467815547184,60.0,60.662339077735915,0.0
2024-07-31 12:21:00,1.0,0.0,0.0773135948284548,60.0,60.6567974142274,0.0
2024-07-31 12:22:00,1.0,0.0,0.07730251309006564,60.0,60.651256545032815,0.0
2024-07-31 12:23:00,1.0,0.0,0.07729143294007661,60.0,60.6457164700383,0.0
2024-07-31 12:24:00,1.0,0.0,0.07728035437826006,60.0,60.64017718913003,0.0
2024-07-31 12:25:00,1.0,0.0,0.07726927740438835,60.0,60.634638702194174,0.0
2024-07-31 12:26:00,1.0,0.0,0.07725820201823387,60.0,60.62910100911694,0.0
2024-07-31 12:27:00,1.0,0.0,0.07724712821956906,60.0,60.623564109784525,0.0
2024-07-31 12:28:00,1.0,0.0,0.07723605600816634,60.0,60.61802800408317,0.0
2024-07-31 12:29:00,1.0,0.0,0.07722498538379824,60.0,60.61249269189912,0.0
2024-07-31 12:30:00,1.0,0.0,0.07721391634623725,60.0,60.60695817311863,0.0
2024-07-31 12:31:00,1.0,0.0,0.07720284889525596,60.0,60.60142444762798,0.0
2024-07-31 12:32:00,1.0,0.0,0.07719178303062692,60.0,60.59589151531346,0.0
2024-07-31 12:33:00,1.0,0.0,0.07718071875212278,60.0,60.590359376061386,0.0
2024-07-31 12:34:00,1.0,0.0,0.07716965605951616,60.0,60.58482802975808,0.0
2024-07-31 12:35:00,1.0,0.0,0.07715859495257978,60.0,60.57929747628989,0.0
2024-07-31 12:36:00,1.0,0.0,0.07714753543108634,60.0,60.57376771554317,0.0
2024-07-31 12:37:00,1.0,0.0,0.07713647749480859,60.0,60.568238747404294,0.0
2024-07-31 12:38:00,1.0,0.0,0.07712542114351932,60.0,60.56271057175966,0.0
2024-07-31 12:39:00,1.0,0.0,0.07711436637699134,60.0,60.55718318849567,0.0
2024-07-31 12:40:00,1.0,0.0,0.07710331319499751,60.0,60.551656597498756,0.0
2024-07-31 12:41:00,1.0,0.0,0.0770922615973107,60.0,60.54613079865535,0.0
2024-07-31 12:42:00,1.0,0.0,0.07708121158370382,60.0,60.54060579185191,0.0
2024-07-31 12:43:00,1.0,0.0,0.07707016315394982,60.0,60.53508157697491,0.0
2024-07-31 12:44:00,1.0,0.0,0.07705911630782168,60.0,60.52955815391084,0.0
2024-07-31 12:45:00,1.0,0.0,0.07704807104509241,60.0,60.52403552254621,0.0
2024-07-31 12:46:00,1.0,0.0,0.07703702736553507,60.0,60.518513682767534,0.0
2024-07-31 12:47:00,1.0,0.0,0.07702598526892271,60.0,60.512992634461355,0.0
2024-07-31 12:48:00,1.0,0.0,0.07701494475502846,60.0,60.507472377514226,0.0
2024-07-31 12:49:00,1.0,0.0,0.07700390582362544,60.0,60.50195291181272,0.0
2024-07-31 12:50:00,1.0,0.0,0.07699286847448684,60.0,60.49643423724342,0.0
2024-07-31 12:51:00,1.0,0.0,0.07698183270738586,60.0,60.49091635369293,0.0
2024-07-31 12:52:00,1.0,0.0,0.07697079852209575,60.0,60.485399261047874,0.0
2024-07-31 12:53:00,1.0,0.0,0.07695976591838977,60.0,60.47988295919488,0.0
2024-07-31 12:54:00,1.0,0.0,0.07694873489604122,60.0,60.47436744802061,0.0
2024-07-31 12:55:00,1.0,0.0,0.07693770545482344,60.0,60.468852727411715,0.0
2024-07-31 12:56:00,1.0,0.0,0.0769266775945098,60.0,60.4633387972549,0.0
2024-07-31 12:57:00,1.0,0.0,0.0769156513148737,60.0,60.45782565743685,0.0
2024-07-31 12:58:00,1.0,0.0,0.07690462661568857,60.0,60.452313307844285,0.0
2024-07-31 12:59:00,1.0,0.0,0.0768936034967279,60.0,60.446801748363946,0.0
2024-07-31 13:00:00,1.0,0.0,0.07688258195776515,60.0,60.44129097888258,0.0
2024-07-31 13:01:00,1.0,0.0,0.07687156199857388,60.0,60.43578099928694,0.0
2024-07-31 13:02:00,1.0,0.0,0.07686054361892765,60.0,60.430271809463825,0.0
2024-07-31 13:03:00,1.0,0.0,0.07684952681860004,60.0,60.42476340930002,0.0
2024-07-31 13:04:00,1.0,0.0,0.0768385115973647,60.0,60.41925579868235,0.0
2024-07-31 13:05:00,1.0,0.0,0.07682749795499529,60.0,60.41374897749764,0.0
2024-07-31 13:06:00,1.0,0.0,0.07681648589126547,60.0,60.408242945632736,0.0
2024-07-31 13:07:00,1.0,0.0,0.076805475405949,60.0,60.4027377029745,0.0
2024-07-31 13:08:00,1.0,0.0,0.07679446649881962,60.0,60.39723324940981,0.0
2024-07-31 13:09:00,1.0,0.0,0.07678345916965112,60.0,60.39172958482556,0.0
2024-07-31 13:10:00,1.0,0.0,0.07677245341821735,60.0,60.386226709108676,0.0
2024-07-31 13:11:00,1.0,0.0,0.07676144924429214,60.0,60.38072462214607,0.0
2024-07-31 13:12:00,1.0,0.0,0.07675044664764938,60.0,60.37522332382469,0.0
2024-07-31 13:13:00,1.0,0.0,0.07673944562806301,60.0,60.369722814031505,0.0
2024-07-31 13:14:00,1.0,0.0,0.07672844618530696,60.0,60.364223092653475,0.0
2024-07-31 13:15:00,1.0,0.0,0.07671744831915521,60.0,60.358724159577605,0.0
2024-07-31 13:16:00,1.0,0.0,0.0767064520293818,60.0,60.3532260146909,0.0
2024-07-31 13:17:00,1.0,0.0,0.07669545731576076,60.0,60.34772865788038,0.0
2024-07-31 13:18:00,1.0,0.0,0.0766844641780662,60.0,60.3422320890331,0.0
2024-07-31 13:19:00,1.0,0.0,0.0766734726160722,60.0,60.3367363080361,0.0
2024-07-31 13:20:00,1.0,0.0,0.07666248262955294,60.0,60.33124131477647,0.0
2024-07-31 13:21:00,1.0,0.0,0.07665149421828259,60.0,60.32574710914129,0.0
2024-07-31 13:22:00,1.0,0.0,0.07664050738203534,60.0,60.32025369101767,0.0
2024-07-31 13:23:00,1.0,0.0,0.07662952212058545,60.0,60.314761060292724,0.0
2024-07-31 13:24:00,1.0,0.0,0.07661853843370721,60.0,60.3092692168536,0.0
2024-07-31 13:25:00,1.0,0.0,0.0766075563211749,60.0,60.30377816058745,0.0
2024-07-31 13:26:00,1.0,0.0,0.07659657578276288,60.0,60.29828789138144,0.0
2024-07-31 13:27:00,1.0,0.0,0.07658559681824552,60.0,60.29279840912276,0.0
2024-07-31 13:28:00,1.0,0.0,0.07657461942739723,60.0,60.28730971369861,0.0
2024-07-31 13:29:00,1.0,0.0,0.07656364360999245,60.0,60.28182180499622,0.0
2024-07-31 13:30:00,1.0,0.0,0.07655266936580563,60.0,60.276334682902814,0.0
2024-07-31 13:31:00,1.0,0.0,0.07654169669461129,60.0,60.270848347305645,0.0
2024-07-31 13:32:00,1.0,0.0,0.07653072559618397,60.0,60.265362798091985,0.0
2024-07-31 13:33:00,1.0,0.0,0.07651975607029823,60.0,60.259878035149114,0.0
2024-07-31 13:34:00,1.0,0.0,0.07650878811672866,60.0,60.25439405836433,0.0
2024-07-31 13:35:00,1.0,0.0,0.07649782173524991,60.0,60.24891086762496,0.0
2024-07-31 13:36:00,1.0,0.0,0.07648685692563664,60.0,60.24342846281832,0.0
2024-07-31 13:37:00,1.0,0.0,0.07647589368766354,60.0,60.23794684383177,0.0
2024-07-31 13:38:00,1.0,0.0,0.07646493202110535,60.0,60.23246601055268,0.0
2024-07-31 13:39:00,1.0,0.0,0.07645397192573683,60.0,60.22698596286841,0.0
2024-07-31 13:40:00,1.0,0.0,0.07644301340133275,60.0,60.221506700666374,0.0
2024-07-31 13:41:00,1.0,0.0,0.07643205644766796,60.0,60.21602822383398,0.0
2024-07-31 13:42:00,1.0,0.0,0.07642110106451731,60.0,60.21055053225866,0.0
2024-07-31 13:43:00,1.0,0.0,0.07641014725165571,60.0,60.20507362582785,0.0
2024-07-31 13:44:00,1.0,0.0,0.07639919500885804,60.0,60.19959750442902,0.0
2024-07-31 13:45:00,1.0,0.0,0.0763882443358993,60.0,60.19412216794965,0.0
2024-07-31 13:46:00,1.0,0.0,0.07637729523255445,60.0,60.18864761627722,0.0
2024-07-31 13:47:00,1.0,0.0,0.07636634769859851,60.0,60.18317384929926,0.0
2024-07-31 13:48:00,1.0,0.0,0.07635540173380656,60.0,60.17770086690328,0.0
2024-07-31 13:49:00,1.0,0.0,0.07634445733795364,60.0,60.17222866897682,0.0
2024-07-31 13:50:00,1.0,0.0,0.0763335145108149,60.0,60.16675725540745,0.0
2024-07-31 13:51:00,1.0,0.0,0.07632257325216547,60.0,60.161286626082735,0.0
2024-07-31 13:52:00,1.0,0.0,0.07631163356178054,60.0,60.15581678089027,0.0
2024-07-31 13:53:00,1.0,0.0,0.07630069543943534,60.0,60.150347719717665,0.0
2024-07-31 13:54:00,1.0,0.0,0.07628975888490507,60.0,60.144879442452535,0.0
2024-07-31 13:55:00,1.0,0.0,0.07627882389796505,60.0,60.13941194898252,0.0
2024-07-31 13:56:00,1.0,0.0,0.07626789047839055,60.0,60.13394523919528,0.0
2024-07-31 13:57:00,1.0,0.0,0.07625695862595695,60.0,60.12847931297848,0.0
2024-07-31 13:58:00,1.0,0.0,0.07624602834043963,60.0,60.12301417021981,0.0
2024-07-31 13:59:00,1.0,0.0,0.07623509962161396,60.0,60.11754981080698,0.0
2024-07-31 14:00:00,1.0,0.0,0.07622417246925539,60.0,60.1120862346277,0.0
2024-07-31 14:01:00,1.0,0.0,0.07621324688313941,60.0,60.1066234415697,0.0
2024-07-31 14:02:00,1.0,0.0,0.07620232286304149,60.0,60.101161431520744,0.0
2024-07-31 14:03:00,1.0,0.0,0.07619140040873718,60.0,60.09570020436859,0.0
2024-07-31 14:04:00,1.0,1.92556,0.07618047952000205,60.0,60.090239760001026,1.0
2024-07-31 14:05:00,1.0,1.92556,0.0758935601966117,60.0,59.94678009830585,1.0
2024-07-31 14:06:00,1.0,0.0,0.07560668199878133,60.0,59.80334099939066,0.0
2024-07-31 14:07:00,1.0,0.0,0.07559584492061619,60.0,59.797922460308094,0.0
2024-07-31 14:08:00,1.0,0.0,0.07558500939578285,60.0,59.792504697891424,0.0
2024-07-31 14:09:00,1.0,0.0,0.07557417542405866,60.0,59.787087712029326,0.0
2024-07-31 14:10:00,1.0,0.0,0.075563343005221,60.0,59.7816715026105,0.0
2024-07-31 14:11:00,1.0,0.0,0.07555251213904729,60.0,59.77625606952365,0.0
2024-07-31 14:12:00,1.0,0.0,0.075541682825315,60.0,59.7708414126575,0.0
2024-07-31 14:13:00,1.0,11.553360000000001,0.07553085506380157,60.0,59.765427531900784,6.0
2024-07-31 14:14:00,1.0,0.0,0.07386402885428454,60.0,58.93201442714227,0.0
2024-07-31 14:15:00,1.0,0.0,0.07428344633700967,60.0,59.14172316850484,0.0
2024-07-31 14:16:00,1.0,0.0,0.07470280370256098,60.0,59.35140185128049,0.0
2024-07-31 14:17:00,1.0,0.0,0.07512210095955536,60.0,59.561050479777684,0.0
2024-07-31 14:18:00,1.0,0.0,0.07554133811660847,60.0,59.770669058304236,0.0
2024-07-31 14:19:00,1.0,0.0,0.07596051518233472,60.0,59.98025759116736,0.0
2024-07-31 14:20:00,1.0,0.0,0.0763796321653473,60.0,60.189816082673644,0.0
2024-07-31 14:21:00,1.0,0.0,0.07679868907425813,60.0,60.39934453712907,0.0
2024-07-31 14:22:00,1.0,1.92556,0.07721768591767797,60.0,60.608842958838984,1.0
2024-07-31 14:23:00,1.0,0.0,0.07736062270421629,60.0,60.68031135210814,0.0
2024-07-31 14:24:00,1.0,0.0,0.07777953900292088,60.0,60.88976950146044,0.0
2024-07-31 14:25:00,1.0,0.0,0.07819839525628884,60.0,61.09919762814442,0.0
2024-07-31 14:26:00,1.0,0.0,0.07818718669509586,60.0,61.09359334754793,0.0
2024-07-31 14:27:00,1.0,0.0,0.07817597974048118,60.0,61.08798987024059,0.0
2024-07-31 14:28:00,1.0,0.0,0.07816477439221452,60.0,61.082387196107256,0.0
2024-07-31 14:29:00,1.0,0.0,0.0781535706500656,60.0,61.0767853250328,0.0
2024-07-31 14:30:00,1.0,0.0,0.07814236851380424,60.0,61.07118425690212,0.0
2024-07-31 14:31:00,1.0,0.0,0.07813116798320026,60.0,61.06558399160013,0.0
2024-07-31 14:32:00,1.0,0.0,0.0781199690580235,60.0,61.05998452901175,0.0
2024-07-31 14:33:00,1.0,0.0,0.07810877173804386,60.0,61.05438586902193,0.0
2024-07-31 14:34:00,1.0,11.553360000000001,0.07809757602303125,60.0,61.04878801151562,6.0
2024-07-31 14:35:00,1.0,11.553360000000001,0.07643038191275561,60.0,60.2151909563778,6.0
2024-07-31 14:36:00,1.0,0.0,0.0747634267696243,60.0,59.38171338481215,0.0
2024-07-31 14:37:00,1.0,0.0,0.074752710559385,60.0,59.3763552796925,0.0
2024-07-31 14:38:00,1.0,0.0,0.07474199588515287,60.0,59.37099794257644,0.0
2024-07-31 14:39:00,1.0,0.0,0.07473128274670779,60.0,59.365641373353895,0.0
2024-07-31 14:40:00,1.0,0.0,0.07472057114382961,60.0,59.36028557191481,0.0
2024-07-31 14:41:00,1.0,0.0,0.07470986107629825,60.0,59.35493053814913,0.0
2024-07-31 14:42:00,1.0,0.0,0.07469915254389362,60.0,59.34957627194681,0.0
2024-07-31 14:43:00,1.0,0.0,0.07468844554639568,60.0,59.34422277319784,0.0
2024-07-31 14:44:00,1.0,0.0,0.07467774008358445,60.0,59.33887004179223,0.0
2024-07-31 14:45:00,1.0,1.92556,0.07466703615523994,60.0,59.33351807761997,1.0
2024-07-31 14:46:00,1.0,1.92556,0.0743803337611422,60.0,59.1901668805711,1.0
2024-07-31 14:47:00,1.0,0.0,0.07409367246151088,60.0,59.04683623075544,0.0
2024-07-31 14:48:00,1.0,0.0,0.07408305225045572,60.0,59.04152612522786,0.0
2024-07-31 14:49:00,1.0,0.0,0.07407243356164774,60.0,59.036216780823864,0.0
2024-07-31 14:50:00,1.0,0.0,0.0740618163948687,60.0,59.03090819743435,0.0
2024-07-31 14:51:00,1.0,0.0,0.07405120074990049,60.0,59.025600374950244,0.0
2024-07-31 14:52:00,1.0,0.0,0.07404058662652498,60.0,59.020293313262485,0.0
2024-07-31 14:53:00,1.0,0.0,0.07402997402452403,60.0,59.01498701226202,0.0
2024-07-31 14:54:00,1.0,0.0,0.07401936294367963,60.0,59.00968147183981,0.0
2024-07-31 14:55:00,1.0,0.0,0.07400875338377369,60.0,59.00437669188685,0.0
2024-07-31 14:56:00,1.0,0.0,0.07399814534458825,60.0,58.999072672294126,0.0
2024-07-31 14:57:00,1.0,0.0,0.07441754360373619,60.0,59.208771801868096,0.0
2024-07-31 14:58:00,1.0,0.0,0.07483688174846571,60.0,59.41844087423286,0.0
2024-07-31 14:59:00,1.0,0.0,0.07525615978739332,60.0,59.62807989369666,0.0
2024-07-31 15:00:00,1.0,0.0,0.07567537772913425,60.0,59.83768886456713,0.0
2024-07-31 15:01:00,1.0,0.0,0.07609453558230256,60.0,60.04726779115128,0.0
2024-07-31 15:02:00,1.0,0.0,0.07651363335551102,60.0,60.25681667775551,0.0
2024-07-31 15:03:00,1.0,0.0,0.0769326710573712,60.0,60.4663355286856,0.0
2024-07-31 15:04:00,1.0,0.0,0.07735164869649341,60.0,60.67582434824671,0.0
2024-07-31 15:05:00,1.0,0.0,0.07777056628148675,60.0,60.885283140743375,0.0
2024-07-31 15:06:00,1.0,0.0,0.07818942382095907,60.0,61.09471191047953,0.0
2024-07-31 15:07:00,1.0,0.0,0.07817821654568612,60.0,61.089108272843056,0.0
2024-07-31 15:08:00,1.0,0.0,0.07816701087680712,60.0,61.08350543840356,0.0
2024-07-31 15:09:00,1.0,1.92556,0.07815580681409186,60.0,61.07790340704593,1.0
2024-07-31 15:10:00,1.0,1.92556,0.0778686043573101,60.0,60.93430217865505,1.0
2024-07-31 15:11:00,1.0,0.0,0.07758144306667121,60.0,60.790721533335606,0.0
2024-07-31 15:12:00,1.0,0.0,0.07757032293627465,60.0,60.785161468137325,0.0
2024-07-31 15:13:00,1.0,11.553360000000001,0.07755920439978116,60.0,60.779602199890576,6.0
2024-07-31 15:14:00,1.0,11.553360000000001,0.07589208745696226,60.0,59.94604372848113,6.0
2024-07-31 15:15:00,1.0,0.0,0.07422520947022691,60.0,59.11260473511346,0.0
2024-07-31 15:16:00,1.0,0.0,0.07421457040532435,60.0,59.107285202662176,0.0
2024-07-31 15:17:00,1.0,0.0,0.07420393286537137,60.0,59.101966432685686,0.0
2024-07-31 15:18:00,1.0,0.0,0.0741932968501494,60.0,59.0966484250747,0.0
2024-07-31 15:19:00,1.0,0.0,0.07418266235943986,60.0,59.09133117971993,0.0
2024-07-31 15:20:00,1.0,0.0,0.07417202939302428,60.0,59.08601469651214,0.0
2024-07-31 15:21:00,1.0,0.0,0.07416139795068413,60.0,59.08069897534207,0.0
2024-07-31 15:22:00,1.0,0.0,0.074150768032201,60.0,59.0753840161005,0.0
2024-07-31 15:23:00,1.0,0.0,0.07414013963735644,60.0,59.07006981867822,0.0
2024-07-31 15:24:00,1.0,0.0,0.07412951276593208,60.0,59.06475638296604,0.0
2024-07-31 15:25:00,1.0,0.0,0.07411888741770953,60.0,59.059443708854765,0.0
2024-07-31 15:26:00,1.0,0.0,0.0741082635924705,60.0,59.05413179623525,0.0
2024-07-31 15:27:00,1.0,0.0,0.07409764128999666,60.0,59.04882064499833,0.0
2024-07-31 15:28:00,1.0,0.0,0.07408702051006977,60.0,59.04351025503488,0.0
2024-07-31 15:29:00,1.0,0.0,0.07407640125247157,60.0,59.038200626235785,0.0
2024-07-31 15:30:00,1.0,0.0,0.07406578351698387,60.0,59.032891758491935,0.0
2024-07-31 15:31:00,1.0,11.553360000000001,0.0740551673033885,60.0,59.02758365169425,6.0
2024-07-31 15:32:00,1.0,11.553360000000001,0.07238855261146733,60.0,58.194276305733666,6.0
2024-07-31 15:33:00,1.0,0.0,0.07115218158147048,60.0,57.576090790735236,0.0
2024-07-31 15:34:00,1.0,0.0,0.07157198776662364,60.0,57.78599388331182,0.0
2024-07-31 15:35:00,1.0,0.0,0.07199173377888833,60.0,57.995866889444166,0.0
2024-07-31 15:36:00,1.0,0.0,0.07241141962688945,60.0,58.20570981344472,0.0
2024-07-31 15:37:00,1.0,0.0,0.07283104531925061,60.0,58.4155226596253,0.0
2024-07-31 15:38:00,1.0,0.0,0.07325061086459424,60.0,58.62530543229712,0.0
2024-07-31 15:39:00,1.0,0.0,0.0736701162715415,60.0,58.83505813577075,0.0
2024-07-31 15:40:00,1.0,0.0,0.07408956154871232,60.0,59.04478077435616,0.0
2024-07-31 15:41:00,1.0,0.0,0.07450894670472541,60.0,59.2544733523627,0.0
2024-07-31 15:42:00,1.0,0.0,0.07492827174819822,60.0,59.46413587409911,0.0
2024-07-31 15:43:00,1.0,0.0,0.07534753668774696,60.0,59.67376834387348,0.0
2024-07-31 15:44:00,1.0,0.0,0.07576674153198666,60.0,59.88337076599333,0.0
2024-07-31 15:45:00,1.0,0.0,0.07618588628953105,60.0,60.09294314476552,0.0
2024-07-31 15:46:00,1.0,0.0,0.07660497096899264,60.0,60.30248548449632,0.0
2024-07-31 15:47:00,1.0,0.0,0.07702399557898276,60.0,60.51199778949138,0.0
2024-07-31 15:48:00,1.0,0.0,0.07744296012811144,60.0,60.72148006405572,0.0
2024-07-31 15:49:00,1.0,0.0,0.0778618646249875,60.0,60.930932312493745,0.0
2024-07-31 15:50:00,1.0,0.0,0.07828070907821849,60.0,61.140354539109246,0.0
2024-07-31 15:51:00,1.0,0.0,0.07826948871857996,60.0,61.134744359289975,0.0
2024-07-31 15:52:00,1.0,0.0,0.07825826996721082,60.0,61.12913498360541,0.0
2024-07-31 15:53:00,1.0,0.0,0.0782470528238806,60.0,61.1235264119403,0.0
2024-07-31 15:54:00,1.0,0.0,0.07823583728835878,60.0,61.11791864417939,0.0
2024-07-31 15:55:00,1.0,0.0,0.07822462336041491,60.0,61.112311680207455,0.0
2024-07-31 15:56:00,1.0,0.0,0.07821341103981859,60.0,61.10670551990929,0.0
2024-07-31 15:57:00,1.0,0.0,0.0782022003263394,60.0,61.1011001631697,0.0
2024-07-31 15:58:00,1.0,0.0,0.07819099121974699,60.0,61.095495609873495,0.0
2024-07-31 15:59:00,1.0,0.0,0.07817978371981106,60.0,61.08989185990553,0.0
2024-07-31 16:00:00,1.0,0.0,0.0781685778263013,60.0,61.084288913150644,0.0
2024-07-31 16:01:00,1.0,0.0,0.07815737353898744,60.0,61.07868676949372,0.0
2024-07-31 16:02:00,1.0,0.0,0.0781461708576393,60.0,61.073085428819645,0.0
2024-07-31 16:03:00,1.0,0.0,0.07813496978202664,60.0,61.067484891013315,0.0
2024-07-31 16:04:00,1.0,0.0,0.07812377031191932,60.0,61.06188515595966,0.0
2024-07-31 16:05:00,1.0,0.0,0.07811257244708722,60.0,61.05628622354361,0.0
2024-07-31 16:06:00,1.0,0.0,0.07810137618730024,60.0,61.05068809365012,0.0
2024-07-31 16:07:00,1.0,0.0,0.07809018153232834,60.0,61.04509076616417,0.0
2024-07-31 16:08:00,1.0,0.0,0.07807898848194147,60.0,61.03949424097074,0.0
2024-07-31 16:09:00,1.0,0.0,0.07806779703590966,60.0,61.03389851795483,0.0
2024-07-31 16:10:00,1.0,0.0,0.07805660719400294,60.0,61.02830359700147,0.0
2024-07-31 16:11:00,1.0,0.0,0.07804541895599139,60.0,61.02270947799569,0.0
2024-07-31 16:12:00,1.0,0.0,0.07803423232164508,60.0,61.01711616082254,0.0
2024-07-31 16:13:00,1.0,0.0,0.07802304729073418,60.0,61.01152364536709,0.0
2024-07-31 16:14:00,1.0,0.0,0.07801186386302887,60.0,61.00593193151443,0.0
2024-07-31 16:15:00,1.0,0.0,0.07800068203829934,60.0,61.000341019149666,0.0
2024-07-31 16:16:00,1.0,0.0,0.07798950181631582,60.0,60.99475090815791,0.0
2024-07-31 16:17:00,1.0,0.0,0.07797832319684861,60.0,60.9891615984243,0.0
2024-07-31 16:18:00,1.0,0.0,0.07796714617966798,60.0,60.98357308983399,0.0
2024-07-31 16:19:00,1.0,0.0,0.07795597076454427,60.0,60.97798538227214,0.0
2024-07-31 16:20:00,1.0,0.0,0.07794479695124788,60.0,60.97239847562394,0.0
2024-07-31 16:21:00,1.0,0.0,0.07793362473954919,60.0,60.966812369774594,0.0
2024-07-31 16:22:00,1.0,0.0,0.07792245412921862,60.0,60.96122706460931,0.0
2024-07-31 16:23:00,1.0,0.0,0.07791128512002667,60.0,60.95564256001333,0.0
2024-07-31 16:24:00,1.0,0.0,0.07790011771174382,60.0,60.95005885587191,0.0
2024-07-31 16:25:00,1.0,0.0,0.07788895190414061,60.0,60.944475952070306,0.0
2024-07-31 16:26:00,1.0,0.0,0.07787778769698761,60.0,60.938893848493805,0.0
2024-07-31 16:27:00,1.0,0.0,0.0778666250900554,60.0,60.933312545027704,0.0
2024-07-31 16:28:00,1.0,0.0,0.07785546408311464,60.0,60.92773204155732,0.0
2024-07-31 16:29:00,1.0,0.0,0.07784430467593599,60.0,60.922152337967994,0.0
2024-07-31 16:30:00,1.0,0.0,0.07783314686829013,60.0,60.916573434145064,0.0
2024-07-31 16:31:00,1.0,0.0,0.0778219906599478,60.0,60.9109953299739,0.0
2024-07-31 16:32:00,1.0,0.0,0.07781083605067977,60.0,60.905418025339884,0.0
2024-07-31 16:33:00,1.0,0.0,0.07779968304025683,60.0,60.89984152012842,0.0
2024-07-31 16:34:00,1.0,0.0,0.07778853162844983,60.0,60.894265814224916,0.0
2024-07-31 16:35:00,1.0,0.0,0.0777773818150296,60.0,60.8886909075148,0.0
2024-07-31 16:36:00,1.0,0.0,0.07776623359976705,60.0,60.883116799883524,0.0
2024-07-31 16:37:00,1.0,0.0,0.07775508698243311,60.0,60.87754349121656,0.0
2024-07-31 16:38:00,1.0,0.0,0.07774394196279874,60.0,60.87197098139937,0.0
2024-07-31 16:39:00,1.0,0.0,0.07773279854063495,60.0,60.86639927031747,0.0
2024-07-31 16:40:00,1.0,0.0,0.07772165671571274,60.0,60.86082835785637,0.0
2024-07-31 16:41:00,1.0,0.0,0.07771051648780318,60.0,60.85525824390159,0.0
2024-07-31 16:42:00,1.0,0.0,0.07769937785667735,60.0,60.84968892833868,0.0
2024-07-31 16:43:00,1.0,0.0,0.07768824082210642,60.0,60.844120411053204,0.0
2024-07-31 16:44:00,1.0,0.0,0.0776771053838615,60.0,60.838552691930744,0.0
2024-07-31 16:45:00,1.0,0.0,0.07766597154171377,60.0,60.83298577085689,0.0
2024-07-31 16:46:00,1.0,0.0,0.0776548392954345,60.0,60.82741964771725,0.0
2024-07-31 16:47:00,1.0,0.0,0.07764370864479493,60.0,60.82185432239746,0.0
2024-07-31 16:48:00,1.0,0.0,0.07763257958956633,60.0,60.81628979478317,0.0
2024-07-31 16:49:00,1.0,0.0,0.07762145212952005,60.0,60.810726064760026,0.0
2024-07-31 16:50:00,1.0,0.0,0.07761032626442743,60.0,60.805163132213714,0.0
2024-07-31 16:51:00,1.0,0.0,0.07759920199405985,60.0,60.79960099702993,0.0
2024-07-31 16:52:00,1.0,0.0,0.07758807931818874,60.0,60.79403965909437,0.0
2024-07-31 16:53:00,1.0,0.0,0.07757695823658557,60.0,60.788479118292784,0.0
2024-07-31 16:54:00,1.0,0.0,0.0775658387490218,60.0,60.7829193745109,0.0
2024-07-31 16:55:00,1.0,0.0,0.07755472085526896,60.0,60.77736042763448,0.0
2024-07-31 16:56:00,1.0,0.0,0.07754360455509858,60.0,60.77180227754929,0.0
2024-07-31 16:57:00,1.0,0.0,0.07753248984828229,60.0,60.76624492414114,0.0
2024-07-31 16:58:00,1.0,0.0,0.07752137673459165,60.0,60.76068836729583,0.0
2024-07-31 16:59:00,1.0,0.0,0.07751026521379835,60.0,60.755132606899174,0.0
2024-07-31 17:00:00,1.0,0.0,0.07749915528567407,60.0,60.74957764283703,0.0
2024-07-31 17:01:00,1.0,0.0,0.07748804694999051,60.0,60.74402347499525,0.0
2024-07-31 17:02:00,1.0,0.0,0.07747694020651942,60.0,60.73847010325971,0.0
2024-07-31 17:03:00,1.0,0.0,0.07746583505503257,60.0,60.732917527516285,0.0
2024-07-31 17:04:00,1.0,0.0,0.0774547314953018,60.0,60.7273657476509,0.0
2024-07-31 17:05:00,1.0,0.0,0.07744362952709893,60.0,60.72181476354947,0.0
2024-07-31 17:06:00,1.0,0.0,0.07743252915019587,60.0,60.71626457509793,0.0
2024-07-31 17:07:00,1.0,0.0,0.0774214303643645,60.0,60.71071518218225,0.0
2024-07-31 17:08:00,1.0,0.0,0.07741033316937677,60.0,60.705166584688385,0.0
2024-07-31 17:09:00,1.0,0.0,0.07739923756500466,60.0,60.699618782502334,0.0
2024-07-31 17:10:00,1.0,0.0,0.0773881435510202,60.0,60.694071775510096,0.0
2024-07-31 17:11:00,1.0,0.0,0.07737705112719538,60.0,60.68852556359769,0.0
2024-07-31 17:12:00,1.0,0.0,0.07736596029330234,60.0,60.68298014665117,0.0
2024-07-31 17:13:00,1.0,0.0,0.07735487104911315,60.0,60.67743552455657,0.0
2024-07-31 17:14:00,1.0,0.0,0.07734378339439994,60.0,60.67189169719997,0.0
2024-07-31 17:15:00,1.0,0.0,0.0773326973289349,60.0,60.66634866446745,0.0
2024-07-31 17:16:00,1.0,0.0,0.07732161285249023,60.0,60.66080642624512,0.0
2024-07-31 17:17:00,1.0,0.0,0.07731052996483818,60.0,60.65526498241909,0.0
2024-07-31 17:18:00,1.0,0.0,0.07729944866575102,60.0,60.64972433287551,0.0
2024-07-31 17:19:00,1.0,0.0,0.07728836895500103,60.0,60.64418447750052,0.0
2024-07-31 17:20:00,1.0,0.0,0.07727729083236057,60.0,60.63864541618028,0.0
2024-07-31 17:21:00,1.0,0.0,0.07726621429760198,60.0,60.63310714880099,0.0
2024-07-31 17:22:00,1.0,0.0,0.07725513935049769,60.0,60.62756967524884,0.0
2024-07-31 17:23:00,1.0,0.0,0.07724406599082012,60.0,60.62203299541006,0.0
2024-07-31 17:24:00,1.0,0.0,0.07723299421834175,60.0,60.61649710917087,0.0
2024-07-31 17:25:00,1.0,0.0,0.07722192403283505,60.0,60.610962016417524,0.0
2024-07-31 17:26:00,1.0,0.0,0.07721085543407259,60.0,60.60542771703629,0.0
2024-07-31 17:27:00,1.0,0.0,0.0771997884218269,60.0,60.59989421091345,0.0
2024-07-31 17:28:00,1.0,0.0,0.0771887229958706,60.0,60.594361497935296,0.0
2024-07-31 17:29:00,1.0,0.0,0.0771776591559763,60.0,60.58882957798815,0.0
2024-07-31 17:30:00,1.0,0.0,0.07716659690191668,60.0,60.58329845095834,0.0
2024-07-31 17:31:00,1.0,0.0,0.07715553623346443,60.0,60.57776811673221,0.0
2024-07-31 17:32:00,1.0,0.0,0.07714447715039224,60.0,60.572238575196124,0.0
2024-07-31 17:33:00,1.0,0.0,0.07713341965247295,60.0,60.56670982623647,0.0
2024-07-31 17:34:00,1.0,0.0,0.07712236373947927,60.0,60.561181869739634,0.0
2024-07-31 17:35:00,1.0,0.0,0.07711130941118406,60.0,60.55565470559203,0.0
2024-07-31 17:36:00,1.0,0.0,0.0771002566673602,60.0,60.5501283336801,0.0
2024-07-31 17:37:00,1.0,0.0,0.07708920550778055,60.0,60.544602753890274,0.0
2024-07-31 17:38:00,1.0,0.0,0.07707815593221803,60.0,60.53907796610902,0.0
2024-07-31 17:39:00,1.0,0.0,0.07706710794044562,60.0,60.53355397022281,0.0
2024-07-31 17:40:00,1.0,0.0,0.07705606153223629,60.0,60.52803076611814,0.0
2024-07-31 17:41:00,1.0,0.0,0.07704501670736306,60.0,60.52250835368153,0.0
2024-07-31 17:42:00,1.0,0.0,0.077033973465599,60.0,60.516986732799495,0.0
2024-07-31 17:43:00,1.0,0.0,0.07702293180671715,60.0,60.51146590335858,0.0
2024-07-31 17:44:00,1.0,0.0,0.07701189173049068,60.0,60.50594586524534,0.0
2024-07-31 17:45:00,1.0,0.0,0.0770008532366927,60.0,60.50042661834635,0.0
2024-07-31 17:46:00,1.0,0.0,0.07698981632509642,60.0,60.494908162548214,0.0
2024-07-31 17:47:00,1.0,0.0,0.07697878099547506,60.0,60.48939049773753,0.0
2024-07-31 17:48:00,1.0,0.0,0.07696774724760184,60.0,60.483873623800925,0.0
2024-07-31 17:49:00,1.0,0.0,0.07695671508125007,60.0,60.47835754062503,0.0
2024-07-31 17:50:00,1.0,0.0,0.07694568449619305,60.0,60.47284224809652,0.0
2024-07-31 17:51:00,1.0,0.0,0.0769346554922041,60.0,60.46732774610205,0.0
2024-07-31 17:52:00,1.0,0.0,0.07692362806905663,60.0,60.46181403452832,0.0
2024-07-31 17:53:00,1.0,0.0,0.07691260222652405,60.0,60.45630111326202,0.0
2024-07-31 17:54:00,1.0,0.0,0.07690157796437977,60.0,60.450788982189884,0.0
2024-07-31 17:55:00,1.0,0.0,0.0768905552823973,60.0,60.44527764119865,0.0
2024-07-31 17:56:00,1.0,0.0,0.07687953418035014,60.0,60.43976709017507,0.0
2024-07-31 17:57:00,1.0,0.0,0.07686851465801182,60.0,60.43425732900591,0.0
2024-07-31 17:58:00,1.0,0.0,0.07685749671515592,60.0,60.42874835757796,0.0
2024-07-31 17:59:00,1.0,0.0,0.07684648035155604,60.0,60.42324017577802,0.0
2024-07-31 18:00:00,1.0,0.0,0.07683546556698582,60.0,60.41773278349291,0.0
2024-07-31 18:01:00,1.0,0.0,0.07682445236121893,60.0,60.412226180609466,0.0
2024-07-31 18:02:00,1.0,0.0,0.07681344073402907,60.0,60.406720367014536,0.0
2024-07-31 18:03:00,1.0,0.0,0.07680243068518999,60.0,60.401215342594995,0.0
2024-07-31 18:04:00,1.0,0.0,0.07679142221447544,60.0,60.395711107237716,0.0
2024-07-31 18:05:00,1.0,0.0,0.07678041532165922,60.0,60.39020766082961,0.0
2024-07-31 18:06:00,1.0,0.0,0.07676941000651517,60.0,60.38470500325759,0.0
2024-07-31 18:07:00,1.0,0.0,0.07675840626881715,60.0,60.37920313440858,0.0
2024-07-31 18:08:00,1.0,0.0,0.07674740410833907,60.0,60.373702054169534,0.0
2024-07-31 18:09:00,1.0,0.0,0.07673640352485483,60.0,60.36820176242742,0.0
2024-07-31 18:10:00,1.0,0.0,0.07672540451813842,60.0,60.36270225906921,0.0
2024-07-31 18:11:00,1.0,0.0,0.07671440708796383,60.0,60.35720354398191,0.0
2024-07-31 18:12:00,1.0,0.0,0.07670341123410507,60.0,60.35170561705253,0.0
2024-07-31 18:13:00,1.0,0.0,0.0766924169563362,60.0,60.3462084781681,0.0
2024-07-31 18:14:00,1.0,0.0,0.07668142425443134,60.0,60.34071212721567,0.0
2024-07-31 18:15:00,1.0,0.0,0.07667043312816457,60.0,60.33521656408229,0.0
2024-07-31 18:16:00,1.0,0.0,0.07665944357731008,60.0,60.32972178865504,0.0
2024-07-31 18:17:00,1.0,0.0,0.07664845560164206,60.0,60.32422780082103,0.0
2024-07-31 18:18:00,1.0,0.0,0.0766374692009347,60.0,60.31873460046735,0.0
2024-07-31 18:19:00,1.0,0.0,0.07662648437496228,60.0,60.31324218748114,0.0
2024-07-31 18:20:00,1.0,0.0,0.07661550112349907,60.0,60.307750561749536,0.0
2024-07-31 18:21:00,1.0,0.0,0.07660451944631941,60.0,60.3022597231597,0.0
2024-07-31 18:22:00,1.0,0.0,0.07659353934319763,60.0,60.29676967159881,0.0
2024-07-31 18:23:00,1.0,0.0,0.0765825608139081,60.0,60.29128040695405,0.0
2024-07-31 18:24:00,1.0,0.0,0.07657158385822527,60.0,60.285791929112634,0.0
2024-07-31 18:25:00,1.0,0.0,0.07656060847592357,60.0,60.28030423796178,0.0
2024-07-31 18:26:00,1.0,0.0,0.07654963466677747,60.0,60.27481733338873,0.0
2024-07-31 18:27:00,1.0,0.0,0.07653866243056148,60.0,60.269331215280744,0.0
2024-07-31 18:28:00,1.0,0.0,0.07652769176705018,60.0,60.26384588352509,0.0
2024-07-31 18:29:00,1.0,0.0,0.07651672267601813,60.0,60.25836133800906,0.0
2024-07-31 18:30:00,1.0,0.0,0.07650575515723991,60.0,60.25287757861995,0.0
2024-07-31 18:31:00,1.0,0.0,0.07649478921049019,60.0,60.24739460524509,0.0
2024-07-31 18:32:00,1.0,0.0,0.07648382483554363,60.0,60.241912417771815,0.0
2024-07-31 18:33:00,1.0,0.0,0.07647286203217495,60.0,60.23643101608747,0.0
2024-07-31 18:34:00,1.0,0.0,0.07646190080015887,60.0,60.230950400079436,0.0
2024-07-31 18:35:00,1.0,0.0,0.07645094113927017,60.0,60.225470569635085,0.0
2024-07-31 18:36:00,1.0,0.0,0.07643998304928365,60.0,60.21999152464183,0.0
2024-07-31 18:37:00,1.0,0.0,0.07642902652997416,60.0,60.214513264987076,0.0
2024-07-31 18:38:00,1.0,0.0,0.07641807158111653,60.0,60.20903579055827,0.0
2024-07-31 18:39:00,1.0,0.0,0.0764071182024857,60.0,60.20355910124285,0.0
2024-07-31 18:40:00,1.0,0.0,0.07639616639385659,60.0,60.198083196928295,0.0
2024-07-31 18:41:00,1.0,0.0,0.07638521615500414,60.0,60.19260807750207,0.0
2024-07-31 18:42:00,1.0,0.0,0.07637426748570339,60.0,60.18713374285169,0.0
2024-07-31 18:43:00,1.0,0.0,0.07636332038572932,60.0,60.18166019286466,0.0
2024-07-31 18:44:00,1.0,0.0,0.07635237485485703,60.0,60.176187427428516,0.0
2024-07-31 18:45:00,1.0,0.0,0.07634143089286159,60.0,60.1707154464308,0.0
2024-07-31 18:46:00,1.0,0.0,0.07633048849951814,60.0,60.16524424975907,0.0
2024-07-31 18:47:00,1.0,0.0,0.07631954767460182,60.0,60.15977383730091,0.0
2024-07-31 18:48:00,1.0,0.0,0.07630860841788782,60.0,60.15430420894391,0.0
2024-07-31 18:49:00,1.0,0.0,0.07629767072915139,60.0,60.148835364575696,0.0
2024-07-31 18:50:00,1.0,0.0,0.07628673460816776,60.0,60.14336730408388,0.0
2024-07-31 18:51:00,1.0,0.0,0.07627580005471223,60.0,60.13790002735611,0.0
2024-07-31 18:52:00,1.0,0.0,0.07626486706856009,60.0,60.13243353428005,0.0
2024-07-31 18:53:00,1.0,0.0,0.07625393564948672,60.0,60.12696782474336,0.0
2024-07-31 18:54:00,1.0,0.0,0.07624300579726749,60.0,60.12150289863374,0.0
2024-07-31 18:55:00,1.0,0.0,0.07623207751167782,60.0,60.11603875583891,0.0
2024-07-31 18:56:00,1.0,0.0,0.07622115079249316,60.0,60.110575396246574,0.0
2024-07-31 18:57:00,1.0,0.0,0.07621022563948897,60.0,60.105112819744484,0.0
2024-07-31 18:58:00,1.0,0.0,0.07619930205244078,60.0,60.09965102622039,0.0
2024-07-31 18:59:00,1.0,0.0,0.07618838003112414,60.0,60.09419001556207,0.0
2024-07-31 19:00:00,1.0,0.0,0.07617745957531462,60.0,60.08872978765731,0.0
2024-07-31 19:01:00,1.0,0.0,0.07616654068478781,60.0,60.08327034239391,0.0
2024-07-31 19:02:00,1.0,0.0,0.07615562335931939,60.0,60.07781167965969,0.0
2024-07-31 19:03:00,1.0,0.0,0.07614470759868497,60.0,60.07235379934249,0.0
2024-07-31 19:04:00,1.0,0.0,0.07613379340266031,60.0,60.06689670133016,0.0
2024-07-31 19:05:00,1.0,0.0,0.07612288077102114,60.0,60.06144038551057,0.0
2024-07-31 19:06:00,1.0,0.0,0.07611196970354321,60.0,60.055984851771605,0.0
2024-07-31 19:07:00,1.0,0.0,0.07610106020000232,60.0,60.05053010000116,0.0
2024-07-31 19:08:00,1.0,0.0,0.07609015226017432,60.0,60.04507613008716,0.0
2024-07-31 19:09:00,1.0,0.0,0.07607924588383508,60.0,60.039622941917536,0.0
2024-07-31 19:10:00,1.0,0.0,0.07606834107076046,60.0,60.034170535380234,0.0
2024-07-31 19:11:00,1.0,0.0,0.07605743782072644,60.0,60.02871891036322,0.0
2024-07-31 19:12:00,1.0,0.0,0.07604653613350894,60.0,60.02326806675447,0.0
2024-07-31 19:13:00,1.0,0.0,0.07603563600888397,60.0,60.017818004441985,0.0
2024-07-31 19:14:00,1.0,0.0,0.07602473744662755,60.0,60.01236872331378,0.0
2024-07-31 19:15:00,1.0,0.0,0.07601384044651575,60.0,60.00692022325788,0.0
2024-07-31 19:16:00,1.0,0.0,0.07600294500832468,60.0,60.00147250416234,0.0
2024-07-31 19:17:00,1.0,0.0,0.07599205113183041,60.0,59.996025565915204,0.0
2024-07-31 19:18:00,1.0,0.0,0.07598115881680913,60.0,59.990579408404564,0.0
2024-07-31 19:19:00,1.0,0.0,0.07597026806303701,60.0,59.985134031518506,0.0
2024-07-31 19:20:00,1.0,0.0,0.07595937887029028,60.0,59.97968943514514,0.0
2024-07-31 19:21:00,1.0,0.0,0.07594849123834518,60.0,59.97424561917259,0.0
2024-07-31 19:22:00,1.0,0.0,0.075937605166978,60.0,59.968802583489,0.0
2024-07-31 19:23:00,1.0,0.0,0.07592672065596506,60.0,59.96336032798253,0.0
2024-07-31 19:24:00,1.0,0.0,0.0759158377050827,60.0,59.95791885254135,0.0
2024-07-31 19:25:00,1.0,0.0,0.07590495631410729,60.0,59.95247815705365,0.0
2024-07-31 19:26:00,1.0,0.0,0.07589407648281526,60.0,59.94703824140763,0.0
2024-07-31 19:27:00,1.0,0.0,0.07588319821098304,60.0,59.94159910549152,0.0
2024-07-31 19:28:00,1.0,0.0,0.07587232149838712,60.0,59.936160749193554,0.0
2024-07-31 19:29:00,1.0,0.0,0.07586144634480396,60.0,59.93072317240198,0.0
2024-07-31 19:30:00,1.0,0.0,0.07585057275001016,60.0,59.92528637500508,0.0
2024-07-31 19:31:00,1.0,0.0,0.07583970071378225,60.0,59.919850356891125,0.0
2024-07-31 19:32:00,1.0,0.0,0.07582883023589686,60.0,59.91441511794843,0.0
2024-07-31 19:33:00,1.0,0.0,0.07581796131613061,60.0,59.9089806580653,0.0
2024-07-31 19:34:00,1.0,0.0,0.07580709395426016,60.0,59.903546977130084,0.0
2024-07-31 19:35:00,1.0,0.0,0.07579622815006223,60.0,59.89811407503112,0.0
2024-07-31 19:36:00,1.0,0.0,0.07578536390331354,60.0,59.89268195165677,0.0
2024-07-31 19:37:00,1.0,0.0,0.07577450121379084,60.0,59.88725060689542,0.0
2024-07-31 19:38:00,1.0,0.0,0.07576364008127096,60.0,59.881820040635475,0.0
2024-07-31 19:39:00,1.0,0.0,0.07575278050553068,60.0,59.87639025276534,0.0
2024-07-31 19:40:00,1.0,0.0,0.0757419224863469,60.0,59.87096124317345,0.0
2024-07-31 19:41:00,1.0,0.0,0.07573106602349648,60.0,59.86553301174824,0.0
2024-07-31 19:42:00,1.0,0.0,0.07572021111675638,60.0,59.86010555837819,0.0
2024-07-31 19:43:00,1.0,0.0,0.07570935776590353,60.0,59.85467888295176,0.0
2024-07-31 19:44:00,1.0,0.0,0.07569850597071491,60.0,59.84925298535745,0.0
2024-07-31 19:45:00,1.0,0.0,0.07568765573096756,60.0,59.843827865483775,0.0
2024-07-31 19:46:00,1.0,0.0,0.0756768070464385,60.0,59.83840352321925,0.0
2024-07-31 19:47:00,1.0,0.0,0.07566595991690485,60.0,59.83297995845243,0.0
2024-07-31 19:48:00,1.0,0.0,0.07565511434214371,60.0,59.82755717107185,0.0
2024-07-31 19:49:00,1.0,0.0,0.07564427032193222,60.0,59.822135160966106,0.0
2024-07-31 19:50:00,1.0,0.0,0.07563342785604757,60.0,59.81671392802378,0.0
2024-07-31 19:51:00,1.0,0.0,0.07562258694426696,60.0,59.81129347213348,0.0
2024-07-31 19:52:00,1.0,0.0,0.07561174758636763,60.0,59.805873793183814,0.0
2024-07-31 19:53:00,1.0,0.0,0.07560090978212686,60.0,59.80045489106343,0.0
2024-07-31 19:54:00,1.0,0.0,0.07559007353132198,60.0,59.79503676566099,0.0
2024-07-31 19:55:00,1.0,0.0,0.07557923883373029,60.0,59.78961941686514,0.0
2024-07-31 19:56:00,1.0,0.0,0.07556840568912918,60.0,59.78420284456459,0.0
2024-07-31 19:57:00,1.0,0.0,0.07555757409729606,60.0,59.77878704864803,0.0
2024-07-31 19:58:00,1.0,0.0,0.07554674405800835,60.0,59.77337202900417,0.0
2024-07-31 19:59:00,1.0,0.0,0.0755359155710435,60.0,59.76795778552175,0.0
2024-07-31 20:00:00,1.0,0.0,0.07552508863617904,60.0,59.762544318089525,0.0
2024-07-31 20:01:00,1.0,0.0,0.07551426325319249,60.0,59.75713162659625,0.0
2024-07-31 20:02:00,1.0,0.0,0.07550343942186141,60.0,59.75171971093071,0.0
2024-07-31 20:03:00,1.0,0.0,0.0754926171419634,60.0,59.7463085709817,0.0
2024-07-31 20:04:00,1.0,0.0,0.07548179641327606,60.0,59.74089820663803,0.0
2024-07-31 20:05:00,1.0,0.0,0.07547097723557707,60.0,59.73548861778853,0.0
2024-07-31 20:06:00,1.0,0.0,0.07546015960864412,60.0,59.73007980432206,0.0
2024-07-31 20:07:00,1.0,0.0,0.07544934353225492,60.0,59.72467176612746,0.0
2024-07-31 20:08:00,1.0,0.0,0.07543852900618722,60.0,59.71926450309361,0.0
2024-07-31 20:09:00,1.0,0.0,0.07542771603021883,60.0,59.713858015109416,0.0
2024-07-31 20:10:00,1.0,0.0,0.07541690460412753,60.0,59.70845230206377,0.0
2024-07-31 20:11:00,1.0,0.0,0.07540609472769122,60.0,59.703047363845606,0.0
2024-07-31 20:12:00,1.0,0.0,0.07539528640068772,60.0,59.69764320034386,0.0
2024-07-31 20:13:00,1.0,0.0,0.07538447962289499,60.0,59.69223981144749,0.0
2024-07-31 20:14:00,1.0,0.0,0.07537367439409094,60.0,59.68683719704547,0.0
2024-07-31 20:15:00,1.0,0.0,0.07536287071405358,60.0,59.681435357026785,0.0
2024-07-31 20:16:00,1.0,0.0,0.07535206858256088,60.0,59.67603429128044,0.0
2024-07-31 20:17:00,1.0,0.0,0.07534126799939089,60.0,59.67063399969545,0.0
2024-07-31 20:18:00,1.0,0.0,0.0753304689643217,60.0,59.66523448216085,0.0
2024-07-31 20:19:00,1.0,0.0,0.0753196714771314,60.0,59.6598357385657,0.0
2024-07-31 20:20:00,1.0,0.0,0.07530887553759813,60.0,59.65443776879906,0.0
2024-07-31 20:21:00,1.0,0.0,0.07529808114550005,60.0,59.649040572750025,0.0
2024-07-31 20:22:00,1.0,0.0,0.07528728830061536,60.0,59.64364415030768,0.0
2024-07-31 20:23:00,1.0,0.0,0.07527649700272229,60.0,59.63824850136115,0.0
2024-07-31 20:24:00,1.0,0.0,0.07526570725159912,60.0,59.632853625799555,0.0
2024-07-31 20:25:00,1.0,0.0,0.07525491904702411,60.0,59.62745952351205,0.0
2024-07-31 20:26:00,1.0,0.0,0.07524413238877561,60.0,59.622066194387806,0.0
2024-07-31 20:27:00,1.0,0.0,0.07523334727663197,60.0,59.61667363831599,0.0
2024-07-31 20:28:00,1.0,0.0,0.07522256371037159,60.0,59.611281855185794,0.0
2024-07-31 20:29:00,1.0,0.0,0.07521178168977288,60.0,59.60589084488644,0.0
2024-07-31 20:30:00,1.0,0.0,0.07520100121461429,60.0,59.60050060730714,0.0
2024-07-31 20:31:00,1.0,0.0,0.0751902222846743,60.0,59.595111142337146,0.0
2024-07-31 20:32:00,1.0,0.0,0.07517944489973144,60.0,59.58972244986572,0.0
2024-07-31 20:33:00,1.0,0.0,0.07516866905956425,60.0,59.584334529782126,0.0
2024-07-31 20:34:00,1.0,0.0,0.07515789476395132,60.0,59.57894738197566,0.0
2024-07-31 20:35:00,1.0,0.0,0.07514712201267125,60.0,59.57356100633562,0.0
2024-07-31 20:36:00,1.0,0.0,0.07513635080550268,60.0,59.56817540275134,0.0
2024-07-31 20:37:00,1.0,0.0,0.07512558114222431,60.0,59.56279057111215,0.0
2024-07-31 20:38:00,1.0,0.0,0.07511481302261482,60.0,59.557406511307406,0.0
2024-07-31 20:39:00,1.0,0.0,0.07510404644645294,60.0,59.55202322322647,0.0
2024-07-31 20:40:00,1.0,0.0,0.07509328141351748,60.0,59.54664070675874,0.0
2024-07-31 20:41:00,1.0,0.0,0.07508251792358721,60.0,59.5412589617936,0.0
2024-07-31 20:42:00,1.0,0.0,0.07507175597644097,60.0,59.535877988220484,0.0
2024-07-31 20:43:00,1.0,0.0,0.07506099557185764,60.0,59.530497785928816,0.0
2024-07-31 20:44:00,1.0,0.0,0.0750502367096161,60.0,59.52511835480804,0.0
2024-07-31 20:45:00,1.0,0.0,0.07503947938949526,60.0,59.51973969474763,0.0
2024-07-31 20:46:00,1.0,0.0,0.07502872361127412,60.0,59.51436180563706,0.0
2024-07-31 20:47:00,1.0,0.0,0.07501796937473165,60.0,59.508984687365825,0.0
2024-07-31 20:48:00,1.0,0.0,0.0750072166796469,60.0,59.503608339823444,0.0
2024-07-31 20:49:00,1.0,0.0,0.07499646552579887,60.0,59.498232762899434,0.0
2024-07-31 20:50:00,1.0,0.0,0.0749857159129667,60.0,59.49285795648335,0.0
2024-07-31 20:51:00,1.0,0.0,0.07497496784092948,60.0,59.48748392046474,0.0
2024-07-31 20:52:00,1.0,0.0,0.07496422130946638,60.0,59.48211065473319,0.0
2024-07-31 20:53:00,1.0,0.0,0.07495347631835657,60.0,59.47673815917828,0.0
2024-07-31 20:54:00,1.0,0.0,0.07494273286737925,60.0,59.471366433689624,0.0
2024-07-31 20:55:00,1.0,0.0,0.0749319909563137,60.0,59.46599547815685,0.0
2024-07-31 20:56:00,1.0,0.0,0.07492125058493916,60.0,59.46062529246958,0.0
2024-07-31 20:57:00,1.0,0.0,0.07491051175303497,60.0,59.455255876517484,0.0
2024-07-31 20:58:00,1.0,0.0,0.07489977446038044,60.0,59.44988723019022,0.0
2024-07-31 20:59:00,1.0,0.0,0.07488903870675498,60.0,59.44451935337749,0.0
2024-07-31 21:00:00,1.0,0.0,0.07487830449193796,60.0,59.43915224596898,0.0
2024-07-31 21:01:00,1.0,0.0,0.07486757181570881,60.0,59.43378590785441,0.0
2024-07-31 21:02:00,1.0,0.0,0.07485684067784704,60.0,59.428420338923516,0.0
2024-07-31 21:03:00,1.0,0.0,0.0748461110781321,60.0,59.42305553906605,0.0
2024-07-31 21:04:00,1.0,0.0,0.07483538301634354,60.0,59.41769150817177,0.0
2024-07-31 21:05:00,1.0,0.0,0.07482465649226093,60.0,59.412328246130464,0.0
2024-07-31 21:06:00,1.0,0.0,0.07481393150566386,60.0,59.40696575283193,0.0
2024-07-31 21:07:00,1.0,0.0,0.07480320805633194,60.0,59.40160402816597,0.0
2024-07-31 21:08:00,1.0,0.0,0.07479248614404485,60.0,59.39624307202242,0.0
2024-07-31 21:09:00,1.0,0.0,0.07478176576858225,60.0,59.39088288429112,0.0
2024-07-31 21:10:00,1.0,0.0,0.07477104692972388,60.0,59.38552346486194,0.0
2024-07-31 21:11:00,1.0,0.0,0.07476032962724947,60.0,59.38016481362474,0.0
2024-07-31 21:12:00,1.0,0.0,0.07474961386093884,60.0,59.37480693046942,0.0
2024-07-31 21:13:00,1.0,0.0,0.07473889963057177,60.0,59.36944981528588,0.0
2024-07-31 21:14:00,1.0,0.0,0.07472818693592811,60.0,59.364093467964054,0.0
2024-07-31 21:15:00,1.0,0.0,0.07471747577678775,60.0,59.358737888393875,0.0
2024-07-31 21:16:00,1.0,0.0,0.07470676615293058,60.0,59.35338307646529,0.0
2024-07-31 21:17:00,1.0,0.0,0.07469605806413657,60.0,59.34802903206828,0.0
2024-07-31 21:18:00,1.0,0.0,0.07468535151018567,60.0,59.342675755092834,0.0
2024-07-31 21:19:00,1.0,0.0,0.07467464649085788,60.0,59.33732324542894,0.0
2024-07-31 21:20:00,1.0,0.0,0.07466394300593325,60.0,59.331971502966624,0.0
2024-07-31 21:21:00,1.0,0.0,0.07465324105519183,60.0,59.326620527595914,0.0
2024-07-31 21:22:00,1.0,0.0,0.07464254063841373,60.0,59.32127031920687,0.0
2024-07-31 21:23:00,1.0,0.0,0.07463184175537908,60.0,59.31592087768954,0.0
2024-07-31 21:24:00,1.0,0.0,0.07462114440586803,60.0,59.31057220293402,0.0
2024-07-31 21:25:00,1.0,0.0,0.07461044858966079,60.0,59.305224294830396,0.0
2024-07-31 21:26:00,1.0,0.0,0.07459975430653758,60.0,59.29987715326879,0.0
2024-07-31 21:27:00,1.0,0.0,0.07458906155627863,60.0,59.29453077813932,0.0
2024-07-31 21:28:00,1.0,0.0,0.07457837033866425,60.0,59.28918516933213,0.0
2024-07-31 21:29:00,1.0,0.0,0.07456768065347477,60.0,59.28384032673738,0.0
2024-07-31 21:30:00,1.0,0.0,0.07455699250049051,60.0,59.278496250245254,0.0
2024-07-31 21:31:00,1.0,0.0,0.07454630587949188,60.0,59.273152939745934,0.0
2024-07-31 21:32:00,2.0,0.0,0.07453562079025926,60.0,59.26781039512963,0.0
2024-07-31 21:33:00,2.0,0.0,0.07452493723257313,60.0,59.26246861628656,0.0
2024-07-31 21:34:00,2.0,0.0,0.07451425520621395,60.0,59.25712760310697,0.0
2024-07-31 21:35:00,2.0,0.0,0.07450357471096221,60.0,59.251787355481106,0.0
2024-07-31 21:36:00,2.0,0.0,0.07449289574659848,60.0,59.24644787329924,0.0
2024-07-31 21:37:00,2.0,0.0,0.07448221831290332,60.0,59.24110915645166,0.0
2024-07-31 21:38:00,2.0,0.0,0.07447154240965732,60.0,59.23577120482866,0.0
2024-07-31 21:39:00,2.0,0.0,0.07446086803664112,60.0,59.23043401832056,0.0
2024-07-31 21:40:00,2.0,0.0,0.07445019519363538,60.0,59.22509759681769,0.0
2024-07-31 21:41:00,2.0,0.0,0.07443952388042081,60.0,59.219761940210404,0.0
2024-07-31 21:42:00,2.0,0.0,0.07442885409677813,60.0,59.21442704838906,0.0
2024-07-31 21:43:00,2.0,0.0,0.0744181858424881,60.0,59.20909292124405,0.0
2024-07-31 21:44:00,2.0,0.0,0.07440751911733151,60.0,59.20375955866575,0.0
2024-07-31 21:45:00,2.0,0.0,0.07439685392108918,60.0,59.19842696054459,0.0
2024-07-31 21:46:00,2.0,0.0,0.07438619025354196,60.0,59.19309512677098,0.0
2024-07-31 21:47:00,2.0,0.0,0.07437552811447073,60.0,59.18776405723537,0.0
2024-07-31 21:48:00,2.0,0.0,0.07436486750365644,60.0,59.18243375182822,0.0
2024-07-31 21:49:00,2.0,0.0,0.07435420842088,60.0,59.17710421044,0.0
2024-07-31 21:50:00,2.0,0.0,0.0743435508659224,60.0,59.1717754329612,0.0
2024-07-31 21:51:00,2.0,0.0,0.07433289483856464,60.0,59.16644741928232,0.0
2024-07-31 21:52:00,2.0,0.0,0.07432224033858778,60.0,59.16112016929389,0.0
2024-07-31 21:53:00,2.0,0.0,0.07431158736577288,60.0,59.15579368288644,0.0
2024-07-31 21:54:00,2.0,0.0,0.07430093591990106,60.0,59.150467959950525,0.0
2024-07-31 21:55:00,2.0,0.0,0.07429028600075342,60.0,59.14514300037671,0.0
2024-07-31 21:56:00,2.0,0.0,0.07427963760811117,60.0,59.13981880405559,0.0
2024-07-31 21:57:00,2.0,0.0,0.0742689907417555,60.0,59.13449537087775,0.0
2024-07-31 21:58:00,2.0,0.0,0.07425834540146763,60.0,59.12917270073381,0.0
2024-07-31 21:59:00,2.0,0.0,0.0742477015870288,60.0,59.1238507935144,0.0
2024-07-31 22:00:00,2.0,0.0,0.07423705929822035,60.0,59.11852964911017,0.0
2024-07-31 22:01:00,2.0,0.0,0.07422641853482356,60.0,59.11320926741178,0.0
2024-07-31 22:02:00,2.0,0.0,0.07421577929661982,60.0,59.10788964830991,0.0
2024-07-31 22:03:00,2.0,0.0,0.07420514158339049,60.0,59.10257079169524,0.0
2024-07-31 22:04:00,2.0,0.0,0.074194505394917,60.0,59.097252697458494,0.0
2024-07-31 22:05:00,2.0,0.0,0.07418387073098079,60.0,59.09193536549039,0.0
2024-07-31 22:06:00,2.0,0.0,0.07417323759136335,60.0,59.08661879568167,0.0
2024-07-31 22:07:00,2.0,0.0,0.07416260597584619,60.0,59.081302987923095,0.0
2024-07-31 22:08:00,2.0,0.0,0.07415197588421085,60.0,59.07598794210543,0.0
2024-07-31 22:09:00,2.0,0.0,0.07414134731623892,60.0,59.07067365811946,0.0
2024-07-31 22:10:00,2.0,0.0,0.074130720271712,60.0,59.065360135856,0.0
2024-07-31 22:11:00,2.0,0.0,0.0741200947504117,60.0,59.06004737520585,0.0
2024-07-31 22:12:00,2.0,0.0,0.07410947075211971,60.0,59.05473537605985,0.0
2024-07-31 22:13:00,2.0,0.0,0.07409884827661774,60.0,59.049424138308865,0.0
2024-07-31 22:14:00,2.0,0.0,0.07408822732368749,60.0,59.044113661843745,0.0
2024-07-31 22:15:00,2.0,0.0,0.07407760789311076,60.0,59.038803946555376,0.0
2024-07-31 22:16:00,2.0,0.0,0.0740669899846693,60.0,59.03349499233465,0.0
2024-07-31 22:17:00,2.0,0.0,0.07405637359814499,60.0,59.02818679907249,0.0
2024-07-31 22:18:00,2.0,0.0,0.07404575873331964,60.0,59.02287936665982,0.0
2024-07-31 22:19:00,2.0,0.0,0.07403514538997517,60.0,59.017572694987585,0.0
2024-07-31 22:20:00,2.0,0.0,0.07402453356789347,60.0,59.012266783946735,0.0
2024-07-31 22:21:00,2.0,0.0,0.0740139232668565,60.0,59.006961633428254,0.0
2024-07-31 22:22:00,2.0,0.0,0.07400331448664627,60.0,59.00165724332313,0.0
2024-07-31 22:23:00,2.0,0.0,0.07399270722704474,60.0,58.996353613522366,0.0
2024-07-31 22:24:00,2.0,0.0,0.07441210626566484,60.0,59.20605313283242,0.0
2024-07-31 22:25:00,2.0,0.0,0.07483144518975482,60.0,59.41572259487741,0.0
2024-07-31 22:26:00,2.0,0.0,0.07525072400793116,60.0,59.62536200396558,0.0
2024-07-31 22:27:00,2.0,0.0,0.07566994272880913,60.0,59.834971364404566,0.0
2024-07-31 22:28:00,2.0,0.0,0.0760891013610028,60.0,60.0445506805014,0.0
2024-07-31 22:29:00,2.0,0.0,0.07650819991312496,60.0,60.254099956562484,0.0
2024-07-31 22:30:00,2.0,0.0,0.0769272383937872,60.0,60.4636191968936,0.0
2024-07-31 22:31:00,2.0,0.0,0.07734621681159985,60.0,60.67310840579992,0.0
2024-07-31 22:32:00,2.0,0.0,0.077765135175172,60.0,60.882567587586,0.0
2024-07-31 22:33:00,2.0,0.0,0.07818399349311154,60.0,61.09199674655577,0.0
2024-07-31 22:34:00,2.0,0.0,0.07817278699619423,60.0,61.08639349809712,0.0
2024-07-31 22:35:00,2.0,0.0,0.07816158210555933,60.0,61.08079105277967,0.0
2024-07-31 22:36:00,2.0,0.0,0.0781503788209766,60.0,61.0751894104883,0.0
2024-07-31 22:37:00,2.0,0.0,0.07813917714221583,60.0,61.069588571107914,0.0
2024-07-31 22:38:00,2.0,0.0,0.07812797706904685,60.0,61.063988534523425,0.0
2024-07-31 22:39:00,2.0,0.0,0.07811677860123953,60.0,61.058389300619766,0.0
2024-07-31 22:40:00,2.0,0.0,0.07810558173856377,60.0,61.052790869281885,0.0
2024-07-31 22:41:00,2.0,0.0,0.0780943864807895,60.0,61.04719324039475,0.0
2024-07-31 22:42:00,2.0,0.0,0.07808319282768666,60.0,61.04159641384333,0.0
2024-07-31 22:43:00,2.0,0.0,0.07807200077902526,60.0,61.03600038951263,0.0
2024-07-31 22:44:00,2.0,0.0,0.07806081033457532,60.0,61.03040516728766,0.0
2024-07-31 22:45:00,2.0,0.0,0.07804962149410692,60.0,61.02481074705346,0.0
2024-07-31 22:46:00,2.0,0.0,0.07803843425739014,60.0,61.01921712869507,0.0
2024-07-31 22:47:00,2.0,0.0,0.07802724862419509,60.0,61.01362431209755,0.0
2024-07-31 22:48:00,2.0,0.0,0.07801606459429196,60.0,61.00803229714598,0.0
2024-07-31 22:49:00,2.0,0.0,0.07800488216745093,60.0,61.002441083725465,0.0
2024-07-31 22:50:00,2.0,0.0,0.07799370134344222,60.0,60.996850671721106,0.0
2024-07-31 22:51:00,2.0,0.0,0.07798252212203607,60.0,60.99126106101804,0.0
2024-07-31 22:52:00,2.0,0.0,0.07797134450300282,60.0,60.985672251501406,0.0
2024-07-31 22:53:00,2.0,0.0,0.07796016848611276,60.0,60.980084243056375,0.0
2024-07-31 22:54:00,2.0,0.0,0.07794899407113624,60.0,60.97449703556812,0.0
2024-07-31 22:55:00,2.0,0.0,0.07793782125784368,60.0,60.96891062892184,0.0
2024-07-31 22:56:00,2.0,0.0,0.07792665004600548,60.0,60.96332502300274,0.0
2024-07-31 22:57:00,2.0,0.0,0.0779154804353921,60.0,60.95774021769605,0.0
2024-07-31 22:58:00,2.0,0.0,0.07790431242577403,60.0,60.95215621288701,0.0
2024-07-31 22:59:00,2.0,0.0,0.0778931460169218,60.0,60.946573008460895,0.0
2024-07-31 23:00:00,2.0,0.0,0.07788198120860594,60.0,60.94099060430297,0.0
2024-07-31 23:01:00,2.0,0.0,0.07787081800059706,60.0,60.93540900029853,0.0
2024-07-31 23:02:00,2.0,0.0,0.07785965639266577,60.0,60.929828196332885,0.0
2024-07-31 23:03:00,2.0,0.0,0.07784849638458273,60.0,60.924248192291365,0.0
2024-07-31 23:04:00,2.0,0.0,0.07783733797611862,60.0,60.91866898805931,0.0
2024-07-31 23:05:00,2.0,0.0,0.07782618116704416,60.0,60.913090583522084,0.0
2024-07-31 23:06:00,2.0,0.0,0.07781502595713012,60.0,60.90751297856506,0.0
2024-07-31 23:07:00,2.0,0.0,0.07780387234614726,60.0,60.90193617307363,0.0
2024-07-31 23:08:00,2.0,0.0,0.0777927203338664,60.0,60.8963601669332,0.0
2024-07-31 23:09:00,2.0,0.0,0.07778156992005839,60.0,60.890784960029194,0.0
2024-07-31 23:10:00,2.0,0.0,0.07777042110449411,60.0,60.88521055224706,0.0
2024-07-31 23:11:00,2.0,0.0,0.0777592738869445,60.0,60.87963694347225,0.0
2024-07-31 23:12:00,2.0,0.0,0.07774812826718049,60.0,60.874064133590245,0.0
2024-07-31 23:13:00,2.0,0.0,0.07773698424497306,60.0,60.86849212248653,0.0
2024-07-31 23:14:00,2.0,0.0,0.07772584182009322,60.0,60.86292091004661,0.0
2024-07-31 23:15:00,2.0,0.0,0.07771470099231204,60.0,60.857350496156016,0.0
2024-07-31 23:16:00,2.0,0.0,0.07770356176140057,60.0,60.85178088070028,0.0
2024-07-31 23:17:00,2.0,0.0,0.07769242412712994,60.0,60.84621206356497,0.0
2024-07-31 23:18:00,2.0,0.0,0.07768128808927129,60.0,60.840644044635646,0.0
2024-07-31 23:19:00,2.0,0.0,0.07767015364759582,60.0,60.835076823797905,0.0
2024-07-31 23:20:00,2.0,0.0,0.0776590208018747,60.0,60.82951040093735,0.0
2024-07-31 23:21:00,2.0,0.0,0.07764788955187922,60.0,60.82394477593961,0.0
2024-07-31 23:22:00,2.0,0.0,0.07763675989738061,60.0,60.81837994869031,0.0
2024-07-31 23:23:00,2.0,0.0,0.07762563183815023,60.0,60.81281591907511,0.0
2024-07-31 23:24:00,2.0,0.0,0.07761450537395938,60.0,60.80725268697969,0.0
2024-07-31 23:25:00,2.0,0.0,0.07760338050457945,60.0,60.801690252289724,0.0
2024-07-31 23:26:00,2.0,0.0,0.07759225722978186,60.0,60.796128614890925,0.0
2024-07-31 23:27:00,2.0,0.0,0.07758113554933802,60.0,60.79056777466901,0.0
2024-07-31 23:28:00,2.0,0.0,0.07757001546301943,60.0,60.785007731509715,0.0
2024-07-31 23:29:00,2.0,0.0,0.07755889697059759,60.0,60.77944848529879,0.0
2024-07-31 23:30:00,2.0,0.0,0.07754778007184403,60.0,60.773890035922015,0.0
2024-07-31 23:31:00,2.0,0.0,0.07753666476653034,60.0,60.76833238326517,0.0
2024-07-31 23:32:00,2.0,0.0,0.07752555105442811,60.0,60.76277552721405,0.0
2024-07-31 23:33:00,2.0,0.0,0.07751443893530899,60.0,60.757219467654494,0.0
2024-07-31 23:34:00,2.0,0.0,0.07750332840894464,60.0,60.75166420447232,0.0
2024-07-31 23:35:00,2.0,0.0,0.07749221947510676,60.0,60.74610973755338,0.0
2024-07-31 23:36:00,2.0,0.0,0.07748111213356709,60.0,60.74055606678355,0.0
2024-07-31 23:37:00,2.0,0.0,0.0774700063840974,60.0,60.7350031920487,0.0
2024-07-31 23:38:00,2.0,0.0,0.07745890222646949,60.0,60.729451113234745,0.0
2024-07-31 23:39:00,2.0,0.0,0.07744779966045519,60.0,60.723899830227595,0.0
2024-07-31 23:40:00,2.0,0.0,0.07743669868582635,60.0,60.71834934291318,0.0
2024-07-31 23:41:00,2.0,0.0,0.07742559930235492,60.0,60.712799651177455,0.0
2024-07-31 23:42:00,2.0,0.0,0.07741450150981277,60.0,60.70725075490638,0.0
2024-07-31 23:43:00,2.0,0.0,0.07740340530797189,60.0,60.70170265398595,0.0
2024-07-31 23:44:00,2.0,0.0,0.0773923106966043,60.0,60.69615534830215,0.0
2024-07-31 23:45:00,2.0,0.0,0.07738121767548199,60.0,60.690608837740996,0.0
2024-07-31 23:46:00,2.0,0.0,0.07737012624437704,60.0,60.685063122188524,0.0
2024-07-31 23:47:00,2.0,0.0,0.07735903640306156,60.0,60.67951820153078,0.0
2024-07-31 23:48:00,2.0,0.0,0.07734794815130766,60.0,60.67397407565383,0.0
2024-07-31 23:49:00,2.0,0.0,0.0773368614888875,60.0,60.668430744443754,0.0
2024-07-31 23:50:00,2.0,0.0,0.07732577641557328,60.0,60.662888207786644,0.0
2024-07-31 23:51:00,2.0,0.0,0.07731469293113723,60.0,60.657346465568615,0.0
2024-07-31 23:52:00,2.0,0.0,0.07730361103535159,60.0,60.6518055176758,0.0
2024-07-31 23:53:00,2.0,0.0,0.07729253072798867,60.0,60.64626536399433,0.0
2024-07-31 23:54:00,2.0,0.0,0.07728145200882076,60.0,60.64072600441038,0.0
2024-07-31 23:55:00,2.0,0.0,0.07727037487762027,60.0,60.635187438810135,0.0
2024-07-31 23:56:00,2.0,0.0,0.07725929933415955,60.0,60.629649667079775,0.0
2024-07-31 23:57:00,2.0,0.0,0.07724822537821104,60.0,60.624112689105516,0.0
2024-07-31 23:58:00,2.0,0.0,0.07723715300954717,60.0,60.618576504773586,0.0
2024-07-31 23:59:00,2.0,0.0,0.07722608222794046,60.0,60.613041113970226,0.0
2024-08-01 00:00:00,2.0,0.0,0.07721501303316339,60.0,60.607506516581694,0.0
2024-08-01 00:01:00,2.0,0.0,0.07720394542498855,60.0,60.60197271249427,0.0
2024-08-01 00:02:00,2.0,0.0,0.0771928794031885,60.0,60.59643970159425,0.0
2024-08-01 00:03:00,2.0,0.0,0.07718181496753587,60.0,60.590907483767936,0.0
2024-08-01 00:04:00,2.0,0.0,0.0771707521178033,60.0,60.58537605890165,0.0
2024-08-01 00:05:00,2.0,0.0,0.07715969085376348,60.0,60.57984542688174,0.0
2024-08-01 00:06:00,2.0,0.0,0.07714863117518912,60.0,60.57431558759456,0.0
2024-08-01 00:07:00,2.0,0.0,0.07713757308185298,60.0,60.56878654092649,0.0
2024-08-01 00:08:00,2.0,0.0,0.07712651657352783,60.0,60.56325828676391,0.0
2024-08-01 00:09:00,2.0,0.0,0.07711546164998648,60.0,60.557730824993236,0.0
2024-08-01 00:10:00,2.0,0.0,0.07710440831100177,60.0,60.55220415550088,0.0
2024-08-01 00:11:00,2.0,0.0,0.07709335655634658,60.0,60.54667827817329,0.0
2024-08-01 00:12:00,2.0,0.0,0.07708230638579383,60.0,60.541153192896914,0.0
2024-08-01 00:13:00,2.0,0.0,0.07707125779911646,60.0,60.535628899558226,0.0
2024-08-01 00:14:00,2.0,0.0,0.07706021079608744,60.0,60.530105398043716,0.0
2024-08-01 00:15:00,2.0,0.0,0.07704916537647978,60.0,60.52458268823989,0.0
2024-08-01 00:16:00,2.0,0.0,0.07703812154006653,60.0,60.51906077003326,0.0
2024-08-01 00:17:00,2.0,0.0,0.07702707928662075,60.0,60.513539643310374,0.0
2024-08-01 00:18:00,2.0,0.0,0.07701603861591555,60.0,60.508019307957774,0.0
2024-08-01 00:19:00,2.0,0.0,0.07700499952772406,60.0,60.50249976386203,0.0
2024-08-01 00:20:00,2.0,0.0,0.07699396202181948,60.0,60.496981010909735,0.0
2024-08-01 00:21:00,2.0,0.0,0.07698292609797497,60.0,60.491463048987484,0.0
2024-08-01 00:22:00,2.0,0.0,0.07697189175596379,60.0,60.4859458779819,0.0
2024-08-01 00:23:00,2.0,0.0,0.07696085899555923,60.0,60.48042949777961,0.0
2024-08-01 00:24:00,2.0,0.0,0.07694982781653453,60.0,60.47491390826727,0.0
2024-08-01 00:25:00,2.0,0.0,0.07693879821866308,60.0,60.46939910933154,0.0
2024-08-01 00:26:00,2.0,0.0,0.07692777020171822,60.0,60.46388510085911,0.0
2024-08-01 00:27:00,2.0,0.0,0.07691674376547335,60.0,60.45837188273667,0.0
2024-08-01 00:28:00,2.0,0.0,0.0769057189097019,60.0,60.452859454850945,0.0
2024-08-01 00:29:00,2.0,0.0,0.07689469563417732,60.0,60.44734781708866,0.0
2024-08-01 00:30:00,2.0,0.0,0.07688367393867314,60.0,60.44183696933657,0.0
2024-08-01 00:31:00,2.0,0.0,0.07687265382296288,60.0,60.43632691148144,0.0
2024-08-01 00:32:00,2.0,0.0,0.07686163528682008,60.0,60.43081764341004,0.0
2024-08-01 00:33:00,2.0,0.0,0.07685061833001834,60.0,60.42530916500917,0.0
2024-08-01 00:34:00,2.0,0.0,0.07683960295233128,60.0,60.41980147616564,0.0
2024-08-01 00:35:00,2.0,0.0,0.07682858915353256,60.0,60.41429457676628,0.0
2024-08-01 00:36:00,2.0,0.0,0.07681757693339589,60.0,60.40878846669794,0.0
2024-08-01 00:37:00,2.0,0.0,0.07680656629169497,60.0,60.40328314584748,0.0
2024-08-01 00:38:00,2.0,0.0,0.07679555722820357,60.0,60.39777861410178,0.0
2024-08-01 00:39:00,2.0,0.0,0.07678454974269547,60.0,60.39227487134773,0.0
2024-08-01 00:40:00,2.0,0.0,0.07677354383494447,60.0,60.38677191747224,0.0
2024-08-01 00:41:00,2.0,0.0,0.07676253950472446,60.0,60.38126975236223,0.0
2024-08-01 00:42:00,2.0,0.0,0.0767515367518093,60.0,60.37576837590465,0.0
2024-08-01 00:43:00,2.0,0.0,0.07674053557597292,60.0,60.37026778798646,0.0
2024-08-01 00:44:00,2.0,0.0,0.07672953597698925,60.0,60.36476798849463,0.0
2024-08-01 00:45:00,2.0,0.0,0.07671853795463231,60.0,60.359268977316155,0.0
2024-08-01 00:46:00,2.0,0.0,0.07670754150867609,60.0,60.35377075433804,0.0
2024-08-01 00:47:00,2.0,0.0,0.07669654663889462,60.0,60.34827331944731,0.0
2024-08-01 00:48:00,2.0,0.0,0.07668555334506201,60.0,60.342776672531,0.0
2024-08-01 00:49:00,2.0,0.0,0.07667456162695234,60.0,60.33728081347617,0.0
2024-08-01 00:50:00,2.0,0.0,0.07666357148433979,60.0,60.33178574216989,0.0
2024-08-01 00:51:00,2.0,0.0,0.0766525829169985,60.0,60.32629145849925,0.0
2024-08-01 00:52:00,2.0,0.0,0.0766415959247027,60.0,60.32079796235135,0.0
2024-08-01 00:53:00,2.0,0.0,0.07663061050722664,60.0,60.31530525361332,0.0
2024-08-01 00:54:00,2.0,0.0,0.07661962666434456,60.0,60.30981333217228,0.0
2024-08-01 00:55:00,2.0,0.0,0.07660864439583082,60.0,60.304322197915404,0.0
2024-08-01 00:56:00,2.0,0.0,0.07659766370145969,60.0,60.29883185072985,0.0
2024-08-01 00:57:00,2.0,0.0,0.07658668458100559,60.0,60.29334229050279,0.0
2024-08-01 00:58:00,2.0,0.0,0.07657570703424289,60.0,60.28785351712145,0.0
2024-08-01 00:59:00,2.0,0.0,0.07656473106094606,60.0,60.28236553047303,0.0
2024-08-01 01:00:00,2.0,0.0,0.07655375666088955,60.0,60.276878330444774,0.0
2024-08-01 01:01:00,2.0,0.0,0.07654278383384786,60.0,60.271391916923925,0.0
2024-08-01 01:02:00,2.0,0.0,0.07653181257959552,60.0,60.265906289797755,0.0
2024-08-01 01:03:00,2.0,0.0,0.07652084289790709,60.0,60.260421448953544,0.0
2024-08-01 01:04:00,2.0,0.0,0.07650987478855717,60.0,60.254937394278585,0.0
2024-08-01 01:05:00,2.0,0.0,0.0764989082513204,60.0,60.2494541256602,0.0
2024-08-01 01:06:00,2.0,0.0,0.07648794328597143,60.0,60.24397164298571,0.0
2024-08-01 01:07:00,2.0,0.0,0.07647697989228494,60.0,60.23848994614247,0.0
2024-08-01 01:08:00,2.0,0.0,0.07646601807003568,60.0,60.233009035017844,0.0
2024-08-01 01:09:00,2.0,0.0,0.07645505781899842,60.0,60.227528909499206,0.0
2024-08-01 01:10:00,2.0,0.0,0.07644409913894791,60.0,60.22204956947395,0.0
2024-08-01 01:11:00,2.0,0.0,0.076433142029659,60.0,60.2165710148295,0.0
2024-08-01 01:12:00,2.0,0.0,0.07642218649090654,60.0,60.21109324545327,0.0
2024-08-01 01:13:00,2.0,0.0,0.07641123252246541,60.0,60.205616261232706,0.0
2024-08-01 01:14:00,2.0,0.0,0.07640028012411054,60.0,60.20014006205527,0.0
2024-08-01 01:15:00,2.0,0.0,0.07638932929561687,60.0,60.19466464780844,0.0
2024-08-01 01:16:00,2.0,0.0,0.07637838003675941,60.0,60.189190018379705,0.0
2024-08-01 01:17:00,2.0,0.0,0.07636743234731314,60.0,60.18371617365657,0.0
2024-08-01 01:18:00,2.0,0.0,0.07635648622705314,60.0,60.17824311352657,0.0
2024-08-01 01:19:00,2.0,0.0,0.07634554167575448,60.0,60.17277083787724,0.0
2024-08-01 01:20:00,2.0,0.0,0.07633459869319226,60.0,60.16729934659613,0.0
2024-08-01 01:21:00,2.0,0.0,0.07632365727914164,60.0,60.16182863957082,0.0
2024-08-01 01:22:00,2.0,0.0,0.07631271743337778,60.0,60.15635871668889,0.0
2024-08-01 01:23:00,2.0,0.0,0.07630177915567592,60.0,60.15088957783796,0.0
2024-08-01 01:24:00,2.0,0.0,0.07629084244581126,60.0,60.14542122290563,0.0
2024-08-01 01:25:00,2.0,0.0,0.07627990730355912,60.0,60.13995365177956,0.0
2024-08-01 01:26:00,2.0,0.0,0.07626897372869477,60.0,60.13448686434739,0.0
2024-08-01 01:27:00,2.0,0.0,0.07625804172099358,60.0,60.12902086049679,0.0
2024-08-01 01:28:00,2.0,0.0,0.0762471112802309,60.0,60.12355564011545,0.0
2024-08-01 01:29:00,2.0,0.0,0.07623618240618213,60.0,60.11809120309106,0.0
2024-08-01 01:30:00,2.0,0.0,0.07622525509862271,60.0,60.112627549311355,0.0
2024-08-01 01:31:00,2.0,0.0,0.07621432935732811,60.0,60.107164678664056,0.0
2024-08-01 01:32:00,2.0,0.0,0.07620340518207384,60.0,60.10170259103692,0.0
2024-08-01 01:33:00,2.0,0.0,0.07619248257263542,60.0,60.09624128631771,0.0
2024-08-01 01:34:00,2.0,0.0,0.07618156152878841,60.0,60.090780764394204,0.0
2024-08-01 01:35:00,2.0,0.0,0.07617064205030841,60.0,60.0853210251542,0.0
2024-08-01 01:36:00,2.0,0.0,0.07615972413697104,60.0,60.07986206848552,0.0
2024-08-01 01:37:00,2.0,0.0,0.07614880778855197,60.0,60.07440389427599,0.0
2024-08-01 01:38:00,2.0,0.0,0.07613789300482691,60.0,60.06894650241345,0.0
2024-08-01 01:39:00,2.0,0.0,0.07612697978557156,60.0,60.06348989278578,0.0
2024-08-01 01:40:00,2.0,0.0,0.07611606813056168,60.0,60.05803406528084,0.0
2024-08-01 01:41:00,2.0,0.0,0.07610515803957307,60.0,60.052579019786535,0.0
2024-08-01 01:42:00,2.0,0.0,0.07609424951238154,60.0,60.04712475619077,0.0
2024-08-01 01:43:00,2.0,0.0,0.07608334254876295,60.0,60.04167127438147,0.0
2024-08-01 01:44:00,2.0,0.0,0.07607243714849318,60.0,60.03621857424659,0.0
2024-08-01 01:45:00,2.0,0.0,0.07606153331134814,60.0,60.03076665567407,0.0
2024-08-01 01:46:00,2.0,0.0,0.0760506310371038,60.0,60.0253155185519,0.0
2024-08-01 01:47:00,2.0,0.0,0.07603973032553613,60.0,60.01986516276806,0.0
2024-08-01 01:48:00,2.0,0.0,0.07602883117642115,60.0,60.014415588210575,0.0
2024-08-01 01:49:00,2.0,0.0,0.07601793358953489,60.0,60.008966794767446,0.0
2024-08-01 01:50:00,2.0,0.0,0.07600703756465345,60.0,60.00351878232672,0.0
2024-08-01 01:51:00,2.0,0.0,0.07599614310155292,60.0,59.99807155077646,0.0
2024-08-01 01:52:00,2.0,0.0,0.07598525020000946,60.0,59.99262510000473,0.0
2024-08-01 01:53:00,2.0,0.0,0.07597435885979924,60.0,59.98717942989962,0.0
2024-08-01 01:54:00,2.0,0.0,0.07596346908069847,60.0,59.98173454034923,0.0
2024-08-01 01:55:00,2.0,0.0,0.07595258086248335,60.0,59.97629043124168,0.0
2024-08-01 01:56:00,2.0,0.0,0.0759416942049302,60.0,59.9708471024651,0.0
2024-08-01 01:57:00,2.0,0.0,0.07593080910781531,60.0,59.96540455390765,0.0
2024-08-01 01:58:00,2.0,0.0,0.075919925570915,60.0,59.9599627854575,0.0
2024-08-01 01:59:00,2.0,0.0,0.07590904359400566,60.0,59.954521797002826,0.0
2024-08-01 02:00:00,2.0,0.0,0.07589816317686365,60.0,59.949081588431824,0.0
2024-08-01 02:01:00,2.0,0.0,0.07588728431926543,60.0,59.94364215963272,0.0
2024-08-01 02:02:00,2.0,0.0,0.07587640702098747,60.0,59.938203510493736,0.0
2024-08-01 02:03:00,2.0,0.0,0.07586553128180626,60.0,59.93276564090313,0.0
2024-08-01 02:04:00,2.0,0.0,0.0758546571014983,60.0,59.92732855074915,0.0
2024-08-01 02:05:00,2.0,0.0,0.07584378447984018,60.0,59.92189223992009,0.0
2024-08-01 02:06:00,2.0,0.0,0.07583291341660847,60.0,59.91645670830424,0.0
2024-08-01 02:07:00,2.0,0.0,0.07582204391157982,60.0,59.911021955789906,0.0
2024-08-01 02:08:00,2.0,0.0,0.07581117596453085,60.0,59.90558798226542,0.0
2024-08-01 02:09:00,2.0,0.0,0.07580030957523827,60.0,59.90015478761914,0.0
2024-08-01 02:10:00,2.0,0.0,0.0757894447434788,60.0,59.8947223717394,0.0
2024-08-01 02:11:00,2.0,0.0,0.07577858146902917,60.0,59.88929073451459,0.0
2024-08-01 02:12:00,2.0,0.0,0.07576771975166621,60.0,59.8838598758331,0.0
2024-08-01 02:13:00,2.0,0.0,0.0757568595911667,60.0,59.878429795583344,0.0
2024-08-01 02:14:00,2.0,0.0,0.07574600098730747,60.0,59.873000493653734,0.0
2024-08-01 02:15:00,2.0,0.0,0.07573514393986543,60.0,59.86757196993271,0.0
2024-08-01 02:16:00,2.0,0.0,0.07572428844861748,60.0,59.862144224308736,0.0
2024-08-01 02:17:00,2.0,0.0,0.07571343451334056,60.0,59.85671725667028,0.0
2024-08-01 02:18:00,2.0,0.0,0.07570258213381165,60.0,59.85129106690582,0.0
2024-08-01 02:19:00,2.0,0.0,0.07569173130980775,60.0,59.845865654903875,0.0
2024-08-01 02:20:00,2.0,11.553360000000001,0.07568088204110592,60.0,59.84044102055296,6.0
2024-08-01 02:21:00,2.0,0.0,0.0740140343274832,60.0,59.0070171637416,0.0
2024-08-01 02:22:00,2.0,0.0,0.07400342553135408,60.0,59.00171276567704,0.0
2024-08-01 02:23:00,2.0,0.0,0.07399281825583598,60.0,58.996409127917985,0.0
2024-08-01 02:24:00,2.0,0.0,0.07441221727854178,60.0,59.20610863927089,0.0
2024-08-01 02:25:00,2.0,0.0,0.07483155618671973,60.0,59.41577809335986,0.0
2024-08-01 02:26:00,2.0,0.0,0.07525083498898631,60.0,59.625417494493156,0.0
2024-08-01 02:27:00,2.0,0.0,0.07567005369395684,60.0,59.835026846978415,0.0
2024-08-01 02:28:00,2.0,0.0,0.07608921231024532,60.0,60.04460615512266,0.0
2024-08-01 02:29:00,2.0,0.0,0.07650831084646459,60.0,60.25415542323229,0.0
2024-08-01 02:30:00,2.0,0.0,0.07692734931122619,60.0,60.4636746556131,0.0
2024-08-01 02:31:00,2.0,0.0,0.0773463277131405,60.0,60.67316385657025,0.0
2024-08-01 02:32:00,2.0,0.0,0.0777652460608166,60.0,60.8826230304083,0.0
2024-08-01 02:33:00,2.0,0.0,0.07818410436286234,60.0,61.09205218143117,0.0
2024-08-01 02:34:00,2.0,0.0,0.07817289785005352,60.0,61.08644892502676,0.0
2024-08-01 02:35:00,2.0,0.0,0.07816169294352937,60.0,61.08084647176469,0.0
2024-08-01 02:36:00,2.0,0.0,0.07815048964305969,60.0,61.07524482152984,0.0
2024-08-01 02:37:00,2.0,0.0,0.07813928794841424,60.0,61.06964397420712,0.0
2024-08-01 02:38:00,2.0,0.0,0.07812808785936287,60.0,61.06404392968143,0.0
2024-08-01 02:39:00,2.0,0.0,0.07811688937567543,60.0,61.058444687837714,0.0
2024-08-01 02:40:00,2.0,1.92556,0.07810569249712182,60.0,61.05284624856091,1.0
2024-08-01 02:41:00,2.0,1.92556,0.07781849722347196,60.0,60.90924861173598,1.0
2024-08-01 02:42:00,2.0,0.0,0.0775313431149354,60.0,60.7656715574677,0.0
2024-08-01 02:43:00,2.0,0.0,0.07752023016561171,60.0,60.760115082805854,0.0
2024-08-01 02:44:00,2.0,0.0,0.0775091188091618,60.0,60.754559404580895,0.0
2024-08-01 02:45:00,2.0,0.0,0.07749800904535732,60.0,60.74900452267866,0.0
2024-08-01 02:46:00,2.0,0.0,0.07748690087397003,60.0,60.743450436985015,0.0
2024-08-01 02:47:00,2.0,0.0,0.07747579429477167,60.0,60.73789714738583,0.0
2024-08-01 02:48:00,2.0,0.0,0.077464689307534,60.0,60.732344653767,0.0
2024-08-01 02:49:00,2.0,1.92556,0.07745358591202886,60.0,60.72679295601443,1.0
2024-08-01 02:50:00,2.0,0.0,0.0771664841080281,60.0,60.58324205401404,0.0
2024-08-01 02:51:00,2.0,0.0,0.07715542345574314,60.0,60.577711727871566,0.0
2024-08-01 02:52:00,2.0,0.0,0.07714436438883596,60.0,60.57218219441798,0.0
2024-08-01 02:53:00,2.0,0.0,0.07713330690707931,60.0,60.56665345353966,0.0
2024-08-01 02:54:00,2.0,0.0,0.077122251010246,60.0,60.561125505123,0.0
2024-08-01 02:55:00,2.0,0.0,0.07711119669810884,60.0,60.55559834905442,0.0
2024-08-01 02:56:00,2.0,0.0,0.0771001439704407,60.0,60.55007198522035,0.0
2024-08-01 02:57:00,2.0,0.0,0.07708909282701445,60.0,60.54454641350723,0.0
2024-08-01 02:58:00,2.0,0.0,0.07707804326760304,60.0,60.53902163380152,0.0
2024-08-01 02:59:00,2.0,0.0,0.0770669952919794,60.0,60.5334976459897,0.0
2024-08-01 03:00:00,2.0,0.0,0.07705594889991652,60.0,60.52797444995826,0.0
2024-08-01 03:01:00,2.0,0.0,0.07704490409118743,60.0,60.52245204559372,0.0
2024-08-01 03:02:00,2.0,0.0,0.07703386086556518,60.0,60.516930432782594,0.0
2024-08-01 03:03:00,2.0,0.0,0.07702281922282288,60.0,60.51140961141144,0.0
2024-08-01 03:04:00,2.0,0.0,0.0770117791627336,60.0,60.5058895813668,0.0
2024-08-01 03:05:00,2.0,0.0,0.07700074068507053,60.0,60.50037034253526,0.0
2024-08-01 03:06:00,2.0,0.0,0.07698970378960682,60.0,60.49485189480341,0.0
2024-08-01 03:07:00,2.0,0.0,0.07697866847611572,60.0,60.48933423805786,0.0
2024-08-01 03:08:00,2.0,0.0,0.07696763474437046,60.0,60.48381737218523,0.0
2024-08-01 03:09:00,2.0,0.0,0.07695660259414432,60.0,60.47830129707216,0.0
2024-08-01 03:10:00,2.0,0.0,0.07694557202521062,60.0,60.472786012605305,0.0
2024-08-01 03:11:00,2.0,0.0,0.07693454303734269,60.0,60.467271518671346,0.0
2024-08-01 03:12:00,2.0,0.0,0.07692351563031392,60.0,60.461757815156965,0.0
2024-08-01 03:13:00,2.0,0.0,0.07691248980389774,60.0,60.45624490194887,0.0
2024-08-01 03:14:00,2.0,0.0,0.07690146555786757,60.0,60.450732778933784,0.0
2024-08-01 03:15:00,2.0,0.0,0.07689044289199687,60.0,60.445221445998435,0.0
2024-08-01 03:16:00,2.0,0.0,0.07687942180605917,60.0,60.439710903029585,0.0
2024-08-01 03:17:00,2.0,0.0,0.07686840229982801,60.0,60.434201149914,0.0
2024-08-01 03:18:00,2.0,0.0,0.07685738437307696,60.0,60.42869218653848,0.0
2024-08-01 03:19:00,2.0,0.0,0.07684636802557962,60.0,60.42318401278981,0.0
2024-08-01 03:20:00,2.0,0.0,0.07683535325710965,60.0,60.41767662855482,0.0
2024-08-01 03:21:00,2.0,0.0,0.07682434006744068,60.0,60.412170033720344,0.0
2024-08-01 03:22:00,2.0,0.0,0.07681332845634646,60.0,60.40666422817323,0.0
2024-08-01 03:23:00,2.0,0.0,0.07680231842360068,60.0,60.40115921180034,0.0
2024-08-01 03:24:00,2.0,0.0,0.07679130996897714,60.0,60.395654984488566,0.0
2024-08-01 03:25:00,2.0,0.0,0.07678030309224962,60.0,60.390151546124805,0.0
2024-08-01 03:26:00,2.0,0.0,0.07676929779319196,60.0,60.38464889659598,0.0
2024-08-01 03:27:00,2.0,0.0,0.07675829407157803,60.0,60.37914703578901,0.0
2024-08-01 03:28:00,2.0,0.0,0.0767472919271817,60.0,60.37364596359085,0.0
2024-08-01 03:29:00,2.0,0.0,0.07673629135977696,60.0,60.36814567988848,0.0
2024-08-01 03:30:00,2.0,1.92556,0.07672529236913772,60.0,60.36264618456886,1.0
2024-08-01 03:31:00,2.0,1.92556,0.076438294955038,60.0,60.219147477518995,1.0
2024-08-01 03:32:00,2.0,0.0,0.07615133867769136,60.0,60.07566933884568,0.0
2024-08-01 03:33:00,2.0,0.0,0.07614042353120148,60.0,60.07021176560074,0.0
2024-08-01 03:34:00,2.0,0.0,0.07612950994923333,60.0,60.06475497461666,0.0
2024-08-01 03:35:00,2.0,0.0,0.07611859793156263,60.0,60.059298965781316,0.0
2024-08-01 03:36:00,2.0,0.0,0.07610768747796519,60.0,60.05384373898259,0.0
2024-08-01 03:37:00,2.0,0.0,0.0760967785882168,60.0,60.0483892941084,0.0
2024-08-01 03:38:00,2.0,0.0,0.0760858712620933,60.0,60.04293563104665,0.0
2024-08-01 03:39:00,2.0,0.0,0.0760749654993706,60.0,60.037482749685296,0.0
2024-08-01 03:40:00,2.0,0.0,0.07606406129982457,60.0,60.032030649912286,0.0
2024-08-01 03:41:00,2.0,0.0,0.07605315866323119,60.0,60.026579331615594,0.0
2024-08-01 03:42:00,2.0,0.0,0.07604225758936642,60.0,60.02112879468321,0.0
2024-08-01 03:43:00,2.0,0.0,0.07603135807800626,60.0,60.01567903900313,0.0
2024-08-01 03:44:00,2.0,0.0,0.07602046012892676,60.0,60.01023006446338,0.0
2024-08-01 03:45:00,2.0,0.0,0.07600956374190397,60.0,60.00478187095199,0.0
2024-08-01 03:46:00,2.0,0.0,0.07599866891671403,60.0,59.99933445835701,0.0
2024-08-01 03:47:00,2.0,0.0,0.07598777565313303,60.0,59.993887826566514,0.0
2024-08-01 03:48:00,2.0,11.553360000000001,0.07597688395093717,60.0,59.98844197546858,6.0
2024-08-01 03:49:00,2.0,11.553360000000001,0.07430999380990264,60.0,59.15499690495132,6.0
2024-08-01 03:50:00,2.0,0.0,0.07264334259244302,60.0,58.32167129622151,0.0
2024-08-01 03:51:00,2.0,0.0,0.0730629350421431,60.0,58.53146752107155,0.0
2024-08-01 03:52:00,2.0,0.0,0.07348246734959046,60.0,58.74123367479523,0.0
2024-08-01 03:53:00,2.0,0.0,0.07390193952340562,60.0,58.95096976170281,0.0
2024-08-01 03:54:00,2.0,0.0,0.0743213515722078,60.0,59.1606757861039,0.0
2024-08-01 03:55:00,2.0,0.0,0.07474070350461504,60.0,59.37035175230752,0.0
2024-08-01 03:56:00,2.0,0.0,0.0751599953292441,60.0,59.57999766462205,0.0
2024-08-01 03:57:00,2.0,0.0,0.07557922705471051,60.0,59.78961352735526,0.0
2024-08-01 03:58:00,2.0,0.0,0.07599839868962861,60.0,59.99919934481431,0.0
2024-08-01 03:59:00,2.0,0.0,0.07641751024261147,60.0,60.208755121305735,0.0
2024-08-01 04:00:00,2.0,0.0,0.07683656172227092,60.0,60.41828086113546,0.0
2024-08-01 04:01:00,2.0,0.0,0.07725555313721756,60.0,60.62777656860878,0.0
2024-08-01 04:02:00,2.0,0.0,0.07767448449606078,60.0,60.837242248030385,0.0
2024-08-01 04:03:00,2.0,0.0,0.07809335580740868,60.0,61.04667790370434,0.0
2024-08-01 04:04:00,2.0,0.0,0.07808216230203735,60.0,61.04108115101867,0.0
2024-08-01 04:05:00,2.0,0.0,0.07807097040108628,60.0,61.035485200543135,0.0
2024-08-01 04:06:00,2.0,0.0,0.07805978010432549,60.0,61.02989005216274,0.0
2024-08-01 04:07:00,2.0,0.0,0.07804859141152505,60.0,61.024295705762526,0.0
2024-08-01 04:08:00,2.0,0.0,0.07803740432245508,60.0,61.01870216122754,0.0
2024-08-01 04:09:00,2.0,0.0,0.0780262188368857,60.0,61.013109418442845,0.0
2024-08-01 04:10:00,2.0,0.0,0.07801503495458705,60.0,61.00751747729352,0.0
2024-08-01 04:11:00,2.0,0.0,0.07800385267532933,60.0,61.00192633766466,0.0
2024-08-01 04:12:00,2.0,0.0,0.0779926719988828,60.0,60.9963359994414,0.0
2024-08-01 04:13:00,2.0,0.0,0.07798149292501769,60.0,60.990746462508845,0.0
2024-08-01 04:14:00,2.0,0.0,0.07797031545350432,60.0,60.985157726752156,0.0
2024-08-01 04:15:00,2.0,0.0,0.07795913958411299,60.0,60.979569792056495,0.0
2024-08-01 04:16:00,2.0,0.0,0.07794796531661408,60.0,60.97398265830704,0.0
2024-08-01 04:17:00,2.0,0.0,0.07793679265077796,60.0,60.96839632538898,0.0
2024-08-01 04:18:00,2.0,0.0,0.07792562158637507,60.0,60.962810793187536,0.0
2024-08-01 04:19:00,1.0,0.0,0.07791445212317588,60.0,60.95722606158794,0.0
2024-08-01 04:20:00,1.0,0.0,0.07790328426095088,60.0,60.951642130475435,0.0
2024-08-01 04:21:00,1.0,0.0,0.07789211799947056,60.0,60.94605899973528,0.0
2024-08-01 04:22:00,1.0,0.0,0.0778809533385055,60.0,60.94047666925275,0.0
2024-08-01 04:23:00,1.0,0.0,0.07786979027782631,60.0,60.934895138913156,0.0
2024-08-01 04:24:00,1.0,0.0,0.0778586288172036,60.0,60.9293144086018,0.0
2024-08-01 04:25:00,1.0,0.0,0.07784746895640801,60.0,60.923734478204004,0.0
2024-08-01 04:26:00,1.0,0.0,0.07783631069521024,60.0,60.91815534760512,0.0
2024-08-01 04:27:00,1.0,0.0,0.07782515403338103,60.0,60.91257701669051,0.0
2024-08-01 04:28:00,1.0,0.0,0.0778139989706911,60.0,60.90699948534555,0.0
2024-08-01 04:29:00,1.0,11.553360000000001,0.07780284550691127,60.0,60.901422753455634,6.0
2024-08-01 04:30:00,1.0,11.553360000000001,0.07613569364181234,60.0,60.06784682090617,6.0
2024-08-01 04:31:00,1.0,0.0,0.07446878073780253,60.0,59.23439036890126,0.0
2024-08-01 04:32:00,1.0,0.0,0.07445810676063036,60.0,59.22905338031518,0.0
2024-08-01 04:33:00,1.0,1.92556,0.07444743431341191,60.0,59.22371715670596,1.0
2024-08-01 04:34:00,1.0,0.0,0.07416076339592792,60.0,59.08038169796396,0.0
2024-08-01 04:35:00,1.0,0.0,0.07415013356839864,60.0,59.07506678419932,0.0
2024-08-01 04:36:00,1.0,0.0,0.07413950526449492,60.0,59.06975263224746,0.0
2024-08-01 04:37:00,1.0,0.0,0.07412887848399834,60.0,59.06443924199917,0.0
2024-08-01 04:38:00,1.0,0.0,0.07411825322669054,60.0,59.05912661334527,0.0
2024-08-01 04:39:00,1.0,0.0,0.07410762949235322,60.0,59.05381474617661,0.0
2024-08-01 04:40:00,1.0,0.0,0.07409700728076808,60.0,59.04850364038404,0.0
2024-08-01 04:41:00,1.0,0.0,0.07408638659171685,60.0,59.04319329585842,0.0
2024-08-01 04:42:00,1.0,0.0,0.0740757674249813,60.0,59.03788371249065,0.0
2024-08-01 04:43:00,1.0,0.0,0.07406514978034322,60.0,59.03257489017161,0.0
2024-08-01 04:44:00,1.0,0.0,0.07405453365758446,60.0,59.02726682879223,0.0
2024-08-01 04:45:00,1.0,0.0,0.07404391905648686,60.0,59.02195952824343,0.0
2024-08-01 04:46:00,1.0,0.0,0.07403330597683233,60.0,59.01665298841616,0.0
2024-08-01 04:47:00,1.0,0.0,0.07402269441840278,60.0,59.01134720920139,0.0
2024-08-01 04:48:00,1.0,0.0,0.07401208438098017,60.0,59.006042190490085,0.0
2024-08-01 04:49:00,1.0,0.0,0.0740014758643465,60.0,59.000737932173244,0.0
2024-08-01 04:50:00,1.0,0.0,0.07399086886828375,60.0,58.99543443414188,0.0
2024-08-01 04:51:00,1.0,0.0,0.07441026817040487,60.0,59.20513408520244,0.0
2024-08-01 04:52:00,1.0,0.0,0.0748296073579581,60.0,59.41480367897905,0.0
2024-08-01 04:53:00,1.0,0.0,0.07524888643955992,60.0,59.624443219779955,0.0
2024-08-01 04:54:00,1.0,0.0,0.07566810542382563,60.0,59.83405271191281,0.0
2024-08-01 04:55:00,1.0,0.0,0.07608726431936927,60.0,60.043632159684634,0.0
2024-08-01 04:56:00,1.0,0.0,0.07650636313480366,60.0,60.25318156740183,0.0
2024-08-01 04:57:00,1.0,0.0,0.07692540187874039,60.0,60.462700939370194,0.0
2024-08-01 04:58:00,1.0,0.0,0.07734438055978979,60.0,60.67219027989489,0.0
2024-08-01 04:59:00,1.0,0.0,0.07776329918656096,60.0,60.88164959328048,0.0
2024-08-01 05:00:00,1.0,0.0,0.07818215776766178,60.0,61.09107888383089,0.0
2024-08-01 05:01:00,1.0,0.0,0.07817095153386804,60.0,61.08547576693402,0.0
2024-08-01 05:02:00,1.0,0.0,0.078159746906319,60.0,61.07987345315949,0.0
2024-08-01 05:03:00,1.0,0.0,0.0781485438847844,60.0,61.0742719423922,0.0
2024-08-01 05:04:00,1.0,0.0,0.07813734246903409,60.0,61.06867123451704,0.0
2024-08-01 05:05:00,1.0,0.0,0.07812614265883785,60.0,61.063071329418925,0.0
2024-08-01 05:06:00,1.0,0.0,0.07811494445396558,60.0,61.05747222698279,0.0
2024-08-01 05:07:00,1.0,0.0,0.07810374785418718,60.0,61.05187392709359,0.0
2024-08-01 05:08:00,1.0,0.0,0.07809255285927258,60.0,61.046276429636286,0.0
2024-08-01 05:09:00,1.0,0.0,0.07808135946899174,60.0,61.04067973449587,0.0
2024-08-01 05:10:00,1.0,0.0,0.07807016768311467,60.0,61.03508384155734,0.0
2024-08-01 05:11:00,1.0,0.0,0.0780589775014114,60.0,61.0294887507057,0.0
2024-08-01 05:12:00,1.0,0.0,0.07804778892365201,60.0,61.023894461826,0.0
2024-08-01 05:13:00,1.0,0.0,0.07803660194960658,60.0,61.01830097480329,0.0
2024-08-01 05:14:00,1.0,0.0,0.07802541657904524,60.0,61.01270828952262,0.0
2024-08-01 05:15:00,1.0,0.0,0.07801423281173817,60.0,61.007116405869084,0.0
2024-08-01 05:16:00,1.0,0.0,0.07800305064745555,60.0,61.001525323727776,0.0
2024-08-01 05:17:00,1.0,0.0,0.07799187008596763,60.0,60.99593504298381,0.0
2024-08-01 05:18:00,1.0,0.0,0.07798069112704464,60.0,60.99034556352232,0.0
2024-08-01 05:19:00,1.0,0.0,0.07796951377045691,60.0,60.98475688522846,0.0
2024-08-01 05:20:00,1.0,0.0,0.07795833801597477,60.0,60.97916900798738,0.0
2024-08-01 05:21:00,1.0,0.0,0.07794716386336856,60.0,60.97358193168428,0.0
2024-08-01 05:22:00,1.0,0.0,0.07793599131240869,60.0,60.967995656204344,0.0
2024-08-01 05:23:00,1.0,0.0,0.07792482036286559,60.0,60.962410181432794,0.0
2024-08-01 05:24:00,1.0,0.0,0.07791365101450971,60.0,60.956825507254855,0.0
2024-08-01 05:25:00,1.0,0.0,0.07790248326711155,60.0,60.951241633555775,0.0
2024-08-01 05:26:00,1.0,0.0,0.07789131712044163,60.0,60.945658560220814,0.0
2024-08-01 05:27:00,1.0,0.0,0.07788015257427051,60.0,60.940076287135255,0.0
2024-08-01 05:28:00,1.0,0.0,0.0778689896283688,60.0,60.9344948141844,0.0
2024-08-01 05:29:00,1.0,0.0,0.07785782828250712,60.0,60.92891414125356,0.0
2024-08-01 05:30:00,1.0,0.0,0.07784666853645611,60.0,60.923334268228054,0.0
2024-08-01 05:31:00,1.0,0.0,0.07783551038998648,60.0,60.91775519499324,0.0
2024-08-01 05:32:00,1.0,0.0,0.07782435384286894,60.0,60.91217692143447,0.0
2024-08-01 05:33:00,1.0,0.0,0.07781319889487426,60.0,60.90659944743713,0.0
2024-08-01 05:34:00,1.0,0.0,0.07780204554577323,60.0,60.90102277288661,0.0
2024-08-01 05:35:00,1.0,0.0,0.07779089379533666,60.0,60.89544689766833,0.0
2024-08-01 05:36:00,1.0,0.0,0.07777974364333541,60.0,60.889871821667704,0.0
2024-08-01 05:37:00,1.0,0.0,0.07776859508954038,60.0,60.88429754477019,0.0
2024-08-01 05:38:00,1.0,0.0,0.0777574481337225,60.0,60.878724066861245,0.0
2024-08-01 05:39:00,1.0,0.0,0.07774630277565268,60.0,60.87315138782634,0.0
2024-08-01 05:40:00,1.0,0.0,0.07773515901510195,60.0,60.86757950755097,0.0
2024-08-01 05:41:00,1.0,0.0,0.0777240168518413,60.0,60.86200842592065,0.0
2024-08-01 05:42:00,1.0,0.0,0.0777128762856418,60.0,60.8564381428209,0.0
2024-08-01 05:43:00,1.0,0.0,0.07770173731627453,60.0,60.850868658137266,0.0
2024-08-01 05:44:00,1.0,0.0,0.07769059994351062,60.0,60.84529997175531,0.0
2024-08-01 05:45:00,1.0,0.0,0.0776794641671212,60.0,60.8397320835606,0.0
2024-08-01 05:46:00,1.0,0.0,0.07766832998687746,60.0,60.83416499343873,0.0
2024-08-01 05:47:00,1.0,0.0,0.07765719740255064,60.0,60.82859870127532,0.0
2024-08-01 05:48:00,1.0,0.0,0.07764606641391196,60.0,60.82303320695598,0.0
2024-08-01 05:49:00,1.0,0.0,0.07763493702073271,60.0,60.81746851036635,0.0
2024-08-01 05:50:00,1.0,0.0,0.07762380922278421,60.0,60.8119046113921,0.0
2024-08-01 05:51:00,1.0,0.0,0.07761268301983779,60.0,60.806341509918894,0.0
2024-08-01 05:52:00,1.0,0.0,0.07760155841166486,60.0,60.80077920583243,0.0
2024-08-01 05:53:00,1.0,0.0,0.07759043539803681,60.0,60.7952176990184,0.0
2024-08-01 05:54:00,1.0,0.0,0.0775793139787251,60.0,60.78965698936255,0.0
2024-08-01 05:55:00,1.0,0.0,0.07756819415350119,60.0,60.7840970767506,0.0
2024-08-01 05:56:00,1.0,0.0,0.07755707592213662,60.0,60.77853796106831,0.0
2024-08-01 05:57:00,1.0,0.0,0.07754595928440292,60.0,60.772979642201456,0.0
2024-08-01 05:58:00,1.0,0.0,0.07753484424007165,60.0,60.767422120035825,0.0
2024-08-01 05:59:00,1.0,0.0,0.07752373078891445,60.0,60.761865394457224,0.0
2024-08-01 06:00:00,1.0,0.0,0.07751261893070295,60.0,60.75630946535147,0.0
2024-08-01 06:01:00,1.0,0.0,0.07750150866520882,60.0,60.75075433260441,0.0
2024-08-01 06:02:00,1.0,0.0,0.07749039999220378,60.0,60.74519999610189,0.0
2024-08-01 06:03:00,1.0,0.0,0.07747929291145955,60.0,60.739646455729776,0.0
2024-08-01 06:04:00,1.0,0.0,0.07746818742274791,60.0,60.73409371137396,0.0
2024-08-01 06:05:00,1.0,0.0,0.07745708352584069,60.0,60.728541762920344,0.0
2024-08-01 06:06:00,1.0,0.0,0.0774459812205097,60.0,60.722990610254854,0.0
2024-08-01 06:07:00,1.0,0.0,0.07743488050652685,60.0,60.71744025326342,0.0
2024-08-01 06:08:00,1.0,0.0,0.07742378138366399,60.0,60.71189069183199,0.0
2024-08-01 06:09:00,1.0,0.0,0.07741268385169307,60.0,60.70634192584654,0.0
2024-08-01 06:10:00,1.0,0.0,0.0774015879103861,60.0,60.70079395519305,0.0
2024-08-01 06:11:00,1.0,0.0,0.07739049355951505,60.0,60.695246779757525,0.0
2024-08-01 06:12:00,1.0,0.0,0.07737940079885196,60.0,60.68970039942598,0.0
2024-08-01 06:13:00,1.0,0.0,0.0773683096281689,60.0,60.68415481408445,0.0
2024-08-01 06:14:00,1.0,0.0,0.07735722004723795,60.0,60.67861002361898,0.0
2024-08-01 06:15:00,1.0,0.0,0.0773461320558313,60.0,60.673066027915645,0.0
2024-08-01 06:16:00,1.0,0.0,0.07733504565372104,60.0,60.66752282686052,0.0
2024-08-01 06:17:00,1.0,0.0,0.07732396084067943,60.0,60.66198042033971,0.0
2024-08-01 06:18:00,1.0,0.0,0.07731287761647866,60.0,60.65643880823933,0.0
2024-08-01 06:19:00,1.0,0.0,0.07730179598089101,60.0,60.65089799044551,0.0
2024-08-01 06:20:00,1.0,0.0,0.07729071593368879,60.0,60.645357966844394,0.0
2024-08-01 06:21:00,1.0,0.0,0.07727963747464431,60.0,60.63981873732215,0.0
2024-08-01 06:22:00,1.0,0.0,0.07726856060352992,60.0,60.63428030176496,0.0
2024-08-01 06:23:00,1.0,0.0,0.07725748532011804,60.0,60.62874266005902,0.0
2024-08-01 06:24:00,1.0,0.0,0.0772464116241811,60.0,60.623205812090546,0.0
2024-08-01 06:25:00,1.0,0.0,0.07723533951549154,60.0,60.617669757745766,0.0
2024-08-01 06:26:00,1.0,0.0,0.07722426899382186,60.0,60.612134496910926,0.0
2024-08-01 06:27:00,1.0,0.0,0.07721320005894457,60.0,60.60660002947228,0.0
2024-08-01 06:28:00,1.0,0.0,0.07720213271063224,60.0,60.60106635531612,0.0
2024-08-01 06:29:00,1.0,0.0,0.07719106694865747,60.0,60.59553347432874,0.0
2024-08-01 06:30:00,1.0,0.0,0.0771800027727929,60.0,60.590001386396445,0.0
2024-08-01 06:31:00,1.0,0.0,0.07716894018281113,60.0,60.584470091405564,0.0
2024-08-01 06:32:00,1.0,0.0,0.07715787917848488,60.0,60.57893958924244,0.0
2024-08-01 06:33:00,1.0,0.0,0.07714681975958686,60.0,60.57340987979343,0.0
2024-08-01 06:34:00,1.0,0.0,0.07713576192588983,60.0,60.56788096294492,0.0
2024-08-01 06:35:00,1.0,0.0,0.07712470567716659,60.0,60.562352838583294,0.0
2024-08-01 06:36:00,1.0,0.0,0.07711365101318993,60.0,60.55682550659496,0.0
2024-08-01 06:37:00,1.0,0.0,0.07710259793373271,60.0,60.551298966866355,0.0
2024-08-01 06:38:00,1.0,0.0,0.07709154643856782,60.0,60.54577321928391,0.0
2024-08-01 06:39:00,1.0,0.0,0.07708049652746818,60.0,60.540248263734085,0.0
2024-08-01 06:40:00,1.0,0.0,0.07706944820020671,60.0,60.534724100103354,0.0
2024-08-01 06:41:00,1.0,0.0,0.07705840145655642,60.0,60.529200728278205,0.0
2024-08-01 06:42:00,1.0,0.0,0.07704735629629031,60.0,60.52367814814515,0.0
2024-08-01 06:43:00,1.0,0.0,0.07703631271918143,60.0,60.51815635959071,0.0
2024-08-01 06:44:00,1.0,0.0,0.07702527072500286,60.0,60.51263536250143,0.0
2024-08-01 06:45:00,1.0,0.0,0.0770142303135277,60.0,60.50711515676385,0.0
2024-08-01 06:46:00,1.0,0.0,0.07700319148452911,60.0,60.501595742264556,0.0
2024-08-01 06:47:00,1.0,0.0,0.07699215423778026,60.0,60.49607711889013,0.0
2024-08-01 06:48:00,1.0,0.0,0.07698111857305434,60.0,60.49055928652717,0.0
2024-08-01 06:49:00,1.0,0.0,0.07697008449012462,60.0,60.48504224506231,0.0
2024-08-01 06:50:00,1.0,0.0,0.07695905198876436,60.0,60.47952599438218,0.0
2024-08-01 06:51:00,1.0,0.0,0.07694802106874686,60.0,60.47401053437343,0.0
2024-08-01 06:52:00,1.0,0.0,0.07693699172984546,60.0,60.46849586492273,0.0
2024-08-01 06:53:00,1.0,0.0,0.07692596397183354,60.0,60.46298198591677,0.0
2024-08-01 06:54:00,1.0,0.0,0.07691493779448451,60.0,60.45746889724225,0.0
2024-08-01 06:55:00,1.0,0.0,0.07690391319757177,60.0,60.451956598785884,0.0
2024-08-01 06:56:00,1.0,0.0,0.07689289018086883,60.0,60.44644509043441,0.0
2024-08-01 06:57:00,1.0,0.0,0.07688186874414916,60.0,60.44093437207458,0.0
2024-08-01 06:58:00,1.0,0.0,0.07687084888718632,60.0,60.435424443593156,0.0
2024-08-01 06:59:00,1.0,0.0,0.07685983060975385,60.0,60.42991530487692,0.0
2024-08-01 07:00:00,1.0,0.0,0.07684881391162536,60.0,60.42440695581268,0.0
2024-08-01 07:01:00,2.0,0.0,0.07683779879257448,60.0,60.41889939628724,0.0
2024-08-01 07:02:00,2.0,0.0,0.07682678525237488,60.0,60.41339262618744,0.0
2024-08-01 07:03:00,2.0,0.0,0.07681577329080023,60.0,60.40788664540012,0.0
2024-08-01 07:04:00,2.0,0.0,0.0768047629076243,60.0,60.40238145381215,0.0
2024-08-01 07:05:00,2.0,0.0,0.0767937541026208,60.0,60.396877051310405,0.0
2024-08-01 07:06:00,2.0,0.0,0.07678274687556358,60.0,60.39137343778179,0.0
2024-08-01 07:07:00,1.0,0.0,0.07677174122622643,60.0,60.38587061311321,0.0
2024-08-01 07:08:00,1.0,0.0,0.07676073715438321,60.0,60.380368577191604,0.0
2024-08-01 07:09:00,1.0,0.0,0.0767497346598078,60.0,60.3748673299039,0.0
2024-08-01 07:10:00,1.0,0.0,0.07673873374227415,60.0,60.369366871137075,0.0
2024-08-01 07:11:00,1.0,0.0,0.0767277344015562,60.0,60.363867200778095,0.0
2024-08-01 07:12:00,1.0,0.0,0.07671673663742792,60.0,60.358368318713964,0.0
2024-08-01 07:13:00,1.0,0.0,0.07670574044966337,60.0,60.35287022483168,0.0
2024-08-01 07:14:00,1.0,0.0,0.07669474583803657,60.0,60.347372919018284,0.0
2024-08-01 07:15:00,1.0,0.0,0.0766837528023216,60.0,60.3418764011608,0.0
2024-08-01 07:16:00,1.0,0.0,0.0766727613422926,60.0,60.3363806711463,0.0
2024-08-01 07:17:00,1.0,0.0,0.07666177145772372,60.0,60.33088572886186,0.0
2024-08-01 07:18:00,1.0,0.0,0.07665078314838912,60.0,60.32539157419456,0.0
2024-08-01 07:19:00,1.0,0.0,0.07663979641406303,60.0,60.319898207031514,0.0
2024-08-01 07:20:00,1.0,0.0,0.07662881125451969,60.0,60.314405627259845,0.0
2024-08-01 07:21:00,1.0,0.0,0.07661782766953337,60.0,60.308913834766685,0.0
2024-08-01 07:22:00,1.0,0.0,0.0766068456588784,60.0,60.3034228294392,0.0
2024-08-01 07:23:00,1.0,0.0,0.07659586522232911,60.0,60.297932611164555,0.0
2024-08-01 07:24:00,1.0,0.0,0.07658488635965988,60.0,60.29244317982994,0.0
2024-08-01 07:25:00,1.0,0.0,0.07657390907064511,60.0,60.28695453532256,0.0
2024-08-01 07:26:00,1.0,0.0,0.07656293335505926,60.0,60.28146667752963,0.0
2024-08-01 07:27:00,1.0,0.0,0.07655195921267678,60.0,60.27597960633839,0.0
2024-08-01 07:28:00,1.0,0.0,0.07654098664327219,60.0,60.270493321636096,0.0
2024-08-01 07:29:00,1.0,0.0,0.07653001564662003,60.0,60.265007823310015,0.0
2024-08-01 07:30:00,1.0,0.0,0.07651904622249485,60.0,60.259523111247425,0.0
2024-08-01 07:31:00,1.0,0.0,0.07650807837067128,60.0,60.254039185335635,0.0
2024-08-01 07:32:00,1.0,0.0,0.07649711209092393,60.0,60.24855604546196,0.0
2024-08-01 07:33:00,1.0,0.0,0.07648614738302748,60.0,60.243073691513736,0.0
2024-08-01 07:34:00,1.0,0.0,0.07647518424675662,60.0,60.237592123378306,0.0
2024-08-01 07:35:00,1.0,0.0,0.07646422268188609,60.0,60.23211134094304,0.0
2024-08-01 07:36:00,1.0,0.0,0.07645326268819064,60.0,60.22663134409532,0.0
2024-08-01 07:37:00,1.0,0.0,0.07644230426544507,60.0,60.22115213272254,0.0
2024-08-01 07:38:00,1.0,0.0,0.07643134741342422,60.0,60.21567370671211,0.0
2024-08-01 07:39:00,1.0,0.0,0.07642039213190295,60.0,60.21019606595147,0.0
2024-08-01 07:40:00,1.0,0.0,0.07640943842065613,60.0,60.204719210328065,0.0
2024-08-01 07:41:00,1.0,0.0,0.07639848627945871,60.0,60.199243139729354,0.0
2024-08-01 07:42:00,1.0,0.0,0.07638753570808564,60.0,60.19376785404282,0.0
2024-08-01 07:43:00,1.0,0.0,0.0763765867063119,60.0,60.18829335315595,0.0
2024-08-01 07:44:00,1.0,0.0,0.07636563927391252,60.0,60.18281963695626,0.0
2024-08-01 07:45:00,1.0,0.0,0.07635469341066256,60.0,60.17734670533128,0.0
2024-08-01 07:46:00,1.0,0.0,0.0763437491163371,60.0,60.17187455816855,0.0
2024-08-01 07:47:00,1.0,0.0,0.07633280639071124,60.0,60.16640319535562,0.0
2024-08-01 07:48:00,1.0,0.0,0.07632186523356016,60.0,60.16093261678008,0.0
2024-08-01 07:49:00,1.0,0.0,0.07631092564465902,60.0,60.15546282232951,0.0
2024-08-01 07:50:00,1.0,0.0,0.07629998762378305,60.0,60.14999381189153,0.0
2024-08-01 07:51:00,1.0,0.0,0.0762890511707075,60.0,60.14452558535375,0.0
2024-08-01 07:52:00,1.0,0.0,0.07627811628520763,60.0,60.139058142603815,0.0
2024-08-01 07:53:00,1.0,0.0,0.07626718296705877,60.0,60.133591483529386,0.0
2024-08-01 07:54:00,1.0,0.0,0.07625625121603627,60.0,60.12812560801813,0.0
2024-08-01 07:55:00,1.0,0.0,0.07624532103191546,60.0,60.12266051595773,0.0
2024-08-01 07:56:00,1.0,0.0,0.07623439241447182,60.0,60.11719620723591,0.0
2024-08-01 07:57:00,1.0,0.0,0.07622346536348074,60.0,60.111732681740364,0.0
2024-08-01 07:58:00,1.0,0.0,0.07621253987871769,60.0,60.106269939358846,0.0
2024-08-01 07:59:00,1.0,0.0,0.07620161595995821,60.0,60.1008079799791,0.0
2024-08-01 08:00:00,1.0,0.0,0.0761906936069778,60.0,60.0953468034889,0.0
2024-08-01 08:01:00,1.0,0.0,0.07617977281955206,60.0,60.08988640977603,0.0
2024-08-01 08:02:00,1.0,0.0,0.07616885359745657,60.0,60.08442679872828,0.0
2024-08-01 08:03:00,1.0,0.0,0.07615793594046696,60.0,60.07896797023348,0.0
2024-08-01 08:04:00,1.0,0.0,0.07614701984835891,60.0,60.073509924179454,0.0
2024-08-01 08:05:00,1.0,0.0,0.07613610532090812,60.0,60.06805266045406,0.0
2024-08-01 08:06:00,1.0,0.0,0.07612519235789031,60.0,60.06259617894516,0.0
2024-08-01 08:07:00,1.0,0.0,0.07611428095908125,60.0,60.05714047954063,0.0
2024-08-01 08:08:00,1.0,0.0,0.07610337112425675,60.0,60.05168556212837,0.0
2024-08-01 08:09:00,1.0,0.0,0.07609246285319259,60.0,60.04623142659629,0.0
2024-08-01 08:10:00,1.0,0.0,0.07608155614566466,60.0,60.040778072832325,0.0
2024-08-01 08:11:00,1.0,0.0,0.07607065100144884,60.0,60.03532550072442,0.0
2024-08-01 08:12:00,1.0,0.0,0.07605974742032107,60.0,60.02987371016053,0.0
2024-08-01 08:13:00,1.0,0.0,0.07604884540205728,60.0,60.02442270102864,0.0
2024-08-01 08:14:00,1.0,0.0,0.07603794494643348,60.0,60.01897247321674,0.0
2024-08-01 08:15:00,1.0,0.0,0.07602704605322567,60.0,60.01352302661284,0.0
2024-08-01 08:16:00,1.0,0.0,0.07601614872220992,60.0,60.00807436110496,0.0
2024-08-01 08:17:00,1.0,0.0,0.0760052529531623,60.0,60.00262647658115,0.0
2024-08-01 08:18:00,1.0,0.0,0.07599435874585893,60.0,59.997179372929466,0.0
2024-08-01 08:19:00,1.0,0.0,0.07598346610007596,60.0,59.99173305003798,0.0
2024-08-01 08:20:00,1.0,0.0,0.07597257501558957,60.0,59.986287507794785,0.0
2024-08-01 08:21:00,1.0,0.0,0.07596168549217597,60.0,59.98084274608798,0.0
2024-08-01 08:22:00,1.0,0.0,0.0759507975296114,60.0,59.975398764805696,0.0
2024-08-01 08:23:00,1.0,0.0,0.07593991112767214,60.0,59.969955563836066,0.0
2024-08-01 08:24:00,1.0,0.0,0.07592902628613449,60.0,59.964513143067244,0.0
2024-08-01 08:25:00,1.0,0.0,0.0759181430047748,60.0,59.959071502387395,0.0
2024-08-01 08:26:00,1.0,0.0,0.07590726128336943,60.0,59.95363064168471,0.0
2024-08-01 08:27:00,1.0,0.0,0.07589638112169479,60.0,59.948190560847394,0.0
2024-08-01 08:28:00,1.0,0.0,0.07588550251952732,60.0,59.94275125976366,0.0
2024-08-01 08:29:00,1.0,0.0,0.07587462547664349,60.0,59.937312738321744,0.0
2024-08-01 08:30:00,1.0,0.0,0.07586374999281979,60.0,59.931874996409896,0.0
2024-08-01 08:31:00,1.0,0.0,0.07585287606783277,60.0,59.926438033916384,0.0
2024-08-01 08:32:00,1.0,0.0,0.07584200370145898,60.0,59.92100185072949,0.0
2024-08-01 08:33:00,1.0,0.0,0.07583113289347501,60.0,59.91556644673751,0.0
2024-08-01 08:34:00,1.0,0.0,0.07582026364365752,60.0,59.910131821828756,0.0
2024-08-01 08:35:00,1.0,0.0,0.07580939595178311,60.0,59.90469797589156,0.0
2024-08-01 08:36:00,1.0,0.0,0.07579852981762854,60.0,59.89926490881427,0.0
2024-08-01 08:37:00,1.0,0.0,0.07578766524097048,60.0,59.89383262048524,0.0
2024-08-01 08:38:00,1.0,0.0,0.07577680222158573,60.0,59.88840111079286,0.0
2024-08-01 08:39:00,1.0,0.0,0.07576594075925105,60.0,59.882970379625526,0.0
2024-08-01 08:40:00,1.0,0.0,0.07575508085374329,60.0,59.87754042687164,0.0
2024-08-01 08:41:00,1.0,0.0,0.07574422250483925,60.0,59.87211125241963,0.0
2024-08-01 08:42:00,1.0,0.0,0.07573336571231587,60.0,59.86668285615794,0.0
2024-08-01 08:43:00,1.0,0.0,0.07572251047595004,60.0,59.861255237975016,0.0
2024-08-01 08:44:00,1.0,0.0,0.0757116567955187,60.0,59.855828397759346,0.0
2024-08-01 08:45:00,1.0,0.0,0.07570080467079883,60.0,59.850402335399416,0.0
2024-08-01 08:46:00,1.0,0.0,0.07568995410156747,60.0,59.84497705078373,0.0
2024-08-01 08:47:00,1.0,0.0,0.07567910508760164,60.0,59.83955254380082,0.0
2024-08-01 08:48:00,1.0,0.0,0.07566825762867843,60.0,59.834128814339216,0.0
2024-08-01 08:49:00,1.0,0.0,0.07565741172457495,60.0,59.82870586228747,0.0
2024-08-01 08:50:00,1.0,0.0,0.07564656737506832,60.0,59.82328368753416,0.0
2024-08-01 08:51:00,1.0,0.0,0.07563572457993573,60.0,59.81786228996786,0.0
2024-08-01 08:52:00,1.0,0.0,0.07562488333895437,60.0,59.81244166947718,0.0
2024-08-01 08:53:00,1.0,0.0,0.07561404365190148,60.0,59.80702182595074,0.0
2024-08-01 08:54:00,1.0,0.0,0.07560320551855433,60.0,59.801602759277166,0.0
2024-08-01 08:55:00,1.0,0.0,0.07559236893869023,60.0,59.796184469345114,0.0
2024-08-01 08:56:00,1.0,0.0,0.0755815339120865,60.0,59.79076695604325,0.0
2024-08-01 08:57:00,1.0,0.0,0.0755707004385205,60.0,59.78535021926025,0.0
2024-08-01 08:58:00,1.0,0.0,0.07555986851776965,60.0,59.77993425888482,0.0
2024-08-01 08:59:00,1.0,0.0,0.07554903814961134,60.0,59.77451907480567,0.0
2024-08-01 09:00:00,1.0,0.0,0.07553820933382305,60.0,59.769104666911524,0.0
2024-08-01 09:01:00,1.0,0.0,0.07552738207018227,60.0,59.763691035091135,0.0
2024-08-01 09:02:00,1.0,0.0,0.07551655635846653,60.0,59.758278179233265,0.0
2024-08-01 09:03:00,1.0,0.0,0.07550573219845337,60.0,59.75286609922669,0.0
2024-08-01 09:04:00,1.0,0.0,0.07549490958992039,60.0,59.74745479496019,0.0
2024-08-01 09:05:00,1.0,0.0,0.0754840885326452,60.0,59.742044266322594,0.0
2024-08-01 09:06:00,1.0,0.0,0.07547326902640544,60.0,59.73663451320272,0.0
2024-08-01 09:07:00,1.0,0.0,0.07546245107097883,60.0,59.731225535489415,0.0
2024-08-01 09:08:00,1.0,0.0,0.07545163466614305,60.0,59.725817333071525,0.0
2024-08-01 09:09:00,1.0,0.0,0.07544081981167586,60.0,59.720409905837926,0.0
2024-08-01 09:10:00,1.0,0.0,0.07543000650735501,60.0,59.71500325367751,0.0
2024-08-01 09:11:00,1.0,0.0,0.07541919475295836,60.0,59.70959737647918,0.0
2024-08-01 09:12:00,1.0,0.0,0.07540838454826371,60.0,59.704192274131856,0.0
2024-08-01 09:13:00,1.0,0.0,0.07539757589304895,60.0,59.698787946524476,0.0
2024-08-01 09:14:00,1.0,0.0,0.075386768787092,60.0,59.693384393546,0.0
2024-08-01 09:15:00,1.0,0.0,0.07537596323017078,60.0,59.687981615085384,0.0
2024-08-01 09:16:00,1.0,0.0,0.07536515922206324,60.0,59.68257961103162,0.0
2024-08-01 09:17:00,1.0,0.0,0.07535435676254741,60.0,59.677178381273706,0.0
2024-08-01 09:18:00,1.0,0.0,0.07534355585140132,60.0,59.67177792570066,0.0
2024-08-01 09:19:00,1.0,0.0,0.07533275648840304,60.0,59.66637824420152,0.0
2024-08-01 09:20:00,1.0,0.0,0.07532195867333065,60.0,59.66097933666532,0.0
2024-08-01 09:21:00,1.0,0.0,0.07531116240596226,60.0,59.65558120298113,0.0
2024-08-01 09:22:00,1.0,0.0,0.07530036768607608,60.0,59.650183843038036,0.0
2024-08-01 09:23:00,1.0,0.0,0.07528957451345027,60.0,59.64478725672513,0.0
2024-08-01 09:24:00,1.0,0.0,0.07527878288786305,60.0,59.63939144393152,0.0
2024-08-01 09:25:00,1.0,0.0,0.07526799280909269,60.0,59.633996404546345,0.0
2024-08-01 09:26:00,1.0,0.0,0.07525720427691748,60.0,59.62860213845874,0.0
2024-08-01 09:27:00,1.0,0.0,0.07524641729111572,60.0,59.62320864555786,0.0
2024-08-01 09:28:00,1.0,0.0,0.07523563185146577,60.0,59.617815925732884,0.0
2024-08-01 09:29:00,1.0,0.0,0.07522484795774602,60.0,59.61242397887301,0.0
2024-08-01 09:30:00,1.0,0.0,0.07521406560973487,60.0,59.60703280486744,0.0
2024-08-01 09:31:00,1.0,0.0,0.07520328480721078,60.0,59.60164240360539,0.0
2024-08-01 09:32:00,1.0,0.0,0.07519250554995222,60.0,59.59625277497611,0.0
2024-08-01 09:33:00,1.0,0.0,0.0751817278377377,60.0,59.59086391886885,0.0
2024-08-01 09:34:00,1.0,0.0,0.07517095167034576,60.0,59.58547583517288,0.0
2024-08-01 09:35:00,1.0,0.0,0.07516017704755498,60.0,59.58008852377749,0.0
2024-08-01 09:36:00,1.0,0.0,0.07514940396914396,60.0,59.57470198457198,0.0
2024-08-01 09:37:00,1.0,0.0,0.07513863243489134,60.0,59.56931621744567,0.0
2024-08-01 09:38:00,1.0,0.0,0.07512786244457577,60.0,59.563931222287884,0.0
2024-08-01 09:39:00,1.0,0.0,0.07511709399797598,60.0,59.558546998987985,0.0
2024-08-01 09:40:00,1.0,0.0,0.07510632709487067,60.0,59.55316354743533,0.0
2024-08-01 09:41:00,1.0,0.0,0.07509556173503863,60.0,59.547780867519315,0.0
2024-08-01 09:42:00,1.0,0.0,0.07508479791825864,60.0,59.54239895912932,0.0
2024-08-01 09:43:00,1.0,0.0,0.07507403564430953,60.0,59.537017822154766,0.0
2024-08-01 09:44:00,1.0,0.0,0.07506327491297017,60.0,59.531637456485086,0.0
2024-08-01 09:45:00,1.0,0.0,0.07505251572401943,60.0,59.526257862009714,0.0
2024-08-01 09:46:00,1.0,0.0,0.07504175807723625,60.0,59.52087903861812,0.0
2024-08-01 09:47:00,1.0,0.0,0.07503100197239956,60.0,59.51550098619978,0.0
2024-08-01 09:48:00,1.0,0.0,0.07502024740928838,60.0,59.51012370464419,0.0
2024-08-01 09:49:00,1.0,0.0,0.07500949438768169,60.0,59.50474719384084,0.0
2024-08-01 09:50:00,1.0,0.0,0.07499874290735856,60.0,59.49937145367928,0.0
2024-08-01 09:51:00,1.0,0.0,0.07498799296809808,60.0,59.493996484049035,0.0
2024-08-01 09:52:00,1.0,0.0,0.07497724456967933,60.0,59.488622284839664,0.0
2024-08-01 09:53:00,1.0,0.0,0.07496649771188148,60.0,59.48324885594074,0.0
2024-08-01 09:54:00,1.0,0.0,0.07495575239448368,60.0,59.47787619724184,0.0
2024-08-01 09:55:00,1.0,0.0,0.07494500861726518,60.0,59.47250430863259,0.0
2024-08-01 09:56:00,1.0,0.0,0.07493426638000517,60.0,59.467133190002585,0.0
2024-08-01 09:57:00,1.0,0.0,0.07492352568248295,60.0,59.46176284124147,0.0
2024-08-01 09:58:00,1.0,0.0,0.07491278652447782,60.0,59.456393262238905,0.0
2024-08-01 09:59:00,1.0,0.0,0.0749020489057691,60.0,59.451024452884546,0.0
2024-08-01 10:00:00,1.0,0.0,0.07489131282613616,60.0,59.44565641306808,0.0
2024-08-01 10:01:00,1.0,0.0,0.07488057828535839,60.0,59.4402891426792,0.0
2024-08-01 10:02:00,1.0,0.0,0.07486984528321526,60.0,59.43492264160763,0.0
2024-08-01 10:03:00,1.0,0.0,0.07485911381948616,60.0,59.429556909743084,0.0
2024-08-01 10:04:00,1.0,0.0,0.07484838389395065,60.0,59.42419194697533,0.0
2024-08-01 10:05:00,1.0,0.0,0.07483765550638821,60.0,59.41882775319411,0.0
2024-08-01 10:06:00,1.0,0.0,0.07482692865657842,60.0,59.41346432828921,0.0
2024-08-01 10:07:00,1.0,0.0,0.07481620334430084,60.0,59.408101672150416,0.0
2024-08-01 10:08:00,1.0,0.0,0.07480547956933509,60.0,59.402739784667546,0.0
2024-08-01 10:09:00,1.0,0.0,0.07479475733146085,60.0,59.39737866573042,0.0
2024-08-01 10:10:00,1.0,0.0,0.07478403663045777,60.0,59.39201831522888,0.0
2024-08-01 10:11:00,1.0,0.0,0.07477331746610556,60.0,59.38665873305278,0.0
2024-08-01 10:12:00,1.0,0.0,0.07476259983818401,60.0,59.381299919092,0.0
2024-08-01 10:13:00,1.0,0.0,0.07475188374647285,60.0,59.37594187323642,0.0
2024-08-01 10:14:00,1.0,0.0,0.0747411691907519,60.0,59.370584595375945,0.0
2024-08-01 10:15:00,1.0,0.0,0.074730456170801,60.0,59.365228085400496,0.0
2024-08-01 10:16:00,1.0,0.0,0.07471974468640002,60.0,59.35987234320001,0.0
2024-08-01 10:17:00,1.0,0.0,0.07470903473732887,60.0,59.35451736866443,0.0
2024-08-01 10:18:00,1.0,0.0,0.07469832632336747,60.0,59.349163161683734,0.0
2024-08-01 10:19:00,1.0,0.0,0.07468761944429579,60.0,59.343809722147896,0.0
2024-08-01 10:20:00,1.0,0.0,0.07467691409989384,60.0,59.33845704994692,0.0
2024-08-01 10:21:00,1.0,0.0,0.07466621028994164,60.0,59.333105144970816,0.0
2024-08-01 10:22:00,1.0,0.0,0.07465550801421923,60.0,59.32775400710962,0.0
2024-08-01 10:23:00,1.0,0.0,0.07464480727250675,60.0,59.32240363625337,0.0
2024-08-01 10:24:00,1.0,0.0,0.07463410806458426,60.0,59.31705403229213,0.0
2024-08-01 10:25:00,1.0,0.0,0.07462341039023196,60.0,59.31170519511598,0.0
2024-08-01 10:26:00,1.0,0.0,0.07461271424923001,60.0,59.306357124615005,0.0
2024-08-01 10:27:00,1.0,0.0,0.07460201964135864,60.0,59.30100982067932,0.0
2024-08-01 10:28:00,1.0,0.0,0.0745913265663981,60.0,59.29566328319905,0.0
2024-08-01 10:29:00,1.0,0.0,0.07458063502412866,60.0,59.290317512064334,0.0
2024-08-01 10:30:00,1.0,0.0,0.07456994501433066,60.0,59.28497250716533,0.0
2024-08-01 10:31:00,1.0,0.0,0.0745592565367844,60.0,59.2796282683922,0.0
2024-08-01 10:32:00,1.0,0.0,0.07454856959127029,60.0,59.27428479563515,0.0
2024-08-01 10:33:00,1.0,0.0,0.07453788417756874,60.0,59.268942088784364,0.0
2024-08-01 10:34:00,1.0,0.0,0.07452720029546014,60.0,59.263600147730074,0.0
2024-08-01 10:35:00,1.0,0.0,0.07451651794472501,60.0,59.258258972362505,0.0
2024-08-01 10:36:00,1.0,0.0,0.07450583712514383,60.0,59.252918562571914,0.0
2024-08-01 10:37:00,1.0,0.0,0.07449515783649713,60.0,59.247578918248564,0.0
2024-08-01 10:38:00,1.0,0.0,0.07448448007856548,60.0,59.24224003928274,0.0
2024-08-01 10:39:00,1.0,0.0,0.07447380385112948,60.0,59.23690192556474,0.0
2024-08-01 10:40:00,1.0,0.0,0.07446312915396973,60.0,59.231564576984866,0.0
2024-08-01 10:41:00,1.0,0.0,0.07445245598686692,60.0,59.22622799343346,0.0
2024-08-01 10:42:00,1.0,0.0,0.07444178434960172,60.0,59.22089217480086,0.0
2024-08-01 10:43:00,1.0,0.0,0.07443111424195487,60.0,59.21555712097743,0.0
2024-08-01 10:44:00,1.0,0.0,0.07442044566370709,60.0,59.21022283185354,0.0
2024-08-01 10:45:00,1.0,0.0,0.07440977861463918,60.0,59.20488930731959,0.0
2024-08-01 10:46:00,1.0,0.0,0.07439911309453197,60.0,59.199556547265985,0.0
2024-08-01 10:47:00,1.0,0.0,0.07438844910316629,60.0,59.19422455158315,0.0
2024-08-01 10:48:00,1.0,0.0,0.07437778664032305,60.0,59.18889332016152,0.0
2024-08-01 10:49:00,1.0,0.0,0.07436712570578309,60.0,59.18356285289155,0.0
2024-08-01 10:50:00,1.0,0.0,0.07435646629932742,60.0,59.17823314966371,0.0
2024-08-01 10:51:00,1.0,0.0,0.07434580842073697,60.0,59.172904210368486,0.0
2024-08-01 10:52:00,1.0,0.0,0.07433515206979277,60.0,59.167576034896385,0.0
2024-08-01 10:53:00,1.0,0.0,0.07432449724627584,60.0,59.16224862313792,0.0
2024-08-01 10:54:00,1.0,0.0,0.07431384394996725,60.0,59.156921974983625,0.0
2024-08-01 10:55:00,1.0,0.0,0.0743031921806481,60.0,59.15159609032405,0.0
2024-08-01 10:56:00,1.0,0.0,0.0742925419380995,60.0,59.14627096904975,0.0
2024-08-01 10:57:00,1.0,0.0,0.07428189322210264,60.0,59.14094661105132,0.0
2024-08-01 10:58:00,1.0,0.0,0.0742712460324387,60.0,59.13562301621935,0.0
2024-08-01 10:59:00,1.0,0.0,0.0742606003688889,60.0,59.13030018444445,0.0
2024-08-01 11:00:00,1.0,0.0,0.0742499562312345,60.0,59.124978115617246,0.0
2024-08-01 11:01:00,1.0,0.0,0.07423931361925677,60.0,59.11965680962839,0.0
2024-08-01 11:02:00,1.0,0.0,0.07422867253273706,60.0,59.114336266368525,0.0
2024-08-01 11:03:00,1.0,0.0,0.07421803297145668,60.0,59.10901648572834,0.0
2024-08-01 11:04:00,1.0,0.0,0.07420739493519703,60.0,59.103697467598515,0.0
2024-08-01 11:05:00,1.0,0.0,0.07419675842373953,60.0,59.09837921186976,0.0
2024-08-01 11:06:00,1.0,0.0,0.0741861234368656,60.0,59.0930617184328,0.0
2024-08-01 11:07:00,1.0,0.0,0.07417548997435673,60.0,59.08774498717837,0.0
2024-08-01 11:08:00,1.0,0.0,0.07416485803599443,60.0,59.082429017997214,0.0
2024-08-01 11:09:00,1.0,0.0,0.07415422762156022,60.0,59.07711381078011,0.0
2024-08-01 11:10:00,1.0,0.0,0.07414359873083567,60.0,59.07179936541784,0.0
2024-08-01 11:11:00,1.0,0.0,0.07413297136360239,60.0,59.0664856818012,0.0
2024-08-01 11:12:00,1.0,0.0,0.07412234551964202,60.0,59.061172759821005,0.0
2024-08-01 11:13:00,1.0,0.0,0.0741117211987362,60.0,59.055860599368096,0.0
2024-08-01 11:14:00,1.0,0.0,0.07410109840066662,60.0,59.05054920033331,0.0
2024-08-01 11:15:00,1.0,0.0,0.07409047712521502,60.0,59.04523856260751,0.0
2024-08-01 11:16:00,1.0,0.0,0.07407985737216315,60.0,59.03992868608157,0.0
2024-08-01 11:17:00,1.0,0.0,0.0740692391412928,60.0,59.0346195706464,0.0
2024-08-01 11:18:00,1.0,0.0,0.07405862243238577,60.0,59.02931121619289,0.0
2024-08-01 11:19:00,1.0,0.0,0.07404800724522394,60.0,59.02400362261197,0.0
2024-08-01 11:20:00,1.0,0.0,0.07403739357958918,60.0,59.01869678979459,0.0
2024-08-01 11:21:00,1.0,0.0,0.0740267814352634,60.0,59.013390717631694,0.0
2024-08-01 11:22:00,1.0,0.0,0.07401617081202852,60.0,59.00808540601426,0.0
2024-08-01 11:23:00,1.0,0.0,0.07400556170966656,60.0,59.002780854833276,0.0
2024-08-01 11:24:00,1.0,0.0,0.07399495412795948,60.0,58.99747706397974,0.0
2024-08-01 11:25:00,1.0,0.0,0.0744143528445202,60.0,59.207176422260105,0.0
2024-08-01 11:26:00,1.0,0.0,0.07483369144659696,60.0,59.41684572329848,0.0
2024-08-01 11:27:00,1.0,0.0,0.07525296994280624,60.0,59.626484971403116,0.0
2024-08-01 11:28:00,1.0,0.0,0.0756721883417633,60.0,59.83609417088165,0.0
2024-08-01 11:29:00,1.0,0.0,0.07609134665208221,60.0,60.045673326041104,0.0
2024-08-01 11:30:00,1.0,0.0,0.07651044488237575,60.0,60.255222441187875,0.0
2024-08-01 11:31:00,1.0,0.0,0.07692948304125548,60.0,60.46474152062774,0.0
2024-08-01 11:32:00,1.0,0.0,0.07734846113733174,60.0,60.67423056866587,0.0
2024-08-01 11:33:00,1.0,0.0,0.07776737917921364,60.0,60.88368958960682,0.0
2024-08-01 11:34:00,1.0,0.0,0.07818623717550902,60.0,61.09311858775451,0.0
2024-08-01 11:35:00,3.0,0.0,0.07817503035699366,60.0,61.08751517849683,0.0
2024-08-01 11:36:00,3.0,0.0,0.0781638251448068,60.0,61.0819125724034,0.0
2024-08-01 11:37:00,3.0,0.0,0.0781526215387182,60.0,61.0763107693591,0.0
2024-08-01 11:38:00,3.0,0.0,0.07814141953849764,60.0,61.07070976924882,0.0
2024-08-01 11:39:00,3.0,0.0,0.07813021914391496,60.0,61.06510957195748,0.0
2024-08-01 11:40:00,1.0,0.0,0.07811902035474,60.0,61.05951017737,0.0
2024-08-01 11:41:00,1.0,0.0,0.07810782317074266,60.0,61.05391158537133,0.0
2024-08-01 11:42:00,1.0,0.0,0.07809662759169286,60.0,61.04831379584643,0.0
2024-08-01 11:43:00,1.0,0.0,0.07808543361736056,60.0,61.04271680868028,0.0
2024-08-01 11:44:00,1.0,0.0,0.07807424124751575,60.0,61.03712062375787,0.0
2024-08-01 11:45:00,1.0,0.0,0.07806305048192844,60.0,61.031525240964214,0.0
2024-08-01 11:46:00,1.0,0.0,0.07805186132036868,60.0,61.025930660184336,0.0
2024-08-01 11:47:00,1.0,0.0,0.07804067376260657,60.0,61.02033688130328,0.0
2024-08-01 11:48:00,1.0,0.0,0.0780294878084122,60.0,61.0147439042061,0.0
2024-08-01 11:49:00,1.0,0.0,0.07801830345755577,60.0,61.00915172877788,0.0
2024-08-01 11:50:00,1.0,0.0,0.07800712070980742,60.0,61.00356035490371,0.0
2024-08-01 11:51:00,1.0,0.0,0.0779959395649374,60.0,60.9979697824687,0.0
2024-08-01 11:52:00,1.0,0.0,0.07798476002271597,60.0,60.99238001135798,0.0
2024-08-01 11:53:00,1.0,0.0,0.07797358208291337,60.0,60.986791041456684,0.0
2024-08-01 11:54:00,1.0,0.0,0.07796240574529996,60.0,60.98120287264998,0.0
2024-08-01 11:55:00,1.0,0.0,0.07795123100964607,60.0,60.97561550482303,0.0
2024-08-01 11:56:00,1.0,0.0,0.07794005787572209,60.0,60.970028937861045,0.0
2024-08-01 11:57:00,1.0,0.0,0.07792888634329843,60.0,60.964443171649215,0.0
2024-08-01 11:58:00,1.0,0.0,0.07791771641214554,60.0,60.95885820607277,0.0
2024-08-01 11:59:00,1.0,0.0,0.07790654808203391,60.0,60.953274041016954,0.0
2024-08-01 12:00:00,1.0,0.0,0.07789538135273405,60.0,60.947690676367024,0.0
2024-08-01 12:01:00,1.0,0.0,0.0778842162240165,60.0,60.94210811200825,0.0
2024-08-01 12:02:00,1.0,0.0,0.07787305269565185,60.0,60.936526347825925,0.0
2024-08-01 12:03:00,1.0,0.0,0.07786189076741072,60.0,60.93094538370536,0.0
2024-08-01 12:04:00,1.0,0.0,0.07785073043906374,60.0,60.92536521953187,0.0
2024-08-01 12:05:00,1.0,0.0,0.07783957171038161,60.0,60.9197858551908,0.0
2024-08-01 12:06:00,1.0,0.0,0.07782841458113503,60.0,60.91420729056751,0.0
2024-08-01 12:07:00,1.0,0.0,0.07781725905109473,60.0,60.90862952554736,0.0
2024-08-01 12:08:00,1.0,0.0,0.0778061051200315,60.0,60.90305256001575,0.0
2024-08-01 12:09:00,1.0,0.0,0.07779495278771616,60.0,60.89747639385808,0.0
2024-08-01 12:10:00,1.0,0.0,0.07778380205391955,60.0,60.89190102695977,0.0
2024-08-01 12:11:00,1.0,0.0,0.07777265291841254,60.0,60.886326459206266,0.0
2024-08-01 12:12:00,1.0,0.0,0.07776150538096603,60.0,60.880752690483014,0.0
2024-08-01 12:13:00,1.0,0.0,0.07775035944135099,60.0,60.87517972067549,0.0
2024-08-01 12:14:00,1.0,0.0,0.07773921509933837,60.0,60.86960754966918,0.0
2024-08-01 12:15:00,1.0,0.0,0.0777280723546992,60.0,60.8640361773496,0.0
2024-08-01 12:16:00,1.0,0.0,0.07771693120720449,60.0,60.85846560360225,0.0
2024-08-01 12:17:00,1.0,0.0,0.07770579165662535,60.0,60.852895828312676,0.0
2024-08-01 12:18:00,1.0,0.0,0.07769465370273286,60.0,60.84732685136643,0.0
2024-08-01 12:19:00,1.0,0.0,0.07768351734529817,60.0,60.841758672649085,0.0
2024-08-01 12:20:00,1.0,0.0,0.07767238258409245,60.0,60.83619129204622,0.0
2024-08-01 12:21:00,1.0,0.0,0.0776612494188869,60.0,60.83062470944345,0.0
2024-08-01 12:22:00,1.0,0.0,0.07765011784945276,60.0,60.82505892472638,0.0
2024-08-01 12:23:00,1.0,0.0,0.07763898787556128,60.0,60.81949393778064,0.0
2024-08-01 12:24:00,1.0,0.0,0.07762785949698381,60.0,60.8139297484919,0.0
2024-08-01 12:25:00,1.0,0.0,0.07761673271349165,60.0,60.80836635674582,0.0
2024-08-01 12:26:00,1.0,0.0,0.07760560752485617,60.0,60.802803762428084,0.0
2024-08-01 12:27:00,1.0,0.0,0.07759448393084878,60.0,60.79724196542439,0.0
2024-08-01 12:28:00,1.0,0.0,0.07758336193124092,60.0,60.79168096562046,0.0
2024-08-01 12:29:00,1.0,0.0,0.07757224152580405,60.0,60.78612076290202,0.0
2024-08-01 12:30:00,1.0,0.0,0.07756112271430966,60.0,60.78056135715483,0.0
2024-08-01 12:31:00,1.0,0.0,0.0775500054965293,60.0,60.77500274826465,0.0
2024-08-01 12:32:00,1.0,0.0,0.07753888987223452,60.0,60.76944493611726,0.0
2024-08-01 12:33:00,1.0,0.0,0.07752777584119692,60.0,60.763887920598464,0.0
2024-08-01 12:34:00,1.0,0.0,0.07751666340318816,60.0,60.75833170159408,0.0
2024-08-01 12:35:00,1.0,0.0,0.07750555255797988,60.0,60.752776278989934,0.0
2024-08-01 12:36:00,1.0,0.0,0.07749444330534375,60.0,60.747221652671875,0.0
2024-08-01 12:37:00,1.0,0.0,0.07748333564505154,60.0,60.74166782252577,0.0
2024-08-01 12:38:00,1.0,0.0,0.077472229576875,60.0,60.7361147884375,0.0
2024-08-01 12:39:00,1.0,0.0,0.0774611251005859,60.0,60.73056255029295,0.0
2024-08-01 12:40:00,1.0,0.0,0.0774500222159561,60.0,60.72501110797805,0.0
2024-08-01 12:41:00,1.0,0.0,0.07743892092275745,60.0,60.71946046137872,0.0
2024-08-01 12:42:00,1.0,0.0,0.07742782122076183,60.0,60.713910610380914,0.0
2024-08-01 12:43:00,1.0,0.0,0.07741672310974117,60.0,60.708361554870585,0.0
2024-08-01 12:44:00,1.0,0.0,0.07740562658946744,60.0,60.702813294733716,0.0
2024-08-01 12:45:00,1.0,0.0,0.07739453165971262,60.0,60.697265829856306,0.0
2024-08-01 12:46:00,1.0,0.0,0.07738343832024873,60.0,60.691719160124364,0.0
2024-08-01 12:47:00,1.0,0.0,0.07737234657084784,60.0,60.68617328542392,0.0
2024-08-01 12:48:00,1.0,0.0,0.07736125641128203,60.0,60.680628205641014,0.0
2024-08-01 12:49:00,1.0,0.0,0.07735016784132341,60.0,60.675083920661706,0.0
2024-08-01 12:50:00,1.0,0.0,0.07733908086074415,60.0,60.669540430372074,0.0
2024-08-01 12:51:00,1.0,0.0,0.07732799546931642,60.0,60.66399773465821,0.0
2024-08-01 12:52:00,1.0,0.0,0.07731691166681245,60.0,60.65845583340623,0.0
2024-08-01 12:53:00,1.0,0.0,0.0773058294530045,60.0,60.65291472650225,0.0
2024-08-01 12:54:00,1.0,0.0,0.07729474882766485,60.0,60.647374413832424,0.0
2024-08-01 12:55:00,1.0,0.0,0.0772836697905658,60.0,60.641834895282905,0.0
2024-08-01 12:56:00,1.0,0.0,0.07727259234147972,60.0,60.63629617073986,0.0
2024-08-01 12:57:00,1.0,0.0,0.07726151648017898,60.0,60.63075824008949,0.0
2024-08-01 12:58:00,1.0,0.0,0.07725044220643601,60.0,60.625221103218,0.0
2024-08-01 12:59:00,1.0,0.0,0.07723936952002323,60.0,60.619684760011616,0.0
2024-08-01 13:00:00,1.0,0.0,0.07722829842071315,60.0,60.61414921035657,0.0
2024-08-01 13:01:00,1.0,0.0,0.07721722890827826,60.0,60.60861445413913,0.0
2024-08-01 13:02:00,1.0,0.0,0.07720616098249111,60.0,60.60308049124556,0.0
2024-08-01 13:03:00,1.0,0.0,0.0771950946431243,60.0,60.597547321562146,0.0
2024-08-01 13:04:00,1.0,0.0,0.0771840298899504,60.0,60.592014944975205,0.0
2024-08-01 13:05:00,1.0,0.0,0.0771729667227421,60.0,60.58648336137105,0.0
2024-08-01 13:06:00,1.0,0.0,0.07716190514127204,60.0,60.58095257063602,0.0
2024-08-01 13:07:00,1.0,0.0,0.07715084514531295,60.0,60.57542257265648,0.0
2024-08-01 13:08:00,1.0,0.0,0.07713978673463757,60.0,60.569893367318784,0.0
2024-08-01 13:09:00,1.0,0.0,0.07712872990901865,60.0,60.56436495450932,0.0
2024-08-01 13:10:00,1.0,0.0,0.07711767466822901,60.0,60.55883733411451,0.0
2024-08-01 13:11:00,1.0,0.0,0.0771066210120415,60.0,60.55331050602075,0.0
2024-08-01 13:12:00,1.0,0.0,0.07709556894022897,60.0,60.547784470114486,0.0
2024-08-01 13:13:00,1.0,0.0,0.07708451845256434,60.0,60.54225922628217,0.0
2024-08-01 13:14:00,1.0,0.0,0.07707346954882054,60.0,60.53673477441027,0.0
2024-08-01 13:15:00,1.0,0.0,0.07706242222877055,60.0,60.53121111438527,0.0
2024-08-01 13:16:00,1.0,0.0,0.07705137649218735,60.0,60.52568824609367,0.0
2024-08-01 13:17:00,1.0,0.0,0.07704033233884398,60.0,60.52016616942199,0.0
2024-08-01 13:18:00,1.0,0.0,0.07702928976851352,60.0,60.51464488425676,0.0
2024-08-01 13:19:00,1.0,0.0,0.07701824878096906,60.0,60.50912439048453,0.0
2024-08-01 13:20:00,1.0,0.0,0.07700720937598374,60.0,60.50360468799187,0.0
2024-08-01 13:21:00,1.0,0.0,0.0769961715533307,60.0,60.49808577666535,0.0
2024-08-01 13:22:00,1.0,0.0,0.07698513531278316,60.0,60.49256765639158,0.0
2024-08-01 13:23:00,1.0,0.0,0.07697410065411434,60.0,60.48705032705717,0.0
2024-08-01 13:24:00,1.0,0.0,0.0769630675770975,60.0,60.48153378854875,0.0
2024-08-01 13:25:00,1.0,0.0,0.07695203608150596,60.0,60.476018040752976,0.0
2024-08-01 13:26:00,1.0,0.0,0.07694100616711301,60.0,60.4705030835565,0.0
2024-08-01 13:27:00,1.0,0.0,0.07692997783369201,60.0,60.464988916846,0.0
2024-08-01 13:28:00,1.0,0.0,0.07691895108101637,60.0,60.45947554050819,0.0
2024-08-01 13:29:00,1.0,0.0,0.07690792590885952,60.0,60.453962954429755,0.0
2024-08-01 13:30:00,1.0,0.0,0.07689690231699488,60.0,60.44845115849744,0.0
2024-08-01 13:31:00,1.0,0.0,0.07688588030519598,60.0,60.44294015259799,0.0
2024-08-01 13:32:00,1.0,0.0,0.07687485987323633,60.0,60.437429936618166,0.0
2024-08-01 13:33:00,1.0,0.0,0.07686384102088949,60.0,60.43192051044474,0.0
2024-08-01 13:34:00,1.0,0.0,0.07685282374792901,60.0,60.426411873964504,0.0
2024-08-01 13:35:00,1.0,0.0,0.07684180805412853,60.0,60.42090402706427,0.0
2024-08-01 13:36:00,1.0,0.0,0.07683079393926173,60.0,60.41539696963086,0.0
2024-08-01 13:37:00,1.0,0.0,0.07681978140310225,60.0,60.40989070155113,0.0
2024-08-01 13:38:00,1.0,0.0,0.07680877044542384,60.0,60.404385222711916,0.0
2024-08-01 13:39:00,1.0,0.0,0.07679776106600023,60.0,60.39888053300011,0.0
2024-08-01 13:40:00,1.0,0.0,0.0767867532646052,60.0,60.3933766323026,0.0
2024-08-01 13:41:00,1.0,0.0,0.07677574704101256,60.0,60.38787352050628,0.0
2024-08-01 13:42:00,1.0,0.0,0.07676474239499617,60.0,60.38237119749809,0.0
2024-08-01 13:43:00,1.0,0.0,0.07675373932632991,60.0,60.37686966316495,0.0
2024-08-01 13:44:00,1.0,0.0,0.07674273783478767,60.0,60.37136891739384,0.0
2024-08-01 13:45:00,1.0,0.0,0.07673173792014341,60.0,60.36586896007171,0.0
2024-08-01 13:46:00,1.0,0.0,0.07672073958217111,60.0,60.36036979108555,0.0
2024-08-01 13:47:00,1.0,0.0,0.07670974282064474,60.0,60.354871410322374,0.0
2024-08-01 13:48:00,1.0,0.0,0.07669874763533839,60.0,60.349373817669196,0.0
2024-08-01 13:49:00,1.0,0.0,0.07668775402602611,60.0,60.343877013013056,0.0
2024-08-01 13:50:00,1.0,0.0,0.07667676199248201,60.0,60.33838099624101,0.0
2024-08-01 13:51:00,1.0,0.0,0.07666577153448023,60.0,60.332885767240114,0.0
2024-08-01 13:52:00,1.0,0.0,0.07665478265179491,60.0,60.32739132589746,0.0
2024-08-01 13:53:00,1.0,0.0,0.0766437953442003,60.0,60.32189767210015,0.0
2024-08-01 13:54:00,1.0,0.0,0.0766328096114706,60.0,60.3164048057353,0.0
2024-08-01 13:55:00,1.0,0.0,0.0766218254533801,60.0,60.31091272669005,0.0
2024-08-01 13:56:00,1.0,0.0,0.07661084286970309,60.0,60.30542143485154,0.0
2024-08-01 13:57:00,1.0,0.0,0.07659986186021386,60.0,60.29993093010693,0.0
2024-08-01 13:58:00,1.0,0.0,0.07658888242468685,60.0,60.29444121234342,0.0
2024-08-01 13:59:00,1.0,0.0,0.0765779045628964,60.0,60.288952281448196,0.0
2024-08-01 14:00:00,1.0,0.0,0.07656692827461696,60.0,60.28346413730848,0.0
2024-08-01 14:01:00,1.0,0.0,0.07655595355962298,60.0,60.27797677981149,0.0
2024-08-01 14:02:00,1.0,0.0,0.07654498041768897,60.0,60.27249020884448,0.0
2024-08-01 14:03:00,1.0,0.0,0.07653400884858944,60.0,60.26700442429472,0.0
2024-08-01 14:04:00,1.0,0.0,0.07652303885209895,60.0,60.261519426049475,0.0
2024-08-01 14:05:00,1.0,0.0,0.0765120704279921,60.0,60.25603521399605,0.0
2024-08-01 14:06:00,1.0,0.0,0.0765011035760435,60.0,60.25055178802175,0.0
2024-08-01 14:07:00,1.0,0.0,0.07649013829602783,60.0,60.24506914801391,0.0
2024-08-01 14:08:00,1.0,0.0,0.07647917458771974,60.0,60.23958729385987,0.0
2024-08-01 14:09:00,1.0,0.0,0.07646821245089398,60.0,60.23410622544699,0.0
2024-08-01 14:10:00,1.0,0.0,0.07645725188532529,60.0,60.228625942662646,0.0
2024-08-01 14:11:00,1.0,0.0,0.07644629289078846,60.0,60.22314644539423,0.0
2024-08-01 14:12:00,1.0,0.0,0.0764353354670583,60.0,60.21766773352915,0.0
2024-08-01 14:13:00,1.0,0.0,0.07642437961390965,60.0,60.212189806954825,0.0
2024-08-01 14:14:00,1.0,0.0,0.0764134253311174,60.0,60.206712665558705,0.0
2024-08-01 14:15:00,1.0,0.0,0.07640247261845648,60.0,60.201236309228236,0.0
2024-08-01 14:16:00,1.0,0.0,0.0763915214757018,60.0,60.1957607378509,0.0
2024-08-01 14:17:00,1.0,0.0,0.07638057190262836,60.0,60.19028595131417,0.0
2024-08-01 14:18:00,1.0,0.0,0.07636962389901114,60.0,60.18481194950557,0.0
2024-08-01 14:19:00,1.0,0.0,0.07635867746462524,60.0,60.17933873231262,0.0
2024-08-01 14:20:00,1.0,0.0,0.07634773259924571,60.0,60.17386629962285,0.0
2024-08-01 14:21:00,1.0,0.0,0.07633678930264763,60.0,60.168394651323815,0.0
2024-08-01 14:22:00,1.0,0.0,0.07632584757460616,60.0,60.16292378730308,0.0
2024-08-01 14:23:00,1.0,0.0,0.07631490741489647,60.0,60.157453707448234,0.0
2024-08-01 14:24:00,1.0,0.0,0.07630396882329377,60.0,60.15198441164688,0.0
2024-08-01 14:25:00,1.0,0.0,0.07629303179957327,60.0,60.146515899786635,0.0
2024-08-01 14:26:00,1.0,0.0,0.07628209634351027,60.0,60.14104817175513,0.0
2024-08-01 14:27:00,1.0,0.0,0.07627116245488004,60.0,60.13558122744002,0.0
2024-08-01 14:28:00,1.0,0.0,0.07626023013345794,60.0,60.13011506672897,0.0
2024-08-01 14:29:00,1.0,0.0,0.07624929937901932,60.0,60.12464968950966,0.0
2024-08-01 14:30:00,1.0,0.0,0.07623837019133957,60.0,60.119185095669785,0.0
2024-08-01 14:31:00,1.0,0.0,0.07622744257019413,60.0,60.113721285097064,0.0
2024-08-01 14:32:00,1.0,0.0,0.07621651651535846,60.0,60.10825825767923,0.0
2024-08-01 14:33:00,1.0,0.0,0.07620559202660807,60.0,60.10279601330403,0.0
2024-08-01 14:34:00,1.0,0.0,0.07619466910371844,60.0,60.09733455185922,0.0
2024-08-01 14:35:00,1.0,0.0,0.07618374774646516,60.0,60.09187387323258,0.0
2024-08-01 14:36:00,1.0,0.0,0.07617282795462381,60.0,60.086413977311906,0.0
2024-08-01 14:37:00,1.0,0.0,0.07616190972797003,60.0,60.08095486398501,0.0
2024-08-01 14:38:00,1.0,0.0,0.07615099306627944,60.0,60.07549653313972,0.0
2024-08-01 14:39:00,1.0,0.0,0.07614007796932774,60.0,60.070038984663874,0.0
2024-08-01 14:40:00,1.0,0.0,0.07612916443689068,60.0,60.06458221844534,0.0
2024-08-01 14:41:00,1.0,0.0,0.07611825246874396,60.0,60.05912623437198,0.0
2024-08-01 14:42:00,1.0,0.0,0.0761073420646634,60.0,60.0536710323317,0.0
2024-08-01 14:43:00,1.0,0.0,0.0760964332244248,60.0,60.0482166122124,0.0
2024-08-01 14:44:00,1.0,0.0,0.076085525947804,60.0,60.042762973902,0.0
2024-08-01 14:45:00,1.0,0.0,0.0760746202345769,60.0,60.03731011728845,0.0
2024-08-01 14:46:00,1.0,0.0,0.07606371608451938,60.0,60.03185804225969,0.0
2024-08-01 14:47:00,1.0,0.0,0.07605281349740742,60.0,60.02640674870371,0.0
2024-08-01 14:48:00,1.0,0.0,0.07604191247301696,60.0,60.02095623650848,0.0
2024-08-01 14:49:00,1.0,0.0,0.07603101301112403,60.0,60.015506505562016,0.0
2024-08-01 14:50:00,1.0,0.0,0.07602011511150467,60.0,60.01005755575233,0.0
2024-08-01 14:51:00,1.0,0.0,0.07600921877393493,60.0,60.004609386967466,0.0
2024-08-01 14:52:00,1.0,0.0,0.07599832399819094,60.0,59.99916199909547,0.0
2024-08-01 14:53:00,1.0,0.0,0.07598743078404882,60.0,59.99371539202441,0.0
2024-08-01 14:54:00,1.0,0.0,0.07597653913128476,60.0,59.988269565642376,0.0
2024-08-01 14:55:00,1.0,0.0,0.07596564903967491,60.0,59.98282451983746,0.0
2024-08-01 14:56:00,1.0,0.0,0.07595476050899555,60.0,59.977380254497774,0.0
2024-08-01 14:57:00,1.0,0.0,0.07594387353902293,60.0,59.971936769511466,0.0
2024-08-01 14:58:00,1.0,0.0,0.07593298812953335,60.0,59.96649406476667,0.0
2024-08-01 14:59:00,1.0,0.0,0.07592210428030312,60.0,59.96105214015156,0.0
2024-08-01 15:00:00,1.0,0.0,0.07591122199110863,60.0,59.95561099555431,0.0
2024-08-01 15:01:00,1.0,0.0,0.07590034126172625,60.0,59.95017063086312,0.0
2024-08-01 15:02:00,1.0,0.0,0.0758894620919324,60.0,59.9447310459662,0.0
2024-08-01 15:03:00,1.0,0.0,0.07587858448150356,60.0,59.939292240751776,0.0
2024-08-01 15:04:00,1.0,0.0,0.07586770843021619,60.0,59.93385421510809,0.0
2024-08-01 15:05:00,1.0,0.0,0.07585683393784683,60.0,59.928416968923415,0.0
2024-08-01 15:06:00,1.0,0.0,0.07584596100417203,60.0,59.92298050208601,0.0
2024-08-01 15:07:00,1.0,0.0,0.07583508962896837,60.0,59.91754481448419,0.0
2024-08-01 15:08:00,1.0,0.0,0.07582421981201248,60.0,59.91210990600624,0.0
2024-08-01 15:09:00,1.0,0.0,0.07581335155308101,60.0,59.9066757765405,0.0
2024-08-01 15:10:00,1.0,0.0,0.07580248485195061,60.0,59.901242425975305,0.0
2024-08-01 15:11:00,1.0,0.0,0.07579161970839801,60.0,59.89580985419901,0.0
2024-08-01 15:12:00,1.0,0.0,0.07578075612219996,60.0,59.89037806109998,0.0
2024-08-01 15:13:00,1.0,0.0,0.07576989409313323,60.0,59.884947046566616,0.0
2024-08-01 15:14:00,1.0,0.0,0.07575903362097464,60.0,59.87951681048732,0.0
2024-08-01 15:15:00,1.0,0.0,0.07574817470550102,60.0,59.87408735275051,0.0
2024-08-01 15:16:00,1.0,0.0,0.07573731734648924,60.0,59.86865867324462,0.0
2024-08-01 15:17:00,1.0,0.0,0.07572646154371622,60.0,59.863230771858106,0.0
2024-08-01 15:18:00,1.0,0.0,0.07571560729695886,60.0,59.85780364847943,0.0
2024-08-01 15:19:00,1.0,0.0,0.07570475460599418,60.0,59.85237730299709,0.0
2024-08-01 15:20:00,1.0,0.0,0.07569390347059915,60.0,59.84695173529958,0.0
2024-08-01 15:21:00,1.0,0.0,0.07568305389055081,60.0,59.841526945275405,0.0
2024-08-01 15:22:00,1.0,0.0,0.07567220586562623,60.0,59.83610293281311,0.0
2024-08-01 15:23:00,1.0,0.0,0.07566135939560249,60.0,59.830679697801244,0.0
2024-08-01 15:24:00,1.0,0.0,0.07565051448025674,60.0,59.825257240128366,0.0
2024-08-01 15:25:00,1.0,0.0,0.07563967111936612,60.0,59.81983555968306,0.0
2024-08-01 15:26:00,1.0,0.0,0.07562882931270783,60.0,59.81441465635391,0.0
2024-08-01 15:27:00,1.0,0.0,0.0756179890600591,60.0,59.808994530029544,0.0
2024-08-01 15:28:00,1.0,0.0,0.07560715036119715,60.0,59.80357518059858,0.0
2024-08-01 15:29:00,1.0,0.0,0.07559631321589932,60.0,59.798156607949664,0.0
2024-08-01 15:30:00,1.0,0.0,0.07558547762394292,60.0,59.79273881197146,0.0
2024-08-01 15:31:00,1.0,0.0,0.07557464358510528,60.0,59.78732179255264,0.0
2024-08-01 15:32:00,1.0,0.0,0.07556381109916378,60.0,59.78190554958189,0.0
2024-08-01 15:33:00,1.0,0.0,0.07555298016589587,60.0,59.77649008294794,0.0
2024-08-01 15:34:00,1.0,0.0,0.07554215078507898,60.0,59.77107539253949,0.0
2024-08-01 15:35:00,1.0,0.0,0.07553132295649057,60.0,59.765661478245285,0.0
2024-08-01 15:36:00,1.0,0.0,0.07552049667990818,60.0,59.76024833995409,0.0
2024-08-01 15:37:00,1.0,0.0,0.07550967195510934,60.0,59.75483597755467,0.0
2024-08-01 15:38:00,1.0,0.0,0.07549884878187163,60.0,59.749424390935815,0.0
2024-08-01 15:39:00,1.0,0.0,0.07548802715997265,60.0,59.74401357998632,0.0
2024-08-01 15:40:00,1.0,0.0,0.07547720708919005,60.0,59.73860354459502,0.0
2024-08-01 15:41:00,1.0,0.0,0.07546638856930149,60.0,59.73319428465074,0.0
2024-08-01 15:42:00,1.0,1.92556,0.07545557160008468,60.0,59.727785800042334,1.0
2024-08-01 15:43:00,1.0,0.0,0.07516875618131734,60.0,59.58437809065867,0.0
2024-08-01 15:44:00,1.0,0.0,0.07515798187321682,60.0,59.578990936608406,0.0
2024-08-01 15:45:00,1.0,0.0,0.07514720910945094,60.0,59.57360455472547,0.0
2024-08-01 15:46:00,1.0,0.0,0.07513643788979837,60.0,59.568218944899186,0.0
2024-08-01 15:47:00,1.0,0.0,0.07512566821403778,60.0,59.56283410701889,0.0
2024-08-01 15:48:00,1.0,0.0,0.07511490008194785,60.0,59.557450040973926,0.0
2024-08-01 15:49:00,1.0,1.92556,0.07510413349330734,60.0,59.55206674665367,1.0
2024-08-01 15:50:00,1.0,0.0,0.07481736844789502,60.0,59.40868422394751,0.0
2024-08-01 15:51:00,1.0,0.0,0.07480664450592925,60.0,59.40332225296462,0.0
2024-08-01 15:52:00,1.0,1.92556,0.0747959221010789,60.0,59.39796105053945,1.0
2024-08-01 15:53:00,1.0,0.0,0.07450920123312366,60.0,59.25460061656183,0.0
2024-08-01 15:54:00,1.0,0.0,0.0744985214622828,60.0,59.2492607311414,0.0
2024-08-01 15:55:00,1.0,0.0,0.0744878432222261,60.0,59.243921611113045,0.0
2024-08-01 15:56:00,1.0,0.0,0.07447716651273413,60.0,59.238583256367065,0.0
2024-08-01 15:57:00,1.0,0.0,0.07446649133358754,60.0,59.23324566679377,0.0
2024-08-01 15:58:00,1.0,0.0,0.07445581768456697,60.0,59.22790884228348,0.0
2024-08-01 15:59:00,1.0,0.0,0.07444514556545308,60.0,59.22257278272654,0.0
2024-08-01 16:00:00,1.0,0.0,0.0744344749760266,60.0,59.217237488013296,0.0
2024-08-01 16:01:00,1.0,0.0,0.07442380591606824,60.0,59.21190295803412,0.0
2024-08-01 16:02:00,1.0,1.92556,0.07441313838535882,60.0,59.20656919267941,1.0
2024-08-01 16:03:00,1.0,1.92556,0.07412647238367913,60.0,59.063236191839565,1.0
2024-08-01 16:04:00,1.0,0.0,0.07383984747124955,60.0,58.91992373562478,0.0
2024-08-01 16:05:00,1.0,0.0,0.07425926842001145,60.0,59.12963421000572,0.0
2024-08-01 16:06:00,1.0,0.0,0.07467862925110269,60.0,59.339314625551346,0.0
2024-08-01 16:07:00,1.0,0.0,0.07509792997314028,60.0,59.54896498657014,0.0
2024-08-01 16:08:00,1.0,0.0,0.07551717059473992,60.0,59.75858529736996,0.0
2024-08-01 16:09:00,1.0,0.0,0.07593635112451612,60.0,59.96817556225806,0.0
2024-08-01 16:10:00,1.0,0.0,0.07635547157108212,60.0,60.17773578554106,0.0
2024-08-01 16:11:00,1.0,0.0,0.07677453194304995,60.0,60.387265971524975,0.0
2024-08-01 16:12:00,1.0,0.0,0.0771935322490304,60.0,60.5967661245152,0.0
2024-08-01 16:13:00,1.0,0.0,0.07761247249763302,60.0,60.80623624881651,0.0
2024-08-01 16:14:00,1.0,0.0,0.07803135269746614,60.0,61.01567634873307,0.0
2024-08-01 16:15:00,1.0,0.0,0.07802016807930597,60.0,61.01008403965298,0.0
2024-08-01 16:16:00,1.0,1.92556,0.0780089850642922,60.0,61.0044925321461,1.0
2024-08-01 16:17:00,1.0,1.92556,0.07772180365219508,60.0,60.86090182609754,1.0
2024-08-01 16:18:00,1.0,11.553360000000001,0.0774346634032244,60.0,60.717331701612196,6.0
2024-08-01 16:19:00,1.0,11.553360000000001,0.07576756431148002,60.0,59.88378215574001,6.0
2024-08-01 16:20:00,1.0,0.0,0.07410070417326049,60.0,59.05035208663025,0.0
2024-08-01 16:21:00,1.0,0.0,0.07409008295431545,60.0,59.045041477157724,0.0
2024-08-01 16:22:00,1.0,0.0,0.07407946325776203,60.0,59.039731628881015,0.0
2024-08-01 16:23:00,1.0,0.0,0.07406884508338203,60.0,59.034422541691015,0.0
2024-08-01 16:24:00,1.0,0.0,0.07405822843095727,60.0,59.029114215478636,0.0
2024-08-01 16:25:00,1.0,0.0,0.0740476133002696,60.0,59.0238066501348,0.0
2024-08-01 16:26:00,1.0,0.0,0.0740369996911009,60.0,59.01849984555045,0.0
2024-08-01 16:27:00,1.0,0.0,0.07402638760323309,60.0,59.013193801616545,0.0
2024-08-01 16:28:00,1.0,0.0,0.0740157770364481,60.0,59.00788851822405,0.0
2024-08-01 16:29:00,1.0,0.0,0.07400516799052792,60.0,59.00258399526396,0.0
2024-08-01 16:30:00,1.0,0.0,0.07399456046525456,60.0,58.997280232627276,0.0
2024-08-01 16:31:00,1.0,0.0,0.07441395923824089,60.0,59.206979619120446,0.0
2024-08-01 16:32:00,1.0,0.0,0.07483329789673518,60.0,59.41664894836759,0.0
2024-08-01 16:33:00,1.0,0.0,0.0752525764493539,60.0,59.62628822467695,0.0
2024-08-01 16:34:00,1.0,0.0,0.07567179490471233,60.0,59.835897452356164,0.0
2024-08-01 16:35:00,1.0,0.0,0.07609095327142451,60.0,60.045476635712255,0.0
2024-08-01 16:36:00,1.0,0.0,0.07651005155810324,60.0,60.25502577905162,0.0
2024-08-01 16:37:00,1.0,0.0,0.07692908977336009,60.0,60.464544886680045,0.0
2024-08-01 16:38:00,1.0,0.0,0.07734806792580538,60.0,60.67403396290269,0.0
2024-08-01 16:39:00,1.0,0.0,0.07776698602404822,60.0,60.88349301202411,0.0
2024-08-01 16:40:00,1.0,0.0,0.07818584407669647,60.0,61.092922038348235,0.0
2024-08-01 16:41:00,1.0,0.0,0.0781746373145259,60.0,61.08731865726295,0.0
2024-08-01 16:42:00,1.0,0.0,0.07816343215867574,60.0,61.08171607933787,0.0
2024-08-01 16:43:00,1.0,0.0,0.07815222860891578,60.0,61.07611430445789,0.0
2024-08-01 16:44:00,1.0,0.0,0.0781410266650158,60.0,61.07051333250789,0.0
2024-08-01 16:45:00,1.0,0.0,0.0781298263267456,60.0,61.0649131633728,0.0
2024-08-01 16:46:00,1.0,0.0,0.07811862759387507,60.0,61.05931379693754,0.0
2024-08-01 16:47:00,1.0,0.0,0.07810743046617409,60.0,61.05371523308705,0.0
2024-08-01 16:48:00,1.0,0.0,0.07809623494341258,60.0,61.04811747170629,0.0
2024-08-01 16:49:00,1.0,0.0,0.0780850410253605,60.0,61.04252051268025,0.0
2024-08-01 16:50:00,1.0,0.0,0.07807384871178782,60.0,61.03692435589391,0.0
2024-08-01 16:51:00,1.0,0.0,0.07806265800246458,60.0,61.03132900123229,0.0
2024-08-01 16:52:00,1.0,11.553360000000001,0.07805146889716083,60.0,61.025734448580415,6.0
2024-08-01 16:53:00,1.0,0.0,0.07638428139564667,60.0,60.19214069782333,0.0
2024-08-01 16:54:00,1.0,0.0,0.07637333286032957,60.0,60.186666430164784,0.0
2024-08-01 16:55:00,1.0,0.0,0.07636238589431997,60.0,60.181192947159985,0.0
2024-08-01 16:56:00,1.0,0.0,0.07635144049739293,60.0,60.175720248696464,0.0
2024-08-01 16:57:00,1.0,13.47892,0.07634049666932355,60.0,60.17024833466177,7.0
2024-08-01 16:58:00,1.0,1.92556,0.07439755440988695,60.0,59.198777204943475,1.0
2024-08-01 16:59:00,1.0,0.0,0.07411089064193523,60.0,59.055445320967614,0.0
2024-08-01 17:00:00,1.0,0.0,0.07410026796291345,60.0,59.050133981456725,0.0
2024-08-01 17:01:00,1.0,0.0,0.07408964680649258,60.0,59.04482340324629,0.0
2024-08-01 17:02:00,1.0,0.0,0.07407902717245439,60.0,59.039513586227194,0.0
2024-08-01 17:03:00,1.0,0.0,0.07406840906058065,60.0,59.034204530290324,0.0
2024-08-01 17:04:00,1.0,0.0,0.07405779247065318,60.0,59.02889623532659,0.0
2024-08-01 17:05:00,1.0,0.0,0.07404717740245385,60.0,59.02358870122693,0.0
2024-08-01 17:06:00,1.0,0.0,0.07403656385576454,60.0,59.01828192788227,0.0
2024-08-01 17:07:00,1.0,0.0,0.07402595183036716,60.0,59.012975915183574,0.0
2024-08-01 17:08:00,1.0,0.0,0.07401534132604363,60.0,59.00767066302182,0.0
2024-08-01 17:09:00,1.0,0.0,0.07400473234257599,60.0,59.00236617128799,0.0
2024-08-01 17:10:00,1.0,0.0,0.07399412487974619,60.0,58.99706243987309,0.0
2024-08-01 17:11:00,1.0,0.0,0.07441352371516714,60.0,59.20676185758357,0.0
2024-08-01 17:12:00,1.0,0.0,0.0748328624360871,60.0,59.41643121804355,0.0
2024-08-01 17:13:00,1.0,0.0,0.07525214105112253,60.0,59.62607052556127,0.0
2024-08-01 17:14:00,1.0,0.0,0.07567135956888874,60.0,59.835679784444366,0.0
2024-08-01 17:15:00,1.0,0.0,0.07609051799799973,60.0,60.04525899899987,0.0
2024-08-01 17:16:00,1.0,0.0,0.07650961634706835,60.0,60.25480817353417,0.0
2024-08-01 17:17:00,1.0,0.0,0.07692865462470613,60.0,60.46432731235306,0.0
2024-08-01 17:18:00,1.0,0.0,0.07734763283952341,60.0,60.67381641976171,0.0
2024-08-01 17:19:00,1.0,0.0,0.07776655100012932,60.0,60.883275500064656,0.0
2024-08-01 17:20:00,1.0,0.0,0.07818540911513168,60.0,61.09270455756584,0.0
2024-08-01 17:21:00,1.0,0.0,0.07817420241530629,60.0,61.08710120765314,0.0
2024-08-01 17:22:00,1.0,0.0,0.0781629973217924,60.0,61.081498660896195,0.0
2024-08-01 17:23:00,1.0,0.0,0.07815179383435973,60.0,61.07589691717987,0.0
2024-08-01 17:24:00,1.0,1.92556,0.07814059195277813,60.0,61.07029597638906,1.0
2024-08-01 17:25:00,1.0,0.0,0.07785339167681739,60.0,60.92669583840869,0.0
2024-08-01 17:26:00,1.0,0.0,0.07784223256668693,60.0,60.921116283343466,0.0
2024-08-01 17:27:00,1.0,0.0,0.07783107505604671,60.0,60.91553752802335,0.0
2024-08-01 17:28:00,1.0,0.0,0.07781991914466742,60.0,60.90995957233371,0.0
2024-08-01 17:29:00,1.0,0.0,0.07780876483231988,60.0,60.90438241615994,0.0
2024-08-01 17:30:00,1.0,0.0,0.07779761211877488,60.0,60.89880605938744,0.0
2024-08-01 17:31:00,1.0,0.0,0.07778646100380324,60.0,60.89323050190162,0.0
2024-08-01 17:32:00,1.0,0.0,0.07777531148717584,60.0,60.88765574358792,0.0
2024-08-01 17:33:00,1.0,0.0,0.07776416356866359,60.0,60.882081784331795,0.0
2024-08-01 17:34:00,1.0,0.0,0.07775301724803742,60.0,60.876508624018705,0.0
2024-08-01 17:35:00,1.0,0.0,0.07774187252506827,60.0,60.87093626253414,0.0
2024-08-01 17:36:00,1.0,0.0,0.07773072939952717,60.0,60.86536469976359,0.0
2024-08-01 17:37:00,1.0,0.0,0.07771958787118516,60.0,60.85979393559258,0.0
2024-08-01 17:38:00,1.0,0.0,0.07770844793981327,60.0,60.854223969906634,0.0
2024-08-01 17:39:00,1.0,0.0,0.07769730960518263,60.0,60.84865480259131,0.0
2024-08-01 17:40:00,1.0,0.0,0.07768617286706435,60.0,60.84308643353217,0.0
2024-08-01 17:41:00,1.0,0.0,0.0776750377252296,60.0,60.8375188626148,0.0
2024-08-01 17:42:00,1.0,0.0,0.07766390417944959,60.0,60.831952089724794,0.0
2024-08-01 17:43:00,1.0,0.0,0.07765277222949554,60.0,60.82638611474777,0.0
2024-08-01 17:44:00,1.0,0.0,0.07764164187513871,60.0,60.82082093756935,0.0
2024-08-01 17:45:00,1.0,0.0,0.07763051311615038,60.0,60.81525655807519,0.0
2024-08-01 17:46:00,1.0,0.0,0.07761938595230192,60.0,60.809692976150956,0.0
2024-08-01 17:47:00,1.0,0.0,0.07760826038336466,60.0,60.804130191682326,0.0
2024-08-01 17:48:00,1.0,0.0,0.07759713640910999,60.0,60.798568204554996,0.0
2024-08-01 17:49:00,1.0,0.0,0.07758601402930936,60.0,60.79300701465468,0.0
2024-08-01 17:50:00,1.0,0.0,0.07757489324373419,60.0,60.7874466218671,0.0
2024-08-01 17:51:00,1.0,0.0,0.07756377405215602,60.0,60.78188702607801,0.0
2024-08-01 17:52:00,1.0,0.0,0.07755265645434635,60.0,60.776328227173174,0.0
2024-08-01 17:53:00,1.0,0.0,0.07754154045007675,60.0,60.77077022503837,0.0
2024-08-01 17:54:00,1.0,0.0,0.07753042603911876,60.0,60.76521301955938,0.0
2024-08-01 17:55:00,1.0,0.0,0.07751931322124407,60.0,60.75965661062204,0.0
2024-08-01 17:56:00,1.0,0.0,0.07750820199622431,60.0,60.75410099811216,0.0
2024-08-01 17:57:00,1.0,0.0,0.07749709236383116,60.0,60.74854618191558,0.0
2024-08-01 17:58:00,1.0,0.0,0.07748598432383635,60.0,60.742992161918174,0.0
2024-08-01 17:59:00,1.0,0.0,0.07747487787601162,60.0,60.73743893800581,0.0
2024-08-01 18:00:00,1.0,0.0,0.07746377302012877,60.0,60.731886510064385,0.0
2024-08-01 18:01:00,1.0,0.0,0.07745266975595962,60.0,60.72633487797981,0.0
2024-08-01 18:02:00,1.0,0.0,0.07744156808327601,60.0,60.720784041638005,0.0
2024-08-01 18:03:00,1.0,0.0,0.07743046800184983,60.0,60.715234000924916,0.0
2024-08-01 18:04:00,1.0,0.0,0.07741936951145302,60.0,60.70968475572651,0.0
2024-08-01 18:05:00,1.0,0.0,0.07740827261185748,60.0,60.70413630592874,0.0
2024-08-01 18:06:00,1.0,0.0,0.07739717730283525,60.0,60.69858865141762,0.0
2024-08-01 18:07:00,1.0,0.0,0.0773860835841583,60.0,60.69304179207915,0.0
2024-08-01 18:08:00,1.0,0.0,0.0773749914555987,60.0,60.68749572779935,0.0
2024-08-01 18:09:00,1.0,0.0,0.07736390091692853,60.0,60.681950458464264,0.0
2024-08-01 18:10:00,1.0,0.0,0.07735281196791989,60.0,60.676405983959945,0.0
2024-08-01 18:11:00,1.0,0.0,0.07734172460834493,60.0,60.670862304172466,0.0
2024-08-01 18:12:00,1.0,0.0,0.07733063883797585,60.0,60.66531941898792,0.0
2024-08-01 18:13:00,1.0,0.0,0.07731955465658483,60.0,60.659777328292414,0.0
2024-08-01 18:14:00,1.0,0.0,0.07730847206394414,60.0,60.65423603197207,0.0
2024-08-01 18:15:00,1.0,0.0,0.07729739105982604,60.0,60.64869552991302,0.0
2024-08-01 18:16:00,1.0,0.0,0.07728631164400285,60.0,60.643155822001425,0.0
2024-08-01 18:17:00,1.0,0.0,0.0772752338162469,60.0,60.63761690812345,0.0
2024-08-01 18:18:00,1.0,0.0,0.07726415757633057,60.0,60.63207878816528,0.0
2024-08-01 18:19:00,1.0,0.0,0.07725308292402626,60.0,60.62654146201313,0.0
2024-08-01 18:20:00,1.0,0.0,0.07724200985910644,60.0,60.621004929553216,0.0
2024-08-01 18:21:00,1.0,0.0,0.07723093838134354,60.0,60.61546919067177,0.0
2024-08-01 18:22:00,1.0,0.0,0.0772198684905101,60.0,60.60993424525505,0.0
2024-08-01 18:23:00,1.0,0.0,0.07720880018637863,60.0,60.60440009318931,0.0
2024-08-01 18:24:00,1.0,0.0,0.0771977334687217,60.0,60.598866734360854,0.0
2024-08-01 18:25:00,1.0,0.0,0.07718666833731196,60.0,60.59333416865598,0.0
2024-08-01 18:26:00,1.0,0.0,0.077175604791922,60.0,60.587802395961,0.0
2024-08-01 18:27:00,1.0,0.0,0.0771645428323245,60.0,60.58227141616225,0.0
2024-08-01 18:28:00,1.0,0.0,0.07715348245829216,60.0,60.57674122914608,0.0
2024-08-01 18:29:00,1.0,0.0,0.07714242366959771,60.0,60.57121183479885,0.0
2024-08-01 18:30:00,1.0,0.0,0.07713136646601391,60.0,60.56568323300696,0.0
2024-08-01 18:31:00,1.0,0.0,0.07712031084731358,60.0,60.56015542365679,0.0
2024-08-01 18:32:00,1.0,0.0,0.07710925681326952,60.0,60.55462840663476,0.0
2024-08-01 18:33:00,1.0,0.0,0.07709820436365464,60.0,60.549102181827315,0.0
2024-08-01 18:34:00,1.0,0.0,0.07708715349824177,60.0,60.54357674912089,0.0
2024-08-01 18:35:00,1.0,0.0,0.0770761042168039,60.0,60.53805210840195,0.0
2024-08-01 18:36:00,1.0,0.0,0.07706505651911397,60.0,60.53252825955698,0.0
2024-08-01 18:37:00,1.0,0.0,0.07705401040494496,60.0,60.52700520247248,0.0
2024-08-01 18:38:00,1.0,0.0,0.0770429658740699,60.0,60.52148293703495,0.0
2024-08-01 18:39:00,1.0,0.0,0.07703192292626188,60.0,60.515961463130935,0.0
2024-08-01 18:40:00,1.0,0.0,0.07702088156129394,60.0,60.51044078064697,0.0
2024-08-01 18:41:00,1.0,0.0,0.07700984177893923,60.0,60.504920889469616,0.0
2024-08-01 18:42:00,1.0,0.0,0.07699880357897092,60.0,60.49940178948546,0.0
2024-08-01 18:43:00,1.0,0.0,0.07698776696116218,60.0,60.49388348058109,0.0
2024-08-01 18:44:00,1.0,0.0,0.07697673192528623,60.0,60.488365962643115,0.0
2024-08-01 18:45:00,1.0,0.0,0.07696569847111634,60.0,60.48284923555817,0.0
2024-08-01 18:46:00,1.0,0.0,0.07695466659842579,60.0,60.477333299212894,0.0
2024-08-01 18:47:00,1.0,0.0,0.07694363630698789,60.0,60.47181815349394,0.0
2024-08-01 18:48:00,1.0,0.0,0.076932607596576,60.0,60.466303798287996,0.0
2024-08-01 18:49:00,1.0,0.0,0.0769215804669635,60.0,60.460790233481745,0.0
2024-08-01 18:50:00,1.0,0.0,0.07691055491792378,60.0,60.455277458961895,0.0
2024-08-01 18:51:00,1.0,0.0,0.07689953094923035,60.0,60.44976547461518,0.0
2024-08-01 18:52:00,1.0,0.0,0.07688850856065665,60.0,60.44425428032832,0.0
2024-08-01 18:53:00,1.0,0.0,0.0768774877519762,60.0,60.438743875988095,0.0
2024-08-01 18:54:00,1.0,0.0,0.07686646852296254,60.0,60.43323426148127,0.0
2024-08-01 18:55:00,1.0,0.0,0.07685545087338924,60.0,60.42772543669462,0.0
2024-08-01 18:56:00,1.0,0.0,0.07684443480302994,60.0,60.42221740151497,0.0
2024-08-01 18:57:00,1.0,0.0,0.07683342031165827,60.0,60.416710155829136,0.0
2024-08-01 18:58:00,1.0,0.0,0.0768224073990479,60.0,60.41120369952395,0.0
2024-08-01 18:59:00,1.0,0.0,0.07681139606497256,60.0,60.40569803248628,0.0
2024-08-01 19:00:00,1.0,0.0,0.07680038630920596,60.0,60.40019315460298,0.0
2024-08-01 19:01:00,1.0,0.0,0.07678937813152188,60.0,60.39468906576094,0.0
2024-08-01 19:02:00,1.0,0.0,0.07677837153169415,60.0,60.389185765847074,0.0
2024-08-01 19:03:00,1.0,0.0,0.07676736650949659,60.0,60.38368325474829,0.0
2024-08-01 19:04:00,1.0,0.0,0.07675636306470306,60.0,60.378181532351526,0.0
2024-08-01 19:05:00,1.0,0.0,0.07674536119708748,60.0,60.37268059854374,0.0
2024-08-01 19:06:00,1.0,0.0,0.07673436090642377,60.0,60.36718045321189,0.0
2024-08-01 19:07:00,1.0,0.0,0.07672336219248592,60.0,60.36168109624296,0.0
2024-08-01 19:08:00,1.0,0.0,0.07671236505504792,60.0,60.356182527523956,0.0
2024-08-01 19:09:00,1.0,0.0,0.07670136949388379,60.0,60.350684746941894,0.0
2024-08-01 19:10:00,1.0,0.0,0.0766903755087676,60.0,60.3451877543838,0.0
2024-08-01 19:11:00,1.0,0.0,0.07667938309947347,60.0,60.339691549736735,0.0
2024-08-01 19:12:00,1.0,0.0,0.07666839226577551,60.0,60.334196132887755,0.0
2024-08-01 19:13:00,1.0,0.0,0.07665740300744789,60.0,60.32870150372394,0.0
2024-08-01 19:14:00,1.0,0.0,0.07664641532426478,60.0,60.32320766213239,0.0
2024-08-01 19:15:00,1.0,0.0,0.07663542921600043,60.0,60.317714608000216,0.0
2024-08-01 19:16:00,1.0,0.0,0.0766244446824291,60.0,60.31222234121455,0.0
2024-08-01 19:17:00,1.0,0.0,0.07661346172332507,60.0,60.30673086166254,0.0
2024-08-01 19:18:00,1.0,0.0,0.07660248033846268,60.0,60.301240169231335,0.0
2024-08-01 19:19:00,1.0,0.0,0.07659150052761626,60.0,60.29575026380813,0.0
2024-08-01 19:20:00,1.0,0.0,0.07658052229056023,60.0,60.29026114528011,0.0
2024-08-01 19:21:00,1.0,0.0,0.076569545627069,60.0,60.284772813534495,0.0
2024-08-01 19:22:00,1.0,0.0,0.076558570536917,60.0,60.2792852684585,0.0
2024-08-01 19:23:00,1.0,0.0,0.07654759701987875,60.0,60.273798509939375,0.0
2024-08-01 19:24:00,1.0,0.0,0.07653662507572875,60.0,60.268312537864375,0.0
2024-08-01 19:25:00,1.0,0.0,0.07652565470424155,60.0,60.26282735212077,0.0
2024-08-01 19:26:00,1.0,0.0,0.07651468590519173,60.0,60.25734295259586,0.0
2024-08-01 19:27:00,1.0,0.0,0.07650371867835391,60.0,60.25185933917695,0.0
2024-08-01 19:28:00,1.0,0.0,0.07649275302350272,60.0,60.246376511751365,0.0
2024-08-01 19:29:00,1.0,0.0,0.07648178894041288,60.0,60.24089447020644,0.0
2024-08-01 19:30:00,1.0,0.0,0.07647082642885907,60.0,60.235413214429535,0.0
2024-08-01 19:31:00,1.0,0.0,0.07645986548861605,60.0,60.22993274430802,0.0
2024-08-01 19:32:00,1.0,0.0,0.07644890611945857,60.0,60.224453059729285,0.0
2024-08-01 19:33:00,1.0,0.0,0.07643794832116148,60.0,60.218974160580736,0.0
2024-08-01 19:34:00,1.0,0.0,0.07642699209349958,60.0,60.21349604674979,0.0
2024-08-01 19:35:00,1.0,0.0,0.07641603743624777,60.0,60.20801871812388,0.0
2024-08-01 19:36:00,1.0,0.0,0.07640508434918095,60.0,60.20254217459047,0.0
2024-08-01 19:37:00,1.0,0.0,0.07639413283207404,60.0,60.19706641603702,0.0
2024-08-01 19:38:00,1.0,0.0,0.07638318288470203,60.0,60.19159144235101,0.0
2024-08-01 19:39:00,1.0,0.0,0.0763722345068399,60.0,60.18611725341995,0.0
2024-08-01 19:40:00,1.0,0.0,0.07636128769826271,60.0,60.18064384913136,0.0
2024-08-01 19:41:00,1.0,0.0,0.07635034245874553,60.0,60.175171229372765,0.0
2024-08-01 19:42:00,1.0,0.0,0.07633939878806344,60.0,60.16969939403172,0.0
2024-08-01 19:43:00,1.0,0.0,0.07632845668599157,60.0,60.164228342995784,0.0
2024-08-01 19:44:00,1.0,0.0,0.07631751615230509,60.0,60.158758076152544,0.0
2024-08-01 19:45:00,1.0,0.0,0.07630657718677919,60.0,60.1532885933896,0.0
2024-08-01 19:46:00,1.0,0.0,0.07629563978918912,60.0,60.147819894594555,0.0
2024-08-01 19:47:00,1.0,0.0,0.07628470395931011,60.0,60.142351979655054,0.0
2024-08-01 19:48:00,1.0,0.0,0.07627376969691747,60.0,60.136884848458735,0.0
2024-08-01 19:49:00,1.0,0.0,0.07626283700178653,60.0,60.13141850089326,0.0
2024-08-01 19:50:00,1.0,0.0,0.07625190587369263,60.0,60.12595293684631,0.0
2024-08-01 19:51:00,1.0,0.0,0.07624097631241115,60.0,60.120488156205575,0.0
2024-08-01 19:52:00,3.0,0.0,0.07623004831771754,60.0,60.11502415885877,0.0
2024-08-01 19:53:00,3.0,0.0,0.07621912188938726,60.0,60.10956094469363,0.0
2024-08-01 19:54:00,3.0,0.0,0.07620819702719575,60.0,60.104098513597876,0.0
2024-08-01 19:55:00,3.0,0.0,0.07619727373091857,60.0,60.098636865459284,0.0
2024-08-01 19:56:00,3.0,0.0,0.07618635200033125,60.0,60.09317600016562,0.0
2024-08-01 19:57:00,3.0,0.0,0.07617543183520935,60.0,60.087715917604676,0.0
2024-08-01 19:58:00,1.0,0.0,0.07616451323532852,60.0,60.082256617664264,0.0
2024-08-01 19:59:00,1.0,0.0,0.07615359620046441,60.0,60.0767981002322,0.0
2024-08-01 20:00:00,1.0,0.0,0.07614268073039267,60.0,60.071340365196335,0.0
2024-08-01 20:01:00,1.0,0.0,0.07613176682488904,60.0,60.065883412444514,0.0
2024-08-01 20:02:00,1.0,0.0,0.07612085448372923,60.0,60.06042724186461,0.0
2024-08-01 20:03:00,1.0,0.0,0.07610994370668903,60.0,60.05497185334451,0.0
2024-08-01 20:04:00,1.0,0.0,0.07609903449354426,60.0,60.049517246772126,0.0
2024-08-01 20:05:00,1.0,0.0,0.07608812684407075,60.0,60.04406342203537,0.0
2024-08-01 20:06:00,1.0,0.0,0.07607722075804436,60.0,60.03861037902218,0.0
2024-08-01 20:07:00,1.0,0.0,0.07606631623524102,60.0,60.03315811762051,0.0
2024-08-01 20:08:00,1.0,0.0,0.07605541327543663,60.0,60.02770663771832,0.0
2024-08-01 20:09:00,1.0,0.0,0.07604451187840719,60.0,60.022255939203596,0.0
2024-08-01 20:10:00,1.0,0.0,0.07603361204392868,60.0,60.01680602196434,0.0
2024-08-01 20:11:00,1.0,0.0,0.07602271377177715,60.0,60.011356885888574,0.0
2024-08-01 20:12:00,1.0,0.0,0.07601181706172863,60.0,60.00590853086432,0.0
2024-08-01 20:13:00,1.0,0.0,0.07600092191355926,60.0,60.00046095677963,0.0
2024-08-01 20:14:00,1.0,0.0,0.07599002832704513,60.0,59.99501416352256,0.0
2024-08-01 20:15:00,1.0,0.0,0.07597913630196242,60.0,59.989568150981206,0.0
2024-08-01 20:16:00,1.0,0.0,0.07596824583808731,60.0,59.98412291904366,0.0
2024-08-01 20:17:00,1.0,0.0,0.07595735693519605,60.0,59.97867846759802,0.0
2024-08-01 20:18:00,1.0,0.0,0.07594646959306486,60.0,59.97323479653243,0.0
2024-08-01 20:19:00,1.0,0.0,0.07593558381147006,60.0,59.96779190573503,0.0
2024-08-01 20:20:00,1.0,0.0,0.07592469959018795,60.0,59.96234979509398,0.0
2024-08-01 20:21:00,1.0,0.0,0.0759138169289949,60.0,59.95690846449745,0.0
2024-08-01 20:22:00,1.0,0.0,0.0759029358276673,60.0,59.951467913833646,0.0
2024-08-01 20:23:00,1.0,0.0,0.07589205628598153,60.0,59.94602814299076,0.0
2024-08-01 20:24:00,1.0,0.0,0.07588117830371406,60.0,59.94058915185703,0.0
2024-08-01 20:25:00,1.0,0.0,0.0758703018806414,60.0,59.935150940320696,0.0
2024-08-01 20:26:00,1.0,0.0,0.07585942701654001,60.0,59.929713508270005,0.0
2024-08-01 20:27:00,1.0,0.0,0.07584855371118647,60.0,59.924276855593234,0.0
2024-08-01 20:28:00,1.0,0.0,0.07583768196435735,60.0,59.91884098217867,0.0
2024-08-01 20:29:00,1.0,0.0,0.07582681177582924,60.0,59.91340588791462,0.0
2024-08-01 20:30:00,1.0,0.0,0.07581594314537882,60.0,59.907971572689405,0.0
2024-08-01 20:31:00,1.0,0.0,0.07580507607278272,60.0,59.90253803639136,0.0
2024-08-01 20:32:00,1.0,0.0,0.07579421055781768,60.0,59.89710527890884,0.0
2024-08-01 20:33:00,1.0,0.0,0.07578334660026041,60.0,59.89167330013021,0.0
2024-08-01 20:34:00,1.0,0.0,0.07577248419988772,60.0,59.88624209994386,0.0
2024-08-01 20:35:00,1.0,0.0,0.07576162335647636,60.0,59.88081167823818,0.0
2024-08-01 20:36:00,1.0,0.0,0.0757507640698032,60.0,59.8753820349016,0.0
2024-08-01 20:37:00,1.0,0.0,0.07573990633964507,60.0,59.86995316982254,0.0
2024-08-01 20:38:00,1.0,0.0,0.0757290501657789,60.0,59.86452508288945,0.0
2024-08-01 20:39:00,1.0,0.0,0.0757181955479816,60.0,59.859097773990804,0.0
2024-08-01 20:40:00,1.0,0.0,0.07570734248603016,60.0,59.85367124301508,0.0
2024-08-01 20:41:00,1.0,0.0,0.07569649097970153,60.0,59.84824548985077,0.0
2024-08-01 20:42:00,1.0,0.0,0.07568564102877276,60.0,59.84282051438638,0.0
2024-08-01 20:43:00,1.0,0.0,0.07567479263302092,60.0,59.83739631651046,0.0
2024-08-01 20:44:00,1.0,0.0,0.07566394579222306,60.0,59.83197289611153,0.0
2024-08-01 20:45:00,1.0,0.0,0.07565310050615634,60.0,59.82655025307817,0.0
2024-08-01 20:46:00,1.0,0.0,0.07564225677459789,60.0,59.82112838729894,0.0
2024-08-01 20:47:00,1.0,0.0,0.07563141459732489,60.0,59.815707298662446,0.0
2024-08-01 20:48:00,1.0,0.0,0.07562057397411458,60.0,59.81028698705729,0.0
2024-08-01 20:49:00,1.0,0.0,0.0756097349047442,60.0,59.80486745237209,0.0
2024-08-01 20:50:00,1.0,0.0,0.07559889738899099,60.0,59.799448694495496,0.0
2024-08-01 20:51:00,1.0,0.0,0.07558806142663232,60.0,59.79403071331616,0.0
2024-08-01 20:52:00,1.0,0.0,0.07557722701744551,60.0,59.788613508722754,0.0
2024-08-01 20:53:00,1.0,0.0,0.07556639416120794,60.0,59.78319708060397,0.0
2024-08-01 20:54:00,1.0,0.0,0.07555556285769702,60.0,59.777781428848506,0.0
2024-08-01 20:55:00,1.0,0.0,0.07554473310669017,60.0,59.77236655334509,0.0
2024-08-01 20:56:00,1.0,0.0,0.0755339049079649,60.0,59.76695245398245,0.0
2024-08-01 20:57:00,1.0,0.0,0.07552307826129868,60.0,59.76153913064934,0.0
2024-08-01 20:58:00,1.0,0.0,0.07551225316646906,60.0,59.75612658323453,0.0
2024-08-01 20:59:00,1.0,0.0,0.07550142962325361,60.0,59.75071481162681,0.0
2024-08-01 21:00:00,1.0,0.0,0.07549060763142992,60.0,59.74530381571496,0.0
2024-08-01 21:01:00,1.0,0.0,0.07547978719077564,60.0,59.73989359538782,0.0
2024-08-01 21:02:00,1.0,0.0,0.07546896830106842,60.0,59.73448415053421,0.0
2024-08-01 21:03:00,1.0,0.0,0.07545815096208594,60.0,59.72907548104297,0.0
2024-08-01 21:04:00,1.0,0.0,0.07544733517360595,60.0,59.723667586802975,0.0
2024-08-01 21:05:00,1.0,0.0,0.07543652093540619,60.0,59.7182604677031,0.0
2024-08-01 21:06:00,1.0,0.0,0.07542570824726447,60.0,59.71285412363223,0.0
2024-08-01 21:07:00,1.0,0.0,0.0754148971089586,60.0,59.7074485544793,0.0
2024-08-01 21:08:00,1.0,0.0,0.07540408752026645,60.0,59.70204376013322,0.0
2024-08-01 21:09:00,1.0,0.0,0.07539327948096587,60.0,59.69663974048294,0.0
2024-08-01 21:10:00,1.0,0.0,0.07538247299083482,60.0,59.691236495417414,0.0
2024-08-01 21:11:00,1.0,0.0,0.07537166804965123,60.0,59.68583402482562,0.0
2024-08-01 21:12:00,1.0,0.0,0.07536086465719309,60.0,59.680432328596545,0.0
2024-08-01 21:13:00,1.0,0.0,0.07535006281323842,60.0,59.675031406619205,0.0
2024-08-01 21:14:00,1.0,0.0,0.07533926251756523,60.0,59.669631258782616,0.0
2024-08-01 21:15:00,1.0,0.0,0.07532846376995163,60.0,59.66423188497581,0.0
2024-08-01 21:16:00,1.0,0.0,0.07531766657017572,60.0,59.65883328508786,0.0
2024-08-01 21:17:00,1.0,0.0,0.07530687091801563,60.0,59.65343545900782,0.0
2024-08-01 21:18:00,1.0,0.0,0.07529607681324955,60.0,59.64803840662478,0.0
2024-08-01 21:19:00,1.0,0.0,0.07528528425565569,60.0,59.64264212782784,0.0
2024-08-01 21:20:00,1.0,0.0,0.07527449324501226,60.0,59.637246622506126,0.0
2024-08-01 21:21:00,1.0,0.0,0.07526370378109754,60.0,59.63185189054877,0.0
2024-08-01 21:22:00,1.0,0.0,0.07525291586368982,60.0,59.62645793184491,0.0
2024-08-01 21:23:00,1.0,0.0,0.07524212949256746,60.0,59.62106474628373,0.0
2024-08-01 21:24:00,1.0,0.0,0.07523134466750879,60.0,59.6156723337544,0.0
2024-08-01 21:25:00,1.0,0.0,0.07522056138829224,60.0,59.61028069414612,0.0
2024-08-01 21:26:00,1.0,0.0,0.0752097796546962,60.0,59.6048898273481,0.0
2024-08-01 21:27:00,1.0,0.0,0.07519899946649916,60.0,59.59949973324958,0.0
2024-08-01 21:28:00,1.0,0.0,0.0751882208234796,60.0,59.5941104117398,0.0
2024-08-01 21:29:00,1.0,0.0,0.07517744372541603,60.0,59.58872186270801,0.0
2024-08-01 21:30:00,1.0,0.0,0.07516666817208702,60.0,59.58333408604351,0.0
2024-08-01 21:31:00,1.0,0.0,0.07515589416327115,60.0,59.57794708163557,0.0
2024-08-01 21:32:00,1.0,0.0,0.07514512169874701,60.0,59.57256084937351,0.0
2024-08-01 21:33:00,1.0,0.0,0.07513435077829331,60.0,59.567175389146655,0.0
2024-08-01 21:34:00,1.0,0.0,0.07512358140168868,60.0,59.56179070084434,0.0
2024-08-01 21:35:00,1.0,0.0,0.07511281356871186,60.0,59.55640678435593,0.0
2024-08-01 21:36:00,1.0,0.0,0.07510204727914158,60.0,59.551023639570786,0.0
2024-08-01 21:37:00,1.0,0.0,0.07509128253275661,60.0,59.545641266378304,0.0
2024-08-01 21:38:00,1.0,0.0,0.07508051932933577,60.0,59.54025966466788,0.0
2024-08-01 21:39:00,1.0,0.0,0.0750697576686579,60.0,59.53487883432894,0.0
2024-08-01 21:40:00,1.0,0.0,0.07505899755050184,60.0,59.52949877525092,0.0
2024-08-01 21:41:00,1.0,0.0,0.07504823897464653,60.0,59.52411948732327,0.0
2024-08-01 21:42:00,1.0,0.0,0.07503748194087091,60.0,59.51874097043545,0.0
2024-08-01 21:43:00,1.0,0.0,0.0750267264489539,60.0,59.513363224476954,0.0
2024-08-01 21:44:00,1.0,0.0,0.07501597249867456,60.0,59.50798624933728,0.0
2024-08-01 21:45:00,1.0,0.0,0.07500522008981188,60.0,59.502610044905936,0.0
2024-08-01 21:46:00,1.0,0.0,0.07499446922214492,60.0,59.49723461107246,0.0
2024-08-01 21:47:00,1.0,0.0,0.07498371989545279,60.0,59.49185994772639,0.0
2024-08-01 21:48:00,1.0,0.0,0.07497297210951459,60.0,59.48648605475729,0.0
2024-08-01 21:49:00,1.0,0.0,0.0749622258641095,60.0,59.48111293205475,0.0
2024-08-01 21:50:00,1.0,0.0,0.07495148115901669,60.0,59.47574057950835,0.0
2024-08-01 21:51:00,1.0,0.0,0.0749407379940154,60.0,59.470368997007704,0.0
2024-08-01 21:52:00,1.0,0.0,0.07492999636888488,60.0,59.464998184442436,0.0
2024-08-01 21:53:00,1.0,0.0,0.07491925628340439,60.0,59.45962814170219,0.0
2024-08-01 21:54:00,1.0,0.0,0.07490851773735326,60.0,59.454258868676625,0.0
2024-08-01 21:55:00,1.0,1.92556,0.07489778073051082,60.0,59.44889036525541,1.0
2024-08-01 21:56:00,1.0,1.92556,0.07461104526265647,60.0,59.30552263132823,1.0
2024-08-01 21:57:00,1.0,0.0,0.07432435089400916,60.0,59.16217544700458,0.0
2024-08-01 21:58:00,1.0,0.0,0.07431369761867797,60.0,59.15684880933898,0.0
2024-08-01 21:59:00,1.0,0.0,0.07430304587033319,60.0,59.1515229351666,0.0
2024-08-01 22:00:00,1.0,0.0,0.07429239564875599,60.0,59.14619782437799,0.0
2024-08-01 22:01:00,1.0,0.0,0.0742817469537275,60.0,59.140873476863746,0.0
2024-08-01 22:02:00,1.0,0.0,0.07427109978502892,60.0,59.13554989251446,0.0
2024-08-01 22:03:00,1.0,0.0,0.07426045414244149,60.0,59.130227071220745,0.0
2024-08-01 22:04:00,1.0,0.0,0.07424981002574645,60.0,59.12490501287322,0.0
2024-08-01 22:05:00,1.0,0.0,0.07423916743472508,60.0,59.11958371736254,0.0
2024-08-01 22:06:00,1.0,0.0,0.0742285263691587,60.0,59.11426318457935,0.0
2024-08-01 22:07:00,1.0,0.0,0.07421788682882867,60.0,59.108943414414334,0.0
2024-08-01 22:08:00,1.0,0.0,0.07420724881351637,60.0,59.103624406758186,0.0
2024-08-01 22:09:00,1.0,0.0,0.07419661232300322,60.0,59.098306161501604,0.0
2024-08-01 22:10:00,1.0,0.0,0.07418597735707062,60.0,59.09298867853531,0.0
2024-08-01 22:11:00,1.0,0.0,0.0741753439155001,60.0,59.08767195775005,0.0
2024-08-01 22:12:00,1.0,0.0,0.07416471199807312,60.0,59.08235599903656,0.0
2024-08-01 22:13:00,2.0,0.0,0.07415408160457125,60.0,59.07704080228562,0.0
2024-08-01 22:14:00,2.0,0.0,0.07414345273477603,60.0,59.07172636738802,0.0
2024-08-01 22:15:00,2.0,0.0,0.07413282538846909,60.0,59.06641269423454,0.0
2024-08-01 22:16:00,2.0,0.0,0.07412219956543205,60.0,59.06109978271602,0.0
2024-08-01 22:17:00,2.0,1.92556,0.07411157526544655,60.0,59.05578763272327,1.0
2024-08-01 22:18:00,2.0,1.92556,0.07382495248829432,60.0,58.91247624414716,1.0
2024-08-01 22:19:00,2.0,0.0,0.07396837557202748,60.0,58.98418778601374,0.0
2024-08-01 22:20:00,2.0,0.0,0.07438777809822357,60.0,59.19388904911178,0.0
2024-08-01 22:21:00,2.0,0.0,0.0748071205093896,60.0,59.4035602546948,0.0
2024-08-01 22:22:00,2.0,0.0,0.07522640281414221,60.0,59.6132014070711,0.0
2024-08-01 22:23:00,2.0,0.0,0.0756456250210967,60.0,59.82281251054835,0.0
2024-08-01 22:24:00,2.0,0.0,0.07606478713886722,60.0,60.03239356943361,0.0
2024-08-01 22:25:00,2.0,0.0,0.07648388917606662,60.0,60.241944588033306,0.0
2024-08-01 22:26:00,2.0,0.0,0.07690293114130654,60.0,60.45146557065327,0.0
2024-08-01 22:27:00,2.0,0.0,0.07732191304319741,60.0,60.660956521598706,0.0
2024-08-01 22:28:00,2.0,0.0,0.07774083489034841,60.0,60.870417445174205,0.0
2024-08-01 22:29:00,2.0,0.0,0.07815969669136748,60.0,61.079848345683736,0.0
2024-08-01 22:30:00,2.0,0.0,0.07814849367703045,60.0,61.07424683851522,0.0
2024-08-01 22:31:00,2.0,0.0,0.07813729226847664,60.0,61.06864613423832,0.0
2024-08-01 22:32:00,2.0,0.0,0.0781260924654759,60.0,61.06304623273795,0.0
2024-08-01 22:33:00,2.0,0.0,0.07811489426779811,60.0,61.05744713389905,0.0
2024-08-01 22:34:00,2.0,0.0,0.07810369767521315,60.0,61.05184883760657,0.0
2024-08-01 22:35:00,2.0,0.0,0.07809250268749093,60.0,61.04625134374547,0.0
2024-08-01 22:36:00,2.0,0.0,0.07808130930440148,60.0,61.040654652200736,0.0
2024-08-01 22:37:00,2.0,0.0,0.07807011752571476,60.0,61.035058762857375,0.0
2024-08-01 22:38:00,2.0,0.0,0.07805892735120079,60.0,61.0294636756004,0.0
2024-08-01 22:39:00,2.0,0.0,0.07804773878062968,60.0,61.023869390314836,0.0
2024-08-01 22:40:00,2.0,0.0,0.07803655181377148,60.0,61.01827590688574,0.0
2024-08-01 22:41:00,2.0,0.0,0.07802536645039636,60.0,61.01268322519818,0.0
2024-08-01 22:42:00,2.0,0.0,0.07801418269027446,60.0,61.00709134513723,0.0
2024-08-01 22:43:00,2.0,0.0,0.078003000533176,60.0,61.001500266588,0.0
2024-08-01 22:44:00,2.0,0.0,0.07799181997887121,60.0,60.9959099894356,0.0
2024-08-01 22:45:00,2.0,0.0,0.07798064102713033,60.0,60.990320513565166,0.0
2024-08-01 22:46:00,2.0,0.0,0.07796946367772367,60.0,60.98473183886183,0.0
2024-08-01 22:47:00,2.0,0.0,0.07795828793042156,60.0,60.97914396521078,0.0
2024-08-01 22:48:00,2.0,0.0,0.07794711378499436,60.0,60.97355689249718,0.0
2024-08-01 22:49:00,2.0,0.0,0.07793594124121246,60.0,60.96797062060623,0.0
2024-08-01 22:50:00,2.0,0.0,0.07792477029884631,60.0,60.962385149423156,0.0
2024-08-01 22:51:00,2.0,0.0,0.07791360095766635,60.0,60.95680047883317,0.0
2024-08-01 22:52:00,2.0,0.0,0.07790243321744307,60.0,60.95121660872154,0.0
2024-08-01 22:53:00,2.0,0.0,0.07789126707794702,60.0,60.94563353897351,0.0
2024-08-01 22:54:00,2.0,0.0,0.07788010253894875,60.0,60.940051269474374,0.0
2024-08-01 22:55:00,2.0,0.0,0.07786893960021886,60.0,60.934469800109426,0.0
2024-08-01 22:56:00,2.0,0.0,0.07785777826152794,60.0,60.92888913076397,0.0
2024-08-01 22:57:00,2.0,0.0,0.0778466185226467,60.0,60.92330926132335,0.0
2024-08-01 22:58:00,2.0,0.0,0.0778354603833458,60.0,60.917730191672895,0.0
2024-08-01 22:59:00,2.0,0.0,0.07782430384339595,60.0,60.912151921697976,0.0
2024-08-01 23:00:00,2.0,0.0,0.07781314890256795,60.0,60.90657445128397,0.0
2024-08-01 23:01:00,2.0,0.0,0.07780199556063257,60.0,60.90099778031628,0.0
2024-08-01 23:02:00,2.0,0.0,0.07779084381736061,60.0,60.895421908680305,0.0
2024-08-01 23:03:00,2.0,0.0,0.07777969367252295,60.0,60.889846836261476,0.0
2024-08-01 23:04:00,2.0,0.0,0.07776854512589049,60.0,60.88427256294524,0.0
2024-08-01 23:05:00,2.0,0.0,0.07775739817723412,60.0,60.87869908861706,0.0
2024-08-01 23:06:00,2.0,0.0,0.07774625282632482,60.0,60.87312641316241,0.0
2024-08-01 23:07:00,2.0,0.0,0.07773510907293357,60.0,60.867554536466784,0.0
2024-08-01 23:08:00,2.0,0.0,0.0777239669168314,60.0,60.86198345841569,0.0
2024-08-01 23:09:00,2.0,0.0,0.07771282635778932,60.0,60.85641317889466,0.0
2024-08-01 23:10:00,2.0,0.0,0.07770168739557846,60.0,60.85084369778923,0.0
2024-08-01 23:11:00,2.0,0.0,0.07769055002996993,60.0,60.84527501498496,0.0
2024-08-01 23:12:00,2.0,0.0,0.07767941426073487,60.0,60.83970713036743,0.0
2024-08-01 23:13:00,2.0,0.0,0.07766828008764445,60.0,60.834140043822224,0.0
2024-08-01 23:14:00,2.0,0.0,0.07765714751046991,60.0,60.828573755234956,0.0
2024-08-01 23:15:00,2.0,0.0,0.0776460165289825,60.0,60.82300826449125,0.0
2024-08-01 23:16:00,2.0,0.0,0.07763488714295351,60.0,60.81744357147675,0.0
2024-08-01 23:17:00,2.0,0.0,0.07762375935215422,60.0,60.81187967607711,0.0
2024-08-01 23:18:00,2.0,0.0,0.07761263315635601,60.0,60.806316578178006,0.0
2024-08-01 23:19:00,2.0,0.0,0.07760150855533025,60.0,60.80075427766513,0.0
2024-08-01 23:20:00,2.0,0.0,0.07759038554884837,60.0,60.79519277442418,0.0
2024-08-01 23:21:00,2.0,0.0,0.07757926413668177,60.0,60.789632068340886,0.0
2024-08-01 23:22:00,2.0,0.0,0.07756814431860198,60.0,60.78407215930099,0.0
2024-08-01 23:23:00,2.0,0.0,0.07755702609438049,60.0,60.778513047190245,0.0
2024-08-01 23:24:00,2.0,0.0,0.07754590946378885,60.0,60.77295473189442,0.0
2024-08-01 23:25:00,2.0,0.0,0.07753479442659862,60.0,60.76739721329931,0.0
2024-08-01 23:26:00,2.0,0.0,0.07752368098258144,60.0,60.76184049129072,0.0
2024-08-01 23:27:00,2.0,1.92556,0.07751256913150893,60.0,60.75628456575446,1.0
2024-08-01 23:28:00,2.0,0.0,0.07722545887315276,60.0,60.61272943657638,0.0
2024-08-01 23:29:00,2.0,0.0,0.07721438976772421,60.0,60.60719488386211,0.0
2024-08-01 23:30:00,2.0,0.0,0.07720332224888507,60.0,60.601661124442536,0.0
2024-08-01 23:31:00,2.0,0.0,0.07719225631640793,60.0,60.59612815820396,0.0
2024-08-01 23:32:00,2.0,0.0,0.07718119197006539,60.0,60.59059598503269,0.0
2024-08-01 23:33:00,2.0,0.0,0.07717012920963012,60.0,60.58506460481506,0.0
2024-08-01 23:34:00,2.0,0.0,0.0771590680348748,60.0,60.579534017437396,0.0
2024-08-01 23:35:00,2.0,0.0,0.07714800844557214,60.0,60.574004222786066,0.0
2024-08-01 23:36:00,2.0,0.0,0.07713695044149489,60.0,60.568475220747445,0.0
2024-08-01 23:37:00,2.0,0.0,0.07712589402241583,60.0,60.56294701120792,0.0
2024-08-01 23:38:00,2.0,0.0,0.0771148391881078,60.0,60.5574195940539,0.0
2024-08-01 23:39:00,2.0,0.0,0.0771037859383436,60.0,60.5518929691718,0.0
2024-08-01 23:40:00,2.0,0.0,0.07709273427289617,60.0,60.54636713644808,0.0
2024-08-01 23:41:00,2.0,0.0,0.07708168419153838,60.0,60.540842095769186,0.0
2024-08-01 23:42:00,2.0,0.0,0.07707063569404317,60.0,60.53531784702158,0.0
2024-08-01 23:43:00,2.0,0.0,0.07705958878018353,60.0,60.529794390091766,0.0
2024-08-01 23:44:00,2.0,0.0,0.07704854344973248,60.0,60.52427172486624,0.0
2024-08-01 23:45:00,2.0,0.0,0.07703749970246306,60.0,60.518749851231526,0.0
2024-08-01 23:46:00,2.0,0.0,0.07702645753814832,60.0,60.51322876907416,0.0
2024-08-01 23:47:00,2.0,0.0,0.0770154169565614,60.0,60.5077084782807,0.0
2024-08-01 23:48:00,2.0,0.0,0.07700437795747542,60.0,60.502188978737706,0.0
2024-08-01 23:49:00,2.0,0.0,0.07699334054066354,60.0,60.49667027033177,0.0
2024-08-01 23:50:00,2.0,0.0,0.076982304705899,60.0,60.4911523529495,0.0
2024-08-01 23:51:00,2.0,0.0,0.07697127045295502,60.0,60.485635226477505,0.0
2024-08-01 23:52:00,2.0,0.0,0.07696023778160485,60.0,60.48011889080242,0.0
2024-08-01 23:53:00,2.0,0.0,0.07694920669162181,60.0,60.474603345810905,0.0
2024-08-01 23:54:00,2.0,0.0,0.07693817718277925,60.0,60.46908859138962,0.0
2024-08-01 23:55:00,2.0,0.0,0.0769271492548505,60.0,60.46357462742525,0.0
2024-08-01 23:56:00,2.0,0.0,0.076916122907609,60.0,60.458061453804504,0.0
2024-08-01 23:57:00,2.0,0.0,0.07690509814082817,60.0,60.452549070414086,0.0
2024-08-01 23:58:00,2.0,0.0,0.07689407495428147,60.0,60.44703747714073,0.0
2024-08-01 23:59:00,2.0,0.0,0.0768830533477424,60.0,60.441526673871195,0.0
2024-08-02 00:00:00,2.0,0.0,0.07687203332098447,60.0,60.436016660492236,0.0
2024-08-02 00:01:00,2.0,0.0,0.07686101487378127,60.0,60.430507436890636,0.0
2024-08-02 00:02:00,2.0,0.0,0.07684999800590639,60.0,60.42499900295319,0.0
2024-08-02 00:03:00,2.0,0.0,0.07683898271713345,60.0,60.419491358566724,0.0
2024-08-02 00:04:00,2.0,0.0,0.07682796900723611,60.0,60.41398450361805,0.0
2024-08-02 00:05:00,2.0,0.0,0.07681695687598805,60.0,60.40847843799403,0.0
2024-08-02 00:06:00,2.0,0.0,0.07680594632316302,60.0,60.402973161581514,0.0
2024-08-02 00:07:00,2.0,0.0,0.07679493734853478,60.0,60.39746867426739,0.0
2024-08-02 00:08:00,2.0,0.0,0.07678392995187708,60.0,60.391964975938535,0.0
2024-08-02 00:09:00,2.0,0.0,0.07677292413296376,60.0,60.386462066481876,0.0
2024-08-02 00:10:00,2.0,0.0,0.07676191989156868,60.0,60.38095994578434,0.0
2024-08-02 00:11:00,2.0,0.0,0.07675091722746574,60.0,60.37545861373287,0.0
2024-08-02 00:12:00,2.0,0.0,0.07673991614042884,60.0,60.369958070214416,0.0
2024-08-02 00:13:00,2.0,0.0,0.07672891663023192,60.0,60.36445831511596,0.0
2024-08-02 00:14:00,2.0,11.553360000000001,0.076717918696649,60.0,60.3589593483245,6.0
2024-08-02 00:15:00,2.0,0.0,0.07505092233945407,60.0,59.52546116972703,0.0
2024-08-02 00:16:00,2.0,0.0,0.07504016492105854,60.0,59.52008246052927,0.0
2024-08-02 00:17:00,2.0,0.0,0.07502940904457678,60.0,59.51470452228839,0.0
2024-08-02 00:18:00,2.0,0.0,0.07501865470978779,60.0,59.50932735489389,0.0
2024-08-02 00:19:00,2.0,0.0,0.07500790191647055,60.0,59.50395095823528,0.0
2024-08-02 00:20:00,2.0,0.0,0.07499715066440417,60.0,59.49857533220209,0.0
2024-08-02 00:21:00,2.0,0.0,0.07498640095336771,60.0,59.49320047668385,0.0
2024-08-02 00:22:00,2.0,0.0,0.07497565278314028,60.0,59.48782639157014,0.0
2024-08-02 00:23:00,2.0,11.553360000000001,0.07496490615350103,60.0,59.48245307675052,6.0
2024-08-02 00:24:00,2.0,0.0,0.07329816106422915,60.0,58.649080532114574,0.0
2024-08-02 00:25:00,2.0,0.0,0.07371765965557206,60.0,58.85882982778603,0.0
2024-08-02 00:26:00,2.0,0.0,0.07413709811811546,60.0,59.06854905905773,0.0
2024-08-02 00:27:00,2.0,0.0,0.0745564764604779,60.0,59.27823823023895,0.0
2024-08-02 00:28:00,2.0,0.0,0.07497579469127667,60.0,59.48789734563834,0.0
2024-08-02 00:29:00,2.0,0.0,0.0753950528191279,60.0,59.69752640956395,0.0
2024-08-02 00:30:00,2.0,0.0,0.07581425085264643,60.0,59.90712542632321,0.0
2024-08-02 00:31:00,2.0,0.0,0.07623338880044585,60.0,60.116694400222926,0.0
2024-08-02 00:32:00,2.0,0.0,0.07665246667113856,60.0,60.326233335569285,0.0
2024-08-02 00:33:00,2.0,0.0,0.07707148447333573,60.0,60.535742236667865,0.0
2024-08-02 00:34:00,2.0,1.92556,0.07749044221564726,60.0,60.745221107823625,1.0
2024-08-02 00:35:00,2.0,1.92556,0.0776333399066818,60.0,60.8166699533409,1.0
2024-08-02 00:36:00,2.0,0.0,0.07777621711548638,60.0,60.88810855774319,0.0
2024-08-02 00:37:00,2.0,0.0,0.07819507384499681,60.0,61.097536922498406,0.0
2024-08-02 00:38:00,2.0,0.0,0.0781838657598781,60.0,61.091932879939044,0.0
2024-08-02 00:39:00,2.0,0.0,0.0781726592812694,60.0,61.0863296406347,0.0
2024-08-02 00:40:00,2.0,0.0,0.0781614544089405,60.0,61.08072720447025,0.0
2024-08-02 00:41:00,2.0,0.0,0.07815025114266115,60.0,61.075125571330574,0.0
2024-08-02 00:42:00,2.0,0.0,0.07813904948220114,60.0,61.06952474110057,0.0
2024-08-02 00:43:00,2.0,1.92556,0.07812784942733031,60.0,61.06392471366515,1.0
2024-08-02 00:44:00,2.0,0.0,0.0778406509778185,60.0,60.92032548890925,0.0
2024-08-02 00:45:00,2.0,11.553360000000001,0.07782949369387519,60.0,60.9147468469376,6.0
2024-08-02 00:46:00,2.0,11.553360000000001,0.07616233800916035,60.0,60.081169004580175,6.0
2024-08-02 00:47:00,2.0,0.0,0.07449542128608212,60.0,59.24771064304106,0.0
2024-08-02 00:48:00,2.0,0.0,0.07448474349038894,60.0,59.24237174519447,0.0
2024-08-02 00:49:00,2.0,0.0,0.07447406722519681,60.0,59.2370336125984,0.0
2024-08-02 00:50:00,2.0,0.0,0.07446339249028637,60.0,59.23169624514318,0.0
2024-08-02 00:51:00,2.0,0.0,0.07445271928543827,60.0,59.22635964271913,0.0
2024-08-02 00:52:00,2.0,0.0,0.07444204761043317,60.0,59.22102380521659,0.0
2024-08-02 00:53:00,2.0,0.0,0.07443137746505184,60.0,59.21568873252592,0.0
2024-08-02 00:54:00,2.0,0.0,0.07442070884907499,60.0,59.2103544245375,0.0
2024-08-02 00:55:00,2.0,0.0,0.07441004176228344,60.0,59.20502088114172,0.0
2024-08-02 00:56:00,2.0,0.0,0.07439937620445798,60.0,59.19968810222899,0.0
2024-08-02 00:57:00,2.0,0.0,0.07438871217537947,60.0,59.194356087689734,0.0
2024-08-02 00:58:00,2.0,0.0,0.07437804967482878,60.0,59.18902483741439,0.0
2024-08-02 00:59:00,2.0,0.0,0.0743673887025868,60.0,59.1836943512934,0.0
2024-08-02 01:00:00,2.0,0.0,0.07435672925843449,60.0,59.17836462921724,0.0
2024-08-02 01:01:00,2.0,1.92556,0.07434607134215282,60.0,59.173035671076406,1.0
2024-08-02 01:02:00,2.0,1.92556,0.07405941495352279,60.0,59.029707476761395,1.0
2024-08-02 01:03:00,2.0,0.0,0.07377279965276501,60.0,58.8863998263825,0.0
2024-08-02 01:04:00,2.0,0.0,0.07419223021182099,60.0,59.09611510591049,0.0
2024-08-02 01:05:00,2.0,11.553360000000001,0.07461160065182885,60.0,59.305800325914426,6.0
2024-08-02 01:06:00,2.0,1.92556,0.07337491098140575,60.0,58.687455490702874,1.0
2024-08-02 01:07:00,2.0,0.0,0.07351839857180498,60.0,58.75919928590249,0.0
2024-08-02 01:08:00,2.0,0.0,0.07393786559542107,60.0,58.96893279771053,0.0
2024-08-02 01:09:00,2.0,0.0,0.07435727249476237,60.0,59.178636247381185,0.0
2024-08-02 01:10:00,2.0,0.0,0.07477661927844684,60.0,59.388309639223415,0.0
2024-08-02 01:11:00,2.0,0.0,0.07519590595509111,60.0,59.59795297754555,0.0
2024-08-02 01:12:00,2.0,0.0,0.07561513253331063,60.0,59.807566266655314,0.0
2024-08-02 01:13:00,2.0,0.0,0.07603429902171963,60.0,60.01714951085981,0.0
2024-08-02 01:14:00,2.0,0.0,0.07645340542893103,60.0,60.22670271446552,0.0
2024-08-02 01:15:00,2.0,0.0,0.07687245176355662,60.0,60.436225881778306,0.0
2024-08-02 01:16:00,2.0,0.0,0.07729143803420685,60.0,60.645719017103424,0.0
2024-08-02 01:17:00,2.0,0.0,0.07771036424949102,60.0,60.855182124745504,0.0
2024-08-02 01:18:00,2.0,0.0,0.07812923041801711,60.0,61.06461520900856,0.0
2024-08-02 01:19:00,2.0,11.553360000000001,0.07811803177056112,60.0,61.05901588528056,6.0
2024-08-02 01:20:00,2.0,11.553360000000001,0.07645083472826242,60.0,60.22541736413121,6.0
2024-08-02 01:21:00,2.0,0.0,0.07478387665352833,60.0,59.39193832676416,0.0
2024-08-02 01:22:00,2.0,0.0,0.0747731575121064,60.0,59.386578756053204,0.0
2024-08-02 01:23:00,2.0,0.0,0.07476243990711184,60.0,59.38121995355592,0.0
2024-08-02 01:24:00,2.0,0.0,0.0747517238383244,60.0,59.3758619191622,0.0
2024-08-02 01:25:00,2.0,0.0,0.07474100930552388,60.0,59.37050465276194,0.0
2024-08-02 01:26:00,2.0,0.0,0.07473029630849011,60.0,59.365148154245055,0.0
2024-08-02 01:27:00,2.0,11.553360000000001,0.07471958484700299,60.0,59.359792423501496,6.0
2024-08-02 01:28:00,2.0,0.0,0.07305287492084242,60.0,58.52643746042121,0.0
2024-08-02 01:29:00,2.0,0.0,0.07347240867025653,60.0,58.736204335128264,0.0
2024-08-02 01:30:00,2.0,0.0,0.07389188228583174,60.0,58.94594114291587,0.0
2024-08-02 01:31:00,2.0,0.0,0.07431129577618734,60.0,59.15564788809367,0.0
2024-08-02 01:32:00,2.0,0.0,0.07473064914994135,60.0,59.36532457497067,0.0
2024-08-02 01:33:00,2.0,0.0,0.07514994241571059,60.0,59.57497120785529,0.0
2024-08-02 01:34:00,2.0,0.0,0.07556917558211063,60.0,59.784587791055316,0.0
2024-08-02 01:35:00,2.0,0.0,0.0759883486577558,60.0,59.994174328877904,0.0
2024-08-02 01:36:00,2.0,0.0,0.07640746165125924,60.0,60.20373082562962,0.0
2024-08-02 01:37:00,2.0,1.92556,0.07682651457123278,60.0,60.41325728561639,1.0
2024-08-02 01:38:00,2.0,1.92556,0.07696950742628707,60.0,60.48475371314353,1.0
2024-08-02 01:39:00,2.0,0.0,0.07711247978547107,60.0,60.55623989273553,0.0
2024-08-02 01:40:00,2.0,0.0,0.07753143165172256,60.0,60.76571582586128,0.0
2024-08-02 01:41:00,2.0,1.92556,0.07795032346753933,60.0,60.97516173376966,1.0
2024-08-02 01:42:00,2.0,1.92556,0.07809315524152868,60.0,61.04657762076434,1.0
2024-08-02 01:43:00,2.0,0.0,0.07780596176490544,60.0,60.90298088245272,0.0
2024-08-02 01:44:00,2.0,0.0,0.0777948094531379,60.0,60.89740472656894,0.0
2024-08-02 01:45:00,2.0,0.0,0.07778365873988612,60.0,60.89182936994306,0.0
2024-08-02 01:46:00,2.0,0.0,0.07777250962492102,60.0,60.88625481246051,0.0
2024-08-02 01:47:00,2.0,0.0,0.07776136210801347,60.0,60.880681054006736,0.0
2024-08-02 01:48:00,2.0,0.0,0.07775021618893445,60.0,60.87510809446722,0.0
2024-08-02 01:49:00,2.0,0.0,0.07773907186745489,60.0,60.86953593372745,0.0
2024-08-02 01:50:00,2.0,0.0,0.07772792914334585,60.0,60.86396457167292,0.0
2024-08-02 01:51:00,2.0,0.0,0.07771678801637834,60.0,60.858394008189165,0.0
2024-08-02 01:52:00,2.0,1.92556,0.07770564848632343,60.0,60.85282424316171,1.0
2024-08-02 01:53:00,2.0,0.0,0.07741851055295225,60.0,60.70925527647612,0.0
2024-08-02 01:54:00,2.0,0.0,0.07740741377647546,60.0,60.70370688823773,0.0
2024-08-02 01:55:00,2.0,0.0,0.07739631859055433,60.0,60.698159295277165,0.0
2024-08-02 01:56:00,2.0,1.92556,0.07738522499496085,60.0,60.692612497480425,1.0
2024-08-02 01:57:00,2.0,0.0,0.07709813298946706,60.0,60.54906649473353,0.0
2024-08-02 01:58:00,2.0,0.0,0.07708708213428463,60.0,60.543541067142314,0.0
2024-08-02 01:59:00,2.0,0.0,0.0770760328630757,60.0,60.53801643153785,0.0
2024-08-02 02:00:00,2.0,0.0,0.07706498517561325,60.0,60.53249258780662,0.0
2024-08-02 02:01:00,2.0,0.0,0.07705393907167025,60.0,60.52696953583513,0.0
2024-08-02 02:02:00,2.0,0.0,0.07704289455101976,60.0,60.52144727550988,0.0
2024-08-02 02:03:00,2.0,0.0,0.07703185161343482,60.0,60.515925806717405,0.0
2024-08-02 02:04:00,2.0,0.0,0.0770208102586885,60.0,60.51040512934425,0.0
2024-08-02 02:05:00,2.0,11.553360000000001,0.07700977048655396,60.0,60.50488524327697,6.0
2024-08-02 02:06:00,2.0,0.0,0.07534273229680433,60.0,59.671366148402164,0.0
2024-08-02 02:07:00,2.0,0.0,0.07533193305185017,60.0,59.665966525925086,0.0
2024-08-02 02:08:00,2.0,0.0,0.075321135354805,60.0,59.6605676774025,0.0
2024-08-02 02:09:00,2.0,0.0,0.07531033920544693,60.0,59.65516960272346,0.0
2024-08-02 02:10:00,2.0,0.0,0.07529954460355413,60.0,59.64977230177706,0.0
2024-08-02 02:11:00,2.0,0.0,0.07528875154890478,60.0,59.64437577445239,0.0
2024-08-02 02:12:00,2.0,0.0,0.07527796004127714,60.0,59.63898002063857,0.0
2024-08-02 02:13:00,2.0,0.0,0.07526717008044943,60.0,59.633585040224716,0.0
2024-08-02 02:14:00,2.0,0.0,0.07525638166619997,60.0,59.628190833099985,0.0
2024-08-02 02:15:00,2.0,0.0,0.07524559479830707,60.0,59.622797399153534,0.0
2024-08-02 02:16:00,2.0,0.0,0.07523480947654908,60.0,59.61740473827454,0.0
2024-08-02 02:17:00,2.0,0.0,0.07522402570070437,60.0,59.61201285035219,0.0
2024-08-02 02:18:00,2.0,0.0,0.07521324347055137,60.0,59.60662173527569,0.0
2024-08-02 02:19:00,2.0,0.0,0.07520246278586855,60.0,59.601231392934274,0.0
2024-08-02 02:20:00,2.0,0.0,0.07519168364643436,60.0,59.59584182321718,0.0
2024-08-02 02:21:00,2.0,0.0,0.07518090605202733,60.0,59.59045302601366,0.0
2024-08-02 02:22:00,2.0,0.0,0.07517013000242598,60.0,59.58506500121299,0.0
2024-08-02 02:23:00,2.0,0.0,0.07515935549740892,60.0,59.579677748704455,0.0
2024-08-02 02:24:00,2.0,1.92556,0.07514858253675472,60.0,59.57429126837736,1.0
2024-08-02 02:25:00,2.0,0.0,0.07486181112024204,60.0,59.43090556012102,0.0
2024-08-02 02:26:00,2.0,0.0,0.07485108080808911,60.0,59.425540404044554,0.0
2024-08-02 02:27:00,2.0,0.0,0.07484035203396468,60.0,59.42017601698234,0.0
2024-08-02 02:28:00,2.0,0.0,0.07482962479764829,60.0,59.41481239882415,0.0
2024-08-02 02:29:00,2.0,0.0,0.07481889909891953,60.0,59.409449549459765,0.0
2024-08-02 02:30:00,2.0,0.0,0.07480817493755801,60.0,59.404087468779004,0.0
2024-08-02 02:31:00,2.0,0.0,0.07479745231334335,60.0,59.39872615667168,0.0
2024-08-02 02:32:00,2.0,0.0,0.07478673122605525,60.0,59.393365613027626,0.0
2024-08-02 02:33:00,2.0,0.0,0.0747760116754734,60.0,59.3880058377367,0.0
2024-08-02 02:34:00,2.0,0.0,0.07476529366137755,60.0,59.38264683068877,0.0
2024-08-02 02:35:00,2.0,1.92556,0.07475457718354744,60.0,59.37728859177372,1.0
2024-08-02 02:36:00,2.0,1.92556,0.07446786224176288,60.0,59.233931120881444,1.0
2024-08-02 02:37:00,2.0,0.0,0.07418118839624328,60.0,59.09059419812164,0.0
2024-08-02 02:38:00,2.0,0.0,0.0741705556410981,60.0,59.08527782054905,0.0
2024-08-02 02:39:00,2.0,0.0,0.07415992440999808,60.0,59.07996220499904,0.0
2024-08-02 02:40:00,2.0,0.0,0.07414929470272479,60.0,59.074647351362394,0.0
2024-08-02 02:41:00,2.0,0.0,0.0741386665190598,60.0,59.0693332595299,0.0
2024-08-02 02:42:00,2.0,0.0,0.07412803985878473,60.0,59.064019929392366,0.0
2024-08-02 02:43:00,2.0,0.0,0.07411741472168124,60.0,59.058707360840614,0.0
2024-08-02 02:44:00,2.0,0.0,0.07410679110753096,60.0,59.05339555376548,0.0
2024-08-02 02:45:00,2.0,1.92556,0.07409616901611565,60.0,59.048084508057826,1.0
2024-08-02 02:46:00,2.0,0.0,0.07380954844721703,60.0,58.90477422360851,0.0
2024-08-02 02:47:00,2.0,0.0,0.07422897373888727,60.0,59.11448686944364,0.0
2024-08-02 02:48:00,2.0,0.0,0.07464833891226441,60.0,59.3241694561322,0.0
2024-08-02 02:49:00,2.0,0.0,0.07506764397596546,60.0,59.53382198798273,0.0
2024-08-02 02:50:00,2.0,0.0,0.07548688893860628,60.0,59.743444469303135,0.0
2024-08-02 02:51:00,2.0,0.0,0.0759060738088014,60.0,59.953036904400705,0.0
2024-08-02 02:52:00,2.0,0.0,0.07632519859516422,60.0,60.16259929758211,0.0
2024-08-02 02:53:00,2.0,0.0,0.07674426330630682,60.0,60.37213165315341,0.0
2024-08-02 02:54:00,2.0,0.0,0.07716326795084008,60.0,60.58163397542004,0.0
2024-08-02 02:55:00,2.0,0.0,0.07758221253737366,60.0,60.791106268686825,0.0
2024-08-02 02:56:00,2.0,0.0,0.07800109707451593,60.0,61.00054853725796,0.0
2024-08-02 02:57:00,2.0,0.0,0.07798991679304323,60.0,60.99495839652162,0.0
2024-08-02 02:58:00,2.0,0.0,0.07797873811409535,60.0,60.989369057047675,0.0
2024-08-02 02:59:00,2.0,0.0,0.0779675610374426,60.0,60.9837805187213,0.0
2024-08-02 03:00:00,2.0,0.0,0.0779563855628553,60.0,60.978192781427644,0.0
2024-08-02 03:01:00,2.0,0.0,0.07794521169010381,60.0,60.9726058450519,0.0
2024-08-02 03:02:00,2.0,0.0,0.07793403941895855,60.0,60.967019709479274,0.0
2024-08-02 03:03:00,2.0,0.0,0.07792286874918995,60.0,60.96143437459497,0.0
2024-08-02 03:04:00,2.0,0.0,0.07791169968056846,60.0,60.95584984028423,0.0
2024-08-02 03:05:00,2.0,0.0,0.07790053221286461,60.0,60.9502661064323,0.0
2024-08-02 03:06:00,2.0,0.0,0.0778893663458489,60.0,60.94468317292445,0.0
2024-08-02 03:07:00,2.0,0.0,0.07787820207929193,60.0,60.93910103964596,0.0
2024-08-02 03:08:00,2.0,0.0,0.07786703941296426,60.0,60.93351970648213,0.0
2024-08-02 03:09:00,2.0,0.0,0.07785587834663656,60.0,60.92793917331828,0.0
2024-08-02 03:10:00,2.0,0.0,0.07784471888007947,60.0,60.922359440039735,0.0
2024-08-02 03:11:00,2.0,0.0,0.07783356101306368,60.0,60.91678050653184,0.0
2024-08-02 03:12:00,2.0,0.0,0.07782240474535995,60.0,60.91120237267997,0.0
2024-08-02 03:13:00,2.0,0.0,0.07781125007673902,60.0,60.90562503836951,0.0
2024-08-02 03:14:00,2.0,0.0,0.07780009700697169,60.0,60.90004850348584,0.0
2024-08-02 03:15:00,2.0,0.0,0.07778894553582878,60.0,60.894472767914394,0.0
2024-08-02 03:16:00,2.0,0.0,0.07777779566308118,60.0,60.88889783154059,0.0
2024-08-02 03:17:00,2.0,0.0,0.07776664738849975,60.0,60.883323694249874,0.0
2024-08-02 03:18:00,2.0,0.0,0.07775550071185544,60.0,60.877750355927716,0.0
2024-08-02 03:19:00,2.0,0.0,0.07774435563291919,60.0,60.8721778164596,0.0
2024-08-02 03:20:00,2.0,0.0,0.07773321215146202,60.0,60.866606075731006,0.0
2024-08-02 03:21:00,2.0,0.0,0.07772207026725492,60.0,60.86103513362746,0.0
2024-08-02 03:22:00,2.0,0.0,0.07771092998006898,60.0,60.85546499003449,0.0
2024-08-02 03:23:00,2.0,0.0,0.07769979128967527,60.0,60.84989564483764,0.0
2024-08-02 03:24:00,2.0,0.0,0.07768865419584493,60.0,60.844327097922466,0.0
2024-08-02 03:25:00,2.0,0.0,0.07767751869834912,60.0,60.83875934917456,0.0
2024-08-02 03:26:00,2.0,0.0,0.077666384796959,60.0,60.833192398479504,0.0
2024-08-02 03:27:00,2.0,0.0,0.07765525249144582,60.0,60.82762624572291,0.0
2024-08-02 03:28:00,2.0,0.0,0.07764412178158082,60.0,60.82206089079041,0.0
2024-08-02 03:29:00,2.0,0.0,0.0776329926671353,60.0,60.81649633356765,0.0
2024-08-02 03:30:00,2.0,0.0,0.07762186514788057,60.0,60.810932573940285,0.0
2024-08-02 03:31:00,2.0,0.0,0.077610739223588,60.0,60.805369611794,0.0
2024-08-02 03:32:00,2.0,0.0,0.07759961489402896,60.0,60.79980744701448,0.0
2024-08-02 03:33:00,2.0,0.0,0.07758849215897487,60.0,60.794246079487436,0.0
2024-08-02 03:34:00,2.0,0.0,0.07757737101819719,60.0,60.78868550909859,0.0
2024-08-02 03:35:00,2.0,0.0,0.0775662514714674,60.0,60.7831257357337,0.0
2024-08-02 03:36:00,2.0,0.0,0.07755513351855702,60.0,60.77756675927851,0.0
2024-08-02 03:37:00,2.0,0.0,0.07754401715923759,60.0,60.77200857961879,0.0
2024-08-02 03:38:00,2.0,0.0,0.0775329023932807,60.0,60.76645119664035,0.0
2024-08-02 03:39:00,2.0,0.0,0.07752178922045797,60.0,60.76089461022898,0.0
2024-08-02 03:40:00,2.0,0.0,0.07751067764054104,60.0,60.75533882027052,0.0
2024-08-02 03:41:00,2.0,0.0,0.07749956765330158,60.0,60.74978382665079,0.0
2024-08-02 03:42:00,2.0,11.553360000000001,0.07748845925851133,60.0,60.74422962925566,6.0
2024-08-02 03:43:00,2.0,0.0,0.07582135245594201,60.0,59.91067622797101,0.0
2024-08-02 03:44:00,2.0,0.0,0.0758104846080028,60.0,59.9052423040014,0.0
2024-08-02 03:45:00,2.0,1.92556,0.07579961831780575,60.0,59.899809158902876,1.0
2024-08-02 03:46:00,2.0,1.92556,0.07551275358512761,60.0,59.756376792563806,1.0
2024-08-02 03:47:00,2.0,11.553360000000001,0.0752259299701847,60.0,59.61296498509235,6.0
2024-08-02 03:48:00,2.0,0.0,0.07355914746708338,60.0,58.77957373354169,0.0
2024-08-02 03:49:00,2.0,0.0,0.07397860864995957,60.0,58.989304324979784,0.0
2024-08-02 03:50:00,2.0,0.0,0.07439800970939818,60.0,59.19900485469909,0.0
2024-08-02 03:51:00,2.0,0.0,0.074817350654017,60.0,59.408675327008496,0.0
2024-08-02 03:52:00,2.0,0.0,0.07523663149243257,60.0,59.61831574621628,0.0
2024-08-02 03:53:00,2.0,0.0,0.07565585223326023,60.0,59.82792611663011,0.0
2024-08-02 03:54:00,2.0,0.0,0.07607501288511404,60.0,60.03750644255702,0.0
2024-08-02 03:55:00,2.0,0.0,0.07649411345660685,60.0,60.24705672830343,0.0
2024-08-02 03:56:00,2.0,0.0,0.0769131539563503,60.0,60.45657697817515,0.0
2024-08-02 03:57:00,2.0,0.0,0.07733213439295475,60.0,60.66606719647737,0.0
2024-08-02 03:58:00,2.0,0.0,0.07775105477502933,60.0,60.875527387514666,0.0
2024-08-02 03:59:00,2.0,0.0,0.07816991511118199,60.0,61.08495755559099,0.0
2024-08-02 04:00:00,2.0,0.0,0.0781587106321885,60.0,61.07935531609425,0.0
2024-08-02 04:01:00,2.0,11.553360000000001,0.07814750775918819,60.0,61.07375387959409,6.0
2024-08-02 04:02:00,2.0,11.553360000000001,0.07648030649195084,60.0,60.24015324597542,6.0
2024-08-02 04:03:00,2.0,0.0,0.07481334419288367,60.0,59.40667209644184,0.0
2024-08-02 04:04:00,1.0,11.553360000000001,0.07480262082773419,60.0,59.401310413867094,6.0
2024-08-02 04:05:00,1.0,0.0,0.07313589899961745,60.0,58.567949499808726,0.0
2024-08-02 04:06:00,1.0,0.0,0.07355542084878139,60.0,58.77771042439069,0.0
2024-08-02 04:07:00,1.0,0.0,0.07397488256581214,60.0,58.98744128290607,0.0
2024-08-02 04:08:00,1.0,0.0,0.07439428415932875,60.0,59.197142079664374,0.0
2024-08-02 04:09:00,1.0,0.0,0.07481362563794901,60.0,59.4068128189745,0.0
2024-08-02 04:10:00,1.0,0.0,0.07523290701028948,60.0,59.61645350514474,0.0
2024-08-02 04:11:00,1.0,0.0,0.0756521282849655,60.0,59.82606414248275,0.0
2024-08-02 04:12:00,1.0,0.0,0.07607128947059116,60.0,60.035644735295584,0.0
2024-08-02 04:13:00,1.0,0.0,0.07649039057577933,60.0,60.245195287889665,0.0
2024-08-02 04:14:00,1.0,0.0,0.07690943160914163,60.0,60.45471580457081,0.0
2024-08-02 04:15:00,1.0,0.0,0.07732841257928842,60.0,60.66420628964421,0.0
2024-08-02 04:16:00,1.0,0.0,0.0777473334948289,60.0,60.87366674741445,0.0
2024-08-02 04:17:00,1.0,0.0,0.07816619436437097,60.0,61.08309718218548,0.0
2024-08-02 04:18:00,1.0,0.0,0.07815499041869046,60.0,61.07749520934523,0.0
2024-08-02 04:19:00,1.0,0.0,0.07814378807892668,60.0,61.07189403946334,0.0
2024-08-02 04:20:00,1.0,0.0,0.07813258734484943,60.0,61.06629367242471,0.0
2024-08-02 04:21:00,1.0,0.0,0.07812138821622856,60.0,61.06069410811428,0.0
2024-08-02 04:22:00,1.0,0.0,0.07811019069283398,60.0,61.05509534641699,0.0
2024-08-02 04:23:00,1.0,0.0,0.07809899477443559,60.0,61.04949738721779,0.0
2024-08-02 04:24:00,1.0,0.0,0.07808780046080332,60.0,61.04390023040166,0.0
2024-08-02 04:25:00,1.0,0.0,0.07807660775170717,60.0,61.038303875853586,0.0
2024-08-02 04:26:00,1.0,0.0,0.07806541664691716,60.0,61.03270832345858,0.0
2024-08-02 04:27:00,1.0,0.0,0.07805422714620332,60.0,61.02711357310166,0.0
2024-08-02 04:28:00,2.0,0.0,0.07804303924933574,60.0,61.02151962466787,0.0
2024-08-02 04:29:00,2.0,0.0,0.07803185295608452,60.0,61.01592647804226,0.0
2024-08-02 04:30:00,2.0,0.0,0.07802066826621981,60.0,61.01033413310991,0.0
2024-08-02 04:31:00,2.0,0.0,0.0780094851795118,60.0,61.0047425897559,0.0
2024-08-02 04:32:00,2.0,0.0,0.0779983036957307,60.0,60.99915184786535,0.0
2024-08-02 04:33:00,2.0,0.0,0.07798712381464674,60.0,60.99356190732337,0.0
2024-08-02 04:34:00,2.0,0.0,0.07797594553603021,60.0,60.987972768015105,0.0
2024-08-02 04:35:00,2.0,0.0,0.07796476885965141,60.0,60.98238442982571,0.0
2024-08-02 04:36:00,2.0,0.0,0.0779535937852807,60.0,60.97679689264035,0.0
2024-08-02 04:37:00,2.0,0.0,0.07794242031268846,60.0,60.97121015634423,0.0
2024-08-02 04:38:00,2.0,0.0,0.07793124844164506,60.0,60.965624220822534,0.0
2024-08-02 04:39:00,2.0,0.0,0.077920078171921,60.0,60.960039085960496,0.0
2024-08-02 04:40:00,2.0,0.0,0.07790890950328669,60.0,60.95445475164335,0.0
2024-08-02 04:41:00,2.0,0.0,0.0778977424355127,60.0,60.94887121775635,0.0
2024-08-02 04:42:00,2.0,0.0,0.07788657696836952,60.0,60.94328848418476,0.0
2024-08-02 04:43:00,2.0,0.0,0.07787541310162775,60.0,60.93770655081388,0.0
2024-08-02 04:44:00,2.0,0.0,0.077864250835058,60.0,60.932125417529,0.0
2024-08-02 04:45:00,2.0,0.0,0.07785309016843091,60.0,60.926545084215455,0.0
2024-08-02 04:46:00,2.0,0.0,0.07784193110151713,60.0,60.92096555075857,0.0
2024-08-02 04:47:00,2.0,0.0,0.0778307736340874,60.0,60.9153868170437,0.0
2024-08-02 04:48:00,2.0,11.553360000000001,0.07781961776591241,60.0,60.909808882956206,6.0
2024-08-02 04:49:00,2.0,11.553360000000001,0.07615246349676298,60.0,60.07623174838149,6.0
2024-08-02 04:50:00,2.0,1.92556,0.07448554818904725,60.0,59.242774094523625,1.0
2024-08-02 04:51:00,2.0,0.0,0.0741988718085137,60.0,59.09943590425685,0.0
2024-08-02 04:52:00,2.0,0.0,0.07418823651871793,60.0,59.094118259358964,0.0
2024-08-02 04:53:00,2.0,0.0,0.07417760275333063,60.0,59.088801376665316,0.0
2024-08-02 04:54:00,2.0,0.0,0.0741669705121333,60.0,59.08348525606665,0.0
2024-08-02 04:55:00,2.0,0.0,0.07415633979490749,60.0,59.07816989745374,0.0
2024-08-02 04:56:00,2.0,0.0,0.07414571060143473,60.0,59.072855300717364,0.0
2024-08-02 04:57:00,2.0,0.0,0.07413508293149665,60.0,59.06754146574832,0.0
2024-08-02 04:58:00,2.0,0.0,0.07412445678487482,60.0,59.06222839243741,0.0
2024-08-02 04:59:00,2.0,0.0,0.07411383216135095,60.0,59.05691608067548,0.0
2024-08-02 05:00:00,2.0,0.0,0.07410320906070672,60.0,59.05160453035336,0.0
2024-08-02 05:01:00,2.0,0.0,0.07409258748272382,60.0,59.04629374136191,0.0
2024-08-02 05:02:00,2.0,0.0,0.07408196742718401,60.0,59.040983713592006,0.0
2024-08-02 05:03:00,2.0,0.0,0.07407134889386907,60.0,59.035674446934536,0.0
2024-08-02 05:04:00,2.0,0.0,0.07406073188256083,60.0,59.030365941280415,0.0
2024-08-02 05:05:00,2.0,0.0,0.07405011639304111,60.0,59.025058196520554,0.0
2024-08-02 05:06:00,2.0,0.0,0.0740395024250918,60.0,59.0197512125459,0.0
2024-08-02 05:07:00,2.0,0.0,0.07402888997849479,60.0,59.014444989247394,0.0
2024-08-02 05:08:00,2.0,0.0,0.07401827905303203,60.0,59.009139526516016,0.0
2024-08-02 05:09:00,2.0,0.0,0.07400766964848549,60.0,59.003834824242745,0.0
2024-08-02 05:10:00,2.0,0.0,0.07399706176463716,60.0,58.99853088231858,0.0
2024-08-02 05:11:00,2.0,0.0,0.07441646017909996,60.0,59.20823008954998,0.0
2024-08-02 05:12:00,2.0,0.0,0.07483579847912206,60.0,59.41789923956103,0.0
2024-08-02 05:13:00,2.0,0.0,0.07525507667331999,60.0,59.627538336659995,0.0
2024-08-02 05:14:00,2.0,0.0,0.075674294770309,60.0,59.8371473851545,0.0
2024-08-02 05:15:00,2.0,0.0,0.07609345277870312,60.0,60.04672638935156,0.0
2024-08-02 05:16:00,1.0,0.0,0.07651255070711516,60.0,60.25627535355758,0.0
2024-08-02 05:17:00,1.0,0.0,0.07693158856415666,60.0,60.46579428207833,0.0
2024-08-02 05:18:00,1.0,0.0,0.07735056635843794,60.0,60.67528317921897,0.0
2024-08-02 05:19:00,1.0,0.0,0.07776948409856813,60.0,60.884742049284064,0.0
2024-08-02 05:20:00,1.0,1.92556,0.07818834179315505,60.0,61.09417089657752,1.0
2024-08-02 05:21:00,1.0,1.92556,0.07790113467297446,60.0,60.95056733648723,1.0
2024-08-02 05:22:00,1.0,0.0,0.0776139687196052,60.0,60.8069843598026,0.0
2024-08-02 05:23:00,1.0,0.0,0.07760284392714659,60.0,60.80142196357329,0.0
2024-08-02 05:24:00,1.0,0.0,0.07759172072925927,60.0,60.79586036462963,0.0
2024-08-02 05:25:00,1.0,0.0,0.0775805991257147,60.0,60.79029956285735,0.0
2024-08-02 05:26:00,1.0,0.0,0.07756947911628435,60.0,60.78473955814218,0.0
2024-08-02 05:27:00,1.0,0.0,0.07755836070073974,60.0,60.77918035036987,0.0
2024-08-02 05:28:00,2.0,0.0,0.07754724387885238,60.0,60.77362193942619,0.0
2024-08-02 05:29:00,2.0,0.0,0.07753612865039387,60.0,60.76806432519694,0.0
2024-08-02 05:30:00,2.0,0.0,0.07752501501513583,60.0,60.76250750756791,0.0
2024-08-02 05:31:00,2.0,0.0,0.07751390297284985,60.0,60.756951486424924,0.0
2024-08-02 05:32:00,2.0,1.92556,0.07750279252330763,60.0,60.75139626165382,1.0
2024-08-02 05:33:00,2.0,1.92556,0.07721568366628088,60.0,60.60784183314044,1.0
2024-08-02 05:34:00,2.0,0.0,0.0769286159619809,60.0,60.46430798099045,0.0
2024-08-02 05:35:00,2.0,0.0,0.07691758940450905,60.0,60.45879470225452,0.0
2024-08-02 05:36:00,2.0,0.0,0.07690656442752798,60.0,60.45328221376399,0.0
2024-08-02 05:37:00,2.0,0.0,0.07689554103081118,60.0,60.447770515405594,0.0
2024-08-02 05:38:00,2.0,0.0,0.07688451921413214,60.0,60.44225960706607,0.0
2024-08-02 05:39:00,2.0,0.0,0.07687349897726438,60.0,60.43674948863219,0.0
2024-08-02 05:40:00,2.0,0.0,0.07686248031998144,60.0,60.43124015999072,0.0
2024-08-02 05:41:00,2.0,0.0,0.07685146324205694,60.0,60.42573162102847,0.0
2024-08-02 05:42:00,2.0,0.0,0.07684044774326448,60.0,60.42022387163224,0.0
2024-08-02 05:43:00,2.0,0.0,0.07682943382337773,60.0,60.41471691168886,0.0
2024-08-02 05:44:00,2.0,1.92556,0.07681842148217037,60.0,60.40921074108518,1.0
2024-08-02 05:45:00,2.0,1.92556,0.07653141071941612,60.0,60.26570535970806,1.0
2024-08-02 05:46:00,2.0,0.0,0.07624444109532828,60.0,60.12222054766414,0.0
2024-08-02 05:47:00,2.0,0.0,0.07623351260401028,60.0,60.116756302005136,0.0
2024-08-02 05:48:00,2.0,0.0,0.07622258567912675,60.0,60.111292839563376,0.0
2024-08-02 05:49:00,2.0,0.0,0.0762116603204532,60.0,60.1058301602266,0.0
2024-08-02 05:50:00,2.0,0.0,0.07620073652776513,60.0,60.100368263882565,0.0
2024-08-02 05:51:00,2.0,0.0,0.07618981430083809,60.0,60.09490715041904,0.0
2024-08-02 05:52:00,2.0,0.0,0.0761788936394476,60.0,60.089446819723804,0.0
2024-08-02 05:53:00,2.0,0.0,0.07616797454336932,60.0,60.08398727168466,0.0
2024-08-02 05:54:00,2.0,0.0,0.07615705701237888,60.0,60.078528506189436,0.0
2024-08-02 05:55:00,2.0,0.0,0.07614614104625192,60.0,60.073070523125956,0.0
2024-08-02 05:56:00,2.0,0.0,0.07613522664476416,60.0,60.06761332238208,0.0
2024-08-02 05:57:00,2.0,0.0,0.07612431380769134,60.0,60.06215690384567,0.0
2024-08-02 05:58:00,1.0,0.0,0.0761134025348092,60.0,60.0567012674046,0.0
2024-08-02 05:59:00,1.0,0.0,0.07610249282589356,60.0,60.051246412946774,0.0
2024-08-02 06:00:00,1.0,0.0,0.07609158468072023,60.0,60.045792340360116,0.0
2024-08-02 06:01:00,1.0,0.0,0.07608067809906509,60.0,60.04033904953254,0.0
2024-08-02 06:02:00,1.0,0.0,0.076069773080704,60.0,60.034886540352005,0.0
2024-08-02 06:03:00,1.0,0.0,0.07605886962541294,60.0,60.02943481270647,0.0
2024-08-02 06:04:00,1.0,0.0,0.07604796773296782,60.0,60.02398386648391,0.0
2024-08-02 06:05:00,1.0,0.0,0.07603706740314464,60.0,60.01853370157232,0.0
2024-08-02 06:06:00,1.0,0.0,0.07602616863571944,60.0,60.01308431785972,0.0
2024-08-02 06:07:00,1.0,0.0,0.07601527143046827,60.0,60.00763571523413,0.0
2024-08-02 06:08:00,1.0,0.0,0.07600437578716719,60.0,60.002187893583596,0.0
2024-08-02 06:09:00,1.0,0.0,0.07599348170559235,60.0,59.99674085279617,0.0
2024-08-02 06:10:00,1.0,0.0,0.07598258918551987,60.0,59.991294592759935,0.0
2024-08-02 06:11:00,1.0,0.0,0.07597169822672596,60.0,59.98584911336298,0.0
2024-08-02 06:12:00,1.0,0.0,0.07596080882898683,60.0,59.980404414493414,0.0
2024-08-02 06:13:00,2.0,0.0,0.0759499209920787,60.0,59.97496049603935,0.0
2024-08-02 06:14:00,2.0,0.0,0.07593903471577788,60.0,59.96951735788894,0.0
2024-08-02 06:15:00,2.0,0.0,0.07592814999986067,60.0,59.96407499993033,0.0
2024-08-02 06:16:00,2.0,0.0,0.0759172668441034,60.0,59.9586334220517,0.0
2024-08-02 06:17:00,2.0,0.0,0.07590638524828244,60.0,59.953192624141224,0.0
2024-08-02 06:18:00,2.0,0.0,0.07589550521217424,60.0,59.94775260608712,0.0
2024-08-02 06:19:00,2.0,0.0,0.0758846267355552,60.0,59.9423133677776,0.0
2024-08-02 06:20:00,2.0,0.0,0.0758737498182018,60.0,59.9368749091009,0.0
2024-08-02 06:21:00,2.0,0.0,0.07586287445989055,60.0,59.931437229945274,0.0
2024-08-02 06:22:00,2.0,0.0,0.07585200066039798,60.0,59.92600033019899,0.0
2024-08-02 06:23:00,2.0,0.0,0.07584112841950065,60.0,59.920564209750324,0.0
2024-08-02 06:24:00,2.0,0.0,0.07583025773697516,60.0,59.91512886848758,0.0
2024-08-02 06:25:00,2.0,11.553360000000001,0.07581938861259815,60.0,59.90969430629907,6.0
2024-08-02 06:26:00,2.0,11.553360000000001,0.07415252104614627,60.0,59.07626052307313,6.0
2024-08-02 06:27:00,2.0,0.0,0.07248589240003359,60.0,58.24294620001679,0.0
2024-08-02 06:28:00,1.0,0.0,0.07290550741784534,60.0,58.452753708922664,0.0
2024-08-02 06:29:00,1.0,0.0,0.07332506229016957,60.0,58.662531145084785,0.0
2024-08-02 06:30:00,1.0,0.0,0.07374455702562727,60.0,58.87227851281363,0.0
2024-08-02 06:31:00,2.0,0.0,0.0741639916328381,60.0,59.08199581641905,0.0
2024-08-02 06:32:00,2.0,0.0,0.07458336612042059,60.0,59.291683060210296,0.0
2024-08-02 06:33:00,2.0,0.0,0.07500268049699196,60.0,59.50134024849598,0.0
2024-08-02 06:34:00,1.0,0.0,0.07542193477116821,60.0,59.710967385584105,0.0
2024-08-02 06:35:00,1.0,1.92556,0.07584112895156413,60.0,59.920564475782065,1.0
2024-08-02 06:36:00,1.0,0.0,0.07598426304679325,60.0,59.99213152339662,0.0
2024-08-02 06:37:00,1.0,0.0,0.07640337662590742,60.0,60.201688312953706,0.0
2024-08-02 06:38:00,1.0,0.0,0.07682243013140776,60.0,60.41121506570388,0.0
2024-08-02 06:39:00,1.0,0.0,0.07724142357190493,60.0,60.620711785952466,0.0
2024-08-02 06:40:00,1.0,1.92556,0.07766035695600834,60.0,60.83017847800417,1.0
2024-08-02 06:41:00,1.0,1.92556,0.07780323029232616,60.0,60.90161514616308,1.0
2024-08-02 06:42:00,1.0,0.0,0.07794608314990491,60.0,60.973041574952454,0.0
2024-08-02 06:43:00,1.0,0.0,0.07836491553167989,60.0,61.18245776583994,0.0
2024-08-02 06:44:00,1.0,0.0,0.07835368310231557,60.0,61.176841551157786,0.0
2024-08-02 06:45:00,1.0,0.0,0.07834245228295068,60.0,61.171226141475344,0.0
2024-08-02 06:46:00,1.0,0.0,0.07833122307335447,60.0,61.16561153667723,0.0
2024-08-02 06:47:00,1.0,0.0,0.07831999547329617,60.0,61.15999773664809,0.0
2024-08-02 06:48:00,1.0,0.0,0.0783087694825451,60.0,61.15438474127255,0.0
2024-08-02 06:49:00,1.0,0.0,0.07829754510087059,60.0,61.14877255043529,0.0
2024-08-02 06:50:00,1.0,0.0,0.07828632232804197,60.0,61.14316116402099,0.0
2024-08-02 06:51:00,1.0,0.0,0.0782751011638287,60.0,61.13755058191435,0.0
2024-08-02 06:52:00,1.0,0.0,0.07826388160800014,60.0,61.131940804000074,0.0
2024-08-02 06:53:00,1.0,0.0,0.07825266366032581,60.0,61.126331830162904,0.0
2024-08-02 06:54:00,1.0,0.0,0.07824144732057517,60.0,61.12072366028758,0.0
2024-08-02 06:55:00,1.0,0.0,0.07823023258851776,60.0,61.115116294258875,0.0
2024-08-02 06:56:00,1.0,0.0,0.07821901946392312,60.0,61.10950973196156,0.0
2024-08-02 06:57:00,1.0,0.0,0.07820780794656088,60.0,61.10390397328044,0.0
2024-08-02 06:58:00,1.0,0.0,0.07819659803620065,60.0,61.09829901810032,0.0
2024-08-02 06:59:00,1.0,0.0,0.07818538973261208,60.0,61.09269486630604,0.0
2024-08-02 07:00:00,1.0,0.0,0.07817418303556488,60.0,61.08709151778244,0.0
2024-08-02 07:01:00,1.0,0.0,0.07816297794482877,60.0,61.081488972414384,0.0
2024-08-02 07:02:00,1.0,0.0,0.07815177446017352,60.0,61.07588723008676,0.0
2024-08-02 07:03:00,1.0,0.0,0.0781405725813689,60.0,61.07028629068445,0.0
2024-08-02 07:04:00,1.0,0.0,0.07812937230818476,60.0,61.06468615409238,0.0
2024-08-02 07:05:00,1.0,0.0,0.07811817364039093,60.0,61.05908682019547,0.0
2024-08-02 07:06:00,1.0,0.0,0.07810697657775734,60.0,61.05348828887867,0.0
2024-08-02 07:07:00,1.0,0.0,0.07809578112005389,60.0,61.04789056002694,0.0
2024-08-02 07:08:00,1.0,0.0,0.07808458726705055,60.0,61.04229363352527,0.0
2024-08-02 07:09:00,1.0,0.0,0.07807339501851727,60.0,61.03669750925864,0.0
2024-08-02 07:10:00,1.0,0.0,0.07806220437422412,60.0,61.03110218711206,0.0
2024-08-02 07:11:00,1.0,0.0,0.07805101533394115,60.0,61.025507666970576,0.0
2024-08-02 07:12:00,1.0,0.0,0.07803982789743845,60.0,61.01991394871922,0.0
2024-08-02 07:13:00,1.0,0.0,0.0780286420644861,60.0,61.01432103224305,0.0
2024-08-02 07:14:00,1.0,0.0,0.07801745783485431,60.0,61.008728917427156,0.0
2024-08-02 07:15:00,1.0,0.0,0.07800627520831324,60.0,61.00313760415662,0.0
2024-08-02 07:16:00,1.0,0.0,0.07799509418463312,60.0,60.99754709231656,0.0
2024-08-02 07:17:00,1.0,0.0,0.0779839147635842,60.0,60.9919573817921,0.0
2024-08-02 07:18:00,1.0,0.0,0.07797273694493677,60.0,60.986368472468385,0.0
2024-08-02 07:19:00,1.0,0.0,0.07796156072846115,60.0,60.980780364230576,0.0
2024-08-02 07:20:00,1.0,0.0,0.0779503861139277,60.0,60.975193056963846,0.0
2024-08-02 07:21:00,1.0,0.0,0.07793921310110677,60.0,60.96960655055339,0.0
2024-08-02 07:22:00,1.0,11.553360000000001,0.07792804168976881,60.0,60.96402084488441,6.0
2024-08-02 07:23:00,1.0,0.0,0.07626087187968429,60.0,60.130435939842144,0.0
2024-08-02 07:24:00,1.0,0.0,0.07624994103326102,60.0,60.12497051663051,0.0
2024-08-02 07:25:00,1.0,0.0,0.07623901175360982,60.0,60.11950587680491,0.0
2024-08-02 07:26:00,1.0,0.0,0.0762280840405061,60.0,60.11404202025305,0.0
2024-08-02 07:27:00,1.0,0.0,0.07621715789372532,60.0,60.108578946862664,0.0
2024-08-02 07:28:00,1.0,0.0,0.076206233313043,60.0,60.1031166565215,0.0
2024-08-02 07:29:00,1.0,0.0,0.07619531029823463,60.0,60.097655149117315,0.0
2024-08-02 07:30:00,1.0,0.0,0.07618438884907579,60.0,60.092194424537894,0.0
2024-08-02 07:31:00,1.0,0.0,0.07617346896534204,60.0,60.08673448267102,0.0
2024-08-02 07:32:00,1.0,0.0,0.07616255064680902,60.0,60.08127532340451,0.0
2024-08-02 07:33:00,1.0,0.0,0.07615163389325239,60.0,60.07581694662619,0.0
2024-08-02 07:34:00,1.0,0.0,0.0761407187044478,60.0,60.0703593522239,0.0
2024-08-02 07:35:00,1.0,0.0,0.07612980508017102,60.0,60.064902540085505,0.0
2024-08-02 07:36:00,1.0,0.0,0.07611889302019775,60.0,60.05944651009887,0.0
2024-08-02 07:37:00,1.0,0.0,0.07610798252430379,60.0,60.05399126215189,0.0
2024-08-02 07:38:00,1.0,0.0,0.07609707359226493,60.0,60.04853679613247,0.0
2024-08-02 07:39:00,1.0,0.0,0.07608616622385707,60.0,60.04308311192853,0.0
2024-08-02 07:40:00,1.0,0.0,0.07607526041885604,60.0,60.037630209428016,0.0
2024-08-02 07:41:00,1.0,0.0,0.07606435617703776,60.0,60.032178088518876,0.0
2024-08-02 07:42:00,1.0,0.0,0.07605345349817817,60.0,60.026726749089086,0.0
2024-08-02 07:43:00,1.0,0.0,0.07604255238205326,60.0,60.02127619102663,0.0
2024-08-02 07:44:00,1.0,0.0,0.076031652828439,60.0,60.015826414219504,0.0
2024-08-02 07:45:00,1.0,1.92556,0.07602075483711147,60.0,60.010377418555734,1.0
2024-08-02 07:46:00,1.0,0.0,0.07573385840784672,60.0,59.866929203923355,0.0
2024-08-02 07:47:00,1.0,1.92556,0.0757230031008604,60.0,59.8615015504302,1.0
2024-08-02 07:48:00,1.0,1.92556,0.07543614934981871,60.0,59.71807467490935,1.0
2024-08-02 07:49:00,1.0,0.0,0.07514933671493818,60.0,59.574668357469086,0.0
2024-08-02 07:50:00,1.0,0.0,0.07513856519032543,60.0,59.56928259516271,0.0
2024-08-02 07:51:00,1.0,0.0,0.07512779520964835,60.0,59.56389760482418,0.0
2024-08-02 07:52:00,1.0,0.0,0.07511702677268568,60.0,59.55851338634284,0.0
2024-08-02 07:53:00,1.0,0.0,0.07510625987921611,60.0,59.553129939608056,0.0
2024-08-02 07:54:00,1.0,0.0,0.07509549452901843,60.0,59.54774726450921,0.0
2024-08-02 07:55:00,1.0,0.0,0.07508473072187141,60.0,59.542365360935705,0.0
2024-08-02 07:56:00,1.0,0.0,0.07507396845755389,60.0,59.536984228776944,0.0
2024-08-02 07:57:00,1.0,0.0,0.07506320773584473,60.0,59.531603867922364,0.0
2024-08-02 07:58:00,1.0,0.0,0.07505244855652282,60.0,59.52622427826141,0.0
2024-08-02 07:59:00,1.0,0.0,0.07504169091936709,60.0,59.52084545968354,0.0
2024-08-02 08:00:00,1.0,0.0,0.07503093482415647,60.0,59.51546741207824,0.0
2024-08-02 08:01:00,1.0,0.0,0.07502018027066996,60.0,59.510090135334984,0.0
2024-08-02 08:02:00,1.0,0.0,0.0750094272586866,60.0,59.5047136293433,0.0
2024-08-02 08:03:00,1.0,0.0,0.07499867578798541,60.0,59.4993378939927,0.0
2024-08-02 08:04:00,1.0,0.0,0.07498792585834546,60.0,59.49396292917273,0.0
2024-08-02 08:05:00,1.0,0.0,0.0749771774695459,60.0,59.48858873477295,0.0
2024-08-02 08:06:00,1.0,0.0,0.07496643062136583,60.0,59.483215310682915,0.0
2024-08-02 08:07:00,1.0,0.0,0.07495568531358446,60.0,59.47784265679223,0.0
2024-08-02 08:08:00,1.0,0.0,0.07494494154598098,60.0,59.47247077299049,0.0
2024-08-02 08:09:00,1.0,0.0,0.07493419931833463,60.0,59.46709965916732,0.0
2024-08-02 08:10:00,1.0,0.0,0.0749234586304247,60.0,59.461729315212345,0.0
2024-08-02 08:11:00,1.0,0.0,0.07491271948203046,60.0,59.45635974101523,0.0
2024-08-02 08:12:00,1.0,0.0,0.07490198187293126,60.0,59.45099093646563,0.0
2024-08-02 08:13:00,1.0,0.0,0.07489124580290647,60.0,59.445622901453234,0.0
2024-08-02 08:14:00,1.0,0.0,0.07488051127173549,60.0,59.44025563586774,0.0
2024-08-02 08:15:00,1.0,0.0,0.07486977827919773,60.0,59.434889139598866,0.0
2024-08-02 08:16:00,1.0,0.0,0.07485904682507268,60.0,59.429523412536334,0.0
2024-08-02 08:17:00,1.0,0.0,0.07484831690913979,60.0,59.42415845456989,0.0
2024-08-02 08:18:00,1.0,0.0,0.07483758853117861,60.0,59.418794265589305,0.0
2024-08-02 08:19:00,1.0,0.0,0.0748268616909687,60.0,59.41343084548435,0.0
2024-08-02 08:20:00,1.0,0.0,0.07481613638828964,60.0,59.40806819414482,0.0
2024-08-02 08:21:00,1.0,0.0,0.07480541262292102,60.0,59.40270631146051,0.0
2024-08-02 08:22:00,1.0,0.0,0.07479469039464255,60.0,59.39734519732127,0.0
2024-08-02 08:23:00,1.0,0.0,0.07478396970323385,60.0,59.391984851616925,0.0
2024-08-02 08:24:00,1.0,0.0,0.07477325054847467,60.0,59.38662527423733,0.0
2024-08-02 08:25:00,3.0,0.0,0.07476253293014473,60.0,59.381266465072365,0.0
2024-08-02 08:26:00,3.0,0.0,0.07475181684802384,60.0,59.37590842401192,0.0
2024-08-02 08:27:00,3.0,0.0,0.07474110230189178,60.0,59.370551150945886,0.0
2024-08-02 08:28:00,3.0,0.0,0.07473038929152838,60.0,59.36519464576419,0.0
2024-08-02 08:29:00,3.0,0.0,0.07471967781671354,60.0,59.35983890835677,0.0
2024-08-02 08:30:00,3.0,0.0,0.07470896787722715,60.0,59.354483938613576,0.0
2024-08-02 08:31:00,3.0,0.0,0.07469825947284915,60.0,59.34912973642457,0.0
2024-08-02 08:32:00,3.0,0.0,0.07468755260335949,60.0,59.343776301679746,0.0
2024-08-02 08:33:00,3.0,0.0,0.07467684726853818,60.0,59.33842363426909,0.0
2024-08-02 08:34:00,3.0,0.0,0.07466614346816525,60.0,59.33307173408262,0.0
2024-08-02 08:35:00,3.0,0.0,0.07465544120202074,60.0,59.32772060101037,0.0
2024-08-02 08:36:00,3.0,1.92556,0.07464474046988477,60.0,59.32237023494238,1.0
2024-08-02 08:37:00,3.0,1.92556,0.07435804127153743,60.0,59.179020635768715,1.0
2024-08-02 08:38:00,3.0,0.0,0.07407138316719847,60.0,59.03569158359923,0.0
2024-08-02 08:39:00,3.0,0.0,0.07406076615097766,60.0,59.03038307548883,0.0
2024-08-02 08:40:00,1.0,0.0,0.07405015065654608,60.0,59.02507532827304,0.0
2024-08-02 08:41:00,1.0,0.0,0.07403953668368561,60.0,59.019768341842806,0.0
2024-08-02 08:42:00,1.0,0.0,0.07402892423217816,60.0,59.01446211608908,0.0
2024-08-02 08:43:00,1.0,0.0,0.07401831330180565,60.0,59.009156650902824,0.0
2024-08-02 08:44:00,1.0,0.0,0.07400770389235006,60.0,59.00385194617503,0.0
2024-08-02 08:45:00,1.0,0.0,0.0739970960035934,60.0,58.9985480017967,0.0
2024-08-02 08:46:00,1.0,0.0,0.07441649441314854,60.0,59.20824720657427,0.0
2024-08-02 08:47:00,1.0,0.0,0.07483583270826372,60.0,59.417916354131854,0.0
2024-08-02 08:48:00,1.0,0.0,0.07525511089755542,60.0,59.627555448777706,0.0
2024-08-02 08:49:00,1.0,0.0,0.0756743289896389,60.0,59.83716449481945,0.0
2024-08-02 08:50:00,1.0,0.0,0.07609348699312819,60.0,60.0467434965641,0.0
2024-08-02 08:51:00,1.0,0.0,0.07651258491663612,60.0,60.25629245831806,0.0
2024-08-02 08:52:00,1.0,0.0,0.0769316227687742,60.0,60.4658113843871,0.0
2024-08-02 08:53:00,1.0,0.0,0.07735060055815278,60.0,60.67530027907639,0.0
2024-08-02 08:54:00,1.0,0.0,0.07776951829338094,60.0,60.88475914669047,0.0
2024-08-02 08:55:00,1.0,0.0,0.07818837598306655,60.0,61.094187991533275,0.0
2024-08-02 08:56:00,1.0,0.0,0.07817716885798537,60.0,61.08858442899268,0.0
2024-08-02 08:57:00,1.0,0.0,0.07816596333927663,60.0,61.082981669638315,0.0
2024-08-02 08:58:00,1.0,0.0,0.07815475942671009,60.0,61.07737971335504,0.0
2024-08-02 08:59:00,1.0,0.0,0.07814355712005552,60.0,61.07177856002776,0.0
2024-08-02 09:00:00,1.0,0.0,0.07813235641908274,60.0,61.06617820954137,0.0
2024-08-02 09:01:00,1.0,0.0,0.0781211573235616,60.0,61.0605786617808,0.0
2024-08-02 09:02:00,1.0,1.92556,0.078109959833262,60.0,61.054979916631,1.0
2024-08-02 09:03:00,1.0,0.0,0.07782276394795383,60.0,60.911381973976916,0.0
2024-08-02 09:04:00,1.0,0.0,0.07781160922784662,60.0,60.90580461392331,0.0
2024-08-02 09:05:00,1.0,0.0,0.0778004561066004,60.0,60.9002280533002,0.0
2024-08-02 09:06:00,1.0,0.0,0.07778930458398597,60.0,60.89465229199298,0.0
2024-08-02 09:07:00,1.0,1.92556,0.07777815465977422,60.0,60.88907732988711,1.0
2024-08-02 09:08:00,1.0,0.0,0.07749100633373603,60.0,60.74550316686801,0.0
2024-08-02 09:09:00,1.0,0.0,0.07747989916608188,60.0,60.73994958304094,0.0
2024-08-02 09:10:00,1.0,0.0,0.07746879359047279,60.0,60.73439679523639,0.0
2024-08-02 09:11:00,1.0,0.0,0.07745768960668055,60.0,60.72884480334027,0.0
2024-08-02 09:12:00,1.0,0.0,0.077446587214477,60.0,60.7232936072385,0.0
2024-08-02 09:13:00,1.0,0.0,0.07743548641363404,60.0,60.71774320681702,0.0
2024-08-02 09:14:00,1.0,0.0,0.07742438720392353,60.0,60.712193601961765,0.0
2024-08-02 09:15:00,1.0,0.0,0.07741328958511742,60.0,60.70664479255871,0.0
2024-08-02 09:16:00,1.0,0.0,0.0774021935569877,60.0,60.70109677849385,0.0
2024-08-02 09:17:00,1.0,0.0,0.07739109911930633,60.0,60.695549559653166,0.0
2024-08-02 09:18:00,1.0,0.0,0.07738000627184538,60.0,60.69000313592269,0.0
2024-08-02 09:19:00,1.0,0.0,0.07736891501437689,60.0,60.68445750718844,0.0
2024-08-02 09:20:00,1.0,0.0,0.07735782534667296,60.0,60.67891267333648,0.0
2024-08-02 09:21:00,1.0,0.0,0.07734673726850573,60.0,60.67336863425287,0.0
2024-08-02 09:22:00,1.0,0.0,0.07733565077964737,60.0,60.66782538982368,0.0
2024-08-02 09:23:00,1.0,0.0,0.07732456587987006,60.0,60.66228293993503,0.0
2024-08-02 09:24:00,1.0,0.0,0.07731348256894606,60.0,60.65674128447303,0.0
2024-08-02 09:25:00,1.0,0.0,0.0773024008466476,60.0,60.6512004233238,0.0
2024-08-02 09:26:00,1.0,0.0,0.07729132071274698,60.0,60.64566035637349,0.0
2024-08-02 09:27:00,1.0,0.0,0.07728024216701654,60.0,60.64012108350827,0.0
2024-08-02 09:28:00,1.0,0.0,0.07726916520922862,60.0,60.63458260461431,0.0
2024-08-02 09:29:00,1.0,0.0,0.07725808983915564,60.0,60.629044919577815,0.0
2024-08-02 09:30:00,1.0,0.0,0.07724701605656999,60.0,60.623508028284995,0.0
2024-08-02 09:31:00,1.0,0.0,0.07723594386124416,60.0,60.617971930622076,0.0
2024-08-02 09:32:00,1.0,0.0,0.07722487325295062,60.0,60.61243662647531,0.0
2024-08-02 09:33:00,1.0,0.0,0.07721380423146189,60.0,60.606902115730946,0.0
2024-08-02 09:34:00,1.0,0.0,0.07720273679655056,60.0,60.60136839827528,0.0
2024-08-02 09:35:00,1.0,0.0,0.07719167094798918,60.0,60.59583547399459,0.0
2024-08-02 09:36:00,1.0,0.0,0.07718060668555039,60.0,60.590303342775194,0.0
2024-08-02 09:37:00,1.0,0.0,0.07716954400900683,60.0,60.584772004503414,0.0
2024-08-02 09:38:00,1.0,0.0,0.0771584829181312,60.0,60.5792414590656,0.0
2024-08-02 09:39:00,1.0,0.0,0.07714742341269622,60.0,60.57371170634811,0.0
2024-08-02 09:40:00,1.0,0.0,0.07713636549247462,60.0,60.568182746237305,0.0
2024-08-02 09:41:00,1.0,1.92556,0.07712530915723918,60.0,60.56265457861959,1.0
2024-08-02 09:42:00,1.0,1.92556,0.07683825440676276,60.0,60.41912720338138,1.0
2024-08-02 09:43:00,1.0,11.553360000000001,0.07655124080125773,60.0,60.27562040062887,6.0
2024-08-02 09:44:00,1.0,11.553360000000001,0.07488426833482659,60.0,59.44213416741329,6.0
2024-08-02 09:45:00,1.0,1.92556,0.07321753480377048,60.0,58.60876740188524,1.0
2024-08-02 09:46:00,1.0,1.92556,0.07336104495167246,60.0,58.680522475836234,1.0
2024-08-02 09:47:00,1.0,0.0,0.07350453452955805,60.0,58.75226726477902,0.0
2024-08-02 09:48:00,1.0,0.0,0.0739240035403756,60.0,58.9620017701878,0.0
2024-08-02 09:49:00,1.0,0.0,0.07434341242663355,60.0,59.171706213316774,0.0
2024-08-02 09:50:00,1.0,0.0,0.07476276119694984,60.0,59.38138059847492,0.0
2024-08-02 09:51:00,1.0,0.0,0.0751820498599412,60.0,59.5910249299706,0.0
2024-08-02 09:52:00,1.0,0.0,0.0756012784242231,60.0,59.80063921211155,0.0
2024-08-02 09:53:00,1.0,0.0,0.07602044689840978,60.0,60.010223449204894,0.0
2024-08-02 09:54:00,1.0,0.0,0.07643955529111428,60.0,60.21977764555714,0.0
2024-08-02 09:55:00,1.0,0.0,0.07685860361094832,60.0,60.42930180547416,0.0
2024-08-02 09:56:00,1.0,0.0,0.07727759186652249,60.0,60.63879593326124,0.0
2024-08-02 09:57:00,1.0,0.0,0.07769652006644606,60.0,60.84826003322303,0.0
2024-08-02 09:58:00,1.0,11.553360000000001,0.07811538821932712,60.0,61.05769410966356,6.0
2024-08-02 09:59:00,1.0,13.47892,0.07644819155594165,60.0,60.224095777970824,7.0
2024-08-02 10:00:00,1.0,0.0,0.07450523386006645,60.0,59.25261693003323,0.0
2024-08-02 10:01:00,1.0,1.92556,0.07449455465788872,60.0,59.24727732894436,1.0
2024-08-02 10:02:00,1.0,1.92556,0.07420787698641362,60.0,59.10393849320681,1.0
2024-08-02 10:03:00,1.0,0.0,0.07392124040586134,60.0,58.96062020293067,0.0
2024-08-02 10:04:00,1.0,0.0,0.07434064968817297,60.0,59.17032484408649,0.0
2024-08-02 10:05:00,1.0,0.0,0.07475999885448618,60.0,59.37999942724309,0.0
2024-08-02 10:06:00,1.0,0.0,0.0751792879134177,60.0,59.58964395670885,0.0
2024-08-02 10:07:00,1.0,0.0,0.075598516873583,60.0,59.7992584367915,0.0
2024-08-02 10:08:00,1.0,0.0,0.07601768574359634,60.0,60.008842871798166,0.0
2024-08-02 10:09:00,1.0,0.0,0.07643679453207074,60.0,60.21839726603537,0.0
2024-08-02 10:10:00,1.0,0.0,0.07685584324761799,60.0,60.42792162380899,0.0
2024-08-02 10:11:00,1.0,0.0,0.07727483189884862,60.0,60.63741594942431,0.0
2024-08-02 10:12:00,1.0,0.0,0.07769376049437196,60.0,60.84688024718598,0.0
2024-08-02 10:13:00,1.0,0.0,0.07811262904279609,60.0,61.05631452139804,0.0
2024-08-02 10:14:00,1.0,0.0,0.07810143277489698,60.0,61.05071638744849,0.0
2024-08-02 10:15:00,1.0,0.0,0.0780902381118141,60.0,61.04511905590705,0.0
2024-08-02 10:16:00,1.0,0.0,0.07807904505331743,60.0,61.039522526658715,0.0
2024-08-02 10:17:00,1.0,0.0,0.07806785359917696,60.0,61.03392679958848,0.0
2024-08-02 10:18:00,1.0,0.0,0.07805666374916274,60.0,61.02833187458137,0.0
2024-08-02 10:19:00,1.0,0.0,0.07804547550304484,60.0,61.02273775152242,0.0
2024-08-02 10:20:00,1.0,0.0,0.07803428886059338,60.0,61.01714443029669,0.0
2024-08-02 10:21:00,1.0,0.0,0.0780231038215785,60.0,61.011551910789244,0.0
2024-08-02 10:22:00,1.0,0.0,0.07801192038577033,60.0,61.00596019288516,0.0
2024-08-02 10:23:00,1.0,0.0,0.07800073855293911,60.0,61.000369276469556,0.0
2024-08-02 10:24:00,1.0,0.0,0.07798955832285508,60.0,60.99477916142754,0.0
2024-08-02 10:25:00,1.0,0.0,0.0779783796952885,60.0,60.98918984764425,0.0
2024-08-02 10:26:00,1.0,0.0,0.07796720267000967,60.0,60.983601335004835,0.0
2024-08-02 10:27:00,1.0,0.0,0.07795602724678893,60.0,60.97801362339447,0.0
2024-08-02 10:28:00,1.0,0.0,0.07794485342539666,60.0,60.97242671269833,0.0
2024-08-02 10:29:00,1.0,0.0,0.07793368120560323,60.0,60.96684060280162,0.0
2024-08-02 10:30:00,1.0,0.0,0.07792251058717913,60.0,60.96125529358956,0.0
2024-08-02 10:31:00,1.0,1.92556,0.07791134156989477,60.0,60.95567078494738,1.0
2024-08-02 10:32:00,1.0,0.0,0.07762417415352067,60.0,60.812087076760335,0.0
2024-08-02 10:33:00,1.0,11.553360000000001,0.07761304789826694,60.0,60.80652394913347,6.0
2024-08-02 10:34:00,1.0,11.553360000000001,0.07594592323779419,60.0,59.972961618897095,6.0
2024-08-02 10:35:00,1.0,0.0,0.07427903753451118,60.0,59.13951876725559,0.0
2024-08-02 10:36:00,1.0,0.0,0.074268390754167,60.0,59.1341953770835,0.0
2024-08-02 10:37:00,1.0,0.0,0.07425774549987829,60.0,59.12887274993915,0.0
2024-08-02 10:38:00,1.0,0.0,0.07424710177142634,60.0,59.123550885713165,0.0
2024-08-02 10:39:00,1.0,0.0,0.0742364595685924,60.0,59.1182297842962,0.0
2024-08-02 10:40:00,1.0,0.0,0.07422581889115781,60.0,59.11290944557891,0.0
2024-08-02 10:41:00,1.0,0.0,0.07421517973890394,60.0,59.10758986945197,0.0
2024-08-02 10:42:00,1.0,1.92556,0.07420454211161218,60.0,59.102271055806085,1.0
2024-08-02 10:43:00,1.0,0.0,0.07391790600906392,60.0,58.95895300453196,0.0
2024-08-02 10:44:00,1.0,0.0,0.07433731576931107,60.0,59.16865788465554,0.0
2024-08-02 10:45:00,1.0,0.0,0.07475666541349131,60.0,59.37833270674565,0.0
2024-08-02 10:46:00,1.0,0.0,0.07517595495022134,60.0,59.58797747511067,0.0
2024-08-02 10:47:00,1.0,0.0,0.07559518438811667,60.0,59.79759219405834,0.0
2024-08-02 10:48:00,1.0,0.0,0.07601435373579157,60.0,60.00717686789579,0.0
2024-08-02 10:49:00,1.0,0.0,0.07643346300185908,60.0,60.216731500929534,0.0
2024-08-02 10:50:00,1.0,0.0,0.07685251219493096,60.0,60.426256097465476,0.0
2024-08-02 10:51:00,1.0,0.0,0.07727150132361778,60.0,60.635750661808885,0.0
2024-08-02 10:52:00,1.0,0.0,0.07769043039652887,60.0,60.845215198264434,0.0
2024-08-02 10:53:00,1.0,0.0,0.07810929942227232,60.0,61.05464971113616,0.0
2024-08-02 10:54:00,1.0,0.0,0.07809810363162412,60.0,61.04905181581206,0.0
2024-08-02 10:55:00,1.0,0.0,0.07808690944572373,60.0,61.04345472286187,0.0
2024-08-02 10:56:00,1.0,0.0,0.07807571686434116,60.0,61.03785843217058,0.0
2024-08-02 10:57:00,1.0,0.0,0.07806452588724642,60.0,61.03226294362321,0.0
2024-08-02 10:58:00,1.0,0.0,0.07805333651420955,60.0,61.026668257104774,0.0
2024-08-02 10:59:00,1.0,0.0,0.07804214874500064,60.0,61.021074372500316,0.0
2024-08-02 11:00:00,1.0,0.0,0.07803096257938978,60.0,61.01548128969489,0.0
2024-08-02 11:01:00,1.0,0.0,0.07801977801714714,60.0,61.00988900857357,0.0
2024-08-02 11:02:00,1.0,0.0,0.07800859505804292,60.0,61.00429752902146,0.0
2024-08-02 11:03:00,1.0,0.0,0.0779974137018473,60.0,60.998706850923654,0.0
2024-08-02 11:04:00,1.0,11.553360000000001,0.07798623394833057,60.0,60.99311697416528,6.0
2024-08-02 11:05:00,1.0,0.0,0.07631905579726296,60.0,60.15952789863148,0.0
2024-08-02 11:06:00,1.0,0.0,0.07630811661105218,60.0,60.154058305526085,0.0
2024-08-02 11:07:00,1.0,0.0,0.07629717899280883,60.0,60.14858949640441,0.0
2024-08-02 11:08:00,1.0,0.0,0.07628624294230818,60.0,60.14312147115409,0.0
2024-08-02 11:09:00,1.0,0.0,0.07627530845932554,60.0,60.137654229662765,0.0
2024-08-02 11:10:00,1.0,0.0,0.07626437554363619,60.0,60.132187771818096,0.0
2024-08-02 11:11:00,1.0,0.0,0.07625344419501551,60.0,60.12672209750775,0.0
2024-08-02 11:12:00,1.0,0.0,0.07624251441323887,60.0,60.12125720661943,0.0
2024-08-02 11:13:00,1.0,0.0,0.0762315861980817,60.0,60.11579309904084,0.0
2024-08-02 11:14:00,1.0,1.92556,0.07622065954931942,60.0,60.11032977465971,1.0
2024-08-02 11:15:00,1.0,1.92556,0.07593373446672755,60.0,59.96686723336377,1.0
2024-08-02 11:16:00,1.0,0.0,0.07564685051052114,60.0,59.82342525526057,0.0
2024-08-02 11:17:00,1.0,0.0,0.07563600767480534,60.0,59.81800383740267,0.0
2024-08-02 11:18:00,1.0,0.0,0.07562516639324661,60.0,59.8125831966233,0.0
2024-08-02 11:19:00,1.0,0.0,0.07561432666562216,60.0,59.80716333281108,0.0
2024-08-02 11:20:00,1.0,0.0,0.07560348849170927,60.0,59.801744245854636,0.0
2024-08-02 11:21:00,1.0,0.0,0.07559265187128524,60.0,59.796325935642614,0.0
2024-08-02 11:22:00,1.0,0.0,0.07558181680412737,60.0,59.790908402063685,0.0
2024-08-02 11:23:00,1.0,0.0,0.07557098329001306,60.0,59.78549164500653,0.0
2024-08-02 11:24:00,1.0,0.0,0.0755601513287197,60.0,59.78007566435985,0.0
2024-08-02 11:25:00,1.0,0.0,0.07554932092002471,60.0,59.774660460012356,0.0
2024-08-02 11:26:00,1.0,0.0,0.07553849206370555,60.0,59.769246031852774,0.0
2024-08-02 11:27:00,1.0,0.0,0.0755276647595397,60.0,59.76383237976985,0.0
2024-08-02 11:28:00,1.0,0.0,0.0755168390073047,60.0,59.75841950365235,0.0
2024-08-02 11:29:00,1.0,0.0,0.07550601480677809,60.0,59.75300740338904,0.0
2024-08-02 11:30:00,1.0,0.0,0.07549519215773745,60.0,59.747596078868725,0.0
2024-08-02 11:31:00,1.0,0.0,0.07548437105996042,60.0,59.74218552998021,0.0
2024-08-02 11:32:00,1.0,0.0,0.07547355151322466,60.0,59.736775756612325,0.0
2024-08-02 11:33:00,1.0,0.0,0.0754627335173078,60.0,59.7313667586539,0.0
2024-08-02 11:34:00,1.0,0.0,0.07545191707198759,60.0,59.7259585359938,0.0
2024-08-02 11:35:00,1.0,0.0,0.07544110217704177,60.0,59.720551088520885,0.0
2024-08-02 11:36:00,1.0,0.0,0.07543028883224813,60.0,59.71514441612406,0.0
2024-08-02 11:37:00,1.0,0.0,0.07541947703738446,60.0,59.70973851869223,0.0
2024-08-02 11:38:00,1.0,0.0,0.07540866679222859,60.0,59.70433339611429,0.0
2024-08-02 11:39:00,1.0,0.0,0.07539785809655841,60.0,59.698929048279204,0.0
2024-08-02 11:40:00,1.0,0.0,0.07538705095015183,60.0,59.693525475075916,0.0
2024-08-02 11:41:00,1.0,0.0,0.07537624535278678,60.0,59.68812267639339,0.0
2024-08-02 11:42:00,1.0,0.0,0.07536544130424123,60.0,59.682720652120615,0.0
2024-08-02 11:43:00,1.0,0.0,0.07535463880429318,60.0,59.67731940214659,0.0
2024-08-02 11:44:00,1.0,0.0,0.07534383785272065,60.0,59.67191892636033,0.0
2024-08-02 11:45:00,1.0,0.0,0.07533303844930173,60.0,59.66651922465086,0.0
2024-08-02 11:46:00,1.0,0.0,0.07532224059381448,60.0,59.66112029690724,0.0
2024-08-02 11:47:00,1.0,0.0,0.07531144428603706,60.0,59.65572214301853,0.0
2024-08-02 11:48:00,1.0,0.0,0.07530064952574762,60.0,59.65032476287381,0.0
2024-08-02 11:49:00,1.0,0.0,0.07528985631272433,60.0,59.64492815636217,0.0
2024-08-02 11:50:00,1.0,0.0,0.07527906464674546,60.0,59.63953232337273,0.0
2024-08-02 11:51:00,1.0,0.0,0.07526827452758922,60.0,59.63413726379461,0.0
2024-08-02 11:52:00,1.0,0.0,0.0752574859550339,60.0,59.62874297751695,0.0
2024-08-02 11:53:00,1.0,0.0,0.07524669892885784,60.0,59.62334946442892,0.0
2024-08-02 11:54:00,1.0,0.0,0.07523591344883937,60.0,59.617956724419685,0.0
2024-08-02 11:55:00,1.0,0.0,0.07522512951475688,60.0,59.612564757378436,0.0
2024-08-02 11:56:00,1.0,0.0,0.07521434712638878,60.0,59.60717356319439,0.0
2024-08-02 11:57:00,1.0,0.0,0.07520356628351352,60.0,59.601783141756755,0.0
2024-08-02 11:58:00,1.0,0.0,0.07519278698590956,60.0,59.59639349295478,0.0
2024-08-02 11:59:00,1.0,0.0,0.07518200923335544,60.0,59.59100461667772,0.0
2024-08-02 12:00:00,1.0,0.0,0.0751712330256297,60.0,59.585616512814845,0.0
2024-08-02 12:01:00,1.0,0.0,0.07516045836251087,60.0,59.58022918125543,0.0
2024-08-02 12:02:00,1.0,0.0,0.07514968524377759,60.0,59.57484262188879,0.0
2024-08-02 12:03:00,1.0,0.0,0.07513891366920848,60.0,59.56945683460424,0.0
2024-08-02 12:04:00,1.0,0.0,0.07512814363858222,60.0,59.56407181929111,0.0
2024-08-02 12:05:00,1.0,0.0,0.07511737515167749,60.0,59.558687575838746,0.0
2024-08-02 12:06:00,1.0,0.0,0.07510660820827304,60.0,59.55330410413652,0.0
2024-08-02 12:07:00,1.0,0.0,0.07509584280814764,60.0,59.54792140407382,0.0
2024-08-02 12:08:00,1.0,1.92556,0.07508507895108006,60.0,59.54253947554003,1.0
2024-08-02 12:09:00,1.0,0.0,0.07479831663684913,60.0,59.39915831842457,0.0
2024-08-02 12:10:00,1.0,0.0,0.07478759542567329,60.0,59.393797712836644,0.0
2024-08-02 12:11:00,1.0,0.0,0.07477687575122145,60.0,59.38843787561073,0.0
2024-08-02 12:12:00,1.0,1.92556,0.07476615761327335,60.0,59.383078806636675,1.0
2024-08-02 12:13:00,1.0,0.0,0.07447944101160876,60.0,59.23972050580438,0.0
2024-08-02 12:14:00,1.0,0.0,0.07446876550644704,60.0,59.23438275322352,0.0
2024-08-02 12:15:00,1.0,0.0,0.07445809153145806,60.0,59.22904576572903,0.0
2024-08-02 12:16:00,1.0,0.0,0.0744474190864225,60.0,59.22370954321125,0.0
2024-08-02 12:17:00,1.0,0.0,0.07443674817112106,60.0,59.21837408556053,0.0
2024-08-02 12:18:00,1.0,0.0,0.07442607878533447,60.0,59.213039392667234,0.0
2024-08-02 12:19:00,1.0,1.92556,0.0744154109288435,60.0,59.20770546442175,1.0
2024-08-02 12:20:00,1.0,1.92556,0.07412874460142894,60.0,59.064372300714474,1.0
2024-08-02 12:21:00,1.0,0.0,0.07384211936331121,60.0,58.921059681655606,0.0
2024-08-02 12:22:00,1.0,0.0,0.07426153998643162,60.0,59.13076999321581,0.0
2024-08-02 12:23:00,1.0,0.0,0.07468090049192808,60.0,59.340450245964036,0.0
2024-08-02 12:24:00,1.0,0.0,0.07510020088841753,60.0,59.55010044420876,0.0
2024-08-02 12:25:00,1.0,11.553360000000001,0.07551944118451569,60.0,59.75972059225784,6.0
2024-08-02 12:26:00,1.0,0.0,0.07428262138883705,60.0,59.14131069441853,0.0
2024-08-02 12:27:00,1.0,0.0,0.07470197887263226,60.0,59.35098943631613,0.0
2024-08-02 12:28:00,1.0,0.0,0.07512127624785357,60.0,59.560638123926786,0.0
2024-08-02 12:29:00,1.0,0.0,0.07554051352311666,60.0,59.77025676155833,0.0
2024-08-02 12:30:00,1.0,0.0,0.07595969070703595,60.0,59.97984535351797,0.0
2024-08-02 12:31:00,1.0,0.0,0.07637880780822462,60.0,60.18940390411231,0.0
2024-08-02 12:32:00,1.0,0.0,0.07679786483529463,60.0,60.398932417647316,0.0
2024-08-02 12:33:00,1.0,0.0,0.0772168617968567,60.0,60.60843089842835,0.0
2024-08-02 12:34:00,1.0,0.0,0.07763579870152032,60.0,60.81789935076016,0.0
2024-08-02 12:35:00,1.0,0.0,0.07805467555789372,60.0,61.02733777894686,0.0
2024-08-02 12:36:00,1.0,0.0,0.07804348759675307,60.0,61.021743798376534,0.0
2024-08-02 12:37:00,1.0,0.0,0.07803230123923802,60.0,61.016150619619005,0.0
2024-08-02 12:38:00,1.0,0.0,0.07802111648511867,60.0,61.010558242559334,0.0
2024-08-02 12:39:00,1.0,0.0,0.07800993333416524,60.0,61.00496666708262,0.0
2024-08-02 12:40:00,1.0,0.0,0.07799875178614792,60.0,60.99937589307396,0.0
2024-08-02 12:41:00,1.0,0.0,0.07798757184083696,60.0,60.99378592041848,0.0
2024-08-02 12:42:00,1.0,0.0,0.07797639349800264,60.0,60.98819674900132,0.0
2024-08-02 12:43:00,1.0,0.0,0.07796521675741525,60.0,60.982608378707624,0.0
2024-08-02 12:44:00,1.0,0.0,0.07795404161884516,60.0,60.97702080942258,0.0
2024-08-02 12:45:00,1.0,0.0,0.07794286808206272,60.0,60.97143404103136,0.0
2024-08-02 12:46:00,1.0,11.553360000000001,0.07793169614683834,60.0,60.96584807341917,6.0
2024-08-02 12:47:00,1.0,0.0,0.07626452581294246,60.0,60.13226290647123,0.0
2024-08-02 12:48:00,1.0,0.0,0.07625359444278294,60.0,60.12679722139147,0.0
2024-08-02 12:49:00,1.0,1.92556,0.07624266463947055,60.0,60.121332319735274,1.0
2024-08-02 12:50:00,1.0,0.0,0.07595573640278071,60.0,59.97786820139035,0.0
2024-08-02 12:51:00,1.0,11.553360000000001,0.07594484929292841,60.0,59.972424646464205,6.0
2024-08-02 12:52:00,1.0,0.0,0.07427796374357921,60.0,59.1389818717896,0.0
2024-08-02 12:53:00,1.0,0.0,0.07426731711714678,60.0,59.13365855857339,0.0
2024-08-02 12:54:00,1.0,0.0,0.07425667201674775,60.0,59.12833600837388,0.0
2024-08-02 12:55:00,1.0,0.0,0.07424602844216342,60.0,59.12301422108171,0.0
2024-08-02 12:56:00,1.0,11.553360000000001,0.07423538639317506,60.0,59.11769319658753,6.0
2024-08-02 12:57:00,1.0,11.553360000000001,0.072568745869564,60.0,58.284372934782,6.0
2024-08-02 12:58:00,1.0,0.0,0.07133234901157982,60.0,57.66617450578991,0.0
2024-08-02 12:59:00,1.0,1.92556,0.07175212937244772,60.0,57.87606468622386,1.0
2024-08-02 13:00:00,1.0,0.0,0.0718958495641287,60.0,57.94792478206435,0.0
2024-08-02 13:01:00,1.0,0.0,0.07231554915568664,60.0,58.15777457784332,0.0
2024-08-02 13:02:00,1.0,0.0,0.07273518858963471,60.0,58.36759429481735,0.0
2024-08-02 13:03:00,1.0,0.0,0.07315476787459559,60.0,58.57738393729779,0.0
2024-08-02 13:04:00,1.0,0.0,0.07357428701919072,60.0,58.78714350959536,0.0
2024-08-02 13:05:00,1.0,0.0,0.07399374603204034,60.0,58.99687301602017,0.0
2024-08-02 13:06:00,1.0,1.92556,0.0744131449217634,60.0,59.2065724608817,1.0
2024-08-02 13:07:00,1.0,0.0,0.07455648369697768,60.0,59.27824184848884,0.0
2024-08-02 13:08:00,1.0,0.0,0.07497580192673922,60.0,59.48790096336961,0.0
2024-08-02 13:09:00,1.0,1.92556,0.07539506005355336,60.0,59.697530026776676,1.0
2024-08-02 13:10:00,1.0,0.0,0.07553825808603493,60.0,59.769129043017465,0.0
2024-08-02 13:11:00,1.0,0.0,0.07595743559323713,60.0,59.97871779661856,0.0
2024-08-02 13:12:00,1.0,1.92556,0.07637655301766236,60.0,60.18827650883118,1.0
2024-08-02 13:13:00,1.0,1.92556,0.07651961036792261,60.0,60.259805183961305,1.0
2024-08-02 13:14:00,1.0,0.0,0.07666264721306816,60.0,60.33132360653408,0.0
2024-08-02 13:15:00,1.0,0.0,0.0770816635560381,60.0,60.54083177801905,0.0
2024-08-02 13:16:00,1.0,0.0,0.07750061983933156,60.0,60.750309919665774,0.0
2024-08-02 13:17:00,1.0,0.0,0.07791951607155716,60.0,60.95975803577858,0.0
2024-08-02 13:18:00,1.0,0.0,0.07833835226132234,60.0,61.16917613066117,0.0
2024-08-02 13:19:00,1.0,0.0,0.07832712363940242,60.0,61.16356181970121,0.0
2024-08-02 13:20:00,1.0,0.0,0.07831589662693618,60.0,61.15794831346809,0.0
2024-08-02 13:21:00,1.0,1.92556,0.07830467122369295,60.0,61.152335611846475,1.0
2024-08-02 13:22:00,1.0,1.92556,0.07801744742944206,60.0,61.00872371472103,1.0
2024-08-02 13:23:00,1.0,0.0,0.07773026480439245,60.0,60.865132402196224,0.0
2024-08-02 13:24:00,1.0,11.553360000000001,0.07771912334264314,60.0,60.859561671321565,6.0
2024-08-02 13:25:00,1.0,0.0,0.07605198347785441,60.0,60.0259917389272,0.0
2024-08-02 13:26:00,1.0,0.0,0.07604108257243475,60.0,60.02054128621737,0.0
2024-08-02 13:27:00,1.0,0.0,0.07603018322949555,60.0,60.015091614747774,0.0
2024-08-02 13:28:00,1.0,0.0,0.07601928544881287,60.0,60.00964272440643,0.0
2024-08-02 13:29:00,1.0,0.0,0.07600838923016277,60.0,60.00419461508139,0.0
2024-08-02 13:30:00,1.0,0.0,0.07599749457332138,60.0,59.99874728666069,0.0
2024-08-02 13:31:00,1.0,0.0,0.07598660147806481,60.0,59.99330073903241,0.0
2024-08-02 13:32:00,1.0,0.0,0.07597570994416926,60.0,59.98785497208463,0.0
2024-08-02 13:33:00,1.0,0.0,0.07596481997141089,60.0,59.982409985705445,0.0
2024-08-02 13:34:00,1.0,0.0,0.07595393155956598,60.0,59.97696577978299,0.0
2024-08-02 13:35:00,1.0,0.0,0.07594304470841075,60.0,59.971522354205376,0.0
2024-08-02 13:36:00,1.0,0.0,0.07593215941772154,60.0,59.96607970886077,0.0
2024-08-02 13:37:00,1.0,0.0,0.07592127568727466,60.0,59.96063784363733,0.0
2024-08-02 13:38:00,1.0,0.0,0.07591039351684649,60.0,59.95519675842324,0.0
2024-08-02 13:39:00,1.0,0.0,0.07589951290621338,60.0,59.949756453106694,0.0
2024-08-02 13:40:00,1.0,0.0,0.07588863385515182,60.0,59.94431692757591,0.0
2024-08-02 13:41:00,1.0,1.92556,0.07587775636343824,60.0,59.93887818171912,1.0
2024-08-02 13:42:00,1.0,1.92556,0.07559088043084912,60.0,59.795440215424556,1.0
2024-08-02 13:43:00,1.0,11.553360000000001,0.07530404561760054,60.0,59.65202280880027,6.0
2024-08-02 13:44:00,1.0,1.92556,0.07363725191779869,60.0,58.81862595889934,1.0
2024-08-02 13:45:00,1.0,1.92556,0.07378070190557923,60.0,58.89035095278961,1.0
2024-08-02 13:46:00,1.0,0.0,0.07392413133196638,60.0,58.96206566598319,0.0
2024-08-02 13:47:00,1.0,0.0,0.07434354019990733,60.0,59.17177009995366,0.0
2024-08-02 13:48:00,1.0,0.0,0.07476288895190925,60.0,59.38144447595462,0.0
2024-08-02 13:49:00,1.0,0.0,0.07518217759658886,60.0,59.59108879829443,0.0
2024-08-02 13:50:00,1.0,0.0,0.07560140614256163,60.0,59.800703071280815,0.0
2024-08-02 13:51:00,1.0,0.0,0.07602057459844182,60.0,60.010287299220906,0.0
2024-08-02 13:52:00,1.0,0.0,0.07643968297284243,60.0,60.21984148642121,0.0
2024-08-02 13:53:00,1.0,0.0,0.07685873127437522,60.0,60.42936563718761,0.0
2024-08-02 13:54:00,1.0,0.0,0.07727771951165074,60.0,60.63885975582537,0.0
2024-08-02 13:55:00,1.0,0.0,0.0776966476932783,60.0,60.848323846639154,0.0
2024-08-02 13:56:00,1.0,0.0,0.078115515827866,60.0,61.057757913932996,0.0
2024-08-02 13:57:00,1.0,0.0,0.07810431914618976,60.0,61.052159573094876,0.0
2024-08-02 13:58:00,1.0,0.0,0.07809312406938906,60.0,61.04656203469453,0.0
2024-08-02 13:59:00,1.0,0.0,0.07808193059723387,60.0,61.04096529861693,0.0
2024-08-02 14:00:00,1.0,0.0,0.07807073872949419,60.0,61.03536936474709,0.0
2024-08-02 14:01:00,1.0,0.0,0.07805954846594003,60.0,61.02977423297001,0.0
2024-08-02 14:02:00,1.0,0.0,0.07804835980634146,60.0,61.02417990317073,0.0
2024-08-02 14:03:00,1.0,0.0,0.0780371727504686,60.0,61.0185863752343,0.0
2024-08-02 14:04:00,1.0,0.0,0.07802598729809157,60.0,61.01299364904578,0.0
2024-08-02 14:05:00,1.0,0.0,0.07801480344898051,60.0,61.00740172449026,0.0
2024-08-02 14:06:00,1.0,0.0,0.07800362120290565,60.0,61.001810601452824,0.0
2024-08-02 14:07:00,1.0,0.0,0.07799244055963721,60.0,60.9962202798186,0.0
2024-08-02 14:08:00,1.0,0.0,0.07798126151894544,60.0,60.990630759472715,0.0
2024-08-02 14:09:00,1.0,0.0,0.07797008408060063,60.0,60.985042040300314,0.0
2024-08-02 14:10:00,1.0,0.0,0.07795890824437313,60.0,60.97945412218656,0.0
2024-08-02 14:11:00,1.0,0.0,0.07794773401003327,60.0,60.973867005016636,0.0
2024-08-02 14:12:00,1.0,0.0,0.07793656137735147,60.0,60.96828068867573,0.0
2024-08-02 14:13:00,1.0,1.92556,0.07792539034609815,60.0,60.96269517304907,1.0
2024-08-02 14:14:00,1.0,0.0,0.07763822091604375,60.0,60.819110458021875,0.0
2024-08-02 14:15:00,1.0,0.0,0.07762709264739835,60.0,60.81354632369918,0.0
2024-08-02 14:16:00,1.0,0.0,0.07761596597382253,60.0,60.80798298691126,0.0
2024-08-02 14:17:00,1.0,0.0,0.07760484089508762,60.0,60.80242044754381,0.0
2024-08-02 14:18:00,1.0,11.553360000000001,0.07759371741096506,60.0,60.79685870548253,6.0
2024-08-02 14:19:00,1.0,11.553360000000001,0.07592659552122626,60.0,59.96329776061313,6.0
2024-08-02 14:20:00,1.0,0.0,0.07425971258828008,60.0,59.12985629414004,0.0
2024-08-02 14:21:00,1.0,0.0,0.07424906857787565,60.0,59.124534288937824,0.0
2024-08-02 14:22:00,1.0,0.0,0.07423842609312967,60.0,59.11921304656483,0.0
2024-08-02 14:23:00,1.0,0.0,0.07422778513382343,60.0,59.113892566911716,0.0
2024-08-02 14:24:00,1.0,0.0,0.07421714569973831,60.0,59.108572849869155,0.0
2024-08-02 14:25:00,1.0,0.0,0.0742065077906557,60.0,59.103253895327846,0.0
2024-08-02 14:26:00,1.0,0.0,0.07419587140635699,60.0,59.09793570317849,0.0
2024-08-02 14:27:00,1.0,0.0,0.07418523654662362,60.0,59.092618273311814,0.0
2024-08-02 14:28:00,1.0,1.92556,0.07417460321123712,60.0,59.087301605618556,1.0
2024-08-02 14:29:00,1.0,0.0,0.07388797139997894,60.0,58.94398569998947,0.0
2024-08-02 14:30:00,1.0,0.0,0.07430738545090107,60.0,59.15369272545053,0.0
2024-08-02 14:31:00,1.0,0.0,0.07472673938514125,60.0,59.36336969257063,0.0
2024-08-02 14:32:00,1.0,0.0,0.07514603321131635,60.0,59.573016605658175,0.0
2024-08-02 14:33:00,1.0,0.0,0.07556526693804191,60.0,59.78263346902096,0.0
2024-08-02 14:34:00,1.0,0.0,0.0759844405739323,60.0,59.99222028696615,0.0
2024-08-02 14:35:00,1.0,0.0,0.07640355412760065,60.0,60.20177706380032,0.0
2024-08-02 14:36:00,1.0,0.0,0.0768226076076588,60.0,60.4113038038294,0.0
2024-08-02 14:37:00,1.0,0.0,0.07724160102271742,60.0,60.62080051135871,0.0
2024-08-02 14:38:00,1.0,0.0,0.07766053438138593,60.0,60.830267190692965,0.0
2024-08-02 14:39:00,1.0,0.0,0.07807940769227249,60.0,61.03970384613625,0.0
2024-08-02 14:40:00,1.0,0.0,0.07806821618615321,60.0,61.034108093076604,0.0
2024-08-02 14:41:00,1.0,0.0,0.07805702628416762,60.0,61.02851314208381,0.0
2024-08-02 14:42:00,1.0,0.0,0.0780458379860858,60.0,61.0229189930429,0.0
2024-08-02 14:43:00,1.0,0.0,0.07803465129167786,60.0,61.01732564583893,0.0
2024-08-02 14:44:00,1.0,0.0,0.07802346620071393,60.0,61.01173310035696,0.0
2024-08-02 14:45:00,1.0,0.0,0.07801228271296418,60.0,61.00614135648209,0.0
2024-08-02 14:46:00,1.0,0.0,0.07800110082819883,60.0,61.000550414099415,0.0
2024-08-02 14:47:00,1.0,0.0,0.0779899205461881,60.0,60.99496027309405,0.0
2024-08-02 14:48:00,1.0,0.0,0.07797874186670227,60.0,60.98937093335113,0.0
2024-08-02 14:49:00,1.0,0.0,0.07796756478951163,60.0,60.98378239475581,0.0
2024-08-02 14:50:00,1.0,0.0,0.07795638931438652,60.0,60.97819465719326,0.0
2024-08-02 14:51:00,1.0,1.92556,0.07794521544109731,60.0,60.97260772054865,1.0
2024-08-02 14:52:00,1.0,1.92556,0.0776580431694144,60.0,60.8290215847072,1.0
2024-08-02 14:53:00,1.0,0.0,0.07737091205954778,60.0,60.68545602977389,0.0
2024-08-02 14:54:00,1.0,0.0,0.07735982210559753,60.0,60.679911052798765,0.0
2024-08-02 14:55:00,1.0,0.0,0.07734873374122501,60.0,60.67436687061251,0.0
2024-08-02 14:56:00,1.0,0.0,0.07733764696620239,60.0,60.66882348310119,0.0
2024-08-02 14:57:00,1.0,0.0,0.07732656178030183,60.0,60.663280890150915,0.0
2024-08-02 14:58:00,1.0,0.0,0.07731547818329558,60.0,60.65773909164779,0.0
2024-08-02 14:59:00,1.0,0.0,0.07730439617495588,60.0,60.65219808747794,0.0
2024-08-02 15:00:00,1.0,26.95784,0.07729331575505503,60.0,60.64665787752752,14.0
2024-08-02 15:01:00,1.0,26.95784,0.07341823692336534,60.0,58.70911846168267,14.0
2024-08-02 15:02:00,1.0,26.95784,0.06997371830364389,60.0,56.986859151821946,14.0
2024-08-02 15:03:00,1.0,26.95784,0.0665296934037437,60.0,55.26484670187185,14.0
2024-08-02 15:04:00,1.0,26.95784,0.0630861621528975,60.0,53.54308107644875,14.0
2024-08-02 15:05:00,1.0,26.95784,0.05964312448034812,60.0,51.82156224017406,14.0
2024-08-02 15:06:00,1.0,26.95784,0.056200580315348546,60.0,50.10029015767427,14.0
2024-08-02 15:07:00,1.0,26.95784,0.052758529587161915,60.0,48.37926479358096,14.0
2024-08-02 15:08:00,1.0,26.95784,0.049316972225061505,60.0,46.65848611253075,14.0
2024-08-02 15:09:00,1.0,26.95784,0.04587590815833073,60.0,44.937954079165365,14.0
2024-08-02 15:10:00,1.0,28.8834,0.04243533731626313,60.0,43.217668658131565,15.0
2024-08-02 15:11:00,1.0,26.95784,0.038719259628162375,60.0,41.35962981408119,14.0
2024-08-02 15:12:00,1.0,0.0,0.03527971458378185,60.0,39.63985729189093,0.0
2024-08-02 15:13:00,1.0,0.0,0.035704662546335544,60.0,39.85233127316777,0.0
2024-08-02 15:14:00,1.0,0.0,0.03612954959900449,60.0,40.064774799502246,0.0
2024-08-02 15:15:00,1.0,0.0,0.036554375750519216,60.0,40.27718787525961,0.0
2024-08-02 15:16:00,1.0,0.0,0.036979141009608966,60.0,40.48957050480448,0.0
2024-08-02 15:17:00,1.0,0.0,0.03740384538500176,60.0,40.70192269250088,0.0
2024-08-02 15:18:00,1.0,0.0,0.037828488885424366,60.0,40.91424444271218,0.0
2024-08-02 15:19:00,1.0,0.0,0.03825307151960227,60.0,41.126535759801136,0.0
2024-08-02 15:20:00,1.0,0.0,0.038677593296259756,60.0,41.33879664812988,0.0
2024-08-02 15:21:00,1.0,0.0,0.039102054224119824,60.0,41.55102711205991,0.0
2024-08-02 15:22:00,1.0,0.0,0.039526454311904234,60.0,41.763227155952116,0.0
2024-08-02 15:23:00,1.0,0.0,0.03995079356833348,60.0,41.97539678416674,0.0
2024-08-02 15:24:00,1.0,0.0,0.040375072002126845,60.0,42.18753600106342,0.0
2024-08-02 15:25:00,1.0,0.0,0.04079928962200232,60.0,42.39964481100116,0.0
2024-08-02 15:26:00,1.0,0.0,0.04122344643667667,60.0,42.611723218338334,0.0
2024-08-02 15:27:00,1.0,1.92556,0.04164754245486539,60.0,42.823771227432694,1.0
2024-08-02 15:28:00,1.0,1.92556,0.041795577685282755,60.0,42.897788842641376,1.0
2024-08-02 15:29:00,1.0,0.0,0.04194359169708133,60.0,42.971795848540665,0.0
2024-08-02 15:30:00,1.0,0.0,0.04236758449330249,60.0,43.183792246651244,0.0
2024-08-02 15:31:00,1.0,0.0,0.04279151651654759,60.0,43.395758258273794,0.0
2024-08-02 15:32:00,1.0,0.0,0.04321538777552753,60.0,43.607693887763766,0.0
2024-08-02 15:33:00,1.0,0.0,0.04363919827895197,60.0,43.81959913947598,0.0
2024-08-02 15:34:00,1.0,0.0,0.04406294803552928,60.0,44.03147401776464,0.0
2024-08-02 15:35:00,1.0,0.0,0.044486637053966605,60.0,44.2433185269833,0.0
2024-08-02 15:36:00,1.0,0.0,0.04491026534296985,60.0,44.455132671484925,0.0
2024-08-02 15:37:00,1.0,0.0,0.045333832911243675,60.0,44.66691645562184,0.0
2024-08-02 15:38:00,1.0,0.0,0.045757339767491474,60.0,44.87866988374574,0.0
2024-08-02 15:39:00,1.0,0.0,0.04618078592041539,60.0,45.090392960207694,0.0
2024-08-02 15:40:00,1.0,0.0,0.04660417137871633,60.0,45.302085689358165,0.0
2024-08-02 15:41:00,1.0,0.0,0.04702749615109396,60.0,45.51374807554698,0.0
2024-08-02 15:42:00,1.0,0.0,0.04745076024624669,60.0,45.725380123123344,0.0
2024-08-02 15:43:00,1.0,0.0,0.04787396367287168,60.0,45.93698183643584,0.0
2024-08-02 15:44:00,1.0,0.0,0.04829710643966487,60.0,46.148553219832436,0.0
2024-08-02 15:45:00,1.0,0.0,0.04872018855532092,60.0,46.36009427766046,0.0
2024-08-02 15:46:00,1.0,0.0,0.049143210028533245,60.0,46.57160501426662,0.0
2024-08-02 15:47:00,1.0,0.0,0.049566170867994044,60.0,46.78308543399702,0.0
2024-08-02 15:48:00,1.0,0.0,0.04998907108239423,60.0,46.994535541197116,0.0
2024-08-02 15:49:00,1.0,0.0,0.05041191068042352,60.0,47.20595534021176,0.0
2024-08-02 15:50:00,1.0,0.0,0.05083468967077033,60.0,47.417344835385165,0.0
2024-08-02 15:51:00,1.0,0.0,0.05125740806212187,60.0,47.628704031060934,0.0
2024-08-02 15:52:00,1.0,0.0,0.05168006586316409,60.0,47.840032931582044,0.0
2024-08-02 15:53:00,1.0,0.0,0.0521026630825817,60.0,48.05133154129085,0.0
2024-08-02 15:54:00,1.0,0.0,0.05252519972905816,60.0,48.26259986452908,0.0
2024-08-02 15:55:00,1.0,0.0,0.052947675811275685,60.0,48.47383790563784,0.0
2024-08-02 15:56:00,1.0,0.0,0.05337009133791526,60.0,48.68504566895763,0.0
2024-08-02 15:57:00,1.0,0.0,0.053792446317656596,60.0,48.8962231588283,0.0
2024-08-02 15:58:00,1.0,0.0,0.0542147407591782,60.0,49.1073703795891,0.0
2024-08-02 15:59:00,1.0,0.0,0.054636974671157294,60.0,49.318487335578645,0.0
2024-08-02 16:00:00,1.0,0.0,0.055059148062269886,60.0,49.52957403113494,0.0
2024-08-02 16:01:00,1.0,0.0,0.05548126094119073,60.0,49.74063047059536,0.0
2024-08-02 16:02:00,1.0,0.0,0.05590331331659333,60.0,49.95165665829666,0.0
2024-08-02 16:03:00,1.0,1.92556,0.05632530519714996,60.0,50.16265259857498,1.0
2024-08-02 16:04:00,1.0,1.92556,0.05647123659153164,60.0,50.23561829576582,1.0
2024-08-02 16:05:00,1.0,0.0,0.05661714706884772,60.0,50.30857353442386,0.0
2024-08-02 16:06:00,1.0,0.0,0.05703903663209633,60.0,50.51951831604816,0.0
2024-08-02 16:07:00,1.0,0.0,0.05746086572383564,60.0,50.73043286191782,0.0
2024-08-02 16:08:00,1.0,0.0,0.057882634352733324,60.0,50.94131717636666,0.0
2024-08-02 16:09:00,1.0,0.0,0.05830434252745582,60.0,51.15217126372791,0.0
2024-08-02 16:10:00,1.0,0.0,0.05872599025666831,60.0,51.362995128334155,0.0
2024-08-02 16:11:00,1.0,1.92556,0.05914757754903477,60.0,51.57378877451738,1.0
2024-08-02 16:12:00,1.0,0.0,0.05929310441321789,60.0,51.646552206608945,0.0
2024-08-02 16:13:00,1.0,1.92556,0.059714610418318714,60.0,51.85730520915936,1.0
2024-08-02 16:14:00,1.0,0.0,0.05986005600688752,60.0,51.93002800344376,0.0
2024-08-02 16:15:00,1.0,0.0,0.060281480748023655,60.0,52.14074037401183,0.0
2024-08-02 16:16:00,1.0,0.0,0.060702845084275724,60.0,52.35142254213786,0.0
2024-08-02 16:17:00,1.0,0.0,0.061124149024301876,60.0,52.562074512150936,0.0
2024-08-02 16:18:00,1.0,0.0,0.06154539257675897,60.0,52.772696288379485,0.0
2024-08-02 16:19:00,1.0,0.0,0.061966575750302684,60.0,52.98328787515134,0.0
2024-08-02 16:20:00,1.0,0.0,0.062387698553587397,60.0,53.1938492767937,0.0
2024-08-02 16:21:00,1.0,0.0,0.0628087609952663,60.0,53.40438049763315,0.0
2024-08-02 16:22:00,1.0,0.0,0.06322976308399131,60.0,53.61488154199565,0.0
2024-08-02 16:23:00,1.0,0.0,0.06365070482841309,60.0,53.82535241420654,0.0
2024-08-02 16:24:00,1.0,0.0,0.06407158623718111,60.0,54.035793118590554,0.0
2024-08-02 16:25:00,1.0,1.92556,0.06449240731894358,60.0,54.24620365947179,1.0
2024-08-02 16:26:00,1.0,0.0,0.06463716808234746,60.0,54.31858404117373,0.0
2024-08-02 16:27:00,1.0,11.553360000000001,0.06505790809647803,60.0,54.528954048239015,6.0
2024-08-02 16:28:00,1.0,0.0,0.06382258780386983,60.0,53.91129390193492,0.0
2024-08-02 16:29:00,1.0,0.0,0.0642434445758043,60.0,54.12172228790215,0.0
2024-08-02 16:30:00,1.0,0.0,0.06466424102426453,60.0,54.33212051213226,0.0
2024-08-02 16:31:00,1.0,0.0,0.06508497715789698,60.0,54.542488578948486,0.0
2024-08-02 16:32:00,1.0,0.0,0.06550565298534687,60.0,54.752826492673435,0.0
2024-08-02 16:33:00,1.0,0.0,0.0659262685152582,60.0,54.96313425762909,0.0
2024-08-02 16:34:00,1.0,0.0,0.06634682375627368,60.0,55.17341187813684,0.0
2024-08-02 16:35:00,1.0,0.0,0.06676731871703484,60.0,55.38365935851742,0.0
2024-08-02 16:36:00,1.0,0.0,0.06718775340618194,60.0,55.59387670309097,0.0
2024-08-02 16:37:00,1.0,0.0,0.06760812783235402,60.0,55.80406391617701,0.0
2024-08-02 16:38:00,1.0,0.0,0.06802844200418885,60.0,56.01422100209442,0.0
2024-08-02 16:39:00,1.0,0.0,0.06844869593032299,60.0,56.22434796516149,0.0
2024-08-02 16:40:00,1.0,0.0,0.06886888961939173,60.0,56.43444480969587,0.0
2024-08-02 16:41:00,1.0,0.0,0.06928902308002918,60.0,56.64451154001459,0.0
2024-08-02 16:42:00,1.0,0.0,0.06970909632086818,60.0,56.854548160434085,0.0
2024-08-02 16:43:00,1.0,0.0,0.07012910935054029,60.0,57.064554675270145,0.0
2024-08-02 16:44:00,1.0,0.0,0.07054906217767591,60.0,57.27453108883795,0.0
2024-08-02 16:45:00,1.0,0.0,0.07096895481090414,60.0,57.48447740545207,0.0
2024-08-02 16:46:00,1.0,0.0,0.07138878725885289,60.0,57.69439362942644,0.0
2024-08-02 16:47:00,1.0,0.0,0.0718085595301488,60.0,57.9042797650744,0.0
2024-08-02 16:48:00,1.0,0.0,0.0722282716334173,60.0,58.11413581670865,0.0
2024-08-02 16:49:00,1.0,0.0,0.07264792357728254,60.0,58.32396178864127,0.0
2024-08-02 16:50:00,1.0,0.0,0.0730675153703675,60.0,58.53375768518375,0.0
2024-08-02 16:51:00,1.0,0.0,0.07348704702129388,60.0,58.74352351064694,0.0
2024-08-02 16:52:00,1.0,0.0,0.07390651853868212,60.0,58.95325926934106,0.0
2024-08-02 16:53:00,1.0,0.0,0.07432592993115149,60.0,59.162964965575746,0.0
2024-08-02 16:54:00,1.0,0.0,0.07474528120731999,60.0,59.372640603659995,0.0
2024-08-02 16:55:00,1.0,0.0,0.07516457237580437,60.0,59.582286187902184,0.0
2024-08-02 16:56:00,1.0,1.92556,0.07558380344522017,60.0,59.791901722610085,1.0
2024-08-02 16:57:00,1.0,1.92556,0.07572697442418168,60.0,59.86348721209084,1.0
2024-08-02 16:58:00,1.0,0.0,0.07587012488174152,60.0,59.93506244087076,0.0
2024-08-02 16:59:00,1.0,0.0,0.07628925482084112,60.0,60.14462741042056,0.0
2024-08-02 17:00:00,1.0,0.0,0.07670832468398195,60.0,60.35416234199097,0.0
2024-08-02 17:01:00,1.0,1.92556,0.07712733447977498,60.0,60.56366723988749,1.0
2024-08-02 17:02:00,1.0,0.0,0.07727028421682995,60.0,60.635142108414975,0.0
2024-08-02 17:03:00,1.0,0.0,0.07768921346419495,60.0,60.844606732097475,0.0
2024-08-02 17:04:00,1.0,0.0,0.0781080826643673,60.0,61.05404133218365,0.0
2024-08-02 17:05:00,1.0,0.0,0.07809688704812301,60.0,61.048443524061504,0.0
2024-08-02 17:06:00,1.0,0.0,0.07808569303660154,60.0,61.04284651830077,0.0
2024-08-02 17:07:00,1.0,0.0,0.07807450062957288,60.0,61.03725031478644,0.0
2024-08-02 17:08:00,1.0,0.0,0.07806330982680706,60.0,61.03165491340353,0.0
2024-08-02 17:09:00,1.0,1.92556,0.07805212062807412,60.0,61.02606031403706,1.0
2024-08-02 17:10:00,1.0,0.0,0.07776493303314416,60.0,60.88246651657208,0.0
2024-08-02 17:11:00,1.0,0.0,0.07775378660222684,60.0,60.87689330111342,0.0
2024-08-02 17:12:00,1.0,0.0,0.07774264176898237,60.0,60.87132088449118,0.0
2024-08-02 17:13:00,1.0,0.0,0.07773149853318174,60.0,60.865749266590875,0.0
2024-08-02 17:14:00,1.0,0.0,0.07772035689459601,60.0,60.860178447298004,0.0
2024-08-02 17:15:00,1.0,11.553360000000001,0.07770921685299621,60.0,60.8546084264981,6.0
2024-08-02 17:16:00,1.0,11.553360000000001,0.07604207840815344,60.0,60.02103920407672,6.0
2024-08-02 17:17:00,1.0,0.0,0.0743751789224762,60.0,59.187589461238105,0.0
2024-08-02 17:18:00,1.0,0.0,0.07436451836171332,60.0,59.182259180856654,0.0
2024-08-02 17:19:00,1.0,0.0,0.0743538593289811,60.0,59.17692966449055,0.0
2024-08-02 17:20:00,1.0,0.0,0.07434320182406055,60.0,59.17160091203028,0.0
2024-08-02 17:21:00,1.0,0.0,0.0743325458467327,60.0,59.16627292336635,0.0
2024-08-02 17:22:00,1.0,0.0,0.07432189139677856,60.0,59.16094569838928,0.0
2024-08-02 17:23:00,1.0,0.0,0.0743112384739792,60.0,59.1556192369896,0.0
2024-08-02 17:24:00,1.0,0.0,0.07430058707811575,60.0,59.15029353905788,0.0
2024-08-02 17:25:00,1.0,0.0,0.07428993720896936,60.0,59.144968604484674,0.0
2024-08-02 17:26:00,1.0,0.0,0.07427928886632114,60.0,59.13964443316057,0.0
2024-08-02 17:27:00,1.0,1.92556,0.07426864204995233,60.0,59.13432102497617,1.0
2024-08-02 17:28:00,3.0,1.92556,0.07398199675964418,60.0,58.99099837982209,1.0
2024-08-02 17:29:00,3.0,0.0,0.07412539733344833,60.0,59.06269866672417,0.0
2024-08-02 17:30:00,3.0,0.0,0.07454477735294186,60.0,59.27238867647093,0.0
2024-08-02 17:31:00,1.0,11.553360000000001,0.07496409726063136,60.0,59.48204863031568,6.0
2024-08-02 17:32:00,1.0,0.0,0.07372735706513295,60.0,58.863678532566475,0.0
2024-08-02 17:33:00,1.0,11.553360000000001,0.07414679413769887,60.0,59.07339706884943,6.0
2024-08-02 17:34:00,1.0,0.0,0.07291017109028304,60.0,58.45508554514152,0.0
2024-08-02 17:35:00,1.0,0.0,0.07332972529414016,60.0,58.66486264707007,0.0
2024-08-02 17:36:00,1.0,0.0,0.07374921936122651,60.0,58.874609680613254,0.0
2024-08-02 17:37:00,1.0,0.0,0.07416865330016184,60.0,59.08432665008092,0.0
2024-08-02 17:38:00,1.0,0.0,0.07458802711956458,60.0,59.29401355978229,0.0
2024-08-02 17:39:00,1.0,0.0,0.075007340828052,60.0,59.503670414026,0.0
2024-08-02 17:40:00,1.0,0.0,0.07542659443424005,60.0,59.71329721712002,0.0
2024-08-02 17:41:00,1.0,0.0,0.0758457879467435,60.0,59.92289397337175,0.0
2024-08-02 17:42:00,1.0,0.0,0.07626492137417588,60.0,60.13246068708794,0.0
2024-08-02 17:43:00,1.0,0.0,0.07668399472514949,60.0,60.341997362574745,0.0
2024-08-02 17:44:00,1.0,0.0,0.07710300800827537,60.0,60.55150400413768,0.0
2024-08-02 17:45:00,1.0,0.0,0.07752196123216333,60.0,60.76098061608167,0.0
2024-08-02 17:46:00,1.0,0.0,0.07794085440542199,60.0,60.970427202710994,0.0
2024-08-02 17:47:00,1.0,0.0,0.07835968753665867,60.0,61.179843768329334,0.0
2024-08-02 17:48:00,1.0,0.0,0.07834845585664864,60.0,61.17422792832432,0.0
2024-08-02 17:49:00,1.0,0.0,0.07833722578653064,60.0,61.16861289326532,0.0
2024-08-02 17:50:00,1.0,0.0,0.0783259973260739,60.0,61.16299866303695,0.0
2024-08-02 17:51:00,1.0,0.0,0.07831477047504772,60.0,61.157385237523854,0.0
2024-08-02 17:52:00,1.0,0.0,0.07830354523322137,60.0,61.151772616610685,0.0
2024-08-02 17:53:00,1.0,0.0,0.07829232160036424,60.0,61.14616080018212,0.0
2024-08-02 17:54:00,1.0,0.0,0.07828109957624571,60.0,61.140549788122854,0.0
2024-08-02 17:55:00,1.0,0.0,0.07826987916063516,60.0,61.13493958031758,0.0
2024-08-02 17:56:00,1.0,11.553360000000001,0.07825866035330205,60.0,61.129330176651024,6.0
2024-08-02 17:57:00,1.0,0.0,0.07659144315401586,60.0,60.29572157700793,0.0
2024-08-02 17:58:00,1.0,0.0,0.07658046492518346,60.0,60.29023246259173,0.0
2024-08-02 17:59:00,1.0,0.0,0.07656948826991469,60.0,60.28474413495734,0.0
2024-08-02 18:00:00,1.0,0.0,0.07655851318798398,60.0,60.27925659399199,0.0
2024-08-02 18:01:00,1.0,0.0,0.07654753967916582,60.0,60.27376983958291,0.0
2024-08-02 18:02:00,1.0,0.0,0.07653656774323474,60.0,60.26828387161737,0.0
2024-08-02 18:03:00,1.0,0.0,0.0765255973799653,60.0,60.262798689982645,0.0
2024-08-02 18:04:00,1.0,0.0,0.07651462858913205,60.0,60.25731429456602,0.0
2024-08-02 18:05:00,1.0,0.0,0.07650366137050962,60.0,60.25183068525481,0.0
2024-08-02 18:06:00,1.0,0.0,0.07649269572387266,60.0,60.24634786193633,0.0
2024-08-02 18:07:00,1.0,0.0,0.07648173164899585,60.0,60.240865824497924,0.0
2024-08-02 18:08:00,1.0,0.0,0.0764707691456539,60.0,60.23538457282695,0.0
2024-08-02 18:09:00,1.0,0.0,0.07645980821362156,60.0,60.22990410681078,0.0
2024-08-02 18:10:00,1.0,0.0,0.0764488488526736,60.0,60.224424426336796,0.0
2024-08-02 18:11:00,1.0,0.0,0.07643789106258482,60.0,60.21894553129241,0.0
2024-08-02 18:12:00,1.0,0.0,0.07642693484313008,60.0,60.21346742156504,0.0
2024-08-02 18:13:00,1.0,0.0,0.07641598019408424,60.0,60.20799009704212,0.0
2024-08-02 18:14:00,1.0,0.0,0.07640502711522221,60.0,60.202513557611105,0.0
2024-08-02 18:15:00,1.0,11.553360000000001,0.07639407560631893,60.0,60.19703780315947,6.0
2024-08-02 18:16:00,1.0,0.0,0.07472712566714937,60.0,59.36356283357468,0.0
2024-08-02 18:17:00,1.0,0.0,0.0747164146601259,60.0,59.358207330062946,0.0
2024-08-02 18:18:00,1.0,0.0,0.07470570518836381,60.0,59.352852594181904,0.0
2024-08-02 18:19:00,1.0,0.0,0.07469499725164308,60.0,59.34749862582154,0.0
2024-08-02 18:20:00,1.0,0.0,0.07468429084974365,60.0,59.34214542487182,0.0
2024-08-02 18:21:00,1.0,0.0,0.07467358598244554,60.0,59.33679299122277,0.0
2024-08-02 18:22:00,1.0,0.0,0.0746628826495288,60.0,59.331441324764405,0.0
2024-08-02 18:23:00,1.0,0.0,0.0746521808507735,60.0,59.32609042538675,0.0
2024-08-02 18:24:00,1.0,0.0,0.07464148058595972,60.0,59.32074029297986,0.0
2024-08-02 18:25:00,1.0,0.0,0.07463078185486763,60.0,59.31539092743381,0.0
2024-08-02 18:26:00,1.0,0.0,0.07462008465727735,60.0,59.31004232863867,0.0
2024-08-02 18:27:00,1.0,0.0,0.0746093889929691,60.0,59.304694496484544,0.0
2024-08-02 18:28:00,1.0,0.0,0.07459869486172307,60.0,59.29934743086154,0.0
2024-08-02 18:29:00,1.0,1.92556,0.07458800226331959,60.0,59.29400113165979,1.0
2024-08-02 18:30:00,1.0,1.92556,0.07430131119753888,60.0,59.15065559876944,1.0
2024-08-02 18:31:00,1.0,0.0,0.07401466122460088,60.0,59.007330612300436,0.0
2024-08-02 18:32:00,1.0,0.0,0.0740040523386155,60.0,59.00202616930775,0.0
2024-08-02 18:33:00,1.0,0.0,0.07399344497325401,60.0,58.99672248662701,0.0
2024-08-02 18:34:00,1.0,0.0,0.07441284390612933,60.0,59.20642195306466,0.0
2024-08-02 18:35:00,1.0,0.0,0.07483218272448966,60.0,59.41609136224483,0.0
2024-08-02 18:36:00,1.0,0.0,0.07525146143695151,60.0,59.62573071847575,0.0
2024-08-02 18:37:00,1.0,0.0,0.07567068005213015,60.0,59.835340026065076,0.0
2024-08-02 18:38:00,1.0,0.0,0.07608983857863964,60.0,60.04491928931982,0.0
2024-08-02 18:39:00,1.0,0.0,0.07650893702509277,60.0,60.25446851254639,0.0
2024-08-02 18:40:00,1.0,0.0,0.07692797540010111,60.0,60.46398770005056,0.0
2024-08-02 18:41:00,1.0,0.0,0.07734695371227503,60.0,60.67347685613751,0.0
2024-08-02 18:42:00,1.0,0.0,0.07776587197022357,60.0,60.882935985111786,0.0
2024-08-02 18:43:00,1.0,0.0,0.07818473018255465,60.0,61.09236509127732,0.0
2024-08-02 18:44:00,1.0,0.0,0.07817352358004401,60.0,61.086761790022,0.0
2024-08-02 18:45:00,1.0,0.0,0.07816231858383091,60.0,61.081159291915455,0.0
2024-08-02 18:46:00,1.0,0.0,0.07815111519368512,60.0,61.07555759684256,0.0
2024-08-02 18:47:00,1.0,0.0,0.07813991340937643,60.0,61.06995670468821,0.0
2024-08-02 18:48:00,1.0,0.0,0.07812871323067465,60.0,61.064356615337324,0.0
2024-08-02 18:49:00,1.0,0.0,0.07811751465734966,60.0,61.05875732867483,0.0
2024-08-02 18:50:00,1.0,0.0,0.07810631768917135,60.0,61.053158844585674,0.0
2024-08-02 18:51:00,1.0,0.0,0.07809512232590965,60.0,61.04756116295482,0.0
2024-08-02 18:52:00,1.0,0.0,0.0780839285673345,60.0,61.04196428366725,0.0
2024-08-02 18:53:00,1.0,0.0,0.07807273641321591,60.0,61.03636820660795,0.0
2024-08-02 18:54:00,1.0,0.0,0.07806154586332391,60.0,61.03077293166195,0.0
2024-08-02 18:55:00,1.0,0.0,0.07805035691742854,60.0,61.025178458714265,0.0
2024-08-02 18:56:00,1.0,0.0,0.0780391695752999,60.0,61.01958478764995,0.0
2024-08-02 18:57:00,1.0,0.0,0.07802798383670811,60.0,61.01399191835406,0.0
2024-08-02 18:58:00,1.0,0.0,0.07801679970142335,60.0,61.008399850711676,0.0
2024-08-02 18:59:00,1.0,0.0,0.0780056171692158,60.0,61.0028085846079,0.0
2024-08-02 19:00:00,1.0,0.0,0.07799443623985566,60.0,60.99721811992783,0.0
2024-08-02 19:01:00,1.0,0.0,0.07798325691311321,60.0,60.991628456556604,0.0
2024-08-02 19:02:00,1.0,0.0,0.07797207918875873,60.0,60.98603959437936,0.0
2024-08-02 19:03:00,1.0,0.0,0.07796090306656255,60.0,60.98045153328127,0.0
2024-08-02 19:04:00,1.0,0.0,0.07794972854629499,60.0,60.974864273147496,0.0
2024-08-02 19:05:00,1.0,0.0,0.07793855562772649,60.0,60.96927781386324,0.0
2024-08-02 19:06:00,1.0,11.553360000000001,0.07792738431062743,60.0,60.963692155313716,6.0
2024-08-02 19:07:00,1.0,1.92556,0.07626021459476828,60.0,60.13010729738414,1.0
2024-08-02 19:08:00,1.0,1.92556,0.0759732838425569,60.0,59.98664192127845,1.0
2024-08-02 19:09:00,1.0,11.553360000000001,0.07568639421754363,60.0,59.84319710877181,6.0
2024-08-02 19:10:00,1.0,13.47892,0.07401954571383351,60.0,59.009772856916754,7.0
2024-08-02 19:11:00,1.0,0.0,0.07207693612773024,60.0,58.03846806386512,0.0
2024-08-02 19:12:00,1.0,0.0,0.07249660976325899,60.0,58.248304881629494,0.0
2024-08-02 19:13:00,1.0,0.0,0.07291622324489828,60.0,58.45811162244914,0.0
2024-08-02 19:14:00,1.0,0.0,0.07333577658127025,60.0,58.66788829063512,0.0
2024-08-02 19:15:00,1.0,0.0,0.07375526978099581,60.0,58.8776348904979,0.0
2024-08-02 19:16:00,1.0,0.0,0.07417470285269465,60.0,59.087351426347325,0.0
2024-08-02 19:17:00,1.0,0.0,0.07459407580498524,60.0,59.29703790249262,0.0
2024-08-02 19:18:00,1.0,0.0,0.07501338864648475,60.0,59.50669432324238,0.0
2024-08-02 19:19:00,1.0,0.0,0.0754326413858092,60.0,59.716320692904596,0.0
2024-08-02 19:20:00,1.0,0.0,0.07585183403157329,60.0,59.925917015786645,0.0
2024-08-02 19:21:00,1.0,0.0,0.07627096659239055,60.0,60.135483296195275,0.0
2024-08-02 19:22:00,1.0,0.0,0.07669003907687325,60.0,60.345019538436624,0.0
2024-08-02 19:23:00,1.0,0.0,0.07710905149363242,60.0,60.55452574681621,0.0
2024-08-02 19:24:00,1.0,0.0,0.07752800385127787,60.0,60.76400192563893,0.0
2024-08-02 19:25:00,1.0,0.0,0.07794689615841814,60.0,60.97344807920907,0.0
2024-08-02 19:26:00,1.0,0.0,0.0783657284236606,60.0,61.1828642118303,0.0
2024-08-02 19:27:00,1.0,0.0,0.07835449587778048,60.0,61.17724793889024,0.0
2024-08-02 19:28:00,1.0,0.0,0.07834326494191649,60.0,61.171632470958244,0.0
2024-08-02 19:29:00,1.0,0.0,0.07833203561583786,60.0,61.16601780791893,0.0
2024-08-02 19:30:00,1.0,0.0,0.07832080789931385,60.0,61.160403949656924,0.0
2024-08-02 19:31:00,1.0,0.0,0.07830958179211377,60.0,61.15479089605688,0.0
2024-08-02 19:32:00,1.0,0.0,0.0782983572940069,60.0,61.14917864700345,0.0
2024-08-02 19:33:00,1.0,0.0,0.07828713440476268,60.0,61.143567202381334,0.0
2024-08-02 19:34:00,1.0,0.0,0.07827591312415043,60.0,61.13795656207521,0.0
2024-08-02 19:35:00,1.0,1.92556,0.07826469345193961,60.0,61.1323467259698,1.0
2024-08-02 19:36:00,1.0,1.92556,0.07797747538789968,60.0,60.98873769394984,1.0
2024-08-02 19:37:00,1.0,0.0,0.07769029849223968,60.0,60.84514924611984,0.0
2024-08-02 19:38:00,1.0,0.0,0.07767916275905876,60.0,60.83958137952938,0.0
2024-08-02 19:39:00,1.0,0.0,0.07766802862201731,60.0,60.83401431100866,0.0
2024-08-02 19:40:00,1.0,0.0,0.07765689608088659,60.0,60.8284480404433,0.0
2024-08-02 19:41:00,1.0,0.0,0.07764576513543783,60.0,60.82288256771891,0.0
2024-08-02 19:42:00,1.0,0.0,0.0776346357854423,60.0,60.81731789272115,0.0
2024-08-02 19:43:00,1.0,0.0,0.07762350803067133,60.0,60.811754015335666,0.0
2024-08-02 19:44:00,1.0,0.0,0.07761238187089628,60.0,60.806190935448136,0.0
2024-08-02 19:45:00,1.0,0.0,0.0776012573058885,60.0,60.80062865294425,0.0
2024-08-02 19:46:00,1.0,0.0,0.07759013433541942,60.0,60.79506716770971,0.0
2024-08-02 19:47:00,1.0,0.0,0.0775790129592605,60.0,60.78950647963025,0.0
2024-08-02 19:48:00,1.0,0.0,0.0775678931771832,60.0,60.7839465885916,0.0
2024-08-02 19:49:00,1.0,0.0,0.07755677498895903,60.0,60.77838749447952,0.0
2024-08-02 19:50:00,1.0,0.0,0.07754565839435956,60.0,60.77282919717978,0.0
2024-08-02 19:51:00,1.0,0.0,0.07753454339315635,60.0,60.76727169657818,0.0
2024-08-02 19:52:00,1.0,11.553360000000001,0.07752342998512103,60.0,60.76171499256051,6.0
2024-08-02 19:53:00,1.0,11.553360000000001,0.07585631817002522,60.0,59.92815908501261,6.0
2024-08-02 19:54:00,1.0,0.0,0.07418944531027796,60.0,59.09472265513898,0.0
2024-08-02 19:55:00,1.0,0.0,0.07417881137162861,60.0,59.089405685814306,0.0
2024-08-02 19:56:00,1.0,1.92556,0.07416817895719408,60.0,59.084089478597036,1.0
2024-08-02 19:57:00,1.0,0.0,0.07388154806675587,60.0,58.940774033377934,0.0
2024-08-02 19:58:00,1.0,0.0,0.07430096303836597,60.0,59.15048151918299,0.0
2024-08-02 19:59:00,1.0,0.0,0.0747203178931622,60.0,59.3601589465811,0.0
2024-08-02 20:00:00,1.0,0.0,0.07513961263976136,60.0,59.56980631988068,0.0
2024-08-02 20:01:00,1.0,0.0,0.07555884728677909,60.0,59.77942364338954,0.0
2024-08-02 20:02:00,1.0,0.0,0.07597802184282972,60.0,59.98901092141486,0.0
2024-08-02 20:03:00,1.0,0.0,0.0763971363165264,60.0,60.1985681582632,0.0
2024-08-02 20:04:00,1.0,0.0,0.07681619071648103,60.0,60.408095358240516,0.0
2024-08-02 20:05:00,1.0,0.0,0.07723518505130429,60.0,60.61759252565214,0.0
2024-08-02 20:06:00,1.0,0.0,0.07765411932960559,60.0,60.82705966480279,0.0
2024-08-02 20:07:00,1.0,0.0,0.07807299355999313,60.0,61.03649677999656,0.0
2024-08-02 20:08:00,1.0,0.0,0.078061802973243,60.0,61.0309014866215,0.0
2024-08-02 20:09:00,1.0,0.0,0.07805061399049482,60.0,61.025306995247405,0.0
2024-08-02 20:10:00,1.0,0.0,0.07803942661151862,60.0,61.01971330575931,0.0
2024-08-02 20:11:00,1.0,0.0,0.07802824083608458,60.0,61.01412041804229,0.0
2024-08-02 20:12:00,1.0,11.553360000000001,0.07801705666396283,60.0,61.00852833198142,6.0
2024-08-02 20:13:00,1.0,0.0,0.07634987409492357,60.0,60.17493704746178,0.0
2024-08-02 20:14:00,1.0,0.0,0.07633893049137437,60.0,60.169465245687185,0.0
2024-08-02 20:15:00,1.0,0.0,0.07632798845642577,60.0,60.163994228212886,0.0
2024-08-02 20:16:00,1.0,0.0,0.07631704798985293,60.0,60.15852399492647,0.0
2024-08-02 20:17:00,1.0,0.0,0.07630610909143108,60.0,60.15305454571554,0.0
2024-08-02 20:18:00,1.0,0.0,0.07629517176093542,60.0,60.14758588046771,0.0
2024-08-02 20:19:00,1.0,0.0,0.07628423599814121,60.0,60.14211799907061,0.0
2024-08-02 20:20:00,1.0,0.0,0.07627330180282375,60.0,60.136650901411876,0.0
2024-08-02 20:21:00,1.0,0.0,0.07626236917475836,60.0,60.13118458737918,0.0
2024-08-02 20:22:00,1.0,0.0,0.07625143811372041,60.0,60.125719056860206,0.0
2024-08-02 20:23:00,1.0,0.0,0.07624050861948528,60.0,60.12025430974264,0.0
2024-08-02 20:24:00,1.0,0.0,0.0762295806918284,60.0,60.1147903459142,0.0
2024-08-02 20:25:00,1.0,0.0,0.07621865433052523,60.0,60.10932716526261,0.0
2024-08-02 20:26:00,1.0,0.0,0.07620772953535124,60.0,60.10386476767562,0.0
2024-08-02 20:27:00,1.0,0.0,0.07619680630608196,60.0,60.09840315304098,0.0
2024-08-02 20:28:00,1.0,0.0,0.07618588464249294,60.0,60.09294232124647,0.0
2024-08-02 20:29:00,1.0,0.0,0.07617496454435975,60.0,60.08748227217988,0.0
2024-08-02 20:30:00,1.0,0.0,0.07616404601145803,60.0,60.08202300572901,0.0
2024-08-02 20:31:00,1.0,0.0,0.07615312904356342,60.0,60.076564521781705,0.0
2024-08-02 20:32:00,1.0,0.0,0.07614221364045158,60.0,60.071106820225786,0.0
2024-08-02 20:33:00,1.0,0.0,0.07613129980189824,60.0,60.06564990094912,0.0
2024-08-02 20:34:00,1.0,11.553360000000001,0.07612038752767915,60.0,60.06019376383957,6.0
2024-08-02 20:35:00,1.0,0.0,0.07445347681757007,60.0,59.22673840878503,0.0
2024-08-02 20:36:00,1.0,0.0,0.07444280503398418,60.0,59.221402516992086,0.0
2024-08-02 20:37:00,1.0,0.0,0.07443213478003759,60.0,59.21606739001879,0.0
2024-08-02 20:38:00,1.0,0.0,0.07442146605551106,60.0,59.21073302775553,0.0
2024-08-02 20:39:00,1.0,1.92556,0.07441079886018538,60.0,59.20539943009269,1.0
2024-08-02 20:40:00,1.0,0.0,0.07412413319384134,60.0,59.06206659692067,0.0
2024-08-02 20:41:00,1.0,1.92556,0.07411350861669938,60.0,59.05675430834969,1.0
2024-08-02 20:42:00,1.0,0.0,0.07382688556243037,60.0,58.91344278121519,0.0
2024-08-02 20:43:00,1.0,0.0,0.07424630836908651,60.0,59.12315418454325,0.0
2024-08-02 20:44:00,1.0,0.0,0.0746656710578057,60.0,59.33283552890285,0.0
2024-08-02 20:45:00,1.0,0.0,0.07508497363720495,60.0,59.54248681860248,0.0
2024-08-02 20:46:00,1.0,0.0,0.07550421611590005,60.0,59.752108057950025,0.0
2024-08-02 20:47:00,1.0,0.0,0.07592339850250551,60.0,59.96169925125275,0.0
2024-08-02 20:48:00,1.0,0.0,0.07634252080563463,60.0,60.17126040281731,0.0
2024-08-02 20:49:00,1.0,0.0,0.07676158303389946,60.0,60.38079151694973,0.0
2024-08-02 20:50:00,1.0,0.0,0.07718058519591084,60.0,60.59029259795542,0.0
2024-08-02 20:51:00,1.0,0.0,0.07759952730027836,60.0,60.79976365013918,0.0
2024-08-02 20:52:00,1.0,0.0,0.07801840935561037,60.0,61.00920467780519,0.0
2024-08-02 20:53:00,1.0,0.0,0.07800722659268315,60.0,61.00361329634158,0.0
2024-08-02 20:54:00,1.0,0.0,0.07799604543263643,60.0,60.99802271631821,0.0
2024-08-02 20:55:00,1.0,0.0,0.07798486587524045,60.0,60.99243293762022,0.0
2024-08-02 20:56:00,1.0,0.0,0.07797368792026549,60.0,60.986843960132745,0.0
2024-08-02 20:57:00,1.0,0.0,0.07796251156748188,60.0,60.98125578374094,0.0
2024-08-02 20:58:00,1.0,0.0,0.07795133681665997,60.0,60.97566840832999,0.0
2024-08-02 20:59:00,1.0,0.0,0.07794016366757014,60.0,60.97008183378507,0.0
2024-08-02 21:00:00,1.0,0.0,0.07792899211998282,60.0,60.96449605999141,0.0
2024-08-02 21:01:00,1.0,0.0,0.07791782217366844,60.0,60.95891108683422,0.0
2024-08-02 21:02:00,1.0,0.0,0.0779066538283975,60.0,60.95332691419875,0.0
2024-08-02 21:03:00,1.0,0.0,0.07789548708394048,60.0,60.94774354197024,0.0
2024-08-02 21:04:00,1.0,0.0,0.07788432194006796,60.0,60.94216097003398,0.0
2024-08-02 21:05:00,1.0,0.0,0.07787315839655051,60.0,60.936579198275254,0.0
2024-08-02 21:06:00,1.0,0.0,0.07786199645315874,60.0,60.93099822657937,0.0
2024-08-02 21:07:00,1.0,0.0,0.07785083610966331,60.0,60.92541805483165,0.0
2024-08-02 21:08:00,1.0,0.0,0.07783967736583487,60.0,60.91983868291744,0.0
2024-08-02 21:09:00,1.0,0.0,0.07782852022144417,60.0,60.91426011072208,0.0
2024-08-02 21:10:00,2.0,0.0,0.07781736467626192,60.0,60.90868233813096,0.0
2024-08-02 21:11:00,2.0,0.0,0.07780621073005892,60.0,60.90310536502946,0.0
2024-08-02 21:12:00,2.0,0.0,0.07779505838260597,60.0,60.897529191302986,0.0
2024-08-02 21:13:00,2.0,0.0,0.07778390763367392,60.0,60.89195381683696,0.0
2024-08-02 21:14:00,2.0,1.92556,0.07777275848303364,60.0,60.88637924151682,1.0
2024-08-02 21:15:00,2.0,1.92556,0.07748561093045606,60.0,60.742805465228024,1.0
2024-08-02 21:16:00,2.0,0.0,0.07719850453615164,60.0,60.599252268075816,0.0
2024-08-02 21:17:00,2.0,1.92556,0.07718743929422098,60.0,60.59371964711049,1.0
2024-08-02 21:18:00,2.0,0.0,0.07690037563832597,60.0,60.450187819162984,0.0
2024-08-02 21:19:00,2.0,0.0,0.07688935312867881,60.0,60.4446765643394,0.0
2024-08-02 21:20:00,2.0,0.0,0.07687833219894226,60.0,60.43916609947113,0.0
2024-08-02 21:21:00,2.0,0.0,0.07686731284888985,60.0,60.433656424444926,0.0
2024-08-02 21:22:00,2.0,1.92556,0.07685629507829518,60.0,60.42814753914759,1.0
2024-08-02 21:23:00,2.0,1.92556,0.07656927888693182,60.0,60.28463944346591,1.0
2024-08-02 21:24:00,2.0,0.0,0.07628230383501301,60.0,60.141151917506505,0.0
2024-08-02 21:25:00,2.0,0.0,0.07627136991664202,60.0,60.13568495832101,0.0
2024-08-02 21:26:00,2.0,0.0,0.0762604375654834,60.0,60.1302187827417,0.0
2024-08-02 21:27:00,2.0,0.0,0.07624950678131252,60.0,60.12475339065626,0.0
2024-08-02 21:28:00,2.0,0.0,0.07623857756390479,60.0,60.11928878195239,0.0
2024-08-02 21:29:00,2.0,0.0,0.07622764991303563,60.0,60.11382495651781,0.0
2024-08-02 21:30:00,2.0,0.0,0.07621672382848048,60.0,60.10836191424024,0.0
2024-08-02 21:31:00,2.0,0.0,0.07620579931001487,60.0,60.102899655007434,0.0
2024-08-02 21:32:00,2.0,0.0,0.07619487635741429,60.0,60.097438178707144,0.0
2024-08-02 21:33:00,2.0,0.0,0.07618395497045431,60.0,60.091977485227154,0.0
2024-08-02 21:34:00,2.0,0.0,0.07617303514891054,60.0,60.086517574455264,0.0
2024-08-02 21:35:00,2.0,0.0,0.07616211689255856,60.0,60.08105844627928,0.0
2024-08-02 21:36:00,2.0,0.0,0.07615120020117405,60.0,60.075600100587025,0.0
2024-08-02 21:37:00,2.0,0.0,0.0761402850745327,60.0,60.07014253726635,0.0
2024-08-02 21:38:00,2.0,0.0,0.07612937151241021,60.0,60.06468575620511,0.0
2024-08-02 21:39:00,2.0,0.0,0.07611845951458236,60.0,60.05922975729118,0.0
2024-08-02 21:40:00,2.0,0.0,0.0761075490808249,60.0,60.05377454041245,0.0
2024-08-02 21:41:00,2.0,0.0,0.07609664021091365,60.0,60.048320105456824,0.0
2024-08-02 21:42:00,2.0,0.0,0.07608573290462446,60.0,60.04286645231223,0.0
2024-08-02 21:43:00,2.0,0.0,0.07607482716173321,60.0,60.037413580866605,0.0
2024-08-02 21:44:00,2.0,0.0,0.07606392298201581,60.0,60.031961491007905,0.0
2024-08-02 21:45:00,2.0,0.0,0.0760530203652482,60.0,60.0265101826241,0.0
2024-08-02 21:46:00,2.0,0.0,0.07604211931120637,60.0,60.02105965560318,0.0
2024-08-02 21:47:00,2.0,0.0,0.07603121981966629,60.0,60.015609909833145,0.0
2024-08-02 21:48:00,2.0,0.0,0.07602032189040403,60.0,60.01016094520202,0.0
2024-08-02 21:49:00,2.0,0.0,0.07600942552319566,60.0,60.00471276159783,0.0
2024-08-02 21:50:00,2.0,0.0,0.07599853071781727,60.0,59.99926535890864,0.0
2024-08-02 21:51:00,2.0,0.0,0.07598763747404502,60.0,59.99381873702251,0.0
2024-08-02 21:52:00,2.0,0.0,0.07597674579165505,60.0,59.988372895827524,0.0
2024-08-02 21:53:00,2.0,0.0,0.07596585567042356,60.0,59.98292783521178,0.0
2024-08-02 21:54:00,2.0,0.0,0.07595496711012681,60.0,59.9774835550634,0.0
2024-08-02 21:55:00,2.0,0.0,0.07594408011054102,60.0,59.97204005527051,0.0
2024-08-02 21:56:00,2.0,11.553360000000001,0.07593319467144252,60.0,59.96659733572126,6.0
2024-08-02 21:57:00,2.0,11.553360000000001,0.07426631079260763,60.0,59.13315539630381,6.0
2024-08-02 21:58:00,2.0,0.0,0.07259966583645006,60.0,58.29983291822503,0.0
2024-08-02 21:59:00,2.0,0.0,0.07301926454655472,60.0,58.50963227327736,0.0
2024-08-02 22:00:00,2.0,0.0,0.07343880311350935,60.0,58.719401556754676,0.0
2024-08-02 22:01:00,2.0,0.0,0.07385828154593456,60.0,58.92914077296728,0.0
2024-08-02 22:02:00,2.0,0.0,0.07427769985244971,60.0,59.13884992622486,0.0
2024-08-02 22:03:00,2.0,0.0,0.07469705804167297,60.0,59.34852902083648,0.0
2024-08-02 22:04:00,2.0,0.0,0.07511635612222121,60.0,59.55817806111061,0.0
2024-08-02 22:05:00,2.0,0.0,0.07553559410271016,60.0,59.767797051355075,0.0
2024-08-02 22:06:00,2.0,1.92556,0.0759547719917542,60.0,59.9773859958771,1.0
2024-08-02 22:07:00,2.0,1.92556,0.07609788979796656,60.0,60.04894489898328,1.0
2024-08-02 22:08:00,2.0,0.0,0.07624098709039877,60.0,60.12049354519938,0.0
2024-08-02 22:09:00,2.0,0.0,0.07666006387199116,60.0,60.33003193599558,0.0
2024-08-02 22:10:00,2.0,1.92556,0.0770790805852441,60.0,60.53954029262205,1.0
2024-08-02 22:11:00,2.0,0.0,0.07722203723876747,60.0,60.611018619383735,0.0
2024-08-02 22:12:00,2.0,0.0,0.0776409734016095,60.0,60.82048670080475,0.0
2024-08-02 22:13:00,2.0,0.0,0.07805984951626767,60.0,61.02992475813383,0.0
2024-08-02 22:14:00,2.0,0.0,0.07804866081351808,60.0,61.02433040675904,0.0
2024-08-02 22:15:00,2.0,0.0,0.07803747371450039,60.0,61.01873685725019,0.0
2024-08-02 22:16:00,2.0,0.0,0.07802628821898469,60.0,61.013144109492345,0.0
2024-08-02 22:17:00,2.0,0.0,0.07801510432674116,60.0,61.00755216337058,0.0
2024-08-02 22:18:00,2.0,0.0,0.07800392203754002,60.0,61.001961018770004,0.0
2024-08-02 22:19:00,2.0,0.0,0.07799274135115146,60.0,60.996370675575726,0.0
2024-08-02 22:20:00,2.0,0.0,0.07798156226734575,60.0,60.990781133672876,0.0
2024-08-02 22:21:00,2.0,0.0,0.07797038478589319,60.0,60.985192392946594,0.0
2024-08-02 22:22:00,2.0,0.0,0.0779592089065641,60.0,60.97960445328205,0.0
2024-08-02 22:23:00,2.0,1.92556,0.07794803462912886,60.0,60.97401731456443,1.0
2024-08-02 22:24:00,2.0,1.92556,0.07766086195335783,60.0,60.83043097667892,1.0
2024-08-02 22:25:00,2.0,0.0,0.07737373043946104,60.0,60.68686521973052,0.0
2024-08-02 22:26:00,2.0,13.47892,0.07736264008153852,60.0,60.68132004076926,7.0
2024-08-02 22:27:00,2.0,11.553360000000001,0.07541955131325163,60.0,59.709775656625816,6.0
2024-08-02 22:28:00,2.0,0.0,0.07375274105744944,60.0,58.87637052872472,0.0
2024-08-02 22:29:00,2.0,0.0,0.07417217449160271,60.0,59.08608724580135,0.0
2024-08-02 22:30:00,2.0,0.0,0.07459154780629573,60.0,59.29577390314787,0.0
2024-08-02 22:31:00,2.0,0.0,0.07501086101014576,60.0,59.50543050507288,0.0
2024-08-02 22:32:00,2.0,0.0,0.07543011411176878,60.0,59.71505705588439,0.0
2024-08-02 22:33:00,2.0,0.0,0.07584930711977951,60.0,59.924653559889755,0.0
2024-08-02 22:34:00,2.0,0.0,0.07626844004279149,60.0,60.13422002139574,0.0
2024-08-02 22:35:00,2.0,0.0,0.07668751288941698,60.0,60.34375644470849,0.0
2024-08-02 22:36:00,2.0,0.0,0.07710652566826703,60.0,60.55326283413352,0.0
2024-08-02 22:37:00,2.0,1.92556,0.07752547838795147,60.0,60.76273919397573,1.0
2024-08-02 22:38:00,2.0,1.92556,0.07766837105707884,60.0,60.83418552853942,1.0
2024-08-02 22:39:00,2.0,0.0,0.07781124324469608,60.0,60.90562162234804,0.0
2024-08-02 22:40:00,2.0,0.0,0.07823009495373891,60.0,61.11504747686945,0.0
2024-08-02 22:41:00,2.0,0.0,0.07821888184887214,60.0,61.10944092443607,0.0
2024-08-02 22:42:00,2.0,0.0,0.07820767035123494,60.0,61.10383517561747,0.0
2024-08-02 22:43:00,2.0,0.0,0.07819646046059693,60.0,61.09823023029846,0.0
2024-08-02 22:44:00,2.0,0.0,0.07818525217672775,60.0,61.09262608836388,0.0
2024-08-02 22:45:00,2.0,0.0,0.07817404549939713,60.0,61.08702274969856,0.0
2024-08-02 22:46:00,2.0,0.0,0.07816284042837475,60.0,61.081420214187375,0.0
2024-08-02 22:47:00,2.0,0.0,0.0781516369634304,60.0,61.0758184817152,0.0
2024-08-02 22:48:00,2.0,0.0,0.07814043510433388,60.0,61.07021755216694,0.0
2024-08-02 22:49:00,2.0,0.0,0.078129234850855,60.0,61.0646174254275,0.0
2024-08-02 22:50:00,2.0,0.0,0.07811803620276363,60.0,61.05901810138181,0.0
2024-08-02 22:51:00,2.0,0.0,0.07810683915982963,60.0,61.05341957991482,0.0
2024-08-02 22:52:00,2.0,0.0,0.07809564372182297,60.0,61.04782186091148,0.0
2024-08-02 22:53:00,2.0,0.0,0.07808444988851358,60.0,61.04222494425679,0.0
2024-08-02 22:54:00,2.0,1.92556,0.07807325765967146,60.0,61.03662882983573,1.0
2024-08-02 22:55:00,2.0,1.92556,0.07778606703506663,60.0,60.89303351753331,1.0
2024-08-02 22:56:00,2.0,0.0,0.0774989175749087,60.0,60.74945878745435,0.0
2024-08-02 22:57:00,2.0,0.0,0.07748780927329739,60.0,60.74390463664869,0.0
2024-08-02 22:58:00,2.0,0.0,0.07747670256389366,60.0,60.738351281946834,0.0
2024-08-02 22:59:00,2.0,0.0,0.07746559744646932,60.0,60.73279872323466,0.0
2024-08-02 23:00:00,2.0,0.0,0.07745449392079616,60.0,60.72724696039808,0.0
2024-08-02 23:01:00,2.0,0.0,0.07744339198664602,60.0,60.72169599332301,0.0
2024-08-02 23:02:00,2.0,0.0,0.0774322916437908,60.0,60.716145821895395,0.0
2024-08-02 23:03:00,2.0,0.0,0.07742119289200239,60.0,60.71059644600119,0.0
2024-08-02 23:04:00,2.0,0.0,0.07741009573105273,60.0,60.70504786552637,0.0
2024-08-02 23:05:00,2.0,0.0,0.07739900016071384,60.0,60.69950008035692,0.0
2024-08-02 23:06:00,2.0,0.0,0.07738790618075769,60.0,60.69395309037885,0.0
2024-08-02 23:07:00,2.0,0.0,0.07737681379095634,60.0,60.688406895478174,0.0
2024-08-02 23:08:00,2.0,0.0,0.07736572299108187,60.0,60.682861495540934,0.0
2024-08-02 23:09:00,2.0,0.0,0.07735463378090637,60.0,60.677316890453184,0.0
2024-08-02 23:10:00,2.0,0.0,0.07734354616020199,60.0,60.67177308010099,0.0
2024-08-02 23:11:00,2.0,0.0,0.0773324601287409,60.0,60.666230064370446,0.0
2024-08-02 23:12:00,2.0,0.0,0.0773213756862953,60.0,60.66068784314765,0.0
2024-08-02 23:13:00,2.0,0.0,0.07731029283263745,60.0,60.65514641631872,0.0
2024-08-02 23:14:00,2.0,0.0,0.0772992115675396,60.0,60.6496057837698,0.0
2024-08-02 23:15:00,2.0,0.0,0.07728813189077408,60.0,60.644065945387034,0.0
2024-08-02 23:16:00,2.0,0.0,0.0772770538021132,60.0,60.63852690105659,0.0
2024-08-02 23:17:00,2.0,0.0,0.07726597730132932,60.0,60.63298865066466,0.0
2024-08-02 23:18:00,2.0,0.0,0.07725490238819487,60.0,60.62745119409743,0.0
2024-08-02 23:19:00,2.0,0.0,0.07724382906248228,60.0,60.62191453124114,0.0
2024-08-02 23:20:00,2.0,0.0,0.07723275732396401,60.0,60.616378661982004,0.0
2024-08-02 23:21:00,2.0,0.0,0.07722168717241255,60.0,60.61084358620628,0.0
2024-08-02 23:22:00,2.0,0.0,0.07721061860760045,60.0,60.605309303800226,0.0
2024-08-02 23:23:00,2.0,0.0,0.07719955162930027,60.0,60.59977581465014,0.0
2024-08-02 23:24:00,2.0,0.0,0.07718848623728461,60.0,60.594243118642304,0.0
2024-08-02 23:25:00,2.0,0.0,0.07717742243132608,60.0,60.58871121566304,0.0
2024-08-02 23:26:00,2.0,0.0,0.07716636021119737,60.0,60.583180105598686,0.0
2024-08-02 23:27:00,2.0,0.0,0.07715529957667115,60.0,60.57764978833558,0.0
2024-08-02 23:28:00,2.0,0.0,0.07714424052752017,60.0,60.572120263760084,0.0
2024-08-02 23:29:00,2.0,0.0,0.07713318306351719,60.0,60.56659153175859,0.0
2024-08-02 23:30:00,2.0,0.0,0.07712212718443498,60.0,60.56106359221749,0.0
2024-08-02 23:31:00,2.0,0.0,0.07711107289004637,60.0,60.555536445023186,0.0
2024-08-02 23:32:00,2.0,1.92556,0.07710002018012425,60.0,60.55001009006212,1.0
2024-08-02 23:33:00,2.0,1.92556,0.07681296905444149,60.0,60.40648452722074,1.0
2024-08-02 23:34:00,2.0,0.0,0.07652595907321055,60.0,60.26297953660528,0.0
2024-08-02 23:35:00,2.0,0.0,0.07651499023053404,60.0,60.25749511526702,0.0
2024-08-02 23:36:00,2.0,0.0,0.07650402296007577,60.0,60.252011480037886,0.0
2024-08-02 23:37:00,2.0,0.0,0.0764930572616104,60.0,60.2465286308052,0.0
2024-08-02 23:38:00,2.0,0.0,0.07648209313491261,60.0,60.2410465674563,0.0
2024-08-02 23:39:00,2.0,0.0,0.0764711305797571,60.0,60.23556528987855,0.0
2024-08-02 23:40:00,2.0,0.0,0.07646016959591863,60.0,60.230084797959314,0.0
2024-08-02 23:41:00,2.0,0.0,0.07644921018317195,60.0,60.22460509158598,0.0
2024-08-02 23:42:00,2.0,11.553360000000001,0.0764382523412919,60.0,60.21912617064595,6.0
2024-08-02 23:43:00,2.0,11.553360000000001,0.0747712960700533,60.0,59.38564803502665,6.0
2024-08-02 23:44:00,2.0,0.0,0.07310457873186839,60.0,58.55228936593419,0.0
2024-08-02 23:45:00,2.0,0.0,0.07352410507032058,60.0,58.76205253516029,0.0
2024-08-02 23:46:00,2.0,0.0,0.07394357127599611,60.0,58.97178563799805,0.0
2024-08-02 23:47:00,2.0,0.0,0.07436297735751413,60.0,59.18148867875706,0.0
2024-08-02 23:48:00,2.0,0.0,0.07478232332349251,60.0,59.39116166174625,0.0
2024-08-02 23:49:00,2.0,0.0,0.07520160918254791,60.0,59.600804591273956,0.0
2024-08-02 23:50:00,2.0,0.0,0.07562083494329576,60.0,59.81041747164788,0.0
2024-08-02 23:51:00,2.0,0.0,0.07604000061435023,60.0,60.02000030717512,0.0
2024-08-02 23:52:00,2.0,0.0,0.07645910620432429,60.0,60.22955310216214,0.0
2024-08-02 23:53:00,2.0,0.0,0.07687815172182964,60.0,60.43907586091482,0.0
2024-08-02 23:54:00,2.0,0.0,0.07729713717547677,60.0,60.64856858773839,0.0
2024-08-02 23:55:00,2.0,0.0,0.07771606257387494,60.0,60.85803128693747,0.0
2024-08-02 23:56:00,2.0,0.0,0.07813492792563215,60.0,61.06746396281607,0.0
2024-08-02 23:57:00,2.0,0.0,0.07812372846152431,60.0,61.061864230762154,0.0
2024-08-02 23:58:00,2.0,0.0,0.07811253060269084,60.0,61.05626530134542,0.0
2024-08-02 23:59:00,2.0,0.0,0.07810133434890164,60.0,61.050667174450815,0.0
2024-08-03 00:00:00,2.0,0.0,0.07809013969992663,60.0,61.04506984996332,0.0
2024-08-03 00:01:00,2.0,0.0,0.07807894665553582,60.0,61.03947332776791,0.0
2024-08-03 00:02:00,2.0,0.0,0.07806775521549919,60.0,61.033877607749595,0.0
2024-08-03 00:03:00,2.0,0.0,0.07805656537958679,60.0,61.02828268979339,0.0
2024-08-03 00:04:00,2.0,0.0,0.07804537714756869,60.0,61.02268857378434,0.0
2024-08-03 00:05:00,2.0,0.0,0.07803419051921501,60.0,61.0170952596075,0.0
2024-08-03 00:06:00,2.0,0.0,0.07802300549429586,60.0,61.01150274714793,0.0
2024-08-03 00:07:00,2.0,0.0,0.07801182207258144,60.0,61.00591103629072,0.0
2024-08-03 00:08:00,2.0,0.0,0.07800064025384194,60.0,61.00032012692097,0.0
2024-08-03 00:09:00,2.0,0.0,0.0779894600378476,60.0,60.994730018923796,0.0
2024-08-03 00:10:00,2.0,0.0,0.07797828142436869,60.0,60.989140712184344,0.0
2024-08-03 00:11:00,2.0,0.0,0.07796710441317552,60.0,60.98355220658776,0.0
2024-08-03 00:12:00,2.0,0.0,0.07795592900403843,60.0,60.97796450201921,0.0
2024-08-03 00:13:00,2.0,0.0,0.07794475519672778,60.0,60.972377598363884,0.0
2024-08-03 00:14:00,2.0,0.0,0.07793358299101395,60.0,60.966791495506975,0.0
2024-08-03 00:15:00,2.0,0.0,0.07792241238666742,60.0,60.96120619333371,0.0
2024-08-03 00:16:00,2.0,0.0,0.07791124338345863,60.0,60.95562169172931,0.0
2024-08-03 00:17:00,2.0,0.0,0.07790007598115808,60.0,60.95003799057904,0.0
2024-08-03 00:18:00,2.0,1.92556,0.07788891017953632,60.0,60.94445508976816,1.0
2024-08-03 00:19:00,2.0,0.0,0.0776017459783639,60.0,60.800872989181954,0.0
2024-08-03 00:20:00,2.0,0.0,0.07759062293785102,60.0,60.795311468925505,0.0
2024-08-03 00:21:00,2.0,0.0,0.07757950149165829,60.0,60.789750745829146,0.0
2024-08-03 00:22:00,2.0,0.0,0.07756838163955725,60.0,60.78419081977862,0.0
2024-08-03 00:23:00,2.0,0.0,0.07755726338131938,60.0,60.77863169065969,0.0
2024-08-03 00:24:00,2.0,0.0,0.07754614671671622,60.0,60.77307335835811,0.0
2024-08-03 00:25:00,2.0,0.0,0.07753503164551936,60.0,60.767515822759684,0.0
2024-08-03 00:26:00,2.0,0.0,0.07752391816750043,60.0,60.76195908375021,0.0
2024-08-03 00:27:00,2.0,0.0,0.07751280628243103,60.0,60.756403141215515,0.0
2024-08-03 00:28:00,2.0,0.0,0.07750169599008286,60.0,60.750847995041426,0.0
2024-08-03 00:29:00,2.0,0.0,0.0774905872902276,60.0,60.745293645113804,0.0
2024-08-03 00:30:00,2.0,0.0,0.07747948018263703,60.0,60.73974009131852,0.0
2024-08-03 00:31:00,2.0,0.0,0.0774683746670829,60.0,60.73418733354145,0.0
2024-08-03 00:32:00,2.0,0.0,0.07745727074333703,60.0,60.72863537166851,0.0
2024-08-03 00:33:00,2.0,0.0,0.07744616841117123,60.0,60.723084205585614,0.0
2024-08-03 00:34:00,2.0,0.0,0.0774350676703574,60.0,60.7175338351787,0.0
2024-08-03 00:35:00,2.0,0.0,0.07742396852066744,60.0,60.711984260333715,0.0
2024-08-03 00:36:00,2.0,0.0,0.07741287096187326,60.0,60.70643548093663,0.0
2024-08-03 00:37:00,2.0,0.0,0.07740177499374686,60.0,60.70088749687343,0.0
2024-08-03 00:38:00,2.0,1.92556,0.07739068061606022,60.0,60.69534030803011,1.0
2024-08-03 00:39:00,2.0,0.0,0.0771035878285854,60.0,60.551793914292695,0.0
2024-08-03 00:40:00,2.0,0.0,0.077092536191534,60.0,60.546268095767,0.0
2024-08-03 00:41:00,2.0,0.0,0.07708148613856819,60.0,60.54074306928409,0.0
2024-08-03 00:42:00,2.0,0.0,0.0770704376694609,60.0,60.53521883473044,0.0
2024-08-03 00:43:00,2.0,0.0,0.07705939078398509,60.0,60.52969539199255,0.0
2024-08-03 00:44:00,2.0,0.0,0.07704834548191382,60.0,60.52417274095691,0.0
2024-08-03 00:45:00,2.0,0.0,0.07703730176302008,60.0,60.51865088151004,0.0
2024-08-03 00:46:00,2.0,0.0,0.07702625962707699,60.0,60.51312981353849,0.0
2024-08-03 00:47:00,2.0,0.0,0.07701521907385762,60.0,60.50760953692881,0.0
2024-08-03 00:48:00,2.0,0.0,0.07700418010313514,60.0,60.50209005156757,0.0
2024-08-03 00:49:00,2.0,0.0,0.0769931427146827,60.0,60.49657135734135,0.0
2024-08-03 00:50:00,2.0,0.0,0.07698210690827352,60.0,60.49105345413676,0.0
2024-08-03 00:51:00,2.0,0.0,0.07697107268368085,60.0,60.48553634184042,0.0
2024-08-03 00:52:00,2.0,0.0,0.07696004004067793,60.0,60.48002002033896,0.0
2024-08-03 00:53:00,2.0,0.0,0.07694900897903807,60.0,60.474504489519035,0.0
2024-08-03 00:54:00,2.0,0.0,0.07693797949853463,60.0,60.468989749267315,0.0
2024-08-03 00:55:00,2.0,0.0,0.07692695159894096,60.0,60.46347579947048,0.0
2024-08-03 00:56:00,2.0,0.0,0.07691592528003045,60.0,60.457962640015225,0.0
2024-08-03 00:57:00,2.0,0.0,0.07690490054157656,60.0,60.452450270788276,0.0
2024-08-03 00:58:00,2.0,0.0,0.07689387738335274,60.0,60.446938691676365,0.0
2024-08-03 00:59:00,2.0,1.92556,0.07688285580513246,60.0,60.44142790256623,1.0
2024-08-03 01:00:00,2.0,1.92556,0.07659583580668931,60.0,60.297917903344654,1.0
2024-08-03 01:01:00,2.0,0.0,0.07630885694823637,60.0,60.154428474118184,0.0
2024-08-03 01:02:00,2.0,0.0,0.07629791922387685,60.0,60.14895961193842,0.0
2024-08-03 01:03:00,2.0,0.0,0.07628698306727524,60.0,60.14349153363762,0.0
2024-08-03 01:04:00,2.0,0.0,0.07627604847820683,60.0,60.138024239103416,0.0
2024-08-03 01:05:00,2.0,0.0,0.07626511545644693,60.0,60.13255772822347,0.0
2024-08-03 01:06:00,2.0,0.0,0.0762541840017709,60.0,60.127092000885455,0.0
2024-08-03 01:07:00,2.0,11.553360000000001,0.07624325411395412,60.0,60.12162705697706,6.0
2024-08-03 01:08:00,2.0,0.0,0.074576325792772,60.0,59.288162896386,0.0
2024-08-03 01:09:00,2.0,0.0,0.07456563640063735,60.0,59.28281820031867,0.0
2024-08-03 01:10:00,2.0,0.0,0.07455494854066592,60.0,59.27747427033296,0.0
2024-08-03 01:11:00,2.0,0.0,0.07454426221263812,60.0,59.27213110631906,0.0
2024-08-03 01:12:00,2.0,0.0,0.07453357741633436,60.0,59.26678870816718,0.0
2024-08-03 01:13:00,2.0,0.0,0.07452289415153507,60.0,59.261447075767535,0.0
2024-08-03 01:14:00,2.0,0.0,0.07451221241802075,60.0,59.256106209010376,0.0
2024-08-03 01:15:00,2.0,11.553360000000001,0.07450153221557192,60.0,59.25076610778596,6.0
2024-08-03 01:16:00,2.0,0.0,0.07283485354396911,60.0,58.41742677198455,0.0
2024-08-03 01:17:00,2.0,0.0,0.07325441854346113,60.0,58.627209271730564,0.0
2024-08-03 01:18:00,2.0,0.0,0.07367392340463502,60.0,58.83696170231751,0.0
2024-08-03 01:19:00,2.0,0.0,0.0740933681361107,60.0,59.04668406805535,0.0
2024-08-03 01:20:00,2.0,0.0,0.07451275274650686,60.0,59.25637637325343,0.0
2024-08-03 01:21:00,2.0,0.0,0.07493207724444095,60.0,59.46603862222047,0.0
2024-08-03 01:22:00,2.0,0.0,0.07535134163852918,60.0,59.67567081926459,0.0
2024-08-03 01:23:00,2.0,0.0,0.07577054593738652,60.0,59.885272968693265,0.0
2024-08-03 01:24:00,2.0,0.0,0.07618969014962676,60.0,60.09484507481338,0.0
2024-08-03 01:25:00,2.0,0.0,0.07660877428386235,60.0,60.30438714193118,0.0
2024-08-03 01:26:00,2.0,0.0,0.07702779834870463,60.0,60.51389917435231,0.0
2024-08-03 01:27:00,2.0,0.0,0.07744676235276357,60.0,60.723381176381785,0.0
2024-08-03 01:28:00,2.0,0.0,0.07786566630464803,60.0,60.932833152324015,0.0
2024-08-03 01:29:00,2.0,0.0,0.07828451021296558,60.0,61.142255106482786,0.0
2024-08-03 01:30:00,2.0,0.0,0.07827328930849167,60.0,61.136644654245835,0.0
2024-08-03 01:31:00,2.0,0.0,0.07826207001236528,60.0,61.131035006182636,0.0
2024-08-03 01:32:00,2.0,0.0,0.07825085232435584,60.0,61.125426162177924,0.0
2024-08-03 01:33:00,2.0,0.0,0.07823963624423291,60.0,61.119818122116456,0.0
2024-08-03 01:34:00,2.0,0.0,0.07822842177176599,60.0,61.114210885883,0.0
2024-08-03 01:35:00,2.0,0.0,0.07821720890672465,60.0,61.108604453362325,0.0
2024-08-03 01:36:00,2.0,0.0,0.07820599764887849,60.0,61.10299882443925,0.0
2024-08-03 01:37:00,2.0,0.0,0.07819478799799714,60.0,61.09739399899857,0.0
2024-08-03 01:38:00,2.0,0.0,0.07818357995385027,60.0,61.091789976925135,0.0
2024-08-03 01:39:00,2.0,0.0,0.07817237351620757,60.0,61.086186758103786,0.0
2024-08-03 01:40:00,2.0,0.0,0.07816116868483879,60.0,61.08058434241939,0.0
2024-08-03 01:41:00,2.0,0.0,0.07814996545951368,60.0,61.07498272975684,0.0
2024-08-03 01:42:00,2.0,0.0,0.07813876384000204,60.0,61.06938192000102,0.0
2024-08-03 01:43:00,2.0,0.0,0.0781275638260737,60.0,61.063781913036856,0.0
2024-08-03 01:44:00,2.0,0.0,0.07811636541749854,60.0,61.05818270874927,0.0
2024-08-03 01:45:00,2.0,0.0,0.07810516861404644,60.0,61.05258430702322,0.0
2024-08-03 01:46:00,2.0,0.0,0.07809397341548732,60.0,61.04698670774366,0.0
2024-08-03 01:47:00,2.0,0.0,0.07808277982159118,60.0,61.04138991079559,0.0
2024-08-03 01:48:00,2.0,0.0,0.07807158783212798,60.0,61.03579391606399,0.0
2024-08-03 01:49:00,2.0,0.0,0.07806039744686775,60.0,61.03019872343388,0.0
2024-08-03 01:50:00,2.0,0.0,0.07804920866558059,60.0,61.02460433279029,0.0
2024-08-03 01:51:00,2.0,0.0,0.07803802148803654,60.0,61.01901074401827,0.0
2024-08-03 01:52:00,2.0,0.0,0.07802683591400576,60.0,61.01341795700288,0.0
2024-08-03 01:53:00,2.0,0.0,0.07801565194325841,60.0,61.0078259716292,0.0
2024-08-03 01:54:00,2.0,0.0,0.07800446957556467,60.0,61.002234787782335,0.0
2024-08-03 01:55:00,2.0,1.92556,0.07799328881069478,60.0,60.99664440534739,1.0
2024-08-03 01:56:00,2.0,1.92556,0.07770610964841901,60.0,60.8530548242095,1.0
2024-08-03 01:57:00,2.0,0.0,0.07741897164894718,60.0,60.70948582447359,0.0
2024-08-03 01:58:00,2.0,0.0,0.07740787480637924,60.0,60.70393740318962,0.0
2024-08-03 01:59:00,2.0,0.0,0.0773967795543764,60.0,60.698389777188204,0.0
2024-08-03 02:00:00,2.0,0.0,0.0773856858927107,60.0,60.692842946355356,0.0
2024-08-03 02:01:00,2.0,0.0,0.07737459382115418,60.0,60.68729691057709,0.0
2024-08-03 02:02:00,2.0,0.0,0.07736350333947892,60.0,60.681751669739455,0.0
2024-08-03 02:03:00,2.0,0.0,0.07735241444745701,60.0,60.676207223728504,0.0
2024-08-03 02:04:00,2.0,0.0,0.07734132714486062,60.0,60.670663572430314,0.0
2024-08-03 02:05:00,2.0,0.0,0.07733024143146194,60.0,60.66512071573097,0.0
2024-08-03 02:06:00,2.0,0.0,0.07731915730703316,60.0,60.65957865351658,0.0
2024-08-03 02:07:00,2.0,0.0,0.07730807477134655,60.0,60.65403738567327,0.0
2024-08-03 02:08:00,2.0,0.0,0.07729699382417435,60.0,60.648496912087175,0.0
2024-08-03 02:09:00,2.0,0.0,0.0772859144652889,60.0,60.64295723264445,0.0
2024-08-03 02:10:00,2.0,0.0,0.07727483669446254,60.0,60.63741834723127,0.0
2024-08-03 02:11:00,2.0,0.0,0.07726376051146762,60.0,60.63188025573381,0.0
2024-08-03 02:12:00,2.0,0.0,0.07725268591607659,60.0,60.62634295803829,0.0
2024-08-03 02:13:00,2.0,0.0,0.07724161290806185,60.0,60.62080645403093,0.0
2024-08-03 02:14:00,2.0,0.0,0.07723054148719591,60.0,60.615270743597954,0.0
2024-08-03 02:15:00,2.0,0.0,0.07721947165325124,60.0,60.609735826625624,0.0
2024-08-03 02:16:00,2.0,0.0,0.07720840340600044,60.0,60.604201703000214,0.0
2024-08-03 02:17:00,2.0,0.0,0.077197336745216,60.0,60.598668372608,0.0
2024-08-03 02:18:00,2.0,0.0,0.07718627167067059,60.0,60.593135835335296,0.0
2024-08-03 02:19:00,2.0,0.0,0.07717520818213681,60.0,60.58760409106841,0.0
2024-08-03 02:20:00,2.0,0.0,0.07716414627938734,60.0,60.58207313969367,0.0
2024-08-03 02:21:00,2.0,0.0,0.07715308596219488,60.0,60.57654298109744,0.0
2024-08-03 02:22:00,2.0,0.0,0.07714202723033216,60.0,60.57101361516608,0.0
2024-08-03 02:23:00,2.0,0.0,0.07713097008357196,60.0,60.56548504178598,0.0
2024-08-03 02:24:00,2.0,0.0,0.07711991452168708,60.0,60.55995726084354,0.0
2024-08-03 02:25:00,2.0,0.0,0.07710886054445033,60.0,60.55443027222517,0.0
2024-08-03 02:26:00,2.0,0.0,0.0770978081516346,60.0,60.5489040758173,0.0
2024-08-03 02:27:00,2.0,0.0,0.07708675734301276,60.0,60.54337867150638,0.0
2024-08-03 02:28:00,2.0,0.0,0.07707570811835777,60.0,60.53785405917888,0.0
2024-08-03 02:29:00,2.0,0.0,0.07706466047744258,60.0,60.532330238721286,0.0
2024-08-03 02:30:00,2.0,0.0,0.07705361442004016,60.0,60.52680721002008,0.0
2024-08-03 02:31:00,2.0,0.0,0.07704256994592358,60.0,60.52128497296179,0.0
2024-08-03 02:32:00,2.0,0.0,0.07703152705486588,60.0,60.51576352743294,0.0
2024-08-03 02:33:00,2.0,0.0,0.07702048574664015,60.0,60.510242873320074,0.0
2024-08-03 02:34:00,2.0,0.0,0.07700944602101951,60.0,60.50472301050976,0.0
2024-08-03 02:35:00,2.0,0.0,0.07699840787777713,60.0,60.49920393888856,0.0
2024-08-03 02:36:00,2.0,0.0,0.07698737131668619,60.0,60.4936856583431,0.0
2024-08-03 02:37:00,2.0,0.0,0.07697633633751992,60.0,60.48816816875996,0.0
2024-08-03 02:38:00,2.0,0.0,0.07696530294005158,60.0,60.482651470025786,0.0
2024-08-03 02:39:00,2.0,0.0,0.07695427112405442,60.0,60.477135562027215,0.0
2024-08-03 02:40:00,2.0,0.0,0.07694324088930182,60.0,60.47162044465091,0.0
2024-08-03 02:41:00,2.0,0.0,0.0769322122355671,60.0,60.466106117783546,0.0
2024-08-03 02:42:00,2.0,0.0,0.07692118516262363,60.0,60.460592581311815,0.0
2024-08-03 02:43:00,2.0,0.0,0.07691015967024485,60.0,60.455079835122426,0.0
2024-08-03 02:44:00,2.0,0.0,0.07689913575820422,60.0,60.449567879102105,0.0
2024-08-03 02:45:00,2.0,0.0,0.07688811342627519,60.0,60.44405671313759,0.0
2024-08-03 02:46:00,2.0,0.0,0.07687709267423128,60.0,60.43854633711564,0.0
2024-08-03 02:47:00,2.0,0.0,0.07686607350184606,60.0,60.43303675092303,0.0
2024-08-03 02:48:00,2.0,0.0,0.07685505590889309,60.0,60.427527954446546,0.0
2024-08-03 02:49:00,2.0,0.0,0.076844039895146,60.0,60.422019947573,0.0
2024-08-03 02:50:00,2.0,0.0,0.07683302546037843,60.0,60.41651273018921,0.0
2024-08-03 02:51:00,2.0,0.0,0.07682201260436404,60.0,60.41100630218202,0.0
2024-08-03 02:52:00,2.0,0.0,0.07681100132687656,60.0,60.405500663438275,0.0
2024-08-03 02:53:00,2.0,0.0,0.0767999916276897,60.0,60.39999581384485,0.0
2024-08-03 02:54:00,2.0,0.0,0.07678898350657729,60.0,60.39449175328864,0.0
2024-08-03 02:55:00,2.0,0.0,0.07677797696331308,60.0,60.38898848165654,0.0
2024-08-03 02:56:00,2.0,0.0,0.07676697199767094,60.0,60.38348599883547,0.0
2024-08-03 02:57:00,2.0,0.0,0.07675596860942473,60.0,60.37798430471236,0.0
2024-08-03 02:58:00,2.0,0.0,0.07674496679834836,60.0,60.37248339917418,0.0
2024-08-03 02:59:00,2.0,0.0,0.07673396656421577,60.0,60.36698328210789,0.0
2024-08-03 03:00:00,2.0,0.0,0.07672296790680093,60.0,60.361483953400466,0.0
2024-08-03 03:01:00,2.0,0.0,0.07671197082587784,60.0,60.35598541293892,0.0
2024-08-03 03:02:00,2.0,0.0,0.07670097532122053,60.0,60.35048766061026,0.0
2024-08-03 03:03:00,2.0,0.0,0.07668998139260307,60.0,60.34499069630153,0.0
2024-08-03 03:04:00,2.0,0.0,0.07667898903979953,60.0,60.339494519899766,0.0
2024-08-03 03:05:00,2.0,0.0,0.07666799826258408,60.0,60.33399913129204,0.0
2024-08-03 03:06:00,2.0,0.0,0.07665700906073088,60.0,60.328504530365436,0.0
2024-08-03 03:07:00,2.0,0.0,0.07664602143401408,60.0,60.323010717007044,0.0
2024-08-03 03:08:00,2.0,11.553360000000001,0.07663503538220798,60.0,60.31751769110399,6.0
2024-08-03 03:09:00,2.0,0.0,0.07496805090508679,60.0,59.48402545254339,0.0
2024-08-03 03:10:00,2.0,0.0,0.07495730536506218,60.0,59.478652682531084,0.0
2024-08-03 03:11:00,2.0,0.0,0.07494656136524874,60.0,59.47328068262437,0.0
2024-08-03 03:12:00,2.0,0.0,0.07493581890542572,60.0,59.46790945271286,0.0
2024-08-03 03:13:00,2.0,0.0,0.07492507798537239,60.0,59.46253899268619,0.0
2024-08-03 03:14:00,2.0,0.0,0.07491433860486804,60.0,59.45716930243402,0.0
2024-08-03 03:15:00,2.0,0.0,0.074903600763692,60.0,59.451800381846,0.0
2024-08-03 03:16:00,2.0,0.0,0.07489286446162362,60.0,59.44643223081181,0.0
2024-08-03 03:17:00,2.0,0.0,0.0748821296984423,60.0,59.44106484922115,0.0
2024-08-03 03:18:00,2.0,0.0,0.07487139647392747,60.0,59.43569823696374,0.0
2024-08-03 03:19:00,2.0,0.0,0.07486066478785859,60.0,59.4303323939293,0.0
2024-08-03 03:20:00,2.0,0.0,0.07484993464001513,60.0,59.42496732000757,0.0
2024-08-03 03:21:00,2.0,0.0,0.07483920603017663,60.0,59.41960301508831,0.0
2024-08-03 03:22:00,2.0,0.0,0.07482847895812261,60.0,59.41423947906131,0.0
2024-08-03 03:23:00,2.0,0.0,0.07481775342363269,60.0,59.40887671181634,0.0
2024-08-03 03:24:00,2.0,0.0,0.07480702942648644,60.0,59.40351471324322,0.0
2024-08-03 03:25:00,2.0,0.0,0.07479630696646354,60.0,59.398153483231766,0.0
2024-08-03 03:26:00,2.0,0.0,0.07478558604334365,60.0,59.39279302167182,0.0
2024-08-03 03:27:00,2.0,0.0,0.07477486665690647,60.0,59.387433328453234,0.0
2024-08-03 03:28:00,2.0,11.553360000000001,0.07476414880693176,60.0,59.38207440346588,6.0
2024-08-03 03:29:00,2.0,0.0,0.07309743249319928,60.0,58.54871624659964,0.0
2024-08-03 03:30:00,2.0,11.553360000000001,0.07351695985595706,60.0,58.75847992797853,6.0
2024-08-03 03:31:00,2.0,11.553360000000001,0.07228042708579135,60.0,58.14021354289568,6.0
2024-08-03 03:32:00,2.0,0.0,0.0710440715539587,60.0,57.52203577697935,0.0
2024-08-03 03:33:00,2.0,0.0,0.07146389323505464,60.0,57.73194661752732,0.0
2024-08-03 03:34:00,2.0,0.0,0.07188365474104101,60.0,57.94182737052051,0.0
2024-08-03 03:35:00,2.0,0.0,0.07230335608054302,60.0,58.151678040271506,0.0
2024-08-03 03:36:00,2.0,0.0,0.07272299726218459,60.0,58.361498631092296,0.0
2024-08-03 03:37:00,2.0,0.0,0.07314257829458849,60.0,58.571289147294245,0.0
2024-08-03 03:38:00,2.0,0.0,0.07356209918637617,60.0,58.78104959318809,0.0
2024-08-03 03:39:00,2.0,0.0,0.07398155994616791,60.0,58.99077997308395,0.0
2024-08-03 03:40:00,2.0,0.0,0.0744009605825827,60.0,59.20048029129135,0.0
2024-08-03 03:41:00,2.0,0.0,0.07482030110423833,60.0,59.41015055211916,0.0
2024-08-03 03:42:00,2.0,0.0,0.07523958151975134,60.0,59.61979075987567,0.0
2024-08-03 03:43:00,2.0,0.0,0.07565880183773704,60.0,59.82940091886852,0.0
2024-08-03 03:44:00,2.0,0.0,0.07607796206680952,60.0,60.03898103340476,0.0
2024-08-03 03:45:00,2.0,0.0,0.0764970622155816,60.0,60.2485311077908,0.0
2024-08-03 03:46:00,2.0,0.0,0.07691610229266489,60.0,60.458051146332444,0.0
2024-08-03 03:47:00,2.0,0.0,0.07733508230666976,60.0,60.66754115333488,0.0
2024-08-03 03:48:00,2.0,0.0,0.07775400226620537,60.0,60.87700113310268,0.0
2024-08-03 03:49:00,2.0,0.0,0.07817286217987958,60.0,61.086431089939786,0.0
2024-08-03 03:50:00,2.0,0.0,0.07816165727846822,60.0,61.080828639234106,0.0
2024-08-03 03:51:00,2.0,0.0,0.07815045398311057,60.0,61.07522699155528,0.0
2024-08-03 03:52:00,2.0,0.0,0.07813925229357643,60.0,61.06962614678822,0.0
2024-08-03 03:53:00,2.0,0.0,0.07812805220963565,60.0,61.06402610481782,0.0
2024-08-03 03:54:00,2.0,0.0,0.07811685373105806,60.0,61.05842686552903,0.0
2024-08-03 03:55:00,1.0,0.0,0.07810565685761357,60.0,61.052828428806784,0.0
2024-08-03 03:56:00,1.0,0.0,0.0780944615890721,60.0,61.04723079453605,0.0
2024-08-03 03:57:00,1.0,0.0,0.07808326792520362,60.0,61.04163396260181,0.0
2024-08-03 03:58:00,1.0,0.0,0.07807207586577812,60.0,61.03603793288906,0.0
2024-08-03 03:59:00,1.0,0.0,0.07806088541056563,60.0,61.030442705282816,0.0
2024-08-03 04:00:00,1.0,0.0,0.07804969655933622,60.0,61.024848279668106,0.0
2024-08-03 04:01:00,1.0,0.0,0.07803850931185996,60.0,61.01925465592998,0.0
2024-08-03 04:02:00,1.0,0.0,0.07802732366790699,60.0,61.01366183395349,0.0
2024-08-03 04:03:00,1.0,0.0,0.07801613962724747,60.0,61.008069813623734,0.0
2024-08-03 04:04:00,1.0,0.0,0.0780049571896516,60.0,61.002478594825796,0.0
2024-08-03 04:05:00,1.0,0.0,0.07799377635488958,60.0,60.99688817744479,0.0
2024-08-03 04:06:00,1.0,0.0,0.07798259712273169,60.0,60.991298561365845,0.0
2024-08-03 04:07:00,2.0,0.0,0.07797141949294821,60.0,60.98570974647411,0.0
2024-08-03 04:08:00,2.0,0.0,0.07796024346530947,60.0,60.98012173265474,0.0
2024-08-03 04:09:00,2.0,0.0,0.07794906903958583,60.0,60.97453451979291,0.0
2024-08-03 04:10:00,1.0,0.0,0.07793789621554766,60.0,60.96894810777383,0.0
2024-08-03 04:11:00,1.0,0.0,0.0779267249929654,60.0,60.963362496482695,0.0
2024-08-03 04:12:00,1.0,0.0,0.0779155553716095,60.0,60.95777768580475,0.0
2024-08-03 04:13:00,1.0,0.0,0.07790438735125045,60.0,60.952193675625225,0.0
2024-08-03 04:14:00,1.0,0.0,0.07789322093165878,60.0,60.94661046582939,0.0
2024-08-03 04:15:00,1.0,0.0,0.07788205611260503,60.0,60.941028056302514,0.0
2024-08-03 04:16:00,1.0,0.0,0.07787089289385979,60.0,60.935446446929895,0.0
2024-08-03 04:17:00,1.0,0.0,0.07785973127519369,60.0,60.92986563759684,0.0
2024-08-03 04:18:00,1.0,0.0,0.07784857125637736,60.0,60.92428562818868,0.0
2024-08-03 04:19:00,1.0,0.0,0.0778374128371815,60.0,60.91870641859075,0.0
2024-08-03 04:20:00,1.0,0.0,0.07782625601737685,60.0,60.913128008688425,0.0
2024-08-03 04:21:00,1.0,0.0,0.07781510079673414,60.0,60.907550398367064,0.0
2024-08-03 04:22:00,1.0,0.0,0.07780394717502413,60.0,60.90197358751207,0.0
2024-08-03 04:23:00,1.0,0.0,0.07779279515201767,60.0,60.89639757600884,0.0
2024-08-03 04:24:00,1.0,0.0,0.07778164472748561,60.0,60.89082236374281,0.0
2024-08-03 04:25:00,1.0,0.0,0.07777049590119883,60.0,60.885247950599414,0.0
2024-08-03 04:26:00,1.0,0.0,0.07775934867292823,60.0,60.87967433646411,0.0
2024-08-03 04:27:00,1.0,0.0,0.07774820304244477,60.0,60.874101521222386,0.0
2024-08-03 04:28:00,1.0,0.0,0.07773705900951942,60.0,60.868529504759714,0.0
2024-08-03 04:29:00,1.0,0.0,0.07772591657392323,60.0,60.862958286961614,0.0
2024-08-03 04:30:00,1.0,0.0,0.0777147757354272,60.0,60.857387867713605,0.0
2024-08-03 04:31:00,1.0,0.0,0.07770363649380245,60.0,60.851818246901225,0.0
2024-08-03 04:32:00,1.0,0.0,0.07769249884882007,60.0,60.84624942441003,0.0
2024-08-03 04:33:00,1.0,0.0,0.07768136280025119,60.0,60.8406814001256,0.0
2024-08-03 04:34:00,1.0,0.0,0.07767022834786702,60.0,60.83511417393351,0.0
2024-08-03 04:35:00,1.0,0.0,0.07765909549143876,60.0,60.82954774571938,0.0
2024-08-03 04:36:00,1.0,0.0,0.07764796423073764,60.0,60.82398211536882,0.0
2024-08-03 04:37:00,1.0,0.0,0.07763683456553495,60.0,60.81841728276748,0.0
2024-08-03 04:38:00,1.0,11.553360000000001,0.077625706495602,60.0,60.812853247801,6.0
2024-08-03 04:39:00,1.0,0.0,0.07595858002071013,60.0,59.979290010355065,0.0
2024-08-03 04:40:00,1.0,0.0,0.07594769250326808,60.0,59.973846251634036,0.0
2024-08-03 04:41:00,1.0,0.0,0.07593680654638753,60.0,59.968403273193765,0.0
2024-08-03 04:42:00,1.0,0.0,0.07592592214984481,60.0,59.962961074922404,0.0
2024-08-03 04:43:00,1.0,0.0,0.07591503931341625,60.0,59.95751965670813,0.0
2024-08-03 04:44:00,1.0,0.0,0.07590415803687826,60.0,59.95207901843913,0.0
2024-08-03 04:45:00,1.0,0.0,0.07589327832000722,60.0,59.94663916000361,0.0
2024-08-03 04:46:00,1.0,0.0,0.07588240016257962,60.0,59.94120008128981,0.0
2024-08-03 04:47:00,1.0,0.0,0.07587152356437188,60.0,59.93576178218594,0.0
2024-08-03 04:48:00,1.0,0.0,0.07586064852516056,60.0,59.93032426258028,0.0
2024-08-03 04:49:00,1.0,0.0,0.07584977504472216,60.0,59.92488752236108,0.0
2024-08-03 04:50:00,1.0,0.0,0.07583890312283328,60.0,59.91945156141664,0.0
2024-08-03 04:51:00,1.0,1.92556,0.07582803275927052,60.0,59.914016379635264,1.0
2024-08-03 04:52:00,1.0,1.92556,0.07554116395381053,60.0,59.77058197690526,1.0
2024-08-03 04:53:00,1.0,0.0,0.07525433626666951,60.0,59.627168133334756,0.0
2024-08-03 04:54:00,1.0,1.92556,0.07524354969195379,60.0,59.621774845976894,1.0
2024-08-03 04:55:00,1.0,0.0,0.07495676466333095,60.0,59.47838233166548,0.0
2024-08-03 04:56:00,1.0,0.0,0.07494602074101897,60.0,59.473010370509485,0.0
2024-08-03 04:57:00,1.0,0.0,0.0749352783586863,60.0,59.467639179343145,0.0
2024-08-03 04:58:00,2.0,1.92556,0.07492453751611218,60.0,59.46226875805609,1.0
2024-08-03 04:59:00,2.0,1.92556,0.07463779821307595,60.0,59.31889910653798,1.0
2024-08-03 05:00:00,2.0,0.0,0.07435110000979649,60.0,59.17555000489824,0.0
2024-08-03 05:01:00,1.0,0.0,0.07434044290038276,60.0,59.17022145019138,0.0
2024-08-03 05:02:00,1.0,0.0,0.07432978731850501,60.0,59.164893659252506,0.0
2024-08-03 05:03:00,1.0,1.92556,0.0743191332639443,60.0,59.159566631972154,1.0
2024-08-03 05:04:00,1.0,0.0,0.07403248073648173,60.0,59.016240368240865,0.0
2024-08-03 05:05:00,1.0,0.0,0.07402186929633794,60.0,59.01093464816897,0.0
2024-08-03 05:06:00,1.0,0.0,0.07401125937718414,60.0,59.00562968859207,0.0
2024-08-03 05:07:00,2.0,0.0,0.07400065097880233,60.0,59.00032548940116,0.0
2024-08-03 05:08:00,2.0,0.0,0.0739900441009745,60.0,58.99502205048725,0.0
2024-08-03 05:09:00,2.0,0.0,0.0744094435213136,60.0,59.204721760656795,0.0
2024-08-03 05:10:00,2.0,0.0,0.07482878282706783,60.0,59.41439141353391,0.0
2024-08-03 05:11:00,2.0,0.0,0.07524806202685372,60.0,59.62403101342686,0.0
2024-08-03 05:12:00,2.0,0.0,0.07566728112928657,60.0,59.83364056464328,0.0
2024-08-03 05:13:00,2.0,1.92556,0.07608644014298041,60.0,60.043220071490204,1.0
2024-08-03 05:14:00,2.0,1.92556,0.07622953907654807,60.0,60.11476953827403,1.0
2024-08-03 05:15:00,2.0,0.0,0.07637261749904067,60.0,60.186308749520336,0.0
2024-08-03 05:16:00,2.0,0.0,0.0767916754133982,60.0,60.3958377066991,0.0
2024-08-03 05:17:00,2.0,1.92556,0.0772106732621206,60.0,60.6053366310603,1.0
2024-08-03 05:18:00,2.0,1.92556,0.07735361105381737,60.0,60.67680552690869,1.0
2024-08-03 05:19:00,2.0,0.0,0.07749652835753637,60.0,60.74826417876818,0.0
2024-08-03 05:20:00,2.0,0.0,0.07791542517621422,60.0,60.95771258810711,0.0
2024-08-03 05:21:00,2.0,1.92556,0.07833426195234758,60.0,61.16713097617379,1.0
2024-08-03 05:22:00,2.0,0.0,0.07804703391671178,60.0,61.02351695835589,0.0
2024-08-03 05:23:00,2.0,0.0,0.0780358470508852,60.0,61.017923525442605,0.0
2024-08-03 05:24:00,2.0,0.0,0.07802466178852722,60.0,61.01233089426361,0.0
2024-08-03 05:25:00,1.0,0.0,0.07801347812940798,60.0,61.00673906470399,0.0
2024-08-03 05:26:00,1.0,0.0,0.0780022960732977,60.0,61.00114803664885,0.0
2024-08-03 05:27:00,1.0,0.0,0.0779911156199666,60.0,60.9955578099833,0.0
2024-08-03 05:28:00,1.0,1.92556,0.07797993676918497,60.0,60.98996838459248,1.0
2024-08-03 05:29:00,1.0,1.92556,0.07769275952072306,60.0,60.84637976036153,1.0
2024-08-03 05:30:00,1.0,0.0,0.0774056234347908,60.0,60.7028117173954,0.0
2024-08-03 05:31:00,1.0,0.0,0.07739452850548816,60.0,60.69726425274408,0.0
2024-08-03 05:32:00,1.0,0.0,0.07738343516647637,60.0,60.69171758323819,0.0
2024-08-03 05:33:00,1.0,0.0,0.07737234341752754,60.0,60.686171708763766,0.0
2024-08-03 05:34:00,1.0,0.0,0.0773612532584137,60.0,60.68062662920685,0.0
2024-08-03 05:35:00,1.0,0.0,0.077350164688907,60.0,60.6750823444535,0.0
2024-08-03 05:36:00,1.0,0.0,0.07733907770877958,60.0,60.66953885438979,0.0
2024-08-03 05:37:00,2.0,0.0,0.07732799231780366,60.0,60.663996158901824,0.0
2024-08-03 05:38:00,2.0,0.0,0.0773169085157514,60.0,60.658454257875704,0.0
2024-08-03 05:39:00,2.0,0.0,0.07730582630239512,60.0,60.65291315119756,0.0
2024-08-03 05:40:00,2.0,0.0,0.07729474567750705,60.0,60.647372838753526,0.0
2024-08-03 05:41:00,2.0,0.0,0.07728366664085953,60.0,60.64183332042977,0.0
2024-08-03 05:42:00,2.0,0.0,0.07727258919222492,60.0,60.63629459611246,0.0
2024-08-03 05:43:00,2.0,0.0,0.07726151333137557,60.0,60.630756665687784,0.0
2024-08-03 05:44:00,2.0,0.0,0.07725043905808393,60.0,60.62521952904196,0.0
2024-08-03 05:45:00,2.0,0.0,0.07723936637212242,60.0,60.61968318606121,0.0
2024-08-03 05:46:00,2.0,0.0,0.07722829527326354,60.0,60.61414763663177,0.0
2024-08-03 05:47:00,2.0,0.0,0.07721722576127979,60.0,60.608612880639896,0.0
2024-08-03 05:48:00,2.0,0.0,0.07720615783594373,60.0,60.603078917971864,0.0
2024-08-03 05:49:00,2.0,11.553360000000001,0.07719509149702791,60.0,60.59754574851396,6.0
2024-08-03 05:50:00,2.0,11.553360000000001,0.07552802674430498,60.0,59.76401337215249,6.0
2024-08-03 05:51:00,2.0,0.0,0.07386120094018492,60.0,58.93060047009246,0.0
2024-08-03 05:52:00,2.0,0.0,0.0742806188282489,60.0,59.14030941412445,0.0
2024-08-03 05:53:00,2.0,0.0,0.07469997659908097,60.0,59.349988299540485,0.0
2024-08-03 05:54:00,2.0,0.0,0.07511927426129802,60.0,59.55963713064901,0.0
2024-08-03 05:55:00,2.0,0.0,0.0755385118235157,60.0,59.76925591175785,0.0
2024-08-03 05:56:00,2.0,0.0,0.07595768929434846,60.0,59.97884464717423,0.0
2024-08-03 05:57:00,2.0,0.0,0.07637680668240947,60.0,60.18840334120473,0.0
2024-08-03 05:58:00,2.0,0.0,0.0767958639963107,60.0,60.39793199815535,0.0
2024-08-03 05:59:00,2.0,0.0,0.07721486124466287,60.0,60.607430622331435,0.0
2024-08-03 06:00:00,2.0,0.0,0.07763379843607549,60.0,60.81689921803774,0.0
2024-08-03 06:01:00,2.0,0.0,0.07805267557915678,60.0,61.02633778957839,0.0
2024-08-03 06:02:00,2.0,0.0,0.07804148790468295,60.0,61.02074395234147,0.0
2024-08-03 06:03:00,2.0,1.92556,0.07803030183379359,60.0,61.01515091689679,1.0
2024-08-03 06:04:00,1.0,1.92556,0.07774311736625888,60.0,60.87155868312944,1.0
2024-08-03 06:05:00,1.0,0.0,0.07745597406228856,60.0,60.72798703114428,0.0
2024-08-03 06:06:00,1.0,0.0,0.07744487191598244,60.0,60.72243595799122,0.0
2024-08-03 06:07:00,1.0,0.0,0.07743377136100166,60.0,60.71688568050083,0.0
2024-08-03 06:08:00,1.0,0.0,0.0774226723971181,60.0,60.711336198559046,0.0
2024-08-03 06:09:00,1.0,0.0,0.0774115750241037,60.0,60.70578751205185,0.0
2024-08-03 06:10:00,1.0,0.0,0.07740047924173044,60.0,60.70023962086522,0.0
2024-08-03 06:11:00,1.0,0.0,0.07738938504977033,60.0,60.69469252488516,0.0
2024-08-03 06:12:00,1.0,0.0,0.07737829244799539,60.0,60.689146223997696,0.0
2024-08-03 06:13:00,1.0,0.0,0.07736720143617772,60.0,60.683600718088854,0.0
2024-08-03 06:14:00,1.0,0.0,0.07735611201408939,60.0,60.678056007044695,0.0
2024-08-03 06:15:00,1.0,0.0,0.07734502418150256,60.0,60.67251209075128,0.0
2024-08-03 06:16:00,1.0,0.0,0.0773339379381894,60.0,60.666968969094704,0.0
2024-08-03 06:17:00,1.0,0.0,0.07732285328392212,60.0,60.66142664196106,0.0
2024-08-03 06:18:00,1.0,0.0,0.07731177021847292,60.0,60.65588510923646,0.0
2024-08-03 06:19:00,2.0,0.0,0.07730068874161408,60.0,60.65034437080704,0.0
2024-08-03 06:20:00,2.0,0.0,0.07728960885311792,60.0,60.644804426558956,0.0
2024-08-03 06:21:00,2.0,0.0,0.07727853055275674,60.0,60.63926527637837,0.0
2024-08-03 06:22:00,2.0,0.0,0.07726745384030292,60.0,60.63372692015146,0.0
2024-08-03 06:23:00,2.0,0.0,0.07725637871552887,60.0,60.628189357764434,0.0
2024-08-03 06:24:00,2.0,0.0,0.077245305178207,60.0,60.6226525891035,0.0
2024-08-03 06:25:00,2.0,0.0,0.07723423322810981,60.0,60.6171166140549,0.0
2024-08-03 06:26:00,2.0,0.0,0.07722316286500974,60.0,60.61158143250487,0.0
2024-08-03 06:27:00,2.0,0.0,0.07721209408867935,60.0,60.606047044339675,0.0
2024-08-03 06:28:00,2.0,0.0,0.0772010268988912,60.0,60.6005134494456,0.0
2024-08-03 06:29:00,2.0,0.0,0.07718996129541787,60.0,60.59498064770894,0.0
2024-08-03 06:30:00,2.0,0.0,0.07717889727803201,60.0,60.589448639016005,0.0
2024-08-03 06:31:00,2.0,0.0,0.07716783484650626,60.0,60.583917423253126,0.0
2024-08-03 06:32:00,2.0,0.0,0.0771567740006133,60.0,60.57838700030665,0.0
2024-08-03 06:33:00,2.0,0.0,0.07714571474012587,60.0,60.572857370062934,0.0
2024-08-03 06:34:00,2.0,0.0,0.07713465706481672,60.0,60.56732853240836,0.0
2024-08-03 06:35:00,2.0,0.0,0.07712360097445865,60.0,60.56180048722933,0.0
2024-08-03 06:36:00,2.0,0.0,0.07711254646882448,60.0,60.55627323441224,0.0
2024-08-03 06:37:00,1.0,0.0,0.07710149354768704,60.0,60.55074677384352,0.0
2024-08-03 06:38:00,1.0,0.0,0.07709044221081925,60.0,60.545221105409624,0.0
2024-08-03 06:39:00,1.0,0.0,0.077079392457994,60.0,60.539696228997,0.0
2024-08-03 06:40:00,1.0,1.92556,0.07706834428898426,60.0,60.53417214449213,1.0
2024-08-03 06:41:00,1.0,1.92556,0.076781297703563,60.0,60.3906488517815,1.0
2024-08-03 06:42:00,1.0,0.0,0.0764942922619428,60.0,60.2471461309714,0.0
2024-08-03 06:43:00,1.0,0.0,0.07648332795822632,60.0,60.24166397911316,0.0
2024-08-03 06:44:00,1.0,0.0,0.07647236522607752,60.0,60.23618261303876,0.0
2024-08-03 06:45:00,1.0,0.0,0.0764614040652711,60.0,60.23070203263555,0.0
2024-08-03 06:46:00,1.0,0.0,0.07645044447558186,60.0,60.22522223779093,0.0
2024-08-03 06:47:00,1.0,0.0,0.0764394864567846,60.0,60.219743228392296,0.0
2024-08-03 06:48:00,1.0,0.0,0.07642853000865414,60.0,60.21426500432707,0.0
2024-08-03 06:49:00,1.0,0.0,0.07641757513096537,60.0,60.20878756548268,0.0
2024-08-03 06:50:00,1.0,0.0,0.07640662182349317,60.0,60.203310911746584,0.0
2024-08-03 06:51:00,1.0,0.0,0.0763956700860125,60.0,60.19783504300625,0.0
2024-08-03 06:52:00,1.0,1.92556,0.07638471991829832,60.0,60.19235995914916,1.0
2024-08-03 06:53:00,1.0,0.0,0.0760977713201256,60.0,60.0488856600628,0.0
2024-08-03 06:54:00,1.0,0.0,0.07608686385170896,60.0,60.04343192585448,0.0
2024-08-03 06:55:00,1.0,0.0,0.07607595794671348,60.0,60.03797897335674,0.0
2024-08-03 06:56:00,1.0,0.0,0.07606505360491511,60.0,60.032526802457554,0.0
2024-08-03 06:57:00,1.0,0.0,0.07605415082608975,60.0,60.02707541304488,0.0
2024-08-03 06:58:00,1.0,0.0,0.0760432496100134,60.0,60.021624805006695,0.0
2024-08-03 06:59:00,1.0,0.0,0.07603234995646203,60.0,60.016174978231014,0.0
2024-08-03 07:00:00,1.0,0.0,0.0760214518652117,60.0,60.01072593260585,0.0
2024-08-03 07:01:00,1.0,0.0,0.07601055533603848,60.0,60.00527766801924,0.0
2024-08-03 07:02:00,1.0,0.0,0.07599966036871846,60.0,59.999830184359226,0.0
2024-08-03 07:03:00,1.0,0.0,0.07598876696302775,60.0,59.99438348151388,0.0
2024-08-03 07:04:00,1.0,0.0,0.07597787511874256,60.0,59.98893755937128,0.0
2024-08-03 07:05:00,1.0,0.0,0.07596698483563907,60.0,59.983492417819534,0.0
2024-08-03 07:06:00,1.0,0.0,0.0759560961134935,60.0,59.978048056746744,0.0
2024-08-03 07:07:00,1.0,0.0,0.0759452089520821,60.0,59.97260447604105,0.0
2024-08-03 07:08:00,1.0,0.0,0.07593432335118118,60.0,59.96716167559059,0.0
2024-08-03 07:09:00,1.0,0.0,0.07592343931056707,60.0,59.96171965528353,0.0
2024-08-03 07:10:00,1.0,0.0,0.0759125568300161,60.0,59.95627841500805,0.0
2024-08-03 07:11:00,1.0,0.0,0.07590167590930469,60.0,59.95083795465234,0.0
2024-08-03 07:12:00,1.0,0.0,0.07589079654820922,60.0,59.94539827410461,0.0
2024-08-03 07:13:00,1.0,0.0,0.07587991874650618,60.0,59.93995937325309,0.0
2024-08-03 07:14:00,1.0,0.0,0.07586904250397204,60.0,59.93452125198602,0.0
2024-08-03 07:15:00,1.0,0.0,0.07585816782038332,60.0,59.92908391019166,0.0
2024-08-03 07:16:00,1.0,0.0,0.07584729469551657,60.0,59.92364734775828,0.0
2024-08-03 07:17:00,1.0,0.0,0.07583642312914836,60.0,59.91821156457418,0.0
2024-08-03 07:18:00,1.0,0.0,0.07582555312105531,60.0,59.912776560527654,0.0
2024-08-03 07:19:00,1.0,0.0,0.07581468467101407,60.0,59.90734233550703,0.0
2024-08-03 07:20:00,1.0,0.0,0.07580381777880131,60.0,59.90190888940065,0.0
2024-08-03 07:21:00,1.0,0.0,0.07579295244419373,60.0,59.896476222096865,0.0
2024-08-03 07:22:00,1.0,0.0,0.07578208866696809,60.0,59.89104433348405,0.0
2024-08-03 07:23:00,1.0,0.0,0.07577122644690117,60.0,59.885613223450584,0.0
2024-08-03 07:24:00,1.0,0.0,0.07576036578376974,60.0,59.88018289188487,0.0
2024-08-03 07:25:00,1.0,0.0,0.07574950667735067,60.0,59.87475333867533,0.0
2024-08-03 07:26:00,1.0,0.0,0.0757386491274208,60.0,59.8693245637104,0.0
2024-08-03 07:27:00,1.0,0.0,0.07572779313375705,60.0,59.86389656687852,0.0
2024-08-03 07:28:00,1.0,0.0,0.07571693869613634,60.0,59.85846934806817,0.0
2024-08-03 07:29:00,1.0,0.0,0.07570608581433565,60.0,59.853042907167826,0.0
2024-08-03 07:30:00,1.0,0.0,0.07569523448813198,60.0,59.84761724406599,0.0
2024-08-03 07:31:00,1.0,0.0,0.07568438471730234,60.0,59.84219235865117,0.0
2024-08-03 07:32:00,1.0,0.0,0.07567353650162378,60.0,59.83676825081189,0.0
2024-08-03 07:33:00,1.0,0.0,0.07566268984087345,60.0,59.83134492043672,0.0
2024-08-03 07:34:00,1.0,0.0,0.0756518447348284,60.0,59.8259223674142,0.0
2024-08-03 07:35:00,1.0,0.0,0.07564100118326585,60.0,59.82050059163292,0.0
2024-08-03 07:36:00,1.0,0.0,0.07563015918596294,60.0,59.81507959298147,0.0
2024-08-03 07:37:00,1.0,0.0,0.07561931874269692,60.0,59.80965937134846,0.0
2024-08-03 07:38:00,1.0,0.0,0.07560847985324504,60.0,59.804239926622515,0.0
2024-08-03 07:39:00,1.0,0.0,0.07559764251738456,60.0,59.79882125869228,0.0
2024-08-03 07:40:00,1.0,0.0,0.07558680673489282,60.0,59.79340336744641,0.0
2024-08-03 07:41:00,1.0,0.0,0.07557597250554715,60.0,59.78798625277358,0.0
2024-08-03 07:42:00,1.0,0.0,0.07556513982912497,60.0,59.78256991456248,0.0
2024-08-03 07:43:00,1.0,1.92556,0.07555430870540362,60.0,59.777154352701814,1.0
2024-08-03 07:44:00,1.0,1.92556,0.07526747913416063,60.0,59.63373956708031,1.0
2024-08-03 07:45:00,1.0,0.0,0.07498069067561296,60.0,59.49034533780648,0.0
2024-08-03 07:46:00,1.0,0.0,0.07496994332386776,60.0,59.48497166193388,0.0
2024-08-03 07:47:00,1.0,0.0,0.07495919751259345,60.0,59.479598756296724,0.0
2024-08-03 07:48:00,1.0,0.0,0.07494845324156918,60.0,59.47422662078459,0.0
2024-08-03 07:49:00,1.0,0.0,0.07493771051057423,60.0,59.46885525528711,0.0
2024-08-03 07:50:00,1.0,0.0,0.0749269693193878,60.0,59.463484659693904,0.0
2024-08-03 07:51:00,1.0,0.0,0.07491622966778924,60.0,59.45811483389462,0.0
2024-08-03 07:52:00,1.0,0.0,0.07490549155555783,60.0,59.452745777778915,0.0
2024-08-03 07:53:00,1.0,0.0,0.07489475498247294,60.0,59.44737749123647,0.0
2024-08-03 07:54:00,1.0,0.0,0.07488401994831397,60.0,59.44200997415698,0.0
2024-08-03 07:55:00,1.0,0.0,0.07487328645286032,60.0,59.43664322643016,0.0
2024-08-03 07:56:00,1.0,0.0,0.07486255449589144,60.0,59.431277247945715,0.0
2024-08-03 07:57:00,1.0,0.0,0.07485182407718681,60.0,59.4259120385934,0.0
2024-08-03 07:58:00,1.0,0.0,0.07484109519652596,60.0,59.42054759826298,0.0
2024-08-03 07:59:00,1.0,0.0,0.07483036785368843,60.0,59.415183926844215,0.0
2024-08-03 08:00:00,1.0,0.0,0.07481964204845379,60.0,59.40982102422689,0.0
2024-08-03 08:01:00,1.0,0.0,0.07480891778060164,60.0,59.40445889030082,0.0
2024-08-03 08:02:00,1.0,0.0,0.07479819504991164,60.0,59.39909752495582,0.0
2024-08-03 08:03:00,1.0,0.0,0.07478747385616345,60.0,59.39373692808172,0.0
2024-08-03 08:04:00,1.0,0.0,0.07477675419913676,60.0,59.38837709956838,0.0
2024-08-03 08:05:00,1.0,0.0,0.07476603607861132,60.0,59.38301803930566,0.0
2024-08-03 08:06:00,1.0,0.0,0.07475531949436691,60.0,59.37765974718345,0.0
2024-08-03 08:07:00,1.0,0.0,0.07474460444618329,60.0,59.372302223091644,0.0
2024-08-03 08:08:00,1.0,0.0,0.07473389093384032,60.0,59.36694546692016,0.0
2024-08-03 08:09:00,1.0,0.0,0.07472317895711784,60.0,59.36158947855892,0.0
2024-08-03 08:10:00,1.0,15.40448,0.07471246851579574,60.0,59.356234257897874,8.0
2024-08-03 08:11:00,1.0,15.40448,0.07249375960965398,60.0,58.24687980482699,8.0
2024-08-03 08:12:00,1.0,15.40448,0.07070537349981981,60.0,57.35268674990991,8.0
2024-08-03 08:13:00,1.0,17.33004,0.06891724372817626,60.0,56.45862186408813,9.0
2024-08-03 08:14:00,1.0,17.33004,0.06685337025798112,60.0,55.426685128990556,9.0
2024-08-03 08:15:00,1.0,0.0,0.06478979261293696,60.0,54.39489630646848,0.0
2024-08-03 08:16:00,1.0,0.0,0.06521051075064174,60.0,54.60525537532087,0.0
2024-08-03 08:17:00,1.0,0.0,0.06563116858474342,60.0,54.81558429237171,0.0
2024-08-03 08:18:00,1.0,0.0,0.0660517661238856,60.0,55.0258830619428,0.0
2024-08-03 08:19:00,1.0,0.0,0.06647230337671066,60.0,55.23615168835533,0.0
2024-08-03 08:20:00,1.0,0.0,0.06689278035185972,60.0,55.44639017592986,0.0
2024-08-03 08:21:00,1.0,0.0,0.06731319705797269,60.0,55.65659852898634,0.0
2024-08-03 08:22:00,1.0,0.0,0.06773355350368822,60.0,55.86677675184411,0.0
2024-08-03 08:23:00,1.0,0.0,0.06815384969764372,60.0,56.07692484882186,0.0
2024-08-03 08:24:00,1.0,1.92556,0.0685740856484754,60.0,56.2870428242377,1.0
2024-08-03 08:25:00,1.0,0.0,0.06871826136481819,60.0,56.359130682409095,0.0
2024-08-03 08:26:00,1.0,0.0,0.06913841641574535,60.0,56.56920820787268,0.0
2024-08-03 08:27:00,1.0,0.0,0.0695585112437794,60.0,56.7792556218897,0.0
2024-08-03 08:28:00,1.0,0.0,0.0699785458575524,60.0,56.989272928776195,0.0
2024-08-03 08:29:00,1.0,0.0,0.07039852026569512,60.0,57.19926013284756,0.0
2024-08-03 08:30:00,1.0,11.553360000000001,0.07081843447683717,60.0,57.409217238418584,6.0
2024-08-03 08:31:00,1.0,11.553360000000001,0.06958228849960685,60.0,56.79114424980342,6.0
2024-08-03 08:32:00,1.0,0.0,0.06834631970526862,60.0,56.17315985263431,0.0
2024-08-03 08:33:00,1.0,0.0,0.06876652806842601,60.0,56.383264034213006,0.0
2024-08-03 08:34:00,1.0,0.0,0.06918667620104879,60.0,56.59333810052439,0.0
2024-08-03 08:35:00,1.0,0.0,0.0696067641117701,60.0,56.803382055885045,0.0
2024-08-03 08:36:00,1.0,0.0,0.07002679180922182,60.0,57.01339590461091,0.0
2024-08-03 08:37:00,1.0,0.0,0.07044675930203463,60.0,57.22337965101732,0.0
2024-08-03 08:38:00,1.0,11.553360000000001,0.07086666659883799,60.0,57.43333329941899,6.0
2024-08-03 08:39:00,1.0,0.0,0.06963051370826003,60.0,56.81525685413001,0.0
2024-08-03 08:40:00,1.0,0.0,0.0700505380015651,60.0,57.02526900078255,0.0
2024-08-03 08:41:00,1.0,0.0,0.07047050209071921,60.0,57.235251045359604,0.0
2024-08-03 08:42:00,1.0,0.0,0.07089040598435169,60.0,57.445202992175844,0.0
2024-08-03 08:43:00,1.0,0.0,0.07131024969109068,60.0,57.65512484554534,0.0
2024-08-03 08:44:00,1.0,0.0,0.07173003321956305,60.0,57.86501660978152,0.0
2024-08-03 08:45:00,1.0,0.0,0.07214975657839445,60.0,58.07487828919722,0.0
2024-08-03 08:46:00,1.0,0.0,0.0725694197762093,60.0,58.28470988810465,0.0
2024-08-03 08:47:00,1.0,0.0,0.07298902282163076,60.0,58.494511410815385,0.0
2024-08-03 08:48:00,1.0,0.0,0.0734085657232808,60.0,58.7042828616404,0.0
2024-08-03 08:49:00,1.0,0.0,0.07382804848978008,60.0,58.914024244890044,0.0
2024-08-03 08:50:00,1.0,0.0,0.07424747112974811,60.0,59.12373556487405,0.0
2024-08-03 08:51:00,1.0,0.0,0.07466683365180309,60.0,59.333416825901544,0.0
2024-08-03 08:52:00,1.0,0.0,0.07508613606456203,60.0,59.54306803228101,0.0
2024-08-03 08:53:00,1.0,0.0,0.07550537837664067,60.0,59.75268918832034,0.0
2024-08-03 08:54:00,1.0,0.0,0.07592456059665358,60.0,59.96228029832679,0.0
2024-08-03 08:55:00,1.0,0.0,0.07634368273321403,60.0,60.17184136660701,0.0
2024-08-03 08:56:00,1.0,0.0,0.07676274479493407,60.0,60.38137239746703,0.0
2024-08-03 08:57:00,1.0,0.0,0.07718174679042451,60.0,60.590873395212256,0.0
2024-08-03 08:58:00,1.0,0.0,0.07760068872829497,60.0,60.800344364147485,0.0
2024-08-03 08:59:00,1.0,0.0,0.0780195706171538,60.0,61.009785308576895,0.0
2024-08-03 09:00:00,1.0,0.0,0.07800838768777724,60.0,61.004193843888615,0.0
2024-08-03 09:01:00,1.0,11.553360000000001,0.07799720636130501,60.0,60.99860318065251,6.0
2024-08-03 09:02:00,1.0,11.553360000000001,0.07633002663750742,60.0,60.16501331875371,6.0
2024-08-03 09:03:00,1.0,0.0,0.07466308587879206,60.0,59.33154293939603,0.0
2024-08-03 09:04:00,1.0,0.0,0.0746523840509069,60.0,59.32619202545345,0.0
2024-08-03 09:05:00,1.0,0.0,0.07464168375696745,60.0,59.320841878483726,0.0
2024-08-03 09:06:00,1.0,0.0,0.07463098499675384,60.0,59.31549249837692,0.0
2024-08-03 09:07:00,1.0,0.0,0.07462028777004623,60.0,59.310143885023116,0.0
2024-08-03 09:08:00,1.0,0.0,0.07460959207662482,60.0,59.30479603831241,0.0
2024-08-03 09:09:00,1.0,0.0,0.07459889791626984,60.0,59.29944895813492,0.0
2024-08-03 09:10:00,1.0,0.0,0.07458820528876153,60.0,59.294102644380764,0.0
2024-08-03 09:11:00,1.0,0.0,0.07457751419388019,60.0,59.288757096940095,0.0
2024-08-03 09:12:00,1.0,0.0,0.07456682463140615,60.0,59.283412315703075,0.0
2024-08-03 09:13:00,1.0,0.0,0.07455613660111976,60.0,59.27806830055988,0.0
2024-08-03 09:14:00,1.0,0.0,0.07454545010280139,60.0,59.2727250514007,0.0
2024-08-03 09:15:00,1.0,0.0,0.07453476513623147,60.0,59.267382568115735,0.0
2024-08-03 09:16:00,1.0,1.92556,0.07452408170119044,60.0,59.26204085059522,1.0
2024-08-03 09:17:00,1.0,1.92556,0.07423739979745878,60.0,59.11869989872939,1.0
2024-08-03 09:18:00,1.0,0.0,0.07395075898525656,60.0,58.97537949262828,0.0
2024-08-03 09:19:00,1.0,0.0,0.0743701640365248,60.0,59.1850820182624,0.0
2024-08-03 09:20:00,1.0,0.0,0.07478950897240107,60.0,59.39475448620053,0.0
2024-08-03 09:21:00,1.0,0.0,0.07520879380150201,60.0,59.604396900751006,0.0
2024-08-03 09:22:00,1.0,0.0,0.07562801853244303,60.0,59.81400926622151,0.0
2024-08-03 09:23:00,1.0,0.0,0.07604718317383828,60.0,60.02359158691914,0.0
2024-08-03 09:24:00,1.0,0.0,0.0764662877343007,60.0,60.233143867150346,0.0
2024-08-03 09:25:00,1.0,0.0,0.07688533222244198,60.0,60.44266611122099,0.0
2024-08-03 09:26:00,1.0,0.0,0.07730431664687258,60.0,60.65215832343629,0.0
2024-08-03 09:27:00,1.0,0.0,0.07772324101620175,60.0,60.86162050810087,0.0
2024-08-03 09:28:00,1.0,0.0,0.07814210533903744,60.0,61.07105266951872,0.0
2024-08-03 09:29:00,1.0,0.0,0.07813090484615559,60.0,61.065452423077794,0.0
2024-08-03 09:30:00,1.0,0.0,0.07811970595869556,60.0,61.05985297934778,0.0
2024-08-03 09:31:00,1.0,0.0,0.07810850867642724,60.0,61.05425433821362,0.0
2024-08-03 09:32:00,1.0,0.0,0.07809731299912054,60.0,61.048656499560266,0.0
2024-08-03 09:33:00,1.0,0.0,0.0780861189265454,60.0,61.043059463272705,0.0
2024-08-03 09:34:00,1.0,0.0,0.07807492645847185,60.0,61.037463229235925,0.0
2024-08-03 09:35:00,1.0,0.0,0.07806373559466986,60.0,61.03186779733493,0.0
2024-08-03 09:36:00,1.0,0.0,0.07805254633490952,60.0,61.02627316745476,0.0
2024-08-03 09:37:00,1.0,0.0,0.07804135867896089,60.0,61.020679339480445,0.0
2024-08-03 09:38:00,1.0,0.0,0.0780301726265941,60.0,61.015086313297054,0.0
2024-08-03 09:39:00,1.0,0.0,0.07801898817757931,60.0,61.00949408878965,0.0
2024-08-03 09:40:00,1.0,0.0,0.07800780533168666,60.0,61.003902665843334,0.0
2024-08-03 09:41:00,1.0,1.92556,0.07799662408868643,60.0,60.998312044343216,1.0
2024-08-03 09:42:00,1.0,0.0,0.07770944444834883,60.0,60.85472222417442,0.0
2024-08-03 09:43:00,1.0,0.0,0.07769830597088372,60.0,60.849152985441854,0.0
2024-08-03 09:44:00,1.0,0.0,0.07768716908995142,60.0,60.84358454497571,0.0
2024-08-03 09:45:00,1.0,0.0,0.07767603380532315,60.0,60.83801690266157,0.0
2024-08-03 09:46:00,1.0,0.0,0.07766490011677007,60.0,60.832450058385035,0.0
2024-08-03 09:47:00,1.0,0.0,0.07765376802406342,60.0,60.826884012031705,0.0
2024-08-03 09:48:00,1.0,0.0,0.07764263752697444,60.0,60.82131876348722,0.0
2024-08-03 09:49:00,1.0,0.0,0.07763150862527445,60.0,60.815754312637225,0.0
2024-08-03 09:50:00,1.0,0.0,0.07762038131873476,60.0,60.81019065936738,0.0
2024-08-03 09:51:00,1.0,0.0,0.07760925560712673,60.0,60.80462780356336,0.0
2024-08-03 09:52:00,1.0,0.0,0.07759813149022175,60.0,60.79906574511087,0.0
2024-08-03 09:53:00,1.0,0.0,0.07758700896779124,60.0,60.79350448389562,0.0
2024-08-03 09:54:00,1.0,0.0,0.07757588803960666,60.0,60.78794401980333,0.0
2024-08-03 09:55:00,1.0,0.0,0.07756476870543949,60.0,60.782384352719745,0.0
2024-08-03 09:56:00,1.0,0.0,0.07755365096506127,60.0,60.77682548253063,0.0
2024-08-03 09:57:00,1.0,0.0,0.07754253481824352,60.0,60.77126740912176,0.0
2024-08-03 09:58:00,1.0,0.0,0.07753142026475787,60.0,60.765710132378935,0.0
2024-08-03 09:59:00,1.0,0.0,0.07752030730437592,60.0,60.76015365218796,0.0
2024-08-03 10:00:00,1.0,0.0,0.07750919593686932,60.0,60.75459796843466,0.0
2024-08-03 10:01:00,1.0,0.0,0.07749808616200976,60.0,60.74904308100488,0.0
2024-08-03 10:02:00,1.0,0.0,0.07748697797956895,60.0,60.743488989784474,0.0
2024-08-03 10:03:00,1.0,0.0,0.07747587138931866,60.0,60.73793569465933,0.0
2024-08-03 10:04:00,1.0,0.0,0.07746476639103066,60.0,60.732383195515325,0.0
2024-08-03 10:05:00,1.0,0.0,0.07745366298447676,60.0,60.726831492238375,0.0
2024-08-03 10:06:00,1.0,0.0,0.07744256116942881,60.0,60.72128058471441,0.0
2024-08-03 10:07:00,1.0,0.0,0.07743146094565871,60.0,60.71573047282936,0.0
2024-08-03 10:08:00,1.0,0.0,0.07742036231293836,60.0,60.71018115646918,0.0
2024-08-03 10:09:00,1.0,0.0,0.07740926527103971,60.0,60.70463263551986,0.0
2024-08-03 10:10:00,1.0,0.0,0.07739816981973476,60.0,60.69908490986737,0.0
2024-08-03 10:11:00,1.0,0.0,0.07738707595879546,60.0,60.69353797939773,0.0
2024-08-03 10:12:00,1.0,0.0,0.07737598368799392,60.0,60.68799184399696,0.0
2024-08-03 10:13:00,1.0,0.0,0.0773648930071022,60.0,60.6824465035511,0.0
2024-08-03 10:14:00,1.0,0.0,0.07735380391589239,60.0,60.67690195794619,0.0
2024-08-03 10:15:00,1.0,0.0,0.07734271641413665,60.0,60.67135820706832,0.0
2024-08-03 10:16:00,1.0,0.0,0.07733163050160716,60.0,60.665815250803576,0.0
2024-08-03 10:17:00,1.0,0.0,0.0773205461780761,60.0,60.66027308903805,0.0
2024-08-03 10:18:00,1.0,0.0,0.07730946344331575,60.0,60.654731721657875,0.0
2024-08-03 10:19:00,1.0,0.0,0.07729838229709836,60.0,60.64919114854918,0.0
2024-08-03 10:20:00,1.0,0.0,0.07728730273919623,60.0,60.64365136959812,0.0
2024-08-03 10:21:00,1.0,0.0,0.07727622476938173,60.0,60.638112384690864,0.0
2024-08-03 10:22:00,1.0,0.0,0.07726514838742721,60.0,60.6325741937136,0.0
2024-08-03 10:23:00,1.0,0.0,0.07725407359310506,60.0,60.62703679655253,0.0
2024-08-03 10:24:00,1.0,0.0,0.07724300038618774,60.0,60.62150019309387,0.0
2024-08-03 10:25:00,1.0,0.0,0.07723192876644773,60.0,60.61596438322386,0.0
2024-08-03 10:26:00,1.0,1.92556,0.07722085873365751,60.0,60.610429366828754,1.0
2024-08-03 10:27:00,1.0,0.0,0.07693379028758962,60.0,60.46689514379481,0.0
2024-08-03 10:28:00,1.0,0.0,0.07692276298845618,60.0,60.46138149422809,0.0
2024-08-03 10:29:00,1.0,0.0,0.07691173726991986,60.0,60.45586863495993,0.0
2024-08-03 10:30:00,1.0,0.0,0.07690071313175408,60.0,60.45035656587704,0.0
2024-08-03 10:31:00,1.0,0.0,0.07688969057373232,60.0,60.44484528686616,0.0
2024-08-03 10:32:00,1.0,0.0,0.07687866959562811,60.0,60.439334797814055,0.0
2024-08-03 10:33:00,1.0,0.0,0.07686765019721498,60.0,60.433825098607485,0.0
2024-08-03 10:34:00,1.0,0.0,0.0768566323782665,60.0,60.42831618913325,0.0
2024-08-03 10:35:00,1.0,0.0,0.07684561613855628,60.0,60.42280806927814,0.0
2024-08-03 10:36:00,1.0,0.0,0.07683460147785798,60.0,60.41730073892899,0.0
2024-08-03 10:37:00,1.0,0.0,0.07682358839594523,60.0,60.41179419797262,0.0
2024-08-03 10:38:00,1.0,0.0,0.07681257689259179,60.0,60.40628844629589,0.0
2024-08-03 10:39:00,1.0,0.0,0.07680156696757134,60.0,60.40078348378567,0.0
2024-08-03 10:40:00,1.0,0.0,0.07679055862065769,60.0,60.395279310328846,0.0
2024-08-03 10:41:00,1.0,0.0,0.07677955185162463,60.0,60.389775925812316,0.0
2024-08-03 10:42:00,1.0,0.0,0.07676854666024599,60.0,60.384273330122994,0.0
2024-08-03 10:43:00,1.0,0.0,0.07675754304629565,60.0,60.37877152314782,0.0
2024-08-03 10:44:00,1.0,0.0,0.07674654100954749,60.0,60.37327050477374,0.0
2024-08-03 10:45:00,1.0,0.0,0.07673554054977545,60.0,60.367770274887725,0.0
2024-08-03 10:46:00,1.0,0.0,0.0767245416667535,60.0,60.362270833376755,0.0
2024-08-03 10:47:00,1.0,0.0,0.07671354436025565,60.0,60.35677218012783,0.0
2024-08-03 10:48:00,1.0,0.0,0.0767025486300559,60.0,60.35127431502795,0.0
2024-08-03 10:49:00,1.0,0.0,0.07669155447592833,60.0,60.345777237964164,0.0
2024-08-03 10:50:00,1.0,0.0,0.07668056189764702,60.0,60.34028094882351,0.0
2024-08-03 10:51:00,1.0,0.0,0.0766695708949861,60.0,60.334785447493054,0.0
2024-08-03 10:52:00,1.0,0.0,0.07665858146771974,60.0,60.32929073385987,0.0
2024-08-03 10:53:00,1.0,0.0,0.07664759361562212,60.0,60.323796807811064,0.0
2024-08-03 10:54:00,1.0,0.0,0.07663660733846747,60.0,60.318303669233735,0.0
2024-08-03 10:55:00,1.0,0.0,0.07662562263603005,60.0,60.31281131801502,0.0
2024-08-03 10:56:00,1.0,0.0,0.07661463950808413,60.0,60.30731975404206,0.0
2024-08-03 10:57:00,1.0,0.0,0.07660365795440405,60.0,60.30182897720202,0.0
2024-08-03 10:58:00,1.0,0.0,0.07659267797476414,60.0,60.29633898738207,0.0
2024-08-03 10:59:00,1.0,11.553360000000001,0.0765816995689388,60.0,60.2908497844694,6.0
2024-08-03 11:00:00,1.0,11.553360000000001,0.07491472273670247,60.0,59.45736136835123,6.0
2024-08-03 11:01:00,1.0,0.0,0.07324798484046692,60.0,58.623992420233456,0.0
2024-08-03 11:02:00,1.0,0.0,0.07366749062381515,60.0,58.83374531190758,0.0
2024-08-03 11:03:00,1.0,0.0,0.07408693627733301,60.0,59.043468138666505,0.0
2024-08-03 11:04:00,1.0,0.0,0.07450632180963918,60.0,59.25316090481959,0.0
2024-08-03 11:05:00,1.0,0.0,0.07492564722935113,60.0,59.462823614675564,0.0
2024-08-03 11:06:00,1.0,0.0,0.0753449125450851,60.0,59.67245627254255,0.0
2024-08-03 11:07:00,1.0,0.0,0.07576411776545608,60.0,59.88205888272804,0.0
2024-08-03 11:08:00,1.0,0.0,0.07618326289907784,60.0,60.09163144953892,0.0
2024-08-03 11:09:00,1.0,0.0,0.07660234795456293,60.0,60.301173977281465,0.0
2024-08-03 11:10:00,1.0,0.0,0.07702137294052262,60.0,60.51068647026131,0.0
2024-08-03 11:11:00,1.0,0.0,0.07744033786556699,60.0,60.720168932783494,0.0
2024-08-03 11:12:00,1.0,0.0,0.07785924273830484,60.0,60.92962136915242,0.0
2024-08-03 11:13:00,1.0,1.92556,0.0782780875673438,60.0,61.139043783671895,1.0
2024-08-03 11:14:00,1.0,0.0,0.07799086758345933,60.0,60.99543379172966,0.0
2024-08-03 11:15:00,1.0,0.0,0.07797968876822997,60.0,60.98984438411498,0.0
2024-08-03 11:16:00,1.0,0.0,0.07796851155531526,60.0,60.98425577765763,0.0
2024-08-03 11:17:00,1.0,0.0,0.07795733594448555,60.0,60.978667972242775,0.0
2024-08-03 11:18:00,1.0,0.0,0.07794616193551118,60.0,60.97308096775559,0.0
2024-08-03 11:19:00,1.0,0.0,0.07793498952816258,60.0,60.96749476408129,0.0
2024-08-03 11:20:00,1.0,0.0,0.07792381872221014,60.0,60.96190936110507,0.0
2024-08-03 11:21:00,1.0,0.0,0.07791264951742435,60.0,60.95632475871218,0.0
2024-08-03 11:22:00,1.0,0.0,0.07790148191357571,60.0,60.950740956787854,0.0
2024-08-03 11:23:00,1.0,0.0,0.07789031591043473,60.0,60.94515795521736,0.0
2024-08-03 11:24:00,1.0,0.0,0.07787915150777198,60.0,60.93957575388599,0.0
2024-08-03 11:25:00,1.0,0.0,0.07786798870535806,60.0,60.93399435267903,0.0
2024-08-03 11:26:00,1.0,0.0,0.0778568275029636,60.0,60.9284137514818,0.0
2024-08-03 11:27:00,1.0,0.0,0.07784566790035927,60.0,60.92283395017963,0.0
2024-08-03 11:28:00,1.0,0.0,0.07783450989731573,60.0,60.91725494865786,0.0
2024-08-03 11:29:00,1.0,1.92556,0.07782335349360374,60.0,60.91167674680187,1.0
2024-08-03 11:30:00,1.0,1.92556,0.07753619868899404,60.0,60.768099344497024,1.0
2024-08-03 11:31:00,1.0,0.0,0.07724908504369701,60.0,60.624542521848504,0.0
2024-08-03 11:32:00,1.0,0.0,0.07723801255181306,60.0,60.61900627590653,0.0
2024-08-03 11:33:00,1.0,0.0,0.07722694164700392,60.0,60.613470823501956,0.0
2024-08-03 11:34:00,1.0,0.0,0.07721587232904209,60.0,60.60793616452104,0.0
2024-08-03 11:35:00,1.0,0.0,0.07720480459770013,60.0,60.602402298850066,0.0
2024-08-03 11:36:00,1.0,0.0,0.07719373845275063,60.0,60.59686922637531,0.0
2024-08-03 11:37:00,1.0,0.0,0.07718267389396619,60.0,60.59133694698309,0.0
2024-08-03 11:38:00,1.0,0.0,0.07717161092111947,60.0,60.58580546055973,0.0
2024-08-03 11:39:00,1.0,0.0,0.07716054953398314,60.0,60.58027476699157,0.0
2024-08-03 11:40:00,1.0,0.0,0.07714948973232992,60.0,60.57474486616496,0.0
2024-08-03 11:41:00,1.0,0.0,0.07713843151593255,60.0,60.569215757966276,0.0
2024-08-03 11:42:00,1.0,0.0,0.07712737488456381,60.0,60.5636874422819,0.0
2024-08-03 11:43:00,1.0,0.0,0.0771163198379965,60.0,60.55815991899825,0.0
2024-08-03 11:44:00,1.0,0.0,0.07710526637600347,60.0,60.552633188001735,0.0
2024-08-03 11:45:00,1.0,0.0,0.0770942144983576,60.0,60.5471072491788,0.0
2024-08-03 11:46:00,1.0,0.0,0.0770831642048318,60.0,60.5415821024159,0.0
2024-08-03 11:47:00,1.0,0.0,0.077072115495199,60.0,60.5360577475995,0.0
2024-08-03 11:48:00,1.0,0.0,0.07706106836923217,60.0,60.53053418461609,0.0
2024-08-03 11:49:00,1.0,0.0,0.07705002282670434,60.0,60.52501141335217,0.0
2024-08-03 11:50:00,1.0,0.0,0.07703897886738853,60.0,60.51948943369426,0.0
2024-08-03 11:51:00,1.0,0.0,0.07702793649105778,60.0,60.51396824552889,0.0
2024-08-03 11:52:00,1.0,0.0,0.07701689569748525,60.0,60.50844784874263,0.0
2024-08-03 11:53:00,1.0,0.0,0.07700585648644405,60.0,60.50292824322202,0.0
2024-08-03 11:54:00,1.0,0.0,0.07699481885770733,60.0,60.497409428853665,0.0
2024-08-03 11:55:00,3.0,0.0,0.07698378281104831,60.0,60.49189140552416,0.0
2024-08-03 11:56:00,3.0,0.0,0.07697274834624024,60.0,60.48637417312012,0.0
2024-08-03 11:57:00,3.0,0.0,0.07696171546305636,60.0,60.480857731528175,0.0
2024-08-03 11:58:00,3.0,0.0,0.07695068416126996,60.0,60.47534208063498,0.0
2024-08-03 11:59:00,3.0,0.0,0.0769396544406544,60.0,60.4698272203272,0.0
2024-08-03 12:00:00,3.0,0.0,0.07692862630098302,60.0,60.464313150491506,0.0
2024-08-03 12:01:00,3.0,0.0,0.07691759974202922,60.0,60.458799871014605,0.0
2024-08-03 12:02:00,3.0,0.0,0.07690657476356642,60.0,60.45328738178321,0.0
2024-08-03 12:03:00,3.0,0.0,0.0768955513653681,60.0,60.44777568268405,0.0
2024-08-03 12:04:00,3.0,0.0,0.07688452954720776,60.0,60.44226477360388,0.0
2024-08-03 12:05:00,3.0,0.0,0.0768735093088589,60.0,60.43675465442945,0.0
2024-08-03 12:06:00,3.0,0.0,0.07686249065009508,60.0,60.43124532504754,0.0
2024-08-03 12:07:00,3.0,0.0,0.0768514735706899,60.0,60.42573678534495,0.0
2024-08-03 12:08:00,3.0,0.0,0.07684045807041699,60.0,60.42022903520849,0.0
2024-08-03 12:09:00,3.0,0.0,0.07682944414904999,60.0,60.414722074524995,0.0
2024-08-03 12:10:00,3.0,0.0,0.0768184318063626,60.0,60.4092159031813,0.0
2024-08-03 12:11:00,3.0,0.0,0.07680742104212852,60.0,60.40371052106426,0.0
2024-08-03 12:12:00,3.0,0.0,0.07679641185612154,60.0,60.39820592806077,0.0
2024-08-03 12:13:00,3.0,0.0,0.0767854042481154,60.0,60.3927021240577,0.0
2024-08-03 12:14:00,3.0,0.0,0.07677439821788394,60.0,60.38719910894197,0.0
2024-08-03 12:15:00,3.0,0.0,0.07676339376520101,60.0,60.38169688260051,0.0
2024-08-03 12:16:00,1.0,0.0,0.0767523908898405,60.0,60.37619544492025,0.0
2024-08-03 12:17:00,1.0,0.0,0.07674138959157631,60.0,60.370694795788154,0.0
2024-08-03 12:18:00,1.0,0.0,0.0767303898701824,60.0,60.365194935091196,0.0
2024-08-03 12:19:00,1.0,0.0,0.07671939172543273,60.0,60.359695862716364,0.0
2024-08-03 12:20:00,1.0,0.0,0.07670839515710132,60.0,60.35419757855066,0.0
2024-08-03 12:21:00,1.0,0.0,0.07669740016496222,60.0,60.34870008248111,0.0
2024-08-03 12:22:00,1.0,0.0,0.07668640674878952,60.0,60.343203374394754,0.0
2024-08-03 12:23:00,1.0,1.92556,0.07667541490835729,60.0,60.33770745417864,1.0
2024-08-03 12:24:00,1.0,1.92556,0.07638842464343969,60.0,60.194212321719846,1.0
2024-08-03 12:25:00,1.0,11.553360000000001,0.07610147551425048,60.0,60.05073775712524,6.0
2024-08-03 12:26:00,1.0,11.553360000000001,0.07443456751489344,60.0,59.21728375744672,6.0
2024-08-03 12:27:00,1.0,0.0,0.07276789844167106,60.0,58.383949220835525,0.0
2024-08-03 12:28:00,1.0,0.0,0.07318747303816771,60.0,58.593736519083855,0.0
2024-08-03 12:29:00,1.0,0.0,0.07360698749497066,60.0,58.80349374748533,0.0
2024-08-03 12:30:00,1.0,0.0,0.07402644182069999,60.0,59.01322091034999,0.0
2024-08-03 12:31:00,1.0,0.0,0.07444583602397462,60.0,59.2229180119873,0.0
2024-08-03 12:32:00,1.0,0.0,0.07486517011341216,60.0,59.43258505670608,0.0
2024-08-03 12:33:00,1.0,0.0,0.07528444409762906,60.0,59.64222204881453,0.0
2024-08-03 12:34:00,1.0,0.0,0.07570365798524048,60.0,59.85182899262024,0.0
2024-08-03 12:35:00,1.0,0.0,0.07612281178486037,60.0,60.06140589243019,0.0
2024-08-03 12:36:00,1.0,0.0,0.07654190550510144,60.0,60.27095275255072,0.0
2024-08-03 12:37:00,1.0,0.0,0.07696093915457515,60.0,60.48046957728757,0.0
2024-08-03 12:38:00,1.0,0.0,0.07737991274189174,60.0,60.689956370945865,0.0
2024-08-03 12:39:00,1.0,0.0,0.07779882627566022,60.0,60.89941313783011,0.0
2024-08-03 12:40:00,1.0,0.0,0.07821767976448837,60.0,61.10883988224418,0.0
2024-08-03 12:41:00,1.0,0.0,0.07820646843915185,60.0,61.103234219575924,0.0
2024-08-03 12:42:00,1.0,0.0,0.0781952587207898,60.0,61.097629360394905,0.0
2024-08-03 12:43:00,1.0,0.0,0.07818405060917193,60.0,61.09202530458596,0.0
2024-08-03 12:44:00,1.0,0.0,0.07817284410406788,60.0,61.08642205203394,0.0
2024-08-03 12:45:00,1.0,0.0,0.07816163920524742,60.0,61.08081960262371,0.0
2024-08-03 12:46:00,1.0,0.0,0.0781504359124803,60.0,61.07521795624015,0.0
2024-08-03 12:47:00,1.0,0.0,0.07813923422553633,60.0,61.069617112768164,0.0
2024-08-03 12:48:00,1.0,0.0,0.07812803414418533,60.0,61.06401707209266,0.0
2024-08-03 12:49:00,1.0,0.0,0.07811683566819715,60.0,61.05841783409857,0.0
2024-08-03 12:50:00,1.0,0.0,0.07810563879734168,60.0,61.05281939867084,0.0
2024-08-03 12:51:00,1.0,0.0,0.07809444353138889,60.0,61.047221765694445,0.0
2024-08-03 12:52:00,1.0,0.0,0.07808324987010871,60.0,61.04162493505436,0.0
2024-08-03 12:53:00,1.0,0.0,0.07807205781327115,60.0,61.03602890663557,0.0
2024-08-03 12:54:00,1.0,0.0,0.07806086736064621,60.0,61.03043368032311,0.0
2024-08-03 12:55:00,1.0,0.0,0.07804967851200398,60.0,61.02483925600199,0.0
2024-08-03 12:56:00,1.0,0.0,0.07803849126711454,60.0,61.01924563355727,0.0
2024-08-03 12:57:00,1.0,0.0,0.07802730562574801,60.0,61.01365281287401,0.0
2024-08-03 12:58:00,1.0,0.0,0.07801612158767457,60.0,61.00806079383728,0.0
2024-08-03 12:59:00,1.0,0.0,0.07800493915266438,60.0,61.00246957633219,0.0
2024-08-03 13:00:00,1.0,0.0,0.0779937583204877,60.0,60.99687916024385,0.0
2024-08-03 13:01:00,1.0,0.0,0.07798257909091477,60.0,60.991289545457384,0.0
2024-08-03 13:02:00,1.0,0.0,0.07797140146371588,60.0,60.98570073185794,0.0
2024-08-03 13:03:00,1.0,0.0,0.07796022543866135,60.0,60.98011271933068,0.0
2024-08-03 13:04:00,3.0,1.92556,0.07794905101552156,60.0,60.97452550776078,1.0
2024-08-03 13:05:00,3.0,0.0,0.07766187819406688,60.0,60.830939097033436,0.0
2024-08-03 13:06:00,3.0,0.0,0.07765074653450728,60.0,60.82537326725364,0.0
2024-08-03 13:07:00,3.0,0.0,0.07763961647050328,60.0,60.81980823525164,0.0
2024-08-03 13:08:00,3.0,0.0,0.0776284880018262,60.0,60.8142440009131,0.0
2024-08-03 13:09:00,3.0,0.0,0.07761736112824734,60.0,60.80868056412367,0.0
2024-08-03 13:10:00,3.0,0.0,0.07760623584953809,60.0,60.80311792476904,0.0
2024-08-03 13:11:00,3.0,0.0,0.07759511216546983,60.0,60.797556082734914,0.0
2024-08-03 13:12:00,3.0,0.0,0.077583990075814,60.0,60.791995037907,0.0
2024-08-03 13:13:00,3.0,0.0,0.07757286958034207,60.0,60.786434790171036,0.0
2024-08-03 13:14:00,3.0,0.0,0.07756175067882554,60.0,60.780875339412766,0.0
2024-08-03 13:15:00,3.0,0.0,0.07755063337103593,60.0,60.775316685517964,0.0
2024-08-03 13:16:00,3.0,0.0,0.07753951765674481,60.0,60.7697588283724,0.0
2024-08-03 13:17:00,3.0,0.0,0.07752840353572377,60.0,60.764201767861884,0.0
2024-08-03 13:18:00,3.0,0.0,0.07751729100774445,60.0,60.75864550387222,0.0
2024-08-03 13:19:00,3.0,0.0,0.0775061800725785,60.0,60.75309003628925,0.0
2024-08-03 13:20:00,3.0,0.0,0.07749507072999762,60.0,60.74753536499881,0.0
2024-08-03 13:21:00,3.0,0.0,0.07748396297977354,60.0,60.74198148988677,0.0
2024-08-03 13:22:00,3.0,0.0,0.07747285682167801,60.0,60.736428410839004,0.0
2024-08-03 13:23:00,3.0,0.0,0.07746175225548284,60.0,60.73087612774142,0.0
2024-08-03 13:24:00,3.0,0.0,0.07745064928095984,60.0,60.72532464047992,0.0
2024-08-03 13:25:00,3.0,0.0,0.07743954789788088,60.0,60.719773948940436,0.0
2024-08-03 13:26:00,3.0,0.0,0.07742844810601783,60.0,60.71422405300891,0.0
2024-08-03 13:27:00,3.0,0.0,0.07741734990514261,60.0,60.70867495257131,0.0
2024-08-03 13:28:00,3.0,0.0,0.07740625329502722,60.0,60.703126647513606,0.0
2024-08-03 13:29:00,3.0,0.0,0.07739515827544359,60.0,60.697579137721796,0.0
2024-08-03 13:30:00,3.0,0.0,0.07738406484616378,60.0,60.69203242308189,0.0
2024-08-03 13:31:00,1.0,0.0,0.07737297300695985,60.0,60.68648650347992,0.0
2024-08-03 13:32:00,1.0,0.0,0.07736188275760385,60.0,60.680941378801926,0.0
2024-08-03 13:33:00,1.0,0.0,0.07735079409786794,60.0,60.67539704893397,0.0
2024-08-03 13:34:00,1.0,0.0,0.07733970702752424,60.0,60.66985351376212,0.0
2024-08-03 13:35:00,1.0,0.0,0.07732862154634496,60.0,60.664310773172474,0.0
2024-08-03 13:36:00,1.0,0.0,0.07731753765410228,60.0,60.65876882705114,0.0
2024-08-03 13:37:00,1.0,0.0,0.07730645535056849,60.0,60.65322767528424,0.0
2024-08-03 13:38:00,1.0,1.92556,0.07729537463551585,60.0,60.64768731775792,1.0
2024-08-03 13:39:00,1.0,1.92556,0.07700829550871667,60.0,60.504147754358335,1.0
2024-08-03 13:40:00,1.0,0.0,0.07672125753038289,60.0,60.36062876519144,0.0
2024-08-03 13:41:00,1.0,0.0,0.07671026069461646,60.0,60.35513034730823,0.0
2024-08-03 13:42:00,1.0,0.0,0.0766992654350807,60.0,60.349632717540345,0.0
2024-08-03 13:43:00,1.0,0.0,0.07668827175154962,60.0,60.34413587577481,0.0
2024-08-03 13:44:00,1.0,0.0,0.07667727964379736,60.0,60.33863982189868,0.0
2024-08-03 13:45:00,1.0,1.92556,0.07666628911159806,60.0,60.33314455579903,1.0
2024-08-03 13:46:00,1.0,1.92556,0.07637930015472588,60.0,60.18965007736294,1.0
2024-08-03 13:47:00,1.0,0.0,0.07609235233339458,60.0,60.046176166697286,0.0
2024-08-03 13:48:00,1.0,0.0,0.07608144564170799,60.0,60.04072282085399,0.0
2024-08-03 13:49:00,1.0,0.0,0.07607054051333126,60.0,60.035270256665626,0.0
2024-08-03 13:50:00,1.0,0.0,0.07605963694804029,60.0,60.02981847402014,0.0
2024-08-03 13:51:00,1.0,0.0,0.07604873494561103,60.0,60.024367472805515,0.0
2024-08-03 13:52:00,1.0,0.0,0.0760378345058195,60.0,60.018917252909745,0.0
2024-08-03 13:53:00,1.0,0.0,0.07602693562844169,60.0,60.013467814220846,0.0
2024-08-03 13:54:00,1.0,0.0,0.07601603831325368,60.0,60.00801915662684,0.0
2024-08-03 13:55:00,1.0,0.0,0.07600514256003152,60.0,60.00257128001576,0.0
2024-08-03 13:56:00,1.0,0.0,0.07599424836855134,60.0,59.99712418427567,0.0
2024-08-03 13:57:00,1.0,0.0,0.0759833557385893,60.0,59.99167786929465,0.0
2024-08-03 13:58:00,1.0,0.0,0.07597246466992157,60.0,59.98623233496078,0.0
2024-08-03 13:59:00,1.0,0.0,0.07596157516232435,60.0,59.980787581162176,0.0
2024-08-03 14:00:00,1.0,0.0,0.0759506872155739,60.0,59.97534360778695,0.0
2024-08-03 14:01:00,1.0,0.0,0.07593980082944649,60.0,59.96990041472324,0.0
2024-08-03 14:02:00,1.0,0.0,0.07592891600371843,60.0,59.964458001859214,0.0
2024-08-03 14:03:00,1.0,0.0,0.07591803273816607,60.0,59.95901636908303,0.0
2024-08-03 14:04:00,1.0,0.0,0.07590715103256575,60.0,59.953575516282875,0.0
2024-08-03 14:05:00,1.0,0.0,0.07589627088669391,60.0,59.948135443346956,0.0
2024-08-03 14:06:00,1.0,0.0,0.07588539230032697,60.0,59.942696150163485,0.0
2024-08-03 14:07:00,1.0,0.0,0.0758745152732414,60.0,59.9372576366207,0.0
2024-08-03 14:08:00,1.0,0.0,0.07586363980521371,60.0,59.931819902606854,0.0
2024-08-03 14:09:00,1.0,0.0,0.07585276589602041,60.0,59.92638294801021,0.0
2024-08-03 14:10:00,1.0,0.0,0.07584189354543809,60.0,59.92094677271904,0.0
2024-08-03 14:11:00,1.0,0.0,0.07583102275324331,60.0,59.91551137662166,0.0
2024-08-03 14:12:00,1.0,0.0,0.07582015351921276,60.0,59.910076759606376,0.0
2024-08-03 14:13:00,1.0,0.0,0.07580928584312303,60.0,59.90464292156152,0.0
2024-08-03 14:14:00,1.0,0.0,0.07579841972475088,60.0,59.899209862375436,0.0
2024-08-03 14:15:00,1.0,0.0,0.07578755516387298,60.0,59.89377758193649,0.0
2024-08-03 14:16:00,1.0,0.0,0.07577669216026613,60.0,59.88834608013306,0.0
2024-08-03 14:17:00,1.0,0.0,0.07576583071370707,60.0,59.88291535685354,0.0
2024-08-03 14:18:00,1.0,0.0,0.07575497082397267,60.0,59.877485411986335,0.0
2024-08-03 14:19:00,1.0,0.0,0.07574411249083976,60.0,59.87205624541988,0.0
2024-08-03 14:20:00,1.0,0.0,0.07573325571408522,60.0,59.86662785704261,0.0
2024-08-03 14:21:00,1.0,0.0,0.07572240049348597,60.0,59.86120024674298,0.0
2024-08-03 14:22:00,1.0,0.0,0.07571154682881895,60.0,59.85577341440948,0.0
2024-08-03 14:23:00,1.0,0.0,0.07570069471986117,60.0,59.85034735993058,0.0
2024-08-03 14:24:00,1.0,1.92556,0.0756898441663896,60.0,59.8449220831948,1.0
2024-08-03 14:25:00,1.0,0.0,0.07540299516818133,60.0,59.70149758409067,0.0
2024-08-03 14:26:00,1.0,0.0,0.07539218728545298,60.0,59.69609364272649,0.0
2024-08-03 14:27:00,1.0,0.0,0.07538138095187169,60.0,59.690690475935845,0.0
2024-08-03 14:28:00,1.0,0.0,0.07537057616721543,60.0,59.685288083607716,0.0
2024-08-03 14:29:00,1.0,0.0,0.07535977293126217,60.0,59.679886465631085,0.0
2024-08-03 14:30:00,1.0,0.0,0.07534897124378995,60.0,59.67448562189497,0.0
2024-08-03 14:31:00,1.0,0.0,0.07533817110457679,60.0,59.669085552288394,0.0
2024-08-03 14:32:00,1.0,0.0,0.07532737251340078,60.0,59.663686256700394,0.0
2024-08-03 14:33:00,1.0,0.0,0.07531657547004005,60.0,59.658287735020025,0.0
2024-08-03 14:34:00,1.0,0.0,0.07530577997427272,60.0,59.65288998713636,0.0
2024-08-03 14:35:00,1.0,0.0,0.07529498602587698,60.0,59.64749301293849,0.0
2024-08-03 14:36:00,1.0,0.0,0.07528419362463103,60.0,59.642096812315515,0.0
2024-08-03 14:37:00,1.0,0.0,0.07527340277031311,60.0,59.636701385156556,0.0
2024-08-03 14:38:00,1.0,0.0,0.07526261346270151,60.0,59.631306731350755,0.0
2024-08-03 14:39:00,1.0,0.0,0.0752518257015745,60.0,59.62591285078725,0.0
2024-08-03 14:40:00,1.0,0.0,0.07524103948671045,60.0,59.620519743355224,0.0
2024-08-03 14:41:00,1.0,0.0,0.0752302548178877,60.0,59.61512740894385,0.0
2024-08-03 14:42:00,1.0,1.92556,0.07521947169488466,60.0,59.60973584744233,1.0
2024-08-03 14:43:00,1.0,0.0,0.07493269011747976,60.0,59.466345058739876,0.0
2024-08-03 14:44:00,1.0,0.0,0.07492194964589101,60.0,59.4609748229455,0.0
2024-08-03 14:45:00,1.0,0.0,0.07491121071378695,60.0,59.45560535689348,0.0
2024-08-03 14:46:00,1.0,0.0,0.07490047332094694,60.0,59.45023666047347,0.0
2024-08-03 14:47:00,1.0,0.0,0.07488973746715034,60.0,59.44486873357517,0.0
2024-08-03 14:48:00,1.0,0.0,0.07487900315217655,60.0,59.439501576088276,0.0
2024-08-03 14:49:00,1.0,0.0,0.074868270375805,60.0,59.4341351879025,0.0
2024-08-03 14:50:00,1.0,0.0,0.07485753913781515,60.0,59.428769568907576,0.0
2024-08-03 14:51:00,1.0,0.0,0.07484680943798651,60.0,59.423404718993254,0.0
2024-08-03 14:52:00,1.0,0.0,0.0748360812760986,60.0,59.4180406380493,0.0
2024-08-03 14:53:00,1.0,0.0,0.07482535465193098,60.0,59.41267732596549,0.0
2024-08-03 14:54:00,1.0,0.0,0.07481462956526325,60.0,59.40731478263162,0.0
2024-08-03 14:55:00,1.0,0.0,0.07480390601587501,60.0,59.40195300793751,0.0
2024-08-03 14:56:00,1.0,0.0,0.07479318400354594,60.0,59.396592001772966,0.0
2024-08-03 14:57:00,1.0,0.0,0.0747824635280557,60.0,59.39123176402785,0.0
2024-08-03 14:58:00,1.0,0.0,0.07477174458918402,60.0,59.38587229459201,0.0
2024-08-03 14:59:00,1.0,0.0,0.07476102718671067,60.0,59.38051359335533,0.0
2024-08-03 15:00:00,1.0,0.0,0.07475031132041539,60.0,59.375155660207696,0.0
2024-08-03 15:01:00,1.0,0.0,0.07473959699007801,60.0,59.36979849503901,0.0
2024-08-03 15:02:00,1.0,0.0,0.07472888419547839,60.0,59.36444209773919,0.0
2024-08-03 15:03:00,1.0,0.0,0.07471817293639638,60.0,59.359086468198186,0.0
2024-08-03 15:04:00,1.0,0.0,0.07470746321261189,60.0,59.35373160630594,0.0
2024-08-03 15:05:00,1.0,0.0,0.07469675502390487,60.0,59.348377511952435,0.0
2024-08-03 15:06:00,1.0,0.0,0.0746860483700553,60.0,59.343024185027645,0.0
2024-08-03 15:07:00,1.0,0.0,0.07467534325084314,60.0,59.33767162542157,0.0
2024-08-03 15:08:00,1.0,0.0,0.07466463966604847,60.0,59.332319833024236,0.0
2024-08-03 15:09:00,1.0,0.0,0.07465393761545133,60.0,59.32696880772566,0.0
2024-08-03 15:10:00,1.0,0.0,0.07464323709883182,60.0,59.32161854941591,0.0
2024-08-03 15:11:00,1.0,0.0,0.07463253811597007,60.0,59.31626905798503,0.0
2024-08-03 15:12:00,1.0,0.0,0.07462184066664622,60.0,59.31092033332311,0.0
2024-08-03 15:13:00,1.0,0.0,0.0746111447506405,60.0,59.305572375320246,0.0
2024-08-03 15:14:00,1.0,0.0,0.07460045036773309,60.0,59.300225183866544,0.0
2024-08-03 15:15:00,1.0,0.0,0.07458975751770427,60.0,59.294878758852136,0.0
2024-08-03 15:16:00,1.0,0.0,0.07457906620033433,60.0,59.28953310016716,0.0
2024-08-03 15:17:00,1.0,0.0,0.07456837641540355,60.0,59.284188207701774,0.0
2024-08-03 15:18:00,1.0,0.0,0.07455768816269231,60.0,59.27884408134616,0.0
2024-08-03 15:19:00,1.0,0.0,0.07454700144198098,60.0,59.27350072099049,0.0
2024-08-03 15:20:00,1.0,0.0,0.07453631625304998,60.0,59.26815812652499,0.0
2024-08-03 15:21:00,1.0,0.0,0.07452563259567974,60.0,59.26281629783987,0.0
2024-08-03 15:22:00,1.0,0.0,0.07451495046965075,60.0,59.25747523482537,0.0
2024-08-03 15:23:00,1.0,0.0,0.07450426987474348,60.0,59.25213493737174,0.0
2024-08-03 15:24:00,1.0,0.0,0.07449359081073852,60.0,59.246795405369255,0.0
2024-08-03 15:25:00,1.0,0.0,0.07448291327741638,60.0,59.241456638708186,0.0
2024-08-03 15:26:00,1.0,11.553360000000001,0.07447223727455769,60.0,59.23611863727884,6.0
2024-08-03 15:27:00,1.0,0.0,0.07280556280194309,60.0,58.40278140097154,0.0
2024-08-03 15:28:00,1.0,0.0,0.07322513199982145,60.0,58.61256599991072,0.0
2024-08-03 15:29:00,1.0,0.0,0.0736446410587799,60.0,58.82232052938995,0.0
2024-08-03 15:30:00,1.0,1.92556,0.07406408998743845,60.0,59.032044993719225,1.0
2024-08-03 15:31:00,1.0,0.0,0.07420747879441587,60.0,59.10373939720794,0.0
2024-08-03 15:32:00,1.0,0.0,0.07462684704876928,60.0,59.31342352438464,0.0
2024-08-03 15:33:00,1.0,0.0,0.075046155193005,60.0,59.5230775965025,0.0
2024-08-03 15:34:00,1.0,0.0,0.07546540323573893,60.0,59.732701617869466,0.0
2024-08-03 15:35:00,1.0,0.0,0.07588459118558569,60.0,59.942295592792846,0.0
2024-08-03 15:36:00,1.0,0.0,0.07630371905115871,60.0,60.151859525579354,0.0
2024-08-03 15:37:00,1.0,0.0,0.07672278684107015,60.0,60.36139342053507,0.0
2024-08-03 15:38:00,1.0,0.0,0.07714179456393096,60.0,60.57089728196548,0.0
2024-08-03 15:39:00,1.0,0.0,0.07756074222835085,60.0,60.78037111417542,0.0
2024-08-03 15:40:00,1.0,0.0,0.07797962984293828,60.0,60.98981492146914,0.0
2024-08-03 15:41:00,1.0,0.0,0.0783984574163005,60.0,61.19922870815025,0.0
2024-08-03 15:42:00,1.0,0.0,0.07838722017921265,60.0,61.193610089606324,0.0
2024-08-03 15:43:00,1.0,0.0,0.07837598455281333,60.0,61.18799227640667,0.0
2024-08-03 15:44:00,1.0,0.0,0.0783647505368717,60.0,61.18237526843585,0.0
2024-08-03 15:45:00,1.0,0.0,0.0783535181311569,60.0,61.17675906557845,0.0
2024-08-03 15:46:00,1.0,0.0,0.07834228733543816,60.0,61.17114366771908,0.0
2024-08-03 15:47:00,1.0,0.0,0.07833105814948468,60.0,61.16552907474234,0.0
2024-08-03 15:48:00,1.0,0.0,0.07831983057306573,60.0,61.159915286532865,0.0
2024-08-03 15:49:00,1.0,0.0,0.07830860460595063,60.0,61.15430230297531,0.0
2024-08-03 15:50:00,1.0,0.0,0.07829738024790868,60.0,61.14869012395434,0.0
2024-08-03 15:51:00,1.0,0.0,0.07828615749870926,60.0,61.14307874935463,0.0
2024-08-03 15:52:00,1.0,0.0,0.07827493635812177,60.0,61.13746817906088,0.0
2024-08-03 15:53:00,1.0,0.0,0.07826371682591564,60.0,61.13185841295782,0.0
2024-08-03 15:54:00,1.0,0.0,0.07825249890186033,60.0,61.12624945093016,0.0
2024-08-03 15:55:00,1.0,0.0,0.07824128258572531,60.0,61.12064129286266,0.0
2024-08-03 15:56:00,1.0,0.0,0.07823006787728017,60.0,61.11503393864008,0.0
2024-08-03 15:57:00,1.0,0.0,0.07821885477629441,60.0,61.1094273881472,0.0
2024-08-03 15:58:00,1.0,0.0,0.07820764328253765,60.0,61.10382164126882,0.0
2024-08-03 15:59:00,1.0,0.0,0.07819643339577953,60.0,61.09821669788976,0.0
2024-08-03 16:00:00,1.0,0.0,0.07818522511578968,60.0,61.09261255789484,0.0
2024-08-03 16:01:00,1.0,0.0,0.07817401844233783,60.0,61.08700922116891,0.0
2024-08-03 16:02:00,1.0,0.0,0.07816281337519368,60.0,61.08140668759684,0.0
2024-08-03 16:03:00,1.0,0.0,0.078151609914127,60.0,61.0758049570635,0.0
2024-08-03 16:04:00,1.0,0.0,0.07814040805890758,60.0,61.07020402945379,0.0
2024-08-03 16:05:00,1.0,0.0,0.07812920780930525,60.0,61.06460390465263,0.0
2024-08-03 16:06:00,1.0,0.0,0.07811800916508987,60.0,61.05900458254494,0.0
2024-08-03 16:07:00,1.0,0.0,0.07810681212603134,60.0,61.053406063015665,0.0
2024-08-03 16:08:00,1.0,0.0,0.07809561669189956,60.0,61.047808345949775,0.0
2024-08-03 16:09:00,1.0,0.0,0.07808442286246449,60.0,61.042211431232246,0.0
2024-08-03 16:10:00,1.0,1.92556,0.07807323063749616,60.0,61.036615318748076,1.0
2024-08-03 16:11:00,1.0,1.92556,0.07778604001676455,60.0,60.89302000838227,1.0
2024-08-03 16:12:00,1.0,0.0,0.0774988905604793,60.0,60.74944528023965,0.0
2024-08-03 16:13:00,1.0,0.0,0.0774877822627401,60.0,60.74389113137005,0.0
2024-08-03 16:14:00,1.0,0.0,0.07747667555720793,60.0,60.73833777860396,0.0
2024-08-03 16:15:00,1.0,0.0,0.07746557044365457,60.0,60.732785221827285,0.0
2024-08-03 16:16:00,1.0,0.0,0.07745446692185184,60.0,60.72723346092592,0.0
2024-08-03 16:17:00,1.0,0.0,0.0774433649915716,60.0,60.7216824957858,0.0
2024-08-03 16:18:00,1.0,0.0,0.07743226465258571,60.0,60.71613232629285,0.0
2024-08-03 16:19:00,1.0,0.0,0.07742116590466608,60.0,60.71058295233304,0.0
2024-08-03 16:20:00,1.0,0.0,0.07741006874758467,60.0,60.70503437379234,0.0
2024-08-03 16:21:00,1.0,0.0,0.07739897318111345,60.0,60.699486590556724,0.0
2024-08-03 16:22:00,1.0,0.0,0.07738787920502442,60.0,60.69393960251221,0.0
2024-08-03 16:23:00,1.0,0.0,0.07737678681908963,60.0,60.688393409544815,0.0
2024-08-03 16:24:00,1.0,0.0,0.07736569602308116,60.0,60.68284801154058,0.0
2024-08-03 16:25:00,1.0,0.0,0.07735460681677112,60.0,60.677303408385555,0.0
2024-08-03 16:26:00,1.0,0.0,0.07734351919993164,60.0,60.67175959996582,0.0
2024-08-03 16:27:00,1.0,0.0,0.07733243317233489,60.0,60.666216586167444,0.0
2024-08-03 16:28:00,1.0,0.0,0.0773213487337531,60.0,60.66067436687655,0.0
2024-08-03 16:29:00,1.0,0.0,0.07731026588395848,60.0,60.65513294197924,0.0
2024-08-03 16:30:00,1.0,0.0,0.07729918462272332,60.0,60.64959231136166,0.0
2024-08-03 16:31:00,1.0,0.0,0.07728810494981991,60.0,60.644052474909955,0.0
2024-08-03 16:32:00,1.0,0.0,0.07727702686502061,60.0,60.6385134325103,0.0
2024-08-03 16:33:00,1.0,0.0,0.07726595036809776,60.0,60.63297518404888,0.0
2024-08-03 16:34:00,1.0,0.0,0.07725487545882379,60.0,60.627437729411895,0.0
2024-08-03 16:35:00,1.0,0.0,0.07724380213697112,60.0,60.621901068485556,0.0
2024-08-03 16:36:00,1.0,0.0,0.0772327304023122,60.0,60.6163652011561,0.0
2024-08-03 16:37:00,1.0,0.0,0.07722166025461957,60.0,60.61083012730978,0.0
2024-08-03 16:38:00,1.0,0.0,0.07721059169366572,60.0,60.60529584683286,0.0
2024-08-03 16:39:00,1.0,0.0,0.07719952471922326,60.0,60.599762359611624,0.0
2024-08-03 16:40:00,1.0,0.0,0.07718845933106473,60.0,60.59422966553237,0.0
2024-08-03 16:41:00,1.0,0.0,0.07717739552896281,60.0,60.58869776448141,0.0
2024-08-03 16:42:00,1.0,0.0,0.07716633331269016,60.0,60.58316665634508,0.0
2024-08-03 16:43:00,1.0,0.0,0.07715527268201945,60.0,60.57763634100972,0.0
2024-08-03 16:44:00,1.0,0.0,0.07714421363672341,60.0,60.5721068183617,0.0
2024-08-03 16:45:00,1.0,0.0,0.07713315617657482,60.0,60.56657808828741,0.0
2024-08-03 16:46:00,1.0,0.0,0.07712210030134645,60.0,60.561050150673225,0.0
2024-08-03 16:47:00,1.0,0.0,0.07711104601081113,60.0,60.55552300540557,0.0
2024-08-03 16:48:00,1.0,0.0,0.07709999330474175,60.0,60.54999665237087,0.0
2024-08-03 16:49:00,1.0,0.0,0.07708894218291115,60.0,60.54447109145558,0.0
2024-08-03 16:50:00,1.0,0.0,0.0770778926450923,60.0,60.538946322546145,0.0
2024-08-03 16:51:00,1.0,0.0,0.07706684469105812,60.0,60.53342234552906,0.0
2024-08-03 16:52:00,1.0,0.0,0.07705579832058161,60.0,60.52789916029081,0.0
2024-08-03 16:53:00,1.0,0.0,0.07704475353343582,60.0,60.522376766717905,0.0
2024-08-03 16:54:00,1.0,0.0,0.07703371032939375,60.0,60.51685516469688,0.0
2024-08-03 16:55:00,1.0,0.0,0.07702266870822853,60.0,60.51133435411427,0.0
2024-08-03 16:56:00,1.0,0.0,0.07701162866971326,60.0,60.50581433485663,0.0
2024-08-03 16:57:00,1.0,0.0,0.0770005902136211,60.0,60.50029510681055,0.0
2024-08-03 16:58:00,1.0,0.0,0.07698955333972521,60.0,60.4947766698626,0.0
2024-08-03 16:59:00,1.0,0.0,0.07697851804779883,60.0,60.489259023899415,0.0
2024-08-03 17:00:00,1.0,0.0,0.0769674843376152,60.0,60.4837421688076,0.0
2024-08-03 17:01:00,1.0,0.0,0.07695645220894762,60.0,60.478226104473805,0.0
2024-08-03 17:02:00,1.0,0.0,0.07694542166156935,60.0,60.47271083078468,0.0
2024-08-03 17:03:00,1.0,0.0,0.07693439269525379,60.0,60.467196347626896,0.0
2024-08-03 17:04:00,1.0,0.0,0.0769233653097743,60.0,60.46168265488715,0.0
2024-08-03 17:05:00,1.0,0.0,0.07691233950490428,60.0,60.45616975245214,0.0
2024-08-03 17:06:00,1.0,0.0,0.0769013152804172,60.0,60.4506576402086,0.0
2024-08-03 17:07:00,1.0,0.0,0.07689029263608652,60.0,60.44514631804326,0.0
2024-08-03 17:08:00,1.0,0.0,0.07687927157168574,60.0,60.43963578584287,0.0
2024-08-03 17:09:00,1.0,0.0,0.0768682520869884,60.0,60.4341260434942,0.0
2024-08-03 17:10:00,1.0,0.0,0.07685723418176811,60.0,60.42861709088405,0.0
2024-08-03 17:11:00,1.0,0.0,0.07684621785579843,60.0,60.423108927899214,0.0
2024-08-03 17:12:00,1.0,0.0,0.07683520310885303,60.0,60.41760155442651,0.0
2024-08-03 17:13:00,1.0,0.0,0.07682418994070556,60.0,60.412094970352776,0.0
2024-08-03 17:14:00,1.0,0.0,0.07681317835112972,60.0,60.40658917556486,0.0
2024-08-03 17:15:00,1.0,0.0,0.07680216833989927,60.0,60.401084169949634,0.0
2024-08-03 17:16:00,1.0,0.0,0.07679115990678796,60.0,60.39557995339398,0.0
2024-08-03 17:17:00,1.0,0.0,0.07678015305156959,60.0,60.39007652578479,0.0
2024-08-03 17:18:00,1.0,0.0,0.076769147774018,60.0,60.384573887009,0.0
2024-08-03 17:19:00,1.0,0.0,0.07675814407390705,60.0,60.379072036953524,0.0
2024-08-03 17:20:00,1.0,0.0,0.07674714195101065,60.0,60.373570975505324,0.0
2024-08-03 17:21:00,1.0,0.0,0.07673614140510271,60.0,60.36807070255136,0.0
2024-08-03 17:22:00,1.0,0.0,0.07672514243595721,60.0,60.362571217978605,0.0
2024-08-03 17:23:00,1.0,0.0,0.07671414504334814,60.0,60.35707252167407,0.0
2024-08-03 17:24:00,1.0,0.0,0.07670314922704953,60.0,60.35157461352476,0.0
2024-08-03 17:25:00,1.0,0.0,0.07669215498683542,60.0,60.34607749341771,0.0
2024-08-03 17:26:00,1.0,0.0,0.07668116232247993,60.0,60.34058116123996,0.0
2024-08-03 17:27:00,1.0,0.0,0.07667017123375716,60.0,60.33508561687858,0.0
2024-08-03 17:28:00,1.0,0.0,0.07665918172044128,60.0,60.32959086022064,0.0
2024-08-03 17:29:00,1.0,0.0,0.07664819378230647,60.0,60.32409689115324,0.0
2024-08-03 17:30:00,1.0,0.0,0.07663720741912698,60.0,60.31860370956349,0.0
2024-08-03 17:31:00,1.0,0.0,0.07662622263067703,60.0,60.31311131533852,0.0
2024-08-03 17:32:00,1.0,0.0,0.07661523941673093,60.0,60.307619708365465,0.0
2024-08-03 17:33:00,1.0,0.0,0.07660425777706298,60.0,60.30212888853149,0.0
2024-08-03 17:34:00,1.0,0.0,0.07659327771144754,60.0,60.29663885572377,0.0
2024-08-03 17:35:00,1.0,0.0,0.07658229921965899,60.0,60.291149609829496,0.0
2024-08-03 17:36:00,1.0,0.0,0.07657132230147175,60.0,60.285661150735876,0.0
2024-08-03 17:37:00,1.0,0.0,0.07656034695666027,60.0,60.280173478330134,0.0
2024-08-03 17:38:00,1.0,0.0,0.07654937318499902,60.0,60.274686592499506,0.0
2024-08-03 17:39:00,1.0,0.0,0.07653840098626252,60.0,60.26920049313126,0.0
2024-08-03 17:40:00,1.0,0.0,0.07652743036022532,60.0,60.263715180112655,0.0
2024-08-03 17:41:00,1.0,0.0,0.07651646130666197,60.0,60.25823065333098,0.0
2024-08-03 17:42:00,1.0,0.0,0.0765054938253471,60.0,60.25274691267355,0.0
2024-08-03 17:43:00,1.0,0.0,0.07649452791605536,60.0,60.24726395802768,0.0
2024-08-03 17:44:00,1.0,0.0,0.07648356357856141,60.0,60.24178178928071,0.0
2024-08-03 17:45:00,1.0,0.0,0.07647260081263998,60.0,60.23630040631999,0.0
2024-08-03 17:46:00,1.0,0.0,0.07646163961806579,60.0,60.230819809032894,0.0
2024-08-03 17:47:00,1.0,0.0,0.07645067999461361,60.0,60.225339997306804,0.0
2024-08-03 17:48:00,1.0,0.0,0.07643972194205824,60.0,60.21986097102912,0.0
2024-08-03 17:49:00,1.0,0.0,0.07642876546017453,60.0,60.214382730087266,0.0
2024-08-03 17:50:00,1.0,0.0,0.07641781054873734,60.0,60.20890527436867,0.0
2024-08-03 17:51:00,1.0,0.0,0.07640685720752155,60.0,60.20342860376078,0.0
2024-08-03 17:52:00,1.0,0.0,0.07639590543630213,60.0,60.197952718151065,0.0
2024-08-03 17:53:00,1.0,0.0,0.07638495523485402,60.0,60.19247761742701,0.0
2024-08-03 17:54:00,1.0,0.0,0.07637400660295222,60.0,60.18700330147611,0.0
2024-08-03 17:55:00,1.0,0.0,0.07636305954037177,60.0,60.18152977018588,0.0
2024-08-03 17:56:00,1.0,0.0,0.07635211404688773,60.0,60.17605702344386,0.0
2024-08-03 17:57:00,1.0,0.0,0.07634117012227518,60.0,60.17058506113759,0.0
2024-08-03 17:58:00,1.0,0.0,0.07633022776630925,60.0,60.165113883154625,0.0
2024-08-03 17:59:00,1.0,0.0,0.07631928697876511,60.0,60.15964348938255,0.0
2024-08-03 18:00:00,1.0,0.0,0.07630834775941794,60.0,60.15417387970897,0.0
2024-08-03 18:01:00,1.0,0.0,0.07629741010804297,60.0,60.148705054021484,0.0
2024-08-03 18:02:00,1.0,0.0,0.07628647402441545,60.0,60.14323701220772,0.0
2024-08-03 18:03:00,1.0,0.0,0.07627553950831066,60.0,60.13776975415533,0.0
2024-08-03 18:04:00,1.0,0.0,0.07626460655950391,60.0,60.13230327975196,0.0
2024-08-03 18:05:00,1.0,0.0,0.0762536751777706,60.0,60.126837588885294,0.0
2024-08-03 18:06:00,1.0,0.0,0.07624274536288606,60.0,60.12137268144303,0.0
2024-08-03 18:07:00,1.0,0.0,0.07623181711462573,60.0,60.11590855731286,0.0
2024-08-03 18:08:00,1.0,0.0,0.07622089043276506,60.0,60.11044521638253,0.0
2024-08-03 18:09:00,1.0,0.0,0.07620996531707952,60.0,60.10498265853976,0.0
2024-08-03 18:10:00,1.0,0.0,0.07619904176734464,60.0,60.09952088367232,0.0
2024-08-03 18:11:00,1.0,0.0,0.07618811978333594,60.0,60.09405989166797,0.0
2024-08-03 18:12:00,1.0,0.0,0.07617719936482902,60.0,60.088599682414504,0.0
2024-08-03 18:13:00,1.0,0.0,0.07616628051159946,60.0,60.08314025579973,0.0
2024-08-03 18:14:00,1.0,0.0,0.07615536322342292,60.0,60.07768161171146,0.0
2024-08-03 18:15:00,1.0,0.0,0.0761444475000751,60.0,60.072223750037544,0.0
2024-08-03 18:16:00,1.0,0.0,0.07613353334133165,60.0,60.06676667066582,0.0
2024-08-03 18:17:00,1.0,0.0,0.07612262074696834,60.0,60.06131037348417,0.0
2024-08-03 18:18:00,1.0,0.0,0.07611170971676094,60.0,60.05585485838047,0.0
2024-08-03 18:19:00,1.0,0.0,0.07610080025048525,60.0,60.050400125242625,0.0
2024-08-03 18:20:00,1.0,0.0,0.0760898923479171,60.0,60.04494617395855,0.0
2024-08-03 18:21:00,1.0,0.0,0.07607898600883237,60.0,60.03949300441618,0.0
2024-08-03 18:22:00,1.0,0.0,0.07606808123300693,60.0,60.03404061650346,0.0
2024-08-03 18:23:00,1.0,0.0,0.0760571780202167,60.0,60.028589010108355,0.0
2024-08-03 18:24:00,1.0,0.0,0.07604627637023771,60.0,60.02313818511885,0.0
2024-08-03 18:25:00,1.0,0.0,0.07603537628284589,60.0,60.017688141422944,0.0
2024-08-03 18:26:00,1.0,0.0,0.0760244777578173,60.0,60.01223887890865,0.0
2024-08-03 18:27:00,1.0,0.0,0.07601358079492798,60.0,60.00679039746399,0.0
2024-08-03 18:28:00,1.0,0.0,0.07600268539395402,60.0,60.00134269697701,0.0
2024-08-03 18:29:00,1.0,0.0,0.07599179155467156,60.0,59.99589577733578,0.0
2024-08-03 18:30:00,1.0,0.0,0.07598089927685675,60.0,59.99044963842837,0.0
2024-08-03 18:31:00,1.0,0.0,0.07597000856028577,60.0,59.98500428014288,0.0
2024-08-03 18:32:00,1.0,0.0,0.07595911940473483,60.0,59.97955970236742,0.0
2024-08-03 18:33:00,1.0,0.0,0.07594823180998021,60.0,59.97411590499011,0.0
2024-08-03 18:34:00,1.0,0.0,0.07593734577579818,60.0,59.96867288789909,0.0
2024-08-03 18:35:00,1.0,0.0,0.07592646130196505,60.0,59.963230650982524,0.0
2024-08-03 18:36:00,1.0,0.0,0.07591557838825717,60.0,59.95778919412859,0.0
2024-08-03 18:37:00,1.0,0.0,0.07590469703445092,60.0,59.95234851722546,0.0
2024-08-03 18:38:00,1.0,0.0,0.07589381724032272,60.0,59.94690862016136,0.0
2024-08-03 18:39:00,1.0,0.0,0.07588293900564899,60.0,59.941469502824496,0.0
2024-08-03 18:40:00,1.0,0.0,0.07587206233020624,60.0,59.93603116510312,0.0
2024-08-03 18:41:00,1.0,0.0,0.07586118721377094,60.0,59.93059360688547,0.0
2024-08-03 18:42:00,1.0,0.0,0.07585031365611968,60.0,59.92515682805983,0.0
2024-08-03 18:43:00,1.0,0.0,0.07583944165702897,60.0,59.919720828514485,0.0
2024-08-03 18:44:00,1.0,0.0,0.07582857121627545,60.0,59.914285608137725,0.0
2024-08-03 18:45:00,1.0,0.0,0.07581770233363576,60.0,59.908851166817875,0.0
2024-08-03 18:46:00,1.0,0.0,0.07580683500888653,60.0,59.90341750444327,0.0
2024-08-03 18:47:00,1.0,0.0,0.07579596924180451,60.0,59.89798462090226,0.0
2024-08-03 18:48:00,1.0,0.0,0.07578510503216641,60.0,59.89255251608321,0.0
2024-08-03 18:49:00,1.0,0.0,0.075774242379749,60.0,59.8871211898745,0.0
2024-08-03 18:50:00,1.0,0.0,0.07576338128432906,60.0,59.88169064216453,0.0
2024-08-03 18:51:00,1.0,0.0,0.07575252174568342,60.0,59.87626087284171,0.0
2024-08-03 18:52:00,1.0,0.0,0.07574166376358896,60.0,59.87083188179448,0.0
2024-08-03 18:53:00,1.0,0.0,0.07573080733782256,60.0,59.86540366891128,0.0
2024-08-03 18:54:00,1.0,0.0,0.07571995246816114,60.0,59.85997623408057,0.0
2024-08-03 18:55:00,1.0,0.0,0.07570909915438166,60.0,59.85454957719083,0.0
2024-08-03 18:56:00,1.0,0.0,0.07569824739626112,60.0,59.849123698130555,0.0
2024-08-03 18:57:00,1.0,0.0,0.0756873971935765,60.0,59.84369859678825,0.0
2024-08-03 18:58:00,1.0,0.0,0.0756765485461049,60.0,59.83827427305245,0.0
2024-08-03 18:59:00,1.0,0.0,0.07566570145362338,60.0,59.832850726811685,0.0
2024-08-03 19:00:00,1.0,0.0,0.07565485591590904,60.0,59.82742795795452,0.0
2024-08-03 19:01:00,1.0,0.0,0.07564401193273906,60.0,59.82200596636953,0.0
2024-08-03 19:02:00,1.0,0.0,0.0756331695038906,60.0,59.8165847519453,0.0
2024-08-03 19:03:00,1.0,0.0,0.07562232862914088,60.0,59.81116431457044,0.0
2024-08-03 19:04:00,1.0,0.0,0.07561148930826714,60.0,59.80574465413357,0.0
2024-08-03 19:05:00,1.0,0.0,0.07560065154104664,60.0,59.80032577052332,0.0
2024-08-03 19:06:00,1.0,0.0,0.07558981532725671,60.0,59.79490766362836,0.0
2024-08-03 19:07:00,1.0,0.0,0.07557898066667469,60.0,59.78949033333735,0.0
2024-08-03 19:08:00,1.0,0.0,0.07556814755907794,60.0,59.78407377953897,0.0
2024-08-03 19:09:00,1.0,0.0,0.07555731600424385,60.0,59.77865800212193,0.0
2024-08-03 19:10:00,1.0,0.0,0.0755464860019499,60.0,59.773243000974944,0.0
2024-08-03 19:11:00,1.0,0.0,0.0755356575519735,60.0,59.76782877598675,0.0
2024-08-03 19:12:00,1.0,0.0,0.07552483065409218,60.0,59.76241532704609,0.0
2024-08-03 19:13:00,1.0,0.0,0.07551400530808347,60.0,59.757002654041735,0.0
2024-08-03 19:14:00,1.0,0.0,0.07550318151372493,60.0,59.75159075686246,0.0
2024-08-03 19:15:00,1.0,0.0,0.07549235927079416,60.0,59.74617963539708,0.0
2024-08-03 19:16:00,1.0,0.0,0.07548153857906877,60.0,59.740769289534384,0.0
2024-08-03 19:17:00,1.0,0.0,0.07547071943832642,60.0,59.73535971916321,0.0
2024-08-03 19:18:00,1.0,0.0,0.07545990184834483,60.0,59.729950924172414,0.0
2024-08-03 19:19:00,1.0,0.0,0.07544908580890168,60.0,59.72454290445084,0.0
2024-08-03 19:20:00,1.0,0.0,0.07543827131977476,60.0,59.71913565988738,0.0
2024-08-03 19:21:00,1.0,0.0,0.07542745838074183,60.0,59.71372919037091,0.0
2024-08-03 19:22:00,1.0,0.0,0.07541664699158071,60.0,59.70832349579035,0.0
2024-08-03 19:23:00,1.0,0.0,0.07540583715206925,60.0,59.70291857603463,0.0
2024-08-03 19:24:00,1.0,0.0,0.07539502886198533,60.0,59.69751443099267,0.0
2024-08-03 19:25:00,1.0,0.0,0.07538422212110689,60.0,59.692111060553444,0.0
2024-08-03 19:26:00,1.0,11.553360000000001,0.07537341692921184,60.0,59.68670846460592,6.0
2024-08-03 19:27:00,1.0,1.92556,0.07370661328607818,60.0,58.85330664303909,1.0
2024-08-03 19:28:00,1.0,13.47892,0.07385005333195213,60.0,58.92502666597606,7.0
2024-08-03 19:29:00,1.0,0.0,0.07233747281785771,60.0,58.16873640892886,0.0
2024-08-03 19:30:00,1.0,0.0,0.07275710910937928,60.0,58.37855455468964,0.0
2024-08-03 19:31:00,1.0,0.0,0.07317668525236408,60.0,58.58834262618204,0.0
2024-08-03 19:32:00,1.0,0.0,0.0735962012554335,60.0,58.79810062771675,0.0
2024-08-03 19:33:00,1.0,0.0,0.07401565712720769,60.0,59.007828563603844,0.0
2024-08-03 19:34:00,1.0,0.0,0.07443505287630556,60.0,59.21752643815278,0.0
2024-08-03 19:35:00,1.0,0.0,0.0748543885113448,60.0,59.4271942556724,0.0
2024-08-03 19:36:00,1.0,0.0,0.07527366404094182,60.0,59.63683202047091,0.0
2024-08-03 19:37:00,1.0,0.0,0.07569287947371187,60.0,59.846439736855935,0.0
2024-08-03 19:38:00,1.0,0.0,0.0761120348182689,60.0,60.056017409134455,0.0
2024-08-03 19:39:00,1.0,0.0,0.07653113008322568,60.0,60.26556504161284,0.0
2024-08-03 19:40:00,1.0,0.0,0.07695016527719367,60.0,60.47508263859684,0.0
2024-08-03 19:41:00,1.0,0.0,0.07736914040878318,60.0,60.68457020439159,0.0
2024-08-03 19:42:00,1.0,0.0,0.07778805548660322,60.0,60.89402774330161,0.0
2024-08-03 19:43:00,1.0,0.0,0.07820691051926162,60.0,61.10345525963081,0.0
2024-08-03 19:44:00,1.0,0.0,0.07819570073753407,60.0,61.097850368767034,0.0
2024-08-03 19:45:00,1.0,0.0,0.07818449256255974,60.0,61.09224628127987,0.0
2024-08-03 19:46:00,1.0,0.0,0.07817328599410835,60.0,61.08664299705417,0.0
2024-08-03 19:47:00,1.0,0.0,0.07816208103194962,60.0,61.081040515974806,0.0
2024-08-03 19:48:00,1.0,11.553360000000001,0.0781508776758533,60.0,61.07543883792665,6.0
2024-08-03 19:49:00,1.0,0.0,0.0764836759255892,60.0,60.2418379627946,0.0
2024-08-03 19:50:00,1.0,0.0,0.0764727131435645,60.0,60.23635657178225,0.0
2024-08-03 19:51:00,1.0,0.0,0.07646175193288937,60.0,60.230875966444685,0.0
2024-08-03 19:52:00,1.0,0.0,0.07645079229333855,60.0,60.225396146669276,0.0
2024-08-03 19:53:00,1.0,0.0,0.07643983422468685,60.0,60.219917112343424,0.0
2024-08-03 19:54:00,1.0,0.0,0.0764288777267091,60.0,60.21443886335455,0.0
2024-08-03 19:55:00,1.0,0.0,0.0764179227991802,60.0,60.208961399590095,0.0
2024-08-03 19:56:00,1.0,0.0,0.07640696944187501,60.0,60.2034847209375,0.0
2024-08-03 19:57:00,1.0,0.0,0.07639601765456848,60.0,60.19800882728424,0.0
2024-08-03 19:58:00,1.0,0.0,0.07638506743703558,60.0,60.19253371851779,0.0
2024-08-03 19:59:00,1.0,0.0,0.07637411878905129,60.0,60.18705939452564,0.0
2024-08-03 20:00:00,1.0,0.0,0.07636317171039064,60.0,60.18158585519532,0.0
2024-08-03 20:01:00,1.0,0.0,0.07635222620082871,60.0,60.176113100414355,0.0
2024-08-03 20:02:00,1.0,0.0,0.07634128226014059,60.0,60.170641130070294,0.0
2024-08-03 20:03:00,1.0,0.0,0.0763303398881014,60.0,60.165169944050696,0.0
2024-08-03 20:04:00,1.0,0.0,0.07631939908448628,60.0,60.15969954224314,0.0
2024-08-03 20:05:00,1.0,0.0,0.07630845984907045,60.0,60.15422992453522,0.0
2024-08-03 20:06:00,1.0,0.0,0.07629752218162911,60.0,60.14876109081455,0.0
2024-08-03 20:07:00,1.0,0.0,0.07628658608193752,60.0,60.14329304096876,0.0
2024-08-03 20:08:00,1.0,0.0,0.07627565154977096,60.0,60.137825774885485,0.0
2024-08-03 20:09:00,1.0,0.0,0.07626471858490479,60.0,60.13235929245239,0.0
2024-08-03 20:10:00,1.0,11.553360000000001,0.07625378718711431,60.0,60.126893593557156,6.0
2024-08-03 20:11:00,1.0,0.0,0.07458685735617493,60.0,59.293428678087466,0.0
2024-08-03 20:12:00,1.0,0.0,0.07457616645449941,60.0,59.28808322724971,0.0
2024-08-03 20:13:00,1.0,0.0,0.0745654770852035,60.0,59.28273854260175,0.0
2024-08-03 20:14:00,1.0,0.0,0.07455478924806754,60.0,59.27739462403377,0.0
2024-08-03 20:15:00,1.0,0.0,0.07454410294287192,60.0,59.27205147143596,0.0
2024-08-03 20:16:00,1.0,0.0,0.07453341816939707,60.0,59.26670908469853,0.0
2024-08-03 20:17:00,1.0,0.0,0.07452273492742344,60.0,59.261367463711714,0.0
2024-08-03 20:18:00,1.0,0.0,0.07451205321673149,60.0,59.256026608365744,0.0
2024-08-03 20:19:00,1.0,15.40448,0.07450137303710176,60.0,59.25068651855088,8.0
2024-08-03 20:20:00,1.0,15.40448,0.07228269438831478,60.0,58.14134719415739,8.0
2024-08-03 20:21:00,1.0,15.40448,0.07049433853149849,60.0,57.24716926574924,8.0
2024-08-03 20:22:00,1.0,15.40448,0.06870623900853651,60.0,56.35311950426825,8.0
2024-08-03 20:23:00,1.0,15.40448,0.06691839578268721,60.0,55.45919789134361,8.0
2024-08-03 20:24:00,1.0,15.40448,0.06513080881721431,60.0,54.56540440860715,8.0
2024-08-03 20:25:00,1.0,1.92556,0.0633434780753867,60.0,53.67173903769335,1.0
2024-08-03 20:26:00,1.0,0.0,0.06348840352047862,60.0,53.74420176023931,0.0
2024-08-03 20:27:00,1.0,0.0,0.0639093081926926,60.0,53.954654096346296,0.0
2024-08-03 20:28:00,1.0,0.0,0.06433015253456656,60.0,54.165076267283276,0.0
2024-08-03 20:29:00,1.0,0.0,0.06475093655474794,60.0,54.37546827737397,0.0
2024-08-03 20:30:00,1.0,0.0,0.06517166026188295,60.0,54.585830130941474,0.0
2024-08-03 20:31:00,1.0,0.0,0.06559232366461656,60.0,54.79616183230828,0.0
2024-08-03 20:32:00,1.0,0.0,0.0660129267715925,60.0,55.006463385796245,0.0
2024-08-03 20:33:00,1.0,0.0,0.06643346959145323,60.0,55.216734795726616,0.0
2024-08-03 20:34:00,1.0,0.0,0.06685395213284002,60.0,55.42697606642001,0.0
2024-08-03 20:35:00,1.0,0.0,0.06727437440439289,60.0,55.63718720219644,0.0
2024-08-03 20:36:00,1.0,0.0,0.0676947364147506,60.0,55.8473682073753,0.0
2024-08-03 20:37:00,1.0,1.92556,0.06811503817255068,60.0,56.05751908627534,1.0
2024-08-03 20:38:00,1.0,0.0,0.06825927968642943,60.0,56.12963984321472,0.0
2024-08-03 20:39:00,1.0,0.0,0.06867950052546148,60.0,56.33975026273074,0.0
2024-08-03 20:40:00,1.0,0.0,0.06909966113217068,60.0,56.54983056608534,0.0
2024-08-03 20:41:00,1.0,0.0,0.06951976151519045,60.0,56.75988075759522,0.0
2024-08-03 20:42:00,1.0,0.0,0.0699398016831529,60.0,56.969900841576454,0.0
2024-08-03 20:43:00,1.0,0.0,0.070359781644689,60.0,57.179890822344504,0.0
2024-08-03 20:44:00,1.0,0.0,0.07077970140842843,60.0,57.38985070421421,0.0
2024-08-03 20:45:00,1.0,0.0,0.07119956098299961,60.0,57.5997804914998,0.0
2024-08-03 20:46:00,1.0,1.92556,0.07161936037702975,60.0,57.809680188514875,1.0
2024-08-03 20:47:00,1.0,13.47892,0.07176309959914484,60.0,57.88154979957242,7.0
2024-08-03 20:48:00,1.0,0.0,0.07025081821840919,60.0,57.12540910920459,0.0
2024-08-03 20:49:00,1.0,0.0,0.07067075360041324,60.0,57.33537680020662,0.0
2024-08-03 20:50:00,1.0,0.0,0.0710906287910104,60.0,57.5453143955052,0.0
2024-08-03 20:51:00,1.0,0.0,0.07151044379882822,60.0,57.75522189941411,0.0
2024-08-03 20:52:00,1.0,0.0,0.07193019863249299,60.0,57.965099316246494,0.0
2024-08-03 20:53:00,1.0,0.0,0.07234989330062976,60.0,58.17494665031488,0.0
2024-08-03 20:54:00,1.0,0.0,0.07276952781186234,60.0,58.38476390593117,0.0
2024-08-03 20:55:00,1.0,0.0,0.07318910217481335,60.0,58.59455108740667,0.0
2024-08-03 20:56:00,1.0,0.0,0.07360861639810411,60.0,58.80430819905205,0.0
2024-08-03 20:57:00,1.0,0.0,0.07402807049035474,60.0,59.01403524517737,0.0
2024-08-03 20:58:00,1.0,11.553360000000001,0.07444746446018412,60.0,59.22373223009206,6.0
2024-08-03 20:59:00,1.0,0.0,0.07321079831620989,60.0,58.605399158104944,0.0
2024-08-03 21:00:00,1.0,0.0,0.07363030942968582,60.0,58.81515471484291,0.0
2024-08-03 21:01:00,1.0,0.0,0.07404976041256738,60.0,59.02488020628369,0.0
2024-08-03 21:02:00,1.0,0.0,0.07446915127347338,60.0,59.234575636736686,0.0
2024-08-03 21:03:00,1.0,0.0,0.07488848202102137,60.0,59.44424101051069,0.0
2024-08-03 21:04:00,1.0,0.0,0.07530775266382773,60.0,59.653876331913864,0.0
2024-08-03 21:05:00,1.0,0.0,0.07572696321050755,60.0,59.863481605253774,0.0
2024-08-03 21:06:00,1.0,0.0,0.0761461136696747,60.0,60.07305683483735,0.0
2024-08-03 21:07:00,1.0,0.0,0.07656520404994183,60.0,60.28260202497091,0.0
2024-08-03 21:08:00,1.0,0.0,0.07698423435992034,60.0,60.49211717996017,0.0
2024-08-03 21:09:00,1.0,0.0,0.0774032046082204,60.0,60.701602304110196,0.0
2024-08-03 21:10:00,1.0,0.0,0.07782211480345094,60.0,60.91105740172547,0.0
2024-08-03 21:11:00,1.0,0.0,0.07824096495421969,60.0,61.12048247710984,0.0
2024-08-03 21:12:00,1.0,0.0,0.0782297502913022,60.0,61.114875145651105,0.0
2024-08-03 21:13:00,1.0,0.0,0.07821853723583762,60.0,61.10926861791881,0.0
2024-08-03 21:14:00,1.0,0.0,0.0782073257875955,60.0,61.10366289379775,0.0
2024-08-03 21:15:00,1.0,0.0,0.07819611594634548,60.0,61.09805797317274,0.0
2024-08-03 21:16:00,1.0,0.0,0.07818490771185724,60.0,61.09245385592862,0.0
2024-08-03 21:17:00,1.0,0.0,0.07817370108390045,60.0,61.08685054195023,0.0
2024-08-03 21:18:00,1.0,1.92556,0.07816249606224486,60.0,61.08124803112243,1.0
2024-08-03 21:19:00,1.0,0.0,0.0778752926466602,60.0,60.9376463233301,0.0
2024-08-03 21:20:00,1.0,0.0,0.07786413039735585,60.0,60.932065198677925,0.0
2024-08-03 21:21:00,1.0,0.0,0.07785296974799168,60.0,60.92648487399584,0.0
2024-08-03 21:22:00,1.0,0.0,0.07784181069833837,60.0,60.92090534916918,0.0
2024-08-03 21:23:00,1.0,0.0,0.0778306532481666,60.0,60.9153266240833,0.0
2024-08-03 21:24:00,1.0,0.0,0.07781949739724714,60.0,60.90974869862357,0.0
2024-08-03 21:25:00,1.0,0.0,0.07780834314535073,60.0,60.90417157267537,0.0
2024-08-03 21:26:00,1.0,0.0,0.0777971904922482,60.0,60.8985952461241,0.0
2024-08-03 21:27:00,1.0,0.0,0.07778603943771037,60.0,60.893019718855186,0.0
2024-08-03 21:28:00,1.0,0.0,0.07777488998150812,60.0,60.88744499075406,0.0
2024-08-03 21:29:00,1.0,0.0,0.07776374212341236,60.0,60.88187106170618,0.0
2024-08-03 21:30:00,1.0,0.0,0.07775259586319401,60.0,60.876297931597,0.0
2024-08-03 21:31:00,1.0,0.0,0.07774145120062403,60.0,60.870725600312014,0.0
2024-08-03 21:32:00,1.0,0.0,0.07773030813547344,60.0,60.86515406773672,0.0
2024-08-03 21:33:00,1.0,0.0,0.07771916666751326,60.0,60.85958333375663,0.0
2024-08-03 21:34:00,1.0,0.0,0.07770802679651458,60.0,60.85401339825729,0.0
2024-08-03 21:35:00,1.0,0.0,0.07769688852224847,60.0,60.848444261124236,0.0
2024-08-03 21:36:00,1.0,0.0,0.07768575184448609,60.0,60.842875922243046,0.0
2024-08-03 21:37:00,1.0,0.0,0.07767461676299858,60.0,60.83730838149929,0.0
2024-08-03 21:38:00,1.0,0.0,0.07766348327755716,60.0,60.83174163877858,0.0
2024-08-03 21:39:00,1.0,0.0,0.07765235138793306,60.0,60.826175693966526,0.0
2024-08-03 21:40:00,1.0,0.0,0.07764122109389751,60.0,60.82061054694876,0.0
2024-08-03 21:41:00,1.0,0.0,0.07763009239522185,60.0,60.815046197610926,0.0
2024-08-03 21:42:00,1.0,0.0,0.07761896529167739,60.0,60.80948264583869,0.0
2024-08-03 21:43:00,1.0,0.0,0.0776078397830355,60.0,60.803919891517744,0.0
2024-08-03 21:44:00,1.0,0.0,0.07759671586906754,60.0,60.79835793453377,0.0
2024-08-03 21:45:00,1.0,0.0,0.07758559354954499,60.0,60.79279677477249,0.0
2024-08-03 21:46:00,1.0,0.0,0.07757447282423927,60.0,60.78723641211963,0.0
2024-08-03 21:47:00,1.0,0.0,0.0775633536929219,60.0,60.78167684646095,0.0
2024-08-03 21:48:00,1.0,0.0,0.07755223615536438,60.0,60.77611807768219,0.0
2024-08-03 21:49:00,1.0,0.0,0.0775411202113383,60.0,60.77056010566915,0.0
2024-08-03 21:50:00,1.0,0.0,0.07753000586061522,60.0,60.76500293030761,0.0
2024-08-03 21:51:00,1.0,0.0,0.0775188931029668,60.0,60.75944655148339,0.0
2024-08-03 21:52:00,1.0,0.0,0.07750778193816464,60.0,60.75389096908232,0.0
2024-08-03 21:53:00,1.0,0.0,0.07749667236598047,60.0,60.748336182990236,0.0
2024-08-03 21:54:00,1.0,0.0,0.07748556438618602,60.0,60.74278219309301,0.0
2024-08-03 21:55:00,1.0,1.92556,0.07747445799855303,60.0,60.73722899927651,1.0
2024-08-03 21:56:00,1.0,1.92556,0.07718735320285328,60.0,60.59367660142664,1.0
2024-08-03 21:57:00,1.0,0.0,0.07690028955929816,60.0,60.45014477964908,0.0
2024-08-03 21:58:00,1.0,0.0,0.07688926706198913,60.0,60.444633530994565,0.0
2024-08-03 21:59:00,1.0,0.0,0.07687824614458895,60.0,60.43912307229447,0.0
2024-08-03 22:00:00,1.0,0.0,0.07686722680687114,60.0,60.433613403435565,0.0
2024-08-03 22:01:00,1.0,0.0,0.07685620904860928,60.0,60.428104524304636,0.0
2024-08-03 22:02:00,1.0,0.0,0.07684519286957697,60.0,60.42259643478849,0.0
2024-08-03 22:03:00,1.0,0.0,0.07683417826954789,60.0,60.417089134773946,0.0
2024-08-03 22:04:00,1.0,0.0,0.07682316524829569,60.0,60.41158262414784,0.0
2024-08-03 22:05:00,1.0,0.0,0.07681215380559407,60.0,60.40607690279703,0.0
2024-08-03 22:06:00,1.0,0.0,0.07680114394121676,60.0,60.40057197060838,0.0
2024-08-03 22:07:00,1.0,0.0,0.07679013565493757,60.0,60.395067827468786,0.0
2024-08-03 22:08:00,1.0,0.0,0.07677912894653026,60.0,60.38956447326513,0.0
2024-08-03 22:09:00,1.0,0.0,0.07676812381576871,60.0,60.38406190788435,0.0
2024-08-03 22:10:00,1.0,0.0,0.07675712026242675,60.0,60.37856013121337,0.0
2024-08-03 22:11:00,1.0,0.0,0.07674611828627828,60.0,60.37305914313914,0.0
2024-08-03 22:12:00,1.0,0.0,0.07673511788709725,60.0,60.36755894354862,0.0
2024-08-03 22:13:00,1.0,1.92556,0.07672411906465763,60.0,60.362059532328814,1.0
2024-08-03 22:14:00,1.0,1.92556,0.0764371218187334,60.0,60.2185609093667,1.0
2024-08-03 22:15:00,1.0,0.0,0.07615016570953817,60.0,60.075082854769086,0.0
2024-08-03 22:16:00,1.0,11.553360000000001,0.0761392507311756,60.0,60.0696253655878,6.0
2024-08-03 22:17:00,1.0,0.0,0.07447233731731064,60.0,59.236168658655316,0.0
2024-08-03 22:18:00,1.0,0.0,0.0744616628303564,60.0,59.2308314151782,0.0
2024-08-03 22:19:00,1.0,0.0,0.07445098987342898,60.0,59.22549493671449,0.0
2024-08-03 22:20:00,1.0,0.0,0.07444031844630905,60.0,59.220159223154525,0.0
2024-08-03 22:21:00,1.0,0.0,0.07442964854877733,60.0,59.21482427438866,0.0
2024-08-03 22:22:00,1.0,0.0,0.07441898018061457,60.0,59.209490090307284,0.0
2024-08-03 22:23:00,1.0,0.0,0.07440831334160158,60.0,59.20415667080079,0.0
2024-08-03 22:24:00,1.0,0.0,0.07439764803151919,60.0,59.19882401575959,0.0
2024-08-03 22:25:00,1.0,0.0,0.07438698425014821,60.0,59.1934921250741,0.0
2024-08-03 22:26:00,1.0,0.0,0.07437632199726954,60.0,59.18816099863477,0.0
2024-08-03 22:27:00,1.0,0.0,0.0743656612726641,60.0,59.18283063633205,0.0
2024-08-03 22:28:00,1.0,1.92556,0.07435500207611284,60.0,59.17750103805642,1.0
2024-08-03 22:29:00,1.0,1.92556,0.07406834440739672,60.0,59.03417220369836,1.0
2024-08-03 22:30:00,1.0,0.0,0.07378172782673631,60.0,58.89086391336816,0.0
2024-08-03 22:31:00,1.0,0.0,0.07420115710607314,60.0,59.10057855303657,0.0
2024-08-03 22:32:00,1.0,0.0,0.07462052626654526,60.0,59.310263133272635,0.0
2024-08-03 22:33:00,1.0,0.0,0.07503983531676985,60.0,59.51991765838492,0.0
2024-08-03 22:34:00,1.0,0.0,0.07545908426536276,60.0,59.729542132681374,0.0
2024-08-03 22:35:00,1.0,0.0,0.07587827312093866,60.0,59.93913656046933,0.0
2024-08-03 22:36:00,1.0,0.0,0.076297401892111,60.0,60.1487009460555,0.0
2024-08-03 22:37:00,1.0,0.0,0.07671647058749197,60.0,60.358235293745985,0.0
2024-08-03 22:38:00,1.0,0.0,0.07713547921569251,60.0,60.567739607846256,0.0
2024-08-03 22:39:00,1.0,0.0,0.07755442778532237,60.0,60.77721389266119,0.0
2024-08-03 22:40:00,1.0,0.0,0.07797331630499003,60.0,60.98665815249502,0.0
2024-08-03 22:41:00,1.0,0.0,0.07839214478330274,60.0,61.19607239165137,0.0
2024-08-03 22:42:00,1.0,0.0,0.07838090845103567,60.0,61.19045422551783,0.0
2024-08-03 22:43:00,1.0,0.0,0.07836967372932745,60.0,61.18483686466372,0.0
2024-08-03 22:44:00,1.0,0.0,0.07835844061794722,60.0,61.17922030897361,0.0
2024-08-03 22:45:00,1.0,0.0,0.0783472091166642,60.0,61.173604558332094,0.0
2024-08-03 22:46:00,1.0,0.0,0.07833597922524756,60.0,61.16798961262378,0.0
2024-08-03 22:47:00,1.0,0.0,0.07832475094346658,60.0,61.16237547173329,0.0
2024-08-03 22:48:00,1.0,0.0,0.07831352427109055,60.0,61.15676213554527,0.0
2024-08-03 22:49:00,1.0,1.92556,0.07830229920788877,60.0,61.15114960394438,1.0
2024-08-03 22:50:00,1.0,1.92556,0.07801507575363059,60.0,61.00753787681529,1.0
2024-08-03 22:51:00,1.0,0.0,0.07772789346852496,60.0,60.86394673426248,0.0
2024-08-03 22:52:00,1.0,0.0,0.07771675234667089,60.0,60.858376173335444,0.0
2024-08-03 22:53:00,1.0,0.0,0.07770561282172869,60.0,60.852806410864346,0.0
2024-08-03 22:54:00,1.0,0.0,0.07769447489346949,60.0,60.847237446734745,0.0
2024-08-03 22:55:00,1.0,0.0,0.0776833385616644,60.0,60.8416692808322,0.0
2024-08-03 22:56:00,1.0,0.0,0.07767220382608461,60.0,60.836101913042306,0.0
2024-08-03 22:57:00,1.0,0.0,0.07766107068650133,60.0,60.83053534325066,0.0
2024-08-03 22:58:00,1.0,0.0,0.07764993914268577,60.0,60.82496957134288,0.0
2024-08-03 22:59:00,1.0,0.0,0.07763880919440923,60.0,60.81940459720461,0.0
2024-08-03 23:00:00,1.0,0.0,0.07762768084144299,60.0,60.81384042072149,0.0
2024-08-03 23:01:00,1.0,0.0,0.0776165540835584,60.0,60.8082770417792,0.0
2024-08-03 23:02:00,1.0,0.0,0.07760542892052684,60.0,60.80271446026342,0.0
2024-08-03 23:03:00,1.0,0.0,0.0775943053521197,60.0,60.797152676059845,0.0
2024-08-03 23:04:00,1.0,0.0,0.0775831833781084,60.0,60.7915916890542,0.0
2024-08-03 23:05:00,1.0,0.0,0.07757206299826443,60.0,60.786031499132214,0.0
2024-08-03 23:06:00,1.0,0.0,0.07756094421235928,60.0,60.78047210617964,0.0
2024-08-03 23:07:00,1.0,0.0,0.07754982702016447,60.0,60.774913510082236,0.0
2024-08-03 23:08:00,1.0,0.0,0.07753871142145159,60.0,60.7693557107258,0.0
2024-08-03 23:09:00,1.0,0.0,0.07752759741599223,60.0,60.763798707996116,0.0
2024-08-03 23:10:00,1.0,0.0,0.07751648500355804,60.0,60.758242501779016,0.0
2024-08-03 23:11:00,1.0,0.0,0.07750537418392064,60.0,60.75268709196032,0.0
2024-08-03 23:12:00,1.0,0.0,0.07749426495685176,60.0,60.747132478425875,0.0
2024-08-03 23:13:00,1.0,0.0,0.0774831573221231,60.0,60.74157866106155,0.0
2024-08-03 23:14:00,1.0,0.0,0.07747205127950646,60.0,60.73602563975323,0.0
2024-08-03 23:15:00,1.0,0.0,0.07746094682877362,60.0,60.73047341438681,0.0
2024-08-03 23:16:00,1.0,0.0,0.0774498439696964,60.0,60.724921984848194,0.0
2024-08-03 23:17:00,1.0,0.0,0.07743874270204666,60.0,60.71937135102333,0.0
2024-08-03 23:18:00,1.0,0.0,0.07742764302559628,60.0,60.71382151279814,0.0
2024-08-03 23:19:00,1.0,0.0,0.07741654494011722,60.0,60.70827247005861,0.0
2024-08-03 23:20:00,1.0,0.0,0.07740544844538143,60.0,60.70272422269071,0.0
2024-08-03 23:21:00,1.0,0.0,0.07739435354116087,60.0,60.697176770580434,0.0
2024-08-03 23:22:00,1.0,0.0,0.0773832602272276,60.0,60.6916301136138,0.0
2024-08-03 23:23:00,1.0,0.0,0.07737216850335366,60.0,60.686084251676824,0.0
2024-08-03 23:24:00,1.0,0.0,0.07736107836931114,60.0,60.680539184655565,0.0
2024-08-03 23:25:00,1.0,0.0,0.07734998982487214,60.0,60.67499491243607,0.0
2024-08-03 23:26:00,1.0,0.0,0.07733890286980885,60.0,60.669451434904424,0.0
2024-08-03 23:27:00,1.0,11.553360000000001,0.07732781750389345,60.0,60.66390875194672,6.0
2024-08-03 23:28:00,1.0,11.553360000000001,0.07566073372689815,60.0,59.83036686344907,6.0
2024-08-03 23:29:00,1.0,0.0,0.07399388890123257,60.0,58.99694445061628,0.0
2024-08-03 23:30:00,1.0,0.0,0.0744132877704775,60.0,59.20664388523875,0.0
2024-08-03 23:31:00,1.0,0.0,0.07483262652521655,60.0,59.41631326260828,0.0
2024-08-03 23:32:00,1.0,0.0,0.07525190517406627,60.0,59.62595258703313,0.0
2024-08-03 23:33:00,1.0,0.0,0.07567112372564189,60.0,59.835561862820946,0.0
2024-08-03 23:34:00,1.0,0.0,0.07609028218855747,60.0,60.04514109427873,0.0
2024-08-03 23:35:00,1.0,0.0,0.07650938057142581,60.0,60.254690285712904,0.0
2024-08-03 23:36:00,1.0,1.92556,0.07692841888285848,60.0,60.46420944142924,1.0
2024-08-03 23:37:00,1.0,0.0,0.07707139713146581,60.0,60.53569856573291,0.0
2024-08-03 23:38:00,1.0,0.0,0.07749035488629648,60.0,60.745177443148236,0.0
2024-08-03 23:39:00,1.0,0.0,0.07790925258984836,60.0,60.95462629492418,0.0
2024-08-03 23:40:00,1.0,0.0,0.07832809025072894,60.0,61.16404512536447,0.0
2024-08-03 23:41:00,1.0,0.0,0.07831686309971354,60.0,61.15843154985677,0.0
2024-08-03 23:42:00,1.0,0.0,0.07830563755794101,60.0,61.152818778970506,0.0
2024-08-03 23:43:00,1.0,0.0,0.07829441362518068,60.0,61.14720681259034,0.0
2024-08-03 23:44:00,1.0,0.0,0.07828319130120191,60.0,61.141595650600955,0.0
2024-08-03 23:45:00,1.0,0.0,0.07827197058577413,60.0,61.135985292887064,0.0
2024-08-03 23:46:00,1.0,1.92556,0.07826075147866675,60.0,61.130375739333374,1.0
2024-08-03 23:47:00,1.0,0.0,0.07797353397964926,60.0,60.98676698982463,0.0
2024-08-03 23:48:00,1.0,0.0,0.07796235764893072,60.0,60.98117882446536,0.0
2024-08-03 23:49:00,1.0,1.92556,0.07795118292017073,60.0,60.97559146008536,1.0
2024-08-03 23:50:00,1.0,0.0,0.07766400979313964,60.0,60.83200489656982,0.0
2024-08-03 23:51:00,1.0,0.0,0.07765287782804746,60.0,60.826438914023726,0.0
2024-08-03 23:52:00,1.0,0.0,0.07764174745855466,60.0,60.82087372927733,0.0
2024-08-03 23:53:00,1.0,0.0,0.07763061868443256,60.0,60.81530934221628,0.0
2024-08-03 23:54:00,1.0,0.0,0.07761949150545247,60.0,60.809745752726236,0.0
2024-08-03 23:55:00,1.0,0.0,0.07760836592138576,60.0,60.80418296069288,0.0
2024-08-03 23:56:00,1.0,0.0,0.07759724193200382,60.0,60.798620966001906,0.0
2024-08-03 23:57:00,1.0,0.0,0.07758611953707806,60.0,60.79305976853903,0.0
2024-08-03 23:58:00,1.0,0.0,0.07757499873637996,60.0,60.787499368189984,0.0
2024-08-03 23:59:00,1.0,0.0,0.07756387952968102,60.0,60.78193976484051,0.0
2024-08-04 00:00:00,1.0,11.553360000000001,0.07755276191675273,60.0,60.776380958376365,6.0
2024-08-04 00:01:00,1.0,11.553360000000001,0.07588564589736667,60.0,59.942822948683336,6.0
2024-08-04 00:02:00,1.0,0.0,0.07421876883393179,60.0,59.109384416965895,0.0
2024-08-04 00:03:00,1.0,0.0,0.07420813069219737,60.0,59.10406534609868,0.0
2024-08-04 00:04:00,1.0,0.0,0.07419749407528017,60.0,59.09874703764009,0.0
2024-08-04 00:05:00,1.0,0.0,0.07418685898296169,60.0,59.09342949148085,0.0
2024-08-04 00:06:00,1.0,0.0,0.07417622541502339,60.0,59.08811270751169,0.0
2024-08-04 00:07:00,1.0,0.0,0.07416559337124674,60.0,59.08279668562337,0.0
2024-08-04 00:08:00,1.0,0.0,0.07415496285141332,60.0,59.07748142570666,0.0
2024-08-04 00:09:00,1.0,0.0,0.07414433385530465,60.0,59.072166927652326,0.0
2024-08-04 00:10:00,1.0,0.0,0.07413370638270236,60.0,59.06685319135118,0.0
2024-08-04 00:11:00,1.0,0.0,0.07412308043338807,60.0,59.061540216694034,0.0
2024-08-04 00:12:00,1.0,0.0,0.07411245600714343,60.0,59.05622800357172,0.0
2024-08-04 00:13:00,1.0,0.0,0.07410183310375015,60.0,59.050916551875076,0.0
2024-08-04 00:14:00,1.0,0.0,0.07409121172298994,60.0,59.04560586149497,0.0
2024-08-04 00:15:00,1.0,0.0,0.07408059186464455,60.0,59.04029593232227,0.0
2024-08-04 00:16:00,1.0,0.0,0.07406997352849577,60.0,59.03498676424788,0.0
2024-08-04 00:17:00,1.0,0.0,0.07405935671432542,60.0,59.02967835716271,0.0
2024-08-04 00:18:00,1.0,0.0,0.07404874142191534,60.0,59.02437071095767,0.0
2024-08-04 00:19:00,1.0,0.0,0.0740381276510474,60.0,59.0190638255237,0.0
2024-08-04 00:20:00,1.0,0.0,0.07402751540150354,60.0,59.01375770075177,0.0
2024-08-04 00:21:00,1.0,0.0,0.07401690467306567,60.0,59.008452336532834,0.0
2024-08-04 00:22:00,1.0,0.0,0.07400629546551578,60.0,59.00314773275789,0.0
2024-08-04 00:23:00,1.0,0.0,0.07399568777863587,60.0,58.997843889317934,0.0
2024-08-04 00:24:00,1.0,0.0,0.07441508639003884,60.0,59.20754319501942,0.0
2024-08-04 00:25:00,1.0,0.0,0.0748344248869729,60.0,59.41721244348645,0.0
2024-08-04 00:26:00,1.0,0.0,0.07525370327805456,60.0,59.62685163902728,0.0
2024-08-04 00:27:00,1.0,0.0,0.07567292157189909,60.0,59.83646078594954,0.0
2024-08-04 00:28:00,1.0,0.0,0.0760920797771205,60.0,60.04603988856025,0.0
2024-08-04 00:29:00,1.0,11.553360000000001,0.07651117790233163,60.0,60.25558895116581,6.0
2024-08-04 00:30:00,1.0,11.553360000000001,0.075274215956144,60.0,59.637107978072,6.0
2024-08-04 00:31:00,1.0,0.0,0.07403743130980533,60.0,59.018715654902664,0.0
2024-08-04 00:32:00,1.0,0.0,0.07445682393790234,60.0,59.22841196895117,0.0
2024-08-04 00:33:00,1.0,0.0,0.07487615645238807,60.0,59.43807822619404,0.0
2024-08-04 00:34:00,1.0,0.0,0.07529542886187889,60.0,59.647714430939445,0.0
2024-08-04 00:35:00,1.0,0.0,0.07571464117498995,60.0,59.857320587494975,0.0
2024-08-04 00:36:00,1.0,0.0,0.07613379340033516,60.0,60.066896700167575,0.0
2024-08-04 00:37:00,1.0,0.0,0.07655288554652717,60.0,60.27644277326358,0.0
2024-08-04 00:38:00,1.0,0.0,0.07697191762217745,60.0,60.48595881108872,0.0
2024-08-04 00:39:00,1.0,0.0,0.0773908896358962,60.0,60.6954448179481,0.0
2024-08-04 00:40:00,1.0,0.0,0.07780980159629239,60.0,60.904900798146194,0.0
2024-08-04 00:41:00,1.0,0.0,0.07822865351197376,60.0,61.11432675598688,0.0
2024-08-04 00:42:00,1.0,0.0,0.07821744061371595,60.0,61.108720306857975,0.0
2024-08-04 00:43:00,1.0,0.0,0.0782062293226581,60.0,61.103114661329045,0.0
2024-08-04 00:44:00,1.0,0.0,0.07819501963856978,60.0,61.097509819284895,0.0
2024-08-04 00:45:00,1.0,0.0,0.07818381156122074,60.0,61.09190578061037,0.0
2024-08-04 00:46:00,1.0,0.0,0.07817260509038061,60.0,61.08630254519031,0.0
2024-08-04 00:47:00,1.0,0.0,0.07816140022581916,60.0,61.08070011290958,0.0
2024-08-04 00:48:00,1.0,0.0,0.07815019696730614,60.0,61.07509848365307,0.0
2024-08-04 00:49:00,1.0,0.0,0.07813899531461135,60.0,61.069497657305675,0.0
2024-08-04 00:50:00,1.0,0.0,0.07812779526750463,60.0,61.06389763375231,0.0
2024-08-04 00:51:00,1.0,0.0,0.07811659682575582,60.0,61.05829841287791,0.0
2024-08-04 00:52:00,1.0,1.92556,0.07810539998913484,60.0,61.05269999456742,1.0
2024-08-04 00:53:00,1.0,1.92556,0.0778182047574116,60.0,60.909102378705796,1.0
2024-08-04 00:54:00,1.0,0.0,0.07753105069079562,60.0,60.76552534539781,0.0
2024-08-04 00:55:00,1.0,0.0,0.07751993778338652,60.0,60.75996889169326,0.0
2024-08-04 00:56:00,1.0,0.0,0.07750882646884519,60.0,60.75441323442259,0.0
2024-08-04 00:57:00,1.0,1.92556,0.0774977167469433,60.0,60.74885837347165,1.0
2024-08-04 00:58:00,1.0,1.92556,0.07721060861745258,60.0,60.60530430872629,1.0
2024-08-04 00:59:00,1.0,0.0,0.07692354164058433,60.0,60.461770820292166,0.0
2024-08-04 01:00:00,1.0,0.0,0.07691251581043995,60.0,60.45625790521998,0.0
2024-08-04 01:01:00,1.0,0.0,0.07690149156068213,60.0,60.450745780341066,0.0
2024-08-04 01:02:00,1.0,0.0,0.07689046889108432,60.0,60.44523444554216,0.0
2024-08-04 01:03:00,1.0,0.0,0.07687944780142006,60.0,60.43972390071003,0.0
2024-08-04 01:04:00,1.0,0.0,0.07686842829146286,60.0,60.434214145731424,0.0
2024-08-04 01:05:00,1.0,1.92556,0.0768574103609863,60.0,60.42870518049315,1.0
2024-08-04 01:06:00,1.0,1.92556,0.076570394009764,60.0,60.285197004881994,1.0
2024-08-04 01:07:00,1.0,0.0,0.07628341879800912,60.0,60.14170939900456,0.0
2024-08-04 01:08:00,1.0,0.0,0.07627248471982499,60.0,60.136242359912494,0.0
2024-08-04 01:09:00,1.0,0.0,0.07626155220887613,60.0,60.13077610443807,0.0
2024-08-04 01:10:00,1.0,0.0,0.07625062126493794,60.0,60.12531063246897,0.0
2024-08-04 01:11:00,1.0,0.0,0.07623969188778577,60.0,60.119845943892884,0.0
2024-08-04 01:12:00,1.0,0.0,0.07622876407719507,60.0,60.11438203859753,0.0
2024-08-04 01:13:00,1.0,0.0,0.07621783783294128,60.0,60.10891891647064,0.0
2024-08-04 01:14:00,1.0,0.0,0.07620691315479992,60.0,60.10345657739996,0.0
2024-08-04 01:15:00,1.0,0.0,0.07619599004254649,60.0,60.09799502127324,0.0
2024-08-04 01:16:00,1.0,0.0,0.07618506849595653,60.0,60.092534247978264,0.0
2024-08-04 01:17:00,1.0,0.0,0.07617414851480565,60.0,60.087074257402826,0.0
2024-08-04 01:18:00,1.0,0.0,0.07616323009886947,60.0,60.08161504943473,0.0
2024-08-04 01:19:00,1.0,0.0,0.07615231324792361,60.0,60.07615662396181,0.0
2024-08-04 01:20:00,1.0,0.0,0.0761413979617438,60.0,60.070698980871896,0.0
2024-08-04 01:21:00,1.0,0.0,0.0761304842401057,60.0,60.06524212005285,0.0
2024-08-04 01:22:00,1.0,0.0,0.0761195720827851,60.0,60.05978604139255,0.0
2024-08-04 01:23:00,1.0,0.0,0.07610866148955775,60.0,60.05433074477887,0.0
2024-08-04 01:24:00,1.0,0.0,0.07609775246019948,60.0,60.04887623009974,0.0
2024-08-04 01:25:00,1.0,0.0,0.07608684499448612,60.0,60.04342249724306,0.0
2024-08-04 01:26:00,1.0,0.0,0.07607593909219355,60.0,60.037969546096775,0.0
2024-08-04 01:27:00,1.0,0.0,0.07606503475309769,60.0,60.03251737654884,0.0
2024-08-04 01:28:00,1.0,0.0,0.07605413197697444,60.0,60.02706598848722,0.0
2024-08-04 01:29:00,1.0,0.0,0.07604323076359983,60.0,60.02161538179991,0.0
2024-08-04 01:30:00,1.0,0.0,0.0760323311127498,60.0,60.0161655563749,0.0
2024-08-04 01:31:00,1.0,0.0,0.07602143302420043,60.0,60.01071651210022,0.0
2024-08-04 01:32:00,1.0,1.92556,0.07601053649772778,60.0,60.00526824886389,1.0
2024-08-04 01:33:00,1.0,1.92556,0.07572364153310795,60.0,59.861820766553976,1.0
2024-08-04 01:34:00,1.0,0.0,0.07543678769055663,60.0,59.718393845278314,0.0
2024-08-04 01:35:00,1.0,0.0,0.07542597496417958,60.0,59.71298748208979,0.0
2024-08-04 01:36:00,1.0,0.0,0.07541516378764386,60.0,59.70758189382193,0.0
2024-08-04 01:37:00,1.0,0.0,0.07540435416072734,60.0,59.70217708036367,0.0
2024-08-04 01:38:00,1.0,0.0,0.07539354608320788,60.0,59.69677304160394,0.0
2024-08-04 01:39:00,1.0,0.0,0.07538273955486342,60.0,59.69136977743171,0.0
2024-08-04 01:40:00,1.0,0.0,0.0753719345754719,60.0,59.68596728773595,0.0
2024-08-04 01:41:00,1.0,0.0,0.0753611311448113,60.0,59.68056557240565,0.0
2024-08-04 01:42:00,1.0,0.0,0.07535032926265962,60.0,59.675164631329814,0.0
2024-08-04 01:43:00,1.0,1.92556,0.07533952892879493,60.0,59.66976446439747,1.0
2024-08-04 01:44:00,1.0,0.0,0.07505273014299531,60.0,59.52636507149765,0.0
2024-08-04 01:45:00,1.0,0.0,0.07504197246547839,60.0,59.5209862327392,0.0
2024-08-04 01:46:00,1.0,0.0,0.0750312163299124,60.0,59.5156081649562,0.0
2024-08-04 01:47:00,1.0,0.0,0.0750204617360763,60.0,59.51023086803814,0.0
2024-08-04 01:48:00,1.0,0.0,0.07500970868374908,60.0,59.50485434187454,0.0
2024-08-04 01:49:00,1.0,0.0,0.07499895717270985,60.0,59.499478586354925,0.0
2024-08-04 01:50:00,1.0,0.0,0.07498820720273766,60.0,59.49410360136883,0.0
2024-08-04 01:51:00,1.0,0.0,0.0749774587736116,60.0,59.4887293868058,0.0
2024-08-04 01:52:00,1.0,0.0,0.07496671188511084,60.0,59.48335594255542,0.0
2024-08-04 01:53:00,1.0,0.0,0.07495596653701454,60.0,59.47798326850727,0.0
2024-08-04 01:54:00,1.0,0.0,0.07494522272910192,60.0,59.472611364550964,0.0
2024-08-04 01:55:00,1.0,0.0,0.07493448046115223,60.0,59.46724023057611,0.0
2024-08-04 01:56:00,1.0,0.0,0.0749237397329447,60.0,59.46186986647235,0.0
2024-08-04 01:57:00,1.0,0.0,0.07491300054425865,60.0,59.456500272129325,0.0
2024-08-04 01:58:00,1.0,0.0,0.07490226289487344,60.0,59.451131447436715,0.0
2024-08-04 01:59:00,1.0,0.0,0.07489152678456838,60.0,59.44576339228419,0.0
2024-08-04 02:00:00,1.0,0.0,0.07488079221312292,60.0,59.44039610656146,0.0
2024-08-04 02:01:00,1.0,0.0,0.07487005918031645,60.0,59.43502959015822,0.0
2024-08-04 02:02:00,1.0,0.0,0.07485932768592844,60.0,59.42966384296422,0.0
2024-08-04 02:03:00,1.0,0.0,0.07484859772973838,60.0,59.42429886486919,0.0
2024-08-04 02:04:00,1.0,0.0,0.0748378693115258,60.0,59.418934655762904,0.0
2024-08-04 02:05:00,1.0,0.0,0.07482714243107026,60.0,59.41357121553513,0.0
2024-08-04 02:06:00,1.0,0.0,0.07481641708815133,60.0,59.40820854407566,0.0
2024-08-04 02:07:00,1.0,0.0,0.07480569328254863,60.0,59.402846641274316,0.0
2024-08-04 02:08:00,1.0,0.0,0.07479497101404183,60.0,59.39748550702091,0.0
2024-08-04 02:09:00,1.0,1.92556,0.07478425028241056,60.0,59.392125141205284,1.0
2024-08-04 02:10:00,1.0,0.0,0.0744975310874346,60.0,59.2487655437173,0.0
2024-08-04 02:11:00,1.0,0.0,0.0744868529893332,60.0,59.2434264946666,0.0
2024-08-04 02:12:00,1.0,0.0,0.0744761764217762,60.0,59.2380882108881,0.0
2024-08-04 02:13:00,1.0,0.0,0.07446550138454423,60.0,59.23275069227211,0.0
2024-08-04 02:14:00,1.0,0.0,0.07445482787741792,60.0,59.227413938708956,0.0
2024-08-04 02:15:00,1.0,1.92556,0.07444415590017796,60.0,59.22207795008898,1.0
2024-08-04 02:16:00,1.0,0.0,0.07415748545260507,60.0,59.078742726302536,0.0
2024-08-04 02:17:00,1.0,0.0,0.07414685609491956,60.0,59.07342804745978,0.0
2024-08-04 02:18:00,1.0,0.0,0.07413622826079223,60.0,59.06811413039612,0.0
2024-08-04 02:19:00,1.0,0.0,0.07412560195000474,60.0,59.06280097500237,0.0
2024-08-04 02:20:00,1.0,0.0,0.07411497716233871,60.0,59.05748858116935,0.0
2024-08-04 02:21:00,1.0,0.0,0.07410435389757583,60.0,59.05217694878792,0.0
2024-08-04 02:22:00,2.0,0.0,0.07409373215549782,60.0,59.04686607774891,0.0
2024-08-04 02:23:00,2.0,0.0,0.07408311193588642,60.0,59.04155596794321,0.0
2024-08-04 02:24:00,2.0,0.0,0.07407249323852343,60.0,59.03624661926171,0.0
2024-08-04 02:25:00,2.0,0.0,0.07406187606319063,60.0,59.03093803159531,0.0
2024-08-04 02:26:00,2.0,1.92556,0.07405126040966986,60.0,59.02563020483493,1.0
2024-08-04 02:27:00,2.0,1.92556,0.07376464627774301,60.0,58.882323138871506,1.0
2024-08-04 02:28:00,2.0,0.0,0.0739080780054624,60.0,58.9540390027312,0.0
2024-08-04 02:29:00,2.0,0.0,0.07432748917440571,60.0,59.16374458720286,0.0
2024-08-04 02:30:00,2.0,0.0,0.07474684022708018,60.0,59.37342011354009,0.0
2024-08-04 02:31:00,2.0,1.92556,0.07516613117210258,60.0,59.58306558605129,1.0
2024-08-04 02:32:00,2.0,0.0,0.07530936201808842,60.0,59.65468100904421,0.0
2024-08-04 02:33:00,2.0,0.0,0.07572857233409157,60.0,59.86428616704578,0.0
2024-08-04 02:34:00,2.0,1.92556,0.07614772256261511,60.0,60.07386128130755,1.0
2024-08-04 02:35:00,2.0,1.92556,0.07629081271227167,60.0,60.14540635613584,1.0
2024-08-04 02:36:00,2.0,0.0,0.07643388235211225,60.0,60.216941176056125,0.0
2024-08-04 02:37:00,2.0,0.0,0.0768529314850766,60.0,60.4264657425383,0.0
2024-08-04 02:38:00,2.0,0.0,0.0772719205536645,60.0,60.63596027683225,0.0
2024-08-04 02:39:00,2.0,0.0,0.07769084956648528,60.0,60.84542478324264,0.0
2024-08-04 02:40:00,2.0,0.0,0.07810971853214704,60.0,61.05485926607352,0.0
2024-08-04 02:41:00,2.0,0.0,0.07809852268142577,60.0,61.04926134071288,0.0
2024-08-04 02:42:00,2.0,0.0,0.07808732843546091,60.0,61.04366421773046,0.0
2024-08-04 02:43:00,2.0,0.0,0.07807613579402249,60.0,61.038067897011246,0.0
2024-08-04 02:44:00,2.0,0.0,0.0780649447568805,60.0,61.03247237844025,0.0
2024-08-04 02:45:00,2.0,0.0,0.07805375532380499,60.0,61.02687766190249,0.0
2024-08-04 02:46:00,2.0,0.0,0.07804256749456602,60.0,61.02128374728301,0.0
2024-08-04 02:47:00,2.0,0.0,0.07803138126893373,60.0,61.015690634466864,0.0
2024-08-04 02:48:00,2.0,0.0,0.07802019664667828,60.0,61.010098323339136,0.0
2024-08-04 02:49:00,2.0,0.0,0.07800901362756982,60.0,61.00450681378491,0.0
2024-08-04 02:50:00,2.0,0.0,0.07799783221137857,60.0,60.99891610568928,0.0
2024-08-04 02:51:00,2.0,0.0,0.07798665239787478,60.0,60.99332619893739,0.0
2024-08-04 02:52:00,2.0,0.0,0.07797547418682874,60.0,60.98773709341437,0.0
2024-08-04 02:53:00,2.0,0.0,0.07796429757801074,60.0,60.98214878900537,0.0
2024-08-04 02:54:00,2.0,0.0,0.07795312257119116,60.0,60.97656128559558,0.0
2024-08-04 02:55:00,2.0,0.0,0.07794194916614035,60.0,60.97097458307017,0.0
2024-08-04 02:56:00,2.0,0.0,0.07793077736262873,60.0,60.96538868131436,0.0
2024-08-04 02:57:00,2.0,0.0,0.07791960716042673,60.0,60.95980358021336,0.0
2024-08-04 02:58:00,2.0,0.0,0.07790843855930484,60.0,60.95421927965241,0.0
2024-08-04 02:59:00,2.0,0.0,0.07789727155903355,60.0,60.94863577951677,0.0
2024-08-04 03:00:00,2.0,0.0,0.07788610615938342,60.0,60.94305307969171,0.0
2024-08-04 03:01:00,2.0,0.0,0.07787494236012502,60.0,60.93747118006251,0.0
2024-08-04 03:02:00,2.0,0.0,0.07786378016102898,60.0,60.931890080514485,0.0
2024-08-04 03:03:00,2.0,1.92556,0.0778526195618659,60.0,60.92630978093295,1.0
2024-08-04 03:04:00,2.0,1.92556,0.07756546056240647,60.0,60.782730281203236,1.0
2024-08-04 03:05:00,2.0,0.0,0.07727834272286097,60.0,60.639171361430485,0.0
2024-08-04 03:06:00,2.0,0.0,0.07726726603732975,60.0,60.633633018664874,0.0
2024-08-04 03:07:00,2.0,0.0,0.07725619093947442,60.0,60.62809546973721,0.0
2024-08-04 03:08:00,2.0,0.0,0.07724511742906742,60.0,60.62255871453371,0.0
2024-08-04 03:09:00,2.0,0.0,0.07723404550588121,60.0,60.617022752940606,0.0
2024-08-04 03:10:00,2.0,0.0,0.0772229751696883,60.0,60.61148758484415,0.0
2024-08-04 03:11:00,2.0,0.0,0.0772119064202612,60.0,60.6059532101306,0.0
2024-08-04 03:12:00,2.0,0.0,0.07720083925737249,60.0,60.60041962868625,0.0
2024-08-04 03:13:00,2.0,0.0,0.07718977368079476,60.0,60.59488684039738,0.0
2024-08-04 03:14:00,2.0,0.0,0.07717870969030062,60.0,60.58935484515031,0.0
2024-08-04 03:15:00,2.0,0.0,0.07716764728566274,60.0,60.58382364283137,0.0
2024-08-04 03:16:00,2.0,0.0,0.07715658646665381,60.0,60.5782932333269,0.0
2024-08-04 03:17:00,2.0,0.0,0.07714552723304655,60.0,60.572763616523275,0.0
2024-08-04 03:18:00,2.0,0.0,0.07713446958461373,60.0,60.56723479230686,0.0
2024-08-04 03:19:00,2.0,1.92556,0.07712341352112811,60.0,60.56170676056406,1.0
2024-08-04 03:20:00,2.0,0.0,0.07683635904236255,60.0,60.41817952118127,0.0
2024-08-04 03:21:00,2.0,0.0,0.07682534570852943,60.0,60.41267285426471,0.0
2024-08-04 03:22:00,2.0,0.0,0.0768143339532917,60.0,60.40716697664585,0.0
2024-08-04 03:23:00,2.0,0.0,0.07680332377642309,60.0,60.40166188821154,0.0
2024-08-04 03:24:00,2.0,0.0,0.07679231517769736,60.0,60.39615758884868,0.0
2024-08-04 03:25:00,2.0,0.0,0.07678130815688833,60.0,60.390654078444165,0.0
2024-08-04 03:26:00,2.0,0.0,0.0767703027137698,60.0,60.385151356884904,0.0
2024-08-04 03:27:00,2.0,1.92556,0.07675929884811566,60.0,60.37964942405783,1.0
2024-08-04 03:28:00,2.0,0.0,0.07647229655969978,60.0,60.23614827984989,0.0
2024-08-04 03:29:00,2.0,0.0,0.07646133540873566,60.0,60.23066770436783,0.0
2024-08-04 03:30:00,2.0,0.0,0.07645037582888731,60.0,60.22518791444365,0.0
2024-08-04 03:31:00,2.0,0.0,0.07643941781992951,60.0,60.21970890996475,0.0
2024-08-04 03:32:00,2.0,0.0,0.07642846138163711,60.0,60.21423069081855,0.0
2024-08-04 03:33:00,2.0,0.0,0.07641750651378498,60.0,60.20875325689249,0.0
2024-08-04 03:34:00,2.0,0.0,0.07640655321614805,60.0,60.20327660807402,0.0
2024-08-04 03:35:00,2.0,0.0,0.0763956014885012,60.0,60.1978007442506,0.0
2024-08-04 03:36:00,2.0,11.553360000000001,0.07638465133061943,60.0,60.19232566530972,6.0
2024-08-04 03:37:00,2.0,11.553360000000001,0.07471770274227774,60.0,59.35885137113887,6.0
2024-08-04 03:38:00,2.0,0.0,0.0730509930858885,60.0,58.525496542944246,0.0
2024-08-04 03:39:00,2.0,0.0,0.0734705271050353,60.0,58.735263552517644,0.0
2024-08-04 03:40:00,2.0,0.0,0.07389000099030452,60.0,58.94500049515226,0.0
2024-08-04 03:41:00,2.0,0.0,0.07430941475031545,60.0,59.15470737515773,0.0
2024-08-04 03:42:00,2.0,0.0,0.07472876839368617,60.0,59.36438419684308,0.0
2024-08-04 03:43:00,2.0,0.0,0.07514806192903346,60.0,59.57403096451673,0.0
2024-08-04 03:44:00,2.0,0.0,0.07556729536497292,60.0,59.78364768248646,0.0
2024-08-04 03:45:00,2.0,0.0,0.07598646871011888,60.0,59.99323435505944,0.0
2024-08-04 03:46:00,2.0,0.0,0.07640558197308447,60.0,60.20279098654223,0.0
2024-08-04 03:47:00,2.0,0.0,0.07682463516248154,60.0,60.41231758124077,0.0
2024-08-04 03:48:00,2.0,0.0,0.07724362828692076,60.0,60.62181414346038,0.0
2024-08-04 03:49:00,2.0,0.0,0.0776625613550115,60.0,60.831280677505745,0.0
2024-08-04 03:50:00,2.0,0.0,0.07808143437536194,60.0,61.04071718768097,0.0
2024-08-04 03:51:00,2.0,0.0,0.07807024257874819,60.0,61.03512128937409,0.0
2024-08-04 03:52:00,2.0,0.0,0.07805905238630977,60.0,61.02952619315488,0.0
2024-08-04 03:53:00,2.0,0.0,0.07804786379781674,60.0,61.023931898908366,0.0
2024-08-04 03:54:00,2.0,0.0,0.0780366768130392,60.0,61.018338406519604,0.0
2024-08-04 03:55:00,2.0,0.0,0.07802549143174733,60.0,61.01274571587366,0.0
2024-08-04 03:56:00,2.0,0.0,0.07801430765371124,60.0,61.00715382685562,0.0
2024-08-04 03:57:00,2.0,0.0,0.07800312547870115,60.0,61.001562739350575,0.0
2024-08-04 03:58:00,2.0,0.0,0.0779919449064873,60.0,60.995972453243645,0.0
2024-08-04 03:59:00,2.0,0.0,0.07798076593683992,60.0,60.99038296841996,0.0
2024-08-04 04:00:00,2.0,0.0,0.07796958856952933,60.0,60.98479428476467,0.0
2024-08-04 04:01:00,2.0,0.0,0.07795841280432587,60.0,60.97920640216294,0.0
2024-08-04 04:02:00,2.0,1.92556,0.07794723864099988,60.0,60.97361932049994,1.0
2024-08-04 04:03:00,2.0,1.92556,0.07766006607932177,60.0,60.83003303966088,1.0
2024-08-04 04:04:00,2.0,0.0,0.07737293467950151,60.0,60.686467339750756,0.0
2024-08-04 04:05:00,2.0,0.0,0.07736184443563919,60.0,60.68092221781959,0.0
2024-08-04 04:06:00,2.0,1.92556,0.07735075578139615,60.0,60.67537789069807,1.0
2024-08-04 04:07:00,2.0,0.0,0.07706366871654455,60.0,60.53183435827227,0.0
2024-08-04 04:08:00,2.0,1.92556,0.07705262280129611,60.0,60.526311400648055,1.0
2024-08-04 04:09:00,2.0,0.0,0.07676557846931313,60.0,60.38278923465656,0.0
2024-08-04 04:10:00,2.0,0.0,0.07675457528080822,60.0,60.377287640404106,0.0
2024-08-04 04:11:00,2.0,0.0,0.07674357366944451,60.0,60.37178683472225,0.0
2024-08-04 04:12:00,2.0,0.0,0.07673257363499594,60.0,60.36628681749797,0.0
2024-08-04 04:13:00,2.0,0.0,0.0767215751772365,60.0,60.36078758861825,0.0
2024-08-04 04:14:00,2.0,0.0,0.07671057829594019,60.0,60.3552891479701,0.0
2024-08-04 04:15:00,2.0,0.0,0.07669958299088106,60.0,60.34979149544053,0.0
2024-08-04 04:16:00,2.0,0.0,0.07668858926183314,60.0,60.34429463091657,0.0
2024-08-04 04:17:00,2.0,0.0,0.07667759710857058,60.0,60.33879855428529,0.0
2024-08-04 04:18:00,2.0,0.0,0.07666660653086749,60.0,60.33330326543374,0.0
2024-08-04 04:19:00,2.0,0.0,0.07665561752849803,60.0,60.32780876424901,0.0
2024-08-04 04:20:00,2.0,0.0,0.07664463010123641,60.0,60.32231505061821,0.0
2024-08-04 04:21:00,2.0,0.0,0.07663364424885688,60.0,60.31682212442844,0.0
2024-08-04 04:22:00,2.0,0.0,0.07662265997113368,60.0,60.31132998556684,0.0
2024-08-04 04:23:00,2.0,0.0,0.07661167726784111,60.0,60.30583863392056,0.0
2024-08-04 04:24:00,2.0,0.0,0.07660069613875352,60.0,60.30034806937676,0.0
2024-08-04 04:25:00,1.0,0.0,0.07658971658364525,60.0,60.29485829182262,0.0
2024-08-04 04:26:00,1.0,1.92556,0.07657873860229068,60.0,60.28936930114534,1.0
2024-08-04 04:27:00,1.0,0.0,0.07629176219446428,60.0,60.145881097232134,0.0
2024-08-04 04:28:00,2.0,0.0,0.07628082692038002,60.0,60.14041346019001,0.0
2024-08-04 04:29:00,2.0,0.0,0.07626989321370248,60.0,60.13494660685124,0.0
2024-08-04 04:30:00,2.0,0.0,0.07625896107420696,60.0,60.12948053710348,0.0
2024-08-04 04:31:00,1.0,0.0,0.07624803050166885,60.0,60.124015250834425,0.0
2024-08-04 04:32:00,1.0,0.0,0.07623710149586355,60.0,60.11855074793177,0.0
2024-08-04 04:33:00,1.0,0.0,0.07622617405656648,60.0,60.11308702828324,0.0
2024-08-04 04:34:00,1.0,0.0,0.07621524818355312,60.0,60.10762409177656,0.0
2024-08-04 04:35:00,1.0,0.0,0.07620432387659895,60.0,60.102161938299474,0.0
2024-08-04 04:36:00,1.0,0.0,0.07619340113547952,60.0,60.09670056773976,0.0
2024-08-04 04:37:00,1.0,0.0,0.07618247995997036,60.0,60.09123997998518,0.0
2024-08-04 04:38:00,1.0,0.0,0.0761715603498471,60.0,60.08578017492355,0.0
2024-08-04 04:39:00,1.0,0.0,0.07616064230488534,60.0,60.08032115244267,0.0
2024-08-04 04:40:00,2.0,0.0,0.07614972582486075,60.0,60.074862912430376,0.0
2024-08-04 04:41:00,2.0,0.0,0.07613881090954902,60.0,60.06940545477451,0.0
2024-08-04 04:42:00,2.0,0.0,0.07612789755872587,60.0,60.06394877936293,0.0
2024-08-04 04:43:00,2.0,0.0,0.07611698577216704,60.0,60.05849288608352,0.0
2024-08-04 04:44:00,2.0,0.0,0.07610607554964834,60.0,60.05303777482417,0.0
2024-08-04 04:45:00,2.0,0.0,0.07609516689094556,60.0,60.04758344547278,0.0
2024-08-04 04:46:00,2.0,0.0,0.07608425979583458,60.0,60.04212989791729,0.0
2024-08-04 04:47:00,2.0,0.0,0.07607335426409129,60.0,60.03667713204564,0.0
2024-08-04 04:48:00,2.0,0.0,0.07606245029549157,60.0,60.03122514774578,0.0
2024-08-04 04:49:00,2.0,0.0,0.07605154788981136,60.0,60.02577394490568,0.0
2024-08-04 04:50:00,2.0,0.0,0.07604064704682668,60.0,60.02032352341334,0.0
2024-08-04 04:51:00,2.0,0.0,0.07602974776631352,60.0,60.01487388315676,0.0
2024-08-04 04:52:00,2.0,0.0,0.07601885004804793,60.0,60.00942502402396,0.0
2024-08-04 04:53:00,2.0,0.0,0.07600795389180597,60.0,60.003976945902984,0.0
2024-08-04 04:54:00,2.0,0.0,0.07599705929736376,60.0,59.99852964868188,0.0
2024-08-04 04:55:00,2.0,0.0,0.07598616626449745,60.0,59.99308313224872,0.0
2024-08-04 04:56:00,2.0,0.0,0.07597527479298319,60.0,59.98763739649159,0.0
2024-08-04 04:57:00,2.0,0.0,0.07596438488259719,60.0,59.982192441298594,0.0
2024-08-04 04:58:00,2.0,0.0,0.07595349653311569,60.0,59.97674826655784,0.0
2024-08-04 04:59:00,2.0,0.0,0.07594260974431495,60.0,59.971304872157475,0.0
2024-08-04 05:00:00,2.0,0.0,0.07593172451597129,60.0,59.96586225798564,0.0
2024-08-04 05:01:00,2.0,0.0,0.07592084084786102,60.0,59.96042042393051,0.0
2024-08-04 05:02:00,2.0,0.0,0.07590995873976052,60.0,59.954979369880256,0.0
2024-08-04 05:03:00,2.0,0.0,0.07589907819144617,60.0,59.94953909572308,0.0
2024-08-04 05:04:00,2.0,0.0,0.0758881992026944,60.0,59.944099601347204,0.0
2024-08-04 05:05:00,2.0,0.0,0.0758773217732817,60.0,59.93866088664085,0.0
2024-08-04 05:06:00,2.0,0.0,0.07586644590298453,60.0,59.93322295149226,0.0
2024-08-04 05:07:00,2.0,0.0,0.07585557159157942,60.0,59.92778579578971,0.0
2024-08-04 05:08:00,2.0,0.0,0.07584469883884293,60.0,59.922349419421465,0.0
2024-08-04 05:09:00,2.0,11.553360000000001,0.07583382764455165,60.0,59.91691382227582,6.0
2024-08-04 05:10:00,2.0,11.553360000000001,0.07416695800848219,60.0,59.0834790042411,6.0
2024-08-04 05:11:00,2.0,0.0,0.07250032729304859,60.0,58.25016364652429,0.0
2024-08-04 05:12:00,2.0,0.0,0.07291994024183601,60.0,58.45997012091801,0.0
2024-08-04 05:13:00,2.0,0.0,0.07333949304543251,60.0,58.66974652271625,0.0
2024-08-04 05:14:00,2.0,0.0,0.07375898571245897,60.0,58.87949285622948,0.0
2024-08-04 05:15:00,2.0,0.0,0.07417841825153507,60.0,59.08920912576753,0.0
2024-08-04 05:16:00,2.0,0.0,0.07459779067127922,60.0,59.298895335639614,0.0
2024-08-04 05:17:00,2.0,0.0,0.07501710298030867,60.0,59.50855149015433,0.0
2024-08-04 05:18:00,2.0,0.0,0.07543635518723935,60.0,59.71817759361967,0.0
2024-08-04 05:19:00,2.0,0.0,0.07585554730068599,60.0,59.92777365034299,0.0
2024-08-04 05:20:00,2.0,0.0,0.0762746793292621,60.0,60.13733966463105,0.0
2024-08-04 05:21:00,2.0,0.0,0.07669375128157993,60.0,60.34687564078997,0.0
2024-08-04 05:22:00,2.0,0.0,0.07711276316625051,60.0,60.55638158312526,0.0
2024-08-04 05:23:00,2.0,0.0,0.07753171499188363,60.0,60.765857495941816,0.0
2024-08-04 05:24:00,2.0,0.0,0.07795060676708784,60.0,60.975303383543924,0.0
2024-08-04 05:25:00,2.0,0.0,0.0783694385004705,60.0,61.18471925023525,0.0
2024-08-04 05:26:00,2.0,0.0,0.07835820542280679,60.0,61.179102711403395,0.0
2024-08-04 05:27:00,2.0,0.0,0.07834697395523545,60.0,61.17348697761772,0.0
2024-08-04 05:28:00,2.0,0.0,0.07833574409752567,60.0,61.16787204876283,0.0
2024-08-04 05:29:00,2.0,0.0,0.07832451584944672,60.0,61.162257924723356,0.0
2024-08-04 05:30:00,2.0,0.0,0.07831328921076787,60.0,61.15664460538393,0.0
2024-08-04 05:31:00,2.0,0.0,0.07830206418125843,60.0,61.151032090629215,0.0
2024-08-04 05:32:00,2.0,0.0,0.07829084076068778,60.0,61.145420380343886,0.0
2024-08-04 05:33:00,2.0,0.0,0.07827961894882528,60.0,61.13980947441264,0.0
2024-08-04 05:34:00,1.0,0.0,0.07826839874544035,60.0,61.134199372720175,0.0
2024-08-04 05:35:00,1.0,0.0,0.07825718015030245,60.0,61.12859007515122,0.0
2024-08-04 05:36:00,1.0,0.0,0.07824596316318105,60.0,61.12298158159052,0.0
2024-08-04 05:37:00,2.0,0.0,0.07823474778384566,60.0,61.11737389192283,0.0
2024-08-04 05:38:00,2.0,0.0,0.07822353401206585,60.0,61.11176700603292,0.0
2024-08-04 05:39:00,2.0,0.0,0.07821232184761118,60.0,61.10616092380559,0.0
2024-08-04 05:40:00,2.0,0.0,0.07820111129025127,60.0,61.10055564512564,0.0
2024-08-04 05:41:00,2.0,0.0,0.07818990233975577,60.0,61.09495116987789,0.0
2024-08-04 05:42:00,2.0,0.0,0.07817869499589436,60.0,61.08934749794718,0.0
2024-08-04 05:43:00,2.0,0.0,0.07816748925843676,60.0,61.08374462921838,0.0
2024-08-04 05:44:00,2.0,0.0,0.0781562851271527,60.0,61.07814256357635,0.0
2024-08-04 05:45:00,2.0,0.0,0.07814508260181197,60.0,61.07254130090598,0.0
2024-08-04 05:46:00,2.0,0.0,0.07813388168218438,60.0,61.06694084109219,0.0
2024-08-04 05:47:00,2.0,0.0,0.07812268236803978,60.0,61.06134118401989,0.0
2024-08-04 05:48:00,2.0,0.0,0.07811148465914804,60.0,61.05574232957402,0.0
2024-08-04 05:49:00,2.0,0.0,0.07810028855527906,60.0,61.05014427763953,0.0
2024-08-04 05:50:00,2.0,0.0,0.07808909405620283,60.0,61.04454702810141,0.0
2024-08-04 05:51:00,2.0,0.0,0.07807790116168926,60.0,61.038950580844634,0.0
2024-08-04 05:52:00,2.0,0.0,0.07806670987150842,60.0,61.03335493575421,0.0
2024-08-04 05:53:00,2.0,0.0,0.07805552018543033,60.0,61.02776009271516,0.0
2024-08-04 05:54:00,2.0,0.0,0.07804433210322506,60.0,61.02216605161253,0.0
2024-08-04 05:55:00,2.0,0.0,0.07803314562466272,60.0,61.01657281233136,0.0
2024-08-04 05:56:00,2.0,0.0,0.07802196074951347,60.0,61.010980374756734,0.0
2024-08-04 05:57:00,2.0,0.0,0.07801077747754746,60.0,61.00538873877373,0.0
2024-08-04 05:58:00,2.0,0.0,0.07799959580853492,60.0,60.99979790426746,0.0
2024-08-04 05:59:00,2.0,0.0,0.07798841574224608,60.0,60.99420787112304,0.0
2024-08-04 06:00:00,2.0,0.0,0.0779772372784512,60.0,60.9886186392256,0.0
2024-08-04 06:01:00,2.0,0.0,0.0779660604169206,60.0,60.9830302084603,0.0
2024-08-04 06:02:00,2.0,0.0,0.07795488515742463,60.0,60.97744257871231,0.0
2024-08-04 06:03:00,2.0,0.0,0.07794371149973364,60.0,60.97185574986682,0.0
2024-08-04 06:04:00,2.0,0.0,0.07793253944361805,60.0,60.96626972180903,0.0
2024-08-04 06:05:00,2.0,0.0,0.0779213689888483,60.0,60.96068449442415,0.0
2024-08-04 06:06:00,2.0,0.0,0.07791020013519485,60.0,60.95510006759743,0.0
2024-08-04 06:07:00,2.0,0.0,0.07789903288242823,60.0,60.949516441214115,0.0
2024-08-04 06:08:00,2.0,0.0,0.07788786723031894,60.0,60.94393361515947,0.0
2024-08-04 06:09:00,2.0,0.0,0.07787670317863758,60.0,60.93835158931879,0.0
2024-08-04 06:10:00,2.0,0.0,0.07786554072715474,60.0,60.93277036357737,0.0
2024-08-04 06:11:00,2.0,0.0,0.07785437987564105,60.0,60.92718993782052,0.0
2024-08-04 06:12:00,2.0,0.0,0.07784322062386718,60.0,60.92161031193359,0.0
2024-08-04 06:13:00,2.0,0.0,0.07783206297160385,60.0,60.91603148580192,0.0
2024-08-04 06:14:00,2.0,0.0,0.07782090691862177,60.0,60.91045345931089,0.0
2024-08-04 06:15:00,2.0,0.0,0.07780975246469173,60.0,60.90487623234586,0.0
2024-08-04 06:16:00,1.0,0.0,0.07779859960958452,60.0,60.89929980479226,0.0
2024-08-04 06:17:00,1.0,0.0,0.07778744835307096,60.0,60.89372417653548,0.0
2024-08-04 06:18:00,1.0,0.0,0.07777629869492192,60.0,60.88814934746096,0.0
2024-08-04 06:19:00,2.0,0.0,0.07776515063490831,60.0,60.882575317454155,0.0
2024-08-04 06:20:00,2.0,0.0,0.07775400417280107,60.0,60.87700208640053,0.0
2024-08-04 06:21:00,2.0,0.0,0.07774285930837115,60.0,60.87142965418557,0.0
2024-08-04 06:22:00,2.0,0.0,0.07773171604138954,60.0,60.865858020694766,0.0
2024-08-04 06:23:00,2.0,0.0,0.07772057437162727,60.0,60.86028718581363,0.0
2024-08-04 06:24:00,2.0,0.0,0.07770943429885542,60.0,60.85471714942771,0.0
2024-08-04 06:25:00,2.0,0.0,0.07769829582284507,60.0,60.849147911422534,0.0
2024-08-04 06:26:00,2.0,0.0,0.07768715894336735,60.0,60.843579471683675,0.0
2024-08-04 06:27:00,2.0,0.0,0.07767602366019344,60.0,60.83801183009672,0.0
2024-08-04 06:28:00,2.0,0.0,0.07766488997309451,60.0,60.83244498654725,0.0
2024-08-04 06:29:00,2.0,0.0,0.07765375788184178,60.0,60.82687894092089,0.0
2024-08-04 06:30:00,2.0,0.0,0.07764262738620654,60.0,60.82131369310327,0.0
2024-08-04 06:31:00,1.0,0.0,0.07763149848596007,60.0,60.81574924298003,0.0
2024-08-04 06:32:00,1.0,0.0,0.07762037118087368,60.0,60.810185590436845,0.0
2024-08-04 06:33:00,1.0,0.0,0.07760924547071876,60.0,60.80462273535938,0.0
2024-08-04 06:34:00,1.0,0.0,0.07759812135526667,60.0,60.799060677633335,0.0
2024-08-04 06:35:00,1.0,0.0,0.07758699883428885,60.0,60.793499417144425,0.0
2024-08-04 06:36:00,1.0,0.0,0.07757587790755674,60.0,60.78793895377837,0.0
2024-08-04 06:37:00,1.0,0.0,0.07756475857484185,60.0,60.78237928742092,0.0
2024-08-04 06:38:00,1.0,0.0,0.07755364083591569,60.0,60.77682041795784,0.0
2024-08-04 06:39:00,1.0,0.0,0.07754252469054981,60.0,60.771262345274906,0.0
2024-08-04 06:40:00,1.0,0.0,0.0775314101385158,60.0,60.765705069257905,0.0
2024-08-04 06:41:00,1.0,0.0,0.0775202971795853,60.0,60.76014858979265,0.0
2024-08-04 06:42:00,1.0,0.0,0.07750918581352995,60.0,60.75459290676497,0.0
2024-08-04 06:43:00,1.0,0.0,0.0774980760401214,60.0,60.7490380200607,0.0
2024-08-04 06:44:00,1.0,0.0,0.07748696785913142,60.0,60.74348392956571,0.0
2024-08-04 06:45:00,1.0,0.0,0.07747586127033175,60.0,60.737930635165874,0.0
2024-08-04 06:46:00,1.0,0.0,0.07746475627349415,60.0,60.73237813674707,0.0
2024-08-04 06:47:00,1.0,0.0,0.07745365286839045,60.0,60.726826434195225,0.0
2024-08-04 06:48:00,1.0,0.0,0.07744255105479249,60.0,60.721275527396244,0.0
2024-08-04 06:49:00,1.0,0.0,0.07743145083247217,60.0,60.71572541623608,0.0
2024-08-04 06:50:00,1.0,0.0,0.07742035220120139,60.0,60.71017610060069,0.0
2024-08-04 06:51:00,1.0,0.0,0.0774092551607521,60.0,60.70462758037605,0.0
2024-08-04 06:52:00,1.0,0.0,0.07739815971089628,60.0,60.69907985544814,0.0
2024-08-04 06:53:00,1.0,0.0,0.07738706585140595,60.0,60.693532925702975,0.0
2024-08-04 06:54:00,1.0,0.0,0.07737597358205316,60.0,60.687986791026574,0.0
2024-08-04 06:55:00,1.0,0.0,0.07736488290260995,60.0,60.682441451304975,0.0
2024-08-04 06:56:00,1.0,0.0,0.07735379381284847,60.0,60.67689690642423,0.0
2024-08-04 06:57:00,1.0,0.0,0.07734270631254084,60.0,60.67135315627042,0.0
2024-08-04 06:58:00,1.0,0.0,0.07733162040145924,60.0,60.665810200729624,0.0
2024-08-04 06:59:00,1.0,0.0,0.0773205360793759,60.0,60.66026803968795,0.0
2024-08-04 07:00:00,1.0,0.0,0.07730945334606304,60.0,60.65472667303152,0.0
2024-08-04 07:01:00,2.0,0.0,0.07729837220129293,60.0,60.64918610064647,0.0
2024-08-04 07:02:00,2.0,0.0,0.07728729264483791,60.0,60.64364632241895,0.0
2024-08-04 07:03:00,2.0,0.0,0.07727621467647028,60.0,60.63810733823514,0.0
2024-08-04 07:04:00,2.0,0.0,0.07726513829596242,60.0,60.63256914798121,0.0
2024-08-04 07:05:00,2.0,0.0,0.07725406350308674,60.0,60.62703175154337,0.0
2024-08-04 07:06:00,2.0,0.0,0.07724299029761568,60.0,60.62149514880784,0.0
2024-08-04 07:07:00,2.0,0.0,0.0772319186793217,60.0,60.615959339660854,0.0
2024-08-04 07:08:00,2.0,0.0,0.07722084864797732,60.0,60.61042432398866,0.0
2024-08-04 07:09:00,2.0,0.0,0.07720978020335506,60.0,60.604890101677526,0.0
2024-08-04 07:10:00,2.0,0.0,0.07719871334522747,60.0,60.59935667261374,0.0
2024-08-04 07:11:00,2.0,0.0,0.0771876480733672,60.0,60.5938240366836,0.0
2024-08-04 07:12:00,2.0,0.0,0.07717658438754683,60.0,60.58829219377342,0.0
2024-08-04 07:13:00,2.0,0.0,0.07716552228753906,60.0,60.58276114376953,0.0
2024-08-04 07:14:00,2.0,0.0,0.07715446177311658,60.0,60.57723088655829,0.0
2024-08-04 07:15:00,2.0,0.0,0.0771434028440521,60.0,60.57170142202605,0.0
2024-08-04 07:16:00,2.0,0.0,0.07713234550011842,60.0,60.56617275005921,0.0
2024-08-04 07:17:00,2.0,0.0,0.07712128974108831,60.0,60.56064487054415,0.0
2024-08-04 07:18:00,2.0,0.0,0.07711023556673459,60.0,60.555117783367294,0.0
2024-08-04 07:19:00,2.0,0.0,0.07709918297683013,60.0,60.54959148841507,0.0
2024-08-04 07:20:00,2.0,0.0,0.07708813197114783,60.0,60.544065985573916,0.0
2024-08-04 07:21:00,2.0,0.0,0.07707708254946062,60.0,60.538541274730306,0.0
2024-08-04 07:22:00,2.0,0.0,0.07706603471154144,60.0,60.53301735577072,0.0
2024-08-04 07:23:00,2.0,0.0,0.0770549884571633,60.0,60.527494228581645,0.0
2024-08-04 07:24:00,2.0,0.0,0.07704394378609919,60.0,60.521971893049596,0.0
2024-08-04 07:25:00,2.0,0.0,0.0770329006981222,60.0,60.5164503490611,0.0
2024-08-04 07:26:00,2.0,0.0,0.07702185919300542,60.0,60.510929596502706,0.0
2024-08-04 07:27:00,2.0,0.0,0.07701081927052193,60.0,60.50540963526097,0.0
2024-08-04 07:28:00,2.0,0.0,0.07699978093044495,60.0,60.49989046522247,0.0
2024-08-04 07:29:00,2.0,0.0,0.0769887441725476,60.0,60.4943720862738,0.0
2024-08-04 07:30:00,2.0,0.0,0.07697770899660313,60.0,60.48885449830156,0.0
2024-08-04 07:31:00,1.0,0.0,0.07696667540238479,60.0,60.4833377011924,0.0
2024-08-04 07:32:00,1.0,0.0,0.07695564338966587,60.0,60.47782169483293,0.0
2024-08-04 07:33:00,1.0,0.0,0.07694461295821967,60.0,60.47230647910983,0.0
2024-08-04 07:34:00,1.0,0.0,0.07693358410781954,60.0,60.46679205390977,0.0
2024-08-04 07:35:00,1.0,0.0,0.07692255683823888,60.0,60.46127841911944,0.0
2024-08-04 07:36:00,1.0,0.0,0.07691153114925108,60.0,60.45576557462554,0.0
2024-08-04 07:37:00,1.0,0.0,0.07690050704062959,60.0,60.450253520314796,0.0
2024-08-04 07:38:00,1.0,0.0,0.0768894845121479,60.0,60.44474225607395,0.0
2024-08-04 07:39:00,1.0,0.0,0.07687846356357951,60.0,60.43923178178976,0.0
2024-08-04 07:40:00,1.0,0.0,0.07686744419469797,60.0,60.43372209734898,0.0
2024-08-04 07:41:00,1.0,0.0,0.07685642640527685,60.0,60.428213202638425,0.0
2024-08-04 07:42:00,1.0,0.0,0.07684541019508975,60.0,60.42270509754488,0.0
2024-08-04 07:43:00,1.0,0.0,0.07683439556391033,60.0,60.41719778195517,0.0
2024-08-04 07:44:00,1.0,0.0,0.07682338251151227,60.0,60.41169125575613,0.0
2024-08-04 07:45:00,1.0,0.0,0.07681237103766923,60.0,60.40618551883462,0.0
2024-08-04 07:46:00,1.0,0.0,0.07680136114215501,60.0,60.4006805710775,0.0
2024-08-04 07:47:00,1.0,0.0,0.07679035282474332,60.0,60.39517641237166,0.0
2024-08-04 07:48:00,1.0,0.0,0.076779346085208,60.0,60.389673042604,0.0
2024-08-04 07:49:00,2.0,0.0,0.07676834092332288,60.0,60.38417046166144,0.0
2024-08-04 07:50:00,2.0,0.0,0.07675733733886182,60.0,60.37866866943091,0.0
2024-08-04 07:51:00,2.0,0.0,0.07674633533159872,60.0,60.37316766579936,0.0
2024-08-04 07:52:00,2.0,0.0,0.07673533490130752,60.0,60.367667450653755,0.0
2024-08-04 07:53:00,2.0,0.0,0.07672433604776219,60.0,60.36216802388109,0.0
2024-08-04 07:54:00,2.0,0.0,0.0767133387707367,60.0,60.35666938536835,0.0
2024-08-04 07:55:00,2.0,0.0,0.0767023430700051,60.0,60.35117153500255,0.0
2024-08-04 07:56:00,2.0,0.0,0.07669134894534146,60.0,60.34567447267073,0.0
2024-08-04 07:57:00,2.0,0.0,0.07668035639651988,60.0,60.340178198259935,0.0
2024-08-04 07:58:00,2.0,0.0,0.07666936542331444,60.0,60.33468271165722,0.0
2024-08-04 07:59:00,2.0,0.0,0.07665837602549935,60.0,60.329188012749675,0.0
2024-08-04 08:00:00,2.0,0.0,0.07664738820284878,60.0,60.32369410142439,0.0
2024-08-04 08:01:00,2.0,0.0,0.07663640195513695,60.0,60.31820097756847,0.0
2024-08-04 08:02:00,2.0,0.0,0.07662541728213812,60.0,60.31270864106906,0.0
2024-08-04 08:03:00,2.0,0.0,0.07661443418362658,60.0,60.30721709181329,0.0
2024-08-04 08:04:00,2.0,0.0,0.07660345265937665,60.0,60.30172632968833,0.0
2024-08-04 08:05:00,2.0,0.0,0.07659247270916271,60.0,60.29623635458135,0.0
2024-08-04 08:06:00,2.0,0.0,0.0765814943327591,60.0,60.290747166379546,0.0
2024-08-04 08:07:00,2.0,0.0,0.07657051752994026,60.0,60.28525876497013,0.0
2024-08-04 08:08:00,2.0,0.0,0.07655954230048065,60.0,60.27977115024032,0.0
2024-08-04 08:09:00,2.0,0.0,0.07654856864415473,60.0,60.274284322077364,0.0
2024-08-04 08:10:00,2.0,0.0,0.07653759656073703,60.0,60.268798280368514,0.0
2024-08-04 08:11:00,2.0,0.0,0.0765266260500021,60.0,60.26331302500105,0.0
2024-08-04 08:12:00,2.0,0.0,0.0765156571117245,60.0,60.257828555862254,0.0
2024-08-04 08:13:00,2.0,0.0,0.07650468974567888,60.0,60.25234487283944,0.0
2024-08-04 08:14:00,2.0,0.0,0.07649372395163984,60.0,60.24686197581992,0.0
2024-08-04 08:15:00,2.0,0.0,0.07648275972938208,60.0,60.24137986469104,0.0
2024-08-04 08:16:00,2.0,0.0,0.0764717970786803,60.0,60.235898539340155,0.0
2024-08-04 08:17:00,2.0,0.0,0.07646083599930927,60.0,60.230417999654634,0.0
2024-08-04 08:18:00,2.0,0.0,0.07644987649104372,60.0,60.22493824552186,0.0
2024-08-04 08:19:00,2.0,0.0,0.07643891855365849,60.0,60.21945927682924,0.0
2024-08-04 08:20:00,2.0,0.0,0.07642796218692838,60.0,60.21398109346419,0.0
2024-08-04 08:21:00,2.0,0.0,0.0764170073906283,60.0,60.20850369531415,0.0
2024-08-04 08:22:00,2.0,0.0,0.07640605416453314,60.0,60.203027082266566,0.0
2024-08-04 08:23:00,2.0,0.0,0.07639510250841781,60.0,60.1975512542089,0.0
2024-08-04 08:24:00,2.0,0.0,0.07638415242205732,60.0,60.192076211028656,0.0
2024-08-04 08:25:00,2.0,0.0,0.07637320390522663,60.0,60.186601952613316,0.0
2024-08-04 08:26:00,2.0,0.0,0.0763622569577008,60.0,60.1811284788504,0.0
2024-08-04 08:27:00,2.0,0.0,0.07635131157925487,60.0,60.175655789627434,0.0
2024-08-04 08:28:00,1.0,0.0,0.07634036776966396,60.0,60.17018388483198,0.0
2024-08-04 08:29:00,1.0,0.0,0.07632942552870318,60.0,60.16471276435159,0.0
2024-08-04 08:30:00,1.0,0.0,0.0763184848561477,60.0,60.15924242807385,0.0
2024-08-04 08:31:00,1.0,0.0,0.07630754575177272,60.0,60.15377287588636,0.0
2024-08-04 08:32:00,1.0,0.0,0.07629660821535346,60.0,60.14830410767673,0.0
2024-08-04 08:33:00,1.0,0.0,0.07628567224666516,60.0,60.14283612333258,0.0
2024-08-04 08:34:00,1.0,0.0,0.07627473784548312,60.0,60.13736892274156,0.0
2024-08-04 08:35:00,1.0,0.0,0.07626380501158267,60.0,60.13190250579133,0.0
2024-08-04 08:36:00,1.0,0.0,0.07625287374473914,60.0,60.126436872369574,0.0
2024-08-04 08:37:00,1.0,0.0,0.07624194404472796,60.0,60.12097202236398,0.0
2024-08-04 08:38:00,1.0,0.0,0.0762310159113245,60.0,60.11550795566225,0.0
2024-08-04 08:39:00,1.0,0.0,0.07622008934430424,60.0,60.11004467215212,0.0
2024-08-04 08:40:00,1.0,0.0,0.07620916434344267,60.0,60.10458217172133,0.0
2024-08-04 08:41:00,1.0,0.0,0.07619824090851528,60.0,60.09912045425764,0.0
2024-08-04 08:42:00,1.0,0.0,0.07618731903929762,60.0,60.09365951964881,0.0
2024-08-04 08:43:00,1.0,0.0,0.07617639873556528,60.0,60.08819936778264,0.0
2024-08-04 08:44:00,1.0,0.0,0.07616547999709387,60.0,60.082739998546934,0.0
2024-08-04 08:45:00,1.0,0.0,0.07615456282365902,60.0,60.07728141182951,0.0
2024-08-04 08:46:00,1.0,0.0,0.07614364721503643,60.0,60.07182360751821,0.0
2024-08-04 08:47:00,1.0,0.0,0.07613273317100178,60.0,60.06636658550089,0.0
2024-08-04 08:48:00,1.0,0.0,0.07612182069133083,60.0,60.06091034566541,0.0
2024-08-04 08:49:00,1.0,0.0,0.07611090977579935,60.0,60.05545488789967,0.0
2024-08-04 08:50:00,1.0,0.0,0.07610000042418312,60.0,60.05000021209156,0.0
2024-08-04 08:51:00,1.0,0.0,0.07608909263625802,60.0,60.04454631812901,0.0
2024-08-04 08:52:00,1.0,0.0,0.07607818641179988,60.0,60.03909320589994,0.0
2024-08-04 08:53:00,1.0,0.0,0.07606728175058461,60.0,60.033640875292306,0.0
2024-08-04 08:54:00,1.0,0.0,0.07605637865238817,60.0,60.02818932619408,0.0
2024-08-04 08:55:00,1.0,0.0,0.07604547711698648,60.0,60.02273855849324,0.0
2024-08-04 08:56:00,1.0,0.0,0.07603457714415557,60.0,60.01728857207778,0.0
2024-08-04 08:57:00,1.0,0.0,0.07602367873367144,60.0,60.01183936683572,0.0
2024-08-04 08:58:00,1.0,0.0,0.07601278188531019,60.0,60.006390942655095,0.0
2024-08-04 08:59:00,1.0,0.0,0.07600188659884789,60.0,60.000943299423945,0.0
2024-08-04 09:00:00,1.0,0.0,0.07599099287406066,60.0,59.99549643703033,0.0
2024-08-04 09:01:00,1.0,0.0,0.07598010071072468,60.0,59.99005035536234,0.0
2024-08-04 09:02:00,1.0,0.0,0.07596921010861613,60.0,59.98460505430806,0.0
2024-08-04 09:03:00,1.0,0.0,0.07595832106751121,60.0,59.9791605337556,0.0
2024-08-04 09:04:00,3.0,0.0,0.0759474335871862,60.0,59.9737167935931,0.0
2024-08-04 09:05:00,3.0,0.0,0.07593654766741738,60.0,59.968273833708686,0.0
2024-08-04 09:06:00,3.0,0.0,0.07592566330798106,60.0,59.96283165399053,0.0
2024-08-04 09:07:00,3.0,0.0,0.07591478050865358,60.0,59.95739025432679,0.0
2024-08-04 09:08:00,3.0,0.0,0.07590389926921136,60.0,59.951949634605675,0.0
2024-08-04 09:09:00,3.0,0.0,0.07589301958943076,60.0,59.94650979471538,0.0
2024-08-04 09:10:00,3.0,0.0,0.07588214146908828,60.0,59.94107073454414,0.0
2024-08-04 09:11:00,3.0,0.0,0.07587126490796037,60.0,59.93563245398018,0.0
2024-08-04 09:12:00,3.0,0.0,0.07586038990582354,60.0,59.93019495291177,0.0
2024-08-04 09:13:00,3.0,0.0,0.07584951646245433,60.0,59.924758231227166,0.0
2024-08-04 09:14:00,3.0,0.0,0.07583864457762933,60.0,59.91932228881466,0.0
2024-08-04 09:15:00,3.0,0.0,0.07582777425112512,60.0,59.91388712556256,0.0
2024-08-04 09:16:00,3.0,0.0,0.07581690548271837,60.0,59.908452741359184,0.0
2024-08-04 09:17:00,3.0,0.0,0.07580603827218574,60.0,59.903019136092865,0.0
2024-08-04 09:18:00,3.0,0.0,0.07579517261930391,60.0,59.897586309651956,0.0
2024-08-04 09:19:00,3.0,0.0,0.07578430852384965,60.0,59.89215426192482,0.0
2024-08-04 09:20:00,3.0,0.0,0.0757734459855997,60.0,59.88672299279985,0.0
2024-08-04 09:21:00,3.0,0.0,0.07576258500433086,60.0,59.88129250216543,0.0
2024-08-04 09:22:00,3.0,0.0,0.07575172557981996,60.0,59.87586278990998,0.0
2024-08-04 09:23:00,3.0,0.0,0.07574086771184388,60.0,59.87043385592194,0.0
2024-08-04 09:24:00,3.0,0.0,0.0757300114001795,60.0,59.865005700089746,0.0
2024-08-04 09:25:00,3.0,0.0,0.07571915664460374,60.0,59.85957832230187,0.0
2024-08-04 09:26:00,3.0,0.0,0.07570830344489357,60.0,59.85415172244679,0.0
2024-08-04 09:27:00,3.0,0.0,0.07569745180082599,60.0,59.848725900412994,0.0
2024-08-04 09:28:00,3.0,0.0,0.07568660171217799,60.0,59.843300856088995,0.0
2024-08-04 09:29:00,3.0,0.0,0.07567575317872666,60.0,59.837876589363326,0.0
2024-08-04 09:30:00,3.0,0.0,0.07566490620024906,60.0,59.832453100124525,0.0
2024-08-04 09:31:00,3.0,0.0,0.0756540607765223,60.0,59.82703038826115,0.0
2024-08-04 09:32:00,3.0,0.0,0.07564321690732356,60.0,59.82160845366178,0.0
2024-08-04 09:33:00,3.0,0.0,0.07563237459243001,60.0,59.816187296215006,0.0
2024-08-04 09:34:00,3.0,0.0,0.07562153383161886,60.0,59.81076691580943,0.0
2024-08-04 09:35:00,3.0,0.0,0.07561069462466737,60.0,59.80534731233368,0.0
2024-08-04 09:36:00,3.0,0.0,0.0755998569713528,60.0,59.799928485676396,0.0
2024-08-04 09:37:00,3.0,0.0,0.07558902087145246,60.0,59.79451043572623,0.0
2024-08-04 09:38:00,3.0,0.0,0.0755781863247437,60.0,59.78909316237185,0.0
2024-08-04 09:39:00,3.0,0.0,0.0755673533310039,60.0,59.78367666550194,0.0
2024-08-04 09:40:00,1.0,0.0,0.07555652189001043,60.0,59.778260945005215,0.0
2024-08-04 09:41:00,1.0,0.0,0.07554569200154078,60.0,59.772846000770386,0.0
2024-08-04 09:42:00,1.0,0.0,0.07553486366537238,60.0,59.767431832686185,0.0
2024-08-04 09:43:00,1.0,0.0,0.07552403688128273,60.0,59.76201844064136,0.0
2024-08-04 09:44:00,1.0,0.0,0.07551321164904938,60.0,59.75660582452469,0.0
2024-08-04 09:45:00,1.0,0.0,0.0755023879684499,60.0,59.75119398422495,0.0
2024-08-04 09:46:00,1.0,0.0,0.07549156583926186,60.0,59.74578291963093,0.0
2024-08-04 09:47:00,1.0,0.0,0.07548074526126293,60.0,59.74037263063146,0.0
2024-08-04 09:48:00,1.0,0.0,0.07546992623423072,60.0,59.73496311711536,0.0
2024-08-04 09:49:00,1.0,0.0,0.07545910875794297,60.0,59.729554378971486,0.0
2024-08-04 09:50:00,1.0,0.0,0.07544829283217737,60.0,59.724146416088686,0.0
2024-08-04 09:51:00,1.0,0.0,0.0754374784567117,60.0,59.71873922835585,0.0
2024-08-04 09:52:00,1.0,0.0,0.07542666563132373,60.0,59.713332815661865,0.0
2024-08-04 09:53:00,1.0,0.0,0.07541585435579129,60.0,59.70792717789564,0.0
2024-08-04 09:54:00,1.0,0.0,0.07540504462989221,60.0,59.70252231494611,0.0
2024-08-04 09:55:00,1.0,0.0,0.07539423645340441,60.0,59.69711822670221,0.0
2024-08-04 09:56:00,1.0,0.0,0.0753834298261058,60.0,59.6917149130529,0.0
2024-08-04 09:57:00,1.0,0.0,0.0753726247477743,60.0,59.68631237388715,0.0
2024-08-04 09:58:00,1.0,0.0,0.0753618212181879,60.0,59.68091060909395,0.0
2024-08-04 09:59:00,1.0,0.0,0.07535101923712462,60.0,59.67550961856231,0.0
2024-08-04 10:00:00,1.0,0.0,0.0753402188043625,60.0,59.67010940218125,0.0
2024-08-04 10:01:00,1.0,0.0,0.07532941991967959,60.0,59.6647099598398,0.0
2024-08-04 10:02:00,1.0,0.0,0.07531862258285403,60.0,59.65931129142702,0.0
2024-08-04 10:03:00,1.0,0.0,0.07530782679366395,60.0,59.653913396831975,0.0
2024-08-04 10:04:00,1.0,0.0,0.0752970325518875,60.0,59.64851627594375,0.0
2024-08-04 10:05:00,1.0,0.0,0.0752862398573029,60.0,59.64311992865145,0.0
2024-08-04 10:06:00,1.0,0.0,0.07527544870968837,60.0,59.63772435484419,0.0
2024-08-04 10:07:00,1.0,0.0,0.0752646591088222,60.0,59.6323295544111,0.0
2024-08-04 10:08:00,1.0,0.0,0.07525387105448267,60.0,59.626935527241336,0.0
2024-08-04 10:09:00,1.0,0.0,0.07524308454644811,60.0,59.62154227322405,0.0
2024-08-04 10:10:00,1.0,0.0,0.07523229958449687,60.0,59.616149792248436,0.0
2024-08-04 10:11:00,1.0,0.0,0.07522151616840736,60.0,59.61075808420368,0.0
2024-08-04 10:12:00,1.0,0.0,0.07521073429795799,60.0,59.605367148979,0.0
2024-08-04 10:13:00,1.0,0.0,0.07519995397292724,60.0,59.599976986463616,0.0
2024-08-04 10:14:00,1.0,0.0,0.07518917519309357,60.0,59.59458759654678,0.0
2024-08-04 10:15:00,1.0,0.0,0.0751783979582355,60.0,59.58919897911775,0.0
2024-08-04 10:16:00,1.0,0.0,0.07516762226813159,60.0,59.5838111340658,0.0
2024-08-04 10:17:00,1.0,0.0,0.07515684812256043,60.0,59.57842406128022,0.0
2024-08-04 10:18:00,1.0,0.0,0.07514607552130063,60.0,59.573037760650315,0.0
2024-08-04 10:19:00,1.0,0.0,0.07513530446413083,60.0,59.56765223206541,0.0
2024-08-04 10:20:00,1.0,0.0,0.07512453495082971,60.0,59.562267475414856,0.0
2024-08-04 10:21:00,1.0,0.0,0.07511376698117599,60.0,59.55688349058799,0.0
2024-08-04 10:22:00,1.0,0.0,0.0751030005549484,60.0,59.5515002774742,0.0
2024-08-04 10:23:00,1.0,0.0,0.0750922356719257,60.0,59.54611783596285,0.0
2024-08-04 10:24:00,1.0,0.0,0.07508147233188674,60.0,59.540736165943365,0.0
2024-08-04 10:25:00,1.0,0.0,0.0750707105346103,60.0,59.53535526730515,0.0
2024-08-04 10:26:00,1.0,0.0,0.07505995027987528,60.0,59.52997513993764,0.0
2024-08-04 10:27:00,1.0,0.0,0.07504919156746058,60.0,59.52459578373029,0.0
2024-08-04 10:28:00,1.0,0.0,0.07503843439714512,60.0,59.51921719857256,0.0
2024-08-04 10:29:00,1.0,0.0,0.07502767876870789,60.0,59.51383938435394,0.0
2024-08-04 10:30:00,1.0,0.0,0.07501692468192785,60.0,59.50846234096392,0.0
2024-08-04 10:31:00,1.0,0.0,0.07500617213658405,60.0,59.50308606829202,0.0
2024-08-04 10:32:00,1.0,0.0,0.07499542113245554,60.0,59.49771056622777,0.0
2024-08-04 10:33:00,1.0,0.0,0.0749846716693214,60.0,59.4923358346607,0.0
2024-08-04 10:34:00,1.0,0.0,0.07497392374696078,60.0,59.48696187348039,0.0
2024-08-04 10:35:00,1.0,0.0,0.0749631773651528,60.0,59.4815886825764,0.0
2024-08-04 10:36:00,1.0,0.0,0.07495243252367667,60.0,59.47621626183833,0.0
2024-08-04 10:37:00,1.0,0.0,0.07494168922231158,60.0,59.47084461115579,0.0
2024-08-04 10:38:00,1.0,0.0,0.07493094746083681,60.0,59.4654737304184,0.0
2024-08-04 10:39:00,1.0,0.0,0.07492020723903163,60.0,59.46010361951581,0.0
2024-08-04 10:40:00,1.0,0.0,0.07490946855667534,60.0,59.45473427833767,0.0
2024-08-04 10:41:00,1.0,0.0,0.07489873141354729,60.0,59.44936570677364,0.0
2024-08-04 10:42:00,1.0,0.0,0.07488799580942686,60.0,59.44399790471343,0.0
2024-08-04 10:43:00,1.0,0.0,0.07487726174409344,60.0,59.43863087204672,0.0
2024-08-04 10:44:00,1.0,0.0,0.0748665292173265,60.0,59.43326460866325,0.0
2024-08-04 10:45:00,1.0,0.0,0.07485579822890549,60.0,59.42789911445274,0.0
2024-08-04 10:46:00,1.0,0.0,0.0748450687786099,60.0,59.42253438930495,0.0
2024-08-04 10:47:00,1.0,0.0,0.07483434086621928,60.0,59.41717043310964,0.0
2024-08-04 10:48:00,1.0,0.0,0.07482361449151319,60.0,59.41180724575659,0.0
2024-08-04 10:49:00,1.0,0.0,0.0748128896542712,60.0,59.4064448271356,0.0
2024-08-04 10:50:00,1.0,0.0,0.07480216635427299,60.0,59.40108317713649,0.0
2024-08-04 10:51:00,1.0,0.0,0.07479144459129818,60.0,59.39572229564909,0.0
2024-08-04 10:52:00,3.0,0.0,0.07478072436512646,60.0,59.39036218256323,0.0
2024-08-04 10:53:00,3.0,0.0,0.07477000567553757,60.0,59.38500283776879,0.0
2024-08-04 10:54:00,3.0,0.0,0.07475928852231127,60.0,59.37964426115563,0.0
2024-08-04 10:55:00,3.0,0.0,0.07474857290522732,60.0,59.37428645261366,0.0
2024-08-04 10:56:00,3.0,0.0,0.07473785882406556,60.0,59.36892941203278,0.0
2024-08-04 10:57:00,3.0,0.0,0.07472714627860583,60.0,59.363573139302915,0.0
2024-08-04 10:58:00,1.0,0.0,0.074716435268628,60.0,59.358217634314,0.0
2024-08-04 10:59:00,1.0,0.0,0.074705725793912,60.0,59.352862896956005,0.0
2024-08-04 11:00:00,1.0,0.0,0.07469501785423778,60.0,59.34750892711889,0.0
2024-08-04 11:01:00,1.0,0.0,0.07468431144938528,60.0,59.34215572469264,0.0
2024-08-04 11:02:00,1.0,0.0,0.07467360657913454,60.0,59.336803289567264,0.0
2024-08-04 11:03:00,1.0,0.0,0.07466290324326556,60.0,59.33145162163278,0.0
2024-08-04 11:04:00,1.0,0.0,0.07465220144155844,60.0,59.32610072077922,0.0
2024-08-04 11:05:00,1.0,0.0,0.07464150117379328,60.0,59.320750586896644,0.0
2024-08-04 11:06:00,1.0,0.0,0.07463080243975023,60.0,59.31540121987511,0.0
2024-08-04 11:07:00,1.0,0.0,0.07462010523920941,60.0,59.310052619604704,0.0
2024-08-04 11:08:00,1.0,0.0,0.07460940957195104,60.0,59.304704785975524,0.0
2024-08-04 11:09:00,1.0,0.0,0.07459871543775536,60.0,59.29935771887768,0.0
2024-08-04 11:10:00,1.0,0.0,0.0745880228364026,60.0,59.2940114182013,0.0
2024-08-04 11:11:00,1.0,0.0,0.07457733176767306,60.0,59.28866588383653,0.0
2024-08-04 11:12:00,1.0,0.0,0.07456664223134707,60.0,59.28332111567353,0.0
2024-08-04 11:13:00,1.0,0.0,0.07455595422720497,60.0,59.27797711360248,0.0
2024-08-04 11:14:00,1.0,0.0,0.07454526775502715,60.0,59.27263387751358,0.0
2024-08-04 11:15:00,1.0,0.0,0.07453458281459405,60.0,59.26729140729702,0.0
2024-08-04 11:16:00,1.0,0.0,0.07452389940568609,60.0,59.26194970284304,0.0
2024-08-04 11:17:00,1.0,0.0,0.07451321752808375,60.0,59.25660876404187,0.0
2024-08-04 11:18:00,1.0,0.0,0.07450253718156753,60.0,59.251268590783766,0.0
2024-08-04 11:19:00,1.0,0.0,0.07449185836591801,60.0,59.245929182959,0.0
2024-08-04 11:20:00,1.0,0.0,0.07448118108091573,60.0,59.24059054045786,0.0
2024-08-04 11:21:00,1.0,0.0,0.0744705053263413,60.0,59.23525266317065,0.0
2024-08-04 11:22:00,1.0,0.0,0.07445983110197536,60.0,59.229915550987684,0.0
2024-08-04 11:23:00,1.0,0.0,0.0744491584075986,60.0,59.224579203799294,0.0
2024-08-04 11:24:00,1.0,0.0,0.07443848724299167,60.0,59.219243621495835,0.0
2024-08-04 11:25:00,1.0,0.0,0.07442781760793533,60.0,59.21390880396767,0.0
2024-08-04 11:26:00,1.0,0.0,0.07441714950221037,60.0,59.20857475110518,0.0
2024-08-04 11:27:00,1.0,0.0,0.07440648292559753,60.0,59.203241462798765,0.0
2024-08-04 11:28:00,1.0,0.0,0.07439581787787766,60.0,59.19790893893883,0.0
2024-08-04 11:29:00,1.0,0.0,0.07438515435883163,60.0,59.192577179415814,0.0
2024-08-04 11:30:00,1.0,0.0,0.0743744923682403,60.0,59.18724618412015,0.0
2024-08-04 11:31:00,1.0,0.0,0.0743638319058846,60.0,59.1819159529423,0.0
2024-08-04 11:32:00,1.0,0.0,0.07435317297154548,60.0,59.17658648577274,0.0
2024-08-04 11:33:00,1.0,0.0,0.07434251556500392,60.0,59.17125778250196,0.0
2024-08-04 11:34:00,1.0,0.0,0.07433185968604095,60.0,59.16592984302047,0.0
2024-08-04 11:35:00,1.0,0.0,0.07432120533443759,60.0,59.1606026672188,0.0
2024-08-04 11:36:00,1.0,0.0,0.07431055250997494,60.0,59.15527625498747,0.0
2024-08-04 11:37:00,1.0,0.0,0.0742999012124341,60.0,59.14995060621705,0.0
2024-08-04 11:38:00,1.0,0.0,0.07428925144159619,60.0,59.144625720798096,0.0
2024-08-04 11:39:00,1.0,0.0,0.0742786031972424,60.0,59.1393015986212,0.0
2024-08-04 11:40:00,1.0,0.0,0.07426795647915393,60.0,59.13397823957697,0.0
2024-08-04 11:41:00,1.0,0.0,0.07425731128711202,60.0,59.12865564355601,0.0
2024-08-04 11:42:00,1.0,0.0,0.0742466676208979,60.0,59.123333810448955,0.0
2024-08-04 11:43:00,1.0,0.0,0.07423602548029291,60.0,59.118012740146455,0.0
2024-08-04 11:44:00,1.0,0.0,0.07422538486507835,60.0,59.11269243253917,0.0
2024-08-04 11:45:00,1.0,0.0,0.07421474577503556,60.0,59.10737288751778,0.0
2024-08-04 11:46:00,1.0,0.0,0.07420410820994597,60.0,59.102054104972986,0.0
2024-08-04 11:47:00,1.0,0.0,0.07419347216959099,60.0,59.096736084795495,0.0
2024-08-04 11:48:00,1.0,0.0,0.07418283765375207,60.0,59.09141882687603,0.0
2024-08-04 11:49:00,3.0,0.0,0.07417220466221068,60.0,59.08610233110534,0.0
2024-08-04 11:50:00,3.0,0.0,0.07416157319474835,60.0,59.08078659737417,0.0
2024-08-04 11:51:00,3.0,0.0,0.07415094325114661,60.0,59.07547162557331,0.0
2024-08-04 11:52:00,3.0,0.0,0.07414031483118706,60.0,59.07015741559353,0.0
2024-08-04 11:53:00,3.0,0.0,0.07412968793465129,60.0,59.06484396732564,0.0
2024-08-04 11:54:00,3.0,0.0,0.07411906256132095,60.0,59.05953128066047,0.0
2024-08-04 11:55:00,3.0,0.0,0.0741084387109777,60.0,59.054219355488854,0.0
2024-08-04 11:56:00,3.0,0.0,0.07409781638340328,60.0,59.048908191701635,0.0
2024-08-04 11:57:00,3.0,0.0,0.07408719557837937,60.0,59.04359778918968,0.0
2024-08-04 11:58:00,3.0,0.0,0.07407657629568777,60.0,59.038288147843886,0.0
2024-08-04 11:59:00,3.0,0.0,0.07406595853511028,60.0,59.032979267555135,0.0
2024-08-04 12:00:00,3.0,0.0,0.0740553422964287,60.0,59.027671148214345,0.0
2024-08-04 12:01:00,3.0,0.0,0.0740447275794249,60.0,59.02236378971245,0.0
2024-08-04 12:02:00,3.0,0.0,0.07403411438388079,60.0,59.017057191940395,0.0
2024-08-04 12:03:00,3.0,0.0,0.07402350270957828,60.0,59.01175135478914,0.0
2024-08-04 12:04:00,3.0,0.0,0.07401289255629932,60.0,59.00644627814966,0.0
2024-08-04 12:05:00,3.0,0.0,0.07400228392382589,60.0,59.00114196191294,0.0
2024-08-04 12:06:00,3.0,0.0,0.07399167681194001,60.0,58.995838405970005,0.0
2024-08-04 12:07:00,3.0,0.0,0.07441107599825458,60.0,59.205537999127294,0.0
2024-08-04 12:08:00,3.0,0.0,0.07483041507001786,60.0,59.41520753500893,0.0
2024-08-04 12:09:00,3.0,0.0,0.07524969403584633,60.0,59.624847017923166,0.0
2024-08-04 12:10:00,1.0,0.0,0.07566891290435529,60.0,59.83445645217765,0.0
2024-08-04 12:11:00,1.0,0.0,0.07608807168415878,60.0,60.04403584207939,0.0
2024-08-04 12:12:00,1.0,0.0,0.0765071703838696,60.0,60.2535851919348,0.0
2024-08-04 12:13:00,1.0,0.0,0.07692620901209934,60.0,60.463104506049675,0.0
2024-08-04 12:14:00,1.0,0.0,0.07734518757745835,60.0,60.67259378872917,0.0
2024-08-04 12:15:00,1.0,0.0,0.0777641060885557,60.0,60.88205304427785,0.0
2024-08-04 12:16:00,1.0,0.0,0.0781829645539993,60.0,61.09148227699965,0.0
2024-08-04 12:17:00,1.0,0.0,0.0781717582045649,60.0,61.08587910228245,0.0
2024-08-04 12:18:00,1.0,0.0,0.07816055346139175,60.0,61.08027673069588,0.0
2024-08-04 12:19:00,1.0,0.0,0.07814935032424966,60.0,61.07467516212483,0.0
2024-08-04 12:20:00,1.0,0.0,0.07813814879290838,60.0,61.06907439645419,0.0
2024-08-04 12:21:00,1.0,0.0,0.07812694886713778,60.0,61.06347443356889,0.0
2024-08-04 12:22:00,3.0,0.0,0.07811575054670772,60.0,61.05787527335386,0.0
2024-08-04 12:23:00,3.0,0.0,0.07810455383138808,60.0,61.05227691569404,0.0
2024-08-04 12:24:00,3.0,0.0,0.07809335872094879,60.0,61.04667936047439,0.0
2024-08-04 12:25:00,3.0,0.0,0.07808216521515983,60.0,61.041082607579916,0.0
2024-08-04 12:26:00,3.0,0.0,0.0780709733137912,60.0,61.0354866568956,0.0
2024-08-04 12:27:00,3.0,0.0,0.07805978301661293,60.0,61.02989150830646,0.0
2024-08-04 12:28:00,3.0,0.0,0.07804859432339507,60.0,61.02429716169753,0.0
2024-08-04 12:29:00,3.0,0.0,0.07803740723390772,60.0,61.01870361695386,0.0
2024-08-04 12:30:00,3.0,0.0,0.07802622174792101,60.0,61.01311087396051,0.0
2024-08-04 12:31:00,3.0,0.0,0.07801503786520511,60.0,61.00751893260256,0.0
2024-08-04 12:32:00,3.0,0.0,0.07800385558553022,60.0,61.00192779276511,0.0
2024-08-04 12:33:00,3.0,0.0,0.07799267490866654,60.0,60.99633745433327,0.0
2024-08-04 12:34:00,3.0,0.0,0.07798149583438437,60.0,60.99074791719218,0.0
2024-08-04 12:35:00,3.0,0.0,0.07797031836245397,60.0,60.98515918122698,0.0
2024-08-04 12:36:00,3.0,0.0,0.07795914249264568,60.0,60.97957124632284,0.0
2024-08-04 12:37:00,3.0,0.0,0.07794796822472988,60.0,60.97398411236494,0.0
2024-08-04 12:38:00,3.0,0.0,0.07793679555847693,60.0,60.968397779238465,0.0
2024-08-04 12:39:00,3.0,0.0,0.07792562449365727,60.0,60.96281224682863,0.0
2024-08-04 12:40:00,3.0,0.0,0.07791445503004135,60.0,60.957227515020676,0.0
2024-08-04 12:41:00,3.0,0.0,0.07790328716739968,60.0,60.95164358369984,0.0
2024-08-04 12:42:00,3.0,0.0,0.07789212090550278,60.0,60.94606045275139,0.0
2024-08-04 12:43:00,3.0,0.0,0.0778809562441212,60.0,60.9404781220606,0.0
2024-08-04 12:44:00,3.0,0.0,0.07786979318302552,60.0,60.93489659151276,0.0
2024-08-04 12:45:00,3.0,0.0,0.07785863172198638,60.0,60.92931586099319,0.0
2024-08-04 12:46:00,3.0,0.0,0.07784747186077445,60.0,60.923735930387224,0.0
2024-08-04 12:47:00,3.0,0.0,0.07783631359916039,60.0,60.918156799580196,0.0
2024-08-04 12:48:00,3.0,0.0,0.07782515693691494,60.0,60.91257846845747,0.0
2024-08-04 12:49:00,3.0,0.0,0.07781400187380884,60.0,60.90700093690442,0.0
2024-08-04 12:50:00,3.0,0.0,0.07780284840961288,60.0,60.90142420480644,0.0
2024-08-04 12:51:00,3.0,0.0,0.07779169654409789,60.0,60.895848272048944,0.0
2024-08-04 12:52:00,3.0,0.0,0.07778054627703472,60.0,60.89027313851736,0.0
2024-08-04 12:53:00,3.0,0.0,0.07776939760819424,60.0,60.88469880409712,0.0
2024-08-04 12:54:00,3.0,0.0,0.07775825053734739,60.0,60.8791252686737,0.0
2024-08-04 12:55:00,3.0,0.0,0.07774710506426512,60.0,60.87355253213256,0.0
2024-08-04 12:56:00,3.0,0.0,0.0777359611887184,60.0,60.867980594359196,0.0
2024-08-04 12:57:00,3.0,0.0,0.07772481891047825,60.0,60.862409455239124,0.0
2024-08-04 12:58:00,3.0,0.0,0.07771367822931573,60.0,60.856839114657866,0.0
2024-08-04 12:59:00,3.0,0.0,0.07770253914500193,60.0,60.85126957250096,0.0
2024-08-04 13:00:00,3.0,0.0,0.07769140165730794,60.0,60.84570082865397,0.0
2024-08-04 13:01:00,3.0,0.0,0.07768026576600492,60.0,60.84013288300246,0.0
2024-08-04 13:02:00,3.0,0.0,0.07766913147086407,60.0,60.83456573543204,0.0
2024-08-04 13:03:00,3.0,0.0,0.07765799877165659,60.0,60.8289993858283,0.0
2024-08-04 13:04:00,3.0,0.0,0.07764686766815374,60.0,60.823433834076866,0.0
2024-08-04 13:05:00,3.0,0.0,0.07763573816012677,60.0,60.81786908006338,0.0
2024-08-04 13:06:00,3.0,0.0,0.07762461024734701,60.0,60.812305123673504,0.0
2024-08-04 13:07:00,3.0,0.0,0.0776134839295858,60.0,60.8067419647929,0.0
2024-08-04 13:08:00,3.0,0.0,0.07760235920661453,60.0,60.80117960330726,0.0
2024-08-04 13:09:00,3.0,0.0,0.07759123607820459,60.0,60.795618039102294,0.0
2024-08-04 13:10:00,3.0,0.0,0.07758011454412744,60.0,60.79005727206372,0.0
2024-08-04 13:11:00,3.0,0.0,0.07756899460415456,60.0,60.78449730207728,0.0
2024-08-04 13:12:00,3.0,0.0,0.07755787625805745,60.0,60.778938129028724,0.0
2024-08-04 13:13:00,3.0,0.0,0.07754675950560766,60.0,60.77337975280383,0.0
2024-08-04 13:14:00,3.0,0.0,0.07753564434657674,60.0,60.76782217328837,0.0
2024-08-04 13:15:00,3.0,0.0,0.07752453078073634,60.0,60.76226539036817,0.0
2024-08-04 13:16:00,3.0,0.0,0.07751341880785807,60.0,60.75670940392904,0.0
2024-08-04 13:17:00,3.0,0.0,0.07750230842771362,60.0,60.75115421385681,0.0
2024-08-04 13:18:00,3.0,0.0,0.07749119964007467,60.0,60.745599820037334,0.0
2024-08-04 13:19:00,3.0,0.0,0.07748009244471298,60.0,60.74004622235649,0.0
2024-08-04 13:20:00,3.0,0.0,0.07746898684140031,60.0,60.734493420700154,0.0
2024-08-04 13:21:00,3.0,0.0,0.07745788282990847,60.0,60.728941414954235,0.0
2024-08-04 13:22:00,3.0,0.0,0.0774467804100093,60.0,60.72339020500465,0.0
2024-08-04 13:23:00,3.0,0.0,0.07743567958147467,60.0,60.71783979073733,0.0
2024-08-04 13:24:00,3.0,0.0,0.07742458034407647,60.0,60.71229017203823,0.0
2024-08-04 13:25:00,1.0,0.0,0.07741348269758663,60.0,60.706741348793315,0.0
2024-08-04 13:26:00,1.0,0.0,0.07740238664177714,60.0,60.701193320888564,0.0
2024-08-04 13:27:00,1.0,0.0,0.07739129217641996,60.0,60.69564608820998,0.0
2024-08-04 13:28:00,1.0,0.0,0.07738019930128717,60.0,60.69009965064359,0.0
2024-08-04 13:29:00,1.0,0.0,0.07736910801615082,60.0,60.68455400807541,0.0
2024-08-04 13:30:00,1.0,0.0,0.077358018320783,60.0,60.6790091603915,0.0
2024-08-04 13:31:00,1.0,0.0,0.07734693021495585,60.0,60.673465107477924,0.0
2024-08-04 13:32:00,1.0,0.0,0.07733584369844153,60.0,60.66792184922076,0.0
2024-08-04 13:33:00,1.0,0.0,0.07732475877101222,60.0,60.66237938550611,0.0
2024-08-04 13:34:00,1.0,0.0,0.07731367543244017,60.0,60.65683771622008,0.0
2024-08-04 13:35:00,1.0,0.0,0.07730259368249763,60.0,60.651296841248815,0.0
2024-08-04 13:36:00,1.0,0.0,0.0772915135209569,60.0,60.64575676047845,0.0
2024-08-04 13:37:00,1.0,0.0,0.07728043494759029,60.0,60.64021747379515,0.0
2024-08-04 13:38:00,1.0,0.0,0.07726935796217019,60.0,60.634678981085095,0.0
2024-08-04 13:39:00,1.0,0.0,0.07725828256446897,60.0,60.629141282234485,0.0
2024-08-04 13:40:00,3.0,0.0,0.07724720875425907,60.0,60.62360437712953,0.0
2024-08-04 13:41:00,3.0,0.0,0.07723613653131292,60.0,60.61806826565646,0.0
2024-08-04 13:42:00,3.0,0.0,0.07722506589540304,60.0,60.61253294770152,0.0
2024-08-04 13:43:00,3.0,0.0,0.07721399684630192,60.0,60.60699842315096,0.0
2024-08-04 13:44:00,3.0,0.0,0.07720292938378215,60.0,60.601464691891074,0.0
2024-08-04 13:45:00,3.0,0.0,0.0771918635076163,60.0,60.595931753808145,0.0
2024-08-04 13:46:00,3.0,0.0,0.07718079921757698,60.0,60.59039960878849,0.0
2024-08-04 13:47:00,3.0,0.0,0.07716973651343687,60.0,60.58486825671843,0.0
2024-08-04 13:48:00,3.0,0.0,0.07715867539496861,60.0,60.579337697484306,0.0
2024-08-04 13:49:00,3.0,0.0,0.07714761586194498,60.0,60.573807930972485,0.0
2024-08-04 13:50:00,3.0,0.0,0.07713655791413868,60.0,60.56827895706934,0.0
2024-08-04 13:51:00,3.0,0.0,0.07712550155132251,60.0,60.56275077566126,0.0
2024-08-04 13:52:00,3.0,0.0,0.0771144467732693,60.0,60.55722338663465,0.0
2024-08-04 13:53:00,3.0,0.0,0.07710339357975186,60.0,60.55169678987593,0.0
2024-08-04 13:54:00,3.0,0.0,0.07709234197054311,60.0,60.54617098527156,0.0
2024-08-04 13:55:00,3.0,0.0,0.07708129194541596,60.0,60.54064597270798,0.0
2024-08-04 13:56:00,3.0,0.0,0.07707024350414332,60.0,60.53512175207166,0.0
2024-08-04 13:57:00,3.0,0.0,0.0770591966464982,60.0,60.5295983232491,0.0
2024-08-04 13:58:00,3.0,0.0,0.0770481513722536,60.0,60.5240756861268,0.0
2024-08-04 13:59:00,3.0,0.0,0.07703710768118256,60.0,60.51855384059128,0.0
2024-08-04 14:00:00,3.0,0.0,0.07702606557305816,60.0,60.51303278652908,0.0
2024-08-04 14:01:00,3.0,0.0,0.07701502504765352,60.0,60.50751252382676,0.0
2024-08-04 14:02:00,3.0,0.0,0.07700398610474177,60.0,60.501993052370885,0.0
2024-08-04 14:03:00,3.0,0.0,0.07699294874409608,60.0,60.49647437204804,0.0
2024-08-04 14:04:00,3.0,0.0,0.07698191296548967,60.0,60.490956482744835,0.0
2024-08-04 14:05:00,3.0,0.0,0.07697087876869577,60.0,60.485439384347885,0.0
2024-08-04 14:06:00,3.0,0.0,0.07695984615348765,60.0,60.47992307674382,0.0
2024-08-04 14:07:00,3.0,0.0,0.07694881511963861,60.0,60.474407559819305,0.0
2024-08-04 14:08:00,3.0,0.0,0.07693778566692198,60.0,60.46889283346099,0.0
2024-08-04 14:09:00,3.0,0.0,0.07692675779511114,60.0,60.46337889755557,0.0
2024-08-04 14:10:00,3.0,0.0,0.0769157315039795,60.0,60.45786575198975,0.0
2024-08-04 14:11:00,3.0,0.0,0.07690470679330048,60.0,60.45235339665024,0.0
2024-08-04 14:12:00,3.0,0.0,0.07689368366284753,60.0,60.44684183142377,0.0
2024-08-04 14:13:00,3.0,0.0,0.07688266211239418,60.0,60.44133105619709,0.0
2024-08-04 14:14:00,3.0,0.0,0.07687164214171396,60.0,60.43582107085698,0.0
2024-08-04 14:15:00,3.0,0.0,0.07686062375058042,60.0,60.43031187529021,0.0
2024-08-04 14:16:00,3.0,0.0,0.07684960693876715,60.0,60.424803469383576,0.0
2024-08-04 14:17:00,3.0,0.0,0.0768385917060478,60.0,60.4192958530239,0.0
2024-08-04 14:18:00,3.0,0.0,0.07682757805219599,60.0,60.413789026097994,0.0
2024-08-04 14:19:00,3.0,0.0,0.07681656597698544,60.0,60.40828298849272,0.0
2024-08-04 14:20:00,3.0,0.0,0.0768055554801899,60.0,60.40277774009495,0.0
2024-08-04 14:21:00,3.0,0.0,0.07679454656158309,60.0,60.397273280791545,0.0
2024-08-04 14:22:00,3.0,0.0,0.0767835392209388,60.0,60.3917696104694,0.0
2024-08-04 14:23:00,3.0,0.0,0.07677253345803088,60.0,60.38626672901544,0.0
2024-08-04 14:24:00,3.0,0.0,0.07676152927263317,60.0,60.380764636316584,0.0
2024-08-04 14:25:00,3.0,0.0,0.07675052666451955,60.0,60.37526333225978,0.0
2024-08-04 14:26:00,3.0,0.0,0.07673952563346395,60.0,60.36976281673198,0.0
2024-08-04 14:27:00,3.0,0.0,0.07672852617924034,60.0,60.36426308962017,0.0
2024-08-04 14:28:00,3.0,0.0,0.07671752830162266,60.0,60.35876415081133,0.0
2024-08-04 14:29:00,3.0,0.0,0.07670653200038496,60.0,60.353266000192484,0.0
2024-08-04 14:30:00,3.0,0.0,0.0766955372753013,60.0,60.34776863765065,0.0
2024-08-04 14:31:00,3.0,0.0,0.07668454412614574,60.0,60.34227206307287,0.0
2024-08-04 14:32:00,3.0,0.0,0.0766735525526924,60.0,60.3367762763462,0.0
2024-08-04 14:33:00,3.0,0.0,0.07666256255471543,60.0,60.33128127735771,0.0
2024-08-04 14:34:00,3.0,0.0,0.07665157413198899,60.0,60.3257870659945,0.0
2024-08-04 14:35:00,3.0,0.0,0.07664058728428733,60.0,60.32029364214366,0.0
2024-08-04 14:36:00,3.0,0.0,0.07662960201138465,60.0,60.314801005692324,0.0
2024-08-04 14:37:00,3.0,0.0,0.07661861831305525,60.0,60.309309156527625,0.0
2024-08-04 14:38:00,3.0,0.0,0.07660763618907344,60.0,60.30381809453672,0.0
2024-08-04 14:39:00,3.0,0.0,0.07659665563921357,60.0,60.29832781960678,0.0
2024-08-04 14:40:00,3.0,0.0,0.07658567666324999,60.0,60.29283833162499,0.0
2024-08-04 14:41:00,3.0,0.0,0.07657469926095711,60.0,60.28734963047856,0.0
2024-08-04 14:42:00,3.0,0.0,0.0765637234321094,60.0,60.2818617160547,0.0
2024-08-04 14:43:00,3.0,0.0,0.07655274917648129,60.0,60.27637458824064,0.0
2024-08-04 14:44:00,3.0,0.0,0.0765417764938473,60.0,60.27088824692365,0.0
2024-08-04 14:45:00,3.0,0.0,0.07653080538398196,60.0,60.26540269199098,0.0
2024-08-04 14:46:00,1.0,0.0,0.07651983584665983,60.0,60.259917923329915,0.0
2024-08-04 14:47:00,1.0,0.0,0.07650886788165553,60.0,60.25443394082777,0.0
2024-08-04 14:48:00,1.0,0.0,0.07649790148874368,60.0,60.24895074437184,0.0
2024-08-04 14:49:00,1.0,0.0,0.07648693666769894,60.0,60.24346833384947,0.0
2024-08-04 14:50:00,1.0,0.0,0.07647597341829603,60.0,60.23798670914801,0.0
2024-08-04 14:51:00,1.0,0.0,0.07646501174030965,60.0,60.232505870154824,0.0
2024-08-04 14:52:00,1.0,0.0,0.07645405163351457,60.0,60.22702581675728,0.0
2024-08-04 14:53:00,1.0,0.0,0.07644309309768559,60.0,60.221546548842795,0.0
2024-08-04 14:54:00,1.0,0.0,0.07643213613259754,60.0,60.21606806629877,0.0
2024-08-04 14:55:00,1.0,0.0,0.07642118073802526,60.0,60.21059036901263,0.0
2024-08-04 14:56:00,1.0,0.0,0.07641022691374365,60.0,60.20511345687182,0.0
2024-08-04 14:57:00,1.0,0.0,0.07639927465952762,60.0,60.19963732976381,0.0
2024-08-04 14:58:00,3.0,0.0,0.07638832397515215,60.0,60.194161987576074,0.0
2024-08-04 14:59:00,3.0,0.0,0.07637737486039221,60.0,60.188687430196104,0.0
2024-08-04 15:00:00,3.0,0.0,0.07636642731502283,60.0,60.183213657511416,0.0
2024-08-04 15:01:00,3.0,0.0,0.07635548133881906,60.0,60.17774066940953,0.0
2024-08-04 15:02:00,3.0,0.0,0.07634453693155598,60.0,60.17226846577799,0.0
2024-08-04 15:03:00,3.0,0.0,0.0763335940930087,60.0,60.16679704650435,0.0
2024-08-04 15:04:00,3.0,0.0,0.07632265282295236,60.0,60.16132641147618,0.0
2024-08-04 15:05:00,3.0,0.0,0.07631171312116217,60.0,60.155856560581086,0.0
2024-08-04 15:06:00,3.0,0.0,0.07630077498741332,60.0,60.15038749370666,0.0
2024-08-04 15:07:00,3.0,0.0,0.07628983842148107,60.0,60.14491921074053,0.0
2024-08-04 15:08:00,3.0,0.0,0.07627890342314068,60.0,60.13945171157034,0.0
2024-08-04 15:09:00,3.0,0.0,0.07626796999216746,60.0,60.13398499608373,0.0
2024-08-04 15:10:00,3.0,0.0,0.07625703812833677,60.0,60.12851906416839,0.0
2024-08-04 15:11:00,3.0,0.0,0.07624610783142396,60.0,60.123053915711985,0.0
2024-08-04 15:12:00,3.0,0.0,0.07623517910120446,60.0,60.11758955060223,0.0
2024-08-04 15:13:00,3.0,0.0,0.0762242519374537,60.0,60.11212596872685,0.0
2024-08-04 15:14:00,3.0,0.0,0.07621332633994715,60.0,60.10666316997357,0.0
2024-08-04 15:15:00,3.0,0.0,0.0762024023084603,60.0,60.10120115423015,0.0
2024-08-04 15:16:00,3.0,0.0,0.0761914798427687,60.0,60.09573992138434,0.0
2024-08-04 15:17:00,3.0,0.0,0.0761805589426479,60.0,60.090279471323946,0.0
2024-08-04 15:18:00,3.0,0.0,0.07616963960787351,60.0,60.08481980393675,0.0
2024-08-04 15:19:00,3.0,0.0,0.07615872183822116,60.0,60.07936091911058,0.0
2024-08-04 15:20:00,3.0,0.0,0.07614780563346651,60.0,60.07390281673326,0.0
2024-08-04 15:21:00,3.0,0.0,0.07613689099338528,60.0,60.06844549669264,0.0
2024-08-04 15:22:00,1.0,0.0,0.07612597791775316,60.0,60.06298895887658,0.0
2024-08-04 15:23:00,1.0,0.0,0.07611506640634594,60.0,60.057533203172966,0.0
2024-08-04 15:24:00,1.0,0.0,0.07610415645893939,60.0,60.05207822946969,0.0
2024-08-04 15:25:00,1.0,0.0,0.07609324807530934,60.0,60.046624037654674,0.0
2024-08-04 15:26:00,1.0,0.0,0.07608234125523167,60.0,60.041170627615834,0.0
2024-08-04 15:27:00,1.0,0.0,0.07607143599848223,60.0,60.035717999241115,0.0
2024-08-04 15:28:00,1.0,0.0,0.07606053230483698,60.0,60.030266152418484,0.0
2024-08-04 15:29:00,1.0,0.0,0.07604963017407182,60.0,60.02481508703591,0.0
2024-08-04 15:30:00,1.0,0.0,0.0760387296059628,60.0,60.01936480298139,0.0
2024-08-04 15:31:00,1.0,0.0,0.07602783060028587,60.0,60.01391530014293,0.0
2024-08-04 15:32:00,1.0,0.0,0.07601693315681712,60.0,60.00846657840856,0.0
2024-08-04 15:33:00,1.0,0.0,0.07600603727533263,60.0,60.003018637666315,0.0
2024-08-04 15:34:00,1.0,0.0,0.0759951429556085,60.0,59.99757147780425,0.0
2024-08-04 15:35:00,1.0,0.0,0.07598425019742087,60.0,59.99212509871044,0.0
2024-08-04 15:36:00,1.0,0.0,0.07597335900054596,60.0,59.98667950027298,0.0
2024-08-04 15:37:00,1.0,0.0,0.07596246936475992,60.0,59.98123468237996,0.0
2024-08-04 15:38:00,1.0,0.0,0.07595158128983903,60.0,59.97579064491951,0.0
2024-08-04 15:39:00,1.0,0.0,0.07594069477555955,60.0,59.970347387779775,0.0
2024-08-04 15:40:00,1.0,0.0,0.0759298098216978,60.0,59.964904910848894,0.0
2024-08-04 15:41:00,1.0,0.0,0.07591892642803008,60.0,59.95946321401504,0.0
2024-08-04 15:42:00,1.0,0.0,0.0759080445943328,60.0,59.9540222971664,0.0
2024-08-04 15:43:00,1.0,0.0,0.07589716432038235,60.0,59.94858216019117,0.0
2024-08-04 15:44:00,1.0,0.0,0.07588628560595516,60.0,59.943142802977576,0.0
2024-08-04 15:45:00,1.0,0.0,0.0758754084508277,60.0,59.937704225413846,0.0
2024-08-04 15:46:00,1.0,0.0,0.07586453285477646,60.0,59.93226642738823,0.0
2024-08-04 15:47:00,1.0,0.0,0.07585365881757797,60.0,59.92682940878898,0.0
2024-08-04 15:48:00,1.0,0.0,0.0758427863390088,60.0,59.9213931695044,0.0
2024-08-04 15:49:00,1.0,0.0,0.07583191541884554,60.0,59.91595770942277,0.0
2024-08-04 15:50:00,1.0,0.0,0.07582104605686482,60.0,59.91052302843241,0.0
2024-08-04 15:51:00,1.0,0.0,0.0758101782528433,60.0,59.90508912642164,0.0
2024-08-04 15:52:00,1.0,0.0,0.07579931200655764,60.0,59.89965600327882,0.0
2024-08-04 15:53:00,1.0,0.0,0.0757884473177846,60.0,59.8942236588923,0.0
2024-08-04 15:54:00,1.0,0.0,0.07577758418630093,60.0,59.888792093150464,0.0
2024-08-04 15:55:00,1.0,0.0,0.0757667226118834,60.0,59.8833613059417,0.0
2024-08-04 15:56:00,1.0,0.0,0.07575586259430883,60.0,59.87793129715441,0.0
2024-08-04 15:57:00,1.0,0.0,0.07574500413335407,60.0,59.872502066677036,0.0
2024-08-04 15:58:00,1.0,0.0,0.07573414722879603,60.0,59.86707361439801,0.0
2024-08-04 15:59:00,1.0,0.0,0.07572329188041158,60.0,59.86164594020579,0.0
2024-08-04 16:00:00,1.0,0.0,0.07571243808797769,60.0,59.856219043988844,0.0
2024-08-04 16:01:00,1.0,0.0,0.07570158585127133,60.0,59.850792925635666,0.0
2024-08-04 16:02:00,1.0,0.0,0.07569073517006954,60.0,59.845367585034765,0.0
2024-08-04 16:03:00,1.0,0.0,0.07567988604414931,60.0,59.83994302207466,0.0
2024-08-04 16:04:00,1.0,0.0,0.07566903847328776,60.0,59.83451923664388,0.0
2024-08-04 16:05:00,1.0,0.0,0.07565819245726196,60.0,59.82909622863098,0.0
2024-08-04 16:06:00,1.0,0.0,0.07564734799584907,60.0,59.82367399792454,0.0
2024-08-04 16:07:00,1.0,0.0,0.07563650508882626,60.0,59.81825254441313,0.0
2024-08-04 16:08:00,1.0,0.0,0.07562566373597072,60.0,59.81283186798536,0.0
2024-08-04 16:09:00,1.0,0.0,0.07561482393705968,60.0,59.80741196852984,0.0
2024-08-04 16:10:00,1.0,0.0,0.07560398569187042,60.0,59.80199284593521,0.0
2024-08-04 16:11:00,1.0,0.0,0.07559314900018023,60.0,59.79657450009012,0.0
2024-08-04 16:12:00,1.0,0.0,0.07558231386176645,60.0,59.791156930883226,0.0
2024-08-04 16:13:00,1.0,0.0,0.07557148027640644,60.0,59.78574013820322,0.0
2024-08-04 16:14:00,1.0,0.0,0.07556064824387757,60.0,59.78032412193878,0.0
2024-08-04 16:15:00,1.0,0.0,0.07554981776395728,60.0,59.77490888197864,0.0
2024-08-04 16:16:00,1.0,0.0,0.07553898883642303,60.0,59.769494418211515,0.0
2024-08-04 16:17:00,1.0,0.0,0.0755281614610523,60.0,59.76408073052615,0.0
2024-08-04 16:18:00,1.0,0.0,0.07551733563762263,60.0,59.75866781881131,0.0
2024-08-04 16:19:00,1.0,0.0,0.07550651136591155,60.0,59.753255682955775,0.0
2024-08-04 16:20:00,1.0,0.0,0.07549568864569667,60.0,59.74784432284833,0.0
2024-08-04 16:21:00,1.0,0.0,0.07548486747675556,60.0,59.742433738377784,0.0
2024-08-04 16:22:00,1.0,0.0,0.07547404785886593,60.0,59.737023929432965,0.0
2024-08-04 16:23:00,1.0,0.0,0.07546322979180542,60.0,59.73161489590271,0.0
2024-08-04 16:24:00,1.0,0.0,0.07545241327535175,60.0,59.72620663767587,0.0
2024-08-04 16:25:00,1.0,0.0,0.07544159830928265,60.0,59.72079915464133,0.0
2024-08-04 16:26:00,1.0,0.0,0.07543078489337593,60.0,59.715392446687964,0.0
2024-08-04 16:27:00,1.0,0.0,0.07541997302740937,60.0,59.709986513704685,0.0
2024-08-04 16:28:00,1.0,0.0,0.07540916271116081,60.0,59.70458135558041,0.0
2024-08-04 16:29:00,1.0,0.0,0.07539835394440815,60.0,59.69917697220407,0.0
2024-08-04 16:30:00,1.0,0.0,0.07538754672692925,60.0,59.69377336346462,0.0
2024-08-04 16:31:00,1.0,0.0,0.07537674105850206,60.0,59.68837052925103,0.0
2024-08-04 16:32:00,1.0,0.0,0.07536593693890457,60.0,59.682968469452284,0.0
2024-08-04 16:33:00,1.0,0.0,0.07535513436791476,60.0,59.67756718395738,0.0
2024-08-04 16:34:00,1.0,0.0,0.07534433334531065,60.0,59.67216667265533,0.0
2024-08-04 16:35:00,1.0,0.0,0.07533353387087034,60.0,59.66676693543517,0.0
2024-08-04 16:36:00,1.0,0.0,0.07532273594437189,60.0,59.66136797218594,0.0
2024-08-04 16:37:00,1.0,0.0,0.07531193956559344,60.0,59.65596978279672,0.0
2024-08-04 16:38:00,1.0,0.0,0.07530114473431312,60.0,59.65057236715656,0.0
2024-08-04 16:39:00,1.0,0.0,0.07529035145030916,60.0,59.64517572515458,0.0
2024-08-04 16:40:00,1.0,0.0,0.07527955971335976,60.0,59.63977985667988,0.0
2024-08-04 16:41:00,1.0,0.0,0.07526876952324318,60.0,59.63438476162159,0.0
2024-08-04 16:42:00,1.0,0.0,0.0752579808797377,60.0,59.62899043986885,0.0
2024-08-04 16:43:00,1.0,0.0,0.07524719378262164,60.0,59.62359689131082,0.0
2024-08-04 16:44:00,1.0,0.0,0.07523640823167334,60.0,59.61820411583667,0.0
2024-08-04 16:45:00,1.0,0.0,0.07522562422667119,60.0,59.61281211333559,0.0
2024-08-04 16:46:00,1.0,0.0,0.0752148417673936,60.0,59.6074208836968,0.0
2024-08-04 16:47:00,1.0,0.0,0.075204060853619,60.0,59.6020304268095,0.0
2024-08-04 16:48:00,1.0,0.0,0.07519328148512588,60.0,59.59664074256294,0.0
2024-08-04 16:49:00,1.0,0.0,0.07518250366169275,60.0,59.591251830846375,0.0
2024-08-04 16:50:00,1.0,0.0,0.07517172738309814,60.0,59.58586369154907,0.0
2024-08-04 16:51:00,1.0,0.0,0.07516095264912064,60.0,59.580476324560316,0.0
2024-08-04 16:52:00,1.0,0.0,0.07515017945953882,60.0,59.57508972976941,0.0
2024-08-04 16:53:00,1.0,0.0,0.07513940781413134,60.0,59.569703907065666,0.0
2024-08-04 16:54:00,1.0,0.0,0.07512863771267685,60.0,59.564318856338424,0.0
2024-08-04 16:55:00,1.0,0.0,0.07511786915495405,60.0,59.558934577477025,0.0
2024-08-04 16:56:00,1.0,0.0,0.07510710214074169,60.0,59.553551070370844,0.0
2024-08-04 16:57:00,1.0,0.0,0.0750963366698185,60.0,59.54816833490925,0.0
2024-08-04 16:58:00,1.0,0.0,0.07508557274196329,60.0,59.542786370981645,0.0
2024-08-04 16:59:00,1.0,0.0,0.07507481035695489,60.0,59.53740517847744,0.0
2024-08-04 17:00:00,1.0,0.0,0.07506404951457213,60.0,59.53202475728607,0.0
2024-08-04 17:01:00,1.0,0.0,0.07505329021459393,60.0,59.526645107296964,0.0
2024-08-04 17:02:00,1.0,0.0,0.07504253245679919,60.0,59.5212662283996,0.0
2024-08-04 17:03:00,1.0,0.0,0.07503177624096688,60.0,59.51588812048344,0.0
2024-08-04 17:04:00,1.0,0.0,0.07502102156687596,60.0,59.51051078343798,0.0
2024-08-04 17:05:00,1.0,0.0,0.07501026843430546,60.0,59.50513421715273,0.0
2024-08-04 17:06:00,1.0,0.0,0.07499951684303441,60.0,59.49975842151721,0.0
2024-08-04 17:07:00,1.0,0.0,0.07498876679284192,60.0,59.49438339642096,0.0
2024-08-04 17:08:00,1.0,0.0,0.07497801828350706,60.0,59.48900914175353,0.0
2024-08-04 17:09:00,1.0,0.0,0.07496727131480899,60.0,59.48363565740449,0.0
2024-08-04 17:10:00,1.0,0.0,0.07495652588652688,60.0,59.47826294326344,0.0
2024-08-04 17:11:00,1.0,0.0,0.07494578199843994,60.0,59.47289099921997,0.0
2024-08-04 17:12:00,1.0,0.0,0.07493503965032741,60.0,59.467519825163706,0.0
2024-08-04 17:13:00,1.0,0.0,0.07492429884196855,60.0,59.462149420984275,0.0
2024-08-04 17:14:00,1.0,0.0,0.07491355957314266,60.0,59.45677978657133,0.0
2024-08-04 17:15:00,1.0,0.0,0.07490282184362908,60.0,59.451410921814535,0.0
2024-08-04 17:16:00,1.0,0.0,0.07489208565320715,60.0,59.44604282660357,0.0
2024-08-04 17:17:00,1.0,0.0,0.07488135100165628,60.0,59.44067550082814,0.0
2024-08-04 17:18:00,1.0,0.0,0.0748706178887559,60.0,59.43530894437795,0.0
2024-08-04 17:19:00,1.0,0.0,0.07485988631428546,60.0,59.42994315714273,0.0
2024-08-04 17:20:00,1.0,0.0,0.07484915627802445,60.0,59.424578139012226,0.0
2024-08-04 17:21:00,1.0,0.0,0.0748384277797524,60.0,59.4192138898762,0.0
2024-08-04 17:22:00,1.0,0.0,0.07482770081924885,60.0,59.41385040962442,0.0
2024-08-04 17:23:00,1.0,0.0,0.0748169753962934,60.0,59.40848769814669,0.0
2024-08-04 17:24:00,1.0,0.0,0.07480625151066564,60.0,59.403125755332816,0.0
2024-08-04 17:25:00,1.0,0.0,0.07479552916214523,60.0,59.397764581072614,0.0
2024-08-04 17:26:00,1.0,0.0,0.07478480835051185,60.0,59.392404175255926,0.0
2024-08-04 17:27:00,1.0,0.0,0.07477408907554522,60.0,59.38704453777261,0.0
2024-08-04 17:28:00,1.0,0.0,0.07476337133702508,60.0,59.38168566851254,0.0
2024-08-04 17:29:00,1.0,0.0,0.07475265513473119,60.0,59.37632756736559,0.0
2024-08-04 17:30:00,1.0,0.0,0.07474194046844336,60.0,59.37097023422168,0.0
2024-08-04 17:31:00,1.0,0.0,0.07473122733794144,60.0,59.36561366897072,0.0
2024-08-04 17:32:00,1.0,0.0,0.07472051574300528,60.0,59.36025787150264,0.0
2024-08-04 17:33:00,1.0,0.0,0.07470980568341479,60.0,59.35490284170739,0.0
2024-08-04 17:34:00,1.0,0.0,0.0746990971589499,60.0,59.34954857947495,0.0
2024-08-04 17:35:00,1.0,0.0,0.07468839016939056,60.0,59.34419508469528,0.0
2024-08-04 17:36:00,1.0,0.0,0.07467768471451679,60.0,59.33884235725839,0.0
2024-08-04 17:37:00,1.0,0.0,0.07466698079410859,60.0,59.3334903970543,0.0
2024-08-04 17:38:00,1.0,0.0,0.07465627840794603,60.0,59.328139203973016,0.0
2024-08-04 17:39:00,1.0,0.0,0.0746455775558092,60.0,59.3227887779046,0.0
2024-08-04 17:40:00,1.0,0.0,0.07463487823747822,60.0,59.31743911873911,0.0
2024-08-04 17:41:00,1.0,0.0,0.07462418045273324,60.0,59.31209022636662,0.0
2024-08-04 17:42:00,1.0,0.0,0.07461348420135445,60.0,59.306742100677226,0.0
2024-08-04 17:43:00,1.0,0.0,0.07460278948312206,60.0,59.301394741561026,0.0
2024-08-04 17:44:00,1.0,0.0,0.0745920962978163,60.0,59.29604814890815,0.0
2024-08-04 17:45:00,1.0,0.0,0.07458140464521748,60.0,59.29070232260874,0.0
2024-08-04 17:46:00,1.0,0.0,0.07457071452510589,60.0,59.28535726255294,0.0
2024-08-04 17:47:00,1.0,0.0,0.07456002593726187,60.0,59.280012968630935,0.0
2024-08-04 17:48:00,1.0,0.0,0.0745493388814658,60.0,59.2746694407329,0.0
2024-08-04 17:49:00,1.0,0.0,0.07453865335749808,60.0,59.26932667874904,0.0
2024-08-04 17:50:00,1.0,0.0,0.07452796936513914,60.0,59.26398468256957,0.0
2024-08-04 17:51:00,1.0,0.0,0.07451728690416946,60.0,59.25864345208473,0.0
2024-08-04 17:52:00,1.0,0.0,0.07450660597436953,60.0,59.25330298718477,0.0
2024-08-04 17:53:00,1.0,0.0,0.07449592657551989,60.0,59.247963287759944,0.0
2024-08-04 17:54:00,1.0,0.0,0.07448524870740109,60.0,59.24262435370054,0.0
2024-08-04 17:55:00,1.0,0.0,0.07447457236979373,60.0,59.23728618489686,0.0
2024-08-04 17:56:00,1.0,0.0,0.07446389756247841,60.0,59.231948781239204,0.0
2024-08-04 17:57:00,1.0,0.0,0.07445322428523582,60.0,59.22661214261791,0.0
2024-08-04 17:58:00,1.0,0.0,0.07444255253784664,60.0,59.22127626892332,0.0
2024-08-04 17:59:00,1.0,0.0,0.07443188232009157,60.0,59.21594116004579,0.0
2024-08-04 18:00:00,1.0,0.0,0.07442121363175139,60.0,59.21060681587569,0.0
2024-08-04 18:01:00,1.0,0.0,0.07441054647260684,60.0,59.20527323630342,0.0
2024-08-04 18:02:00,1.0,0.0,0.07439988084243876,60.0,59.19994042121938,0.0
2024-08-04 18:03:00,1.0,0.0,0.074389216741028,60.0,59.194608370514,0.0
2024-08-04 18:04:00,1.0,0.0,0.07437855416815542,60.0,59.18927708407771,0.0
2024-08-04 18:05:00,1.0,0.0,0.07436789312360194,60.0,59.183946561800965,0.0
2024-08-04 18:06:00,1.0,0.0,0.07435723360714848,60.0,59.178616803574236,0.0
2024-08-04 18:07:00,1.0,0.0,0.07434657561857602,60.0,59.17328780928801,0.0
2024-08-04 18:08:00,1.0,0.0,0.07433591915766558,60.0,59.167959578832786,0.0
2024-08-04 18:09:00,1.0,0.0,0.07432526422419815,60.0,59.162632112099075,0.0
2024-08-04 18:10:00,1.0,0.0,0.07431461081795483,60.0,59.157305408977415,0.0
2024-08-04 18:11:00,1.0,0.0,0.0743039589387167,60.0,59.15197946935835,0.0
2024-08-04 18:12:00,1.0,0.0,0.0742933085862649,60.0,59.14665429313245,0.0
2024-08-04 18:13:00,1.0,0.0,0.07428265976038058,60.0,59.14132988019029,0.0
2024-08-04 18:14:00,1.0,0.0,0.07427201246084493,60.0,59.13600623042247,0.0
2024-08-04 18:15:00,1.0,0.0,0.07426136668743918,60.0,59.13068334371959,0.0
2024-08-04 18:16:00,1.0,0.0,0.07425072243994457,60.0,59.125361219972284,0.0
2024-08-04 18:17:00,1.0,0.0,0.07424007971814238,60.0,59.12003985907119,0.0
2024-08-04 18:18:00,1.0,0.0,0.07422943852181393,60.0,59.114719260906966,0.0
2024-08-04 18:19:00,1.0,0.0,0.07421879885074056,60.0,59.109399425370285,0.0
2024-08-04 18:20:00,1.0,0.0,0.07420816070470368,60.0,59.104080352351836,0.0
2024-08-04 18:21:00,1.0,0.0,0.07419752408348465,60.0,59.098762041742326,0.0
2024-08-04 18:22:00,1.0,0.0,0.07418688898686494,60.0,59.09344449343247,0.0
2024-08-04 18:23:00,1.0,0.0,0.07417625541462602,60.0,59.088127707313014,0.0
2024-08-04 18:24:00,1.0,0.0,0.0741656233665494,60.0,59.0828116832747,0.0
2024-08-04 18:25:00,1.0,0.0,0.0741549928424166,60.0,59.077496421208295,0.0
2024-08-04 18:26:00,1.0,0.0,0.07414436384200918,60.0,59.072181921004585,0.0
2024-08-04 18:27:00,1.0,0.0,0.07413373636510874,60.0,59.06686818255437,0.0
2024-08-04 18:28:00,1.0,0.0,0.07412311041149693,60.0,59.06155520574846,0.0
2024-08-04 18:29:00,1.0,0.0,0.07411248598095539,60.0,59.05624299047769,0.0
2024-08-04 18:30:00,1.0,0.0,0.0741018630732658,60.0,59.0509315366329,0.0
2024-08-04 18:31:00,1.0,0.0,0.07409124168820992,60.0,59.04562084410496,0.0
2024-08-04 18:32:00,1.0,0.0,0.07408062182556947,60.0,59.04031091278473,0.0
2024-08-04 18:33:00,1.0,0.0,0.07407000348512624,60.0,59.03500174256312,0.0
2024-08-04 18:34:00,1.0,0.0,0.07405938666666205,60.0,59.029693333331025,0.0
2024-08-04 18:35:00,1.0,0.0,0.07404877136995876,60.0,59.02438568497938,0.0
2024-08-04 18:36:00,1.0,0.0,0.07403815759479822,60.0,59.01907879739911,0.0
2024-08-04 18:37:00,1.0,0.0,0.07402754534096237,60.0,59.01377267048118,0.0
2024-08-04 18:38:00,1.0,0.0,0.07401693460823314,60.0,59.008467304116564,0.0
2024-08-04 18:39:00,1.0,0.0,0.07400632539639249,60.0,59.00316269819624,0.0
2024-08-04 18:40:00,1.0,0.0,0.07399571770522244,60.0,58.997858852611216,0.0
2024-08-04 18:41:00,1.0,0.0,0.07441511631233587,60.0,59.207558156167934,0.0
2024-08-04 18:42:00,1.0,0.0,0.07483445480498102,60.0,59.41722740249051,0.0
2024-08-04 18:43:00,1.0,0.0,0.07525373319177439,60.0,59.62686659588719,0.0
2024-08-04 18:44:00,1.0,0.0,0.07567295148133123,60.0,59.83647574066561,0.0
2024-08-04 18:45:00,1.0,0.0,0.07609210968226557,60.0,60.046054841132786,0.0
2024-08-04 18:46:00,1.0,0.0,0.07651120780319023,60.0,60.255603901595116,0.0
2024-08-04 18:47:00,1.0,0.0,0.07693024585271677,60.0,60.46512292635838,0.0
2024-08-04 18:48:00,1.0,0.0,0.0773492238394555,60.0,60.67461191972775,0.0
2024-08-04 18:49:00,1.0,0.0,0.07776814177201555,60.0,60.88407088600777,0.0
2024-08-04 18:50:00,1.0,0.0,0.07818699965900475,60.0,61.09349982950237,0.0
2024-08-04 18:51:00,1.0,0.0,0.07817579273119887,60.0,61.087896365599434,0.0
2024-08-04 18:52:00,1.0,0.0,0.07816458740973715,60.0,61.082293704868576,0.0
2024-08-04 18:53:00,1.0,0.0,0.07815338369438936,60.0,61.07669184719468,0.0
2024-08-04 18:54:00,1.0,0.0,0.07814218158492528,60.0,61.07109079246264,0.0
2024-08-04 18:55:00,1.0,0.0,0.07813098108111474,60.0,61.06549054055737,0.0
2024-08-04 18:56:00,1.0,0.0,0.07811978218272758,60.0,61.05989109136379,0.0
2024-08-04 18:57:00,1.0,0.0,0.07810858488953369,60.0,61.054292444766844,0.0
2024-08-04 18:58:00,1.0,0.0,0.07809738920130299,60.0,61.048694600651494,0.0
2024-08-04 18:59:00,1.0,0.0,0.07808619511780543,60.0,61.043097558902716,0.0
2024-08-04 19:00:00,1.0,0.0,0.07807500263881101,60.0,61.0375013194055,0.0
2024-08-04 19:01:00,1.0,0.0,0.07806381176408972,60.0,61.03190588204486,0.0
2024-08-04 19:02:00,1.0,0.0,0.07805262249341163,60.0,61.026311246705816,0.0
2024-08-04 19:03:00,1.0,0.0,0.07804143482654684,60.0,61.02071741327342,0.0
2024-08-04 19:04:00,1.0,0.0,0.07803024876326543,60.0,61.01512438163272,0.0
2024-08-04 19:05:00,1.0,0.0,0.07801906430333759,60.0,61.00953215166879,0.0
2024-08-04 19:06:00,1.0,0.0,0.07800788144653348,60.0,61.00394072326674,0.0
2024-08-04 19:07:00,1.0,0.0,0.07799670019262332,60.0,60.99835009631166,0.0
2024-08-04 19:08:00,1.0,0.0,0.07798552054137738,60.0,60.992760270688684,0.0
2024-08-04 19:09:00,1.0,0.0,0.07797434249256589,60.0,60.98717124628295,0.0
2024-08-04 19:10:00,1.0,0.0,0.07796316604595922,60.0,60.98158302297961,0.0
2024-08-04 19:11:00,1.0,0.0,0.0779519912013277,60.0,60.97599560066385,0.0
2024-08-04 19:12:00,1.0,0.0,0.0779408179584417,60.0,60.97040897922085,0.0
2024-08-04 19:13:00,1.0,0.0,0.07792964631707165,60.0,60.96482315853582,0.0
2024-08-04 19:14:00,1.0,0.0,0.07791847627698797,60.0,60.95923813849399,0.0
2024-08-04 19:15:00,1.0,0.0,0.07790730783796117,60.0,60.953653918980585,0.0
2024-08-04 19:16:00,1.0,0.0,0.07789614099976176,60.0,60.94807049988088,0.0
2024-08-04 19:17:00,1.0,0.0,0.07788497576216027,60.0,60.94248788108013,0.0
2024-08-04 19:18:00,1.0,0.0,0.07787381212492728,60.0,60.936906062463635,0.0
2024-08-04 19:19:00,1.0,0.0,0.0778626500878334,60.0,60.9313250439167,0.0
2024-08-04 19:20:00,1.0,0.0,0.07785148965064928,60.0,60.92574482532464,0.0
2024-08-04 19:21:00,1.0,0.0,0.07784033081314562,60.0,60.920165406572806,0.0
2024-08-04 19:22:00,1.0,0.0,0.07782917357509309,60.0,60.91458678754654,0.0
2024-08-04 19:23:00,1.0,0.0,0.07781801793626243,60.0,60.90900896813122,0.0
2024-08-04 19:24:00,1.0,0.0,0.07780686389642447,60.0,60.90343194821223,0.0
2024-08-04 19:25:00,1.0,0.0,0.07779571145534996,60.0,60.89785572767498,0.0
2024-08-04 19:26:00,1.0,0.0,0.07778456061280978,60.0,60.892280306404885,0.0
2024-08-04 19:27:00,1.0,0.0,0.07777341136857477,60.0,60.886705684287385,0.0
2024-08-04 19:28:00,1.0,0.0,0.07776226372241586,60.0,60.88113186120793,0.0
2024-08-04 19:29:00,1.0,0.0,0.07775111767410402,60.0,60.875558837052004,0.0
2024-08-04 19:30:00,1.0,0.0,0.07773997322341016,60.0,60.86998661170508,0.0
2024-08-04 19:31:00,1.0,0.0,0.07772883037010533,60.0,60.864415185052664,0.0
2024-08-04 19:32:00,1.0,0.0,0.07771768911396054,60.0,60.85884455698027,0.0
2024-08-04 19:33:00,1.0,0.0,0.07770654945474689,60.0,60.853274727373446,0.0
2024-08-04 19:34:00,1.0,0.0,0.07769541139223546,60.0,60.84770569611773,0.0
2024-08-04 19:35:00,1.0,0.0,0.0776842749261974,60.0,60.842137463098695,0.0
2024-08-04 19:36:00,1.0,0.0,0.07767314005640386,60.0,60.836570028201926,0.0
2024-08-04 19:37:00,3.0,0.0,0.07766200678262607,60.0,60.83100339131303,0.0
2024-08-04 19:38:00,3.0,0.0,0.07765087510463525,60.0,60.825437552317624,0.0
2024-08-04 19:39:00,3.0,0.0,0.07763974502220267,60.0,60.81987251110133,0.0
2024-08-04 19:40:00,3.0,0.0,0.07762861653509963,60.0,60.81430826754981,0.0
2024-08-04 19:41:00,3.0,0.0,0.07761748964309746,60.0,60.80874482154873,0.0
2024-08-04 19:42:00,3.0,0.0,0.07760636434596753,60.0,60.80318217298377,0.0
2024-08-04 19:43:00,3.0,0.0,0.07759524064348125,60.0,60.797620321740624,0.0
2024-08-04 19:44:00,3.0,0.0,0.07758411853541004,60.0,60.79205926770502,0.0
2024-08-04 19:45:00,3.0,0.0,0.07757299802152537,60.0,60.78649901076268,0.0
2024-08-04 19:46:00,3.0,0.0,0.07756187910159872,60.0,60.78093955079936,0.0
2024-08-04 19:47:00,3.0,0.0,0.07755076177540164,60.0,60.77538088770082,0.0
2024-08-04 19:48:00,3.0,0.0,0.07753964604270569,60.0,60.76982302135284,0.0
2024-08-04 19:49:00,3.0,0.0,0.07752853190328246,60.0,60.76426595164123,0.0
2024-08-04 19:50:00,3.0,0.0,0.0775174193569036,60.0,60.758709678451794,0.0
2024-08-04 19:51:00,3.0,0.0,0.07750630840334073,60.0,60.75315420167036,0.0
2024-08-04 19:52:00,1.0,0.0,0.07749519904236557,60.0,60.747599521182785,0.0
2024-08-04 19:53:00,1.0,0.0,0.07748409127374985,60.0,60.74204563687492,0.0
2024-08-04 19:54:00,1.0,0.0,0.07747298509726532,60.0,60.736492548632654,0.0
2024-08-04 19:55:00,1.0,0.0,0.07746188051268377,60.0,60.73094025634188,0.0
2024-08-04 19:56:00,1.0,0.0,0.07745077751977703,60.0,60.72538875988851,0.0
2024-08-04 19:57:00,1.0,0.0,0.07743967611831695,60.0,60.71983805915848,0.0
2024-08-04 19:58:00,1.0,0.0,0.07742857630807544,60.0,60.71428815403772,0.0
2024-08-04 19:59:00,1.0,0.0,0.0774174780888244,60.0,60.7087390444122,0.0
2024-08-04 20:00:00,1.0,0.0,0.0774063814603358,60.0,60.7031907301679,0.0
2024-08-04 20:01:00,1.0,0.0,0.07739528642238162,60.0,60.69764321119081,0.0
2024-08-04 20:02:00,1.0,0.0,0.07738419297473388,60.0,60.69209648736694,0.0
2024-08-04 20:03:00,1.0,0.0,0.07737310111716464,60.0,60.68655055858232,0.0
2024-08-04 20:04:00,1.0,0.0,0.07736201084944598,60.0,60.68100542472299,0.0
2024-08-04 20:05:00,1.0,0.0,0.07735092217135002,60.0,60.67546108567501,0.0
2024-08-04 20:06:00,1.0,0.0,0.07733983508264893,60.0,60.66991754132446,0.0
2024-08-04 20:07:00,1.0,0.0,0.07732874958311486,60.0,60.66437479155743,0.0
2024-08-04 20:08:00,1.0,0.0,0.07731766567252005,60.0,60.658832836260025,0.0
2024-08-04 20:09:00,1.0,0.0,0.07730658335063674,60.0,60.65329167531837,0.0
2024-08-04 20:10:00,1.0,0.0,0.07729550261723722,60.0,60.64775130861861,0.0
2024-08-04 20:11:00,1.0,0.0,0.07728442347209381,60.0,60.6422117360469,0.0
2024-08-04 20:12:00,1.0,0.0,0.07727334591497884,60.0,60.63667295748942,0.0
2024-08-04 20:13:00,1.0,0.0,0.0772622699456647,60.0,60.63113497283235,0.0
2024-08-04 20:14:00,1.0,0.0,0.0772511955639238,60.0,60.6255977819619,0.0
2024-08-04 20:15:00,1.0,0.0,0.0772401227695286,60.0,60.6200613847643,0.0
2024-08-04 20:16:00,1.0,0.0,0.07722905156225156,60.0,60.61452578112578,0.0
2024-08-04 20:17:00,1.0,0.0,0.07721798194186519,60.0,60.608990970932595,0.0
2024-08-04 20:18:00,1.0,0.0,0.07720691390814205,60.0,60.60345695407102,0.0
2024-08-04 20:19:00,1.0,0.0,0.07719584746085469,60.0,60.59792373042734,0.0
2024-08-04 20:20:00,1.0,0.0,0.07718478259977574,60.0,60.592391299887865,0.0
2024-08-04 20:21:00,1.0,0.0,0.07717371932467781,60.0,60.58685966233891,0.0
2024-08-04 20:22:00,1.0,0.0,0.07716265763533361,60.0,60.58132881766681,0.0
2024-08-04 20:23:00,1.0,0.0,0.07715159753151585,60.0,60.57579876575792,0.0
2024-08-04 20:24:00,1.0,0.0,0.07714053901299724,60.0,60.57026950649862,0.0
2024-08-04 20:25:00,1.0,0.0,0.07712948207955056,60.0,60.56474103977528,0.0
2024-08-04 20:26:00,1.0,0.0,0.07711842673094861,60.0,60.55921336547431,0.0
2024-08-04 20:27:00,1.0,0.0,0.07710737296696425,60.0,60.553686483482124,0.0
2024-08-04 20:28:00,1.0,0.0,0.07709632078737032,60.0,60.54816039368516,0.0
2024-08-04 20:29:00,1.0,0.0,0.07708527019193973,60.0,60.542635095969864,0.0
2024-08-04 20:30:00,1.0,0.0,0.07707422118044542,60.0,60.53711059022271,0.0
2024-08-04 20:31:00,1.0,0.0,0.07706317375266036,60.0,60.53158687633018,0.0
2024-08-04 20:32:00,1.0,0.0,0.07705212790835755,60.0,60.526063954178774,0.0
2024-08-04 20:33:00,1.0,0.0,0.07704108364731001,60.0,60.520541823655,0.0
2024-08-04 20:34:00,1.0,0.0,0.0770300409692908,60.0,60.5150204846454,0.0
2024-08-04 20:35:00,1.0,0.0,0.07701899987407303,60.0,60.509499937036516,0.0
2024-08-04 20:36:00,1.0,0.0,0.07700796036142983,60.0,60.50398018071491,0.0
2024-08-04 20:37:00,1.0,0.0,0.07699692243113435,60.0,60.498461215567175,0.0
2024-08-04 20:38:00,1.0,0.0,0.0769858860829598,60.0,60.4929430414799,0.0
2024-08-04 20:39:00,1.0,0.0,0.07697485131667939,60.0,60.487425658339696,0.0
2024-08-04 20:40:00,1.0,0.0,0.07696381813206639,60.0,60.4819090660332,0.0
2024-08-04 20:41:00,1.0,0.0,0.07695278652889409,60.0,60.47639326444705,0.0
2024-08-04 20:42:00,1.0,0.0,0.07694175650693581,60.0,60.47087825346791,0.0
2024-08-04 20:43:00,1.0,0.0,0.07693072806596493,60.0,60.465364032982464,0.0
2024-08-04 20:44:00,1.0,0.0,0.07691970120575481,60.0,60.4598506028774,0.0
2024-08-04 20:45:00,1.0,0.0,0.07690867592607888,60.0,60.454337963039436,0.0
2024-08-04 20:46:00,1.0,0.0,0.07689765222671059,60.0,60.448826113355295,0.0
2024-08-04 20:47:00,1.0,0.0,0.07688663010742344,60.0,60.44331505371172,0.0
2024-08-04 20:48:00,1.0,0.0,0.07687560956799094,60.0,60.43780478399547,0.0
2024-08-04 20:49:00,1.0,0.0,0.07686459060818664,60.0,60.432295304093316,0.0
2024-08-04 20:50:00,1.0,0.0,0.07685357322778413,60.0,60.42678661389206,0.0
2024-08-04 20:51:00,1.0,0.0,0.07684255742655702,60.0,60.42127871327851,0.0
2024-08-04 20:52:00,1.0,0.0,0.07683154320427897,60.0,60.415771602139486,0.0
2024-08-04 20:53:00,1.0,0.0,0.07682053056072366,60.0,60.41026528036183,0.0
2024-08-04 20:54:00,1.0,0.0,0.0768095194956648,60.0,60.404759747832394,0.0
2024-08-04 20:55:00,2.0,0.0,0.07679851000887611,60.0,60.399255004438054,0.0
2024-08-04 20:56:00,2.0,0.0,0.07678750210013141,60.0,60.3937510500657,0.0
2024-08-04 20:57:00,2.0,0.0,0.07677649576920449,60.0,60.388247884602244,0.0
2024-08-04 20:58:00,2.0,0.0,0.0767654910158692,60.0,60.3827455079346,0.0
2024-08-04 20:59:00,2.0,0.0,0.07675448783989941,60.0,60.377243919949706,0.0
2024-08-04 21:00:00,2.0,0.0,0.07674348624106904,60.0,60.37174312053452,0.0
2024-08-04 21:01:00,2.0,0.0,0.07673248621915202,60.0,60.36624310957601,0.0
2024-08-04 21:02:00,2.0,0.0,0.07672148777392233,60.0,60.36074388696117,0.0
2024-08-04 21:03:00,2.0,0.0,0.07671049090515397,60.0,60.35524545257699,0.0
2024-08-04 21:04:00,2.0,0.0,0.07669949561262099,60.0,60.349747806310496,0.0
2024-08-04 21:05:00,2.0,0.0,0.07668850189609745,60.0,60.344250948048725,0.0
2024-08-04 21:06:00,2.0,0.0,0.07667750975535745,60.0,60.338754877678724,0.0
2024-08-04 21:07:00,2.0,0.0,0.07666651919017513,60.0,60.33325959508756,0.0
2024-08-04 21:08:00,2.0,0.0,0.07665553020032465,60.0,60.327765100162324,0.0
2024-08-04 21:09:00,2.0,0.0,0.07664454278558022,60.0,60.32227139279011,0.0
2024-08-04 21:10:00,2.0,0.0,0.07663355694571607,60.0,60.31677847285803,0.0
2024-08-04 21:11:00,2.0,0.0,0.07662257268050646,60.0,60.311286340253226,0.0
2024-08-04 21:12:00,2.0,0.0,0.07661158998972568,60.0,60.30579499486284,0.0
2024-08-04 21:13:00,2.0,0.0,0.0766006088731481,60.0,60.300304436574045,0.0
2024-08-04 21:14:00,2.0,0.0,0.07658962933054803,60.0,60.29481466527401,0.0
2024-08-04 21:15:00,2.0,0.0,0.07657865136169989,60.0,60.28932568084994,0.0
2024-08-04 21:16:00,2.0,0.0,0.07656767496637809,60.0,60.283837483189046,0.0
2024-08-04 21:17:00,2.0,0.0,0.07655670014435711,60.0,60.278350072178554,0.0
2024-08-04 21:18:00,2.0,0.0,0.07654572689541143,60.0,60.27286344770572,0.0
2024-08-04 21:19:00,2.0,0.0,0.07653475521931559,60.0,60.26737760965779,0.0
2024-08-04 21:20:00,2.0,0.0,0.07652378511584411,60.0,60.26189255792205,0.0
2024-08-04 21:21:00,2.0,0.0,0.0765128165847716,60.0,60.2564082923858,0.0
2024-08-04 21:22:00,2.0,0.0,0.07650184962587268,60.0,60.25092481293634,0.0
2024-08-04 21:23:00,2.0,0.0,0.076490884238922,60.0,60.245442119461,0.0
2024-08-04 21:24:00,2.0,0.0,0.07647992042369425,60.0,60.23996021184713,0.0
2024-08-04 21:25:00,2.0,0.0,0.07646895817996414,60.0,60.234479089982074,0.0
2024-08-04 21:26:00,2.0,0.0,0.07645799750750644,60.0,60.22899875375322,0.0
2024-08-04 21:27:00,2.0,0.0,0.0764470384060959,60.0,60.22351920304795,0.0
2024-08-04 21:28:00,2.0,0.0,0.07643608087550736,60.0,60.21804043775368,0.0
2024-08-04 21:29:00,2.0,0.0,0.07642512491551566,60.0,60.21256245775783,0.0
2024-08-04 21:30:00,2.0,0.0,0.07641417052589566,60.0,60.20708526294783,0.0
2024-08-04 21:31:00,2.0,0.0,0.07640321770642228,60.0,60.20160885321114,0.0
2024-08-04 21:32:00,2.0,0.0,0.07639226645687047,60.0,60.19613322843524,0.0
2024-08-04 21:33:00,2.0,0.0,0.07638131677701522,60.0,60.19065838850761,0.0
2024-08-04 21:34:00,2.0,0.0,0.07637036866663151,60.0,60.18518433331575,0.0
2024-08-04 21:35:00,2.0,0.0,0.07635942212549439,60.0,60.179711062747195,0.0
2024-08-04 21:36:00,2.0,0.0,0.07634847715337893,60.0,60.17423857668947,0.0
2024-08-04 21:37:00,2.0,0.0,0.07633753375006025,60.0,60.16876687503012,0.0
2024-08-04 21:38:00,2.0,0.0,0.07632659191531346,60.0,60.16329595765673,0.0
2024-08-04 21:39:00,2.0,0.0,0.07631565164891374,60.0,60.15782582445687,0.0
2024-08-04 21:40:00,2.0,0.0,0.0763047129506363,60.0,60.15235647531815,0.0
2024-08-04 21:41:00,2.0,0.0,0.07629377582025637,60.0,60.146887910128186,0.0
2024-08-04 21:42:00,2.0,0.0,0.07628284025754921,60.0,60.141420128774605,0.0
2024-08-04 21:43:00,2.0,0.0,0.07627190626229013,60.0,60.135953131145065,0.0
2024-08-04 21:44:00,2.0,0.0,0.07626097383425444,60.0,60.13048691712722,0.0
2024-08-04 21:45:00,2.0,0.0,0.07625004297321752,60.0,60.12502148660876,0.0
2024-08-04 21:46:00,2.0,0.0,0.07623911367895475,60.0,60.119556839477376,0.0
2024-08-04 21:47:00,2.0,0.0,0.07622818595124158,60.0,60.114092975620785,0.0
2024-08-04 21:48:00,2.0,0.0,0.07621725978985343,60.0,60.108629894926715,0.0
2024-08-04 21:49:00,2.0,0.0,0.07620633519456582,60.0,60.10316759728291,0.0
2024-08-04 21:50:00,2.0,0.0,0.07619541216515428,60.0,60.09770608257714,0.0
2024-08-04 21:51:00,2.0,0.0,0.07618449070139434,60.0,60.09224535069717,0.0
2024-08-04 21:52:00,2.0,0.0,0.07617357080306161,60.0,60.086785401530804,0.0
2024-08-04 21:53:00,2.0,0.0,0.07616265246993169,60.0,60.08132623496584,0.0
2024-08-04 21:54:00,2.0,0.0,0.07615173570178024,60.0,60.07586785089012,0.0
2024-08-04 21:55:00,2.0,0.0,0.07614082049838296,60.0,60.070410249191475,0.0
2024-08-04 21:56:00,2.0,0.0,0.07612990685951553,60.0,60.064953429757765,0.0
2024-08-04 21:57:00,2.0,0.0,0.07611899478495372,60.0,60.059497392476864,0.0
2024-08-04 21:58:00,2.0,0.0,0.07610808427447333,60.0,60.054042137236664,0.0
2024-08-04 21:59:00,2.0,0.0,0.07609717532785014,60.0,60.04858766392507,0.0
2024-08-04 22:00:00,2.0,0.0,0.07608626794486,60.0,60.04313397243,0.0
2024-08-04 22:01:00,2.0,0.0,0.07607536212527881,60.0,60.0376810626394,0.0
2024-08-04 22:02:00,2.0,0.0,0.07606445786888244,60.0,60.03222893444122,0.0
2024-08-04 22:03:00,2.0,0.0,0.07605355517544686,60.0,60.02677758772343,0.0
2024-08-04 22:04:00,2.0,0.0,0.07604265404474804,60.0,60.02132702237402,0.0
2024-08-04 22:05:00,2.0,0.0,0.07603175447656198,60.0,60.015877238280986,0.0
2024-08-04 22:06:00,2.0,0.0,0.07602085647066471,60.0,60.010428235332355,0.0
2024-08-04 22:07:00,2.0,0.0,0.07600996002683232,60.0,60.00498001341616,0.0
2024-08-04 22:08:00,2.0,0.0,0.0759990651448409,60.0,59.99953257242045,0.0
2024-08-04 22:09:00,2.0,0.0,0.07598817182446657,60.0,59.99408591223329,0.0
2024-08-04 22:10:00,2.0,0.0,0.07597728006548553,60.0,59.988640032742765,0.0
2024-08-04 22:11:00,2.0,0.0,0.07596638986767394,60.0,59.98319493383697,0.0
2024-08-04 22:12:00,2.0,0.0,0.07595550123080806,60.0,59.97775061540403,0.0
2024-08-04 22:13:00,2.0,0.0,0.07594461415466412,60.0,59.97230707733206,0.0
2024-08-04 22:14:00,2.0,0.0,0.07593372863901844,60.0,59.96686431950922,0.0
2024-08-04 22:15:00,2.0,0.0,0.07592284468364734,60.0,59.96142234182367,0.0
2024-08-04 22:16:00,2.0,0.0,0.07591196228832718,60.0,59.95598114416359,0.0
2024-08-04 22:17:00,2.0,0.0,0.07590108145283435,60.0,59.950540726417174,0.0
2024-08-04 22:18:00,2.0,0.0,0.07589020217694527,60.0,59.94510108847263,0.0
2024-08-04 22:19:00,2.0,0.0,0.0758793244604364,60.0,59.9396622302182,0.0
2024-08-04 22:20:00,2.0,0.0,0.07586844830308422,60.0,59.934224151542104,0.0
2024-08-04 22:21:00,2.0,0.0,0.07585757370466523,60.0,59.928786852332614,0.0
2024-08-04 22:22:00,2.0,0.0,0.07584670066495601,60.0,59.923350332478,0.0
2024-08-04 22:23:00,2.0,0.0,0.07583582918373313,60.0,59.91791459186656,0.0
2024-08-04 22:24:00,2.0,0.0,0.0758249592607732,60.0,59.9124796303866,0.0
2024-08-04 22:25:00,2.0,0.0,0.07581409089585288,60.0,59.907045447926436,0.0
2024-08-04 22:26:00,2.0,0.0,0.07580322408874883,60.0,59.90161204437442,0.0
2024-08-04 22:27:00,2.0,0.0,0.0757923588392378,60.0,59.896179419618896,0.0
2024-08-04 22:28:00,2.0,0.0,0.07578149514709648,60.0,59.89074757354824,0.0
2024-08-04 22:29:00,2.0,0.0,0.07577063301210167,60.0,59.885316506050835,0.0
2024-08-04 22:30:00,2.0,0.0,0.07575977243403019,60.0,59.87988621701509,0.0
2024-08-04 22:31:00,2.0,0.0,0.07574891341265885,60.0,59.874456706329426,0.0
2024-08-04 22:32:00,2.0,0.0,0.07573805594776453,60.0,59.86902797388227,0.0
2024-08-04 22:33:00,2.0,0.0,0.07572720003912416,60.0,59.86360001956208,0.0
2024-08-04 22:34:00,2.0,0.0,0.07571634568651463,60.0,59.858172843257314,0.0
2024-08-04 22:35:00,2.0,0.0,0.07570549288971293,60.0,59.852746444856464,0.0
2024-08-04 22:36:00,2.0,0.0,0.07569464164849606,60.0,59.84732082424803,0.0
2024-08-04 22:37:00,2.0,0.0,0.07568379196264104,60.0,59.84189598132052,0.0
2024-08-04 22:38:00,2.0,0.0,0.07567294383192494,60.0,59.83647191596247,0.0
2024-08-04 22:39:00,2.0,0.0,0.07566209725612486,60.0,59.831048628062426,0.0
2024-08-04 22:40:00,2.0,0.0,0.07565125223501791,60.0,59.82562611750895,0.0
2024-08-04 22:41:00,2.0,0.0,0.07564040876838127,60.0,59.82020438419063,0.0
2024-08-04 22:42:00,2.0,0.0,0.07562956685599209,60.0,59.81478342799605,0.0
2024-08-04 22:43:00,2.0,0.0,0.07561872649762764,60.0,59.809363248813824,0.0
2024-08-04 22:44:00,2.0,0.0,0.07560788769306517,60.0,59.80394384653258,0.0
2024-08-04 22:45:00,2.0,0.0,0.07559705044208193,60.0,59.79852522104096,0.0
2024-08-04 22:46:00,2.0,0.0,0.07558621474445525,60.0,59.793107372227624,0.0
2024-08-04 22:47:00,2.0,0.0,0.0755753805999625,60.0,59.78769029998124,0.0
2024-08-04 22:48:00,2.0,0.0,0.07556454800838103,60.0,59.78227400419051,0.0
2024-08-04 22:49:00,2.0,0.0,0.07555371696948827,60.0,59.77685848474414,0.0
2024-08-04 22:50:00,2.0,0.0,0.07554288748306169,60.0,59.771443741530845,0.0
2024-08-04 22:51:00,2.0,0.0,0.07553205954887873,60.0,59.76602977443937,0.0
2024-08-04 22:52:00,2.0,0.0,0.07552123316671693,60.0,59.76061658335846,0.0
2024-08-04 22:53:00,2.0,0.0,0.07551040833635381,60.0,59.7552041681769,0.0
2024-08-04 22:54:00,2.0,0.0,0.07549958505756695,60.0,59.74979252878347,0.0
2024-08-04 22:55:00,2.0,0.0,0.07548876333013395,60.0,59.744381665066975,0.0
2024-08-04 22:56:00,2.0,0.0,0.07547794315383245,60.0,59.73897157691623,0.0
2024-08-04 22:57:00,2.0,0.0,0.07546712452844012,60.0,59.73356226422006,0.0
2024-08-04 22:58:00,2.0,0.0,0.07545630745373466,60.0,59.72815372686733,0.0
2024-08-04 22:59:00,2.0,0.0,0.07544549192949382,60.0,59.722745964746906,0.0
2024-08-04 23:00:00,2.0,0.0,0.07543467795549531,60.0,59.71733897774766,0.0
2024-08-04 23:01:00,2.0,0.0,0.07542386553151698,60.0,59.71193276575849,0.0
2024-08-04 23:02:00,2.0,0.0,0.07541305465733665,60.0,59.70652732866832,0.0
2024-08-04 23:03:00,2.0,0.0,0.07540224533273215,60.0,59.701122666366075,0.0
2024-08-04 23:04:00,2.0,0.0,0.0753914375574814,60.0,59.6957187787407,0.0
2024-08-04 23:05:00,2.0,0.0,0.07538063133136232,60.0,59.690315665681155,0.0
2024-08-04 23:06:00,2.0,0.0,0.07536982665415284,60.0,59.68491332707642,0.0
2024-08-04 23:07:00,2.0,0.0,0.075359023525631,60.0,59.679511762815494,0.0
2024-08-04 23:08:00,2.0,0.0,0.07534822194557476,60.0,59.67411097278738,0.0
2024-08-04 23:09:00,2.0,0.0,0.07533742191376222,60.0,59.66871095688111,0.0
2024-08-04 23:10:00,2.0,0.0,0.07532662342997141,60.0,59.66331171498571,0.0
2024-08-04 23:11:00,2.0,0.0,0.0753158264939805,60.0,59.65791324699025,0.0
2024-08-04 23:12:00,2.0,0.0,0.07530503110556759,60.0,59.6525155527838,0.0
2024-08-04 23:13:00,2.0,0.0,0.0752942372645109,60.0,59.64711863225545,0.0
2024-08-04 23:14:00,2.0,0.0,0.0752834449705886,60.0,59.6417224852943,0.0
2024-08-04 23:15:00,2.0,0.0,0.07527265422357897,60.0,59.636327111789484,0.0
2024-08-04 23:16:00,2.0,0.0,0.07526186502326025,60.0,59.63093251163013,0.0
2024-08-04 23:17:00,2.0,0.0,0.07525107736941077,60.0,59.62553868470538,0.0
2024-08-04 23:18:00,2.0,0.0,0.07524029126180885,60.0,59.620145630904425,0.0
2024-08-04 23:19:00,2.0,0.0,0.07522950670023286,60.0,59.61475335011643,0.0
2024-08-04 23:20:00,2.0,0.0,0.07521872368446121,60.0,59.609361842230605,0.0
2024-08-04 23:21:00,2.0,0.0,0.07520794221427232,60.0,59.60397110713616,0.0
2024-08-04 23:22:00,2.0,0.0,0.07519716228944466,60.0,59.59858114472233,0.0
2024-08-04 23:23:00,2.0,0.0,0.07518638390975672,60.0,59.593191954878364,0.0
2024-08-04 23:24:00,2.0,0.0,0.07517560707498706,60.0,59.58780353749353,0.0
2024-08-04 23:25:00,2.0,0.0,0.0751648317849142,60.0,59.5824158924571,0.0
2024-08-04 23:26:00,2.0,0.0,0.07515405803931674,60.0,59.57702901965837,0.0
2024-08-04 23:27:00,2.0,0.0,0.0751432858379733,60.0,59.571642918986655,0.0
2024-08-04 23:28:00,2.0,0.0,0.07513251518066257,60.0,59.56625759033128,0.0
2024-08-04 23:29:00,2.0,0.0,0.0751217460671632,60.0,59.56087303358159,0.0
2024-08-04 23:30:00,2.0,0.0,0.0751109784972539,60.0,59.55548924862695,0.0
2024-08-04 23:31:00,2.0,0.0,0.07510021247071344,60.0,59.55010623535672,0.0
2024-08-04 23:32:00,2.0,0.0,0.07508944798732062,60.0,59.544723993660305,0.0
2024-08-04 23:33:00,2.0,0.0,0.07507868504685421,60.0,59.5393425234271,0.0
2024-08-04 23:34:00,2.0,0.0,0.07506792364909308,60.0,59.53396182454654,0.0
2024-08-04 23:35:00,2.0,0.0,0.07505716379381609,60.0,59.528581896908044,0.0
2024-08-04 23:36:00,2.0,0.0,0.07504640548080217,60.0,59.52320274040108,0.0
2024-08-04 23:37:00,2.0,0.0,0.07503564870983025,60.0,59.51782435491512,0.0
2024-08-04 23:38:00,2.0,0.0,0.07502489348067928,60.0,59.51244674033964,0.0
2024-08-04 23:39:00,2.0,0.0,0.07501413979312829,60.0,59.50706989656415,0.0
2024-08-04 23:40:00,2.0,0.0,0.07500338764695633,60.0,59.50169382347816,0.0
2024-08-04 23:41:00,2.0,0.0,0.07499263704194244,60.0,59.496318520971215,0.0
2024-08-04 23:42:00,2.0,0.0,0.07498188797786572,60.0,59.490943988932855,0.0
2024-08-04 23:43:00,2.0,0.0,0.07497114045450529,60.0,59.485570227252644,0.0
2024-08-04 23:44:00,2.0,0.0,0.07496039447164032,60.0,59.480197235820164,0.0
2024-08-04 23:45:00,2.0,0.0,0.07494965002905003,60.0,59.47482501452502,0.0
2024-08-04 23:46:00,2.0,0.0,0.07493890712651362,60.0,59.469453563256806,0.0
2024-08-04 23:47:00,2.0,0.0,0.07492816576381034,60.0,59.46408288190517,0.0
2024-08-04 23:48:00,2.0,0.0,0.0749174259407195,60.0,59.45871297035975,0.0
2024-08-04 23:49:00,2.0,0.0,0.0749066876570204,60.0,59.4533438285102,0.0
2024-08-04 23:50:00,2.0,0.0,0.0748959509124924,60.0,59.4479754562462,0.0
2024-08-04 23:51:00,2.0,0.0,0.07488521570691488,60.0,59.44260785345744,0.0
2024-08-04 23:52:00,2.0,0.0,0.07487448204006725,60.0,59.437241020033625,0.0
2024-08-04 23:53:00,2.0,0.0,0.07486374991172898,60.0,59.43187495586449,0.0
2024-08-04 23:54:00,2.0,0.0,0.07485301932167951,60.0,59.426509660839756,0.0
2024-08-04 23:55:00,2.0,0.0,0.07484229026969838,60.0,59.42114513484919,0.0
2024-08-04 23:56:00,2.0,0.0,0.07483156275556511,60.0,59.41578137778256,0.0
2024-08-04 23:57:00,2.0,0.0,0.0748208367790593,60.0,59.41041838952965,0.0
2024-08-04 23:58:00,2.0,0.0,0.07481011233996054,60.0,59.40505616998027,0.0
2024-08-04 23:59:00,2.0,0.0,0.07479938943804845,60.0,59.399694719024225,0.0
