,Occupancy,P_use_WB,P_loss_WB,T_set_WB,T_ref_WB,Water_use
2024-07-29 00:00:00,2.0,0.0,0.076,60.0,60.0,0.0
2024-07-29 00:01:00,2.0,0.0,0.07599128523650263,60.0,59.99564261825132,0.0
2024-07-29 00:02:00,2.0,0.0,0.07598257147230925,60.0,59.99128573615462,0.0
2024-07-29 00:03:00,2.0,0.0,0.07597385870730526,60.0,59.98692935365263,0.0
2024-07-29 00:04:00,2.0,0.0,0.07596514694137609,60.0,59.982573470688045,0.0
2024-07-29 00:05:00,2.0,0.0,0.07595643617440717,60.0,59.97821808720359,0.0
2024-07-29 00:06:00,2.0,0.0,0.07594772640628397,60.0,59.97386320314199,0.0
2024-07-29 00:07:00,2.0,0.0,0.07593901763689195,60.0,59.96950881844597,0.0
2024-07-29 00:08:00,2.0,0.0,0.07593030986611657,60.0,59.96515493305829,0.0
2024-07-29 00:09:00,2.0,0.0,0.07592160309384334,60.0,59.96080154692167,0.0
2024-07-29 00:10:00,2.0,0.0,0.07591289731995776,60.0,59.95644865997888,0.0
2024-07-29 00:11:00,2.0,0.0,0.07590419254434536,60.0,59.952096272172675,0.0
2024-07-29 00:12:00,2.0,0.0,0.07589548876689163,60.0,59.947744383445816,0.0
2024-07-29 00:13:00,2.0,0.0,0.07588678598748215,60.0,59.94339299374107,0.0
2024-07-29 00:14:00,2.0,0.0,0.07587808420600246,60.0,59.93904210300123,0.0
2024-07-29 00:15:00,2.0,0.0,0.07586938342233814,60.0,59.934691711169066,0.0
2024-07-29 00:16:00,2.0,0.0,0.07586068363637474,60.0,59.93034181818737,0.0
2024-07-29 00:17:00,2.0,0.0,0.0758519848479979,60.0,59.92599242399895,0.0
2024-07-29 00:18:00,2.0,0.0,0.07584328705709321,60.0,59.9216435285466,0.0
2024-07-29 00:19:00,2.0,0.0,0.07583459026354629,60.0,59.917295131773145,0.0
2024-07-29 00:20:00,2.0,0.0,0.07582589446724278,60.0,59.91294723362139,0.0
2024-07-29 00:21:00,2.0,0.0,0.07581719966806831,60.0,59.908599834034156,0.0
2024-07-29 00:22:00,2.0,0.0,0.07580850586590858,60.0,59.904252932954286,0.0
2024-07-29 00:23:00,2.0,0.0,0.07579981306064923,60.0,59.899906530324614,0.0
2024-07-29 00:24:00,2.0,0.0,0.07579112125217596,60.0,59.89556062608798,0.0
2024-07-29 00:25:00,2.0,0.0,0.07578243044037447,60.0,59.891215220187235,0.0
2024-07-29 00:26:00,2.0,0.0,0.07577374062513047,60.0,59.886870312565236,0.0
2024-07-29 00:27:00,2.0,0.0,0.0757650518063297,60.0,59.88252590316485,0.0
2024-07-29 00:28:00,2.0,0.0,0.07575636398385788,60.0,59.87818199192894,0.0
2024-07-29 00:29:00,2.0,0.0,0.07574767715760078,60.0,59.87383857880039,0.0
2024-07-29 00:30:00,2.0,0.0,0.07573899132744416,60.0,59.86949566372208,0.0
2024-07-29 00:31:00,2.0,0.0,0.0757303064932738,60.0,59.86515324663689,0.0
2024-07-29 00:32:00,2.0,0.0,0.07572162265497547,60.0,59.86081132748773,0.0
2024-07-29 00:33:00,2.0,0.0,0.075712939812435,60.0,59.8564699062175,0.0
2024-07-29 00:34:00,2.0,0.0,0.0757042579655382,60.0,59.8521289827691,0.0
2024-07-29 00:35:00,2.0,0.0,0.07569557711417092,60.0,59.84778855708546,0.0
2024-07-29 00:36:00,2.0,0.0,0.07568689725821898,60.0,59.84344862910949,0.0
2024-07-29 00:37:00,2.0,0.0,0.07567821839756825,60.0,59.83910919878412,0.0
2024-07-29 00:38:00,2.0,0.0,0.07566954053210459,60.0,59.834770266052296,0.0
2024-07-29 00:39:00,2.0,0.0,0.0756608636617139,60.0,59.83043183085695,0.0
2024-07-29 00:40:00,2.0,0.0,0.07565218778628209,60.0,59.82609389314104,0.0
2024-07-29 00:41:00,2.0,0.0,0.07564351290569503,60.0,59.82175645284752,0.0
2024-07-29 00:42:00,2.0,0.0,0.07563483901983867,60.0,59.81741950991933,0.0
2024-07-29 00:43:00,2.0,0.0,0.07562616612859895,60.0,59.81308306429947,0.0
2024-07-29 00:44:00,2.0,0.0,0.07561749423186179,60.0,59.80874711593089,0.0
2024-07-29 00:45:00,2.0,0.0,0.07560882332951317,60.0,59.804411664756586,0.0
2024-07-29 00:46:00,2.0,0.0,0.07560015342143908,60.0,59.80007671071954,0.0
2024-07-29 00:47:00,2.0,0.0,0.07559148450752548,60.0,59.79574225376274,0.0
2024-07-29 00:48:00,2.0,0.0,0.0755828165876584,60.0,59.7914082938292,0.0
2024-07-29 00:49:00,2.0,0.0,0.07557414966172384,60.0,59.78707483086192,0.0
2024-07-29 00:50:00,2.0,0.0,0.07556548372960782,60.0,59.78274186480391,0.0
2024-07-29 00:51:00,2.0,0.0,0.0755568187911964,60.0,59.778409395598196,0.0
2024-07-29 00:52:00,2.0,0.0,0.07554815484637561,60.0,59.774077423187805,0.0
2024-07-29 00:53:00,2.0,0.0,0.07553949189503155,60.0,59.76974594751577,0.0
2024-07-29 00:54:00,2.0,0.0,0.07553082993705028,60.0,59.765414968525135,0.0
2024-07-29 00:55:00,2.0,0.0,0.0755221689723179,60.0,59.76108448615894,0.0
2024-07-29 00:56:00,2.0,0.0,0.07551350900072049,60.0,59.756754500360245,0.0
2024-07-29 00:57:00,2.0,0.0,0.0755048500221442,60.0,59.7524250110721,0.0
2024-07-29 00:58:00,2.0,0.0,0.07549619203647515,60.0,59.748096018237575,0.0
2024-07-29 00:59:00,2.0,0.0,0.0754875350435995,60.0,59.74376752179975,0.0
2024-07-29 01:00:00,2.0,0.0,0.07547887904340338,60.0,59.73943952170169,0.0
2024-07-29 01:01:00,2.0,0.0,0.07547022403577298,60.0,59.73511201788649,0.0
2024-07-29 01:02:00,2.0,0.0,0.07546157002059449,60.0,59.73078501029725,0.0
2024-07-29 01:03:00,2.0,0.0,0.0754529169977541,60.0,59.72645849887705,0.0
2024-07-29 01:04:00,2.0,0.0,0.07544426496713803,60.0,59.72213248356901,0.0
2024-07-29 01:05:00,2.0,0.0,0.07543561392863248,60.0,59.71780696431624,0.0
2024-07-29 01:06:00,2.0,0.0,0.07542696388212371,60.0,59.71348194106185,0.0
2024-07-29 01:07:00,2.0,0.0,0.07541831482749795,60.0,59.70915741374897,0.0
2024-07-29 01:08:00,2.0,0.0,0.07540966676464146,60.0,59.70483338232073,0.0
2024-07-29 01:09:00,2.0,0.0,0.07540101969344054,60.0,59.70050984672027,0.0
2024-07-29 01:10:00,2.0,0.0,0.07539237361378147,60.0,59.696186806890736,0.0
2024-07-29 01:11:00,2.0,0.0,0.07538372852555056,60.0,59.691864262775276,0.0
2024-07-29 01:12:00,2.0,0.0,0.0753750844286341,60.0,59.68754221431705,0.0
2024-07-29 01:13:00,2.0,0.0,0.07536644132291843,60.0,59.68322066145922,0.0
2024-07-29 01:14:00,2.0,0.0,0.0753577992082899,60.0,59.67889960414495,0.0
2024-07-29 01:15:00,2.0,0.0,0.07534915808463487,60.0,59.67457904231743,0.0
2024-07-29 01:16:00,2.0,0.0,0.07534051795183969,60.0,59.67025897591984,0.0
2024-07-29 01:17:00,2.0,0.0,0.07533187880979074,60.0,59.66593940489537,0.0
2024-07-29 01:18:00,2.0,0.0,0.07532324065837442,60.0,59.66162032918721,0.0
2024-07-29 01:19:00,2.0,0.0,0.07531460349747714,60.0,59.65730174873857,0.0
2024-07-29 01:20:00,2.0,0.0,0.07530596732698532,60.0,59.652983663492655,0.0
2024-07-29 01:21:00,2.0,0.0,0.07529733214678537,60.0,59.64866607339268,0.0
2024-07-29 01:22:00,2.0,0.0,0.07528869795676375,60.0,59.64434897838188,0.0
2024-07-29 01:23:00,2.0,0.0,0.07528006475680694,60.0,59.64003237840347,0.0
2024-07-29 01:24:00,2.0,0.0,0.07527143254680138,60.0,59.63571627340069,0.0
2024-07-29 01:25:00,2.0,0.0,0.07526280132663357,60.0,59.63140066331678,0.0
2024-07-29 01:26:00,2.0,0.0,0.07525417109619,60.0,59.627085548094996,0.0
2024-07-29 01:27:00,2.0,0.0,0.07524554185535717,60.0,59.62277092767859,0.0
2024-07-29 01:28:00,2.0,0.0,0.07523691360402164,60.0,59.61845680201082,0.0
2024-07-29 01:29:00,2.0,0.0,0.0752282863420699,60.0,59.614143171034954,0.0
2024-07-29 01:30:00,2.0,0.0,0.07521966006938854,60.0,59.60983003469427,0.0
2024-07-29 01:31:00,2.0,0.0,0.0752110347858641,60.0,59.60551739293205,0.0
2024-07-29 01:32:00,2.0,0.0,0.07520241049138317,60.0,59.60120524569158,0.0
2024-07-29 01:33:00,2.0,0.0,0.0751937871858323,60.0,59.59689359291615,0.0
2024-07-29 01:34:00,2.0,0.0,0.07518516486909815,60.0,59.59258243454907,0.0
2024-07-29 01:35:00,2.0,0.0,0.07517654354106729,60.0,59.588271770533645,0.0
2024-07-29 01:36:00,2.0,0.0,0.07516792320162637,60.0,59.58396160081318,0.0
2024-07-29 01:37:00,2.0,0.0,0.07515930385066201,60.0,59.57965192533101,0.0
2024-07-29 01:38:00,2.0,0.0,0.07515068548806089,60.0,59.57534274403044,0.0
2024-07-29 01:39:00,2.0,0.0,0.07514206811370966,60.0,59.57103405685483,0.0
2024-07-29 01:40:00,2.0,0.0,0.07513345172749498,60.0,59.56672586374749,0.0
2024-07-29 01:41:00,2.0,0.0,0.0751248363293036,60.0,59.562418164651795,0.0
2024-07-29 01:42:00,2.0,0.0,0.07511622191902217,60.0,59.55811095951108,0.0
2024-07-29 01:43:00,2.0,0.0,0.07510760849653743,60.0,59.55380424826871,0.0
2024-07-29 01:44:00,2.0,0.0,0.0750989960617361,60.0,59.54949803086805,0.0
2024-07-29 01:45:00,2.0,0.0,0.07509038461450494,60.0,59.54519230725247,0.0
2024-07-29 01:46:00,2.0,0.0,0.0750817741547307,60.0,59.540887077365355,0.0
2024-07-29 01:47:00,2.0,0.0,0.07507316468230016,60.0,59.53658234115008,0.0
2024-07-29 01:48:00,2.0,0.0,0.07506455619710009,60.0,59.532278098550044,0.0
2024-07-29 01:49:00,2.0,0.0,0.0750559486990173,60.0,59.527974349508646,0.0
2024-07-29 01:50:00,2.0,0.0,0.07504734218793857,60.0,59.523671093969284,0.0
2024-07-29 01:51:00,2.0,0.0,0.07503873666375076,60.0,59.51936833187538,0.0
2024-07-29 01:52:00,2.0,0.0,0.07503013212634067,60.0,59.51506606317034,0.0
2024-07-29 01:53:00,2.0,0.0,0.07502152857559519,60.0,59.51076428779759,0.0
2024-07-29 01:54:00,2.0,0.0,0.07501292601140114,60.0,59.50646300570057,0.0
2024-07-29 01:55:00,2.0,0.0,0.07500432443364541,60.0,59.502162216822704,0.0
2024-07-29 01:56:00,2.0,0.0,0.07499572384221488,60.0,59.49786192110744,0.0
2024-07-29 01:57:00,2.0,0.0,0.07498712423699648,60.0,59.49356211849824,0.0
2024-07-29 01:58:00,2.0,0.0,0.0749785256178771,60.0,59.48926280893855,0.0
2024-07-29 01:59:00,2.0,0.0,0.07496992798474367,60.0,59.48496399237183,0.0
2024-07-29 02:00:00,2.0,0.0,0.0749613313374831,60.0,59.48066566874155,0.0
2024-07-29 02:01:00,2.0,0.0,0.07495273567598239,60.0,59.47636783799119,0.0
2024-07-29 02:02:00,2.0,0.0,0.07494414100012847,60.0,59.472070500064234,0.0
2024-07-29 02:03:00,2.0,0.0,0.07493554730980834,60.0,59.46777365490417,0.0
2024-07-29 02:04:00,2.0,0.0,0.07492695460490899,60.0,59.46347730245449,0.0
2024-07-29 02:05:00,2.0,0.0,0.0749183628853174,60.0,59.4591814426587,0.0
2024-07-29 02:06:00,2.0,0.0,0.07490977215092062,60.0,59.45488607546031,0.0
2024-07-29 02:07:00,2.0,0.0,0.07490118240160565,60.0,59.450591200802826,0.0
2024-07-29 02:08:00,2.0,0.0,0.07489259363725956,60.0,59.446296818629776,0.0
2024-07-29 02:09:00,2.0,0.0,0.07488400585776937,60.0,59.44200292888468,0.0
2024-07-29 02:10:00,2.0,0.0,0.07487541906302218,60.0,59.43770953151109,0.0
2024-07-29 02:11:00,2.0,0.0,0.07486683325290507,60.0,59.433416626452534,0.0
2024-07-29 02:12:00,2.0,0.0,0.07485824842730511,60.0,59.42912421365256,0.0
2024-07-29 02:13:00,2.0,0.0,0.07484966458610945,60.0,59.42483229305472,0.0
2024-07-29 02:14:00,2.0,0.0,0.07484108172920516,60.0,59.42054086460258,0.0
2024-07-29 02:15:00,2.0,0.0,0.0748324998564794,60.0,59.4162499282397,0.0
2024-07-29 02:16:00,2.0,0.0,0.07482391896781933,60.0,59.41195948390966,0.0
2024-07-29 02:17:00,2.0,0.0,0.07481533906311208,60.0,59.40766953155604,0.0
2024-07-29 02:18:00,2.0,0.0,0.07480676014224483,60.0,59.40338007112241,0.0
2024-07-29 02:19:00,2.0,0.0,0.07479818220510477,60.0,59.39909110255238,0.0
2024-07-29 02:20:00,2.0,0.0,0.07478960525157909,60.0,59.394802625789545,0.0
2024-07-29 02:21:00,2.0,0.0,0.07478102928155503,60.0,59.39051464077751,0.0
2024-07-29 02:22:00,2.0,0.0,0.07477245429491977,60.0,59.386227147459884,0.0
2024-07-29 02:23:00,2.0,0.0,0.07476388029156059,60.0,59.38194014578029,0.0
2024-07-29 02:24:00,2.0,0.0,0.0747553072713647,60.0,59.37765363568235,0.0
2024-07-29 02:25:00,2.0,0.0,0.07474673523421939,60.0,59.37336761710969,0.0
2024-07-29 02:26:00,2.0,0.0,0.07473816418001192,60.0,59.36908209000596,0.0
2024-07-29 02:27:00,2.0,0.0,0.0747295941086296,60.0,59.3647970543148,0.0
2024-07-29 02:28:00,2.0,0.0,0.07472102501995971,60.0,59.360512509979856,0.0
2024-07-29 02:29:00,2.0,0.0,0.07471245691388959,60.0,59.35622845694479,0.0
2024-07-29 02:30:00,2.0,0.0,0.07470388979030654,60.0,59.35194489515327,0.0
2024-07-29 02:31:00,2.0,0.0,0.07469532364909791,60.0,59.34766182454895,0.0
2024-07-29 02:32:00,2.0,0.0,0.07468675849015104,60.0,59.34337924507552,0.0
2024-07-29 02:33:00,2.0,0.0,0.07467819431335332,60.0,59.33909715667666,0.0
2024-07-29 02:34:00,2.0,0.0,0.07466963111859211,60.0,59.334815559296054,0.0
2024-07-29 02:35:00,2.0,0.0,0.07466106890575482,60.0,59.33053445287741,0.0
2024-07-29 02:36:00,2.0,0.0,0.07465250767472884,60.0,59.32625383736442,0.0
2024-07-29 02:37:00,2.0,0.0,0.07464394742540159,60.0,59.321973712700796,0.0
2024-07-29 02:38:00,2.0,0.0,0.0746353881576605,60.0,59.31769407883025,0.0
2024-07-29 02:39:00,2.0,0.0,0.07462682987139302,60.0,59.31341493569651,0.0
2024-07-29 02:40:00,2.0,0.0,0.0746182725664866,60.0,59.3091362832433,0.0
2024-07-29 02:41:00,2.0,0.0,0.07460971624282871,60.0,59.304858121414355,0.0
2024-07-29 02:42:00,2.0,0.0,0.07460116090030684,60.0,59.30058045015342,0.0
2024-07-29 02:43:00,2.0,0.0,0.07459260653880848,60.0,59.296303269404234,0.0
2024-07-29 02:44:00,2.0,0.0,0.07458405315822113,60.0,59.29202657911056,0.0
2024-07-29 02:45:00,2.0,0.0,0.07457550075843232,60.0,59.287750379216156,0.0
2024-07-29 02:46:00,2.0,0.0,0.07456694933932959,60.0,59.28347466966479,0.0
2024-07-29 02:47:00,2.0,0.0,0.07455839890080047,60.0,59.279199450400235,0.0
2024-07-29 02:48:00,2.0,0.0,0.07454984944273253,60.0,59.27492472136627,0.0
2024-07-29 02:49:00,2.0,0.0,0.07454130096501335,60.0,59.270650482506674,0.0
2024-07-29 02:50:00,2.0,0.0,0.0745327534675305,60.0,59.26637673376525,0.0
2024-07-29 02:51:00,2.0,0.0,0.07452420695017159,60.0,59.262103475085794,0.0
2024-07-29 02:52:00,2.0,0.0,0.07451566141282422,60.0,59.25783070641211,0.0
2024-07-29 02:53:00,2.0,0.0,0.07450711685537602,60.0,59.253558427688006,0.0
2024-07-29 02:54:00,2.0,0.0,0.07449857327771463,60.0,59.24928663885731,0.0
2024-07-29 02:55:00,2.0,0.0,0.0744900306797277,60.0,59.24501533986385,0.0
2024-07-29 02:56:00,2.0,0.0,0.07448148906130288,60.0,59.24074453065144,0.0
2024-07-29 02:57:00,2.0,0.0,0.07447294842232786,60.0,59.23647421116393,0.0
2024-07-29 02:58:00,2.0,0.0,0.07446440876269032,60.0,59.23220438134516,0.0
2024-07-29 02:59:00,2.0,0.0,0.07445587008227798,60.0,59.22793504113899,0.0
2024-07-29 03:00:00,2.0,0.0,0.07444733238097855,60.0,59.22366619048927,0.0
2024-07-29 03:01:00,2.0,0.0,0.07443879565867971,60.0,59.219397829339854,0.0
2024-07-29 03:02:00,2.0,0.0,0.07443025991526925,60.0,59.21512995763462,0.0
2024-07-29 03:03:00,2.0,0.0,0.07442172515063492,60.0,59.210862575317456,0.0
2024-07-29 03:04:00,2.0,0.0,0.07441319136466445,60.0,59.20659568233223,0.0
2024-07-29 03:05:00,2.0,0.0,0.07440465855724566,60.0,59.202329278622834,0.0
2024-07-29 03:06:00,2.0,0.0,0.07439612672826634,60.0,59.19806336413317,0.0
2024-07-29 03:07:00,2.0,0.0,0.07438759587761427,60.0,59.19379793880714,0.0
2024-07-29 03:08:00,2.0,0.0,0.07437906600517728,60.0,59.18953300258864,0.0
2024-07-29 03:09:00,2.0,0.0,0.07437053711084318,60.0,59.185268555421594,0.0
2024-07-29 03:10:00,2.0,0.0,0.07436200919449985,60.0,59.181004597249924,0.0
2024-07-29 03:11:00,2.0,0.0,0.07435348225603512,60.0,59.17674112801756,0.0
2024-07-29 03:12:00,2.0,0.0,0.07434495629533687,60.0,59.172478147668436,0.0
2024-07-29 03:13:00,2.0,0.0,0.07433643131229298,60.0,59.16821565614649,0.0
2024-07-29 03:14:00,2.0,0.0,0.07432790730679131,60.0,59.16395365339566,0.0
2024-07-29 03:15:00,2.0,0.0,0.07431938427871983,60.0,59.15969213935991,0.0
2024-07-29 03:16:00,2.0,0.0,0.07431086222796641,60.0,59.155431113983205,0.0
2024-07-29 03:17:00,2.0,0.0,0.07430234115441901,60.0,59.151170577209506,0.0
2024-07-29 03:18:00,2.0,0.0,0.07429382105796557,60.0,59.14691052898279,0.0
2024-07-29 03:19:00,2.0,0.0,0.07428530193849404,60.0,59.14265096924702,0.0
2024-07-29 03:20:00,2.0,0.0,0.0742767837958924,60.0,59.1383918979462,0.0
2024-07-29 03:21:00,2.0,0.0,0.07426826663004862,60.0,59.134133315024314,0.0
2024-07-29 03:22:00,2.0,0.0,0.07425975044085073,60.0,59.12987522042536,0.0
2024-07-29 03:23:00,2.0,0.0,0.0742512352281867,60.0,59.12561761409335,0.0
2024-07-29 03:24:00,2.0,0.0,0.07424272099194458,60.0,59.12136049597229,0.0
2024-07-29 03:25:00,2.0,0.0,0.07423420773201239,60.0,59.1171038660062,0.0
2024-07-29 03:26:00,2.0,0.0,0.07422569544827819,60.0,59.112847724139094,0.0
2024-07-29 03:27:00,2.0,0.0,0.07421718414063004,60.0,59.10859207031502,0.0
2024-07-29 03:28:00,2.0,0.0,0.074208673808956,60.0,59.104336904478004,0.0
2024-07-29 03:29:00,2.0,0.0,0.07420016445314419,60.0,59.10008222657209,0.0
2024-07-29 03:30:00,2.0,0.0,0.07419165607308267,60.0,59.095828036541334,0.0
2024-07-29 03:31:00,2.0,0.0,0.07418314866865958,60.0,59.091574334329785,0.0
2024-07-29 03:32:00,2.0,0.0,0.07417464223976301,60.0,59.08732111988151,0.0
2024-07-29 03:33:00,2.0,0.0,0.07416613678628116,60.0,59.08306839314058,0.0
2024-07-29 03:34:00,1.0,0.0,0.07415763230810213,60.0,59.07881615405106,0.0
2024-07-29 03:35:00,1.0,0.0,0.0741491288051141,60.0,59.074564402557044,0.0
2024-07-29 03:36:00,1.0,0.0,0.07414062627720525,60.0,59.07031313860262,0.0
2024-07-29 03:37:00,2.0,0.0,0.07413212472426377,60.0,59.06606236213188,0.0
2024-07-29 03:38:00,2.0,0.0,0.07412362414617785,60.0,59.06181207308892,0.0
2024-07-29 03:39:00,2.0,0.0,0.07411512454283571,60.0,59.05756227141786,0.0
2024-07-29 03:40:00,2.0,0.0,0.0741066259141256,60.0,59.0533129570628,0.0
2024-07-29 03:41:00,2.0,0.0,0.07409812825993574,60.0,59.04906412996787,0.0
2024-07-29 03:42:00,2.0,0.0,0.07408963158015437,60.0,59.04481579007719,0.0
2024-07-29 03:43:00,2.0,0.0,0.07408113587466979,60.0,59.04056793733489,0.0
2024-07-29 03:44:00,2.0,0.0,0.07407264114337025,60.0,59.036320571685124,0.0
2024-07-29 03:45:00,2.0,0.0,0.07406414738614406,60.0,59.03207369307203,0.0
2024-07-29 03:46:00,2.0,0.0,0.07405565460287951,60.0,59.02782730143976,0.0
2024-07-29 03:47:00,2.0,0.0,0.07404716279346495,60.0,59.023581396732475,0.0
2024-07-29 03:48:00,2.0,0.0,0.07403867195778868,60.0,59.01933597889434,0.0
2024-07-29 03:49:00,2.0,0.0,0.07403018209573906,60.0,59.015091047869525,0.0
2024-07-29 03:50:00,2.0,0.0,0.07402169320720442,60.0,59.01084660360221,0.0
2024-07-29 03:51:00,2.0,0.0,0.07401320529207317,60.0,59.00660264603658,0.0
2024-07-29 03:52:00,2.0,0.0,0.07400471835023366,60.0,59.00235917511683,0.0
2024-07-29 03:53:00,2.0,0.0,0.0739962323815743,60.0,58.998116190787144,0.0
2024-07-29 03:54:00,2.0,0.0,0.07415974929711583,60.0,59.07987464855791,0.0
2024-07-29 03:55:00,2.0,0.0,0.07432324746250937,60.0,59.161623731254686,0.0
2024-07-29 03:56:00,2.0,0.0,0.07448672687990499,60.0,59.24336343995249,0.0
2024-07-29 03:57:00,2.0,0.0,0.07465018755145243,60.0,59.32509377572622,0.0
2024-07-29 03:58:00,2.0,0.0,0.07481362947930129,60.0,59.40681473965064,0.0
2024-07-29 03:59:00,2.0,0.0,0.07497705266560084,60.0,59.48852633280042,0.0
2024-07-29 04:00:00,2.0,0.0,0.07514045711250014,60.0,59.57022855625007,0.0
2024-07-29 04:01:00,2.0,0.0,0.07530384282214801,60.0,59.65192141107401,0.0
2024-07-29 04:02:00,2.0,0.0,0.07546720979669301,60.0,59.733604898346506,0.0
2024-07-29 04:03:00,2.0,0.0,0.07563055803828346,60.0,59.81527901914173,0.0
2024-07-29 04:04:00,2.0,0.0,0.0757938875490674,60.0,59.8969437745337,0.0
2024-07-29 04:05:00,2.0,0.0,0.07595719833119269,60.0,59.97859916559634,0.0
2024-07-29 04:06:00,2.0,0.0,0.07612049038680688,60.0,60.06024519340344,0.0
2024-07-29 04:07:00,2.0,0.0,0.07628376371805731,60.0,60.14188185902866,0.0
2024-07-29 04:08:00,2.0,0.0,0.07644701832709107,60.0,60.223509163545536,0.0
2024-07-29 04:09:00,2.0,0.0,0.076610254216055,60.0,60.3051271080275,0.0
2024-07-29 04:10:00,2.0,0.0,0.07677347138709568,60.0,60.38673569354784,0.0
2024-07-29 04:11:00,2.0,0.0,0.07693666984235946,60.0,60.46833492117973,0.0
2024-07-29 04:12:00,2.0,0.0,0.07709984958399245,60.0,60.549924791996226,0.0
2024-07-29 04:13:00,2.0,0.0,0.07726301061414048,60.0,60.63150530707024,0.0
2024-07-29 04:14:00,2.0,0.0,0.07742615293494919,60.0,60.71307646747459,0.0
2024-07-29 04:15:00,1.0,0.0,0.0775892765485639,60.0,60.79463827428195,0.0
2024-07-29 04:16:00,1.0,0.0,0.07775238145712976,60.0,60.87619072856488,0.0
2024-07-29 04:17:00,1.0,0.0,0.07791546766279163,60.0,60.957733831395814,0.0
2024-07-29 04:18:00,1.0,0.0,0.07807853516769413,60.0,61.039267583847064,0.0
2024-07-29 04:19:00,1.0,0.0,0.0780695820628493,60.0,61.034791031424646,0.0
2024-07-29 04:20:00,1.0,0.0,0.07806062998463856,60.0,61.030314992319276,0.0
2024-07-29 04:21:00,1.0,0.0,0.0780516789329442,60.0,61.02583946647209,0.0
2024-07-29 04:22:00,1.0,0.0,0.07804272890764848,60.0,61.02136445382424,0.0
2024-07-29 04:23:00,1.0,0.0,0.07803377990863375,60.0,61.01688995431687,0.0
2024-07-29 04:24:00,2.0,0.0,0.0780248319357823,60.0,61.01241596789115,0.0
2024-07-29 04:25:00,2.0,0.0,0.07801588498897648,60.0,61.00794249448824,0.0
2024-07-29 04:26:00,2.0,0.0,0.07800693906809862,60.0,61.00346953404931,0.0
2024-07-29 04:27:00,2.0,0.0,0.07799799417303109,60.0,60.998997086515544,0.0
2024-07-29 04:28:00,2.0,0.0,0.07798905030365626,60.0,60.99452515182813,0.0
2024-07-29 04:29:00,2.0,0.0,0.07798010745985652,60.0,60.990053729928256,0.0
2024-07-29 04:30:00,2.0,0.0,0.07797116564151425,60.0,60.985582820757124,0.0
2024-07-29 04:31:00,2.0,0.0,0.07796222484851188,60.0,60.98111242425594,0.0
2024-07-29 04:32:00,2.0,0.0,0.07795328508073184,60.0,60.976642540365916,0.0
2024-07-29 04:33:00,2.0,0.0,0.07794434633805655,60.0,60.972173169028274,0.0
2024-07-29 04:34:00,2.0,0.0,0.07793540862036848,60.0,60.96770431018424,0.0
2024-07-29 04:35:00,2.0,0.0,0.07792647192755009,60.0,60.96323596377504,0.0
2024-07-29 04:36:00,2.0,0.0,0.07791753625948386,60.0,60.95876812974193,0.0
2024-07-29 04:37:00,1.0,0.0,0.07790860161605229,60.0,60.95430080802614,0.0
2024-07-29 04:38:00,1.0,0.0,0.07789966799713786,60.0,60.949833998568934,0.0
2024-07-29 04:39:00,1.0,0.0,0.07789073540262315,60.0,60.945367701311575,0.0
2024-07-29 04:40:00,2.0,0.0,0.07788180383239064,60.0,60.94090191619532,0.0
2024-07-29 04:41:00,2.0,0.0,0.07787287328632292,60.0,60.93643664316146,0.0
2024-07-29 04:42:00,2.0,0.0,0.0778639437643025,60.0,60.93197188215125,0.0
2024-07-29 04:43:00,2.0,0.0,0.077855015266212,60.0,60.927507633105996,0.0
2024-07-29 04:44:00,2.0,0.0,0.07784608779193398,60.0,60.92304389596699,0.0
2024-07-29 04:45:00,2.0,0.0,0.07783716134135106,60.0,60.91858067067553,0.0
2024-07-29 04:46:00,2.0,0.0,0.07782823591434584,60.0,60.91411795717292,0.0
2024-07-29 04:47:00,2.0,0.0,0.07781931151080096,60.0,60.90965575540048,0.0
2024-07-29 04:48:00,2.0,0.0,0.07781038813059905,60.0,60.905194065299526,0.0
2024-07-29 04:49:00,2.0,0.0,0.07780146577362278,60.0,60.90073288681139,0.0
2024-07-29 04:50:00,2.0,0.0,0.07779254443975481,60.0,60.8962722198774,0.0
2024-07-29 04:51:00,2.0,0.0,0.07778362412887782,60.0,60.89181206443891,0.0
2024-07-29 04:52:00,2.0,0.0,0.07777470484087451,60.0,60.88735242043725,0.0
2024-07-29 04:53:00,2.0,0.0,0.07776578657562759,60.0,60.88289328781379,0.0
2024-07-29 04:54:00,2.0,0.0,0.07775686933301978,60.0,60.87843466650989,0.0
2024-07-29 04:55:00,2.0,0.0,0.07774795311293381,60.0,60.87397655646691,0.0
2024-07-29 04:56:00,2.0,0.0,0.07773903791525244,60.0,60.86951895762622,0.0
2024-07-29 04:57:00,2.0,11.553360000000001,0.07773012373985842,60.0,60.865061869929214,6.0
2024-07-29 04:58:00,2.0,0.0,0.07639641058663456,60.0,60.19820529331728,0.0
2024-07-29 04:59:00,2.0,0.0,0.07638765036755153,60.0,60.193825183775765,0.0
2024-07-29 05:00:00,2.0,0.0,0.07637889115298478,60.0,60.18944557649239,0.0
2024-07-29 05:01:00,2.0,0.0,0.07637013294281912,60.0,60.18506647140956,0.0
2024-07-29 05:02:00,2.0,0.0,0.0763613757369394,60.0,60.1806878684697,0.0
2024-07-29 05:03:00,2.0,0.0,0.07635261953523043,60.0,60.176309767615216,0.0
2024-07-29 05:04:00,2.0,0.0,0.07634386433757709,60.0,60.171932168788544,0.0
2024-07-29 05:05:00,2.0,0.0,0.07633511014386422,60.0,60.167555071932114,0.0
2024-07-29 05:06:00,2.0,0.0,0.07632635695397673,60.0,60.163178476988364,0.0
2024-07-29 05:07:00,2.0,0.0,0.0763176047677995,60.0,60.15880238389975,0.0
2024-07-29 05:08:00,2.0,0.0,0.07630885358521743,60.0,60.15442679260871,0.0
2024-07-29 05:09:00,2.0,0.0,0.07630010340611544,60.0,60.15005170305772,0.0
2024-07-29 05:10:00,2.0,0.0,0.07629135423037847,60.0,60.14567711518924,0.0
2024-07-29 05:11:00,2.0,0.0,0.07628260605789147,60.0,60.141303028945735,0.0
2024-07-29 05:12:00,2.0,0.0,0.0762738588885394,60.0,60.1369294442697,0.0
2024-07-29 05:13:00,2.0,0.0,0.07626511272220722,60.0,60.13255636110361,0.0
2024-07-29 05:14:00,2.0,0.0,0.07625636755877993,60.0,60.128183779389964,0.0
2024-07-29 05:15:00,2.0,0.0,0.0762476233981425,60.0,60.123811699071254,0.0
2024-07-29 05:16:00,2.0,0.0,0.07623888024018,60.0,60.11944012009,0.0
2024-07-29 05:17:00,2.0,0.0,0.0762301380847774,60.0,60.1150690423887,0.0
2024-07-29 05:18:00,2.0,0.0,0.07622139693181976,60.0,60.11069846590988,0.0
2024-07-29 05:19:00,2.0,0.0,0.07621265678119213,60.0,60.10632839059606,0.0
2024-07-29 05:20:00,2.0,0.0,0.07620391763277956,60.0,60.10195881638978,0.0
2024-07-29 05:21:00,1.0,0.0,0.07619517948646716,60.0,60.09758974323358,0.0
2024-07-29 05:22:00,1.0,0.0,0.07618644234214,60.0,60.09322117107,0.0
2024-07-29 05:23:00,1.0,0.0,0.07617770619968318,60.0,60.08885309984159,0.0
2024-07-29 05:24:00,1.0,0.0,0.07616897105898184,60.0,60.08448552949092,0.0
2024-07-29 05:25:00,1.0,0.0,0.07616023691992109,60.0,60.080118459960545,0.0
2024-07-29 05:26:00,1.0,0.0,0.07615150378238607,60.0,60.075751891193036,0.0
2024-07-29 05:27:00,2.0,0.0,0.07614277164626196,60.0,60.07138582313098,0.0
2024-07-29 05:28:00,2.0,0.0,0.07613404051143391,60.0,60.067020255716955,0.0
2024-07-29 05:29:00,2.0,0.0,0.07612531037778712,60.0,60.06265518889356,0.0
2024-07-29 05:30:00,2.0,0.0,0.07611658124520677,60.0,60.05829062260339,0.0
2024-07-29 05:31:00,2.0,0.0,0.0761078531135781,60.0,60.053926556789044,0.0
2024-07-29 05:32:00,2.0,0.0,0.07609912598278627,60.0,60.04956299139314,0.0
2024-07-29 05:33:00,2.0,0.0,0.0760903998527166,60.0,60.04519992635829,0.0
2024-07-29 05:34:00,2.0,0.0,0.07608167472325425,60.0,60.040837361627126,0.0
2024-07-29 05:35:00,2.0,0.0,0.07607295059428455,60.0,60.036475297142275,0.0
2024-07-29 05:36:00,2.0,0.0,0.07606422746569276,60.0,60.032113732846376,0.0
2024-07-29 05:37:00,2.0,0.0,0.07605550533736416,60.0,60.027752668682076,0.0
2024-07-29 05:38:00,2.0,0.0,0.07604678420918404,60.0,60.02339210459202,0.0
2024-07-29 05:39:00,2.0,0.0,0.07603806408103775,60.0,60.01903204051887,0.0
2024-07-29 05:40:00,2.0,0.0,0.07602934495281059,60.0,60.014672476405295,0.0
2024-07-29 05:41:00,2.0,0.0,0.0760206268243879,60.0,60.01031341219395,0.0
2024-07-29 05:42:00,1.0,0.0,0.07601190969565505,60.0,60.005954847827525,0.0
2024-07-29 05:43:00,1.0,0.0,0.0760031935664974,60.0,60.0015967832487,0.0
2024-07-29 05:44:00,1.0,0.0,0.07599447843680034,60.0,59.99723921840017,0.0
2024-07-29 05:45:00,2.0,0.0,0.07598576430644924,60.0,59.99288215322462,0.0
2024-07-29 05:46:00,2.0,0.0,0.07597705117532953,60.0,59.98852558766477,0.0
2024-07-29 05:47:00,2.0,0.0,0.07596833904332664,60.0,59.98416952166332,0.0
2024-07-29 05:48:00,2.0,0.0,0.07595962791032597,60.0,59.97981395516298,0.0
2024-07-29 05:49:00,2.0,0.0,0.07595091777621298,60.0,59.97545888810649,0.0
2024-07-29 05:50:00,2.0,0.0,0.07594220864087313,60.0,59.97110432043657,0.0
2024-07-29 05:51:00,2.0,0.0,0.07593350050419191,60.0,59.966750252095956,0.0
2024-07-29 05:52:00,2.0,0.0,0.07592479336605479,60.0,59.96239668302739,0.0
2024-07-29 05:53:00,2.0,0.0,0.07591608722634725,60.0,59.95804361317363,0.0
2024-07-29 05:54:00,2.0,0.0,0.07590738208495484,60.0,59.95369104247742,0.0
2024-07-29 05:55:00,2.0,0.0,0.07589867794176307,60.0,59.949338970881534,0.0
2024-07-29 05:56:00,2.0,0.0,0.07588997479665748,60.0,59.944987398328735,0.0
2024-07-29 05:57:00,2.0,0.0,0.0758812726495236,60.0,59.9406363247618,0.0
2024-07-29 05:58:00,2.0,0.0,0.07587257150024702,60.0,59.93628575012351,0.0
2024-07-29 05:59:00,2.0,0.0,0.07586387134871331,60.0,59.93193567435665,0.0
2024-07-29 06:00:00,2.0,0.0,0.07585517219480804,60.0,59.927586097404024,0.0
2024-07-29 06:01:00,2.0,0.0,0.07584647403841686,60.0,59.92323701920843,0.0
2024-07-29 06:02:00,2.0,0.0,0.07583777687942535,60.0,59.918888439712674,0.0
2024-07-29 06:03:00,2.0,0.0,0.07582908071771916,60.0,59.914540358859576,0.0
2024-07-29 06:04:00,2.0,0.0,0.07582038555318392,60.0,59.910192776591956,0.0
2024-07-29 06:05:00,2.0,0.0,0.07581169138570529,60.0,59.905845692852644,0.0
2024-07-29 06:06:00,2.0,0.0,0.07580299821516895,60.0,59.90149910758447,0.0
2024-07-29 06:07:00,2.0,0.0,0.07579430604146056,60.0,59.89715302073028,0.0
2024-07-29 06:08:00,2.0,0.0,0.07578561486446585,60.0,59.89280743223292,0.0
2024-07-29 06:09:00,2.0,0.0,0.07577692468407049,60.0,59.88846234203525,0.0
2024-07-29 06:10:00,2.0,0.0,0.07576823550016024,60.0,59.884117750080115,0.0
2024-07-29 06:11:00,2.0,0.0,0.0757595473126208,60.0,59.8797736563104,0.0
2024-07-29 06:12:00,2.0,0.0,0.07575086012133794,60.0,59.87543006066897,0.0
2024-07-29 06:13:00,2.0,0.0,0.0757421739261974,60.0,59.871086963098705,0.0
2024-07-29 06:14:00,2.0,0.0,0.07573348872708499,60.0,59.866744363542495,0.0
2024-07-29 06:15:00,2.0,0.0,0.07572480452388648,60.0,59.86240226194324,0.0
2024-07-29 06:16:00,1.0,0.0,0.07571612131648767,60.0,59.85806065824383,0.0
2024-07-29 06:17:00,1.0,0.0,0.07570743910477436,60.0,59.853719552387176,0.0
2024-07-29 06:18:00,1.0,0.0,0.07569875788863238,60.0,59.84937894431619,0.0
2024-07-29 06:19:00,1.0,0.0,0.0756900776679476,60.0,59.845038833973796,0.0
2024-07-29 06:20:00,1.0,0.0,0.07568139844260582,60.0,59.84069922130291,0.0
2024-07-29 06:21:00,1.0,0.0,0.07567272021249297,60.0,59.83636010624648,0.0
2024-07-29 06:22:00,1.0,0.0,0.07566404297749488,60.0,59.832021488747436,0.0
2024-07-29 06:23:00,1.0,0.0,0.07565536673749747,60.0,59.82768336874873,0.0
2024-07-29 06:24:00,1.0,0.0,0.0756466914923866,60.0,59.823345746193304,0.0
2024-07-29 06:25:00,1.0,0.0,0.07563801724204824,60.0,59.819008621024125,0.0
2024-07-29 06:26:00,1.0,0.0,0.07562934398636832,60.0,59.81467199318416,0.0
2024-07-29 06:27:00,1.0,0.0,0.07562067172523276,60.0,59.810335862616384,0.0
2024-07-29 06:28:00,1.0,0.0,0.07561200045852753,60.0,59.806000229263766,0.0
2024-07-29 06:29:00,1.0,0.0,0.07560333018613859,60.0,59.801665093069296,0.0
2024-07-29 06:30:00,1.0,0.0,0.07559466090795193,60.0,59.79733045397597,0.0
2024-07-29 06:31:00,1.0,0.0,0.07558599262385356,60.0,59.79299631192678,0.0
2024-07-29 06:32:00,1.0,0.0,0.07557732533372946,60.0,59.78866266686473,0.0
2024-07-29 06:33:00,1.0,0.0,0.07556865903746568,60.0,59.78432951873284,0.0
2024-07-29 06:34:00,1.0,0.0,0.07555999373494825,60.0,59.779996867474125,0.0
2024-07-29 06:35:00,1.0,0.0,0.07555132942606321,60.0,59.7756647130316,0.0
2024-07-29 06:36:00,1.0,0.0,0.07554266611069663,60.0,59.771333055348315,0.0
2024-07-29 06:37:00,1.0,0.0,0.07553400378873458,60.0,59.76700189436729,0.0
2024-07-29 06:38:00,1.0,0.0,0.07552534246006316,60.0,59.76267123003158,0.0
2024-07-29 06:39:00,1.0,0.0,0.07551668212456845,60.0,59.758341062284224,0.0
2024-07-29 06:40:00,1.0,0.0,0.07550802278213659,60.0,59.75401139106829,0.0
2024-07-29 06:41:00,1.0,0.0,0.07549936443265368,60.0,59.74968221632684,0.0
2024-07-29 06:42:00,1.0,0.0,0.07549070707600587,60.0,59.74535353800294,0.0
2024-07-29 06:43:00,1.0,0.0,0.07548205071207935,60.0,59.74102535603967,0.0
2024-07-29 06:44:00,1.0,0.0,0.07547339534076024,60.0,59.73669767038012,0.0
2024-07-29 06:45:00,1.0,0.0,0.07546474096193473,60.0,59.73237048096736,0.0
2024-07-29 06:46:00,1.0,0.0,0.07545608757548902,60.0,59.72804378774451,0.0
2024-07-29 06:47:00,1.0,0.0,0.07544743518130932,60.0,59.72371759065466,0.0
2024-07-29 06:48:00,1.0,0.0,0.07543878377928184,60.0,59.71939188964092,0.0
2024-07-29 06:49:00,1.0,0.0,0.0754301333692928,60.0,59.7150666846464,0.0
2024-07-29 06:50:00,1.0,0.0,0.07542148395122848,60.0,59.71074197561424,0.0
2024-07-29 06:51:00,1.0,0.0,0.07541283552497513,60.0,59.70641776248756,0.0
2024-07-29 06:52:00,1.0,0.0,0.07540418809041899,60.0,59.70209404520949,0.0
2024-07-29 06:53:00,1.0,0.0,0.07539554164744637,60.0,59.69777082372318,0.0
2024-07-29 06:54:00,1.0,0.0,0.07538689619594355,60.0,59.693448097971775,0.0
2024-07-29 06:55:00,1.0,0.0,0.07537825173579685,60.0,59.689125867898426,0.0
2024-07-29 06:56:00,1.0,0.0,0.0753696082668926,60.0,59.6848041334463,0.0
2024-07-29 06:57:00,1.0,0.0,0.07536096578911713,60.0,59.680482894558565,0.0
2024-07-29 06:58:00,1.0,0.0,0.07535232430235679,60.0,59.676162151178396,0.0
2024-07-29 06:59:00,1.0,0.0,0.07534368380649795,60.0,59.671841903248975,0.0
2024-07-29 07:00:00,1.0,0.0,0.07533504430142697,60.0,59.66752215071349,0.0
2024-07-29 07:01:00,1.0,0.0,0.07532640578703026,60.0,59.66320289351513,0.0
2024-07-29 07:02:00,1.0,0.0,0.07531776826319418,60.0,59.65888413159709,0.0
2024-07-29 07:03:00,1.0,0.0,0.07530913172980519,60.0,59.654565864902594,0.0
2024-07-29 07:04:00,1.0,0.0,0.0753004961867497,60.0,59.65024809337485,0.0
2024-07-29 07:05:00,1.0,0.0,0.07529186163391414,60.0,59.64593081695707,0.0
2024-07-29 07:06:00,1.0,0.0,0.07528322807118498,60.0,59.64161403559249,0.0
2024-07-29 07:07:00,1.0,0.0,0.07527459549844867,60.0,59.63729774922434,0.0
2024-07-29 07:08:00,1.0,0.0,0.07526596391559172,60.0,59.632981957795856,0.0
2024-07-29 07:09:00,1.0,0.0,0.07525733332250059,60.0,59.62866666125029,0.0
2024-07-29 07:10:00,1.0,0.0,0.0752487037190618,60.0,59.6243518595309,0.0
2024-07-29 07:11:00,1.0,0.0,0.07524007510516185,60.0,59.620037552580925,0.0
2024-07-29 07:12:00,1.0,0.0,0.07523144748068729,60.0,59.61572374034365,0.0
2024-07-29 07:13:00,1.0,0.0,0.07522282084552469,60.0,59.61141042276234,0.0
2024-07-29 07:14:00,1.0,0.0,0.07521419519956055,60.0,59.607097599780275,0.0
2024-07-29 07:15:00,1.0,0.0,0.07520557054268148,60.0,59.60278527134074,0.0
2024-07-29 07:16:00,1.0,0.0,0.07519694687477406,60.0,59.59847343738703,0.0
2024-07-29 07:17:00,1.0,0.0,0.07518832419572488,60.0,59.59416209786244,0.0
2024-07-29 07:18:00,1.0,0.0,0.07517970250542054,60.0,59.58985125271027,0.0
2024-07-29 07:19:00,1.0,0.0,0.07517108180374767,60.0,59.585540901873834,0.0
2024-07-29 07:20:00,1.0,0.0,0.07516246209059291,60.0,59.581231045296455,0.0
2024-07-29 07:21:00,1.0,0.0,0.07515384336584292,60.0,59.57692168292146,0.0
2024-07-29 07:22:00,1.0,0.0,0.07514522562938435,60.0,59.57261281469217,0.0
2024-07-29 07:23:00,1.0,0.0,0.07513660888110385,60.0,59.56830444055193,0.0
2024-07-29 07:24:00,1.0,0.0,0.07512799312088815,60.0,59.563996560444075,0.0
2024-07-29 07:25:00,1.0,0.0,0.07511937834862392,60.0,59.55968917431196,0.0
2024-07-29 07:26:00,1.0,0.0,0.07511076456419791,60.0,59.555382282098954,0.0
2024-07-29 07:27:00,1.0,0.0,0.07510215176749681,60.0,59.5510758837484,0.0
2024-07-29 07:28:00,1.0,0.0,0.07509353995840737,60.0,59.54676997920368,0.0
2024-07-29 07:29:00,1.0,0.0,0.07508492913681634,60.0,59.54246456840817,0.0
2024-07-29 07:30:00,1.0,0.0,0.0750763193026105,60.0,59.53815965130525,0.0
2024-07-29 07:31:00,1.0,0.0,0.07506771045567662,60.0,59.53385522783831,0.0
2024-07-29 07:32:00,1.0,0.0,0.07505910259590148,60.0,59.52955129795074,0.0
2024-07-29 07:33:00,1.0,0.0,0.07505049572317189,60.0,59.525247861585946,0.0
2024-07-29 07:34:00,1.0,0.0,0.07504188983737468,60.0,59.52094491868734,0.0
2024-07-29 07:35:00,1.0,0.0,0.07503328493839667,60.0,59.51664246919834,0.0
2024-07-29 07:36:00,1.0,0.0,0.07502468102612471,60.0,59.512340513062355,0.0
2024-07-29 07:37:00,1.0,0.0,0.07501607810044565,60.0,59.50803905022283,0.0
2024-07-29 07:38:00,1.0,0.0,0.07500747616124638,60.0,59.50373808062319,0.0
2024-07-29 07:39:00,1.0,0.0,0.07499887520841374,60.0,59.49943760420687,0.0
2024-07-29 07:40:00,1.0,0.0,0.07499027524183466,60.0,59.495137620917326,0.0
2024-07-29 07:41:00,1.0,0.0,0.07498167626139603,60.0,59.490838130698016,0.0
2024-07-29 07:42:00,1.0,0.0,0.0749730782669848,60.0,59.48653913349239,0.0
2024-07-29 07:43:00,1.0,0.0,0.07496448125848786,60.0,59.482240629243925,0.0
2024-07-29 07:44:00,1.0,0.0,0.07495588523579218,60.0,59.47794261789609,0.0
2024-07-29 07:45:00,1.0,0.0,0.07494729019878472,60.0,59.473645099392364,0.0
2024-07-29 07:46:00,1.0,0.0,0.07493869614735248,60.0,59.46934807367624,0.0
2024-07-29 07:47:00,1.0,0.0,0.0749301030813824,60.0,59.4650515406912,0.0
2024-07-29 07:48:00,1.0,0.0,0.0749215110007615,60.0,59.46075550038075,0.0
2024-07-29 07:49:00,1.0,0.0,0.0749129199053768,60.0,59.4564599526884,0.0
2024-07-29 07:50:00,1.0,0.0,0.07490432979511531,60.0,59.45216489755766,0.0
2024-07-29 07:51:00,1.0,0.0,0.07489574066986408,60.0,59.44787033493204,0.0
2024-07-29 07:52:00,1.0,0.0,0.07488715252951016,60.0,59.44357626475508,0.0
2024-07-29 07:53:00,1.0,0.0,0.07487856537394061,60.0,59.4392826869703,0.0
2024-07-29 07:54:00,1.0,11.553360000000001,0.07486997920304249,60.0,59.434989601521245,6.0
2024-07-29 07:55:00,1.0,0.0,0.07353659401670293,60.0,58.76829700835146,0.0
2024-07-29 07:56:00,1.0,0.0,0.07370016363802924,60.0,58.85008181901462,0.0
2024-07-29 07:57:00,1.0,0.0,0.07386371450316392,60.0,58.93185725158196,0.0
2024-07-29 07:58:00,1.0,0.0,0.07402724661425768,60.0,59.01362330712884,0.0
2024-07-29 07:59:00,1.0,0.0,0.07419075997346102,60.0,59.09537998673051,0.0
2024-07-29 08:00:00,1.0,0.0,0.07435425458292416,60.0,59.17712729146208,0.0
2024-07-29 08:01:00,1.0,0.0,0.0745177304447971,60.0,59.258865222398555,0.0
2024-07-29 08:02:00,1.0,0.0,0.07468118756122963,60.0,59.34059378061481,0.0
2024-07-29 08:03:00,1.0,0.0,0.07484462593437119,60.0,59.4223129671856,0.0
2024-07-29 08:04:00,1.0,0.0,0.07500804556637108,60.0,59.50402278318554,0.0
2024-07-29 08:05:00,1.0,0.0,0.07517144645937829,60.0,59.585723229689144,0.0
2024-07-29 08:06:00,1.0,0.0,0.07533482861554157,60.0,59.667414307770784,0.0
2024-07-29 08:07:00,1.0,0.0,0.07549819203700944,60.0,59.74909601850472,0.0
2024-07-29 08:08:00,1.0,0.0,0.07566153672593019,60.0,59.830768362965095,0.0
2024-07-29 08:09:00,1.0,0.0,0.07582486268445184,60.0,59.912431342225915,0.0
2024-07-29 08:10:00,1.0,0.0,0.07598816991472213,60.0,59.99408495736106,0.0
2024-07-29 08:11:00,1.0,0.0,0.07615145841888861,60.0,60.075729209444305,0.0
2024-07-29 08:12:00,1.0,0.0,0.07631472819909858,60.0,60.15736409954929,0.0
2024-07-29 08:13:00,1.0,0.0,0.07647797925749908,60.0,60.238989628749536,0.0
2024-07-29 08:14:00,1.0,0.0,0.07664121159623688,60.0,60.320605798118436,0.0
2024-07-29 08:15:00,1.0,0.0,0.07680442521745852,60.0,60.40221260872926,0.0
2024-07-29 08:16:00,1.0,0.0,0.0769676201233103,60.0,60.483810061655156,0.0
2024-07-29 08:17:00,1.0,0.0,0.07713079631593832,60.0,60.565398157969156,0.0
2024-07-29 08:18:00,1.0,0.0,0.07729395379748832,60.0,60.646976898744164,0.0
2024-07-29 08:19:00,1.0,0.0,0.07745709257010591,60.0,60.72854628505296,0.0
2024-07-29 08:20:00,1.0,0.0,0.07762021263593638,60.0,60.81010631796819,0.0
2024-07-29 08:21:00,1.0,0.0,0.0777833139971248,60.0,60.891656998562404,0.0
2024-07-29 08:22:00,1.0,0.0,0.07794639665581601,60.0,60.97319832790801,0.0
2024-07-29 08:23:00,1.0,0.0,0.07810946061415457,60.0,61.054730307077286,0.0
2024-07-29 08:24:00,1.0,0.0,0.07810050396315248,60.0,61.05025198157624,0.0
2024-07-29 08:25:00,1.0,0.0,0.0780915483391911,60.0,61.04577416959555,0.0
2024-07-29 08:26:00,1.0,0.0,0.07808259374215269,60.0,61.04129687107635,0.0
2024-07-29 08:27:00,1.0,0.0,0.07807364017191948,60.0,61.03682008595974,0.0
2024-07-29 08:28:00,1.0,0.0,0.07806468762837374,60.0,61.032343814186866,0.0
2024-07-29 08:29:00,1.0,0.0,0.07805573611139771,60.0,61.02786805569885,0.0
2024-07-29 08:30:00,1.0,0.0,0.07804678562087371,60.0,61.02339281043685,0.0
2024-07-29 08:31:00,1.0,0.0,0.07803783615668403,60.0,61.01891807834201,0.0
2024-07-29 08:32:00,1.0,0.0,0.07802888771871096,60.0,61.01444385935548,0.0
2024-07-29 08:33:00,1.0,0.0,0.07801994030683686,60.0,61.00997015341843,0.0
2024-07-29 08:34:00,1.0,0.0,0.07801099392094406,60.0,61.00549696047203,0.0
2024-07-29 08:35:00,1.0,0.0,0.0780020485609149,60.0,61.00102428045745,0.0
2024-07-29 08:36:00,1.0,0.0,0.07799310422663176,60.0,60.99655211331588,0.0
2024-07-29 08:37:00,1.0,0.0,0.07798416091797701,60.0,60.992080458988504,0.0
2024-07-29 08:38:00,1.0,0.0,0.07797521863483305,60.0,60.98760931741652,0.0
2024-07-29 08:39:00,1.0,0.0,0.07796627737708228,60.0,60.98313868854114,0.0
2024-07-29 08:40:00,1.0,0.0,0.07795733714460712,60.0,60.97866857230356,0.0
2024-07-29 08:41:00,1.0,0.0,0.07794839793729001,60.0,60.974198968645005,0.0
2024-07-29 08:42:00,1.0,0.0,0.0779394597550134,60.0,60.9697298775067,0.0
2024-07-29 08:43:00,1.0,0.0,0.07793052259765974,60.0,60.96526129882987,0.0
2024-07-29 08:44:00,1.0,0.0,0.07792158646511152,60.0,60.96079323255576,0.0
2024-07-29 08:45:00,1.0,0.0,0.07791265135725121,60.0,60.9563256786256,0.0
2024-07-29 08:46:00,1.0,0.0,0.07790371727396132,60.0,60.95185863698066,0.0
2024-07-29 08:47:00,1.0,0.0,0.07789478421512436,60.0,60.94739210756218,0.0
2024-07-29 08:48:00,1.0,0.0,0.07788585218062287,60.0,60.94292609031143,0.0
2024-07-29 08:49:00,1.0,0.0,0.07787692117033937,60.0,60.938460585169686,0.0
2024-07-29 08:50:00,1.0,0.0,0.07786799118415644,60.0,60.93399559207822,0.0
2024-07-29 08:51:00,1.0,0.0,0.07785906222195664,60.0,60.92953111097832,0.0
2024-07-29 08:52:00,1.0,0.0,0.07785013428362254,60.0,60.92506714181127,0.0
2024-07-29 08:53:00,1.0,0.0,0.07784120736903674,60.0,60.92060368451837,0.0
2024-07-29 08:54:00,1.0,0.0,0.07783228147808186,60.0,60.91614073904093,0.0
2024-07-29 08:55:00,1.0,0.0,0.0778233566106405,60.0,60.91167830532025,0.0
2024-07-29 08:56:00,1.0,0.0,0.07781443276659533,60.0,60.907216383297666,0.0
2024-07-29 08:57:00,1.0,0.0,0.07780550994582898,60.0,60.90275497291449,0.0
2024-07-29 08:58:00,1.0,0.0,0.0777965881482241,60.0,60.89829407411205,0.0
2024-07-29 08:59:00,1.0,0.0,0.0777876673736634,60.0,60.8938336868317,0.0
2024-07-29 09:00:00,1.0,0.0,0.07777874762202953,60.0,60.889373811014764,0.0
2024-07-29 09:01:00,1.0,0.0,0.07776982889320522,60.0,60.88491444660261,0.0
2024-07-29 09:02:00,1.0,0.0,0.07776091118707318,60.0,60.88045559353659,0.0
2024-07-29 09:03:00,1.0,1.92556,0.07775199450351614,60.0,60.875997251758065,1.0
2024-07-29 09:04:00,1.0,1.92556,0.07752227884241683,60.0,60.76113942120841,1.0
2024-07-29 09:05:00,1.0,0.0,0.07729258952233935,60.0,60.64629476116967,0.0
2024-07-29 09:06:00,1.0,0.0,0.0772837265402632,60.0,60.6418632701316,0.0
2024-07-29 09:07:00,1.0,0.0,0.07727486457448697,60.0,60.637432287243485,0.0
2024-07-29 09:08:00,1.0,0.0,0.0772660036248941,60.0,60.63300181244705,0.0
2024-07-29 09:09:00,1.0,0.0,0.07725714369136807,60.0,60.628571845684036,0.0
2024-07-29 09:10:00,1.0,0.0,0.07724828477379238,60.0,60.62414238689619,0.0
2024-07-29 09:11:00,1.0,0.0,0.07723942687205052,60.0,60.61971343602526,0.0
2024-07-29 09:12:00,1.0,0.0,0.07723056998602601,60.0,60.615284993013006,0.0
2024-07-29 09:13:00,1.0,0.0,0.07722171411560239,60.0,60.61085705780119,0.0
2024-07-29 09:14:00,1.0,0.0,0.07721285926066318,60.0,60.60642963033159,0.0
2024-07-29 09:15:00,1.0,0.0,0.07720400542109196,60.0,60.60200271054598,0.0
2024-07-29 09:16:00,1.0,0.0,0.0771951525967723,60.0,60.59757629838615,0.0
2024-07-29 09:17:00,1.0,0.0,0.07718630078758777,60.0,60.593150393793884,0.0
2024-07-29 09:18:00,1.0,0.0,0.07717744999342198,60.0,60.58872499671099,0.0
2024-07-29 09:19:00,1.0,0.0,0.07716860021415851,60.0,60.58430010707926,0.0
2024-07-29 09:20:00,1.0,0.0,0.07715975144968103,60.0,60.57987572484051,0.0
2024-07-29 09:21:00,1.0,0.0,0.07715090369987312,60.0,60.57545184993656,0.0
2024-07-29 09:22:00,1.0,0.0,0.07714205696461848,60.0,60.57102848230924,0.0
2024-07-29 09:23:00,1.0,0.0,0.07713321124380075,60.0,60.56660562190037,0.0
2024-07-29 09:24:00,1.0,0.0,0.0771243665373036,60.0,60.5621832686518,0.0
2024-07-29 09:25:00,1.0,0.0,0.07711552284501075,60.0,60.55776142250537,0.0
2024-07-29 09:26:00,1.0,0.0,0.07710668016680587,60.0,60.55334008340294,0.0
2024-07-29 09:27:00,1.0,0.0,0.07709783850257271,60.0,60.54891925128635,0.0
2024-07-29 09:28:00,1.0,0.0,0.07708899785219495,60.0,60.544498926097475,0.0
2024-07-29 09:29:00,1.0,0.0,0.07708015821555639,60.0,60.54007910777819,0.0
2024-07-29 09:30:00,1.0,0.0,0.07707131959254075,60.0,60.53565979627037,0.0
2024-07-29 09:31:00,1.0,0.0,0.0770624819830318,60.0,60.5312409915159,0.0
2024-07-29 09:32:00,1.0,0.0,0.07705364538691335,60.0,60.52682269345667,0.0
2024-07-29 09:33:00,1.0,0.0,0.07704480980406918,60.0,60.52240490203459,0.0
2024-07-29 09:34:00,1.0,0.0,0.07703597523438309,60.0,60.517987617191544,0.0
2024-07-29 09:35:00,1.0,0.0,0.07702714167773891,60.0,60.513570838869455,0.0
2024-07-29 09:36:00,1.0,0.0,0.07701830913402048,60.0,60.50915456701024,0.0
2024-07-29 09:37:00,1.0,0.0,0.07700947760311166,60.0,60.50473880155583,0.0
2024-07-29 09:38:00,1.0,0.0,0.0770006470848963,60.0,60.50032354244815,0.0
2024-07-29 09:39:00,1.0,0.0,0.07699181757925828,60.0,60.49590878962914,0.0
2024-07-29 09:40:00,1.0,0.0,0.07698298908608149,60.0,60.491494543040744,0.0
2024-07-29 09:41:00,1.0,0.0,0.07697416160524984,60.0,60.48708080262492,0.0
2024-07-29 09:42:00,1.0,0.0,0.07696533513664723,60.0,60.48266756832361,0.0
2024-07-29 09:43:00,1.0,0.0,0.0769565096801576,60.0,60.4782548400788,0.0
2024-07-29 09:44:00,1.0,0.0,0.07694768523566489,60.0,60.473842617832446,0.0
2024-07-29 09:45:00,1.0,0.0,0.07693886180305307,60.0,60.46943090152653,0.0
2024-07-29 09:46:00,1.0,0.0,0.07693003938220608,60.0,60.46501969110304,0.0
2024-07-29 09:47:00,1.0,0.0,0.07692121797300792,60.0,60.46060898650396,0.0
2024-07-29 09:48:00,1.0,0.0,0.07691239757534261,60.0,60.456198787671305,0.0
2024-07-29 09:49:00,1.0,0.0,0.07690357818909412,60.0,60.45178909454706,0.0
2024-07-29 09:50:00,1.0,0.0,0.0768947598141465,60.0,60.44737990707325,0.0
2024-07-29 09:51:00,1.0,0.0,0.07688594245038377,60.0,60.44297122519188,0.0
2024-07-29 09:52:00,1.0,0.0,0.07687712609768999,60.0,60.43856304884499,0.0
2024-07-29 09:53:00,1.0,0.0,0.07686831075594922,60.0,60.434155377974605,0.0
2024-07-29 09:54:00,1.0,0.0,0.07685949642504553,60.0,60.42974821252276,0.0
2024-07-29 09:55:00,1.0,0.0,0.07685068310486301,60.0,60.425341552431505,0.0
2024-07-29 09:56:00,1.0,0.0,0.07684187079528577,60.0,60.420935397642886,0.0
2024-07-29 09:57:00,1.0,0.0,0.07683305949619793,60.0,60.41652974809896,0.0
2024-07-29 09:58:00,1.0,0.0,0.0768242492074836,60.0,60.412124603741795,0.0
2024-07-29 09:59:00,1.0,0.0,0.07681543992902692,60.0,60.40771996451346,0.0
2024-07-29 10:00:00,1.0,0.0,0.07680663166071208,60.0,60.40331583035604,0.0
2024-07-29 10:01:00,1.0,0.0,0.07679782440242323,60.0,60.398912201211616,0.0
2024-07-29 10:02:00,1.0,0.0,0.07678901815404456,60.0,60.39450907702228,0.0
2024-07-29 10:03:00,1.0,0.0,0.07678021291546024,60.0,60.39010645773012,0.0
2024-07-29 10:04:00,1.0,0.0,0.07677140868655451,60.0,60.385704343277254,0.0
2024-07-29 10:05:00,1.0,0.0,0.07676260546721157,60.0,60.381302733605786,0.0
2024-07-29 10:06:00,1.0,0.0,0.07675380325731566,60.0,60.37690162865783,0.0
2024-07-29 10:07:00,1.0,0.0,0.07674500205675105,60.0,60.372501028375524,0.0
2024-07-29 10:08:00,1.0,0.0,0.07673620186540196,60.0,60.36810093270098,0.0
2024-07-29 10:09:00,1.0,0.0,0.0767274026831527,60.0,60.36370134157635,0.0
2024-07-29 10:10:00,1.0,0.0,0.07671860450988756,60.0,60.35930225494378,0.0
2024-07-29 10:11:00,1.0,0.0,0.07670980734549082,60.0,60.35490367274541,0.0
2024-07-29 10:12:00,1.0,0.0,0.0767010111898468,60.0,60.350505594923405,0.0
2024-07-29 10:13:00,1.0,0.0,0.07669221604283985,60.0,60.34610802141992,0.0
2024-07-29 10:14:00,1.0,0.0,0.07668342190435429,60.0,60.341710952177145,0.0
2024-07-29 10:15:00,1.0,0.0,0.07667462877427449,60.0,60.33731438713724,0.0
2024-07-29 10:16:00,1.0,0.0,0.07666583665248479,60.0,60.33291832624239,0.0
2024-07-29 10:17:00,1.0,0.0,0.0766570455388696,60.0,60.3285227694348,0.0
2024-07-29 10:18:00,1.0,0.0,0.0766482554333133,60.0,60.32412771665665,0.0
2024-07-29 10:19:00,3.0,0.0,0.0766394663357003,60.0,60.31973316785015,0.0
2024-07-29 10:20:00,3.0,0.0,0.07663067824591503,60.0,60.31533912295752,0.0
2024-07-29 10:21:00,3.0,0.0,0.07662189116384192,60.0,60.31094558192096,0.0
2024-07-29 10:22:00,3.0,0.0,0.07661310508936542,60.0,60.30655254468271,0.0
2024-07-29 10:23:00,3.0,0.0,0.07660432002237,60.0,60.302160011184995,0.0
2024-07-29 10:24:00,3.0,0.0,0.0765955359627401,60.0,60.29776798137005,0.0
2024-07-29 10:25:00,3.0,0.0,0.07658675291036024,60.0,60.293376455180116,0.0
2024-07-29 10:26:00,3.0,0.0,0.07657797086511489,60.0,60.288985432557446,0.0
2024-07-29 10:27:00,3.0,0.0,0.07656918982688861,60.0,60.2845949134443,0.0
2024-07-29 10:28:00,3.0,0.0,0.07656040979556589,60.0,60.280204897782944,0.0
2024-07-29 10:29:00,3.0,0.0,0.07655163077103129,60.0,60.27581538551564,0.0
2024-07-29 10:30:00,3.0,0.0,0.07654285275316934,60.0,60.27142637658467,0.0
2024-07-29 10:31:00,3.0,0.0,0.07653407574186463,60.0,60.26703787093231,0.0
2024-07-29 10:32:00,3.0,0.0,0.07652529973700173,60.0,60.262649868500866,0.0
2024-07-29 10:33:00,3.0,0.0,0.07651652473846524,60.0,60.25826236923262,0.0
2024-07-29 10:34:00,3.0,0.0,0.07650775074613975,60.0,60.253875373069874,0.0
2024-07-29 10:35:00,3.0,0.0,0.07649897775990991,60.0,60.24948887995495,0.0
2024-07-29 10:36:00,3.0,0.0,0.07649020577966033,60.0,60.245102889830164,0.0
2024-07-29 10:37:00,3.0,0.0,0.07648143480527565,60.0,60.24071740263783,0.0
2024-07-29 10:38:00,3.0,0.0,0.07647266483664054,60.0,60.23633241832027,0.0
2024-07-29 10:39:00,3.0,0.0,0.07646389587363969,60.0,60.23194793681984,0.0
2024-07-29 10:40:00,1.0,0.0,0.07645512791615777,60.0,60.22756395807888,0.0
2024-07-29 10:41:00,1.0,0.0,0.07644636096407946,60.0,60.22318048203973,0.0
2024-07-29 10:42:00,1.0,0.0,0.07643759501728951,60.0,60.218797508644755,0.0
2024-07-29 10:43:00,2.0,0.0,0.07642883007567262,60.0,60.21441503783631,0.0
2024-07-29 10:44:00,2.0,0.0,0.07642006613911355,60.0,60.21003306955677,0.0
2024-07-29 10:45:00,2.0,0.0,0.07641130320749702,60.0,60.20565160374851,0.0
2024-07-29 10:46:00,2.0,0.0,0.07640254128070781,60.0,60.201270640353904,0.0
2024-07-29 10:47:00,2.0,0.0,0.0763937803586307,60.0,60.19689017931535,0.0
2024-07-29 10:48:00,2.0,0.0,0.0763850204411505,60.0,60.19251022057525,0.0
2024-07-29 10:49:00,2.0,0.0,0.076376261528152,60.0,60.188130764076,0.0
2024-07-29 10:50:00,2.0,0.0,0.07636750361952001,60.0,60.183751809760004,0.0
2024-07-29 10:51:00,2.0,0.0,0.07635874671513937,60.0,60.17937335756968,0.0
2024-07-29 10:52:00,2.0,0.0,0.07634999081489491,60.0,60.174995407447454,0.0
2024-07-29 10:53:00,2.0,0.0,0.07634123591867152,60.0,60.17061795933576,0.0
2024-07-29 10:54:00,2.0,0.0,0.07633248202635405,60.0,60.16624101317702,0.0
2024-07-29 10:55:00,2.0,0.0,0.07632372913782737,60.0,60.161864568913686,0.0
2024-07-29 10:56:00,2.0,0.0,0.07631497725297641,60.0,60.1574886264882,0.0
2024-07-29 10:57:00,2.0,0.0,0.07630622637168605,60.0,60.153113185843026,0.0
2024-07-29 10:58:00,2.0,0.0,0.07629747649384123,60.0,60.148738246920615,0.0
2024-07-29 10:59:00,2.0,0.0,0.0762887276193269,60.0,60.144363809663446,0.0
2024-07-29 11:00:00,2.0,0.0,0.07627997974802797,60.0,60.139989874013985,0.0
2024-07-29 11:01:00,2.0,0.0,0.07627123287982944,60.0,60.13561643991472,0.0
2024-07-29 11:02:00,2.0,0.0,0.07626248701461627,60.0,60.131243507308135,0.0
2024-07-29 11:03:00,2.0,0.0,0.07625374215227346,60.0,60.12687107613673,0.0
2024-07-29 11:04:00,2.0,0.0,0.07624499829268601,60.0,60.122499146343,0.0
2024-07-29 11:05:00,2.0,0.0,0.07623625543573893,60.0,60.11812771786946,0.0
2024-07-29 11:06:00,2.0,0.0,0.07622751358131724,60.0,60.11375679065862,0.0
2024-07-29 11:07:00,2.0,0.0,0.07621877272930601,60.0,60.109386364653005,0.0
2024-07-29 11:08:00,2.0,0.0,0.07621003287959027,60.0,60.105016439795136,0.0
2024-07-29 11:09:00,2.0,0.0,0.0762012940320551,60.0,60.10064701602755,0.0
2024-07-29 11:10:00,2.0,0.0,0.07619255618658559,60.0,60.096278093292796,0.0
2024-07-29 11:11:00,2.0,0.0,0.07618381934306682,60.0,60.091909671533415,0.0
2024-07-29 11:12:00,2.0,0.0,0.07617508350138393,60.0,60.08754175069196,0.0
2024-07-29 11:13:00,2.0,0.0,0.076166348661422,60.0,60.083174330710996,0.0
2024-07-29 11:14:00,2.0,0.0,0.07615761482306617,60.0,60.078807411533084,0.0
2024-07-29 11:15:00,2.0,0.0,0.07614888198620161,60.0,60.0744409931008,0.0
2024-07-29 11:16:00,2.0,0.0,0.07614015015071346,60.0,60.070075075356726,0.0
2024-07-29 11:17:00,2.0,0.0,0.0761314193164869,60.0,60.06570965824345,0.0
2024-07-29 11:18:00,2.0,0.0,0.07612268948340713,60.0,60.061344741703564,0.0
2024-07-29 11:19:00,2.0,0.0,0.07611396065135934,60.0,60.05698032567967,0.0
2024-07-29 11:20:00,2.0,0.0,0.07610523282022875,60.0,60.052616410114375,0.0
2024-07-29 11:21:00,2.0,0.0,0.07609650598990057,60.0,60.04825299495029,0.0
2024-07-29 11:22:00,2.0,0.0,0.07608778016026006,60.0,60.04389008013003,0.0
2024-07-29 11:23:00,2.0,0.0,0.07607905533119248,60.0,60.03952766559624,0.0
2024-07-29 11:24:00,2.0,0.0,0.07607033150258308,60.0,60.03516575129154,0.0
2024-07-29 11:25:00,2.0,0.0,0.07606160867431713,60.0,60.030804337158564,0.0
2024-07-29 11:26:00,2.0,0.0,0.07605288684627994,60.0,60.026443423139966,0.0
2024-07-29 11:27:00,2.0,0.0,0.07604416601835681,60.0,60.0220830091784,0.0
2024-07-29 11:28:00,2.0,0.0,0.07603544619043305,60.0,60.017723095216525,0.0
2024-07-29 11:29:00,2.0,0.0,0.07602672736239402,60.0,60.013363681197006,0.0
2024-07-29 11:30:00,2.0,0.0,0.07601800953412503,60.0,60.009004767062514,0.0
2024-07-29 11:31:00,2.0,0.0,0.07600929270551147,60.0,60.004646352755735,0.0
2024-07-29 11:32:00,2.0,0.0,0.07600057687643869,60.0,60.00028843821934,0.0
2024-07-29 11:33:00,2.0,0.0,0.07599186204679208,60.0,59.99593102339604,0.0
2024-07-29 11:34:00,2.0,0.0,0.07598314821645705,60.0,59.99157410822852,0.0
2024-07-29 11:35:00,2.0,0.0,0.07597443538531899,60.0,59.98721769265949,0.0
2024-07-29 11:36:00,2.0,0.0,0.07596572355326334,60.0,59.982861776631665,0.0
2024-07-29 11:37:00,2.0,0.0,0.07595701272017553,60.0,59.97850636008776,0.0
2024-07-29 11:38:00,2.0,0.0,0.07594830288594101,60.0,59.9741514429705,0.0
2024-07-29 11:39:00,2.0,0.0,0.07593959405044524,60.0,59.96979702522262,0.0
2024-07-29 11:40:00,2.0,0.0,0.07593088621357372,60.0,59.96544310678686,0.0
2024-07-29 11:41:00,2.0,0.0,0.07592217937521191,60.0,59.961089687605956,0.0
2024-07-29 11:42:00,2.0,0.0,0.07591347353524533,60.0,59.956736767622665,0.0
2024-07-29 11:43:00,2.0,0.0,0.07590476869355949,60.0,59.952384346779745,0.0
2024-07-29 11:44:00,2.0,0.0,0.07589606485003993,60.0,59.94803242501996,0.0
2024-07-29 11:45:00,2.0,0.0,0.07588736200457218,60.0,59.943681002286084,0.0
2024-07-29 11:46:00,2.0,0.0,0.07587866015704178,60.0,59.93933007852089,0.0
2024-07-29 11:47:00,2.0,0.0,0.07586995930733433,60.0,59.93497965366716,0.0
2024-07-29 11:48:00,2.0,0.0,0.0758612594553354,60.0,59.9306297276677,0.0
2024-07-29 11:49:00,2.0,0.0,0.07585256060093058,60.0,59.926280300465294,0.0
2024-07-29 11:50:00,2.0,0.0,0.0758438627440055,60.0,59.921931372002746,0.0
2024-07-29 11:51:00,1.0,0.0,0.07583516588444575,60.0,59.91758294222287,0.0
2024-07-29 11:52:00,1.0,0.0,0.07582647002213698,60.0,59.91323501106849,0.0
2024-07-29 11:53:00,1.0,0.0,0.07581777515696483,60.0,59.908887578482414,0.0
2024-07-29 11:54:00,1.0,0.0,0.07580908128881497,60.0,59.90454064440748,0.0
2024-07-29 11:55:00,1.0,0.0,0.07580038841757306,60.0,59.90019420878653,0.0
2024-07-29 11:56:00,1.0,0.0,0.0757916965431248,60.0,59.8958482715624,0.0
2024-07-29 11:57:00,1.0,0.0,0.07578300566535588,60.0,59.89150283267794,0.0
2024-07-29 11:58:00,1.0,0.0,0.07577431578415203,60.0,59.88715789207601,0.0
2024-07-29 11:59:00,1.0,0.0,0.07576562689939895,60.0,59.88281344969947,0.0
2024-07-29 12:00:00,1.0,0.0,0.07575693901098238,60.0,59.87846950549119,0.0
2024-07-29 12:01:00,1.0,0.0,0.0757482521187881,60.0,59.87412605939405,0.0
2024-07-29 12:02:00,1.0,0.0,0.07573956622270185,60.0,59.86978311135093,0.0
2024-07-29 12:03:00,1.0,0.0,0.07573088132260943,60.0,59.86544066130471,0.0
2024-07-29 12:04:00,1.0,0.0,0.0757221974183966,60.0,59.8610987091983,0.0
2024-07-29 12:05:00,1.0,0.0,0.0757135145099492,60.0,59.8567572549746,0.0
2024-07-29 12:06:00,2.0,0.0,0.07570483259715304,60.0,59.852416298576514,0.0
2024-07-29 12:07:00,2.0,0.0,0.07569615167989392,60.0,59.84807583994696,0.0
2024-07-29 12:08:00,2.0,0.0,0.0756874717580577,60.0,59.843735879028856,0.0
2024-07-29 12:09:00,2.0,0.0,0.07567879283153027,60.0,59.83939641576514,0.0
2024-07-29 12:10:00,2.0,0.0,0.07567011490019747,60.0,59.83505745009873,0.0
2024-07-29 12:11:00,2.0,0.0,0.07566143796394517,60.0,59.83071898197259,0.0
2024-07-29 12:12:00,2.0,0.0,0.07565276202265929,60.0,59.826381011329644,0.0
2024-07-29 12:13:00,2.0,0.0,0.07564408707622573,60.0,59.822043538112865,0.0
2024-07-29 12:14:00,2.0,0.0,0.07563541312453041,60.0,59.81770656226521,0.0
2024-07-29 12:15:00,2.0,0.0,0.07562674016745928,60.0,59.81337008372964,0.0
2024-07-29 12:16:00,2.0,0.0,0.07561806820489826,60.0,59.80903410244913,0.0
2024-07-29 12:17:00,2.0,0.0,0.07560939723673335,60.0,59.80469861836667,0.0
2024-07-29 12:18:00,2.0,0.0,0.07560072726285048,60.0,59.80036363142524,0.0
2024-07-29 12:19:00,2.0,0.0,0.07559205828313569,60.0,59.79602914156784,0.0
2024-07-29 12:20:00,2.0,0.0,0.07558339029747493,60.0,59.79169514873747,0.0
2024-07-29 12:21:00,2.0,0.0,0.07557472330575425,60.0,59.787361652877124,0.0
2024-07-29 12:22:00,2.0,0.0,0.07556605730785965,60.0,59.783028653929826,0.0
2024-07-29 12:23:00,2.0,0.0,0.0755573923036772,60.0,59.778696151838595,0.0
2024-07-29 12:24:00,2.0,0.0,0.07554872829309292,60.0,59.77436414654646,0.0
2024-07-29 12:25:00,2.0,0.0,0.0755400652759929,60.0,59.77003263799645,0.0
2024-07-29 12:26:00,2.0,0.0,0.07553140325226322,60.0,59.76570162613161,0.0
2024-07-29 12:27:00,2.0,0.0,0.07552274222178995,60.0,59.76137111089498,0.0
2024-07-29 12:28:00,2.0,0.0,0.07551408218445921,60.0,59.757041092229606,0.0
2024-07-29 12:29:00,2.0,0.0,0.07550542314015712,60.0,59.75271157007856,0.0
2024-07-29 12:30:00,2.0,0.0,0.0754967650887698,60.0,59.7483825443849,0.0
2024-07-29 12:31:00,2.0,0.0,0.07548810803018342,60.0,59.74405401509171,0.0
2024-07-29 12:32:00,2.0,0.0,0.07547945196428413,60.0,59.73972598214206,0.0
2024-07-29 12:33:00,2.0,0.0,0.07547079689095808,60.0,59.735398445479035,0.0
2024-07-29 12:34:00,2.0,0.0,0.07546214281009145,60.0,59.731071405045725,0.0
2024-07-29 12:35:00,2.0,0.0,0.07545348972157047,60.0,59.72674486078523,0.0
2024-07-29 12:36:00,2.0,0.0,0.07544483762528133,60.0,59.72241881264066,0.0
2024-07-29 12:37:00,2.0,0.0,0.07543618652111024,60.0,59.71809326055512,0.0
2024-07-29 12:38:00,2.0,0.0,0.07542753640894347,60.0,59.713768204471734,0.0
2024-07-29 12:39:00,2.0,0.0,0.07541888728866723,60.0,59.70944364433362,0.0
2024-07-29 12:40:00,2.0,0.0,0.07541023916016783,60.0,59.70511958008391,0.0
2024-07-29 12:41:00,2.0,0.0,0.07540159202333149,60.0,59.700796011665744,0.0
2024-07-29 12:42:00,2.0,0.0,0.07539294587804453,60.0,59.696472939022264,0.0
2024-07-29 12:43:00,2.0,0.0,0.07538430072419325,60.0,59.692150362096626,0.0
2024-07-29 12:44:00,2.0,0.0,0.07537565656166396,60.0,59.68782828083198,0.0
2024-07-29 12:45:00,2.0,0.0,0.07536701339034299,60.0,59.683506695171495,0.0
2024-07-29 12:46:00,2.0,0.0,0.07535837121011667,60.0,59.679185605058336,0.0
2024-07-29 12:47:00,2.0,0.0,0.07534973002087136,60.0,59.67486501043568,0.0
2024-07-29 12:48:00,2.0,0.0,0.07534108982249343,60.0,59.670544911246715,0.0
2024-07-29 12:49:00,2.0,0.0,0.07533245061486926,60.0,59.66622530743463,0.0
2024-07-29 12:50:00,2.0,0.0,0.07532381239788524,60.0,59.66190619894262,0.0
2024-07-29 12:51:00,2.0,0.0,0.07531517517142776,60.0,59.65758758571388,0.0
2024-07-29 12:52:00,2.0,0.0,0.07530653893538326,60.0,59.65326946769163,0.0
2024-07-29 12:53:00,2.0,0.0,0.07529790368963817,60.0,59.64895184481908,0.0
2024-07-29 12:54:00,2.0,0.0,0.0752892694340789,60.0,59.64463471703945,0.0
2024-07-29 12:55:00,2.0,0.0,0.07528063616859196,60.0,59.64031808429598,0.0
2024-07-29 12:56:00,2.0,0.0,0.07527200389306378,60.0,59.63600194653189,0.0
2024-07-29 12:57:00,2.0,0.0,0.07526337260738088,60.0,59.63168630369044,0.0
2024-07-29 12:58:00,1.0,0.0,0.07525474231142973,60.0,59.62737115571486,0.0
2024-07-29 12:59:00,1.0,0.0,0.07524611300509683,60.0,59.623056502548415,0.0
2024-07-29 13:00:00,1.0,0.0,0.07523748468826873,60.0,59.61874234413436,0.0
2024-07-29 13:01:00,1.0,0.0,0.07522885736083194,60.0,59.61442868041597,0.0
2024-07-29 13:02:00,1.0,0.0,0.07522023102267303,60.0,59.61011551133652,0.0
2024-07-29 13:03:00,1.0,0.0,0.07521160567367856,60.0,59.60580283683928,0.0
2024-07-29 13:04:00,1.0,0.0,0.0752029813137351,60.0,59.60149065686755,0.0
2024-07-29 13:05:00,1.0,0.0,0.07519435794272922,60.0,59.597178971364606,0.0
2024-07-29 13:06:00,1.0,0.0,0.07518573556054753,60.0,59.592867780273764,0.0
2024-07-29 13:07:00,1.0,0.0,0.07517711416707665,60.0,59.588557083538326,0.0
2024-07-29 13:08:00,1.0,0.0,0.07516849376220322,60.0,59.584246881101606,0.0
2024-07-29 13:09:00,1.0,0.0,0.07515987434581385,60.0,59.579937172906924,0.0
2024-07-29 13:10:00,1.0,0.0,0.07515125591779521,60.0,59.575627958897606,0.0
2024-07-29 13:11:00,1.0,0.0,0.07514263847803397,60.0,59.57131923901699,0.0
2024-07-29 13:12:00,1.0,0.0,0.07513402202641681,60.0,59.5670110132084,0.0
2024-07-29 13:13:00,1.0,0.0,0.0751254065628304,60.0,59.562703281415196,0.0
2024-07-29 13:14:00,1.0,0.0,0.07511679208716146,60.0,59.55839604358073,0.0
2024-07-29 13:15:00,1.0,0.0,0.07510817859929671,60.0,59.55408929964835,0.0
2024-07-29 13:16:00,1.0,0.0,0.07509956609912288,60.0,59.54978304956144,0.0
2024-07-29 13:17:00,1.0,0.0,0.0750909545865267,60.0,59.54547729326335,0.0
2024-07-29 13:18:00,1.0,0.0,0.07508234406139495,60.0,59.541172030697474,0.0
2024-07-29 13:19:00,1.0,0.0,0.07507373452361438,60.0,59.53686726180719,0.0
2024-07-29 13:20:00,1.0,0.0,0.07506512597307177,60.0,59.532562986535886,0.0
2024-07-29 13:21:00,3.0,0.0,0.07505651840965394,60.0,59.528259204826966,0.0
2024-07-29 13:22:00,3.0,0.0,0.07504791183324767,60.0,59.523955916623834,0.0
2024-07-29 13:23:00,3.0,0.0,0.07503930624373979,60.0,59.519653121869894,0.0
2024-07-29 13:24:00,3.0,0.0,0.07503070164101715,60.0,59.51535082050857,0.0
2024-07-29 13:25:00,3.0,0.0,0.07502209802496658,60.0,59.51104901248329,0.0
2024-07-29 13:26:00,3.0,0.0,0.07501349539547494,60.0,59.506747697737474,0.0
2024-07-29 13:27:00,3.0,0.0,0.07500489375242912,60.0,59.50244687621456,0.0
2024-07-29 13:28:00,3.0,0.0,0.074996293095716,60.0,59.498146547858,0.0
2024-07-29 13:29:00,3.0,0.0,0.07498769342522246,60.0,59.49384671261123,0.0
2024-07-29 13:30:00,3.0,0.0,0.07497909474083543,60.0,59.48954737041772,0.0
2024-07-29 13:31:00,3.0,0.0,0.07497049704244184,60.0,59.48524852122092,0.0
2024-07-29 13:32:00,3.0,0.0,0.07496190032992861,60.0,59.480950164964305,0.0
2024-07-29 13:33:00,3.0,0.0,0.0749533046031827,60.0,59.47665230159135,0.0
2024-07-29 13:34:00,3.0,0.0,0.07494470986209108,60.0,59.47235493104554,0.0
2024-07-29 13:35:00,3.0,0.0,0.0749361161065407,60.0,59.468058053270354,0.0
2024-07-29 13:36:00,3.0,0.0,0.0749275233364186,60.0,59.4637616682093,0.0
2024-07-29 13:37:00,3.0,0.0,0.07491893155161175,60.0,59.459465775805874,0.0
2024-07-29 13:38:00,3.0,0.0,0.07491034075200717,60.0,59.455170376003586,0.0
2024-07-29 13:39:00,3.0,0.0,0.07490175093749189,60.0,59.45087546874595,0.0
2024-07-29 13:40:00,3.0,0.0,0.07489316210795297,60.0,59.44658105397648,0.0
2024-07-29 13:41:00,3.0,0.0,0.07488457426327742,60.0,59.44228713163871,0.0
2024-07-29 13:42:00,3.0,0.0,0.07487598740335234,60.0,59.43799370167617,0.0
2024-07-29 13:43:00,3.0,0.0,0.0748674015280648,60.0,59.4337007640324,0.0
2024-07-29 13:44:00,3.0,0.0,0.07485881663730191,60.0,59.42940831865096,0.0
2024-07-29 13:45:00,3.0,0.0,0.07485023273095076,60.0,59.42511636547538,0.0
2024-07-29 13:46:00,3.0,0.0,0.07484164980889849,60.0,59.42082490444924,0.0
2024-07-29 13:47:00,3.0,0.0,0.0748330678710322,60.0,59.4165339355161,0.0
2024-07-29 13:48:00,3.0,0.0,0.07482448691723906,60.0,59.41224345861953,0.0
2024-07-29 13:49:00,3.0,0.0,0.07481590694740622,60.0,59.40795347370311,0.0
2024-07-29 13:50:00,3.0,0.0,0.07480732796142085,60.0,59.40366398071043,0.0
2024-07-29 13:51:00,3.0,0.0,0.07479874995917014,60.0,59.39937497958507,0.0
2024-07-29 13:52:00,3.0,0.0,0.07479017294054129,60.0,59.39508647027064,0.0
2024-07-29 13:53:00,3.0,0.0,0.0747815969054215,60.0,59.39079845271075,0.0
2024-07-29 13:54:00,3.0,0.0,0.07477302185369798,60.0,59.38651092684899,0.0
2024-07-29 13:55:00,3.0,0.0,0.074764447785258,60.0,59.382223892629,0.0
2024-07-29 13:56:00,3.0,0.0,0.07475587469998878,60.0,59.37793734999439,0.0
2024-07-29 13:57:00,3.0,0.0,0.0747473025977776,60.0,59.3736512988888,0.0
2024-07-29 13:58:00,1.0,0.0,0.07473873147851173,60.0,59.36936573925587,0.0
2024-07-29 13:59:00,1.0,0.0,0.07473016134207847,60.0,59.36508067103923,0.0
2024-07-29 14:00:00,1.0,0.0,0.07472159218836508,60.0,59.36079609418254,0.0
2024-07-29 14:01:00,1.0,0.0,0.07471302401725892,60.0,59.35651200862946,0.0
2024-07-29 14:02:00,1.0,0.0,0.07470445682864728,60.0,59.35222841432364,0.0
2024-07-29 14:03:00,1.0,0.0,0.07469589062241752,60.0,59.34794531120876,0.0
2024-07-29 14:04:00,1.0,0.0,0.07468732539845699,60.0,59.343662699228496,0.0
2024-07-29 14:05:00,1.0,0.0,0.07467876115665305,60.0,59.33938057832653,0.0
2024-07-29 14:06:00,1.0,0.0,0.07467019789689308,60.0,59.33509894844654,0.0
2024-07-29 14:07:00,1.0,0.0,0.07466163561906448,60.0,59.33081780953224,0.0
2024-07-29 14:08:00,1.0,0.0,0.07465307432305465,60.0,59.32653716152733,0.0
2024-07-29 14:09:00,1.0,0.0,0.07464451400875101,60.0,59.3222570043755,0.0
2024-07-29 14:10:00,1.0,0.0,0.07463595467604096,60.0,59.317977338020484,0.0
2024-07-29 14:11:00,1.0,0.0,0.07462739632481198,60.0,59.31369816240599,0.0
2024-07-29 14:12:00,1.0,0.0,0.07461883895495151,60.0,59.30941947747576,0.0
2024-07-29 14:13:00,1.0,0.0,0.07461028256634702,60.0,59.30514128317351,0.0
2024-07-29 14:14:00,1.0,0.0,0.07460172715888601,60.0,59.300863579443,0.0
2024-07-29 14:15:00,1.0,0.0,0.07459317273245594,60.0,59.29658636622797,0.0
2024-07-29 14:16:00,1.0,0.0,0.07458461928694433,60.0,59.292309643472166,0.0
2024-07-29 14:17:00,1.0,0.0,0.07457606682223872,60.0,59.28803341111936,0.0
2024-07-29 14:18:00,1.0,0.0,0.07456751533822661,60.0,59.28375766911331,0.0
2024-07-29 14:19:00,1.0,0.0,0.07455896483479557,60.0,59.27948241739779,0.0
2024-07-29 14:20:00,1.0,0.0,0.07455041531183315,60.0,59.275207655916574,0.0
2024-07-29 14:21:00,1.0,0.0,0.07454186676922692,60.0,59.27093338461346,0.0
2024-07-29 14:22:00,1.0,0.0,0.07453331920686446,60.0,59.26665960343223,0.0
2024-07-29 14:23:00,1.0,0.0,0.07452477262463339,60.0,59.26238631231669,0.0
2024-07-29 14:24:00,1.0,0.0,0.07451622702242129,60.0,59.258113511210645,0.0
2024-07-29 14:25:00,1.0,0.0,0.07450768240011581,60.0,59.253841200057906,0.0
2024-07-29 14:26:00,1.0,0.0,0.07449913875760457,60.0,59.249569378802285,0.0
2024-07-29 14:27:00,1.0,0.0,0.07449059609477524,60.0,59.245298047387614,0.0
2024-07-29 14:28:00,1.0,0.0,0.07448205441151544,60.0,59.24102720575772,0.0
2024-07-29 14:29:00,1.0,0.0,0.07447351370771287,60.0,59.236756853856434,0.0
2024-07-29 14:30:00,1.0,0.0,0.07446497398325522,60.0,59.23248699162761,0.0
2024-07-29 14:31:00,1.0,0.0,0.0744564352380302,60.0,59.2282176190151,0.0
2024-07-29 14:32:00,1.0,0.0,0.0744478974719255,60.0,59.22394873596275,0.0
2024-07-29 14:33:00,1.0,0.0,0.07443936068482887,60.0,59.219680342414435,0.0
2024-07-29 14:34:00,1.0,0.0,0.07443082487662803,60.0,59.21541243831401,0.0
2024-07-29 14:35:00,1.0,0.0,0.07442229004721074,60.0,59.21114502360537,0.0
2024-07-29 14:36:00,1.0,0.0,0.07441375619646476,60.0,59.20687809823238,0.0
2024-07-29 14:37:00,1.0,0.0,0.07440522332427787,60.0,59.202611662138935,0.0
2024-07-29 14:38:00,1.0,0.0,0.07439669143053787,60.0,59.198345715268935,0.0
2024-07-29 14:39:00,1.0,0.0,0.07438816051513256,60.0,59.19408025756628,0.0
2024-07-29 14:40:00,1.0,0.0,0.07437963057794975,60.0,59.18981528897487,0.0
2024-07-29 14:41:00,1.0,0.0,0.07437110161887726,60.0,59.18555080943863,0.0
2024-07-29 14:42:00,1.0,0.0,0.07436257363780295,60.0,59.18128681890148,0.0
2024-07-29 14:43:00,1.0,0.0,0.07435404663461467,60.0,59.17702331730734,0.0
2024-07-29 14:44:00,1.0,0.0,0.0743455206092003,60.0,59.172760304600146,0.0
2024-07-29 14:45:00,1.0,0.0,0.07433699556144768,60.0,59.16849778072384,0.0
2024-07-29 14:46:00,1.0,0.0,0.07432847149124475,60.0,59.16423574562237,0.0
2024-07-29 14:47:00,1.0,0.0,0.07431994839847939,60.0,59.15997419923969,0.0
2024-07-29 14:48:00,1.0,0.0,0.07431142628303952,60.0,59.15571314151976,0.0
2024-07-29 14:49:00,1.0,0.0,0.07430290514481308,60.0,59.15145257240654,0.0
2024-07-29 14:50:00,1.0,0.0,0.07429438498368802,60.0,59.14719249184401,0.0
2024-07-29 14:51:00,1.0,0.0,0.07428586579955228,60.0,59.14293289977614,0.0
2024-07-29 14:52:00,1.0,0.0,0.07427734759229385,60.0,59.138673796146925,0.0
2024-07-29 14:53:00,1.0,0.0,0.07426883036180071,60.0,59.134415180900355,0.0
2024-07-29 14:54:00,1.0,0.0,0.07426031410796086,60.0,59.130157053980426,0.0
2024-07-29 14:55:00,1.0,0.0,0.07425179883066228,60.0,59.12589941533114,0.0
2024-07-29 14:56:00,1.0,0.0,0.07424328452979302,60.0,59.12164226489651,0.0
2024-07-29 14:57:00,1.0,0.0,0.0742347712052411,60.0,59.11738560262055,0.0
2024-07-29 14:58:00,1.0,0.0,0.07422625885689459,60.0,59.113129428447294,0.0
2024-07-29 14:59:00,1.0,0.0,0.07421774748464154,60.0,59.10887374232077,0.0
2024-07-29 15:00:00,1.0,0.0,0.07420923708837,60.0,59.104618544185,0.0
2024-07-29 15:01:00,1.0,0.0,0.07420072766796808,60.0,59.10036383398404,0.0
2024-07-29 15:02:00,1.0,0.0,0.07419221922332388,60.0,59.09610961166194,0.0
2024-07-29 15:03:00,1.0,0.0,0.0741837117543255,60.0,59.09185587716275,0.0
2024-07-29 15:04:00,1.0,0.0,0.07417520526086108,60.0,59.08760263043054,0.0
2024-07-29 15:05:00,1.0,0.0,0.07416669974281874,60.0,59.08334987140937,0.0
2024-07-29 15:06:00,1.0,0.0,0.07415819520008664,60.0,59.07909760004332,0.0
2024-07-29 15:07:00,1.0,0.0,0.07414969163255294,60.0,59.07484581627647,0.0
2024-07-29 15:08:00,1.0,0.0,0.07414118904010583,60.0,59.070594520052914,0.0
2024-07-29 15:09:00,1.0,0.0,0.07413268742263349,60.0,59.06634371131674,0.0
2024-07-29 15:10:00,1.0,0.0,0.07412418678002411,60.0,59.06209339001205,0.0
2024-07-29 15:11:00,1.0,0.0,0.0741156871121659,60.0,59.05784355608295,0.0
2024-07-29 15:12:00,1.0,0.0,0.07410718841894712,60.0,59.05359420947356,0.0
2024-07-29 15:13:00,1.0,0.0,0.07409869070025599,60.0,59.04934535012799,0.0
2024-07-29 15:14:00,1.0,0.0,0.07409019395598075,60.0,59.045096977990376,0.0
2024-07-29 15:15:00,1.0,0.0,0.0740816981860097,60.0,59.040849093004844,0.0
2024-07-29 15:16:00,1.0,0.0,0.07407320339023107,60.0,59.036601695115536,0.0
2024-07-29 15:17:00,1.0,0.0,0.07406470956853319,60.0,59.032354784266595,0.0
2024-07-29 15:18:00,1.0,0.0,0.07405621672080435,60.0,59.02810836040218,0.0
2024-07-29 15:19:00,1.0,0.0,0.07404772484693288,60.0,59.02386242346644,0.0
2024-07-29 15:20:00,1.0,0.0,0.0740392339468071,60.0,59.01961697340355,0.0
2024-07-29 15:21:00,1.0,0.0,0.07403074402031536,60.0,59.01537201015768,0.0
2024-07-29 15:22:00,1.0,0.0,0.074022255067346,60.0,59.011127533673,0.0
2024-07-29 15:23:00,1.0,0.0,0.07401376708778738,60.0,59.00688354389369,0.0
2024-07-29 15:24:00,1.0,0.0,0.07400528008152792,60.0,59.00264004076396,0.0
2024-07-29 15:25:00,1.0,0.0,0.07399679404845598,60.0,58.99839702422799,0.0
2024-07-29 15:26:00,1.0,0.0,0.07416031089959234,60.0,59.080155449796166,0.0
2024-07-29 15:27:00,1.0,0.0,0.07432380900058809,60.0,59.16190450029404,0.0
2024-07-29 15:28:00,1.0,0.0,0.07448728835359328,60.0,59.243644176796636,0.0
2024-07-29 15:29:00,1.0,0.0,0.0746507489607577,60.0,59.32537448037885,0.0
2024-07-29 15:30:00,1.0,0.0,0.07481419082423091,60.0,59.40709541211545,0.0
2024-07-29 15:31:00,1.0,0.0,0.07497761394616219,60.0,59.4888069730811,0.0
2024-07-29 15:32:00,1.0,0.0,0.07514101832870061,60.0,59.570509164350305,0.0
2024-07-29 15:33:00,1.0,0.0,0.07530440397399499,60.0,59.65220198699749,0.0
2024-07-29 15:34:00,1.0,0.0,0.07546777088419386,60.0,59.73388544209693,0.0
2024-07-29 15:35:00,1.0,0.0,0.07563111906144555,60.0,59.81555953072277,0.0
2024-07-29 15:36:00,1.0,0.0,0.07579444850789813,60.0,59.89722425394906,0.0
2024-07-29 15:37:00,1.0,0.0,0.07595775922569942,60.0,59.97887961284971,0.0
2024-07-29 15:38:00,1.0,0.0,0.076121051216997,60.0,60.0605256084985,0.0
2024-07-29 15:39:00,1.0,0.0,0.0762843244839382,60.0,60.142162241969096,0.0
2024-07-29 15:40:00,1.0,0.0,0.0764475790286701,60.0,60.223789514335046,0.0
2024-07-29 15:41:00,1.0,0.0,0.07661081485333952,60.0,60.30540742666976,0.0
2024-07-29 15:42:00,1.0,0.0,0.07677403196009308,60.0,60.38701598004654,0.0
2024-07-29 15:43:00,1.0,0.0,0.07693723035107712,60.0,60.46861517553856,0.0
2024-07-29 15:44:00,1.0,0.0,0.07710041002843772,60.0,60.55020501421886,0.0
2024-07-29 15:45:00,1.0,0.0,0.07726357099432074,60.0,60.63178549716037,0.0
2024-07-29 15:46:00,1.0,0.0,0.0774267132508718,60.0,60.7133566254359,0.0
2024-07-29 15:47:00,1.0,0.0,0.07758983680023625,60.0,60.79491840011812,0.0
2024-07-29 15:48:00,1.0,0.0,0.0777529416445592,60.0,60.8764708222796,0.0
2024-07-29 15:49:00,1.0,0.0,0.07791602778598554,60.0,60.95801389299277,0.0
2024-07-29 15:50:00,1.0,0.0,0.07807909522665986,60.0,61.03954761332993,0.0
2024-07-29 15:51:00,1.0,0.0,0.07807014205759422,60.0,61.035071028797105,0.0
2024-07-29 15:52:00,1.0,0.0,0.07806118991517003,60.0,61.03059495758501,0.0
2024-07-29 15:53:00,1.0,0.0,0.07805223879926958,60.0,61.02611939963479,0.0
2024-07-29 15:54:00,1.0,0.0,0.07804328870977516,60.0,61.02164435488758,0.0
2024-07-29 15:55:00,1.0,0.0,0.07803433964656907,60.0,61.01716982328453,0.0
2024-07-29 15:56:00,1.0,0.0,0.07802539160953363,60.0,61.012695804766814,0.0
2024-07-29 15:57:00,1.0,0.0,0.07801644459855117,60.0,61.00822229927559,0.0
2024-07-29 15:58:00,1.0,0.0,0.07800749861350405,60.0,61.00374930675202,0.0
2024-07-29 15:59:00,1.0,0.0,0.07799855365427459,60.0,60.999276827137294,0.0
2024-07-29 16:00:00,1.0,0.0,0.0779896097207452,60.0,60.9948048603726,0.0
2024-07-29 16:01:00,1.0,0.0,0.07798066681279824,60.0,60.99033340639912,0.0
2024-07-29 16:02:00,1.0,0.0,0.07797172493031612,60.0,60.98586246515806,0.0
2024-07-29 16:03:00,1.0,0.0,0.07796278407318126,60.0,60.98139203659063,0.0
2024-07-29 16:04:00,1.0,0.0,0.07795384424127606,60.0,60.97692212063803,0.0
2024-07-29 16:05:00,1.0,0.0,0.07794490543448299,60.0,60.972452717241495,0.0
2024-07-29 16:06:00,1.0,0.0,0.07793596765268448,60.0,60.96798382634224,0.0
2024-07-29 16:07:00,1.0,0.0,0.07792703089576301,60.0,60.963515447881505,0.0
2024-07-29 16:08:00,1.0,0.0,0.07791809516360106,60.0,60.959047581800526,0.0
2024-07-29 16:09:00,1.0,0.0,0.0779091604560811,60.0,60.95458022804055,0.0
2024-07-29 16:10:00,1.0,0.0,0.07790022677308565,60.0,60.950113386542824,0.0
2024-07-29 16:11:00,1.0,0.0,0.07789129411449724,60.0,60.94564705724862,0.0
2024-07-29 16:12:00,1.0,0.0,0.07788236248019839,60.0,60.9411812400992,0.0
2024-07-29 16:13:00,1.0,0.0,0.07787343187007167,60.0,60.936715935035835,0.0
2024-07-29 16:14:00,1.0,0.0,0.07786450228399962,60.0,60.93225114199981,0.0
2024-07-29 16:15:00,1.0,0.0,0.0778555737218648,60.0,60.9277868609324,0.0
2024-07-29 16:16:00,1.0,0.0,0.07784664618354982,60.0,60.92332309177491,0.0
2024-07-29 16:17:00,1.0,0.0,0.07783771966893728,60.0,60.91885983446864,0.0
2024-07-29 16:18:00,1.0,0.0,0.07782879417790979,60.0,60.91439708895489,0.0
2024-07-29 16:19:00,1.0,0.0,0.07781986971034996,60.0,60.90993485517498,0.0
2024-07-29 16:20:00,1.0,0.0,0.07781094626614046,60.0,60.90547313307023,0.0
2024-07-29 16:21:00,1.0,0.0,0.07780202384516394,60.0,60.901011922581965,0.0
2024-07-29 16:22:00,1.0,0.0,0.07779310244730304,60.0,60.89655122365152,0.0
2024-07-29 16:23:00,1.0,0.0,0.07778418207244048,60.0,60.892091036220236,0.0
2024-07-29 16:24:00,1.0,0.0,0.07777526272045893,60.0,60.88763136022946,0.0
2024-07-29 16:25:00,1.0,0.0,0.07776634439124111,60.0,60.88317219562055,0.0
2024-07-29 16:26:00,1.0,0.0,0.07775742708466973,60.0,60.878713542334864,0.0
2024-07-29 16:27:00,1.0,0.0,0.07774851080062753,60.0,60.874255400313764,0.0
2024-07-29 16:28:00,1.0,0.0,0.07773959553899727,60.0,60.86979776949863,0.0
2024-07-29 16:29:00,1.0,0.0,0.07773068129966168,60.0,60.86534064983084,0.0
2024-07-29 16:30:00,1.0,0.0,0.07772176808250357,60.0,60.860884041251786,0.0
2024-07-29 16:31:00,1.0,0.0,0.07771285588740573,60.0,60.85642794370286,0.0
2024-07-29 16:32:00,1.0,0.0,0.07770394471425093,60.0,60.85197235712547,0.0
2024-07-29 16:33:00,1.0,0.0,0.07769503456292202,60.0,60.84751728146101,0.0
2024-07-29 16:34:00,1.0,0.0,0.0776861254333018,60.0,60.843062716650905,0.0
2024-07-29 16:35:00,1.0,0.0,0.07767721732527315,60.0,60.838608662636574,0.0
2024-07-29 16:36:00,1.0,0.0,0.0776683102387189,60.0,60.834155119359444,0.0
2024-07-29 16:37:00,1.0,0.0,0.0776594041735219,60.0,60.82970208676095,0.0
2024-07-29 16:38:00,1.0,0.0,0.07765049912956508,60.0,60.82524956478254,0.0
2024-07-29 16:39:00,1.0,0.0,0.0776415951067313,60.0,60.82079755336565,0.0
2024-07-29 16:40:00,1.0,0.0,0.07763269210490349,60.0,60.81634605245174,0.0
2024-07-29 16:41:00,1.0,0.0,0.07762379012396456,60.0,60.81189506198228,0.0
2024-07-29 16:42:00,1.0,0.0,0.07761488916379744,60.0,60.80744458189872,0.0
2024-07-29 16:43:00,1.0,0.0,0.07760598922428512,60.0,60.802994612142555,0.0
2024-07-29 16:44:00,1.0,0.0,0.07759709030531052,60.0,60.79854515265526,0.0
2024-07-29 16:45:00,1.0,0.0,0.07758819240675663,60.0,60.79409620337832,0.0
2024-07-29 16:46:00,1.0,0.0,0.07757929552850645,60.0,60.789647764253225,0.0
2024-07-29 16:47:00,1.0,0.0,0.07757039967044298,60.0,60.78519983522149,0.0
2024-07-29 16:48:00,3.0,0.0,0.07756150483244924,60.0,60.780752416224615,0.0
2024-07-29 16:49:00,3.0,0.0,0.07755261101440825,60.0,60.77630550720412,0.0
2024-07-29 16:50:00,3.0,0.0,0.07754371821620307,60.0,60.77185910810153,0.0
2024-07-29 16:51:00,3.0,0.0,0.07753482643771674,60.0,60.767413218858366,0.0
2024-07-29 16:52:00,3.0,0.0,0.07752593567883233,60.0,60.76296783941616,0.0
2024-07-29 16:53:00,3.0,0.0,0.07751704593943294,60.0,60.758522969716466,0.0
2024-07-29 16:54:00,3.0,0.0,0.07750815721940166,60.0,60.75407860970083,0.0
2024-07-29 16:55:00,3.0,0.0,0.0774992695186216,60.0,60.7496347593108,0.0
2024-07-29 16:56:00,3.0,0.0,0.0774903828369759,60.0,60.74519141848795,0.0
2024-07-29 16:57:00,3.0,0.0,0.07748149717434767,60.0,60.74074858717383,0.0
2024-07-29 16:58:00,3.0,0.0,0.07747261253062009,60.0,60.73630626531004,0.0
2024-07-29 16:59:00,3.0,0.0,0.0774637289056763,60.0,60.731864452838145,0.0
2024-07-29 17:00:00,3.0,0.0,0.07745484629939949,60.0,60.72742314969974,0.0
2024-07-29 17:01:00,3.0,0.0,0.07744596471167285,60.0,60.72298235583642,0.0
2024-07-29 17:02:00,3.0,0.0,0.07743708414237958,60.0,60.71854207118979,0.0
2024-07-29 17:03:00,3.0,0.0,0.0774282045914029,60.0,60.71410229570145,0.0
2024-07-29 17:04:00,3.0,0.0,0.07741932605862606,60.0,60.70966302931303,0.0
2024-07-29 17:05:00,3.0,0.0,0.07741044854393228,60.0,60.70522427196614,0.0
2024-07-29 17:06:00,3.0,0.0,0.07740157204720484,60.0,60.70078602360242,0.0
2024-07-29 17:07:00,3.0,0.0,0.077392696568327,60.0,60.6963482841635,0.0
2024-07-29 17:08:00,3.0,0.0,0.07738382210718205,60.0,60.69191105359102,0.0
2024-07-29 17:09:00,3.0,0.0,0.07737494866365327,60.0,60.687474331826635,0.0
2024-07-29 17:10:00,3.0,0.0,0.077366076237624,60.0,60.683038118812,0.0
2024-07-29 17:11:00,3.0,0.0,0.07735720482897755,60.0,60.67860241448877,0.0
2024-07-29 17:12:00,3.0,0.0,0.07734833443759724,60.0,60.67416721879862,0.0
2024-07-29 17:13:00,3.0,0.0,0.07733946506336646,60.0,60.66973253168323,0.0
2024-07-29 17:14:00,3.0,0.0,0.07733059670616857,60.0,60.66529835308428,0.0
2024-07-29 17:15:00,3.0,0.0,0.07732172936588692,60.0,60.66086468294346,0.0
2024-07-29 17:16:00,3.0,0.0,0.07731286304240492,60.0,60.656431521202464,0.0
2024-07-29 17:17:00,3.0,0.0,0.07730399773560599,60.0,60.651998867802995,0.0
2024-07-29 17:18:00,3.0,0.0,0.07729513344537352,60.0,60.64756672268676,0.0
2024-07-29 17:19:00,3.0,0.0,0.07728627017159097,60.0,60.643135085795485,0.0
2024-07-29 17:20:00,3.0,0.0,0.07727740791414177,60.0,60.63870395707088,0.0
2024-07-29 17:21:00,3.0,0.0,0.07726854667290937,60.0,60.63427333645468,0.0
2024-07-29 17:22:00,3.0,0.0,0.07725968644777725,60.0,60.62984322388863,0.0
2024-07-29 17:23:00,3.0,0.0,0.07725082723862892,60.0,60.62541361931446,0.0
2024-07-29 17:24:00,3.0,0.0,0.07724196904534784,60.0,60.62098452267392,0.0
2024-07-29 17:25:00,3.0,0.0,0.07723311186781756,60.0,60.61655593390878,0.0
2024-07-29 17:26:00,3.0,0.0,0.07722425570592158,60.0,60.61212785296079,0.0
2024-07-29 17:27:00,3.0,0.0,0.07721540055954346,60.0,60.60770027977173,0.0
2024-07-29 17:28:00,3.0,0.0,0.07720654642856672,60.0,60.60327321428336,0.0
2024-07-29 17:29:00,3.0,0.0,0.07719769331287496,60.0,60.59884665643748,0.0
2024-07-29 17:30:00,3.0,0.0,0.07718884121235176,60.0,60.59442060617587,0.0
2024-07-29 17:31:00,3.0,0.0,0.07717999012688066,60.0,60.589995063440334,0.0
2024-07-29 17:32:00,3.0,0.0,0.07717114005634534,60.0,60.58557002817267,0.0
2024-07-29 17:33:00,3.0,0.0,0.07716229100062937,60.0,60.58114550031468,0.0
2024-07-29 17:34:00,3.0,0.0,0.0771534429596164,60.0,60.5767214798082,0.0
2024-07-29 17:35:00,3.0,0.0,0.07714459593319008,60.0,60.57229796659504,0.0
2024-07-29 17:36:00,3.0,0.0,0.07713574992123405,60.0,60.567874960617026,0.0
2024-07-29 17:37:00,3.0,0.0,0.077126904923632,60.0,60.563452461816,0.0
2024-07-29 17:38:00,3.0,0.0,0.07711806094026762,60.0,60.559030470133806,0.0
2024-07-29 17:39:00,3.0,0.0,0.07710921797102457,60.0,60.55460898551229,0.0
2024-07-29 17:40:00,3.0,0.0,0.07710037601578662,60.0,60.55018800789331,0.0
2024-07-29 17:41:00,3.0,0.0,0.07709153507443746,60.0,60.54576753721873,0.0
2024-07-29 17:42:00,3.0,0.0,0.07708269514686085,60.0,60.54134757343042,0.0
2024-07-29 17:43:00,3.0,0.0,0.07707385623294051,60.0,60.53692811647026,0.0
2024-07-29 17:44:00,3.0,0.0,0.07706501833256024,60.0,60.53250916628012,0.0
2024-07-29 17:45:00,3.0,0.0,0.07705618144560382,60.0,60.528090722801906,0.0
2024-07-29 17:46:00,3.0,0.0,0.07704734557195501,60.0,60.5236727859775,0.0
2024-07-29 17:47:00,3.0,0.0,0.07703851071149764,60.0,60.51925535574882,0.0
2024-07-29 17:48:00,3.0,0.0,0.07702967686411553,60.0,60.514838432057765,0.0
2024-07-29 17:49:00,3.0,0.0,0.07702084402969252,60.0,60.510422014846256,0.0
2024-07-29 17:50:00,3.0,0.0,0.07701201220811242,60.0,60.50600610405621,0.0
2024-07-29 17:51:00,3.0,0.0,0.07700318139925913,60.0,60.50159069962957,0.0
2024-07-29 17:52:00,3.0,0.0,0.07699435160301651,60.0,60.497175801508256,0.0
2024-07-29 17:53:00,3.0,0.0,0.07698552281926845,60.0,60.49276140963422,0.0
2024-07-29 17:54:00,1.0,0.0,0.07697669504789882,60.0,60.48834752394941,0.0
2024-07-29 17:55:00,1.0,0.0,0.07696786828879155,60.0,60.483934144395775,0.0
2024-07-29 17:56:00,1.0,0.0,0.07695904254183059,60.0,60.47952127091529,0.0
2024-07-29 17:57:00,1.0,0.0,0.07695021780689984,60.0,60.47510890344992,0.0
2024-07-29 17:58:00,1.0,0.0,0.07694139408388329,60.0,60.47069704194164,0.0
2024-07-29 17:59:00,1.0,0.0,0.07693257137266486,60.0,60.466285686332434,0.0
2024-07-29 18:00:00,1.0,0.0,0.07692374967312858,60.0,60.46187483656429,0.0
2024-07-29 18:01:00,1.0,0.0,0.07691492898515842,60.0,60.45746449257921,0.0
2024-07-29 18:02:00,1.0,0.0,0.07690610930863839,60.0,60.453054654319196,0.0
2024-07-29 18:03:00,1.0,0.0,0.07689729064345249,60.0,60.44864532172625,0.0
2024-07-29 18:04:00,1.0,0.0,0.07688847298948479,60.0,60.44423649474239,0.0
2024-07-29 18:05:00,1.0,0.0,0.0768796563466193,60.0,60.43982817330964,0.0
2024-07-29 18:06:00,1.0,0.0,0.07687084071474007,60.0,60.435420357370035,0.0
2024-07-29 18:07:00,1.0,0.0,0.07686202609373122,60.0,60.43101304686561,0.0
2024-07-29 18:08:00,1.0,0.0,0.07685321248347679,60.0,60.4266062417384,0.0
2024-07-29 18:09:00,1.0,0.0,0.07684439988386092,60.0,60.42219994193046,0.0
2024-07-29 18:10:00,1.0,0.0,0.07683558829476769,60.0,60.417794147383844,0.0
2024-07-29 18:11:00,1.0,1.92556,0.07682677771608123,60.0,60.41338885804062,1.0
2024-07-29 18:12:00,1.0,1.92556,0.0765971681476857,60.0,60.298584073842854,1.0
2024-07-29 18:13:00,1.0,0.0,0.07636758490814656,60.0,60.18379245407328,0.0
2024-07-29 18:14:00,1.0,0.0,0.07635882799444471,60.0,60.179413997222355,0.0
2024-07-29 18:15:00,1.0,0.0,0.07635007208488012,60.0,60.17503604244006,0.0
2024-07-29 18:16:00,1.0,1.92556,0.07634131717933766,60.0,60.17065858966883,1.0
2024-07-29 18:17:00,1.0,1.92556,0.0761117632777022,60.0,60.0558816388511,1.0
2024-07-29 18:18:00,1.0,0.0,0.07588223569853991,60.0,59.94111784926996,0.0
2024-07-29 18:19:00,1.0,0.0,0.07587353443883248,60.0,59.93676721941624,0.0
2024-07-29 18:20:00,1.0,1.92556,0.07586483417688059,60.0,59.93241708844029,1.0
2024-07-29 18:21:00,1.0,0.0,0.07563533491256981,60.0,59.8176674562849,0.0
2024-07-29 18:22:00,1.0,0.0,0.07562666196446707,60.0,59.81333098223354,0.0
2024-07-29 18:23:00,1.0,0.0,0.07561799001087344,60.0,59.80899500543672,0.0
2024-07-29 18:24:00,1.0,0.0,0.07560931905167488,60.0,59.80465952583744,0.0
2024-07-29 18:25:00,1.0,1.92556,0.07560064908675734,60.0,59.80032454337867,1.0
2024-07-29 18:26:00,1.0,0.0,0.07537118011600683,60.0,59.68559005800341,0.0
2024-07-29 18:27:00,1.0,11.553360000000001,0.07536253745799065,60.0,59.68126872899533,6.0
2024-07-29 18:28:00,1.0,11.553360000000001,0.07402909579101027,60.0,59.01454789550514,6.0
2024-07-29 18:29:00,1.0,0.0,0.07269580702703998,60.0,58.34790351351999,0.0
2024-07-29 18:30:00,1.0,0.0,0.07285947305967902,60.0,58.42973652983951,0.0
2024-07-29 18:31:00,1.0,0.0,0.07302312032507112,60.0,58.51156016253556,0.0
2024-07-29 18:32:00,1.0,11.553360000000001,0.0731867488253683,60.0,58.59337441268415,6.0
2024-07-29 18:33:00,1.0,13.47892,0.0720255585627223,60.0,58.01277928136115,7.0
2024-07-29 18:34:00,1.0,0.0,0.07064370145137254,60.0,57.32185072568627,0.0
2024-07-29 18:35:00,1.0,0.0,0.07080760279473215,60.0,57.403801397366074,0.0
2024-07-29 18:36:00,1.0,0.0,0.07097148534386223,60.0,57.48574267193111,0.0
2024-07-29 18:37:00,1.0,0.0,0.07113534910091789,60.0,57.56767455045894,0.0
2024-07-29 18:38:00,1.0,0.0,0.07129919406805393,60.0,57.64959703402697,0.0
2024-07-29 18:39:00,1.0,0.0,0.07146302024742503,60.0,57.73151012371251,0.0
2024-07-29 18:40:00,1.0,0.0,0.07162682764118547,60.0,57.813413820592736,0.0
2024-07-29 18:41:00,1.0,0.0,0.0717906162514894,60.0,57.8953081257447,0.0
2024-07-29 18:42:00,1.0,0.0,0.07195438608049066,60.0,57.97719304024533,0.0
2024-07-29 18:43:00,1.0,0.0,0.07211813713034287,60.0,58.05906856517144,0.0
2024-07-29 18:44:00,1.0,0.0,0.07228186940319942,60.0,58.140934701599704,0.0
2024-07-29 18:45:00,1.0,0.0,0.07244558290121338,60.0,58.222791450606685,0.0
2024-07-29 18:46:00,1.0,0.0,0.07260927762653765,60.0,58.304638813268824,0.0
2024-07-29 18:47:00,1.0,0.0,0.07277295358132485,60.0,58.38647679066243,0.0
2024-07-29 18:48:00,1.0,0.0,0.07293661076772738,60.0,58.46830538386369,0.0
2024-07-29 18:49:00,1.0,0.0,0.07310024918789734,60.0,58.550124593948674,0.0
2024-07-29 18:50:00,1.0,0.0,0.07326386884398664,60.0,58.63193442199332,0.0
2024-07-29 18:51:00,1.0,0.0,0.07342746973814691,60.0,58.713734869073456,0.0
2024-07-29 18:52:00,1.0,0.0,0.07359105187252955,60.0,58.795525936264774,0.0
2024-07-29 18:53:00,1.0,0.0,0.07375461524928568,60.0,58.87730762464284,0.0
2024-07-29 18:54:00,1.0,0.0,0.07391815987056621,60.0,58.95907993528311,0.0
2024-07-29 18:55:00,1.0,0.0,0.07408168573852181,60.0,59.040842869260906,0.0
2024-07-29 18:56:00,1.0,1.92556,0.07424519285530287,60.0,59.12259642765144,1.0
2024-07-29 18:57:00,1.0,1.92556,0.07418788122305955,60.0,59.093940611529774,1.0
2024-07-29 18:58:00,1.0,0.0,0.07413057616262307,60.0,59.065288081311536,0.0
2024-07-29 18:59:00,1.0,0.0,0.07429407767323987,60.0,59.147038836619934,0.0
2024-07-29 19:00:00,1.0,0.0,0.07445756043547515,60.0,59.22878021773757,0.0
2024-07-29 19:01:00,1.0,0.0,0.07462102445147872,60.0,59.31051222573936,0.0
2024-07-29 19:02:00,1.0,0.0,0.0747844697234002,60.0,59.392234861700096,0.0
2024-07-29 19:03:00,1.0,0.0,0.07494789625338891,60.0,59.47394812669445,0.0
2024-07-29 19:04:00,1.0,0.0,0.07511130404359397,60.0,59.55565202179698,0.0
2024-07-29 19:05:00,1.0,0.0,0.07527469309616422,60.0,59.63734654808211,0.0
2024-07-29 19:06:00,1.0,0.0,0.07543806341324825,60.0,59.71903170662413,0.0
2024-07-29 19:07:00,1.0,0.0,0.07560141499699446,60.0,59.80070749849723,0.0
2024-07-29 19:08:00,1.0,0.0,0.07576474784955095,60.0,59.88237392477547,0.0
2024-07-29 19:09:00,1.0,0.0,0.07592806197306556,60.0,59.964030986532784,0.0
2024-07-29 19:10:00,1.0,0.0,0.07609135736968595,60.0,60.045678684842976,0.0
2024-07-29 19:11:00,1.0,0.0,0.07625463404155947,60.0,60.127317020779735,0.0
2024-07-29 19:12:00,1.0,0.0,0.07641789199083325,60.0,60.20894599541663,0.0
2024-07-29 19:13:00,1.0,0.0,0.07658113121965418,60.0,60.29056560982709,0.0
2024-07-29 19:14:00,1.0,0.0,0.07674435173016889,60.0,60.372175865084444,0.0
2024-07-29 19:15:00,1.0,0.0,0.07690755352452376,60.0,60.45377676226188,0.0
2024-07-29 19:16:00,1.0,0.0,0.07707073660486496,60.0,60.53536830243248,0.0
2024-07-29 19:17:00,1.0,0.0,0.07723390097333836,60.0,60.61695048666918,0.0
2024-07-29 19:18:00,1.0,0.0,0.07739704663208963,60.0,60.69852331604481,0.0
2024-07-29 19:19:00,1.0,0.0,0.07756017358326416,60.0,60.78008679163208,0.0
2024-07-29 19:20:00,1.0,0.0,0.07772328182900712,60.0,60.86164091450356,0.0
2024-07-29 19:21:00,1.0,0.0,0.07788637137146343,60.0,60.94318568573171,0.0
2024-07-29 19:22:00,1.0,0.0,0.07804944221277774,60.0,61.02472110638887,0.0
2024-07-29 19:23:00,1.0,0.0,0.07804049244396212,60.0,61.02024622198106,0.0
2024-07-29 19:24:00,3.0,1.92556,0.07803154370139807,60.0,61.01577185069904,1.0
2024-07-29 19:25:00,3.0,1.92556,0.0778017959849679,60.0,60.900897992483955,1.0
2024-07-29 19:26:00,3.0,0.0,0.07757207461323529,60.0,60.786037306617644,0.0
2024-07-29 19:27:00,3.0,0.0,0.0775631795831793,60.0,60.78158979158965,0.0
2024-07-29 19:28:00,3.0,0.0,0.0775542855730981,60.0,60.77714278654905,0.0
2024-07-29 19:29:00,3.0,0.0,0.07754539258287471,60.0,60.772696291437356,0.0
2024-07-29 19:30:00,1.0,0.0,0.0775365006123922,60.0,60.7682503061961,0.0
2024-07-29 19:31:00,1.0,0.0,0.07752760966153364,60.0,60.76380483076682,0.0
2024-07-29 19:32:00,1.0,0.0,0.07751871973018211,60.0,60.75935986509106,0.0
2024-07-29 19:33:00,1.0,0.0,0.07750983081822069,60.0,60.754915409110346,0.0
2024-07-29 19:34:00,1.0,0.0,0.07750094292553251,60.0,60.75047146276626,0.0
2024-07-29 19:35:00,1.0,0.0,0.07749205605200069,60.0,60.74602802600034,0.0
2024-07-29 19:36:00,1.0,0.0,0.07748317019750833,60.0,60.741585098754165,0.0
2024-07-29 19:37:00,1.0,0.0,0.07747428536193862,60.0,60.73714268096931,0.0
2024-07-29 19:38:00,1.0,0.0,0.07746540154517471,60.0,60.73270077258736,0.0
2024-07-29 19:39:00,1.0,0.0,0.07745651874709979,60.0,60.72825937354989,0.0
2024-07-29 19:40:00,1.0,0.0,0.077447636967597,60.0,60.7238184837985,0.0
2024-07-29 19:41:00,1.0,0.0,0.0774387562065496,60.0,60.7193781032748,0.0
2024-07-29 19:42:00,1.0,0.0,0.07742987646384077,60.0,60.714938231920385,0.0
2024-07-29 19:43:00,1.0,0.0,0.07742099773935375,60.0,60.710498869676876,0.0
2024-07-29 19:44:00,1.0,0.0,0.07741212003297179,60.0,60.70606001648589,0.0
2024-07-29 19:45:00,1.0,0.0,0.07740324334457813,60.0,60.701621672289065,0.0
2024-07-29 19:46:00,1.0,0.0,0.07739436767405605,60.0,60.69718383702803,0.0
2024-07-29 19:47:00,1.0,0.0,0.07738549302128886,60.0,60.692746510644426,0.0
2024-07-29 19:48:00,1.0,0.0,0.0773766193861598,60.0,60.6883096930799,0.0
2024-07-29 19:49:00,1.0,0.0,0.07736774676855222,60.0,60.68387338427611,0.0
2024-07-29 19:50:00,1.0,0.0,0.07735887516834943,60.0,60.679437584174714,0.0
2024-07-29 19:51:00,1.0,0.0,0.07735000458543476,60.0,60.67500229271738,0.0
2024-07-29 19:52:00,1.0,0.0,0.07734113501969156,60.0,60.67056750984578,0.0
2024-07-29 19:53:00,1.0,0.0,0.0773322664710032,60.0,60.666133235501604,0.0
2024-07-29 19:54:00,1.0,0.0,0.07732339893925307,60.0,60.661699469626534,0.0
2024-07-29 19:55:00,1.0,0.0,0.07731453242432454,60.0,60.65726621216227,0.0
2024-07-29 19:56:00,1.0,0.0,0.07730566692610101,60.0,60.652833463050506,0.0
2024-07-29 19:57:00,1.0,0.0,0.0772968024444659,60.0,60.648401222232955,0.0
2024-07-29 19:58:00,1.0,0.0,0.07728793897930267,60.0,60.64396948965133,0.0
2024-07-29 19:59:00,1.0,0.0,0.07727907653049472,60.0,60.63953826524736,0.0
2024-07-29 20:00:00,1.0,0.0,0.07727021509792553,60.0,60.635107548962765,0.0
2024-07-29 20:01:00,1.0,0.0,0.07726135468147857,60.0,60.63067734073928,0.0
2024-07-29 20:02:00,1.0,0.0,0.07725249528103731,60.0,60.626247640518656,0.0
2024-07-29 20:03:00,1.0,0.0,0.07724363689648525,60.0,60.62181844824263,0.0
2024-07-29 20:04:00,1.0,0.0,0.07723477952770591,60.0,60.617389763852955,0.0
2024-07-29 20:05:00,1.0,0.0,0.07722592317458281,60.0,60.6129615872914,0.0
2024-07-29 20:06:00,1.0,0.0,0.07721706783699948,60.0,60.60853391849974,0.0
2024-07-29 20:07:00,1.0,0.0,0.07720821351483947,60.0,60.604106757419736,0.0
2024-07-29 20:08:00,1.0,0.0,0.07719936020798636,60.0,60.59968010399318,0.0
2024-07-29 20:09:00,1.0,0.0,0.07719050791632372,60.0,60.595253958161855,0.0
2024-07-29 20:10:00,1.0,0.0,0.07718165663973513,60.0,60.59082831986756,0.0
2024-07-29 20:11:00,1.0,0.0,0.0771728063781042,60.0,60.5864031890521,0.0
2024-07-29 20:12:00,1.0,0.0,0.07716395713131455,60.0,60.58197856565727,0.0
2024-07-29 20:13:00,1.0,0.0,0.0771551088992498,60.0,60.5775544496249,0.0
2024-07-29 20:14:00,1.0,0.0,0.0771462616817936,60.0,60.5731308408968,0.0
2024-07-29 20:15:00,1.0,0.0,0.07713741547882962,60.0,60.568707739414805,0.0
2024-07-29 20:16:00,1.0,0.0,0.0771285702902415,60.0,60.56428514512075,0.0
2024-07-29 20:17:00,1.0,0.0,0.07711972611591296,60.0,60.55986305795648,0.0
2024-07-29 20:18:00,1.0,0.0,0.07711088295572766,60.0,60.55544147786383,0.0
2024-07-29 20:19:00,1.0,0.0,0.07710204080956934,60.0,60.551020404784666,0.0
2024-07-29 20:20:00,1.0,0.0,0.0770931996773217,60.0,60.546599838660846,0.0
2024-07-29 20:21:00,1.0,0.0,0.07708435955886848,60.0,60.54217977943424,0.0
2024-07-29 20:22:00,1.0,0.0,0.07707552045409347,60.0,60.53776022704673,0.0
2024-07-29 20:23:00,1.0,0.0,0.07706668236288039,60.0,60.53334118144019,0.0
2024-07-29 20:24:00,1.0,0.0,0.07705784528511302,60.0,60.52892264255651,0.0
2024-07-29 20:25:00,1.0,1.92556,0.07704900922067516,60.0,60.52450461033758,1.0
2024-07-29 20:26:00,1.0,1.92556,0.07681937416945063,60.0,60.40968708472531,1.0
2024-07-29 20:27:00,1.0,0.0,0.07658976545000454,60.0,60.29488272500227,0.0
2024-07-29 20:28:00,1.0,0.0,0.07658098305931747,60.0,60.29049152965874,0.0
2024-07-29 20:29:00,1.0,0.0,0.07657220167568908,60.0,60.286100837844536,0.0
2024-07-29 20:30:00,1.0,0.0,0.07656342129900386,60.0,60.281710649501925,0.0
2024-07-29 20:31:00,1.0,0.0,0.07655464192914635,60.0,60.27732096457317,0.0
2024-07-29 20:32:00,1.0,0.0,0.0765458635660011,60.0,60.27293178300055,0.0
2024-07-29 20:33:00,1.0,0.0,0.07653708620945268,60.0,60.26854310472634,0.0
2024-07-29 20:34:00,1.0,0.0,0.07652830985938566,60.0,60.26415492969283,0.0
2024-07-29 20:35:00,1.0,0.0,0.07651953451568463,60.0,60.25976725784231,0.0
2024-07-29 20:36:00,1.0,0.0,0.07651076017823419,60.0,60.2553800891171,0.0
2024-07-29 20:37:00,1.0,0.0,0.07650198684691897,60.0,60.250993423459484,0.0
2024-07-29 20:38:00,1.0,0.0,0.07649321452162357,60.0,60.246607260811786,0.0
2024-07-29 20:39:00,1.0,0.0,0.07648444320223266,60.0,60.24222160111633,0.0
2024-07-29 20:40:00,1.0,0.0,0.07647567288863087,60.0,60.237836444315434,0.0
2024-07-29 20:41:00,1.0,0.0,0.07646690358070289,60.0,60.233451790351445,0.0
2024-07-29 20:42:00,1.0,0.0,0.0764581352783334,60.0,60.22906763916669,0.0
2024-07-29 20:43:00,1.0,0.0,0.07644936798140707,60.0,60.22468399070353,0.0
2024-07-29 20:44:00,1.0,0.0,0.07644060168980862,60.0,60.22030084490431,0.0
2024-07-29 20:45:00,1.0,0.0,0.07643183640342278,60.0,60.21591820171139,0.0
2024-07-29 20:46:00,1.0,0.0,0.07642307212213428,60.0,60.21153606106714,0.0
2024-07-29 20:47:00,1.0,0.0,0.07641430884582788,60.0,60.20715442291394,0.0
2024-07-29 20:48:00,1.0,0.0,0.0764055465743883,60.0,60.202773287194155,0.0
2024-07-29 20:49:00,1.0,0.0,0.07639678530770037,60.0,60.198392653850185,0.0
2024-07-29 20:50:00,1.0,0.0,0.07638802504564884,60.0,60.19401252282442,0.0
2024-07-29 20:51:00,1.0,0.0,0.07637926578811853,60.0,60.189632894059265,0.0
2024-07-29 20:52:00,1.0,0.0,0.07637050753499423,60.0,60.185253767497116,0.0
2024-07-29 20:53:00,1.0,0.0,0.07636175028616078,60.0,60.18087514308039,0.0
2024-07-29 20:54:00,3.0,0.0,0.07635299404150303,60.0,60.17649702075151,0.0
2024-07-29 20:55:00,3.0,0.0,0.07634423880090581,60.0,60.17211940045291,0.0
2024-07-29 20:56:00,3.0,0.0,0.07633548456425401,60.0,60.16774228212701,0.0
2024-07-29 20:57:00,3.0,0.0,0.07632673133143252,60.0,60.163365665716256,0.0
2024-07-29 20:58:00,3.0,0.0,0.0763179791023262,60.0,60.158989551163096,0.0
2024-07-29 20:59:00,3.0,0.0,0.07630922787681994,60.0,60.15461393840997,0.0
2024-07-29 21:00:00,3.0,1.92556,0.0763004776547987,60.0,60.150238827399356,1.0
2024-07-29 21:01:00,3.0,0.0,0.07607092843614743,60.0,60.03546421807371,0.0
2024-07-29 21:02:00,3.0,0.0,0.07606220553943234,60.0,60.03110276971617,0.0
2024-07-29 21:03:00,3.0,0.0,0.07605348364295386,60.0,60.02674182147693,0.0
2024-07-29 21:04:00,3.0,0.0,0.07604476274659729,60.0,60.02238137329864,0.0
2024-07-29 21:05:00,3.0,0.0,0.07603604285024794,60.0,60.01802142512397,0.0
2024-07-29 21:06:00,3.0,0.0,0.07602732395379115,60.0,60.01366197689558,0.0
2024-07-29 21:07:00,3.0,0.0,0.07601860605711226,60.0,60.00930302855613,0.0
2024-07-29 21:08:00,3.0,0.0,0.07600988916009664,60.0,60.00494458004832,0.0
2024-07-29 21:09:00,3.0,0.0,0.07600117326262963,60.0,60.00058663131482,0.0
2024-07-29 21:10:00,3.0,0.0,0.07599245836459666,60.0,59.99622918229833,0.0
2024-07-29 21:11:00,3.0,0.0,0.07598374446588309,60.0,59.991872232941546,0.0
2024-07-29 21:12:00,1.0,0.0,0.07597503156637435,60.0,59.98751578318717,0.0
2024-07-29 21:13:00,1.0,0.0,0.07596631966595584,60.0,59.98315983297792,0.0
2024-07-29 21:14:00,1.0,0.0,0.07595760876451302,60.0,59.978804382256506,0.0
2024-07-29 21:15:00,2.0,0.0,0.07594889886193132,60.0,59.974449430965656,0.0
2024-07-29 21:16:00,2.0,0.0,0.07594018995809622,60.0,59.970094979048106,0.0
2024-07-29 21:17:00,2.0,11.553360000000001,0.07593148205289318,60.0,59.965741026446594,6.0
2024-07-29 21:18:00,2.0,0.0,0.07459797514620772,60.0,59.29898757310386,0.0
2024-07-29 21:19:00,2.0,0.0,0.07458942115001321,60.0,59.294710575006604,0.0
2024-07-29 21:20:00,2.0,0.0,0.07458086813468784,60.0,59.29043406734392,0.0
2024-07-29 21:21:00,2.0,0.0,0.07457231610011911,60.0,59.286158050059555,0.0
2024-07-29 21:22:00,2.0,0.0,0.0745637650461946,60.0,59.281882523097295,0.0
2024-07-29 21:23:00,2.0,0.0,0.0745552149728018,60.0,59.2776074864009,0.0
2024-07-29 21:24:00,2.0,0.0,0.07454666587982835,60.0,59.27333293991417,0.0
2024-07-29 21:25:00,2.0,0.0,0.07453811776716175,60.0,59.269058883580875,0.0
2024-07-29 21:26:00,2.0,0.0,0.07452957063468965,60.0,59.264785317344824,0.0
2024-07-29 21:27:00,2.0,0.0,0.07452102448229962,60.0,59.26051224114981,0.0
2024-07-29 21:28:00,2.0,0.0,0.0745124793098793,60.0,59.25623965493965,0.0
2024-07-29 21:29:00,2.0,0.0,0.07450393511731629,60.0,59.251967558658144,0.0
2024-07-29 21:30:00,2.0,0.0,0.07449539190449825,60.0,59.247695952249124,0.0
2024-07-29 21:31:00,2.0,0.0,0.07448684967131283,60.0,59.24342483565641,0.0
2024-07-29 21:32:00,2.0,0.0,0.0744783084176477,60.0,59.23915420882385,0.0
2024-07-29 21:33:00,2.0,1.92556,0.07446976814339054,60.0,59.23488407169527,1.0
2024-07-29 21:34:00,2.0,1.92556,0.07424042884842905,60.0,59.120214424214524,1.0
2024-07-29 21:35:00,2.0,0.0,0.07401111585133224,60.0,59.00555792566612,0.0
2024-07-29 21:36:00,2.0,0.0,0.0740026291490846,60.0,59.0013145745423,0.0
2024-07-29 21:37:00,2.0,0.0,0.07399414341998962,60.0,58.99707170999481,0.0
2024-07-29 21:38:00,2.0,0.0,0.07415766057506808,60.0,59.07883028753404,0.0
2024-07-29 21:39:00,2.0,1.92556,0.07432115897997107,60.0,59.16057948998554,1.0
2024-07-29 21:40:00,2.0,0.0,0.07426383863684867,60.0,59.13191931842434,0.0
2024-07-29 21:41:00,2.0,0.0,0.07442732486653197,60.0,59.21366243326599,0.0
2024-07-29 21:42:00,2.0,0.0,0.07459079234958599,60.0,59.29539617479299,0.0
2024-07-29 21:43:00,2.0,0.0,0.07475424108816033,60.0,59.377120544080164,0.0
2024-07-29 21:44:00,2.0,0.0,0.0749176710844044,60.0,59.4588355422022,0.0
2024-07-29 21:45:00,2.0,0.0,0.07508108234046734,60.0,59.54054117023367,0.0
2024-07-29 21:46:00,2.0,0.0,0.07524447485849807,60.0,59.62223742924903,0.0
2024-07-29 21:47:00,2.0,0.0,0.0754078486406452,60.0,59.7039243203226,0.0
2024-07-29 21:48:00,2.0,0.0,0.07557120368905718,60.0,59.785601844528586,0.0
2024-07-29 21:49:00,2.0,0.0,0.07573454000588213,60.0,59.86727000294106,0.0
2024-07-29 21:50:00,2.0,0.0,0.07589785759326798,60.0,59.948928796633986,0.0
2024-07-29 21:51:00,1.0,0.0,0.0760611564533624,60.0,60.03057822668119,0.0
2024-07-29 21:52:00,1.0,0.0,0.07622443658831278,60.0,60.11221829415639,0.0
2024-07-29 21:53:00,1.0,0.0,0.07638769800026635,60.0,60.19384900013317,0.0
2024-07-29 21:54:00,1.0,0.0,0.07655094069136999,60.0,60.275470345684994,0.0
2024-07-29 21:55:00,1.0,0.0,0.0767141646637704,60.0,60.3570823318852,0.0
2024-07-29 21:56:00,1.0,0.0,0.07687736991961402,60.0,60.43868495980701,0.0
2024-07-29 21:57:00,1.0,0.0,0.07704055646104703,60.0,60.520278230523516,0.0
2024-07-29 21:58:00,1.0,0.0,0.07720372429021538,60.0,60.60186214510769,0.0
2024-07-29 21:59:00,1.0,0.0,0.07736687340926476,60.0,60.68343670463238,0.0
2024-07-29 22:00:00,1.0,0.0,0.07753000382034061,60.0,60.765001910170305,0.0
2024-07-29 22:01:00,1.0,0.0,0.07769311552558816,60.0,60.84655776279408,0.0
2024-07-29 22:02:00,1.0,0.0,0.07785620852715235,60.0,60.928104263576174,0.0
2024-07-29 22:03:00,1.0,0.0,0.0780192828271779,60.0,61.00964141358895,0.0
2024-07-29 22:04:00,1.0,0.0,0.07801033651667695,60.0,61.00516825833847,0.0
2024-07-29 22:05:00,1.0,0.0,0.07800139123203098,60.0,61.00069561601549,0.0
2024-07-29 22:06:00,1.0,0.0,0.07799244697312238,60.0,60.99622348656119,0.0
2024-07-29 22:07:00,1.0,0.0,0.07798350373983354,60.0,60.99175186991677,0.0
2024-07-29 22:08:00,1.0,0.0,0.07797456153204683,60.0,60.98728076602342,0.0
2024-07-29 22:09:00,1.0,0.0,0.0779656203496447,60.0,60.98281017482235,0.0
2024-07-29 22:10:00,1.0,0.0,0.07795668019250952,60.0,60.97834009625476,0.0
2024-07-29 22:11:00,1.0,0.0,0.07794774106052375,60.0,60.97387053026188,0.0
2024-07-29 22:12:00,1.0,0.0,0.07793880295356985,60.0,60.969401476784924,0.0
2024-07-29 22:13:00,1.0,0.0,0.07792986587153025,60.0,60.96493293576513,0.0
2024-07-29 22:14:00,1.0,0.0,0.07792092981428746,60.0,60.96046490714373,0.0
2024-07-29 22:15:00,1.0,0.0,0.07791199478172395,60.0,60.955997390861974,0.0
2024-07-29 22:16:00,1.0,0.0,0.07790306077372222,60.0,60.95153038686111,0.0
2024-07-29 22:17:00,1.0,0.0,0.07789412779016479,60.0,60.947063895082394,0.0
2024-07-29 22:18:00,1.0,0.0,0.0778851958309342,60.0,60.9425979154671,0.0
2024-07-29 22:19:00,1.0,0.0,0.07787626489591297,60.0,60.938132447956484,0.0
2024-07-29 22:20:00,1.0,0.0,0.07786733498498367,60.0,60.933667492491836,0.0
2024-07-29 22:21:00,1.0,0.0,0.07785840609802887,60.0,60.92920304901443,0.0
2024-07-29 22:22:00,1.0,0.0,0.07784947823493114,60.0,60.92473911746557,0.0
2024-07-29 22:23:00,1.0,0.0,0.0778405513955731,60.0,60.92027569778655,0.0
2024-07-29 22:24:00,1.0,0.0,0.07783162557983735,60.0,60.915812789918675,0.0
2024-07-29 22:25:00,1.0,0.0,0.0778227007876065,60.0,60.911350393803254,0.0
2024-07-29 22:26:00,1.0,0.0,0.0778137770187632,60.0,60.9068885093816,0.0
2024-07-29 22:27:00,1.0,0.0,0.0778048542731901,60.0,60.90242713659505,0.0
2024-07-29 22:28:00,1.0,0.0,0.07779593255076986,60.0,60.89796627538493,0.0
2024-07-29 22:29:00,1.0,0.0,0.07778701185138516,60.0,60.89350592569258,0.0
2024-07-29 22:30:00,1.0,0.0,0.07777809217491868,60.0,60.88904608745934,0.0
2024-07-29 22:31:00,1.0,0.0,0.07776917352125313,60.0,60.88458676062657,0.0
2024-07-29 22:32:00,1.0,0.0,0.07776025589027125,60.0,60.88012794513562,0.0
2024-07-29 22:33:00,1.0,0.0,0.07775133928185572,60.0,60.87566964092786,0.0
2024-07-29 22:34:00,1.0,0.0,0.07774242369588934,60.0,60.871211847944664,0.0
2024-07-29 22:35:00,1.0,0.0,0.07773350913225482,60.0,60.86675456612741,0.0
2024-07-29 22:36:00,1.0,0.0,0.07772459559083499,60.0,60.86229779541749,0.0
2024-07-29 22:37:00,1.0,0.0,0.07771568307151257,60.0,60.857841535756286,0.0
2024-07-29 22:38:00,1.0,0.0,0.0777067715741704,60.0,60.8533857870852,0.0
2024-07-29 22:39:00,1.0,0.0,0.07769786109869128,60.0,60.84893054934564,0.0
2024-07-29 22:40:00,1.0,0.0,0.07768895164495802,60.0,60.84447582247901,0.0
2024-07-29 22:41:00,1.0,0.0,0.07768004321285349,60.0,60.840021606426745,0.0
2024-07-29 22:42:00,1.0,0.0,0.07767113580226052,60.0,60.83556790113026,0.0
2024-07-29 22:43:00,1.0,0.0,0.07766222941306199,60.0,60.83111470653099,0.0
2024-07-29 22:44:00,1.0,0.0,0.07765332404514075,60.0,60.826662022570375,0.0
2024-07-29 22:45:00,1.0,0.0,0.07764441969837972,60.0,60.82220984918986,0.0
2024-07-29 22:46:00,1.0,0.0,0.0776355163726618,60.0,60.8177581863309,0.0
2024-07-29 22:47:00,1.0,11.553360000000001,0.0776266140678699,60.0,60.81330703393495,6.0
2024-07-29 22:48:00,1.0,0.0,0.07629291278388696,60.0,60.14645639194348,0.0
2024-07-29 22:49:00,1.0,0.0,0.07628416443268383,60.0,60.14208221634192,0.0
2024-07-29 22:50:00,1.0,0.0,0.07627541708463613,60.0,60.137708542318066,0.0
2024-07-29 22:51:00,1.0,0.0,0.07626667073962883,60.0,60.13333536981441,0.0
2024-07-29 22:52:00,1.0,0.0,0.07625792539754687,60.0,60.128962698773435,0.0
2024-07-29 22:53:00,1.0,0.0,0.0762491810582753,60.0,60.12459052913765,0.0
2024-07-29 22:54:00,1.0,0.0,0.0762404377216991,60.0,60.12021886084955,0.0
2024-07-29 22:55:00,1.0,0.0,0.0762316953877033,60.0,60.11584769385165,0.0
2024-07-29 22:56:00,1.0,0.0,0.07622295405617294,60.0,60.11147702808647,0.0
2024-07-29 22:57:00,1.0,0.0,0.07621421372699307,60.0,60.10710686349653,0.0
2024-07-29 22:58:00,1.0,0.0,0.07620547440004874,60.0,60.10273720002437,0.0
2024-07-29 22:59:00,1.0,0.0,0.07619673607522504,60.0,60.098368037612516,0.0
2024-07-29 23:00:00,1.0,0.0,0.07618799875240705,60.0,60.09399937620352,0.0
2024-07-29 23:01:00,1.0,0.0,0.07617926243147988,60.0,60.089631215739935,0.0
2024-07-29 23:02:00,1.0,0.0,0.07617052711232863,60.0,60.085263556164314,0.0
2024-07-29 23:03:00,1.0,0.0,0.07616179279483845,60.0,60.080896397419224,0.0
2024-07-29 23:04:00,1.0,0.0,0.07615305947889446,60.0,60.07652973944723,0.0
2024-07-29 23:05:00,1.0,0.0,0.07614432716438184,60.0,60.07216358219092,0.0
2024-07-29 23:06:00,1.0,0.0,0.07613559585118573,60.0,60.06779792559286,0.0
2024-07-29 23:07:00,1.0,0.0,0.07612686553919133,60.0,60.063432769595664,0.0
2024-07-29 23:08:00,1.0,0.0,0.07611813622828384,60.0,60.059068114141915,0.0
2024-07-29 23:09:00,1.0,0.0,0.07610940791834844,60.0,60.05470395917422,0.0
2024-07-29 23:10:00,1.0,0.0,0.07610068060927037,60.0,60.050340304635185,0.0
2024-07-29 23:11:00,1.0,0.0,0.07609195430093486,60.0,60.04597715046743,0.0
2024-07-29 23:12:00,1.0,0.0,0.07608322899322716,60.0,60.041614496613576,0.0
2024-07-29 23:13:00,1.0,0.0,0.07607450468603251,60.0,60.037252343016256,0.0
2024-07-29 23:14:00,1.0,0.0,0.07606578137923621,60.0,60.03289068961811,0.0
2024-07-29 23:15:00,1.0,0.0,0.07605705907272355,60.0,60.02852953636177,0.0
2024-07-29 23:16:00,1.0,0.0,0.0760483377663798,60.0,60.0241688831899,0.0
2024-07-29 23:17:00,1.0,0.0,0.0760396174600903,60.0,60.01980873004515,0.0
2024-07-29 23:18:00,1.0,1.92556,0.07603089815374035,60.0,60.015449076870176,1.0
2024-07-29 23:19:00,1.0,1.92556,0.07580137984721531,60.0,59.90068992360766,1.0
2024-07-29 23:20:00,1.0,0.0,0.07557188785908185,60.0,59.78594392954093,0.0
2024-07-29 23:21:00,1.0,0.0,0.0755632221863221,60.0,59.78161109316105,0.0
2024-07-29 23:22:00,1.0,1.92556,0.07555455750723718,60.0,59.77727875361859,1.0
2024-07-29 23:23:00,1.0,1.92556,0.07532509382171318,60.0,59.66254691085659,1.0
2024-07-29 23:24:00,1.0,0.0,0.07509565644831748,60.0,59.547828224158735,0.0
2024-07-29 23:25:00,1.0,0.0,0.07508704538403291,60.0,59.54352269201645,0.0
2024-07-29 23:26:00,1.0,0.0,0.07507843530716135,60.0,59.53921765358067,0.0
2024-07-29 23:27:00,1.0,0.0,0.07506982621758956,60.0,59.53491310879478,0.0
2024-07-29 23:28:00,1.0,0.0,0.07506121811520437,60.0,59.530609057602184,0.0
2024-07-29 23:29:00,1.0,0.0,0.07505261099989255,60.0,59.526305499946275,0.0
2024-07-29 23:30:00,1.0,0.0,0.07504400487154092,60.0,59.52200243577046,0.0
2024-07-29 23:31:00,1.0,0.0,0.07503539973003631,60.0,59.51769986501815,0.0
2024-07-29 23:32:00,1.0,0.0,0.07502679557526554,60.0,59.51339778763277,0.0
2024-07-29 23:33:00,1.0,1.92556,0.07501819240711548,60.0,59.50909620355774,1.0
2024-07-29 23:34:00,1.0,1.92556,0.074788790225473,60.0,59.3943951127365,1.0
2024-07-29 23:35:00,1.0,0.0,0.07455941434890628,60.0,59.279707174453144,0.0
2024-07-29 23:36:00,1.0,0.0,0.074550864774399,60.0,59.2754323871995,0.0
2024-07-29 23:37:00,1.0,0.0,0.07454231618025382,60.0,59.27115809012691,0.0
2024-07-29 23:38:00,1.0,0.0,0.07453376856635834,60.0,59.26688428317917,0.0
2024-07-29 23:39:00,1.0,0.0,0.07452522193260014,60.0,59.262610966300066,0.0
2024-07-29 23:40:00,1.0,0.0,0.07451667627886682,60.0,59.25833813943341,0.0
2024-07-29 23:41:00,1.0,0.0,0.07450813160504603,60.0,59.254065802523016,0.0
2024-07-29 23:42:00,1.0,0.0,0.07449958791102539,60.0,59.24979395551269,0.0
2024-07-29 23:43:00,1.0,0.0,0.07449104519669254,60.0,59.24552259834627,0.0
2024-07-29 23:44:00,1.0,0.0,0.07448250346193515,60.0,59.241251730967576,0.0
2024-07-29 23:45:00,1.0,0.0,0.0744739627066409,60.0,59.23698135332045,0.0
2024-07-29 23:46:00,2.0,0.0,0.07446542293069747,60.0,59.232711465348736,0.0
2024-07-29 23:47:00,2.0,0.0,0.07445688413399257,60.0,59.22844206699628,0.0
2024-07-29 23:48:00,2.0,0.0,0.0744483463164139,60.0,59.224173158206945,0.0
2024-07-29 23:49:00,2.0,0.0,0.07443980947784919,60.0,59.21990473892459,0.0
2024-07-29 23:50:00,2.0,0.0,0.07443127361818618,60.0,59.215636809093084,0.0
2024-07-29 23:51:00,2.0,0.0,0.0744227387373126,60.0,59.2113693686563,0.0
2024-07-29 23:52:00,2.0,0.0,0.07441420483511625,60.0,59.207102417558126,0.0
2024-07-29 23:53:00,2.0,0.0,0.07440567191148491,60.0,59.20283595574245,0.0
2024-07-29 23:54:00,2.0,0.0,0.07439713996630633,60.0,59.19856998315316,0.0
2024-07-29 23:55:00,2.0,0.0,0.07438860899946834,60.0,59.194304499734166,0.0
2024-07-29 23:56:00,2.0,1.92556,0.07438007901085873,60.0,59.19003950542937,1.0
2024-07-29 23:57:00,2.0,0.0,0.07415075000036538,60.0,59.07537500018269,0.0
2024-07-29 23:58:00,2.0,0.0,0.07414224728655741,60.0,59.0711236432787,0.0
2024-07-29 23:59:00,2.0,0.0,0.07413374554773812,60.0,59.06687277386906,0.0
2024-07-30 00:00:00,2.0,0.0,0.07412524478379572,60.0,59.062622391897854,0.0
2024-07-30 00:01:00,2.0,0.0,0.0741167449946184,60.0,59.0583724973092,0.0
2024-07-30 00:02:00,2.0,0.0,0.07410824618009441,60.0,59.054123090047206,0.0
2024-07-30 00:03:00,2.0,0.0,0.07409974834011199,60.0,59.04987417005599,0.0
2024-07-30 00:04:00,2.0,0.0,0.07409125147455937,60.0,59.045625737279686,0.0
2024-07-30 00:05:00,2.0,0.0,0.07408275558332483,60.0,59.04137779166241,0.0
2024-07-30 00:06:00,2.0,0.0,0.07407426066629665,60.0,59.03713033314832,0.0
2024-07-30 00:07:00,2.0,0.0,0.0740657667233631,60.0,59.03288336168155,0.0
2024-07-30 00:08:00,2.0,0.0,0.0740572737544125,60.0,59.028636877206246,0.0
2024-07-30 00:09:00,2.0,0.0,0.07404878175933316,60.0,59.024390879666576,0.0
2024-07-30 00:10:00,2.0,0.0,0.0740402907380134,60.0,59.0201453690067,0.0
2024-07-30 00:11:00,2.0,0.0,0.07403180069034157,60.0,59.015900345170785,0.0
2024-07-30 00:12:00,2.0,0.0,0.07402331161620603,60.0,59.011655808103015,0.0
2024-07-30 00:13:00,2.0,0.0,0.07401482351549514,60.0,59.00741175774757,0.0
2024-07-30 00:14:00,2.0,0.0,0.07400633638809728,60.0,59.00316819404864,0.0
2024-07-30 00:15:00,2.0,0.0,0.07399785023390085,60.0,58.998925116950424,0.0
2024-07-30 00:16:00,2.0,0.0,0.07416136696392658,60.0,59.08068348196329,0.0
2024-07-30 00:17:00,2.0,0.0,0.0743248649438256,60.0,59.1624324719128,0.0
2024-07-30 00:18:00,2.0,0.0,0.07448834417574796,60.0,59.24417208787398,0.0
2024-07-30 00:19:00,2.0,0.0,0.07465180466184343,60.0,59.325902330921714,0.0
2024-07-30 00:20:00,2.0,0.0,0.07481524640426156,60.0,59.40762320213078,0.0
2024-07-30 00:21:00,2.0,0.0,0.07497866940515166,60.0,59.48933470257583,0.0
2024-07-30 00:22:00,2.0,0.0,0.07514207366666278,60.0,59.57103683333139,0.0
2024-07-30 00:23:00,2.0,0.0,0.07530545919094372,60.0,59.65272959547186,0.0
2024-07-30 00:24:00,2.0,0.0,0.07546882598014304,60.0,59.73441299007152,0.0
2024-07-30 00:25:00,2.0,0.0,0.07563217403640905,60.0,59.81608701820453,0.0
2024-07-30 00:26:00,2.0,0.0,0.07579550336188982,60.0,59.897751680944914,0.0
2024-07-30 00:27:00,2.0,0.0,0.07595881395873319,60.0,59.979406979366594,0.0
2024-07-30 00:28:00,2.0,0.0,0.07612210582908671,60.0,60.06105291454335,0.0
2024-07-30 00:29:00,2.0,0.0,0.0762853789750977,60.0,60.14268948754885,0.0
2024-07-30 00:30:00,2.0,0.0,0.07644863339891327,60.0,60.22431669945663,0.0
2024-07-30 00:31:00,2.0,1.92556,0.07661186910268024,60.0,60.305934551340115,1.0
2024-07-30 00:32:00,2.0,0.0,0.07655428608854518,60.0,60.27714304427259,0.0
2024-07-30 00:33:00,2.0,0.0,0.0767175096773358,60.0,60.3587548386679,0.0
2024-07-30 00:34:00,2.0,0.0,0.07688071454961361,60.0,60.4403572748068,0.0
2024-07-30 00:35:00,2.0,0.0,0.07704390070752477,60.0,60.521950353762385,0.0
2024-07-30 00:36:00,2.0,0.0,0.07720706815321526,60.0,60.60353407660763,0.0
2024-07-30 00:37:00,2.0,0.0,0.07737021688883075,60.0,60.68510844441538,0.0
2024-07-30 00:38:00,2.0,0.0,0.0775333469165167,60.0,60.766673458258346,0.0
2024-07-30 00:39:00,2.0,0.0,0.0776964582384183,60.0,60.848229119209144,0.0
2024-07-30 00:40:00,2.0,0.0,0.07785955085668049,60.0,60.92977542834024,0.0
2024-07-30 00:41:00,2.0,0.0,0.078022624773448,60.0,61.011312386724,0.0
2024-07-30 00:42:00,2.0,0.0,0.07801367807973295,60.0,61.00683903986647,0.0
2024-07-30 00:43:00,2.0,11.553360000000001,0.07800473241191683,60.0,61.00236620595841,6.0
2024-07-30 00:44:00,2.0,0.0,0.076670987769882,60.0,60.335493884941,0.0
2024-07-30 00:45:00,2.0,0.0,0.07666219606559879,60.0,60.331098032799396,0.0
2024-07-30 00:46:00,2.0,1.92556,0.07665340536944219,60.0,60.3267026847211,1.0
2024-07-30 00:47:00,2.0,1.92556,0.07642381568129664,60.0,60.211907840648315,1.0
2024-07-30 00:48:00,2.0,0.0,0.07619425231972783,60.0,60.09712615986391,0.0
2024-07-30 00:49:00,2.0,1.92556,0.07618551528171696,60.0,60.09275764085848,1.0
2024-07-30 00:50:00,2.0,1.92556,0.07595597924556426,60.0,59.977989622782125,1.0
2024-07-30 00:51:00,2.0,0.0,0.07572646952983614,60.0,59.86323476491807,0.0
2024-07-30 00:52:00,2.0,0.0,0.07571778613151452,60.0,59.85889306575726,0.0
2024-07-30 00:53:00,2.0,0.0,0.07570910372890029,60.0,59.854551864450144,0.0
2024-07-30 00:54:00,2.0,0.0,0.0757004223218793,60.0,59.85021116093965,0.0
2024-07-30 00:55:00,2.0,0.0,0.07569174191033737,60.0,59.845870955168685,0.0
2024-07-30 00:56:00,2.0,0.0,0.07568306249416037,60.0,59.841531247080184,0.0
2024-07-30 00:57:00,2.0,0.0,0.07567438407323414,60.0,59.83719203661707,0.0
2024-07-30 00:58:00,2.0,0.0,0.07566570664744457,60.0,59.83285332372228,0.0
2024-07-30 00:59:00,2.0,0.0,0.07565703021667754,60.0,59.82851510833877,0.0
2024-07-30 01:00:00,2.0,0.0,0.07564835478081897,60.0,59.82417739040948,0.0
2024-07-30 01:01:00,2.0,0.0,0.07563968033975475,60.0,59.819840169877374,0.0
2024-07-30 01:02:00,2.0,0.0,0.07563100689337082,60.0,59.81550344668541,0.0
2024-07-30 01:03:00,2.0,0.0,0.07562233444155314,60.0,59.81116722077657,0.0
2024-07-30 01:04:00,2.0,0.0,0.07561366298418765,60.0,59.80683149209382,0.0
2024-07-30 01:05:00,2.0,0.0,0.07560499252116032,60.0,59.802496260580156,0.0
2024-07-30 01:06:00,2.0,0.0,0.07559632305235713,60.0,59.79816152617856,0.0
2024-07-30 01:07:00,2.0,0.0,0.07558765457766407,60.0,59.793827288832034,0.0
2024-07-30 01:08:00,2.0,0.0,0.07557898709696716,60.0,59.78949354848358,0.0
2024-07-30 01:09:00,2.0,0.0,0.07557032061015241,60.0,59.785160305076204,0.0
2024-07-30 01:10:00,2.0,0.0,0.07556165511710586,60.0,59.78082755855293,0.0
2024-07-30 01:11:00,2.0,0.0,0.07555299061771355,60.0,59.776495308856774,0.0
2024-07-30 01:12:00,2.0,11.553360000000001,0.07554432711186154,60.0,59.77216355593077,6.0
2024-07-30 01:13:00,2.0,11.553360000000001,0.0742108645994359,60.0,59.105432299717954,6.0
2024-07-30 01:14:00,2.0,0.0,0.07287755499241065,60.0,58.438777496205326,0.0
2024-07-30 01:15:00,2.0,1.92556,0.07304120018438476,60.0,58.52060009219238,1.0
2024-07-30 01:16:00,2.0,0.0,0.0729840266115017,60.0,58.49201330575085,0.0
2024-07-30 01:17:00,2.0,0.0,0.07314765959459452,60.0,58.57382979729726,0.0
2024-07-30 01:18:00,2.0,0.0,0.07331127381423011,60.0,58.65563690711505,0.0
2024-07-30 01:19:00,2.0,1.92556,0.07347486927256006,60.0,58.73743463628003,1.0
2024-07-30 01:20:00,2.0,1.92556,0.07341764597173568,60.0,58.70882298586784,1.0
2024-07-30 01:21:00,2.0,0.0,0.07336042923258938,60.0,58.68021461629469,0.0
2024-07-30 01:22:00,2.0,0.0,0.07352401905436874,60.0,58.76200952718437,0.0
2024-07-30 01:23:00,2.0,0.0,0.0736875901176401,60.0,58.84379505882005,0.0
2024-07-30 01:24:00,2.0,0.0,0.07385114242455447,60.0,58.925571212277234,0.0
2024-07-30 01:25:00,2.0,0.0,0.0740146759772626,60.0,59.0073379886313,0.0
2024-07-30 01:26:00,2.0,0.0,0.07417819077791499,60.0,59.089095388957496,0.0
2024-07-30 01:27:00,2.0,0.0,0.07434168682866191,60.0,59.17084341433095,0.0
2024-07-30 01:28:00,2.0,0.0,0.07450516413165337,60.0,59.25258206582668,0.0
2024-07-30 01:29:00,2.0,0.0,0.07466862268903912,60.0,59.33431134451956,0.0
2024-07-30 01:30:00,2.0,0.0,0.07483206250296871,60.0,59.416031251484355,0.0
2024-07-30 01:31:00,2.0,0.0,0.0749954835755914,60.0,59.4977417877957,0.0
2024-07-30 01:32:00,2.0,0.0,0.07515888590905621,60.0,59.579442954528105,0.0
2024-07-30 01:33:00,2.0,0.0,0.07532226950551192,60.0,59.66113475275596,0.0
2024-07-30 01:34:00,2.0,0.0,0.07548563436710709,60.0,59.74281718355355,0.0
2024-07-30 01:35:00,2.0,0.0,0.07564898049598999,60.0,59.824490247994994,0.0
2024-07-30 01:36:00,2.0,0.0,0.07581230789430865,60.0,59.90615394715432,0.0
2024-07-30 01:37:00,2.0,0.0,0.07597561656421088,60.0,59.98780828210544,0.0
2024-07-30 01:38:00,2.0,0.0,0.07613890650784423,60.0,60.06945325392211,0.0
2024-07-30 01:39:00,2.0,0.0,0.07630217772735598,60.0,60.15108886367799,0.0
2024-07-30 01:40:00,2.0,0.0,0.07646543022489322,60.0,60.232715112446606,0.0
2024-07-30 01:41:00,2.0,0.0,0.07662866400260274,60.0,60.314332001301366,0.0
2024-07-30 01:42:00,2.0,0.0,0.0767918790626311,60.0,60.39593953131555,0.0
2024-07-30 01:43:00,2.0,0.0,0.07695507540712462,60.0,60.47753770356231,0.0
2024-07-30 01:44:00,2.0,0.0,0.0771182530382294,60.0,60.5591265191147,0.0
2024-07-30 01:45:00,2.0,0.0,0.07728141195809124,60.0,60.64070597904562,0.0
2024-07-30 01:46:00,2.0,0.0,0.07744455216885572,60.0,60.72227608442786,0.0
2024-07-30 01:47:00,2.0,0.0,0.07760767367266819,60.0,60.80383683633409,0.0
2024-07-30 01:48:00,2.0,0.0,0.07777077647167371,60.0,60.88538823583686,0.0
2024-07-30 01:49:00,2.0,0.0,0.07793386056801714,60.0,60.96693028400857,0.0
2024-07-30 01:50:00,2.0,0.0,0.07809692596384307,60.0,61.04846298192154,0.0
2024-07-30 01:51:00,2.0,0.0,0.07808797075016352,60.0,61.04398537508176,0.0
2024-07-30 01:52:00,2.0,0.0,0.07807901656335987,60.0,61.039508281679936,0.0
2024-07-30 01:53:00,2.0,0.0,0.07807006340331438,60.0,61.03503170165719,0.0
2024-07-30 01:54:00,2.0,0.0,0.07806111126990932,60.0,61.03055563495466,0.0
2024-07-30 01:55:00,2.0,11.553360000000001,0.07805216016302696,60.0,61.02608008151348,6.0
2024-07-30 01:56:00,2.0,0.0,0.07671841008254958,60.0,60.35920504127479,0.0
2024-07-30 01:57:00,2.0,0.0,0.07670961294044742,60.0,60.354806470223714,0.0
2024-07-30 01:58:00,2.0,0.0,0.07670081680709544,60.0,60.35040840354772,0.0
2024-07-30 01:59:00,2.0,0.0,0.07669202168237794,60.0,60.34601084118897,0.0
2024-07-30 02:00:00,2.0,0.0,0.0766832275661793,60.0,60.34161378308965,0.0
2024-07-30 02:01:00,2.0,0.0,0.07667443445838384,60.0,60.33721722919192,0.0
2024-07-30 02:02:00,2.0,0.0,0.07666564235887596,60.0,60.33282117943798,0.0
2024-07-30 02:03:00,2.0,0.0,0.07665685126754,60.0,60.32842563377,0.0
2024-07-30 02:04:00,2.0,0.0,0.0766480611842604,60.0,60.3240305921302,0.0
2024-07-30 02:05:00,2.0,0.0,0.07663927210892155,60.0,60.31963605446077,0.0
2024-07-30 02:06:00,2.0,0.0,0.07663048404140788,60.0,60.315242020703934,0.0
2024-07-30 02:07:00,2.0,0.0,0.07662169698160379,60.0,60.310848490801895,0.0
2024-07-30 02:08:00,2.0,0.0,0.07661291092939376,60.0,60.30645546469688,0.0
2024-07-30 02:09:00,2.0,0.0,0.07660412588466226,60.0,60.302062942331126,0.0
2024-07-30 02:10:00,2.0,1.92556,0.07659534184729373,60.0,60.29767092364686,1.0
2024-07-30 02:11:00,2.0,1.92556,0.07636575881717268,60.0,60.18287940858634,1.0
2024-07-30 02:12:00,2.0,0.0,0.07613620211286493,60.0,60.06810105643246,0.0
2024-07-30 02:13:00,2.0,0.0,0.07612747173135175,60.0,60.06373586567587,0.0
2024-07-30 02:14:00,2.0,0.0,0.07611874235093344,60.0,60.059371175466715,0.0
2024-07-30 02:15:00,2.0,0.0,0.0761100139714952,60.0,60.055006985747596,0.0
2024-07-30 02:16:00,2.0,0.0,0.07610128659292226,60.0,60.050643296461125,0.0
2024-07-30 02:17:00,2.0,0.0,0.07609256021509984,60.0,60.04628010754992,0.0
2024-07-30 02:18:00,2.0,0.0,0.0760838348379132,60.0,60.0419174189566,0.0
2024-07-30 02:19:00,2.0,0.0,0.07607511046124761,60.0,60.0375552306238,0.0
2024-07-30 02:20:00,2.0,0.0,0.07606638708498831,60.0,60.03319354249415,0.0
2024-07-30 02:21:00,2.0,0.0,0.0760576647090206,60.0,60.0288323545103,0.0
2024-07-30 02:22:00,2.0,0.0,0.07604894333322978,60.0,60.02447166661489,0.0
2024-07-30 02:23:00,2.0,0.0,0.0760402229575012,60.0,60.02011147875059,0.0
2024-07-30 02:24:00,2.0,0.0,0.0760315035817201,60.0,60.01575179086005,0.0
2024-07-30 02:25:00,2.0,0.0,0.07602278520577188,60.0,60.01139260288594,0.0
2024-07-30 02:26:00,2.0,0.0,0.07601406782954188,60.0,60.00703391477094,0.0
2024-07-30 02:27:00,2.0,0.0,0.07600535145291548,60.0,60.00267572645774,0.0
2024-07-30 02:28:00,2.0,0.0,0.07599663607577802,60.0,59.99831803788901,0.0
2024-07-30 02:29:00,2.0,0.0,0.0759879216980149,60.0,59.99396084900745,0.0
2024-07-30 02:30:00,2.0,0.0,0.07597920831951155,60.0,59.98960415975577,0.0
2024-07-30 02:31:00,2.0,0.0,0.07597049594015336,60.0,59.98524797007668,0.0
2024-07-30 02:32:00,2.0,0.0,0.07596178455982577,60.0,59.98089227991289,0.0
2024-07-30 02:33:00,2.0,0.0,0.07595307417841422,60.0,59.97653708920711,0.0
2024-07-30 02:34:00,2.0,11.553360000000001,0.07594436479580419,60.0,59.972182397902095,6.0
2024-07-30 02:35:00,2.0,11.553360000000001,0.07461085641188112,60.0,59.30542820594056,6.0
2024-07-30 02:36:00,2.0,0.0,0.0732775009386184,60.0,58.6387504693092,0.0
2024-07-30 02:37:00,2.0,0.0,0.07344110026961445,60.0,58.720550134807226,0.0
2024-07-30 02:38:00,2.0,1.92556,0.07360468084101211,60.0,58.802340420506056,1.0
2024-07-30 02:39:00,2.0,1.92556,0.07354744265496249,60.0,58.77372132748125,1.0
2024-07-30 02:40:00,2.0,0.0,0.0734902110322978,60.0,58.745105516148904,0.0
2024-07-30 02:41:00,2.0,0.0,0.07365378597226543,60.0,58.82689298613272,0.0
2024-07-30 02:42:00,2.0,0.0,0.07381734215543155,60.0,58.90867107771577,0.0
2024-07-30 02:43:00,2.0,0.0,0.07398087958394693,60.0,58.990439791973465,0.0
2024-07-30 02:44:00,2.0,0.0,0.07414439825996215,60.0,59.07219912998107,0.0
2024-07-30 02:45:00,2.0,0.0,0.07430789818562751,60.0,59.153949092813754,0.0
2024-07-30 02:46:00,2.0,0.0,0.07447137936309307,60.0,59.23568968154654,0.0
2024-07-30 02:47:00,2.0,0.0,0.07463484179450869,60.0,59.317420897254344,0.0
2024-07-30 02:48:00,2.0,0.0,0.07479828548202389,60.0,59.39914274101194,0.0
2024-07-30 02:49:00,2.0,0.0,0.07496171042778801,60.0,59.480855213894,0.0
2024-07-30 02:50:00,2.0,0.0,0.07512511663395013,60.0,59.562558316975064,0.0
2024-07-30 02:51:00,2.0,0.0,0.0752885041026591,60.0,59.644252051329545,0.0
2024-07-30 02:52:00,2.0,0.0,0.07545187283606347,60.0,59.725936418031736,0.0
2024-07-30 02:53:00,2.0,0.0,0.0756152228363116,60.0,59.8076114181558,0.0
2024-07-30 02:54:00,2.0,0.0,0.0757785541055516,60.0,59.889277052775796,0.0
2024-07-30 02:55:00,2.0,0.0,0.07594186664593128,60.0,59.970933322965635,0.0
2024-07-30 02:56:00,2.0,0.0,0.07610516045959824,60.0,60.05258022979912,0.0
2024-07-30 02:57:00,2.0,0.0,0.07626843554869986,60.0,60.13421777434993,0.0
2024-07-30 02:58:00,2.0,0.0,0.07643169191538324,60.0,60.21584595769162,0.0
2024-07-30 02:59:00,2.0,0.0,0.07659492956179524,60.0,60.29746478089762,0.0
2024-07-30 03:00:00,2.0,0.0,0.07675814849008246,60.0,60.37907424504123,0.0
2024-07-30 03:01:00,2.0,0.0,0.07692134870239128,60.0,60.46067435119564,0.0
2024-07-30 03:02:00,2.0,11.553360000000001,0.07708453020086783,60.0,60.542265100433916,6.0
2024-07-30 03:03:00,2.0,0.0,0.07592289298765799,60.0,59.961446493828994,0.0
2024-07-30 03:04:00,2.0,0.0,0.07608618897699529,60.0,60.043094488497644,0.0
2024-07-30 03:05:00,2.0,0.0,0.07624946624151775,60.0,60.124733120758876,0.0
2024-07-30 03:06:00,2.0,0.0,0.07641272478337252,60.0,60.20636239168626,0.0
2024-07-30 03:07:00,2.0,0.0,0.07657596460470649,60.0,60.28798230235324,0.0
2024-07-30 03:08:00,2.0,0.0,0.0767391857076663,60.0,60.36959285383315,0.0
2024-07-30 03:09:00,2.0,0.0,0.07690238809439834,60.0,60.45119404719917,0.0
2024-07-30 03:10:00,2.0,0.0,0.07706557176704877,60.0,60.53278588352438,0.0
2024-07-30 03:11:00,2.0,11.553360000000001,0.0772287367277635,60.0,60.614368363881745,6.0
2024-07-30 03:12:00,2.0,11.553360000000001,0.07606708297868817,60.0,60.03354148934408,6.0
2024-07-30 03:13:00,2.0,0.0,0.0749055624340561,60.0,59.452781217028054,0.0
2024-07-30 03:14:00,2.0,0.0,0.07506897507859306,60.0,59.53448753929653,0.0
2024-07-30 03:15:00,2.0,0.0,0.07523236898493856,60.0,59.61618449246928,0.0
2024-07-30 03:16:00,2.0,0.0,0.07539574415524129,60.0,59.697872077620644,0.0
2024-07-30 03:17:00,2.0,0.0,0.07555910059164966,60.0,59.77955029582483,0.0
2024-07-30 03:18:00,2.0,0.0,0.07572243829631188,60.0,59.86121914815594,0.0
2024-07-30 03:19:00,2.0,0.0,0.07588575727137585,60.0,59.942878635687926,0.0
2024-07-30 03:20:00,2.0,0.0,0.07604905751898926,60.0,60.02452875949463,0.0
2024-07-30 03:21:00,2.0,0.0,0.07621233904129956,60.0,60.10616952064978,0.0
2024-07-30 03:22:00,2.0,0.0,0.07637560184045393,60.0,60.18780092022696,0.0
2024-07-30 03:23:00,2.0,0.0,0.0765388459185993,60.0,60.26942295929965,0.0
2024-07-30 03:24:00,2.0,1.92556,0.07670207127788241,60.0,60.351035638941205,1.0
2024-07-30 03:25:00,2.0,0.0,0.07664447792044969,60.0,60.322238960224844,0.0
2024-07-30 03:26:00,2.0,0.0,0.07680769116712867,60.0,60.40384558356433,0.0
2024-07-30 03:27:00,2.0,0.0,0.07697088569848075,60.0,60.48544284924037,0.0
2024-07-30 03:28:00,2.0,0.0,0.07713406151665197,60.0,60.567030758325984,0.0
2024-07-30 03:29:00,2.0,0.0,0.07729721862378815,60.0,60.64860931189407,0.0
2024-07-30 03:30:00,2.0,0.0,0.07746035702203481,60.0,60.73017851101741,0.0
2024-07-30 03:31:00,2.0,0.0,0.0776234767135373,60.0,60.81173835676865,0.0
2024-07-30 03:32:00,2.0,0.0,0.07778657770044067,60.0,60.89328885022034,0.0
2024-07-30 03:33:00,2.0,0.0,0.07794965998488973,60.0,60.97482999244487,0.0
2024-07-30 03:34:00,2.0,0.0,0.07811272356902907,60.0,61.056361784514536,0.0
2024-07-30 03:35:00,2.0,0.0,0.07810376654387065,60.0,61.051883271935324,0.0
2024-07-30 03:36:00,2.0,0.0,0.07809481054579587,60.0,61.04740527289793,0.0
2024-07-30 03:37:00,2.0,0.0,0.07808585557468693,60.0,61.042927787343466,0.0
2024-07-30 03:38:00,2.0,0.0,0.07807690163042609,60.0,61.03845081521305,0.0
2024-07-30 03:39:00,2.0,0.0,0.07806794871289562,60.0,61.03397435644781,0.0
2024-07-30 03:40:00,2.0,0.0,0.07805899682197774,60.0,61.02949841098887,0.0
2024-07-30 03:41:00,2.0,0.0,0.07805004595755477,60.0,61.025022978777386,0.0
2024-07-30 03:42:00,2.0,0.0,0.07804109611950899,60.0,61.020548059754496,0.0
2024-07-30 03:43:00,2.0,0.0,0.0780321473077227,60.0,61.016073653861355,0.0
2024-07-30 03:44:00,2.0,0.0,0.07802319952207824,60.0,61.01159976103912,0.0
2024-07-30 03:45:00,2.0,0.0,0.07801425276245795,60.0,61.00712638122897,0.0
2024-07-30 03:46:00,2.0,0.0,0.07800530702874414,60.0,61.00265351437207,0.0
2024-07-30 03:47:00,2.0,0.0,0.0779963623208192,60.0,60.9981811604096,0.0
2024-07-30 03:48:00,2.0,0.0,0.07798741863856551,60.0,60.99370931928275,0.0
2024-07-30 03:49:00,2.0,0.0,0.07797847598186543,60.0,60.989237990932715,0.0
2024-07-30 03:50:00,2.0,0.0,0.07796953435060137,60.0,60.98476717530069,0.0
2024-07-30 03:51:00,2.0,0.0,0.07796059374465579,60.0,60.98029687232789,0.0
2024-07-30 03:52:00,2.0,0.0,0.07795165416391106,60.0,60.97582708195553,0.0
2024-07-30 03:53:00,2.0,0.0,0.07794271560824964,60.0,60.97135780412482,0.0
2024-07-30 03:54:00,2.0,0.0,0.077933778077554,60.0,60.966889038777,0.0
2024-07-30 03:55:00,2.0,0.0,0.0779248415717066,60.0,60.9624207858533,0.0
2024-07-30 03:56:00,2.0,0.0,0.07791590609058992,60.0,60.95795304529496,0.0
2024-07-30 03:57:00,2.0,0.0,0.07790697163408646,60.0,60.95348581704323,0.0
2024-07-30 03:58:00,2.0,0.0,0.07789803820207873,60.0,60.94901910103936,0.0
2024-07-30 03:59:00,2.0,0.0,0.07788910579444926,60.0,60.944552897224625,0.0
2024-07-30 04:00:00,2.0,0.0,0.07788017441108055,60.0,60.94008720554028,0.0
2024-07-30 04:01:00,2.0,0.0,0.07787124405185522,60.0,60.93562202592761,0.0
2024-07-30 04:02:00,2.0,0.0,0.07786231471665576,60.0,60.93115735832788,0.0
2024-07-30 04:03:00,2.0,0.0,0.0778533864053648,60.0,60.926693202682394,0.0
2024-07-30 04:04:00,2.0,0.0,0.07784445911786489,60.0,60.92222955893244,0.0
2024-07-30 04:05:00,2.0,0.0,0.07783553285403866,60.0,60.91776642701933,0.0
2024-07-30 04:06:00,2.0,0.0,0.07782660761376874,60.0,60.913303806884365,0.0
2024-07-30 04:07:00,2.0,0.0,0.07781768339693773,60.0,60.90884169846886,0.0
2024-07-30 04:08:00,2.0,0.0,0.07780876020342828,60.0,60.90438010171414,0.0
2024-07-30 04:09:00,2.0,0.0,0.07779983803312307,60.0,60.89991901656153,0.0
2024-07-30 04:10:00,2.0,0.0,0.07779091688590475,60.0,60.895458442952375,0.0
2024-07-30 04:11:00,2.0,0.0,0.07778199676165601,60.0,60.890998380828,0.0
2024-07-30 04:12:00,2.0,0.0,0.07777307766025955,60.0,60.88653883012977,0.0
2024-07-30 04:13:00,2.0,0.0,0.07776415958159807,60.0,60.88207979079904,0.0
2024-07-30 04:14:00,1.0,0.0,0.07775524252555432,60.0,60.87762126277716,0.0
2024-07-30 04:15:00,1.0,0.0,0.07774632649201102,60.0,60.87316324600551,0.0
2024-07-30 04:16:00,1.0,0.0,0.07773741148085092,60.0,60.86870574042546,0.0
2024-07-30 04:17:00,1.0,0.0,0.0777284974919568,60.0,60.8642487459784,0.0
2024-07-30 04:18:00,1.0,0.0,0.07771958452521144,60.0,60.859792262605716,0.0
2024-07-30 04:19:00,1.0,0.0,0.0777106725804976,60.0,60.8553362902488,0.0
2024-07-30 04:20:00,1.0,0.0,0.07770176165769811,60.0,60.85088082884906,0.0
2024-07-30 04:21:00,1.0,0.0,0.07769285175669581,60.0,60.8464258783479,0.0
2024-07-30 04:22:00,1.0,0.0,0.07768394287737349,60.0,60.84197143868674,0.0
2024-07-30 04:23:00,1.0,0.0,0.07767503501961402,60.0,60.83751750980701,0.0
2024-07-30 04:24:00,1.0,0.0,0.07766612818330025,60.0,60.83306409165012,0.0
2024-07-30 04:25:00,1.0,0.0,0.07765722236831506,60.0,60.82861118415753,0.0
2024-07-30 04:26:00,1.0,0.0,0.07764831757454134,60.0,60.82415878727067,0.0
2024-07-30 04:27:00,1.0,0.0,0.07763941380186198,60.0,60.81970690093099,0.0
2024-07-30 04:28:00,1.0,0.0,0.0776305110501599,60.0,60.81525552507995,0.0
2024-07-30 04:29:00,1.0,0.0,0.07762160931931802,60.0,60.81080465965901,0.0
2024-07-30 04:30:00,1.0,0.0,0.0776127086092193,60.0,60.80635430460965,0.0
2024-07-30 04:31:00,1.0,0.0,0.07760380891974666,60.0,60.801904459873334,0.0
2024-07-30 04:32:00,2.0,0.0,0.0775949102507831,60.0,60.79745512539155,0.0
2024-07-30 04:33:00,2.0,0.0,0.07758601260221158,60.0,60.79300630110579,0.0
2024-07-30 04:34:00,2.0,0.0,0.0775771159739151,60.0,60.78855798695755,0.0
2024-07-30 04:35:00,2.0,0.0,0.07756822036577667,60.0,60.784110182888334,0.0
2024-07-30 04:36:00,2.0,0.0,0.07755932577767931,60.0,60.77966288883965,0.0
2024-07-30 04:37:00,2.0,0.0,0.07755043220950604,60.0,60.77521610475302,0.0
2024-07-30 04:38:00,2.0,0.0,0.07754153966113993,60.0,60.77076983056996,0.0
2024-07-30 04:39:00,2.0,0.0,0.07753264813246402,60.0,60.76632406623201,0.0
2024-07-30 04:40:00,2.0,0.0,0.07752375762336139,60.0,60.761878811680695,0.0
2024-07-30 04:41:00,2.0,0.0,0.07751486813371514,60.0,60.75743406685757,0.0
2024-07-30 04:42:00,2.0,0.0,0.07750597966340836,60.0,60.75298983170418,0.0
2024-07-30 04:43:00,2.0,0.0,0.07749709221232416,60.0,60.74854610616208,0.0
2024-07-30 04:44:00,2.0,0.0,0.07748820578034568,60.0,60.74410289017284,0.0
2024-07-30 04:45:00,2.0,0.0,0.07747932036735605,60.0,60.739660183678026,0.0
2024-07-30 04:46:00,2.0,0.0,0.07747043597323844,60.0,60.73521798661922,0.0
2024-07-30 04:47:00,2.0,0.0,0.07746155259787602,60.0,60.730776298938004,0.0
2024-07-30 04:48:00,2.0,0.0,0.07745267024115193,60.0,60.72633512057597,0.0
2024-07-30 04:49:00,2.0,0.0,0.07744378890294941,60.0,60.721894451474704,0.0
2024-07-30 04:50:00,2.0,0.0,0.07743490858315165,60.0,60.71745429157583,0.0
2024-07-30 04:51:00,2.0,0.0,0.07742602928164187,60.0,60.71301464082094,0.0
2024-07-30 04:52:00,2.0,0.0,0.07741715099830332,60.0,60.70857549915166,0.0
2024-07-30 04:53:00,2.0,0.0,0.07740827373301923,60.0,60.704136866509614,0.0
2024-07-30 04:54:00,2.0,0.0,0.07739939748567289,60.0,60.69969874283644,0.0
2024-07-30 04:55:00,2.0,0.0,0.07739052225614752,60.0,60.69526112807376,0.0
2024-07-30 04:56:00,2.0,0.0,0.07738164804432647,60.0,60.690824022163234,0.0
2024-07-30 04:57:00,2.0,0.0,0.07737277485009302,60.0,60.686387425046505,0.0
2024-07-30 04:58:00,2.0,0.0,0.07736390267333046,60.0,60.68195133666523,0.0
2024-07-30 04:59:00,2.0,0.0,0.07735503151392215,60.0,60.67751575696107,0.0
2024-07-30 05:00:00,2.0,0.0,0.0773461613717514,60.0,60.6730806858757,0.0
2024-07-30 05:01:00,2.0,0.0,0.0773372922467016,60.0,60.668646123350804,0.0
2024-07-30 05:02:00,2.0,0.0,0.07732842413865612,60.0,60.66421206932806,0.0
2024-07-30 05:03:00,2.0,0.0,0.07731955704749832,60.0,60.65977852374916,0.0
2024-07-30 05:04:00,1.0,0.0,0.0773106909731116,60.0,60.6553454865558,0.0
2024-07-30 05:05:00,1.0,0.0,0.07730182591537939,60.0,60.65091295768969,0.0
2024-07-30 05:06:00,1.0,0.0,0.07729296187418506,60.0,60.646480937092534,0.0
2024-07-30 05:07:00,1.0,0.0,0.0772840988494121,60.0,60.64204942470605,0.0
2024-07-30 05:08:00,1.0,0.0,0.07727523684094395,60.0,60.63761842047197,0.0
2024-07-30 05:09:00,1.0,0.0,0.07726637584866405,60.0,60.63318792433203,0.0
2024-07-30 05:10:00,1.0,0.0,0.0772575158724559,60.0,60.62875793622795,0.0
2024-07-30 05:11:00,1.0,0.0,0.07724865691220296,60.0,60.62432845610148,0.0
2024-07-30 05:12:00,1.0,1.92556,0.07723979896778876,60.0,60.61989948389438,1.0
2024-07-30 05:13:00,1.0,1.92556,0.07701014203909681,60.0,60.5050710195484,1.0
2024-07-30 05:14:00,1.0,0.0,0.07678051144469195,60.0,60.39025572234597,0.0
2024-07-30 05:15:00,1.0,0.0,0.07677170718155446,60.0,60.38585359077723,0.0
2024-07-30 05:16:00,2.0,0.0,0.07676290392798371,60.0,60.38145196399186,0.0
2024-07-30 05:17:00,1.0,0.0,0.07675410168386393,60.0,60.37705084193196,0.0
2024-07-30 05:18:00,1.0,0.0,0.07674530044907935,60.0,60.37265022453967,0.0
2024-07-30 05:19:00,1.0,0.0,0.07673650022351423,60.0,60.36825011175711,0.0
2024-07-30 05:20:00,1.0,0.0,0.07672770100705285,60.0,60.36385050352643,0.0
2024-07-30 05:21:00,1.0,0.0,0.07671890279957952,60.0,60.35945139978976,0.0
2024-07-30 05:22:00,1.0,0.0,0.07671010560097852,60.0,60.35505280048926,0.0
2024-07-30 05:23:00,1.0,0.0,0.07670130941113416,60.0,60.35065470556708,0.0
2024-07-30 05:24:00,1.0,0.0,0.07669251422993079,60.0,60.34625711496539,0.0
2024-07-30 05:25:00,1.0,0.0,0.07668372005725271,60.0,60.34186002862636,0.0
2024-07-30 05:26:00,1.0,0.0,0.07667492689298432,60.0,60.33746344649216,0.0
2024-07-30 05:27:00,1.0,1.92556,0.07666613473700996,60.0,60.333067368504985,1.0
2024-07-30 05:28:00,1.0,0.0,0.07643654358921403,60.0,60.21827179460702,0.0
2024-07-30 05:29:00,1.0,0.0,0.07642777876816224,60.0,60.21388938408112,0.0
2024-07-30 05:30:00,1.0,0.0,0.07641901495215443,60.0,60.20950747607721,0.0
2024-07-30 05:31:00,1.0,0.0,0.07641025214107534,60.0,60.20512607053767,0.0
2024-07-30 05:32:00,1.0,0.0,0.07640149033480977,60.0,60.20074516740488,0.0
2024-07-30 05:33:00,1.0,1.92556,0.07639272953324247,60.0,60.19636476662124,1.0
2024-07-30 05:34:00,1.0,1.92556,0.07616316973625825,60.0,60.08158486812913,1.0
2024-07-30 05:35:00,1.0,0.0,0.07593363626242323,60.0,59.96681813121162,0.0
2024-07-30 05:36:00,1.0,0.0,0.07592492910871898,60.0,59.96246455435949,0.0
2024-07-30 05:37:00,1.0,0.0,0.07591622295344612,60.0,59.95811147672306,0.0
2024-07-30 05:38:00,1.0,0.0,0.07590751779649017,60.0,59.953758898245084,0.0
2024-07-30 05:39:00,1.0,0.0,0.07589881363773662,60.0,59.94940681886831,0.0
2024-07-30 05:40:00,1.0,0.0,0.07589011047707105,60.0,59.945055238535524,0.0
2024-07-30 05:41:00,1.0,0.0,0.07588140831437898,60.0,59.94070415718949,0.0
2024-07-30 05:42:00,1.0,0.0,0.07587270714954598,60.0,59.936353574772994,0.0
2024-07-30 05:43:00,1.0,0.0,0.07586400698245765,60.0,59.932003491228826,0.0
2024-07-30 05:44:00,1.0,0.0,0.07585530781299955,60.0,59.92765390649978,0.0
2024-07-30 05:45:00,1.0,0.0,0.07584660964105731,60.0,59.92330482052866,0.0
2024-07-30 05:46:00,1.0,0.0,0.07583791246651653,60.0,59.918956233258264,0.0
2024-07-30 05:47:00,2.0,0.0,0.07582921628926284,60.0,59.91460814463142,0.0
2024-07-30 05:48:00,2.0,0.0,0.0758205211091819,60.0,59.91026055459095,0.0
2024-07-30 05:49:00,2.0,0.0,0.07581182692615934,60.0,59.90591346307967,0.0
2024-07-30 05:50:00,2.0,11.553360000000001,0.07580313374008085,60.0,59.901566870040426,6.0
2024-07-30 05:51:00,2.0,0.0,0.0744696415508321,60.0,59.234820775416054,0.0
2024-07-30 05:52:00,2.0,0.0,0.07446110227038671,60.0,59.23055113519336,0.0
2024-07-30 05:53:00,2.0,0.0,0.07445256396912303,60.0,59.22628198456152,0.0
2024-07-30 05:54:00,2.0,11.553360000000001,0.07444402664692878,60.0,59.22201332346439,6.0
2024-07-30 05:55:00,2.0,11.553360000000001,0.07311069030369167,60.0,58.555345151845835,6.0
2024-07-30 05:56:00,2.0,0.0,0.07194950876251972,60.0,57.974754381259864,0.0
2024-07-30 05:57:00,2.0,0.0,0.07211326037164395,60.0,58.05663018582197,0.0
2024-07-30 05:58:00,2.0,0.0,0.07227699320370835,60.0,58.13849660185418,0.0
2024-07-30 05:59:00,2.0,0.0,0.07244070726086607,60.0,58.22035363043304,0.0
2024-07-30 06:00:00,2.0,0.0,0.07260440254527,60.0,58.302201272634996,0.0
2024-07-30 06:01:00,2.0,0.0,0.07276807905907273,60.0,58.384039529536366,0.0
2024-07-30 06:02:00,2.0,0.0,0.07293173680442669,60.0,58.465868402213346,0.0
2024-07-30 06:03:00,2.0,0.0,0.073095375783484,60.0,58.547687891742,0.0
2024-07-30 06:04:00,2.0,0.0,0.07325899599839655,60.0,58.62949799919828,0.0
2024-07-30 06:05:00,2.0,0.0,0.07342259745131599,60.0,58.711298725658,0.0
2024-07-30 06:06:00,2.0,11.553360000000001,0.07358618014439372,60.0,58.79309007219686,6.0
2024-07-30 06:07:00,2.0,0.0,0.07242494407978088,60.0,58.21247203989044,0.0
2024-07-30 06:08:00,2.0,0.0,0.07258864117171632,60.0,58.29432058585816,0.0
2024-07-30 06:09:00,2.0,0.0,0.07275231949284332,60.0,58.376159746421656,0.0
2024-07-30 06:10:00,2.0,0.0,0.07291597904531427,60.0,58.45798952265714,0.0
2024-07-30 06:11:00,2.0,0.0,0.07307961983128136,60.0,58.53980991564068,0.0
2024-07-30 06:12:00,2.0,1.92556,0.0732432418528965,60.0,58.62162092644825,1.0
2024-07-30 06:13:00,2.0,1.92556,0.07318604511231136,60.0,58.59302255615568,1.0
2024-07-30 06:14:00,2.0,0.0,0.07312885493035869,60.0,58.56442746517934,0.0
2024-07-30 06:15:00,2.0,0.0,0.0732924713062864,60.0,58.6462356531432,0.0
2024-07-30 06:16:00,2.0,0.0,0.07345606892066123,60.0,58.72803446033061,0.0
2024-07-30 06:17:00,1.0,0.0,0.0736196477756345,60.0,58.809823887817245,0.0
2024-07-30 06:18:00,1.0,0.0,0.0737832078733573,60.0,58.89160393667865,0.0
2024-07-30 06:19:00,1.0,0.0,0.07394674921598052,60.0,58.97337460799026,0.0
2024-07-30 06:20:00,1.0,0.0,0.07411027180565474,60.0,59.055135902827374,0.0
2024-07-30 06:21:00,1.0,0.0,0.07427377564453035,60.0,59.13688782226517,0.0
2024-07-30 06:22:00,1.0,0.0,0.07443726073475744,60.0,59.21863036737872,0.0
2024-07-30 06:23:00,1.0,0.0,0.0746007270784859,60.0,59.30036353924295,0.0
2024-07-30 06:24:00,1.0,0.0,0.07476417467786534,60.0,59.38208733893267,0.0
2024-07-30 06:25:00,1.0,0.0,0.07492760353504514,60.0,59.46380176752257,0.0
2024-07-30 06:26:00,1.0,0.0,0.07509101365217442,60.0,59.54550682608721,0.0
2024-07-30 06:27:00,1.0,0.0,0.07525440503140207,60.0,59.627202515701036,0.0
2024-07-30 06:28:00,1.0,0.0,0.07541777767487673,60.0,59.708888837438366,0.0
2024-07-30 06:29:00,1.0,0.0,0.07558113158474679,60.0,59.79056579237339,0.0
2024-07-30 06:30:00,1.0,0.0,0.07574446676316039,60.0,59.872233381580195,0.0
2024-07-30 06:31:00,1.0,0.0,0.07590778321226543,60.0,59.953891606132714,0.0
2024-07-30 06:32:00,2.0,0.0,0.07607108093420956,60.0,60.03554046710478,0.0
2024-07-30 06:33:00,2.0,0.0,0.07623435993114018,60.0,60.11717996557009,0.0
2024-07-30 06:34:00,2.0,0.0,0.07639762020520445,60.0,60.19881010260222,0.0
2024-07-30 06:35:00,2.0,0.0,0.0765608617585493,60.0,60.28043087927465,0.0
2024-07-30 06:36:00,2.0,0.0,0.07672408459332136,60.0,60.36204229666068,0.0
2024-07-30 06:37:00,2.0,0.0,0.0768872887116671,60.0,60.44364435583355,0.0
2024-07-30 06:38:00,2.0,0.0,0.07705047411573265,60.0,60.52523705786633,0.0
2024-07-30 06:39:00,2.0,0.0,0.07721364080766396,60.0,60.60682040383198,0.0
2024-07-30 06:40:00,2.0,0.0,0.0773767887896067,60.0,60.68839439480335,0.0
2024-07-30 06:41:00,2.0,0.0,0.07753991806370633,60.0,60.76995903185316,0.0
2024-07-30 06:42:00,2.0,0.0,0.077703028632108,60.0,60.851514316054,0.0
2024-07-30 06:43:00,2.0,0.0,0.07786612049695668,60.0,60.93306024847834,0.0
2024-07-30 06:44:00,2.0,0.0,0.07802919366039707,60.0,61.014596830198535,0.0
2024-07-30 06:45:00,2.0,0.0,0.07802024621344127,60.0,61.010123106720634,0.0
2024-07-30 06:46:00,2.0,0.0,0.07801129979247078,60.0,61.00564989623539,0.0
2024-07-30 06:47:00,2.0,0.0,0.07800235439736797,60.0,61.00117719868398,0.0
2024-07-30 06:48:00,2.0,0.0,0.07799341002801519,60.0,60.996705014007595,0.0
2024-07-30 06:49:00,2.0,0.0,0.07798446668429483,60.0,60.992233342147415,0.0
2024-07-30 06:50:00,2.0,0.0,0.07797552436608927,60.0,60.98776218304464,0.0
2024-07-30 06:51:00,2.0,0.0,0.07796658307328093,60.0,60.983291536640465,0.0
2024-07-30 06:52:00,2.0,0.0,0.07795764280575222,60.0,60.97882140287611,0.0
2024-07-30 06:53:00,2.0,0.0,0.07794870356338558,60.0,60.97435178169279,0.0
2024-07-30 06:54:00,2.0,0.0,0.07793976534606345,60.0,60.96988267303173,0.0
2024-07-30 06:55:00,2.0,0.0,0.07793082815366831,60.0,60.96541407683415,0.0
2024-07-30 06:56:00,2.0,0.0,0.0779218919860826,60.0,60.9609459930413,0.0
2024-07-30 06:57:00,2.0,0.0,0.07791295684318883,60.0,60.95647842159441,0.0
2024-07-30 06:58:00,2.0,0.0,0.07790402272486949,60.0,60.952011362434746,0.0
2024-07-30 06:59:00,2.0,11.553360000000001,0.07789508963100711,60.0,60.947544815503555,6.0
2024-07-30 07:00:00,2.0,0.0,0.0765613575614842,60.0,60.2806787807421,0.0
2024-07-30 07:01:00,2.0,0.0,0.07655257842827123,60.0,60.276289214135616,0.0
2024-07-30 07:02:00,2.0,0.0,0.07654380030174339,60.0,60.271900150871694,0.0
2024-07-30 07:03:00,2.0,0.0,0.07653502318178523,60.0,60.26751159089262,0.0
2024-07-30 07:04:00,2.0,0.0,0.07652624706828136,60.0,60.263123534140675,0.0
2024-07-30 07:05:00,2.0,0.0,0.07651747196111633,60.0,60.258735980558164,0.0
2024-07-30 07:06:00,2.0,0.0,0.07650869786017478,60.0,60.25434893008739,0.0
2024-07-30 07:07:00,2.0,0.0,0.07649992476534132,60.0,60.24996238267066,0.0
2024-07-30 07:08:00,2.0,0.0,0.07649115267650058,60.0,60.24557633825029,0.0
2024-07-30 07:09:00,2.0,0.0,0.0764823815935372,60.0,60.2411907967686,0.0
2024-07-30 07:10:00,2.0,0.0,0.07647361151633583,60.0,60.23680575816792,0.0
2024-07-30 07:11:00,2.0,0.0,0.07646484244478118,60.0,60.232421222390585,0.0
2024-07-30 07:12:00,2.0,0.0,0.07645607437875787,60.0,60.22803718937894,0.0
2024-07-30 07:13:00,2.0,0.0,0.07644730731815066,60.0,60.22365365907533,0.0
2024-07-30 07:14:00,2.0,0.0,0.07643854126284425,60.0,60.21927063142212,0.0
2024-07-30 07:15:00,2.0,0.0,0.07642977621272333,60.0,60.21488810636166,0.0
2024-07-30 07:16:00,2.0,0.0,0.07642101216767266,60.0,60.21050608383633,0.0
2024-07-30 07:17:00,2.0,0.0,0.07641224912757699,60.0,60.20612456378849,0.0
2024-07-30 07:18:00,2.0,0.0,0.07640348709232107,60.0,60.201743546160536,0.0
2024-07-30 07:19:00,2.0,0.0,0.0763947260617897,60.0,60.19736303089485,0.0
2024-07-30 07:20:00,2.0,0.0,0.07638596603586766,60.0,60.19298301793383,0.0
2024-07-30 07:21:00,2.0,1.92556,0.07637720701443974,60.0,60.188603507219874,1.0
2024-07-30 07:22:00,2.0,1.92556,0.0761476489973908,60.0,60.073824498695394,1.0
2024-07-30 07:23:00,2.0,0.0,0.07591811730328693,60.0,59.95905865164347,0.0
2024-07-30 07:24:00,2.0,0.0,0.07590941192910979,60.0,59.95470596455489,0.0
2024-07-30 07:25:00,2.0,0.0,0.07590070755315995,60.0,59.95035377657997,0.0
2024-07-30 07:26:00,2.0,0.0,0.07589200417532298,60.0,59.94600208766149,0.0
2024-07-30 07:27:00,2.0,0.0,0.07588330179548443,60.0,59.941650897742214,0.0
2024-07-30 07:28:00,2.0,0.0,0.07587460041352986,60.0,59.93730020676493,0.0
2024-07-30 07:29:00,2.0,1.92556,0.07586590002934485,60.0,59.93295001467242,1.0
2024-07-30 07:30:00,2.0,1.92556,0.07563640064281496,60.0,59.81820032140748,1.0
2024-07-30 07:31:00,2.0,0.0,0.07540692757250715,60.0,59.70346378625357,0.0
2024-07-30 07:32:00,2.0,0.0,0.07539828081540376,60.0,59.699140407701876,0.0
2024-07-30 07:33:00,2.0,0.0,0.07538963504980618,60.0,59.694817524903094,0.0
2024-07-30 07:34:00,2.0,0.0,0.07538099027560077,60.0,59.69049513780038,0.0
2024-07-30 07:35:00,2.0,0.0,0.0753723464926738,60.0,59.6861732463369,0.0
2024-07-30 07:36:00,2.0,0.0,0.07536370370091161,60.0,59.68185185045581,0.0
2024-07-30 07:37:00,2.0,0.0,0.07535506190020057,60.0,59.677530950100284,0.0
2024-07-30 07:38:00,2.0,0.0,0.07534642109042701,60.0,59.67321054521351,0.0
2024-07-30 07:39:00,2.0,0.0,0.07533778127147733,60.0,59.66889063573866,0.0
2024-07-30 07:40:00,2.0,0.0,0.07532914244323789,60.0,59.66457122161894,0.0
2024-07-30 07:41:00,2.0,0.0,0.0753205046055951,60.0,59.660252302797545,0.0
2024-07-30 07:42:00,2.0,0.0,0.07531186775843535,60.0,59.65593387921767,0.0
2024-07-30 07:43:00,2.0,0.0,0.07530323190164508,60.0,59.65161595082254,0.0
2024-07-30 07:44:00,2.0,1.92556,0.07529459703511072,60.0,59.64729851755536,1.0
2024-07-30 07:45:00,2.0,1.92556,0.07506516315871875,60.0,59.53258157935937,1.0
2024-07-30 07:46:00,2.0,0.0,0.0748357555910369,60.0,59.41787779551845,0.0
2024-07-30 07:47:00,2.0,0.0,0.07482717432904844,60.0,59.413587164524216,0.0
2024-07-30 07:48:00,2.0,0.0,0.07481859405105562,60.0,59.409297025527806,0.0
2024-07-30 07:49:00,2.0,0.0,0.07481001475694561,60.0,59.4050073784728,0.0
2024-07-30 07:50:00,2.0,0.0,0.07480143644660558,60.0,59.40071822330279,0.0
2024-07-30 07:51:00,2.0,0.0,0.07479285911992274,60.0,59.39642955996137,0.0
2024-07-30 07:52:00,2.0,0.0,0.07478428277678428,60.0,59.39214138839214,0.0
2024-07-30 07:53:00,2.0,0.0,0.07477570741707744,60.0,59.38785370853872,0.0
2024-07-30 07:54:00,2.0,0.0,0.07476713304068944,60.0,59.383566520344715,0.0
2024-07-30 07:55:00,2.0,0.0,0.07475855964750751,60.0,59.379279823753755,0.0
2024-07-30 07:56:00,2.0,0.0,0.07474998723741894,60.0,59.37499361870947,0.0
2024-07-30 07:57:00,2.0,0.0,0.07474141581031098,60.0,59.370707905155484,0.0
2024-07-30 07:58:00,2.0,0.0,0.07473284536607089,60.0,59.366422683035445,0.0
2024-07-30 07:59:00,2.0,0.0,0.07472427590458601,60.0,59.362137952293004,0.0
2024-07-30 08:00:00,2.0,0.0,0.07471570742574363,60.0,59.357853712871815,0.0
2024-07-30 08:01:00,2.0,0.0,0.07470713992943108,60.0,59.35356996471554,0.0
2024-07-30 08:02:00,2.0,0.0,0.07469857341553568,60.0,59.34928670776784,0.0
2024-07-30 08:03:00,2.0,0.0,0.0746900078839448,60.0,59.345003941972394,0.0
2024-07-30 08:04:00,2.0,11.553360000000001,0.07468144333454577,60.0,59.34072166727288,6.0
2024-07-30 08:05:00,2.0,11.553360000000001,0.07334807976722599,60.0,58.67403988361299,6.0
2024-07-30 08:06:00,2.0,0.0,0.07218687100509309,60.0,58.09343550254655,0.0
2024-07-30 08:07:00,2.0,0.0,0.07235059539637774,60.0,58.17529769818887,0.0
2024-07-30 08:08:00,2.0,0.0,0.0725143010137236,60.0,58.2571505068618,0.0
2024-07-30 08:09:00,2.0,0.0,0.07267798785928342,60.0,58.33899392964171,0.0
2024-07-30 08:10:00,1.0,0.0,0.07284165593520973,60.0,58.420827967604865,0.0
2024-07-30 08:11:00,1.0,0.0,0.07300530524365481,60.0,58.5026526218274,0.0
2024-07-30 08:12:00,1.0,0.0,0.07316893578677068,60.0,58.58446789338534,0.0
2024-07-30 08:13:00,1.0,0.0,0.07333254756670912,60.0,58.66627378335456,0.0
2024-07-30 08:14:00,1.0,0.0,0.07349614058562169,60.0,58.748070292810844,0.0
2024-07-30 08:15:00,1.0,0.0,0.07365971484565965,60.0,58.829857422829825,0.0
2024-07-30 08:16:00,1.0,0.0,0.07382327034897405,60.0,58.911635174487024,0.0
2024-07-30 08:17:00,1.0,0.0,0.07398680709771568,60.0,58.99340354885784,0.0
2024-07-30 08:18:00,1.0,1.92556,0.07415032509403512,60.0,59.075162547017555,1.0
2024-07-30 08:19:00,1.0,1.92556,0.07409302434008262,60.0,59.04651217004131,1.0
2024-07-30 08:20:00,1.0,0.0,0.07403573015668959,60.0,59.01786507834479,0.0
2024-07-30 08:21:00,1.0,0.0,0.07419924254310258,60.0,59.099621271551285,0.0
2024-07-30 08:22:00,1.0,0.0,0.07436273617988692,60.0,59.18136808994346,0.0
2024-07-30 08:23:00,1.0,0.0,0.07452621106919263,60.0,59.26310553459631,0.0
2024-07-30 08:24:00,1.0,0.0,0.0746896672131694,60.0,59.3448336065847,0.0
2024-07-30 08:25:00,1.0,0.0,0.07485310461396676,60.0,59.426552306983375,0.0
2024-07-30 08:26:00,1.0,0.0,0.0750165232737339,60.0,59.50826163686695,0.0
2024-07-30 08:27:00,1.0,0.0,0.07517992319461984,60.0,59.58996159730992,0.0
2024-07-30 08:28:00,3.0,0.0,0.07534330437877336,60.0,59.67165218938668,0.0
2024-07-30 08:29:00,3.0,0.0,0.07550666682834292,60.0,59.75333341417146,0.0
2024-07-30 08:30:00,3.0,0.0,0.07567001054547678,60.0,59.83500527273839,0.0
2024-07-30 08:31:00,1.0,0.0,0.07583333553232298,60.0,59.91666776616149,0.0
2024-07-30 08:32:00,1.0,0.0,0.07599664179102926,60.0,59.99832089551463,0.0
2024-07-30 08:33:00,1.0,0.0,0.07615992932374314,60.0,60.07996466187157,0.0
2024-07-30 08:34:00,1.0,0.0,0.07632319813261189,60.0,60.161599066305946,0.0
2024-07-30 08:35:00,1.0,0.0,0.07648644821978255,60.0,60.24322410989127,0.0
2024-07-30 08:36:00,1.0,0.0,0.07664967958740188,60.0,60.32483979370094,0.0
2024-07-30 08:37:00,1.0,0.0,0.0768128922376164,60.0,60.406446118808205,0.0
2024-07-30 08:38:00,1.0,1.92556,0.07697608617257244,60.0,60.48804308628622,1.0
2024-07-30 08:39:00,1.0,0.0,0.07691846139441601,60.0,60.459230697208,0.0
2024-07-30 08:40:00,1.0,0.0,0.07708164322397422,60.0,60.540821611987106,0.0
2024-07-30 08:41:00,1.0,0.0,0.07724480634180805,60.0,60.62240317090403,0.0
2024-07-30 08:42:00,1.0,0.0,0.07740795075006318,60.0,60.70397537503159,0.0
2024-07-30 08:43:00,1.0,0.0,0.07757107645088496,60.0,60.78553822544248,0.0
2024-07-30 08:44:00,1.0,0.0,0.07773418344641854,60.0,60.86709172320927,0.0
2024-07-30 08:45:00,1.0,11.553360000000001,0.07789727173880882,60.0,60.94863586940441,6.0
2024-07-30 08:46:00,1.0,11.553360000000001,0.07673554133020047,60.0,60.36777066510023,6.0
2024-07-30 08:47:00,1.0,0.0,0.07557394413482577,60.0,59.78697206741288,0.0
2024-07-30 08:48:00,1.0,0.0,0.07573728013740945,60.0,59.86864006870472,0.0
2024-07-30 08:49:00,1.0,0.0,0.07590059741059005,60.0,59.950298705295026,0.0
2024-07-30 08:50:00,1.0,0.0,0.07606389595651525,60.0,60.03194797825763,0.0
2024-07-30 08:51:00,1.0,0.0,0.07622717577733248,60.0,60.11358788866624,0.0
2024-07-30 08:52:00,1.0,0.0,0.07639043687518887,60.0,60.195218437594434,0.0
2024-07-30 08:53:00,1.0,0.0,0.07655367925223137,60.0,60.27683962611569,0.0
2024-07-30 08:54:00,1.0,0.0,0.07671690291060666,60.0,60.35845145530333,0.0
2024-07-30 08:55:00,1.0,0.0,0.07688010785246115,60.0,60.440053926230576,0.0
2024-07-30 08:56:00,1.0,0.0,0.07704329407994104,60.0,60.52164703997052,0.0
2024-07-30 08:57:00,1.0,0.0,0.07720646159519227,60.0,60.60323079759613,0.0
2024-07-30 08:58:00,1.0,0.0,0.07736961040036051,60.0,60.68480520018026,0.0
2024-07-30 08:59:00,1.0,0.0,0.07753274049759125,60.0,60.766370248795624,0.0
2024-07-30 09:00:00,1.0,1.92556,0.07769585188902965,60.0,60.84792594451483,1.0
2024-07-30 09:01:00,1.0,1.92556,0.0776381445768207,60.0,60.81907228841035,1.0
2024-07-30 09:02:00,1.0,0.0,0.07758044388179039,60.0,60.790221940895194,0.0
2024-07-30 09:03:00,1.0,1.92556,0.07774354980317996,60.0,60.87177490158998,1.0
2024-07-30 09:04:00,1.0,1.92556,0.07768583702154941,60.0,60.8429185107747,1.0
2024-07-30 09:05:00,1.0,0.0,0.07762813085772467,60.0,60.814065428862335,0.0
2024-07-30 09:06:00,1.0,0.0,0.07779123131094691,60.0,60.895615655473456,0.0
2024-07-30 09:07:00,1.0,0.0,0.07795431306177605,60.0,60.977156530888024,0.0
2024-07-30 09:08:00,1.0,0.0,0.07811737611235664,60.0,61.05868805617832,0.0
2024-07-30 09:09:00,1.0,0.0,0.07810841855370067,60.0,61.05420927685033,0.0
2024-07-30 09:10:00,1.0,0.0,0.07809946202218948,60.0,61.04973101109474,0.0
2024-07-30 09:11:00,1.0,0.0,0.07809050651770534,60.0,61.04525325885267,0.0
2024-07-30 09:12:00,1.0,0.0,0.07808155204013045,60.0,61.04077602006522,0.0
2024-07-30 09:13:00,1.0,0.0,0.07807259858934705,60.0,61.036299294673526,0.0
2024-07-30 09:14:00,1.0,0.0,0.07806364616523744,60.0,61.031823082618715,0.0
2024-07-30 09:15:00,1.0,0.0,0.07805469476768384,60.0,61.02734738384192,0.0
2024-07-30 09:16:00,1.0,0.0,0.07804574439656858,60.0,61.02287219828429,0.0
2024-07-30 09:17:00,1.0,0.0,0.07803679505177394,60.0,61.01839752588697,0.0
2024-07-30 09:18:00,1.0,0.0,0.07802784673318225,60.0,61.01392336659112,0.0
2024-07-30 09:19:00,1.0,0.0,0.07801889944067582,60.0,61.009449720337905,0.0
2024-07-30 09:20:00,1.0,0.0,0.07800995317413699,60.0,61.00497658706849,0.0
2024-07-30 09:21:00,1.0,0.0,0.07800100793344812,60.0,61.00050396672406,0.0
2024-07-30 09:22:00,1.0,0.0,0.0779920637184916,60.0,60.9960318592458,0.0
2024-07-30 09:23:00,1.0,0.0,0.07798312052914977,60.0,60.991560264574886,0.0
2024-07-30 09:24:00,1.0,0.0,0.07797417836530506,60.0,60.987089182652525,0.0
2024-07-30 09:25:00,1.0,0.0,0.07796523722683985,60.0,60.98261861341992,0.0
2024-07-30 09:26:00,1.0,0.0,0.07795629711363658,60.0,60.97814855681829,0.0
2024-07-30 09:27:00,1.0,0.0,0.07794735802557769,60.0,60.97367901278884,0.0
2024-07-30 09:28:00,1.0,0.0,0.07793841996254561,60.0,60.969209981272805,0.0
2024-07-30 09:29:00,1.0,0.0,0.07792948292442281,60.0,60.96474146221141,0.0
2024-07-30 09:30:00,1.0,0.0,0.07792054691109178,60.0,60.96027345554589,0.0
2024-07-30 09:31:00,1.0,0.0,0.07791161192243498,60.0,60.95580596121749,0.0
2024-07-30 09:32:00,1.0,0.0,0.07790267795833496,60.0,60.951338979167474,0.0
2024-07-30 09:33:00,1.0,0.0,0.07789374501867417,60.0,60.946872509337084,0.0
2024-07-30 09:34:00,1.0,0.0,0.0778848131033352,60.0,60.942406551667595,0.0
2024-07-30 09:35:00,1.0,0.0,0.07787588221220056,60.0,60.937941106100276,0.0
2024-07-30 09:36:00,1.0,0.0,0.07786695234515281,60.0,60.933476172576405,0.0
2024-07-30 09:37:00,1.0,0.0,0.07785802350207453,60.0,60.929011751037265,0.0
2024-07-30 09:38:00,1.0,0.0,0.0778490956828483,60.0,60.92454784142415,0.0
2024-07-30 09:39:00,1.0,0.0,0.07784016888735672,60.0,60.920084443678356,0.0
2024-07-30 09:40:00,1.0,0.0,0.07783124311548238,60.0,60.91562155774119,0.0
2024-07-30 09:41:00,1.0,0.0,0.07782231836710794,60.0,60.91115918355397,0.0
2024-07-30 09:42:00,1.0,0.0,0.07781339464211601,60.0,60.906697321058004,0.0
2024-07-30 09:43:00,1.0,0.0,0.07780447194038925,60.0,60.902235970194624,0.0
2024-07-30 09:44:00,1.0,0.0,0.07779555026181031,60.0,60.89777513090516,0.0
2024-07-30 09:45:00,1.0,0.0,0.0777866296062619,60.0,60.89331480313095,0.0
2024-07-30 09:46:00,1.0,0.0,0.07777770997362668,60.0,60.88885498681334,0.0
2024-07-30 09:47:00,1.0,0.0,0.07776879136378738,60.0,60.884395681893686,0.0
2024-07-30 09:48:00,1.0,0.0,0.07775987377662669,60.0,60.879936888313345,0.0
2024-07-30 09:49:00,1.0,0.0,0.07775095721202736,60.0,60.87547860601368,0.0
2024-07-30 09:50:00,1.0,0.0,0.07774204166987214,60.0,60.87102083493607,0.0
2024-07-30 09:51:00,1.0,0.0,0.07773312715004377,60.0,60.866563575021885,0.0
2024-07-30 09:52:00,1.0,0.0,0.07772421365242503,60.0,60.86210682621252,0.0
2024-07-30 09:53:00,1.0,0.0,0.07771530117689872,60.0,60.85765058844936,0.0
2024-07-30 09:54:00,1.0,0.0,0.07770638972334762,60.0,60.853194861673806,0.0
2024-07-30 09:55:00,1.0,0.0,0.07769747929165455,60.0,60.84873964582727,0.0
2024-07-30 09:56:00,1.0,0.0,0.07768856988170232,60.0,60.84428494085116,0.0
2024-07-30 09:57:00,1.0,0.0,0.0776796614933738,60.0,60.8398307466869,0.0
2024-07-30 09:58:00,1.0,0.0,0.07767075412655182,60.0,60.83537706327591,0.0
2024-07-30 09:59:00,1.0,0.0,0.07766184778111923,60.0,60.83092389055962,0.0
2024-07-30 10:00:00,1.0,0.0,0.07765294245695896,60.0,60.82647122847948,0.0
2024-07-30 10:01:00,1.0,0.0,0.07764403815395386,60.0,60.82201907697693,0.0
2024-07-30 10:02:00,1.0,0.0,0.07763513487198685,60.0,60.817567435993425,0.0
2024-07-30 10:03:00,1.0,0.0,0.07762623261094084,60.0,60.81311630547042,0.0
2024-07-30 10:04:00,1.0,0.0,0.07761733137069879,60.0,60.808665685349396,0.0
2024-07-30 10:05:00,1.0,0.0,0.07760843115114362,60.0,60.80421557557181,0.0
2024-07-30 10:06:00,1.0,0.0,0.07759953195215831,60.0,60.79976597607915,0.0
2024-07-30 10:07:00,1.0,0.0,0.0775906337736258,60.0,60.7953168868129,0.0
2024-07-30 10:08:00,1.0,0.0,0.07758173661542911,60.0,60.790868307714554,0.0
2024-07-30 10:09:00,1.0,0.0,0.07757284047745122,60.0,60.78642023872561,0.0
2024-07-30 10:10:00,1.0,0.0,0.07756394535957517,60.0,60.781972679787586,0.0
2024-07-30 10:11:00,1.0,0.0,0.07755505126168395,60.0,60.77752563084198,0.0
2024-07-30 10:12:00,1.0,0.0,0.07754615818366063,60.0,60.77307909183032,0.0
2024-07-30 10:13:00,1.0,0.0,0.07753726612538826,60.0,60.76863306269413,0.0
2024-07-30 10:14:00,1.0,0.0,0.0775283750867499,60.0,60.764187543374945,0.0
2024-07-30 10:15:00,1.0,0.0,0.07751948506762862,60.0,60.75974253381431,0.0
2024-07-30 10:16:00,1.0,0.0,0.07751059606790754,60.0,60.75529803395377,0.0
2024-07-30 10:17:00,1.0,0.0,0.07750170808746976,60.0,60.750854043734876,0.0
2024-07-30 10:18:00,1.0,0.0,0.07749282112619837,60.0,60.74641056309919,0.0
2024-07-30 10:19:00,1.0,0.0,0.07748393518397656,60.0,60.74196759198828,0.0
2024-07-30 10:20:00,1.0,0.0,0.07747505026068742,60.0,60.73752513034371,0.0
2024-07-30 10:21:00,1.0,0.0,0.07746616635621414,60.0,60.73308317810707,0.0
2024-07-30 10:22:00,1.0,0.0,0.07745728347043991,60.0,60.72864173521995,0.0
2024-07-30 10:23:00,1.0,0.0,0.07744840160324787,60.0,60.72420080162394,0.0
2024-07-30 10:24:00,1.0,0.0,0.07743952075452128,60.0,60.719760377260634,0.0
2024-07-30 10:25:00,1.0,0.0,0.07743064092414331,60.0,60.71532046207165,0.0
2024-07-30 10:26:00,1.0,0.0,0.0774217621119972,60.0,60.7108810559986,0.0
2024-07-30 10:27:00,1.0,0.0,0.07741288431796621,60.0,60.7064421589831,0.0
2024-07-30 10:28:00,1.0,0.0,0.07740400754193356,60.0,60.70200377096678,0.0
2024-07-30 10:29:00,1.0,0.0,0.07739513178378256,60.0,60.69756589189128,0.0
2024-07-30 10:30:00,1.0,0.0,0.07738625704339645,60.0,60.69312852169823,0.0
2024-07-30 10:31:00,1.0,0.0,0.07737738332065856,60.0,60.68869166032928,0.0
2024-07-30 10:32:00,1.0,0.0,0.07736851061545218,60.0,60.68425530772609,0.0
2024-07-30 10:33:00,1.0,0.0,0.07735963892766064,60.0,60.67981946383032,0.0
2024-07-30 10:34:00,1.0,0.0,0.07735076825716726,60.0,60.67538412858363,0.0
2024-07-30 10:35:00,1.0,0.0,0.0773418986038554,60.0,60.6709493019277,0.0
2024-07-30 10:36:00,1.0,0.0,0.07733302996760842,60.0,60.66651498380421,0.0
2024-07-30 10:37:00,1.0,0.0,0.0773241623483097,60.0,60.66208117415485,0.0
2024-07-30 10:38:00,1.0,0.0,0.07731529574584262,60.0,60.65764787292131,0.0
2024-07-30 10:39:00,1.0,0.0,0.07730643016009059,60.0,60.65321508004529,0.0
2024-07-30 10:40:00,1.0,0.0,0.07729756559093702,60.0,60.648782795468506,0.0
2024-07-30 10:41:00,1.0,0.0,0.07728870203826532,60.0,60.644351019132664,0.0
2024-07-30 10:42:00,1.0,0.0,0.07727983950195898,60.0,60.63991975097949,0.0
2024-07-30 10:43:00,3.0,0.0,0.07727097798190141,60.0,60.635488990950705,0.0
2024-07-30 10:44:00,3.0,0.0,0.07726211747797611,60.0,60.63105873898805,0.0
2024-07-30 10:45:00,3.0,0.0,0.07725325799006655,60.0,60.62662899503327,0.0
2024-07-30 10:46:00,1.0,0.0,0.07724439951805621,60.0,60.622199759028106,0.0
2024-07-30 10:47:00,1.0,0.0,0.07723554206182863,60.0,60.61777103091431,0.0
2024-07-30 10:48:00,1.0,0.0,0.0772266856212673,60.0,60.613342810633654,0.0
2024-07-30 10:49:00,1.0,0.0,0.07721783019625579,60.0,60.608915098127895,0.0
2024-07-30 10:50:00,1.0,0.0,0.07720897578667762,60.0,60.60448789333881,0.0
2024-07-30 10:51:00,1.0,0.0,0.07720012239241637,60.0,60.60006119620819,0.0
2024-07-30 10:52:00,1.0,0.0,0.0771912700133556,60.0,60.5956350066778,0.0
2024-07-30 10:53:00,1.0,0.0,0.07718241864937891,60.0,60.59120932468946,0.0
2024-07-30 10:54:00,1.0,0.0,0.07717356830036991,60.0,60.586784150184954,0.0
2024-07-30 10:55:00,1.0,0.0,0.07716471896621219,60.0,60.582359483106096,0.0
2024-07-30 10:56:00,1.0,0.0,0.07715587064678942,60.0,60.577935323394705,0.0
2024-07-30 10:57:00,1.0,0.0,0.07714702334198519,60.0,60.573511670992595,0.0
2024-07-30 10:58:00,1.0,0.0,0.0771381770516832,60.0,60.5690885258416,0.0
2024-07-30 10:59:00,1.0,0.0,0.0771293317757671,60.0,60.56466588788355,0.0
2024-07-30 11:00:00,1.0,0.0,0.07712048751412057,60.0,60.560243757060285,0.0
2024-07-30 11:01:00,1.0,0.0,0.07711164426662731,60.0,60.555822133313654,0.0
2024-07-30 11:02:00,1.0,0.0,0.07710280203317103,60.0,60.551401016585515,0.0
2024-07-30 11:03:00,1.0,0.0,0.07709396081363545,60.0,60.546980406817724,0.0
2024-07-30 11:04:00,3.0,0.0,0.07708512060790432,60.0,60.54256030395216,0.0
2024-07-30 11:05:00,1.0,0.0,0.07707628141586136,60.0,60.53814070793068,0.0
2024-07-30 11:06:00,1.0,0.0,0.07706744323739037,60.0,60.53372161869518,0.0
2024-07-30 11:07:00,1.0,0.0,0.07705860607237508,60.0,60.52930303618754,0.0
2024-07-30 11:08:00,3.0,0.0,0.07704976992069933,60.0,60.52488496034966,0.0
2024-07-30 11:09:00,3.0,0.0,0.07704093478224688,60.0,60.52046739112344,0.0
2024-07-30 11:10:00,3.0,0.0,0.07703210065690157,60.0,60.51605032845078,0.0
2024-07-30 11:11:00,3.0,0.0,0.0770232675445472,60.0,60.511633772273605,0.0
2024-07-30 11:12:00,3.0,0.0,0.07701443544506767,60.0,60.50721772253383,0.0
2024-07-30 11:13:00,3.0,0.0,0.07700560435834677,60.0,60.502802179173386,0.0
2024-07-30 11:14:00,3.0,0.0,0.07699677428426842,60.0,60.498387142134206,0.0
2024-07-30 11:15:00,3.0,0.0,0.07698794522271646,60.0,60.49397261135823,0.0
2024-07-30 11:16:00,3.0,0.0,0.07697911717357482,60.0,60.48955858678741,0.0
2024-07-30 11:17:00,3.0,0.0,0.0769702901367274,60.0,60.4851450683637,0.0
2024-07-30 11:18:00,3.0,0.0,0.0769614641120581,60.0,60.480732056029055,0.0
2024-07-30 11:19:00,3.0,0.0,0.0769526390994509,60.0,60.476319549725446,0.0
2024-07-30 11:20:00,3.0,0.0,0.0769438150987897,60.0,60.47190754939485,0.0
2024-07-30 11:21:00,3.0,0.0,0.07693499210995851,60.0,60.46749605497925,0.0
2024-07-30 11:22:00,3.0,0.0,0.07692617013284127,60.0,60.46308506642063,0.0
2024-07-30 11:23:00,3.0,0.0,0.07691734916732197,60.0,60.45867458366099,0.0
2024-07-30 11:24:00,3.0,0.0,0.07690852921328464,60.0,60.45426460664232,0.0
2024-07-30 11:25:00,3.0,0.0,0.07689971027061326,60.0,60.449855135306635,0.0
2024-07-30 11:26:00,3.0,0.0,0.0768908923391919,60.0,60.44544616959595,0.0
2024-07-30 11:27:00,3.0,0.0,0.07688207541890454,60.0,60.441037709452274,0.0
2024-07-30 11:28:00,1.0,0.0,0.0768732595096353,60.0,60.43662975481765,0.0
2024-07-30 11:29:00,1.0,0.0,0.0768644446112682,60.0,60.432222305634106,0.0
2024-07-30 11:30:00,1.0,0.0,0.07685563072368737,60.0,60.427815361843685,0.0
2024-07-30 11:31:00,1.0,0.0,0.07684681784677685,60.0,60.42340892338843,0.0
2024-07-30 11:32:00,1.0,0.0,0.0768380059804208,60.0,60.4190029902104,0.0
2024-07-30 11:33:00,1.0,0.0,0.07682919512450331,60.0,60.41459756225166,0.0
2024-07-30 11:34:00,1.0,0.0,0.07682038527890854,60.0,60.410192639454266,0.0
2024-07-30 11:35:00,1.0,0.0,0.07681157644352062,60.0,60.405788221760304,0.0
2024-07-30 11:36:00,1.0,0.0,0.0768027686182237,60.0,60.40138430911185,0.0
2024-07-30 11:37:00,1.0,0.0,0.07679396180290196,60.0,60.39698090145098,0.0
2024-07-30 11:38:00,1.0,0.0,0.07678515599743962,60.0,60.39257799871981,0.0
2024-07-30 11:39:00,1.0,0.0,0.07677635120172084,60.0,60.38817560086042,0.0
2024-07-30 11:40:00,1.0,0.0,0.07676754741562987,60.0,60.38377370781493,0.0
2024-07-30 11:41:00,1.0,0.0,0.0767587446390509,60.0,60.37937231952545,0.0
2024-07-30 11:42:00,1.0,0.0,0.07674994287186822,60.0,60.37497143593411,0.0
2024-07-30 11:43:00,1.0,0.0,0.07674114211396604,60.0,60.37057105698302,0.0
2024-07-30 11:44:00,1.0,0.0,0.07673234236522865,60.0,60.36617118261432,0.0
2024-07-30 11:45:00,1.0,0.0,0.07672354362554033,60.0,60.361771812770165,0.0
2024-07-30 11:46:00,1.0,0.0,0.07671474589478537,60.0,60.35737294739268,0.0
2024-07-30 11:47:00,1.0,0.0,0.07670594917284808,60.0,60.35297458642404,0.0
2024-07-30 11:48:00,1.0,1.92556,0.07669715345961278,60.0,60.34857672980639,1.0
2024-07-30 11:49:00,1.0,1.92556,0.0764675587549638,60.0,60.2337793774819,1.0
2024-07-30 11:50:00,1.0,0.0,0.07623799037746681,60.0,60.11899518873341,0.0
2024-07-30 11:51:00,1.0,0.0,0.07622924832410294,60.0,60.11462416205147,0.0
2024-07-30 11:52:00,1.0,0.0,0.07622050727317231,60.0,60.11025363658616,0.0
2024-07-30 11:53:00,1.0,0.0,0.07621176722456001,60.0,60.10588361228,0.0
2024-07-30 11:54:00,1.0,0.0,0.07620302817815107,60.0,60.101514089075536,0.0
2024-07-30 11:55:00,3.0,1.92556,0.0761942901338306,60.0,60.097145066915296,1.0
2024-07-30 11:56:00,3.0,1.92556,0.07596475309148366,60.0,59.98237654574183,1.0
2024-07-30 11:57:00,3.0,0.0,0.0757352423696767,60.0,59.86762118483835,0.0
2024-07-30 11:58:00,3.0,0.0,0.0757265579653916,60.0,59.863278982695796,0.0
2024-07-30 11:59:00,3.0,0.0,0.07571787455692924,60.0,59.85893727846462,0.0
2024-07-30 12:00:00,3.0,0.0,0.07570919214417546,60.0,59.85459607208773,0.0
2024-07-30 12:01:00,3.0,0.0,0.07570051072701607,60.0,59.85025536350803,0.0
2024-07-30 12:02:00,3.0,0.0,0.07569183030533691,60.0,59.845915152668454,0.0
2024-07-30 12:03:00,3.0,0.0,0.07568315087902383,60.0,59.841575439511914,0.0
2024-07-30 12:04:00,3.0,0.0,0.07567447244796269,60.0,59.83723622398134,0.0
2024-07-30 12:05:00,3.0,1.92556,0.07566579501203936,60.0,59.832897506019684,1.0
2024-07-30 12:06:00,3.0,0.0,0.07543631857113975,60.0,59.718159285569875,0.0
2024-07-30 12:07:00,3.0,11.553360000000001,0.07542766844383107,60.0,59.71383422191553,6.0
2024-07-30 12:08:00,3.0,0.0,0.07409421930841467,60.0,59.04710965420733,0.0
2024-07-30 12:09:00,3.0,0.0,0.07408572307686473,60.0,59.04286153843236,0.0
2024-07-30 12:10:00,3.0,0.0,0.07407722781956017,60.0,59.03861390978008,0.0
2024-07-30 12:11:00,3.0,11.553360000000001,0.07406873353638926,60.0,59.03436676819463,6.0
2024-07-30 12:12:00,3.0,0.0,0.07273544022724032,60.0,58.36772011362016,0.0
2024-07-30 12:13:00,3.0,0.0,0.0728991017152219,60.0,58.44955085761095,0.0
2024-07-30 12:14:00,3.0,0.0,0.07306274443647769,60.0,58.53137221823884,0.0
2024-07-30 12:15:00,3.0,0.0,0.0732263683931596,60.0,58.6131841965798,0.0
2024-07-30 12:16:00,3.0,0.0,0.07338997358741935,60.0,58.694986793709674,0.0
2024-07-30 12:17:00,3.0,0.0,0.07355356002140838,60.0,58.77678001070419,0.0
2024-07-30 12:18:00,3.0,0.0,0.07371712769727788,60.0,58.85856384863894,0.0
2024-07-30 12:19:00,1.0,0.0,0.07388067661717881,60.0,58.9403383085894,0.0
2024-07-30 12:20:00,1.0,0.0,0.07404420678326189,60.0,59.02210339163094,0.0
2024-07-30 12:21:00,1.0,0.0,0.07420771819767756,60.0,59.10385909883878,0.0
2024-07-30 12:22:00,1.0,0.0,0.07437121086257606,60.0,59.18560543128803,0.0
2024-07-30 12:23:00,1.0,0.0,0.07453468478010736,60.0,59.26734239005368,0.0
2024-07-30 12:24:00,1.0,0.0,0.07469813995242114,60.0,59.34906997621057,0.0
2024-07-30 12:25:00,1.0,0.0,0.07486157638166692,60.0,59.43078819083346,0.0
2024-07-30 12:26:00,1.0,0.0,0.07502499406999392,60.0,59.51249703499696,0.0
2024-07-30 12:27:00,1.0,0.0,0.07518839301955112,60.0,59.59419650977556,0.0
2024-07-30 12:28:00,1.0,0.0,0.07535177323248723,60.0,59.675886616243616,0.0
2024-07-30 12:29:00,1.0,0.0,0.07551513471095078,60.0,59.75756735547539,0.0
2024-07-30 12:30:00,1.0,0.0,0.07567847745708998,60.0,59.83923872854499,0.0
2024-07-30 12:31:00,1.0,0.0,0.07584180147305286,60.0,59.92090073652643,0.0
2024-07-30 12:32:00,1.0,0.0,0.07600510676098715,60.0,60.00255338049357,0.0
2024-07-30 12:33:00,1.0,0.0,0.07616839332304035,60.0,60.084196661520174,0.0
2024-07-30 12:34:00,1.0,1.92556,0.07633166116135974,60.0,60.16583058067987,1.0
2024-07-30 12:35:00,1.0,1.92556,0.0762741102780923,60.0,60.137055139046154,1.0
2024-07-30 12:36:00,1.0,0.0,0.07621656599406616,60.0,60.10828299703308,0.0
2024-07-30 12:37:00,1.0,0.0,0.07637982830852455,60.0,60.189914154262276,0.0
2024-07-30 12:38:00,1.0,11.553360000000001,0.07654307190202955,60.0,60.271535951014776,6.0
2024-07-30 12:39:00,1.0,0.0,0.07538149677672784,60.0,59.69074838836392,0.0
2024-07-30 12:40:00,1.0,0.0,0.07554485484685378,60.0,59.77242742342689,0.0
2024-07-30 12:41:00,1.0,0.0,0.07570819418504621,60.0,59.854097092523105,0.0
2024-07-30 12:42:00,1.0,0.0,0.0758715147934531,60.0,59.935757396726544,0.0
2024-07-30 12:43:00,1.0,0.0,0.07603481667422211,60.0,60.01740833711106,0.0
2024-07-30 12:44:00,1.0,0.0,0.07619809982950075,60.0,60.099049914750374,0.0
2024-07-30 12:45:00,1.0,0.0,0.07636136426143621,60.0,60.180682130718104,0.0
2024-07-30 12:46:00,1.0,0.0,0.07652460997217546,60.0,60.26230498608773,0.0
2024-07-30 12:47:00,1.0,0.0,0.07668783696386522,60.0,60.34391848193261,0.0
2024-07-30 12:48:00,1.0,0.0,0.07685104523865198,60.0,60.42552261932599,0.0
2024-07-30 12:49:00,1.0,0.0,0.07701423479868194,60.0,60.50711739934097,0.0
2024-07-30 12:50:00,1.0,0.0,0.07717740564610111,60.0,60.58870282305055,0.0
2024-07-30 12:51:00,1.0,0.0,0.07734055778305521,60.0,60.6702788915276,0.0
2024-07-30 12:52:00,3.0,11.553360000000001,0.07750369121168973,60.0,60.75184560584486,6.0
2024-07-30 12:53:00,3.0,11.553360000000001,0.07634200593414993,60.0,60.17100296707496,6.0
2024-07-30 12:54:00,3.0,0.0,0.0751804538646687,60.0,59.59022693233435,0.0
2024-07-30 12:55:00,3.0,0.0,0.07534383498797138,60.0,59.67191749398569,0.0
2024-07-30 12:56:00,3.0,0.0,0.07550719737669707,60.0,59.75359868834854,0.0
2024-07-30 12:57:00,3.0,11.553360000000001,0.07567054103299407,60.0,59.83527051649703,6.0
2024-07-30 12:58:00,3.0,0.0,0.07450906595901034,60.0,59.25453297950517,0.0
2024-07-30 12:59:00,3.0,0.0,0.0746725240689816,60.0,59.3362620344908,0.0
2024-07-30 13:00:00,3.0,0.0,0.07483596343554798,60.0,59.41798171777399,0.0
2024-07-30 13:01:00,3.0,0.0,0.07499938406085876,60.0,59.49969203042938,0.0
2024-07-30 13:02:00,3.0,0.0,0.07516278594706297,60.0,59.58139297353148,0.0
2024-07-30 13:03:00,3.0,1.92556,0.07532616909630936,60.0,59.66308454815468,1.0
2024-07-30 13:04:00,3.0,0.0,0.07526873351074648,60.0,59.634366755373236,0.0
2024-07-30 13:05:00,3.0,0.0,0.07543210451120391,60.0,59.71605225560196,0.0
2024-07-30 13:06:00,3.0,0.0,0.07559545677824515,60.0,59.797728389122575,0.0
2024-07-30 13:07:00,3.0,0.0,0.07575879031401832,60.0,59.87939515700916,0.0
2024-07-30 13:08:00,3.0,0.0,0.07592210512067127,60.0,59.96105256033563,0.0
2024-07-30 13:09:00,3.0,0.0,0.07608540120035164,60.0,60.04270060017582,0.0
2024-07-30 13:10:00,3.0,0.0,0.07624867855520684,60.0,60.12433927760342,0.0
2024-07-30 13:11:00,3.0,0.0,0.07641193718738397,60.0,60.205968593691985,0.0
2024-07-30 13:12:00,3.0,0.0,0.07657517709902995,60.0,60.28758854951497,0.0
2024-07-30 13:13:00,3.0,0.0,0.07673839829229141,60.0,60.369199146145704,0.0
2024-07-30 13:14:00,3.0,0.0,0.07690160076931474,60.0,60.45080038465737,0.0
2024-07-30 13:15:00,3.0,0.0,0.0770647845322461,60.0,60.532392266123054,0.0
2024-07-30 13:16:00,3.0,0.0,0.07722794958323143,60.0,60.61397479161571,0.0
2024-07-30 13:17:00,3.0,0.0,0.07739109592441634,60.0,60.69554796220817,0.0
2024-07-30 13:18:00,3.0,0.0,0.07755422355794626,60.0,60.77711177897313,0.0
2024-07-30 13:19:00,3.0,1.92556,0.07771733248596636,60.0,60.85866624298318,1.0
2024-07-30 13:20:00,3.0,1.92556,0.07765962271062157,60.0,60.82981135531079,1.0
2024-07-30 13:21:00,3.0,0.0,0.0776019195527379,60.0,60.80095977636895,0.0
2024-07-30 13:22:00,3.0,0.0,0.07776502301155651,60.0,60.882511505778254,0.0
2024-07-30 13:23:00,3.0,0.0,0.07792810776763735,60.0,60.96405388381868,0.0
2024-07-30 13:24:00,3.0,0.0,0.07809117382312507,60.0,61.04558691156253,0.0
2024-07-30 13:25:00,3.0,0.0,0.07808221926903162,60.0,61.04110963451581,0.0
2024-07-30 13:26:00,3.0,0.0,0.07807326574173847,60.0,61.036632870869234,0.0
2024-07-30 13:27:00,3.0,0.0,0.07806431324112785,60.0,61.032156620563924,0.0
2024-07-30 13:28:00,3.0,0.0,0.07805536176708205,60.0,61.027680883541024,0.0
2024-07-30 13:29:00,3.0,0.0,0.07804641131948334,60.0,61.02320565974167,0.0
2024-07-30 13:30:00,3.0,0.0,0.07803746189821402,60.0,61.01873094910701,0.0
2024-07-30 13:31:00,3.0,0.0,0.07802851350315641,60.0,61.01425675157821,0.0
2024-07-30 13:32:00,3.0,0.0,0.07801956613419285,60.0,61.00978306709642,0.0
2024-07-30 13:33:00,3.0,0.0,0.07801061979120565,60.0,61.00530989560282,0.0
2024-07-30 13:34:00,3.0,0.0,0.07800167447407717,60.0,61.00083723703859,0.0
2024-07-30 13:35:00,1.0,0.0,0.0779927301826898,60.0,60.9963650913449,0.0
2024-07-30 13:36:00,1.0,0.0,0.0779837869169259,60.0,60.99189345846295,0.0
2024-07-30 13:37:00,1.0,0.0,0.07797484467666786,60.0,60.98742233833393,0.0
2024-07-30 13:38:00,1.0,0.0,0.0779659034617981,60.0,60.98295173089905,0.0
2024-07-30 13:39:00,1.0,0.0,0.07795696327219905,60.0,60.978481636099524,0.0
2024-07-30 13:40:00,1.0,0.0,0.07794802410775312,60.0,60.97401205387656,0.0
2024-07-30 13:41:00,1.0,0.0,0.07793908596834277,60.0,60.96954298417138,0.0
2024-07-30 13:42:00,1.0,0.0,0.07793014885385045,60.0,60.96507442692523,0.0
2024-07-30 13:43:00,1.0,0.0,0.07792121276415867,60.0,60.960606382079334,0.0
2024-07-30 13:44:00,1.0,0.0,0.07791227769914988,60.0,60.95613884957494,0.0
2024-07-30 13:45:00,1.0,0.0,0.0779033436587066,60.0,60.9516718293533,0.0
2024-07-30 13:46:00,1.0,0.0,0.07789441064271134,60.0,60.94720532135567,0.0
2024-07-30 13:47:00,1.0,0.0,0.07788547865104663,60.0,60.94273932552331,0.0
2024-07-30 13:48:00,1.0,0.0,0.077876547683595,60.0,60.9382738417975,0.0
2024-07-30 13:49:00,1.0,0.0,0.07786761774023902,60.0,60.93380887011951,0.0
2024-07-30 13:50:00,1.0,0.0,0.07785868882086126,60.0,60.92934441043063,0.0
2024-07-30 13:51:00,1.0,0.0,0.0778497609253443,60.0,60.92488046267215,0.0
2024-07-30 13:52:00,1.0,0.0,0.07784083405357073,60.0,60.920417026785366,0.0
2024-07-30 13:53:00,1.0,1.92556,0.07783190820542317,60.0,60.91595410271158,1.0
2024-07-30 13:54:00,1.0,1.92556,0.07760218338078423,60.0,60.80109169039211,1.0
2024-07-30 13:55:00,1.0,0.0,0.07737248489821787,60.0,60.68624244910893,0.0
2024-07-30 13:56:00,3.0,0.0,0.07736361275470349,60.0,60.68180637735175,0.0
2024-07-30 13:57:00,3.0,0.0,0.07735474162853956,60.0,60.67737081426978,0.0
2024-07-30 13:58:00,3.0,0.0,0.0773458715196094,60.0,60.672935759804695,0.0
2024-07-30 13:59:00,1.0,0.0,0.07733700242779636,60.0,60.668501213898175,0.0
2024-07-30 14:00:00,1.0,0.0,0.0773281343529838,60.0,60.6640671764919,0.0
2024-07-30 14:01:00,1.0,0.0,0.07731926729505513,60.0,60.65963364752756,0.0
2024-07-30 14:02:00,1.0,0.0,0.07731040125389373,60.0,60.655200626946865,0.0
2024-07-30 14:03:00,1.0,0.0,0.07730153622938302,60.0,60.65076811469151,0.0
2024-07-30 14:04:00,1.0,0.0,0.07729267222140641,60.0,60.6463361107032,0.0
2024-07-30 14:05:00,3.0,0.0,0.07728380922984733,60.0,60.64190461492367,0.0
2024-07-30 14:06:00,3.0,0.0,0.07727494725458925,60.0,60.637473627294625,0.0
2024-07-30 14:07:00,3.0,0.0,0.07726608629551562,60.0,60.63304314775781,0.0
2024-07-30 14:08:00,3.0,0.0,0.07725722635250992,60.0,60.62861317625496,0.0
2024-07-30 14:09:00,3.0,0.0,0.07724836742545564,60.0,60.62418371272782,0.0
2024-07-30 14:10:00,3.0,0.0,0.07723950951423629,60.0,60.619754757118145,0.0
2024-07-30 14:11:00,3.0,0.0,0.07723065261873538,60.0,60.61532630936769,0.0
2024-07-30 14:12:00,3.0,0.0,0.07722179673883643,60.0,60.610898369418216,0.0
2024-07-30 14:13:00,3.0,0.0,0.077212941874423,60.0,60.6064709372115,0.0
2024-07-30 14:14:00,3.0,0.0,0.07720408802537862,60.0,60.60204401268931,0.0
2024-07-30 14:15:00,3.0,0.0,0.07719523519158689,60.0,60.597617595793444,0.0
2024-07-30 14:16:00,3.0,0.0,0.07718638337293138,60.0,60.59319168646569,0.0
2024-07-30 14:17:00,3.0,0.0,0.07717753256929567,60.0,60.58876628464784,0.0
2024-07-30 14:18:00,3.0,0.0,0.07716868278056342,60.0,60.58434139028171,0.0
2024-07-30 14:19:00,3.0,0.0,0.0771598340066182,60.0,60.5799170033091,0.0
2024-07-30 14:20:00,3.0,0.0,0.07715098624734366,60.0,60.57549312367183,0.0
2024-07-30 14:21:00,3.0,0.0,0.07714213950262348,60.0,60.57106975131174,0.0
2024-07-30 14:22:00,3.0,0.0,0.0771332937723413,60.0,60.566646886170645,0.0
2024-07-30 14:23:00,3.0,0.0,0.07712444905638077,60.0,60.562224528190384,0.0
2024-07-30 14:24:00,3.0,0.0,0.07711560535462561,60.0,60.55780267731281,0.0
2024-07-30 14:25:00,3.0,0.0,0.07710676266695952,60.0,60.55338133347976,0.0
2024-07-30 14:26:00,3.0,0.0,0.07709792099326623,60.0,60.548960496633114,0.0
2024-07-30 14:27:00,3.0,0.0,0.07708908033342945,60.0,60.544540166714725,0.0
2024-07-30 14:28:00,3.0,0.0,0.07708024068733293,60.0,60.540120343666466,0.0
2024-07-30 14:29:00,3.0,0.0,0.07707140205486043,60.0,60.535701027430214,0.0
2024-07-30 14:30:00,3.0,0.0,0.07706256443589571,60.0,60.531282217947854,0.0
2024-07-30 14:31:00,3.0,0.0,0.07705372783032256,60.0,60.52686391516128,0.0
2024-07-30 14:32:00,3.0,0.0,0.07704489223802477,60.0,60.522446119012386,0.0
2024-07-30 14:33:00,3.0,0.0,0.07703605765888616,60.0,60.518028829443075,0.0
2024-07-30 14:34:00,3.0,0.0,0.07702722409279053,60.0,60.51361204639527,0.0
2024-07-30 14:35:00,3.0,0.0,0.07701839153962174,60.0,60.50919576981087,0.0
2024-07-30 14:36:00,3.0,0.0,0.07700955999926365,60.0,60.50477999963182,0.0
2024-07-30 14:37:00,3.0,1.92556,0.07700072947160008,60.0,60.50036473580004,1.0
2024-07-30 14:38:00,1.0,0.0,0.07677109995651495,60.0,60.38554997825747,0.0
2024-07-30 14:39:00,1.0,0.0,0.07676229677257346,60.0,60.381148386286725,0.0
2024-07-30 14:40:00,1.0,0.0,0.07675349459807493,60.0,60.37674729903746,0.0
2024-07-30 14:41:00,1.0,0.0,0.07674469343290362,60.0,60.37234671645181,0.0
2024-07-30 14:42:00,1.0,0.0,0.0767358932769438,60.0,60.3679466384719,0.0
2024-07-30 14:43:00,1.0,0.0,0.07672709413007975,60.0,60.363547065039874,0.0
2024-07-30 14:44:00,1.0,0.0,0.07671829599219575,60.0,60.359147996097875,0.0
2024-07-30 14:45:00,1.0,0.0,0.0767094988631761,60.0,60.35474943158805,0.0
2024-07-30 14:46:00,1.0,0.0,0.07670070274290511,60.0,60.350351371452554,0.0
2024-07-30 14:47:00,1.0,0.0,0.07669190763126713,60.0,60.345953815633564,0.0
2024-07-30 14:48:00,1.0,0.0,0.0766831135281465,60.0,60.341556764073246,0.0
2024-07-30 14:49:00,1.0,0.0,0.07667432043342753,60.0,60.33716021671377,0.0
2024-07-30 14:50:00,1.0,0.0,0.07666552834699467,60.0,60.33276417349733,0.0
2024-07-30 14:51:00,1.0,0.0,0.07665673726873223,60.0,60.328368634366115,0.0
2024-07-30 14:52:00,1.0,0.0,0.07664794719852464,60.0,60.32397359926232,0.0
2024-07-30 14:53:00,1.0,0.0,0.07663915813625628,60.0,60.31957906812814,0.0
2024-07-30 14:54:00,1.0,0.0,0.0766303700818116,60.0,60.3151850409058,0.0
2024-07-30 14:55:00,1.0,0.0,0.07662158303507503,60.0,60.31079151753752,0.0
2024-07-30 14:56:00,1.0,0.0,0.07661279699593103,60.0,60.30639849796551,0.0
2024-07-30 14:57:00,1.0,0.0,0.07660401196426402,60.0,60.30200598213201,0.0
2024-07-30 14:58:00,1.0,0.0,0.0765952279399585,60.0,60.29761396997925,0.0
2024-07-30 14:59:00,1.0,0.0,0.07658644492289898,60.0,60.29322246144949,0.0
2024-07-30 15:00:00,1.0,0.0,0.07657766291296993,60.0,60.288831456484964,0.0
2024-07-30 15:01:00,1.0,0.0,0.07656888191005588,60.0,60.28444095502794,0.0
2024-07-30 15:02:00,3.0,11.553360000000001,0.07656010191404136,60.0,60.28005095702068,6.0
2024-07-30 15:03:00,3.0,0.0,0.07522652292481088,60.0,59.61326146240544,0.0
2024-07-30 15:04:00,3.0,0.0,0.07521789685433694,60.0,59.60894842716847,0.0
2024-07-30 15:05:00,3.0,0.0,0.07520927177299674,60.0,59.60463588649837,0.0
2024-07-30 15:06:00,3.0,0.0,0.07520064768067686,60.0,59.600323840338426,0.0
2024-07-30 15:07:00,3.0,0.0,0.07519202457726389,60.0,59.59601228863194,0.0
2024-07-30 15:08:00,3.0,0.0,0.0751834024626444,60.0,59.591701231322205,0.0
2024-07-30 15:09:00,3.0,0.0,0.07517478133670506,60.0,59.58739066835253,0.0
2024-07-30 15:10:00,3.0,0.0,0.07516616119933249,60.0,59.583080599666246,0.0
2024-07-30 15:11:00,1.0,0.0,0.07515754205041332,60.0,59.578771025206656,0.0
2024-07-30 15:12:00,1.0,0.0,0.0751489238898342,60.0,59.5744619449171,0.0
2024-07-30 15:13:00,1.0,0.0,0.07514030671748181,60.0,59.5701533587409,0.0
2024-07-30 15:14:00,1.0,0.0,0.07513169053324283,60.0,59.56584526662141,0.0
2024-07-30 15:15:00,1.0,0.0,0.07512307533700394,60.0,59.56153766850197,0.0
2024-07-30 15:16:00,1.0,0.0,0.07511446112865187,60.0,59.557230564325934,0.0
2024-07-30 15:17:00,1.0,0.0,0.07510584790807333,60.0,59.552923954036665,0.0
2024-07-30 15:18:00,1.0,0.0,0.07509723567515507,60.0,59.54861783757753,0.0
2024-07-30 15:19:00,1.0,0.0,0.07508862442978381,60.0,59.5443122148919,0.0
2024-07-30 15:20:00,3.0,0.0,0.07508001417184633,60.0,59.540007085923165,0.0
2024-07-30 15:21:00,3.0,0.0,0.0750714049012294,60.0,59.5357024506147,0.0
2024-07-30 15:22:00,3.0,0.0,0.0750627966178198,60.0,59.5313983089099,0.0
2024-07-30 15:23:00,3.0,0.0,0.07505418932150433,60.0,59.52709466075216,0.0
2024-07-30 15:24:00,3.0,0.0,0.0750455830121698,60.0,59.5227915060849,0.0
2024-07-30 15:25:00,3.0,0.0,0.07503697768970305,60.0,59.518488844851525,0.0
2024-07-30 15:26:00,3.0,0.0,0.0750283733539909,60.0,59.51418667699545,0.0
2024-07-30 15:27:00,3.0,0.0,0.0750197700049202,60.0,59.5098850024601,0.0
2024-07-30 15:28:00,3.0,0.0,0.07501116764237784,60.0,59.505583821188914,0.0
2024-07-30 15:29:00,3.0,0.0,0.07500256626625065,60.0,59.50128313312533,0.0
2024-07-30 15:30:00,3.0,0.0,0.07499396587642558,60.0,59.49698293821279,0.0
2024-07-30 15:31:00,3.0,0.0,0.07498536647278949,60.0,59.49268323639474,0.0
2024-07-30 15:32:00,3.0,0.0,0.0749767680552293,60.0,59.48838402761465,0.0
2024-07-30 15:33:00,3.0,0.0,0.07496817062363195,60.0,59.484085311815974,0.0
2024-07-30 15:34:00,3.0,0.0,0.07495957417788437,60.0,59.47978708894219,0.0
2024-07-30 15:35:00,3.0,0.0,0.07495097871787354,60.0,59.47548935893677,0.0
2024-07-30 15:36:00,3.0,0.0,0.0749423842434864,60.0,59.4711921217432,0.0
2024-07-30 15:37:00,3.0,0.0,0.07493379075460994,60.0,59.46689537730497,0.0
2024-07-30 15:38:00,3.0,0.0,0.07492519825113116,60.0,59.462599125565575,0.0
2024-07-30 15:39:00,3.0,0.0,0.07491660673293704,60.0,59.45830336646852,0.0
2024-07-30 15:40:00,3.0,0.0,0.07490801619991463,60.0,59.45400809995731,0.0
2024-07-30 15:41:00,3.0,0.0,0.07489942665195094,60.0,59.44971332597547,0.0
2024-07-30 15:42:00,3.0,0.0,0.07489083808893306,60.0,59.445419044466526,0.0
2024-07-30 15:43:00,3.0,0.0,0.07488225051074798,60.0,59.44112525537399,0.0
2024-07-30 15:44:00,1.0,0.0,0.07487366391728283,60.0,59.43683195864141,0.0
2024-07-30 15:45:00,1.0,0.0,0.07486507830842466,60.0,59.43253915421233,0.0
2024-07-30 15:46:00,1.0,0.0,0.07485649368406058,60.0,59.42824684203029,0.0
2024-07-30 15:47:00,1.0,0.0,0.07484791004407769,60.0,59.42395502203885,0.0
2024-07-30 15:48:00,1.0,0.0,0.07483932738836313,60.0,59.419663694181565,0.0
2024-07-30 15:49:00,1.0,0.0,0.07483074571680404,60.0,59.415372858402016,0.0
2024-07-30 15:50:00,1.0,0.0,0.07482216502928754,60.0,59.411082514643766,0.0
2024-07-30 15:51:00,1.0,0.0,0.0748135853257008,60.0,59.4067926628504,0.0
2024-07-30 15:52:00,1.0,0.0,0.07480500660593102,60.0,59.402503302965506,0.0
2024-07-30 15:53:00,1.0,0.0,0.07479642886986536,60.0,59.398214434932676,0.0
2024-07-30 15:54:00,1.0,0.0,0.07478785211739103,60.0,59.39392605869551,0.0
2024-07-30 15:55:00,1.0,0.0,0.07477927634839525,60.0,59.38963817419762,0.0
2024-07-30 15:56:00,1.0,0.0,0.07477070156276523,60.0,59.38535078138261,0.0
2024-07-30 15:57:00,1.0,11.553360000000001,0.07476212776038822,60.0,59.38106388019411,6.0
2024-07-30 15:58:00,1.0,0.0,0.07342875494115149,60.0,58.71437747057574,0.0
2024-07-30 15:59:00,1.0,0.0,0.07359233692816253,60.0,58.79616846408126,0.0
2024-07-30 16:00:00,1.0,0.0,0.07375590015756397,60.0,58.877950078781986,0.0
2024-07-30 16:01:00,1.0,0.0,0.07391944463150672,60.0,58.95972231575336,0.0
2024-07-30 16:02:00,1.0,0.0,0.07408297035214143,60.0,59.041485176070715,0.0
2024-07-30 16:03:00,1.0,0.0,0.07424647732161849,60.0,59.12323866080924,0.0
2024-07-30 16:04:00,1.0,0.0,0.07440996554208806,60.0,59.20498277104403,0.0
2024-07-30 16:05:00,1.0,11.553360000000001,0.07457343501570006,60.0,59.28671750785003,6.0
2024-07-30 16:06:00,1.0,11.553360000000001,0.07341208574460413,60.0,58.70604287230206,6.0
2024-07-30 16:07:00,1.0,0.0,0.07225086964303762,60.0,58.12543482151881,0.0
2024-07-30 16:08:00,1.0,0.0,0.07241458669573025,60.0,58.207293347865125,0.0
2024-07-30 16:09:00,1.0,0.0,0.07257828497532558,60.0,58.28914248766279,0.0
2024-07-30 16:10:00,1.0,0.0,0.07274196448397628,60.0,58.37098224198814,0.0
2024-07-30 16:11:00,1.0,0.0,0.07290562522383477,60.0,58.45281261191739,0.0
2024-07-30 16:12:00,1.0,0.0,0.07306926719705326,60.0,58.534633598526625,0.0
2024-07-30 16:13:00,1.0,0.0,0.07323289040578364,60.0,58.61644520289182,0.0
2024-07-30 16:14:00,1.0,0.0,0.07339649485217763,60.0,58.69824742608881,0.0
2024-07-30 16:15:00,1.0,0.0,0.07356008053838664,60.0,58.78004026919332,0.0
2024-07-30 16:16:00,1.0,0.0,0.07372364746656189,60.0,58.86182373328094,0.0
2024-07-30 16:17:00,1.0,1.92556,0.07388719563885429,60.0,58.94359781942715,1.0
2024-07-30 16:18:00,1.0,1.92556,0.07382992505741459,60.0,58.91496252870729,1.0
2024-07-30 16:19:00,1.0,0.0,0.0737726610430745,60.0,58.88633052153725,0.0
2024-07-30 16:20:00,1.0,0.0,0.07393620359508105,60.0,58.96810179754052,0.0
2024-07-30 16:21:00,1.0,0.0,0.0740997273939999,60.0,59.04986369699995,0.0
2024-07-30 16:22:00,1.0,0.0,0.07426323244198148,60.0,59.131616220990736,0.0
2024-07-30 16:23:00,1.0,0.0,0.07442671874117589,60.0,59.213359370587945,0.0
2024-07-30 16:24:00,1.0,0.0,0.07459018629373304,60.0,59.29509314686652,0.0
2024-07-30 16:25:00,1.0,0.0,0.07475363510180257,60.0,59.37681755090128,0.0
2024-07-30 16:26:00,1.0,0.0,0.07491706516753384,60.0,59.45853258376692,0.0
2024-07-30 16:27:00,1.0,0.0,0.07508047649307602,60.0,59.54023824653801,0.0
2024-07-30 16:28:00,1.0,0.0,0.07524386908057801,60.0,59.621934540289004,0.0
2024-07-30 16:29:00,1.0,1.92556,0.07540724293218845,60.0,59.703621466094226,1.0
2024-07-30 16:30:00,1.0,0.0,0.07534979805005577,60.0,59.674899025027884,0.0
2024-07-30 16:31:00,1.0,0.0,0.07551315975500941,60.0,59.756579877504706,0.0
2024-07-30 16:32:00,1.0,0.0,0.07567650272761275,60.0,59.83825136380638,0.0
2024-07-30 16:33:00,1.0,0.0,0.07583982697001379,60.0,59.919913485006894,0.0
2024-07-30 16:34:00,1.0,0.0,0.07600313248436028,60.0,60.00156624218014,0.0
2024-07-30 16:35:00,1.0,0.0,0.07616641927279971,60.0,60.08320963639986,0.0
2024-07-30 16:36:00,1.0,0.0,0.07632968733747937,60.0,60.164843668739685,0.0
2024-07-30 16:37:00,1.0,0.0,0.07649293668054627,60.0,60.24646834027313,0.0
2024-07-30 16:38:00,1.0,0.0,0.07665616730414716,60.0,60.32808365207358,0.0
2024-07-30 16:39:00,1.0,0.0,0.07681937921042858,60.0,60.40968960521429,0.0
2024-07-30 16:40:00,1.0,0.0,0.0769825724015368,60.0,60.4912862007684,0.0
2024-07-30 16:41:00,1.0,0.0,0.07714574687961785,60.0,60.57287343980892,0.0
2024-07-30 16:42:00,1.0,0.0,0.0773089026468175,60.0,60.65445132340875,0.0
2024-07-30 16:43:00,1.0,0.0,0.07747203970528133,60.0,60.73601985264066,0.0
2024-07-30 16:44:00,1.0,0.0,0.07763515805715458,60.0,60.81757902857729,0.0
2024-07-30 16:45:00,1.0,0.0,0.07779825770458235,60.0,60.89912885229117,0.0
2024-07-30 16:46:00,1.0,0.0,0.07796133864970939,60.0,60.980669324854695,0.0
2024-07-30 16:47:00,1.0,0.0,0.07812440089468028,60.0,61.06220044734014,0.0
2024-07-30 16:48:00,1.0,0.0,0.07811544253050696,60.0,61.057721265253484,0.0
2024-07-30 16:49:00,1.0,0.0,0.07810648519357083,60.0,61.05324259678542,0.0
2024-07-30 16:50:00,1.0,0.0,0.07809752888375408,60.0,61.04876444187704,0.0
2024-07-30 16:51:00,1.0,0.0,0.07808857360093893,60.0,61.044286800469465,0.0
2024-07-30 16:52:00,1.0,0.0,0.07807961934500764,60.0,61.039809672503814,0.0
2024-07-30 16:53:00,1.0,0.0,0.07807066611584242,60.0,61.03533305792121,0.0
2024-07-30 16:54:00,1.0,0.0,0.07806171391332554,60.0,61.030856956662774,0.0
2024-07-30 16:55:00,1.0,0.0,0.07805276273733931,60.0,61.026381368669654,0.0
2024-07-30 16:56:00,1.0,0.0,0.07804381258776599,60.0,61.02190629388299,0.0
2024-07-30 16:57:00,1.0,0.0,0.07803486346448789,60.0,61.01743173224394,0.0
2024-07-30 16:58:00,1.0,0.0,0.07802591536738733,60.0,61.012957683693664,0.0
2024-07-30 16:59:00,1.0,0.0,0.07801696829634663,60.0,61.008484148173316,0.0
2024-07-30 17:00:00,1.0,0.0,0.07800802225124816,60.0,61.004011125624075,0.0
2024-07-30 17:01:00,1.0,0.0,0.07799907723197425,60.0,60.99953861598712,0.0
2024-07-30 17:02:00,1.0,0.0,0.07799013323840727,60.0,60.995066619203634,0.0
2024-07-30 17:03:00,1.0,0.0,0.07798119027042963,60.0,60.99059513521481,0.0
2024-07-30 17:04:00,1.0,0.0,0.0779722483279237,60.0,60.98612416396185,0.0
2024-07-30 17:05:00,1.0,0.0,0.07796330741077191,60.0,60.98165370538595,0.0
2024-07-30 17:06:00,1.0,0.0,0.07795436751885668,60.0,60.977183759428335,0.0
2024-07-30 17:07:00,1.0,0.0,0.07794542865206043,60.0,60.972714326030214,0.0
2024-07-30 17:08:00,1.0,0.0,0.07793649081026564,60.0,60.96824540513282,0.0
2024-07-30 17:09:00,1.0,1.92556,0.07792755399335477,60.0,60.96377699667738,1.0
2024-07-30 17:10:00,1.0,0.0,0.07769781820121029,60.0,60.84890910060514,0.0
2024-07-30 17:11:00,1.0,0.0,0.07768890875239601,60.0,60.844454376198,0.0
2024-07-30 17:12:00,1.0,0.0,0.07768000032520987,60.0,60.84000016260494,0.0
2024-07-30 17:13:00,1.0,0.0,0.07767109291953475,60.0,60.83554645976737,0.0
2024-07-30 17:14:00,1.0,1.92556,0.07766218653525349,60.0,60.83109326762674,1.0
2024-07-30 17:15:00,1.0,1.92556,0.07743248117224896,60.0,60.71624058612448,1.0
2024-07-30 17:16:00,1.0,0.0,0.07720280214908538,60.0,60.60140107454269,0.0
2024-07-30 17:17:00,1.0,0.0,0.07719394946274244,60.0,60.59697473137122,0.0
2024-07-30 17:18:00,1.0,1.92556,0.07718509779151882,60.0,60.59254889575941,1.0
2024-07-30 17:19:00,1.0,0.0,0.0769554471352981,60.0,60.47772356764905,0.0
2024-07-30 17:20:00,1.0,0.0,0.07694662281264524,60.0,60.473311406322615,0.0
2024-07-30 17:21:00,1.0,0.0,0.07693779950185926,60.0,60.46889975092963,0.0
2024-07-30 17:22:00,1.0,0.0,0.07692897720282417,60.0,60.464488601412086,0.0
2024-07-30 17:23:00,1.0,0.0,0.07692015591542395,60.0,60.460077957711974,0.0
2024-07-30 17:24:00,1.0,0.0,0.07691133563954258,60.0,60.45566781977129,0.0
2024-07-30 17:25:00,1.0,0.0,0.0769025163750641,60.0,60.45125818753205,0.0
2024-07-30 17:26:00,1.0,0.0,0.07689369812187251,60.0,60.44684906093625,0.0
2024-07-30 17:27:00,1.0,0.0,0.07688488087985183,60.0,60.44244043992592,0.0
2024-07-30 17:28:00,1.0,0.0,0.07687606464888616,60.0,60.43803232444308,0.0
2024-07-30 17:29:00,1.0,0.0,0.07686724942885953,60.0,60.43362471442976,0.0
2024-07-30 17:30:00,1.0,0.0,0.07685843521965602,60.0,60.42921760982801,0.0
2024-07-30 17:31:00,1.0,0.0,0.07684962202115973,60.0,60.424811010579866,0.0
2024-07-30 17:32:00,1.0,0.0,0.07684080983325477,60.0,60.42040491662738,0.0
2024-07-30 17:33:00,1.0,0.0,0.07683199865582524,60.0,60.41599932791262,0.0
2024-07-30 17:34:00,1.0,0.0,0.0768231884887553,60.0,60.411594244377646,0.0
2024-07-30 17:35:00,1.0,0.0,0.07681437933192906,60.0,60.40718966596453,0.0
2024-07-30 17:36:00,1.0,0.0,0.07680557118523071,60.0,60.40278559261535,0.0
2024-07-30 17:37:00,1.0,0.0,0.0767967640485444,60.0,60.398382024272195,0.0
2024-07-30 17:38:00,3.0,0.0,0.0767879579217543,60.0,60.39397896087715,0.0
2024-07-30 17:39:00,3.0,0.0,0.07677915280474464,60.0,60.38957640237232,0.0
2024-07-30 17:40:00,3.0,0.0,0.07677034869739961,60.0,60.385174348699806,0.0
2024-07-30 17:41:00,3.0,0.0,0.07676154559960345,60.0,60.380772799801726,0.0
2024-07-30 17:42:00,3.0,0.0,0.07675274351124038,60.0,60.37637175562019,0.0
2024-07-30 17:43:00,3.0,0.0,0.07674394243219466,60.0,60.37197121609733,0.0
2024-07-30 17:44:00,3.0,0.0,0.07673514236235054,60.0,60.36757118117527,0.0
2024-07-30 17:45:00,3.0,0.0,0.07672634330159232,60.0,60.36317165079616,0.0
2024-07-30 17:46:00,3.0,0.0,0.07671754524980427,60.0,60.35877262490214,0.0
2024-07-30 17:47:00,3.0,0.0,0.07670874820687071,60.0,60.354374103435354,0.0
2024-07-30 17:48:00,3.0,1.92556,0.07669995217267593,60.0,60.34997608633797,1.0
2024-07-30 17:49:00,3.0,0.0,0.07647035714710429,60.0,60.23517857355215,0.0
2024-07-30 17:50:00,3.0,0.0,0.07646158844872145,60.0,60.23079422436072,0.0
2024-07-30 17:51:00,3.0,0.0,0.07645282075582718,60.0,60.22641037791359,0.0
2024-07-30 17:52:00,3.0,0.0,0.0764440540683062,60.0,60.2220270341531,0.0
2024-07-30 17:53:00,3.0,0.0,0.07643528838604323,60.0,60.21764419302161,0.0
2024-07-30 17:54:00,3.0,0.0,0.07642652370892299,60.0,60.21326185446149,0.0
2024-07-30 17:55:00,3.0,0.0,0.07641776003683023,60.0,60.208880018415115,0.0
2024-07-30 17:56:00,3.0,0.0,0.0764089973696497,60.0,60.204498684824856,0.0
2024-07-30 17:57:00,3.0,0.0,0.07640023570726619,60.0,60.200117853633095,0.0
2024-07-30 17:58:00,3.0,0.0,0.07639147504956445,60.0,60.195737524782224,0.0
2024-07-30 17:59:00,3.0,0.0,0.0763827153964293,60.0,60.191357698214645,0.0
2024-07-30 18:00:00,3.0,0.0,0.07637395674774551,60.0,60.186978373872755,0.0
2024-07-30 18:01:00,3.0,0.0,0.07636519910339794,60.0,60.18259955169897,0.0
2024-07-30 18:02:00,3.0,0.0,0.07635644246327142,60.0,60.17822123163571,0.0
2024-07-30 18:03:00,3.0,0.0,0.07634768682725078,60.0,60.17384341362539,0.0
2024-07-30 18:04:00,3.0,0.0,0.07633893219522091,60.0,60.16946609761045,0.0
2024-07-30 18:05:00,3.0,0.0,0.07633017856706666,60.0,60.16508928353333,0.0
2024-07-30 18:06:00,3.0,0.0,0.07632142594267292,60.0,60.16071297133646,0.0
2024-07-30 18:07:00,3.0,0.0,0.0763126743219246,60.0,60.156337160962295,0.0
2024-07-30 18:08:00,3.0,0.0,0.0763039237047066,60.0,60.151961852353296,0.0
2024-07-30 18:09:00,3.0,0.0,0.07629517409090386,60.0,60.14758704545193,0.0
2024-07-30 18:10:00,3.0,0.0,0.07628642548040132,60.0,60.14321274020066,0.0
2024-07-30 18:11:00,3.0,0.0,0.07627767787308393,60.0,60.138838936541966,0.0
2024-07-30 18:12:00,3.0,0.0,0.07626893126883666,60.0,60.134465634418326,0.0
2024-07-30 18:13:00,3.0,0.0,0.07626018566754447,60.0,60.13009283377224,0.0
2024-07-30 18:14:00,3.0,0.0,0.0762514410690924,60.0,60.1257205345462,0.0
2024-07-30 18:15:00,3.0,0.0,0.07624269747336541,60.0,60.121348736682705,0.0
2024-07-30 18:16:00,3.0,0.0,0.07623395488024855,60.0,60.11697744012427,0.0
2024-07-30 18:17:00,3.0,0.0,0.07622521328962682,60.0,60.11260664481341,0.0
2024-07-30 18:18:00,3.0,0.0,0.0762164727013853,60.0,60.10823635069265,0.0
2024-07-30 18:19:00,3.0,0.0,0.07620773311540903,60.0,60.103866557704514,0.0
2024-07-30 18:20:00,3.0,0.0,0.07619899453158309,60.0,60.09949726579154,0.0
2024-07-30 18:21:00,3.0,0.0,0.07619025694979256,60.0,60.09512847489628,0.0
2024-07-30 18:22:00,3.0,0.0,0.07618152036992254,60.0,60.09076018496127,0.0
2024-07-30 18:23:00,3.0,0.0,0.07617278479185814,60.0,60.08639239592907,0.0
2024-07-30 18:24:00,3.0,0.0,0.07616405021548447,60.0,60.08202510774224,0.0
2024-07-30 18:25:00,3.0,0.0,0.07615531664068673,60.0,60.07765832034336,0.0
2024-07-30 18:26:00,3.0,0.0,0.07614658406734999,60.0,60.073292033674996,0.0
2024-07-30 18:27:00,3.0,0.0,0.07613785249535947,60.0,60.068926247679734,0.0
2024-07-30 18:28:00,3.0,0.0,0.07612912192460033,60.0,60.06456096230016,0.0
2024-07-30 18:29:00,3.0,0.0,0.07612039235495777,60.0,60.06019617747888,0.0
2024-07-30 18:30:00,3.0,0.0,0.07611166378631697,60.0,60.055831893158484,0.0
2024-07-30 18:31:00,3.0,0.0,0.07610293621856316,60.0,60.05146810928158,0.0
2024-07-30 18:32:00,3.0,0.0,0.07609420965158158,60.0,60.04710482579079,0.0
2024-07-30 18:33:00,3.0,1.92556,0.07608548408525746,60.0,60.04274204262873,1.0
2024-07-30 18:34:00,3.0,1.92556,0.07585595951947607,60.0,59.92797975973804,1.0
2024-07-30 18:35:00,3.0,0.0,0.075626461272804,60.0,59.813230636402,0.0
2024-07-30 18:36:00,3.0,0.0,0.07561778934222327,60.0,59.80889467111163,0.0
2024-07-30 18:37:00,3.0,0.0,0.07560911840603496,60.0,59.804559203017476,0.0
2024-07-30 18:38:00,3.0,0.0,0.07560044846412504,60.0,59.80022423206252,0.0
2024-07-30 18:39:00,3.0,0.0,0.0755917795163795,60.0,59.79588975818975,0.0
2024-07-30 18:40:00,3.0,0.0,0.07558311156268437,60.0,59.79155578134218,0.0
2024-07-30 18:41:00,3.0,0.0,0.07557444460292563,60.0,59.78722230146281,0.0
2024-07-30 18:42:00,3.0,0.0,0.07556577863698931,60.0,59.782889318494654,0.0
2024-07-30 18:43:00,3.0,0.0,0.07555711366476146,60.0,59.77855683238073,0.0
2024-07-30 18:44:00,3.0,0.0,0.07554844968612814,60.0,59.77422484306407,0.0
2024-07-30 18:45:00,3.0,0.0,0.0755397867009754,60.0,59.7698933504877,0.0
2024-07-30 18:46:00,3.0,0.0,0.07553112470918932,60.0,59.765562354594664,0.0
2024-07-30 18:47:00,3.0,0.0,0.07552246371065603,60.0,59.76123185532801,0.0
2024-07-30 18:48:00,3.0,1.92556,0.07551380370526159,60.0,59.7569018526308,1.0
2024-07-30 18:49:00,3.0,1.92556,0.07528434469289215,60.0,59.642172346446074,1.0
2024-07-30 18:50:00,3.0,0.0,0.07505491199211514,60.0,59.52745599605757,0.0
2024-07-30 18:51:00,3.0,0.0,0.07504630559991347,60.0,59.52315279995673,0.0
2024-07-30 18:52:00,3.0,0.0,0.07503770019458907,60.0,59.51885009729453,0.0
2024-07-30 18:53:00,3.0,0.0,0.07502909577602877,60.0,59.514547888014384,0.0
2024-07-30 18:54:00,3.0,0.0,0.07502049234411944,60.0,59.510246172059716,0.0
2024-07-30 18:55:00,3.0,0.0,0.07501188989874791,60.0,59.505944949373955,0.0
2024-07-30 18:56:00,3.0,0.0,0.07500328843980109,60.0,59.50164421990054,0.0
2024-07-30 18:57:00,3.0,0.0,0.07499468796716585,60.0,59.49734398358292,0.0
2024-07-30 18:58:00,3.0,0.0,0.0749860884807291,60.0,59.49304424036455,0.0
2024-07-30 18:59:00,3.0,0.0,0.07497748998037775,60.0,59.48874499018887,0.0
2024-07-30 19:00:00,3.0,0.0,0.07496889246599872,60.0,59.48444623299936,0.0
2024-07-30 19:01:00,3.0,0.0,0.07496029593747898,60.0,59.48014796873949,0.0
2024-07-30 19:02:00,3.0,0.0,0.07495170039470544,60.0,59.47585019735272,0.0
2024-07-30 19:03:00,3.0,0.0,0.0749431058375651,60.0,59.47155291878255,0.0
2024-07-30 19:04:00,3.0,0.0,0.07493451226594493,60.0,59.467256132972466,0.0
2024-07-30 19:05:00,3.0,0.0,0.07492591967973192,60.0,59.46295983986596,0.0
2024-07-30 19:06:00,3.0,0.0,0.07491732807881307,60.0,59.458664039406536,0.0
2024-07-30 19:07:00,3.0,0.0,0.07490873746307541,60.0,59.454368731537706,0.0
2024-07-30 19:08:00,3.0,0.0,0.07490014783240598,60.0,59.45007391620299,0.0
2024-07-30 19:09:00,3.0,0.0,0.0748915591866918,60.0,59.4457795933459,0.0
2024-07-30 19:10:00,3.0,0.0,0.07488297152581992,60.0,59.44148576290996,0.0
2024-07-30 19:11:00,3.0,0.0,0.07487438484967746,60.0,59.43719242483873,0.0
2024-07-30 19:12:00,3.0,0.0,0.07486579915815145,60.0,59.43289957907572,0.0
2024-07-30 19:13:00,3.0,0.0,0.07485721445112901,60.0,59.428607225564505,0.0
2024-07-30 19:14:00,3.0,0.0,0.07484863072849726,60.0,59.42431536424863,0.0
2024-07-30 19:15:00,3.0,0.0,0.0748400479901433,60.0,59.420023995071645,0.0
2024-07-30 19:16:00,3.0,11.553360000000001,0.07483146623595427,60.0,59.41573311797713,6.0
2024-07-30 19:17:00,3.0,0.0,0.07349808546581733,60.0,58.74904273290866,0.0
2024-07-30 19:18:00,3.0,0.0,0.07366165950283989,60.0,58.83082975141994,0.0
2024-07-30 19:19:00,3.0,0.0,0.07382521478316445,60.0,58.91260739158223,0.0
2024-07-30 19:20:00,3.0,0.0,0.07398875130894184,60.0,58.994375654470915,0.0
2024-07-30 19:21:00,3.0,0.0,0.07415226908232254,60.0,59.076134541161274,0.0
2024-07-30 19:22:00,3.0,0.0,0.07431576810545693,60.0,59.15788405272846,0.0
2024-07-30 19:23:00,3.0,0.0,0.074479248380495,60.0,59.2396241902475,0.0
2024-07-30 19:24:00,3.0,0.0,0.07464270990958657,60.0,59.321354954793286,0.0
2024-07-30 19:25:00,3.0,0.0,0.07480615269488122,60.0,59.40307634744061,0.0
2024-07-30 19:26:00,3.0,0.0,0.07496957673852825,60.0,59.48478836926412,0.0
2024-07-30 19:27:00,3.0,0.0,0.07513298204267671,60.0,59.56649102133836,0.0
2024-07-30 19:28:00,3.0,0.0,0.07529636860947546,60.0,59.648184304737725,0.0
2024-07-30 19:29:00,3.0,1.92556,0.07545973644107302,60.0,59.72986822053651,1.0
2024-07-30 19:30:00,3.0,0.0,0.07540228553961777,60.0,59.70114276980888,0.0
2024-07-30 19:31:00,3.0,0.0,0.07556564122593908,60.0,59.78282061296954,0.0
2024-07-30 19:32:00,3.0,0.0,0.07572897818060022,60.0,59.86448909030011,0.0
2024-07-30 19:33:00,3.0,0.0,0.07589229640574913,60.0,59.94614820287456,0.0
2024-07-30 19:34:00,3.0,0.0,0.07605559590353346,60.0,60.02779795176673,0.0
2024-07-30 19:35:00,3.0,0.0,0.07621887667610067,60.0,60.10943833805033,0.0
2024-07-30 19:36:00,3.0,0.0,0.07638213872559792,60.0,60.191069362798956,0.0
2024-07-30 19:37:00,3.0,0.0,0.07654538205417213,60.0,60.27269102708607,0.0
2024-07-30 19:38:00,3.0,0.0,0.07670860666397003,60.0,60.354303331985015,0.0
2024-07-30 19:39:00,3.0,0.0,0.07687181255713804,60.0,60.43590627856902,0.0
2024-07-30 19:40:00,3.0,0.0,0.07703499973582237,60.0,60.517499867911184,0.0
2024-07-30 19:41:00,3.0,0.0,0.07719816820216896,60.0,60.59908410108448,0.0
2024-07-30 19:42:00,3.0,0.0,0.07736131795832352,60.0,60.680658979161755,0.0
2024-07-30 19:43:00,3.0,1.92556,0.0775244490064315,60.0,60.76222450321575,1.0
2024-07-30 19:44:00,3.0,0.0,0.07746676134863811,60.0,60.73338067431906,0.0
2024-07-30 19:45:00,3.0,0.0,0.07762988030576966,60.0,60.81494015288483,0.0
2024-07-30 19:46:00,3.0,0.0,0.0777929805583863,60.0,60.896490279193145,0.0
2024-07-30 19:47:00,3.0,0.0,0.07795606210863282,60.0,60.97803105431641,0.0
2024-07-30 19:48:00,3.0,0.0,0.07811912495865382,60.0,61.05956247932691,0.0
2024-07-30 19:49:00,3.0,1.92556,0.07811016719946123,60.0,61.055083599730615,1.0
2024-07-30 19:50:00,1.0,1.92556,0.07788041046743645,60.0,60.940205233718224,1.0
2024-07-30 19:51:00,1.0,0.0,0.077650680081143,60.0,60.8253400405715,0.0
2024-07-30 19:52:00,1.0,0.0,0.07764177603755988,60.0,60.82088801877994,0.0
2024-07-30 19:53:00,1.0,0.0,0.0776328730149851,60.0,60.81643650749255,0.0
2024-07-30 19:54:00,1.0,0.0,0.07762397101330158,60.0,60.81198550665079,0.0
2024-07-30 19:55:00,1.0,0.0,0.07761507003239226,60.0,60.807535016196134,0.0
2024-07-30 19:56:00,1.0,0.0,0.0776061700721401,60.0,60.80308503607005,0.0
2024-07-30 19:57:00,1.0,0.0,0.07759727113242806,60.0,60.79863556621403,0.0
2024-07-30 19:58:00,1.0,0.0,0.0775883732131391,60.0,60.79418660656955,0.0
2024-07-30 19:59:00,1.0,0.0,0.07757947631415624,60.0,60.78973815707812,0.0
2024-07-30 20:00:00,1.0,0.0,0.07757058043536244,60.0,60.78529021768122,0.0
2024-07-30 20:01:00,1.0,0.0,0.07756168557664075,60.0,60.78084278832038,0.0
2024-07-30 20:02:00,1.0,0.0,0.0775527917378742,60.0,60.7763958689371,0.0
2024-07-30 20:03:00,1.0,0.0,0.07754389891894584,60.0,60.771949459472914,0.0
2024-07-30 20:04:00,1.0,1.92556,0.0775350071197387,60.0,60.76750355986935,1.0
2024-07-30 20:05:00,1.0,0.0,0.07730531634013586,60.0,60.65265817006793,0.0
2024-07-30 20:06:00,1.0,0.0,0.07729645189870174,60.0,60.648225949350866,0.0
2024-07-30 20:07:00,1.0,0.0,0.07728758847373485,60.0,60.64379423686742,0.0
2024-07-30 20:08:00,1.0,0.0,0.07727872606511865,60.0,60.639363032559324,0.0
2024-07-30 20:09:00,1.0,0.0,0.07726986467273661,60.0,60.6349323363683,0.0
2024-07-30 20:10:00,1.0,0.0,0.07726100429647216,60.0,60.63050214823608,0.0
2024-07-30 20:11:00,1.0,0.0,0.07725214493620884,60.0,60.62607246810442,0.0
2024-07-30 20:12:00,1.0,0.0,0.07724328659183011,60.0,60.62164329591505,0.0
2024-07-30 20:13:00,1.0,0.0,0.07723442926321947,60.0,60.617214631609734,0.0
2024-07-30 20:14:00,1.0,0.0,0.07722557295026047,60.0,60.612786475130235,0.0
2024-07-30 20:15:00,1.0,0.0,0.07721671765283665,60.0,60.608358826418325,0.0
2024-07-30 20:16:00,1.0,0.0,0.07720786337083155,60.0,60.60393168541577,0.0
2024-07-30 20:17:00,1.0,0.0,0.07719901010412873,60.0,60.599505052064366,0.0
2024-07-30 20:18:00,1.0,0.0,0.07719015785261178,60.0,60.59507892630589,0.0
2024-07-30 20:19:00,1.0,0.0,0.07718130661616428,60.0,60.59065330808214,0.0
2024-07-30 20:20:00,1.0,0.0,0.07717245639466984,60.0,60.58622819733492,0.0
2024-07-30 20:21:00,1.0,0.0,0.07716360718801207,60.0,60.58180359400603,0.0
2024-07-30 20:22:00,1.0,0.0,0.07715475899607459,60.0,60.577379498037295,0.0
2024-07-30 20:23:00,1.0,0.0,0.07714591181874107,60.0,60.572955909370535,0.0
2024-07-30 20:24:00,1.0,0.0,0.07713706565589516,60.0,60.56853282794758,0.0
2024-07-30 20:25:00,1.0,0.0,0.07712822050742052,60.0,60.56411025371026,0.0
2024-07-30 20:26:00,1.0,0.0,0.07711937637320085,60.0,60.559688186600425,0.0
2024-07-30 20:27:00,1.0,0.0,0.07711053325311984,60.0,60.55526662655992,0.0
2024-07-30 20:28:00,1.0,0.0,0.0771016911470612,60.0,60.550845573530594,0.0
2024-07-30 20:29:00,1.0,0.0,0.07709285005490864,60.0,60.54642502745432,0.0
2024-07-30 20:30:00,1.0,0.0,0.07708400997654592,60.0,60.54200498827296,0.0
2024-07-30 20:31:00,1.0,0.0,0.07707517091185677,60.0,60.53758545592839,0.0
2024-07-30 20:32:00,1.0,0.0,0.07706633286072498,60.0,60.53316643036249,0.0
2024-07-30 20:33:00,1.0,0.0,0.07705749582303431,60.0,60.52874791151716,0.0
2024-07-30 20:34:00,1.0,0.0,0.07704865979866855,60.0,60.524329899334276,0.0
2024-07-30 20:35:00,1.0,0.0,0.07703982478751152,60.0,60.51991239375576,0.0
2024-07-30 20:36:00,1.0,0.0,0.07703099078944702,60.0,60.51549539472351,0.0
2024-07-30 20:37:00,1.0,0.0,0.07702215780435888,60.0,60.51107890217944,0.0
2024-07-30 20:38:00,1.0,0.0,0.07701332583213095,60.0,60.50666291606548,0.0
2024-07-30 20:39:00,1.0,0.0,0.0770044948726471,60.0,60.50224743632355,0.0
2024-07-30 20:40:00,1.0,0.0,0.07699566492579119,60.0,60.497832462895595,0.0
2024-07-30 20:41:00,1.0,0.0,0.0769868359914471,60.0,60.49341799572355,0.0
2024-07-30 20:42:00,1.0,0.0,0.07697800806949871,60.0,60.48900403474936,0.0
2024-07-30 20:43:00,1.0,0.0,0.07696918115982998,60.0,60.484590579914986,0.0
2024-07-30 20:44:00,1.0,0.0,0.07696035526232478,60.0,60.48017763116239,0.0
2024-07-30 20:45:00,1.0,0.0,0.07695153037686708,60.0,60.47576518843354,0.0
2024-07-30 20:46:00,1.0,0.0,0.07694270650334083,60.0,60.471353251670415,0.0
2024-07-30 20:47:00,1.0,0.0,0.07693388364163,60.0,60.466941820814995,0.0
2024-07-30 20:48:00,1.0,0.0,0.07692506179161854,60.0,60.462530895809266,0.0
2024-07-30 20:49:00,1.0,0.0,0.07691624095319044,60.0,60.45812047659522,0.0
2024-07-30 20:50:00,1.0,0.0,0.07690742112622974,60.0,60.45371056311487,0.0
2024-07-30 20:51:00,1.0,0.0,0.07689860231062041,60.0,60.44930115531021,0.0
2024-07-30 20:52:00,1.0,0.0,0.07688978450624653,60.0,60.444892253123264,0.0
2024-07-30 20:53:00,1.0,0.0,0.0768809677129921,60.0,60.44048385649605,0.0
2024-07-30 20:54:00,1.0,0.0,0.0768721519307412,60.0,60.436075965370605,0.0
2024-07-30 20:55:00,1.0,0.0,0.07686333715937792,60.0,60.43166857968896,0.0
2024-07-30 20:56:00,1.0,0.0,0.0768545233987863,60.0,60.42726169939315,0.0
2024-07-30 20:57:00,1.0,0.0,0.07684571064885046,60.0,60.42285532442523,0.0
2024-07-30 20:58:00,1.0,1.92556,0.07683689890945451,60.0,60.41844945472725,1.0
2024-07-30 20:59:00,1.0,0.0,0.07660728818048257,60.0,60.303644090241285,0.0
2024-07-30 21:00:00,1.0,0.0,0.0765985037805001,60.0,60.29925189025005,0.0
2024-07-30 21:01:00,1.0,0.0,0.07658972038780668,60.0,60.29486019390334,0.0
2024-07-30 21:02:00,1.0,0.0,0.07658093800228681,60.0,60.29046900114341,0.0
2024-07-30 21:03:00,1.0,0.0,0.07657215662382501,60.0,60.286078311912505,0.0
2024-07-30 21:04:00,1.0,0.0,0.07656337625230579,60.0,60.28168812615289,0.0
2024-07-30 21:05:00,1.0,0.0,0.0765545968876137,60.0,60.27729844380685,0.0
2024-07-30 21:06:00,1.0,1.92556,0.07654581852963328,60.0,60.27290926481664,1.0
2024-07-30 21:07:00,1.0,0.0,0.07631624117824909,60.0,60.15812058912454,0.0
2024-07-30 21:08:00,1.0,0.0,0.07630749015202704,60.0,60.153745076013514,0.0
2024-07-30 21:09:00,1.0,0.0,0.07629874012926711,60.0,60.14937006463356,0.0
2024-07-30 21:10:00,1.0,0.0,0.0762899911098543,60.0,60.14499555492715,0.0
2024-07-30 21:11:00,1.0,0.0,0.07628124309367353,60.0,60.14062154683676,0.0
2024-07-30 21:12:00,1.0,0.0,0.07627249608060976,60.0,60.13624804030488,0.0
2024-07-30 21:13:00,1.0,0.0,0.07626375007054796,60.0,60.13187503527398,0.0
2024-07-30 21:14:00,1.0,0.0,0.07625500506337313,60.0,60.12750253168656,0.0
2024-07-30 21:15:00,1.0,0.0,0.07624626105897025,60.0,60.123130529485124,0.0
2024-07-30 21:16:00,1.0,0.0,0.07623751805722435,60.0,60.118759028612175,0.0
2024-07-30 21:17:00,1.0,0.0,0.07622877605802046,60.0,60.11438802901023,0.0
2024-07-30 21:18:00,1.0,0.0,0.07622003506124363,60.0,60.11001753062181,0.0
2024-07-30 21:19:00,1.0,0.0,0.07621129506677889,60.0,60.105647533389444,0.0
2024-07-30 21:20:00,1.0,0.0,0.07620255607451132,60.0,60.10127803725566,0.0
2024-07-30 21:21:00,1.0,0.0,0.076193818084326,60.0,60.096909042163,0.0
2024-07-30 21:22:00,1.0,0.0,0.07618508109610801,60.0,60.092540548054004,0.0
2024-07-30 21:23:00,2.0,0.0,0.07617634510974247,60.0,60.088172554871235,0.0
2024-07-30 21:24:00,2.0,11.553360000000001,0.07616761012511451,60.0,60.08380506255725,6.0
2024-07-30 21:25:00,2.0,11.553360000000001,0.07483407614210924,60.0,59.41703807105462,6.0
2024-07-30 21:26:00,2.0,0.0,0.07350069507269973,60.0,58.750347536349864,0.0
2024-07-30 21:27:00,2.0,0.0,0.07366426881048403,60.0,58.832134405242016,0.0
2024-07-30 21:28:00,2.0,1.92556,0.07382782379160466,60.0,58.91391189580233,1.0
2024-07-30 21:29:00,2.0,1.92556,0.0737705600182124,60.0,58.885280009106204,1.0
2024-07-30 21:30:00,2.0,0.0,0.07371330281113914,60.0,58.856651405569565,0.0
2024-07-30 21:31:00,2.0,0.0,0.07387685216963187,60.0,58.93842608481594,0.0
2024-07-30 21:32:00,2.0,0.0,0.07404038277425647,60.0,59.020191387128236,0.0
2024-07-30 21:33:00,2.0,0.0,0.0742038946271634,60.0,59.1019473135817,0.0
2024-07-30 21:34:00,2.0,0.0,0.07436738773050286,60.0,59.18369386525143,0.0
2024-07-30 21:35:00,2.0,0.0,0.07453086208642482,60.0,59.26543104321241,0.0
2024-07-30 21:36:00,2.0,0.0,0.07469431769707903,60.0,59.347158848539515,0.0
2024-07-30 21:37:00,2.0,0.0,0.07485775456461496,60.0,59.42887728230748,0.0
2024-07-30 21:38:00,2.0,0.0,0.07502117269118184,60.0,59.51058634559092,0.0
2024-07-30 21:39:00,2.0,0.0,0.07518457207892869,60.0,59.59228603946434,0.0
2024-07-30 21:40:00,2.0,0.0,0.07534795273000419,60.0,59.6739763650021,0.0
2024-07-30 21:41:00,2.0,0.0,0.0755113146465569,60.0,59.75565732327845,0.0
2024-07-30 21:42:00,2.0,0.0,0.07567465783073503,60.0,59.837328915367515,0.0
2024-07-30 21:43:00,2.0,0.0,0.07583798228468659,60.0,59.918991142343295,0.0
2024-07-30 21:44:00,2.0,0.0,0.07600128801055935,60.0,60.000644005279675,0.0
2024-07-30 21:45:00,2.0,0.0,0.07616457501050079,60.0,60.0822875052504,0.0
2024-07-30 21:46:00,2.0,0.0,0.07632784328665822,60.0,60.16392164332911,0.0
2024-07-30 21:47:00,2.0,1.92556,0.07649109284117862,60.0,60.245546420589314,1.0
2024-07-30 21:48:00,2.0,1.92556,0.07643352367620879,60.0,60.21676183810439,1.0
2024-07-30 21:49:00,2.0,0.0,0.07637596111257654,60.0,60.18798055628827,0.0
2024-07-30 21:50:00,2.0,0.0,0.07653920514952492,60.0,60.26960257476246,0.0
2024-07-30 21:51:00,2.0,0.0,0.07670243046761575,60.0,60.35121523380788,0.0
2024-07-30 21:52:00,2.0,0.0,0.07686563706899549,60.0,60.43281853449774,0.0
2024-07-30 21:53:00,2.0,0.0,0.07702882495581032,60.0,60.514412477905154,0.0
2024-07-30 21:54:00,2.0,0.0,0.07719199413020619,60.0,60.5959970651031,0.0
2024-07-30 21:55:00,2.0,0.0,0.07735514459432886,60.0,60.67757229716443,0.0
2024-07-30 21:56:00,2.0,0.0,0.07751827635032378,60.0,60.75913817516189,0.0
2024-07-30 21:57:00,2.0,0.0,0.07768138940033616,60.0,60.84069470016808,0.0
2024-07-30 21:58:00,2.0,0.0,0.07784448374651098,60.0,60.922241873255494,0.0
2024-07-30 21:59:00,2.0,0.0,0.07800755939099299,60.0,61.0037796954965,0.0
2024-07-30 22:00:00,2.0,0.0,0.07799861442479432,60.0,60.999307212397156,0.0
2024-07-30 22:01:00,2.0,0.0,0.07798967048429649,60.0,60.99483524214824,0.0
2024-07-30 22:02:00,2.0,0.0,0.0779807275693819,60.0,60.99036378469095,0.0
2024-07-30 22:03:00,2.0,0.0,0.07797178567993295,60.0,60.985892839966475,0.0
2024-07-30 22:04:00,2.0,0.0,0.07796284481583206,60.0,60.98142240791603,0.0
2024-07-30 22:05:00,2.0,0.0,0.07795390497696164,60.0,60.97695248848082,0.0
2024-07-30 22:06:00,2.0,11.553360000000001,0.07794496616320414,60.0,60.972483081602064,6.0
2024-07-30 22:07:00,2.0,11.553360000000001,0.07661122837444198,60.0,60.30561418722099,6.0
2024-07-30 22:08:00,2.0,0.0,0.07527764352264557,60.0,59.63882176132279,0.0
2024-07-30 22:09:00,2.0,0.0,0.07526901159027796,60.0,59.63450579513898,0.0
2024-07-30 22:10:00,2.0,0.0,0.07526038064771624,60.0,59.63019032385812,0.0
2024-07-30 22:11:00,2.0,0.0,0.07525175069484695,60.0,59.625875347423474,0.0
2024-07-30 22:12:00,2.0,0.0,0.07524312173155658,60.0,59.621560865778285,0.0
2024-07-30 22:13:00,2.0,0.0,0.07523449375773164,60.0,59.61724687886582,0.0
2024-07-30 22:14:00,2.0,1.92556,0.07522586677325871,60.0,59.61293338662935,1.0
2024-07-30 22:15:00,2.0,1.92556,0.07499644077802431,60.0,59.498220389012154,1.0
2024-07-30 22:16:00,2.0,0.0,0.07476704109059636,60.0,59.383520545298175,0.0
2024-07-30 22:17:00,2.0,0.0,0.07475846770795816,60.0,59.37923385397908,0.0
2024-07-30 22:18:00,2.0,0.0,0.0747498953084121,60.0,59.374947654206046,0.0
2024-07-30 22:19:00,2.0,0.0,0.07474132389184544,60.0,59.37066194592272,0.0
2024-07-30 22:20:00,2.0,0.0,0.07473275345814546,60.0,59.366376729072734,0.0
2024-07-30 22:21:00,2.0,0.0,0.07472418400719949,60.0,59.36209200359974,0.0
2024-07-30 22:22:00,2.0,0.0,0.07471561553889479,60.0,59.35780776944739,0.0
2024-07-30 22:23:00,2.0,0.0,0.0747070480531187,60.0,59.35352402655935,0.0
2024-07-30 22:24:00,2.0,0.0,0.07469848154975857,60.0,59.349240774879284,0.0
2024-07-30 22:25:00,2.0,0.0,0.07468991602870174,60.0,59.34495801435087,0.0
2024-07-30 22:26:00,2.0,0.0,0.07468135148983558,60.0,59.34067574491779,0.0
2024-07-30 22:27:00,2.0,0.0,0.07467278793304745,60.0,59.33639396652372,0.0
2024-07-30 22:28:00,2.0,0.0,0.07466422535822474,60.0,59.33211267911237,0.0
2024-07-30 22:29:00,2.0,0.0,0.07465566376525486,60.0,59.32783188262743,0.0
2024-07-30 22:30:00,2.0,0.0,0.0746471031540252,60.0,59.3235515770126,0.0
2024-07-30 22:31:00,2.0,0.0,0.07463854352442321,60.0,59.319271762211606,0.0
2024-07-30 22:32:00,2.0,0.0,0.07462998487633632,60.0,59.31499243816816,0.0
2024-07-30 22:33:00,2.0,0.0,0.07462142720965198,60.0,59.31071360482599,0.0
2024-07-30 22:34:00,2.0,0.0,0.07461287052425766,60.0,59.30643526212883,0.0
2024-07-30 22:35:00,2.0,1.92556,0.07460431482004083,60.0,59.30215741002041,1.0
2024-07-30 22:36:00,2.0,1.92556,0.07437496009688899,60.0,59.18748004844449,1.0
2024-07-30 22:37:00,2.0,0.0,0.07414563167337095,60.0,59.07281583668547,0.0
2024-07-30 22:38:00,2.0,0.0,0.07413712954647099,60.0,59.068564773235494,0.0
2024-07-30 22:39:00,2.0,0.0,0.07412862839449241,60.0,59.064314197246205,0.0
2024-07-30 22:40:00,2.0,0.0,0.07412012821732343,60.0,59.06006410866171,0.0
2024-07-30 22:41:00,2.0,0.0,0.07411162901485226,60.0,59.05581450742613,0.0
2024-07-30 22:42:00,2.0,0.0,0.07410313078696713,60.0,59.051565393483564,0.0
2024-07-30 22:43:00,2.0,0.0,0.07409463353355629,60.0,59.047316766778145,0.0
2024-07-30 22:44:00,2.0,0.0,0.07408613725450801,60.0,59.043068627254,0.0
2024-07-30 22:45:00,2.0,0.0,0.07407764194971055,60.0,59.03882097485527,0.0
2024-07-30 22:46:00,2.0,1.92556,0.07406914761905219,60.0,59.034573809526094,1.0
2024-07-30 22:47:00,2.0,0.0,0.07383985426242125,60.0,58.91992713121062,0.0
2024-07-30 22:48:00,2.0,0.0,0.07400338910951967,60.0,59.00169455475984,0.0
2024-07-30 22:49:00,2.0,0.0,0.07416690520441395,60.0,59.083452602206975,0.0
2024-07-30 22:50:00,2.0,0.0,0.07433040254925434,60.0,59.16520127462717,0.0
2024-07-30 22:51:00,2.0,0.0,0.07449388114619089,60.0,59.24694057309544,0.0
2024-07-30 22:52:00,2.0,0.0,0.07465734099737335,60.0,59.32867049868668,0.0
2024-07-30 22:53:00,2.0,0.0,0.0748207821049513,60.0,59.410391052475646,0.0
2024-07-30 22:54:00,2.0,0.0,0.074984204471074,60.0,59.492102235537,0.0
2024-07-30 22:55:00,2.0,0.0,0.0751476080978905,60.0,59.57380404894525,0.0
2024-07-30 22:56:00,2.0,0.0,0.0753109929875496,60.0,59.6554964937748,0.0
2024-07-30 22:57:00,2.0,0.0,0.07547435914219985,60.0,59.73717957109993,0.0
2024-07-30 22:58:00,2.0,0.0,0.07563770656398956,60.0,59.818853281994784,0.0
2024-07-30 22:59:00,2.0,0.0,0.07580103525506679,60.0,59.9005176275334,0.0
2024-07-30 23:00:00,2.0,0.0,0.07596434521757935,60.0,59.982172608789675,0.0
2024-07-30 23:01:00,2.0,0.0,0.0761276364536748,60.0,60.0638182268374,0.0
2024-07-30 23:02:00,2.0,0.0,0.07629090896550046,60.0,60.14545448275023,0.0
2024-07-30 23:03:00,2.0,0.0,0.07645416275520342,60.0,60.227081377601706,0.0
2024-07-30 23:04:00,2.0,0.0,0.07661739782493047,60.0,60.30869891246524,0.0
2024-07-30 23:05:00,2.0,0.0,0.07678061417682824,60.0,60.39030708841412,0.0
2024-07-30 23:06:00,2.0,0.0,0.07694381181304302,60.0,60.47190590652151,0.0
2024-07-30 23:07:00,2.0,0.0,0.07710699073572094,60.0,60.55349536786047,0.0
2024-07-30 23:08:00,2.0,0.0,0.07727015094700783,60.0,60.63507547350391,0.0
2024-07-30 23:09:00,2.0,0.0,0.07743329244904924,60.0,60.716646224524624,0.0
2024-07-30 23:10:00,2.0,0.0,0.0775964152439906,60.0,60.798207621995296,0.0
2024-07-30 23:11:00,2.0,0.0,0.07775951933397696,60.0,60.87975966698848,0.0
2024-07-30 23:12:00,2.0,0.0,0.07792260472115319,60.0,60.96130236057659,0.0
2024-07-30 23:13:00,2.0,0.0,0.0780856714076639,60.0,61.04283570383195,0.0
2024-07-30 23:14:00,2.0,0.0,0.07807671748452111,60.0,61.038358742260556,0.0
2024-07-30 23:15:00,2.0,0.0,0.07806776458810626,60.0,61.03388229405313,0.0
2024-07-30 23:16:00,2.0,0.0,0.0780588127183016,60.0,61.0294063591508,0.0
2024-07-30 23:17:00,2.0,0.0,0.07804986187498943,60.0,61.02493093749471,0.0
2024-07-30 23:18:00,2.0,0.0,0.07804091205805201,60.0,61.02045602902601,0.0
2024-07-30 23:19:00,2.0,0.0,0.07803196326737168,60.0,61.01598163368584,0.0
2024-07-30 23:20:00,2.0,0.0,0.07802301550283075,60.0,61.01150775141537,0.0
2024-07-30 23:21:00,2.0,0.0,0.07801406876431155,60.0,61.00703438215577,0.0
2024-07-30 23:22:00,2.0,0.0,0.07800512305169643,60.0,61.002561525848215,0.0
2024-07-30 23:23:00,2.0,0.0,0.07799617836486776,60.0,60.99808918243388,0.0
2024-07-30 23:24:00,2.0,0.0,0.07798723470370791,60.0,60.993617351853956,0.0
2024-07-30 23:25:00,2.0,0.0,0.07797829206809927,60.0,60.98914603404963,0.0
2024-07-30 23:26:00,2.0,0.0,0.07796935045792423,60.0,60.98467522896212,0.0
2024-07-30 23:27:00,2.0,0.0,0.07796040987306524,60.0,60.980204936532616,0.0
2024-07-30 23:28:00,2.0,0.0,0.07795147031340469,60.0,60.97573515670234,0.0
2024-07-30 23:29:00,2.0,0.0,0.07794253177882503,60.0,60.971265889412514,0.0
2024-07-30 23:30:00,2.0,0.0,0.07793359426920873,60.0,60.96679713460436,0.0
2024-07-30 23:31:00,2.0,0.0,0.07792465778443826,60.0,60.962328892219126,0.0
2024-07-30 23:32:00,2.0,1.92556,0.07791572232439609,60.0,60.95786116219804,1.0
2024-07-30 23:33:00,2.0,0.0,0.07768598788896472,60.0,60.84299394448236,0.0
2024-07-30 23:34:00,2.0,0.0,0.07767707979670799,60.0,60.83853989835399,0.0
2024-07-30 23:35:00,2.0,0.0,0.07766817272592384,60.0,60.83408636296192,0.0
2024-07-30 23:36:00,2.0,0.0,0.07765926667649517,60.0,60.82963333824758,0.0
2024-07-30 23:37:00,2.0,0.0,0.07765036164830484,60.0,60.82518082415242,0.0
2024-07-30 23:38:00,2.0,0.0,0.07764145764123576,60.0,60.82072882061788,0.0
2024-07-30 23:39:00,2.0,0.0,0.07763255465517084,60.0,60.81627732758542,0.0
2024-07-30 23:40:00,2.0,0.0,0.07762365268999298,60.0,60.81182634499649,0.0
2024-07-30 23:41:00,2.0,11.553360000000001,0.07761475174558514,60.0,60.80737587279257,6.0
2024-07-30 23:42:00,2.0,0.0,0.07628105182183027,60.0,60.14052591091514,0.0
2024-07-30 23:43:00,2.0,0.0,0.07627230483069924,60.0,60.13615241534962,0.0
2024-07-30 23:44:00,2.0,1.92556,0.07626355884256768,60.0,60.13177942128384,1.0
2024-07-30 23:45:00,2.0,0.0,0.07603401385732056,60.0,60.01700692866028,0.0
2024-07-30 23:46:00,2.0,0.0,0.07602529519352422,60.0,60.01264759676211,0.0
2024-07-30 23:47:00,2.0,0.0,0.0760165775294791,60.0,60.00828876473955,0.0
2024-07-30 23:48:00,2.0,0.0,0.07600786086507055,60.0,60.00393043253528,0.0
2024-07-30 23:49:00,2.0,0.0,0.07599914520018397,60.0,59.99957260009199,0.0
2024-07-30 23:50:00,2.0,0.0,0.07599043053470475,60.0,59.99521526735237,0.0
2024-07-30 23:51:00,2.0,11.553360000000001,0.07598171686851825,60.0,59.990858434259124,6.0
2024-07-30 23:52:00,2.0,0.0,0.07464820420150992,60.0,59.324102100754956,0.0
2024-07-30 23:53:00,2.0,0.0,0.07463964444565307,60.0,59.31982222282654,0.0
2024-07-30 23:54:00,2.0,0.0,0.07463108567132583,60.0,59.31554283566291,0.0
2024-07-30 23:55:00,2.0,0.0,0.07462252787841558,60.0,59.31126393920779,0.0
2024-07-30 23:56:00,2.0,0.0,0.07461397106680984,60.0,59.30698553340492,0.0
2024-07-30 23:57:00,2.0,0.0,0.07460541523639606,60.0,59.30270761819803,0.0
2024-07-30 23:58:00,2.0,0.0,0.07459686038706174,60.0,59.29843019353087,0.0
2024-07-30 23:59:00,2.0,0.0,0.07458830651869437,60.0,59.29415325934718,0.0
2024-07-31 00:00:00,2.0,0.0,0.07457975363118148,60.0,59.28987681559074,0.0
2024-07-31 00:01:00,2.0,0.0,0.07457120172441059,60.0,59.28560086220529,0.0
2024-07-31 00:02:00,2.0,1.92556,0.07456265079826924,60.0,59.281325399134616,1.0
2024-07-31 00:03:00,2.0,1.92556,0.07433330085264497,60.0,59.166650426322484,1.0
2024-07-31 00:04:00,2.0,0.0,0.07410397720610667,60.0,59.05198860305334,0.0
2024-07-31 00:05:00,2.0,0.0,0.0740954798556387,60.0,59.04773992781935,0.0
2024-07-31 00:06:00,2.0,1.92556,0.07408698347954441,60.0,59.04349173977221,1.0
2024-07-31 00:07:00,2.0,0.0,0.07385768807771208,60.0,58.928844038856035,0.0
2024-07-31 00:08:00,2.0,0.0,0.07402122087984363,60.0,59.01061043992181,0.0
2024-07-31 00:09:00,2.0,0.0,0.07418473493000552,60.0,59.09236746500276,0.0
2024-07-31 00:10:00,2.0,0.0,0.07434823023034799,60.0,59.174115115174,0.0
2024-07-31 00:11:00,2.0,0.0,0.07451170678302106,60.0,59.25585339151053,0.0
2024-07-31 00:12:00,2.0,0.0,0.07467516459017447,60.0,59.33758229508723,0.0
2024-07-31 00:13:00,2.0,0.0,0.07483860365395772,60.0,59.41930182697886,0.0
2024-07-31 00:14:00,2.0,0.0,0.07500202397652009,60.0,59.501011988260046,0.0
2024-07-31 00:15:00,2.0,0.0,0.0751654255600106,60.0,59.5827127800053,0.0
2024-07-31 00:16:00,2.0,0.0,0.07532880840657802,60.0,59.66440420328901,0.0
2024-07-31 00:17:00,2.0,0.0,0.07549217251837087,60.0,59.74608625918543,0.0
2024-07-31 00:18:00,2.0,0.0,0.07565551789753742,60.0,59.82775894876871,0.0
2024-07-31 00:19:00,2.0,0.0,0.0758188445462257,60.0,59.90942227311285,0.0
2024-07-31 00:20:00,2.0,0.0,0.07598215246658352,60.0,59.99107623329176,0.0
2024-07-31 00:21:00,2.0,0.0,0.0761454416607584,60.0,60.0727208303792,0.0
2024-07-31 00:22:00,2.0,0.0,0.07630871213089763,60.0,60.154356065448816,0.0
2024-07-31 00:23:00,2.0,0.0,0.07647196387914827,60.0,60.23598193957414,0.0
2024-07-31 00:24:00,2.0,0.0,0.07663519690765712,60.0,60.31759845382856,0.0
2024-07-31 00:25:00,2.0,0.0,0.07679841121857073,60.0,60.39920560928536,0.0
2024-07-31 00:26:00,2.0,0.0,0.0769616068140354,60.0,60.480803407017696,0.0
2024-07-31 00:27:00,2.0,0.0,0.07712478369619719,60.0,60.56239184809859,0.0
2024-07-31 00:28:00,2.0,0.0,0.07728794186720192,60.0,60.64397093360096,0.0
2024-07-31 00:29:00,2.0,0.0,0.07745108132919518,60.0,60.72554066459759,0.0
2024-07-31 00:30:00,2.0,0.0,0.07761420208432226,60.0,60.80710104216113,0.0
2024-07-31 00:31:00,2.0,0.0,0.07777730413472826,60.0,60.88865206736413,0.0
2024-07-31 00:32:00,2.0,0.0,0.07794038748255801,60.0,60.970193741279004,0.0
2024-07-31 00:33:00,2.0,0.0,0.07810345212995609,60.0,61.05172606497805,0.0
2024-07-31 00:34:00,2.0,0.0,0.07809449616793451,60.0,61.047248083967254,0.0
2024-07-31 00:35:00,2.0,0.0,0.07808554123287464,60.0,61.04277061643732,0.0
2024-07-31 00:36:00,2.0,0.0,0.07807658732465875,60.0,61.03829366232937,0.0
2024-07-31 00:37:00,2.0,0.0,0.07806763444316905,60.0,61.03381722158453,0.0
2024-07-31 00:38:00,2.0,0.0,0.07805868258828785,60.0,61.029341294143926,0.0
2024-07-31 00:39:00,2.0,0.0,0.07804973175989742,60.0,61.024865879948706,0.0
2024-07-31 00:40:00,2.0,0.0,0.07804078195788003,60.0,61.020390978940014,0.0
2024-07-31 00:41:00,2.0,0.0,0.07803183318211802,60.0,61.01591659105901,0.0
2024-07-31 00:42:00,2.0,0.0,0.0780228854324937,60.0,61.01144271624685,0.0
2024-07-31 00:43:00,2.0,0.0,0.0780139387088894,60.0,61.0069693544447,0.0
2024-07-31 00:44:00,2.0,0.0,0.07800499301118746,60.0,61.00249650559373,0.0
2024-07-31 00:45:00,2.0,0.0,0.07799604833927028,60.0,60.99802416963514,0.0
2024-07-31 00:46:00,2.0,0.0,0.07798710469302018,60.0,60.99355234651009,0.0
2024-07-31 00:47:00,2.0,0.0,0.07797816207231961,60.0,60.9890810361598,0.0
2024-07-31 00:48:00,2.0,11.553360000000001,0.07796922047705093,60.0,60.98461023852546,6.0
2024-07-31 00:49:00,2.0,1.92556,0.07663547990709656,60.0,60.317739953548276,1.0
2024-07-31 00:50:00,2.0,0.0,0.07640589227442685,60.0,60.202946137213424,0.0
2024-07-31 00:51:00,2.0,0.0,0.07639713096809819,60.0,60.1985654840491,0.0
2024-07-31 00:52:00,2.0,0.0,0.07638837066641051,60.0,60.194185333205255,0.0
2024-07-31 00:53:00,2.0,0.0,0.07637961136924856,60.0,60.18980568462428,0.0
2024-07-31 00:54:00,2.0,0.0,0.0763708530764972,60.0,60.1854265382486,0.0
2024-07-31 00:55:00,2.0,0.0,0.07636209578804122,60.0,60.18104789402061,0.0
2024-07-31 00:56:00,2.0,0.0,0.07635333950376547,60.0,60.176669751882734,0.0
2024-07-31 00:57:00,2.0,0.0,0.07634458422355482,60.0,60.17229211177741,0.0
2024-07-31 00:58:00,2.0,0.0,0.07633582994729411,60.0,60.16791497364706,0.0
2024-07-31 00:59:00,2.0,0.0,0.07632707667486824,60.0,60.16353833743412,0.0
2024-07-31 01:00:00,2.0,0.0,0.0763183244061621,60.0,60.159162203081046,0.0
2024-07-31 01:01:00,2.0,0.0,0.07630957314106057,60.0,60.154786570530284,0.0
2024-07-31 01:02:00,2.0,0.0,0.0763008228794486,60.0,60.1504114397243,0.0
2024-07-31 01:03:00,2.0,0.0,0.07629207362121111,60.0,60.14603681060556,0.0
2024-07-31 01:04:00,2.0,0.0,0.07628332536623306,60.0,60.14166268311653,0.0
2024-07-31 01:05:00,2.0,0.0,0.07627457811439937,60.0,60.13728905719969,0.0
2024-07-31 01:06:00,2.0,0.0,0.07626583186559505,60.0,60.13291593279752,0.0
2024-07-31 01:07:00,2.0,0.0,0.07625708661970507,60.0,60.12854330985253,0.0
2024-07-31 01:08:00,2.0,0.0,0.07624834237661442,60.0,60.12417118830721,0.0
2024-07-31 01:09:00,2.0,0.0,0.07623959913620812,60.0,60.11979956810406,0.0
2024-07-31 01:10:00,2.0,0.0,0.07623085689837118,60.0,60.11542844918559,0.0
2024-07-31 01:11:00,2.0,0.0,0.07622211566298867,60.0,60.111057831494335,0.0
2024-07-31 01:12:00,2.0,1.92556,0.07621337542994562,60.0,60.10668771497281,1.0
2024-07-31 01:13:00,2.0,1.92556,0.07598383619912709,60.0,59.99191809956354,1.0
2024-07-31 01:14:00,2.0,0.0,0.07575432328909948,60.0,59.87716164454974,0.0
2024-07-31 01:15:00,2.0,0.0,0.07574563669684463,60.0,59.872818348422314,0.0
2024-07-31 01:16:00,2.0,0.0,0.07573695110066343,60.0,59.868475550331716,0.0
2024-07-31 01:17:00,2.0,0.0,0.07572826650044166,60.0,59.86413325022083,0.0
2024-07-31 01:18:00,2.0,0.0,0.07571958289606512,60.0,59.85979144803256,0.0
2024-07-31 01:19:00,2.0,0.0,0.07571090028741961,60.0,59.8554501437098,0.0
2024-07-31 01:20:00,2.0,0.0,0.07570221867439095,60.0,59.851109337195474,0.0
2024-07-31 01:21:00,2.0,11.553360000000001,0.07569353805686498,60.0,59.84676902843249,6.0
2024-07-31 01:22:00,2.0,0.0,0.07436005843472755,60.0,59.180029217363774,0.0
2024-07-31 01:23:00,2.0,0.0,0.07435153171995242,60.0,59.17576585997621,0.0
2024-07-31 01:24:00,2.0,0.0,0.07434300598291811,60.0,59.17150299145906,0.0
2024-07-31 01:25:00,2.0,0.0,0.07433448122351252,60.0,59.16724061175626,0.0
2024-07-31 01:26:00,2.0,0.0,0.07432595744162354,60.0,59.16297872081177,0.0
2024-07-31 01:27:00,2.0,0.0,0.07431743463713908,60.0,59.158717318569536,0.0
2024-07-31 01:28:00,2.0,1.92556,0.07430891280994704,60.0,59.15445640497352,1.0
2024-07-31 01:29:00,2.0,1.92556,0.0740795919599354,60.0,59.0397959799677,1.0
2024-07-31 01:30:00,2.0,0.0,0.07385029740567339,60.0,58.925148702836694,0.0
2024-07-31 01:31:00,2.0,0.0,0.07401383105527809,60.0,59.006915527639045,0.0
2024-07-31 01:32:00,2.0,0.0,0.07417734595281594,60.0,59.08867297640797,0.0
2024-07-31 01:33:00,2.0,0.0,0.07434084210043722,60.0,59.17042105021861,0.0
2024-07-31 01:34:00,2.0,0.0,0.07450431950029192,60.0,59.25215975014596,0.0
2024-07-31 01:35:00,2.0,0.0,0.07466777815452981,60.0,59.33388907726491,0.0
2024-07-31 01:36:00,2.0,11.553360000000001,0.07483121806530044,60.0,59.41560903265022,6.0
2024-07-31 01:37:00,2.0,0.0,0.07366983923475305,60.0,58.83491961737653,0.0
2024-07-31 01:38:00,2.0,0.0,0.07383339357712461,60.0,58.916696788562305,0.0
2024-07-31 01:39:00,2.0,0.0,0.07399692916505653,60.0,58.998464582528264,0.0
2024-07-31 01:40:00,2.0,0.0,0.07416044600069933,60.0,59.08022300034967,0.0
2024-07-31 01:41:00,2.0,0.0,0.07432394408620331,60.0,59.161972043101656,0.0
2024-07-31 01:42:00,2.0,0.0,0.07448742342371852,60.0,59.243711711859255,0.0
2024-07-31 01:43:00,2.0,0.0,0.07465088401539473,60.0,59.32544200769736,0.0
2024-07-31 01:44:00,2.0,0.0,0.0748143258633815,60.0,59.40716293169075,0.0
2024-07-31 01:45:00,2.0,0.0,0.07497774896982813,60.0,59.488874484914064,0.0
2024-07-31 01:46:00,2.0,0.0,0.07514115333688366,60.0,59.57057666844183,0.0
2024-07-31 01:47:00,2.0,0.0,0.07530453896669692,60.0,59.65226948334846,0.0
2024-07-31 01:48:00,2.0,0.0,0.07546790586141647,60.0,59.733952930708234,0.0
2024-07-31 01:49:00,2.0,0.0,0.07563125402319061,60.0,59.8156270115953,0.0
2024-07-31 01:50:00,2.0,0.0,0.07579458345416741,60.0,59.897291727083704,0.0
2024-07-31 01:51:00,2.0,11.553360000000001,0.07595789415649469,60.0,59.978947078247344,6.0
2024-07-31 01:52:00,2.0,11.553360000000001,0.07479638613232004,60.0,59.39819306616002,6.0
2024-07-31 01:53:00,2.0,0.0,0.07363501129587868,60.0,58.81750564793934,0.0
2024-07-31 01:54:00,2.0,0.0,0.07379856963189828,60.0,58.89928481594914,0.0
2024-07-31 01:55:00,2.0,0.0,0.07396210921302027,60.0,58.981054606510135,0.0
2024-07-31 01:56:00,2.0,0.0,0.07412563004139527,60.0,59.062815020697634,0.0
2024-07-31 01:57:00,2.0,0.0,0.07428913211917362,60.0,59.14456605958681,0.0
2024-07-31 01:58:00,2.0,0.0,0.07445261544850539,60.0,59.22630772425269,0.0
2024-07-31 01:59:00,2.0,0.0,0.07461608003154044,60.0,59.30804001577022,0.0
2024-07-31 02:00:00,2.0,0.0,0.07477952587042835,60.0,59.38976293521418,0.0
2024-07-31 02:01:00,2.0,0.0,0.07494295296731852,60.0,59.47147648365926,0.0
2024-07-31 02:02:00,2.0,0.0,0.07510636132436001,60.0,59.553180662180004,0.0
2024-07-31 02:03:00,2.0,0.0,0.0752697509437017,60.0,59.63487547185085,0.0
2024-07-31 02:04:00,2.0,0.0,0.07543312182749219,60.0,59.71656091374609,0.0
2024-07-31 02:05:00,2.0,0.0,0.07559647397787987,60.0,59.798236988939934,0.0
2024-07-31 02:06:00,2.0,1.92556,0.07575980739701284,60.0,59.87990369850642,1.0
2024-07-31 02:07:00,2.0,0.0,0.07570232208703898,60.0,59.85116104351949,0.0
2024-07-31 02:08:00,2.0,0.0,0.07586564336878725,60.0,59.93282168439362,0.0
2024-07-31 02:09:00,2.0,0.0,0.07602894592282046,60.0,60.01447296141023,0.0
2024-07-31 02:10:00,2.0,0.0,0.07619222975128606,60.0,60.09611487564303,0.0
2024-07-31 02:11:00,2.0,0.0,0.07635549485633131,60.0,60.17774742816565,0.0
2024-07-31 02:12:00,2.0,0.0,0.07651874124010316,60.0,60.25937062005158,0.0
2024-07-31 02:13:00,2.0,0.0,0.07668196890474835,60.0,60.34098445237417,0.0
2024-07-31 02:14:00,2.0,0.0,0.07684517785241336,60.0,60.42258892620668,0.0
2024-07-31 02:15:00,2.0,0.0,0.07700836808524443,60.0,60.504184042622214,0.0
2024-07-31 02:16:00,2.0,0.0,0.07717153960538754,60.0,60.58576980269377,0.0
2024-07-31 02:17:00,2.0,0.0,0.07733469241498846,60.0,60.66734620749423,0.0
2024-07-31 02:18:00,2.0,0.0,0.07749782651619266,60.0,60.74891325809633,0.0
2024-07-31 02:19:00,2.0,0.0,0.07766094191114542,60.0,60.83047095557271,0.0
2024-07-31 02:20:00,2.0,0.0,0.07782403860199172,60.0,60.91201930099586,0.0
2024-07-31 02:21:00,2.0,0.0,0.07798711659087634,60.0,60.99355829543817,0.0
2024-07-31 02:22:00,2.0,0.0,0.0781501758799438,60.0,61.0750879399719,0.0
2024-07-31 02:23:00,2.0,0.0,0.07814121456020601,60.0,61.070607280103005,0.0
2024-07-31 02:24:00,2.0,0.0,0.07813225426804431,60.0,61.06612713402215,0.0
2024-07-31 02:25:00,2.0,0.0,0.07812329500334086,60.0,61.06164750167043,0.0
2024-07-31 02:26:00,2.0,0.0,0.07811433676597784,60.0,61.05716838298892,0.0
2024-07-31 02:27:00,2.0,0.0,0.07810537955583745,60.0,61.05268977791872,0.0
2024-07-31 02:28:00,2.0,0.0,0.0780964233728019,60.0,61.04821168640095,0.0
2024-07-31 02:29:00,2.0,0.0,0.07808746821675341,60.0,61.043734108376704,0.0
2024-07-31 02:30:00,2.0,0.0,0.07807851408757424,60.0,61.03925704378712,0.0
2024-07-31 02:31:00,2.0,0.0,0.07806956098514661,60.0,61.034780492573304,0.0
2024-07-31 02:32:00,2.0,0.0,0.0780606089093528,60.0,61.030304454676404,0.0
2024-07-31 02:33:00,2.0,0.0,0.07805165786007509,60.0,61.02582893003755,0.0
2024-07-31 02:34:00,2.0,0.0,0.07804270783719577,60.0,61.02135391859789,0.0
2024-07-31 02:35:00,2.0,0.0,0.07803375884059714,60.0,61.01687942029857,0.0
2024-07-31 02:36:00,2.0,0.0,0.07802481087016153,60.0,61.012405435080765,0.0
2024-07-31 02:37:00,2.0,0.0,0.07801586392577126,60.0,61.00793196288563,0.0
2024-07-31 02:38:00,2.0,0.0,0.07800691800730868,60.0,61.003459003654335,0.0
2024-07-31 02:39:00,2.0,0.0,0.07799797311465613,60.0,60.99898655732807,0.0
2024-07-31 02:40:00,2.0,0.0,0.07798902924769603,60.0,60.99451462384801,0.0
2024-07-31 02:41:00,2.0,0.0,0.07798008640631073,60.0,60.99004320315536,0.0
2024-07-31 02:42:00,2.0,0.0,0.07797114459038262,60.0,60.98557229519131,0.0
2024-07-31 02:43:00,2.0,0.0,0.07796220379979414,60.0,60.98110189989707,0.0
2024-07-31 02:44:00,2.0,0.0,0.0779532640344277,60.0,60.97663201721385,0.0
2024-07-31 02:45:00,2.0,0.0,0.07794432529416576,60.0,60.972162647082875,0.0
2024-07-31 02:46:00,2.0,0.0,0.07793538757889074,60.0,60.96769378944537,0.0
2024-07-31 02:47:00,2.0,0.0,0.07792645088848514,60.0,60.96322544424257,0.0
2024-07-31 02:48:00,2.0,11.553360000000001,0.07791751522283141,60.0,60.958757611415706,6.0
2024-07-31 02:49:00,2.0,11.553360000000001,0.07658378058181207,60.0,60.29189029090604,6.0
2024-07-31 02:50:00,2.0,0.0,0.07525019887739753,60.0,59.62509943869877,0.0
2024-07-31 02:51:00,2.0,0.0,0.07524157009205086,60.0,59.62078504602543,0.0
2024-07-31 02:52:00,2.0,0.0,0.07523294229614925,60.0,59.61647114807462,0.0
2024-07-31 02:53:00,2.0,0.0,0.07522431548957921,60.0,59.612157744789606,0.0
2024-07-31 02:54:00,2.0,1.92556,0.07521568967222733,60.0,59.607844836113664,1.0
2024-07-31 02:55:00,2.0,0.0,0.07498626484398015,60.0,59.493132421990076,0.0
2024-07-31 02:56:00,2.0,1.92556,0.07497766632340559,60.0,59.48883316170279,1.0
2024-07-31 02:57:00,2.0,1.92556,0.07474826878880568,60.0,59.37413439440284,1.0
2024-07-31 02:58:00,2.0,0.0,0.07451889755874866,60.0,59.25944877937433,0.0
2024-07-31 02:59:00,2.0,0.0,0.07451035263021828,60.0,59.25517631510914,0.0
2024-07-31 03:00:00,2.0,0.0,0.07450180868151725,60.0,59.25090434075862,0.0
2024-07-31 03:01:00,2.0,0.0,0.07449326571253322,60.0,59.24663285626661,0.0
2024-07-31 03:02:00,2.0,0.0,0.07448472372315385,60.0,59.242361861576924,0.0
2024-07-31 03:03:00,2.0,0.0,0.07447618271326682,60.0,59.23809135663341,0.0
2024-07-31 03:04:00,2.0,0.0,0.07446764268275981,60.0,59.2338213413799,0.0
2024-07-31 03:05:00,2.0,0.0,0.07445910363152049,60.0,59.229551815760246,0.0
2024-07-31 03:06:00,2.0,0.0,0.07445056555943662,60.0,59.225282779718306,0.0
2024-07-31 03:07:00,2.0,0.0,0.07444202846639587,60.0,59.221014233197934,0.0
2024-07-31 03:08:00,2.0,0.0,0.07443349235228601,60.0,59.216746176143005,0.0
2024-07-31 03:09:00,2.0,0.0,0.07442495721699478,60.0,59.21247860849739,0.0
2024-07-31 03:10:00,2.0,0.0,0.07441642306040994,60.0,59.20821153020497,0.0
2024-07-31 03:11:00,2.0,0.0,0.07440788988241925,60.0,59.20394494120963,0.0
2024-07-31 03:12:00,2.0,0.0,0.07439935768291052,60.0,59.19967884145526,0.0
2024-07-31 03:13:00,2.0,0.0,0.07439082646177154,60.0,59.19541323088577,0.0
2024-07-31 03:14:00,2.0,0.0,0.07438229621889011,60.0,59.19114810944506,0.0
2024-07-31 03:15:00,2.0,0.0,0.07437376695415408,60.0,59.18688347707704,0.0
2024-07-31 03:16:00,2.0,0.0,0.07436523866745126,60.0,59.18261933372563,0.0
2024-07-31 03:17:00,2.0,0.0,0.07435671135866953,60.0,59.178355679334764,0.0
2024-07-31 03:18:00,2.0,0.0,0.07434818502769673,60.0,59.174092513848365,0.0
2024-07-31 03:19:00,2.0,0.0,0.07433965967442074,60.0,59.16982983721037,0.0
2024-07-31 03:20:00,2.0,0.0,0.07433113529872946,60.0,59.16556764936473,0.0
2024-07-31 03:21:00,2.0,0.0,0.07432261190051077,60.0,59.16130595025539,0.0
2024-07-31 03:22:00,2.0,0.0,0.07431408947965262,60.0,59.15704473982631,0.0
2024-07-31 03:23:00,2.0,0.0,0.07430556803604292,60.0,59.15278401802146,0.0
2024-07-31 03:24:00,2.0,0.0,0.0742970475695696,60.0,59.1485237847848,0.0
2024-07-31 03:25:00,2.0,0.0,0.07428852808012062,60.0,59.144264040060314,0.0
2024-07-31 03:26:00,2.0,0.0,0.07428000956758397,60.0,59.14000478379199,0.0
2024-07-31 03:27:00,2.0,0.0,0.0742714920318476,60.0,59.1357460159238,0.0
2024-07-31 03:28:00,1.0,0.0,0.07426297547279952,60.0,59.131487736399755,0.0
2024-07-31 03:29:00,1.0,0.0,0.07425445989032771,60.0,59.127229945163855,0.0
2024-07-31 03:30:00,1.0,0.0,0.07424594528432021,60.0,59.12297264216011,0.0
2024-07-31 03:31:00,1.0,0.0,0.07423743165466506,60.0,59.11871582733253,0.0
2024-07-31 03:32:00,1.0,0.0,0.0742289190012503,60.0,59.114459500625145,0.0
2024-07-31 03:33:00,1.0,0.0,0.07422040732396396,60.0,59.11020366198198,0.0
2024-07-31 03:34:00,1.0,0.0,0.07421189662269413,60.0,59.10594831134706,0.0
2024-07-31 03:35:00,1.0,0.0,0.07420338689732889,60.0,59.10169344866444,0.0
2024-07-31 03:36:00,1.0,0.0,0.07419487814775633,60.0,59.097439073878164,0.0
2024-07-31 03:37:00,2.0,0.0,0.07418637037386457,60.0,59.09318518693228,0.0
2024-07-31 03:38:00,2.0,0.0,0.07417786357554171,60.0,59.08893178777085,0.0
2024-07-31 03:39:00,2.0,0.0,0.07416935775267591,60.0,59.084678876337954,0.0
2024-07-31 03:40:00,2.0,0.0,0.0741608529051553,60.0,59.08042645257765,0.0
2024-07-31 03:41:00,2.0,0.0,0.07415234903286803,60.0,59.076174516434016,0.0
2024-07-31 03:42:00,2.0,0.0,0.0741438461357023,60.0,59.071923067851145,0.0
2024-07-31 03:43:00,2.0,0.0,0.07413534421354627,60.0,59.06767210677313,0.0
2024-07-31 03:44:00,2.0,0.0,0.07412684326628814,60.0,59.06342163314407,0.0
2024-07-31 03:45:00,2.0,0.0,0.07411834329381613,60.0,59.05917164690806,0.0
2024-07-31 03:46:00,2.0,0.0,0.07410984429601845,60.0,59.054922148009226,0.0
2024-07-31 03:47:00,2.0,0.0,0.07410134627278336,60.0,59.05067313639168,0.0
2024-07-31 03:48:00,2.0,0.0,0.0740928492239991,60.0,59.04642461199955,0.0
2024-07-31 03:49:00,2.0,0.0,0.07408435314955392,60.0,59.04217657477696,0.0
2024-07-31 03:50:00,2.0,0.0,0.07407585804933611,60.0,59.03792902466805,0.0
2024-07-31 03:51:00,2.0,0.0,0.07406736392323394,60.0,59.03368196161697,0.0
2024-07-31 03:52:00,2.0,0.0,0.07405887077113572,60.0,59.02943538556786,0.0
2024-07-31 03:53:00,2.0,0.0,0.07405037859292976,60.0,59.02518929646488,0.0
2024-07-31 03:54:00,2.0,0.0,0.0740418873885044,60.0,59.020943694252196,0.0
2024-07-31 03:55:00,2.0,0.0,0.07403339715774794,60.0,59.01669857887397,0.0
2024-07-31 03:56:00,2.0,0.0,0.07402490790054878,60.0,59.012453950274384,0.0
2024-07-31 03:57:00,2.0,0.0,0.07401641961679525,60.0,59.00820980839762,0.0
2024-07-31 03:58:00,2.0,0.0,0.07400793230637574,60.0,59.00396615318787,0.0
2024-07-31 03:59:00,2.0,0.0,0.07399944596917864,60.0,58.99972298458932,0.0
2024-07-31 04:00:00,2.0,0.0,0.0741629625162247,60.0,59.08148125811235,0.0
2024-07-31 04:01:00,2.0,0.0,0.07432646031316503,60.0,59.163230156582514,0.0
2024-07-31 04:02:00,2.0,0.0,0.07448993936214968,60.0,59.244969681074835,0.0
2024-07-31 04:03:00,2.0,0.0,0.07465339966532841,60.0,59.326699832664204,0.0
2024-07-31 04:04:00,2.0,0.0,0.07481684122485077,60.0,59.40842061242539,0.0
2024-07-31 04:05:00,2.0,0.0,0.07498026404286609,60.0,59.49013202143304,0.0
2024-07-31 04:06:00,2.0,0.0,0.07514366812152337,60.0,59.57183406076169,0.0
2024-07-31 04:07:00,2.0,0.0,0.07530705346297145,60.0,59.65352673148573,0.0
2024-07-31 04:08:00,2.0,0.0,0.07547042006935888,60.0,59.73521003467944,0.0
2024-07-31 04:09:00,2.0,0.0,0.07563376794283397,60.0,59.816883971416985,0.0
2024-07-31 04:10:00,2.0,1.92556,0.07579709708554477,60.0,59.89854854277239,1.0
2024-07-31 04:11:00,2.0,1.92556,0.07573960749963912,60.0,59.86980374981956,1.0
2024-07-31 04:12:00,2.0,0.0,0.0756821245059459,60.0,59.84106225297295,0.0
2024-07-31 04:13:00,2.0,0.0,0.07584544810370919,60.0,59.922724051854594,0.0
2024-07-31 04:14:00,2.0,0.0,0.07600875297349186,60.0,60.004376486745926,0.0
2024-07-31 04:15:00,2.0,0.0,0.07617203911744139,60.0,60.08601955872069,0.0
2024-07-31 04:16:00,2.0,0.0,0.07633530653770504,60.0,60.16765326885252,0.0
2024-07-31 04:17:00,2.0,0.0,0.07649855523642982,60.0,60.249277618214904,0.0
2024-07-31 04:18:00,2.0,0.0,0.07666178521576246,60.0,60.33089260788123,0.0
2024-07-31 04:19:00,2.0,11.553360000000001,0.07682499647784953,60.0,60.41249823892476,6.0
2024-07-31 04:20:00,2.0,11.553360000000001,0.07566338902483725,60.0,59.83169451241863,6.0
2024-07-31 04:21:00,2.0,0.0,0.07450191477095959,60.0,59.25095738547979,0.0
2024-07-31 04:22:00,2.0,0.0,0.07466537370094285,60.0,59.332686850471426,0.0
2024-07-31 04:23:00,2.0,0.0,0.07482881388742722,60.0,59.41440694371361,0.0
2024-07-31 04:24:00,2.0,0.0,0.07499223533256197,60.0,59.49611766628098,0.0
2024-07-31 04:25:00,2.0,0.0,0.07515563803849612,60.0,59.57781901924806,0.0
2024-07-31 04:26:00,2.0,0.0,0.07531902200737849,60.0,59.65951100368924,0.0
2024-07-31 04:27:00,2.0,0.0,0.07548238724135757,60.0,59.741193620678786,0.0
2024-07-31 04:28:00,2.0,13.47892,0.07564573374258168,60.0,59.82286687129084,7.0
2024-07-31 04:29:00,2.0,13.47892,0.07426346151319888,60.0,59.13173075659944,7.0
2024-07-31 04:30:00,2.0,0.0,0.07288134778612618,60.0,58.440673893063085,0.0
2024-07-31 04:31:00,1.0,0.0,0.07304499254318844,60.0,58.52249627159422,0.0
2024-07-31 04:32:00,1.0,0.0,0.07320861853544341,60.0,58.6043092677217,0.0
2024-07-31 04:33:00,1.0,0.0,0.07337222576504279,60.0,58.68611288252139,0.0
2024-07-31 04:34:00,1.0,0.0,0.07353581423413805,60.0,58.76790711706902,0.0
2024-07-31 04:35:00,1.0,0.0,0.07369938394488043,60.0,58.84969197244021,0.0
2024-07-31 04:36:00,1.0,0.0,0.0738629348994209,60.0,58.93146744971045,0.0
2024-07-31 04:37:00,1.0,0.0,0.07402646709991022,60.0,59.01323354995511,0.0
2024-07-31 04:38:00,1.0,0.0,0.07418998054849887,60.0,59.09499027424943,0.0
2024-07-31 04:39:00,1.0,0.0,0.07435347524733707,60.0,59.17673762366854,0.0
2024-07-31 04:40:00,1.0,0.0,0.07451695119857484,60.0,59.258475599287415,0.0
2024-07-31 04:41:00,1.0,0.0,0.0746804084043619,60.0,59.34020420218095,0.0
2024-07-31 04:42:00,1.0,0.0,0.07484384686684778,60.0,59.42192343342389,0.0
2024-07-31 04:43:00,1.0,0.0,0.07500726658818174,60.0,59.50363329409087,0.0
2024-07-31 04:44:00,1.0,0.0,0.07517066757051276,60.0,59.58533378525638,0.0
2024-07-31 04:45:00,1.0,0.0,0.07533404981598964,60.0,59.667024907994815,0.0
2024-07-31 04:46:00,1.0,0.0,0.07549741332676085,60.0,59.748706663380425,0.0
2024-07-31 04:47:00,1.0,0.0,0.07566075810497469,60.0,59.830379052487345,0.0
2024-07-31 04:48:00,1.0,0.0,0.07582408415277918,60.0,59.91204207638959,0.0
2024-07-31 04:49:00,1.0,0.0,0.0759873914723221,60.0,59.99369573616105,0.0
2024-07-31 04:50:00,1.0,0.0,0.07615068006575097,60.0,60.07534003287549,0.0
2024-07-31 04:51:00,1.0,0.0,0.07631394993521311,60.0,60.15697496760655,0.0
2024-07-31 04:52:00,1.0,0.0,0.07647720108285551,60.0,60.23860054142775,0.0
2024-07-31 04:53:00,1.0,0.0,0.07664043351082497,60.0,60.32021675541249,0.0
2024-07-31 04:54:00,1.0,0.0,0.07680364722126808,60.0,60.40182361063404,0.0
2024-07-31 04:55:00,2.0,0.0,0.0769668422163311,60.0,60.48342110816555,0.0
2024-07-31 04:56:00,2.0,0.0,0.0771300184981601,60.0,60.56500924908005,0.0
2024-07-31 04:57:00,2.0,0.0,0.07729317606890088,60.0,60.64658803445044,0.0
2024-07-31 04:58:00,2.0,0.0,0.077456314930699,60.0,60.7281574653495,0.0
2024-07-31 04:59:00,2.0,1.92556,0.07761943508569978,60.0,60.80971754284989,1.0
2024-07-31 05:00:00,2.0,1.92556,0.07756173653604828,60.0,60.78086826802414,1.0
2024-07-31 05:01:00,2.0,0.0,0.07750404460257067,60.0,60.752022301285336,0.0
2024-07-31 05:02:00,2.0,0.0,0.07766715928450828,60.0,60.833579642254136,0.0
2024-07-31 05:03:00,2.0,0.0,0.07783025526242118,60.0,60.91512763121059,0.0
2024-07-31 05:04:00,2.0,0.0,0.07799333253845415,60.0,60.99666626922708,0.0
2024-07-31 05:05:00,2.0,0.0,0.0781563911147517,60.0,61.07819555737585,0.0
2024-07-31 05:06:00,2.0,0.0,0.07814742908232573,60.0,61.073714541162865,0.0
2024-07-31 05:07:00,2.0,0.0,0.07813846807755757,60.0,61.06923403877879,0.0
2024-07-31 05:08:00,2.0,0.0,0.07812950810032937,60.0,61.06475405016469,0.0
2024-07-31 05:09:00,2.0,0.0,0.07812054915052331,60.0,61.06027457526166,0.0
2024-07-31 05:10:00,2.0,0.0,0.07811159122802158,60.0,61.05579561401079,0.0
2024-07-31 05:11:00,2.0,0.0,0.07810263433270638,60.0,61.051317166353186,0.0
2024-07-31 05:12:00,2.0,0.0,0.07809367846445991,60.0,61.04683923222996,0.0
2024-07-31 05:13:00,2.0,0.0,0.07808472362316442,60.0,61.04236181158221,0.0
2024-07-31 05:14:00,2.0,0.0,0.07807576980870214,60.0,61.03788490435107,0.0
2024-07-31 05:15:00,2.0,0.0,0.07806681702095532,60.0,61.033408510477656,0.0
2024-07-31 05:16:00,2.0,0.0,0.07805786525980624,60.0,61.02893262990312,0.0
2024-07-31 05:17:00,2.0,0.0,0.07804891452513717,60.0,61.02445726256858,0.0
2024-07-31 05:18:00,2.0,1.92556,0.07803996481683041,60.0,61.0199824084152,1.0
2024-07-31 05:19:00,2.0,1.92556,0.07781021613476827,60.0,60.905108067384134,1.0
2024-07-31 05:20:00,2.0,0.0,0.0775804937975144,60.0,60.790246898757204,0.0
2024-07-31 05:21:00,2.0,0.0,0.0775715978020479,60.0,60.78579890102395,0.0
2024-07-31 05:22:00,2.0,0.0,0.07756270282666688,60.0,60.78135141333344,0.0
2024-07-31 05:23:00,2.0,0.0,0.07755380887125436,60.0,60.77690443562718,0.0
2024-07-31 05:24:00,2.0,0.0,0.0775449159356934,60.0,60.7724579678467,0.0
2024-07-31 05:25:00,2.0,0.0,0.07753602401986705,60.0,60.76801200993352,0.0
2024-07-31 05:26:00,2.0,0.0,0.07752713312365836,60.0,60.76356656182918,0.0
2024-07-31 05:27:00,2.0,0.0,0.07751824324695043,60.0,60.75912162347522,0.0
2024-07-31 05:28:00,2.0,0.0,0.07750935438962638,60.0,60.75467719481318,0.0
2024-07-31 05:29:00,2.0,0.0,0.07750046655156927,60.0,60.75023327578463,0.0
2024-07-31 05:30:00,2.0,1.92556,0.07749157973266224,60.0,60.74578986633112,1.0
2024-07-31 05:31:00,2.0,1.92556,0.07726189393278846,60.0,60.63094696639423,1.0
2024-07-31 05:32:00,2.0,0.0,0.07703223447051237,60.0,60.51611723525618,0.0
2024-07-31 05:33:00,2.0,0.0,0.07702340134281388,60.0,60.51170067140694,0.0
2024-07-31 05:34:00,2.0,0.0,0.07701456922799198,60.0,60.507284613995985,0.0
2024-07-31 05:35:00,2.0,0.0,0.07700573812593048,60.0,60.50286906296524,0.0
2024-07-31 05:36:00,2.0,0.0,0.07699690803651327,60.0,60.49845401825663,0.0
2024-07-31 05:37:00,2.0,1.92556,0.07698807895962421,60.0,60.49403947981211,1.0
2024-07-31 05:38:00,2.0,0.0,0.07675845089514725,60.0,60.379225447573624,0.0
2024-07-31 05:39:00,2.0,0.0,0.07674964916164757,60.0,60.374824580823784,0.0
2024-07-31 05:40:00,2.0,0.0,0.07674084843742454,60.0,60.37042421871227,0.0
2024-07-31 05:41:00,2.0,0.0,0.07673204872236244,60.0,60.366024361181225,0.0
2024-07-31 05:42:00,2.0,0.0,0.07672325001634554,60.0,60.36162500817277,0.0
2024-07-31 05:43:00,2.0,0.0,0.07671445231925815,60.0,60.35722615962907,0.0
2024-07-31 05:44:00,2.0,0.0,0.07670565563098455,60.0,60.352827815492276,0.0
2024-07-31 05:45:00,2.0,0.0,0.0766968599514091,60.0,60.34842997570455,0.0
2024-07-31 05:46:00,1.0,0.0,0.07668806528041609,60.0,60.34403264020805,0.0
2024-07-31 05:47:00,1.0,0.0,0.07667927161788991,60.0,60.339635808944955,0.0
2024-07-31 05:48:00,1.0,0.0,0.0766704789637149,60.0,60.33523948185745,0.0
2024-07-31 05:49:00,2.0,0.0,0.07666168731777544,60.0,60.330843658887716,0.0
2024-07-31 05:50:00,2.0,0.0,0.07665289667995591,60.0,60.32644833997795,0.0
2024-07-31 05:51:00,2.0,0.0,0.07664410705014071,60.0,60.32205352507036,0.0
2024-07-31 05:52:00,2.0,0.0,0.07663531842821428,60.0,60.31765921410714,0.0
2024-07-31 05:53:00,2.0,0.0,0.07662653081406101,60.0,60.31326540703051,0.0
2024-07-31 05:54:00,2.0,0.0,0.07661774420756538,60.0,60.30887210378269,0.0
2024-07-31 05:55:00,2.0,0.0,0.07660895860861182,60.0,60.30447930430591,0.0
2024-07-31 05:56:00,2.0,0.0,0.07660017401708479,60.0,60.30008700854239,0.0
2024-07-31 05:57:00,2.0,0.0,0.07659139043286878,60.0,60.29569521643439,0.0
2024-07-31 05:58:00,2.0,0.0,0.07658260785584828,60.0,60.29130392792414,0.0
2024-07-31 05:59:00,2.0,0.0,0.07657382628590781,60.0,60.28691314295391,0.0
2024-07-31 06:00:00,2.0,0.0,0.07656504572293188,60.0,60.28252286146594,0.0
2024-07-31 06:01:00,2.0,0.0,0.07655626616680503,60.0,60.278133083402516,0.0
2024-07-31 06:02:00,2.0,0.0,0.0765474876174118,60.0,60.2737438087059,0.0
2024-07-31 06:03:00,2.0,0.0,0.07653871007463675,60.0,60.26935503731838,0.0
2024-07-31 06:04:00,2.0,0.0,0.07652993353836446,60.0,60.26496676918223,0.0
2024-07-31 06:05:00,2.0,0.0,0.0765211580084795,60.0,60.26057900423975,0.0
2024-07-31 06:06:00,2.0,0.0,0.0765123834848665,60.0,60.256191742433245,0.0
2024-07-31 06:07:00,2.0,0.0,0.07650360996741003,60.0,60.251804983705014,0.0
2024-07-31 06:08:00,2.0,0.0,0.07649483745599475,60.0,60.24741872799738,0.0
2024-07-31 06:09:00,2.0,0.0,0.07648606595050529,60.0,60.243032975252646,0.0
2024-07-31 06:10:00,1.0,0.0,0.07647729545082631,60.0,60.23864772541315,0.0
2024-07-31 06:11:00,1.0,0.0,0.07646852595684246,60.0,60.23426297842123,0.0
2024-07-31 06:12:00,1.0,0.0,0.07645975746843843,60.0,60.22987873421921,0.0
2024-07-31 06:13:00,1.0,0.0,0.07645098998549892,60.0,60.225494992749454,0.0
2024-07-31 06:14:00,1.0,0.0,0.0764422235079086,60.0,60.2211117539543,0.0
2024-07-31 06:15:00,1.0,0.0,0.07643345803555222,60.0,60.21672901777611,0.0
2024-07-31 06:16:00,1.0,0.0,0.07642469356831451,60.0,60.212346784157255,0.0
2024-07-31 06:17:00,1.0,0.0,0.07641593010608021,60.0,60.207965053040105,0.0
2024-07-31 06:18:00,1.0,0.0,0.07640716764873408,60.0,60.20358382436704,0.0
2024-07-31 06:19:00,1.0,0.0,0.07639840619616088,60.0,60.19920309808044,0.0
2024-07-31 06:20:00,1.0,0.0,0.07638964574824542,60.0,60.19482287412271,0.0
2024-07-31 06:21:00,1.0,0.0,0.07638088630487247,60.0,60.19044315243623,0.0
2024-07-31 06:22:00,1.0,1.92556,0.07637212786592684,60.0,60.18606393296342,1.0
2024-07-31 06:23:00,1.0,0.0,0.0761425704312934,60.0,60.0712852156467,0.0
2024-07-31 06:24:00,1.0,0.0,0.07613383931953825,60.0,60.06691965976913,0.0
2024-07-31 06:25:00,1.0,0.0,0.07612510920896172,60.0,60.06255460448086,0.0
2024-07-31 06:26:00,1.0,0.0,0.07611638009944899,60.0,60.058190049724494,0.0
2024-07-31 06:27:00,1.0,0.0,0.07610765199088527,60.0,60.05382599544264,0.0
2024-07-31 06:28:00,1.0,0.0,0.0760989248831558,60.0,60.049462441577894,0.0
2024-07-31 06:29:00,1.0,0.0,0.07609019877614577,60.0,60.045099388072884,0.0
2024-07-31 06:30:00,1.0,0.0,0.07608147366974048,60.0,60.04073683487024,0.0
2024-07-31 06:31:00,2.0,0.0,0.07607274956382518,60.0,60.036374781912585,0.0
2024-07-31 06:32:00,2.0,0.0,0.07606402645828512,60.0,60.032013229142564,0.0
2024-07-31 06:33:00,2.0,0.0,0.07605530435300563,60.0,60.02765217650281,0.0
2024-07-31 06:34:00,1.0,0.0,0.07604658324787197,60.0,60.02329162393599,0.0
2024-07-31 06:35:00,1.0,0.0,0.0760378631427695,60.0,60.01893157138475,0.0
2024-07-31 06:36:00,1.0,0.0,0.07602914403758351,60.0,60.01457201879175,0.0
2024-07-31 06:37:00,1.0,0.0,0.07602042593219936,60.0,60.01021296609968,0.0
2024-07-31 06:38:00,1.0,0.0,0.0760117088265024,60.0,60.0058544132512,0.0
2024-07-31 06:39:00,1.0,0.0,0.076002992720378,60.0,60.001496360189,0.0
2024-07-31 06:40:00,1.0,0.0,0.07599427761371155,60.0,59.99713880685577,0.0
2024-07-31 06:41:00,1.0,0.0,0.07598556350638844,60.0,59.992781753194215,0.0
2024-07-31 06:42:00,1.0,0.0,0.07597685039829405,60.0,59.988425199147024,0.0
2024-07-31 06:43:00,1.0,0.0,0.07596813828931383,60.0,59.984069144656914,0.0
2024-07-31 06:44:00,1.0,0.0,0.07595942717933321,60.0,59.9797135896666,0.0
2024-07-31 06:45:00,1.0,0.0,0.07595071706823762,60.0,59.97535853411881,0.0
2024-07-31 06:46:00,1.0,0.0,0.07594200795591255,60.0,59.97100397795627,0.0
2024-07-31 06:47:00,1.0,0.0,0.07593329984224345,60.0,59.96664992112172,0.0
2024-07-31 06:48:00,1.0,0.0,0.07592459272711581,60.0,59.962296363557904,0.0
2024-07-31 06:49:00,1.0,15.40448,0.07591588661041514,60.0,59.957943305207564,8.0
2024-07-31 06:50:00,1.0,17.33004,0.07414078149202694,60.0,59.070390746013466,9.0
2024-07-31 06:51:00,1.0,17.33004,0.07214507992128728,60.0,58.07253996064364,9.0
2024-07-31 06:52:00,1.0,15.40448,0.07032160910466945,60.0,57.160804552334724,8.0
2024-07-31 06:53:00,1.0,15.40448,0.0687191473816952,60.0,56.3595736908476,8.0
2024-07-31 06:54:00,1.0,15.40448,0.06711686940970685,60.0,55.558434704853426,8.0
2024-07-31 06:55:00,2.0,11.553360000000001,0.06551477516763407,60.0,54.757387583817035,6.0
2024-07-31 06:56:00,2.0,11.553360000000001,0.06435446463440893,60.0,54.177232317204464,6.0
2024-07-31 06:57:00,2.0,0.0,0.06319428715160326,60.0,53.59714357580163,0.0
2024-07-31 06:58:00,2.0,0.0,0.06335904270396045,60.0,53.67952135198023,0.0
2024-07-31 06:59:00,2.0,0.0,0.06352377936413774,60.0,53.76188968206887,0.0
2024-07-31 07:00:00,2.0,0.0,0.06368849713430143,60.0,53.844248567150714,0.0
2024-07-31 07:01:00,2.0,0.0,0.06385319601661761,60.0,53.92659800830881,0.0
2024-07-31 07:02:00,2.0,0.0,0.06401787601325212,60.0,54.00893800662606,0.0
2024-07-31 07:03:00,2.0,0.0,0.06418253712637052,60.0,54.09126856318526,0.0
2024-07-31 07:04:00,2.0,0.0,0.06434717935813816,60.0,54.17358967906908,0.0
2024-07-31 07:05:00,2.0,0.0,0.06451180271072011,60.0,54.25590135536006,0.0
2024-07-31 07:06:00,2.0,0.0,0.06467640718628125,60.0,54.33820359314062,0.0
2024-07-31 07:07:00,2.0,0.0,0.0648409927869861,60.0,54.42049639349305,0.0
2024-07-31 07:08:00,2.0,0.0,0.06500555951499906,60.0,54.50277975749953,0.0
2024-07-31 07:09:00,2.0,0.0,0.06517010737248422,60.0,54.585053686242105,0.0
2024-07-31 07:10:00,2.0,1.92556,0.06533463636160537,60.0,54.66731818080269,1.0
2024-07-31 07:11:00,2.0,1.92556,0.06527834648452617,60.0,54.639173242263084,1.0
2024-07-31 07:12:00,2.0,0.0,0.06522206306209126,60.0,54.611031531045626,0.0
2024-07-31 07:13:00,2.0,0.0,0.06538658609356049,60.0,54.69329304678024,0.0
2024-07-31 07:14:00,2.0,0.0,0.06555109025951249,60.0,54.775545129756246,0.0
2024-07-31 07:15:00,2.0,0.0,0.06571557556211055,60.0,54.85778778105527,0.0
2024-07-31 07:16:00,2.0,0.0,0.06588004200351766,60.0,54.94002100175883,0.0
2024-07-31 07:17:00,2.0,0.0,0.06604448958589662,60.0,55.02224479294831,0.0
2024-07-31 07:18:00,2.0,0.0,0.06620891831140993,60.0,55.104459155704966,0.0
2024-07-31 07:19:00,2.0,0.0,0.0663733281822199,60.0,55.18666409110995,0.0
2024-07-31 07:20:00,2.0,0.0,0.06653771920048854,60.0,55.26885960024427,0.0
2024-07-31 07:21:00,2.0,0.0,0.06670209136837764,60.0,55.35104568418882,0.0
2024-07-31 07:22:00,2.0,0.0,0.06686644468804873,60.0,55.433222344024365,0.0
2024-07-31 07:23:00,2.0,0.0,0.0670307791616631,60.0,55.515389580831545,0.0
2024-07-31 07:24:00,2.0,0.0,0.06719509479138178,60.0,55.59754739569089,0.0
2024-07-31 07:25:00,2.0,0.0,0.06735939157936556,60.0,55.67969578968278,0.0
2024-07-31 07:26:00,2.0,0.0,0.067523669527775,60.0,55.7618347638875,0.0
2024-07-31 07:27:00,1.0,0.0,0.06768792863877039,60.0,55.843964319385194,0.0
2024-07-31 07:28:00,1.0,0.0,0.06785216891451176,60.0,55.92608445725588,0.0
2024-07-31 07:29:00,1.0,0.0,0.06801639035715892,60.0,56.00819517857946,0.0
2024-07-31 07:30:00,1.0,0.0,0.06818059296887144,60.0,56.09029648443572,0.0
2024-07-31 07:31:00,1.0,0.0,0.0683447767518086,60.0,56.1723883759043,0.0
2024-07-31 07:32:00,1.0,0.0,0.06850894170812946,60.0,56.25447085406473,0.0
2024-07-31 07:33:00,1.0,0.0,0.06867308783999283,60.0,56.336543919996416,0.0
2024-07-31 07:34:00,1.0,0.0,0.06883721514955728,60.0,56.41860757477864,0.0
2024-07-31 07:35:00,1.0,0.0,0.06900132363898112,60.0,56.50066181949056,0.0
2024-07-31 07:36:00,1.0,0.0,0.06916541331042242,60.0,56.58270665521121,0.0
2024-07-31 07:37:00,1.0,0.0,0.069329484166039,60.0,56.6647420830195,0.0
2024-07-31 07:38:00,1.0,0.0,0.06949353620798843,60.0,56.746768103994214,0.0
2024-07-31 07:39:00,1.0,0.0,0.06965756943842803,60.0,56.82878471921401,0.0
2024-07-31 07:40:00,1.0,0.0,0.06982158385951487,60.0,56.91079192975744,0.0
2024-07-31 07:41:00,1.0,0.0,0.0699855794734058,60.0,56.9927897367029,0.0
2024-07-31 07:42:00,1.0,0.0,0.0701495562822574,60.0,57.0747781411287,0.0
2024-07-31 07:43:00,1.0,11.553360000000001,0.07031351428822599,60.0,57.156757144112994,6.0
2024-07-31 07:44:00,1.0,0.0,0.06915265349346766,60.0,56.576326746733834,0.0
2024-07-31 07:45:00,1.0,0.0,0.06931672581222618,60.0,56.65836290611309,0.0
2024-07-31 07:46:00,1.0,0.0,0.06948077931714977,60.0,56.740389658574884,0.0
2024-07-31 07:47:00,1.0,0.0,0.06964481401039578,60.0,56.82240700519789,0.0
2024-07-31 07:48:00,1.0,0.0,0.0698088298941213,60.0,56.904414947060644,0.0
2024-07-31 07:49:00,1.0,0.0,0.06997282697048317,60.0,56.986413485241584,0.0
2024-07-31 07:50:00,1.0,0.0,0.07013680524163801,60.0,57.06840262081901,0.0
2024-07-31 07:51:00,1.0,0.0,0.07030076470974217,60.0,57.150382354871084,0.0
2024-07-31 07:52:00,1.0,0.0,0.07046470537695175,60.0,57.23235268847588,0.0
2024-07-31 07:53:00,1.0,0.0,0.07062862724542263,60.0,57.31431362271131,0.0
2024-07-31 07:54:00,1.0,0.0,0.07079253031731039,60.0,57.3962651586552,0.0
2024-07-31 07:55:00,1.0,0.0,0.07095641459477042,60.0,57.47820729738521,0.0
2024-07-31 07:56:00,1.0,0.0,0.07112028007995784,60.0,57.56014003997892,0.0
2024-07-31 07:57:00,1.0,0.0,0.0712841267750275,60.0,57.64206338751375,0.0
2024-07-31 07:58:00,1.0,0.0,0.07144795468213404,60.0,57.72397734106702,0.0
2024-07-31 07:59:00,1.0,0.0,0.07161176380343184,60.0,57.80588190171592,0.0
2024-07-31 08:00:00,1.0,0.0,0.07177555414107502,60.0,57.88777707053751,0.0
2024-07-31 08:01:00,1.0,0.0,0.07193932569721748,60.0,57.969662848608735,0.0
2024-07-31 08:02:00,1.0,0.0,0.07210307847401282,60.0,58.05153923700641,0.0
2024-07-31 08:03:00,3.0,0.0,0.07226681247361447,60.0,58.13340623680723,0.0
2024-07-31 08:04:00,3.0,0.0,0.07243052769817554,60.0,58.21526384908777,0.0
2024-07-31 08:05:00,3.0,0.0,0.07259422414984894,60.0,58.29711207492447,0.0
2024-07-31 08:06:00,1.0,1.92556,0.07275790183078731,60.0,58.37895091539366,1.0
2024-07-31 08:07:00,1.0,1.92556,0.07270076074314308,60.0,58.35038037157154,1.0
2024-07-31 08:08:00,1.0,0.0,0.0726436262077497,60.0,58.321813103874845,0.0
2024-07-31 08:09:00,1.0,0.0,0.07280729822385583,60.0,58.40364911192791,0.0
2024-07-31 08:10:00,1.0,0.0,0.07297095147202892,60.0,58.48547573601446,0.0
2024-07-31 08:11:00,1.0,0.0,0.07313458595442104,60.0,58.56729297721052,0.0
2024-07-31 08:12:00,1.0,0.0,0.07329820167318403,60.0,58.64910083659201,0.0
2024-07-31 08:13:00,1.0,0.0,0.07346179863046948,60.0,58.73089931523474,0.0
2024-07-31 08:14:00,1.0,0.0,0.07362537682842872,60.0,58.81268841421436,0.0
2024-07-31 08:15:00,1.0,0.0,0.07378893626921285,60.0,58.89446813460642,0.0
2024-07-31 08:16:00,1.0,0.0,0.0739524769549727,60.0,58.97623847748635,0.0
2024-07-31 08:17:00,1.0,0.0,0.0741159988878589,60.0,59.05799944392945,0.0
2024-07-31 08:18:00,1.0,0.0,0.07427950207002178,60.0,59.13975103501089,0.0
2024-07-31 08:19:00,1.0,1.92556,0.07444298650361145,60.0,59.221493251805725,1.0
2024-07-31 08:20:00,1.0,0.0,0.07438565219077778,60.0,59.19282609538889,0.0
2024-07-31 08:21:00,3.0,11.553360000000001,0.07454912445235169,60.0,59.274562226175846,6.0
2024-07-31 08:22:00,3.0,11.553360000000001,0.073387777968898,60.0,58.693888984449,6.0
2024-07-31 08:23:00,3.0,0.0,0.07222656465465409,60.0,58.11328232732704,0.0
2024-07-31 08:24:00,3.0,0.0,0.07239028449434969,60.0,58.19514224717484,0.0
2024-07-31 08:25:00,3.0,0.0,0.0725539855606284,60.0,58.2769927803142,0.0
2024-07-31 08:26:00,3.0,0.0,0.07271766785564296,60.0,58.35883392782148,0.0
2024-07-31 08:27:00,3.0,0.0,0.07288133138154579,60.0,58.440665690772896,0.0
2024-07-31 08:28:00,3.0,0.0,0.07304497614048915,60.0,58.52248807024457,0.0
2024-07-31 08:29:00,3.0,0.0,0.07320860213462498,60.0,58.604301067312484,0.0
2024-07-31 08:30:00,3.0,0.0,0.073372209366105,60.0,58.6861046830525,0.0
2024-07-31 08:31:00,3.0,0.0,0.0735357978370807,60.0,58.76789891854035,0.0
2024-07-31 08:32:00,3.0,0.0,0.0736993675497033,60.0,58.84968377485165,0.0
2024-07-31 08:33:00,3.0,0.0,0.07386291850612378,60.0,58.93145925306189,0.0
2024-07-31 08:34:00,3.0,0.0,0.07402645070849287,60.0,59.01322535424644,0.0
2024-07-31 08:35:00,3.0,1.92556,0.07418996415896109,60.0,59.094982079480545,1.0
2024-07-31 08:36:00,3.0,1.92556,0.07413265885967864,60.0,59.06632942983932,1.0
2024-07-31 08:37:00,3.0,0.0,0.07407536013147688,60.0,59.037680065738435,0.0
2024-07-31 08:38:00,3.0,0.0,0.07423886797360227,60.0,59.119433986801134,0.0
2024-07-31 08:39:00,3.0,0.0,0.07440235706662011,60.0,59.201178533310056,0.0
2024-07-31 08:40:00,3.0,0.0,0.07456582741268032,60.0,59.28291370634016,0.0
2024-07-31 08:41:00,3.0,0.0,0.07472927901393257,60.0,59.364639506966284,0.0
2024-07-31 08:42:00,3.0,0.0,0.07489271187252629,60.0,59.446355936263146,0.0
2024-07-31 08:43:00,3.0,0.0,0.07505612599061066,60.0,59.52806299530533,0.0
2024-07-31 08:44:00,3.0,0.0,0.07521952137033464,60.0,59.609760685167316,0.0
2024-07-31 08:45:00,1.0,0.0,0.07538289801384687,60.0,59.691449006923435,0.0
2024-07-31 08:46:00,1.0,0.0,0.07554625592329584,60.0,59.773127961647916,0.0
2024-07-31 08:47:00,1.0,0.0,0.07570959510082972,60.0,59.85479755041486,0.0
2024-07-31 08:48:00,1.0,0.0,0.07587291554859647,60.0,59.93645777429823,0.0
2024-07-31 08:49:00,1.0,0.0,0.07603621726874378,60.0,60.01810863437189,0.0
2024-07-31 08:50:00,1.0,0.0,0.07619950026341912,60.0,60.09975013170956,0.0
2024-07-31 08:51:00,1.0,0.0,0.07636276453476971,60.0,60.181382267384855,0.0
2024-07-31 08:52:00,1.0,0.0,0.0765260100849425,60.0,60.26300504247125,0.0
2024-07-31 08:53:00,1.0,0.0,0.07668923691608422,60.0,60.344618458042106,0.0
2024-07-31 08:54:00,1.0,0.0,0.07685244503034133,60.0,60.426222515170664,0.0
2024-07-31 08:55:00,1.0,0.0,0.07701563442986008,60.0,60.507817214930036,0.0
2024-07-31 08:56:00,1.0,0.0,0.0771788051167864,60.0,60.5894025583932,0.0
2024-07-31 08:57:00,1.0,0.0,0.07734195709326609,60.0,60.670978546633044,0.0
2024-07-31 08:58:00,1.0,0.0,0.07750509036144461,60.0,60.7525451807223,0.0
2024-07-31 08:59:00,1.0,0.0,0.07766820492346717,60.0,60.834102461733586,0.0
2024-07-31 09:00:00,2.0,0.0,0.07783130078147882,60.0,60.91565039073941,0.0
2024-07-31 09:01:00,2.0,0.0,0.07799437793762427,60.0,60.99718896881214,0.0
2024-07-31 09:02:00,2.0,0.0,0.07815743639404807,60.0,61.07871819702403,0.0
2024-07-31 09:03:00,2.0,0.0,0.07814847424176208,60.0,61.07423712088104,0.0
2024-07-31 09:04:00,2.0,0.0,0.07813951311714763,60.0,61.069756558573815,0.0
2024-07-31 09:05:00,2.0,0.0,0.0781305530200869,60.0,61.06527651004345,0.0
2024-07-31 09:06:00,2.0,0.0,0.07812159395046205,60.0,61.06079697523102,0.0
2024-07-31 09:07:00,2.0,0.0,0.07811263590815526,60.0,61.05631795407763,0.0
2024-07-31 09:08:00,2.0,0.0,0.07810367889304873,60.0,61.05183944652436,0.0
2024-07-31 09:09:00,2.0,0.0,0.07809472290502469,60.0,61.04736145251234,0.0
2024-07-31 09:10:00,1.0,0.0,0.07808576794396534,60.0,61.04288397198267,0.0
2024-07-31 09:11:00,1.0,0.0,0.07807681400975294,60.0,61.03840700487647,0.0
2024-07-31 09:12:00,1.0,0.0,0.07806786110226974,60.0,61.033930551134866,0.0
2024-07-31 09:13:00,1.0,0.0,0.07805890922139799,60.0,61.029454610699,0.0
2024-07-31 09:14:00,1.0,0.0,0.07804995836702001,60.0,61.024979183510005,0.0
2024-07-31 09:15:00,1.0,0.0,0.07804100853901806,60.0,61.02050426950903,0.0
2024-07-31 09:16:00,1.0,0.0,0.07803205973727446,60.0,61.01602986863723,0.0
2024-07-31 09:17:00,1.0,0.0,0.07802311196167154,60.0,61.011555980835766,0.0
2024-07-31 09:18:00,1.0,0.0,0.0780141652120916,60.0,61.0070826060458,0.0
2024-07-31 09:19:00,1.0,0.0,0.07800521948841702,60.0,61.002609744208506,0.0
2024-07-31 09:20:00,1.0,0.0,0.07799627479053013,60.0,60.99813739526507,0.0
2024-07-31 09:21:00,1.0,0.0,0.07798733111831335,60.0,60.993665559156675,0.0
2024-07-31 09:22:00,1.0,0.0,0.07797838847164905,60.0,60.98919423582452,0.0
2024-07-31 09:23:00,1.0,0.0,0.07796944685041962,60.0,60.98472342520981,0.0
2024-07-31 09:24:00,1.0,0.0,0.07796050625450748,60.0,60.98025312725374,0.0
2024-07-31 09:25:00,1.0,0.0,0.07795156668379506,60.0,60.97578334189753,0.0
2024-07-31 09:26:00,1.0,0.0,0.07794262813816483,60.0,60.97131406908241,0.0
2024-07-31 09:27:00,1.0,0.0,0.07793369061749919,60.0,60.9668453087496,0.0
2024-07-31 09:28:00,1.0,0.0,0.07792475412168066,60.0,60.96237706084033,0.0
2024-07-31 09:29:00,1.0,0.0,0.0779158186505917,60.0,60.95790932529585,0.0
2024-07-31 09:30:00,1.0,1.92556,0.0779068842041148,60.0,60.9534421020574,1.0
2024-07-31 09:31:00,1.0,0.0,0.07767715078213248,60.0,60.83857539106624,0.0
2024-07-31 09:32:00,1.0,0.0,0.07766824370320859,60.0,60.834121851604294,0.0
2024-07-31 09:33:00,1.0,0.0,0.07765933764564109,60.0,60.829668822820544,0.0
2024-07-31 09:34:00,2.0,13.47892,0.07765043260931287,60.0,60.825216304656436,7.0
2024-07-31 09:35:00,2.0,1.92556,0.07609592859410684,60.0,60.04796429705342,1.0
2024-07-31 09:36:00,2.0,0.0,0.07586640283067511,60.0,59.93320141533756,0.0
2024-07-31 09:37:00,2.0,0.0,0.07585770338649005,60.0,59.92885169324502,0.0
2024-07-31 09:38:00,2.0,0.0,0.07584900493985232,60.0,59.92450246992616,0.0
2024-07-31 09:39:00,2.0,0.0,0.07584030749064756,60.0,59.92015374532378,0.0
2024-07-31 09:40:00,2.0,0.0,0.07583161103876139,60.0,59.9158055193807,0.0
2024-07-31 09:41:00,2.0,0.0,0.07582291558407946,60.0,59.91145779203973,0.0
2024-07-31 09:42:00,2.0,0.0,0.07581422112648739,60.0,59.9071105632437,0.0
2024-07-31 09:43:00,2.0,0.0,0.07580552766587088,60.0,59.90276383293544,0.0
2024-07-31 09:44:00,2.0,0.0,0.07579683520211561,60.0,59.8984176010578,0.0
2024-07-31 09:45:00,2.0,0.0,0.07578814373510724,60.0,59.89407186755362,0.0
2024-07-31 09:46:00,2.0,0.0,0.0757794532647315,60.0,59.88972663236575,0.0
2024-07-31 09:47:00,2.0,0.0,0.07577076379087411,60.0,59.88538189543705,0.0
2024-07-31 09:48:00,2.0,0.0,0.07576207531342079,60.0,59.88103765671039,0.0
2024-07-31 09:49:00,2.0,0.0,0.07575338783225728,60.0,59.87669391612864,0.0
2024-07-31 09:50:00,2.0,0.0,0.07574470134726935,60.0,59.87235067363467,0.0
2024-07-31 09:51:00,2.0,0.0,0.07573601585834276,60.0,59.86800792917138,0.0
2024-07-31 09:52:00,2.0,0.0,0.0757273313653633,60.0,59.86366568268165,0.0
2024-07-31 09:53:00,2.0,0.0,0.07571864786821676,60.0,59.85932393410838,0.0
2024-07-31 09:54:00,2.0,1.92556,0.07570996536678896,60.0,59.85498268339448,1.0
2024-07-31 09:55:00,2.0,1.92556,0.07548048386096573,60.0,59.74024193048287,1.0
2024-07-31 09:56:00,2.0,0.0,0.07525102866931421,60.0,59.625514334657105,0.0
2024-07-31 09:57:00,2.0,0.0,0.07524239978881701,60.0,59.621199894408505,0.0
2024-07-31 09:58:00,2.0,0.0,0.07523377189777578,60.0,59.616885948887884,0.0
2024-07-31 09:59:00,2.0,0.0,0.07522514499607702,60.0,59.61257249803851,0.0
2024-07-31 10:00:00,2.0,0.0,0.07521651908360734,60.0,59.60825954180367,0.0
2024-07-31 10:01:00,2.0,0.0,0.07520789416025328,60.0,59.60394708012664,0.0
2024-07-31 10:02:00,2.0,0.0,0.07519927022590141,60.0,59.5996351129507,0.0
2024-07-31 10:03:00,2.0,0.0,0.07519064728043832,60.0,59.59532364021916,0.0
2024-07-31 10:04:00,2.0,0.0,0.07518202532375065,60.0,59.591012661875325,0.0
2024-07-31 10:05:00,2.0,0.0,0.075173404355725,60.0,59.5867021778625,0.0
2024-07-31 10:06:00,2.0,0.0,0.07516478437624799,60.0,59.582392188124,0.0
2024-07-31 10:07:00,2.0,0.0,0.07515616538520628,60.0,59.57808269260314,0.0
2024-07-31 10:08:00,2.0,0.0,0.07514754738248652,60.0,59.57377369124326,0.0
2024-07-31 10:09:00,2.0,0.0,0.07513893036797539,60.0,59.569465183987695,0.0
2024-07-31 10:10:00,2.0,0.0,0.07513031434155958,60.0,59.565157170779784,0.0
2024-07-31 10:11:00,2.0,0.0,0.07512169930312575,60.0,59.560849651562876,0.0
2024-07-31 10:12:00,2.0,0.0,0.07511308525256065,60.0,59.556542626280326,0.0
2024-07-31 10:13:00,2.0,1.92556,0.075104472189751,60.0,59.5522360948755,1.0
2024-07-31 10:14:00,2.0,0.0,0.0748750601145835,60.0,59.43753005729175,0.0
2024-07-31 10:15:00,2.0,0.0,0.07486647434562628,60.0,59.433237172813136,0.0
2024-07-31 10:16:00,2.0,0.0,0.07485788956118149,60.0,59.42894478059074,0.0
2024-07-31 10:17:00,2.0,0.0,0.07484930576113624,60.0,59.42465288056812,0.0
2024-07-31 10:18:00,2.0,0.0,0.07484072294537768,60.0,59.42036147268884,0.0
2024-07-31 10:19:00,2.0,0.0,0.07483214111379292,60.0,59.416070556896464,0.0
2024-07-31 10:20:00,2.0,0.0,0.07482356026626913,60.0,59.41178013313456,0.0
2024-07-31 10:21:00,2.0,0.0,0.07481498040269345,60.0,59.407490201346725,0.0
2024-07-31 10:22:00,2.0,0.0,0.07480640152295305,60.0,59.403200761476526,0.0
2024-07-31 10:23:00,2.0,1.92556,0.07479782362693513,60.0,59.39891181346756,1.0
2024-07-31 10:24:00,2.0,1.92556,0.07456844671452689,60.0,59.28422335726344,1.0
2024-07-31 10:25:00,2.0,0.0,0.07433909610429684,60.0,59.16954805214842,0.0
2024-07-31 10:26:00,2.0,0.0,0.07433057179322898,60.0,59.16528589661449,0.0
2024-07-31 10:27:00,2.0,0.0,0.07432204845962631,60.0,59.16102422981316,0.0
2024-07-31 10:28:00,2.0,0.0,0.07431352610337676,60.0,59.15676305168838,0.0
2024-07-31 10:29:00,2.0,0.0,0.07430500472436825,60.0,59.15250236218412,0.0
2024-07-31 10:30:00,2.0,0.0,0.07429648432248873,60.0,59.14824216124436,0.0
2024-07-31 10:31:00,2.0,0.0,0.07428796489762614,60.0,59.14398244881307,0.0
2024-07-31 10:32:00,2.0,0.0,0.07427944644966845,60.0,59.13972322483423,0.0
2024-07-31 10:33:00,2.0,0.0,0.07427092897850367,60.0,59.13546448925183,0.0
2024-07-31 10:34:00,2.0,0.0,0.07426241248401975,60.0,59.131206242009874,0.0
2024-07-31 10:35:00,2.0,0.0,0.07425389696610472,60.0,59.12694848305236,0.0
2024-07-31 10:36:00,2.0,0.0,0.0742453824246466,60.0,59.122691212323296,0.0
2024-07-31 10:37:00,2.0,0.0,0.0742368688595334,60.0,59.1184344297667,0.0
2024-07-31 10:38:00,2.0,0.0,0.07422835627065319,60.0,59.1141781353266,0.0
2024-07-31 10:39:00,2.0,0.0,0.07421984465789401,60.0,59.10992232894701,0.0
2024-07-31 10:40:00,2.0,0.0,0.07421133402114394,60.0,59.10566701057197,0.0
2024-07-31 10:41:00,2.0,0.0,0.07420282436029106,60.0,59.10141218014553,0.0
2024-07-31 10:42:00,2.0,0.0,0.07419431567522347,60.0,59.09715783761173,0.0
2024-07-31 10:43:00,2.0,0.0,0.07418580796582927,60.0,59.092903982914635,0.0
2024-07-31 10:44:00,2.0,0.0,0.07417730123199659,60.0,59.0886506159983,0.0
2024-07-31 10:45:00,2.0,0.0,0.07416879547361357,60.0,59.084397736806785,0.0
2024-07-31 10:46:00,2.0,0.0,0.07416029069056834,60.0,59.08014534528417,0.0
2024-07-31 10:47:00,2.0,0.0,0.07415178688274908,60.0,59.07589344137454,0.0
2024-07-31 10:48:00,2.0,0.0,0.07414328405004393,60.0,59.071642025021966,0.0
2024-07-31 10:49:00,2.0,0.0,0.07413478219234111,60.0,59.06739109617055,0.0
2024-07-31 10:50:00,2.0,0.0,0.0741262813095288,60.0,59.063140654764396,0.0
2024-07-31 10:51:00,2.0,0.0,0.0741177814014952,60.0,59.058890700747604,0.0
2024-07-31 10:52:00,2.0,0.0,0.07410928246812859,60.0,59.05464123406429,0.0
2024-07-31 10:53:00,2.0,0.0,0.07410078450931713,60.0,59.05039225465857,0.0
2024-07-31 10:54:00,2.0,0.0,0.07409228752494913,60.0,59.046143762474564,0.0
2024-07-31 10:55:00,2.0,0.0,0.07408379151491282,60.0,59.04189575745641,0.0
2024-07-31 10:56:00,2.0,0.0,0.0740752964790965,60.0,59.03764823954825,0.0
2024-07-31 10:57:00,2.0,0.0,0.07406680241738843,60.0,59.033401208694215,0.0
2024-07-31 10:58:00,2.0,0.0,0.07405830932967693,60.0,59.029154664838465,0.0
2024-07-31 10:59:00,2.0,0.0,0.07404981721585031,60.0,59.024908607925155,0.0
2024-07-31 11:00:00,2.0,0.0,0.07404132607579689,60.0,59.020663037898444,0.0
2024-07-31 11:01:00,2.0,0.0,0.07403283590940501,60.0,59.016417954702504,0.0
2024-07-31 11:02:00,2.0,0.0,0.07402434671656304,60.0,59.012173358281515,0.0
2024-07-31 11:03:00,2.0,0.0,0.07401585849715932,60.0,59.00792924857966,0.0
2024-07-31 11:04:00,2.0,0.0,0.07400737125108224,60.0,59.00368562554112,0.0
2024-07-31 11:05:00,2.0,0.0,0.07399888497822019,60.0,58.999442489110095,0.0
2024-07-31 11:06:00,1.0,0.0,0.07416240158959393,60.0,59.08120079479696,0.0
2024-07-31 11:07:00,1.0,0.0,0.07432589945085455,60.0,59.162949725427275,0.0
2024-07-31 11:08:00,1.0,0.0,0.07448937856415211,60.0,59.24468928207605,0.0
2024-07-31 11:09:00,1.0,0.0,0.07465283893163638,60.0,59.32641946581819,0.0
2024-07-31 11:10:00,1.0,0.0,0.07481628055545693,60.0,59.408140277728464,0.0
2024-07-31 11:11:00,1.0,0.0,0.07497970343776304,60.0,59.48985171888152,0.0
2024-07-31 11:12:00,1.0,0.0,0.07514310758070376,60.0,59.57155379035188,0.0
2024-07-31 11:13:00,1.0,0.0,0.0753064929864279,60.0,59.65324649321395,0.0
2024-07-31 11:14:00,1.0,0.0,0.07546985965708401,60.0,59.73492982854201,0.0
2024-07-31 11:15:00,1.0,0.0,0.07563320759482042,60.0,59.81660379741021,0.0
2024-07-31 11:16:00,1.0,0.0,0.07579653680178518,60.0,59.89826840089259,0.0
2024-07-31 11:17:00,1.0,0.0,0.07595984728012611,60.0,59.979923640063056,0.0
2024-07-31 11:18:00,1.0,0.0,0.07612313903199079,60.0,60.061569515995394,0.0
2024-07-31 11:19:00,1.0,0.0,0.07628641205952655,60.0,60.14320602976327,0.0
2024-07-31 11:20:00,1.0,0.0,0.07644966636488044,60.0,60.22483318244022,0.0
2024-07-31 11:21:00,1.0,0.0,0.07661290195019933,60.0,60.306450975099665,0.0
2024-07-31 11:22:00,1.0,0.0,0.0767761188176298,60.0,60.3880594088149,0.0
2024-07-31 11:23:00,1.0,0.0,0.07693931696931817,60.0,60.469658484659085,0.0
2024-07-31 11:24:00,1.0,0.0,0.07710249640741056,60.0,60.55124820370528,0.0
2024-07-31 11:25:00,1.0,0.0,0.0772656571340528,60.0,60.6328285670264,0.0
2024-07-31 11:26:00,1.0,0.0,0.0774287991513905,60.0,60.71439957569525,0.0
2024-07-31 11:27:00,1.0,0.0,0.07759192246156904,60.0,60.79596123078452,0.0
2024-07-31 11:28:00,1.0,0.0,0.07775502706673351,60.0,60.87751353336675,0.0
2024-07-31 11:29:00,1.0,0.0,0.07791811296902877,60.0,60.959056484514385,0.0
2024-07-31 11:30:00,1.0,0.0,0.07808118017059945,60.0,61.040590085299726,0.0
2024-07-31 11:31:00,1.0,0.0,0.07807222676245758,60.0,61.03611338122879,0.0
2024-07-31 11:32:00,1.0,0.0,0.07806327438098458,60.0,61.03163719049229,0.0
2024-07-31 11:33:00,1.0,11.553360000000001,0.07805432302606273,60.0,61.027161513031366,6.0
2024-07-31 11:34:00,1.0,11.553360000000001,0.07672057269757432,60.0,60.360286348787156,6.0
2024-07-31 11:35:00,1.0,0.0,0.07538697530748956,60.0,59.693487653744775,0.0
2024-07-31 11:36:00,1.0,0.0,0.07537833083827129,60.0,59.68916541913565,0.0
2024-07-31 11:37:00,1.0,0.0,0.07536968736029652,60.0,59.68484368014826,0.0
2024-07-31 11:38:00,1.0,0.0,0.07536104487345158,60.0,59.68052243672579,0.0
2024-07-31 11:39:00,1.0,0.0,0.0753524033776228,60.0,59.6762016888114,0.0
2024-07-31 11:40:00,1.0,0.0,0.07534376287269656,60.0,59.67188143634828,0.0
2024-07-31 11:41:00,1.0,0.0,0.07533512335855921,60.0,59.66756167927961,0.0
2024-07-31 11:42:00,1.0,0.0,0.07532648483509717,60.0,59.66324241754859,0.0
2024-07-31 11:43:00,1.0,0.0,0.07531784730219683,60.0,59.65892365109841,0.0
2024-07-31 11:44:00,1.0,0.0,0.07530921075974459,60.0,59.654605379872294,0.0
2024-07-31 11:45:00,1.0,0.0,0.0753005752076269,60.0,59.650287603813446,0.0
2024-07-31 11:46:00,1.0,0.0,0.07529194064573018,60.0,59.64597032286509,0.0
2024-07-31 11:47:00,1.0,0.0,0.07528330707394089,60.0,59.641653536970445,0.0
2024-07-31 11:48:00,1.0,0.0,0.0752746744921455,60.0,59.637337246072754,0.0
2024-07-31 11:49:00,1.0,0.0,0.0752660429002305,60.0,59.63302145011525,0.0
2024-07-31 11:50:00,1.0,0.0,0.07525741229808236,60.0,59.62870614904118,0.0
2024-07-31 11:51:00,1.0,0.0,0.0752487826855876,60.0,59.6243913427938,0.0
2024-07-31 11:52:00,1.0,0.0,0.07524015406263272,60.0,59.62007703131636,0.0
2024-07-31 11:53:00,1.0,0.0,0.07523152642910427,60.0,59.61576321455214,0.0
2024-07-31 11:54:00,1.0,0.0,0.07522289978488882,60.0,59.611449892444405,0.0
2024-07-31 11:55:00,1.0,0.0,0.07521427412987286,60.0,59.60713706493643,0.0
2024-07-31 11:56:00,1.0,0.0,0.07520564946394302,60.0,59.60282473197151,0.0
2024-07-31 11:57:00,1.0,0.0,0.07519702578698585,60.0,59.598512893492924,0.0
2024-07-31 11:58:00,1.0,0.0,0.07518840309888797,60.0,59.59420154944398,0.0
2024-07-31 11:59:00,1.0,0.0,0.07517978139953596,60.0,59.58989069976798,0.0
2024-07-31 12:00:00,1.0,1.92556,0.07517116068881648,60.0,59.585580344408235,1.0
2024-07-31 12:01:00,1.0,1.92556,0.07494174096661613,60.0,59.47087048330806,1.0
2024-07-31 12:02:00,1.0,0.0,0.0747123475515029,60.0,59.35617377575145,0.0
2024-07-31 12:03:00,1.0,0.0,0.07470378044046021,60.0,59.3518902202301,0.0
2024-07-31 12:04:00,1.0,0.0,0.07469521431179049,60.0,59.34760715589525,0.0
2024-07-31 12:05:00,1.0,0.0,0.07468664916538112,60.0,59.343324582690556,0.0
2024-07-31 12:06:00,1.0,0.0,0.07467808500111944,60.0,59.33904250055972,0.0
2024-07-31 12:07:00,1.0,0.0,0.07466952181889285,60.0,59.33476090944642,0.0
2024-07-31 12:08:00,1.0,0.0,0.07466095961858872,60.0,59.33047980929436,0.0
2024-07-31 12:09:00,1.0,0.0,0.07465239840009447,60.0,59.326199200047235,0.0
2024-07-31 12:10:00,1.0,0.0,0.07464383816329752,60.0,59.32191908164876,0.0
2024-07-31 12:11:00,1.0,0.0,0.07463527890808529,60.0,59.31763945404264,0.0
2024-07-31 12:12:00,1.0,0.0,0.07462672063434522,60.0,59.31336031717261,0.0
2024-07-31 12:13:00,3.0,0.0,0.07461816334196479,60.0,59.309081670982394,0.0
2024-07-31 12:14:00,3.0,0.0,0.07460960703083146,60.0,59.30480351541573,0.0
2024-07-31 12:15:00,1.0,0.0,0.0746010517008327,60.0,59.30052585041635,0.0
2024-07-31 12:16:00,1.0,0.0,0.07459249735185601,60.0,59.296248675928005,0.0
2024-07-31 12:17:00,1.0,0.0,0.07458394398378891,60.0,59.29197199189446,0.0
2024-07-31 12:18:00,1.0,0.0,0.07457539159651891,60.0,59.287695798259456,0.0
2024-07-31 12:19:00,1.0,0.0,0.07456684018993355,60.0,59.28342009496677,0.0
2024-07-31 12:20:00,1.0,0.0,0.07455828976392037,60.0,59.279144881960185,0.0
2024-07-31 12:21:00,1.0,0.0,0.07454974031836693,60.0,59.274870159183465,0.0
2024-07-31 12:22:00,1.0,11.553360000000001,0.07454119185316081,60.0,59.270595926580405,6.0
2024-07-31 12:23:00,1.0,0.0,0.0732078443681896,60.0,58.6039221840948,0.0
2024-07-31 12:24:00,1.0,0.0,0.07337145168656115,60.0,58.68572584328057,0.0
2024-07-31 12:25:00,1.0,0.0,0.0735350402444184,60.0,58.7675201222092,0.0
2024-07-31 12:26:00,1.0,0.0,0.07369861004391258,60.0,58.84930502195629,0.0
2024-07-31 12:27:00,1.0,0.0,0.07386216108719469,60.0,58.931080543597346,0.0
2024-07-31 12:28:00,1.0,1.92556,0.07402569337641546,60.0,59.01284668820773,1.0
2024-07-31 12:29:00,1.0,0.0,0.07396840691372537,60.0,58.98420345686269,0.0
2024-07-31 12:30:00,1.0,0.0,0.07413192701995601,60.0,59.065963509978005,0.0
2024-07-31 12:31:00,1.0,0.0,0.07429542837567278,60.0,59.14771418783639,0.0
2024-07-31 12:32:00,1.0,0.0,0.07445891098302579,60.0,59.229455491512894,0.0
2024-07-31 12:33:00,1.0,0.0,0.07462237484416485,60.0,59.311187422082426,0.0
2024-07-31 12:34:00,1.0,0.0,0.07478581996123958,60.0,59.39290998061979,0.0
2024-07-31 12:35:00,1.0,0.0,0.07494924633639931,60.0,59.474623168199656,0.0
2024-07-31 12:36:00,1.0,0.0,0.07511265397179313,60.0,59.55632698589657,0.0
2024-07-31 12:37:00,1.0,0.0,0.0752760428695699,60.0,59.63802143478495,0.0
2024-07-31 12:38:00,1.0,0.0,0.07543941303187822,60.0,59.71970651593911,0.0
2024-07-31 12:39:00,1.0,0.0,0.07560276446086645,60.0,59.80138223043322,0.0
2024-07-31 12:40:00,1.0,0.0,0.07576609715868268,60.0,59.88304857934134,0.0
2024-07-31 12:41:00,1.0,0.0,0.07592941112747481,60.0,59.964705563737404,0.0
2024-07-31 12:42:00,1.0,0.0,0.07609270636939043,60.0,60.046353184695214,0.0
2024-07-31 12:43:00,1.0,0.0,0.07625598288657694,60.0,60.127991443288465,0.0
2024-07-31 12:44:00,1.0,1.92556,0.07641924068118143,60.0,60.20962034059072,1.0
2024-07-31 12:45:00,1.0,0.0,0.07636167975535083,60.0,60.18083987767541,0.0
2024-07-31 12:46:00,1.0,0.0,0.07652492542991304,60.0,60.26246271495652,0.0
2024-07-31 12:47:00,1.0,0.0,0.07668815238542992,60.0,60.34407619271496,0.0
2024-07-31 12:48:00,3.0,0.0,0.07685136062404793,60.0,60.425680312023964,0.0
2024-07-31 12:49:00,3.0,0.0,0.0770145501479133,60.0,60.50727507395665,0.0
2024-07-31 12:50:00,3.0,0.0,0.07717772095917202,60.0,60.58886047958601,0.0
2024-07-31 12:51:00,3.0,0.0,0.07734087305996983,60.0,60.67043652998491,0.0
2024-07-31 12:52:00,3.0,0.0,0.0775040064524522,60.0,60.7520032262261,0.0
2024-07-31 12:53:00,3.0,0.0,0.0776671211387644,60.0,60.83356056938219,0.0
2024-07-31 12:54:00,3.0,0.0,0.0778302171210514,60.0,60.915108560525695,0.0
2024-07-31 12:55:00,3.0,0.0,0.07799329440145795,60.0,60.99664720072898,0.0
2024-07-31 12:56:00,3.0,0.0,0.0781563529821286,60.0,61.0781764910643,0.0
2024-07-31 12:57:00,3.0,0.0,0.07814739095407522,60.0,61.07369547703761,0.0
2024-07-31 12:58:00,3.0,0.0,0.07813842995367916,60.0,61.069214976839575,0.0
2024-07-31 12:59:00,3.0,0.0,0.07812946998082254,60.0,61.06473499041127,0.0
2024-07-31 13:00:00,3.0,0.0,0.07812051103538757,60.0,61.06025551769378,0.0
2024-07-31 13:01:00,3.0,0.0,0.07811155311725643,60.0,61.05577655862821,0.0
2024-07-31 13:02:00,3.0,0.0,0.0781025962263113,60.0,61.051298113155646,0.0
2024-07-31 13:03:00,3.0,0.0,0.07809364036243442,60.0,61.04682018121721,0.0
2024-07-31 13:04:00,3.0,0.0,0.078084685525508,60.0,61.042342762754,0.0
2024-07-31 13:05:00,3.0,0.0,0.07807573171541429,60.0,61.037865857707146,0.0
2024-07-31 13:06:00,3.0,0.0,0.07806677893203556,60.0,61.03338946601778,0.0
2024-07-31 13:07:00,3.0,0.0,0.07805782717525406,60.0,61.02891358762703,0.0
2024-07-31 13:08:00,3.0,0.0,0.07804887644495208,60.0,61.024438222476036,0.0
2024-07-31 13:09:00,3.0,0.0,0.0780399267410119,60.0,61.01996337050595,0.0
2024-07-31 13:10:00,3.0,0.0,0.07803097806331584,60.0,61.01548903165792,0.0
2024-07-31 13:11:00,3.0,0.0,0.07802203041174623,60.0,61.011015205873115,0.0
2024-07-31 13:12:00,3.0,0.0,0.0780130837861854,60.0,61.0065418930927,0.0
2024-07-31 13:13:00,3.0,0.0,0.0780041381865157,60.0,61.00206909325785,0.0
2024-07-31 13:14:00,3.0,0.0,0.0779951936126195,60.0,60.99759680630975,0.0
2024-07-31 13:15:00,3.0,0.0,0.07798625006437916,60.0,60.99312503218958,0.0
2024-07-31 13:16:00,3.0,0.0,0.07797730754167707,60.0,60.98865377083854,0.0
2024-07-31 13:17:00,3.0,0.0,0.07796836604439566,60.0,60.98418302219783,0.0
2024-07-31 13:18:00,3.0,0.0,0.07795942557241733,60.0,60.979712786208665,0.0
2024-07-31 13:19:00,3.0,0.0,0.07795048612562451,60.0,60.975243062812254,0.0
2024-07-31 13:20:00,3.0,0.0,0.07794154770389965,60.0,60.97077385194982,0.0
2024-07-31 13:21:00,3.0,0.0,0.07793261030712519,60.0,60.966305153562594,0.0
2024-07-31 13:22:00,3.0,0.0,0.07792367393518361,60.0,60.96183696759181,0.0
2024-07-31 13:23:00,3.0,0.0,0.07791473858795742,60.0,60.95736929397871,0.0
2024-07-31 13:24:00,3.0,0.0,0.07790580426532909,60.0,60.95290213266454,0.0
2024-07-31 13:25:00,3.0,0.0,0.07789687096718112,60.0,60.94843548359056,0.0
2024-07-31 13:26:00,3.0,0.0,0.07788793869339605,60.0,60.943969346698026,0.0
2024-07-31 13:27:00,3.0,0.0,0.07787900744385644,60.0,60.93950372192822,0.0
2024-07-31 13:28:00,3.0,0.0,0.07787007721844483,60.0,60.93503860922241,0.0
2024-07-31 13:29:00,3.0,0.0,0.07786114801704376,60.0,60.93057400852188,0.0
2024-07-31 13:30:00,3.0,0.0,0.07785221983953583,60.0,60.92610991976792,0.0
2024-07-31 13:31:00,3.0,0.0,0.07784329268580363,60.0,60.921646342901816,0.0
2024-07-31 13:32:00,3.0,0.0,0.07783436655572977,60.0,60.917183277864886,0.0
2024-07-31 13:33:00,3.0,0.0,0.07782544144919686,60.0,60.91272072459843,0.0
2024-07-31 13:34:00,3.0,0.0,0.07781651736608754,60.0,60.90825868304377,0.0
2024-07-31 13:35:00,3.0,0.0,0.07780759430628446,60.0,60.90379715314223,0.0
2024-07-31 13:36:00,3.0,0.0,0.07779867226967026,60.0,60.89933613483513,0.0
2024-07-31 13:37:00,3.0,0.0,0.07778975125612764,60.0,60.894875628063815,0.0
2024-07-31 13:38:00,3.0,0.0,0.07778083126553925,60.0,60.890415632769624,0.0
2024-07-31 13:39:00,3.0,0.0,0.07777191229778782,60.0,60.88595614889391,0.0
2024-07-31 13:40:00,3.0,0.0,0.07776299435275606,60.0,60.88149717637803,0.0
2024-07-31 13:41:00,3.0,0.0,0.07775407743032671,60.0,60.87703871516335,0.0
2024-07-31 13:42:00,3.0,0.0,0.07774516153038248,60.0,60.87258076519124,0.0
2024-07-31 13:43:00,3.0,0.0,0.07773624665280614,60.0,60.868123326403065,0.0
2024-07-31 13:44:00,3.0,0.0,0.07772733279748044,60.0,60.86366639874022,0.0
2024-07-31 13:45:00,3.0,0.0,0.07771841996428819,60.0,60.859209982144094,0.0
2024-07-31 13:46:00,3.0,0.0,0.07770950815311216,60.0,60.85475407655608,0.0
2024-07-31 13:47:00,3.0,26.95784,0.07770059736383515,60.0,60.85029868191758,14.0
2024-07-31 13:48:00,3.0,26.95784,0.07460048759634001,60.0,59.30024379817001,14.0
2024-07-31 13:49:00,3.0,26.95784,0.07150073331204802,60.0,57.75036665602401,14.0
2024-07-31 13:50:00,3.0,26.95784,0.06857333638132901,60.0,56.28666819066451,14.0
2024-07-31 13:51:00,3.0,26.95784,0.06564627512918782,60.0,54.82313756459391,14.0
2024-07-31 13:52:00,3.0,26.95784,0.06271954951713286,60.0,53.35977475856643,14.0
2024-07-31 13:53:00,3.0,26.95784,0.059793159506677004,60.0,51.8965797533385,14.0
2024-07-31 13:54:00,3.0,26.95784,0.056867105059337494,60.0,50.433552529668745,14.0
2024-07-31 13:55:00,3.0,26.95784,0.05394138613663599,60.0,48.97069306831799,14.0
2024-07-31 13:56:00,3.0,26.95784,0.05101600270009858,60.0,47.50800135004929,14.0
2024-07-31 13:57:00,3.0,26.95784,0.04809095471125576,60.0,46.04547735562788,14.0
2024-07-31 13:58:00,3.0,26.95784,0.045166242131642435,60.0,44.58312106582122,14.0
2024-07-31 13:59:00,3.0,0.0,0.042241864922797905,60.0,43.12093246139895,0.0
2024-07-31 14:00:00,3.0,0.0,0.042409023046265905,60.0,43.20451152313295,0.0
2024-07-31 14:01:00,3.0,0.0,0.042576162002056106,60.0,43.288081001028054,0.0
2024-07-31 14:02:00,3.0,0.0,0.04274328179236643,60.0,43.371640896183216,0.0
2024-07-31 14:03:00,3.0,0.0,0.04291038241939454,60.0,43.45519120969727,0.0
2024-07-31 14:04:00,3.0,0.0,0.04307746388533785,60.0,43.538731942668925,0.0
2024-07-31 14:05:00,3.0,0.0,0.04324452619239352,60.0,43.62226309619676,0.0
2024-07-31 14:06:00,3.0,0.0,0.04341156934275847,60.0,43.705784671379234,0.0
2024-07-31 14:07:00,3.0,0.0,0.043578593338629346,60.0,43.78929666931467,0.0
2024-07-31 14:08:00,3.0,0.0,0.043745598182202555,60.0,43.87279909110128,0.0
2024-07-31 14:09:00,3.0,0.0,0.04391258387567426,60.0,43.95629193783713,0.0
2024-07-31 14:10:00,3.0,0.0,0.04407955042124036,60.0,44.03977521062018,0.0
2024-07-31 14:11:00,3.0,0.0,0.0442464978210965,60.0,44.12324891054825,0.0
2024-07-31 14:12:00,3.0,0.0,0.044413426077438076,60.0,44.20671303871904,0.0
2024-07-31 14:13:00,3.0,0.0,0.044580335192460255,60.0,44.29016759623013,0.0
2024-07-31 14:14:00,3.0,0.0,0.04474722516835791,60.0,44.37361258417896,0.0
2024-07-31 14:15:00,3.0,0.0,0.04491409600732571,60.0,44.457048003662855,0.0
2024-07-31 14:16:00,3.0,0.0,0.045080947711558024,60.0,44.54047385577901,0.0
2024-07-31 14:17:00,3.0,0.0,0.045247780283249016,60.0,44.62389014162451,0.0
2024-07-31 14:18:00,3.0,0.0,0.04541459372459255,60.0,44.707296862296275,0.0
2024-07-31 14:19:00,3.0,0.0,0.04558138803778228,60.0,44.79069401889114,0.0
2024-07-31 14:20:00,3.0,0.0,0.04574816322501158,60.0,44.87408161250579,0.0
2024-07-31 14:21:00,3.0,0.0,0.0459149192884736,60.0,44.9574596442368,0.0
2024-07-31 14:22:00,3.0,0.0,0.04608165623036121,60.0,45.0408281151806,0.0
2024-07-31 14:23:00,3.0,0.0,0.04624837405286704,60.0,45.12418702643352,0.0
2024-07-31 14:24:00,3.0,0.0,0.04641507275818347,60.0,45.207536379091735,0.0
2024-07-31 14:25:00,1.0,0.0,0.04658175234850265,60.0,45.29087617425132,0.0
2024-07-31 14:26:00,1.0,0.0,0.04674841282601643,60.0,45.37420641300822,0.0
2024-07-31 14:27:00,1.0,0.0,0.04691505419291646,60.0,45.45752709645823,0.0
2024-07-31 14:28:00,1.0,0.0,0.047081676451394106,60.0,45.54083822569705,0.0
2024-07-31 14:29:00,1.0,0.0,0.04724827960364048,60.0,45.62413980182024,0.0
2024-07-31 14:30:00,1.0,0.0,0.047414863651846474,60.0,45.70743182592324,0.0
2024-07-31 14:31:00,1.0,0.0,0.04758142859820269,60.0,45.790714299101346,0.0
2024-07-31 14:32:00,1.0,0.0,0.04774797444489951,60.0,45.873987222449756,0.0
2024-07-31 14:33:00,1.0,0.0,0.04791450119412704,60.0,45.95725059706352,0.0
2024-07-31 14:34:00,1.0,0.0,0.04808100884807516,60.0,46.04050442403758,0.0
2024-07-31 14:35:00,1.0,0.0,0.048247497408933485,60.0,46.12374870446674,0.0
2024-07-31 14:36:00,1.0,0.0,0.04841396687889137,60.0,46.206983439445686,0.0
2024-07-31 14:37:00,1.0,0.0,0.04858041726013793,60.0,46.29020863006897,0.0
2024-07-31 14:38:00,1.0,0.0,0.04874684855486204,60.0,46.37342427743102,0.0
2024-07-31 14:39:00,1.0,0.0,0.048913260765252306,60.0,46.45663038262615,0.0
2024-07-31 14:40:00,1.0,0.0,0.0490796538934971,60.0,46.53982694674855,0.0
2024-07-31 14:41:00,1.0,0.0,0.0492460279417845,60.0,46.62301397089225,0.0
2024-07-31 14:42:00,1.0,0.0,0.049412382912302405,60.0,46.7061914561512,0.0
2024-07-31 14:43:00,1.0,0.0,0.0495787188072384,60.0,46.7893594036192,0.0
2024-07-31 14:44:00,1.0,0.0,0.04974503562877986,60.0,46.87251781438993,0.0
2024-07-31 14:45:00,1.0,0.0,0.049911333379113874,60.0,46.955666689556935,0.0
2024-07-31 14:46:00,3.0,0.0,0.0500776120604273,60.0,47.03880603021365,0.0
2024-07-31 14:47:00,3.0,0.0,0.05024387167490676,60.0,47.12193583745338,0.0
2024-07-31 14:48:00,3.0,0.0,0.05041011222473858,60.0,47.20505611236929,0.0
2024-07-31 14:49:00,3.0,0.0,0.050576333712108894,60.0,47.288166856054445,0.0
2024-07-31 14:50:00,3.0,0.0,0.050742536139203535,60.0,47.37126806960177,0.0
2024-07-31 14:51:00,3.0,0.0,0.050908719508208126,60.0,47.45435975410406,0.0
2024-07-31 14:52:00,1.0,0.0,0.051074883821307995,60.0,47.537441910653996,0.0
2024-07-31 14:53:00,1.0,0.0,0.05124102908068825,60.0,47.620514540344125,0.0
2024-07-31 14:54:00,1.0,0.0,0.05140715528853376,60.0,47.70357764426688,0.0
2024-07-31 14:55:00,1.0,0.0,0.051573262447029096,60.0,47.78663122351455,0.0
2024-07-31 14:56:00,1.0,0.0,0.05173935055835863,60.0,47.86967527917931,0.0
2024-07-31 14:57:00,1.0,0.0,0.05190541962470644,60.0,47.95270981235322,0.0
2024-07-31 14:58:00,1.0,0.0,0.052071469648256395,60.0,48.0357348241282,0.0
2024-07-31 14:59:00,1.0,0.0,0.05223750063119209,60.0,48.118750315596046,0.0
2024-07-31 15:00:00,1.0,0.0,0.05240351257569688,60.0,48.20175628784844,0.0
2024-07-31 15:01:00,1.0,0.0,0.05256950548395385,60.0,48.284752741976924,0.0
2024-07-31 15:02:00,1.0,0.0,0.05273547935814584,60.0,48.36773967907292,0.0
2024-07-31 15:03:00,1.0,0.0,0.05290143420045547,60.0,48.450717100227735,0.0
2024-07-31 15:04:00,1.0,11.553360000000001,0.05306737001306507,60.0,48.53368500653254,6.0
2024-07-31 15:05:00,1.0,11.553360000000001,0.051908486798156746,60.0,47.95424339907837,6.0
2024-07-31 15:06:00,1.0,0.0,0.050749736470000244,60.0,47.37486823500012,0.0
2024-07-31 15:07:00,1.0,0.0,0.05091591901335772,60.0,47.45795950667886,0.0
2024-07-31 15:08:00,1.0,0.0,0.05108208250090516,60.0,47.54104125045258,0.0
2024-07-31 15:09:00,1.0,0.0,0.051248226934827654,60.0,47.62411346741383,0.0
2024-07-31 15:10:00,1.0,0.0,0.05141435231731005,60.0,47.707176158655024,0.0
2024-07-31 15:11:00,1.0,0.0,0.051580458650536926,60.0,47.79022932526846,0.0
2024-07-31 15:12:00,1.0,0.0,0.05174654593669263,60.0,47.87327296834631,0.0
2024-07-31 15:13:00,1.0,0.0,0.05191261417796123,60.0,47.956307088980616,0.0
2024-07-31 15:14:00,1.0,0.0,0.05207866337652659,60.0,48.039331688263296,0.0
2024-07-31 15:15:00,1.0,0.0,0.05224469353457228,60.0,48.12234676728614,0.0
2024-07-31 15:16:00,1.0,0.0,0.052410704654281645,60.0,48.20535232714082,0.0
2024-07-31 15:17:00,1.0,0.0,0.05257669673783776,60.0,48.28834836891888,0.0
2024-07-31 15:18:00,1.0,0.0,0.05274266978742349,60.0,48.37133489371175,0.0
2024-07-31 15:19:00,1.0,0.0,0.0529086238052214,60.0,48.4543119026107,0.0
2024-07-31 15:20:00,1.0,0.0,0.053074558793413815,60.0,48.53727939670691,0.0
2024-07-31 15:21:00,1.0,0.0,0.053240474754182844,60.0,48.62023737709142,0.0
2024-07-31 15:22:00,1.0,0.0,0.05340637168971031,60.0,48.703185844855156,0.0
2024-07-31 15:23:00,1.0,0.0,0.05357224960217781,60.0,48.7861248010889,0.0
2024-07-31 15:24:00,1.0,0.0,0.05373810849376666,60.0,48.86905424688333,0.0
2024-07-31 15:25:00,1.0,0.0,0.05390394836665796,60.0,48.95197418332898,0.0
2024-07-31 15:26:00,1.0,0.0,0.05406976922303254,60.0,49.03488461151627,0.0
2024-07-31 15:27:00,1.0,1.92556,0.05423557106507099,60.0,49.11778553253549,1.0
2024-07-31 15:28:00,1.0,1.92556,0.05418055389495363,60.0,49.090276947476816,1.0
2024-07-31 15:29:00,1.0,0.0,0.05412554303354189,60.0,49.062771516770944,0.0
2024-07-31 15:30:00,1.0,0.0,0.05429133848011233,60.0,49.145669240056165,0.0
2024-07-31 15:31:00,1.0,0.0,0.054457114915260334,60.0,49.22855745763017,0.0
2024-07-31 15:32:00,1.0,0.0,0.05462287234116589,60.0,49.311436170582944,0.0
2024-07-31 15:33:00,1.0,0.0,0.05478861076000875,60.0,49.394305380004376,0.0
2024-07-31 15:34:00,1.0,0.0,0.05495433017396843,60.0,49.477165086984215,0.0
2024-07-31 15:35:00,1.0,0.0,0.05512003058522416,60.0,49.56001529261208,0.0
2024-07-31 15:36:00,1.0,0.0,0.05528571199595496,60.0,49.64285599797748,0.0
2024-07-31 15:37:00,1.0,0.0,0.05545137440833956,60.0,49.72568720416978,0.0
2024-07-31 15:38:00,1.0,0.0,0.05561701782455647,60.0,49.808508912278235,0.0
2024-07-31 15:39:00,1.0,0.0,0.055782642246783955,60.0,49.891321123391975,0.0
2024-07-31 15:40:00,1.0,0.0,0.05594824767719999,60.0,49.97412383859999,0.0
2024-07-31 15:41:00,1.0,0.0,0.056113834117982354,60.0,50.056917058991175,0.0
2024-07-31 15:42:00,1.0,0.0,0.05627940157130853,60.0,50.13970078565426,0.0
2024-07-31 15:43:00,1.0,1.92556,0.056444950039355776,60.0,50.22247501967789,1.0
2024-07-31 15:44:00,1.0,0.0,0.05638967952430109,60.0,50.19483976215054,0.0
2024-07-31 15:45:00,1.0,0.0,0.05655521534700256,60.0,50.27760767350128,0.0
2024-07-31 15:46:00,1.0,0.0,0.05672073218805211,60.0,50.360366094026055,0.0
2024-07-31 15:47:00,1.0,0.0,0.05688623004962635,60.0,50.443115024813174,0.0
2024-07-31 15:48:00,1.0,0.0,0.057051708933901595,60.0,50.5258544669508,0.0
2024-07-31 15:49:00,1.0,0.0,0.057217168843053945,60.0,50.60858442152697,0.0
2024-07-31 15:50:00,1.0,0.0,0.05738260977925923,60.0,50.69130488962961,0.0
2024-07-31 15:51:00,1.0,0.0,0.05754803174469305,60.0,50.774015872346524,0.0
2024-07-31 15:52:00,1.0,0.0,0.057713434741530734,60.0,50.85671737076537,0.0
2024-07-31 15:53:00,1.0,0.0,0.05787881877194738,60.0,50.93940938597369,0.0
2024-07-31 15:54:00,1.0,0.0,0.05804418383811782,60.0,51.02209191905891,0.0
2024-07-31 15:55:00,1.0,0.0,0.05820952994221665,60.0,51.104764971108324,0.0
2024-07-31 15:56:00,1.0,0.0,0.0583748570864182,60.0,51.1874285432091,0.0
2024-07-31 15:57:00,1.0,0.0,0.058540165272896585,60.0,51.270082636448294,0.0
2024-07-31 15:58:00,1.0,0.0,0.05870545450382564,60.0,51.35272725191282,0.0
2024-07-31 15:59:00,1.0,0.0,0.058870724781378954,60.0,51.43536239068948,0.0
2024-07-31 16:00:00,1.0,0.0,0.059035976107729864,60.0,51.51798805386493,0.0
2024-07-31 16:01:00,1.0,0.0,0.05920120848505148,60.0,51.60060424252574,0.0
2024-07-31 16:02:00,1.0,0.0,0.05936642191551664,60.0,51.68321095775832,0.0
2024-07-31 16:03:00,1.0,0.0,0.059531616401297956,60.0,51.765808200648976,0.0
2024-07-31 16:04:00,1.0,0.0,0.05969679194456775,60.0,51.848395972283875,0.0
2024-07-31 16:05:00,1.0,0.0,0.05986194854749815,60.0,51.93097427374907,0.0
2024-07-31 16:06:00,1.0,0.0,0.06002708621226097,60.0,52.013543106130484,0.0
2024-07-31 16:07:00,1.0,0.0,0.06019220494102784,60.0,52.09610247051392,0.0
2024-07-31 16:08:00,1.0,0.0,0.060357304735970105,60.0,52.17865236798505,0.0
2024-07-31 16:09:00,1.0,0.0,0.060522385599258856,60.0,52.26119279962943,0.0
2024-07-31 16:10:00,1.0,0.0,0.06068744753306496,60.0,52.34372376653248,0.0
2024-07-31 16:11:00,1.0,0.0,0.06085249053955902,60.0,52.42624526977951,0.0
2024-07-31 16:12:00,1.0,0.0,0.06101751462091139,60.0,52.50875731045569,0.0
2024-07-31 16:13:00,1.0,0.0,0.06118251977929216,60.0,52.59125988964608,0.0
2024-07-31 16:14:00,1.0,0.0,0.06134750601687122,60.0,52.67375300843561,0.0
2024-07-31 16:15:00,1.0,0.0,0.06151247333581817,60.0,52.756236667909086,0.0
2024-07-31 16:16:00,1.0,0.0,0.06167742173830236,60.0,52.83871086915118,0.0
2024-07-31 16:17:00,1.0,0.0,0.0618423512264929,60.0,52.92117561324645,0.0
2024-07-31 16:18:00,1.0,0.0,0.06200726180255866,60.0,53.00363090127933,0.0
2024-07-31 16:19:00,1.0,0.0,0.06217215346866826,60.0,53.08607673433413,0.0
2024-07-31 16:20:00,1.0,0.0,0.06233702622699005,60.0,53.168513113495024,0.0
2024-07-31 16:21:00,1.0,0.0,0.06250188007969215,60.0,53.25094003984608,0.0
2024-07-31 16:22:00,1.0,0.0,0.06266671502894244,60.0,53.333357514471224,0.0
2024-07-31 16:23:00,1.0,0.0,0.06283153107690854,60.0,53.415765538454274,0.0
2024-07-31 16:24:00,1.0,0.0,0.06299632822575782,60.0,53.49816411287891,0.0
2024-07-31 16:25:00,1.0,0.0,0.0631611064776574,60.0,53.5805532388287,0.0
2024-07-31 16:26:00,1.0,0.0,0.06332586583477415,60.0,53.662932917387074,0.0
2024-07-31 16:27:00,1.0,0.0,0.06349060629927471,60.0,53.74530314963735,0.0
2024-07-31 16:28:00,1.0,0.0,0.06365532787332544,60.0,53.82766393666272,0.0
2024-07-31 16:29:00,1.0,0.0,0.06382003055909248,60.0,53.910015279546236,0.0
2024-07-31 16:30:00,1.0,0.0,0.0639847143587417,60.0,53.99235717937085,0.0
2024-07-31 16:31:00,1.0,1.92556,0.06414937927443874,60.0,54.07468963721937,1.0
2024-07-31 16:32:00,1.0,0.0,0.06409322530834899,60.0,54.046612654174496,0.0
2024-07-31 16:33:00,1.0,0.0,0.06425787778131889,60.0,54.12893889065944,0.0
2024-07-31 16:34:00,1.0,0.0,0.06442251137392878,60.0,54.211255686964385,0.0
2024-07-31 16:35:00,1.0,0.0,0.0645871260883436,60.0,54.293563044171805,0.0
2024-07-31 16:36:00,1.0,0.0,0.06475172192672812,60.0,54.37586096336406,0.0
2024-07-31 16:37:00,1.0,0.0,0.0649162988912468,60.0,54.4581494456234,0.0
2024-07-31 16:38:00,1.0,0.0,0.06508085698406386,60.0,54.54042849203193,0.0
2024-07-31 16:39:00,1.0,0.0,0.06524539620734328,60.0,54.62269810367164,0.0
2024-07-31 16:40:00,1.0,0.0,0.0654099165632488,60.0,54.70495828162439,0.0
2024-07-31 16:41:00,1.0,0.0,0.06557441805394387,60.0,54.78720902697194,0.0
2024-07-31 16:42:00,1.0,0.0,0.06573890068159177,60.0,54.869450340795886,0.0
2024-07-31 16:43:00,1.0,0.0,0.06590336444835547,60.0,54.95168222417774,0.0
2024-07-31 16:44:00,1.0,0.0,0.06606780935639771,60.0,55.03390467819885,0.0
2024-07-31 16:45:00,1.0,0.0,0.06623223540788097,60.0,55.11611770394048,0.0
2024-07-31 16:46:00,1.0,0.0,0.0663966426049675,60.0,55.19832130248375,0.0
2024-07-31 16:47:00,1.0,0.0,0.0665610309498193,60.0,55.28051547490965,0.0
2024-07-31 16:48:00,1.0,0.0,0.06672540044459811,60.0,55.362700222299054,0.0
2024-07-31 16:49:00,1.0,0.0,0.06688975109146543,60.0,55.444875545732714,0.0
2024-07-31 16:50:00,1.0,0.0,0.06705408289258251,60.0,55.52704144629126,0.0
2024-07-31 16:51:00,1.0,0.0,0.06721839585011036,60.0,55.60919792505518,0.0
2024-07-31 16:52:00,1.0,0.0,0.06738268996620973,60.0,55.69134498310486,0.0
2024-07-31 16:53:00,1.0,0.0,0.06754696524304112,60.0,55.77348262152056,0.0
2024-07-31 16:54:00,1.0,0.0,0.0677112216827648,60.0,55.8556108413824,0.0
2024-07-31 16:55:00,1.0,1.92556,0.0678754592875408,60.0,55.937729643770396,1.0
2024-07-31 16:56:00,1.0,1.92556,0.06781887805952884,60.0,55.90943902976442,1.0
2024-07-31 16:57:00,1.0,0.0,0.0677623033195698,60.0,55.8811516597849,0.0
2024-07-31 16:58:00,1.0,11.553360000000001,0.06792653506691969,60.0,55.96326753345984,6.0
2024-07-31 16:59:00,1.0,0.0,0.0667659479821533,60.0,55.382973991076646,0.0
2024-07-31 17:00:00,1.0,0.0,0.06693029397951797,60.0,55.465146989758985,0.0
2024-07-31 17:01:00,1.0,0.0,0.06709462113166556,60.0,55.54731056583278,0.0
2024-07-31 17:02:00,1.0,0.0,0.06725892944075702,60.0,55.62946472037851,0.0
2024-07-31 17:03:00,1.0,0.0,0.067423218908953,60.0,55.7116094544765,0.0
2024-07-31 17:04:00,1.0,0.0,0.067587489538414,60.0,55.793744769206995,0.0
2024-07-31 17:05:00,1.0,0.0,0.06775174133130017,60.0,55.87587066565008,0.0
2024-07-31 17:06:00,1.0,0.0,0.0679159742897715,60.0,55.95798714488575,0.0
2024-07-31 17:07:00,1.0,0.0,0.06808018841598767,60.0,56.04009420799384,0.0
2024-07-31 17:08:00,1.0,0.0,0.06824438371210816,60.0,56.12219185605408,0.0
2024-07-31 17:09:00,1.0,1.92556,0.06840856018029216,60.0,56.20428009014608,1.0
2024-07-31 17:10:00,1.0,0.0,0.06835191782269863,60.0,56.17595891134931,0.0
2024-07-31 17:11:00,1.0,0.0,0.0685160819601676,60.0,56.2580409800838,0.0
2024-07-31 17:12:00,1.0,0.0,0.06868022727327298,60.0,56.34011363663649,0.0
2024-07-31 17:13:00,1.0,0.0,0.06884435376417332,60.0,56.42217688208666,0.0
2024-07-31 17:14:00,1.0,0.0,0.06900846143502694,60.0,56.504230717513465,0.0
2024-07-31 17:15:00,1.0,0.0,0.06917255028799185,60.0,56.58627514399593,0.0
2024-07-31 17:16:00,1.0,0.0,0.0693366203252259,60.0,56.668310162612954,0.0
2024-07-31 17:17:00,1.0,0.0,0.06950067154888666,60.0,56.75033577444333,0.0
2024-07-31 17:18:00,1.0,0.0,0.0696647039611314,60.0,56.832351980565704,0.0
2024-07-31 17:19:00,1.0,0.0,0.06982871756411722,60.0,56.91435878205861,0.0
2024-07-31 17:20:00,1.0,1.92556,0.06999271236000094,60.0,56.99635618000047,1.0
2024-07-31 17:21:00,1.0,0.0,0.06993588835093911,60.0,56.967944175469555,0.0
2024-07-31 17:22:00,1.0,0.0,0.07009987085776939,60.0,57.049935428884694,0.0
2024-07-31 17:23:00,1.0,0.0,0.07026383456106329,60.0,57.131917280531646,0.0
2024-07-31 17:24:00,1.0,0.0,0.07042777946297697,60.0,57.213889731488486,0.0
2024-07-31 17:25:00,1.0,0.0,0.07059170556566637,60.0,57.29585278283318,0.0
2024-07-31 17:26:00,1.0,0.0,0.07075561287128711,60.0,57.377806435643556,0.0
2024-07-31 17:27:00,1.0,0.0,0.07091950138199467,60.0,57.45975069099733,0.0
2024-07-31 17:28:00,1.0,11.553360000000001,0.07108337109994417,60.0,57.54168554997209,6.0
2024-07-31 17:29:00,1.0,0.0,0.06992242202729057,60.0,56.96121101364528,0.0
2024-07-31 17:30:00,1.0,0.0,0.07008640607827646,60.0,57.04320303913823,0.0
2024-07-31 17:31:00,3.0,0.0,0.0702503713255489,60.0,57.12518566277445,0.0
2024-07-31 17:32:00,3.0,0.0,0.07041431777126408,60.0,57.20715888563204,0.0
2024-07-31 17:33:00,3.0,0.0,0.07057824541757793,60.0,57.289122708788966,0.0
2024-07-31 17:34:00,3.0,0.0,0.07074215426664615,60.0,57.37107713332308,0.0
2024-07-31 17:35:00,3.0,0.0,0.07090604432062418,60.0,57.45302216031209,0.0
2024-07-31 17:36:00,3.0,0.0,0.0710699155816672,60.0,57.5349577908336,0.0
2024-07-31 17:37:00,3.0,0.0,0.07123376805193017,60.0,57.616884025965085,0.0
2024-07-31 17:38:00,3.0,0.0,0.07139760173356778,60.0,57.69880086678389,0.0
2024-07-31 17:39:00,3.0,0.0,0.07156141662873451,60.0,57.78070831436725,0.0
2024-07-31 17:40:00,1.0,0.0,0.07172521273958454,60.0,57.86260636979227,0.0
2024-07-31 17:41:00,1.0,0.0,0.07188899006827182,60.0,57.94449503413591,0.0
2024-07-31 17:42:00,1.0,0.0,0.0720527486169501,60.0,58.02637430847505,0.0
2024-07-31 17:43:00,1.0,0.0,0.07221648838777281,60.0,58.10824419388641,0.0
2024-07-31 17:44:00,1.0,0.0,0.07238020938289319,60.0,58.19010469144659,0.0
2024-07-31 17:45:00,1.0,1.92556,0.07254391160446419,60.0,58.27195580223209,1.0
2024-07-31 17:46:00,1.0,1.92556,0.07248679505463855,60.0,58.243397527319274,1.0
2024-07-31 17:47:00,1.0,0.0,0.07242968505425006,60.0,58.21484252712503,0.0
2024-07-31 17:48:00,1.0,0.0,0.0725933816025477,60.0,58.296690801273854,0.0
2024-07-31 17:49:00,1.0,0.0,0.07275705938009926,60.0,58.378529690049625,0.0
2024-07-31 17:50:00,1.0,0.0,0.0729207183890571,60.0,58.46035919452855,0.0
2024-07-31 17:51:00,1.0,0.0,0.0730843586315734,60.0,58.542179315786704,0.0
2024-07-31 17:52:00,1.0,0.0,0.07324798010980009,60.0,58.62399005490004,0.0
2024-07-31 17:53:00,1.0,0.0,0.07341158282588879,60.0,58.70579141294439,0.0
2024-07-31 17:54:00,1.0,0.0,0.07357516678199093,60.0,58.787583390995465,0.0
2024-07-31 17:55:00,1.0,0.0,0.07373873198025768,60.0,58.86936599012884,0.0
2024-07-31 17:56:00,1.0,0.0,0.07390227842283997,60.0,58.951139211419985,0.0
2024-07-31 17:57:00,1.0,0.0,0.07406580611188848,60.0,59.03290305594424,0.0
2024-07-31 17:58:00,1.0,0.0,0.07422931504955362,60.0,59.11465752477681,0.0
2024-07-31 17:59:00,1.0,0.0,0.07439280523798558,60.0,59.19640261899279,0.0
2024-07-31 18:00:00,1.0,0.0,0.07455627667933432,60.0,59.27813833966716,0.0
2024-07-31 18:01:00,1.0,0.0,0.0747197293757495,60.0,59.35986468787475,0.0
2024-07-31 18:02:00,1.0,0.0,0.07488316332938057,60.0,59.44158166469028,0.0
2024-07-31 18:03:00,1.0,0.0,0.07504657854237673,60.0,59.52328927118836,0.0
2024-07-31 18:04:00,1.0,0.0,0.07520997501688692,60.0,59.60498750844346,0.0
2024-07-31 18:05:00,1.0,0.0,0.07537335275505984,60.0,59.68667637752992,0.0
2024-07-31 18:06:00,1.0,0.0,0.07553671175904397,60.0,59.768355879521984,0.0
2024-07-31 18:07:00,1.0,0.0,0.07570005203098751,60.0,59.850026015493754,0.0
2024-07-31 18:08:00,1.0,0.0,0.07586337357303842,60.0,59.93168678651921,0.0
2024-07-31 18:09:00,1.0,0.0,0.07602667638734442,60.0,60.01333819367221,0.0
2024-07-31 18:10:00,1.0,0.0,0.07618996047605299,60.0,60.094980238026494,0.0
2024-07-31 18:11:00,1.0,0.0,0.07635322584131135,60.0,60.17661292065567,0.0
2024-07-31 18:12:00,1.0,0.0,0.07651647248526648,60.0,60.25823624263324,0.0
2024-07-31 18:13:00,1.0,0.0,0.07667970041006511,60.0,60.339850205032555,0.0
2024-07-31 18:14:00,1.0,0.0,0.07684290961785374,60.0,60.42145480892687,0.0
2024-07-31 18:15:00,1.0,0.0,0.07700610011077859,60.0,60.503050055389295,0.0
2024-07-31 18:16:00,1.0,0.0,0.07716927189098567,60.0,60.584635945492835,0.0
2024-07-31 18:17:00,1.0,1.92556,0.07733242496062073,60.0,60.666212480310364,1.0
2024-07-31 18:18:00,1.0,0.0,0.07727475932182926,60.0,60.637379660914625,0.0
2024-07-31 18:19:00,1.0,1.92556,0.07743790029543783,60.0,60.718950147718914,1.0
2024-07-31 18:20:00,1.0,0.0,0.07738022256200691,60.0,60.69011128100345,0.0
2024-07-31 18:21:00,1.0,0.0,0.0775433514423629,60.0,60.77167572118145,0.0
2024-07-31 18:22:00,1.0,1.92556,0.07770646161706612,60.0,60.85323080853306,1.0
2024-07-31 18:23:00,1.0,1.92556,0.07764875308826148,60.0,60.82437654413074,1.0
2024-07-31 18:24:00,1.0,0.0,0.07759105117677502,60.0,60.795525588387505,0.0
2024-07-31 18:25:00,1.0,0.0,0.0777541558818479,60.0,60.877077940923954,0.0
2024-07-31 18:26:00,1.0,0.0,0.07791724188404016,60.0,60.958620942020076,0.0
2024-07-31 18:27:00,1.0,1.92556,0.07808030918549635,60.0,61.04015459274817,1.0
2024-07-31 18:28:00,1.0,1.92556,0.07785055587722854,60.0,60.92527793861427,1.0
2024-07-31 18:29:00,1.0,0.0,0.07762082891429949,60.0,60.81041445714974,0.0
2024-07-31 18:30:00,1.0,0.0,0.0776119282936882,60.0,60.8059641468441,0.0
2024-07-31 18:31:00,1.0,0.0,0.07760302869369273,60.0,60.80151434684637,0.0
2024-07-31 18:32:00,1.0,0.0,0.0775941301141961,60.0,60.797065057098045,0.0
2024-07-31 18:33:00,1.0,0.0,0.07758523255508123,60.0,60.79261627754062,0.0
2024-07-31 18:34:00,1.0,0.0,0.07757633601623115,60.0,60.788168008115576,0.0
2024-07-31 18:35:00,1.0,0.0,0.07756744049752887,60.0,60.78372024876443,0.0
2024-07-31 18:36:00,1.0,0.0,0.07755854599885738,60.0,60.77927299942869,0.0
2024-07-31 18:37:00,1.0,0.0,0.07754965252009975,60.0,60.77482626004988,0.0
2024-07-31 18:38:00,1.0,0.0,0.07754076006113901,60.0,60.770380030569505,0.0
2024-07-31 18:39:00,1.0,0.0,0.07753186862185824,60.0,60.76593431092912,0.0
2024-07-31 18:40:00,1.0,0.0,0.07752297820214049,60.0,60.76148910107025,0.0
2024-07-31 18:41:00,1.0,0.0,0.07751408880186887,60.0,60.75704440093443,0.0
2024-07-31 18:42:00,1.0,0.0,0.07750520042092646,60.0,60.75260021046323,0.0
2024-07-31 18:43:00,1.0,0.0,0.0774963130591964,60.0,60.7481565295982,0.0
2024-07-31 18:44:00,1.0,0.0,0.0774874267165618,60.0,60.7437133582809,0.0
2024-07-31 18:45:00,1.0,0.0,0.07747854139290582,60.0,60.739270696452905,0.0
2024-07-31 18:46:00,1.0,1.92556,0.07746965708811158,60.0,60.734828544055794,1.0
2024-07-31 18:47:00,1.0,1.92556,0.07723997380206231,60.0,60.619986901031155,1.0
2024-07-31 18:48:00,1.0,0.0,0.07701031685332246,60.0,60.50515842666123,0.0
2024-07-31 18:49:00,1.0,0.0,0.07700148623887203,60.0,60.50074311943601,0.0
2024-07-31 18:50:00,1.0,0.0,0.07699265663700995,60.0,60.49632831850497,0.0
2024-07-31 18:51:00,1.0,0.0,0.07698382804762012,60.0,60.49191402381006,0.0
2024-07-31 18:52:00,1.0,11.553360000000001,0.07697500047058646,60.0,60.48750023529323,6.0
2024-07-31 18:53:00,1.0,11.553360000000001,0.0756413739057929,60.0,59.820686952896445,6.0
2024-07-31 18:54:00,1.0,0.0,0.07430790026521125,60.0,59.15395013260562,0.0
2024-07-31 18:55:00,1.0,0.0,0.07429937953130601,60.0,59.14968976565301,0.0
2024-07-31 18:56:00,1.0,0.0,0.07429085977445579,60.0,59.1454298872279,0.0
2024-07-31 18:57:00,1.0,0.0,0.07428234099454854,60.0,59.141170497274274,0.0
2024-07-31 18:58:00,1.0,0.0,0.07427382319147224,60.0,59.13691159573612,0.0
2024-07-31 18:59:00,1.0,0.0,0.07426530636511489,60.0,59.13265318255744,0.0
2024-07-31 19:00:00,1.0,0.0,0.07425679051536446,60.0,59.12839525768223,0.0
2024-07-31 19:01:00,1.0,0.0,0.074248275642109,60.0,59.1241378210545,0.0
2024-07-31 19:02:00,1.0,0.0,0.07423976174523651,60.0,59.11988087261825,0.0
2024-07-31 19:03:00,1.0,0.0,0.07423124882463504,60.0,59.11562441231752,0.0
2024-07-31 19:04:00,1.0,0.0,0.07422273688019265,60.0,59.11136844009633,0.0
2024-07-31 19:05:00,1.0,0.0,0.07421422591179741,60.0,59.10711295589871,0.0
2024-07-31 19:06:00,1.0,0.0,0.07420571591933739,60.0,59.1028579596687,0.0
2024-07-31 19:07:00,1.0,0.0,0.0741972069027007,60.0,59.09860345135034,0.0
2024-07-31 19:08:00,1.0,0.0,0.0741886988617754,60.0,59.094349430887696,0.0
2024-07-31 19:09:00,1.0,0.0,0.07418019179644963,60.0,59.09009589822482,0.0
2024-07-31 19:10:00,1.0,0.0,0.07417168570661153,60.0,59.08584285330576,0.0
2024-07-31 19:11:00,1.0,0.0,0.07416318059214923,60.0,59.081590296074616,0.0
2024-07-31 19:12:00,1.0,0.0,0.0741546764529509,60.0,59.07733822647545,0.0
2024-07-31 19:13:00,1.0,0.0,0.07414617328890469,60.0,59.073086644452346,0.0
2024-07-31 19:14:00,1.0,0.0,0.0741376710998988,60.0,59.0688355499494,0.0
2024-07-31 19:15:00,1.0,0.0,0.07412916988582141,60.0,59.064584942910706,0.0
2024-07-31 19:16:00,1.0,0.0,0.07412066964656074,60.0,59.060334823280364,0.0
2024-07-31 19:17:00,1.0,0.0,0.07411217038200497,60.0,59.05608519100249,0.0
2024-07-31 19:18:00,1.0,0.0,0.0741036720920424,60.0,59.0518360460212,0.0
2024-07-31 19:19:00,1.0,0.0,0.07409517477656123,60.0,59.04758738828062,0.0
2024-07-31 19:20:00,1.0,0.0,0.07408667843544975,60.0,59.04333921772487,0.0
2024-07-31 19:21:00,1.0,0.0,0.07407818306859618,60.0,59.03909153429809,0.0
2024-07-31 19:22:00,1.0,0.0,0.07406968867588884,60.0,59.03484433794442,0.0
2024-07-31 19:23:00,1.0,0.0,0.07406119525721601,60.0,59.03059762860801,0.0
2024-07-31 19:24:00,1.0,0.0,0.07405270281246602,60.0,59.02635140623301,0.0
2024-07-31 19:25:00,1.0,0.0,0.0740442113415272,60.0,59.022105670763594,0.0
2024-07-31 19:26:00,1.0,0.0,0.07403572084428783,60.0,59.01786042214392,0.0
2024-07-31 19:27:00,1.0,0.0,0.07402723132063632,60.0,59.01361566031816,0.0
2024-07-31 19:28:00,1.0,0.0,0.07401874277046099,60.0,59.009371385230494,0.0
2024-07-31 19:29:00,1.0,0.0,0.07401025519365025,60.0,59.00512759682512,0.0
2024-07-31 19:30:00,1.0,0.0,0.07400176859009244,60.0,59.00088429504622,0.0
2024-07-31 19:31:00,1.0,0.0,0.073993282959676,60.0,58.996641479838,0.0
2024-07-31 19:32:00,1.0,0.0,0.07415680021342166,60.0,59.07840010671083,0.0
2024-07-31 19:33:00,1.0,0.0,0.07432029871698057,60.0,59.16014935849028,0.0
2024-07-31 19:34:00,1.0,0.0,0.07448377847250273,60.0,59.24188923625137,0.0
2024-07-31 19:35:00,1.0,0.0,0.07464723948213799,60.0,59.323619741068995,0.0
2024-07-31 19:36:00,1.0,0.0,0.07481068174803587,60.0,59.40534087401794,0.0
2024-07-31 19:37:00,1.0,0.0,0.07497410527234571,60.0,59.487052636172855,0.0
2024-07-31 19:38:00,1.0,0.0,0.07513751005721653,60.0,59.568755028608265,0.0
2024-07-31 19:39:00,1.0,0.0,0.07530089610479716,60.0,59.65044805239858,0.0
2024-07-31 19:40:00,1.0,0.0,0.07546426341723617,60.0,59.732131708618084,0.0
2024-07-31 19:41:00,1.0,0.0,0.07562761199668187,60.0,59.81380599834094,0.0
2024-07-31 19:42:00,1.0,0.0,0.07579094184528234,60.0,59.895470922641174,0.0
2024-07-31 19:43:00,1.0,0.0,0.07595425296518542,60.0,59.97712648259271,0.0
2024-07-31 19:44:00,1.0,0.0,0.07611754535853867,60.0,60.05877267926933,0.0
2024-07-31 19:45:00,1.0,0.0,0.07628081902748943,60.0,60.140409513744714,0.0
2024-07-31 19:46:00,1.0,0.0,0.07644407397418479,60.0,60.222036987092395,0.0
2024-07-31 19:47:00,1.0,0.0,0.0766073102007716,60.0,60.303655100385804,0.0
2024-07-31 19:48:00,1.0,0.0,0.07677052770939646,60.0,60.38526385469823,0.0
2024-07-31 19:49:00,1.0,0.0,0.0769337265022057,60.0,60.46686325110285,0.0
2024-07-31 19:50:00,1.0,0.0,0.07709690658134544,60.0,60.54845329067272,0.0
2024-07-31 19:51:00,1.0,0.0,0.07726006794896152,60.0,60.63003397448076,0.0
2024-07-31 19:52:00,3.0,0.0,0.07742321060719957,60.0,60.71160530359979,0.0
2024-07-31 19:53:00,3.0,0.0,0.07758633455820498,60.0,60.793167279102484,0.0
2024-07-31 19:54:00,3.0,0.0,0.0777494398041228,60.0,60.8747199020614,0.0
2024-07-31 19:55:00,3.0,0.0,0.07791252634709797,60.0,60.95626317354898,0.0
2024-07-31 19:56:00,3.0,0.0,0.07807559418927508,60.0,61.03779709463754,0.0
2024-07-31 19:57:00,3.0,0.0,0.07806664142166618,60.0,61.03332071083309,0.0
2024-07-31 19:58:00,3.0,0.0,0.0780576896806527,60.0,61.02884484032635,0.0
2024-07-31 19:59:00,3.0,0.0,0.07804873896611693,60.0,61.024369483058464,0.0
2024-07-31 20:00:00,1.0,0.0,0.07803978927794117,60.0,61.019894638970584,0.0
2024-07-31 20:01:00,1.0,0.0,0.07803084061600772,60.0,61.01542030800386,0.0
2024-07-31 20:02:00,1.0,0.0,0.07802189298019892,60.0,61.01094649009946,0.0
2024-07-31 20:03:00,1.0,0.0,0.07801294637039707,60.0,61.00647318519854,0.0
2024-07-31 20:04:00,1.0,0.0,0.07800400078648456,60.0,61.00200039324228,0.0
2024-07-31 20:05:00,1.0,0.0,0.07799505622834373,60.0,60.997528114171864,0.0
2024-07-31 20:06:00,1.0,0.0,0.07798611269585697,60.0,60.99305634792848,0.0
2024-07-31 20:07:00,1.0,0.0,0.07797717018890664,60.0,60.98858509445332,0.0
2024-07-31 20:08:00,1.0,0.0,0.07796822870737519,60.0,60.984114353687595,0.0
2024-07-31 20:09:00,3.0,0.0,0.07795928825114501,60.0,60.979644125572506,0.0
2024-07-31 20:10:00,3.0,0.0,0.07795034882009855,60.0,60.97517441004927,0.0
2024-07-31 20:11:00,3.0,0.0,0.07794141041411821,60.0,60.970705207059105,0.0
2024-07-31 20:12:00,3.0,0.0,0.0779324730330865,60.0,60.96623651654325,0.0
2024-07-31 20:13:00,3.0,0.0,0.07792353667688585,60.0,60.96176833844293,0.0
2024-07-31 20:14:00,3.0,0.0,0.07791460134539878,60.0,60.95730067269939,0.0
2024-07-31 20:15:00,3.0,0.0,0.07790566703850776,60.0,60.95283351925388,0.0
2024-07-31 20:16:00,3.0,0.0,0.07789673375609532,60.0,60.94836687804766,0.0
2024-07-31 20:17:00,3.0,0.0,0.07788780149804397,60.0,60.943900749021985,0.0
2024-07-31 20:18:00,3.0,0.0,0.07787887026423627,60.0,60.939435132118135,0.0
2024-07-31 20:19:00,3.0,0.0,0.07786994005455475,60.0,60.93497002727737,0.0
2024-07-31 20:20:00,3.0,0.0,0.07786101086888197,60.0,60.93050543444099,0.0
2024-07-31 20:21:00,3.0,0.0,0.07785208270710055,60.0,60.926041353550275,0.0
2024-07-31 20:22:00,3.0,0.0,0.07784315556909305,60.0,60.92157778454652,0.0
2024-07-31 20:23:00,3.0,0.0,0.07783422945474207,60.0,60.917114727371036,0.0
2024-07-31 20:24:00,3.0,0.0,0.07782530436393026,60.0,60.91265218196513,0.0
2024-07-31 20:25:00,3.0,0.0,0.07781638029654021,60.0,60.90819014827011,0.0
2024-07-31 20:26:00,3.0,0.0,0.07780745725245461,60.0,60.903728626227306,0.0
2024-07-31 20:27:00,3.0,0.0,0.07779853523155611,60.0,60.89926761577805,0.0
2024-07-31 20:28:00,3.0,0.0,0.07778961423372735,60.0,60.894807116863674,0.0
2024-07-31 20:29:00,3.0,0.0,0.07778069425885106,60.0,60.89034712942553,0.0
2024-07-31 20:30:00,3.0,0.0,0.07777177530680991,60.0,60.88588765340496,0.0
2024-07-31 20:31:00,3.0,0.0,0.07776285737748663,60.0,60.88142868874331,0.0
2024-07-31 20:32:00,3.0,0.0,0.07775394047076394,60.0,60.87697023538197,0.0
2024-07-31 20:33:00,3.0,0.0,0.07774502458652457,60.0,60.87251229326229,0.0
2024-07-31 20:34:00,3.0,0.0,0.0777361097246513,60.0,60.86805486232565,0.0
2024-07-31 20:35:00,3.0,0.0,0.07772719588502687,60.0,60.86359794251344,0.0
2024-07-31 20:36:00,3.0,0.0,0.07771828306753409,60.0,60.859141533767044,0.0
2024-07-31 20:37:00,3.0,0.0,0.07770937127205574,60.0,60.85468563602787,0.0
2024-07-31 20:38:00,3.0,0.0,0.07770046049847461,60.0,60.850230249237306,0.0
2024-07-31 20:39:00,3.0,0.0,0.07769155074667354,60.0,60.84577537333677,0.0
2024-07-31 20:40:00,3.0,0.0,0.07768264201653537,60.0,60.841321008267684,0.0
2024-07-31 20:41:00,3.0,0.0,0.07767373430794294,60.0,60.83686715397147,0.0
2024-07-31 20:42:00,3.0,0.0,0.07766482762077911,60.0,60.83241381038955,0.0
2024-07-31 20:43:00,1.0,0.0,0.07765592195492675,60.0,60.82796097746338,0.0
2024-07-31 20:44:00,1.0,0.0,0.07764701731026877,60.0,60.82350865513438,0.0
2024-07-31 20:45:00,1.0,0.0,0.07763811368668805,60.0,60.81905684334402,0.0
2024-07-31 20:46:00,1.0,0.0,0.07762921108406749,60.0,60.814605542033746,0.0
2024-07-31 20:47:00,1.0,0.0,0.07762030950229006,60.0,60.81015475114503,0.0
2024-07-31 20:48:00,1.0,0.0,0.07761140894123866,60.0,60.80570447061933,0.0
2024-07-31 20:49:00,1.0,0.0,0.0776025094007963,60.0,60.80125470039815,0.0
2024-07-31 20:50:00,1.0,0.0,0.07759361088084589,60.0,60.79680544042294,0.0
2024-07-31 20:51:00,1.0,0.0,0.07758471338127045,60.0,60.79235669063522,0.0
2024-07-31 20:52:00,1.0,0.0,0.07757581690195296,60.0,60.78790845097648,0.0
2024-07-31 20:53:00,1.0,0.0,0.07756692144277644,60.0,60.78346072138822,0.0
2024-07-31 20:54:00,1.0,0.0,0.0775580270036239,60.0,60.779013501811946,0.0
2024-07-31 20:55:00,1.0,0.0,0.07754913358437837,60.0,60.774566792189184,0.0
2024-07-31 20:56:00,1.0,0.0,0.07754024118492292,60.0,60.77012059246146,0.0
2024-07-31 20:57:00,1.0,0.0,0.0775313498051406,60.0,60.765674902570304,0.0
2024-07-31 20:58:00,1.0,0.0,0.07752245944491451,60.0,60.76122972245725,0.0
2024-07-31 20:59:00,1.0,0.0,0.0775135701041277,60.0,60.75678505206385,0.0
2024-07-31 21:00:00,1.0,0.0,0.0775046817826633,60.0,60.75234089133165,0.0
2024-07-31 21:01:00,1.0,0.0,0.07749579448040442,60.0,60.74789724020221,0.0
2024-07-31 21:02:00,1.0,0.0,0.0774869081972342,60.0,60.74345409861709,0.0
2024-07-31 21:03:00,1.0,0.0,0.07747802293303575,60.0,60.73901146651787,0.0
2024-07-31 21:04:00,1.0,0.0,0.07746913868769226,60.0,60.734569343846125,0.0
2024-07-31 21:05:00,1.0,0.0,0.07746025546108687,60.0,60.73012773054344,0.0
2024-07-31 21:06:00,1.0,0.0,0.0774513732531028,60.0,60.7256866265514,0.0
2024-07-31 21:07:00,1.0,0.0,0.07744249206362323,60.0,60.72124603181162,0.0
2024-07-31 21:08:00,1.0,0.0,0.07743361189253138,60.0,60.71680594626569,0.0
2024-07-31 21:09:00,1.0,0.0,0.07742473273971046,60.0,60.712366369855225,0.0
2024-07-31 21:10:00,1.0,0.0,0.07741585460504369,60.0,60.707927302521846,0.0
2024-07-31 21:11:00,1.0,0.0,0.07740697748841435,60.0,60.70348874420718,0.0
2024-07-31 21:12:00,1.0,0.0,0.07739810138970571,60.0,60.69905069485285,0.0
2024-07-31 21:13:00,1.0,0.0,0.077389226308801,60.0,60.6946131544005,0.0
2024-07-31 21:14:00,1.0,0.0,0.07738035224558355,60.0,60.690176122791776,0.0
2024-07-31 21:15:00,1.0,0.0,0.07737147919993666,60.0,60.68573959996833,0.0
2024-07-31 21:16:00,1.0,0.0,0.07736260717174365,60.0,60.681303585871824,0.0
2024-07-31 21:17:00,1.0,0.0,0.07735373616088784,60.0,60.67686808044392,0.0
2024-07-31 21:18:00,1.0,0.0,0.07734486616725256,60.0,60.67243308362628,0.0
2024-07-31 21:19:00,2.0,0.0,0.0773359971907212,60.0,60.6679985953606,0.0
2024-07-31 21:20:00,2.0,0.0,0.07732712923117711,60.0,60.663564615588555,0.0
2024-07-31 21:21:00,2.0,0.0,0.07731826228850369,60.0,60.659131144251845,0.0
2024-07-31 21:22:00,2.0,0.0,0.07730939636258433,60.0,60.65469818129216,0.0
2024-07-31 21:23:00,2.0,0.0,0.07730053145330243,60.0,60.65026572665121,0.0
2024-07-31 21:24:00,2.0,0.0,0.07729166756054141,60.0,60.645833780270706,0.0
2024-07-31 21:25:00,2.0,0.0,0.07728280468418475,60.0,60.64140234209237,0.0
2024-07-31 21:26:00,2.0,0.0,0.07727394282411584,60.0,60.63697141205792,0.0
2024-07-31 21:27:00,2.0,0.0,0.07726508198021818,60.0,60.63254099010909,0.0
2024-07-31 21:28:00,2.0,0.0,0.07725622215237526,60.0,60.62811107618763,0.0
2024-07-31 21:29:00,2.0,0.0,0.07724736334047054,60.0,60.62368167023527,0.0
2024-07-31 21:30:00,2.0,0.0,0.07723850554438755,60.0,60.619252772193775,0.0
2024-07-31 21:31:00,2.0,0.0,0.0772296487640098,60.0,60.6148243820049,0.0
2024-07-31 21:32:00,2.0,0.0,0.0772207929992208,60.0,60.6103964996104,0.0
2024-07-31 21:33:00,2.0,0.0,0.07721193824990412,60.0,60.60596912495206,0.0
2024-07-31 21:34:00,2.0,0.0,0.07720308451594332,60.0,60.60154225797166,0.0
2024-07-31 21:35:00,2.0,0.0,0.07719423179722194,60.0,60.59711589861097,0.0
2024-07-31 21:36:00,2.0,0.0,0.0771853800936236,60.0,60.5926900468118,0.0
2024-07-31 21:37:00,2.0,0.0,0.07717652940503189,60.0,60.58826470251594,0.0
2024-07-31 21:38:00,2.0,0.0,0.0771676797313304,60.0,60.5838398656652,0.0
2024-07-31 21:39:00,2.0,0.0,0.07715883107240278,60.0,60.57941553620139,0.0
2024-07-31 21:40:00,2.0,0.0,0.07714998342813265,60.0,60.57499171406632,0.0
2024-07-31 21:41:00,2.0,0.0,0.07714113679840366,60.0,60.57056839920183,0.0
2024-07-31 21:42:00,2.0,0.0,0.0771322911830995,60.0,60.56614559154975,0.0
2024-07-31 21:43:00,2.0,0.0,0.07712344658210382,60.0,60.56172329105191,0.0
2024-07-31 21:44:00,2.0,0.0,0.07711460299530033,60.0,60.557301497650165,0.0
2024-07-31 21:45:00,2.0,0.0,0.07710576042257274,60.0,60.552880211286364,0.0
2024-07-31 21:46:00,2.0,0.0,0.07709691886380474,60.0,60.548459431902366,0.0
2024-07-31 21:47:00,2.0,0.0,0.07708807831888007,60.0,60.54403915944003,0.0
2024-07-31 21:48:00,2.0,0.0,0.07707923878768248,60.0,60.53961939384124,0.0
2024-07-31 21:49:00,2.0,0.0,0.07707040027009575,60.0,60.53520013504787,0.0
2024-07-31 21:50:00,2.0,0.0,0.07706156276600362,60.0,60.53078138300181,0.0
2024-07-31 21:51:00,2.0,0.0,0.07705272627528989,60.0,60.52636313764494,0.0
2024-07-31 21:52:00,2.0,0.0,0.07704389079783834,60.0,60.52194539891917,0.0
2024-07-31 21:53:00,2.0,0.0,0.0770350563335328,60.0,60.517528166766404,0.0
2024-07-31 21:54:00,2.0,0.0,0.0770262228822571,60.0,60.51311144112855,0.0
2024-07-31 21:55:00,2.0,0.0,0.07701739044389506,60.0,60.508695221947534,0.0
2024-07-31 21:56:00,2.0,0.0,0.07700855901833055,60.0,60.50427950916527,0.0
2024-07-31 21:57:00,2.0,0.0,0.07699972860544742,60.0,60.49986430272371,0.0
2024-07-31 21:58:00,2.0,0.0,0.07699089920512954,60.0,60.49544960256477,0.0
2024-07-31 21:59:00,2.0,0.0,0.07698207081726081,60.0,60.49103540863041,0.0
2024-07-31 22:00:00,2.0,0.0,0.07697324344172517,60.0,60.48662172086258,0.0
2024-07-31 22:01:00,2.0,0.0,0.07696441707840647,60.0,60.482208539203235,0.0
2024-07-31 22:02:00,2.0,0.0,0.07695559172718869,60.0,60.477795863594345,0.0
2024-07-31 22:03:00,2.0,0.0,0.07694676738795576,60.0,60.47338369397788,0.0
2024-07-31 22:04:00,2.0,0.0,0.07693794406059164,60.0,60.46897203029582,0.0
2024-07-31 22:05:00,2.0,0.0,0.07692912174498029,60.0,60.464560872490146,0.0
2024-07-31 22:06:00,2.0,0.0,0.07692030044100572,60.0,60.460150220502854,0.0
2024-07-31 22:07:00,2.0,0.0,0.07691148014855188,60.0,60.455740074275944,0.0
2024-07-31 22:08:00,2.0,0.0,0.07690266086750285,60.0,60.45133043375142,0.0
2024-07-31 22:09:00,2.0,0.0,0.0768938425977426,60.0,60.446921298871295,0.0
2024-07-31 22:10:00,2.0,0.0,0.07688502533915519,60.0,60.44251266957759,0.0
2024-07-31 22:11:00,2.0,0.0,0.07687620909162465,60.0,60.43810454581232,0.0
2024-07-31 22:12:00,2.0,0.0,0.07686739385503506,60.0,60.43369692751753,0.0
2024-07-31 22:13:00,2.0,1.92556,0.07685857962927051,60.0,60.429289814635254,1.0
2024-07-31 22:14:00,2.0,0.0,0.07662896641421507,60.0,60.314483207107536,0.0
2024-07-31 22:15:00,2.0,0.0,0.07662017952843418,60.0,60.31008976421709,0.0
2024-07-31 22:16:00,2.0,0.0,0.07661139365022739,60.0,60.30569682511369,0.0
2024-07-31 22:17:00,2.0,0.0,0.07660260877947915,60.0,60.30130438973958,0.0
2024-07-31 22:18:00,2.0,0.0,0.07659382491607396,60.0,60.29691245803698,0.0
2024-07-31 22:19:00,2.0,0.0,0.0765850420598963,60.0,60.29252102994815,0.0
2024-07-31 22:20:00,2.0,0.0,0.07657626021083065,60.0,60.28813010541533,0.0
2024-07-31 22:21:00,2.0,0.0,0.07656747936876157,60.0,60.283739684380784,0.0
2024-07-31 22:22:00,2.0,0.0,0.07655869953357355,60.0,60.27934976678678,0.0
2024-07-31 22:23:00,2.0,0.0,0.07654992070515117,60.0,60.27496035257558,0.0
2024-07-31 22:24:00,2.0,0.0,0.07654114288337896,60.0,60.270571441689476,0.0
2024-07-31 22:25:00,2.0,0.0,0.07653236606814148,60.0,60.26618303407074,0.0
2024-07-31 22:26:00,2.0,0.0,0.07652359025932336,60.0,60.26179512966168,0.0
2024-07-31 22:27:00,2.0,0.0,0.07651481545680915,60.0,60.25740772840457,0.0
2024-07-31 22:28:00,2.0,0.0,0.07650604166048347,60.0,60.25302083024174,0.0
2024-07-31 22:29:00,2.0,0.0,0.07649726887023095,60.0,60.24863443511548,0.0
2024-07-31 22:30:00,2.0,0.0,0.07648849708593623,60.0,60.244248542968116,0.0
2024-07-31 22:31:00,2.0,0.0,0.07647972630748394,60.0,60.23986315374197,0.0
2024-07-31 22:32:00,2.0,0.0,0.07647095653475877,60.0,60.235478267379385,0.0
2024-07-31 22:33:00,2.0,0.0,0.07646218776764538,60.0,60.23109388382269,0.0
2024-07-31 22:34:00,2.0,0.0,0.07645342000602844,60.0,60.22671000301422,0.0
2024-07-31 22:35:00,2.0,0.0,0.07644465324979269,60.0,60.22232662489634,0.0
2024-07-31 22:36:00,2.0,0.0,0.07643588749882281,60.0,60.217943749411404,0.0
2024-07-31 22:37:00,2.0,0.0,0.07642712275300355,60.0,60.21356137650177,0.0
2024-07-31 22:38:00,2.0,0.0,0.07641835901221965,60.0,60.20917950610982,0.0
2024-07-31 22:39:00,2.0,0.0,0.07640959627635584,60.0,60.20479813817792,0.0
2024-07-31 22:40:00,2.0,11.553360000000001,0.07640083454529692,60.0,60.20041727264846,6.0
2024-07-31 22:41:00,2.0,11.553360000000001,0.07506727381892765,60.0,59.53363690946382,6.0
2024-07-31 22:42:00,2.0,0.0,0.07373386600922074,60.0,58.866933004610374,0.0
2024-07-31 22:43:00,2.0,0.0,0.07389741300977391,60.0,58.94870650488696,0.0
2024-07-31 22:44:00,2.0,0.0,0.07406094125672931,60.0,59.030470628364654,0.0
2024-07-31 22:45:00,2.0,0.0,0.07422445075223738,60.0,59.11222537611869,0.0
2024-07-31 22:46:00,2.0,0.0,0.0743879414984483,60.0,59.19397074922415,0.0
2024-07-31 22:47:00,2.0,0.0,0.07455141349751201,60.0,59.27570674875601,0.0
2024-07-31 22:48:00,2.0,0.0,0.07471486675157825,60.0,59.35743337578912,0.0
2024-07-31 22:49:00,2.0,0.0,0.07487830126279642,60.0,59.439150631398206,0.0
2024-07-31 22:50:00,2.0,0.0,0.07504171703331573,60.0,59.52085851665787,0.0
2024-07-31 22:51:00,2.0,0.0,0.07520511406528516,60.0,59.60255703264258,0.0
2024-07-31 22:52:00,2.0,1.92556,0.0753684923608534,60.0,59.6842461804267,1.0
2024-07-31 22:53:00,2.0,1.92556,0.07531105192216891,60.0,59.65552596108446,1.0
2024-07-31 22:54:00,2.0,0.0,0.07525361807006127,60.0,59.62680903503063,0.0
2024-07-31 22:55:00,2.0,0.0,0.07541699080377516,60.0,59.70849540188758,0.0
2024-07-31 22:56:00,2.0,0.0,0.07558034480387411,60.0,59.790172401937056,0.0
2024-07-31 22:57:00,2.0,0.0,0.07574368007250626,60.0,59.871840036253126,0.0
2024-07-31 22:58:00,2.0,0.0,0.07590699661181949,60.0,59.95349830590974,0.0
2024-07-31 22:59:00,2.0,0.0,0.07607029442396146,60.0,60.03514721198073,0.0
2024-07-31 23:00:00,2.0,0.0,0.07623357351107958,60.0,60.11678675553979,0.0
2024-07-31 23:01:00,2.0,0.0,0.07639683387532102,60.0,60.19841693766051,0.0
2024-07-31 23:02:00,2.0,1.92556,0.07656007551883269,60.0,60.280037759416345,1.0
2024-07-31 23:03:00,2.0,0.0,0.07650249844376125,60.0,60.25124922188063,0.0
2024-07-31 23:04:00,2.0,0.0,0.07666572797093446,60.0,60.33286398546723,0.0
2024-07-31 23:05:00,2.0,0.0,0.0768289387809139,60.0,60.41446939045695,0.0
2024-07-31 23:06:00,2.0,0.0,0.07699213087584586,60.0,60.49606543792293,0.0
2024-07-31 23:07:00,2.0,0.0,0.07715530425787634,60.0,60.57765212893817,0.0
2024-07-31 23:08:00,2.0,0.0,0.07731845892915112,60.0,60.65922946457556,0.0
2024-07-31 23:09:00,2.0,0.0,0.07748159489181572,60.0,60.74079744590786,0.0
2024-07-31 23:10:00,2.0,0.0,0.07764471214801541,60.0,60.82235607400771,0.0
2024-07-31 23:11:00,2.0,0.0,0.07780781069989524,60.0,60.90390534994762,0.0
2024-07-31 23:12:00,2.0,0.0,0.07797089054959999,60.0,60.98544527479999,0.0
2024-07-31 23:13:00,2.0,0.0,0.07813395169927417,60.0,61.06697584963709,0.0
2024-07-31 23:14:00,2.0,0.0,0.07812499223992979,60.0,61.06249611996489,0.0
2024-07-31 23:15:00,2.0,0.0,0.07811603380794814,60.0,61.05801690397407,0.0
2024-07-31 23:16:00,2.0,0.0,0.07810707640321145,60.0,61.053538201605726,0.0
2024-07-31 23:17:00,2.0,0.0,0.07809812002560192,60.0,61.04906001280096,0.0
2024-07-31 23:18:00,2.0,0.0,0.07808916467500175,60.0,61.04458233750088,0.0
2024-07-31 23:19:00,2.0,0.0,0.0780802103512932,60.0,61.0401051756466,0.0
2024-07-31 23:20:00,2.0,0.0,0.07807125705435851,60.0,61.035628527179256,0.0
2024-07-31 23:21:00,2.0,0.0,0.07806230478407994,60.0,61.03115239203997,0.0
2024-07-31 23:22:00,2.0,0.0,0.07805335354033978,60.0,61.026676770169885,0.0
2024-07-31 23:23:00,2.0,0.0,0.07804440332302029,60.0,61.022201661510145,0.0
2024-07-31 23:24:00,2.0,0.0,0.0780354541320038,60.0,61.017727066001896,0.0
2024-07-31 23:25:00,2.0,0.0,0.0780265059671726,60.0,61.0132529835863,0.0
2024-07-31 23:26:00,2.0,0.0,0.07801755882840904,60.0,61.00877941420452,0.0
2024-07-31 23:27:00,2.0,0.0,0.07800861271559546,60.0,61.00430635779773,0.0
2024-07-31 23:28:00,2.0,0.0,0.07799966762861422,60.0,60.99983381430711,0.0
2024-07-31 23:29:00,2.0,0.0,0.0779907235673477,60.0,60.99536178367384,0.0
2024-07-31 23:30:00,2.0,0.0,0.07798178053167824,60.0,60.99089026583912,0.0
2024-07-31 23:31:00,2.0,0.0,0.07797283852148827,60.0,60.986419260744135,0.0
2024-07-31 23:32:00,2.0,0.0,0.0779638975366602,60.0,60.9819487683301,0.0
2024-07-31 23:33:00,2.0,0.0,0.07795495757707645,60.0,60.97747878853822,0.0
2024-07-31 23:34:00,2.0,0.0,0.07794601864261945,60.0,60.973009321309725,0.0
2024-07-31 23:35:00,2.0,0.0,0.07793708073317165,60.0,60.96854036658583,0.0
2024-07-31 23:36:00,2.0,0.0,0.07792814384861553,60.0,60.96407192430777,0.0
2024-07-31 23:37:00,2.0,0.0,0.07791920798883356,60.0,60.95960399441678,0.0
2024-07-31 23:38:00,2.0,0.0,0.07791027315370823,60.0,60.955136576854116,0.0
2024-07-31 23:39:00,2.0,0.0,0.07790133934312204,60.0,60.95066967156102,0.0
2024-07-31 23:40:00,2.0,0.0,0.07789240655695753,60.0,60.94620327847876,0.0
2024-07-31 23:41:00,2.0,0.0,0.0778834747950972,60.0,60.9417373975486,0.0
2024-07-31 23:42:00,2.0,0.0,0.07787454405742361,60.0,60.9372720287118,0.0
2024-07-31 23:43:00,2.0,0.0,0.07786561434381932,60.0,60.93280717190966,0.0
2024-07-31 23:44:00,2.0,0.0,0.0778566856541669,60.0,60.92834282708345,0.0
2024-07-31 23:45:00,2.0,0.0,0.07784775798834893,60.0,60.923878994174466,0.0
2024-07-31 23:46:00,2.0,0.0,0.07783883134624803,60.0,60.919415673124014,0.0
2024-07-31 23:47:00,2.0,0.0,0.0778299057277468,60.0,60.914952863873395,0.0
2024-07-31 23:48:00,2.0,0.0,0.07782098113272784,60.0,60.91049056636392,0.0
2024-07-31 23:49:00,2.0,0.0,0.07781205756107383,60.0,60.906028780536914,0.0
2024-07-31 23:50:00,2.0,0.0,0.0778031350126674,60.0,60.9015675063337,0.0
2024-07-31 23:51:00,2.0,0.0,0.07779421348739123,60.0,60.89710674369561,0.0
2024-07-31 23:52:00,2.0,0.0,0.07778529298512797,60.0,60.89264649256398,0.0
2024-07-31 23:53:00,2.0,0.0,0.07777637350576035,60.0,60.88818675288017,0.0
2024-07-31 23:54:00,2.0,0.0,0.07776745504917107,60.0,60.88372752458553,0.0
2024-07-31 23:55:00,2.0,0.0,0.07775853761524283,60.0,60.879268807621415,0.0
2024-07-31 23:56:00,2.0,0.0,0.07774962120385838,60.0,60.87481060192919,0.0
2024-07-31 23:57:00,2.0,0.0,0.07774070581490047,60.0,60.87035290745023,0.0
2024-07-31 23:58:00,2.0,0.0,0.07773179144825185,60.0,60.86589572412592,0.0
2024-07-31 23:59:00,2.0,0.0,0.07772287810379529,60.0,60.86143905189764,0.0
2024-08-01 00:00:00,2.0,0.0,0.07771396578141358,60.0,60.85698289070679,0.0
2024-08-01 00:01:00,2.0,0.0,0.07770505448098954,60.0,60.852527240494766,0.0
2024-08-01 00:02:00,2.0,0.0,0.07769614420240595,60.0,60.84807210120297,0.0
2024-08-01 00:03:00,2.0,0.0,0.07768723494554565,60.0,60.84361747277283,0.0
2024-08-01 00:04:00,2.0,0.0,0.0776783267102915,60.0,60.83916335514575,0.0
2024-08-01 00:05:00,2.0,0.0,0.07766941949652635,60.0,60.83470974826317,0.0
2024-08-01 00:06:00,2.0,0.0,0.07766051330413305,60.0,60.830256652066524,0.0
2024-08-01 00:07:00,2.0,0.0,0.0776516081329945,60.0,60.82580406649725,0.0
2024-08-01 00:08:00,2.0,0.0,0.07764270398299358,60.0,60.82135199149679,0.0
2024-08-01 00:09:00,2.0,0.0,0.07763380085401321,60.0,60.8169004270066,0.0
2024-08-01 00:10:00,2.0,0.0,0.0776248987459363,60.0,60.812449372968146,0.0
2024-08-01 00:11:00,2.0,0.0,0.07761599765864578,60.0,60.80799882932289,0.0
2024-08-01 00:12:00,2.0,0.0,0.07760709759202464,60.0,60.803548796012315,0.0
2024-08-01 00:13:00,2.0,0.0,0.07759819854595579,60.0,60.79909927297789,0.0
2024-08-01 00:14:00,2.0,0.0,0.07758930052032223,60.0,60.79465026016111,0.0
2024-08-01 00:15:00,2.0,0.0,0.07758040351500695,60.0,60.790201757503475,0.0
2024-08-01 00:16:00,2.0,0.0,0.07757150752989296,60.0,60.78575376494648,0.0
2024-08-01 00:17:00,2.0,0.0,0.07756261256486324,60.0,60.78130628243162,0.0
2024-08-01 00:18:00,2.0,0.0,0.07755371861980086,60.0,60.77685930990043,0.0
2024-08-01 00:19:00,2.0,0.0,0.07754482569458884,60.0,60.77241284729442,0.0
2024-08-01 00:20:00,2.0,0.0,0.07753593378911025,60.0,60.76796689455512,0.0
2024-08-01 00:21:00,2.0,0.0,0.07752704290324815,60.0,60.76352145162407,0.0
2024-08-01 00:22:00,2.0,0.0,0.07751815303688561,60.0,60.759076518442804,0.0
2024-08-01 00:23:00,2.0,0.0,0.07750926418990575,60.0,60.754632094952875,0.0
2024-08-01 00:24:00,2.0,0.0,0.07750037636219166,60.0,60.75018818109583,0.0
2024-08-01 00:25:00,2.0,0.0,0.07749148955362647,60.0,60.74574477681324,0.0
2024-08-01 00:26:00,2.0,0.0,0.07748260376409334,60.0,60.74130188204667,0.0
2024-08-01 00:27:00,2.0,0.0,0.07747371899347538,60.0,60.736859496737694,0.0
2024-08-01 00:28:00,2.0,0.0,0.07746483524165577,60.0,60.73241762082789,0.0
2024-08-01 00:29:00,2.0,0.0,0.0774559525085177,60.0,60.72797625425885,0.0
2024-08-01 00:30:00,2.0,0.0,0.07744707079394433,60.0,60.72353539697217,0.0
2024-08-01 00:31:00,2.0,0.0,0.0774381900978189,60.0,60.719095048909445,0.0
2024-08-01 00:32:00,2.0,0.0,0.0774293104200246,60.0,60.714655210012296,0.0
2024-08-01 00:33:00,2.0,0.0,0.07742043176044466,60.0,60.71021588022233,0.0
2024-08-01 00:34:00,2.0,0.0,0.07741155411896233,60.0,60.705777059481164,0.0
2024-08-01 00:35:00,2.0,0.0,0.07740267749546087,60.0,60.70133874773043,0.0
2024-08-01 00:36:00,2.0,0.0,0.07739380188982355,60.0,60.696900944911775,0.0
2024-08-01 00:37:00,2.0,0.0,0.07738492730193366,60.0,60.69246365096683,0.0
2024-08-01 00:38:00,2.0,0.0,0.07737605373167447,60.0,60.68802686583724,0.0
2024-08-01 00:39:00,2.0,0.0,0.07736718117892934,60.0,60.683590589464664,0.0
2024-08-01 00:40:00,2.0,0.0,0.07735830964358154,60.0,60.67915482179077,0.0
2024-08-01 00:41:00,2.0,0.0,0.07734943912551442,60.0,60.67471956275721,0.0
2024-08-01 00:42:00,2.0,0.0,0.07734056962461135,60.0,60.670284812305674,0.0
2024-08-01 00:43:00,2.0,0.0,0.07733170114075569,60.0,60.66585057037784,0.0
2024-08-01 00:44:00,2.0,0.0,0.0773228336738308,60.0,60.6614168369154,0.0
2024-08-01 00:45:00,2.0,0.0,0.07731396722372008,60.0,60.65698361186004,0.0
2024-08-01 00:46:00,2.0,0.0,0.07730510179030695,60.0,60.652550895153475,0.0
2024-08-01 00:47:00,2.0,0.0,0.07729623737347481,60.0,60.648118686737405,0.0
2024-08-01 00:48:00,2.0,0.0,0.0772873739731071,60.0,60.64368698655355,0.0
2024-08-01 00:49:00,2.0,0.0,0.07727851158908725,60.0,60.63925579454362,0.0
2024-08-01 00:50:00,2.0,0.0,0.07726965022129872,60.0,60.63482511064936,0.0
2024-08-01 00:51:00,2.0,0.0,0.077260789869625,60.0,60.63039493481249,0.0
2024-08-01 00:52:00,2.0,0.0,0.07725193053394953,60.0,60.62596526697477,0.0
2024-08-01 00:53:00,2.0,0.0,0.07724307221415586,60.0,60.62153610707793,0.0
2024-08-01 00:54:00,2.0,0.0,0.07723421491012748,60.0,60.61710745506374,0.0
2024-08-01 00:55:00,2.0,0.0,0.07722535862174791,60.0,60.61267931087396,0.0
2024-08-01 00:56:00,2.0,0.0,0.0772165033489007,60.0,60.60825167445035,0.0
2024-08-01 00:57:00,2.0,0.0,0.07720764909146939,60.0,60.603824545734696,0.0
2024-08-01 00:58:00,2.0,0.0,0.07719879584933755,60.0,60.59939792466877,0.0
2024-08-01 00:59:00,2.0,0.0,0.07718994362238873,60.0,60.59497181119437,0.0
2024-08-01 01:00:00,2.0,0.0,0.07718109241050658,60.0,60.59054620525329,0.0
2024-08-01 01:01:00,2.0,0.0,0.07717224221357465,60.0,60.586121106787324,0.0
2024-08-01 01:02:00,2.0,0.0,0.07716339303147657,60.0,60.58169651573829,0.0
2024-08-01 01:03:00,2.0,0.0,0.077154544864096,60.0,60.577272432048,0.0
2024-08-01 01:04:00,2.0,0.0,0.07714569771131655,60.0,60.57284885565827,0.0
2024-08-01 01:05:00,2.0,0.0,0.07713685157302189,60.0,60.56842578651094,0.0
2024-08-01 01:06:00,2.0,0.0,0.07712800644909569,60.0,60.56400322454785,0.0
2024-08-01 01:07:00,2.0,0.0,0.07711916233942165,60.0,60.559581169710825,0.0
2024-08-01 01:08:00,2.0,0.0,0.07711031924388344,60.0,60.55515962194172,0.0
2024-08-01 01:09:00,2.0,0.0,0.07710147716236479,60.0,60.550738581182394,0.0
2024-08-01 01:10:00,2.0,0.0,0.07709263609474942,60.0,60.54631804737471,0.0
2024-08-01 01:11:00,2.0,0.0,0.07708379604092107,60.0,60.541898020460536,0.0
2024-08-01 01:12:00,2.0,0.0,0.07707495700076349,60.0,60.537478500381745,0.0
2024-08-01 01:13:00,2.0,0.0,0.07706611897416045,60.0,60.53305948708022,0.0
2024-08-01 01:14:00,2.0,0.0,0.0770572819609957,60.0,60.528640980497855,0.0
2024-08-01 01:15:00,2.0,0.0,0.07704844596115308,60.0,60.52422298057654,0.0
2024-08-01 01:16:00,2.0,0.0,0.07703961097451635,60.0,60.519805487258175,0.0
2024-08-01 01:17:00,2.0,0.0,0.07703077700096934,60.0,60.51538850048467,0.0
2024-08-01 01:18:00,2.0,0.0,0.07702194404039588,60.0,60.51097202019794,0.0
2024-08-01 01:19:00,2.0,0.0,0.07701311209267983,60.0,60.50655604633992,0.0
2024-08-01 01:20:00,2.0,0.0,0.07700428115770504,60.0,60.50214057885252,0.0
2024-08-01 01:21:00,2.0,0.0,0.07699545123535538,60.0,60.49772561767769,0.0
2024-08-01 01:22:00,2.0,0.0,0.07698662232551472,60.0,60.49331116275736,0.0
2024-08-01 01:23:00,2.0,0.0,0.07697779442806697,60.0,60.488897214033486,0.0
2024-08-01 01:24:00,2.0,0.0,0.07696896754289606,60.0,60.484483771448026,0.0
2024-08-01 01:25:00,2.0,0.0,0.07696014166988588,60.0,60.480070834942936,0.0
2024-08-01 01:26:00,2.0,0.0,0.07695131680892038,60.0,60.47565840446019,0.0
2024-08-01 01:27:00,2.0,0.0,0.07694249295988352,60.0,60.47124647994176,0.0
2024-08-01 01:28:00,2.0,0.0,0.07693367012265927,60.0,60.46683506132963,0.0
2024-08-01 01:29:00,2.0,0.0,0.07692484829713159,60.0,60.462424148565795,0.0
2024-08-01 01:30:00,2.0,0.0,0.07691602748318448,60.0,60.45801374159224,0.0
2024-08-01 01:31:00,2.0,0.0,0.07690720768070193,60.0,60.453603840350965,0.0
2024-08-01 01:32:00,2.0,0.0,0.07689838888956797,60.0,60.449194444783984,0.0
2024-08-01 01:33:00,2.0,0.0,0.07688957110966664,60.0,60.44478555483332,0.0
2024-08-01 01:34:00,2.0,0.0,0.07688075434088197,60.0,60.44037717044098,0.0
2024-08-01 01:35:00,2.0,0.0,0.07687193858309802,60.0,60.43596929154901,0.0
2024-08-01 01:36:00,2.0,0.0,0.07686312383619885,60.0,60.431561918099426,0.0
2024-08-01 01:37:00,2.0,0.0,0.07685431010006856,60.0,60.42715505003428,0.0
2024-08-01 01:38:00,2.0,0.0,0.07684549737459125,60.0,60.42274868729562,0.0
2024-08-01 01:39:00,2.0,0.0,0.07683668565965102,60.0,60.418342829825505,0.0
2024-08-01 01:40:00,2.0,0.0,0.07682787495513199,60.0,60.413937477565995,0.0
2024-08-01 01:41:00,2.0,0.0,0.0768190652609183,60.0,60.409532630459154,0.0
2024-08-01 01:42:00,2.0,0.0,0.07681025657689412,60.0,60.40512828844706,0.0
2024-08-01 01:43:00,2.0,0.0,0.07680144890294359,60.0,60.400724451471795,0.0
2024-08-01 01:44:00,2.0,0.0,0.07679264223895091,60.0,60.39632111947545,0.0
2024-08-01 01:45:00,2.0,0.0,0.07678383658480024,60.0,60.39191829240012,0.0
2024-08-01 01:46:00,2.0,0.0,0.0767750319403758,60.0,60.3875159701879,0.0
2024-08-01 01:47:00,2.0,0.0,0.0767662283055618,60.0,60.3831141527809,0.0
2024-08-01 01:48:00,2.0,0.0,0.07675742568024248,60.0,60.37871284012124,0.0
2024-08-01 01:49:00,2.0,0.0,0.07674862406430208,60.0,60.37431203215104,0.0
2024-08-01 01:50:00,2.0,0.0,0.07673982345762485,60.0,60.369911728812426,0.0
2024-08-01 01:51:00,2.0,0.0,0.07673102386009506,60.0,60.36551193004753,0.0
2024-08-01 01:52:00,2.0,0.0,0.07672222527159701,60.0,60.361112635798506,0.0
2024-08-01 01:53:00,2.0,0.0,0.07671342769201499,60.0,60.356713846007494,0.0
2024-08-01 01:54:00,2.0,0.0,0.0767046311212333,60.0,60.352315560616645,0.0
2024-08-01 01:55:00,2.0,0.0,0.07669583555913626,60.0,60.34791777956813,0.0
2024-08-01 01:56:00,2.0,0.0,0.0766870410056082,60.0,60.343520502804104,0.0
2024-08-01 01:57:00,2.0,0.0,0.07667824746053352,60.0,60.339123730266756,0.0
2024-08-01 01:58:00,2.0,0.0,0.07666945492379652,60.0,60.33472746189826,0.0
2024-08-01 01:59:00,2.0,0.0,0.07666066339528162,60.0,60.33033169764081,0.0
2024-08-01 02:00:00,2.0,0.0,0.07665187287487318,60.0,60.32593643743659,0.0
2024-08-01 02:01:00,2.0,0.0,0.07664308336245561,60.0,60.32154168122781,0.0
2024-08-01 02:02:00,2.0,0.0,0.07663429485791333,60.0,60.317147428956666,0.0
2024-08-01 02:03:00,2.0,0.0,0.07662550736113077,60.0,60.312753680565386,0.0
2024-08-01 02:04:00,2.0,0.0,0.07661672087199237,60.0,60.308360435996185,0.0
2024-08-01 02:05:00,2.0,0.0,0.07660793539038259,60.0,60.3039676951913,0.0
2024-08-01 02:06:00,2.0,0.0,0.0765991509161859,60.0,60.299575458092946,0.0
2024-08-01 02:07:00,2.0,0.0,0.07659036744928677,60.0,60.29518372464338,0.0
2024-08-01 02:08:00,2.0,0.0,0.0765815849895697,60.0,60.290792494784846,0.0
2024-08-01 02:09:00,2.0,0.0,0.0765728035369192,60.0,60.2864017684596,0.0
2024-08-01 02:10:00,2.0,0.0,0.07656402309121978,60.0,60.28201154560989,0.0
2024-08-01 02:11:00,2.0,0.0,0.076555243652356,60.0,60.277621826178,0.0
2024-08-01 02:12:00,2.0,0.0,0.0765464652202124,60.0,60.2732326101062,0.0
2024-08-01 02:13:00,2.0,0.0,0.07653768779467353,60.0,60.268843897336765,0.0
2024-08-01 02:14:00,2.0,0.0,0.07652891137562398,60.0,60.26445568781199,0.0
2024-08-01 02:15:00,2.0,0.0,0.07652013596294832,60.0,60.26006798147416,0.0
2024-08-01 02:16:00,2.0,0.0,0.07651136155653115,60.0,60.25568077826558,0.0
2024-08-01 02:17:00,2.0,0.0,0.07650258815625711,60.0,60.25129407812856,0.0
2024-08-01 02:18:00,2.0,0.0,0.07649381576201082,60.0,60.24690788100541,0.0
2024-08-01 02:19:00,2.0,0.0,0.07648504437367691,60.0,60.24252218683846,0.0
2024-08-01 02:20:00,2.0,0.0,0.07647627399114003,60.0,60.23813699557002,0.0
2024-08-01 02:21:00,2.0,0.0,0.07646750461428486,60.0,60.23375230714243,0.0
2024-08-01 02:22:00,2.0,0.0,0.07645873624299608,60.0,60.22936812149804,0.0
2024-08-01 02:23:00,2.0,0.0,0.07644996887715837,60.0,60.224984438579185,0.0
2024-08-01 02:24:00,2.0,0.0,0.07644120251665645,60.0,60.22060125832822,0.0
2024-08-01 02:25:00,2.0,0.0,0.07643243716137503,60.0,60.21621858068752,0.0
2024-08-01 02:26:00,2.0,0.0,0.07642367281119886,60.0,60.21183640559943,0.0
2024-08-01 02:27:00,2.0,0.0,0.07641490946601268,60.0,60.20745473300634,0.0
2024-08-01 02:28:00,2.0,0.0,0.07640614712570123,60.0,60.20307356285062,0.0
2024-08-01 02:29:00,2.0,0.0,0.07639738579014932,60.0,60.19869289507466,0.0
2024-08-01 02:30:00,2.0,0.0,0.0763886254592417,60.0,60.19431272962085,0.0
2024-08-01 02:31:00,2.0,0.0,0.07637986613286318,60.0,60.18993306643159,0.0
2024-08-01 02:32:00,2.0,0.0,0.07637110781089859,60.0,60.1855539054493,0.0
2024-08-01 02:33:00,2.0,0.0,0.07636235049323276,60.0,60.18117524661638,0.0
2024-08-01 02:34:00,2.0,0.0,0.07635359417975049,60.0,60.176797089875244,0.0
2024-08-01 02:35:00,2.0,0.0,0.07634483887033666,60.0,60.17241943516833,0.0
2024-08-01 02:36:00,2.0,0.0,0.07633608456487613,60.0,60.168042282438066,0.0
2024-08-01 02:37:00,2.0,0.0,0.07632733126325378,60.0,60.16366563162689,0.0
2024-08-01 02:38:00,2.0,0.0,0.0763185789653545,60.0,60.15928948267725,0.0
2024-08-01 02:39:00,2.0,0.0,0.0763098276710632,60.0,60.1549138355316,0.0
2024-08-01 02:40:00,2.0,0.0,0.0763010773802648,60.0,60.1505386901324,0.0
2024-08-01 02:41:00,2.0,0.0,0.07629232809284422,60.0,60.146164046422115,0.0
2024-08-01 02:42:00,2.0,0.0,0.07628357980868643,60.0,60.14178990434321,0.0
2024-08-01 02:43:00,2.0,0.0,0.07627483252767635,60.0,60.137416263838176,0.0
2024-08-01 02:44:00,2.0,0.0,0.07626608624969898,60.0,60.133043124849486,0.0
2024-08-01 02:45:00,2.0,0.0,0.07625734097463928,60.0,60.12867048731964,0.0
2024-08-01 02:46:00,2.0,0.0,0.07624859670238228,60.0,60.124298351191136,0.0
2024-08-01 02:47:00,2.0,0.0,0.07623985343281296,60.0,60.11992671640648,0.0
2024-08-01 02:48:00,2.0,0.0,0.07623111116581638,60.0,60.115555582908186,0.0
2024-08-01 02:49:00,2.0,0.0,0.07622236990127754,60.0,60.111184950638766,0.0
2024-08-01 02:50:00,2.0,0.0,0.07621362963908149,60.0,60.106814819540745,0.0
2024-08-01 02:51:00,2.0,0.0,0.07620489037911332,60.0,60.10244518955666,0.0
2024-08-01 02:52:00,2.0,0.0,0.07619615212125809,60.0,60.09807606062905,0.0
2024-08-01 02:53:00,2.0,0.0,0.0761874148654009,60.0,60.09370743270045,0.0
2024-08-01 02:54:00,2.0,0.0,0.07617867861142685,60.0,60.08933930571342,0.0
2024-08-01 02:55:00,2.0,0.0,0.07616994335922106,60.0,60.084971679610526,0.0
2024-08-01 02:56:00,2.0,0.0,0.07616120910866864,60.0,60.080604554334315,0.0
2024-08-01 02:57:00,2.0,0.0,0.07615247585965473,60.0,60.076237929827364,0.0
2024-08-01 02:58:00,2.0,0.0,0.07614374361206451,60.0,60.071871806032256,0.0
2024-08-01 02:59:00,2.0,0.0,0.07613501236578314,60.0,60.06750618289157,0.0
2024-08-01 03:00:00,2.0,0.0,0.0761262821206958,60.0,60.0631410603479,0.0
2024-08-01 03:01:00,2.0,0.0,0.0761175528766877,60.0,60.05877643834385,0.0
2024-08-01 03:02:00,2.0,0.0,0.07610882463364402,60.0,60.05441231682201,0.0
2024-08-01 03:03:00,2.0,0.0,0.07610009739145,60.0,60.050048695725,0.0
2024-08-01 03:04:00,2.0,0.0,0.07609137114999087,60.0,60.04568557499544,0.0
2024-08-01 03:05:00,2.0,0.0,0.0760826459091519,60.0,60.041322954575946,0.0
2024-08-01 03:06:00,2.0,0.0,0.07607392166881831,60.0,60.03696083440915,0.0
2024-08-01 03:07:00,2.0,0.0,0.0760651984288754,60.0,60.032599214437695,0.0
2024-08-01 03:08:00,2.0,0.0,0.07605647618920844,60.0,60.02823809460422,0.0
2024-08-01 03:09:00,2.0,0.0,0.07604775494970276,60.0,60.023877474851375,0.0
2024-08-01 03:10:00,2.0,0.0,0.07603903471024365,60.0,60.01951735512182,0.0
2024-08-01 03:11:00,2.0,0.0,0.07603031547071644,60.0,60.015157735358216,0.0
2024-08-01 03:12:00,2.0,0.0,0.07602159723100646,60.0,60.01079861550323,0.0
2024-08-01 03:13:00,2.0,0.0,0.07601287999099908,60.0,60.00643999549954,0.0
2024-08-01 03:14:00,2.0,0.0,0.07600416375057967,60.0,60.00208187528983,0.0
2024-08-01 03:15:00,2.0,0.0,0.07599544850963359,60.0,59.997724254816795,0.0
2024-08-01 03:16:00,2.0,0.0,0.07598673426804625,60.0,59.993367134023124,0.0
2024-08-01 03:17:00,2.0,0.0,0.07597802102570304,60.0,59.98901051285152,0.0
2024-08-01 03:18:00,2.0,0.0,0.07596930878248939,60.0,59.984654391244696,0.0
2024-08-01 03:19:00,2.0,0.0,0.07596059753829072,60.0,59.980298769145364,0.0
2024-08-01 03:20:00,2.0,0.0,0.0759518872929925,60.0,59.97594364649625,0.0
2024-08-01 03:21:00,1.0,0.0,0.07594317804648015,60.0,59.97158902324008,0.0
2024-08-01 03:22:00,1.0,0.0,0.07593446979863919,60.0,59.96723489931959,0.0
2024-08-01 03:23:00,1.0,0.0,0.07592576254935506,60.0,59.96288127467753,0.0
2024-08-01 03:24:00,1.0,0.0,0.07591705629851328,60.0,59.95852814925664,0.0
2024-08-01 03:25:00,1.0,0.0,0.07590835104599936,60.0,59.95417552299968,0.0
2024-08-01 03:26:00,1.0,0.0,0.07589964679169882,60.0,59.94982339584941,0.0
2024-08-01 03:27:00,1.0,0.0,0.07589094353549719,60.0,59.94547176774859,0.0
2024-08-01 03:28:00,1.0,0.0,0.07588224127728004,60.0,59.941120638640015,0.0
2024-08-01 03:29:00,1.0,0.0,0.07587354001693289,60.0,59.936770008466446,0.0
2024-08-01 03:30:00,2.0,0.0,0.07586483975434136,60.0,59.93241987717068,0.0
2024-08-01 03:31:00,2.0,0.0,0.07585614048939103,60.0,59.92807024469551,0.0
2024-08-01 03:32:00,2.0,0.0,0.0758474422219675,60.0,59.92372111098375,0.0
2024-08-01 03:33:00,2.0,0.0,0.07583874495195637,60.0,59.919372475978186,0.0
2024-08-01 03:34:00,2.0,0.0,0.0758300486792433,60.0,59.915024339621645,0.0
2024-08-01 03:35:00,2.0,0.0,0.0758213534037139,60.0,59.91067670185695,0.0
2024-08-01 03:36:00,2.0,0.0,0.07581265912525384,60.0,59.90632956262692,0.0
2024-08-01 03:37:00,2.0,0.0,0.0758039658437488,60.0,59.9019829218744,0.0
2024-08-01 03:38:00,2.0,0.0,0.07579527355908444,60.0,59.89763677954222,0.0
2024-08-01 03:39:00,2.0,0.0,0.07578658227114646,60.0,59.89329113557323,0.0
2024-08-01 03:40:00,2.0,0.0,0.07577789197982057,60.0,59.88894598991028,0.0
2024-08-01 03:41:00,2.0,0.0,0.0757692026849925,60.0,59.884601342496246,0.0
2024-08-01 03:42:00,2.0,0.0,0.07576051438654798,60.0,59.880257193273984,0.0
2024-08-01 03:43:00,2.0,0.0,0.07575182708437274,60.0,59.87591354218637,0.0
2024-08-01 03:44:00,2.0,0.0,0.07574314077835255,60.0,59.87157038917628,0.0
2024-08-01 03:45:00,2.0,0.0,0.0757344554683732,60.0,59.8672277341866,0.0
2024-08-01 03:46:00,2.0,0.0,0.07572577115432044,60.0,59.86288557716022,0.0
2024-08-01 03:47:00,2.0,0.0,0.0757170878360801,60.0,59.85854391804005,0.0
2024-08-01 03:48:00,2.0,0.0,0.07570840551353798,60.0,59.85420275676899,0.0
2024-08-01 03:49:00,2.0,0.0,0.07569972418657991,60.0,59.84986209328996,0.0
2024-08-01 03:50:00,2.0,0.0,0.07569104385509172,60.0,59.84552192754586,0.0
2024-08-01 03:51:00,2.0,0.0,0.07568236451895928,60.0,59.84118225947964,0.0
2024-08-01 03:52:00,2.0,0.0,0.07567368617806843,60.0,59.83684308903421,0.0
2024-08-01 03:53:00,2.0,0.0,0.07566500883230505,60.0,59.832504416152524,0.0
2024-08-01 03:54:00,2.0,0.0,0.07565633248155504,60.0,59.82816624077752,0.0
2024-08-01 03:55:00,2.0,0.0,0.07564765712570432,60.0,59.82382856285216,0.0
2024-08-01 03:56:00,2.0,0.0,0.07563898276463879,60.0,59.81949138231939,0.0
2024-08-01 03:57:00,2.0,0.0,0.07563030939824436,60.0,59.81515469912218,0.0
2024-08-01 03:58:00,2.0,0.0,0.07562163702640702,60.0,59.81081851320351,0.0
2024-08-01 03:59:00,2.0,0.0,0.07561296564901268,60.0,59.80648282450634,0.0
2024-08-01 04:00:00,2.0,0.0,0.07560429526594735,60.0,59.80214763297367,0.0
2024-08-01 04:01:00,2.0,0.0,0.07559562587709698,60.0,59.79781293854849,0.0
2024-08-01 04:02:00,2.0,0.0,0.07558695748234757,60.0,59.793478741173786,0.0
2024-08-01 04:03:00,2.0,0.0,0.07557829008158513,60.0,59.78914504079257,0.0
2024-08-01 04:04:00,2.0,0.0,0.0755696236746957,60.0,59.78481183734785,0.0
2024-08-01 04:05:00,2.0,0.0,0.07556095826156531,60.0,59.78047913078265,0.0
2024-08-01 04:06:00,2.0,0.0,0.07555229384208,60.0,59.776146921039995,0.0
2024-08-01 04:07:00,2.0,0.0,0.07554363041612581,60.0,59.771815208062904,0.0
2024-08-01 04:08:00,2.0,0.0,0.07553496798358884,60.0,59.76748399179442,0.0
2024-08-01 04:09:00,2.0,0.0,0.07552630654435519,60.0,59.76315327217759,0.0
2024-08-01 04:10:00,2.0,0.0,0.07551764609831092,60.0,59.75882304915546,0.0
2024-08-01 04:11:00,2.0,0.0,0.07550898664534217,60.0,59.75449332267108,0.0
2024-08-01 04:12:00,2.0,0.0,0.07550032818533506,60.0,59.750164092667525,0.0
2024-08-01 04:13:00,2.0,0.0,0.07549167071817571,60.0,59.745835359087856,0.0
2024-08-01 04:14:00,2.0,0.0,0.07548301424375033,60.0,59.74150712187516,0.0
2024-08-01 04:15:00,2.0,0.0,0.07547435876194501,60.0,59.737179380972506,0.0
2024-08-01 04:16:00,2.0,0.0,0.07546570427264598,60.0,59.73285213632299,0.0
2024-08-01 04:17:00,2.0,0.0,0.07545705077573941,60.0,59.72852538786971,0.0
2024-08-01 04:18:00,2.0,0.0,0.07544839827111154,60.0,59.724199135555764,0.0
2024-08-01 04:19:00,1.0,0.0,0.07543974675864852,60.0,59.71987337932426,0.0
2024-08-01 04:20:00,1.0,0.0,0.07543109623823664,60.0,59.71554811911832,0.0
2024-08-01 04:21:00,1.0,0.0,0.07542244670976211,60.0,59.71122335488106,0.0
2024-08-01 04:22:00,1.0,0.0,0.07541379817311121,60.0,59.7068990865556,0.0
2024-08-01 04:23:00,1.0,0.0,0.07540515062817019,60.0,59.702575314085095,0.0
2024-08-01 04:24:00,1.0,0.0,0.07539650407482534,60.0,59.69825203741267,0.0
2024-08-01 04:25:00,1.0,0.0,0.07538785851296297,60.0,59.69392925648148,0.0
2024-08-01 04:26:00,1.0,0.0,0.07537921394246937,60.0,59.68960697123468,0.0
2024-08-01 04:27:00,1.0,0.0,0.07537057036323086,60.0,59.68528518161543,0.0
2024-08-01 04:28:00,1.0,0.0,0.07536192777513379,60.0,59.68096388756689,0.0
2024-08-01 04:29:00,1.0,0.0,0.07535328617806449,60.0,59.67664308903224,0.0
2024-08-01 04:30:00,1.0,0.0,0.07534464557190933,60.0,59.67232278595466,0.0
2024-08-01 04:31:00,1.0,0.0,0.0753360059565547,60.0,59.66800297827734,0.0
2024-08-01 04:32:00,1.0,0.0,0.07532736733188695,60.0,59.66368366594347,0.0
2024-08-01 04:33:00,1.0,0.0,0.0753187296977925,60.0,59.65936484889625,0.0
2024-08-01 04:34:00,1.0,0.0,0.0753100930541578,60.0,59.655046527078895,0.0
2024-08-01 04:35:00,1.0,0.0,0.07530145740086922,60.0,59.650728700434605,0.0
2024-08-01 04:36:00,1.0,0.0,0.07529282273781321,60.0,59.646411368906605,0.0
2024-08-01 04:37:00,1.0,0.0,0.07528418906487624,60.0,59.64209453243812,0.0
2024-08-01 04:38:00,1.0,0.0,0.07527555638194477,60.0,59.637778190972384,0.0
2024-08-01 04:39:00,1.0,0.0,0.07526692468890528,60.0,59.63346234445264,0.0
2024-08-01 04:40:00,1.0,0.0,0.07525829398564425,60.0,59.62914699282212,0.0
2024-08-01 04:41:00,1.0,0.0,0.07524966427204818,60.0,59.62483213602409,0.0
2024-08-01 04:42:00,1.0,0.0,0.07524103554800361,60.0,59.620517774001804,0.0
2024-08-01 04:43:00,1.0,0.0,0.07523240781339706,60.0,59.61620390669853,0.0
2024-08-01 04:44:00,1.0,0.0,0.07522378106811506,60.0,59.61189053405753,0.0
2024-08-01 04:45:00,1.0,0.0,0.07521515531204417,60.0,59.60757765602209,0.0
2024-08-01 04:46:00,2.0,0.0,0.07520653054507098,60.0,59.60326527253549,0.0
2024-08-01 04:47:00,2.0,0.0,0.07519790676708205,60.0,59.59895338354102,0.0
2024-08-01 04:48:00,2.0,0.0,0.07518928397796398,60.0,59.59464198898199,0.0
2024-08-01 04:49:00,2.0,0.0,0.0751806621776034,60.0,59.5903310888017,0.0
2024-08-01 04:50:00,2.0,0.0,0.0751720413658869,60.0,59.58602068294345,0.0
2024-08-01 04:51:00,2.0,0.0,0.07516342154270113,60.0,59.581710771350565,0.0
2024-08-01 04:52:00,2.0,0.0,0.07515480270793273,60.0,59.577401353966366,0.0
2024-08-01 04:53:00,2.0,0.0,0.07514618486146837,60.0,59.573092430734185,0.0
2024-08-01 04:54:00,2.0,0.0,0.07513756800319471,60.0,59.56878400159736,0.0
2024-08-01 04:55:00,2.0,0.0,0.07512895213299847,60.0,59.56447606649923,0.0
2024-08-01 04:56:00,2.0,0.0,0.0751203372507663,60.0,59.56016862538315,0.0
2024-08-01 04:57:00,2.0,0.0,0.07511172335638494,60.0,59.55586167819247,0.0
2024-08-01 04:58:00,2.0,0.0,0.0751031104497411,60.0,59.551555224870555,0.0
2024-08-01 04:59:00,2.0,0.0,0.07509449853072156,60.0,59.547249265360776,0.0
2024-08-01 05:00:00,2.0,0.0,0.07508588759921302,60.0,59.542943799606505,0.0
2024-08-01 05:01:00,2.0,0.0,0.07507727765510225,60.0,59.538638827551125,0.0
2024-08-01 05:02:00,2.0,0.0,0.07506866869827605,60.0,59.53433434913803,0.0
2024-08-01 05:03:00,2.0,0.0,0.07506006072862122,60.0,59.530030364310605,0.0
2024-08-01 05:04:00,2.0,0.0,0.07505145374602452,60.0,59.52572687301226,0.0
2024-08-01 05:05:00,2.0,0.0,0.0750428477503728,60.0,59.5214238751864,0.0
2024-08-01 05:06:00,2.0,0.0,0.07503424274155289,60.0,59.517121370776444,0.0
2024-08-01 05:07:00,2.0,0.0,0.07502563871945161,60.0,59.5128193597258,0.0
2024-08-01 05:08:00,2.0,0.0,0.07501703568395583,60.0,59.50851784197791,0.0
2024-08-01 05:09:00,2.0,0.0,0.07500843363495241,60.0,59.504216817476205,0.0
2024-08-01 05:10:00,2.0,0.0,0.07499983257232824,60.0,59.49991628616412,0.0
2024-08-01 05:11:00,2.0,0.0,0.07499123249597021,60.0,59.495616247985105,0.0
2024-08-01 05:12:00,2.0,0.0,0.07498263340576523,60.0,59.491316702882614,0.0
2024-08-01 05:13:00,2.0,0.0,0.07497403530160021,60.0,59.487017650800105,0.0
2024-08-01 05:14:00,2.0,0.0,0.0749654381833621,60.0,59.48271909168105,0.0
2024-08-01 05:15:00,2.0,0.0,0.07495684205093782,60.0,59.47842102546891,0.0
2024-08-01 05:16:00,2.0,0.0,0.07494824690421437,60.0,59.47412345210718,0.0
2024-08-01 05:17:00,2.0,0.0,0.07493965274307866,60.0,59.469826371539334,0.0
2024-08-01 05:18:00,2.0,0.0,0.07493105956741773,60.0,59.46552978370887,0.0
2024-08-01 05:19:00,2.0,0.0,0.07492246737711855,60.0,59.461233688559275,0.0
2024-08-01 05:20:00,2.0,0.0,0.07491387617206814,60.0,59.45693808603407,0.0
2024-08-01 05:21:00,2.0,0.0,0.07490528595215352,60.0,59.45264297607676,0.0
2024-08-01 05:22:00,2.0,0.0,0.07489669671726173,60.0,59.44834835863087,0.0
2024-08-01 05:23:00,2.0,0.0,0.07488810846727982,60.0,59.44405423363991,0.0
2024-08-01 05:24:00,2.0,0.0,0.07487952120209485,60.0,59.439760601047425,0.0
2024-08-01 05:25:00,2.0,0.0,0.0748709349215939,60.0,59.43546746079695,0.0
2024-08-01 05:26:00,2.0,0.0,0.07486234962566406,60.0,59.431174812832026,0.0
2024-08-01 05:27:00,2.0,0.0,0.0748537653141924,60.0,59.4268826570962,0.0
2024-08-01 05:28:00,1.0,0.0,0.07484518198706608,60.0,59.422590993533035,0.0
2024-08-01 05:29:00,1.0,0.0,0.07483659964417218,60.0,59.41829982208609,0.0
2024-08-01 05:30:00,1.0,0.0,0.0748280182853979,60.0,59.414009142698944,0.0
2024-08-01 05:31:00,2.0,0.0,0.07481943791063032,60.0,59.409718955315164,0.0
2024-08-01 05:32:00,2.0,0.0,0.07481085851975668,60.0,59.40542925987834,0.0
2024-08-01 05:33:00,2.0,0.0,0.07480228011266411,60.0,59.40114005633205,0.0
2024-08-01 05:34:00,2.0,0.0,0.07479370268923982,60.0,59.39685134461991,0.0
2024-08-01 05:35:00,2.0,0.0,0.07478512624937102,60.0,59.39256312468551,0.0
2024-08-01 05:36:00,2.0,0.0,0.0747765507929449,60.0,59.38827539647245,0.0
2024-08-01 05:37:00,2.0,0.0,0.07476797631984873,60.0,59.383988159924364,0.0
2024-08-01 05:38:00,2.0,0.0,0.07475940282996972,60.0,59.37970141498486,0.0
2024-08-01 05:39:00,2.0,0.0,0.07475083032319513,60.0,59.375415161597566,0.0
2024-08-01 05:40:00,2.0,0.0,0.07474225879941225,60.0,59.37112939970613,0.0
2024-08-01 05:41:00,2.0,0.0,0.07473368825850835,60.0,59.366844129254176,0.0
2024-08-01 05:42:00,2.0,0.0,0.07472511870037073,60.0,59.362559350185364,0.0
2024-08-01 05:43:00,2.0,0.0,0.07471655012488669,60.0,59.35827506244335,0.0
2024-08-01 05:44:00,2.0,0.0,0.07470798253194356,60.0,59.35399126597178,0.0
2024-08-01 05:45:00,2.0,0.0,0.07469941592142867,60.0,59.34970796071433,0.0
2024-08-01 05:46:00,1.0,0.0,0.07469085029322936,60.0,59.34542514661468,0.0
2024-08-01 05:47:00,1.0,0.0,0.074682285647233,60.0,59.3411428236165,0.0
2024-08-01 05:48:00,1.0,0.0,0.07467372198332697,60.0,59.336860991663485,0.0
2024-08-01 05:49:00,1.0,0.0,0.07466515930139865,60.0,59.33257965069932,0.0
2024-08-01 05:50:00,1.0,0.0,0.07465659760133542,60.0,59.32829880066771,0.0
2024-08-01 05:51:00,1.0,0.0,0.07464803688302471,60.0,59.32401844151235,0.0
2024-08-01 05:52:00,1.0,0.0,0.07463947714635392,60.0,59.31973857317696,0.0
2024-08-01 05:53:00,1.0,0.0,0.07463091839121053,60.0,59.315459195605264,0.0
2024-08-01 05:54:00,1.0,0.0,0.07462236061748197,60.0,59.31118030874098,0.0
2024-08-01 05:55:00,1.0,0.0,0.07461380382505568,60.0,59.30690191252784,0.0
2024-08-01 05:56:00,1.0,0.0,0.07460524801381918,60.0,59.30262400690959,0.0
2024-08-01 05:57:00,1.0,0.0,0.07459669318365993,60.0,59.29834659182996,0.0
2024-08-01 05:58:00,1.0,0.0,0.07458813933446543,60.0,59.29406966723271,0.0
2024-08-01 05:59:00,1.0,0.0,0.0745795864661232,60.0,59.2897932330616,0.0
2024-08-01 06:00:00,1.0,0.0,0.07457103457852078,60.0,59.28551728926039,0.0
2024-08-01 06:01:00,1.0,0.0,0.0745624836715457,60.0,59.28124183577285,0.0
2024-08-01 06:02:00,1.0,0.0,0.07455393374508552,60.0,59.27696687254276,0.0
2024-08-01 06:03:00,1.0,0.0,0.0745453847990278,60.0,59.27269239951389,0.0
2024-08-01 06:04:00,1.0,0.0,0.0745368368332601,60.0,59.26841841663005,0.0
2024-08-01 06:05:00,1.0,0.0,0.07452828984767004,60.0,59.26414492383502,0.0
2024-08-01 06:06:00,1.0,0.0,0.07451974384214521,60.0,59.25987192107261,0.0
2024-08-01 06:07:00,1.0,0.0,0.07451119881657325,60.0,59.25559940828663,0.0
2024-08-01 06:08:00,1.0,0.0,0.0745026547708418,60.0,59.25132738542089,0.0
2024-08-01 06:09:00,1.0,0.0,0.07449411170483845,60.0,59.24705585241922,0.0
2024-08-01 06:10:00,1.0,0.0,0.07448556961845089,60.0,59.24278480922544,0.0
2024-08-01 06:11:00,1.0,0.0,0.07447702851156678,60.0,59.238514255783386,0.0
2024-08-01 06:12:00,1.0,0.0,0.07446848838407381,60.0,59.234244192036904,0.0
2024-08-01 06:13:00,1.0,0.0,0.07445994923585969,60.0,59.22997461792984,0.0
2024-08-01 06:14:00,1.0,0.0,0.07445141106681209,60.0,59.22570553340604,0.0
2024-08-01 06:15:00,1.0,0.0,0.07444287387681875,60.0,59.221436938409376,0.0
2024-08-01 06:16:00,1.0,0.0,0.07443433766576742,60.0,59.21716883288371,0.0
2024-08-01 06:17:00,1.0,0.0,0.07442580243354582,60.0,59.21290121677291,0.0
2024-08-01 06:18:00,1.0,0.0,0.07441726818004174,60.0,59.20863409002087,0.0
2024-08-01 06:19:00,1.0,0.0,0.07440873490514294,60.0,59.20436745257147,0.0
2024-08-01 06:20:00,1.0,0.0,0.07440020260873718,60.0,59.200101304368594,0.0
2024-08-01 06:21:00,1.0,0.0,0.0743916712907123,60.0,59.19583564535615,0.0
2024-08-01 06:22:00,1.0,0.0,0.07438314095095608,60.0,59.19157047547804,0.0
2024-08-01 06:23:00,1.0,0.0,0.07437461158935635,60.0,59.187305794678174,0.0
2024-08-01 06:24:00,1.0,0.0,0.07436608320580095,60.0,59.183041602900474,0.0
2024-08-01 06:25:00,1.0,0.0,0.07435755580017774,60.0,59.17877790008887,0.0
2024-08-01 06:26:00,1.0,0.0,0.07434902937237456,60.0,59.17451468618728,0.0
2024-08-01 06:27:00,1.0,0.0,0.07434050392227931,60.0,59.170251961139655,0.0
2024-08-01 06:28:00,1.0,0.0,0.07433197944977987,60.0,59.16598972488993,0.0
2024-08-01 06:29:00,1.0,0.0,0.07432345595476413,60.0,59.161727977382064,0.0
2024-08-01 06:30:00,1.0,0.0,0.07431493343712,60.0,59.15746671856,0.0
2024-08-01 06:31:00,1.0,0.0,0.07430641189673542,60.0,59.15320594836771,0.0
2024-08-01 06:32:00,1.0,0.0,0.07429789133349834,60.0,59.14894566674917,0.0
2024-08-01 06:33:00,1.0,0.0,0.0742893717472967,60.0,59.14468587364835,0.0
2024-08-01 06:34:00,1.0,0.0,0.07428085313801847,60.0,59.14042656900923,0.0
2024-08-01 06:35:00,1.0,0.0,0.07427233550555161,60.0,59.136167752775805,0.0
2024-08-01 06:36:00,1.0,0.0,0.07426381884978413,60.0,59.131909424892065,0.0
2024-08-01 06:37:00,1.0,0.0,0.07425530317060404,60.0,59.12765158530202,0.0
2024-08-01 06:38:00,1.0,0.0,0.07424678846789934,60.0,59.12339423394967,0.0
2024-08-01 06:39:00,1.0,0.0,0.07423827474155806,60.0,59.11913737077903,0.0
2024-08-01 06:40:00,1.0,0.0,0.07422976199146825,60.0,59.114880995734126,0.0
2024-08-01 06:41:00,1.0,0.0,0.07422125021751796,60.0,59.11062510875898,0.0
2024-08-01 06:42:00,1.0,0.0,0.07421273941959526,60.0,59.10636970979763,0.0
2024-08-01 06:43:00,1.0,0.0,0.07420422959758824,60.0,59.10211479879412,0.0
2024-08-01 06:44:00,1.0,0.0,0.07419572075138499,60.0,59.09786037569249,0.0
2024-08-01 06:45:00,1.0,0.0,0.0741872128808736,60.0,59.0936064404368,0.0
2024-08-01 06:46:00,1.0,0.0,0.0741787059859422,60.0,59.0893529929711,0.0
2024-08-01 06:47:00,1.0,0.0,0.07417020006647893,60.0,59.08510003323946,0.0
2024-08-01 06:48:00,1.0,0.0,0.07416169512237193,60.0,59.08084756118596,0.0
2024-08-01 06:49:00,1.0,0.0,0.07415319115350935,60.0,59.07659557675468,0.0
2024-08-01 06:50:00,1.0,0.0,0.07414468815977938,60.0,59.07234407988969,0.0
2024-08-01 06:51:00,1.0,0.0,0.07413618614107019,60.0,59.06809307053509,0.0
2024-08-01 06:52:00,1.0,0.0,0.07412768509726997,60.0,59.06384254863498,0.0
2024-08-01 06:53:00,1.0,0.0,0.07411918502826693,60.0,59.05959251413346,0.0
2024-08-01 06:54:00,1.0,0.0,0.0741106859339493,60.0,59.05534296697465,0.0
2024-08-01 06:55:00,1.0,0.0,0.07410218781420533,60.0,59.05109390710266,0.0
2024-08-01 06:56:00,1.0,0.0,0.07409369066892323,60.0,59.046845334461615,0.0
2024-08-01 06:57:00,1.0,0.0,0.0740851944979913,60.0,59.04259724899565,0.0
2024-08-01 06:58:00,1.0,0.0,0.07407669930129777,60.0,59.03834965064889,0.0
2024-08-01 06:59:00,1.0,0.0,0.07406820507873098,60.0,59.03410253936549,0.0
2024-08-01 07:00:00,1.0,0.0,0.0740597118301792,60.0,59.0298559150896,0.0
2024-08-01 07:01:00,1.0,0.0,0.07405121955553073,60.0,59.02560977776537,0.0
2024-08-01 07:02:00,1.0,0.0,0.07404272825467392,60.0,59.02136412733696,0.0
2024-08-01 07:03:00,1.0,0.0,0.07403423792749708,60.0,59.01711896374854,0.0
2024-08-01 07:04:00,1.0,0.0,0.07402574857388856,60.0,59.01287428694428,0.0
2024-08-01 07:05:00,1.0,0.0,0.07401726019373676,60.0,59.00863009686838,0.0
2024-08-01 07:06:00,1.0,0.0,0.07400877278693002,60.0,59.00438639346501,0.0
2024-08-01 07:07:00,1.0,0.0,0.07400028635335676,60.0,59.00014317667838,0.0
2024-08-01 07:08:00,1.0,0.0,0.07399180089290534,60.0,58.99590044645267,0.0
2024-08-01 07:09:00,1.0,0.0,0.07415531831659655,60.0,59.077659158298275,0.0
2024-08-01 07:10:00,1.0,0.0,0.0743188169900815,60.0,59.15940849504075,0.0
2024-08-01 07:11:00,1.0,0.0,0.07448229691551027,60.0,59.24114845775513,0.0
2024-08-01 07:12:00,1.0,0.0,0.0746457580950326,60.0,59.3228790475163,0.0
2024-08-01 07:13:00,1.0,0.0,0.0748092005307981,60.0,59.404600265399054,0.0
2024-08-01 07:14:00,1.0,0.0,0.07497262422495607,60.0,59.48631211247803,0.0
2024-08-01 07:15:00,1.0,0.0,0.07513602917965553,60.0,59.56801458982777,0.0
2024-08-01 07:16:00,1.0,0.0,0.07529941539704535,60.0,59.649707698522676,0.0
2024-08-01 07:17:00,1.0,0.0,0.07546278287927408,60.0,59.73139143963704,0.0
2024-08-01 07:18:00,1.0,0.0,0.07562613162849002,60.0,59.81306581424501,0.0
2024-08-01 07:19:00,1.0,0.0,0.07578946164684126,60.0,59.89473082342063,0.0
2024-08-01 07:20:00,1.0,0.0,0.07595277293647563,60.0,59.97638646823782,0.0
2024-08-01 07:21:00,1.0,0.0,0.07611606549954074,60.0,60.05803274977037,0.0
2024-08-01 07:22:00,1.0,0.0,0.07627933933818389,60.0,60.139669669091944,0.0
2024-08-01 07:23:00,1.0,0.0,0.07644259445455218,60.0,60.22129722727609,0.0
2024-08-01 07:24:00,1.0,0.0,0.07660583085079246,60.0,60.30291542539623,0.0
2024-08-01 07:25:00,1.0,0.0,0.07676904852905134,60.0,60.384524264525666,0.0
2024-08-01 07:26:00,1.0,0.0,0.07693224749147513,60.0,60.46612374573757,0.0
2024-08-01 07:27:00,1.0,0.0,0.07709542774020998,60.0,60.54771387010499,0.0
2024-08-01 07:28:00,1.0,0.0,0.07725858927740174,60.0,60.62929463870087,0.0
2024-08-01 07:29:00,1.0,0.0,0.07742173210519601,60.0,60.71086605259801,0.0
2024-08-01 07:30:00,1.0,0.0,0.07758485622573819,60.0,60.79242811286909,0.0
2024-08-01 07:31:00,1.0,0.0,0.07774796164117335,60.0,60.873980820586674,0.0
2024-08-01 07:32:00,1.0,0.0,0.07791104835364641,60.0,60.955524176823204,0.0
2024-08-01 07:33:00,1.0,0.0,0.078074116365302,60.0,61.037058182650995,0.0
2024-08-01 07:34:00,1.0,0.0,0.07806516376715213,60.0,61.032581883576064,0.0
2024-08-01 07:35:00,1.0,0.0,0.07805621219557826,60.0,61.02810609778913,0.0
2024-08-01 07:36:00,1.0,0.0,0.07804726165046266,60.0,61.02363082523133,0.0
2024-08-01 07:37:00,1.0,0.0,0.07803831213168765,60.0,61.01915606584382,0.0
2024-08-01 07:38:00,1.0,0.0,0.07802936363913553,60.0,61.01468181956776,0.0
2024-08-01 07:39:00,1.0,0.0,0.07802041617268861,60.0,61.010208086344306,0.0
2024-08-01 07:40:00,1.0,0.0,0.07801146973222925,60.0,61.00573486611462,0.0
2024-08-01 07:41:00,1.0,0.0,0.07800252431763978,60.0,61.00126215881989,0.0
2024-08-01 07:42:00,1.0,0.0,0.07799357992880258,60.0,60.996789964401295,0.0
2024-08-01 07:43:00,1.0,0.0,0.07798463656560006,60.0,60.99231828280003,0.0
2024-08-01 07:44:00,1.0,0.0,0.07797569422791456,60.0,60.98784711395728,0.0
2024-08-01 07:45:00,1.0,0.0,0.0779667529156285,60.0,60.98337645781425,0.0
2024-08-01 07:46:00,1.0,0.0,0.07795781262862432,60.0,60.97890631431216,0.0
2024-08-01 07:47:00,1.0,0.0,0.07794887336678444,60.0,60.97443668339222,0.0
2024-08-01 07:48:00,1.0,0.0,0.07793993512999131,60.0,60.969967564995656,0.0
2024-08-01 07:49:00,1.0,0.0,0.0779309979181274,60.0,60.965498959063694,0.0
2024-08-01 07:50:00,1.0,0.0,0.07792206173107515,60.0,60.96103086553757,0.0
2024-08-01 07:51:00,1.0,0.0,0.07791312656871706,60.0,60.95656328435853,0.0
2024-08-01 07:52:00,1.0,0.0,0.07790419243093566,60.0,60.952096215467826,0.0
2024-08-01 07:53:00,1.0,0.0,0.07789525931761343,60.0,60.94762965880671,0.0
2024-08-01 07:54:00,1.0,0.0,0.07788632722863291,60.0,60.943163614316454,0.0
2024-08-01 07:55:00,1.0,0.0,0.07787739616387664,60.0,60.93869808193832,0.0
2024-08-01 07:56:00,1.0,0.0,0.07786846612322718,60.0,60.93423306161359,0.0
2024-08-01 07:57:00,1.0,0.0,0.0778595371065671,60.0,60.929768553283544,0.0
2024-08-01 07:58:00,1.0,0.0,0.07785060911377895,60.0,60.92530455688947,0.0
2024-08-01 07:59:00,1.0,0.0,0.07784168214474535,60.0,60.920841072372674,0.0
2024-08-01 08:00:00,1.0,0.0,0.07783275619934892,60.0,60.91637809967445,0.0
2024-08-01 08:01:00,1.0,0.0,0.07782383127747225,60.0,60.911915638736126,0.0
2024-08-01 08:02:00,1.0,0.0,0.077814907378998,60.0,60.907453689499,0.0
2024-08-01 08:03:00,1.0,0.0,0.07780598450380882,60.0,60.90299225190441,0.0
2024-08-01 08:04:00,1.0,0.0,0.07779706265178736,60.0,60.89853132589368,0.0
2024-08-01 08:05:00,1.0,0.0,0.0777881418228163,60.0,60.89407091140815,0.0
2024-08-01 08:06:00,1.0,0.0,0.07777922201677834,60.0,60.88961100838917,0.0
2024-08-01 08:07:00,1.0,0.0,0.07777030323355615,60.0,60.885151616778074,0.0
2024-08-01 08:08:00,1.0,0.0,0.07776138547303248,60.0,60.88069273651624,0.0
2024-08-01 08:09:00,1.0,0.0,0.07775246873509004,60.0,60.87623436754502,0.0
2024-08-01 08:10:00,1.0,0.0,0.07774355301961157,60.0,60.871776509805784,0.0
2024-08-01 08:11:00,1.0,0.0,0.07773463832647984,60.0,60.86731916323992,0.0
2024-08-01 08:12:00,1.0,0.0,0.07772572465557763,60.0,60.86286232778881,0.0
2024-08-01 08:13:00,1.0,0.0,0.07771681200678769,60.0,60.858406003393846,0.0
2024-08-01 08:14:00,1.0,0.0,0.07770790037999284,60.0,60.85395018999642,0.0
2024-08-01 08:15:00,1.0,0.0,0.07769898977507587,60.0,60.84949488753794,0.0
2024-08-01 08:16:00,1.0,0.0,0.07769008019191964,60.0,60.84504009595982,0.0
2024-08-01 08:17:00,1.0,0.0,0.07768117163040696,60.0,60.840585815203475,0.0
2024-08-01 08:18:00,1.0,0.0,0.07767226409042068,60.0,60.836132045210334,0.0
2024-08-01 08:19:00,1.0,0.0,0.07766335757184364,60.0,60.831678785921824,0.0
2024-08-01 08:20:00,1.0,0.0,0.07765445207455877,60.0,60.82722603727939,0.0
2024-08-01 08:21:00,1.0,0.0,0.07764554759844894,60.0,60.82277379922447,0.0
2024-08-01 08:22:00,1.0,0.0,0.07763664414339704,60.0,60.81832207169852,0.0
2024-08-01 08:23:00,1.0,0.0,0.07762774170928599,60.0,60.81387085464299,0.0
2024-08-01 08:24:00,1.0,0.0,0.07761884029599872,60.0,60.80942014799936,0.0
2024-08-01 08:25:00,1.0,0.0,0.07760993990341819,60.0,60.8049699517091,0.0
2024-08-01 08:26:00,1.0,0.0,0.07760104053142736,60.0,60.80052026571368,0.0
2024-08-01 08:27:00,1.0,0.0,0.07759214217990919,60.0,60.796071089954594,0.0
2024-08-01 08:28:00,1.0,0.0,0.07758324484874667,60.0,60.79162242437333,0.0
2024-08-01 08:29:00,1.0,0.0,0.07757434853782277,60.0,60.787174268911386,0.0
2024-08-01 08:30:00,1.0,0.0,0.07756545324702055,60.0,60.78272662351027,0.0
2024-08-01 08:31:00,1.0,0.0,0.07755655897622299,60.0,60.778279488111494,0.0
2024-08-01 08:32:00,1.0,0.0,0.07754766572531316,60.0,60.773832862656576,0.0
2024-08-01 08:33:00,1.0,0.0,0.07753877349417408,60.0,60.76938674708704,0.0
2024-08-01 08:34:00,1.0,0.0,0.07752988228268885,60.0,60.76494114134442,0.0
2024-08-01 08:35:00,1.0,0.0,0.07752099209074052,60.0,60.76049604537026,0.0
2024-08-01 08:36:00,1.0,0.0,0.0775121029182122,60.0,60.7560514591061,0.0
2024-08-01 08:37:00,1.0,0.0,0.07750321476498698,60.0,60.75160738249349,0.0
2024-08-01 08:38:00,1.0,0.0,0.07749432763094799,60.0,60.747163815473996,0.0
2024-08-01 08:39:00,1.0,0.0,0.07748544151597837,60.0,60.74272075798918,0.0
2024-08-01 08:40:00,1.0,0.0,0.07747655641996125,60.0,60.73827820998062,0.0
2024-08-01 08:41:00,1.0,0.0,0.07746767234277978,60.0,60.73383617138989,0.0
2024-08-01 08:42:00,1.0,0.0,0.07745878928431717,60.0,60.72939464215858,0.0
2024-08-01 08:43:00,1.0,0.0,0.07744990724445656,60.0,60.724953622228284,0.0
2024-08-01 08:44:00,1.0,0.0,0.0774410262230812,60.0,60.7205131115406,0.0
2024-08-01 08:45:00,1.0,0.0,0.07743214622007424,60.0,60.71607311003712,0.0
2024-08-01 08:46:00,1.0,0.0,0.07742326723531896,60.0,60.71163361765948,0.0
2024-08-01 08:47:00,1.0,0.0,0.07741438926869858,60.0,60.707194634349285,0.0
2024-08-01 08:48:00,1.0,0.0,0.07740551232009633,60.0,60.70275616004817,0.0
2024-08-01 08:49:00,1.0,0.0,0.0773966363893955,60.0,60.698318194697755,0.0
2024-08-01 08:50:00,1.0,0.0,0.07738776147647938,60.0,60.69388073823969,0.0
2024-08-01 08:51:00,1.0,0.0,0.07737888758123124,60.0,60.68944379061562,0.0
2024-08-01 08:52:00,1.0,0.0,0.0773700147035344,60.0,60.6850073517672,0.0
2024-08-01 08:53:00,1.0,0.0,0.07736114284327217,60.0,60.68057142163608,0.0
2024-08-01 08:54:00,1.0,0.0,0.07735227200032788,60.0,60.676136000163936,0.0
2024-08-01 08:55:00,1.0,0.0,0.07734340217458488,60.0,60.67170108729244,0.0
2024-08-01 08:56:00,1.0,0.0,0.07733453336592655,60.0,60.66726668296327,0.0
2024-08-01 08:57:00,1.0,0.0,0.07732566557423624,60.0,60.66283278711812,0.0
2024-08-01 08:58:00,1.0,0.0,0.07731679879939735,60.0,60.65839939969867,0.0
2024-08-01 08:59:00,1.0,0.0,0.07730793304129326,60.0,60.65396652064663,0.0
2024-08-01 09:00:00,1.0,0.0,0.07729906829980739,60.0,60.649534149903694,0.0
2024-08-01 09:01:00,1.0,0.0,0.07729020457482318,60.0,60.64510228741159,0.0
2024-08-01 09:02:00,1.0,0.0,0.07728134186622405,60.0,60.64067093311203,0.0
2024-08-01 09:03:00,1.0,0.0,0.07727248017389349,60.0,60.63624008694674,0.0
2024-08-01 09:04:00,1.0,0.0,0.07726361949771493,60.0,60.631809748857464,0.0
2024-08-01 09:05:00,1.0,0.0,0.07725475983757185,60.0,60.62737991878593,0.0
2024-08-01 09:06:00,1.0,1.92556,0.07724590119334776,60.0,60.62295059667388,1.0
2024-08-01 09:07:00,1.0,1.92556,0.07701624356492617,60.0,60.508121782463085,1.0
2024-08-01 09:08:00,1.0,0.0,0.0767866122708719,60.0,60.39330613543595,0.0
2024-08-01 09:09:00,1.0,0.0,0.07677780730816525,60.0,60.388903654082625,0.0
2024-08-01 09:10:00,1.0,0.0,0.07676900335510556,60.0,60.38450167755278,0.0
2024-08-01 09:11:00,1.0,0.0,0.07676020041157702,60.0,60.38010020578851,0.0
2024-08-01 09:12:00,1.0,0.0,0.0767513984774639,60.0,60.37569923873195,0.0
2024-08-01 09:13:00,1.0,0.0,0.07674259755265042,60.0,60.37129877632521,0.0
2024-08-01 09:14:00,1.0,0.0,0.07673379763702089,60.0,60.36689881851044,0.0
2024-08-01 09:15:00,1.0,0.0,0.07672499873045954,60.0,60.36249936522977,0.0
2024-08-01 09:16:00,1.0,0.0,0.0767162008328507,60.0,60.35810041642535,0.0
2024-08-01 09:17:00,1.0,0.0,0.07670740394407867,60.0,60.35370197203933,0.0
2024-08-01 09:18:00,1.0,0.0,0.07669860806402774,60.0,60.34930403201387,0.0
2024-08-01 09:19:00,1.0,0.0,0.07668981319258227,60.0,60.34490659629113,0.0
2024-08-01 09:20:00,1.0,0.0,0.07668101932962659,60.0,60.3405096648133,0.0
2024-08-01 09:21:00,1.0,11.553360000000001,0.07667222647504508,60.0,60.33611323752254,6.0
2024-08-01 09:22:00,1.0,0.0,0.07533863462872209,60.0,59.669317314361045,0.0
2024-08-01 09:23:00,1.0,0.0,0.07532999570262994,60.0,59.664997851314965,0.0
2024-08-01 09:24:00,1.0,0.0,0.07532135776714563,60.0,59.660678883572814,0.0
2024-08-01 09:25:00,1.0,0.0,0.07531272082215561,60.0,59.656360411077806,0.0
2024-08-01 09:26:00,1.0,0.0,0.07530408486754628,60.0,59.65204243377314,0.0
2024-08-01 09:27:00,1.0,0.0,0.0752954499032041,60.0,59.647724951602044,0.0
2024-08-01 09:28:00,1.0,0.0,0.07528681592901548,60.0,59.64340796450774,0.0
2024-08-01 09:29:00,1.0,0.0,0.0752781829448669,60.0,59.63909147243345,0.0
2024-08-01 09:30:00,1.0,0.0,0.07526955095064485,60.0,59.63477547532242,0.0
2024-08-01 09:31:00,1.0,0.0,0.0752609199462358,60.0,59.630459973117894,0.0
2024-08-01 09:32:00,1.0,0.0,0.07525228993152623,60.0,59.62614496576312,0.0
2024-08-01 09:33:00,1.0,0.0,0.07524366090640269,60.0,59.62183045320135,0.0
2024-08-01 09:34:00,1.0,0.0,0.0752350328707517,60.0,59.61751643537585,0.0
2024-08-01 09:35:00,1.0,0.0,0.07522640582445977,60.0,59.61320291222989,0.0
2024-08-01 09:36:00,1.0,0.0,0.07521777976741349,60.0,59.608889883706745,0.0
2024-08-01 09:37:00,1.0,0.0,0.0752091546994994,60.0,59.604577349749704,0.0
2024-08-01 09:38:00,1.0,0.0,0.0752005306206041,60.0,59.60026531030205,0.0
2024-08-01 09:39:00,1.0,0.0,0.07519190753061417,60.0,59.59595376530708,0.0
2024-08-01 09:40:00,1.0,0.0,0.07518328542941619,60.0,59.591642714708094,0.0
2024-08-01 09:41:00,1.0,1.92556,0.07517466431689682,60.0,59.587332158448405,1.0
2024-08-01 09:42:00,1.0,0.0,0.07494524419294266,60.0,59.472622096471326,0.0
2024-08-01 09:43:00,1.0,0.0,0.07493665037612168,60.0,59.46832518806084,0.0
2024-08-01 09:44:00,1.0,0.0,0.07492805754473598,60.0,59.46402877236799,0.0
2024-08-01 09:45:00,1.0,1.92556,0.07491946569867255,60.0,59.45973284933628,1.0
2024-08-01 09:46:00,1.0,13.47892,0.07469007483781843,60.0,59.345037418909214,7.0
2024-08-01 09:47:00,1.0,11.553360000000001,0.07313591028074196,60.0,58.56795514037098,6.0
2024-08-01 09:48:00,1.0,0.0,0.07197472584764716,60.0,57.98736292382358,0.0
2024-08-01 09:49:00,1.0,0.0,0.07213847456518016,60.0,58.06923728259008,0.0
2024-08-01 09:50:00,1.0,0.0,0.07230220450598492,60.0,58.15110225299246,0.0
2024-08-01 09:51:00,1.0,0.0,0.07246591567221453,60.0,58.23295783610726,0.0
2024-08-01 09:52:00,1.0,0.0,0.07262960806602181,60.0,58.31480403301091,0.0
2024-08-01 09:53:00,1.0,0.0,0.0727932816895594,60.0,58.3966408447797,0.0
2024-08-01 09:54:00,1.0,1.92556,0.07295693654497962,60.0,58.478468272489806,1.0
2024-08-01 09:55:00,1.0,0.0,0.07289977263443456,60.0,58.44988631721728,0.0
2024-08-01 09:56:00,1.0,0.0,0.0730634152787574,60.0,58.5317076393787,0.0
2024-08-01 09:57:00,1.0,0.0,0.07322703915851521,60.0,58.613519579257606,0.0
2024-08-01 09:58:00,3.0,0.0,0.07339064427585967,60.0,58.695322137929836,0.0
2024-08-01 09:59:00,3.0,0.0,0.07355423063294224,60.0,58.77711531647112,0.0
2024-08-01 10:00:00,3.0,0.0,0.07371779823191409,60.0,58.858899115957044,0.0
2024-08-01 10:01:00,3.0,0.0,0.0738813470749262,60.0,58.9406735374631,0.0
2024-08-01 10:02:00,3.0,0.0,0.07404487716412926,60.0,59.02243858206463,0.0
2024-08-01 10:03:00,3.0,0.0,0.07420838850167376,60.0,59.104194250836876,0.0
2024-08-01 10:04:00,1.0,0.0,0.07437188108970988,60.0,59.18594054485494,0.0
2024-08-01 10:05:00,1.0,0.0,0.0745353549303876,60.0,59.2676774651938,0.0
2024-08-01 10:06:00,1.0,0.0,0.07469881002585664,60.0,59.34940501292832,0.0
2024-08-01 10:07:00,1.0,0.0,0.0748622463782665,60.0,59.431123189133245,0.0
2024-08-01 10:08:00,1.0,0.0,0.07502566398976636,60.0,59.51283199488318,0.0
2024-08-01 10:09:00,1.0,0.0,0.07518906286250522,60.0,59.59453143125261,0.0
2024-08-01 10:10:00,1.0,0.0,0.07535244299863184,60.0,59.676221499315915,0.0
2024-08-01 10:11:00,1.0,0.0,0.07551580440029466,60.0,59.757902200147335,0.0
2024-08-01 10:12:00,1.0,0.0,0.07567914706964199,60.0,59.83957353482099,0.0
2024-08-01 10:13:00,1.0,0.0,0.07584247100882177,60.0,59.92123550441089,0.0
2024-08-01 10:14:00,1.0,0.0,0.07600577621998178,60.0,60.00288810999089,0.0
2024-08-01 10:15:00,1.0,0.0,0.07616906270526952,60.0,60.084531352634755,0.0
2024-08-01 10:16:00,1.0,1.92556,0.07633233046683222,60.0,60.16616523341611,1.0
2024-08-01 10:17:00,1.0,0.0,0.07627477950681691,60.0,60.137389753408456,0.0
2024-08-01 10:18:00,1.0,0.0,0.07643803514605167,60.0,60.21901757302584,0.0
2024-08-01 10:19:00,1.0,0.0,0.07660127206509847,60.0,60.300636032549235,0.0
2024-08-01 10:20:00,1.0,0.0,0.07676449026610391,60.0,60.38224513305195,0.0
2024-08-01 10:21:00,1.0,0.0,0.07692768975121435,60.0,60.46384487560717,0.0
2024-08-01 10:22:00,1.0,0.0,0.07709087052257589,60.0,60.54543526128794,0.0
2024-08-01 10:23:00,1.0,0.0,0.0772540325823344,60.0,60.6270162911672,0.0
2024-08-01 10:24:00,1.0,0.0,0.07741717593263552,60.0,60.70858796631776,0.0
2024-08-01 10:25:00,1.0,0.0,0.07758030057562461,60.0,60.7901502878123,0.0
2024-08-01 10:26:00,1.0,0.0,0.0777434065134468,60.0,60.8717032567234,0.0
2024-08-01 10:27:00,1.0,0.0,0.07790649374824697,60.0,60.95324687412349,0.0
2024-08-01 10:28:00,1.0,0.0,0.07806956228216977,60.0,61.034781141084885,0.0
2024-08-01 10:29:00,1.0,0.0,0.07806061020622725,60.0,61.03030510311362,0.0
2024-08-01 10:30:00,1.0,0.0,0.07805165915680083,60.0,61.02582957840041,0.0
2024-08-01 10:31:00,1.0,0.0,0.07804270913377281,60.0,61.02135456688641,0.0
2024-08-01 10:32:00,1.0,0.0,0.07803376013702551,60.0,61.016880068512755,0.0
2024-08-01 10:33:00,1.0,0.0,0.07802481216644123,60.0,61.01240608322062,0.0
2024-08-01 10:34:00,3.0,0.0,0.07801586522190232,60.0,61.00793261095116,0.0
2024-08-01 10:35:00,3.0,0.0,0.07800691930329111,60.0,61.00345965164556,0.0
2024-08-01 10:36:00,3.0,0.0,0.07799797441048997,60.0,60.99898720524499,0.0
2024-08-01 10:37:00,3.0,1.92556,0.07798903054338127,60.0,60.99451527169064,1.0
2024-08-01 10:38:00,3.0,0.0,0.0777592877018474,60.0,60.8796438509237,0.0
2024-08-01 10:39:00,3.0,0.0,0.07775037120445207,60.0,60.87518560222603,0.0
2024-08-01 10:40:00,3.0,0.0,0.07774145572949313,60.0,60.87072786474656,0.0
2024-08-01 10:41:00,3.0,0.0,0.07773254127685335,60.0,60.86627063842667,0.0
2024-08-01 10:42:00,3.0,0.0,0.07772362784641548,60.0,60.86181392320774,0.0
2024-08-01 10:43:00,3.0,0.0,0.07771471543806233,60.0,60.857357719031164,0.0
2024-08-01 10:44:00,3.0,0.0,0.0777058040516767,60.0,60.85290202583835,0.0
2024-08-01 10:45:00,3.0,0.0,0.07769689368714139,60.0,60.84844684357069,0.0
2024-08-01 10:46:00,3.0,1.92556,0.07768798434433923,60.0,60.843992172169614,1.0
2024-08-01 10:47:00,3.0,0.0,0.07745827602315307,60.0,60.72913801157653,0.0
2024-08-01 10:48:00,3.0,0.0,0.07744939404214707,60.0,60.72469702107353,0.0
2024-08-01 10:49:00,1.0,0.0,0.07744051307961954,60.0,60.72025653980977,0.0
2024-08-01 10:50:00,1.0,0.0,0.07743163313545369,60.0,60.71581656772685,0.0
2024-08-01 10:51:00,1.0,0.0,0.07742275420953278,60.0,60.711377104766385,0.0
2024-08-01 10:52:00,1.0,0.0,0.07741387630173999,60.0,60.706938150869995,0.0
2024-08-01 10:53:00,1.0,0.0,0.07740499941195861,60.0,60.70249970597931,0.0
2024-08-01 10:54:00,1.0,0.0,0.07739612354007191,60.0,60.698061770035956,0.0
2024-08-01 10:55:00,1.0,1.92556,0.07738724868596315,60.0,60.69362434298158,1.0
2024-08-01 10:56:00,1.0,1.92556,0.07715757484951566,60.0,60.57878742475783,1.0
2024-08-01 10:57:00,1.0,0.0,0.07692792734929403,60.0,60.46396367464701,0.0
2024-08-01 10:58:00,1.0,0.0,0.07691910618227835,60.0,60.45955309113917,0.0
2024-08-01 10:59:00,1.0,0.0,0.07691028602676771,60.0,60.455143013383854,0.0
2024-08-01 11:00:00,1.0,1.92556,0.07690146688264615,60.0,60.450733441323074,1.0
2024-08-01 11:01:00,1.0,0.0,0.0766718487497977,60.0,60.335924374898845,0.0
2024-08-01 11:02:00,1.0,0.0,0.07666305694678768,60.0,60.33152847339384,0.0
2024-08-01 11:03:00,1.0,0.0,0.0766542661519156,60.0,60.3271330759578,0.0
2024-08-01 11:04:00,1.0,0.0,0.07664547636506588,60.0,60.322738182532945,0.0
2024-08-01 11:05:00,1.0,0.0,0.07663668758612294,60.0,60.318343793061466,0.0
2024-08-01 11:06:00,1.0,0.0,0.07662789981497116,60.0,60.31394990748558,0.0
2024-08-01 11:07:00,1.0,0.0,0.076619113051495,60.0,60.3095565257475,0.0
2024-08-01 11:08:00,1.0,0.0,0.07661032729557893,60.0,60.30516364778946,0.0
2024-08-01 11:09:00,1.0,0.0,0.07660154254710738,60.0,60.30077127355369,0.0
2024-08-01 11:10:00,1.0,0.0,0.07659275880596486,60.0,60.29637940298243,0.0
2024-08-01 11:11:00,1.0,0.0,0.07658397607203585,60.0,60.291988036017926,0.0
2024-08-01 11:12:00,1.0,0.0,0.07657519434520485,60.0,60.287597172602425,0.0
2024-08-01 11:13:00,1.0,0.0,0.07656641362535638,60.0,60.28320681267819,0.0
2024-08-01 11:14:00,1.0,0.0,0.07655763391237497,60.0,60.278816956187484,0.0
2024-08-01 11:15:00,1.0,0.0,0.07654885520614517,60.0,60.27442760307258,0.0
2024-08-01 11:16:00,1.0,0.0,0.07654007750655152,60.0,60.27003875327576,0.0
2024-08-01 11:17:00,1.0,0.0,0.07653130081347863,60.0,60.26565040673931,0.0
2024-08-01 11:18:00,1.0,0.0,0.07652252512681104,60.0,60.26126256340552,0.0
2024-08-01 11:19:00,1.0,0.0,0.0765137504464334,60.0,60.256875223216696,0.0
2024-08-01 11:20:00,1.0,0.0,0.07650497677223027,60.0,60.25248838611513,0.0
2024-08-01 11:21:00,1.0,0.0,0.0764962041040863,60.0,60.248102052043144,0.0
2024-08-01 11:22:00,1.0,0.0,0.07648743244188612,60.0,60.24371622094306,0.0
2024-08-01 11:23:00,1.0,0.0,0.07647866178551438,60.0,60.23933089275719,0.0
2024-08-01 11:24:00,1.0,0.0,0.07646989213485574,60.0,60.23494606742787,0.0
2024-08-01 11:25:00,1.0,0.0,0.07646112348979489,60.0,60.23056174489744,0.0
2024-08-01 11:26:00,1.0,1.92556,0.07645235585021651,60.0,60.22617792510825,1.0
2024-08-01 11:27:00,1.0,0.0,0.0762227892160053,60.0,60.11139460800265,0.0
2024-08-01 11:28:00,1.0,0.0,0.07621404890572729,60.0,60.10702445286365,0.0
2024-08-01 11:29:00,1.0,0.0,0.07620530959768268,60.0,60.10265479884134,0.0
2024-08-01 11:30:00,1.0,0.0,0.07619657129175653,60.0,60.09828564587826,0.0
2024-08-01 11:31:00,1.0,0.0,0.07618783398783391,60.0,60.093916993916956,0.0
2024-08-01 11:32:00,1.0,0.0,0.07617909768579995,60.0,60.08954884289997,0.0
2024-08-01 11:33:00,1.0,0.0,0.07617036238553974,60.0,60.08518119276987,0.0
2024-08-01 11:34:00,1.0,0.0,0.07616162808693845,60.0,60.080814043469225,0.0
2024-08-01 11:35:00,1.0,0.0,0.07615289478988117,60.0,60.07644739494059,0.0
2024-08-01 11:36:00,1.0,0.0,0.0761441624942531,60.0,60.07208124712655,0.0
2024-08-01 11:37:00,3.0,0.0,0.07613543119993937,60.0,60.06771559996969,0.0
2024-08-01 11:38:00,3.0,0.0,0.07612670090682519,60.0,60.063350453412596,0.0
2024-08-01 11:39:00,3.0,0.0,0.07611797161479575,60.0,60.058985807397875,0.0
2024-08-01 11:40:00,3.0,0.0,0.07610924332373624,60.0,60.05462166186812,0.0
2024-08-01 11:41:00,3.0,0.0,0.07610051603353189,60.0,60.050258016765945,0.0
2024-08-01 11:42:00,3.0,0.0,0.07609178974406794,60.0,60.04589487203397,0.0
2024-08-01 11:43:00,3.0,0.0,0.07608306445522964,60.0,60.041532227614816,0.0
2024-08-01 11:44:00,3.0,0.0,0.07607434016690223,60.0,60.037170083451116,0.0
2024-08-01 11:45:00,3.0,0.0,0.076065616878971,60.0,60.0328084394855,0.0
2024-08-01 11:46:00,3.0,0.0,0.07605689459132124,60.0,60.02844729566062,0.0
2024-08-01 11:47:00,3.0,0.0,0.07604817330383824,60.0,60.02408665191912,0.0
2024-08-01 11:48:00,3.0,0.0,0.07603945301640733,60.0,60.01972650820366,0.0
2024-08-01 11:49:00,3.0,0.0,0.07603073372891381,60.0,60.0153668644569,0.0
2024-08-01 11:50:00,3.0,0.0,0.07602201544124303,60.0,60.011007720621514,0.0
2024-08-01 11:51:00,3.0,0.0,0.07601329815328035,60.0,60.00664907664017,0.0
2024-08-01 11:52:00,3.0,0.0,0.07600458186491112,60.0,60.00229093245556,0.0
2024-08-01 11:53:00,3.0,0.0,0.07599586657602073,60.0,59.997933288010366,0.0
2024-08-01 11:54:00,3.0,0.0,0.07598715228649458,60.0,59.99357614324729,0.0
2024-08-01 11:55:00,3.0,0.0,0.07597843899621806,60.0,59.98921949810903,0.0
2024-08-01 11:56:00,3.0,0.0,0.0759697267050766,60.0,59.9848633525383,0.0
2024-08-01 11:57:00,3.0,0.0,0.07596101541295562,60.0,59.98050770647781,0.0
2024-08-01 11:58:00,3.0,0.0,0.07595230511974056,60.0,59.97615255987028,0.0
2024-08-01 11:59:00,3.0,0.0,0.07594359582531689,60.0,59.971797912658445,0.0
2024-08-01 12:00:00,3.0,0.0,0.07593488752957007,60.0,59.96744376478504,0.0
2024-08-01 12:01:00,3.0,0.0,0.0759261802323856,60.0,59.9630901161928,0.0
2024-08-01 12:02:00,3.0,0.0,0.07591747393364898,60.0,59.95873696682449,0.0
2024-08-01 12:03:00,3.0,0.0,0.07590876863324571,60.0,59.95438431662285,0.0
2024-08-01 12:04:00,3.0,0.0,0.07590006433106129,60.0,59.950032165530644,0.0
2024-08-01 12:05:00,3.0,0.0,0.07589136102698128,60.0,59.94568051349064,0.0
2024-08-01 12:06:00,3.0,0.0,0.07588265872089124,60.0,59.94132936044562,0.0
2024-08-01 12:07:00,1.0,11.553360000000001,0.07587395741267672,60.0,59.93697870633836,6.0
2024-08-01 12:08:00,1.0,0.0,0.07454045710222329,60.0,59.27022855111164,0.0
2024-08-01 12:09:00,1.0,0.0,0.07453190970150445,60.0,59.26595485075222,0.0
2024-08-01 12:10:00,1.0,0.0,0.07452336328089845,60.0,59.261681640449225,0.0
2024-08-01 12:11:00,1.0,0.0,0.0745148178402929,60.0,59.25740892014645,0.0
2024-08-01 12:12:00,1.0,0.0,0.07450627337957544,60.0,59.253136689787716,0.0
2024-08-01 12:13:00,1.0,0.0,0.07449772989863368,60.0,59.24886494931684,0.0
2024-08-01 12:14:00,1.0,0.0,0.0744891873973553,60.0,59.24459369867765,0.0
2024-08-01 12:15:00,1.0,0.0,0.07448064587562793,60.0,59.240322937813964,0.0
2024-08-01 12:16:00,1.0,0.0,0.07447210533333927,60.0,59.236052666669636,0.0
2024-08-01 12:17:00,1.0,0.0,0.07446356577037702,60.0,59.23178288518851,0.0
2024-08-01 12:18:00,1.0,0.0,0.07445502718662886,60.0,59.22751359331443,0.0
2024-08-01 12:19:00,1.0,0.0,0.07444648958198252,60.0,59.22324479099126,0.0
2024-08-01 12:20:00,1.0,0.0,0.07443795295632571,60.0,59.21897647816286,0.0
2024-08-01 12:21:00,1.0,0.0,0.0744294173095462,60.0,59.214708654773105,0.0
2024-08-01 12:22:00,1.0,0.0,0.07442088264153174,60.0,59.21044132076587,0.0
2024-08-01 12:23:00,1.0,0.0,0.07441234895217007,60.0,59.20617447608503,0.0
2024-08-01 12:24:00,1.0,0.0,0.07440381624134898,60.0,59.20190812067449,0.0
2024-08-01 12:25:00,1.0,0.0,0.07439528450895629,60.0,59.19764225447814,0.0
2024-08-01 12:26:00,1.0,0.0,0.07438675375487977,60.0,59.19337687743988,0.0
2024-08-01 12:27:00,1.0,0.0,0.07437822397900724,60.0,59.18911198950362,0.0
2024-08-01 12:28:00,1.0,0.0,0.07436969518122656,60.0,59.18484759061328,0.0
2024-08-01 12:29:00,1.0,0.0,0.07436116736142556,60.0,59.18058368071278,0.0
2024-08-01 12:30:00,1.0,0.0,0.0743526405194921,60.0,59.17632025974605,0.0
2024-08-01 12:31:00,1.0,0.0,0.07434411465531404,60.0,59.17205732765702,0.0
2024-08-01 12:32:00,1.0,0.0,0.07433558976877927,60.0,59.167794884389636,0.0
2024-08-01 12:33:00,1.0,0.0,0.07432706585977569,60.0,59.16353292988784,0.0
2024-08-01 12:34:00,1.0,0.0,0.07431854292819119,60.0,59.159271464095596,0.0
2024-08-01 12:35:00,1.0,0.0,0.0743100209739137,60.0,59.155010486956854,0.0
2024-08-01 12:36:00,1.0,0.0,0.07430149999683118,60.0,59.15074999841559,0.0
2024-08-01 12:37:00,1.0,0.0,0.07429297999683154,60.0,59.146489998415774,0.0
2024-08-01 12:38:00,1.0,0.0,0.07428446097380277,60.0,59.14223048690138,0.0
2024-08-01 12:39:00,1.0,0.0,0.07427594292763282,60.0,59.137971463816406,0.0
2024-08-01 12:40:00,1.0,0.0,0.07426742585820968,60.0,59.13371292910484,0.0
2024-08-01 12:41:00,1.0,1.92556,0.07425890976542135,60.0,59.129454882710675,1.0
2024-08-01 12:42:00,1.0,1.92556,0.07402959464915584,60.0,59.01479732457792,1.0
2024-08-01 12:43:00,1.0,0.0,0.0738003058279825,60.0,58.90015291399125,0.0
2024-08-01 12:44:00,1.0,0.0,0.07396384521001846,60.0,58.98192260500923,0.0
2024-08-01 12:45:00,1.0,0.0,0.07412736583933027,60.0,59.06368291966513,0.0
2024-08-01 12:46:00,1.0,0.0,0.07429086771806823,60.0,59.145433859034114,0.0
2024-08-01 12:47:00,1.0,0.0,0.07445435084838245,60.0,59.22717542419122,0.0
2024-08-01 12:48:00,1.0,0.0,0.07461781523242278,60.0,59.308907616211386,0.0
2024-08-01 12:49:00,1.0,0.0,0.07478126087233879,60.0,59.390630436169396,0.0
2024-08-01 12:50:00,1.0,0.0,0.07494468777027986,60.0,59.47234388513993,0.0
2024-08-01 12:51:00,1.0,0.0,0.07510809592839505,60.0,59.55404796419753,0.0
2024-08-01 12:52:00,1.0,0.0,0.07527148534883328,60.0,59.63574267441664,0.0
2024-08-01 12:53:00,1.0,0.0,0.07543485603374311,60.0,59.71742801687156,0.0
2024-08-01 12:54:00,1.0,0.0,0.07559820798527293,60.0,59.79910399263647,0.0
2024-08-01 12:55:00,1.0,0.0,0.07576154120557085,60.0,59.880770602785425,0.0
2024-08-01 12:56:00,1.0,11.553360000000001,0.07592485569678474,60.0,59.962427848392366,6.0
2024-08-01 12:57:00,1.0,0.0,0.07476335146106222,60.0,59.38167573053111,0.0
2024-08-01 12:58:00,1.0,0.0,0.07492678041263859,60.0,59.463390206319296,0.0
2024-08-01 12:59:00,1.0,0.0,0.07509019062415362,60.0,59.54509531207681,0.0
2024-08-01 13:00:00,1.0,0.0,0.0752535820977562,60.0,59.626791048878104,0.0
2024-08-01 13:01:00,1.0,0.0,0.07541695483559498,60.0,59.70847741779749,0.0
2024-08-01 13:02:00,1.0,0.0,0.07558030883981831,60.0,59.79015441990916,0.0
2024-08-01 13:03:00,1.0,0.0,0.07574364411257438,60.0,59.871822056287186,0.0
2024-08-01 13:04:00,1.0,0.0,0.07590696065601105,60.0,59.953480328005526,0.0
2024-08-01 13:05:00,1.0,0.0,0.07607025847227601,60.0,60.035129236138005,0.0
2024-08-01 13:06:00,1.0,0.0,0.07623353756351665,60.0,60.116768781758324,0.0
2024-08-01 13:07:00,1.0,0.0,0.07639679793188013,60.0,60.198398965940065,0.0
2024-08-01 13:08:00,1.0,0.0,0.07656003957951336,60.0,60.28001978975668,0.0
2024-08-01 13:09:00,1.0,0.0,0.07672326250856301,60.0,60.361631254281505,0.0
2024-08-01 13:10:00,1.0,0.0,0.07688646672117551,60.0,60.443233360587755,0.0
2024-08-01 13:11:00,1.0,0.0,0.07704965221949703,60.0,60.52482610974851,0.0
2024-08-01 13:12:00,1.0,0.0,0.07721281900567348,60.0,60.60640950283674,0.0
2024-08-01 13:13:00,1.0,1.92556,0.07737596708185056,60.0,60.68798354092528,1.0
2024-08-01 13:14:00,1.0,1.92556,0.07731829645017373,60.0,60.65914822508686,1.0
2024-08-01 13:15:00,1.0,0.0,0.07726063243146945,60.0,60.63031621573472,0.0
2024-08-01 13:16:00,1.0,0.0,0.07742377502497945,60.0,60.711887512489724,0.0
2024-08-01 13:17:00,1.0,0.0,0.07758689891126422,60.0,60.79344945563211,0.0
2024-08-01 13:18:00,1.0,0.0,0.07775000409246885,60.0,60.87500204623442,0.0
2024-08-01 13:19:00,3.0,0.0,0.07791309057073822,60.0,60.95654528536911,0.0
2024-08-01 13:20:00,3.0,0.0,0.07807615834821696,60.0,61.03807917410848,0.0
2024-08-01 13:21:00,3.0,0.0,0.07806720551591713,60.0,61.03360275795856,0.0
2024-08-01 13:22:00,3.0,0.0,0.07805825371022013,60.0,61.029126855110064,0.0
2024-08-01 13:23:00,3.0,0.0,0.07804930293100826,60.0,61.02465146550413,0.0
2024-08-01 13:24:00,3.0,0.0,0.0780403531781638,60.0,61.0201765890819,0.0
2024-08-01 13:25:00,3.0,0.0,0.07803140445156907,60.0,61.01570222578454,0.0
2024-08-01 13:26:00,3.0,0.0,0.0780224567511064,60.0,61.0112283755532,0.0
2024-08-01 13:27:00,3.0,0.0,0.07801351007665812,60.0,61.00675503832906,0.0
2024-08-01 13:28:00,3.0,0.0,0.07800456442810658,60.0,61.00228221405329,0.0
2024-08-01 13:29:00,3.0,0.0,0.07799561980533412,60.0,60.99780990266706,0.0
2024-08-01 13:30:00,3.0,0.0,0.07798667620822314,60.0,60.993338104111565,0.0
2024-08-01 13:31:00,3.0,0.0,0.07797773363665601,60.0,60.988866818328006,0.0
2024-08-01 13:32:00,3.0,0.0,0.07796879209051517,60.0,60.98439604525758,0.0
2024-08-01 13:33:00,3.0,0.0,0.07795985156968299,60.0,60.9799257848415,0.0
2024-08-01 13:34:00,3.0,0.0,0.07795091207404194,60.0,60.97545603702097,0.0
2024-08-01 13:35:00,3.0,1.92556,0.07794197360347443,60.0,60.97098680173722,1.0
2024-08-01 13:36:00,3.0,0.0,0.07771223615786296,60.0,60.85611807893148,0.0
2024-08-01 13:37:00,3.0,0.0,0.07770332505577128,60.0,60.85166252788564,0.0
2024-08-01 13:38:00,3.0,0.0,0.07769441497549733,60.0,60.84720748774866,0.0
2024-08-01 13:39:00,3.0,0.0,0.07768550591692393,60.0,60.842752958461965,0.0
2024-08-01 13:40:00,3.0,0.0,0.07767659787993393,60.0,60.83829893996697,0.0
2024-08-01 13:41:00,3.0,0.0,0.07766769086441021,60.0,60.8338454322051,0.0
2024-08-01 13:42:00,3.0,0.0,0.0776587848702356,60.0,60.829392435117796,0.0
2024-08-01 13:43:00,3.0,0.0,0.077649879897293,60.0,60.824939948646495,0.0
2024-08-01 13:44:00,3.0,0.0,0.0776409759454653,60.0,60.82048797273265,0.0
2024-08-01 13:45:00,3.0,0.0,0.07763207301463544,60.0,60.81603650731772,0.0
2024-08-01 13:46:00,3.0,0.0,0.07762317110468632,60.0,60.81158555234316,0.0
2024-08-01 13:47:00,3.0,1.92556,0.07761427021550088,60.0,60.80713510775044,1.0
2024-08-01 13:48:00,3.0,1.92556,0.07738457034696208,60.0,60.69228517348104,1.0
2024-08-01 13:49:00,3.0,0.0,0.0771548968176342,60.0,60.5774484088171,0.0
2024-08-01 13:50:00,3.0,0.0,0.07714604962449696,60.0,60.573024812248484,0.0
2024-08-01 13:51:00,3.0,0.0,0.07713720344584915,60.0,60.568601722924576,0.0
2024-08-01 13:52:00,3.0,0.0,0.07712835828157442,60.0,60.56417914078721,0.0
2024-08-01 13:53:00,3.0,0.0,0.07711951413155647,60.0,60.559757065778236,0.0
2024-08-01 13:54:00,3.0,0.0,0.07711067099567899,60.0,60.55533549783949,0.0
2024-08-01 13:55:00,3.0,0.0,0.07710182887382569,60.0,60.55091443691284,0.0
2024-08-01 13:56:00,3.0,0.0,0.07709298776588028,60.0,60.54649388294014,0.0
2024-08-01 13:57:00,3.0,0.0,0.07708414767172653,60.0,60.54207383586326,0.0
2024-08-01 13:58:00,3.0,0.0,0.07707530859124816,60.0,60.53765429562408,0.0
2024-08-01 13:59:00,3.0,0.0,0.07706647052432895,60.0,60.533235262164474,0.0
2024-08-01 14:00:00,3.0,0.0,0.07705763347085268,60.0,60.52881673542634,0.0
2024-08-01 14:01:00,3.0,0.0,0.07704879743070313,60.0,60.524398715351566,0.0
2024-08-01 14:02:00,3.0,0.0,0.07703996240376411,60.0,60.519981201882054,0.0
2024-08-01 14:03:00,3.0,0.0,0.07703112838991943,60.0,60.515564194959715,0.0
2024-08-01 14:04:00,3.0,0.0,0.07702229538905293,60.0,60.511147694526464,0.0
2024-08-01 14:05:00,3.0,0.0,0.07701346340104846,60.0,60.50673170052423,0.0
2024-08-01 14:06:00,3.0,0.0,0.07700463242578985,60.0,60.502316212894925,0.0
2024-08-01 14:07:00,1.0,0.0,0.076995802463161,60.0,60.4979012315805,0.0
2024-08-01 14:08:00,1.0,0.0,0.07698697351304579,60.0,60.49348675652289,0.0
2024-08-01 14:09:00,1.0,0.0,0.07697814557532809,60.0,60.48907278766404,0.0
2024-08-01 14:10:00,1.0,0.0,0.07696931864989183,60.0,60.484659324945916,0.0
2024-08-01 14:11:00,1.0,0.0,0.07696049273662094,60.0,60.48024636831047,0.0
2024-08-01 14:12:00,1.0,0.0,0.07695166783539935,60.0,60.475833917699674,0.0
2024-08-01 14:13:00,1.0,0.0,0.07694284394611102,60.0,60.471421973055506,0.0
2024-08-01 14:14:00,1.0,0.0,0.07693402106863988,60.0,60.46701053431994,0.0
2024-08-01 14:15:00,1.0,0.0,0.07692519920286994,60.0,60.462599601434974,0.0
2024-08-01 14:16:00,1.0,0.0,0.0769163783486852,60.0,60.4581891743426,0.0
2024-08-01 14:17:00,1.0,0.0,0.07690755850596963,60.0,60.453779252984816,0.0
2024-08-01 14:18:00,1.0,0.0,0.07689873967460727,60.0,60.449369837303635,0.0
2024-08-01 14:19:00,1.0,0.0,0.07688992185448214,60.0,60.44496092724107,0.0
2024-08-01 14:20:00,1.0,0.0,0.07688110504547828,60.0,60.44055252273914,0.0
2024-08-01 14:21:00,1.0,0.0,0.07687228924747976,60.0,60.43614462373988,0.0
2024-08-01 14:22:00,1.0,0.0,0.07686347446037065,60.0,60.43173723018532,0.0
2024-08-01 14:23:00,1.0,0.0,0.076854660684035,60.0,60.4273303420175,0.0
2024-08-01 14:24:00,1.0,0.0,0.07684584791835694,60.0,60.42292395917847,0.0
2024-08-01 14:25:00,3.0,0.0,0.07683703616322057,60.0,60.41851808161029,0.0
2024-08-01 14:26:00,3.0,0.0,0.07682822541851003,60.0,60.414112709255015,0.0
2024-08-01 14:27:00,3.0,0.0,0.07681941568410944,60.0,60.409707842054715,0.0
2024-08-01 14:28:00,3.0,0.0,0.07681060695990294,60.0,60.40530347995147,0.0
2024-08-01 14:29:00,3.0,0.0,0.07680179924577472,60.0,60.40089962288736,0.0
2024-08-01 14:30:00,3.0,0.0,0.07679299254160894,60.0,60.39649627080447,0.0
2024-08-01 14:31:00,3.0,0.0,0.07678418684728978,60.0,60.392093423644894,0.0
2024-08-01 14:32:00,3.0,0.0,0.07677538216270148,60.0,60.38769108135074,0.0
2024-08-01 14:33:00,3.0,0.0,0.07676657848772821,60.0,60.383289243864105,0.0
2024-08-01 14:34:00,3.0,0.0,0.07675777582225422,60.0,60.37888791112711,0.0
2024-08-01 14:35:00,3.0,0.0,0.07674897416616375,60.0,60.374487083081874,0.0
2024-08-01 14:36:00,3.0,0.0,0.07674017351934107,60.0,60.370086759670535,0.0
2024-08-01 14:37:00,3.0,0.0,0.07673137388167044,60.0,60.36568694083522,0.0
2024-08-01 14:38:00,3.0,1.92556,0.07672257525303612,60.0,60.36128762651806,1.0
2024-08-01 14:39:00,3.0,0.0,0.07649297763332245,60.0,60.24648881666123,0.0
2024-08-01 14:40:00,1.0,0.0,0.07648420634109504,60.0,60.242103170547516,0.0
2024-08-01 14:41:00,1.0,0.0,0.07647543605465362,60.0,60.237718027326814,0.0
2024-08-01 14:42:00,1.0,0.0,0.0764666667738829,60.0,60.23333338694145,0.0
2024-08-01 14:43:00,1.0,1.92556,0.07645789849866756,60.0,60.22894924933378,1.0
2024-08-01 14:44:00,1.0,1.92556,0.07622833122889228,60.0,60.11416561444614,1.0
2024-08-01 14:45:00,1.0,0.0,0.07599879028312308,60.0,59.999395141561536,0.0
2024-08-01 14:46:00,1.0,0.0,0.07599007565834144,60.0,59.99503782917072,0.0
2024-08-01 14:47:00,1.0,0.0,0.07598136203284789,60.0,59.99068101642394,0.0
2024-08-01 14:48:00,1.0,0.0,0.07597264940652783,60.0,59.98632470326391,0.0
2024-08-01 14:49:00,1.0,0.0,0.07596393777926669,60.0,59.98196888963334,0.0
2024-08-01 14:50:00,1.0,0.0,0.0759552271509499,60.0,59.977613575474955,0.0
2024-08-01 14:51:00,1.0,1.92556,0.07594651752146293,60.0,59.97325876073147,1.0
2024-08-01 14:52:00,3.0,0.0,0.07571700889069125,60.0,59.85850444534562,0.0
2024-08-01 14:53:00,3.0,0.0,0.07570832657720164,60.0,59.854163288600816,0.0
2024-08-01 14:54:00,3.0,0.0,0.07569964525929503,60.0,59.84982262964751,0.0
2024-08-01 14:55:00,3.0,0.0,0.07569096493685727,60.0,59.845482468428635,0.0
2024-08-01 14:56:00,3.0,0.0,0.07568228560977422,60.0,59.841142804887106,0.0
2024-08-01 14:57:00,3.0,0.0,0.07567360727793171,60.0,59.836803638965854,0.0
2024-08-01 14:58:00,3.0,0.0,0.07566492994121565,60.0,59.83246497060782,0.0
2024-08-01 14:59:00,3.0,0.0,0.07565625359951193,60.0,59.828126799755964,0.0
2024-08-01 15:00:00,3.0,1.92556,0.07564757825270645,60.0,59.82378912635322,1.0
2024-08-01 15:01:00,3.0,1.92556,0.07541810390068511,60.0,59.709051950342555,1.0
2024-08-01 15:02:00,3.0,0.0,0.07518865586201519,60.0,59.59432793100759,0.0
2024-08-01 15:03:00,3.0,0.0,0.07518003413367935,60.0,59.59001706683968,0.0
2024-08-01 15:04:00,3.0,0.0,0.07517141339397937,60.0,59.58570669698968,0.0
2024-08-01 15:05:00,3.0,0.0,0.07516279364280185,60.0,59.58139682140092,0.0
2024-08-01 15:06:00,3.0,0.0,0.07515417488003344,60.0,59.57708744001672,0.0
2024-08-01 15:07:00,3.0,0.0,0.07514555710556081,60.0,59.572778552780406,0.0
2024-08-01 15:08:00,3.0,0.0,0.07513694031927064,60.0,59.56847015963532,0.0
2024-08-01 15:09:00,3.0,0.0,0.0751283245210496,60.0,59.5641622605248,0.0
2024-08-01 15:10:00,3.0,0.0,0.07511970971078441,60.0,59.5598548553922,0.0
2024-08-01 15:11:00,3.0,0.0,0.07511109588836176,60.0,59.55554794418088,0.0
2024-08-01 15:12:00,3.0,0.0,0.0751024830536684,60.0,59.5512415268342,0.0
2024-08-01 15:13:00,3.0,0.0,0.07509387120659104,60.0,59.54693560329552,0.0
2024-08-01 15:14:00,3.0,0.0,0.07508526034701647,60.0,59.542630173508236,0.0
2024-08-01 15:15:00,3.0,0.0,0.07507665047483145,60.0,59.53832523741572,0.0
2024-08-01 15:16:00,3.0,0.0,0.07506804158992271,60.0,59.53402079496136,0.0
2024-08-01 15:17:00,3.0,0.0,0.0750594336921771,60.0,59.52971684608855,0.0
2024-08-01 15:18:00,3.0,0.0,0.0750508267814814,60.0,59.525413390740695,0.0
2024-08-01 15:19:00,3.0,1.92556,0.07504222085772241,60.0,59.521110428861206,1.0
2024-08-01 15:20:00,3.0,1.92556,0.07481281592078699,60.0,59.406407960393494,1.0
2024-08-01 15:21:00,3.0,0.0,0.07458343728924328,60.0,59.29171864462164,0.0
2024-08-01 15:22:00,3.0,0.0,0.0745748849600749,60.0,59.28744248003745,0.0
2024-08-01 15:23:00,3.0,0.0,0.0745663336115845,60.0,59.28316680579225,0.0
2024-08-01 15:24:00,3.0,0.0,0.07455778324365961,60.0,59.27889162182981,0.0
2024-08-01 15:25:00,3.0,0.0,0.07454923385618781,60.0,59.274616928093906,0.0
2024-08-01 15:26:00,3.0,0.0,0.07454068544905666,60.0,59.270342724528334,0.0
2024-08-01 15:27:00,3.0,0.0,0.07453213802215376,60.0,59.26606901107688,0.0
2024-08-01 15:28:00,3.0,0.0,0.0745235915753667,60.0,59.26179578768335,0.0
2024-08-01 15:29:00,3.0,0.0,0.07451504610858309,60.0,59.257523054291546,0.0
2024-08-01 15:30:00,3.0,0.0,0.07450650162169056,60.0,59.25325081084528,0.0
2024-08-01 15:31:00,3.0,0.0,0.07449795811457675,60.0,59.24897905728837,0.0
2024-08-01 15:32:00,3.0,0.0,0.0744894155871293,60.0,59.24470779356465,0.0
2024-08-01 15:33:00,3.0,1.92556,0.07448087403923588,60.0,59.24043701961794,1.0
2024-08-01 15:34:00,3.0,0.0,0.07425153347078418,60.0,59.12576673539209,0.0
2024-08-01 15:35:00,3.0,0.0,0.0742430192003432,60.0,59.1215096001716,0.0
2024-08-01 15:36:00,3.0,0.0,0.07423450590621607,60.0,59.117252953108036,0.0
2024-08-01 15:37:00,3.0,0.0,0.07422599358829085,60.0,59.112996794145424,0.0
2024-08-01 15:38:00,3.0,0.0,0.0742174822464556,60.0,59.108741123227794,0.0
2024-08-01 15:39:00,3.0,0.0,0.07420897188059837,60.0,59.104485940299185,0.0
2024-08-01 15:40:00,3.0,0.0,0.07420046249060729,60.0,59.10023124530364,0.0
2024-08-01 15:41:00,3.0,0.0,0.07419195407637043,60.0,59.09597703818521,0.0
2024-08-01 15:42:00,3.0,0.0,0.0741834466377759,60.0,59.09172331888795,0.0
2024-08-01 15:43:00,3.0,0.0,0.07417494017471185,60.0,59.087470087355925,0.0
2024-08-01 15:44:00,3.0,0.0,0.07416643468706641,60.0,59.0832173435332,0.0
2024-08-01 15:45:00,3.0,1.92556,0.0741579301747277,60.0,59.07896508736385,1.0
2024-08-01 15:46:00,3.0,1.92556,0.07392862663758391,60.0,58.96431331879196,1.0
2024-08-01 15:47:00,3.0,0.0,0.07387135130533688,60.0,58.93567565266844,0.0
2024-08-01 15:48:00,3.0,0.0,0.07403488254073427,60.0,59.01744127036714,0.0
2024-08-01 15:49:00,3.0,0.0,0.07419839502434164,60.0,59.09919751217082,0.0
2024-08-01 15:50:00,3.0,0.0,0.07436188875830922,60.0,59.18094437915461,0.0
2024-08-01 15:51:00,3.0,0.0,0.07452536374478701,60.0,59.2626818723935,0.0
2024-08-01 15:52:00,3.0,0.0,0.07468881998592472,60.0,59.34440999296236,0.0
2024-08-01 15:53:00,3.0,0.0,0.07485225748387186,60.0,59.42612874193593,0.0
2024-08-01 15:54:00,3.0,0.0,0.07501567624077768,60.0,59.50783812038884,0.0
2024-08-01 15:55:00,3.0,0.0,0.07517907625879115,60.0,59.58953812939558,0.0
2024-08-01 15:56:00,3.0,0.0,0.07534245754006105,60.0,59.671228770030524,0.0
2024-08-01 15:57:00,3.0,0.0,0.07550582008673587,60.0,59.75291004336793,0.0
2024-08-01 15:58:00,3.0,0.0,0.07566916390096386,60.0,59.834581950481926,0.0
2024-08-01 15:59:00,3.0,0.0,0.07583248898489303,60.0,59.916244492446516,0.0
2024-08-01 16:00:00,3.0,0.0,0.07599579534067116,60.0,59.99789767033558,0.0
2024-08-01 16:01:00,3.0,0.0,0.07615908297044577,60.0,60.07954148522288,0.0
2024-08-01 16:02:00,3.0,0.0,0.07632235187636412,60.0,60.161175938182055,0.0
2024-08-01 16:03:00,3.0,0.0,0.07648560206057323,60.0,60.242801030286614,0.0
2024-08-01 16:04:00,3.0,0.0,0.07664883352521988,60.0,60.32441676260994,0.0
2024-08-01 16:05:00,3.0,0.0,0.07681204627245063,60.0,60.406023136225315,0.0
2024-08-01 16:06:00,3.0,0.0,0.07697524030441175,60.0,60.48762015220587,0.0
2024-08-01 16:07:00,3.0,0.0,0.07713841562324927,60.0,60.569207811624636,0.0
2024-08-01 16:08:00,3.0,0.0,0.077301572231109,60.0,60.6507861155545,0.0
2024-08-01 16:09:00,3.0,0.0,0.07746471013013649,60.0,60.73235506506825,0.0
2024-08-01 16:10:00,1.0,0.0,0.07762782932247704,60.0,60.81391466123852,0.0
2024-08-01 16:11:00,1.0,0.0,0.0777909298102757,60.0,60.89546490513785,0.0
2024-08-01 16:12:00,1.0,0.0,0.07795401159567729,60.0,60.97700579783864,0.0
2024-08-01 16:13:00,1.0,0.0,0.07811707468082638,60.0,61.05853734041319,0.0
2024-08-01 16:14:00,1.0,0.0,0.07810811715673494,60.0,61.05405857836747,0.0
2024-08-01 16:15:00,1.0,0.0,0.07809916065978434,60.0,61.049580329892166,0.0
2024-08-01 16:16:00,1.0,0.0,0.07809020518985679,60.0,61.045102594928395,0.0
2024-08-01 16:17:00,1.0,0.0,0.07808125074683454,60.0,61.04062537341727,0.0
2024-08-01 16:18:00,1.0,0.0,0.07807229733059984,60.0,61.03614866529992,0.0
2024-08-01 16:19:00,1.0,0.0,0.07806334494103492,60.0,61.031672470517464,0.0
2024-08-01 16:20:00,1.0,0.0,0.0780543935780221,60.0,61.02719678901105,0.0
2024-08-01 16:21:00,1.0,0.0,0.07804544324144363,60.0,61.02272162072182,0.0
2024-08-01 16:22:00,1.0,0.0,0.07803649393118184,60.0,61.01824696559092,0.0
2024-08-01 16:23:00,1.0,0.0,0.07802754564711901,60.0,61.013772823559506,0.0
2024-08-01 16:24:00,1.0,0.0,0.0780185983891375,60.0,61.00929919456875,0.0
2024-08-01 16:25:00,1.0,0.0,0.07800965215711964,60.0,61.004826078559816,0.0
2024-08-01 16:26:00,1.0,0.0,0.07800070695094777,60.0,61.00035347547389,0.0
2024-08-01 16:27:00,1.0,0.0,0.07799176277050428,60.0,60.99588138525214,0.0
2024-08-01 16:28:00,1.0,0.0,0.07798281961567155,60.0,60.99140980783577,0.0
2024-08-01 16:29:00,1.0,0.0,0.07797387748633196,60.0,60.98693874316598,0.0
2024-08-01 16:30:00,1.0,0.0,0.07796493638236793,60.0,60.98246819118396,0.0
2024-08-01 16:31:00,1.0,0.0,0.07795599630366187,60.0,60.97799815183094,0.0
2024-08-01 16:32:00,1.0,1.92556,0.07794705725009624,60.0,60.97352862504812,1.0
2024-08-01 16:33:00,1.0,0.0,0.07771731922155346,60.0,60.85865961077673,0.0
2024-08-01 16:34:00,1.0,0.0,0.07770840753659734,60.0,60.85420376829867,0.0
2024-08-01 16:35:00,1.0,0.0,0.07769949687352577,60.0,60.84974843676289,0.0
2024-08-01 16:36:00,1.0,0.0,0.0776905872322216,60.0,60.845293616110794,0.0
2024-08-01 16:37:00,1.0,0.0,0.07768167861256764,60.0,60.84083930628382,0.0
2024-08-01 16:38:00,1.0,11.553360000000001,0.07767277101444675,60.0,60.836385507223376,6.0
2024-08-01 16:39:00,1.0,11.553360000000001,0.0763390644377418,60.0,60.1695322188709,6.0
2024-08-01 16:40:00,1.0,0.0,0.07500551079442358,60.0,59.502755397211786,0.0
2024-08-01 16:41:00,1.0,0.0,0.07499691006695551,60.0,59.498455033477754,0.0
2024-08-01 16:42:00,1.0,0.0,0.07498831032571515,60.0,59.494155162857574,0.0
2024-08-01 16:43:00,1.0,0.0,0.0749797115705894,60.0,59.4898557852947,0.0
2024-08-01 16:44:00,1.0,0.0,0.0749711138014652,60.0,59.485556900732604,0.0
2024-08-01 16:45:00,1.0,0.0,0.0749625170182295,60.0,59.481258509114745,0.0
2024-08-01 16:46:00,1.0,0.0,0.0749539212207692,60.0,59.4769606103846,0.0
2024-08-01 16:47:00,1.0,0.0,0.07494532640897131,60.0,59.472663204485656,0.0
2024-08-01 16:48:00,1.0,0.0,0.07493673258272279,60.0,59.4683662913614,0.0
2024-08-01 16:49:00,1.0,0.0,0.07492813974191065,60.0,59.46406987095532,0.0
2024-08-01 16:50:00,1.0,0.0,0.07491954788642184,60.0,59.45977394321092,0.0
2024-08-01 16:51:00,1.0,0.0,0.07491095701614342,60.0,59.45547850807171,0.0
2024-08-01 16:52:00,1.0,0.0,0.07490236713096239,60.0,59.451183565481195,0.0
2024-08-01 16:53:00,1.0,0.0,0.07489377823076582,60.0,59.44688911538291,0.0
2024-08-01 16:54:00,1.0,0.0,0.07488519031544073,60.0,59.44259515772037,0.0
2024-08-01 16:55:00,1.0,0.0,0.07487660338487423,60.0,59.438301692437115,0.0
2024-08-01 16:56:00,1.0,0.0,0.07486801743895335,60.0,59.43400871947668,0.0
2024-08-01 16:57:00,1.0,0.0,0.07485943247756524,60.0,59.42971623878262,0.0
2024-08-01 16:58:00,1.0,0.0,0.07485084850059695,60.0,59.42542425029848,0.0
2024-08-01 16:59:00,1.0,0.0,0.07484226550793564,60.0,59.42113275396782,0.0
2024-08-01 17:00:00,1.0,0.0,0.07483368349946841,60.0,59.4168417497342,0.0
2024-08-01 17:01:00,1.0,0.0,0.07482510247508242,60.0,59.41255123754121,0.0
2024-08-01 17:02:00,1.0,0.0,0.07481652243466481,60.0,59.40826121733241,0.0
2024-08-01 17:03:00,1.0,0.0,0.07480794337810279,60.0,59.403971689051396,0.0
2024-08-01 17:04:00,1.0,1.92556,0.07479936530528351,60.0,59.39968265264176,1.0
2024-08-01 17:05:00,1.0,1.92556,0.07456998821609419,60.0,59.284994108047094,1.0
2024-08-01 17:06:00,1.0,0.0,0.07434063742910334,60.0,59.17031871455167,0.0
2024-08-01 17:07:00,1.0,0.0,0.07433211294129494,60.0,59.16605647064747,0.0
2024-08-01 17:08:00,1.0,0.0,0.07432358943097199,60.0,59.161794715485996,0.0
2024-08-01 17:09:00,1.0,1.92556,0.07431506689802243,60.0,59.15753344901122,1.0
2024-08-01 17:10:00,1.0,0.0,0.07408574534233418,60.0,59.04287267116709,0.0
2024-08-01 17:11:00,1.0,0.0,0.07407725008247648,60.0,59.03862504123824,0.0
2024-08-01 17:12:00,1.0,0.0,0.07406875579675275,60.0,59.03437789837637,0.0
2024-08-01 17:13:00,1.0,0.0,0.07406026248505125,60.0,59.03013124252563,0.0
2024-08-01 17:14:00,1.0,0.0,0.07405177014726033,60.0,59.025885073630164,0.0
2024-08-01 17:15:00,1.0,0.0,0.07404327878326829,60.0,59.021639391634146,0.0
2024-08-01 17:16:00,1.0,0.0,0.07403478839296349,60.0,59.01739419648174,0.0
2024-08-01 17:17:00,1.0,0.0,0.07402629897623424,60.0,59.013149488117115,0.0
2024-08-01 17:18:00,1.0,13.47892,0.07401781053296892,60.0,59.00890526648446,7.0
2024-08-01 17:19:00,1.0,1.92556,0.07246372306305593,60.0,58.23186153152796,1.0
2024-08-01 17:20:00,1.0,0.0,0.0724066157082852,60.0,58.2033078541426,0.0
2024-08-01 17:21:00,1.0,0.0,0.07257031490189725,60.0,58.285157450948624,0.0
2024-08-01 17:22:00,1.0,0.0,0.07273399532445986,60.0,58.36699766222993,0.0
2024-08-01 17:23:00,1.0,0.0,0.07289765697812547,60.0,58.448828489062734,0.0
2024-08-01 17:24:00,1.0,0.0,0.07306129986504628,60.0,58.53064993252314,0.0
2024-08-01 17:25:00,1.0,0.0,0.07322492398737422,60.0,58.61246199368711,0.0
2024-08-01 17:26:00,1.0,0.0,0.073388529347261,60.0,58.6942646736305,0.0
2024-08-01 17:27:00,1.0,0.0,0.07355211594685807,60.0,58.77605797342903,0.0
2024-08-01 17:28:00,1.0,0.0,0.07371568378831662,60.0,58.85784189415831,0.0
2024-08-01 17:29:00,1.0,0.0,0.07387923287378763,60.0,58.939616436893814,0.0
2024-08-01 17:30:00,1.0,0.0,0.07404276320542179,60.0,59.021381602710896,0.0
2024-08-01 17:31:00,1.0,0.0,0.07420627478536958,60.0,59.103137392684786,0.0
2024-08-01 17:32:00,1.0,0.0,0.0743697676157812,60.0,59.18488380789059,0.0
2024-08-01 17:33:00,1.0,0.0,0.07453324169880661,60.0,59.2666208494033,0.0
2024-08-01 17:34:00,1.0,0.0,0.07469669703659557,60.0,59.34834851829778,0.0
2024-08-01 17:35:00,1.0,0.0,0.07486013363129754,60.0,59.430066815648765,0.0
2024-08-01 17:36:00,1.0,0.0,0.07502355148506175,60.0,59.51177574253087,0.0
2024-08-01 17:37:00,1.0,0.0,0.07518695060003718,60.0,59.59347530001859,0.0
2024-08-01 17:38:00,1.0,0.0,0.07535033097837258,60.0,59.67516548918629,0.0
2024-08-01 17:39:00,1.0,0.0,0.07551369262221644,60.0,59.75684631110822,0.0
2024-08-01 17:40:00,1.0,0.0,0.075677035533717,60.0,59.8385177668585,0.0
2024-08-01 17:41:00,1.0,0.0,0.07584035971502226,60.0,59.92017985751113,0.0
2024-08-01 17:42:00,1.0,0.0,0.07600366516827999,60.0,60.00183258413999,0.0
2024-08-01 17:43:00,1.0,0.0,0.07616695189563766,60.0,60.083475947818826,0.0
2024-08-01 17:44:00,1.0,0.0,0.07633021989924255,60.0,60.165109949621275,0.0
2024-08-01 17:45:00,1.0,0.0,0.07649346918124168,60.0,60.24673459062084,0.0
2024-08-01 17:46:00,1.0,0.0,0.07665669974378182,60.0,60.32834987189091,0.0
2024-08-01 17:47:00,1.0,1.92556,0.07681991158900948,60.0,60.40995579450474,1.0
2024-08-01 17:48:00,1.0,1.92556,0.07676230471907095,60.0,60.38115235953547,1.0
2024-08-01 17:49:00,1.0,0.0,0.07670470445479356,60.0,60.35235222739678,0.0
2024-08-01 17:50:00,1.0,0.0,0.07686791079541987,60.0,60.43395539770993,0.0
2024-08-01 17:51:00,1.0,0.0,0.07703109842151117,60.0,60.51554921075558,0.0
2024-08-01 17:52:00,1.0,0.0,0.07719426733521342,60.0,60.59713366760671,0.0
2024-08-01 17:53:00,1.0,0.0,0.07735741753867237,60.0,60.67870876933618,0.0
2024-08-01 17:54:00,1.0,0.0,0.07752054903403344,60.0,60.76027451701672,0.0
2024-08-01 17:55:00,1.0,0.0,0.07768366182344187,60.0,60.84183091172093,0.0
2024-08-01 17:56:00,1.0,0.0,0.07784675590904261,60.0,60.92337795452131,0.0
2024-08-01 17:57:00,1.0,0.0,0.07800983129298042,60.0,61.00491564649021,0.0
2024-08-01 17:58:00,1.0,0.0,0.07800088606626741,60.0,61.000443033133706,0.0
2024-08-01 17:59:00,1.0,0.0,0.07799194186528514,60.0,60.99597093264257,0.0
2024-08-01 18:00:00,1.0,0.0,0.07798299868991597,60.0,60.99149934495799,0.0
2024-08-01 18:01:00,1.0,0.0,0.07797405654004232,60.0,60.987028270021156,0.0
2024-08-01 18:02:00,1.0,0.0,0.07796511541554657,60.0,60.98255770777328,0.0
2024-08-01 18:03:00,1.0,0.0,0.07795617531631115,60.0,60.97808765815557,0.0
2024-08-01 18:04:00,1.0,0.0,0.0779472362422185,60.0,60.97361812110925,0.0
2024-08-01 18:05:00,1.0,0.0,0.07793829819315107,60.0,60.969149096575535,0.0
2024-08-01 18:06:00,1.0,0.0,0.07792936116899132,60.0,60.96468058449566,0.0
2024-08-01 18:07:00,1.0,0.0,0.07792042516962172,60.0,60.96021258481086,0.0
2024-08-01 18:08:00,1.0,0.0,0.07791149019492478,60.0,60.95574509746239,0.0
2024-08-01 18:09:00,1.0,0.0,0.07790255624478298,60.0,60.95127812239149,0.0
2024-08-01 18:10:00,1.0,0.0,0.07789362331907886,60.0,60.94681165953943,0.0
2024-08-01 18:11:00,1.0,0.0,0.07788469141769493,60.0,60.94234570884746,0.0
2024-08-01 18:12:00,1.0,0.0,0.07787576054051372,60.0,60.93788027025686,0.0
2024-08-01 18:13:00,1.0,0.0,0.07786683068741782,60.0,60.93341534370891,0.0
2024-08-01 18:14:00,1.0,0.0,0.07785790185828978,60.0,60.92895092914489,0.0
2024-08-01 18:15:00,1.0,0.0,0.0778489740530122,60.0,60.92448702650609,0.0
2024-08-01 18:16:00,1.0,0.0,0.07784004727146764,60.0,60.92002363573382,0.0
2024-08-01 18:17:00,1.0,0.0,0.07783112151353876,60.0,60.91556075676938,0.0
2024-08-01 18:18:00,1.0,0.0,0.07782219677910815,60.0,60.91109838955408,0.0
2024-08-01 18:19:00,1.0,0.0,0.07781327306805846,60.0,60.90663653402923,0.0
2024-08-01 18:20:00,1.0,0.0,0.07780435038027235,60.0,60.90217519013618,0.0
2024-08-01 18:21:00,1.0,0.0,0.07779542871563247,60.0,60.897714357816234,0.0
2024-08-01 18:22:00,1.0,0.0,0.0777865080740215,60.0,60.89325403701075,0.0
2024-08-01 18:23:00,1.0,0.0,0.07777758845532214,60.0,60.888794227661066,0.0
2024-08-01 18:24:00,1.0,0.0,0.07776866985941708,60.0,60.88433492970854,0.0
2024-08-01 18:25:00,1.0,0.0,0.07775975228618905,60.0,60.87987614309452,0.0
2024-08-01 18:26:00,1.0,0.0,0.07775083573552077,60.0,60.87541786776038,0.0
2024-08-01 18:27:00,1.0,0.0,0.07774192020729499,60.0,60.8709601036475,0.0
2024-08-01 18:28:00,1.0,0.0,0.07773300570139449,60.0,60.866502850697245,0.0
2024-08-01 18:29:00,1.0,0.0,0.07772409221770202,60.0,60.86204610885101,0.0
2024-08-01 18:30:00,1.0,1.92556,0.07771517975610037,60.0,60.857589878050184,1.0
2024-08-01 18:31:00,1.0,1.92556,0.07748546831647234,60.0,60.74273415823617,1.0
2024-08-01 18:32:00,1.0,0.0,0.07725578321738207,60.0,60.62789160869103,0.0
2024-08-01 18:33:00,1.0,0.0,0.07724692445580912,60.0,60.62346222790456,0.0
2024-08-01 18:34:00,1.0,0.0,0.07723806671005212,60.0,60.61903335502606,0.0
2024-08-01 18:35:00,1.0,0.0,0.07722920997999459,60.0,60.6146049899973,0.0
2024-08-01 18:36:00,1.0,0.0,0.07722035426552006,60.0,60.61017713276003,0.0
2024-08-01 18:37:00,1.0,0.0,0.07721149956651206,60.0,60.60574978325603,0.0
2024-08-01 18:38:00,1.0,0.0,0.07720264588285418,60.0,60.601322941427085,0.0
2024-08-01 18:39:00,1.0,0.0,0.07719379321442996,60.0,60.59689660721498,0.0
2024-08-01 18:40:00,1.0,0.0,0.077184941561123,60.0,60.5924707805615,0.0
2024-08-01 18:41:00,1.0,0.0,0.0771760909228169,60.0,60.58804546140845,0.0
2024-08-01 18:42:00,1.0,0.0,0.07716724129939527,60.0,60.583620649697636,0.0
2024-08-01 18:43:00,1.0,0.0,0.07715839269074173,60.0,60.57919634537087,0.0
2024-08-01 18:44:00,1.0,0.0,0.07714954509673994,60.0,60.574772548369964,0.0
2024-08-01 18:45:00,1.0,0.0,0.07714069851727351,60.0,60.57034925863675,0.0
2024-08-01 18:46:00,1.0,0.0,0.07713185295222615,60.0,60.56592647611307,0.0
2024-08-01 18:47:00,1.0,0.0,0.07712300840148151,60.0,60.56150420074075,0.0
2024-08-01 18:48:00,1.0,0.0,0.07711416486492328,60.0,60.55708243246164,0.0
2024-08-01 18:49:00,3.0,1.92556,0.0771053223424352,60.0,60.55266117121759,1.0
2024-08-01 18:50:00,3.0,0.0,0.07687568083390095,60.0,60.43784041695047,0.0
2024-08-01 18:51:00,3.0,0.0,0.07686686565788559,60.0,60.43343282894279,0.0
2024-08-01 18:52:00,3.0,0.0,0.0768580514926883,60.0,60.42902574634415,0.0
2024-08-01 18:53:00,3.0,0.0,0.07684923833819321,60.0,60.4246191690966,0.0
2024-08-01 18:54:00,3.0,0.0,0.07684042619428438,60.0,60.42021309714219,0.0
2024-08-01 18:55:00,1.0,0.0,0.07683161506084595,60.0,60.415807530422974,0.0
2024-08-01 18:56:00,1.0,0.0,0.07682280493776204,60.0,60.41140246888102,0.0
2024-08-01 18:57:00,1.0,0.0,0.07681399582491681,60.0,60.40699791245841,0.0
2024-08-01 18:58:00,1.0,1.92556,0.07680518772219443,60.0,60.40259386109721,1.0
2024-08-01 18:59:00,1.0,1.92556,0.07657558062947903,60.0,60.28779031473951,1.0
2024-08-01 19:00:00,1.0,0.0,0.07634599986533613,60.0,60.17299993266806,0.0
2024-08-01 19:01:00,1.0,0.0,0.07633724542674669,60.0,60.168622713373345,0.0
2024-08-01 19:02:00,1.0,0.0,0.07632849199201071,60.0,60.164245996005356,0.0
2024-08-01 19:03:00,1.0,0.0,0.07631973956101307,60.0,60.15986978050653,0.0
2024-08-01 19:04:00,1.0,0.0,0.07631098813363867,60.0,60.15549406681933,0.0
2024-08-01 19:05:00,1.0,0.0,0.0763022377097724,60.0,60.1511188548862,0.0
2024-08-01 19:06:00,1.0,0.0,0.07629348828929923,60.0,60.14674414464962,0.0
2024-08-01 19:07:00,1.0,0.0,0.0762847398721041,60.0,60.14236993605205,0.0
2024-08-01 19:08:00,1.0,0.0,0.07627599245807194,60.0,60.13799622903597,0.0
2024-08-01 19:09:00,1.0,0.0,0.07626724604708773,60.0,60.13362302354387,0.0
2024-08-01 19:10:00,1.0,0.0,0.07625850063903647,60.0,60.129250319518235,0.0
2024-08-01 19:11:00,1.0,0.0,0.07624975623380315,60.0,60.12487811690157,0.0
2024-08-01 19:12:00,1.0,0.0,0.07624101283127274,60.0,60.12050641563637,0.0
2024-08-01 19:13:00,1.0,0.0,0.07623227043133031,60.0,60.11613521566515,0.0
2024-08-01 19:14:00,1.0,0.0,0.07622352903386087,60.0,60.111764516930435,0.0
2024-08-01 19:15:00,1.0,0.0,0.07621478863874949,60.0,60.10739431937474,0.0
2024-08-01 19:16:00,1.0,1.92556,0.0762060492458812,60.0,60.1030246229406,1.0
2024-08-01 19:17:00,1.0,0.0,0.07597651085514112,60.0,59.98825542757056,0.0
2024-08-01 19:18:00,1.0,0.0,0.07596779878509562,60.0,59.983899392547805,0.0
2024-08-01 19:19:00,1.0,0.0,0.07595908771404523,60.0,59.97954385702262,0.0
2024-08-01 19:20:00,1.0,0.0,0.07595037764187546,60.0,59.975188820937724,0.0
2024-08-01 19:21:00,1.0,0.0,0.0759416685684717,60.0,59.97083428423585,0.0
2024-08-01 19:22:00,1.0,0.0,0.07593296049371946,60.0,59.96648024685973,0.0
2024-08-01 19:23:00,1.0,0.0,0.07592425341750424,60.0,59.962126708752116,0.0
2024-08-01 19:24:00,1.0,0.0,0.0759155473397115,60.0,59.95777366985575,0.0
2024-08-01 19:25:00,1.0,0.0,0.07590684226022677,60.0,59.953421130113384,0.0
2024-08-01 19:26:00,1.0,0.0,0.07589813817893558,60.0,59.94906908946779,0.0
2024-08-01 19:27:00,1.0,0.0,0.07588943509572348,60.0,59.944717547861735,0.0
2024-08-01 19:28:00,1.0,0.0,0.075880733010476,60.0,59.940366505237996,0.0
2024-08-01 19:29:00,1.0,11.553360000000001,0.0758720319230787,60.0,59.936015961539354,6.0
2024-08-01 19:30:00,1.0,11.553360000000001,0.0745385318334172,60.0,59.2692659167086,6.0
2024-08-01 19:31:00,1.0,0.0,0.07320518465346497,60.0,58.602592326732484,0.0
2024-08-01 19:32:00,1.0,0.0,0.07336879227682051,60.0,58.68439613841026,0.0
2024-08-01 19:33:00,1.0,0.0,0.0735323811396268,60.0,58.7661905698134,0.0
2024-08-01 19:34:00,1.0,0.0,0.07369595124403508,60.0,58.847975622017536,0.0
2024-08-01 19:35:00,1.0,0.0,0.0738595025921963,60.0,58.929751296098146,0.0
2024-08-01 19:36:00,1.0,0.0,0.07402303518626122,60.0,59.011517593130606,0.0
2024-08-01 19:37:00,1.0,0.0,0.07418654902838033,60.0,59.09327451419016,0.0
2024-08-01 19:38:00,1.0,0.0,0.07435004412070387,60.0,59.175022060351935,0.0
2024-08-01 19:39:00,1.0,0.0,0.07451352046538186,60.0,59.25676023269093,0.0
2024-08-01 19:40:00,1.0,0.0,0.07467697806456404,60.0,59.33848903228202,0.0
2024-08-01 19:41:00,1.0,1.92556,0.07484041692039992,60.0,59.42020846019996,1.0
2024-08-01 19:42:00,1.0,0.0,0.07478303703503876,60.0,59.39151851751938,0.0
2024-08-01 19:43:00,1.0,0.0,0.07494646372931091,60.0,59.47323186465545,0.0
2024-08-01 19:44:00,1.0,0.0,0.07510987168378055,60.0,59.55493584189028,0.0
2024-08-01 19:45:00,1.0,0.0,0.07527326090059655,60.0,59.63663045029828,0.0
2024-08-01 19:46:00,1.0,0.0,0.07543663138190752,60.0,59.71831569095376,0.0
2024-08-01 19:47:00,1.0,0.0,0.07559998312986181,60.0,59.799991564930906,0.0
2024-08-01 19:48:00,1.0,0.0,0.07576331614660756,60.0,59.881658073303775,0.0
2024-08-01 19:49:00,1.0,0.0,0.07592663043429261,60.0,59.9633152171463,0.0
2024-08-01 19:50:00,1.0,0.0,0.07608992599506459,60.0,60.044962997532295,0.0
2024-08-01 19:51:00,1.0,1.92556,0.0762532028310709,60.0,60.12660141553545,1.0
2024-08-01 19:52:00,1.0,0.0,0.07619566094445863,60.0,60.09783047222932,0.0
2024-08-01 19:53:00,1.0,0.0,0.07635892565605604,60.0,60.179462828028015,0.0
2024-08-01 19:54:00,1.0,0.0,0.07652217164642514,60.0,60.26108582321257,0.0
2024-08-01 19:55:00,1.0,0.0,0.07668539891771269,60.0,60.342699458856345,0.0
2024-08-01 19:56:00,1.0,0.0,0.07684860747206516,60.0,60.424303736032584,0.0
2024-08-01 19:57:00,1.0,0.0,0.07701179731162881,60.0,60.505898655814406,0.0
2024-08-01 19:58:00,1.0,1.92556,0.0771749684385496,60.0,60.5874842192748,1.0
2024-08-01 19:59:00,1.0,0.0,0.07711732085497328,60.0,60.558660427486636,0.0
2024-08-01 20:00:00,1.0,0.0,0.07728047988172665,60.0,60.640239940863324,0.0
2024-08-01 20:01:00,1.0,0.0,0.0774436201993704,60.0,60.7218100996852,0.0
2024-08-01 20:02:00,1.0,0.0,0.07760674181004988,60.0,60.80337090502494,0.0
2024-08-01 20:03:00,1.0,0.0,0.07776984471591017,60.0,60.884922357955084,0.0
2024-08-01 20:04:00,1.0,0.0,0.07793292891909612,60.0,60.96646445954806,0.0
2024-08-01 20:05:00,1.0,0.0,0.07809599442175232,60.0,61.047997210876154,0.0
2024-08-01 20:06:00,1.0,0.0,0.07808703931489076,60.0,61.04351965744538,0.0
2024-08-01 20:07:00,1.0,0.0,0.07807808523489287,60.0,61.039042617446434,0.0
2024-08-01 20:08:00,1.0,0.0,0.0780691321816409,60.0,61.03456609082045,0.0
2024-08-01 20:09:00,1.0,0.0,0.0780601801550171,60.0,61.030090077508554,0.0
2024-08-01 20:10:00,1.0,0.0,0.07805122915490378,60.0,61.02561457745189,0.0
2024-08-01 20:11:00,1.0,0.0,0.0780422791811832,60.0,61.0211395905916,0.0
2024-08-01 20:12:00,1.0,0.0,0.07803333023373768,60.0,61.016665116868836,0.0
2024-08-01 20:13:00,1.0,1.92556,0.07802438231244951,60.0,61.01219115622476,1.0
2024-08-01 20:14:00,1.0,1.92556,0.07779463541720108,60.0,60.89731770860054,1.0
2024-08-01 20:15:00,1.0,0.0,0.077564914866556,60.0,60.782457433278005,0.0
2024-08-01 20:16:00,1.0,0.0,0.07755602065749344,60.0,60.77801032874672,0.0
2024-08-01 20:17:00,1.0,0.0,0.07754712746831151,60.0,60.77356373415575,0.0
2024-08-01 20:18:00,1.0,0.0,0.07753823529889325,60.0,60.76911764944663,0.0
2024-08-01 20:19:00,1.0,0.0,0.07752934414912177,60.0,60.764672074560885,0.0
2024-08-01 20:20:00,1.0,0.0,0.07752045401888012,60.0,60.76022700944006,0.0
2024-08-01 20:21:00,1.0,0.0,0.07751156490805139,60.0,60.75578245402569,0.0
2024-08-01 20:22:00,1.0,0.0,0.07750267681651869,60.0,60.75133840825934,0.0
2024-08-01 20:23:00,1.0,0.0,0.07749378974416514,60.0,60.74689487208257,0.0
2024-08-01 20:24:00,1.0,0.0,0.07748490369087388,60.0,60.74245184543694,0.0
2024-08-01 20:25:00,1.0,0.0,0.07747601865652806,60.0,60.73800932826403,0.0
2024-08-01 20:26:00,1.0,0.0,0.07746713464101082,60.0,60.73356732050541,0.0
2024-08-01 20:27:00,1.0,0.0,0.07745825164420535,60.0,60.729125822102674,0.0
2024-08-01 20:28:00,1.0,0.0,0.07744936966599483,60.0,60.72468483299742,0.0
2024-08-01 20:29:00,1.0,0.0,0.07744048870626247,60.0,60.720244353131235,0.0
2024-08-01 20:30:00,1.0,0.0,0.07743160876489147,60.0,60.71580438244573,0.0
2024-08-01 20:31:00,1.0,0.0,0.07742272984176507,60.0,60.71136492088253,0.0
2024-08-01 20:32:00,1.0,0.0,0.07741385193676648,60.0,60.70692596838324,0.0
2024-08-01 20:33:00,1.0,0.0,0.07740497504977899,60.0,60.70248752488949,0.0
2024-08-01 20:34:00,1.0,0.0,0.07739609918068584,60.0,60.69804959034292,0.0
2024-08-01 20:35:00,1.0,0.0,0.07738722432937033,60.0,60.69361216468516,0.0
2024-08-01 20:36:00,1.0,0.0,0.07737835049571574,60.0,60.68917524785787,0.0
2024-08-01 20:37:00,2.0,0.0,0.07736947767960538,60.0,60.68473883980269,0.0
2024-08-01 20:38:00,2.0,0.0,0.07736060588092258,60.0,60.68030294046129,0.0
2024-08-01 20:39:00,2.0,0.0,0.07735173509955066,60.0,60.67586754977533,0.0
2024-08-01 20:40:00,2.0,0.0,0.07734286533537298,60.0,60.67143266768649,0.0
2024-08-01 20:41:00,2.0,0.0,0.07733399658827288,60.0,60.66699829413644,0.0
2024-08-01 20:42:00,2.0,0.0,0.07732512885813375,60.0,60.662564429066876,0.0
2024-08-01 20:43:00,2.0,0.0,0.07731626214483898,60.0,60.65813107241949,0.0
2024-08-01 20:44:00,2.0,0.0,0.07730739644827198,60.0,60.65369822413599,0.0
2024-08-01 20:45:00,2.0,0.0,0.07729853176831612,60.0,60.64926588415806,0.0
2024-08-01 20:46:00,2.0,0.0,0.07728966810485487,60.0,60.644834052427434,0.0
2024-08-01 20:47:00,2.0,0.0,0.07728080545777165,60.0,60.640402728885825,0.0
2024-08-01 20:48:00,2.0,0.0,0.07727194382694992,60.0,60.63597191347496,0.0
2024-08-01 20:49:00,2.0,0.0,0.07726308321227315,60.0,60.63154160613658,0.0
2024-08-01 20:50:00,2.0,0.0,0.07725422361362483,60.0,60.627111806812415,0.0
2024-08-01 20:51:00,2.0,0.0,0.07724536503088844,60.0,60.62268251544422,0.0
2024-08-01 20:52:00,2.0,0.0,0.07723650746394749,60.0,60.618253731973745,0.0
2024-08-01 20:53:00,2.0,0.0,0.0772276509126855,60.0,60.61382545634275,0.0
2024-08-01 20:54:00,2.0,0.0,0.077218795376986,60.0,60.609397688493004,0.0
2024-08-01 20:55:00,2.0,0.0,0.07720994085673256,60.0,60.60497042836628,0.0
2024-08-01 20:56:00,2.0,0.0,0.07720108735180871,60.0,60.600543675904355,0.0
2024-08-01 20:57:00,2.0,0.0,0.07719223486209803,60.0,60.59611743104902,0.0
2024-08-01 20:58:00,2.0,0.0,0.07718338338748412,60.0,60.591691693742064,0.0
2024-08-01 20:59:00,2.0,0.0,0.07717453292785059,60.0,60.587266463925296,0.0
2024-08-01 21:00:00,2.0,0.0,0.07716568348308105,60.0,60.58284174154052,0.0
2024-08-01 21:01:00,2.0,0.0,0.0771568350530591,60.0,60.57841752652955,0.0
2024-08-01 21:02:00,2.0,0.0,0.07714798763766839,60.0,60.5739938188342,0.0
2024-08-01 21:03:00,2.0,0.0,0.0771391412367926,60.0,60.5695706183963,0.0
2024-08-01 21:04:00,2.0,0.0,0.07713029585031538,60.0,60.56514792515769,0.0
2024-08-01 21:05:00,2.0,0.0,0.07712145147812041,60.0,60.5607257390602,0.0
2024-08-01 21:06:00,2.0,0.0,0.07711260812009138,60.0,60.55630406004569,0.0
2024-08-01 21:07:00,2.0,0.0,0.07710376577611201,60.0,60.55188288805601,0.0
2024-08-01 21:08:00,2.0,0.0,0.07709492444606601,60.0,60.54746222303301,0.0
2024-08-01 21:09:00,2.0,0.0,0.07708608412983714,60.0,60.543042064918566,0.0
2024-08-01 21:10:00,2.0,1.92556,0.0770772448273091,60.0,60.53862241365455,1.0
2024-08-01 21:11:00,2.0,0.0,0.0768476065383657,60.0,60.42380326918285,0.0
2024-08-01 21:12:00,2.0,0.0,0.076838794581572,60.0,60.419397290786,0.0
2024-08-01 21:13:00,2.0,0.0,0.07682998363522725,60.0,60.414991817613625,0.0
2024-08-01 21:14:00,2.0,0.0,0.07682117369921557,60.0,60.41058684960778,0.0
2024-08-01 21:15:00,2.0,0.0,0.0768123647734211,60.0,60.40618238671055,0.0
2024-08-01 21:16:00,2.0,0.0,0.07680355685772801,60.0,60.401778428864006,0.0
2024-08-01 21:17:00,2.0,0.0,0.07679474995202049,60.0,60.39737497601024,0.0
2024-08-01 21:18:00,2.0,0.0,0.0767859440561827,60.0,60.39297202809135,0.0
2024-08-01 21:19:00,2.0,0.0,0.07677713917009886,60.0,60.38856958504943,0.0
2024-08-01 21:20:00,2.0,0.0,0.07676833529365318,60.0,60.38416764682659,0.0
2024-08-01 21:21:00,2.0,0.0,0.07675953242672988,60.0,60.37976621336494,0.0
2024-08-01 21:22:00,2.0,0.0,0.0767507305692132,60.0,60.375365284606595,0.0
2024-08-01 21:23:00,2.0,0.0,0.07674192972098738,60.0,60.37096486049369,0.0
2024-08-01 21:24:00,2.0,0.0,0.07673312988193672,60.0,60.36656494096836,0.0
2024-08-01 21:25:00,2.0,0.0,0.07672433105194548,60.0,60.36216552597274,0.0
2024-08-01 21:26:00,2.0,0.0,0.07671553323089796,60.0,60.35776661544898,0.0
2024-08-01 21:27:00,2.0,11.553360000000001,0.07670673641867846,60.0,60.35336820933923,6.0
2024-08-01 21:28:00,2.0,0.0,0.0753731406151713,60.0,59.68657030758565,0.0
2024-08-01 21:29:00,2.0,0.0,0.07536449773234873,60.0,59.68224886617436,0.0
2024-08-01 21:30:00,2.0,0.0,0.07535585584058772,60.0,59.67792792029386,0.0
2024-08-01 21:31:00,2.0,0.0,0.07534721493977466,60.0,59.67360746988733,0.0
2024-08-01 21:32:00,2.0,0.0,0.0753385750297959,60.0,59.66928751489795,0.0
2024-08-01 21:33:00,2.0,0.0,0.07532993611053783,60.0,59.664968055268915,0.0
2024-08-01 21:34:00,2.0,0.0,0.07532129818188683,60.0,59.660649090943416,0.0
2024-08-01 21:35:00,2.0,0.0,0.07531266124372933,60.0,59.65633062186466,0.0
2024-08-01 21:36:00,2.0,0.0,0.07530402529595173,60.0,59.652012647975866,0.0
2024-08-01 21:37:00,2.0,0.0,0.07529539033844049,60.0,59.64769516922024,0.0
2024-08-01 21:38:00,2.0,0.0,0.07528675637108204,60.0,59.64337818554102,0.0
2024-08-01 21:39:00,2.0,0.0,0.07527812339376286,60.0,59.63906169688143,0.0
2024-08-01 21:40:00,2.0,0.0,0.0752694914063694,60.0,59.6347457031847,0.0
2024-08-01 21:41:00,2.0,0.0,0.07526086040878817,60.0,59.63043020439408,0.0
2024-08-01 21:42:00,2.0,11.553360000000001,0.07525223040090565,60.0,59.62611520045282,6.0
2024-08-01 21:43:00,2.0,0.0,0.07391880138260837,60.0,58.95940069130418,0.0
2024-08-01 21:44:00,2.0,0.0,0.0740823271770031,60.0,59.04116358850155,0.0
2024-08-01 21:45:00,2.0,0.0,0.07424583422023173,60.0,59.122917110115864,0.0
2024-08-01 21:46:00,2.0,0.0,0.07440932251444442,60.0,59.204661257222206,0.0
2024-08-01 21:47:00,2.0,0.0,0.07457279206179107,60.0,59.28639603089553,0.0
2024-08-01 21:48:00,2.0,0.0,0.07473624286442135,60.0,59.36812143221067,0.0
2024-08-01 21:49:00,2.0,0.0,0.07489967492448467,60.0,59.449837462242336,0.0
2024-08-01 21:50:00,2.0,0.0,0.07506308824413022,60.0,59.53154412206511,0.0
2024-08-01 21:51:00,2.0,0.0,0.07522648282550691,60.0,59.61324141275345,0.0
2024-08-01 21:52:00,2.0,0.0,0.07538985867076342,60.0,59.69492933538171,0.0
2024-08-01 21:53:00,2.0,0.0,0.07555321578204818,60.0,59.77660789102409,0.0
2024-08-01 21:54:00,2.0,0.0,0.0757165541615094,60.0,59.858277080754696,0.0
2024-08-01 21:55:00,2.0,0.0,0.07587987381129499,60.0,59.93993690564749,0.0
2024-08-01 21:56:00,2.0,0.0,0.07604317473355265,60.0,60.02158736677632,0.0
2024-08-01 21:57:00,2.0,0.0,0.07620645693042984,60.0,60.10322846521492,0.0
2024-08-01 21:58:00,2.0,0.0,0.07636972040407375,60.0,60.18486020203687,0.0
2024-08-01 21:59:00,2.0,0.0,0.07653296515663134,60.0,60.26648257831567,0.0
2024-08-01 22:00:00,2.0,0.0,0.07669619119024931,60.0,60.348095595124654,0.0
2024-08-01 22:01:00,2.0,0.0,0.07685939850707411,60.0,60.42969925353706,0.0
2024-08-01 22:02:00,2.0,0.0,0.077022587109252,60.0,60.511293554626,0.0
2024-08-01 22:03:00,2.0,0.0,0.0771857569989289,60.0,60.592878499464454,0.0
2024-08-01 22:04:00,2.0,0.0,0.07734890817825059,60.0,60.67445408912529,0.0
2024-08-01 22:05:00,2.0,0.0,0.07751204064936248,60.0,60.756020324681245,0.0
2024-08-01 22:06:00,2.0,0.0,0.07767515441440986,60.0,60.83757720720493,0.0
2024-08-01 22:07:00,2.0,0.0,0.07783824947553769,60.0,60.91912473776885,0.0
2024-08-01 22:08:00,2.0,0.0,0.07800132583489071,60.0,61.000662917445354,0.0
2024-08-01 22:09:00,2.0,0.0,0.07799238158348107,60.0,60.99619079174053,0.0
2024-08-01 22:10:00,2.0,0.0,0.07798343835769032,60.0,60.99171917884516,0.0
2024-08-01 22:11:00,2.0,0.0,0.07797449615740085,60.0,60.987248078700425,0.0
2024-08-01 22:12:00,2.0,0.0,0.07796555498249508,60.0,60.98277749124754,0.0
2024-08-01 22:13:00,2.0,0.0,0.07795661483285542,60.0,60.97830741642771,0.0
2024-08-01 22:14:00,2.0,0.0,0.07794767570836432,60.0,60.97383785418216,0.0
2024-08-01 22:15:00,2.0,0.0,0.07793873760890421,60.0,60.9693688044521,0.0
2024-08-01 22:16:00,2.0,1.92556,0.07792980053435755,60.0,60.96490026717878,1.0
2024-08-01 22:17:00,2.0,0.0,0.07770006448460684,60.0,60.85003224230342,0.0
2024-08-01 22:18:00,2.0,0.0,0.07769115477821588,60.0,60.84557738910794,0.0
2024-08-01 22:19:00,2.0,0.0,0.0776822460934826,60.0,60.841123046741295,0.0
2024-08-01 22:20:00,2.0,0.0,0.07767333843028984,60.0,60.836669215144916,0.0
2024-08-01 22:21:00,2.0,0.0,0.07766443178852048,60.0,60.83221589426024,0.0
2024-08-01 22:22:00,2.0,0.0,0.07765552616805739,60.0,60.827763084028696,0.0
2024-08-01 22:23:00,2.0,0.0,0.07764662156878346,60.0,60.82331078439173,0.0
2024-08-01 22:24:00,2.0,1.92556,0.0776377179905816,60.0,60.818858995290796,1.0
2024-08-01 22:25:00,2.0,0.0,0.0774080154333347,60.0,60.70400771666735,0.0
2024-08-01 22:26:00,2.0,0.0,0.07739913921560704,60.0,60.69956960780352,0.0
2024-08-01 22:27:00,2.0,0.0,0.07739026401569699,60.0,60.69513200784849,0.0
2024-08-01 22:28:00,2.0,0.0,0.07738138983348783,60.0,60.690694916743915,0.0
2024-08-01 22:29:00,2.0,0.0,0.07737251666886287,60.0,60.686258334431436,0.0
2024-08-01 22:30:00,2.0,0.0,0.07736364452170542,60.0,60.68182226085271,0.0
2024-08-01 22:31:00,2.0,0.0,0.07735477339189883,60.0,60.677386695949416,0.0
2024-08-01 22:32:00,2.0,0.0,0.07734590327932642,60.0,60.67295163966321,0.0
2024-08-01 22:33:00,2.0,0.0,0.07733703418387156,60.0,60.668517091935776,0.0
2024-08-01 22:34:00,2.0,0.0,0.0773281661054176,60.0,60.6640830527088,0.0
2024-08-01 22:35:00,2.0,0.0,0.07731929904384793,60.0,60.65964952192397,0.0
2024-08-01 22:36:00,2.0,1.92556,0.07731043299904596,60.0,60.65521649952298,1.0
2024-08-01 22:37:00,2.0,0.0,0.07708076797089508,60.0,60.54038398544754,0.0
2024-08-01 22:38:00,2.0,0.0,0.07707192927796006,60.0,60.535964638980026,0.0
2024-08-01 22:39:00,2.0,0.0,0.07706309159853975,60.0,60.53154579926987,0.0
2024-08-01 22:40:00,2.0,0.0,0.07705425493251794,60.0,60.52712746625897,0.0
2024-08-01 22:41:00,2.0,0.0,0.07704541927977841,60.0,60.52270963988921,0.0
2024-08-01 22:42:00,2.0,0.0,0.077036584640205,60.0,60.5182923201025,0.0
2024-08-01 22:43:00,2.0,0.0,0.07702775101368152,60.0,60.51387550684076,0.0
2024-08-01 22:44:00,2.0,0.0,0.07701891840009181,60.0,60.5094592000459,0.0
2024-08-01 22:45:00,2.0,0.0,0.0770100867993197,60.0,60.50504339965985,0.0
2024-08-01 22:46:00,2.0,0.0,0.07700125621124906,60.0,60.50062810562453,0.0
2024-08-01 22:47:00,2.0,0.0,0.07699242663576378,60.0,60.49621331788189,0.0
2024-08-01 22:48:00,2.0,0.0,0.07698359807274774,60.0,60.49179903637387,0.0
2024-08-01 22:49:00,2.0,0.0,0.07697477052208485,60.0,60.48738526104242,0.0
2024-08-01 22:50:00,2.0,0.0,0.076965943983659,60.0,60.482971991829494,0.0
2024-08-01 22:51:00,2.0,0.0,0.07695711845735413,60.0,60.478559228677064,0.0
2024-08-01 22:52:00,2.0,0.0,0.07694829394305419,60.0,60.4741469715271,0.0
2024-08-01 22:53:00,2.0,0.0,0.07693947044064316,60.0,60.469735220321574,0.0
2024-08-01 22:54:00,2.0,0.0,0.07693064795000495,60.0,60.46532397500248,0.0
2024-08-01 22:55:00,2.0,0.0,0.0769218264710236,60.0,60.460913235511796,0.0
2024-08-01 22:56:00,2.0,0.0,0.07691300600358306,60.0,60.456503001791525,0.0
2024-08-01 22:57:00,2.0,0.0,0.07690418654756735,60.0,60.452093273783674,0.0
2024-08-01 22:58:00,2.0,0.0,0.0768953681028605,60.0,60.44768405143025,0.0
2024-08-01 22:59:00,2.0,0.0,0.07688655066934656,60.0,60.44327533467328,0.0
2024-08-01 23:00:00,2.0,0.0,0.07687773424690955,60.0,60.43886712345478,0.0
2024-08-01 23:01:00,2.0,0.0,0.07686891883543356,60.0,60.43445941771678,0.0
2024-08-01 23:02:00,2.0,0.0,0.07686010443480265,60.0,60.430052217401325,0.0
2024-08-01 23:03:00,2.0,0.0,0.0768512910449009,60.0,60.42564552245045,0.0
2024-08-01 23:04:00,2.0,0.0,0.07684247866561243,60.0,60.421239332806216,0.0
2024-08-01 23:05:00,2.0,1.92556,0.07683366729682135,60.0,60.41683364841067,1.0
2024-08-01 23:06:00,2.0,0.0,0.07660405693841177,60.0,60.30202846920589,0.0
2024-08-01 23:07:00,2.0,0.0,0.07659527290894917,60.0,60.297636454474585,0.0
2024-08-01 23:08:00,2.0,0.0,0.07658648988673315,60.0,60.293244943366574,0.0
2024-08-01 23:09:00,2.0,0.0,0.07657770787164819,60.0,60.28885393582409,0.0
2024-08-01 23:10:00,2.0,0.0,0.07656892686357882,60.0,60.284463431789405,0.0
2024-08-01 23:11:00,2.0,0.0,0.07656014686240956,60.0,60.28007343120478,0.0
2024-08-01 23:12:00,2.0,0.0,0.07655136786802495,60.0,60.27568393401248,0.0
2024-08-01 23:13:00,2.0,0.0,0.07654258988030957,60.0,60.27129494015478,0.0
2024-08-01 23:14:00,2.0,0.0,0.07653381289914794,60.0,60.26690644957397,0.0
2024-08-01 23:15:00,2.0,0.0,0.07652503692442468,60.0,60.26251846221234,0.0
2024-08-01 23:16:00,2.0,0.0,0.07651626195602437,60.0,60.25813097801218,0.0
2024-08-01 23:17:00,2.0,0.0,0.0765074879938316,60.0,60.2537439969158,0.0
2024-08-01 23:18:00,2.0,0.0,0.07649871503773102,60.0,60.24935751886551,0.0
2024-08-01 23:19:00,2.0,0.0,0.07648994308760725,60.0,60.24497154380362,0.0
2024-08-01 23:20:00,2.0,0.0,0.07648117214334493,60.0,60.24058607167247,0.0
2024-08-01 23:21:00,2.0,0.0,0.07647240220482875,60.0,60.23620110241437,0.0
2024-08-01 23:22:00,2.0,0.0,0.07646363327194333,60.0,60.23181663597167,0.0
2024-08-01 23:23:00,2.0,0.0,0.07645486534457341,60.0,60.2274326722867,0.0
2024-08-01 23:24:00,2.0,0.0,0.07644609842260365,60.0,60.22304921130183,0.0
2024-08-01 23:25:00,2.0,1.92556,0.07643733250591879,60.0,60.218666252959395,1.0
2024-08-01 23:26:00,2.0,0.0,0.07620776759440354,60.0,60.10388379720177,0.0
2024-08-01 23:27:00,2.0,0.0,0.07619902900662397,60.0,60.09951450331198,0.0
2024-08-01 23:28:00,2.0,0.0,0.07619029142088024,60.0,60.09514571044012,0.0
2024-08-01 23:29:00,2.0,0.0,0.07618155483705749,60.0,60.090777418528745,0.0
2024-08-01 23:30:00,2.0,0.0,0.07617281925504082,60.0,60.08640962752041,0.0
2024-08-01 23:31:00,2.0,0.0,0.07616408467471536,60.0,60.08204233735768,0.0
2024-08-01 23:32:00,2.0,0.0,0.07615535109596623,60.0,60.07767554798311,0.0
2024-08-01 23:33:00,2.0,0.0,0.07614661851867859,60.0,60.07330925933929,0.0
2024-08-01 23:34:00,2.0,0.0,0.0761378869427376,60.0,60.0689434713688,0.0
2024-08-01 23:35:00,2.0,0.0,0.07612915636802844,60.0,60.06457818401422,0.0
2024-08-01 23:36:00,2.0,0.0,0.07612042679443631,60.0,60.060213397218156,0.0
2024-08-01 23:37:00,2.0,0.0,0.07611169822184641,60.0,60.055849110923205,0.0
2024-08-01 23:38:00,2.0,0.0,0.07610297065014396,60.0,60.05148532507198,0.0
2024-08-01 23:39:00,2.0,1.92556,0.07609424407921418,60.0,60.04712203960709,1.0
2024-08-01 23:40:00,2.0,1.92556,0.07586471850894232,60.0,59.93235925447116,1.0
2024-08-01 23:41:00,2.0,0.0,0.07563521925789495,60.0,59.81760962894747,0.0
2024-08-01 23:42:00,2.0,1.92556,0.0756265463230541,60.0,59.81327316152705,1.0
2024-08-01 23:43:00,2.0,1.92556,0.07539707438272084,60.0,59.698537191360415,1.0
2024-08-01 23:44:00,2.0,0.0,0.07516762875546242,60.0,59.58381437773121,0.0
2024-08-01 23:45:00,2.0,0.0,0.0751590094382616,60.0,59.5795047191308,0.0
2024-08-01 23:46:00,2.0,0.0,0.07515039110942014,60.0,59.57519555471007,0.0
2024-08-01 23:47:00,2.0,0.0,0.07514177376882471,60.0,59.57088688441235,0.0
2024-08-01 23:48:00,2.0,0.0,0.07513315741636196,60.0,59.566578708180984,0.0
2024-08-01 23:49:00,2.0,0.0,0.07512454205191862,60.0,59.56227102595931,0.0
2024-08-01 23:50:00,2.0,0.0,0.07511592767538137,60.0,59.557963837690686,0.0
2024-08-01 23:51:00,2.0,0.0,0.07510731428663693,60.0,59.55365714331847,0.0
2024-08-01 23:52:00,2.0,0.0,0.07509870188557205,60.0,59.54935094278603,0.0
2024-08-01 23:53:00,2.0,0.0,0.07509009047207348,60.0,59.545045236036735,0.0
2024-08-01 23:54:00,2.0,0.0,0.07508148004602794,60.0,59.54074002301397,0.0
2024-08-01 23:55:00,2.0,0.0,0.07507287060732223,60.0,59.536435303661115,0.0
2024-08-01 23:56:00,2.0,1.92556,0.07506426215584312,60.0,59.53213107792156,1.0
2024-08-01 23:57:00,2.0,1.92556,0.07483485469147744,60.0,59.417427345738716,1.0
2024-08-01 23:58:00,2.0,0.0,0.07460547353279327,60.0,59.302736766396634,0.0
2024-08-01 23:59:00,2.0,0.0,0.07459691867677422,60.0,59.29845933838711,0.0
2024-08-02 00:00:00,2.0,1.92556,0.0745883648017229,60.0,59.29418240086145,1.0
2024-08-02 00:01:00,2.0,1.92556,0.07435901190752682,60.0,59.17950595376341,1.0
2024-08-02 00:02:00,2.0,0.0,0.07412968531275482,60.0,59.06484265637741,0.0
2024-08-02 00:03:00,2.0,0.0,0.07412118501439119,60.0,59.060592507195594,0.0
2024-08-02 00:04:00,2.0,0.0,0.07411268569073927,60.0,59.056342845369635,0.0
2024-08-02 00:05:00,2.0,0.0,0.07410418734168729,60.0,59.05209367084365,0.0
2024-08-02 00:06:00,2.0,0.0,0.07409568996712351,60.0,59.04784498356175,0.0
2024-08-02 00:07:00,2.0,1.92556,0.07408719356693616,60.0,59.04359678346808,1.0
2024-08-02 00:08:00,2.0,0.0,0.07385789814101354,60.0,58.92894907050677,0.0
2024-08-02 00:09:00,2.0,0.0,0.07402143091905757,60.0,59.01071545952878,0.0
2024-08-02 00:10:00,2.0,0.0,0.0741849449451347,60.0,59.092472472567344,0.0
2024-08-02 00:11:00,2.0,0.0,0.07434844022139517,60.0,59.17422011069758,0.0
2024-08-02 00:12:00,2.0,0.0,0.07451191674998899,60.0,59.25595837499449,0.0
2024-08-02 00:13:00,2.0,0.0,0.07467537453306591,60.0,59.33768726653295,0.0
2024-08-02 00:14:00,2.0,0.0,0.07483881357277546,60.0,59.419406786387725,0.0
2024-08-02 00:15:00,2.0,0.0,0.07500223387126687,60.0,59.50111693563343,0.0
2024-08-02 00:16:00,2.0,0.0,0.07516563543068917,60.0,59.58281771534459,0.0
2024-08-02 00:17:00,2.0,0.0,0.07532901825319115,60.0,59.664509126595576,0.0
2024-08-02 00:18:00,2.0,0.0,0.07549238234092132,60.0,59.746191170460655,0.0
2024-08-02 00:19:00,2.0,11.553360000000001,0.07565572769602794,60.0,59.82786384801397,6.0
2024-08-02 00:20:00,2.0,11.553360000000001,0.07449425432065906,60.0,59.24712716032953,6.0
2024-08-02 00:21:00,2.0,0.0,0.0733329141290504,60.0,58.6664570645252,0.0
2024-08-02 00:22:00,2.0,0.0,0.07349650710593,60.0,58.748253552965004,0.0
2024-08-02 00:23:00,2.0,0.0,0.07366008132393984,60.0,58.83004066196992,0.0
2024-08-02 00:24:00,2.0,1.92556,0.07382363678523093,60.0,58.911818392615466,1.0
2024-08-02 00:25:00,2.0,0.0,0.07376637349195408,60.0,58.88318674597704,0.0
2024-08-02 00:26:00,2.0,0.0,0.07392991676494115,60.0,58.96495838247058,0.0
2024-08-02 00:27:00,2.0,0.0,0.0740934412847579,60.0,59.04672064237894,0.0
2024-08-02 00:28:00,2.0,0.0,0.07425694705355466,60.0,59.128473526777334,0.0
2024-08-02 00:29:00,2.0,0.0,0.07442043407348164,60.0,59.21021703674082,0.0
2024-08-02 00:30:00,2.0,0.0,0.0745839023466887,60.0,59.29195117334435,0.0
2024-08-02 00:31:00,2.0,1.92556,0.0747473518753255,60.0,59.373675937662746,1.0
2024-08-02 00:32:00,2.0,1.92556,0.07468998266154141,60.0,59.3449913307707,1.0
2024-08-02 00:33:00,2.0,0.0,0.07463262002616694,60.0,59.316310013083466,0.0
2024-08-02 00:34:00,2.0,0.0,0.07479606396844773,60.0,59.39803198422387,0.0
2024-08-02 00:35:00,2.0,0.0,0.07495948916894825,60.0,59.479744584474126,0.0
2024-08-02 00:36:00,2.0,0.0,0.07512289562981755,60.0,59.561447814908774,0.0
2024-08-02 00:37:00,2.0,0.0,0.07528628335320449,60.0,59.64314167660224,0.0
2024-08-02 00:38:00,2.0,1.92556,0.07544965234125764,60.0,59.724826170628816,1.0
2024-08-02 00:39:00,2.0,0.0,0.07539220259612534,60.0,59.696101298062665,0.0
2024-08-02 00:40:00,2.0,0.0,0.07555555943863701,60.0,59.7777797193185,0.0
2024-08-02 00:41:00,2.0,0.0,0.07571889754935594,60.0,59.85944877467797,0.0
2024-08-02 00:42:00,2.0,0.0,0.07588221693043008,60.0,59.94110846521504,0.0
2024-08-02 00:43:00,2.0,0.0,0.07604551758400709,60.0,60.02275879200354,0.0
2024-08-02 00:44:00,2.0,0.0,0.07620879951223444,60.0,60.10439975611722,0.0
2024-08-02 00:45:00,2.0,0.0,0.07637206271725931,60.0,60.186031358629656,0.0
2024-08-02 00:46:00,2.0,0.0,0.07653530720122867,60.0,60.26765360061433,0.0
2024-08-02 00:47:00,2.0,0.0,0.0766985329662892,60.0,60.349266483144596,0.0
2024-08-02 00:48:00,2.0,0.0,0.07686174001458737,60.0,60.430870007293684,0.0
2024-08-02 00:49:00,2.0,0.0,0.0770249283482694,60.0,60.5124641741347,0.0
2024-08-02 00:50:00,2.0,0.0,0.07718809796948126,60.0,60.594048984740624,0.0
2024-08-02 00:51:00,2.0,0.0,0.07735124888036865,60.0,60.67562444018432,0.0
2024-08-02 00:52:00,2.0,0.0,0.07751438108307705,60.0,60.75719054153853,0.0
2024-08-02 00:53:00,2.0,0.0,0.0776774945797517,60.0,60.838747289875855,0.0
2024-08-02 00:54:00,2.0,0.0,0.0778405893725376,60.0,60.9202946862688,0.0
2024-08-02 00:55:00,2.0,0.0,0.07800366546357944,60.0,61.00183273178972,0.0
2024-08-02 00:56:00,2.0,0.0,0.07799472094388939,60.0,60.997360471944695,0.0
2024-08-02 00:57:00,2.0,0.0,0.077985777449849,60.0,60.9928887249245,0.0
2024-08-02 00:58:00,2.0,0.0,0.07797683498134066,60.0,60.98841749067033,0.0
2024-08-02 00:59:00,2.0,0.0,0.07796789353824678,60.0,60.983946769123385,0.0
2024-08-02 01:00:00,2.0,0.0,0.07795895312044974,60.0,60.979476560224875,0.0
2024-08-02 01:01:00,2.0,0.0,0.07795001372783202,60.0,60.97500686391601,0.0
2024-08-02 01:02:00,2.0,1.92556,0.07794107536027603,60.0,60.970537680138015,1.0
2024-08-02 01:03:00,2.0,1.92556,0.07771133801766425,60.0,60.85566900883212,1.0
2024-08-02 01:04:00,1.0,0.0,0.07748162701856046,60.0,60.74081350928023,0.0
2024-08-02 01:05:00,1.0,0.0,0.0774727423599439,60.0,60.736371179971954,0.0
2024-08-02 01:06:00,1.0,0.0,0.07746385872011285,60.0,60.73192936005643,0.0
2024-08-02 01:07:00,1.0,0.0,0.0774549760989505,60.0,60.72748804947525,0.0
2024-08-02 01:08:00,1.0,0.0,0.07744609449634002,60.0,60.723047248170005,0.0
2024-08-02 01:09:00,1.0,0.0,0.07743721391216461,60.0,60.718606956082304,0.0
2024-08-02 01:10:00,1.0,0.0,0.07742833434630751,60.0,60.714167173153754,0.0
2024-08-02 01:11:00,1.0,0.0,0.07741945579865193,60.0,60.70972789932597,0.0
2024-08-02 01:12:00,1.0,0.0,0.07741057826908114,60.0,60.70528913454057,0.0
2024-08-02 01:13:00,1.0,0.0,0.07740170175747837,60.0,60.70085087873919,0.0
2024-08-02 01:14:00,1.0,0.0,0.07739282626372691,60.0,60.69641313186346,0.0
2024-08-02 01:15:00,1.0,0.0,0.07738395178771006,60.0,60.69197589385503,0.0
2024-08-02 01:16:00,1.0,0.0,0.07737507832931109,60.0,60.68753916465555,0.0
2024-08-02 01:17:00,1.0,0.0,0.07736620588841332,60.0,60.68310294420666,0.0
2024-08-02 01:18:00,1.0,0.0,0.07735733446490008,60.0,60.67866723245004,0.0
2024-08-02 01:19:00,1.0,0.0,0.0773484640586547,60.0,60.67423202932735,0.0
2024-08-02 01:20:00,1.0,0.0,0.07733959466956054,60.0,60.66979733478027,0.0
2024-08-02 01:21:00,1.0,0.0,0.07733072629750096,60.0,60.66536314875048,0.0
2024-08-02 01:22:00,1.0,0.0,0.07732185894235934,60.0,60.66092947117967,0.0
2024-08-02 01:23:00,1.0,0.0,0.07731299260401908,60.0,60.65649630200954,0.0
2024-08-02 01:24:00,1.0,0.0,0.07730412728236358,60.0,60.65206364118179,0.0
2024-08-02 01:25:00,1.0,0.0,0.07729526297727625,60.0,60.647631488638126,0.0
2024-08-02 01:26:00,1.0,1.92556,0.07728639968864054,60.0,60.64319984432027,1.0
2024-08-02 01:27:00,1.0,1.92556,0.0770567374163399,60.0,60.52836870816994,1.0
2024-08-02 01:28:00,1.0,0.0,0.07682710147893906,60.0,60.41355073946953,0.0
2024-08-02 01:29:00,1.0,0.0,0.0768182918734183,60.0,60.40914593670915,0.0
2024-08-02 01:30:00,1.0,0.0,0.07680948327807686,60.0,60.404741639038434,0.0
2024-08-02 01:31:00,1.0,0.0,0.07680067569279891,60.0,60.40033784639946,0.0
2024-08-02 01:32:00,1.0,0.0,0.07679186911746863,60.0,60.39593455873432,0.0
2024-08-02 01:33:00,1.0,0.0,0.07678306355197022,60.0,60.39153177598511,0.0
2024-08-02 01:34:00,1.0,0.0,0.07677425899618785,60.0,60.38712949809393,0.0
2024-08-02 01:35:00,1.0,0.0,0.07676545545000578,60.0,60.38272772500289,0.0
2024-08-02 01:36:00,1.0,0.0,0.07675665291330822,60.0,60.37832645665411,0.0
2024-08-02 01:37:00,1.0,0.0,0.07674785138597941,60.0,60.3739256929897,0.0
2024-08-02 01:38:00,1.0,0.0,0.07673905086790361,60.0,60.36952543395181,0.0
2024-08-02 01:39:00,1.0,0.0,0.07673025135896511,60.0,60.36512567948255,0.0
2024-08-02 01:40:00,1.0,0.0,0.07672145285904818,60.0,60.360726429524085,0.0
2024-08-02 01:41:00,1.0,0.0,0.0767126553680371,60.0,60.35632768401855,0.0
2024-08-02 01:42:00,1.0,0.0,0.07670385888581621,60.0,60.35192944290811,0.0
2024-08-02 01:43:00,1.0,0.0,0.07669506341226984,60.0,60.347531706134916,0.0
2024-08-02 01:44:00,1.0,0.0,0.07668626894728228,60.0,60.34313447364114,0.0
2024-08-02 01:45:00,1.0,0.0,0.07667747549073792,60.0,60.33873774536896,0.0
2024-08-02 01:46:00,2.0,0.0,0.07666868304252111,60.0,60.334341521260555,0.0
2024-08-02 01:47:00,2.0,0.0,0.07665989160251624,60.0,60.32994580125812,0.0
2024-08-02 01:48:00,2.0,1.92556,0.0766511011706077,60.0,60.325550585303844,1.0
2024-08-02 01:49:00,2.0,1.92556,0.07642151174667985,60.0,60.21075587333993,1.0
2024-08-02 01:50:00,2.0,0.0,0.07619194864929849,60.0,60.09597432464924,0.0
2024-08-02 01:51:00,2.0,0.0,0.07618321187544477,60.0,60.091605937722385,0.0
2024-08-02 01:52:00,2.0,0.0,0.07617447610341892,60.0,60.087238051709456,0.0
2024-08-02 01:53:00,2.0,0.0,0.07616574133310605,60.0,60.08287066655303,0.0
2024-08-02 01:54:00,2.0,0.0,0.07615700756439132,60.0,60.07850378219566,0.0
2024-08-02 01:55:00,2.0,0.0,0.07614827479715985,60.0,60.07413739857993,0.0
2024-08-02 01:56:00,2.0,0.0,0.07613954303129683,60.0,60.06977151564841,0.0
2024-08-02 01:57:00,2.0,0.0,0.0761308122666874,60.0,60.0654061333437,0.0
2024-08-02 01:58:00,2.0,0.0,0.0761220825032168,60.0,60.061041251608394,0.0
2024-08-02 01:59:00,2.0,0.0,0.07611335374077016,60.0,60.05667687038508,0.0
2024-08-02 02:00:00,2.0,0.0,0.07610462597923276,60.0,60.05231298961638,0.0
2024-08-02 02:01:00,2.0,0.0,0.0760958992184898,60.0,60.0479496092449,0.0
2024-08-02 02:02:00,2.0,0.0,0.07608717345842654,60.0,60.04358672921327,0.0
2024-08-02 02:03:00,2.0,0.0,0.0760784486989282,60.0,60.0392243494641,0.0
2024-08-02 02:04:00,2.0,0.0,0.07606972493988007,60.0,60.03486246994003,0.0
2024-08-02 02:05:00,2.0,0.0,0.07606100218116742,60.0,60.030501090583705,0.0
2024-08-02 02:06:00,2.0,0.0,0.07605228042267553,60.0,60.02614021133777,0.0
2024-08-02 02:07:00,2.0,0.0,0.07604355966428976,60.0,60.02177983214488,0.0
2024-08-02 02:08:00,2.0,0.0,0.07603483990589538,60.0,60.01741995294769,0.0
2024-08-02 02:09:00,2.0,0.0,0.07602612114737775,60.0,60.013060573688875,0.0
2024-08-02 02:10:00,2.0,0.0,0.0760174033886222,60.0,60.0087016943111,0.0
2024-08-02 02:11:00,2.0,0.0,0.07600868662951409,60.0,60.004343314757044,0.0
2024-08-02 02:12:00,2.0,0.0,0.07599997086993879,60.0,59.999985434969396,0.0
2024-08-02 02:13:00,2.0,0.0,0.0759912561097817,60.0,59.99562805489085,0.0
2024-08-02 02:14:00,2.0,0.0,0.07598254234892822,60.0,59.99127117446411,0.0
2024-08-02 02:15:00,2.0,0.0,0.07597382958726376,60.0,59.986914793631875,0.0
2024-08-02 02:16:00,2.0,0.0,0.07596511782467372,60.0,59.982558912336856,0.0
2024-08-02 02:17:00,2.0,0.0,0.07595640706104355,60.0,59.978203530521775,0.0
2024-08-02 02:18:00,2.0,0.0,0.07594769729625872,60.0,59.97384864812936,0.0
2024-08-02 02:19:00,2.0,0.0,0.07593898853020468,60.0,59.96949426510234,0.0
2024-08-02 02:20:00,2.0,0.0,0.07593028076276691,60.0,59.965140381383456,0.0
2024-08-02 02:21:00,2.0,0.0,0.07592157399383091,60.0,59.96078699691545,0.0
2024-08-02 02:22:00,2.0,0.0,0.07591286822328216,60.0,59.95643411164108,0.0
2024-08-02 02:23:00,2.0,0.0,0.0759041634510062,60.0,59.9520817255031,0.0
2024-08-02 02:24:00,2.0,1.92556,0.07589545967688856,60.0,59.947729838444275,1.0
2024-08-02 02:25:00,2.0,1.92556,0.07566595690081475,60.0,59.832978450407374,1.0
2024-08-02 02:26:00,2.0,0.0,0.07543648044135168,60.0,59.71824022067584,0.0
2024-08-02 02:27:00,2.0,0.0,0.07542783029548167,60.0,59.713915147740835,0.0
2024-08-02 02:28:00,2.0,0.0,0.07541918114150607,60.0,59.709590570753036,0.0
2024-08-02 02:29:00,2.0,0.0,0.07541053297931116,60.0,59.70526648965558,0.0
2024-08-02 02:30:00,2.0,1.92556,0.0754018858087832,60.0,59.700942904391596,1.0
2024-08-02 02:31:00,2.0,1.92556,0.07517243962980846,60.0,59.58621981490423,1.0
2024-08-02 02:32:00,2.0,11.553360000000001,0.0749430197609546,60.0,59.4715098804773,6.0
2024-08-02 02:33:00,2.0,11.553360000000001,0.07360962619920465,60.0,58.80481309960233,6.0
2024-08-02 02:34:00,2.0,0.0,0.07244838744608101,60.0,58.2241937230405,0.0
2024-08-02 02:35:00,2.0,0.0,0.0726120818498139,60.0,58.306040924906945,0.0
2024-08-02 02:36:00,2.0,0.0,0.07277575748304659,60.0,58.387878741523295,0.0
2024-08-02 02:37:00,2.0,0.0,0.07293941434793148,60.0,58.46970717396574,0.0
2024-08-02 02:38:00,2.0,0.0,0.07310305244662069,60.0,58.55152622331034,0.0
2024-08-02 02:39:00,2.0,0.0,0.07326667178126607,60.0,58.633335890633035,0.0
2024-08-02 02:40:00,2.0,0.0,0.07343027235401929,60.0,58.71513617700965,0.0
2024-08-02 02:41:00,2.0,0.0,0.07359385416703174,60.0,58.79692708351587,0.0
2024-08-02 02:42:00,2.0,0.0,0.07375741722245453,60.0,58.87870861122727,0.0
2024-08-02 02:43:00,2.0,0.0,0.07392096152243859,60.0,58.960480761219294,0.0
2024-08-02 02:44:00,2.0,0.0,0.07408448706913454,60.0,59.04224353456727,0.0
2024-08-02 02:45:00,2.0,0.0,0.07424799386469279,60.0,59.123996932346394,0.0
2024-08-02 02:46:00,2.0,0.0,0.0744114819112635,60.0,59.20574095563175,0.0
2024-08-02 02:47:00,2.0,0.0,0.07457495121099655,60.0,59.28747560549828,0.0
2024-08-02 02:48:00,2.0,13.47892,0.07473840176604164,60.0,59.369200883020824,7.0
2024-08-02 02:49:00,2.0,13.47892,0.07335623357854817,60.0,58.678116789274085,7.0
2024-08-02 02:50:00,2.0,0.0,0.07197422388143453,60.0,57.98711194071726,0.0
2024-08-02 02:51:00,2.0,0.0,0.07213797265652695,60.0,58.06898632826348,0.0
2024-08-02 02:52:00,2.0,0.0,0.07230170265488456,60.0,58.150851327442275,0.0
2024-08-02 02:53:00,2.0,0.0,0.07246541387866039,60.0,58.23270693933019,0.0
2024-08-02 02:54:00,2.0,0.0,0.07262910633000733,60.0,58.31455316500366,0.0
2024-08-02 02:55:00,2.0,0.0,0.07279278001107795,60.0,58.39639000553897,0.0
2024-08-02 02:56:00,2.0,0.0,0.0729564349240246,60.0,58.478217462012296,0.0
2024-08-02 02:57:00,2.0,0.0,0.07312007107099938,60.0,58.56003553549969,0.0
2024-08-02 02:58:00,2.0,0.0,0.07328368845415417,60.0,58.64184422707709,0.0
2024-08-02 02:59:00,2.0,0.0,0.07344728707564056,60.0,58.72364353782028,0.0
2024-08-02 03:00:00,2.0,0.0,0.07361086693760992,60.0,58.80543346880496,0.0
2024-08-02 03:01:00,2.0,0.0,0.07377442804221335,60.0,58.88721402110667,0.0
2024-08-02 03:02:00,2.0,0.0,0.07393797039160173,60.0,58.96898519580086,0.0
2024-08-02 03:03:00,2.0,0.0,0.07410149398792566,60.0,59.05074699396283,0.0
2024-08-02 03:04:00,2.0,0.0,0.07426499883333555,60.0,59.13249941666778,0.0
2024-08-02 03:05:00,2.0,0.0,0.07442848492998153,60.0,59.21424246499076,0.0
2024-08-02 03:06:00,2.0,0.0,0.07459195228001345,60.0,59.29597614000672,0.0
2024-08-02 03:07:00,2.0,0.0,0.07475540088558096,60.0,59.37770044279048,0.0
2024-08-02 03:08:00,2.0,0.0,0.07491883074883345,60.0,59.45941537441672,0.0
2024-08-02 03:09:00,2.0,0.0,0.07508224187192006,60.0,59.54112093596003,0.0
2024-08-02 03:10:00,2.0,0.0,0.07524563425698969,60.0,59.622817128494844,0.0
2024-08-02 03:11:00,2.0,1.92556,0.075409007906191,60.0,59.7045039530955,1.0
2024-08-02 03:12:00,2.0,0.0,0.07535156282167237,60.0,59.67578141083618,0.0
2024-08-02 03:13:00,2.0,0.0,0.07551492432426328,60.0,59.75746216213164,0.0
2024-08-02 03:14:00,2.0,0.0,0.0756782670945271,60.0,59.83913354726355,0.0
2024-08-02 03:15:00,2.0,0.0,0.07584159113461182,60.0,59.92079556730591,0.0
2024-08-02 03:16:00,2.0,0.0,0.0760048964466652,60.0,60.00244822333259,0.0
2024-08-02 03:17:00,2.0,0.0,0.07616818303283471,60.0,60.08409151641735,0.0
2024-08-02 03:18:00,2.0,0.0,0.07633145089526763,60.0,60.16572544763382,0.0
2024-08-02 03:19:00,2.0,0.0,0.07649470003611099,60.0,60.24735001805549,0.0
2024-08-02 03:20:00,2.0,0.0,0.07665793045751153,60.0,60.32896522875576,0.0
2024-08-02 03:21:00,2.0,0.0,0.07682114216161579,60.0,60.41057108080789,0.0
2024-08-02 03:22:00,2.0,0.0,0.07698433515057002,60.0,60.49216757528501,0.0
2024-08-02 03:23:00,2.0,0.0,0.07714750942652027,60.0,60.57375471326013,0.0
2024-08-02 03:24:00,2.0,0.0,0.07731066499161231,60.0,60.65533249580615,0.0
2024-08-02 03:25:00,2.0,0.0,0.07747380184799167,60.0,60.73690092399583,0.0
2024-08-02 03:26:00,2.0,0.0,0.07763691999780364,60.0,60.81845999890182,0.0
2024-08-02 03:27:00,2.0,0.0,0.0778000194431933,60.0,60.900009721596646,0.0
2024-08-02 03:28:00,2.0,0.0,0.0779631001863054,60.0,60.9815500931527,0.0
2024-08-02 03:29:00,2.0,0.0,0.07812616222928452,60.0,61.06308111464226,0.0
2024-08-02 03:30:00,2.0,0.0,0.0781172036631426,60.0,61.0586018315713,0.0
2024-08-02 03:31:00,2.0,0.0,0.07810824612426101,60.0,61.05412306213051,0.0
2024-08-02 03:32:00,2.0,0.0,0.07809928961252198,60.0,61.049644806260986,0.0
2024-08-02 03:33:00,2.0,0.0,0.07809033412780768,60.0,61.04516706390384,0.0
2024-08-02 03:34:00,2.0,0.0,0.0780813796700004,60.0,61.040689835000194,0.0
2024-08-02 03:35:00,2.0,0.0,0.07807242623898233,60.0,61.036213119491165,0.0
2024-08-02 03:36:00,2.0,0.0,0.07806347383463577,60.0,61.031736917317886,0.0
2024-08-02 03:37:00,2.0,0.0,0.07805452245684298,60.0,61.02726122842149,0.0
2024-08-02 03:38:00,2.0,0.0,0.07804557210548625,60.0,61.02278605274312,0.0
2024-08-02 03:39:00,2.0,0.0,0.07803662278044787,60.0,61.018311390223936,0.0
2024-08-02 03:40:00,2.0,0.0,0.07802767448161017,60.0,61.01383724080509,0.0
2024-08-02 03:41:00,2.0,0.0,0.07801872720885548,60.0,61.00936360442774,0.0
2024-08-02 03:42:00,2.0,0.0,0.07800978096206612,60.0,61.00489048103306,0.0
2024-08-02 03:43:00,2.0,0.0,0.07800083574112446,60.0,61.00041787056223,0.0
2024-08-02 03:44:00,2.0,0.0,0.07799189154591286,60.0,60.99594577295643,0.0
2024-08-02 03:45:00,2.0,0.0,0.07798294837631371,60.0,60.99147418815686,0.0
2024-08-02 03:46:00,2.0,0.0,0.0779740062322094,60.0,60.9870031161047,0.0
2024-08-02 03:47:00,2.0,0.0,0.07796506511348235,60.0,60.98253255674118,0.0
2024-08-02 03:48:00,2.0,0.0,0.07795612502001496,60.0,60.97806251000748,0.0
2024-08-02 03:49:00,1.0,1.92556,0.07794718595168969,60.0,60.973592975844845,1.0
2024-08-02 03:50:00,1.0,0.0,0.07771744790838898,60.0,60.85872395419449,0.0
2024-08-02 03:51:00,1.0,0.0,0.0777085362086766,60.0,60.854268104338296,0.0
2024-08-02 03:52:00,2.0,0.0,0.07769962553085047,60.0,60.849812765425234,0.0
2024-08-02 03:53:00,2.0,0.0,0.07769071587479343,60.0,60.84535793739671,0.0
2024-08-02 03:54:00,2.0,1.92556,0.0776818072403883,60.0,60.84090362019415,1.0
2024-08-02 03:55:00,2.0,1.92556,0.07745209962751792,60.0,60.72604981375896,1.0
2024-08-02 03:56:00,2.0,0.0,0.0772224183547465,60.0,60.61120917737325,0.0
2024-08-02 03:57:00,2.0,0.0,0.07721356341905364,60.0,60.60678170952682,0.0
2024-08-02 03:58:00,2.0,0.0,0.07720470949873803,60.0,60.60235474936901,0.0
2024-08-02 03:59:00,2.0,0.0,0.07719585659368323,60.0,60.597928296841616,0.0
2024-08-02 04:00:00,2.0,1.92556,0.07718700470377284,60.0,60.593502351886414,1.0
2024-08-02 04:01:00,2.0,1.92556,0.0769573538288904,60.0,60.4786769144452,1.0
2024-08-02 04:02:00,2.0,0.0,0.0767277292876009,60.0,60.36386464380045,0.0
2024-08-02 04:03:00,2.0,0.0,0.07671893107688468,60.0,60.35946553844234,0.0
2024-08-02 04:04:00,2.0,1.92556,0.07671013387504118,60.0,60.35506693752059,1.0
2024-08-02 04:05:00,2.0,1.92556,0.0764805376819547,60.0,60.24026884097735,1.0
2024-08-02 04:06:00,2.0,0.0,0.07625096781619088,60.0,60.12548390809544,0.0
2024-08-02 04:07:00,2.0,0.0,0.07624222427473083,60.0,60.121112137365415,0.0
2024-08-02 04:08:00,2.0,0.0,0.07623348173587467,60.0,60.11674086793734,0.0
2024-08-02 04:09:00,2.0,0.0,0.07622474019950745,60.0,60.112370099753726,0.0
2024-08-02 04:10:00,2.0,0.0,0.07621599966551419,60.0,60.107999832757095,0.0
2024-08-02 04:11:00,2.0,0.0,0.07620726013377997,60.0,60.103630066889984,0.0
2024-08-02 04:12:00,2.0,0.0,0.07619852160418986,60.0,60.099260802094925,0.0
2024-08-02 04:13:00,2.0,0.0,0.07618978407662892,60.0,60.09489203831446,0.0
2024-08-02 04:14:00,2.0,0.0,0.0761810475509823,60.0,60.09052377549115,0.0
2024-08-02 04:15:00,2.0,0.0,0.07617231202713508,60.0,60.08615601356754,0.0
2024-08-02 04:16:00,2.0,0.0,0.07616357750497238,60.0,60.08178875248619,0.0
2024-08-02 04:17:00,2.0,11.553360000000001,0.07615484398437936,60.0,60.07742199218968,6.0
2024-08-02 04:18:00,2.0,0.0,0.07482131146524115,60.0,59.410655732620576,0.0
2024-08-02 04:19:00,2.0,0.0,0.07481273185953086,60.0,59.40636592976543,0.0
2024-08-02 04:20:00,2.0,0.0,0.07480415323762628,60.0,59.40207661881314,0.0
2024-08-02 04:21:00,2.0,1.92556,0.0747955755994146,60.0,59.3977877997073,1.0
2024-08-02 04:22:00,2.0,0.0,0.07456619894478304,60.0,59.28309947239152,0.0
2024-08-02 04:23:00,2.0,0.0,0.07455764859230013,60.0,59.27882429615006,0.0
2024-08-02 04:24:00,2.0,0.0,0.07454909922026852,60.0,59.27454961013426,0.0
2024-08-02 04:25:00,2.0,0.0,0.07454055082857579,60.0,59.270275414287894,0.0
2024-08-02 04:26:00,2.0,0.0,0.07453200341710954,60.0,59.26600170855477,0.0
2024-08-02 04:27:00,2.0,0.0,0.07452345698575737,60.0,59.26172849287868,0.0
2024-08-02 04:28:00,2.0,0.0,0.07451491153440687,60.0,59.25745576720343,0.0
2024-08-02 04:29:00,2.0,0.0,0.07450636706294568,60.0,59.25318353147284,0.0
2024-08-02 04:30:00,2.0,0.0,0.07449782357126145,60.0,59.248911785630725,0.0
2024-08-02 04:31:00,2.0,0.0,0.07448928105924181,60.0,59.2446405296209,0.0
2024-08-02 04:32:00,2.0,0.0,0.07448073952677443,60.0,59.240369763387214,0.0
2024-08-02 04:33:00,2.0,0.0,0.074472198973747,60.0,59.2360994868735,0.0
2024-08-02 04:34:00,2.0,0.0,0.07446365940004719,60.0,59.231829700023596,0.0
2024-08-02 04:35:00,2.0,0.0,0.07445512080556271,60.0,59.22756040278136,0.0
2024-08-02 04:36:00,2.0,0.0,0.07444658319018128,60.0,59.22329159509064,0.0
2024-08-02 04:37:00,1.0,0.0,0.07443804655379063,60.0,59.219023276895314,0.0
2024-08-02 04:38:00,1.0,0.0,0.07442951089627849,60.0,59.21475544813924,0.0
2024-08-02 04:39:00,1.0,0.0,0.07442097621753262,60.0,59.210488108766306,0.0
2024-08-02 04:40:00,1.0,0.0,0.07441244251744078,60.0,59.20622125872039,0.0
2024-08-02 04:41:00,1.0,0.0,0.07440390979589077,60.0,59.201954897945384,0.0
2024-08-02 04:42:00,1.0,1.92556,0.07439537805277036,60.0,59.19768902638518,1.0
2024-08-02 04:43:00,1.0,0.0,0.07416604728796736,60.0,59.08302364398368,0.0
2024-08-02 04:44:00,1.0,0.0,0.07415754282005092,60.0,59.07877141002546,0.0
2024-08-02 04:45:00,1.0,0.0,0.0741490393273243,60.0,59.07451966366215,0.0
2024-08-02 04:46:00,2.0,11.553360000000001,0.07414053680967568,60.0,59.07026840483784,6.0
2024-08-02 04:47:00,2.0,0.0,0.07280723526699324,60.0,58.40361763349662,0.0
2024-08-02 04:48:00,2.0,0.0,0.07297088852238547,60.0,58.48544426119273,0.0
2024-08-02 04:49:00,2.0,0.0,0.0731345230119959,60.0,58.56726150599795,0.0
2024-08-02 04:50:00,2.0,0.0,0.07329813873797636,60.0,58.64906936898818,0.0
2024-08-02 04:51:00,2.0,0.0,0.07346173570247845,60.0,58.730867851239225,0.0
2024-08-02 04:52:00,2.0,0.0,0.0736253139076535,60.0,58.81265695382675,0.0
2024-08-02 04:53:00,2.0,0.0,0.07378887335565262,60.0,58.89443667782631,0.0
2024-08-02 04:54:00,2.0,0.0,0.07395241404862665,60.0,58.976207024313325,0.0
2024-08-02 04:55:00,2.0,0.0,0.07411593598872619,60.0,59.057967994363096,0.0
2024-08-02 04:56:00,2.0,0.0,0.07427943917810159,60.0,59.13971958905079,0.0
2024-08-02 04:57:00,2.0,0.0,0.07444292361890295,60.0,59.221461809451476,0.0
2024-08-02 04:58:00,2.0,0.0,0.07460638931328015,60.0,59.30319465664007,0.0
2024-08-02 04:59:00,2.0,11.553360000000001,0.0747698362633828,60.0,59.38491813169139,6.0
2024-08-02 05:00:00,2.0,11.553360000000001,0.07360846447136023,60.0,58.80423223568011,6.0
2024-08-02 05:01:00,2.0,0.0,0.0724472258514495,60.0,58.22361292572475,0.0
2024-08-02 05:02:00,2.0,0.0,0.07261092038838006,60.0,58.305460194190026,0.0
2024-08-02 05:03:00,2.0,0.0,0.07277459615479515,60.0,58.387298077397574,0.0
2024-08-02 05:04:00,2.0,0.0,0.07293825315284716,60.0,58.46912657642358,0.0
2024-08-02 05:05:00,2.0,0.0,0.0731018913846882,60.0,58.5509456923441,0.0
2024-08-02 05:06:00,2.0,0.0,0.07326551085247017,60.0,58.632755426235086,0.0
2024-08-02 05:07:00,2.0,0.0,0.07342911155834472,60.0,58.71455577917236,0.0
2024-08-02 05:08:00,2.0,0.0,0.0735926935044632,60.0,58.7963467522316,0.0
2024-08-02 05:09:00,2.0,0.0,0.07375625669297678,60.0,58.87812834648839,0.0
2024-08-02 05:10:00,2.0,0.0,0.07391980112603636,60.0,58.959900563018174,0.0
2024-08-02 05:11:00,2.0,0.0,0.07408332680579255,60.0,59.041663402896276,0.0
2024-08-02 05:12:00,2.0,0.0,0.0742468337343958,60.0,59.1234168671979,0.0
2024-08-02 05:13:00,2.0,11.553360000000001,0.07441032191399626,60.0,59.20516095699813,6.0
2024-08-02 05:14:00,2.0,11.553360000000001,0.07324899134674383,60.0,58.62449567337191,6.0
2024-08-02 05:15:00,2.0,0.0,0.07208779394687606,60.0,58.04389697343803,0.0
2024-08-02 05:16:00,2.0,0.0,0.07225152969912296,60.0,58.12576484956148,0.0
2024-08-02 05:17:00,2.0,0.0,0.07241524667612831,60.0,58.20762333806415,0.0
2024-08-02 05:18:00,2.0,0.0,0.07257894488004504,60.0,58.28947244002252,0.0
2024-08-02 05:19:00,2.0,11.553360000000001,0.07274262431302583,60.0,58.371312156512914,6.0
2024-08-02 05:20:00,2.0,0.0,0.0715814849772231,60.0,57.79074248861155,0.0
2024-08-02 05:21:00,2.0,0.0,0.07174527878687692,60.0,57.87263939343846,0.0
2024-08-02 05:22:00,2.0,0.0,0.07190905381463189,60.0,57.954526907315945,0.0
2024-08-02 05:23:00,2.0,0.0,0.07207281006264168,60.0,58.03640503132084,0.0
2024-08-02 05:24:00,2.0,0.0,0.07223654753305972,60.0,58.11827376652986,0.0
2024-08-02 05:25:00,2.0,0.0,0.07240026622803922,60.0,58.20013311401961,0.0
2024-08-02 05:26:00,2.0,0.0,0.0725639661497331,60.0,58.281983074866545,0.0
2024-08-02 05:27:00,2.0,0.0,0.07272764730029405,60.0,58.36382365014702,0.0
2024-08-02 05:28:00,1.0,0.0,0.07289130968187452,60.0,58.44565484093726,0.0
2024-08-02 05:29:00,1.0,0.0,0.07305495329662673,60.0,58.52747664831336,0.0
2024-08-02 05:30:00,1.0,0.0,0.0732185781467026,60.0,58.6092890733513,0.0
2024-08-02 05:31:00,1.0,0.0,0.07338218423425386,60.0,58.69109211712693,0.0
2024-08-02 05:32:00,1.0,1.92556,0.07354577156143197,60.0,58.77288578071598,1.0
2024-08-02 05:33:00,1.0,0.0,0.07348854013038814,60.0,58.744270065194065,0.0
2024-08-02 05:34:00,1.0,0.0,0.07365211526195466,60.0,58.826057630977324,0.0
2024-08-02 05:35:00,1.0,0.0,0.07381567163669767,60.0,58.90783581834883,0.0
2024-08-02 05:36:00,1.0,0.0,0.07397920925676799,60.0,58.989604628383994,0.0
2024-08-02 05:37:00,1.0,0.0,0.07414272812431617,60.0,59.07136406215809,0.0
2024-08-02 05:38:00,1.0,1.92556,0.07430622824149256,60.0,59.15311412074628,1.0
2024-08-02 05:39:00,1.0,0.0,0.07424890961044718,60.0,59.12445480522359,0.0
2024-08-02 05:40:00,1.0,0.0,0.0744123975520112,60.0,59.2061987760056,0.0
2024-08-02 05:41:00,1.0,0.0,0.07457586674674963,60.0,59.28793337337481,0.0
2024-08-02 05:42:00,1.0,0.0,0.07473931719681211,60.0,59.369658598406055,0.0
2024-08-02 05:43:00,1.0,0.0,0.07490274890434807,60.0,59.451374452174036,0.0
2024-08-02 05:44:00,1.0,0.0,0.07506616187150668,60.0,59.53308093575334,0.0
2024-08-02 05:45:00,1.0,0.0,0.07522955610043686,60.0,59.614778050218426,0.0
2024-08-02 05:46:00,1.0,0.0,0.07539293159328726,60.0,59.69646579664363,0.0
2024-08-02 05:47:00,1.0,0.0,0.07555628835220632,60.0,59.77814417610316,0.0
2024-08-02 05:48:00,1.0,0.0,0.07571962637934225,60.0,59.85981318967112,0.0
2024-08-02 05:49:00,1.0,0.0,0.07588294567684294,60.0,59.94147283842147,0.0
2024-08-02 05:50:00,1.0,0.0,0.0760462462468561,60.0,60.02312312342805,0.0
2024-08-02 05:51:00,1.0,0.0,0.07620952809152919,60.0,60.10476404576459,0.0
2024-08-02 05:52:00,1.0,0.0,0.07637279121300937,60.0,60.18639560650468,0.0
2024-08-02 05:53:00,1.0,0.0,0.07653603561344362,60.0,60.26801780672181,0.0
2024-08-02 05:54:00,1.0,0.0,0.07669926129497863,60.0,60.34963064748931,0.0
2024-08-02 05:55:00,1.0,0.0,0.07686246825976085,60.0,60.43123412988043,0.0
2024-08-02 05:56:00,1.0,0.0,0.07702565650993652,60.0,60.51282825496826,0.0
2024-08-02 05:57:00,1.0,0.0,0.07718882604765159,60.0,60.594413023825794,0.0
2024-08-02 05:58:00,1.0,0.0,0.07735197687505176,60.0,60.67598843752588,0.0
2024-08-02 05:59:00,1.0,0.0,0.07751510899428253,60.0,60.757554497141264,0.0
2024-08-02 06:00:00,1.0,0.0,0.0776782224074891,60.0,60.83911120374455,0.0
2024-08-02 06:01:00,1.0,0.0,0.07784131711681648,60.0,60.92065855840824,0.0
2024-08-02 06:02:00,1.0,0.0,0.07800439312440939,60.0,61.002196562204695,0.0
2024-08-02 06:03:00,1.0,0.0,0.07799544852127999,60.0,60.99772426063999,0.0
2024-08-02 06:04:00,1.0,0.0,0.07798650494380979,60.0,60.993252471904896,0.0
2024-08-02 06:05:00,1.0,0.0,0.07797756239188121,60.0,60.988781195940604,0.0
2024-08-02 06:06:00,1.0,0.0,0.07796862086537665,60.0,60.984310432688325,0.0
2024-08-02 06:07:00,1.0,0.0,0.07795968036417852,60.0,60.97984018208926,0.0
2024-08-02 06:08:00,1.0,0.0,0.07795074088816925,60.0,60.975370444084625,0.0
2024-08-02 06:09:00,1.0,1.92556,0.07794180243723128,60.0,60.970901218615644,1.0
2024-08-02 06:10:00,1.0,1.92556,0.0777120650112471,60.0,60.856032505623546,1.0
2024-08-02 06:11:00,1.0,0.0,0.07748235392878045,60.0,60.74117696439022,0.0
2024-08-02 06:12:00,1.0,0.0,0.0774734691868106,60.0,60.736734593405295,0.0
2024-08-02 06:13:00,1.0,0.0,0.0774645854636358,60.0,60.7322927318179,0.0
2024-08-02 06:14:00,1.0,0.0,0.07745570275913925,60.0,60.72785137956963,0.0
2024-08-02 06:15:00,1.0,0.0,0.07744682107320415,60.0,60.723410536602074,0.0
2024-08-02 06:16:00,1.0,0.0,0.07743794040571368,60.0,60.71897020285684,0.0
2024-08-02 06:17:00,1.0,0.0,0.07742906075655105,60.0,60.714530378275526,0.0
2024-08-02 06:18:00,1.0,0.0,0.07742018212559951,60.0,60.710091062799755,0.0
2024-08-02 06:19:00,1.0,0.0,0.07741130451274231,60.0,60.70565225637115,0.0
2024-08-02 06:20:00,1.0,0.0,0.07740242791786268,60.0,60.70121395893134,0.0
2024-08-02 06:21:00,1.0,0.0,0.07739355234084391,60.0,60.696776170421955,0.0
2024-08-02 06:22:00,1.0,0.0,0.07738467778156928,60.0,60.69233889078464,0.0
2024-08-02 06:23:00,1.0,0.0,0.07737580423992209,60.0,60.687902119961045,0.0
2024-08-02 06:24:00,1.0,0.0,0.07736693171578564,60.0,60.68346585789282,0.0
2024-08-02 06:25:00,1.0,0.0,0.07735806020904326,60.0,60.67903010452163,0.0
2024-08-02 06:26:00,1.0,0.0,0.0773491897195783,60.0,60.674594859789146,0.0
2024-08-02 06:27:00,1.0,0.0,0.0773403202472741,60.0,60.67016012363705,0.0
2024-08-02 06:28:00,1.0,1.92556,0.077331451792014,60.0,60.665725896007004,1.0
2024-08-02 06:29:00,1.0,1.92556,0.07710178435368142,60.0,60.55089217684071,1.0
2024-08-02 06:30:00,1.0,0.0,0.07687214325084106,60.0,60.43607162542053,0.0
2024-08-02 06:31:00,1.0,0.0,0.07686332848047307,60.0,60.431664240236536,0.0
2024-08-02 06:32:00,1.0,0.0,0.07685451472087665,60.0,60.427257360438325,0.0
2024-08-02 06:33:00,1.0,1.92556,0.0768457019719359,60.0,60.42285098596795,1.0
2024-08-02 06:34:00,1.0,0.0,0.07661609023353491,60.0,60.30804511676745,0.0
2024-08-02 06:35:00,1.0,0.0,0.07660730482423914,60.0,60.30365241211957,0.0
2024-08-02 06:36:00,1.0,0.0,0.07659852042234816,60.0,60.29926021117408,0.0
2024-08-02 06:37:00,1.0,0.0,0.07658973702774645,60.0,60.294868513873226,0.0
2024-08-02 06:38:00,1.0,0.0,0.07658095464031853,60.0,60.29047732015926,0.0
2024-08-02 06:39:00,1.0,0.0,0.07657217325994888,60.0,60.286086629974434,0.0
2024-08-02 06:40:00,1.0,0.0,0.07656339288652203,60.0,60.28169644326101,0.0
2024-08-02 06:41:00,1.0,11.553360000000001,0.07655461351992252,60.0,60.277306759961256,6.0
2024-08-02 06:42:00,1.0,0.0,0.07522103516003491,60.0,59.61051758001745,0.0
2024-08-02 06:43:00,1.0,0.0,0.07521240971883165,60.0,59.606204859415826,0.0
2024-08-02 06:44:00,1.0,0.0,0.07520378526668998,60.0,59.60189263334499,0.0
2024-08-02 06:45:00,1.0,0.0,0.07519516180349647,60.0,59.59758090174824,0.0
2024-08-02 06:46:00,1.0,0.0,0.07518653932913773,60.0,59.593269664568865,0.0
2024-08-02 06:47:00,1.0,0.0,0.07517791784350036,60.0,59.588958921750184,0.0
2024-08-02 06:48:00,1.0,0.0,0.07516929734647101,60.0,59.584648673235506,0.0
2024-08-02 06:49:00,1.0,0.0,0.07516067783793631,60.0,59.58033891896815,0.0
2024-08-02 06:50:00,1.0,0.0,0.07515205931778289,60.0,59.57602965889144,0.0
2024-08-02 06:51:00,1.0,0.0,0.07514344178589742,60.0,59.57172089294871,0.0
2024-08-02 06:52:00,1.0,0.0,0.0751348252421666,60.0,59.5674126210833,0.0
2024-08-02 06:53:00,1.0,0.0,0.0751262096864771,60.0,59.56310484323855,0.0
2024-08-02 06:54:00,1.0,0.0,0.07511759511871563,60.0,59.558797559357814,0.0
2024-08-02 06:55:00,1.0,0.0,0.07510898153876891,60.0,59.55449076938445,0.0
2024-08-02 06:56:00,1.0,0.0,0.07510036894652367,60.0,59.55018447326183,0.0
2024-08-02 06:57:00,1.0,0.0,0.07509175734186663,60.0,59.54587867093331,0.0
2024-08-02 06:58:00,1.0,0.0,0.07508314672468457,60.0,59.541573362342284,0.0
2024-08-02 06:59:00,1.0,0.0,0.07507453709486425,60.0,59.53726854743213,0.0
2024-08-02 07:00:00,1.0,0.0,0.07506592845229246,60.0,59.53296422614623,0.0
2024-08-02 07:01:00,1.0,0.0,0.07505732079685598,60.0,59.52866039842799,0.0
2024-08-02 07:02:00,1.0,0.0,0.07504871412844162,60.0,59.52435706422081,0.0
2024-08-02 07:03:00,1.0,0.0,0.0750401084469362,60.0,59.5200542234681,0.0
2024-08-02 07:04:00,1.0,0.0,0.07503150375222657,60.0,59.515751876113285,0.0
2024-08-02 07:05:00,1.0,0.0,0.07502290004419956,60.0,59.51145002209978,0.0
2024-08-02 07:06:00,1.0,0.0,0.07501429732274202,60.0,59.50714866137101,0.0
2024-08-02 07:07:00,3.0,0.0,0.07500569558774085,60.0,59.50284779387042,0.0
2024-08-02 07:08:00,3.0,0.0,0.0749970948390829,60.0,59.49854741954145,0.0
2024-08-02 07:09:00,3.0,0.0,0.07498849507665512,60.0,59.494247538327556,0.0
2024-08-02 07:10:00,3.0,0.0,0.07497989630034436,60.0,59.48994815017218,0.0
2024-08-02 07:11:00,3.0,0.0,0.07497129851003759,60.0,59.48564925501879,0.0
2024-08-02 07:12:00,3.0,0.0,0.0749627017056217,60.0,59.481350852810856,0.0
2024-08-02 07:13:00,3.0,0.0,0.0749541058869837,60.0,59.47705294349185,0.0
2024-08-02 07:14:00,3.0,0.0,0.07494551105401051,60.0,59.472755527005255,0.0
2024-08-02 07:15:00,3.0,0.0,0.07493691720658913,60.0,59.468458603294565,0.0
2024-08-02 07:16:00,3.0,0.0,0.07492832434460653,60.0,59.46416217230326,0.0
2024-08-02 07:17:00,3.0,0.0,0.07491973246794971,60.0,59.45986623397486,0.0
2024-08-02 07:18:00,3.0,0.0,0.07491114157650572,60.0,59.45557078825286,0.0
2024-08-02 07:19:00,3.0,0.0,0.07490255167016155,60.0,59.45127583508077,0.0
2024-08-02 07:20:00,3.0,0.0,0.07489396274880425,60.0,59.44698137440212,0.0
2024-08-02 07:21:00,3.0,0.0,0.07488537481232087,60.0,59.44268740616043,0.0
2024-08-02 07:22:00,3.0,0.0,0.07487678786059847,60.0,59.438393930299235,0.0
2024-08-02 07:23:00,3.0,0.0,0.07486820189352417,60.0,59.43410094676208,0.0
2024-08-02 07:24:00,3.0,0.0,0.07485961691098501,60.0,59.429808455492505,0.0
2024-08-02 07:25:00,3.0,0.0,0.07485103291286814,60.0,59.42551645643407,0.0
2024-08-02 07:26:00,3.0,0.0,0.07484244989906064,60.0,59.42122494953032,0.0
2024-08-02 07:27:00,3.0,0.0,0.07483386786944966,60.0,59.41693393472483,0.0
2024-08-02 07:28:00,3.0,0.0,0.07482528682392235,60.0,59.41264341196118,0.0
2024-08-02 07:29:00,3.0,0.0,0.07481670676236586,60.0,59.40835338118293,0.0
2024-08-02 07:30:00,3.0,0.0,0.07480812768466735,60.0,59.40406384233368,0.0
2024-08-02 07:31:00,3.0,0.0,0.07479954959071403,60.0,59.39977479535701,0.0
2024-08-02 07:32:00,3.0,0.0,0.07479097248039307,60.0,59.39548624019653,0.0
2024-08-02 07:33:00,3.0,0.0,0.07478239635359168,60.0,59.39119817679584,0.0
2024-08-02 07:34:00,3.0,0.0,0.0747738212101971,60.0,59.38691060509855,0.0
2024-08-02 07:35:00,3.0,0.0,0.07476524705009654,60.0,59.382623525048274,0.0
2024-08-02 07:36:00,3.0,0.0,0.07475667387317728,60.0,59.37833693658864,0.0
2024-08-02 07:37:00,3.0,0.0,0.07474810167932655,60.0,59.374050839663276,0.0
2024-08-02 07:38:00,3.0,0.0,0.07473953046843165,60.0,59.369765234215826,0.0
2024-08-02 07:39:00,3.0,0.0,0.07473096024037984,60.0,59.36548012018992,0.0
2024-08-02 07:40:00,3.0,0.0,0.07472239099505845,60.0,59.36119549752922,0.0
2024-08-02 07:41:00,3.0,0.0,0.07471382273235476,60.0,59.35691136617738,0.0
2024-08-02 07:42:00,3.0,0.0,0.07470525545215612,60.0,59.352627726078055,0.0
2024-08-02 07:43:00,3.0,0.0,0.07469668915434985,60.0,59.34834457717492,0.0
2024-08-02 07:44:00,3.0,0.0,0.0746881238388233,60.0,59.34406191941165,0.0
2024-08-02 07:45:00,3.0,0.0,0.07467955950546386,60.0,59.33977975273193,0.0
2024-08-02 07:46:00,3.0,0.0,0.07467099615415888,60.0,59.33549807707944,0.0
2024-08-02 07:47:00,3.0,0.0,0.07466243378479577,60.0,59.33121689239788,0.0
2024-08-02 07:48:00,3.0,0.0,0.07465387239726193,60.0,59.32693619863096,0.0
2024-08-02 07:49:00,3.0,0.0,0.07464531199144474,60.0,59.32265599572237,0.0
2024-08-02 07:50:00,3.0,0.0,0.07463675256723168,60.0,59.31837628361584,0.0
2024-08-02 07:51:00,3.0,0.0,0.07462819412451016,60.0,59.31409706225508,0.0
2024-08-02 07:52:00,3.0,0.0,0.07461963666316763,60.0,59.30981833158382,0.0
2024-08-02 07:53:00,3.0,0.0,0.07461108018309161,60.0,59.3055400915458,0.0
2024-08-02 07:54:00,3.0,15.40448,0.07460252468416952,60.0,59.301262342084755,8.0
2024-08-02 07:55:00,3.0,15.40448,0.07282757016628887,60.0,58.41378508314443,8.0
2024-08-02 07:56:00,3.0,15.40448,0.07122482108992005,60.0,57.61241054496003,8.0
2024-08-02 07:57:00,3.0,15.40448,0.06962225579748739,60.0,56.81112789874369,8.0
2024-08-02 07:58:00,3.0,15.40448,0.06801987426791672,60.0,56.00993713395836,8.0
2024-08-02 07:59:00,3.0,0.0,0.06641767648013636,60.0,55.208838240068175,0.0
2024-08-02 08:00:00,3.0,1.92556,0.066582062413077,60.0,55.2910312065385,1.0
2024-08-02 08:01:00,3.0,1.92556,0.06652562949622123,60.0,55.262814748110614,1.0
2024-08-02 08:02:00,3.0,0.0,0.06646920305041182,60.0,55.23460152520591,0.0
2024-08-02 08:03:00,3.0,0.0,0.06663358307490676,60.0,55.316791537453376,0.0
2024-08-02 08:04:00,3.0,0.0,0.06679794425028278,60.0,55.39897212514139,0.0
2024-08-02 08:05:00,3.0,0.0,0.06696228657870128,60.0,55.48114328935064,0.0
2024-08-02 08:06:00,3.0,0.0,0.06712661006232341,60.0,55.563305031161704,0.0
2024-08-02 08:07:00,3.0,0.0,0.06729091470331006,60.0,55.645457351655025,0.0
2024-08-02 08:08:00,3.0,0.0,0.06745520050382185,60.0,55.72760025191093,0.0
2024-08-02 08:09:00,3.0,0.0,0.06761946746601921,60.0,55.80973373300961,0.0
2024-08-02 08:10:00,3.0,0.0,0.0677837155920623,60.0,55.89185779603115,0.0
2024-08-02 08:11:00,3.0,0.0,0.06794794488411099,60.0,55.97397244205549,0.0
2024-08-02 08:12:00,3.0,1.92556,0.06811215534432494,60.0,56.056077672162466,1.0
2024-08-02 08:13:00,3.0,1.92556,0.06805554697486356,60.0,56.02777348743178,1.0
2024-08-02 08:14:00,3.0,0.0,0.06799894509656736,60.0,55.99947254828368,0.0
2024-08-02 08:15:00,3.0,0.0,0.06816314970869197,60.0,56.08157485434599,0.0
2024-08-02 08:16:00,3.0,0.0,0.06832733549181186,60.0,56.163667745905926,0.0
2024-08-02 08:17:00,3.0,0.0,0.06849150244808608,60.0,56.24575122404304,0.0
2024-08-02 08:18:00,3.0,0.0,0.06865565057967349,60.0,56.327825289836746,0.0
2024-08-02 08:19:00,3.0,0.0,0.06881977988873268,60.0,56.40988994436634,0.0
2024-08-02 08:20:00,3.0,0.0,0.06898389037742199,60.0,56.49194518871099,0.0
2024-08-02 08:21:00,3.0,0.0,0.06914798204789949,60.0,56.573991023949745,0.0
2024-08-02 08:22:00,3.0,0.0,0.06931205490232305,60.0,56.65602745116152,0.0
2024-08-02 08:23:00,3.0,0.0,0.06947610894285025,60.0,56.73805447142512,0.0
2024-08-02 08:24:00,3.0,0.0,0.06964014417163845,60.0,56.82007208581923,0.0
2024-08-02 08:25:00,3.0,0.0,0.06980416059084477,60.0,56.90208029542238,0.0
2024-08-02 08:26:00,3.0,0.0,0.06996815820262603,60.0,56.984079101313014,0.0
2024-08-02 08:27:00,3.0,0.0,0.07013213700913888,60.0,57.06606850456944,0.0
2024-08-02 08:28:00,3.0,0.0,0.07029609701253965,60.0,57.148048506269824,0.0
2024-08-02 08:29:00,3.0,0.0,0.07046003821498446,60.0,57.23001910749223,0.0
2024-08-02 08:30:00,3.0,0.0,0.07062396061862919,60.0,57.31198030931459,0.0
2024-08-02 08:31:00,3.0,0.0,0.07078786422562944,60.0,57.39393211281472,0.0
2024-08-02 08:32:00,3.0,0.0,0.0709517490381406,60.0,57.475874519070295,0.0
2024-08-02 08:33:00,3.0,0.0,0.07111561505831777,60.0,57.557807529158886,0.0
2024-08-02 08:34:00,3.0,0.0,0.07127946228831587,60.0,57.639731144157935,0.0
2024-08-02 08:35:00,3.0,0.0,0.0714432907302895,60.0,57.72164536514475,0.0
2024-08-02 08:36:00,3.0,0.0,0.07160710038639306,60.0,57.80355019319653,0.0
2024-08-02 08:37:00,3.0,0.0,0.07177089125878067,60.0,57.88544562939033,0.0
2024-08-02 08:38:00,3.0,0.0,0.07193466334960623,60.0,57.96733167480311,0.0
2024-08-02 08:39:00,3.0,1.92556,0.07209841666102337,60.0,58.04920833051169,1.0
2024-08-02 08:40:00,3.0,0.0,0.07204135119518551,60.0,58.020675597592756,0.0
2024-08-02 08:41:00,3.0,11.553360000000001,0.07220509227292711,60.0,58.10254613646355,6.0
2024-08-02 08:42:00,3.0,11.553360000000001,0.0710440145748165,60.0,57.52200728740825,6.0
2024-08-02 08:43:00,3.0,0.0,0.06988307001509458,60.0,56.941535007547294,0.0
2024-08-02 08:44:00,3.0,0.0,0.07004705857849468,60.0,57.023529289247335,0.0
2024-08-02 08:45:00,3.0,0.0,0.07021102833766388,60.0,57.10551416883194,0.0
2024-08-02 08:46:00,3.0,0.0,0.07037497929475846,60.0,57.18748964737923,0.0
2024-08-02 08:47:00,3.0,0.0,0.07053891145193442,60.0,57.269455725967205,0.0
2024-08-02 08:48:00,3.0,0.0,0.07070282481134747,60.0,57.351412405673734,0.0
2024-08-02 08:49:00,3.0,0.0,0.07086671937515314,60.0,57.43335968757657,0.0
2024-08-02 08:50:00,3.0,0.0,0.07103059514550668,60.0,57.51529757275334,0.0
2024-08-02 08:51:00,3.0,0.0,0.0711944521245631,60.0,57.59722606228155,0.0
2024-08-02 08:52:00,3.0,0.0,0.07135829031447714,60.0,57.67914515723857,0.0
2024-08-02 08:53:00,3.0,0.0,0.07152210971740335,60.0,57.76105485870167,0.0
2024-08-02 08:54:00,3.0,0.0,0.07168591033549594,60.0,57.842955167747974,0.0
2024-08-02 08:55:00,3.0,0.0,0.07184969217090899,60.0,57.92484608545449,0.0
2024-08-02 08:56:00,3.0,0.0,0.07201345522579622,60.0,58.00672761289811,0.0
2024-08-02 08:57:00,3.0,0.0,0.07217719950231119,60.0,58.08859975115559,0.0
2024-08-02 08:58:00,3.0,0.0,0.07234092500260714,60.0,58.17046250130357,0.0
2024-08-02 08:59:00,3.0,0.0,0.07250463172883713,60.0,58.25231586441856,0.0
2024-08-02 09:00:00,3.0,0.0,0.07266831968315395,60.0,58.33415984157697,0.0
2024-08-02 09:01:00,1.0,0.0,0.0728319888677101,60.0,58.41599443385505,0.0
2024-08-02 09:02:00,1.0,0.0,0.0729956392846579,60.0,58.49781964232895,0.0
2024-08-02 09:03:00,1.0,0.0,0.07315927093614938,60.0,58.57963546807469,0.0
2024-08-02 09:04:00,1.0,0.0,0.07332288382433634,60.0,58.66144191216817,0.0
2024-08-02 09:05:00,1.0,0.0,0.07348647795137035,60.0,58.74323897568517,0.0
2024-08-02 09:06:00,1.0,0.0,0.07365005331940268,60.0,58.82502665970134,0.0
2024-08-02 09:07:00,1.0,0.0,0.07381360993058439,60.0,58.906804965292196,0.0
2024-08-02 09:08:00,1.0,0.0,0.07397714778706632,60.0,58.98857389353316,0.0
2024-08-02 09:09:00,1.0,0.0,0.074140666890999,60.0,59.0703334454995,0.0
2024-08-02 09:10:00,1.0,0.0,0.07430416724453276,60.0,59.15208362226638,0.0
2024-08-02 09:11:00,1.0,0.0,0.07446764884981769,60.0,59.23382442490884,0.0
2024-08-02 09:12:00,1.0,0.0,0.07463111170900356,60.0,59.31555585450178,0.0
2024-08-02 09:13:00,1.0,0.0,0.07479455582424,60.0,59.397277912119996,0.0
2024-08-02 09:14:00,1.0,0.0,0.07495798119767628,60.0,59.478990598838145,0.0
2024-08-02 09:15:00,1.0,0.0,0.07512138783146155,60.0,59.56069391573077,0.0
2024-08-02 09:16:00,1.0,0.0,0.07528477572774461,60.0,59.64238786387231,0.0
2024-08-02 09:17:00,1.0,0.0,0.07544814488867407,60.0,59.72407244433703,0.0
2024-08-02 09:18:00,1.0,0.0,0.07561149531639826,60.0,59.805747658199124,0.0
2024-08-02 09:19:00,1.0,0.0,0.07577482701306526,60.0,59.88741350653263,0.0
2024-08-02 09:20:00,1.0,0.0,0.07593813998082297,60.0,59.969069990411484,0.0
2024-08-02 09:21:00,1.0,0.0,0.07610143422181895,60.0,60.050717110909474,0.0
2024-08-02 09:22:00,1.0,0.0,0.07626470973820058,60.0,60.13235486910029,0.0
2024-08-02 09:23:00,1.0,0.0,0.07642796653211498,60.0,60.21398326605749,0.0
2024-08-02 09:24:00,1.0,0.0,0.076591204605709,60.0,60.295602302854505,0.0
2024-08-02 09:25:00,1.0,0.0,0.07675442396112928,60.0,60.37721198056464,0.0
2024-08-02 09:26:00,1.0,0.0,0.07691762460052218,60.0,60.45881230026109,0.0
2024-08-02 09:27:00,1.0,0.0,0.07708080652603383,60.0,60.54040326301691,0.0
2024-08-02 09:28:00,1.0,0.0,0.0772439697398101,60.0,60.62198486990505,0.0
2024-08-02 09:29:00,1.0,0.0,0.07740711424399664,60.0,60.70355712199832,0.0
2024-08-02 09:30:00,1.0,0.0,0.07757024004073886,60.0,60.785120020369426,0.0
2024-08-02 09:31:00,1.0,0.0,0.07773334713218186,60.0,60.86667356609093,0.0
2024-08-02 09:32:00,1.0,0.0,0.07789643552047058,60.0,60.94821776023529,0.0
2024-08-02 09:33:00,1.0,0.0,0.07805950520774964,60.0,61.02975260387482,0.0
2024-08-02 09:34:00,1.0,0.0,0.07805055428503113,60.0,61.02527714251556,0.0
2024-08-02 09:35:00,1.0,0.0,0.07804160438869649,60.0,61.02080219434824,0.0
2024-08-02 09:36:00,1.0,0.0,0.07803265551862802,60.0,61.01632775931401,0.0
2024-08-02 09:37:00,1.0,0.0,0.07802370767470806,60.0,61.01185383735403,0.0
2024-08-02 09:38:00,1.0,0.0,0.07801476085681894,60.0,61.00738042840947,0.0
2024-08-02 09:39:00,1.0,0.0,0.07800581506484301,60.0,61.0029075324215,0.0
2024-08-02 09:40:00,1.0,0.0,0.07799687029866262,60.0,60.99843514933131,0.0
2024-08-02 09:41:00,1.0,0.0,0.07798792655816014,60.0,60.99396327908007,0.0
2024-08-02 09:42:00,1.0,0.0,0.07797898384321798,60.0,60.98949192160899,0.0
2024-08-02 09:43:00,1.0,0.0,0.07797004215371851,60.0,60.985021076859255,0.0
2024-08-02 09:44:00,1.0,0.0,0.07796110148954417,60.0,60.98055074477209,0.0
2024-08-02 09:45:00,1.0,0.0,0.07795216185057738,60.0,60.97608092528869,0.0
2024-08-02 09:46:00,1.0,0.0,0.0779432232367006,60.0,60.971611618350295,0.0
2024-08-02 09:47:00,1.0,0.0,0.07793428564779624,60.0,60.96714282389812,0.0
2024-08-02 09:48:00,1.0,0.0,0.0779253490837468,60.0,60.962674541873405,0.0
2024-08-02 09:49:00,1.0,0.0,0.07791641354443478,60.0,60.95820677221739,0.0
2024-08-02 09:50:00,1.0,0.0,0.07790747902974263,60.0,60.953739514871316,0.0
2024-08-02 09:51:00,1.0,0.0,0.07789854553955289,60.0,60.94927276977644,0.0
2024-08-02 09:52:00,1.0,0.0,0.07788961307374807,60.0,60.94480653687403,0.0
2024-08-02 09:53:00,1.0,0.0,0.07788068163221071,60.0,60.940340816105355,0.0
2024-08-02 09:54:00,1.0,0.0,0.07787175121482337,60.0,60.93587560741168,0.0
2024-08-02 09:55:00,1.0,0.0,0.07786282182146859,60.0,60.93141091073429,0.0
2024-08-02 09:56:00,1.0,0.0,0.07785389345202896,60.0,60.92694672601448,0.0
2024-08-02 09:57:00,1.0,0.0,0.07784496610638707,60.0,60.92248305319353,0.0
2024-08-02 09:58:00,1.0,0.0,0.0778360397844255,60.0,60.918019892212754,0.0
2024-08-02 09:59:00,1.0,0.0,0.07782711448602692,60.0,60.91355724301346,0.0
2024-08-02 10:00:00,1.0,0.0,0.07781819021107392,60.0,60.909095105536956,0.0
2024-08-02 10:01:00,1.0,0.0,0.07780926695944913,60.0,60.904633479724566,0.0
2024-08-02 10:02:00,1.0,0.0,0.07780034473103524,60.0,60.90017236551762,0.0
2024-08-02 10:03:00,1.0,0.0,0.0777914235257149,60.0,60.89571176285745,0.0
2024-08-02 10:04:00,1.0,0.0,0.07778250334337082,60.0,60.89125167168541,0.0
2024-08-02 10:05:00,1.0,0.0,0.07777358418388568,60.0,60.88679209194284,0.0
2024-08-02 10:06:00,1.0,0.0,0.07776466604714219,60.0,60.88233302357109,0.0
2024-08-02 10:07:00,1.0,0.0,0.07775574893302307,60.0,60.877874466511535,0.0
2024-08-02 10:08:00,1.0,0.0,0.07774683284141107,60.0,60.87341642070553,0.0
2024-08-02 10:09:00,1.0,0.0,0.07773791777218893,60.0,60.86895888609446,0.0
2024-08-02 10:10:00,1.0,0.0,0.07772900372523942,60.0,60.864501862619704,0.0
2024-08-02 10:11:00,1.0,0.0,0.07772009070044532,60.0,60.860045350222656,0.0
2024-08-02 10:12:00,1.0,0.0,0.07771117869768941,60.0,60.8555893488447,0.0
2024-08-02 10:13:00,1.0,0.0,0.07770226771685451,60.0,60.851133858427254,0.0
2024-08-02 10:14:00,1.0,0.0,0.07769335775782343,60.0,60.84667887891172,0.0
2024-08-02 10:15:00,1.0,0.0,0.07768444882047901,60.0,60.8422244102395,0.0
2024-08-02 10:16:00,1.0,0.0,0.07767554090470408,60.0,60.83777045235204,0.0
2024-08-02 10:17:00,1.0,0.0,0.07766663401038151,60.0,60.83331700519076,0.0
2024-08-02 10:18:00,1.0,0.0,0.07765772813739417,60.0,60.82886406869709,0.0
2024-08-02 10:19:00,1.0,0.0,0.07764882328562496,60.0,60.82441164281248,0.0
2024-08-02 10:20:00,1.0,0.0,0.07763991945495675,60.0,60.81995972747838,0.0
2024-08-02 10:21:00,1.0,0.0,0.07763101664527249,60.0,60.81550832263624,0.0
2024-08-02 10:22:00,1.0,11.553360000000001,0.07762211485645505,60.0,60.81105742822753,6.0
2024-08-02 10:23:00,1.0,13.47892,0.07628841408838744,60.0,60.14420704419371,7.0
2024-08-02 10:24:00,1.0,1.92556,0.07473406625304045,60.0,59.36703312652023,1.0
2024-08-02 10:25:00,1.0,0.0,0.07450469665155897,60.0,59.25234832577949,0.0
2024-08-02 10:26:00,1.0,0.0,0.07449615335141738,60.0,59.24807667570869,0.0
2024-08-02 10:27:00,1.0,0.0,0.07448761103091842,60.0,59.24380551545921,0.0
2024-08-02 10:28:00,1.0,0.0,0.07447906968994976,60.0,59.23953484497488,0.0
2024-08-02 10:29:00,1.0,0.0,0.07447052932839907,60.0,59.23526466419953,0.0
2024-08-02 10:30:00,1.0,0.0,0.07446198994615405,60.0,59.230994973077024,0.0
2024-08-02 10:31:00,1.0,0.0,0.07445345154310241,60.0,59.22672577155121,0.0
2024-08-02 10:32:00,1.0,0.0,0.07444491411913189,60.0,59.22245705956594,0.0
2024-08-02 10:33:00,1.0,0.0,0.07443637767413017,60.0,59.218188837065085,0.0
2024-08-02 10:34:00,1.0,0.0,0.07442784220798503,60.0,59.21392110399251,0.0
2024-08-02 10:35:00,1.0,0.0,0.07441930772058421,60.0,59.2096538602921,0.0
2024-08-02 10:36:00,1.0,0.0,0.07441077421181548,60.0,59.20538710590774,0.0
2024-08-02 10:37:00,1.0,0.0,0.07440224168156664,60.0,59.20112084078332,0.0
2024-08-02 10:38:00,1.0,0.0,0.07439371012972547,60.0,59.19685506486273,0.0
2024-08-02 10:39:00,1.0,0.0,0.07438517955617976,60.0,59.19258977808988,0.0
2024-08-02 10:40:00,1.0,0.0,0.07437664996081737,60.0,59.18832498040869,0.0
2024-08-02 10:41:00,1.0,11.553360000000001,0.07436812134352612,60.0,59.184060671763056,6.0
2024-08-02 10:42:00,1.0,11.553360000000001,0.07303479370419384,60.0,58.51739685209692,6.0
2024-08-02 10:43:00,1.0,0.0,0.07187362086592868,60.0,57.936810432964336,0.0
2024-08-02 10:44:00,1.0,0.0,0.07203738117696172,60.0,58.01869058848086,0.0
2024-08-02 10:45:00,1.0,0.0,0.07220112270993713,60.0,58.10056135496856,0.0
2024-08-02 10:46:00,1.0,0.0,0.07236484546700812,60.0,58.18242273350406,0.0
2024-08-02 10:47:00,1.0,0.0,0.07252854945032772,60.0,58.26427472516386,0.0
2024-08-02 10:48:00,1.0,0.0,0.07269223466204865,60.0,58.346117331024324,0.0
2024-08-02 10:49:00,1.0,0.0,0.07285590110432343,60.0,58.42795055216171,0.0
2024-08-02 10:50:00,1.0,0.0,0.07301954877930429,60.0,58.509774389652144,0.0
2024-08-02 10:51:00,1.0,0.0,0.07318317768914327,60.0,58.59158884457163,0.0
2024-08-02 10:52:00,1.0,0.0,0.0733467878359921,60.0,58.67339391799605,0.0
2024-08-02 10:53:00,1.0,0.0,0.07351037922200232,60.0,58.75518961100116,0.0
2024-08-02 10:54:00,1.0,1.92556,0.07367395184932517,60.0,58.83697592466258,1.0
2024-08-02 10:55:00,1.0,1.92556,0.07361670572011167,60.0,58.808352860055834,1.0
2024-08-02 10:56:00,1.0,0.0,0.07355946615519393,60.0,58.779733077596966,0.0
2024-08-02 10:57:00,1.0,0.0,0.07372303315381923,60.0,58.861516576909615,0.0
2024-08-02 10:58:00,1.0,0.0,0.07388658139655363,60.0,58.94329069827681,0.0
2024-08-02 10:59:00,1.0,0.0,0.0740501108855478,60.0,59.025055442773905,0.0
2024-08-02 11:00:00,1.0,0.0,0.07421362162295224,60.0,59.106810811476116,0.0
2024-08-02 11:01:00,1.0,0.0,0.0743771136109171,60.0,59.18855680545855,0.0
2024-08-02 11:02:00,1.0,0.0,0.0745405868515924,60.0,59.2702934257962,0.0
2024-08-02 11:03:00,1.0,0.0,0.07470404134712781,60.0,59.352020673563906,0.0
2024-08-02 11:04:00,1.0,0.0,0.07486747709967281,60.0,59.433738549836406,0.0
2024-08-02 11:05:00,1.0,0.0,0.07503089411137663,60.0,59.51544705568831,0.0
2024-08-02 11:06:00,1.0,0.0,0.07519429238438823,60.0,59.59714619219411,0.0
2024-08-02 11:07:00,1.0,0.0,0.07535767192085634,60.0,59.67883596042817,0.0
2024-08-02 11:08:00,1.0,0.0,0.07552103272292944,60.0,59.76051636146472,0.0
2024-08-02 11:09:00,1.0,0.0,0.07568437479275576,60.0,59.84218739637788,0.0
2024-08-02 11:10:00,1.0,0.0,0.07584769813248331,60.0,59.92384906624165,0.0
2024-08-02 11:11:00,1.0,0.0,0.0760110027442598,60.0,60.0055013721299,0.0
2024-08-02 11:12:00,1.0,0.0,0.07617428863023275,60.0,60.087144315116376,0.0
2024-08-02 11:13:00,1.0,0.0,0.0763375557925494,60.0,60.1687778962747,0.0
2024-08-02 11:14:00,1.0,1.92556,0.07650080423335674,60.0,60.25040211667837,1.0
2024-08-02 11:15:00,1.0,1.92556,0.07644323395480156,60.0,60.22161697740078,1.0
2024-08-02 11:16:00,1.0,0.0,0.07638567027771166,60.0,60.19283513885583,0.0
2024-08-02 11:17:00,1.0,0.0,0.07654891320133007,60.0,60.27445660066503,0.0
2024-08-02 11:18:00,1.0,0.0,0.07671213740621859,60.0,60.356068703109294,0.0
2024-08-02 11:19:00,1.0,0.0,0.07687534289452366,60.0,60.43767144726183,0.0
2024-08-02 11:20:00,1.0,0.0,0.07703852966839146,60.0,60.51926483419573,0.0
2024-08-02 11:21:00,1.0,0.0,0.07720169772996795,60.0,60.60084886498397,0.0
2024-08-02 11:22:00,1.0,0.0,0.07736484708139882,60.0,60.68242354069941,0.0
2024-08-02 11:23:00,1.0,0.0,0.07752797772482953,60.0,60.76398886241476,0.0
2024-08-02 11:24:00,1.0,0.0,0.07769108966240527,60.0,60.84554483120264,0.0
2024-08-02 11:25:00,1.0,0.0,0.07785418289627102,60.0,60.92709144813551,0.0
2024-08-02 11:26:00,1.0,0.0,0.0780172574285715,60.0,61.00862871428575,0.0
2024-08-02 11:27:00,1.0,0.0,0.07800831135031883,60.0,61.00415567515941,0.0
2024-08-02 11:28:00,1.0,0.0,0.07799936629789452,60.0,60.999683148947256,0.0
2024-08-02 11:29:00,1.0,0.0,0.07799042227118094,60.0,60.99521113559047,0.0
2024-08-02 11:30:00,1.0,0.0,0.07798147927006051,60.0,60.99073963503025,0.0
2024-08-02 11:31:00,1.0,0.0,0.07797253729441558,60.0,60.986268647207794,0.0
2024-08-02 11:32:00,1.0,0.0,0.07796359634412861,60.0,60.9817981720643,0.0
2024-08-02 11:33:00,1.0,0.0,0.07795465641908197,60.0,60.977328209540985,0.0
2024-08-02 11:34:00,1.0,0.0,0.07794571751915814,60.0,60.97285875957907,0.0
2024-08-02 11:35:00,1.0,0.0,0.07793677964423955,60.0,60.968389822119775,0.0
2024-08-02 11:36:00,1.0,0.0,0.07792784279420867,60.0,60.963921397104336,0.0
2024-08-02 11:37:00,3.0,0.0,0.077918906968948,60.0,60.959453484474,0.0
2024-08-02 11:38:00,3.0,0.0,0.07790997216833999,60.0,60.954986084169995,0.0
2024-08-02 11:39:00,3.0,0.0,0.07790103839226718,60.0,60.95051919613359,0.0
2024-08-02 11:40:00,3.0,1.92556,0.07789210564061208,60.0,60.946052820306036,1.0
2024-08-02 11:41:00,3.0,1.92556,0.0776623739132572,60.0,60.8311869566286,1.0
2024-08-02 11:42:00,3.0,0.0,0.07743266852876643,60.0,60.716334264383214,0.0
2024-08-02 11:43:00,3.0,0.0,0.07742378948411908,60.0,60.71189474205954,0.0
2024-08-02 11:44:00,3.0,0.0,0.0774149114576135,60.0,60.70745572880675,0.0
2024-08-02 11:45:00,3.0,0.0,0.07740603444913294,60.0,60.703017224566466,0.0
2024-08-02 11:46:00,3.0,0.0,0.07739715845856066,60.0,60.69857922928033,0.0
2024-08-02 11:47:00,3.0,0.0,0.07738828348577993,60.0,60.69414174288997,0.0
2024-08-02 11:48:00,3.0,0.0,0.07737940953067407,60.0,60.689704765337034,0.0
2024-08-02 11:49:00,1.0,0.0,0.07737053659312636,60.0,60.68526829656318,0.0
2024-08-02 11:50:00,1.0,0.0,0.07736166467302014,60.0,60.680832336510065,0.0
2024-08-02 11:51:00,1.0,0.0,0.07735279377023871,60.0,60.67639688511935,0.0
2024-08-02 11:52:00,1.0,0.0,0.07734392388466543,60.0,60.671961942332715,0.0
2024-08-02 11:53:00,1.0,0.0,0.07733505501618368,60.0,60.66752750809184,0.0
2024-08-02 11:54:00,1.0,0.0,0.07732618716467679,60.0,60.6630935823384,0.0
2024-08-02 11:55:00,1.0,0.0,0.0773173203300282,60.0,60.6586601650141,0.0
2024-08-02 11:56:00,1.0,0.0,0.07730845451212126,60.0,60.65422725606063,0.0
2024-08-02 11:57:00,1.0,0.0,0.07729958971083942,60.0,60.64979485541971,0.0
2024-08-02 11:58:00,1.0,0.0,0.07729072592606608,60.0,60.64536296303304,0.0
2024-08-02 11:59:00,1.0,0.0,0.07728186315768469,60.0,60.64093157884234,0.0
2024-08-02 12:00:00,1.0,0.0,0.07727300140557869,60.0,60.63650070278934,0.0
2024-08-02 12:01:00,1.0,0.0,0.07726414066963155,60.0,60.63207033481578,0.0
2024-08-02 12:02:00,1.0,0.0,0.07725528094972678,60.0,60.62764047486339,0.0
2024-08-02 12:03:00,1.0,0.0,0.07724642224574783,60.0,60.62321112287392,0.0
2024-08-02 12:04:00,1.0,0.0,0.07723756455757824,60.0,60.61878227878912,0.0
2024-08-02 12:05:00,1.0,0.0,0.0772287078851015,60.0,60.61435394255075,0.0
2024-08-02 12:06:00,1.0,0.0,0.07721985222820114,60.0,60.609926114100574,0.0
2024-08-02 12:07:00,1.0,0.0,0.07721099758676074,60.0,60.60549879338037,0.0
2024-08-02 12:08:00,1.0,0.0,0.07720214396066383,60.0,60.601071980331916,0.0
2024-08-02 12:09:00,1.0,0.0,0.077193291349794,60.0,60.596645674897,0.0
2024-08-02 12:10:00,3.0,0.0,0.07718443975403483,60.0,60.59221987701741,0.0
2024-08-02 12:11:00,3.0,1.92556,0.07717558917326992,60.0,60.587794586634956,1.0
2024-08-02 12:12:00,3.0,0.0,0.07694593960738287,60.0,60.472969803691434,0.0
2024-08-02 12:13:00,3.0,0.0,0.07693711637493864,60.0,60.46855818746932,0.0
2024-08-02 12:14:00,3.0,0.0,0.07692829415423631,60.0,60.464147077118156,0.0
2024-08-02 12:15:00,3.0,0.0,0.07691947294515986,60.0,60.45973647257993,0.0
2024-08-02 12:16:00,3.0,0.0,0.07691065274759327,60.0,60.45532637379664,0.0
2024-08-02 12:17:00,3.0,0.0,0.0769018335614206,60.0,60.450916780710294,0.0
2024-08-02 12:18:00,3.0,0.0,0.07689301538652582,60.0,60.44650769326291,0.0
2024-08-02 12:19:00,1.0,0.0,0.07688419822279301,60.0,60.4420991113965,0.0
2024-08-02 12:20:00,1.0,0.0,0.0768753820701062,60.0,60.4376910350531,0.0
2024-08-02 12:21:00,1.0,0.0,0.07686656692834948,60.0,60.433283464174735,0.0
2024-08-02 12:22:00,1.0,0.0,0.0768577527974069,60.0,60.42887639870345,0.0
2024-08-02 12:23:00,1.0,1.92556,0.07684893967716258,60.0,60.42446983858129,1.0
2024-08-02 12:24:00,1.0,0.0,0.0766193275675006,60.0,60.3096637837503,0.0
2024-08-02 12:25:00,1.0,0.0,0.07661054178698642,60.0,60.30527089349321,0.0
2024-08-02 12:26:00,1.0,0.0,0.07660175701391958,60.0,60.30087850695979,0.0
2024-08-02 12:27:00,1.0,0.0,0.07659297324818459,60.0,60.296486624092296,0.0
2024-08-02 12:28:00,1.0,0.0,0.07658419048966593,60.0,60.292095244832964,0.0
2024-08-02 12:29:00,1.0,0.0,0.0765754087382481,60.0,60.28770436912405,0.0
2024-08-02 12:30:00,1.0,0.0,0.07656662799381561,60.0,60.28331399690781,0.0
2024-08-02 12:31:00,1.0,0.0,0.07655784825625303,60.0,60.27892412812651,0.0
2024-08-02 12:32:00,1.0,0.0,0.07654906952544485,60.0,60.274534762722425,0.0
2024-08-02 12:33:00,1.0,0.0,0.07654029180127565,60.0,60.27014590063783,0.0
2024-08-02 12:34:00,1.0,0.0,0.07653151508363003,60.0,60.26575754181501,0.0
2024-08-02 12:35:00,1.0,0.0,0.07652273937239254,60.0,60.26136968619627,0.0
2024-08-02 12:36:00,1.0,0.0,0.07651396466744778,60.0,60.25698233372389,0.0
2024-08-02 12:37:00,1.0,0.0,0.07650519096868037,60.0,60.25259548434018,0.0
2024-08-02 12:38:00,1.0,0.0,0.07649641827597493,60.0,60.248209137987466,0.0
2024-08-02 12:39:00,1.0,0.0,0.0764876465892161,60.0,60.24382329460805,0.0
2024-08-02 12:40:00,1.0,0.0,0.07647887590828853,60.0,60.239437954144265,0.0
2024-08-02 12:41:00,1.0,0.0,0.07647010623307687,60.0,60.23505311653844,0.0
2024-08-02 12:42:00,1.0,0.0,0.07646133756346582,60.0,60.23066878173291,0.0
2024-08-02 12:43:00,1.0,1.92556,0.07645256989934004,60.0,60.226284949670024,1.0
2024-08-02 12:44:00,1.0,1.92556,0.07622300324058427,60.0,60.11150162029214,1.0
2024-08-02 12:45:00,1.0,0.0,0.07599346290576453,60.0,59.996731452882266,0.0
2024-08-02 12:46:00,3.0,0.0,0.0759847488918623,60.0,59.99237444593115,0.0
2024-08-02 12:47:00,3.0,0.0,0.07597603587717809,60.0,59.988017938589046,0.0
2024-08-02 12:48:00,3.0,0.0,0.07596732386159734,60.0,59.98366193079867,0.0
2024-08-02 12:49:00,3.0,11.553360000000001,0.07595861284500546,60.0,59.97930642250273,6.0
2024-08-02 12:50:00,3.0,11.553360000000001,0.07462510282728793,60.0,59.312551413643966,6.0
2024-08-02 12:51:00,3.0,0.0,0.0732917457204181,60.0,58.64587286020905,0.0
2024-08-02 12:52:00,3.0,0.0,0.07345534341799435,60.0,58.72767170899718,0.0
2024-08-02 12:53:00,3.0,0.0,0.07361892235615952,60.0,58.80946117807976,0.0
2024-08-02 12:54:00,3.0,0.0,0.07378248253706468,60.0,58.89124126853234,0.0
2024-08-02 12:55:00,3.0,0.0,0.07394602396286072,60.0,58.97301198143036,0.0
2024-08-02 12:56:00,3.0,0.0,0.07410954663569824,60.0,59.05477331784912,0.0
2024-08-02 12:57:00,3.0,0.0,0.0742730505577276,60.0,59.13652527886379,0.0
2024-08-02 12:58:00,3.0,0.0,0.0744365357310989,60.0,59.21826786554945,0.0
2024-08-02 12:59:00,3.0,0.0,0.07460000215796204,60.0,59.30000107898102,0.0
2024-08-02 13:00:00,3.0,1.92556,0.07476344984046662,60.0,59.38172492023331,1.0
2024-08-02 13:01:00,3.0,0.0,0.07470607878076203,60.0,59.353039390381014,0.0
2024-08-02 13:02:00,3.0,0.0,0.07486951429967871,60.0,59.434757149839356,0.0
2024-08-02 13:03:00,3.0,0.0,0.075032931077781,60.0,59.5164655388905,0.0
2024-08-02 13:04:00,3.0,0.0,0.07519632911721785,60.0,59.59816455860893,0.0
2024-08-02 13:05:00,3.0,0.0,0.075359708420138,60.0,59.679854210069,0.0
2024-08-02 13:06:00,3.0,0.0,0.07552306898868993,60.0,59.761534494344964,0.0
2024-08-02 13:07:00,3.0,0.0,0.07568641082502185,60.0,59.843205412510926,0.0
2024-08-02 13:08:00,3.0,0.0,0.07584973393128176,60.0,59.92486696564088,0.0
2024-08-02 13:09:00,3.0,11.553360000000001,0.0760130383096174,60.0,60.0065191548087,6.0
2024-08-02 13:10:00,3.0,11.553360000000001,0.07485152396217626,60.0,59.42576198108813,6.0
2024-08-02 13:11:00,3.0,0.0,0.0736901428031935,60.0,58.84507140159675,0.0
2024-08-02 13:12:00,3.0,0.0,0.07385369481739666,60.0,58.92684740869833,0.0
2024-08-02 13:13:00,1.0,0.0,0.07401722807742715,60.0,59.008614038713574,0.0
2024-08-02 13:14:00,1.0,13.47892,0.07418074258543547,60.0,59.090371292717734,7.0
2024-08-02 13:15:00,1.0,1.92556,0.07279863834357186,60.0,58.39931917178593,1.0
2024-08-02 13:16:00,1.0,0.0,0.0727414925847556,60.0,58.370746292377795,0.0
2024-08-02 13:17:00,1.0,0.0,0.0729051533787258,60.0,58.4525766893629,0.0
2024-08-02 13:18:00,1.0,0.0,0.07306879540604978,60.0,58.534397703024894,0.0
2024-08-02 13:19:00,1.0,0.0,0.07323241866887947,60.0,58.61620933443974,0.0
2024-08-02 13:20:00,1.0,0.0,0.07339602316936655,60.0,58.69801158468328,0.0
2024-08-02 13:21:00,1.0,0.0,0.07355960890966247,60.0,58.779804454831236,0.0
2024-08-02 13:22:00,1.0,0.0,0.07372317589191842,60.0,58.86158794595921,0.0
2024-08-02 13:23:00,1.0,0.0,0.07388672411828533,60.0,58.943362059142665,0.0
2024-08-02 13:24:00,1.0,0.0,0.07405025359091391,60.0,59.025126795456956,0.0
2024-08-02 13:25:00,1.0,0.0,0.0742137643119546,60.0,59.1068821559773,0.0
2024-08-02 13:26:00,1.0,0.0,0.07437725628355762,60.0,59.188628141778814,0.0
2024-08-02 13:27:00,1.0,0.0,0.07454072950787294,60.0,59.27036475393647,0.0
2024-08-02 13:28:00,1.0,0.0,0.07470418398705024,60.0,59.35209199352512,0.0
2024-08-02 13:29:00,1.0,0.0,0.07486761972323902,60.0,59.43380986161951,0.0
2024-08-02 13:30:00,1.0,0.0,0.07503103671858849,60.0,59.51551835929424,0.0
2024-08-02 13:31:00,1.0,1.92556,0.07519443497524761,60.0,59.5972174876238,1.0
2024-08-02 13:32:00,1.0,1.92556,0.07513701449536511,60.0,59.568507247682554,1.0
2024-08-02 13:33:00,1.0,0.0,0.0750796005997708,60.0,59.5398002998854,0.0
2024-08-02 13:34:00,1.0,0.0,0.07524299328770967,60.0,59.62149664385483,0.0
2024-08-02 13:35:00,1.0,0.0,0.07540636723974548,60.0,59.70318361987274,0.0
2024-08-02 13:36:00,1.0,0.0,0.07556972245802664,60.0,59.784861229013316,0.0
2024-08-02 13:37:00,1.0,1.92556,0.0757330589447013,60.0,59.86652947235065,1.0
2024-08-02 13:38:00,1.0,0.0,0.0756755767019174,60.0,59.8377883509587,0.0
2024-08-02 13:39:00,1.0,0.0,0.07583890105050389,60.0,59.919450525251946,0.0
2024-08-02 13:40:00,3.0,0.0,0.07600220667102366,60.0,60.00110333551183,0.0
2024-08-02 13:41:00,3.0,0.0,0.0761654935656242,60.0,60.0827467828121,0.0
2024-08-02 13:42:00,3.0,0.0,0.07632876173645281,60.0,60.1643808682264,0.0
2024-08-02 13:43:00,3.0,0.0,0.07649201118565646,60.0,60.24600559282823,0.0
2024-08-02 13:44:00,3.0,1.92556,0.07665524191538195,60.0,60.327620957690975,1.0
2024-08-02 13:45:00,3.0,0.0,0.0765976539277758,60.0,60.2988269638879,0.0
2024-08-02 13:46:00,3.0,0.0,0.07676087254366559,60.0,60.38043627183279,0.0
2024-08-02 13:47:00,3.0,0.0,0.0769240724436128,60.0,60.4620362218064,0.0
2024-08-02 13:48:00,3.0,0.0,0.07708725362976356,60.0,60.543626814881776,0.0
2024-08-02 13:49:00,3.0,0.0,0.07725041610426372,60.0,60.62520805213186,0.0
2024-08-02 13:50:00,3.0,0.0,0.07741355986925894,60.0,60.706779934629466,0.0
2024-08-02 13:51:00,3.0,0.0,0.07757668492689455,60.0,60.78834246344728,0.0
2024-08-02 13:52:00,3.0,0.0,0.07773979127931574,60.0,60.86989563965787,0.0
2024-08-02 13:53:00,3.0,0.0,0.07790287892866737,60.0,60.95143946433369,0.0
2024-08-02 13:54:00,3.0,0.0,0.07806594787709409,60.0,61.032973938547045,0.0
2024-08-02 13:55:00,3.0,0.0,0.07805699621560794,60.0,61.02849810780397,0.0
2024-08-02 13:56:00,3.0,0.0,0.07804804558059038,60.0,61.02402279029519,0.0
2024-08-02 13:57:00,3.0,0.0,0.07803909597192371,60.0,61.01954798596186,0.0
2024-08-02 13:58:00,3.0,0.0,0.07803014738949024,60.0,61.01507369474512,0.0
2024-08-02 13:59:00,3.0,0.0,0.0780211998331723,60.0,61.010599916586145,0.0
2024-08-02 14:00:00,3.0,0.0,0.07801225330285219,60.0,61.006126651426094,0.0
2024-08-02 14:01:00,3.0,0.0,0.0780033077984123,60.0,61.00165389920615,0.0
2024-08-02 14:02:00,3.0,0.0,0.07799436331973497,60.0,60.997181659867486,0.0
2024-08-02 14:03:00,3.0,0.0,0.07798541986670261,60.0,60.99270993335131,0.0
2024-08-02 14:04:00,3.0,1.92556,0.0779764774391976,60.0,60.9882387195988,1.0
2024-08-02 14:05:00,3.0,0.0,0.07774673603710232,60.0,60.87336801855116,0.0
2024-08-02 14:06:00,3.0,0.0,0.07773782097898053,60.0,60.86891048949027,0.0
2024-08-02 14:07:00,3.0,0.0,0.0777289069431301,60.0,60.86445347156505,0.0
2024-08-02 14:08:00,3.0,0.0,0.0777199939294338,60.0,60.8599969647169,0.0
2024-08-02 14:09:00,3.0,1.92556,0.07771108193777443,60.0,60.85554096888721,1.0
2024-08-02 14:10:00,3.0,0.0,0.07748137096803479,60.0,60.74068548401739,0.0
2024-08-02 14:11:00,3.0,0.0,0.07747248633877901,60.0,60.7362431693895,0.0
2024-08-02 14:12:00,3.0,0.0,0.07746360272830538,60.0,60.73180136415269,0.0
2024-08-02 14:13:00,3.0,0.0,0.07745472013649705,60.0,60.72736006824853,0.0
2024-08-02 14:14:00,3.0,11.553360000000001,0.07744583856323727,60.0,60.72291928161863,6.0
2024-08-02 14:15:00,3.0,11.553360000000001,0.07611215800840919,60.0,60.05607900420459,6.0
2024-08-02 14:16:00,3.0,0.0,0.07477863038398395,60.0,59.389315191991976,0.0
2024-08-02 14:17:00,3.0,0.0,0.07477005567242534,60.0,59.38502783621267,0.0
2024-08-02 14:18:00,3.0,0.0,0.07476148194411125,60.0,59.38074097205563,0.0
2024-08-02 14:19:00,3.0,0.0,0.07475290919892894,60.0,59.376454599464466,0.0
2024-08-02 14:20:00,3.0,13.47892,0.07474433743676565,60.0,59.372168718382824,7.0
2024-08-02 14:21:00,3.0,11.553360000000001,0.07319016665750869,60.0,58.59508332875434,6.0
2024-08-02 14:22:00,3.0,0.0,0.0720289760029469,60.0,58.01448800147345,0.0
2024-08-02 14:23:00,3.0,0.0,0.07219271849972632,60.0,58.096359249863156,0.0
2024-08-02 14:24:00,3.0,0.0,0.0723564422204908,60.0,58.178221110245396,0.0
2024-08-02 14:25:00,3.0,0.0,0.07252014716739336,60.0,58.26007358369668,0.0
2024-08-02 14:26:00,3.0,0.0,0.07268383334258678,60.0,58.34191667129339,0.0
2024-08-02 14:27:00,3.0,0.0,0.07284750074822355,60.0,58.423750374111776,0.0
2024-08-02 14:28:00,3.0,0.0,0.07301114938645596,60.0,58.50557469322798,0.0
2024-08-02 14:29:00,3.0,0.0,0.07317477925943601,60.0,58.587389629718004,0.0
2024-08-02 14:30:00,3.0,0.0,0.07333839036931548,60.0,58.66919518465774,0.0
2024-08-02 14:31:00,3.0,0.0,0.0735019827182459,60.0,58.75099135912295,0.0
2024-08-02 14:32:00,3.0,0.0,0.07366555630837854,60.0,58.83277815418927,0.0
2024-08-02 14:33:00,3.0,0.0,0.07382911114186444,60.0,58.91455557093222,0.0
2024-08-02 14:34:00,3.0,0.0,0.0739926472208544,60.0,58.9963236104272,0.0
2024-08-02 14:35:00,3.0,0.0,0.07415616454749892,60.0,59.07808227374946,0.0
2024-08-02 14:36:00,3.0,0.0,0.07431966312394832,60.0,59.15983156197416,0.0
2024-08-02 14:37:00,3.0,0.0,0.07448314295235264,60.0,59.24157147617632,0.0
2024-08-02 14:38:00,3.0,0.0,0.07464660403486169,60.0,59.32330201743084,0.0
2024-08-02 14:39:00,3.0,0.0,0.074810046373625,60.0,59.4050231868125,0.0
2024-08-02 14:40:00,3.0,0.0,0.07497346997079189,60.0,59.48673498539595,0.0
2024-08-02 14:41:00,3.0,0.0,0.07513687482851145,60.0,59.56843741425572,0.0
2024-08-02 14:42:00,3.0,11.553360000000001,0.07530026094893244,60.0,59.650130474466216,6.0
2024-08-02 14:43:00,1.0,0.0,0.07413882833420346,60.0,59.069414167101726,0.0
2024-08-02 14:44:00,1.0,0.0,0.07430232889856073,60.0,59.151164449280365,0.0
2024-08-02 14:45:00,1.0,0.0,0.07446581071464499,60.0,59.232905357322494,0.0
2024-08-02 14:46:00,1.0,0.0,0.07462927378460604,60.0,59.31463689230302,0.0
2024-08-02 14:47:00,1.0,0.0,0.07479271811059347,60.0,59.396359055296735,0.0
2024-08-02 14:48:00,1.0,1.92556,0.0749561436947566,60.0,59.4780718473783,1.0
2024-08-02 14:49:00,1.0,1.92556,0.07489875053924455,60.0,59.44937526962227,1.0
2024-08-02 14:50:00,1.0,0.0,0.07484136396488744,60.0,59.42068198244372,0.0
2024-08-02 14:51:00,1.0,0.0,0.07500478397093065,60.0,59.50239198546532,0.0
2024-08-02 14:52:00,1.0,0.0,0.07516818523793828,60.0,59.58409261896914,0.0
2024-08-02 14:53:00,1.0,0.0,0.0753315677680591,60.0,59.66578388402955,0.0
2024-08-02 14:54:00,1.0,0.0,0.07549493156344166,60.0,59.74746578172083,0.0
2024-08-02 14:55:00,1.0,1.92556,0.07565827662623419,60.0,59.82913831311709,1.0
2024-08-02 14:56:00,1.0,1.92556,0.07560080295858473,60.0,59.80040147929237,1.0
2024-08-02 14:57:00,1.0,0.0,0.07554333588132241,60.0,59.7716679406612,0.0
2024-08-02 14:58:00,1.0,0.0,0.07570667539369148,60.0,59.85333769684574,0.0
2024-08-02 14:59:00,1.0,0.0,0.07586999617625503,60.0,59.934998088127514,0.0
2024-08-02 15:00:00,1.0,0.0,0.07603329823116076,60.0,60.01664911558038,0.0
2024-08-02 15:01:00,1.0,0.0,0.07619658156055613,60.0,60.09829078027806,0.0
2024-08-02 15:02:00,1.0,0.0,0.07635984616658836,60.0,60.17992308329418,0.0
2024-08-02 15:03:00,1.0,0.0,0.07652309205140442,60.0,60.26154602570221,0.0
2024-08-02 15:04:00,1.0,0.0,0.07668631921715104,60.0,60.34315960857552,0.0
2024-08-02 15:05:00,1.0,0.0,0.07684952766597468,60.0,60.42476383298734,0.0
2024-08-02 15:06:00,1.0,0.0,0.07701271740002158,60.0,60.506358700010786,0.0
2024-08-02 15:07:00,1.0,0.0,0.07717588842143772,60.0,60.58794421071886,0.0
2024-08-02 15:08:00,1.0,0.0,0.07733904073236884,60.0,60.66952036618442,0.0
2024-08-02 15:09:00,1.0,0.0,0.07750217433496044,60.0,60.75108716748022,0.0
2024-08-02 15:10:00,1.0,0.0,0.07766528923135778,60.0,60.83264461567889,0.0
2024-08-02 15:11:00,1.0,0.0,0.07782838542370582,60.0,60.91419271185291,0.0
2024-08-02 15:12:00,1.0,1.92556,0.07799146291414935,60.0,60.995731457074676,1.0
2024-08-02 15:13:00,1.0,1.92556,0.07793372170483288,60.0,60.96686085241644,1.0
2024-08-02 15:14:00,1.0,0.0,0.07787598711658197,60.0,60.937993558290984,0.0
2024-08-02 15:15:00,1.0,0.0,0.0780390591486374,60.0,61.0195295743187,0.0
2024-08-02 15:16:00,1.0,0.0,0.07803011057042639,60.0,61.015055285213194,0.0
2024-08-02 15:17:00,1.0,0.0,0.0780211630183304,60.0,61.0105815091652,0.0
2024-08-02 15:18:00,1.0,0.0,0.07801221649223179,60.0,61.00610824611589,0.0
2024-08-02 15:19:00,1.0,0.0,0.0780032709920129,60.0,61.00163549600645,0.0
2024-08-02 15:20:00,1.0,0.0,0.07799432651755611,60.0,60.99716325877805,0.0
2024-08-02 15:21:00,1.0,0.0,0.07798538306874378,60.0,60.992691534371886,0.0
2024-08-02 15:22:00,1.0,0.0,0.07797644064545829,60.0,60.98822032272915,0.0
2024-08-02 15:23:00,1.0,0.0,0.07796749924758209,60.0,60.98374962379104,0.0
2024-08-02 15:24:00,1.0,0.0,0.07795855887499756,60.0,60.979279437498775,0.0
2024-08-02 15:25:00,1.0,0.0,0.07794961952758714,60.0,60.974809763793566,0.0
2024-08-02 15:26:00,1.0,0.0,0.07794068120523327,60.0,60.97034060261664,0.0
2024-08-02 15:27:00,1.0,0.0,0.07793174390781844,60.0,60.96587195390922,0.0
2024-08-02 15:28:00,1.0,0.0,0.0779228076352251,60.0,60.96140381761255,0.0
2024-08-02 15:29:00,1.0,0.0,0.07791387238733573,60.0,60.956936193667865,0.0
2024-08-02 15:30:00,1.0,0.0,0.07790493816403284,60.0,60.952469082016414,0.0
2024-08-02 15:31:00,1.0,0.0,0.07789600496519893,60.0,60.94800248259946,0.0
2024-08-02 15:32:00,1.0,0.0,0.07788707279071654,60.0,60.943536395358265,0.0
2024-08-02 15:33:00,1.0,0.0,0.07787814164046819,60.0,60.93907082023409,0.0
2024-08-02 15:34:00,3.0,0.0,0.07786921151433646,60.0,60.93460575716823,0.0
2024-08-02 15:35:00,3.0,0.0,0.0778602824122039,60.0,60.93014120610195,0.0
2024-08-02 15:36:00,3.0,0.0,0.0778513543339531,60.0,60.92567716697655,0.0
2024-08-02 15:37:00,3.0,0.0,0.07784242727946665,60.0,60.921213639733324,0.0
2024-08-02 15:38:00,3.0,0.0,0.07783350124862715,60.0,60.91675062431357,0.0
2024-08-02 15:39:00,3.0,0.0,0.07782457624131722,60.0,60.91228812065861,0.0
2024-08-02 15:40:00,3.0,0.0,0.0778156522574195,60.0,60.90782612870975,0.0
2024-08-02 15:41:00,3.0,0.0,0.07780672929681665,60.0,60.90336464840832,0.0
2024-08-02 15:42:00,3.0,0.0,0.0777978073593913,60.0,60.89890367969565,0.0
2024-08-02 15:43:00,3.0,0.0,0.07778888644502616,60.0,60.894443222513075,0.0
2024-08-02 15:44:00,3.0,0.0,0.07777996655360389,60.0,60.88998327680194,0.0
2024-08-02 15:45:00,3.0,0.0,0.0777710476850072,60.0,60.8855238425036,0.0
2024-08-02 15:46:00,3.0,0.0,0.07776212983911882,60.0,60.88106491955941,0.0
2024-08-02 15:47:00,3.0,0.0,0.07775321301582144,60.0,60.87660650791072,0.0
2024-08-02 15:48:00,3.0,0.0,0.07774429721499784,60.0,60.87214860749892,0.0
2024-08-02 15:49:00,3.0,0.0,0.07773538243653076,60.0,60.86769121826538,0.0
2024-08-02 15:50:00,3.0,0.0,0.07772646868030296,60.0,60.86323434015148,0.0
2024-08-02 15:51:00,3.0,0.0,0.07771755594619724,60.0,60.85877797309862,0.0
2024-08-02 15:52:00,3.0,1.92556,0.07770864423409639,60.0,60.85432211704819,1.0
2024-08-02 15:53:00,3.0,0.0,0.0774789335438832,60.0,60.7394667719416,0.0
2024-08-02 15:54:00,3.0,0.0,0.07747004919412184,60.0,60.73502459706092,0.0
2024-08-02 15:55:00,3.0,0.0,0.07746116586311057,60.0,60.73058293155528,0.0
2024-08-02 15:56:00,3.0,0.0,0.07745228355073258,60.0,60.72614177536629,0.0
2024-08-02 15:57:00,3.0,0.0,0.07744340225687106,60.0,60.72170112843553,0.0
2024-08-02 15:58:00,3.0,0.0,0.07743452198140921,60.0,60.7172609907046,0.0
2024-08-02 15:59:00,3.0,0.0,0.07742564272423026,60.0,60.71282136211513,0.0
2024-08-02 16:00:00,3.0,0.0,0.07741676448521745,60.0,60.70838224260872,0.0
2024-08-02 16:01:00,3.0,0.0,0.07740788726425402,60.0,60.70394363212701,0.0
2024-08-02 16:02:00,3.0,0.0,0.07739901106122324,60.0,60.69950553061162,0.0
2024-08-02 16:03:00,3.0,0.0,0.07739013587600838,60.0,60.695067938004186,0.0
2024-08-02 16:04:00,3.0,0.0,0.07738126170849273,60.0,60.690630854246365,0.0
2024-08-02 16:05:00,3.0,0.0,0.0773723885585596,60.0,60.6861942792798,0.0
2024-08-02 16:06:00,3.0,0.0,0.07736351642609231,60.0,60.68175821304615,0.0
2024-08-02 16:07:00,3.0,0.0,0.07735464531097416,60.0,60.67732265548708,0.0
2024-08-02 16:08:00,3.0,0.0,0.07734577521308852,60.0,60.672887606544265,0.0
2024-08-02 16:09:00,3.0,0.0,0.07733690613231876,60.0,60.66845306615938,0.0
2024-08-02 16:10:00,3.0,0.0,0.07732803806854821,60.0,60.664019034274105,0.0
2024-08-02 16:11:00,3.0,0.0,0.07731917102166026,60.0,60.659585510830134,0.0
2024-08-02 16:12:00,3.0,0.0,0.07731030499153833,60.0,60.655152495769165,0.0
2024-08-02 16:13:00,3.0,0.0,0.07730143997806582,60.0,60.65071998903291,0.0
2024-08-02 16:14:00,3.0,0.0,0.07729257598112615,60.0,60.646287990563074,0.0
2024-08-02 16:15:00,3.0,1.92556,0.07728371300060274,60.0,60.64185650030137,1.0
2024-08-02 16:16:00,3.0,1.92556,0.07705405103637908,60.0,60.52702551818954,1.0
2024-08-02 16:17:00,3.0,0.0,0.07682441540701991,60.0,60.41220770350996,0.0
2024-08-02 16:18:00,3.0,0.0,0.0768156061095055,60.0,60.40780305475275,0.0
2024-08-02 16:19:00,3.0,0.0,0.07680679782213508,60.0,60.40339891106754,0.0
2024-08-02 16:20:00,3.0,0.0,0.07679799054479285,60.0,60.39899527239642,0.0
2024-08-02 16:21:00,3.0,0.0,0.07678918427736295,60.0,60.394592138681475,0.0
2024-08-02 16:22:00,3.0,0.0,0.07678037901972963,60.0,60.39018950986481,0.0
2024-08-02 16:23:00,3.0,0.0,0.07677157477177705,60.0,60.38578738588853,0.0
2024-08-02 16:24:00,3.0,0.0,0.07676277153338947,60.0,60.381385766694734,0.0
2024-08-02 16:25:00,3.0,0.0,0.0767539693044511,60.0,60.376984652225545,0.0
2024-08-02 16:26:00,3.0,0.0,0.07674516808484619,60.0,60.37258404242309,0.0
2024-08-02 16:27:00,3.0,0.0,0.076736367874459,60.0,60.3681839372295,0.0
2024-08-02 16:28:00,3.0,0.0,0.07672756867317383,60.0,60.36378433658692,0.0
2024-08-02 16:29:00,3.0,0.0,0.07671877048087496,60.0,60.359385240437476,0.0
2024-08-02 16:30:00,3.0,0.0,0.07670997329744667,60.0,60.35498664872333,0.0
2024-08-02 16:31:00,3.0,0.0,0.07670117712277329,60.0,60.350588561386644,0.0
2024-08-02 16:32:00,3.0,0.0,0.07669238195673914,60.0,60.34619097836957,0.0
2024-08-02 16:33:00,3.0,0.0,0.07668358779922858,60.0,60.34179389961429,0.0
2024-08-02 16:34:00,3.0,0.0,0.07667479465012594,60.0,60.33739732506297,0.0
2024-08-02 16:35:00,3.0,0.0,0.07666600250931561,60.0,60.33300125465781,0.0
2024-08-02 16:36:00,3.0,0.0,0.07665721137668197,60.0,60.328605688340986,0.0
2024-08-02 16:37:00,1.0,0.0,0.0766484212521094,60.0,60.3242106260547,0.0
2024-08-02 16:38:00,1.0,0.0,0.0766396321354823,60.0,60.31981606774115,0.0
2024-08-02 16:39:00,1.0,0.0,0.07663084402668512,60.0,60.315422013342555,0.0
2024-08-02 16:40:00,1.0,0.0,0.07662205692560227,60.0,60.31102846280113,0.0
2024-08-02 16:41:00,1.0,0.0,0.0766132708321182,60.0,60.3066354160591,0.0
2024-08-02 16:42:00,1.0,0.0,0.07660448574611739,60.0,60.302242873058695,0.0
2024-08-02 16:43:00,1.0,0.0,0.07659570166748429,60.0,60.297850833742146,0.0
2024-08-02 16:44:00,1.0,0.0,0.0765869185961034,60.0,60.2934592980517,0.0
2024-08-02 16:45:00,1.0,1.92556,0.07657813653185923,60.0,60.289068265929615,1.0
2024-08-02 16:46:00,1.0,0.0,0.07634855547463627,60.0,60.174277737318135,0.0
2024-08-02 16:47:00,1.0,0.0,0.07633980074300038,60.0,60.16990037150019,0.0
2024-08-02 16:48:00,1.0,0.0,0.07633104701525155,60.0,60.16552350762577,0.0
2024-08-02 16:49:00,1.0,1.92556,0.07632229429127464,60.0,60.16114714563732,1.0
2024-08-02 16:50:00,1.0,1.92556,0.07609274257095457,60.0,60.046371285477285,1.0
2024-08-02 16:51:00,1.0,0.0,0.07586321717285756,60.0,59.93160858642878,0.0
2024-08-02 16:52:00,1.0,0.0,0.07585451809396532,60.0,59.927259046982655,0.0
2024-08-02 16:53:00,1.0,1.92556,0.07584582001257852,60.0,59.92291000628926,1.0
2024-08-02 16:54:00,1.0,0.0,0.07561632292858281,60.0,59.8081614642914,0.0
2024-08-02 16:55:00,1.0,0.0,0.07560765216054513,60.0,59.803826080272565,0.0
2024-08-02 16:56:00,1.0,0.0,0.07559898238676657,60.0,59.79949119338328,0.0
2024-08-02 16:57:00,1.0,0.0,0.07559031360713311,60.0,59.795156803566556,0.0
2024-08-02 16:58:00,1.0,0.0,0.07558164582153078,60.0,59.790822910765385,0.0
2024-08-02 16:59:00,1.0,0.0,0.07557297902984556,60.0,59.78648951492278,0.0
2024-08-02 17:00:00,1.0,0.0,0.0755643132319635,60.0,59.78215661598175,0.0
2024-08-02 17:01:00,1.0,1.92556,0.07555564842777064,60.0,59.77782421388532,1.0
2024-08-02 17:02:00,1.0,0.0,0.07532618461715301,60.0,59.66309230857651,0.0
2024-08-02 17:03:00,1.0,0.0,0.07531754711867805,60.0,59.658773559339025,0.0
2024-08-02 17:04:00,1.0,0.0,0.07530891061064725,60.0,59.65445530532362,0.0
2024-08-02 17:05:00,1.0,0.0,0.07530027509294704,60.0,59.650137546473516,0.0
2024-08-02 17:06:00,1.0,0.0,0.07529164056546385,60.0,59.645820282731925,0.0
2024-08-02 17:07:00,1.0,0.0,0.07528300702808416,60.0,59.64150351404208,0.0
2024-08-02 17:08:00,1.0,0.0,0.0752743744806944,60.0,59.6371872403472,0.0
2024-08-02 17:09:00,1.0,1.92556,0.0752657429231811,60.0,59.63287146159055,1.0
2024-08-02 17:10:00,1.0,1.92556,0.0750363123554307,60.0,59.518156177715355,1.0
2024-08-02 17:11:00,1.0,0.0,0.07480690809601108,60.0,59.403454048005536,0.0
2024-08-02 17:12:00,1.0,0.0,0.07479833014190547,60.0,59.39916507095273,0.0
2024-08-02 17:13:00,1.0,1.92556,0.0747897531714162,60.0,59.3948765857081,1.0
2024-08-02 17:14:00,1.0,0.0,0.07456037718443047,60.0,59.28018859221523,0.0
2024-08-02 17:15:00,1.0,0.0,0.07455182749951682,60.0,59.27591374975841,0.0
2024-08-02 17:16:00,1.0,0.0,0.07454327879497794,60.0,59.27163939748897,0.0
2024-08-02 17:17:00,1.0,0.0,0.0745347310707014,60.0,59.2673655353507,0.0
2024-08-02 17:18:00,1.0,0.0,0.0745261843265748,60.0,59.2630921632874,0.0
2024-08-02 17:19:00,1.0,0.0,0.07451763856248576,60.0,59.25881928124288,0.0
2024-08-02 17:20:00,1.0,0.0,0.07450909377832189,60.0,59.25454688916094,0.0
2024-08-02 17:21:00,1.0,0.0,0.0745005499739708,60.0,59.2502749869854,0.0
2024-08-02 17:22:00,1.0,0.0,0.0744920071493202,60.0,59.246003574660094,0.0
2024-08-02 17:23:00,1.0,0.0,0.07448346530425767,60.0,59.24173265212884,0.0
2024-08-02 17:24:00,1.0,0.0,0.07447492443867096,60.0,59.23746221933548,0.0
2024-08-02 17:25:00,1.0,0.0,0.0744663845524477,60.0,59.233192276223846,0.0
2024-08-02 17:26:00,1.0,0.0,0.0744578456454756,60.0,59.2289228227378,0.0
2024-08-02 17:27:00,1.0,0.0,0.07444930771764238,60.0,59.22465385882119,0.0
2024-08-02 17:28:00,1.0,0.0,0.07444077076883578,60.0,59.22038538441789,0.0
2024-08-02 17:29:00,1.0,0.0,0.07443223479894351,60.0,59.216117399471756,0.0
2024-08-02 17:30:00,1.0,0.0,0.07442369980785332,60.0,59.21184990392666,0.0
2024-08-02 17:31:00,1.0,0.0,0.074415165795453,60.0,59.207582897726496,0.0
2024-08-02 17:32:00,1.0,0.0,0.07440663276163029,60.0,59.203316380815146,0.0
2024-08-02 17:33:00,1.0,0.0,0.07439810070627302,60.0,59.199050353136506,0.0
2024-08-02 17:34:00,1.0,0.0,0.07438956962926895,60.0,59.194784814634474,0.0
2024-08-02 17:35:00,1.0,0.0,0.07438103953050591,60.0,59.19051976525296,0.0
2024-08-02 17:36:00,1.0,0.0,0.07437251040987175,60.0,59.186255204935875,0.0
2024-08-02 17:37:00,1.0,0.0,0.07436398226725427,60.0,59.181991133627136,0.0
2024-08-02 17:38:00,1.0,0.0,0.07435545510254135,60.0,59.17772755127068,0.0
2024-08-02 17:39:00,1.0,0.0,0.07434692891562085,60.0,59.173464457810425,0.0
2024-08-02 17:40:00,1.0,0.0,0.07433840370638065,60.0,59.16920185319032,0.0
2024-08-02 17:41:00,1.0,0.0,0.07432987947470863,60.0,59.16493973735432,0.0
2024-08-02 17:42:00,1.0,0.0,0.0743213562204927,60.0,59.16067811024635,0.0
2024-08-02 17:43:00,1.0,0.0,0.07431283394362079,60.0,59.156416971810394,0.0
2024-08-02 17:44:00,1.0,0.0,0.07430431264398081,60.0,59.152156321990404,0.0
2024-08-02 17:45:00,1.0,0.0,0.0742957923214607,60.0,59.147896160730355,0.0
2024-08-02 17:46:00,1.0,0.0,0.07428727297594846,60.0,59.14363648797423,0.0
2024-08-02 17:47:00,1.0,0.0,0.074278754607332,60.0,59.139377303666,0.0
2024-08-02 17:48:00,1.0,0.0,0.07427023721549936,60.0,59.135118607749675,0.0
2024-08-02 17:49:00,1.0,0.0,0.07426172080033847,60.0,59.13086040016923,0.0
2024-08-02 17:50:00,1.0,0.0,0.07425320536173738,60.0,59.126602680868686,0.0
2024-08-02 17:51:00,1.0,0.0,0.07424469089958409,60.0,59.12234544979204,0.0
2024-08-02 17:52:00,1.0,0.0,0.07423617741376665,60.0,59.11808870688332,0.0
2024-08-02 17:53:00,1.0,0.0,0.07422766490417308,60.0,59.11383245208654,0.0
2024-08-02 17:54:00,1.0,0.0,0.07421915337069147,60.0,59.109576685345736,0.0
2024-08-02 17:55:00,1.0,0.0,0.07421064281320988,60.0,59.10532140660494,0.0
2024-08-02 17:56:00,1.0,0.0,0.0742021332316164,60.0,59.1010666158082,0.0
2024-08-02 17:57:00,1.0,0.0,0.07419362462579912,60.0,59.09681231289956,0.0
2024-08-02 17:58:00,1.0,0.0,0.07418511699564614,60.0,59.09255849782307,0.0
2024-08-02 17:59:00,1.0,0.0,0.07417661034104558,60.0,59.088305170522794,0.0
2024-08-02 18:00:00,1.0,0.0,0.07416810466188561,60.0,59.084052330942804,0.0
2024-08-02 18:01:00,1.0,0.0,0.07415959995805434,60.0,59.079799979027165,0.0
2024-08-02 18:02:00,1.0,0.0,0.07415109622943993,60.0,59.075548114719965,0.0
2024-08-02 18:03:00,1.0,0.0,0.07414259347593058,60.0,59.07129673796529,0.0
2024-08-02 18:04:00,1.0,0.0,0.07413409169741447,60.0,59.06704584870724,0.0
2024-08-02 18:05:00,1.0,0.0,0.0741255908937798,60.0,59.0627954468899,0.0
2024-08-02 18:06:00,1.0,0.0,0.07411709106491478,60.0,59.05854553245739,0.0
2024-08-02 18:07:00,1.0,0.0,0.07410859221070762,60.0,59.05429610535381,0.0
2024-08-02 18:08:00,1.0,1.92556,0.07410009433104657,60.0,59.05004716552328,1.0
2024-08-02 18:09:00,1.0,0.0,0.07387079742581988,60.0,58.93539871290994,0.0
2024-08-02 18:10:00,1.0,0.0,0.07403432872472948,60.0,59.01716436236474,0.0
2024-08-02 18:11:00,1.0,0.0,0.07419784127184179,60.0,59.09892063592089,0.0
2024-08-02 18:12:00,1.0,0.0,0.07436133506930703,60.0,59.180667534653516,0.0
2024-08-02 18:13:00,1.0,0.0,0.0745248101192752,60.0,59.2624050596376,0.0
2024-08-02 18:14:00,1.0,0.0,0.07468826642389603,60.0,59.34413321194801,0.0
2024-08-02 18:15:00,1.0,0.0,0.074851703985319,60.0,59.425851992659496,0.0
2024-08-02 18:16:00,1.0,0.0,0.07501512280569335,60.0,59.507561402846676,0.0
2024-08-02 18:17:00,1.0,0.0,0.0751785228871681,60.0,59.58926144358405,0.0
2024-08-02 18:18:00,1.0,0.0,0.07534190423189198,60.0,59.67095211594599,0.0
2024-08-02 18:19:00,1.0,0.0,0.0755052668420135,60.0,59.75263342100675,0.0
2024-08-02 18:20:00,1.0,0.0,0.07566861071968092,60.0,59.834305359840464,0.0
2024-08-02 18:21:00,1.0,0.0,0.07583193586704226,60.0,59.91596793352113,0.0
2024-08-02 18:22:00,1.0,0.0,0.07599524228624527,60.0,59.997621143122636,0.0
2024-08-02 18:23:00,1.0,0.0,0.07615852997943749,60.0,60.079264989718745,0.0
2024-08-02 18:24:00,1.0,0.0,0.07632179894876617,60.0,60.160899474383086,0.0
2024-08-02 18:25:00,1.0,0.0,0.07648504919637836,60.0,60.24252459818918,0.0
2024-08-02 18:26:00,1.0,0.0,0.07664828072442081,60.0,60.32414036221041,0.0
2024-08-02 18:27:00,1.0,0.0,0.07681149353504009,60.0,60.40574676752004,0.0
2024-08-02 18:28:00,1.0,0.0,0.07697468763038247,60.0,60.48734381519123,0.0
2024-08-02 18:29:00,1.0,0.0,0.07713786301259398,60.0,60.56893150629699,0.0
2024-08-02 18:30:00,1.0,0.0,0.07730101968382044,60.0,60.65050984191022,0.0
2024-08-02 18:31:00,3.0,0.0,0.0774641576462074,60.0,60.7320788231037,0.0
2024-08-02 18:32:00,3.0,0.0,0.07762727690190015,60.0,60.81363845095007,0.0
2024-08-02 18:33:00,3.0,0.0,0.07779037745304375,60.0,60.89518872652187,0.0
2024-08-02 18:34:00,3.0,0.0,0.077953459301783,60.0,60.9767296508915,0.0
2024-08-02 18:35:00,3.0,0.0,0.0781165224502625,60.0,61.05826122513125,0.0
2024-08-02 18:36:00,3.0,0.0,0.0781075649894942,60.0,61.0537824947471,0.0
2024-08-02 18:37:00,3.0,0.0,0.07809860855585947,60.0,61.049304277929735,0.0
2024-08-02 18:38:00,3.0,0.0,0.07808965314924055,60.0,61.044826574620274,0.0
2024-08-02 18:39:00,3.0,0.0,0.07808069876951966,60.0,61.04034938475983,0.0
2024-08-02 18:40:00,3.0,0.0,0.07807174541657905,60.0,61.035872708289524,0.0
2024-08-02 18:41:00,3.0,11.553360000000001,0.07806279309030098,60.0,61.03139654515049,6.0
2024-08-02 18:42:00,3.0,13.47892,0.07672904179056775,60.0,60.364520895283874,7.0
2024-08-02 18:43:00,3.0,1.92556,0.07517464342934953,60.0,59.587321714674765,1.0
2024-08-02 18:44:00,3.0,11.553360000000001,0.0749452233077905,60.0,59.47261165389525,6.0
2024-08-02 18:45:00,3.0,11.553360000000001,0.07361182949336438,60.0,58.80591474668219,6.0
2024-08-02 18:46:00,3.0,0.0,0.07245059048759353,60.0,58.225295243796765,0.0
2024-08-02 18:47:00,3.0,0.0,0.07261428463870818,60.0,58.30714231935409,0.0
2024-08-02 18:48:00,3.0,0.0,0.07277796001935162,60.0,58.38898000967581,0.0
2024-08-02 18:49:00,3.0,0.0,0.07294161663167621,60.0,58.470808315838106,0.0
2024-08-02 18:50:00,3.0,0.0,0.07310525447783407,60.0,58.55262723891703,0.0
2024-08-02 18:51:00,3.0,0.0,0.07326887355997708,60.0,58.63443677998854,0.0
2024-08-02 18:52:00,3.0,0.0,0.07343247388025688,60.0,58.71623694012844,0.0
2024-08-02 18:53:00,3.0,0.0,0.07359605544082484,60.0,58.79802772041242,0.0
2024-08-02 18:54:00,3.0,0.0,0.0737596182438321,60.0,58.879809121916054,0.0
2024-08-02 18:55:00,3.0,0.0,0.07392316229142956,60.0,58.96158114571478,0.0
2024-08-02 18:56:00,3.0,0.0,0.07408668758576786,60.0,59.04334379288393,0.0
2024-08-02 18:57:00,3.0,0.0,0.07425019412899739,60.0,59.125097064498696,0.0
2024-08-02 18:58:00,3.0,0.0,0.07441368192326832,60.0,59.20684096163416,0.0
2024-08-02 18:59:00,3.0,0.0,0.07457715097073053,60.0,59.288575485365264,0.0
2024-08-02 19:00:00,3.0,0.0,0.0747406012735337,60.0,59.37030063676685,0.0
2024-08-02 19:01:00,3.0,0.0,0.07490403283382724,60.0,59.452016416913615,0.0
2024-08-02 19:02:00,3.0,0.0,0.07506744565376029,60.0,59.533722826880144,0.0
2024-08-02 19:03:00,3.0,0.0,0.07523083973548178,60.0,59.61541986774089,0.0
2024-08-02 19:04:00,3.0,0.0,0.0753942150811404,60.0,59.6971075405702,0.0
2024-08-02 19:05:00,3.0,0.0,0.07555757169288457,60.0,59.77878584644228,0.0
2024-08-02 19:06:00,3.0,0.0,0.07572090957286245,60.0,59.86045478643123,0.0
2024-08-02 19:07:00,3.0,0.0,0.075884228723222,60.0,59.942114361611,0.0
2024-08-02 19:08:00,3.0,0.0,0.07604752914611088,60.0,60.02376457305544,0.0
2024-08-02 19:09:00,3.0,0.0,0.07621081084367654,60.0,60.10540542183827,0.0
2024-08-02 19:10:00,1.0,0.0,0.07637407381806618,60.0,60.18703690903309,0.0
2024-08-02 19:11:00,1.0,0.0,0.07653731807142675,60.0,60.26865903571337,0.0
2024-08-02 19:12:00,1.0,0.0,0.07670054360590493,60.0,60.35027180295246,0.0
2024-08-02 19:13:00,1.0,0.0,0.07686375042364721,60.0,60.4318752118236,0.0
2024-08-02 19:14:00,1.0,0.0,0.07702693852679977,60.0,60.513469263399884,0.0
2024-08-02 19:15:00,1.0,1.92556,0.0771901079175086,60.0,60.5950539587543,1.0
2024-08-02 19:16:00,1.0,1.92556,0.0771324585979194,60.0,60.5662292989597,1.0
2024-08-02 19:17:00,1.0,0.0,0.07707481588885895,60.0,60.537407944429475,0.0
2024-08-02 19:18:00,1.0,0.0,0.07723797978956926,60.0,60.618989894784626,0.0
2024-08-02 19:19:00,1.0,0.0,0.07740112498061107,60.0,60.70056249030553,0.0
2024-08-02 19:20:00,1.0,0.0,0.07756425146412976,60.0,60.782125732064884,0.0
2024-08-02 19:21:00,1.0,0.0,0.07772735924227052,60.0,60.86367962113526,0.0
2024-08-02 19:22:00,1.0,0.0,0.07789044831717824,60.0,60.94522415858912,0.0
2024-08-02 19:23:00,1.0,0.0,0.07805351869099758,60.0,61.02675934549879,0.0
2024-08-02 19:24:00,1.0,0.0,0.07804456845474061,60.0,61.02228422737031,0.0
2024-08-02 19:25:00,1.0,0.0,0.0780356192447888,60.0,61.0178096223944,0.0
2024-08-02 19:26:00,1.0,0.0,0.07802667106102447,60.0,61.01333553051224,0.0
2024-08-02 19:27:00,1.0,0.0,0.07801772390332995,60.0,61.008861951664976,0.0
2024-08-02 19:28:00,1.0,0.0,0.07800877777158757,60.0,61.00438888579379,0.0
2024-08-02 19:29:00,1.0,0.0,0.07799983266567971,60.0,60.99991633283985,0.0
2024-08-02 19:30:00,1.0,1.92556,0.07799088858548871,60.0,60.99544429274435,1.0
2024-08-02 19:31:00,1.0,1.92556,0.07776114553089697,60.0,60.880572765448484,1.0
2024-08-02 19:32:00,1.0,0.0,0.07753142882046819,60.0,60.7657144102341,0.0
2024-08-02 19:33:00,1.0,0.0,0.07752253845118157,60.0,60.76126922559078,0.0
2024-08-02 19:34:00,1.0,0.0,0.07751364910133528,60.0,60.75682455066764,0.0
2024-08-02 19:35:00,1.0,0.0,0.07750476077081242,60.0,60.75238038540621,0.0
2024-08-02 19:36:00,1.0,0.0,0.07749587345949614,60.0,60.74793672974807,0.0
2024-08-02 19:37:00,3.0,0.0,0.07748698716726954,60.0,60.743493583634766,0.0
2024-08-02 19:38:00,3.0,0.0,0.07747810189401577,60.0,60.73905094700788,0.0
2024-08-02 19:39:00,3.0,11.553360000000001,0.07746921763961798,60.0,60.73460881980899,6.0
2024-08-02 19:40:00,3.0,0.0,0.07613553440395936,60.0,60.06776720197968,0.0
2024-08-02 19:41:00,3.0,0.0,0.07612680409901099,60.0,60.06340204950549,0.0
2024-08-02 19:42:00,3.0,0.0,0.0761180747951487,60.0,60.05903739757435,0.0
2024-08-02 19:43:00,3.0,0.0,0.07610934649225772,60.0,60.05467324612886,0.0
2024-08-02 19:44:00,3.0,0.0,0.07610061919022325,60.0,60.05030959511162,0.0
2024-08-02 19:45:00,3.0,0.0,0.07609189288893053,60.0,60.045946444465265,0.0
2024-08-02 19:46:00,3.0,0.0,0.07608316758826482,60.0,60.04158379413241,0.0
2024-08-02 19:47:00,3.0,0.0,0.07607444328811136,60.0,60.03722164405568,0.0
2024-08-02 19:48:00,3.0,0.0,0.07606571998835543,60.0,60.03285999417771,0.0
2024-08-02 19:49:00,3.0,0.0,0.07605699768888233,60.0,60.02849884444116,0.0
2024-08-02 19:50:00,3.0,0.0,0.07604827638957734,60.0,60.02413819478867,0.0
2024-08-02 19:51:00,3.0,0.0,0.0760395560903258,60.0,60.019778045162894,0.0
2024-08-02 19:52:00,3.0,0.0,0.07603083679101301,60.0,60.0154183955065,0.0
2024-08-02 19:53:00,3.0,0.0,0.07602211849152431,60.0,60.011059245762155,0.0
2024-08-02 19:54:00,3.0,0.0,0.07601340119174506,60.0,60.00670059587253,0.0
2024-08-02 19:55:00,3.0,0.0,0.07600468489156063,60.0,60.002342445780315,0.0
2024-08-02 19:56:00,3.0,0.0,0.07599596959085639,60.0,59.997984795428195,0.0
2024-08-02 19:57:00,3.0,0.0,0.07598725528951773,60.0,59.99362764475887,0.0
2024-08-02 19:58:00,3.0,0.0,0.07597854198743006,60.0,59.98927099371503,0.0
2024-08-02 19:59:00,3.0,0.0,0.07596982968447881,60.0,59.984914842239405,0.0
2024-08-02 20:00:00,3.0,1.92556,0.07596111838054939,60.0,59.9805591902747,1.0
2024-08-02 20:01:00,3.0,1.92556,0.07573160807552726,60.0,59.86580403776363,1.0
2024-08-02 20:02:00,3.0,0.0,0.07550212408797918,60.0,59.75106204398959,0.0
2024-08-02 20:03:00,3.0,0.0,0.0754934664148874,60.0,59.7467332074437,0.0
2024-08-02 20:04:00,3.0,0.0,0.07548480973455315,60.0,59.742404867276576,0.0
2024-08-02 20:05:00,3.0,0.0,0.07547615404686261,60.0,59.73807702343131,0.0
2024-08-02 20:06:00,3.0,0.0,0.07546749935170197,60.0,59.73374967585098,0.0
2024-08-02 20:07:00,3.0,0.0,0.07545884564895738,60.0,59.72942282447869,0.0
2024-08-02 20:08:00,3.0,1.92556,0.07545019293851507,60.0,59.72509646925754,1.0
2024-08-02 20:09:00,3.0,1.92556,0.07522074122026126,60.0,59.61037061013063,1.0
2024-08-02 20:10:00,3.0,0.0,0.07499131581276347,60.0,59.49565790638174,0.0
2024-08-02 20:11:00,3.0,0.0,0.07498271671300472,60.0,59.49135835650236,0.0
2024-08-02 20:12:00,3.0,0.0,0.07497411859928704,60.0,59.48705929964352,0.0
2024-08-02 20:13:00,3.0,0.0,0.07496552147149733,60.0,59.48276073574867,0.0
2024-08-02 20:14:00,3.0,0.0,0.0749569253295226,60.0,59.478462664761295,0.0
2024-08-02 20:15:00,3.0,0.0,0.07494833017324973,60.0,59.474165086624865,0.0
2024-08-02 20:16:00,3.0,1.92556,0.07493973600256576,60.0,59.469868001282876,1.0
2024-08-02 20:17:00,3.0,1.92556,0.07471034281735763,60.0,59.355171408678814,1.0
2024-08-02 20:18:00,3.0,0.0,0.07448097593619367,60.0,59.240487968096836,0.0
2024-08-02 20:19:00,3.0,0.0,0.07447243535605766,60.0,59.23621767802883,0.0
2024-08-02 20:20:00,3.0,0.0,0.07446389575525238,60.0,59.23194787762619,0.0
2024-08-02 20:21:00,3.0,0.0,0.07445535713366555,60.0,59.22767856683277,0.0
2024-08-02 20:22:00,1.0,0.0,0.07444681949118485,60.0,59.22340974559243,0.0
2024-08-02 20:23:00,1.0,0.0,0.07443828282769804,60.0,59.21914141384902,0.0
2024-08-02 20:24:00,1.0,0.0,0.07442974714309288,60.0,59.214873571546434,0.0
2024-08-02 20:25:00,1.0,0.0,0.07442121243725706,60.0,59.210606218628534,0.0
2024-08-02 20:26:00,1.0,0.0,0.07441267871007841,60.0,59.206339355039205,0.0
2024-08-02 20:27:00,1.0,0.0,0.07440414596144466,60.0,59.202072980722335,0.0
2024-08-02 20:28:00,1.0,0.0,0.07439561419124364,60.0,59.19780709562182,0.0
2024-08-02 20:29:00,1.0,0.0,0.07438708339936313,60.0,59.19354169968157,0.0
2024-08-02 20:30:00,1.0,0.0,0.07437855358569097,60.0,59.18927679284548,0.0
2024-08-02 20:31:00,1.0,0.0,0.07437002475011496,60.0,59.18501237505748,0.0
2024-08-02 20:32:00,1.0,0.0,0.07436149689252299,60.0,59.18074844626149,0.0
2024-08-02 20:33:00,1.0,0.0,0.07435297001280286,60.0,59.17648500640143,0.0
2024-08-02 20:34:00,1.0,0.0,0.07434444411084247,60.0,59.17222205542124,0.0
2024-08-02 20:35:00,1.0,0.0,0.07433591918652972,60.0,59.16795959326486,0.0
2024-08-02 20:36:00,1.0,0.0,0.07432739523975247,60.0,59.16369761987624,0.0
2024-08-02 20:37:00,1.0,0.0,0.07431887227039866,60.0,59.15943613519933,0.0
2024-08-02 20:38:00,1.0,0.0,0.07431035027835618,60.0,59.15517513917809,0.0
2024-08-02 20:39:00,1.0,0.0,0.07430182926351299,60.0,59.15091463175649,0.0
2024-08-02 20:40:00,1.0,0.0,0.07429330922575701,60.0,59.14665461287851,0.0
2024-08-02 20:41:00,1.0,0.0,0.07428479016497623,60.0,59.142395082488115,0.0
2024-08-02 20:42:00,1.0,0.0,0.07427627208105861,60.0,59.138136040529304,0.0
2024-08-02 20:43:00,1.0,0.0,0.07426775497389212,60.0,59.13387748694606,0.0
2024-08-02 20:44:00,1.0,0.0,0.07425923884336479,60.0,59.12961942168239,0.0
2024-08-02 20:45:00,1.0,0.0,0.0742507236893646,60.0,59.125361844682295,0.0
2024-08-02 20:46:00,1.0,0.0,0.07424220951177958,60.0,59.12110475588979,0.0
2024-08-02 20:47:00,1.0,0.0,0.07423369631049777,60.0,59.11684815524888,0.0
2024-08-02 20:48:00,1.0,0.0,0.07422518408540721,60.0,59.112592042703604,0.0
2024-08-02 20:49:00,1.0,0.0,0.07421667283639599,60.0,59.10833641819799,0.0
2024-08-02 20:50:00,1.0,1.92556,0.07420816256335216,60.0,59.10408128167608,1.0
2024-08-02 20:51:00,1.0,1.92556,0.07397885326616381,60.0,58.989426633081905,1.0
2024-08-02 20:52:00,1.0,0.0,0.07392157217453271,60.0,58.96078608726636,0.0
2024-08-02 20:53:00,1.0,0.0,0.07408509765120644,60.0,59.04254882560322,0.0
2024-08-02 20:54:00,1.0,0.0,0.07424860437675049,60.0,59.124302188375246,0.0
2024-08-02 20:55:00,1.0,0.0,0.07441209235331503,60.0,59.206046176657516,0.0
2024-08-02 20:56:00,1.0,0.0,0.07457556158304997,60.0,59.28778079152498,0.0
2024-08-02 20:57:00,1.0,0.0,0.07473901206810495,60.0,59.36950603405247,0.0
2024-08-02 20:58:00,1.0,0.0,0.07490244381062938,60.0,59.45122190531469,0.0
2024-08-02 20:59:00,1.0,0.0,0.07506585681277245,60.0,59.532928406386226,0.0
2024-08-02 21:00:00,1.0,0.0,0.07522925107668307,60.0,59.614625538341535,0.0
2024-08-02 21:01:00,1.0,0.0,0.07539262660450992,60.0,59.69631330225496,0.0
2024-08-02 21:02:00,1.0,0.0,0.07555598339840143,60.0,59.77799169920071,0.0
2024-08-02 21:03:00,1.0,0.0,0.07571932146050576,60.0,59.859660730252884,0.0
2024-08-02 21:04:00,1.0,0.0,0.07588264079297087,60.0,59.94132039648544,0.0
2024-08-02 21:05:00,1.0,0.0,0.07604594139794445,60.0,60.02297069897222,0.0
2024-08-02 21:06:00,1.0,0.0,0.07620922327757393,60.0,60.10461163878696,0.0
2024-08-02 21:07:00,1.0,0.0,0.0763724864340065,60.0,60.18624321700325,0.0
2024-08-02 21:08:00,1.0,0.0,0.07653573086938913,60.0,60.26786543469456,0.0
2024-08-02 21:09:00,1.0,0.0,0.07669895658586852,60.0,60.34947829293426,0.0
2024-08-02 21:10:00,1.0,0.0,0.0768621635855911,60.0,60.43108179279555,0.0
2024-08-02 21:11:00,1.0,0.0,0.07702535187070313,60.0,60.51267593535156,0.0
2024-08-02 21:12:00,1.0,0.0,0.07718852144335052,60.0,60.59426072167526,0.0
2024-08-02 21:13:00,1.0,0.0,0.07735167230567905,60.0,60.67583615283952,0.0
2024-08-02 21:14:00,1.0,0.0,0.07751480445983415,60.0,60.757402229917076,0.0
2024-08-02 21:15:00,1.0,0.0,0.07767791790796108,60.0,60.83895895398054,0.0
2024-08-02 21:16:00,1.0,0.0,0.07784101265220478,60.0,60.92050632610239,0.0
2024-08-02 21:17:00,1.0,0.0,0.07800408869471002,60.0,61.00204434735501,0.0
2024-08-02 21:18:00,1.0,0.0,0.07799514412648895,60.0,60.99757206324447,0.0
2024-08-02 21:19:00,1.0,0.0,0.07798620058392308,60.0,60.99310029196154,0.0
2024-08-02 21:20:00,1.0,0.0,0.07797725806689482,60.0,60.98862903344741,0.0
2024-08-02 21:21:00,1.0,0.0,0.07796831657528658,60.0,60.98415828764329,0.0
2024-08-02 21:22:00,1.0,0.0,0.07795937610898077,60.0,60.97968805449038,0.0
2024-08-02 21:23:00,1.0,0.0,0.07795043666785981,60.0,60.9752183339299,0.0
2024-08-02 21:24:00,1.0,0.0,0.07794149825180616,60.0,60.970749125903076,0.0
2024-08-02 21:25:00,3.0,0.0,0.07793256086070227,60.0,60.966280430351134,0.0
2024-08-02 21:26:00,3.0,0.0,0.07792362449443062,60.0,60.961812247215306,0.0
2024-08-02 21:27:00,3.0,0.0,0.07791468915287368,60.0,60.95734457643684,0.0
2024-08-02 21:28:00,3.0,0.0,0.07790575483591396,60.0,60.95287741795698,0.0
2024-08-02 21:29:00,3.0,0.0,0.07789682154343396,60.0,60.94841077171698,0.0
2024-08-02 21:30:00,3.0,0.0,0.07788788927531623,60.0,60.94394463765811,0.0
2024-08-02 21:31:00,3.0,0.0,0.07787895803144328,60.0,60.93947901572164,0.0
2024-08-02 21:32:00,3.0,0.0,0.07787002781169768,60.0,60.935013905848834,0.0
2024-08-02 21:33:00,3.0,0.0,0.07786109861596198,60.0,60.93054930798099,0.0
2024-08-02 21:34:00,3.0,0.0,0.07785217044411877,60.0,60.926085222059385,0.0
2024-08-02 21:35:00,3.0,0.0,0.07784324329605065,60.0,60.92162164802532,0.0
2024-08-02 21:36:00,3.0,0.0,0.07783431717164022,60.0,60.917158585820104,0.0
2024-08-02 21:37:00,1.0,0.0,0.07782539207077008,60.0,60.91269603538504,0.0
2024-08-02 21:38:00,1.0,0.0,0.07781646799332288,60.0,60.90823399666144,0.0
2024-08-02 21:39:00,1.0,0.0,0.07780754493918125,60.0,60.90377246959063,0.0
2024-08-02 21:40:00,1.0,0.0,0.07779862290822788,60.0,60.89931145411394,0.0
2024-08-02 21:41:00,1.0,0.0,0.07778970190034544,60.0,60.89485095017272,0.0
2024-08-02 21:42:00,1.0,0.0,0.07778078191541658,60.0,60.89039095770829,0.0
2024-08-02 21:43:00,2.0,1.92556,0.07777186295332403,60.0,60.885931476662016,1.0
2024-08-02 21:44:00,2.0,1.92556,0.0775421450139505,60.0,60.77107250697525,1.0
2024-08-02 21:45:00,2.0,0.0,0.07731245341586003,60.0,60.65622670793002,0.0
2024-08-02 21:46:00,2.0,0.0,0.07730358815603214,60.0,60.65179407801607,0.0
2024-08-02 21:47:00,2.0,0.0,0.07729472391276532,60.0,60.64736195638266,0.0
2024-08-02 21:48:00,2.0,0.0,0.07728586068594302,60.0,60.64293034297151,0.0
2024-08-02 21:49:00,2.0,0.0,0.0772769984754487,60.0,60.638499237724346,0.0
2024-08-02 21:50:00,2.0,0.0,0.0772681372811658,60.0,60.634068640582896,0.0
2024-08-02 21:51:00,2.0,0.0,0.0772592771029778,60.0,60.629638551488895,0.0
2024-08-02 21:52:00,2.0,0.0,0.07725041794076817,60.0,60.62520897038409,0.0
2024-08-02 21:53:00,2.0,0.0,0.07724155979442046,60.0,60.62077989721023,0.0
2024-08-02 21:54:00,2.0,0.0,0.07723270266381813,60.0,60.616351331909065,0.0
2024-08-02 21:55:00,2.0,0.0,0.07722384654884473,60.0,60.61192327442237,0.0
2024-08-02 21:56:00,2.0,0.0,0.0772149914493838,60.0,60.6074957246919,0.0
2024-08-02 21:57:00,2.0,0.0,0.0772061373653189,60.0,60.60306868265945,0.0
2024-08-02 21:58:00,2.0,0.0,0.07719728429653357,60.0,60.598642148266784,0.0
2024-08-02 21:59:00,2.0,0.0,0.07718843224291141,60.0,60.59421612145571,0.0
2024-08-02 22:00:00,2.0,0.0,0.07717958120433602,60.0,60.58979060216801,0.0
2024-08-02 22:01:00,2.0,0.0,0.077170731180691,60.0,60.585365590345496,0.0
2024-08-02 22:02:00,2.0,0.0,0.07716188217185996,60.0,60.58094108592998,0.0
2024-08-02 22:03:00,2.0,0.0,0.07715303417772654,60.0,60.57651708886327,0.0
2024-08-02 22:04:00,2.0,0.0,0.0771441871981744,60.0,60.5720935990872,0.0
2024-08-02 22:05:00,2.0,0.0,0.07713534123308717,60.0,60.56767061654359,0.0
2024-08-02 22:06:00,2.0,0.0,0.07712649628234855,60.0,60.56324814117428,0.0
2024-08-02 22:07:00,2.0,0.0,0.07711765234584222,60.0,60.55882617292111,0.0
2024-08-02 22:08:00,2.0,0.0,0.07710880942345187,60.0,60.55440471172594,0.0
2024-08-02 22:09:00,2.0,0.0,0.07709996751506122,60.0,60.54998375753061,0.0
2024-08-02 22:10:00,2.0,1.92556,0.077091126620554,60.0,60.545563310277004,1.0
2024-08-02 22:11:00,2.0,1.92556,0.07686148673981395,60.0,60.43074336990698,1.0
2024-08-02 22:12:00,2.0,0.0,0.07663187319140614,60.0,60.31593659570307,0.0
2024-08-02 22:13:00,2.0,0.0,0.07662308597231109,60.0,60.311542986155544,0.0
2024-08-02 22:14:00,2.0,0.0,0.07661429976082836,60.0,60.30714988041418,0.0
2024-08-02 22:15:00,2.0,0.0,0.0766055145568424,60.0,60.302757278421204,0.0
2024-08-02 22:16:00,2.0,0.0,0.0765967303602377,60.0,60.29836518011885,0.0
2024-08-02 22:17:00,2.0,0.0,0.07658794717089873,60.0,60.293973585449365,0.0
2024-08-02 22:18:00,2.0,0.0,0.07657916498871,60.0,60.289582494354995,0.0
2024-08-02 22:19:00,2.0,0.0,0.076570383813556,60.0,60.285191906778,0.0
2024-08-02 22:20:00,2.0,0.0,0.0765616036453213,60.0,60.28080182266065,0.0
2024-08-02 22:21:00,2.0,0.0,0.07655282448389039,60.0,60.276412241945195,0.0
2024-08-02 22:22:00,2.0,0.0,0.07654404632914785,60.0,60.27202316457392,0.0
2024-08-02 22:23:00,2.0,0.0,0.07653526918097824,60.0,60.267634590489116,0.0
2024-08-02 22:24:00,2.0,0.0,0.07652649303926613,60.0,60.263246519633064,0.0
2024-08-02 22:25:00,2.0,0.0,0.07651771790389612,60.0,60.25885895194806,0.0
2024-08-02 22:26:00,2.0,0.0,0.07650894377475283,60.0,60.25447188737641,0.0
2024-08-02 22:27:00,2.0,0.0,0.07650017065172084,60.0,60.25008532586042,0.0
2024-08-02 22:28:00,2.0,0.0,0.07649139853468481,60.0,60.2456992673424,0.0
2024-08-02 22:29:00,2.0,1.92556,0.07648262742352936,60.0,60.24131371176468,1.0
2024-08-02 22:30:00,2.0,0.0,0.07625305731813918,60.0,60.12652865906959,0.0
2024-08-02 22:31:00,2.0,0.0,0.07624431353708025,60.0,60.12215676854012,0.0
2024-08-02 22:32:00,2.0,0.0,0.07623557075865267,60.0,60.117785379326335,0.0
2024-08-02 22:33:00,2.0,1.92556,0.0762268289827415,60.0,60.11341449137075,1.0
2024-08-02 22:34:00,1.0,1.92556,0.07599728820923177,60.0,59.998644104615884,1.0
2024-08-02 22:35:00,1.0,0.0,0.07576777375668986,60.0,59.88388687834493,0.0
2024-08-02 22:36:00,1.0,0.0,0.0757590856220976,60.0,59.8795428110488,0.0
2024-08-02 22:37:00,2.0,0.0,0.07575039848375585,60.0,59.87519924187792,0.0
2024-08-02 22:38:00,2.0,1.92556,0.07574171234155036,60.0,59.87085617077518,1.0
2024-08-02 22:39:00,2.0,1.92556,0.0755122271953669,60.0,59.75611359768345,1.0
2024-08-02 22:40:00,2.0,0.0,0.0752827683637726,60.0,59.641384181886295,0.0
2024-08-02 22:41:00,2.0,0.0,0.07527413584374999,60.0,59.637067921874994,0.0
2024-08-02 22:42:00,2.0,0.0,0.07526550431360068,60.0,59.63275215680034,0.0
2024-08-02 22:43:00,2.0,0.0,0.07525687377321116,60.0,59.628436886605584,0.0
2024-08-02 22:44:00,2.0,0.0,0.07524824422246795,60.0,59.62412211123397,0.0
2024-08-02 22:45:00,2.0,0.0,0.07523961566125753,60.0,59.619807830628766,0.0
2024-08-02 22:46:00,2.0,1.92556,0.07523098808946646,60.0,59.61549404473323,1.0
2024-08-02 22:47:00,2.0,1.92556,0.07500156150698128,60.0,59.500780753490645,1.0
2024-08-02 22:48:00,2.0,0.0,0.07477216123236988,60.0,59.38608061618494,0.0
2024-08-02 22:49:00,2.0,0.0,0.07476358726261557,60.0,59.38179363130779,0.0
2024-08-02 22:50:00,2.0,0.0,0.07475501427602071,60.0,59.37750713801036,0.0
2024-08-02 22:51:00,2.0,0.0,0.07474644227247258,60.0,59.37322113623629,0.0
2024-08-02 22:52:00,2.0,0.0,0.07473787125185843,60.0,59.36893562592922,0.0
2024-08-02 22:53:00,2.0,0.0,0.07472930121406558,60.0,59.36465060703279,0.0
2024-08-02 22:54:00,2.0,0.0,0.07472073215898133,60.0,59.36036607949066,0.0
2024-08-02 22:55:00,2.0,0.0,0.07471216408649295,60.0,59.356082043246474,0.0
2024-08-02 22:56:00,2.0,0.0,0.0747035969964878,60.0,59.3517984982439,0.0
2024-08-02 22:57:00,2.0,0.0,0.07469503088885324,60.0,59.34751544442662,0.0
2024-08-02 22:58:00,2.0,0.0,0.0746864657634766,60.0,59.343232881738295,0.0
2024-08-02 22:59:00,2.0,0.0,0.07467790162024524,60.0,59.33895081012262,0.0
2024-08-02 23:00:00,2.0,0.0,0.07466933845904654,60.0,59.33466922952327,0.0
2024-08-02 23:01:00,2.0,11.553360000000001,0.07466077627976792,60.0,59.33038813988396,6.0
2024-08-02 23:02:00,2.0,0.0,0.07332741508229676,60.0,58.663707541148376,0.0
2024-08-02 23:03:00,2.0,0.0,0.07349100868974073,60.0,58.74550434487037,0.0
2024-08-02 23:04:00,2.0,0.0,0.07365458353824264,60.0,58.82729176912132,0.0
2024-08-02 23:05:00,2.0,0.0,0.0738181396299535,60.0,58.909069814976746,0.0
2024-08-02 23:06:00,2.0,0.0,0.07398167696702411,60.0,58.99083848351206,0.0
2024-08-02 23:07:00,2.0,0.0,0.07414519555160506,60.0,59.07259777580253,0.0
2024-08-02 23:08:00,2.0,0.0,0.07430869538584664,60.0,59.15434769292332,0.0
2024-08-02 23:09:00,2.0,0.0,0.07447217647189891,60.0,59.23608823594945,0.0
2024-08-02 23:10:00,2.0,1.92556,0.0746356388119117,60.0,59.317819405955845,1.0
2024-08-02 23:11:00,2.0,0.0,0.07457828240803456,60.0,59.28914120401728,0.0
2024-08-02 23:12:00,2.0,0.0,0.07474173258109813,60.0,59.37086629054907,0.0
2024-08-02 23:13:00,2.0,0.0,0.07490516401166696,60.0,59.45258200583348,0.0
2024-08-02 23:14:00,2.0,0.0,0.07506857670189018,60.0,59.53428835094509,0.0
2024-08-02 23:15:00,2.0,0.0,0.07523197065391672,60.0,59.61598532695836,0.0
2024-08-02 23:16:00,2.0,0.0,0.07539534586989526,60.0,59.697672934947626,0.0
2024-08-02 23:17:00,2.0,0.0,0.07555870235197419,60.0,59.779351175987095,0.0
2024-08-02 23:18:00,2.0,0.0,0.07572204010230173,60.0,59.86102005115086,0.0
2024-08-02 23:19:00,2.0,0.0,0.07588535912302578,60.0,59.94267956151289,0.0
2024-08-02 23:20:00,2.0,1.92556,0.07604865941629405,60.0,60.02432970814702,1.0
2024-08-02 23:21:00,2.0,0.0,0.07599114098425394,60.0,59.99557049212697,0.0
2024-08-02 23:22:00,2.0,0.0,0.07615442914773402,60.0,60.077214573867,0.0
2024-08-02 23:23:00,2.0,1.92556,0.07631769858729662,60.0,60.15884929364831,1.0
2024-08-02 23:24:00,2.0,0.0,0.0762601493050888,60.0,60.1300746525444,0.0
2024-08-02 23:25:00,2.0,0.0,0.07642340662193867,60.0,60.211703310969334,0.0
2024-08-02 23:26:00,2.0,0.0,0.0765866452184082,60.0,60.293322609204104,0.0
2024-08-02 23:27:00,2.0,0.0,0.07674986509664403,60.0,60.374932548322015,0.0
2024-08-02 23:28:00,2.0,0.0,0.07691306625879253,60.0,60.45653312939626,0.0
2024-08-02 23:29:00,2.0,0.0,0.07707624870699983,60.0,60.53812435349992,0.0
2024-08-02 23:30:00,2.0,0.0,0.07723941244341184,60.0,60.61970622170592,0.0
2024-08-02 23:31:00,2.0,0.0,0.07740255747017417,60.0,60.70127873508709,0.0
2024-08-02 23:32:00,2.0,0.0,0.07756568378943225,60.0,60.78284189471613,0.0
2024-08-02 23:33:00,2.0,0.0,0.07772879140333123,60.0,60.864395701665615,0.0
2024-08-02 23:34:00,2.0,0.0,0.07789188031401599,60.0,60.945940157007996,0.0
2024-08-02 23:35:00,2.0,0.0,0.0780549505236312,60.0,61.0274752618156,0.0
2024-08-02 23:36:00,2.0,1.92556,0.07804600012318894,60.0,61.023000061594466,1.0
2024-08-02 23:37:00,2.0,0.0,0.07781625074907064,60.0,60.908125374535324,0.0
2024-08-02 23:38:00,2.0,0.0,0.07780732771983999,60.0,60.903663859919995,0.0
2024-08-02 23:39:00,2.0,0.0,0.0777984057137947,60.0,60.899202856897354,0.0
2024-08-02 23:40:00,2.0,0.0,0.0777894847308175,60.0,60.894742365408746,0.0
2024-08-02 23:41:00,2.0,0.0,0.07778056477079104,60.0,60.890282385395516,0.0
2024-08-02 23:42:00,2.0,0.0,0.07777164583359801,60.0,60.88582291679901,0.0
2024-08-02 23:43:00,2.0,0.0,0.07776272791912116,60.0,60.88136395956058,0.0
2024-08-02 23:44:00,2.0,0.0,0.07775381102724319,60.0,60.876905513621594,0.0
2024-08-02 23:45:00,2.0,0.0,0.07774489515784686,60.0,60.87244757892343,0.0
2024-08-02 23:46:00,2.0,0.0,0.0777359803108149,60.0,60.86799015540745,0.0
2024-08-02 23:47:00,2.0,0.0,0.0777270664860301,60.0,60.86353324301505,0.0
2024-08-02 23:48:00,2.0,0.0,0.07771815368337522,60.0,60.85907684168761,0.0
2024-08-02 23:49:00,2.0,0.0,0.07770924190273307,60.0,60.854620951366535,0.0
2024-08-02 23:50:00,2.0,0.0,0.07770033114398646,60.0,60.85016557199323,0.0
2024-08-02 23:51:00,2.0,0.0,0.07769142140701821,60.0,60.845710703509106,0.0
2024-08-02 23:52:00,2.0,0.0,0.07768251269171116,60.0,60.84125634585558,0.0
2024-08-02 23:53:00,2.0,0.0,0.07767360499794813,60.0,60.836802498974066,0.0
2024-08-02 23:54:00,2.0,0.0,0.07766469832561201,60.0,60.832349162806004,0.0
2024-08-02 23:55:00,2.0,0.0,0.07765579267458565,60.0,60.82789633729283,0.0
2024-08-02 23:56:00,2.0,0.0,0.07764688804475198,60.0,60.82344402237599,0.0
2024-08-02 23:57:00,2.0,0.0,0.07763798443599386,60.0,60.81899221799693,0.0
2024-08-02 23:58:00,2.0,0.0,0.07762908184819423,60.0,60.81454092409711,0.0
2024-08-02 23:59:00,2.0,0.0,0.07762018028123599,60.0,60.810090140617994,0.0
2024-08-03 00:00:00,2.0,0.0,0.07761127973500212,60.0,60.80563986750106,0.0
2024-08-03 00:01:00,2.0,0.0,0.07760238020937556,60.0,60.80119010468778,0.0
2024-08-03 00:02:00,2.0,0.0,0.07759348170423927,60.0,60.79674085211963,0.0
2024-08-03 00:03:00,2.0,0.0,0.07758458421947624,60.0,60.79229210973812,0.0
2024-08-03 00:04:00,2.0,0.0,0.07757568775496947,60.0,60.78784387748473,0.0
2024-08-03 00:05:00,2.0,11.553360000000001,0.07756679231060196,60.0,60.78339615530098,6.0
2024-08-03 00:06:00,2.0,0.0,0.07623309788625673,60.0,60.116548943128365,0.0
2024-08-03 00:07:00,2.0,0.0,0.07622435639390475,60.0,60.11217819695237,0.0
2024-08-03 00:08:00,2.0,0.0,0.07621561590392169,60.0,60.107807951960844,0.0
2024-08-03 00:09:00,2.0,0.0,0.07620687641619261,60.0,60.10343820809631,0.0
2024-08-03 00:10:00,2.0,0.0,0.07619813793060261,60.0,60.099068965301306,0.0
2024-08-03 00:11:00,2.0,0.0,0.07618940044703675,60.0,60.09470022351837,0.0
2024-08-03 00:12:00,2.0,0.0,0.07618066396538013,60.0,60.09033198269007,0.0
2024-08-03 00:13:00,2.0,0.0,0.07617192848551789,60.0,60.08596424275894,0.0
2024-08-03 00:14:00,2.0,0.0,0.07616319400733512,60.0,60.08159700366756,0.0
2024-08-03 00:15:00,2.0,0.0,0.07615446053071699,60.0,60.077230265358494,0.0
2024-08-03 00:16:00,2.0,0.0,0.07614572805554863,60.0,60.072864027774315,0.0
2024-08-03 00:17:00,2.0,0.0,0.07613699658171523,60.0,60.06849829085761,0.0
2024-08-03 00:18:00,2.0,0.0,0.07612826610910194,60.0,60.064133054550965,0.0
2024-08-03 00:19:00,2.0,0.0,0.07611953663759395,60.0,60.059768318796976,0.0
2024-08-03 00:20:00,2.0,0.0,0.0761108081670765,60.0,60.05540408353825,0.0
2024-08-03 00:21:00,2.0,0.0,0.07610208069743479,60.0,60.05104034871739,0.0
2024-08-03 00:22:00,2.0,0.0,0.07609335422855405,60.0,60.046677114277024,0.0
2024-08-03 00:23:00,2.0,0.0,0.07608462876031953,60.0,60.042314380159766,0.0
2024-08-03 00:24:00,2.0,0.0,0.07607590429261649,60.0,60.03795214630824,0.0
2024-08-03 00:25:00,2.0,0.0,0.07606718082533019,60.0,60.03359041266509,0.0
2024-08-03 00:26:00,2.0,0.0,0.07605845835834592,60.0,60.02922917917296,0.0
2024-08-03 00:27:00,2.0,0.0,0.07604973689154898,60.0,60.02486844577449,0.0
2024-08-03 00:28:00,2.0,0.0,0.07604101642482468,60.0,60.02050821241234,0.0
2024-08-03 00:29:00,2.0,0.0,0.07603229695805833,60.0,60.01614847902916,0.0
2024-08-03 00:30:00,2.0,0.0,0.07602357849113528,60.0,60.01178924556764,0.0
2024-08-03 00:31:00,2.0,0.0,0.07601486102394088,60.0,60.00743051197044,0.0
2024-08-03 00:32:00,2.0,0.0,0.0760061445563605,60.0,60.00307227818025,0.0
2024-08-03 00:33:00,2.0,0.0,0.0759974290882795,60.0,59.99871454413975,0.0
2024-08-03 00:34:00,2.0,0.0,0.07598871461958327,60.0,59.99435730979164,0.0
2024-08-03 00:35:00,2.0,0.0,0.07598000115015724,60.0,59.99000057507862,0.0
2024-08-03 00:36:00,2.0,0.0,0.0759712886798868,60.0,59.9856443399434,0.0
2024-08-03 00:37:00,2.0,0.0,0.07596257720865739,60.0,59.98128860432869,0.0
2024-08-03 00:38:00,2.0,0.0,0.07595386673635443,60.0,59.976933368177214,0.0
2024-08-03 00:39:00,2.0,0.0,0.07594515726286341,60.0,59.9725786314317,0.0
2024-08-03 00:40:00,2.0,0.0,0.07593644878806977,60.0,59.968224394034884,0.0
2024-08-03 00:41:00,2.0,1.92556,0.07592774131185899,60.0,59.9638706559295,1.0
2024-08-03 00:42:00,2.0,1.92556,0.0756982348341166,60.0,59.849117417058295,1.0
2024-08-03 00:43:00,2.0,0.0,0.07546875467340938,60.0,59.73437733670469,0.0
2024-08-03 00:44:00,2.0,0.0,0.07546010082671964,60.0,59.73005041335982,0.0
2024-08-03 00:45:00,2.0,0.0,0.07545144797234869,60.0,59.725723986174344,0.0
2024-08-03 00:46:00,2.0,0.0,0.07544279611018273,60.0,59.72139805509136,0.0
2024-08-03 00:47:00,2.0,0.0,0.07543414524010798,60.0,59.71707262005399,0.0
2024-08-03 00:48:00,2.0,0.0,0.0754254953620107,60.0,59.71274768100535,0.0
2024-08-03 00:49:00,2.0,0.0,0.07541684647577712,60.0,59.70842323788856,0.0
2024-08-03 00:50:00,2.0,0.0,0.07540819858129352,60.0,59.70409929064676,0.0
2024-08-03 00:51:00,2.0,0.0,0.07539955167844616,60.0,59.69977583922308,0.0
2024-08-03 00:52:00,2.0,0.0,0.07539090576712136,60.0,59.69545288356068,0.0
2024-08-03 00:53:00,2.0,0.0,0.0753822608472054,60.0,59.691130423602694,0.0
2024-08-03 00:54:00,2.0,1.92556,0.07537361691858459,60.0,59.686808459292294,1.0
2024-08-03 00:55:00,2.0,1.92556,0.07514417398114528,60.0,59.57208699057264,1.0
2024-08-03 00:56:00,2.0,0.0,0.07491475735345515,60.0,59.45737867672757,0.0
2024-08-03 00:57:00,2.0,0.0,0.07490616703249726,60.0,59.45308351624863,0.0
2024-08-03 00:58:00,2.0,0.0,0.0748975776965738,60.0,59.4487888482869,0.0
2024-08-03 00:59:00,2.0,0.0,0.07488898934557181,60.0,59.44449467278591,0.0
2024-08-03 01:00:00,2.0,0.0,0.07488040197937836,60.0,59.440200989689174,0.0
2024-08-03 01:01:00,2.0,0.0,0.07487181559788048,60.0,59.435907798940235,0.0
2024-08-03 01:02:00,2.0,0.0,0.07486323020096528,60.0,59.43161510048264,0.0
2024-08-03 01:03:00,2.0,0.0,0.07485464578851987,60.0,59.42732289425994,0.0
2024-08-03 01:04:00,2.0,0.0,0.07484606236043136,60.0,59.42303118021568,0.0
2024-08-03 01:05:00,2.0,0.0,0.07483747991658687,60.0,59.418739958293436,0.0
2024-08-03 01:06:00,2.0,0.0,0.07482889845687354,60.0,59.41444922843677,0.0
2024-08-03 01:07:00,2.0,0.0,0.07482031798117854,60.0,59.41015899058927,0.0
2024-08-03 01:08:00,2.0,0.0,0.074811738489389,60.0,59.4058692446945,0.0
2024-08-03 01:09:00,2.0,0.0,0.07480315998139213,60.0,59.401579990696064,0.0
2024-08-03 01:10:00,2.0,0.0,0.07479458245707511,60.0,59.397291228537554,0.0
2024-08-03 01:11:00,2.0,0.0,0.07478600591632514,60.0,59.39300295816257,0.0
2024-08-03 01:12:00,2.0,0.0,0.07477743035902942,60.0,59.38871517951471,0.0
2024-08-03 01:13:00,2.0,0.0,0.07476885578507522,60.0,59.38442789253761,0.0
2024-08-03 01:14:00,2.0,0.0,0.07476028219434974,60.0,59.38014109717487,0.0
2024-08-03 01:15:00,2.0,0.0,0.07475170958674027,60.0,59.37585479337013,0.0
2024-08-03 01:16:00,2.0,0.0,0.07474313796213404,60.0,59.37156898106702,0.0
2024-08-03 01:17:00,2.0,0.0,0.07473456732041836,60.0,59.36728366020918,0.0
2024-08-03 01:18:00,2.0,0.0,0.07472599766148053,60.0,59.36299883074026,0.0
2024-08-03 01:19:00,2.0,0.0,0.07471742898520782,60.0,59.35871449260391,0.0
2024-08-03 01:20:00,2.0,0.0,0.07470886129148759,60.0,59.35443064574379,0.0
2024-08-03 01:21:00,2.0,0.0,0.07470029458020715,60.0,59.35014729010357,0.0
2024-08-03 01:22:00,2.0,0.0,0.07469172885125384,60.0,59.34586442562692,0.0
2024-08-03 01:23:00,2.0,0.0,0.07468316410451505,60.0,59.34158205225752,0.0
2024-08-03 01:24:00,2.0,0.0,0.07467460033987813,60.0,59.33730016993906,0.0
2024-08-03 01:25:00,2.0,0.0,0.07466603755723046,60.0,59.33301877861523,0.0
2024-08-03 01:26:00,2.0,0.0,0.07465747575645944,60.0,59.32873787822972,0.0
2024-08-03 01:27:00,2.0,0.0,0.07464891493745249,60.0,59.324457468726244,0.0
2024-08-03 01:28:00,2.0,1.92556,0.07464035510009703,60.0,59.32017755004851,1.0
2024-08-03 01:29:00,2.0,0.0,0.07441099624428048,60.0,59.20549812214024,0.0
2024-08-03 01:30:00,2.0,0.0,0.07440246368857163,60.0,59.201231844285815,0.0
2024-08-03 01:31:00,2.0,0.0,0.07439393211127338,60.0,59.196966055636686,0.0
2024-08-03 01:32:00,2.0,0.0,0.07438540151227352,60.0,59.19270075613676,0.0
2024-08-03 01:33:00,2.0,0.0,0.07437687189145989,60.0,59.18843594572994,0.0
2024-08-03 01:34:00,2.0,0.0,0.0743683432487203,60.0,59.18417162436015,0.0
2024-08-03 01:35:00,2.0,0.0,0.07435981558394261,60.0,59.1799077919713,0.0
2024-08-03 01:36:00,2.0,0.0,0.07435128889701469,60.0,59.17564444850734,0.0
2024-08-03 01:37:00,2.0,0.0,0.07434276318782439,60.0,59.171381593912194,0.0
2024-08-03 01:38:00,2.0,0.0,0.07433423845625961,60.0,59.167119228129806,0.0
2024-08-03 01:39:00,2.0,0.0,0.07432571470220825,60.0,59.16285735110412,0.0
2024-08-03 01:40:00,2.0,0.0,0.0743171919255582,60.0,59.1585959627791,0.0
2024-08-03 01:41:00,2.0,0.0,0.07430867012619742,60.0,59.154335063098706,0.0
2024-08-03 01:42:00,2.0,0.0,0.0743001493040138,60.0,59.1500746520069,0.0
2024-08-03 01:43:00,2.0,0.0,0.07429162945889534,60.0,59.145814729447665,0.0
2024-08-03 01:44:00,2.0,0.0,0.07428311059072995,60.0,59.141555295364974,0.0
2024-08-03 01:45:00,2.0,0.0,0.07427459269940564,60.0,59.13729634970282,0.0
2024-08-03 01:46:00,2.0,0.0,0.0742660757848104,60.0,59.1330378924052,0.0
2024-08-03 01:47:00,2.0,0.0,0.07425755984683222,60.0,59.128779923416104,0.0
2024-08-03 01:48:00,2.0,0.0,0.07424904488535909,60.0,59.12452244267954,0.0
2024-08-03 01:49:00,2.0,0.0,0.07424053090027906,60.0,59.12026545013953,0.0
2024-08-03 01:50:00,2.0,0.0,0.07423201789148016,60.0,59.116008945740084,0.0
2024-08-03 01:51:00,2.0,0.0,0.07422350585885047,60.0,59.111752929425236,0.0
2024-08-03 01:52:00,2.0,0.0,0.07421499480227803,60.0,59.107497401139014,0.0
2024-08-03 01:53:00,2.0,0.0,0.07420648472165091,60.0,59.103242360825455,0.0
2024-08-03 01:54:00,2.0,0.0,0.07419797561685722,60.0,59.09898780842861,0.0
2024-08-03 01:55:00,2.0,0.0,0.07418946748778506,60.0,59.094733743892526,0.0
2024-08-03 01:56:00,2.0,0.0,0.07418096033432252,60.0,59.09048016716126,0.0
2024-08-03 01:57:00,2.0,0.0,0.07417245415635776,60.0,59.08622707817888,0.0
2024-08-03 01:58:00,2.0,0.0,0.07416394895377891,60.0,59.08197447688946,0.0
2024-08-03 01:59:00,2.0,0.0,0.07415544472647413,60.0,59.077722363237065,0.0
2024-08-03 02:00:00,2.0,0.0,0.07414694147433158,60.0,59.07347073716579,0.0
2024-08-03 02:01:00,2.0,1.92556,0.07413843919723945,60.0,59.069219598619725,1.0
2024-08-03 02:02:00,2.0,1.92556,0.07390913789508592,60.0,58.95456894754296,1.0
2024-08-03 02:03:00,2.0,0.0,0.07385186479757287,60.0,58.925932398786436,0.0
2024-08-03 02:04:00,2.0,0.0,0.07401539826744798,60.0,59.00769913372399,0.0
2024-08-03 02:05:00,2.0,0.0,0.07417891298527685,60.0,59.08945649263842,0.0
2024-08-03 02:06:00,2.0,0.0,0.07434240895320973,60.0,59.17120447660486,0.0
2024-08-03 02:07:00,2.0,0.0,0.07450588617339665,60.0,59.25294308669832,0.0
2024-08-03 02:08:00,2.0,0.0,0.07466934464798737,60.0,59.334672323993686,0.0
2024-08-03 02:09:00,2.0,0.0,0.0748327843791314,60.0,59.416392189565705,0.0
2024-08-03 02:10:00,2.0,0.0,0.07499620536897805,60.0,59.49810268448903,0.0
2024-08-03 02:11:00,2.0,0.0,0.07515960761967631,60.0,59.579803809838154,0.0
2024-08-03 02:12:00,2.0,0.0,0.07532299113337496,60.0,59.66149556668748,0.0
2024-08-03 02:13:00,2.0,0.0,0.07548635591222254,60.0,59.74317795611127,0.0
2024-08-03 02:14:00,2.0,0.0,0.07564970195836733,60.0,59.824850979183665,0.0
2024-08-03 02:15:00,2.0,0.0,0.07581302927395739,60.0,59.90651463697869,0.0
2024-08-03 02:16:00,2.0,0.0,0.0759763378611405,60.0,59.98816893057025,0.0
2024-08-03 02:17:00,2.0,0.0,0.0761396277220642,60.0,60.0698138610321,0.0
2024-08-03 02:18:00,2.0,0.0,0.07630289885887583,60.0,60.15144942943791,0.0
2024-08-03 02:19:00,2.0,0.0,0.07646615127372239,60.0,60.233075636861194,0.0
2024-08-03 02:20:00,2.0,0.0,0.07662938496875073,60.0,60.314692484375364,0.0
2024-08-03 02:21:00,2.0,0.0,0.07679259994610739,60.0,60.396299973053694,0.0
2024-08-03 02:22:00,2.0,0.0,0.0769557962079387,60.0,60.47789810396935,0.0
2024-08-03 02:23:00,2.0,0.0,0.07711897375639074,60.0,60.559486878195365,0.0
2024-08-03 02:24:00,2.0,0.0,0.0772821325936093,60.0,60.64106629680465,0.0
2024-08-03 02:25:00,2.0,0.0,0.07744527272174,60.0,60.72263636087,0.0
2024-08-03 02:26:00,2.0,0.0,0.07760839414292814,60.0,60.80419707146407,0.0
2024-08-03 02:27:00,2.0,0.0,0.07777149685931882,60.0,60.88574842965941,0.0
2024-08-03 02:28:00,2.0,0.0,0.07793458087305688,60.0,60.96729043652844,0.0
2024-08-03 02:29:00,2.0,0.0,0.07809764618628691,60.0,61.048823093143454,0.0
2024-08-03 02:30:00,2.0,0.0,0.07808869089002093,60.0,61.044345445010464,0.0
2024-08-03 02:31:00,2.0,0.0,0.07807973662064031,60.0,61.03986831032016,0.0
2024-08-03 02:32:00,2.0,0.0,0.07807078337802735,60.0,61.03539168901367,0.0
2024-08-03 02:33:00,2.0,0.0,0.07806183116206426,60.0,61.03091558103213,0.0
2024-08-03 02:34:00,2.0,0.0,0.07805287997263335,60.0,61.026439986316674,0.0
2024-08-03 02:35:00,2.0,0.0,0.0780439298096169,60.0,61.02196490480845,0.0
2024-08-03 02:36:00,2.0,0.0,0.07803498067289721,60.0,61.0174903364486,0.0
2024-08-03 02:37:00,2.0,0.0,0.07802603256235659,60.0,61.013016281178295,0.0
2024-08-03 02:38:00,2.0,0.0,0.07801708547787739,60.0,61.008542738938694,0.0
2024-08-03 02:39:00,2.0,0.0,0.07800813941934194,60.0,61.00406970967097,0.0
2024-08-03 02:40:00,2.0,0.0,0.07799919438663261,60.0,60.999597193316305,0.0
2024-08-03 02:41:00,2.0,0.0,0.07799025037963177,60.0,60.99512518981588,0.0
2024-08-03 02:42:00,2.0,0.0,0.07798130739822177,60.0,60.99065369911089,0.0
2024-08-03 02:43:00,2.0,0.0,0.07797236544228504,60.0,60.98618272114252,0.0
2024-08-03 02:44:00,2.0,0.0,0.07796342451170397,60.0,60.98171225585199,0.0
2024-08-03 02:45:00,2.0,0.0,0.07795448460636102,60.0,60.97724230318051,0.0
2024-08-03 02:46:00,2.0,0.0,0.07794554572613861,60.0,60.9727728630693,0.0
2024-08-03 02:47:00,2.0,0.0,0.07793660787091918,60.0,60.96830393545959,0.0
2024-08-03 02:48:00,2.0,0.0,0.07792767104058519,60.0,60.9638355202926,0.0
2024-08-03 02:49:00,2.0,0.0,0.07791873523501915,60.0,60.95936761750957,0.0
2024-08-03 02:50:00,2.0,0.0,0.07790980045410352,60.0,60.95490022705176,0.0
2024-08-03 02:51:00,2.0,0.0,0.07790086669772081,60.0,60.95043334886041,0.0
2024-08-03 02:52:00,2.0,0.0,0.07789193396575357,60.0,60.94596698287678,0.0
2024-08-03 02:53:00,2.0,0.0,0.07788300225808431,60.0,60.94150112904215,0.0
2024-08-03 02:54:00,2.0,0.0,0.07787407157459557,60.0,60.93703578729778,0.0
2024-08-03 02:55:00,2.0,0.0,0.0778651419151699,60.0,60.93257095758495,0.0
2024-08-03 02:56:00,2.0,0.0,0.0778562132796899,60.0,60.92810663984495,0.0
2024-08-03 02:57:00,2.0,0.0,0.07784728566803814,60.0,60.92364283401907,0.0
2024-08-03 02:58:00,2.0,0.0,0.07783835908009723,60.0,60.91917954004862,0.0
2024-08-03 02:59:00,2.0,0.0,0.07782943351574978,60.0,60.91471675787489,0.0
2024-08-03 03:00:00,2.0,0.0,0.07782050897487841,60.0,60.910254487439204,0.0
2024-08-03 03:01:00,2.0,0.0,0.07781158545736577,60.0,60.90579272868288,0.0
2024-08-03 03:02:00,2.0,0.0,0.07780266296309449,60.0,60.901331481547246,0.0
2024-08-03 03:03:00,2.0,0.0,0.07779374149194726,60.0,60.89687074597363,0.0
2024-08-03 03:04:00,2.0,0.0,0.07778482104380675,60.0,60.89241052190338,0.0
2024-08-03 03:05:00,2.0,0.0,0.07777590161855569,60.0,60.88795080927784,0.0
2024-08-03 03:06:00,2.0,0.0,0.07776698321607672,60.0,60.88349160803836,0.0
2024-08-03 03:07:00,2.0,0.0,0.07775806583625261,60.0,60.879032918126306,0.0
2024-08-03 03:08:00,2.0,0.0,0.07774914947896609,60.0,60.874574739483045,0.0
2024-08-03 03:09:00,2.0,0.0,0.07774023414409989,60.0,60.87011707204994,0.0
2024-08-03 03:10:00,2.0,0.0,0.07773131983153678,60.0,60.86565991576839,0.0
2024-08-03 03:11:00,2.0,0.0,0.07772240654115954,60.0,60.86120327057977,0.0
2024-08-03 03:12:00,2.0,0.0,0.07771349427285096,60.0,60.856747136425476,0.0
2024-08-03 03:13:00,2.0,0.0,0.07770458302649383,60.0,60.85229151324691,0.0
2024-08-03 03:14:00,2.0,0.0,0.07769567280197096,60.0,60.84783640098548,0.0
2024-08-03 03:15:00,2.0,0.0,0.0776867635991652,60.0,60.843381799582595,0.0
2024-08-03 03:16:00,2.0,0.0,0.07767785541795937,60.0,60.83892770897968,0.0
2024-08-03 03:17:00,2.0,0.0,0.07766894825823632,60.0,60.83447412911816,0.0
2024-08-03 03:18:00,2.0,0.0,0.07766004211987895,60.0,60.830021059939476,0.0
2024-08-03 03:19:00,2.0,0.0,0.07765113700277013,60.0,60.825568501385064,0.0
2024-08-03 03:20:00,2.0,0.0,0.07764223290679274,60.0,60.82111645339637,0.0
2024-08-03 03:21:00,2.0,0.0,0.07763332983182972,60.0,60.816664915914856,0.0
2024-08-03 03:22:00,2.0,0.0,0.07762442777776396,60.0,60.81221388888198,0.0
2024-08-03 03:23:00,2.0,0.0,0.0776155267444784,60.0,60.8077633722392,0.0
2024-08-03 03:24:00,2.0,0.0,0.07760662673185602,60.0,60.803313365928005,0.0
2024-08-03 03:25:00,2.0,0.0,0.07759772773977973,60.0,60.798863869889864,0.0
2024-08-03 03:26:00,2.0,0.0,0.07758882976813256,60.0,60.79441488406628,0.0
2024-08-03 03:27:00,2.0,0.0,0.07757993281679747,60.0,60.78996640839873,0.0
2024-08-03 03:28:00,2.0,0.0,0.07757103688565746,60.0,60.78551844282873,0.0
2024-08-03 03:29:00,2.0,0.0,0.07756214197459556,60.0,60.78107098729778,0.0
2024-08-03 03:30:00,2.0,0.0,0.0775532480834948,60.0,60.7766240417474,0.0
2024-08-03 03:31:00,2.0,0.0,0.07754435521223821,60.0,60.7721776061191,0.0
2024-08-03 03:32:00,2.0,0.0,0.07753546336070885,60.0,60.76773168035442,0.0
2024-08-03 03:33:00,2.0,0.0,0.0775265725287898,60.0,60.7632862643949,0.0
2024-08-03 03:34:00,2.0,0.0,0.07751768271636414,60.0,60.75884135818207,0.0
2024-08-03 03:35:00,2.0,0.0,0.07750879392331496,60.0,60.75439696165748,0.0
2024-08-03 03:36:00,2.0,0.0,0.07749990614952537,60.0,60.749953074762686,0.0
2024-08-03 03:37:00,2.0,0.0,0.07749101939487851,60.0,60.74550969743925,0.0
2024-08-03 03:38:00,2.0,0.0,0.0774821336592575,60.0,60.74106682962875,0.0
2024-08-03 03:39:00,2.0,0.0,0.0774732489425455,60.0,60.73662447127275,0.0
2024-08-03 03:40:00,2.0,0.0,0.07746436524462567,60.0,60.732182622312834,0.0
2024-08-03 03:41:00,2.0,0.0,0.07745548256538118,60.0,60.72774128269059,0.0
2024-08-03 03:42:00,2.0,0.0,0.07744660090469523,60.0,60.723300452347615,0.0
2024-08-03 03:43:00,2.0,0.0,0.07743772026245102,60.0,60.71886013122551,0.0
2024-08-03 03:44:00,2.0,0.0,0.07742884063853177,60.0,60.714420319265884,0.0
2024-08-03 03:45:00,2.0,0.0,0.07741996203282071,60.0,60.70998101641035,0.0
2024-08-03 03:46:00,2.0,0.0,0.07741108444520109,60.0,60.70554222260054,0.0
2024-08-03 03:47:00,2.0,0.0,0.07740220787555614,60.0,60.70110393777807,0.0
2024-08-03 03:48:00,2.0,0.0,0.07739333232376917,60.0,60.696666161884586,0.0
2024-08-03 03:49:00,2.0,0.0,0.07738445778972344,60.0,60.69222889486172,0.0
2024-08-03 03:50:00,2.0,0.0,0.07737558427330227,60.0,60.68779213665113,0.0
2024-08-03 03:51:00,2.0,0.0,0.07736671177438895,60.0,60.68335588719447,0.0
2024-08-03 03:52:00,2.0,11.553360000000001,0.0773578402928668,60.0,60.6789201464334,6.0
2024-08-03 03:53:00,2.0,11.553360000000001,0.07602416982861916,60.0,60.01208491430958,6.0
2024-08-03 03:54:00,2.0,0.0,0.07469065229361732,60.0,59.34532614680866,0.0
2024-08-03 03:55:00,2.0,0.0,0.07468208767032518,60.0,59.34104383516259,0.0
2024-08-03 03:56:00,2.0,0.0,0.07467352402912074,60.0,59.33676201456037,0.0
2024-08-03 03:57:00,2.0,0.0,0.07466496136989141,60.0,59.33248068494571,0.0
2024-08-03 03:58:00,2.0,0.0,0.07465639969252459,60.0,59.328199846262294,0.0
2024-08-03 03:59:00,2.0,0.0,0.07464783899690766,60.0,59.32391949845383,0.0
2024-08-03 04:00:00,2.0,0.0,0.07463927928292809,60.0,59.31963964146404,0.0
2024-08-03 04:01:00,2.0,0.0,0.07463072055047329,60.0,59.31536027523664,0.0
2024-08-03 04:02:00,2.0,0.0,0.07462216279943071,60.0,59.311081399715356,0.0
2024-08-03 04:03:00,2.0,0.0,0.07461360602968783,60.0,59.306803014843915,0.0
2024-08-03 04:04:00,2.0,0.0,0.0746050502411321,60.0,59.30252512056605,0.0
2024-08-03 04:05:00,2.0,0.0,0.07459649543365104,60.0,59.29824771682552,0.0
2024-08-03 04:06:00,2.0,0.0,0.07458794160713214,60.0,59.29397080356607,0.0
2024-08-03 04:07:00,2.0,0.0,0.07457938876146289,60.0,59.28969438073145,0.0
2024-08-03 04:08:00,2.0,0.0,0.07457083689653086,60.0,59.28541844826543,0.0
2024-08-03 04:09:00,2.0,0.0,0.07456228601222357,60.0,59.28114300611178,0.0
2024-08-03 04:10:00,2.0,11.553360000000001,0.07455373610842857,60.0,59.27686805421428,6.0
2024-08-03 04:11:00,2.0,11.553360000000001,0.07322038718503343,60.0,58.610193592516715,6.0
2024-08-03 04:12:00,2.0,0.0,0.072059193065146,60.0,58.029596532572995,0.0
2024-08-03 04:13:00,2.0,0.0,0.0722229320969971,60.0,58.11146604849855,0.0
2024-08-03 04:14:00,2.0,0.0,0.07238665235323061,60.0,58.1933261766153,0.0
2024-08-03 04:15:00,1.0,0.0,0.07255035383599946,60.0,58.27517691799973,0.0
2024-08-03 04:16:00,1.0,0.0,0.0727140365474564,60.0,58.357018273728194,0.0
2024-08-03 04:17:00,1.0,0.0,0.07287770048975387,60.0,58.43885024487693,0.0
2024-08-03 04:18:00,1.0,0.0,0.0730413456650441,60.0,58.520672832522045,0.0
2024-08-03 04:19:00,1.0,0.0,0.07320497207547906,60.0,58.60248603773953,0.0
2024-08-03 04:20:00,1.0,0.0,0.0733685797232105,60.0,58.684289861605244,0.0
2024-08-03 04:21:00,1.0,0.0,0.07353216861038986,60.0,58.76608430519493,0.0
2024-08-03 04:22:00,1.0,0.0,0.0736957387391684,60.0,58.8478693695842,0.0
2024-08-03 04:23:00,1.0,0.0,0.07385929011169712,60.0,58.92964505584856,0.0
2024-08-03 04:24:00,2.0,0.0,0.07402282273012674,60.0,59.01141136506337,0.0
2024-08-03 04:25:00,1.0,0.0,0.07418633659660774,60.0,59.09316829830387,0.0
2024-08-03 04:26:00,1.0,0.0,0.07434983171329042,60.0,59.17491585664521,0.0
2024-08-03 04:27:00,1.0,0.0,0.07451330808232473,60.0,59.25665404116236,0.0
2024-08-03 04:28:00,1.0,0.0,0.07467676570586043,60.0,59.338382852930216,0.0
2024-08-03 04:29:00,1.0,0.0,0.07484020458604705,60.0,59.420102293023525,0.0
2024-08-03 04:30:00,1.0,0.0,0.07500362472503384,60.0,59.50181236251692,0.0
2024-08-03 04:31:00,1.0,0.0,0.07516702612496982,60.0,59.58351306248491,0.0
2024-08-03 04:32:00,1.0,0.0,0.07533040878800375,60.0,59.665204394001876,0.0
2024-08-03 04:33:00,1.0,0.0,0.07549377271628416,60.0,59.74688635814208,0.0
2024-08-03 04:34:00,1.0,0.0,0.07565711791195931,60.0,59.82855895597965,0.0
2024-08-03 04:35:00,1.0,0.0,0.07582044437717723,60.0,59.91022218858862,0.0
2024-08-03 04:36:00,1.0,0.0,0.07598375211408573,60.0,59.991876057042866,0.0
2024-08-03 04:37:00,1.0,0.0,0.07614704112483232,60.0,60.073520562416164,0.0
2024-08-03 04:38:00,1.0,0.0,0.07631031141156432,60.0,60.15515570578216,0.0
2024-08-03 04:39:00,1.0,0.0,0.07647356297642872,60.0,60.23678148821436,0.0
2024-08-03 04:40:00,1.0,0.0,0.07663679582157237,60.0,60.31839791078619,0.0
2024-08-03 04:41:00,1.0,0.0,0.07680000994914181,60.0,60.400004974570905,0.0
2024-08-03 04:42:00,1.0,0.0,0.07696320536128333,60.0,60.481602680641664,0.0
2024-08-03 04:43:00,1.0,0.0,0.07712638206014301,60.0,60.5631910300715,0.0
2024-08-03 04:44:00,1.0,1.92556,0.07728954004786665,60.0,60.64477002393332,1.0
2024-08-03 04:45:00,1.0,0.0,0.07723187932659979,60.0,60.6159396632999,0.0
2024-08-03 04:46:00,1.0,0.0,0.07739502521716914,60.0,60.69751260858457,0.0
2024-08-03 04:47:00,1.0,0.0,0.07755815240013515,60.0,60.77907620006758,0.0
2024-08-03 04:48:00,1.0,0.0,0.07772126087764301,60.0,60.86063043882151,0.0
2024-08-03 04:49:00,1.0,0.0,0.07788435065183766,60.0,60.942175325918825,0.0
2024-08-03 04:50:00,1.0,0.0,0.07804742172486372,60.0,61.023710862431855,0.0
2024-08-03 04:51:00,1.0,0.0,0.0780384721877333,60.0,61.019236093866645,0.0
2024-08-03 04:52:00,1.0,0.0,0.07802952367682786,60.0,61.01476183841393,0.0
2024-08-03 04:53:00,1.0,11.553360000000001,0.07802057619202975,60.0,61.010288096014875,6.0
2024-08-03 04:54:00,1.0,11.553360000000001,0.0766868297332213,60.0,60.34341486661065,6.0
2024-08-03 04:55:00,1.0,0.0,0.07535323621237278,60.0,59.67661810618639,0.0
2024-08-03 04:56:00,1.0,0.0,0.07534459561194709,60.0,59.67229780597354,0.0
2024-08-03 04:57:00,1.0,0.0,0.07533595600232125,60.0,59.66797800116063,0.0
2024-08-03 04:58:00,1.0,0.0,0.07532731738338166,60.0,59.663658691690834,0.0
2024-08-03 04:59:00,1.0,0.0,0.07531867975501473,60.0,59.659339877507364,0.0
2024-08-03 05:00:00,1.0,0.0,0.07531004311710685,60.0,59.65502155855342,0.0
2024-08-03 05:01:00,1.0,0.0,0.07530140746954445,60.0,59.65070373477222,0.0
2024-08-03 05:02:00,1.0,0.0,0.07529277281221397,60.0,59.646386406106984,0.0
2024-08-03 05:03:00,1.0,0.0,0.07528413914500186,60.0,59.64206957250093,0.0
2024-08-03 05:04:00,1.0,0.0,0.0752755064677946,60.0,59.6377532338973,0.0
2024-08-03 05:05:00,1.0,0.0,0.07526687478047867,60.0,59.63343739023933,0.0
2024-08-03 05:06:00,1.0,0.0,0.07525824408294052,60.0,59.62912204147026,0.0
2024-08-03 05:07:00,2.0,0.0,0.0752496143750667,60.0,59.62480718753335,0.0
2024-08-03 05:08:00,2.0,0.0,0.07524098565674371,60.0,59.62049282837185,0.0
2024-08-03 05:09:00,2.0,0.0,0.07523235792785808,60.0,59.61617896392904,0.0
2024-08-03 05:10:00,2.0,1.92556,0.07522373118829635,60.0,59.61186559414818,1.0
2024-08-03 05:11:00,2.0,1.92556,0.0749943054379451,60.0,59.49715271897254,1.0
2024-08-03 05:12:00,2.0,11.553360000000001,0.07476490599537218,60.0,59.38245299768609,6.0
2024-08-03 05:13:00,2.0,11.553360000000001,0.07343153285756096,60.0,58.715766428780476,6.0
2024-08-03 05:14:00,2.0,0.0,0.07227031452603404,60.0,58.13515726301702,0.0
2024-08-03 05:15:00,2.0,0.0,0.07243402934902199,60.0,58.21701467451099,0.0
2024-08-03 05:16:00,2.0,0.0,0.0725977253991683,60.0,58.29886269958415,0.0
2024-08-03 05:17:00,2.0,0.0,0.07276140267862563,60.0,58.380701339312814,0.0
2024-08-03 05:18:00,2.0,0.0,0.07292506118954639,60.0,58.46253059477319,0.0
2024-08-03 05:19:00,2.0,0.0,0.07308870093408269,60.0,58.54435046704135,0.0
2024-08-03 05:20:00,2.0,0.0,0.07325232191438649,60.0,58.62616095719324,0.0
2024-08-03 05:21:00,2.0,1.92556,0.07341592413260939,60.0,58.707962066304695,1.0
2024-08-03 05:22:00,2.0,1.92556,0.07335870759090284,60.0,58.67935379545142,1.0
2024-08-03 05:23:00,2.0,0.0,0.0733014976100993,60.0,58.650748805049645,0.0
2024-08-03 05:24:00,2.0,0.0,0.07346509418944644,60.0,58.732547094723216,0.0
2024-08-03 05:25:00,2.0,0.0,0.0736286720095107,60.0,58.814336004755354,0.0
2024-08-03 05:26:00,2.0,0.0,0.0737922310724432,60.0,58.8961155362216,0.0
2024-08-03 05:27:00,2.0,1.92556,0.07395577138039476,60.0,58.97788569019738,1.0
2024-08-03 05:28:00,2.0,0.0,0.07389849293551598,60.0,58.94924646775799,0.0
2024-08-03 05:29:00,2.0,1.92556,0.07406202105863852,60.0,59.03101052931926,1.0
2024-08-03 05:30:00,2.0,1.92556,0.07400473043032793,60.0,59.00236521516396,1.0
2024-08-03 05:31:00,2.0,0.0,0.0739474463714157,60.0,58.973723185707854,0.0
2024-08-03 05:32:00,2.0,0.0,0.07411096888114857,60.0,59.05548444057428,0.0
2024-08-03 05:33:00,2.0,0.0,0.07427447264009196,60.0,59.13723632004598,0.0
2024-08-03 05:34:00,2.0,0.0,0.07443795765039601,60.0,59.21897882519801,0.0
2024-08-03 05:35:00,2.0,0.0,0.07460142391421058,60.0,59.30071195710529,0.0
2024-08-03 05:36:00,2.0,0.0,0.0747648714336853,60.0,59.38243571684265,0.0
2024-08-03 05:37:00,2.0,11.553360000000001,0.07492830021096954,60.0,59.46415010548477,6.0
2024-08-03 05:38:00,2.0,0.0,0.07376691024821243,60.0,58.88345512410621,0.0
2024-08-03 05:39:00,2.0,0.0,0.07393045345965077,60.0,58.96522672982538,0.0
2024-08-03 05:40:00,2.0,0.0,0.07409397791792581,60.0,59.046988958962906,0.0
2024-08-03 05:41:00,2.0,0.0,0.07425748362518797,60.0,59.12874181259399,0.0
2024-08-03 05:42:00,2.0,0.0,0.07442097058358738,60.0,59.21048529179369,0.0
2024-08-03 05:43:00,2.0,1.92556,0.07458443879527393,60.0,59.29221939763696,1.0
2024-08-03 05:44:00,2.0,0.0,0.07452708826239726,60.0,59.26354413119863,0.0
2024-08-03 05:45:00,2.0,0.0,0.0746905443057881,60.0,59.34527215289405,0.0
2024-08-03 05:46:00,2.0,0.0,0.07485398160601103,60.0,59.426990803005516,0.0
2024-08-03 05:47:00,2.0,0.0,0.07501740016521531,60.0,59.50870008260765,0.0
2024-08-03 05:48:00,2.0,0.0,0.07518079998554993,60.0,59.59039999277496,0.0
2024-08-03 05:49:00,2.0,0.0,0.07534418106916363,60.0,59.67209053458181,0.0
2024-08-03 05:50:00,2.0,0.0,0.07550754341820491,60.0,59.75377170910245,0.0
2024-08-03 05:51:00,2.0,0.0,0.07567088703482201,60.0,59.83544351741101,0.0
2024-08-03 05:52:00,2.0,0.0,0.07583421192116299,60.0,59.917105960581495,0.0
2024-08-03 05:53:00,2.0,0.0,0.07599751807937556,60.0,59.99875903968778,0.0
2024-08-03 05:54:00,2.0,0.0,0.07616080551160727,60.0,60.08040275580363,0.0
2024-08-03 05:55:00,2.0,0.0,0.07632407422000535,60.0,60.16203711000268,0.0
2024-08-03 05:56:00,2.0,0.0,0.07648732420671688,60.0,60.24366210335844,0.0
2024-08-03 05:57:00,2.0,0.0,0.07665055547388859,60.0,60.325277736944294,0.0
2024-08-03 05:58:00,2.0,11.553360000000001,0.07681376802366703,60.0,60.40688401183351,6.0
2024-08-03 05:59:00,2.0,0.0,0.07565216185819847,60.0,59.826080929099234,0.0
2024-08-03 06:00:00,2.0,0.0,0.07581548889171688,60.0,59.90774444585844,0.0
2024-08-03 06:01:00,2.0,0.0,0.07597879719686068,60.0,59.98939859843034,0.0
2024-08-03 06:02:00,2.0,0.0,0.07614208677577743,60.0,60.071043387888714,0.0
2024-08-03 06:03:00,2.0,0.0,0.07630535763061441,60.0,60.152678815307205,0.0
2024-08-03 06:04:00,2.0,0.0,0.07646860976351869,60.0,60.23430488175934,0.0
2024-08-03 06:05:00,2.0,0.0,0.07663184317663706,60.0,60.31592158831853,0.0
2024-08-03 06:06:00,1.0,0.0,0.07679505787211609,60.0,60.397528936058045,0.0
2024-08-03 06:07:00,1.0,0.0,0.07695825385210209,60.0,60.479126926051045,0.0
2024-08-03 06:08:00,1.0,0.0,0.07712143111874113,60.0,60.560715559370564,0.0
2024-08-03 06:09:00,1.0,0.0,0.07728458967417902,60.0,60.64229483708951,0.0
2024-08-03 06:10:00,1.0,0.0,0.07744772952056134,60.0,60.72386476028067,0.0
2024-08-03 06:11:00,1.0,0.0,0.07761085066003343,60.0,60.80542533001671,0.0
2024-08-03 06:12:00,1.0,0.0,0.07777395309474035,60.0,60.886976547370175,0.0
2024-08-03 06:13:00,1.0,1.92556,0.07793703682682696,60.0,60.96851841341348,1.0
2024-08-03 06:14:00,1.0,1.92556,0.07787930185843783,60.0,60.939650929218914,1.0
2024-08-03 06:15:00,1.0,0.0,0.07782157351039863,60.0,60.91078675519932,0.0
2024-08-03 06:16:00,1.0,0.0,0.07798465178195023,60.0,60.99232589097512,0.0
2024-08-03 06:17:00,1.0,0.0,0.07814771135365225,60.0,61.07385567682613,0.0
2024-08-03 06:18:00,1.0,0.0,0.07813875031651663,60.0,61.06937515825831,0.0
2024-08-03 06:19:00,1.0,0.0,0.07812979030692466,60.0,61.06489515346233,0.0
2024-08-03 06:20:00,1.0,0.0,0.07812083132475856,60.0,61.06041566237928,0.0
2024-08-03 06:21:00,1.0,0.0,0.07811187336990048,60.0,61.05593668495024,0.0
2024-08-03 06:22:00,1.0,0.0,0.07810291644223265,60.0,61.05145822111632,0.0
2024-08-03 06:23:00,1.0,0.0,0.07809396054163727,60.0,61.04698027081863,0.0
2024-08-03 06:24:00,1.0,0.0,0.07808500566799656,60.0,61.04250283399828,0.0
2024-08-03 06:25:00,1.0,0.0,0.07807605182119277,60.0,61.03802591059639,0.0
2024-08-03 06:26:00,1.0,0.0,0.07806709900110818,60.0,61.03354950055409,0.0
2024-08-03 06:27:00,1.0,0.0,0.07805814720762501,60.0,61.029073603812506,0.0
2024-08-03 06:28:00,1.0,0.0,0.07804919644062557,60.0,61.02459822031278,0.0
2024-08-03 06:29:00,1.0,0.0,0.07804024669999214,60.0,61.02012334999607,0.0
2024-08-03 06:30:00,1.0,0.0,0.07803129798560704,60.0,61.01564899280352,0.0
2024-08-03 06:31:00,1.0,0.0,0.0780223502973526,60.0,61.0111751486763,0.0
2024-08-03 06:32:00,1.0,0.0,0.07801340363511115,60.0,61.00670181755557,0.0
2024-08-03 06:33:00,1.0,0.0,0.07800445799876504,60.0,61.00222899938252,0.0
2024-08-03 06:34:00,1.0,0.0,0.07799551338819662,60.0,60.99775669409831,0.0
2024-08-03 06:35:00,1.0,0.0,0.07798656980328826,60.0,60.99328490164413,0.0
2024-08-03 06:36:00,1.0,0.0,0.07797762724392239,60.0,60.98881362196119,0.0
2024-08-03 06:37:00,1.0,0.0,0.07796868570998138,60.0,60.984342854990686,0.0
2024-08-03 06:38:00,1.0,0.0,0.07795974520134764,60.0,60.97987260067382,0.0
2024-08-03 06:39:00,1.0,0.0,0.07795080571790364,60.0,60.97540285895182,0.0
2024-08-03 06:40:00,1.0,0.0,0.07794186725953178,60.0,60.97093362976589,0.0
2024-08-03 06:41:00,1.0,0.0,0.07793292982611454,60.0,60.966464913057266,0.0
2024-08-03 06:42:00,1.0,0.0,0.07792399341753438,60.0,60.96199670876719,0.0
2024-08-03 06:43:00,1.0,0.0,0.0779150580336738,60.0,60.957529016836894,0.0
2024-08-03 06:44:00,1.0,0.0,0.07790612367441527,60.0,60.953061837207635,0.0
2024-08-03 06:45:00,1.0,0.0,0.07789719033964133,60.0,60.94859516982066,0.0
2024-08-03 06:46:00,1.0,0.0,0.07788825802923449,60.0,60.944129014617246,0.0
2024-08-03 06:47:00,1.0,0.0,0.0778793267430773,60.0,60.93966337153865,0.0
2024-08-03 06:48:00,1.0,0.0,0.0778703964810523,60.0,60.93519824052615,0.0
2024-08-03 06:49:00,1.0,0.0,0.07786146724304205,60.0,60.93073362152102,0.0
2024-08-03 06:50:00,1.0,0.0,0.07785253902892914,60.0,60.926269514464565,0.0
2024-08-03 06:51:00,1.0,0.0,0.07784361183859614,60.0,60.92180591929807,0.0
2024-08-03 06:52:00,1.0,0.0,0.0778346856719257,60.0,60.91734283596285,0.0
2024-08-03 06:53:00,1.0,0.0,0.07782576052880039,60.0,60.912880264400194,0.0
2024-08-03 06:54:00,1.0,0.0,0.07781683640910286,60.0,60.90841820455143,0.0
2024-08-03 06:55:00,1.0,0.0,0.07780791331271578,60.0,60.903956656357884,0.0
2024-08-03 06:56:00,1.0,0.0,0.07779899123952178,60.0,60.899495619760884,0.0
2024-08-03 06:57:00,1.0,0.0,0.07779007018940352,60.0,60.89503509470176,0.0
2024-08-03 06:58:00,1.0,0.0,0.07778115016224373,60.0,60.89057508112186,0.0
2024-08-03 06:59:00,1.0,0.0,0.07777223115792506,60.0,60.88611557896253,0.0
2024-08-03 07:00:00,1.0,0.0,0.07776331317633027,60.0,60.881656588165136,0.0
2024-08-03 07:01:00,1.0,11.553360000000001,0.07775439621734206,60.0,60.87719810867103,6.0
2024-08-03 07:02:00,1.0,0.0,0.07642068028084319,60.0,60.21034014042159,0.0
2024-08-03 07:03:00,1.0,0.0,0.0764119172788043,60.0,60.20595863940215,0.0
2024-08-03 07:04:00,1.0,0.0,0.0764031552816008,60.0,60.2015776408004,0.0
2024-08-03 07:05:00,1.0,0.0,0.07639439428911748,60.0,60.19719714455874,0.0
2024-08-03 07:06:00,1.0,0.0,0.07638563430123914,60.0,60.19281715061957,0.0
2024-08-03 07:07:00,1.0,0.0,0.07637687531785056,60.0,60.18843765892528,0.0
2024-08-03 07:08:00,1.0,0.0,0.07636811733883657,60.0,60.184058669418285,0.0
2024-08-03 07:09:00,1.0,0.0,0.076359360364082,60.0,60.179680182041,0.0
2024-08-03 07:10:00,1.0,0.0,0.07635060439347169,60.0,60.17530219673584,0.0
2024-08-03 07:11:00,1.0,0.0,0.0763418494268905,60.0,60.170924713445245,0.0
2024-08-03 07:12:00,1.0,0.0,0.07633309546422329,60.0,60.166547732111646,0.0
2024-08-03 07:13:00,1.0,0.0,0.07632434250535497,60.0,60.16217125267748,0.0
2024-08-03 07:14:00,1.0,0.0,0.0763155905501704,60.0,60.1577952750852,0.0
2024-08-03 07:15:00,1.0,0.0,0.07630683959855451,60.0,60.15341979927726,0.0
2024-08-03 07:16:00,1.0,0.0,0.07629808965039224,60.0,60.14904482519612,0.0
2024-08-03 07:17:00,1.0,0.0,0.0762893407055685,60.0,60.14467035278425,0.0
2024-08-03 07:18:00,1.0,0.0,0.07628059276396824,60.0,60.14029638198412,0.0
2024-08-03 07:19:00,1.0,0.0,0.07627184582547643,60.0,60.135922912738216,0.0
2024-08-03 07:20:00,1.0,0.0,0.07626309988997805,60.0,60.131549944989025,0.0
2024-08-03 07:21:00,1.0,0.0,0.07625435495735809,60.0,60.127177478679044,0.0
2024-08-03 07:22:00,1.0,0.0,0.07624561102750155,60.0,60.12280551375077,0.0
2024-08-03 07:23:00,1.0,0.0,0.07623686810029343,60.0,60.11843405014671,0.0
2024-08-03 07:24:00,1.0,0.0,0.07622812617561876,60.0,60.11406308780938,0.0
2024-08-03 07:25:00,1.0,0.0,0.0762193852533626,60.0,60.109692626681294,0.0
2024-08-03 07:26:00,1.0,0.0,0.07621064533340999,60.0,60.10532266670499,0.0
2024-08-03 07:27:00,1.0,0.0,0.076201906415646,60.0,60.100953207823004,0.0
2024-08-03 07:28:00,1.0,0.0,0.07619316849995574,60.0,60.096584249977866,0.0
2024-08-03 07:29:00,1.0,0.0,0.07618443158622425,60.0,60.092215793112125,0.0
2024-08-03 07:30:00,1.0,0.0,0.07617569567433669,60.0,60.08784783716834,0.0
2024-08-03 07:31:00,1.0,0.0,0.07616696076417813,60.0,60.083480382089064,0.0
2024-08-03 07:32:00,1.0,0.0,0.07615822685563374,60.0,60.07911342781687,0.0
2024-08-03 07:33:00,1.0,0.0,0.07614949394858866,60.0,60.07474697429433,0.0
2024-08-03 07:34:00,1.0,0.0,0.07614076204292805,60.0,60.07038102146402,0.0
2024-08-03 07:35:00,1.0,0.0,0.07613203113853707,60.0,60.06601556926854,0.0
2024-08-03 07:36:00,1.0,0.0,0.07612330123530094,60.0,60.061650617650464,0.0
2024-08-03 07:37:00,3.0,0.0,0.07611457233310481,60.0,60.05728616655241,0.0
2024-08-03 07:38:00,3.0,0.0,0.07610584443183395,60.0,60.05292221591697,0.0
2024-08-03 07:39:00,3.0,0.0,0.07609711753137353,60.0,60.048558765686764,0.0
2024-08-03 07:40:00,3.0,0.0,0.07608839163160881,60.0,60.04419581580441,0.0
2024-08-03 07:41:00,3.0,0.0,0.07607966673242507,60.0,60.039833366212534,0.0
2024-08-03 07:42:00,3.0,0.0,0.07607094283370755,60.0,60.035471416853774,0.0
2024-08-03 07:43:00,3.0,0.0,0.07606221993534151,60.0,60.03110996767076,0.0
2024-08-03 07:44:00,3.0,0.0,0.07605349803721229,60.0,60.02674901860614,0.0
2024-08-03 07:45:00,3.0,0.0,0.07604477713920516,60.0,60.022388569602576,0.0
2024-08-03 07:46:00,3.0,0.0,0.07603605724120545,60.0,60.01802862060272,0.0
2024-08-03 07:47:00,3.0,0.0,0.07602733834309847,60.0,60.01366917154923,0.0
2024-08-03 07:48:00,3.0,0.0,0.07601862044476958,60.0,60.00931022238479,0.0
2024-08-03 07:49:00,3.0,0.0,0.07600990354610415,60.0,60.00495177305208,0.0
2024-08-03 07:50:00,3.0,0.0,0.07600118764698754,60.0,60.00059382349377,0.0
2024-08-03 07:51:00,3.0,0.0,0.07599247274730514,60.0,59.99623637365257,0.0
2024-08-03 07:52:00,3.0,0.0,0.07598375884694233,60.0,59.99187942347117,0.0
2024-08-03 07:53:00,3.0,0.0,0.07597504594578454,60.0,59.98752297289227,0.0
2024-08-03 07:54:00,3.0,0.0,0.07596633404371718,60.0,59.98316702185859,0.0
2024-08-03 07:55:00,3.0,0.0,0.0759576231406257,60.0,59.97881157031284,0.0
2024-08-03 07:56:00,3.0,0.0,0.07594891323639551,60.0,59.974456618197756,0.0
2024-08-03 07:57:00,3.0,0.0,0.07594020433091213,60.0,59.97010216545606,0.0
2024-08-03 07:58:00,3.0,0.0,0.075931496424061,60.0,59.9657482120305,0.0
2024-08-03 07:59:00,3.0,0.0,0.07592278951572762,60.0,59.96139475786381,0.0
2024-08-03 08:00:00,3.0,0.0,0.07591408360579747,60.0,59.957041802898736,0.0
2024-08-03 08:01:00,3.0,0.0,0.0759053786941561,60.0,59.95268934707805,0.0
2024-08-03 08:02:00,3.0,0.0,0.07589667478068902,60.0,59.94833739034451,0.0
2024-08-03 08:03:00,3.0,0.0,0.07588797186528179,60.0,59.94398593264089,0.0
2024-08-03 08:04:00,3.0,0.0,0.07587926994781992,60.0,59.93963497390996,0.0
2024-08-03 08:05:00,3.0,0.0,0.07587056902818902,60.0,59.93528451409451,0.0
2024-08-03 08:06:00,3.0,0.0,0.07586186910627465,60.0,59.93093455313733,0.0
2024-08-03 08:07:00,3.0,0.0,0.07585317018196243,60.0,59.92658509098121,0.0
2024-08-03 08:08:00,3.0,0.0,0.07584447225513793,60.0,59.922236127568965,0.0
2024-08-03 08:09:00,3.0,0.0,0.0758357753256868,60.0,59.9178876628434,0.0
2024-08-03 08:10:00,3.0,0.0,0.07582707939349465,60.0,59.91353969674732,0.0
2024-08-03 08:11:00,3.0,0.0,0.07581838445844713,60.0,59.909192229223564,0.0
2024-08-03 08:12:00,3.0,0.0,0.0758096905204299,60.0,59.904845260214955,0.0
2024-08-03 08:13:00,3.0,0.0,0.07580099757932866,60.0,59.90049878966433,0.0
2024-08-03 08:14:00,3.0,0.0,0.07579230563502909,60.0,59.89615281751454,0.0
2024-08-03 08:15:00,3.0,0.0,0.07578361468741684,60.0,59.89180734370842,0.0
2024-08-03 08:16:00,1.0,0.0,0.07577492473637767,60.0,59.887462368188835,0.0
2024-08-03 08:17:00,1.0,0.0,0.0757662357817973,60.0,59.883117890898646,0.0
2024-08-03 08:18:00,1.0,1.92556,0.07575754782356144,60.0,59.87877391178072,1.0
2024-08-03 08:19:00,1.0,1.92556,0.07552806086155588,60.0,59.764030430777936,1.0
2024-08-03 08:20:00,1.0,0.0,0.07529860021434767,60.0,59.649300107173836,0.0
2024-08-03 08:21:00,1.0,0.0,0.07528996587891937,60.0,59.64498293945968,0.0
2024-08-03 08:22:00,1.0,0.0,0.07528133253357253,60.0,59.64066626678626,0.0
2024-08-03 08:23:00,1.0,0.0,0.07527270017819362,60.0,59.63635008909681,0.0
2024-08-03 08:24:00,1.0,0.0,0.07526406881266913,60.0,59.63203440633456,0.0
2024-08-03 08:25:00,1.0,0.0,0.07525543843688554,60.0,59.62771921844277,0.0
2024-08-03 08:26:00,1.0,0.0,0.07524680905072939,60.0,59.62340452536469,0.0
2024-08-03 08:27:00,1.0,0.0,0.07523818065408716,60.0,59.61909032704358,0.0
2024-08-03 08:28:00,1.0,0.0,0.07522955324684541,60.0,59.614776623422706,0.0
2024-08-03 08:29:00,1.0,0.0,0.07522092682889069,60.0,59.61046341444534,0.0
2024-08-03 08:30:00,1.0,0.0,0.07521230140010954,60.0,59.60615070005477,0.0
2024-08-03 08:31:00,1.0,0.0,0.07520367696038854,60.0,59.601838480194274,0.0
2024-08-03 08:32:00,1.0,0.0,0.0751950535096143,60.0,59.597526754807156,0.0
2024-08-03 08:33:00,1.0,0.0,0.0751864310476734,60.0,59.593215523836705,0.0
2024-08-03 08:34:00,1.0,0.0,0.07517780957445247,60.0,59.588904787226234,0.0
2024-08-03 08:35:00,1.0,0.0,0.0751691890898381,60.0,59.58459454491905,0.0
2024-08-03 08:36:00,1.0,0.0,0.07516056959371696,60.0,59.58028479685848,0.0
2024-08-03 08:37:00,1.0,0.0,0.07515195108597568,60.0,59.57597554298784,0.0
2024-08-03 08:38:00,1.0,0.0,0.07514333356650095,60.0,59.57166678325047,0.0
2024-08-03 08:39:00,1.0,1.92556,0.0751347170351794,60.0,59.5673585175897,1.0
2024-08-03 08:40:00,1.0,0.0,0.07490530149189778,60.0,59.45265074594889,0.0
2024-08-03 08:41:00,1.0,0.0,0.07489671225522408,60.0,59.44835612761204,0.0
2024-08-03 08:42:00,1.0,0.0,0.07488812400346047,60.0,59.44406200173023,0.0
2024-08-03 08:43:00,1.0,0.0,0.07487953673649399,60.0,59.439768368246995,0.0
2024-08-03 08:44:00,1.0,0.0,0.07487095045421174,60.0,59.43547522710587,0.0
2024-08-03 08:45:00,1.0,0.0,0.07486236515650078,60.0,59.43118257825039,0.0
2024-08-03 08:46:00,1.0,0.0,0.07485378084324824,60.0,59.42689042162412,0.0
2024-08-03 08:47:00,1.0,0.0,0.07484519751434124,60.0,59.42259875717062,0.0
2024-08-03 08:48:00,1.0,0.0,0.07483661516966687,60.0,59.418307584833435,0.0
2024-08-03 08:49:00,1.0,0.0,0.0748280338091123,60.0,59.41401690455615,0.0
2024-08-03 08:50:00,1.0,0.0,0.07481945343256467,60.0,59.409726716282336,0.0
2024-08-03 08:51:00,1.0,11.553360000000001,0.07481087403991116,60.0,59.40543701995558,6.0
2024-08-03 08:52:00,1.0,0.0,0.07347749563103892,60.0,58.73874781551946,0.0
2024-08-03 08:53:00,1.0,0.0,0.07364107202905543,60.0,58.82053601452771,0.0
2024-08-03 08:54:00,1.0,0.0,0.0738046296701032,60.0,58.902314835051605,0.0
2024-08-03 08:55:00,1.0,0.0,0.07396816855633312,60.0,58.984084278166556,0.0
2024-08-03 08:56:00,1.0,0.0,0.0741316886898957,60.0,59.06584434494785,0.0
2024-08-03 08:57:00,1.0,0.0,0.0742951900729413,60.0,59.14759503647065,0.0
2024-08-03 08:58:00,1.0,0.0,0.07445867270761998,60.0,59.22933635380999,0.0
2024-08-03 08:59:00,1.0,1.92556,0.0746221365960816,60.0,59.3110682980408,1.0
2024-08-03 09:00:00,1.0,0.0,0.07456478174047575,60.0,59.282390870237876,0.0
2024-08-03 09:01:00,1.0,0.0,0.07472823346163308,60.0,59.36411673081654,0.0
2024-08-03 09:02:00,1.0,0.0,0.07489166644011813,60.0,59.445833220059065,0.0
2024-08-03 09:03:00,1.0,0.0,0.07505508067808009,60.0,59.527540339040044,0.0
2024-08-03 09:04:00,1.0,0.0,0.07521847617766789,60.0,59.60923808883394,0.0
2024-08-03 09:05:00,1.0,0.0,0.07538185294103023,60.0,59.69092647051511,0.0
2024-08-03 09:06:00,1.0,0.0,0.07554521097031552,60.0,59.77260548515776,0.0
2024-08-03 09:07:00,1.0,0.0,0.07570855026767201,60.0,59.854275133836005,0.0
2024-08-03 09:08:00,1.0,0.0,0.07587187083524762,60.0,59.93593541762381,0.0
2024-08-03 09:09:00,1.0,0.0,0.07603517267519007,60.0,60.017586337595034,0.0
2024-08-03 09:10:00,1.0,0.0,0.0761984557896468,60.0,60.0992278948234,0.0
2024-08-03 09:11:00,1.0,11.553360000000001,0.07636172018076505,60.0,60.180860090382524,6.0
2024-08-03 09:12:00,1.0,11.553360000000001,0.07520016585069177,60.0,59.60008292534588,6.0
2024-08-03 09:13:00,1.0,0.0,0.07403874471366159,60.0,59.01937235683079,0.0
2024-08-03 09:14:00,1.0,0.0,0.07420225675440155,60.0,59.10112837720077,0.0
2024-08-03 09:15:00,1.0,0.0,0.0743657500455525,60.0,59.18287502277625,0.0
2024-08-03 09:16:00,1.0,0.0,0.07452922458926443,60.0,59.264612294632215,0.0
2024-08-03 09:17:00,1.0,0.0,0.07469268038768706,60.0,59.34634019384353,0.0
2024-08-03 09:18:00,1.0,0.0,0.0748561174429699,60.0,59.428058721484945,0.0
2024-08-03 09:19:00,1.0,0.0,0.07501953575726215,60.0,59.509767878631074,0.0
2024-08-03 09:20:00,1.0,0.0,0.07518293533271282,60.0,59.59146766635641,0.0
2024-08-03 09:21:00,1.0,0.0,0.07534631617147065,60.0,59.673158085735324,0.0
2024-08-03 09:22:00,1.0,0.0,0.07550967827568414,60.0,59.75483913784207,0.0
2024-08-03 09:23:00,1.0,0.0,0.07567302164750155,60.0,59.83651082375077,0.0
2024-08-03 09:24:00,1.0,13.47892,0.07583634628907088,60.0,59.91817314453544,7.0
2024-08-03 09:25:00,1.0,1.92556,0.07445405220253988,60.0,59.22702610126994,1.0
2024-08-03 09:26:00,1.0,0.0,0.07439671662082531,60.0,59.19835831041265,0.0
2024-08-03 09:27:00,1.0,0.0,0.07456018761366381,60.0,59.28009380683191,0.0
2024-08-03 09:28:00,1.0,0.0,0.0747236398616202,60.0,59.3618199308101,0.0
2024-08-03 09:29:00,1.0,0.0,0.07488707336684391,60.0,59.443536683421954,0.0
2024-08-03 09:30:00,1.0,0.0,0.07505048813148411,60.0,59.52524406574206,0.0
2024-08-03 09:31:00,1.0,0.0,0.07521388415768977,60.0,59.60694207884489,0.0
2024-08-03 09:32:00,1.0,0.0,0.07537726144760959,60.0,59.68863072380479,0.0
2024-08-03 09:33:00,1.0,0.0,0.075540620003392,60.0,59.770310001696,0.0
2024-08-03 09:34:00,1.0,0.0,0.0757039598271852,60.0,59.8519799135926,0.0
2024-08-03 09:35:00,1.0,0.0,0.07586728092113716,60.0,59.93364046056858,0.0
2024-08-03 09:36:00,1.0,0.0,0.07603058328739562,60.0,60.01529164369781,0.0
2024-08-03 09:37:00,1.0,0.0,0.076193866928108,60.0,60.096933464054004,0.0
2024-08-03 09:38:00,1.0,0.0,0.07635713184542155,60.0,60.178565922710774,0.0
2024-08-03 09:39:00,1.0,0.0,0.07652037804148323,60.0,60.26018902074161,0.0
2024-08-03 09:40:00,3.0,0.0,0.07668360551843978,60.0,60.34180275921989,0.0
2024-08-03 09:41:00,3.0,0.0,0.07684681427843766,60.0,60.42340713921883,0.0
2024-08-03 09:42:00,3.0,0.0,0.07701000432362312,60.0,60.50500216181156,0.0
2024-08-03 09:43:00,3.0,0.0,0.07717317565614215,60.0,60.586587828071075,0.0
2024-08-03 09:44:00,3.0,0.0,0.07733632827814049,60.0,60.66816413907024,0.0
2024-08-03 09:45:00,3.0,0.0,0.07749946219176362,60.0,60.74973109588181,0.0
2024-08-03 09:46:00,3.0,0.0,0.07766257739915683,60.0,60.831288699578415,0.0
2024-08-03 09:47:00,3.0,0.0,0.0778256739024651,60.0,60.91283695123255,0.0
2024-08-03 09:48:00,3.0,0.0,0.0779887517038332,60.0,60.994375851916594,0.0
2024-08-03 09:49:00,3.0,0.0,0.07815181080540562,60.0,61.07590540270281,0.0
2024-08-03 09:50:00,3.0,0.0,0.07814284929819429,60.0,61.071424649097146,0.0
2024-08-03 09:51:00,3.0,0.0,0.07813388881858055,60.0,61.06694440929027,0.0
2024-08-03 09:52:00,3.0,0.0,0.07812492936644655,60.0,61.062464683223276,0.0
2024-08-03 09:53:00,3.0,0.0,0.07811597094167448,60.0,61.05798547083724,0.0
2024-08-03 09:54:00,3.0,0.0,0.07810701354414652,60.0,61.05350677207326,0.0
2024-08-03 09:55:00,3.0,0.0,0.0780980571737449,60.0,61.04902858687245,0.0
2024-08-03 09:56:00,3.0,0.0,0.07808910183035184,60.0,61.04455091517592,0.0
2024-08-03 09:57:00,3.0,0.0,0.07808014751384955,60.0,61.04007375692478,0.0
2024-08-03 09:58:00,3.0,0.0,0.0780711942241203,60.0,61.03559711206015,0.0
2024-08-03 09:59:00,3.0,0.0,0.07806224196104636,60.0,61.03112098052318,0.0
2024-08-03 10:00:00,3.0,0.0,0.07805329072450996,60.0,61.02664536225498,0.0
2024-08-03 10:01:00,3.0,0.0,0.07804434051439345,60.0,61.02217025719672,0.0
2024-08-03 10:02:00,3.0,0.0,0.07803539133057907,60.0,61.01769566528954,0.0
2024-08-03 10:03:00,3.0,0.0,0.0780264431729492,60.0,61.0132215864746,0.0
2024-08-03 10:04:00,3.0,0.0,0.07801749604138612,60.0,61.00874802069306,0.0
2024-08-03 10:05:00,3.0,0.0,0.0780085499357722,60.0,61.004274967886104,0.0
2024-08-03 10:06:00,3.0,0.0,0.07799960485598981,60.0,60.9998024279949,0.0
2024-08-03 10:07:00,3.0,0.0,0.07799066080192127,60.0,60.99533040096063,0.0
2024-08-03 10:08:00,3.0,0.0,0.07798171777344899,60.0,60.990858886724496,0.0
2024-08-03 10:09:00,3.0,0.0,0.07797277577045539,60.0,60.98638788522769,0.0
2024-08-03 10:10:00,3.0,0.0,0.07796383479282284,60.0,60.98191739641142,0.0
2024-08-03 10:11:00,3.0,0.0,0.0779548948404338,60.0,60.9774474202169,0.0
2024-08-03 10:12:00,3.0,0.0,0.07794595591317068,60.0,60.97297795658534,0.0
2024-08-03 10:13:00,3.0,0.0,0.07793701801091595,60.0,60.968509005457975,0.0
2024-08-03 10:14:00,3.0,0.0,0.07792808113355205,60.0,60.96404056677603,0.0
2024-08-03 10:15:00,1.0,0.0,0.07791914528096149,60.0,60.959572640480744,0.0
2024-08-03 10:16:00,1.0,1.92556,0.07791021045302673,60.0,60.95510522651337,1.0
2024-08-03 10:17:00,1.0,1.92556,0.0776804766496303,60.0,60.840238324815154,1.0
2024-08-03 10:18:00,1.0,0.0,0.07745076918933604,60.0,60.725384594668014,0.0
2024-08-03 10:19:00,1.0,0.0,0.07744188806912321,60.0,60.720944034561604,0.0
2024-08-03 10:20:00,1.0,0.0,0.07743300796729015,60.0,60.716503983645076,0.0
2024-08-03 10:21:00,1.0,0.0,0.07742412888372009,60.0,60.71206444186004,0.0
2024-08-03 10:22:00,1.0,0.0,0.07741525081829624,60.0,60.70762540914812,0.0
2024-08-03 10:23:00,1.0,0.0,0.07740637377090188,60.0,60.70318688545094,0.0
2024-08-03 10:24:00,1.0,0.0,0.07739749774142027,60.0,60.69874887071013,0.0
2024-08-03 10:25:00,1.0,0.0,0.07738862272973468,60.0,60.69431136486734,0.0
2024-08-03 10:26:00,1.0,0.0,0.07737974873572841,60.0,60.6898743678642,0.0
2024-08-03 10:27:00,1.0,13.47892,0.07737087575928475,60.0,60.68543787964237,7.0
2024-08-03 10:28:00,1.0,11.553360000000001,0.07581640380028702,60.0,59.90820190014351,6.0
2024-08-03 10:29:00,1.0,0.0,0.0744829100893878,60.0,59.2414550446939,0.0
2024-08-03 10:30:00,1.0,0.0,0.07447436928746642,60.0,59.23718464373321,0.0
2024-08-03 10:31:00,1.0,0.0,0.07446582946490121,60.0,59.2329147324506,0.0
2024-08-03 10:32:00,1.0,0.0,0.07445729062157987,60.0,59.22864531078993,0.0
2024-08-03 10:33:00,1.0,0.0,0.0744487527573901,60.0,59.22437637869505,0.0
2024-08-03 10:34:00,1.0,0.0,0.07444021587221963,60.0,59.22010793610982,0.0
2024-08-03 10:35:00,1.0,0.0,0.07443167996595622,60.0,59.21583998297811,0.0
2024-08-03 10:36:00,1.0,0.0,0.0744231450384876,60.0,59.211572519243795,0.0
2024-08-03 10:37:00,1.0,0.0,0.07441461108970153,60.0,59.20730554485076,0.0
2024-08-03 10:38:00,1.0,0.0,0.07440607811948578,60.0,59.20303905974289,0.0
2024-08-03 10:39:00,1.0,0.0,0.07439754612772818,60.0,59.19877306386409,0.0
2024-08-03 10:40:00,1.0,0.0,0.07438901511431649,60.0,59.194507557158246,0.0
2024-08-03 10:41:00,1.0,0.0,0.07438048507913855,60.0,59.190242539569276,0.0
2024-08-03 10:42:00,1.0,0.0,0.07437195602208217,60.0,59.18597801104109,0.0
2024-08-03 10:43:00,1.0,0.0,0.0743634279430352,60.0,59.1817139715176,0.0
2024-08-03 10:44:00,1.0,11.553360000000001,0.0743549008418855,60.0,59.17745042094275,6.0
2024-08-03 10:45:00,1.0,0.0,0.07302157471852093,60.0,58.51078735926046,0.0
2024-08-03 10:46:00,1.0,0.0,0.07318520339604961,60.0,58.59260169802481,0.0
2024-08-03 10:47:00,1.0,0.0,0.07334881331061481,60.0,58.67440665530741,0.0
2024-08-03 10:48:00,1.0,0.0,0.07351240446436802,60.0,58.75620223218401,0.0
2024-08-03 10:49:00,1.0,0.0,0.07367597685946049,60.0,58.837988429730245,0.0
2024-08-03 10:50:00,1.0,0.0,0.07383953049804326,60.0,58.91976524902163,0.0
2024-08-03 10:51:00,1.0,0.0,0.07400306538226709,60.0,59.00153269113354,0.0
2024-08-03 10:52:00,1.0,0.0,0.0741665815142825,60.0,59.08329075714125,0.0
2024-08-03 10:53:00,1.0,0.0,0.07433007889623977,60.0,59.165039448119884,0.0
2024-08-03 10:54:00,1.0,0.0,0.07449355753028894,60.0,59.24677876514447,0.0
2024-08-03 10:55:00,1.0,0.0,0.07465701741857979,60.0,59.32850870928989,0.0
2024-08-03 10:56:00,1.0,0.0,0.07482045856326183,60.0,59.41022928163092,0.0
2024-08-03 10:57:00,1.0,0.0,0.0749838809664844,60.0,59.491940483242196,0.0
2024-08-03 10:58:00,1.0,0.0,0.0751472846303965,60.0,59.57364231519825,0.0
2024-08-03 10:59:00,1.0,0.0,0.07531066955714695,60.0,59.655334778573476,0.0
2024-08-03 11:00:00,1.0,1.92556,0.07547403574888431,60.0,59.73701787444215,1.0
2024-08-03 11:01:00,1.0,1.92556,0.07541658320775686,60.0,59.70829160387843,1.0
2024-08-03 11:02:00,1.0,0.0,0.075359137254594,60.0,59.679568627297,0.0
2024-08-03 11:03:00,1.0,0.0,0.07552249788864031,60.0,59.76124894432015,0.0
2024-08-03 11:04:00,1.0,0.0,0.0756858397904591,60.0,59.84291989522955,0.0
2024-08-03 11:05:00,1.0,0.0,0.07584916296219836,60.0,59.92458148109918,0.0
2024-08-03 11:06:00,1.0,0.0,0.07601246740600585,60.0,60.00623370300293,0.0
2024-08-03 11:07:00,1.0,0.0,0.07617575312402906,60.0,60.08787656201453,0.0
2024-08-03 11:08:00,1.0,0.0,0.07633902011841522,60.0,60.16951005920761,0.0
2024-08-03 11:09:00,1.0,0.0,0.07650226839131134,60.0,60.25113419565567,0.0
2024-08-03 11:10:00,1.0,0.0,0.07666549794486419,60.0,60.33274897243209,0.0
2024-08-03 11:11:00,1.0,0.0,0.07682870878122025,60.0,60.41435439061012,0.0
2024-08-03 11:12:00,1.0,0.0,0.07699190090252579,60.0,60.49595045126289,0.0
2024-08-03 11:13:00,1.0,0.0,0.07715507431092683,60.0,60.57753715546342,0.0
2024-08-03 11:14:00,1.0,1.92556,0.07731822900856916,60.0,60.65911450428458,1.0
2024-08-03 11:15:00,3.0,0.0,0.07726056499759829,60.0,60.63028249879914,0.0
2024-08-03 11:16:00,3.0,0.0,0.07742370759884079,60.0,60.711853799420396,0.0
2024-08-03 11:17:00,3.0,0.0,0.07758683149285718,60.0,60.793415746428586,0.0
2024-08-03 11:18:00,3.0,0.0,0.07774993668179253,60.0,60.87496834089627,0.0
2024-08-03 11:19:00,3.0,0.0,0.07791302316779175,60.0,60.956511583895875,0.0
2024-08-03 11:20:00,3.0,0.0,0.07807609095299946,60.0,61.038045476499725,0.0
2024-08-03 11:21:00,3.0,0.0,0.07806713812842768,60.0,61.033569064213836,0.0
2024-08-03 11:22:00,3.0,0.0,0.07805818633045786,60.0,61.02909316522893,0.0
2024-08-03 11:23:00,3.0,0.0,0.07804923555897228,60.0,61.02461777948614,0.0
2024-08-03 11:24:00,3.0,0.0,0.07804028581385325,60.0,61.02014290692662,0.0
2024-08-03 11:25:00,3.0,0.0,0.07803133709498304,60.0,61.01566854749152,0.0
2024-08-03 11:26:00,3.0,0.0,0.07802238940224401,60.0,61.01119470112201,0.0
2024-08-03 11:27:00,3.0,0.0,0.07801344273551848,60.0,61.00672136775924,0.0
2024-08-03 11:28:00,3.0,0.0,0.0780044970946888,60.0,61.0022485473444,0.0
2024-08-03 11:29:00,3.0,0.0,0.07799555247963733,60.0,60.99777623981866,0.0
2024-08-03 11:30:00,3.0,0.0,0.07798660889024644,60.0,60.99330444512322,0.0
2024-08-03 11:31:00,1.0,0.0,0.07797766632639855,60.0,60.988833163199274,0.0
2024-08-03 11:32:00,1.0,0.0,0.07796872478797603,60.0,60.984362393988015,0.0
2024-08-03 11:33:00,1.0,0.0,0.0779597842748613,60.0,60.97989213743065,0.0
2024-08-03 11:34:00,1.0,0.0,0.07795084478693681,60.0,60.975422393468406,0.0
2024-08-03 11:35:00,1.0,0.0,0.077941906324085,60.0,60.9709531620425,0.0
2024-08-03 11:36:00,1.0,0.0,0.07793296888618831,60.0,60.96648444309415,0.0
2024-08-03 11:37:00,1.0,0.0,0.07792403247312922,60.0,60.96201623656461,0.0
2024-08-03 11:38:00,1.0,0.0,0.0779150970847902,60.0,60.9575485423951,0.0
2024-08-03 11:39:00,1.0,0.0,0.07790616272105377,60.0,60.95308136052689,0.0
2024-08-03 11:40:00,1.0,0.0,0.07789722938180244,60.0,60.948614690901216,0.0
2024-08-03 11:41:00,1.0,0.0,0.07788829706691872,60.0,60.944148533459355,0.0
2024-08-03 11:42:00,1.0,0.0,0.07787936577628514,60.0,60.93968288814257,0.0
2024-08-03 11:43:00,1.0,0.0,0.07787043550978427,60.0,60.935217754892136,0.0
2024-08-03 11:44:00,1.0,0.0,0.07786150626729868,60.0,60.93075313364934,0.0
2024-08-03 11:45:00,1.0,0.0,0.07785257804871094,60.0,60.92628902435547,0.0
2024-08-03 11:46:00,1.0,0.0,0.07784365085390364,60.0,60.92182542695182,0.0
2024-08-03 11:47:00,1.0,0.0,0.07783472468275937,60.0,60.917362341379686,0.0
2024-08-03 11:48:00,1.0,0.0,0.07782579953516076,60.0,60.912899767580384,0.0
2024-08-03 11:49:00,1.0,0.0,0.07781687541099046,60.0,60.90843770549523,0.0
2024-08-03 11:50:00,1.0,0.0,0.0778079523101311,60.0,60.90397615506555,0.0
2024-08-03 11:51:00,1.0,0.0,0.07779903023246534,60.0,60.89951511623267,0.0
2024-08-03 11:52:00,1.0,0.0,0.07779010917787586,60.0,60.89505458893793,0.0
2024-08-03 11:53:00,1.0,0.0,0.07778118914624534,60.0,60.89059457312267,0.0
2024-08-03 11:54:00,1.0,0.0,0.07777227013745648,60.0,60.88613506872824,0.0
2024-08-03 11:55:00,1.0,0.0,0.07776335215139199,60.0,60.88167607569599,0.0
2024-08-03 11:56:00,1.0,0.0,0.0777544351879346,60.0,60.877217593967295,0.0
2024-08-03 11:57:00,1.0,0.0,0.07774551924696704,60.0,60.87275962348352,0.0
2024-08-03 11:58:00,1.0,0.0,0.07773660432837207,60.0,60.868302164186034,0.0
2024-08-03 11:59:00,1.0,0.0,0.07772769043203247,60.0,60.86384521601623,0.0
2024-08-03 12:00:00,1.0,0.0,0.07771877755783099,60.0,60.859388778915495,0.0
2024-08-03 12:01:00,1.0,0.0,0.07770986570565044,60.0,60.85493285282522,0.0
2024-08-03 12:02:00,1.0,0.0,0.07770095487537364,60.0,60.85047743768682,0.0
2024-08-03 12:03:00,1.0,0.0,0.0776920450668834,60.0,60.8460225334417,0.0
2024-08-03 12:04:00,1.0,0.0,0.07768313628006254,60.0,60.84156814003127,0.0
2024-08-03 12:05:00,1.0,0.0,0.07767422851479393,60.0,60.83711425739696,0.0
2024-08-03 12:06:00,1.0,0.0,0.0776653217709604,60.0,60.8326608854802,0.0
2024-08-03 12:07:00,3.0,0.0,0.07765641604844487,60.0,60.828208024222434,0.0
2024-08-03 12:08:00,3.0,0.0,0.07764751134713019,60.0,60.823755673565095,0.0
2024-08-03 12:09:00,3.0,0.0,0.07763860766689928,60.0,60.81930383344964,0.0
2024-08-03 12:10:00,3.0,0.0,0.07762970500763504,60.0,60.81485250381752,0.0
2024-08-03 12:11:00,3.0,0.0,0.07762080336922039,60.0,60.8104016846102,0.0
2024-08-03 12:12:00,3.0,0.0,0.07761190275153831,60.0,60.805951375769155,0.0
2024-08-03 12:13:00,3.0,0.0,0.07760300315447172,60.0,60.80150157723586,0.0
2024-08-03 12:14:00,3.0,0.0,0.07759410457790361,60.0,60.797052288951804,0.0
2024-08-03 12:15:00,3.0,0.0,0.07758520702171694,60.0,60.79260351085847,0.0
2024-08-03 12:16:00,3.0,0.0,0.07757631048579472,60.0,60.78815524289736,0.0
2024-08-03 12:17:00,3.0,0.0,0.07756741497001995,60.0,60.78370748500998,0.0
2024-08-03 12:18:00,3.0,0.0,0.07755852047427567,60.0,60.779260237137834,0.0
2024-08-03 12:19:00,3.0,0.0,0.07754962699844488,60.0,60.77481349922244,0.0
2024-08-03 12:20:00,3.0,0.0,0.07754073454241066,60.0,60.77036727120533,0.0
2024-08-03 12:21:00,3.0,0.0,0.07753184310605606,60.0,60.76592155302803,0.0
2024-08-03 12:22:00,3.0,0.0,0.07752295268926417,60.0,60.76147634463208,0.0
2024-08-03 12:23:00,3.0,0.0,0.07751406329191804,60.0,60.75703164595902,0.0
2024-08-03 12:24:00,3.0,0.0,0.0775051749139008,60.0,60.7525874569504,0.0
2024-08-03 12:25:00,3.0,0.0,0.07749628755509558,60.0,60.74814377754779,0.0
2024-08-03 12:26:00,3.0,0.0,0.07748740121538548,60.0,60.743700607692745,0.0
2024-08-03 12:27:00,3.0,0.0,0.07747851589465367,60.0,60.739257947326834,0.0
2024-08-03 12:28:00,3.0,0.0,0.07746963159278329,60.0,60.73481579639164,0.0
2024-08-03 12:29:00,3.0,0.0,0.0774607483096575,60.0,60.73037415482875,0.0
2024-08-03 12:30:00,3.0,0.0,0.07745186604515951,60.0,60.72593302257975,0.0
2024-08-03 12:31:00,3.0,0.0,0.07744298479917248,60.0,60.72149239958624,0.0
2024-08-03 12:32:00,3.0,0.0,0.07743410457157963,60.0,60.71705228578982,0.0
2024-08-03 12:33:00,3.0,0.0,0.07742522536226422,60.0,60.71261268113211,0.0
2024-08-03 12:34:00,3.0,0.0,0.07741634717110944,60.0,60.70817358555472,0.0
2024-08-03 12:35:00,3.0,0.0,0.07740746999799857,60.0,60.70373499899928,0.0
2024-08-03 12:36:00,3.0,0.0,0.07739859384281485,60.0,60.699296921407424,0.0
2024-08-03 12:37:00,1.0,0.0,0.07738971870544156,60.0,60.69485935272078,0.0
2024-08-03 12:38:00,1.0,0.0,0.07738084458576203,60.0,60.69042229288101,0.0
2024-08-03 12:39:00,1.0,0.0,0.0773719714836595,60.0,60.68598574182975,0.0
2024-08-03 12:40:00,1.0,0.0,0.07736309939901732,60.0,60.68154969950866,0.0
2024-08-03 12:41:00,1.0,0.0,0.07735422833171882,60.0,60.67711416585941,0.0
2024-08-03 12:42:00,1.0,0.0,0.07734535828164733,60.0,60.67267914082367,0.0
2024-08-03 12:43:00,1.0,0.0,0.07733648924868623,60.0,60.66824462434312,0.0
2024-08-03 12:44:00,1.0,0.0,0.07732762123271887,60.0,60.663810616359434,0.0
2024-08-03 12:45:00,1.0,0.0,0.07731875423362863,60.0,60.65937711681432,0.0
2024-08-03 12:46:00,1.0,0.0,0.07730988825129893,60.0,60.654944125649465,0.0
2024-08-03 12:47:00,1.0,0.0,0.07730102328561315,60.0,60.65051164280658,0.0
2024-08-03 12:48:00,1.0,0.0,0.07729215933645475,60.0,60.64607966822737,0.0
2024-08-03 12:49:00,1.0,0.0,0.07728329640370714,60.0,60.64164820185357,0.0
2024-08-03 12:50:00,1.0,0.0,0.07727443448725377,60.0,60.637217243626885,0.0
2024-08-03 12:51:00,1.0,0.0,0.07726557358697812,60.0,60.63278679348906,0.0
2024-08-03 12:52:00,1.0,0.0,0.07725671370276366,60.0,60.62835685138183,0.0
2024-08-03 12:53:00,1.0,0.0,0.07724785483449388,60.0,60.62392741724694,0.0
2024-08-03 12:54:00,1.0,0.0,0.07723899698205228,60.0,60.619498491026135,0.0
2024-08-03 12:55:00,1.0,0.0,0.07723014014532237,60.0,60.61507007266118,0.0
2024-08-03 12:56:00,1.0,0.0,0.07722128432418769,60.0,60.610642162093846,0.0
2024-08-03 12:57:00,1.0,0.0,0.0772124295185318,60.0,60.606214759265896,0.0
2024-08-03 12:58:00,1.0,0.0,0.07720357572823822,60.0,60.60178786411911,0.0
2024-08-03 12:59:00,1.0,0.0,0.07719472295319055,60.0,60.597361476595275,0.0
2024-08-03 13:00:00,1.0,0.0,0.07718587119327236,60.0,60.59293559663618,0.0
2024-08-03 13:01:00,1.0,0.0,0.07717702044836726,60.0,60.58851022418363,0.0
2024-08-03 13:02:00,1.0,1.92556,0.07716817071835885,60.0,60.584085359179426,1.0
2024-08-03 13:03:00,1.0,0.0,0.07693852200313075,60.0,60.46926100156538,0.0
2024-08-03 13:04:00,1.0,0.0,0.07692969962124793,60.0,60.46484981062397,0.0
2024-08-03 13:05:00,1.0,0.0,0.07692087825100948,60.0,60.460439125504735,0.0
2024-08-03 13:06:00,1.0,1.92556,0.07691205789229938,60.0,60.45602894614969,1.0
2024-08-03 13:07:00,1.0,1.92556,0.07668243854500165,60.0,60.34121927250082,1.0
2024-08-03 13:08:00,1.0,0.0,0.07645284552768164,60.0,60.226422763840816,0.0
2024-08-03 13:09:00,1.0,0.0,0.07644407883732013,60.0,60.22203941866006,0.0
2024-08-03 13:10:00,1.0,0.0,0.07643531315221694,60.0,60.21765657610847,0.0
2024-08-03 13:11:00,1.0,0.0,0.07642654847225681,60.0,60.213274236128406,0.0
2024-08-03 13:12:00,1.0,0.0,0.0764177847973245,60.0,60.20889239866225,0.0
2024-08-03 13:13:00,3.0,0.0,0.07640902212730474,60.0,60.20451106365237,0.0
2024-08-03 13:14:00,3.0,0.0,0.0764002604620823,60.0,60.20013023104115,0.0
2024-08-03 13:15:00,1.0,0.0,0.07639149980154199,60.0,60.19574990077099,0.0
2024-08-03 13:16:00,1.0,0.0,0.07638274014556856,60.0,60.19137007278428,0.0
2024-08-03 13:17:00,1.0,0.0,0.07637398149404687,60.0,60.18699074702343,0.0
2024-08-03 13:18:00,1.0,0.0,0.07636522384686169,60.0,60.18261192343084,0.0
2024-08-03 13:19:00,1.0,0.0,0.07635646720389788,60.0,60.17823360194894,0.0
2024-08-03 13:20:00,1.0,0.0,0.07634771156504029,60.0,60.17385578252014,0.0
2024-08-03 13:21:00,1.0,0.0,0.07633895693017378,60.0,60.16947846508689,0.0
2024-08-03 13:22:00,1.0,1.92556,0.07633020329918323,60.0,60.16510164959161,1.0
2024-08-03 13:23:00,1.0,0.0,0.0761006506719535,60.0,60.05032533597675,0.0
2024-08-03 13:24:00,1.0,0.0,0.07609192436705084,60.0,60.04596218352542,0.0
2024-08-03 13:25:00,1.0,0.0,0.0760831990627756,60.0,60.041599531387796,0.0
2024-08-03 13:26:00,1.0,0.0,0.07607447475901302,60.0,60.03723737950651,0.0
2024-08-03 13:27:00,1.0,0.0,0.07606575145564838,60.0,60.03287572782419,0.0
2024-08-03 13:28:00,1.0,0.0,0.07605702915256699,60.0,60.02851457628349,0.0
2024-08-03 13:29:00,1.0,0.0,0.07604830784965412,60.0,60.02415392482706,0.0
2024-08-03 13:30:00,1.0,0.0,0.0760395875467951,60.0,60.01979377339755,0.0
2024-08-03 13:31:00,1.0,0.0,0.07603086824387527,60.0,60.01543412193763,0.0
2024-08-03 13:32:00,1.0,0.0,0.07602214994077992,60.0,60.01107497038996,0.0
2024-08-03 13:33:00,3.0,11.553360000000001,0.07601343263739446,60.0,60.00671631869723,6.0
2024-08-03 13:34:00,3.0,1.92556,0.07467991633360421,60.0,59.339958166802106,1.0
2024-08-03 13:35:00,3.0,0.0,0.07445055294138249,60.0,59.22527647069124,0.0
2024-08-03 13:36:00,3.0,0.0,0.07444201584978863,60.0,59.221007924894316,0.0
2024-08-03 13:37:00,3.0,0.0,0.0744334797371255,60.0,59.21673986856275,0.0
2024-08-03 13:38:00,3.0,0.0,0.07442494460328082,60.0,59.21247230164041,0.0
2024-08-03 13:39:00,3.0,0.0,0.07441641044814237,60.0,59.208205224071186,0.0
2024-08-03 13:40:00,3.0,0.0,0.07440787727159791,60.0,59.203938635798956,0.0
2024-08-03 13:41:00,3.0,0.0,0.07439934507353523,60.0,59.199672536767615,0.0
2024-08-03 13:42:00,3.0,0.0,0.07439081385384214,60.0,59.195406926921066,0.0
2024-08-03 13:43:00,3.0,0.0,0.07438228361240642,60.0,59.19114180620321,0.0
2024-08-03 13:44:00,3.0,0.0,0.07437375434911594,60.0,59.18687717455797,0.0
2024-08-03 13:45:00,3.0,0.0,0.07436522606385852,60.0,59.18261303192926,0.0
2024-08-03 13:46:00,3.0,0.0,0.074356698756522,60.0,59.178349378261,0.0
2024-08-03 13:47:00,3.0,0.0,0.07434817242699425,60.0,59.17408621349713,0.0
2024-08-03 13:48:00,3.0,0.0,0.07433964707516316,60.0,59.16982353758158,0.0
2024-08-03 13:49:00,3.0,0.0,0.07433112270091662,60.0,59.165561350458304,0.0
2024-08-03 13:50:00,3.0,1.92556,0.0743225993041425,60.0,59.16129965207125,1.0
2024-08-03 13:51:00,3.0,1.92556,0.07409327688472873,60.0,59.04663844236437,1.0
2024-08-03 13:52:00,3.0,0.0,0.07386398076124458,60.0,58.93199038062229,0.0
2024-08-03 13:53:00,3.0,0.0,0.07402751284180707,60.0,59.01375642090353,0.0
2024-08-03 13:54:00,3.0,0.0,0.07419102617048264,60.0,59.095513085241315,0.0
2024-08-03 13:55:00,3.0,0.0,0.07435452074942152,60.0,59.177260374710755,0.0
2024-08-03 13:56:00,3.0,0.0,0.0745179965807737,60.0,59.25899829038685,0.0
2024-08-03 13:57:00,3.0,0.0,0.07468145366668895,60.0,59.340726833344476,0.0
2024-08-03 13:58:00,3.0,0.0,0.07484489200931675,60.0,59.422446004658376,0.0
2024-08-03 13:59:00,3.0,0.0,0.07500831161080637,60.0,59.50415580540319,0.0
2024-08-03 14:00:00,3.0,0.0,0.07517171247330681,60.0,59.585856236653406,0.0
2024-08-03 14:01:00,1.0,0.0,0.07533509459896683,60.0,59.66754729948341,0.0
2024-08-03 14:02:00,1.0,0.0,0.07549845798993492,60.0,59.74922899496746,0.0
2024-08-03 14:03:00,1.0,0.0,0.07566180264835938,60.0,59.83090132417969,0.0
2024-08-03 14:04:00,1.0,0.0,0.07582512857638823,60.0,59.91256428819412,0.0
2024-08-03 14:05:00,1.0,0.0,0.07598843577616926,60.0,59.99421788808463,0.0
2024-08-03 14:06:00,1.0,0.0,0.07615172424984996,60.0,60.07586212492498,0.0
2024-08-03 14:07:00,1.0,0.0,0.07631499399957764,60.0,60.15749699978882,0.0
2024-08-03 14:08:00,1.0,0.0,0.07647824502749932,60.0,60.23912251374966,0.0
2024-08-03 14:09:00,1.0,0.0,0.07664147733576182,60.0,60.32073866788091,0.0
2024-08-03 14:10:00,3.0,0.0,0.07680469092651167,60.0,60.402345463255834,0.0
2024-08-03 14:11:00,3.0,0.0,0.07696788580189515,60.0,60.483942900947575,0.0
2024-08-03 14:12:00,3.0,0.0,0.07713106196405833,60.0,60.565530982029166,0.0
2024-08-03 14:13:00,3.0,0.0,0.07729421941514703,60.0,60.64710970757351,0.0
2024-08-03 14:14:00,3.0,0.0,0.07745735815730678,60.0,60.72867907865339,0.0
2024-08-03 14:15:00,3.0,0.0,0.07762047819268293,60.0,60.81023909634146,0.0
2024-08-03 14:16:00,3.0,0.0,0.0777835795234205,60.0,60.89178976171025,0.0
2024-08-03 14:17:00,3.0,0.0,0.07794666215166436,60.0,60.97333107583218,0.0
2024-08-03 14:18:00,3.0,0.0,0.07810972607955906,60.0,61.054863039779526,0.0
2024-08-03 14:19:00,3.0,0.0,0.07810076939811658,60.0,61.05038469905829,0.0
2024-08-03 14:20:00,3.0,0.0,0.07809181374371833,60.0,61.04590687185917,0.0
2024-08-03 14:21:00,1.0,0.0,0.07808285911624653,60.0,61.04142955812326,0.0
2024-08-03 14:22:00,1.0,0.0,0.07807390551558341,60.0,61.0369527577917,0.0
2024-08-03 14:23:00,1.0,0.0,0.07806495294161124,60.0,61.03247647080562,0.0
2024-08-03 14:24:00,3.0,0.0,0.0780560013942123,60.0,61.02800069710615,0.0
2024-08-03 14:25:00,3.0,0.0,0.07804705087326888,60.0,61.023525436634436,0.0
2024-08-03 14:26:00,3.0,0.0,0.07803810137866324,60.0,61.01905068933162,0.0
2024-08-03 14:27:00,3.0,0.0,0.07802915291027773,60.0,61.014576455138865,0.0
2024-08-03 14:28:00,3.0,0.0,0.07802020546799465,60.0,61.01010273399733,0.0
2024-08-03 14:29:00,3.0,0.0,0.07801125905169637,60.0,61.005629525848185,0.0
2024-08-03 14:30:00,3.0,0.0,0.07800231366126523,60.0,61.00115683063261,0.0
2024-08-03 14:31:00,3.0,0.0,0.07799336929658357,60.0,60.99668464829178,0.0
2024-08-03 14:32:00,3.0,0.0,0.07798442595753378,60.0,60.992212978766894,0.0
2024-08-03 14:33:00,1.0,0.0,0.07797548364399828,60.0,60.987741821999144,0.0
2024-08-03 14:34:00,1.0,0.0,0.07796654235585947,60.0,60.98327117792973,0.0
2024-08-03 14:35:00,1.0,0.0,0.07795760209299973,60.0,60.97880104649987,0.0
2024-08-03 14:36:00,1.0,0.0,0.07794866285530154,60.0,60.97433142765077,0.0
2024-08-03 14:37:00,1.0,0.0,0.07793972464264733,60.0,60.96986232132366,0.0
2024-08-03 14:38:00,1.0,0.0,0.07793078745491953,60.0,60.96539372745977,0.0
2024-08-03 14:39:00,1.0,0.0,0.07792185129200069,60.0,60.96092564600034,0.0
2024-08-03 14:40:00,1.0,0.0,0.07791291615377323,60.0,60.95645807688661,0.0
2024-08-03 14:41:00,1.0,0.0,0.07790398204011965,60.0,60.95199102005983,0.0
2024-08-03 14:42:00,1.0,0.0,0.07789504895092252,60.0,60.94752447546126,0.0
2024-08-03 14:43:00,1.0,0.0,0.07788611688606431,60.0,60.94305844303216,0.0
2024-08-03 14:44:00,1.0,0.0,0.07787718584542759,60.0,60.938592922713795,0.0
2024-08-03 14:45:00,1.0,0.0,0.07786825582889491,60.0,60.93412791444745,0.0
2024-08-03 14:46:00,1.0,0.0,0.07785932683634883,60.0,60.929663418174414,0.0
2024-08-03 14:47:00,1.0,0.0,0.07785039886767195,60.0,60.92519943383597,0.0
2024-08-03 14:48:00,1.0,0.0,0.07784147192274683,60.0,60.92073596137342,0.0
2024-08-03 14:49:00,1.0,0.0,0.07783254600145613,60.0,60.91627300072806,0.0
2024-08-03 14:50:00,1.0,0.0,0.07782362110368243,60.0,60.911810551841214,0.0
2024-08-03 14:51:00,1.0,0.0,0.07781469722930838,60.0,60.90734861465419,0.0
2024-08-03 14:52:00,1.0,0.0,0.07780577437821663,60.0,60.90288718910831,0.0
2024-08-03 14:53:00,1.0,0.0,0.07779685255028984,60.0,60.89842627514492,0.0
2024-08-03 14:54:00,1.0,0.0,0.0777879317454107,60.0,60.893965872705344,0.0
2024-08-03 14:55:00,1.0,0.0,0.07777901196346186,60.0,60.88950598173093,0.0
2024-08-03 14:56:00,1.0,0.0,0.07777009320432605,60.0,60.88504660216303,0.0
2024-08-03 14:57:00,1.0,0.0,0.07776117546788601,60.0,60.880587733943,0.0
2024-08-03 14:58:00,1.0,0.0,0.07775225875402443,60.0,60.87612937701221,0.0
2024-08-03 14:59:00,1.0,0.0,0.07774334306262407,60.0,60.87167153131203,0.0
2024-08-03 15:00:00,1.0,0.0,0.07773442839356767,60.0,60.867214196783834,0.0
2024-08-03 15:01:00,1.0,0.0,0.07772551474673801,60.0,60.86275737336901,0.0
2024-08-03 15:02:00,1.0,0.0,0.07771660212201789,60.0,60.858301061008945,0.0
2024-08-03 15:03:00,1.0,0.0,0.07770769051929009,60.0,60.85384525964505,0.0
2024-08-03 15:04:00,1.0,0.0,0.07769877993843742,60.0,60.84938996921871,0.0
2024-08-03 15:05:00,1.0,1.92556,0.07768987037934272,60.0,60.84493518967136,1.0
2024-08-03 15:06:00,1.0,0.0,0.07746016184188881,60.0,60.7300809209444,0.0
2024-08-03 15:07:00,1.0,0.0,0.07745127964463985,60.0,60.72563982231993,0.0
2024-08-03 15:08:00,1.0,0.0,0.07744239846589418,60.0,60.721199232947086,0.0
2024-08-03 15:09:00,1.0,0.0,0.07743351830553498,60.0,60.71675915276749,0.0
2024-08-03 15:10:00,1.0,0.0,0.07742463916344548,60.0,60.71231958172274,0.0
2024-08-03 15:11:00,1.0,0.0,0.07741576103950891,60.0,60.707880519754454,0.0
2024-08-03 15:12:00,1.0,0.0,0.07740688393360855,60.0,60.70344196680427,0.0
2024-08-03 15:13:00,1.0,0.0,0.07739800784562761,60.0,60.69900392281381,0.0
2024-08-03 15:14:00,1.0,0.0,0.07738913277544943,60.0,60.69456638772471,0.0
2024-08-03 15:15:00,1.0,0.0,0.07738025872295726,60.0,60.690129361478625,0.0
2024-08-03 15:16:00,1.0,1.92556,0.07737138568803441,60.0,60.685692844017204,1.0
2024-08-03 15:17:00,1.0,1.92556,0.07714171367056422,60.0,60.57085683528211,1.0
2024-08-03 15:18:00,1.0,0.0,0.07691206798911131,60.0,60.45603399455565,0.0
2024-08-03 15:19:00,1.0,0.0,0.07690324864065579,60.0,60.451624320327895,0.0
2024-08-03 15:20:00,1.0,0.0,0.07689443030349681,60.0,60.4472151517484,0.0
2024-08-03 15:21:00,1.0,0.0,0.07688561297751838,60.0,60.44280648875919,0.0
2024-08-03 15:22:00,1.0,0.0,0.07687679666260457,60.0,60.43839833130228,0.0
2024-08-03 15:23:00,1.0,1.92556,0.07686798135863943,60.0,60.43399067931971,1.0
2024-08-03 15:24:00,1.0,0.0,0.07663836706550704,60.0,60.31918353275352,0.0
2024-08-03 15:25:00,1.0,0.0,0.07662957910177282,60.0,60.31478955088641,0.0
2024-08-03 15:26:00,1.0,0.0,0.0766207921457363,60.0,60.31039607286815,0.0
2024-08-03 15:27:00,1.0,0.0,0.07661200619728195,60.0,60.30600309864097,0.0
2024-08-03 15:28:00,1.0,0.0,0.07660322125629421,60.0,60.3016106281471,0.0
2024-08-03 15:29:00,1.0,0.0,0.07659443732265755,60.0,60.29721866132878,0.0
2024-08-03 15:30:00,1.0,0.0,0.07658565439625649,60.0,60.29282719812824,0.0
2024-08-03 15:31:00,1.0,0.0,0.07657687247697549,60.0,60.28843623848775,0.0
2024-08-03 15:32:00,1.0,0.0,0.07656809156469911,60.0,60.28404578234956,0.0
2024-08-03 15:33:00,1.0,0.0,0.07655931165931186,60.0,60.27965582965593,0.0
2024-08-03 15:34:00,1.0,0.0,0.07655053276069827,60.0,60.27526638034914,0.0
2024-08-03 15:35:00,1.0,1.92556,0.07654175486874291,60.0,60.27087743437146,1.0
2024-08-03 15:36:00,1.0,1.92556,0.07631217798333034,60.0,60.15608899166517,1.0
2024-08-03 15:37:00,1.0,0.0,0.07608262742302647,60.0,60.04131371151324,0.0
2024-08-03 15:38:00,1.0,0.0,0.07607390318481266,60.0,60.03695159240633,0.0
2024-08-03 15:39:00,1.0,0.0,0.07606517994698928,60.0,60.03258997349464,0.0
2024-08-03 15:40:00,1.0,0.0,0.07605645770944161,60.0,60.0282288547208,0.0
2024-08-03 15:41:00,1.0,0.0,0.07604773647205496,60.0,60.023868236027475,0.0
2024-08-03 15:42:00,1.0,0.0,0.07603901623471462,60.0,60.01950811735731,0.0
2024-08-03 15:43:00,1.0,0.0,0.07603029699730596,60.0,60.01514849865298,0.0
2024-08-03 15:44:00,1.0,0.0,0.07602157875971428,60.0,60.010789379857144,0.0
2024-08-03 15:45:00,1.0,0.0,0.07601286152182497,60.0,60.00643076091249,0.0
2024-08-03 15:46:00,1.0,0.0,0.07600414528352338,60.0,60.00207264176169,0.0
2024-08-03 15:47:00,1.0,0.0,0.07599543004469489,60.0,59.99771502234744,0.0
2024-08-03 15:48:00,1.0,0.0,0.07598671580522488,60.0,59.99335790261244,0.0
2024-08-03 15:49:00,1.0,0.0,0.07597800256499876,60.0,59.98900128249938,0.0
2024-08-03 15:50:00,1.0,0.0,0.07596929032390196,60.0,59.98464516195098,0.0
2024-08-03 15:51:00,1.0,0.0,0.0759605790818199,60.0,59.98028954090995,0.0
2024-08-03 15:52:00,1.0,0.0,0.07595186883863804,60.0,59.97593441931902,0.0
2024-08-03 15:53:00,1.0,0.0,0.07594315959424182,60.0,59.97157979712091,0.0
2024-08-03 15:54:00,1.0,0.0,0.07593445134851673,60.0,59.967225674258366,0.0
2024-08-03 15:55:00,1.0,0.0,0.07592574410134824,60.0,59.96287205067412,0.0
2024-08-03 15:56:00,1.0,0.0,0.07591703785262185,60.0,59.95851892631093,0.0
2024-08-03 15:57:00,1.0,0.0,0.07590833260222309,60.0,59.95416630111154,0.0
2024-08-03 15:58:00,1.0,0.0,0.07589962835003745,60.0,59.94981417501872,0.0
2024-08-03 15:59:00,1.0,0.0,0.07589092509595048,60.0,59.94546254797524,0.0
2024-08-03 16:00:00,1.0,0.0,0.07588222283984775,60.0,59.94111141992387,0.0
2024-08-03 16:01:00,1.0,0.0,0.0758735215816148,60.0,59.9367607908074,0.0
2024-08-03 16:02:00,1.0,11.553360000000001,0.07586482132113721,60.0,59.93241066056861,6.0
2024-08-03 16:03:00,1.0,11.553360000000001,0.07453132205830057,60.0,59.26566102915029,6.0
2024-08-03 16:04:00,1.0,0.0,0.07319797570507841,60.0,58.5989878525392,0.0
2024-08-03 16:05:00,1.0,0.0,0.07336158415506923,60.0,58.68079207753461,0.0
2024-08-03 16:06:00,1.0,0.0,0.073525173844416,60.0,58.762586922207994,0.0
2024-08-03 16:07:00,1.0,0.0,0.07368874477526996,60.0,58.84437238763498,0.0
2024-08-03 16:08:00,1.0,0.0,0.0738522969497821,60.0,58.92614847489105,0.0
2024-08-03 16:09:00,1.0,0.0,0.0740158303701032,60.0,59.0079151850516,0.0
2024-08-03 16:10:00,1.0,0.0,0.07417934503838375,60.0,59.08967251919187,0.0
2024-08-03 16:11:00,1.0,0.0,0.074342840956774,60.0,59.171420478387,0.0
2024-08-03 16:12:00,1.0,0.0,0.07450631812742396,60.0,59.25315906371198,0.0
2024-08-03 16:13:00,1.0,0.0,0.07466977655248341,60.0,59.334888276241706,0.0
2024-08-03 16:14:00,1.0,0.0,0.07483321623410186,60.0,59.41660811705093,0.0
2024-08-03 16:15:00,1.0,0.0,0.07499663717442857,60.0,59.498318587214285,0.0
2024-08-03 16:16:00,1.0,0.0,0.07516003937561258,60.0,59.58001968780629,0.0
2024-08-03 16:17:00,1.0,0.0,0.07532342283980267,60.0,59.66171141990134,0.0
2024-08-03 16:18:00,1.0,0.0,0.07548678756914737,60.0,59.74339378457368,0.0
2024-08-03 16:19:00,1.0,0.0,0.07565013356579496,60.0,59.82506678289748,0.0
2024-08-03 16:20:00,1.0,0.0,0.07581346083189348,60.0,59.90673041594674,0.0
2024-08-03 16:21:00,1.0,0.0,0.07597676936959073,60.0,59.98838468479536,0.0
2024-08-03 16:22:00,1.0,0.0,0.07614005918103425,60.0,60.07002959051712,0.0
2024-08-03 16:23:00,1.0,0.0,0.07630333026837134,60.0,60.15166513418567,0.0
2024-08-03 16:24:00,1.0,0.0,0.07646658263374907,60.0,60.233291316874535,0.0
2024-08-03 16:25:00,1.0,0.0,0.07662981627931424,60.0,60.31490813965712,0.0
2024-08-03 16:26:00,1.0,0.0,0.07679303120721342,60.0,60.39651560360671,0.0
2024-08-03 16:27:00,1.0,0.0,0.0769562274195929,60.0,60.47811370979645,0.0
2024-08-03 16:28:00,1.0,0.0,0.07711940491859878,60.0,60.55970245929939,0.0
2024-08-03 16:29:00,1.0,0.0,0.07728256370637686,60.0,60.64128185318843,0.0
2024-08-03 16:30:00,1.0,0.0,0.07744570378507273,60.0,60.72285189253637,0.0
2024-08-03 16:31:00,1.0,0.0,0.07760882515683175,60.0,60.80441257841587,0.0
2024-08-03 16:32:00,1.0,0.0,0.07777192782379895,60.0,60.88596391189947,0.0
2024-08-03 16:33:00,1.0,0.0,0.0779350117881192,60.0,60.9675058940596,0.0
2024-08-03 16:34:00,1.0,1.92556,0.0780980770519371,60.0,61.04903852596855,1.0
2024-08-03 16:35:00,1.0,1.92556,0.07786832170626463,60.0,60.93416085313232,1.0
2024-08-03 16:36:00,1.0,0.0,0.07763859270616455,60.0,60.81929635308227,0.0
2024-08-03 16:37:00,1.0,0.0,0.07762969004861582,60.0,60.81484502430791,0.0
2024-08-03 16:38:00,1.0,0.0,0.0776207884119165,60.0,60.81039420595825,0.0
2024-08-03 16:39:00,1.0,0.0,0.07761188779594953,60.0,60.805943897974764,0.0
2024-08-03 16:40:00,1.0,0.0,0.07760298820059787,60.0,60.80149410029893,0.0
2024-08-03 16:41:00,1.0,0.0,0.07759408962574448,60.0,60.79704481287224,0.0
2024-08-03 16:42:00,1.0,0.0,0.07758519207127233,60.0,60.792596035636166,0.0
2024-08-03 16:43:00,1.0,0.0,0.07757629553706444,60.0,60.78814776853222,0.0
2024-08-03 16:44:00,1.0,0.0,0.07756740002300382,60.0,60.78370001150191,0.0
2024-08-03 16:45:00,1.0,0.0,0.07755850552897348,60.0,60.779252764486735,0.0
2024-08-03 16:46:00,1.0,0.0,0.07754961205485644,60.0,60.77480602742822,0.0
2024-08-03 16:47:00,1.0,0.0,0.07754071960053577,60.0,60.77035980026788,0.0
2024-08-03 16:48:00,1.0,0.0,0.07753182816589453,60.0,60.76591408294726,0.0
2024-08-03 16:49:00,1.0,0.0,0.07752293775081577,60.0,60.761468875407886,0.0
2024-08-03 16:50:00,1.0,0.0,0.07751404835518261,60.0,60.757024177591305,0.0
2024-08-03 16:51:00,1.0,0.0,0.07750515997887814,60.0,60.75257998943907,0.0
2024-08-03 16:52:00,1.0,0.0,0.07749627262178548,60.0,60.74813631089274,0.0
2024-08-03 16:53:00,1.0,0.0,0.07748738628378776,60.0,60.74369314189388,0.0
2024-08-03 16:54:00,1.0,0.0,0.07747850096476812,60.0,60.73925048238406,0.0
2024-08-03 16:55:00,1.0,0.0,0.07746961666460972,60.0,60.73480833230486,0.0
2024-08-03 16:56:00,1.0,0.0,0.07746073338319572,60.0,60.73036669159786,0.0
2024-08-03 16:57:00,1.0,0.0,0.07745185112040931,60.0,60.72592556020465,0.0
2024-08-03 16:58:00,1.0,0.0,0.07744296987613368,60.0,60.72148493806684,0.0
2024-08-03 16:59:00,1.0,0.0,0.07743408965025203,60.0,60.71704482512602,0.0
2024-08-03 17:00:00,1.0,0.0,0.07742521044264761,60.0,60.712605221323805,0.0
2024-08-03 17:01:00,1.0,0.0,0.07741633225320364,60.0,60.70816612660182,0.0
2024-08-03 17:02:00,1.0,0.0,0.07740745508180337,60.0,60.70372754090168,0.0
2024-08-03 17:03:00,1.0,0.0,0.07739857892833006,60.0,60.69928946416503,0.0
2024-08-03 17:04:00,1.0,0.0,0.07738970379266699,60.0,60.694851896333496,0.0
2024-08-03 17:05:00,1.0,0.0,0.07738082967469745,60.0,60.690414837348726,0.0
2024-08-03 17:06:00,1.0,0.0,0.07737195657430475,60.0,60.68597828715237,0.0
2024-08-03 17:07:00,1.0,0.0,0.07736308449137219,60.0,60.681542245686096,0.0
2024-08-03 17:08:00,1.0,0.0,0.07735421342578312,60.0,60.67710671289156,0.0
2024-08-03 17:09:00,1.0,0.0,0.07734534337742086,60.0,60.67267168871043,0.0
2024-08-03 17:10:00,1.0,0.0,0.07733647434616879,60.0,60.66823717308439,0.0
2024-08-03 17:11:00,1.0,0.0,0.07732760633191026,60.0,60.66380316595513,0.0
2024-08-03 17:12:00,1.0,0.0,0.07731873933452868,60.0,60.659369667264336,0.0
2024-08-03 17:13:00,1.0,0.0,0.07730987335390742,60.0,60.65493667695371,0.0
2024-08-03 17:14:00,1.0,0.0,0.07730100838992991,60.0,60.65050419496495,0.0
2024-08-03 17:15:00,1.0,0.0,0.07729214444247956,60.0,60.64607222123978,0.0
2024-08-03 17:16:00,1.0,0.0,0.07728328151143982,60.0,60.641640755719905,0.0
2024-08-03 17:17:00,1.0,0.0,0.07727441959669412,60.0,60.63720979834706,0.0
2024-08-03 17:18:00,1.0,0.0,0.07726555869812593,60.0,60.632779349062965,0.0
2024-08-03 17:19:00,1.0,0.0,0.07725669881561874,60.0,60.62834940780937,0.0
2024-08-03 17:20:00,1.0,0.0,0.07724783994905603,60.0,60.623919974528015,0.0
2024-08-03 17:21:00,1.0,0.0,0.07723898209832131,60.0,60.61949104916065,0.0
2024-08-03 17:22:00,1.0,0.0,0.07723012526329807,60.0,60.61506263164904,0.0
2024-08-03 17:23:00,1.0,0.0,0.0772212694438699,60.0,60.61063472193494,0.0
2024-08-03 17:24:00,1.0,0.0,0.07721241463992029,60.0,60.60620731996014,0.0
2024-08-03 17:25:00,1.0,0.0,0.07720356085133281,60.0,60.601780425666405,0.0
2024-08-03 17:26:00,1.0,0.0,0.07719470807799104,60.0,60.59735403899552,0.0
2024-08-03 17:27:00,1.0,0.0,0.07718585631977856,60.0,60.59292815988928,0.0
2024-08-03 17:28:00,1.0,11.553360000000001,0.07717700557657899,60.0,60.58850278828949,6.0
2024-08-03 17:29:00,1.0,11.553360000000001,0.07584335584827588,60.0,59.92167792413794,6.0
2024-08-03 17:30:00,1.0,0.0,0.07450985904684082,60.0,59.25492952342041,0.0
2024-08-03 17:31:00,1.0,0.0,0.07450131515473798,60.0,59.25065757736899,0.0
2024-08-03 17:32:00,1.0,1.92556,0.07449277224234566,60.0,59.246386121172826,1.0
2024-08-03 17:33:00,1.0,0.0,0.0742634303095515,60.0,59.13171515477575,0.0
2024-08-03 17:34:00,1.0,0.0,0.07425491467492451,60.0,59.12745733746225,0.0
2024-08-03 17:35:00,1.0,0.0,0.07424640001676781,60.0,59.123200008383904,0.0
2024-08-03 17:36:00,1.0,0.0,0.07423788633496942,60.0,59.11894316748471,0.0
2024-08-03 17:37:00,1.0,0.0,0.0742293736294174,60.0,59.1146868147087,0.0
2024-08-03 17:38:00,1.0,0.0,0.0742208618999998,60.0,59.110430949999895,0.0
2024-08-03 17:39:00,1.0,0.0,0.07421235114660467,60.0,59.10617557330233,0.0
2024-08-03 17:40:00,3.0,0.0,0.0742038413691201,60.0,59.10192068456005,0.0
2024-08-03 17:41:00,3.0,0.0,0.0741953325674342,60.0,59.097666283717096,0.0
2024-08-03 17:42:00,3.0,0.0,0.07418682474143506,60.0,59.09341237071753,0.0
2024-08-03 17:43:00,3.0,0.0,0.07417831789101083,60.0,59.08915894550541,0.0
2024-08-03 17:44:00,3.0,13.47892,0.0741698120160496,60.0,59.084906008024795,7.0
2024-08-03 17:45:00,3.0,1.92556,0.07261570711643954,60.0,58.30785355821977,1.0
2024-08-03 17:46:00,3.0,0.0,0.07255858233397038,60.0,58.27929116698519,0.0
2024-08-03 17:47:00,3.0,0.0,0.07272226410188239,60.0,58.361132050941194,0.0
2024-08-03 17:48:00,3.0,0.0,0.07288592710074314,60.0,58.442963550371566,0.0
2024-08-03 17:49:00,3.0,0.0,0.07304957133270483,60.0,58.524785666352415,0.0
2024-08-03 17:50:00,3.0,0.0,0.07321319679991943,60.0,58.606598399959715,0.0
2024-08-03 17:51:00,3.0,0.0,0.07337680350453864,60.0,58.68840175226932,0.0
2024-08-03 17:52:00,3.0,0.0,0.07354039144871395,60.0,58.770195724356974,0.0
2024-08-03 17:53:00,3.0,1.92556,0.07370396063459655,60.0,58.85198031729828,1.0
2024-08-03 17:54:00,3.0,1.92556,0.07364671106433746,60.0,58.823355532168726,1.0
2024-08-03 17:55:00,3.0,0.0,0.07358946805876868,60.0,58.79473402938434,0.0
2024-08-03 17:56:00,3.0,0.0,0.07375303161713746,60.0,58.87651580856873,0.0
2024-08-03 17:57:00,3.0,0.0,0.07391657642000984,60.0,58.95828821000492,0.0
2024-08-03 17:58:00,3.0,0.0,0.07408010246953646,60.0,59.04005123476823,0.0
2024-08-03 17:59:00,3.0,0.0,0.07424360976786772,60.0,59.121804883933855,0.0
2024-08-03 18:00:00,3.0,0.0,0.07440709831715377,60.0,59.203549158576884,0.0
2024-08-03 18:01:00,3.0,0.0,0.07457056811954453,60.0,59.285284059772266,0.0
2024-08-03 18:02:00,3.0,0.0,0.07473401917718969,60.0,59.36700958859485,0.0
2024-08-03 18:03:00,3.0,0.0,0.07489745149223866,60.0,59.44872574611933,0.0
2024-08-03 18:04:00,3.0,0.0,0.0750608650668406,60.0,59.5304325334203,0.0
2024-08-03 18:05:00,3.0,0.0,0.07522425990314446,60.0,59.61212995157223,0.0
2024-08-03 18:06:00,3.0,0.0,0.0753876360032989,60.0,59.69381800164945,0.0
2024-08-03 18:07:00,3.0,0.0,0.07555099336945235,60.0,59.77549668472618,0.0
2024-08-03 18:08:00,3.0,0.0,0.07571433200375305,60.0,59.85716600187652,0.0
2024-08-03 18:09:00,3.0,0.0,0.07587765190834889,60.0,59.93882595417444,0.0
2024-08-03 18:10:00,3.0,0.0,0.07604095308538758,60.0,60.02047654269379,0.0
2024-08-03 18:11:00,3.0,0.0,0.07620423553701659,60.0,60.10211776850829,0.0
2024-08-03 18:12:00,3.0,0.0,0.07636749926538311,60.0,60.18374963269155,0.0
2024-08-03 18:13:00,3.0,0.0,0.07653074427263408,60.0,60.26537213631704,0.0
2024-08-03 18:14:00,3.0,0.0,0.07669397056091624,60.0,60.34698528045812,0.0
2024-08-03 18:15:00,3.0,0.0,0.07685717813237605,60.0,60.428589066188025,0.0
2024-08-03 18:16:00,3.0,0.0,0.07702036698915973,60.0,60.51018349457986,0.0
2024-08-03 18:17:00,3.0,0.0,0.07718353713341324,60.0,60.59176856670662,0.0
2024-08-03 18:18:00,3.0,0.0,0.07734668856728232,60.0,60.67334428364116,0.0
2024-08-03 18:19:00,3.0,0.0,0.07750982129291244,60.0,60.75491064645622,0.0
2024-08-03 18:20:00,3.0,0.0,0.07767293531244884,60.0,60.83646765622442,0.0
2024-08-03 18:21:00,3.0,0.0,0.07783603062803653,60.0,60.91801531401826,0.0
2024-08-03 18:22:00,3.0,0.0,0.07799910724182021,60.0,60.999553620910106,0.0
2024-08-03 18:23:00,3.0,0.0,0.07816216515594443,60.0,61.08108257797221,0.0
2024-08-03 18:24:00,3.0,0.0,0.07815320246142105,60.0,61.07660123071052,0.0
2024-08-03 18:25:00,3.0,0.0,0.0781442407946314,60.0,61.0721203973157,0.0
2024-08-03 18:26:00,3.0,0.0,0.07813528015545762,60.0,61.06764007772881,0.0
2024-08-03 18:27:00,3.0,0.0,0.0781263205437819,60.0,61.06316027189094,0.0
2024-08-03 18:28:00,3.0,0.0,0.07811736195948638,60.0,61.05868097974319,0.0
2024-08-03 18:29:00,3.0,0.0,0.07810840440245327,60.0,61.05420220122664,0.0
2024-08-03 18:30:00,3.0,0.0,0.0780994478725648,60.0,61.0497239362824,0.0
2024-08-03 18:31:00,1.0,0.0,0.07809049236970315,60.0,61.04524618485158,0.0
2024-08-03 18:32:00,1.0,0.0,0.0780815378937506,60.0,61.040768946875296,0.0
2024-08-03 18:33:00,1.0,0.0,0.07807258444458934,60.0,61.03629222229467,0.0
2024-08-03 18:34:00,1.0,0.0,0.07806363202210168,60.0,61.031816011050836,0.0
2024-08-03 18:35:00,1.0,0.0,0.07805468062616985,60.0,61.02734031308493,0.0
2024-08-03 18:36:00,1.0,0.0,0.07804573025667617,60.0,61.02286512833808,0.0
2024-08-03 18:37:00,1.0,0.0,0.07803678091350293,60.0,61.01839045675146,0.0
2024-08-03 18:38:00,1.0,0.0,0.07802783259653244,60.0,61.01391629826622,0.0
2024-08-03 18:39:00,1.0,0.0,0.07801888530564702,60.0,61.00944265282351,0.0
2024-08-03 18:40:00,1.0,0.0,0.07800993904072902,60.0,61.00496952036451,0.0
2024-08-03 18:41:00,1.0,0.0,0.07800099380166081,60.0,61.000496900830406,0.0
2024-08-03 18:42:00,1.0,1.92556,0.07799204958832474,60.0,60.99602479416237,1.0
2024-08-03 18:43:00,1.0,1.92556,0.07776230640060319,60.0,60.8811532003016,1.0
2024-08-03 18:44:00,1.0,0.0,0.07753258955705988,60.0,60.76629477852994,0.0
2024-08-03 18:45:00,1.0,0.0,0.07752369905467399,60.0,60.76184952733699,0.0
2024-08-03 18:46:00,1.0,0.0,0.07751480957174368,60.0,60.75740478587184,0.0
2024-08-03 18:47:00,1.0,0.0,0.07750592110815208,60.0,60.75296055407604,0.0
2024-08-03 18:48:00,1.0,0.0,0.07749703366378229,60.0,60.748516831891145,0.0
2024-08-03 18:49:00,1.0,0.0,0.07748814723851746,60.0,60.74407361925873,0.0
2024-08-03 18:50:00,1.0,0.0,0.07747926183224071,60.0,60.739630916120355,0.0
2024-08-03 18:51:00,1.0,0.0,0.07747037744483519,60.0,60.7351887224176,0.0
2024-08-03 18:52:00,1.0,0.0,0.07746149407618409,60.0,60.73074703809205,0.0
2024-08-03 18:53:00,1.0,0.0,0.07745261172617059,60.0,60.726305863085294,0.0
2024-08-03 18:54:00,1.0,0.0,0.07744373039467786,60.0,60.72186519733893,0.0
2024-08-03 18:55:00,1.0,0.0,0.07743485008158912,60.0,60.71742504079456,0.0
2024-08-03 18:56:00,1.0,0.0,0.0774259707867876,60.0,60.7129853933938,0.0
2024-08-03 18:57:00,1.0,0.0,0.07741709251015653,60.0,60.70854625507827,0.0
2024-08-03 18:58:00,1.0,0.0,0.07740821525157916,60.0,60.70410762578958,0.0
2024-08-03 18:59:00,1.0,0.0,0.07739933901093876,60.0,60.69966950546938,0.0
2024-08-03 19:00:00,1.0,0.0,0.07739046378811858,60.0,60.69523189405929,0.0
2024-08-03 19:01:00,1.0,0.0,0.07738158958300193,60.0,60.69079479150096,0.0
2024-08-03 19:02:00,1.0,0.0,0.0773727163954721,60.0,60.68635819773605,0.0
2024-08-03 19:03:00,1.0,0.0,0.07736384422541243,60.0,60.68192211270621,0.0
2024-08-03 19:04:00,1.0,0.0,0.07735497307270622,60.0,60.67748653635311,0.0
2024-08-03 19:05:00,1.0,0.0,0.07734610293723683,60.0,60.67305146861841,0.0
2024-08-03 19:06:00,1.0,0.0,0.0773372338188876,60.0,60.6686169094438,0.0
2024-08-03 19:07:00,1.0,0.0,0.0773283657175419,60.0,60.66418285877095,0.0
2024-08-03 19:08:00,1.0,0.0,0.07731949863308313,60.0,60.659749316541564,0.0
2024-08-03 19:09:00,1.0,0.0,0.07731063256539467,60.0,60.655316282697335,0.0
2024-08-03 19:10:00,3.0,0.0,0.07730176751435994,60.0,60.65088375717997,0.0
2024-08-03 19:11:00,3.0,0.0,0.07729290347986235,60.0,60.64645173993117,0.0
2024-08-03 19:12:00,3.0,0.0,0.07728404046178534,60.0,60.64202023089267,0.0
2024-08-03 19:13:00,3.0,0.0,0.07727517846001238,60.0,60.637589230006185,0.0
2024-08-03 19:14:00,3.0,0.0,0.0772663174744269,60.0,60.63315873721345,0.0
2024-08-03 19:15:00,1.0,0.0,0.07725745750491239,60.0,60.6287287524562,0.0
2024-08-03 19:16:00,1.0,0.0,0.07724859855135234,60.0,60.62429927567617,0.0
2024-08-03 19:17:00,1.0,11.553360000000001,0.07723974061363026,60.0,60.61987030681513,6.0
2024-08-03 19:18:00,1.0,11.553360000000001,0.07590608369162964,60.0,59.95304184581482,6.0
2024-08-03 19:19:00,1.0,0.0,0.07457257969732196,60.0,59.28628984866098,0.0
2024-08-03 19:20:00,1.0,0.0,0.0745640286131713,60.0,59.282014306585644,0.0
2024-08-03 19:21:00,1.0,0.0,0.07455547850955582,60.0,59.27773925477791,0.0
2024-08-03 19:22:00,1.0,0.0,0.07454692938636313,60.0,59.273464693181566,0.0
2024-08-03 19:23:00,1.0,0.0,0.0745383812434808,60.0,59.2691906217404,0.0
2024-08-03 19:24:00,1.0,0.0,0.0745298340807964,60.0,59.2649170403982,0.0
2024-08-03 19:25:00,1.0,1.92556,0.07452128789819756,60.0,59.26064394909878,1.0
2024-08-03 19:26:00,1.0,0.0,0.07429194269557186,60.0,59.14597134778593,0.0
2024-08-03 19:27:00,1.0,0.0,0.07428342379148828,60.0,59.14171189574414,0.0
2024-08-03 19:28:00,1.0,0.0,0.0742749058642499,60.0,59.137452932124944,0.0
2024-08-03 19:29:00,1.0,0.0,0.07426638891374468,60.0,59.13319445687234,0.0
2024-08-03 19:30:00,1.0,0.0,0.07425787293986064,60.0,59.128936469930316,0.0
2024-08-03 19:31:00,1.0,0.0,0.07424935794248579,60.0,59.12467897124289,0.0
2024-08-03 19:32:00,1.0,0.0,0.07424084392150815,60.0,59.12042196075407,0.0
2024-08-03 19:33:00,1.0,0.0,0.07423233087681577,60.0,59.11616543840788,0.0
2024-08-03 19:34:00,1.0,0.0,0.07422381880829669,60.0,59.11190940414834,0.0
2024-08-03 19:35:00,1.0,0.0,0.07421530771583898,60.0,59.10765385791949,0.0
2024-08-03 19:36:00,1.0,0.0,0.07420679759933071,60.0,59.10339879966536,0.0
2024-08-03 19:37:00,1.0,0.0,0.07419828845865999,60.0,59.099144229329994,0.0
2024-08-03 19:38:00,1.0,1.92556,0.0741897802937149,60.0,59.094890146857445,1.0
2024-08-03 19:39:00,1.0,1.92556,0.07396047310438356,60.0,58.980236552191776,1.0
2024-08-03 19:40:00,1.0,0.0,0.07390319412036776,60.0,58.95159706018388,0.0
2024-08-03 19:41:00,1.0,1.92556,0.07406672170441511,60.0,59.03336085220756,1.0
2024-08-03 19:42:00,1.0,17.33004,0.07400943053709115,60.0,59.004715268545574,9.0
2024-08-03 19:43:00,1.0,15.40448,0.07218574593922736,60.0,58.09287296961368,8.0
2024-08-03 19:44:00,1.0,15.40448,0.070583070459521,60.0,57.2915352297605,8.0
2024-08-03 19:45:00,1.0,15.40448,0.0689805787553116,60.0,56.4902893776558,8.0
2024-08-03 19:46:00,1.0,15.40448,0.06737827080552598,60.0,55.68913540276299,8.0
2024-08-03 19:47:00,1.0,15.40448,0.06577614658909345,60.0,54.88807329454672,8.0
2024-08-03 19:48:00,1.0,0.0,0.06417420608494563,60.0,54.08710304247281,0.0
2024-08-03 19:49:00,1.0,0.0,0.06433884927201663,60.0,54.169424636008316,0.0
2024-08-03 19:50:00,1.0,0.0,0.06450347357979241,60.0,54.251736789896206,0.0
2024-08-03 19:51:00,1.0,0.0,0.06466807901043782,60.0,54.33403950521891,0.0
2024-08-03 19:52:00,1.0,0.0,0.06483266556611747,60.0,54.416332783058735,0.0
2024-08-03 19:53:00,1.0,0.0,0.0649972332489957,60.0,54.49861662449785,0.0
2024-08-03 19:54:00,1.0,0.0,0.06516178206123663,60.0,54.58089103061831,0.0
2024-08-03 19:55:00,1.0,0.0,0.06532631200500409,60.0,54.66315600250204,0.0
2024-08-03 19:56:00,1.0,0.0,0.06549082308246171,60.0,54.74541154123085,0.0
2024-08-03 19:57:00,1.0,0.0,0.06565531529577284,60.0,54.82765764788642,0.0
2024-08-03 19:58:00,1.0,0.0,0.06581978864710061,60.0,54.909894323550304,0.0
2024-08-03 19:59:00,1.0,0.0,0.06598424313860787,60.0,54.99212156930393,0.0
2024-08-03 20:00:00,1.0,0.0,0.06614867877245723,60.0,55.074339386228615,0.0
2024-08-03 20:01:00,1.0,0.0,0.06631309555081108,60.0,55.15654777540554,0.0
2024-08-03 20:02:00,1.0,0.0,0.06647749347583154,60.0,55.23874673791577,0.0
2024-08-03 20:03:00,1.0,1.92556,0.06664187254968046,60.0,55.32093627484023,1.0
2024-08-03 20:04:00,1.0,1.92556,0.06658543277451948,60.0,55.29271638725974,1.0
2024-08-03 20:05:00,1.0,0.0,0.0665289994711913,60.0,55.26449973559565,0.0
2024-08-03 20:06:00,1.0,0.0,0.06669337263895381,60.0,55.3466863194769,0.0
2024-08-03 20:07:00,1.0,0.0,0.06685772695838364,60.0,55.42886347919182,0.0
2024-08-03 20:08:00,1.0,0.0,0.06702206243164212,60.0,55.511031215821056,0.0
2024-08-03 20:09:00,1.0,0.0,0.06718637906089027,60.0,55.59318953044514,0.0
2024-08-03 20:10:00,1.0,0.0,0.06735067684828892,60.0,55.67533842414446,0.0
2024-08-03 20:11:00,1.0,0.0,0.06751495579599863,60.0,55.757477897999316,0.0
2024-08-03 20:12:00,1.0,0.0,0.06767921590617969,60.0,55.839607953089846,0.0
2024-08-03 20:13:00,1.0,0.0,0.06784345718099218,60.0,55.92172859049609,0.0
2024-08-03 20:14:00,1.0,0.0,0.06800767962259589,60.0,56.003839811297944,0.0
2024-08-03 20:15:00,1.0,0.0,0.0681718832331504,60.0,56.0859416165752,0.0
2024-08-03 20:16:00,1.0,0.0,0.06833606801481501,60.0,56.168034007407506,0.0
2024-08-03 20:17:00,1.0,0.0,0.06850023396974882,60.0,56.25011698487441,0.0
2024-08-03 20:18:00,1.0,0.0,0.06866438110011064,60.0,56.332190550055316,0.0
2024-08-03 20:19:00,1.0,0.0,0.06882850940805903,60.0,56.41425470402951,0.0
2024-08-03 20:20:00,1.0,1.92556,0.06899261889575231,60.0,56.49630944787616,1.0
2024-08-03 20:21:00,1.0,0.0,0.06893590956534859,60.0,56.4679547826743,0.0
2024-08-03 20:22:00,3.0,0.0,0.06910000673768701,60.0,56.550003368843505,0.0
2024-08-03 20:23:00,3.0,0.0,0.0692640850933406,60.0,56.6320425466703,0.0
2024-08-03 20:24:00,3.0,0.0,0.06942814463446702,60.0,56.71407231723351,0.0
2024-08-03 20:25:00,3.0,0.0,0.06959218536322369,60.0,56.796092681611846,0.0
2024-08-03 20:26:00,3.0,0.0,0.0697562072817678,60.0,56.8781036408839,0.0
2024-08-03 20:27:00,3.0,0.0,0.06992021039225628,60.0,56.96010519612814,0.0
2024-08-03 20:28:00,3.0,11.553360000000001,0.0700841946968458,60.0,57.0420973484229,6.0
2024-08-03 20:29:00,3.0,0.0,0.06892336019769278,60.0,56.461680098846394,0.0
2024-08-03 20:30:00,3.0,0.0,0.06908745880904135,60.0,56.543729404520676,0.0
2024-08-03 20:31:00,3.0,0.0,0.06925153860354007,60.0,56.625769301770035,0.0
2024-08-03 20:32:00,3.0,0.0,0.06941559958334663,60.0,56.70779979167332,0.0
2024-08-03 20:33:00,3.0,1.92556,0.0695796417506185,60.0,56.789820875309246,1.0
2024-08-03 20:34:00,3.0,1.92556,0.06952286510751284,60.0,56.761432553756414,1.0
2024-08-03 20:35:00,3.0,0.0,0.06946609497486791,60.0,56.73304748743396,0.0
2024-08-03 20:36:00,3.0,0.0,0.06963013135193721,60.0,56.815065675968604,0.0
2024-08-03 20:37:00,3.0,0.0,0.06979414891929293,60.0,56.89707445964647,0.0
2024-08-03 20:38:00,3.0,0.0,0.06995814767909196,60.0,56.97907383954598,0.0
2024-08-03 20:39:00,3.0,0.0,0.07012212763349092,60.0,57.06106381674546,0.0
2024-08-03 20:40:00,1.0,0.0,0.07028608878464618,60.0,57.14304439232309,0.0
2024-08-03 20:41:00,1.0,0.0,0.07045003113471389,60.0,57.22501556735694,0.0
2024-08-03 20:42:00,1.0,0.0,0.0706139546858499,60.0,57.306977342924945,0.0
2024-08-03 20:43:00,1.0,0.0,0.07077785944020985,60.0,57.388929720104926,0.0
2024-08-03 20:44:00,1.0,0.0,0.07094174539994916,60.0,57.47087269997458,0.0
2024-08-03 20:45:00,1.0,0.0,0.07110561256722293,60.0,57.55280628361147,0.0
2024-08-03 20:46:00,1.0,0.0,0.07126946094418608,60.0,57.63473047209304,0.0
2024-08-03 20:47:00,1.0,0.0,0.07143329053299324,60.0,57.71664526649662,0.0
2024-08-03 20:48:00,1.0,0.0,0.07159710133579883,60.0,57.79855066789941,0.0
2024-08-03 20:49:00,1.0,0.0,0.07176089335475698,60.0,57.88044667737849,0.0
2024-08-03 20:50:00,1.0,0.0,0.0719246665920216,60.0,57.9623332960108,0.0
2024-08-03 20:51:00,1.0,0.0,0.07208842104974635,60.0,58.04421052487317,0.0
2024-08-03 20:52:00,1.0,0.0,0.07225215673008466,60.0,58.126078365042325,0.0
2024-08-03 20:53:00,1.0,0.0,0.07241587363518966,60.0,58.20793681759483,0.0
2024-08-03 20:54:00,1.0,0.0,0.07257957176721429,60.0,58.289785883607145,0.0
2024-08-03 20:55:00,1.0,0.0,0.07274325112831122,60.0,58.37162556415561,0.0
2024-08-03 20:56:00,1.0,0.0,0.07290691172063286,60.0,58.45345586031643,0.0
2024-08-03 20:57:00,1.0,0.0,0.07307055354633141,60.0,58.535276773165705,0.0
2024-08-03 20:58:00,1.0,0.0,0.07323417660755878,60.0,58.61708830377939,0.0
2024-08-03 20:59:00,1.0,0.0,0.07339778090646665,60.0,58.698890453233325,0.0
2024-08-03 21:00:00,1.0,0.0,0.07356136644520647,60.0,58.78068322260324,0.0
2024-08-03 21:01:00,1.0,0.0,0.07372493322592943,60.0,58.86246661296472,0.0
2024-08-03 21:02:00,1.0,0.0,0.07388848125078647,60.0,58.944240625393235,0.0
2024-08-03 21:03:00,1.0,0.0,0.07405201052192828,60.0,59.02600526096414,0.0
2024-08-03 21:04:00,1.0,0.0,0.07421552104150532,60.0,59.107760520752656,0.0
2024-08-03 21:05:00,1.0,0.0,0.07437901281166778,60.0,59.18950640583389,0.0
2024-08-03 21:06:00,1.0,0.0,0.07454248583456563,60.0,59.27124291728281,0.0
2024-08-03 21:07:00,1.0,0.0,0.07470594011234857,60.0,59.352970056174286,0.0
2024-08-03 21:08:00,1.0,0.0,0.07486937564716609,60.0,59.43468782358304,0.0
2024-08-03 21:09:00,1.0,0.0,0.07503279244116737,60.0,59.51639622058368,0.0
2024-08-03 21:10:00,1.0,0.0,0.07519619049650139,60.0,59.598095248250694,0.0
2024-08-03 21:11:00,1.0,0.0,0.07535956981531688,60.0,59.679784907658444,0.0
2024-08-03 21:12:00,1.0,0.0,0.07552293039976234,60.0,59.761465199881165,0.0
2024-08-03 21:13:00,1.0,0.0,0.07568627225198596,60.0,59.84313612599298,0.0
2024-08-03 21:14:00,1.0,0.0,0.07584959537413574,60.0,59.92479768706787,0.0
2024-08-03 21:15:00,1.0,0.0,0.07601289976835945,60.0,60.00644988417972,0.0
2024-08-03 21:16:00,1.0,0.0,0.07617618543680454,60.0,60.08809271840227,0.0
2024-08-03 21:17:00,1.0,0.0,0.0763394523816183,60.0,60.16972619080914,0.0
2024-08-03 21:18:00,1.0,0.0,0.07650270060494768,60.0,60.25135030247384,0.0
2024-08-03 21:19:00,1.0,0.0,0.07666593010893946,60.0,60.33296505446973,0.0
2024-08-03 21:20:00,1.0,0.0,0.07682914089574015,60.0,60.41457044787008,0.0
2024-08-03 21:21:00,2.0,0.0,0.07699233296749601,60.0,60.496166483748006,0.0
2024-08-03 21:22:00,2.0,0.0,0.07715550632635307,60.0,60.57775316317653,0.0
2024-08-03 21:23:00,2.0,1.92556,0.07731866097445707,60.0,60.65933048722853,1.0
2024-08-03 21:24:00,2.0,1.92556,0.07726099691395354,60.0,60.63049845697677,1.0
2024-08-03 21:25:00,2.0,0.0,0.0772033394656691,60.0,60.601669732834544,0.0
2024-08-03 21:26:00,2.0,0.0,0.0773664886288455,60.0,60.68324431442275,0.0
2024-08-03 21:27:00,2.0,0.0,0.07752961908404335,60.0,60.76480954202167,0.0
2024-08-03 21:28:00,2.0,0.0,0.0776927308334078,60.0,60.846365416703904,0.0
2024-08-03 21:29:00,2.0,0.0,0.07785582387908387,60.0,60.92791193954193,0.0
2024-08-03 21:30:00,2.0,0.0,0.07801889822321621,60.0,61.009449111608106,0.0
2024-08-03 21:31:00,2.0,0.0,0.078009951956817,60.0,61.004975978408496,0.0
2024-08-03 21:32:00,2.0,0.0,0.07800100671626771,60.0,61.000503358133855,0.0
2024-08-03 21:33:00,2.0,0.0,0.07799206250145074,60.0,60.99603125072537,0.0
2024-08-03 21:34:00,2.0,0.0,0.07798311931224848,60.0,60.99155965612424,0.0
2024-08-03 21:35:00,2.0,0.0,0.0779741771485433,60.0,60.987088574271645,0.0
2024-08-03 21:36:00,2.0,0.0,0.07796523601021761,60.0,60.982618005108804,0.0
2024-08-03 21:37:00,2.0,0.0,0.07795629589715385,60.0,60.978147948576925,0.0
2024-08-03 21:38:00,2.0,0.0,0.07794735680923445,60.0,60.973678404617225,0.0
2024-08-03 21:39:00,2.0,0.0,0.07793841874634186,60.0,60.969209373170926,0.0
2024-08-03 21:40:00,2.0,0.0,0.07792948170835852,60.0,60.96474085417926,0.0
2024-08-03 21:41:00,2.0,0.0,0.07792054569516692,60.0,60.96027284758346,0.0
2024-08-03 21:42:00,2.0,0.0,0.07791161070664955,60.0,60.95580535332478,0.0
2024-08-03 21:43:00,2.0,0.0,0.07790267674268893,60.0,60.95133837134446,0.0
2024-08-03 21:44:00,2.0,0.0,0.07789374380316755,60.0,60.946871901583776,0.0
2024-08-03 21:45:00,2.0,0.0,0.07788481188796796,60.0,60.94240594398398,0.0
2024-08-03 21:46:00,2.0,11.553360000000001,0.07787588099697268,60.0,60.93794049848634,6.0
2024-08-03 21:47:00,2.0,0.0,0.07654215113006428,60.0,60.27107556503214,0.0
2024-08-03 21:48:00,2.0,1.92556,0.07653337419921324,60.0,60.26668709960662,1.0
2024-08-03 21:49:00,2.0,0.0,0.0763037982747948,60.0,60.1518991373974,0.0
2024-08-03 21:50:00,2.0,0.0,0.07629504867537486,60.0,60.14752433768743,0.0
2024-08-03 21:51:00,1.0,0.0,0.07628630007925347,60.0,60.14315003962673,0.0
2024-08-03 21:52:00,1.0,0.0,0.07627755248631557,60.0,60.138776243157785,0.0
2024-08-03 21:53:00,1.0,0.0,0.07626880589644613,60.0,60.13440294822307,0.0
2024-08-03 21:54:00,1.0,0.0,0.07626006030953016,60.0,60.13003015476508,0.0
2024-08-03 21:55:00,1.0,0.0,0.07625131572545263,60.0,60.125657862726314,0.0
2024-08-03 21:56:00,1.0,0.0,0.07624257214409855,60.0,60.12128607204927,0.0
2024-08-03 21:57:00,1.0,0.0,0.07623382956535292,60.0,60.11691478267646,0.0
2024-08-03 21:58:00,1.0,0.0,0.0762250879891008,60.0,60.1125439945504,0.0
2024-08-03 21:59:00,1.0,0.0,0.07621634741522723,60.0,60.108173707613616,0.0
2024-08-03 22:00:00,1.0,0.0,0.07620760784361727,60.0,60.103803921808634,0.0
2024-08-03 22:01:00,1.0,0.0,0.07619886927415598,60.0,60.09943463707799,0.0
2024-08-03 22:02:00,1.0,0.0,0.07619013170672846,60.0,60.09506585336423,0.0
2024-08-03 22:03:00,1.0,0.0,0.07618139514121981,60.0,60.090697570609905,0.0
2024-08-03 22:04:00,1.0,0.0,0.07617265957751514,60.0,60.08632978875757,0.0
2024-08-03 22:05:00,1.0,0.0,0.07616392501549955,60.0,60.08196250774978,0.0
2024-08-03 22:06:00,1.0,0.0,0.07615519145505821,60.0,60.07759572752911,0.0
2024-08-03 22:07:00,1.0,0.0,0.07614645889607627,60.0,60.073229448038134,0.0
2024-08-03 22:08:00,1.0,11.553360000000001,0.07613772733843888,60.0,60.06886366921944,6.0
2024-08-03 22:09:00,1.0,11.553360000000001,0.07480419678203123,60.0,59.40209839101561,6.0
2024-08-03 22:10:00,1.0,0.0,0.07347081913882642,60.0,58.73540956941321,0.0
2024-08-03 22:11:00,1.0,0.0,0.07363439630242254,60.0,58.817198151211265,0.0
2024-08-03 22:12:00,1.0,0.0,0.07379795470896215,60.0,58.898977354481076,0.0
2024-08-03 22:13:00,1.0,0.0,0.0739614943605961,60.0,58.980747180298046,0.0
2024-08-03 22:14:00,1.0,0.0,0.07412501525947496,60.0,59.062507629737475,0.0
2024-08-03 22:15:00,1.0,1.92556,0.07428851740774907,60.0,59.144258703874534,1.0
2024-08-03 22:16:00,1.0,1.92556,0.07423120080756852,60.0,59.11560040378426,1.0
2024-08-03 22:17:00,1.0,0.0,0.07417389077976451,60.0,59.08694538988225,0.0
2024-08-03 22:18:00,2.0,0.0,0.07433738732358336,60.0,59.16869366179168,0.0
2024-08-03 22:19:00,2.0,0.0,0.0745008651195902,60.0,59.2504325597951,0.0
2024-08-03 22:20:00,2.0,0.0,0.07466432416993483,60.0,59.332162084967415,0.0
2024-08-03 22:21:00,2.0,0.0,0.07482776447676676,60.0,59.41388223838338,0.0
2024-08-03 22:22:00,2.0,0.0,0.07499118604223526,60.0,59.49559302111763,0.0
2024-08-03 22:23:00,2.0,0.0,0.07515458886848937,60.0,59.577294434244685,0.0
2024-08-03 22:24:00,2.0,0.0,0.07531797295767788,60.0,59.65898647883894,0.0
2024-08-03 22:25:00,2.0,0.0,0.07548133831194935,60.0,59.74066915597467,0.0
2024-08-03 22:26:00,2.0,1.92556,0.07564468493345204,60.0,59.82234246672602,1.0
2024-08-03 22:27:00,2.0,0.0,0.07558721282433402,60.0,59.79360641216701,0.0
2024-08-03 22:28:00,2.0,0.0,0.0757505473054244,60.0,59.875273652712195,0.0
2024-08-03 22:29:00,2.0,0.0,0.07591386305728616,60.0,59.95693152864308,0.0
2024-08-03 22:30:00,2.0,0.0,0.07607716008206698,60.0,60.03858004103349,0.0
2024-08-03 22:31:00,2.0,0.0,0.07624043838191423,60.0,60.120219190957116,0.0
2024-08-03 22:32:00,2.0,0.0,0.07640369795897507,60.0,60.201848979487536,0.0
2024-08-03 22:33:00,2.0,1.92556,0.0765669388153964,60.0,60.2834694076982,1.0
2024-08-03 22:34:00,2.0,0.0,0.07650936095332488,60.0,60.254680476662436,0.0
2024-08-03 22:35:00,2.0,0.0,0.07667258969358823,60.0,60.33629484679411,0.0
2024-08-03 22:36:00,2.0,0.0,0.07683579971674806,60.0,60.41789985837403,0.0
2024-08-03 22:37:00,2.0,0.0,0.07699899102495063,60.0,60.49949551247531,0.0
2024-08-03 22:38:00,2.0,0.0,0.07716216362034195,60.0,60.58108181017097,0.0
2024-08-03 22:39:00,2.0,0.0,0.07732531750506776,60.0,60.66265875253388,0.0
2024-08-03 22:40:00,2.0,0.0,0.07748845268127359,60.0,60.74422634063679,0.0
2024-08-03 22:41:00,2.0,0.0,0.07765156915110469,60.0,60.82578457555234,0.0
2024-08-03 22:42:00,2.0,0.0,0.07781466691670609,60.0,60.907333458353044,0.0
2024-08-03 22:43:00,2.0,0.0,0.07797774598022257,60.0,60.98887299011128,0.0
2024-08-03 22:44:00,2.0,0.0,0.07814080634379865,60.0,61.07040317189932,0.0
2024-08-03 22:45:00,2.0,0.0,0.07813184609844627,60.0,61.06592304922314,0.0
2024-08-03 22:46:00,2.0,0.0,0.07812288688054679,60.0,61.06144344027339,0.0
2024-08-03 22:47:00,2.0,0.0,0.07811392868998238,60.0,61.05696434499119,0.0
2024-08-03 22:48:00,2.0,0.0,0.07810497152663522,60.0,61.052485763317605,0.0
2024-08-03 22:49:00,2.0,0.0,0.07809601539038753,60.0,61.04800769519377,0.0
2024-08-03 22:50:00,2.0,0.0,0.07808706028112156,60.0,61.043530140560776,0.0
2024-08-03 22:51:00,2.0,1.92556,0.07807810619871951,60.0,61.039053099359755,1.0
2024-08-03 22:52:00,2.0,0.0,0.07784835314306367,60.0,60.92417657153183,0.0
2024-08-03 22:53:00,2.0,0.0,0.07783942643271759,60.0,60.919713216358794,0.0
2024-08-03 22:54:00,2.0,0.0,0.07783050074597901,60.0,60.915250372989505,0.0
2024-08-03 22:55:00,2.0,0.0,0.07782157608273055,60.0,60.91078804136527,0.0
2024-08-03 22:56:00,2.0,0.0,0.07781265244285485,60.0,60.90632622142742,0.0
2024-08-03 22:57:00,2.0,0.0,0.07780372982623454,60.0,60.90186491311727,0.0
2024-08-03 22:58:00,2.0,11.553360000000001,0.07779480823275232,60.0,60.89740411637616,6.0
2024-08-03 22:59:00,2.0,0.0,0.07646108766229086,60.0,60.230543831145425,0.0
2024-08-03 23:00:00,2.0,0.0,0.07645232002682073,60.0,60.226160013410365,0.0
2024-08-03 23:01:00,2.0,0.0,0.07644355339671732,60.0,60.22177669835866,0.0
2024-08-03 23:02:00,2.0,0.0,0.07643478777186533,60.0,60.217393885932665,0.0
2024-08-03 23:03:00,2.0,0.0,0.0764260231521495,60.0,60.21301157607475,0.0
2024-08-03 23:04:00,2.0,1.92556,0.07641725953745455,60.0,60.20862976872728,1.0
2024-08-03 23:05:00,2.0,1.92556,0.07618769692766526,60.0,60.09384846383263,1.0
2024-08-03 23:06:00,2.0,0.0,0.07595816064134771,60.0,59.97908032067385,0.0
2024-08-03 23:07:00,2.0,0.0,0.07594945067548343,60.0,59.97472533774172,0.0
2024-08-03 23:08:00,2.0,0.0,0.07594074170837302,60.0,59.970370854186505,0.0
2024-08-03 23:09:00,2.0,0.0,0.07593203373990191,60.0,59.966016869950955,0.0
2024-08-03 23:10:00,2.0,0.0,0.07592332676995563,60.0,59.96166338497781,0.0
2024-08-03 23:11:00,2.0,0.0,0.07591462079841965,60.0,59.957310399209824,0.0
2024-08-03 23:12:00,2.0,0.0,0.07590591582517951,60.0,59.95295791258975,0.0
2024-08-03 23:13:00,2.0,0.0,0.07589721185012072,60.0,59.948605925060356,0.0
2024-08-03 23:14:00,2.0,0.0,0.07588850887312881,60.0,59.94425443656441,0.0
2024-08-03 23:15:00,2.0,0.0,0.07587980689408937,60.0,59.939903447044685,0.0
2024-08-03 23:16:00,2.0,0.0,0.07587110591288794,60.0,59.93555295644397,0.0
2024-08-03 23:17:00,2.0,0.0,0.07586240592941011,60.0,59.93120296470506,0.0
2024-08-03 23:18:00,2.0,0.0,0.07585370694354149,60.0,59.92685347177074,0.0
2024-08-03 23:19:00,2.0,0.0,0.07584500895516764,60.0,59.92250447758382,0.0
2024-08-03 23:20:00,2.0,0.0,0.07583631196417422,60.0,59.91815598208711,0.0
2024-08-03 23:21:00,2.0,0.0,0.07582761597044685,60.0,59.91380798522342,0.0
2024-08-03 23:22:00,2.0,0.0,0.07581892097387116,60.0,59.90946048693558,0.0
2024-08-03 23:23:00,2.0,0.0,0.07581022697433282,60.0,59.90511348716641,0.0
2024-08-03 23:24:00,2.0,0.0,0.07580153397171752,60.0,59.90076698585876,0.0
2024-08-03 23:25:00,2.0,0.0,0.07579284196591092,60.0,59.89642098295546,0.0
2024-08-03 23:26:00,2.0,0.0,0.07578415095679873,60.0,59.89207547839936,0.0
2024-08-03 23:27:00,2.0,0.0,0.07577546094426665,60.0,59.88773047213333,0.0
2024-08-03 23:28:00,2.0,0.0,0.07576677192820043,60.0,59.88338596410021,0.0
2024-08-03 23:29:00,2.0,0.0,0.07575808390848578,60.0,59.87904195424289,0.0
2024-08-03 23:30:00,2.0,0.0,0.07574939688500845,60.0,59.874698442504226,0.0
2024-08-03 23:31:00,2.0,0.0,0.07574071085765423,60.0,59.87035542882711,0.0
2024-08-03 23:32:00,2.0,0.0,0.07573202582630886,60.0,59.86601291315443,0.0
2024-08-03 23:33:00,2.0,0.0,0.07572334179085816,60.0,59.86167089542908,0.0
2024-08-03 23:34:00,2.0,0.0,0.07571465875118792,60.0,59.85732937559396,0.0
2024-08-03 23:35:00,2.0,0.0,0.07570597670718397,60.0,59.85298835359198,0.0
2024-08-03 23:36:00,2.0,0.0,0.07569729565873212,60.0,59.84864782936606,0.0
2024-08-03 23:37:00,2.0,0.0,0.07568861560571821,60.0,59.844307802859106,0.0
2024-08-03 23:38:00,2.0,0.0,0.07567993654802811,60.0,59.839968274014055,0.0
2024-08-03 23:39:00,2.0,0.0,0.07567125848554768,60.0,59.83562924277384,0.0
2024-08-03 23:40:00,2.0,0.0,0.07566258141816282,60.0,59.83129070908141,0.0
2024-08-03 23:41:00,2.0,0.0,0.0756539053457594,60.0,59.8269526728797,0.0
2024-08-03 23:42:00,2.0,0.0,0.07564523026822333,60.0,59.822615134111665,0.0
2024-08-03 23:43:00,2.0,0.0,0.07563655618544055,60.0,59.81827809272027,0.0
2024-08-03 23:44:00,2.0,0.0,0.07562788309729696,60.0,59.81394154864848,0.0
2024-08-03 23:45:00,2.0,0.0,0.07561921100367855,60.0,59.80960550183927,0.0
2024-08-03 23:46:00,2.0,0.0,0.07561053990447124,60.0,59.80526995223562,0.0
2024-08-03 23:47:00,2.0,0.0,0.07560186979956103,60.0,59.800934899780515,0.0
2024-08-03 23:48:00,2.0,0.0,0.07559320068883389,60.0,59.796600344416944,0.0
2024-08-03 23:49:00,2.0,0.0,0.07558453257217583,60.0,59.792266286087916,0.0
2024-08-03 23:50:00,2.0,0.0,0.07557586544947285,60.0,59.78793272473643,0.0
2024-08-03 23:51:00,2.0,0.0,0.075567199320611,60.0,59.7835996603055,0.0
2024-08-03 23:52:00,2.0,0.0,0.0755585341854763,60.0,59.779267092738145,0.0
2024-08-03 23:53:00,2.0,0.0,0.07554987004395479,60.0,59.77493502197739,0.0
2024-08-03 23:54:00,2.0,0.0,0.07554120689593255,60.0,59.77060344796627,0.0
2024-08-03 23:55:00,2.0,0.0,0.07553254474129566,60.0,59.766272370647826,0.0
2024-08-03 23:56:00,2.0,0.0,0.07552388357993019,60.0,59.76194178996509,0.0
2024-08-03 23:57:00,2.0,0.0,0.07551522341172226,60.0,59.75761170586113,0.0
2024-08-03 23:58:00,2.0,0.0,0.075506564236558,60.0,59.753282118278996,0.0
2024-08-03 23:59:00,2.0,0.0,0.07549790605432351,60.0,59.748953027161754,0.0
2024-08-04 00:00:00,2.0,0.0,0.07548924886490495,60.0,59.744624432452476,0.0
2024-08-04 00:01:00,2.0,0.0,0.07548059266818848,60.0,59.74029633409424,0.0
2024-08-04 00:02:00,2.0,0.0,0.07547193746406027,60.0,59.73596873203013,0.0
2024-08-04 00:03:00,2.0,0.0,0.07546328325240648,60.0,59.731641626203235,0.0
2024-08-04 00:04:00,2.0,0.0,0.07545463003311333,60.0,59.72731501655666,0.0
2024-08-04 00:05:00,2.0,0.0,0.07544597780606699,60.0,59.722988903033496,0.0
2024-08-04 00:06:00,2.0,0.0,0.07543732657115373,60.0,59.718663285576866,0.0
2024-08-04 00:07:00,2.0,0.0,0.07542867632825977,60.0,59.714338164129884,0.0
2024-08-04 00:08:00,2.0,0.0,0.07542002707727134,60.0,59.71001353863567,0.0
2024-08-04 00:09:00,2.0,0.0,0.0754113788180747,60.0,59.705689409037355,0.0
2024-08-04 00:10:00,2.0,0.0,0.07540273155055616,60.0,59.70136577527808,0.0
2024-08-04 00:11:00,2.0,0.0,0.07539408527460197,60.0,59.69704263730098,0.0
2024-08-04 00:12:00,2.0,0.0,0.07538543999009842,60.0,59.69271999504921,0.0
2024-08-04 00:13:00,2.0,0.0,0.07537679569693186,60.0,59.688397848465925,0.0
2024-08-04 00:14:00,2.0,0.0,0.07536815239498859,60.0,59.68407619749429,0.0
2024-08-04 00:15:00,2.0,0.0,0.07535951008415495,60.0,59.679755042077474,0.0
2024-08-04 00:16:00,2.0,0.0,0.0753508687643173,60.0,59.67543438215865,0.0
2024-08-04 00:17:00,2.0,0.0,0.07534222843536201,60.0,59.671114217681,0.0
2024-08-04 00:18:00,2.0,0.0,0.07533358909717544,60.0,59.66679454858772,0.0
2024-08-04 00:19:00,2.0,0.0,0.07532495074964399,60.0,59.662475374821994,0.0
2024-08-04 00:20:00,2.0,0.0,0.07531631339265407,60.0,59.65815669632703,0.0
2024-08-04 00:21:00,2.0,0.0,0.07530767702609208,60.0,59.65383851304604,0.0
2024-08-04 00:22:00,2.0,0.0,0.07529904164984447,60.0,59.649520824922234,0.0
2024-08-04 00:23:00,2.0,0.0,0.07529040726379767,60.0,59.64520363189883,0.0
2024-08-04 00:24:00,2.0,0.0,0.07528177386783813,60.0,59.64088693391906,0.0
2024-08-04 00:25:00,2.0,0.0,0.07527314146185232,60.0,59.63657073092616,0.0
2024-08-04 00:26:00,2.0,0.0,0.07526451004572673,60.0,59.63225502286337,0.0
2024-08-04 00:27:00,2.0,0.0,0.07525587961934786,60.0,59.62793980967393,0.0
2024-08-04 00:28:00,2.0,0.0,0.07524725018260221,60.0,59.62362509130111,0.0
2024-08-04 00:29:00,2.0,0.0,0.07523862173537632,60.0,59.61931086768816,0.0
2024-08-04 00:30:00,2.0,0.0,0.07522999427755668,60.0,59.61499713877834,0.0
2024-08-04 00:31:00,2.0,0.0,0.07522136780902987,60.0,59.610683904514936,0.0
2024-08-04 00:32:00,2.0,0.0,0.07521274232968245,60.0,59.60637116484122,0.0
2024-08-04 00:33:00,2.0,0.0,0.07520411783940097,60.0,59.60205891970048,0.0
2024-08-04 00:34:00,2.0,0.0,0.07519549433807204,60.0,59.59774716903602,0.0
2024-08-04 00:35:00,2.0,0.0,0.07518687182558224,60.0,59.59343591279112,0.0
2024-08-04 00:36:00,2.0,0.0,0.0751782503018182,60.0,59.5891251509091,0.0
2024-08-04 00:37:00,2.0,0.0,0.07516962976666654,60.0,59.584814883333266,0.0
2024-08-04 00:38:00,2.0,0.0,0.07516101022001388,60.0,59.58050511000694,0.0
2024-08-04 00:39:00,2.0,0.0,0.07515239166174689,60.0,59.576195830873445,0.0
2024-08-04 00:40:00,2.0,0.0,0.07514377409175224,60.0,59.57188704587612,0.0
2024-08-04 00:41:00,2.0,0.0,0.07513515750991659,60.0,59.56757875495829,0.0
2024-08-04 00:42:00,2.0,0.0,0.07512654191612662,60.0,59.56327095806331,0.0
2024-08-04 00:43:00,2.0,0.0,0.07511792731026908,60.0,59.558963655134534,0.0
2024-08-04 00:44:00,2.0,0.0,0.07510931369223063,60.0,59.554656846115314,0.0
2024-08-04 00:45:00,2.0,0.0,0.07510070106189802,60.0,59.55035053094901,0.0
2024-08-04 00:46:00,2.0,0.0,0.075092089419158,60.0,59.546044709579,0.0
2024-08-04 00:47:00,2.0,0.0,0.07508347876389732,60.0,59.54173938194866,0.0
2024-08-04 00:48:00,2.0,0.0,0.07507486909600275,60.0,59.53743454800137,0.0
2024-08-04 00:49:00,2.0,0.0,0.07506626041536106,60.0,59.53313020768053,0.0
2024-08-04 00:50:00,2.0,0.0,0.07505765272185906,60.0,59.52882636092953,0.0
2024-08-04 00:51:00,2.0,0.0,0.07504904601538354,60.0,59.52452300769177,0.0
2024-08-04 00:52:00,2.0,0.0,0.07504044029582134,60.0,59.52022014791067,0.0
2024-08-04 00:53:00,2.0,0.0,0.07503183556305927,60.0,59.51591778152964,0.0
2024-08-04 00:54:00,2.0,0.0,0.0750232318169842,60.0,59.5116159084921,0.0
2024-08-04 00:55:00,2.0,0.0,0.07501462905748296,60.0,59.50731452874148,0.0
2024-08-04 00:56:00,2.0,0.0,0.07500602728444246,60.0,59.50301364222123,0.0
2024-08-04 00:57:00,2.0,0.0,0.07499742649774954,60.0,59.49871324887477,0.0
2024-08-04 00:58:00,2.0,0.0,0.07498882669729114,60.0,59.494413348645566,0.0
2024-08-04 00:59:00,2.0,0.0,0.07498022788295412,60.0,59.49011394147706,0.0
2024-08-04 01:00:00,2.0,0.0,0.07497163005462545,60.0,59.485815027312725,0.0
2024-08-04 01:01:00,2.0,0.0,0.07496303321219204,60.0,59.48151660609602,0.0
2024-08-04 01:02:00,2.0,0.0,0.07495443735554086,60.0,59.47721867777043,0.0
2024-08-04 01:03:00,2.0,0.0,0.07494584248455885,60.0,59.472921242279426,0.0
2024-08-04 01:04:00,2.0,0.0,0.07493724859913302,60.0,59.46862429956651,0.0
2024-08-04 01:05:00,2.0,0.0,0.07492865569915032,60.0,59.464327849575156,0.0
2024-08-04 01:06:00,2.0,0.0,0.07492006378449775,60.0,59.46003189224888,0.0
2024-08-04 01:07:00,2.0,0.0,0.07491147285506236,60.0,59.45573642753118,0.0
2024-08-04 01:08:00,2.0,0.0,0.07490288291073115,60.0,59.451441455365575,0.0
2024-08-04 01:09:00,2.0,0.0,0.07489429395139117,60.0,59.44714697569559,0.0
2024-08-04 01:10:00,2.0,0.0,0.07488570597692948,60.0,59.442852988464736,0.0
2024-08-04 01:11:00,2.0,0.0,0.07487711898723312,60.0,59.43855949361656,0.0
2024-08-04 01:12:00,2.0,0.0,0.07486853298218919,60.0,59.4342664910946,0.0
2024-08-04 01:13:00,2.0,0.0,0.07485994796168478,60.0,59.42997398084239,0.0
2024-08-04 01:14:00,2.0,0.0,0.07485136392560698,60.0,59.425681962803495,0.0
2024-08-04 01:15:00,2.0,0.0,0.07484278087384294,60.0,59.42139043692147,0.0
2024-08-04 01:16:00,2.0,0.0,0.07483419880627977,60.0,59.417099403139886,0.0
2024-08-04 01:17:00,2.0,0.0,0.0748256177228046,60.0,59.412808861402304,0.0
2024-08-04 01:18:00,2.0,0.0,0.07481703762330463,60.0,59.408518811652314,0.0
2024-08-04 01:19:00,2.0,0.0,0.07480845850766699,60.0,59.40422925383349,0.0
2024-08-04 01:20:00,2.0,0.0,0.07479988037577885,60.0,59.39994018788943,0.0
2024-08-04 01:21:00,2.0,0.0,0.07479130322752746,60.0,59.395651613763725,0.0
2024-08-04 01:22:00,2.0,0.0,0.07478272706279998,60.0,59.39136353139999,0.0
2024-08-04 01:23:00,2.0,0.0,0.07477415188148365,60.0,59.38707594074182,0.0
2024-08-04 01:24:00,2.0,0.0,0.07476557768346571,60.0,59.382788841732854,0.0
2024-08-04 01:25:00,2.0,0.0,0.0747570044686334,60.0,59.3785022343167,0.0
2024-08-04 01:26:00,2.0,0.0,0.07474843223687398,60.0,59.37421611843699,0.0
2024-08-04 01:27:00,2.0,0.0,0.07473986098807472,60.0,59.36993049403736,0.0
2024-08-04 01:28:00,2.0,0.0,0.07473129072212292,60.0,59.36564536106146,0.0
2024-08-04 01:29:00,2.0,0.0,0.07472272143890586,60.0,59.36136071945293,0.0
2024-08-04 01:30:00,2.0,0.0,0.07471415313831087,60.0,59.35707656915543,0.0
2024-08-04 01:31:00,2.0,0.0,0.07470558582022525,60.0,59.352792910112626,0.0
2024-08-04 01:32:00,2.0,0.0,0.07469701948453636,60.0,59.34850974226818,0.0
2024-08-04 01:33:00,2.0,0.0,0.07468845413113154,60.0,59.34422706556577,0.0
2024-08-04 01:34:00,2.0,0.0,0.07467988975989814,60.0,59.33994487994907,0.0
2024-08-04 01:35:00,2.0,0.0,0.07467132637072357,60.0,59.33566318536179,0.0
2024-08-04 01:36:00,2.0,0.0,0.07466276396349521,60.0,59.331381981747604,0.0
2024-08-04 01:37:00,2.0,0.0,0.07465420253810046,60.0,59.327101269050225,0.0
2024-08-04 01:38:00,2.0,0.0,0.0746456420944267,60.0,59.32282104721335,0.0
2024-08-04 01:39:00,2.0,0.0,0.07463708263236142,60.0,59.318541316180706,0.0
2024-08-04 01:40:00,2.0,0.0,0.07462852415179201,60.0,59.314262075896,0.0
2024-08-04 01:41:00,2.0,0.0,0.07461996665260594,60.0,59.30998332630297,0.0
2024-08-04 01:42:00,2.0,0.0,0.07461141013469069,60.0,59.30570506734534,0.0
2024-08-04 01:43:00,2.0,0.0,0.07460285459793373,60.0,59.301427298966864,0.0
2024-08-04 01:44:00,2.0,0.0,0.07459430004222255,60.0,59.29715002111127,0.0
2024-08-04 01:45:00,2.0,0.0,0.07458574646744465,60.0,59.292873233722325,0.0
2024-08-04 01:46:00,2.0,0.0,0.07457719387348756,60.0,59.28859693674378,0.0
2024-08-04 01:47:00,2.0,0.0,0.07456864226023881,60.0,59.2843211301194,0.0
2024-08-04 01:48:00,2.0,0.0,0.07456009162758594,60.0,59.28004581379297,0.0
2024-08-04 01:49:00,2.0,0.0,0.0745515419754165,60.0,59.27577098770825,0.0
2024-08-04 01:50:00,2.0,0.0,0.07454299330361808,60.0,59.27149665180904,0.0
2024-08-04 01:51:00,2.0,0.0,0.07453444561207824,60.0,59.26722280603912,0.0
2024-08-04 01:52:00,2.0,0.0,0.0745258989006846,60.0,59.2629494503423,0.0
2024-08-04 01:53:00,2.0,0.0,0.07451735316932476,60.0,59.258676584662375,0.0
2024-08-04 01:54:00,2.0,0.0,0.07450880841788632,60.0,59.25440420894316,0.0
2024-08-04 01:55:00,2.0,0.0,0.07450026464625693,60.0,59.25013232312847,0.0
2024-08-04 01:56:00,2.0,0.0,0.07449172185432426,60.0,59.24586092716213,0.0
2024-08-04 01:57:00,2.0,0.0,0.07448318004197593,60.0,59.241590020987964,0.0
2024-08-04 01:58:00,2.0,0.0,0.07447463920909964,60.0,59.23731960454982,0.0
2024-08-04 01:59:00,2.0,0.0,0.07446609935558307,60.0,59.233049677791534,0.0
2024-08-04 02:00:00,2.0,0.0,0.07445756048131393,60.0,59.22878024065696,0.0
2024-08-04 02:01:00,2.0,0.0,0.0744490225861799,60.0,59.22451129308995,0.0
2024-08-04 02:02:00,2.0,0.0,0.07444048567006872,60.0,59.22024283503436,0.0
2024-08-04 02:03:00,2.0,0.0,0.07443194973286815,60.0,59.215974866434074,0.0
2024-08-04 02:04:00,2.0,0.0,0.07442341477446592,60.0,59.211707387232956,0.0
2024-08-04 02:05:00,2.0,0.0,0.07441488079474978,60.0,59.20744039737489,0.0
2024-08-04 02:06:00,2.0,0.0,0.07440634779360752,60.0,59.20317389680376,0.0
2024-08-04 02:07:00,2.0,0.0,0.07439781577092694,60.0,59.19890788546347,0.0
2024-08-04 02:08:00,2.0,0.0,0.07438928472659583,60.0,59.19464236329791,0.0
2024-08-04 02:09:00,2.0,0.0,0.074380754660502,60.0,59.190377330250996,0.0
2024-08-04 02:10:00,2.0,0.0,0.07437222557253328,60.0,59.18611278626664,0.0
2024-08-04 02:11:00,2.0,0.0,0.07436369746257752,60.0,59.18184873128876,0.0
2024-08-04 02:12:00,2.0,0.0,0.07435517033052257,60.0,59.177585165261284,0.0
2024-08-04 02:13:00,2.0,0.0,0.07434664417625629,60.0,59.173322088128145,0.0
2024-08-04 02:14:00,2.0,0.0,0.07433811899966657,60.0,59.16905949983328,0.0
2024-08-04 02:15:00,2.0,0.0,0.07432959480064127,60.0,59.16479740032064,0.0
2024-08-04 02:16:00,2.0,0.0,0.07432107157906835,60.0,59.16053578953417,0.0
2024-08-04 02:17:00,2.0,0.0,0.07431254933483568,60.0,59.15627466741784,0.0
2024-08-04 02:18:00,2.0,0.0,0.07430402806783121,60.0,59.152014033915606,0.0
2024-08-04 02:19:00,2.0,0.0,0.07429550777794287,60.0,59.14775388897144,0.0
2024-08-04 02:20:00,2.0,0.0,0.07428698846505864,60.0,59.14349423252932,0.0
2024-08-04 02:21:00,2.0,0.0,0.07427847012906648,60.0,59.13923506453324,0.0
2024-08-04 02:22:00,2.0,0.0,0.07426995276985436,60.0,59.13497638492718,0.0
2024-08-04 02:23:00,2.0,0.0,0.07426143638731027,60.0,59.130718193655134,0.0
2024-08-04 02:24:00,2.0,0.0,0.07425292098132223,60.0,59.12646049066112,0.0
2024-08-04 02:25:00,2.0,0.0,0.07424440655177827,60.0,59.122203275889134,0.0
2024-08-04 02:26:00,2.0,0.0,0.0742358930985664,60.0,59.117946549283204,0.0
2024-08-04 02:27:00,2.0,0.0,0.0742273806215747,60.0,59.11369031078735,0.0
2024-08-04 02:28:00,2.0,0.0,0.0742188691206912,60.0,59.1094345603456,0.0
2024-08-04 02:29:00,2.0,0.0,0.07421035859580397,60.0,59.105179297901984,0.0
2024-08-04 02:30:00,2.0,0.0,0.0742018490468011,60.0,59.10092452340055,0.0
2024-08-04 02:31:00,2.0,0.0,0.0741933404735707,60.0,59.09667023678535,0.0
2024-08-04 02:32:00,2.0,0.0,0.07418483287600088,60.0,59.092416438000434,0.0
2024-08-04 02:33:00,2.0,0.0,0.07417632625397974,60.0,59.08816312698987,0.0
2024-08-04 02:34:00,2.0,0.0,0.07416782060739543,60.0,59.083910303697714,0.0
2024-08-04 02:35:00,2.0,0.0,0.0741593159361361,60.0,59.07965796806805,0.0
2024-08-04 02:36:00,2.0,0.0,0.0741508122400899,60.0,59.07540612004495,0.0
2024-08-04 02:37:00,2.0,0.0,0.07414230951914504,60.0,59.071154759572515,0.0
2024-08-04 02:38:00,2.0,0.0,0.07413380777318966,60.0,59.06690388659483,0.0
2024-08-04 02:39:00,2.0,0.0,0.07412530700211198,60.0,59.06265350105599,0.0
2024-08-04 02:40:00,2.0,0.0,0.07411680720580023,60.0,59.058403602900114,0.0
2024-08-04 02:41:00,2.0,0.0,0.07410830838414262,60.0,59.05415419207131,0.0
2024-08-04 02:42:00,2.0,0.0,0.07409981053702738,60.0,59.04990526851369,0.0
2024-08-04 02:43:00,2.0,0.0,0.07409131366434278,60.0,59.04565683217139,0.0
2024-08-04 02:44:00,2.0,0.0,0.07408281776597707,60.0,59.041408882988534,0.0
2024-08-04 02:45:00,2.0,0.0,0.07407432284181853,60.0,59.037161420909264,0.0
2024-08-04 02:46:00,2.0,0.0,0.07406582889175545,60.0,59.03291444587772,0.0
2024-08-04 02:47:00,2.0,0.0,0.07405733591567612,60.0,59.02866795783806,0.0
2024-08-04 02:48:00,2.0,0.0,0.07404884391346887,60.0,59.024421956734436,0.0
2024-08-04 02:49:00,2.0,0.0,0.07404035288502203,60.0,59.020176442511016,0.0
2024-08-04 02:50:00,2.0,0.0,0.07403186283022395,60.0,59.01593141511197,0.0
2024-08-04 02:51:00,2.0,0.0,0.07402337374896295,60.0,59.01168687448148,0.0
2024-08-04 02:52:00,2.0,0.0,0.07401488564112743,60.0,59.00744282056372,0.0
2024-08-04 02:53:00,2.0,0.0,0.07400639850660576,60.0,59.00319925330288,0.0
2024-08-04 02:54:00,2.0,0.0,0.07399791234528633,60.0,58.99895617264316,0.0
2024-08-04 02:55:00,2.0,0.0,0.07416142906818987,60.0,59.08071453409494,0.0
2024-08-04 02:56:00,2.0,0.0,0.07432492704096753,60.0,59.16246352048377,0.0
2024-08-04 02:57:00,2.0,0.0,0.07448840626576934,60.0,59.24420313288467,0.0
2024-08-04 02:58:00,2.0,0.0,0.07465186674474508,60.0,59.32593337237254,0.0
2024-08-04 02:59:00,2.0,0.0,0.07481530848004429,60.0,59.40765424002215,0.0
2024-08-04 03:00:00,2.0,0.0,0.0749787314738163,60.0,59.48936573690815,0.0
2024-08-04 03:01:00,2.0,0.0,0.07514213572821012,60.0,59.57106786410506,0.0
2024-08-04 03:02:00,2.0,0.0,0.0753055212453746,60.0,59.652760622687296,0.0
2024-08-04 03:03:00,2.0,0.0,0.07546888802745827,60.0,59.73444401372913,0.0
2024-08-04 03:04:00,2.0,0.0,0.07563223607660945,60.0,59.81611803830472,0.0
2024-08-04 03:05:00,2.0,0.0,0.0757955653949762,60.0,59.8977826974881,0.0
2024-08-04 03:06:00,2.0,0.0,0.07595887598470634,60.0,59.97943799235317,0.0
2024-08-04 03:07:00,2.0,0.0,0.07612216784794747,60.0,60.06108392397373,0.0
2024-08-04 03:08:00,2.0,0.0,0.07628544098684689,60.0,60.14272049342345,0.0
2024-08-04 03:09:00,2.0,0.0,0.0764486954035517,60.0,60.22434770177585,0.0
2024-08-04 03:10:00,2.0,0.0,0.07661193110020872,60.0,60.30596555010436,0.0
2024-08-04 03:11:00,2.0,0.0,0.07677514807896454,60.0,60.387574039482274,0.0
2024-08-04 03:12:00,2.0,0.0,0.07693834634196553,60.0,60.469173170982764,0.0
2024-08-04 03:13:00,2.0,0.0,0.07710152589135776,60.0,60.550762945678876,0.0
2024-08-04 03:14:00,2.0,0.0,0.07726468672928707,60.0,60.63234336464354,0.0
2024-08-04 03:15:00,2.0,0.0,0.0774278288578991,60.0,60.71391442894955,0.0
2024-08-04 03:16:00,2.0,0.0,0.0775909522793392,60.0,60.795476139669596,0.0
2024-08-04 03:17:00,2.0,0.0,0.07775405699575245,60.0,60.877028497876225,0.0
2024-08-04 03:18:00,2.0,0.0,0.07791714300928375,60.0,60.958571504641874,0.0
2024-08-04 03:19:00,2.0,0.0,0.07808021032207772,60.0,61.04010516103886,0.0
2024-08-04 03:20:00,2.0,0.0,0.07807125702514638,60.0,61.03562851257319,0.0
2024-08-04 03:21:00,2.0,0.0,0.07806230475487116,60.0,61.03115237743558,0.0
2024-08-04 03:22:00,2.0,0.0,0.07805335351113435,60.0,61.02667675556717,0.0
2024-08-04 03:23:00,2.0,0.0,0.0780444032938182,60.0,61.0222016469091,0.0
2024-08-04 03:24:00,2.0,0.0,0.07803545410280506,60.0,61.01772705140253,0.0
2024-08-04 03:25:00,2.0,0.0,0.07802650593797722,60.0,61.01325296898861,0.0
2024-08-04 03:26:00,2.0,0.0,0.07801755879921701,60.0,61.00877939960851,0.0
2024-08-04 03:27:00,2.0,0.0,0.07800861268640678,60.0,61.00430634320339,0.0
2024-08-04 03:28:00,2.0,0.0,0.07799966759942888,60.0,60.99983379971444,0.0
2024-08-04 03:29:00,2.0,0.0,0.07799072353816568,60.0,60.99536176908284,0.0
2024-08-04 03:30:00,2.0,0.0,0.07798178050249957,60.0,60.99089025124979,0.0
2024-08-04 03:31:00,2.0,0.0,0.07797283849231296,60.0,60.98641924615648,0.0
2024-08-04 03:32:00,2.0,0.0,0.07796389750748822,60.0,60.98194875374411,0.0
2024-08-04 03:33:00,2.0,0.0,0.07795495754790782,60.0,60.97747877395391,0.0
2024-08-04 03:34:00,2.0,0.0,0.07794601861345417,60.0,60.973009306727086,0.0
2024-08-04 03:35:00,2.0,0.0,0.07793708070400973,60.0,60.968540352004865,0.0
2024-08-04 03:36:00,2.0,0.0,0.07792814381945695,60.0,60.964071909728474,0.0
2024-08-04 03:37:00,2.0,0.0,0.07791920795967831,60.0,60.95960397983916,0.0
2024-08-04 03:38:00,2.0,0.0,0.07791027312455633,60.0,60.95513656227816,0.0
2024-08-04 03:39:00,2.0,0.0,0.07790133931397349,60.0,60.95066965698674,0.0
2024-08-04 03:40:00,2.0,0.0,0.0778924065278123,60.0,60.94620326390615,0.0
2024-08-04 03:41:00,2.0,0.0,0.07788347476595532,60.0,60.94173738297766,0.0
2024-08-04 03:42:00,2.0,0.0,0.07787454402828506,60.0,60.93727201414253,0.0
2024-08-04 03:43:00,2.0,0.0,0.07786561431468411,60.0,60.932807157342054,0.0
2024-08-04 03:44:00,2.0,0.0,0.07785668562503503,60.0,60.92834281251751,0.0
2024-08-04 03:45:00,2.0,0.0,0.0778477579592204,60.0,60.9238789796102,0.0
2024-08-04 03:46:00,2.0,0.0,0.07783883131712284,60.0,60.91941565856142,0.0
2024-08-04 03:47:00,2.0,0.0,0.07782990569862494,60.0,60.91495284931247,0.0
2024-08-04 03:48:00,2.0,0.0,0.07782098110360933,60.0,60.91049055180466,0.0
2024-08-04 03:49:00,2.0,0.0,0.07781205753195865,60.0,60.90602876597932,0.0
2024-08-04 03:50:00,2.0,0.0,0.07780313498355555,60.0,60.901567491777776,0.0
2024-08-04 03:51:00,2.0,0.0,0.07779421345828272,60.0,60.897106729141356,0.0
2024-08-04 03:52:00,2.0,0.0,0.07778529295602281,60.0,60.8926464780114,0.0
2024-08-04 03:53:00,2.0,0.0,0.07777637347665853,60.0,60.88818673832926,0.0
2024-08-04 03:54:00,2.0,0.0,0.07776745502007258,60.0,60.88372751003629,0.0
2024-08-04 03:55:00,2.0,0.0,0.07775853758614767,60.0,60.879268793073834,0.0
2024-08-04 03:56:00,2.0,0.0,0.07774962117476655,60.0,60.87481058738327,0.0
2024-08-04 03:57:00,2.0,0.0,0.07774070578581196,60.0,60.870352892905984,0.0
2024-08-04 03:58:00,2.0,0.0,0.07773179141916668,60.0,60.86589570958334,0.0
2024-08-04 03:59:00,2.0,0.0,0.07772287807471347,60.0,60.86143903735673,0.0
2024-08-04 04:00:00,2.0,0.0,0.0777139657523351,60.0,60.85698287616755,0.0
2024-08-04 04:01:00,2.0,0.0,0.07770505445191438,60.0,60.85252722595719,0.0
2024-08-04 04:02:00,2.0,0.0,0.07769614417333413,60.0,60.84807208666707,0.0
2024-08-04 04:03:00,2.0,0.0,0.07768723491647718,60.0,60.84361745823859,0.0
2024-08-04 04:04:00,2.0,0.0,0.07767832668122637,60.0,60.83916334061318,0.0
2024-08-04 04:05:00,2.0,0.0,0.07766941946746456,60.0,60.834709733732275,0.0
2024-08-04 04:06:00,2.0,0.0,0.07766051327507459,60.0,60.830256637537296,0.0
2024-08-04 04:07:00,2.0,0.0,0.07765160810393937,60.0,60.82580405196968,0.0
2024-08-04 04:08:00,2.0,0.0,0.07764270395394178,60.0,60.82135197697089,0.0
2024-08-04 04:09:00,2.0,0.0,0.07763380082496474,60.0,60.81690041248237,0.0
2024-08-04 04:10:00,2.0,0.0,0.07762489871689117,60.0,60.81244935844558,0.0
2024-08-04 04:11:00,2.0,0.0,0.077615997629604,60.0,60.807998814802,0.0
2024-08-04 04:12:00,2.0,0.0,0.07760709756298617,60.0,60.803548781493085,0.0
2024-08-04 04:13:00,2.0,0.0,0.07759819851692067,60.0,60.79909925846033,0.0
2024-08-04 04:14:00,2.0,0.0,0.07758930049129044,60.0,60.794650245645215,0.0
2024-08-04 04:15:00,2.0,0.0,0.07758040348597849,60.0,60.79020174298924,0.0
2024-08-04 04:16:00,2.0,0.0,0.07757150750086782,60.0,60.785753750433905,0.0
2024-08-04 04:17:00,2.0,0.0,0.07756261253584144,60.0,60.78130626792072,0.0
2024-08-04 04:18:00,2.0,0.0,0.07755371859078239,60.0,60.77685929539119,0.0
2024-08-04 04:19:00,2.0,0.0,0.0775448256655737,60.0,60.77241283278685,0.0
2024-08-04 04:20:00,2.0,0.0,0.07753593376009843,60.0,60.767966880049215,0.0
2024-08-04 04:21:00,2.0,0.0,0.07752704287423966,60.0,60.76352143711983,0.0
2024-08-04 04:22:00,2.0,0.0,0.07751815300788044,60.0,60.75907650394022,0.0
2024-08-04 04:23:00,2.0,0.0,0.07750926416090391,60.0,60.754632080451955,0.0
2024-08-04 04:24:00,2.0,0.0,0.07750037633319316,60.0,60.75018816659658,0.0
2024-08-04 04:25:00,1.0,0.0,0.07749148952463131,60.0,60.74574476231565,0.0
2024-08-04 04:26:00,1.0,0.0,0.07748260373510149,60.0,60.741301867550746,0.0
2024-08-04 04:27:00,1.0,0.0,0.07747371896448686,60.0,60.73685948224343,0.0
2024-08-04 04:28:00,1.0,0.0,0.07746483521267059,60.0,60.73241760633529,0.0
2024-08-04 04:29:00,1.0,0.0,0.07745595247953582,60.0,60.72797623976791,0.0
2024-08-04 04:30:00,1.0,0.0,0.07744707076496579,60.0,60.72353538248289,0.0
2024-08-04 04:31:00,1.0,0.0,0.07743819006884367,60.0,60.719095034421834,0.0
2024-08-04 04:32:00,1.0,0.0,0.07742931039105268,60.0,60.71465519552634,0.0
2024-08-04 04:33:00,1.0,0.0,0.07742043173147607,60.0,60.710215865738036,0.0
2024-08-04 04:34:00,1.0,0.0,0.07741155408999707,60.0,60.705777044998534,0.0
2024-08-04 04:35:00,1.0,0.0,0.07740267746649893,60.0,60.701338733249464,0.0
2024-08-04 04:36:00,1.0,0.0,0.07739380186086493,60.0,60.69690093043246,0.0
2024-08-04 04:37:00,1.0,0.0,0.07738492727297834,60.0,60.69246363648917,0.0
2024-08-04 04:38:00,1.0,0.0,0.07737605370272249,60.0,60.68802685136124,0.0
2024-08-04 04:39:00,1.0,0.0,0.07736718114998066,60.0,60.683590574990326,0.0
2024-08-04 04:40:00,1.0,0.0,0.07735830961463618,60.0,60.679154807318085,0.0
2024-08-04 04:41:00,1.0,0.0,0.07734943909657238,60.0,60.67471954828619,0.0
2024-08-04 04:42:00,1.0,0.0,0.07734056959567263,60.0,60.67028479783632,0.0
2024-08-04 04:43:00,1.0,0.0,0.07733170111182028,60.0,60.66585055591014,0.0
2024-08-04 04:44:00,1.0,0.0,0.07732283364489871,60.0,60.661416822449354,0.0
2024-08-04 04:45:00,1.0,0.0,0.07731396719479132,60.0,60.65698359739566,0.0
2024-08-04 04:46:00,1.0,0.0,0.0773051017613815,60.0,60.65255088069075,0.0
2024-08-04 04:47:00,1.0,0.0,0.07729623734455267,60.0,60.64811867227633,0.0
2024-08-04 04:48:00,1.0,0.0,0.07728737394418826,60.0,60.64368697209413,0.0
2024-08-04 04:49:00,1.0,0.0,0.07727851156017172,60.0,60.63925578008586,0.0
2024-08-04 04:50:00,1.0,0.0,0.0772696501923865,60.0,60.634825096193254,0.0
2024-08-04 04:51:00,1.0,0.0,0.0772607898407161,60.0,60.63039492035805,0.0
2024-08-04 04:52:00,1.0,0.0,0.07725193050504398,60.0,60.625965252521986,0.0
2024-08-04 04:53:00,1.0,0.0,0.07724307218525363,60.0,60.62153609262681,0.0
2024-08-04 04:54:00,1.0,0.0,0.07723421488122856,60.0,60.61710744061428,0.0
2024-08-04 04:55:00,2.0,0.0,0.0772253585928523,60.0,60.61267929642615,0.0
2024-08-04 04:56:00,2.0,0.0,0.0772165033200084,60.0,60.6082516600042,0.0
2024-08-04 04:57:00,2.0,0.0,0.0772076490625804,60.0,60.6038245312902,0.0
2024-08-04 04:58:00,2.0,0.0,0.07719879582045186,60.0,60.59939791022593,0.0
2024-08-04 04:59:00,2.0,0.0,0.07718994359350637,60.0,60.594971796753185,0.0
2024-08-04 05:00:00,2.0,0.0,0.07718109238162753,60.0,60.59054619081376,0.0
2024-08-04 05:01:00,1.0,0.0,0.0771722421846989,60.0,60.58612109234945,0.0
2024-08-04 05:02:00,1.0,0.0,0.07716339300260414,60.0,60.58169650130207,0.0
2024-08-04 05:03:00,1.0,0.0,0.07715454483522688,60.0,60.577272417613436,0.0
2024-08-04 05:04:00,2.0,0.0,0.07714569768245073,60.0,60.572848841225365,0.0
2024-08-04 05:05:00,2.0,0.0,0.07713685154415939,60.0,60.56842577207969,0.0
2024-08-04 05:06:00,2.0,0.0,0.0771280064202365,60.0,60.56400321011825,0.0
2024-08-04 05:07:00,2.0,0.0,0.07711916231056577,60.0,60.559581155282885,0.0
2024-08-04 05:08:00,2.0,0.0,0.07711031921503086,60.0,60.555159607515435,0.0
2024-08-04 05:09:00,2.0,0.0,0.07710147713351553,60.0,60.550738566757765,0.0
2024-08-04 05:10:00,2.0,0.0,0.07709263606590347,60.0,60.54631803295173,0.0
2024-08-04 05:11:00,2.0,0.0,0.07708379601207843,60.0,60.54189800603921,0.0
2024-08-04 05:12:00,2.0,0.0,0.07707495697192415,60.0,60.537478485962076,0.0
2024-08-04 05:13:00,2.0,0.0,0.0770661189453244,60.0,60.5330594726622,0.0
2024-08-04 05:14:00,2.0,0.0,0.07705728193216298,60.0,60.52864096608149,0.0
2024-08-04 05:15:00,2.0,0.0,0.07704844593232364,60.0,60.52422296616182,0.0
2024-08-04 05:16:00,2.0,0.0,0.07703961094569022,60.0,60.51980547284511,0.0
2024-08-04 05:17:00,2.0,0.0,0.07703077697214651,60.0,60.515388486073256,0.0
2024-08-04 05:18:00,2.0,0.0,0.07702194401157637,60.0,60.51097200578818,0.0
2024-08-04 05:19:00,2.0,0.0,0.07701311206386362,60.0,60.50655603193181,0.0
2024-08-04 05:20:00,2.0,0.0,0.07700428112889213,60.0,60.502140564446066,0.0
2024-08-04 05:21:00,2.0,0.0,0.07699545120654577,60.0,60.49772560327288,0.0
2024-08-04 05:22:00,2.0,0.0,0.07698662229670843,60.0,60.49331114835421,0.0
2024-08-04 05:23:00,2.0,0.0,0.07697779439926399,60.0,60.48889719963199,0.0
2024-08-04 05:24:00,2.0,0.0,0.07696896751409636,60.0,60.48448375704818,0.0
2024-08-04 05:25:00,2.0,0.0,0.0769601416410895,60.0,60.480070820544746,0.0
2024-08-04 05:26:00,2.0,0.0,0.0769513167801273,60.0,60.47565839006365,0.0
2024-08-04 05:27:00,2.0,0.0,0.07694249293109374,60.0,60.47124646554687,0.0
2024-08-04 05:28:00,2.0,0.0,0.07693367009387278,60.0,60.46683504693639,0.0
2024-08-04 05:29:00,2.0,0.0,0.0769248482683484,60.0,60.4624241341742,0.0
2024-08-04 05:30:00,2.0,0.0,0.07691602745440458,60.0,60.45801372720229,0.0
2024-08-04 05:31:00,2.0,0.0,0.07690720765192535,60.0,60.453603825962674,0.0
2024-08-04 05:32:00,2.0,0.0,0.0768983888607947,60.0,60.44919443039735,0.0
2024-08-04 05:33:00,2.0,0.0,0.07688957108089665,60.0,60.44478554044833,0.0
2024-08-04 05:34:00,2.0,0.0,0.07688075431211529,60.0,60.44037715605764,0.0
2024-08-04 05:35:00,2.0,0.0,0.07687193855433463,60.0,60.43596927716732,0.0
2024-08-04 05:36:00,2.0,0.0,0.07686312380743877,60.0,60.431561903719384,0.0
2024-08-04 05:37:00,2.0,0.0,0.07685431007131178,60.0,60.42715503565589,0.0
2024-08-04 05:38:00,2.0,0.0,0.07684549734583777,60.0,60.422748672918885,0.0
2024-08-04 05:39:00,2.0,0.0,0.07683668563090083,60.0,60.418342815450416,0.0
2024-08-04 05:40:00,2.0,0.0,0.07682787492638511,60.0,60.41393746319255,0.0
2024-08-04 05:41:00,2.0,0.0,0.07681906523217473,60.0,60.40953261608736,0.0
2024-08-04 05:42:00,2.0,0.0,0.07681025654815384,60.0,60.405128274076915,0.0
2024-08-04 05:43:00,2.0,0.0,0.0768014488742066,60.0,60.4007244371033,0.0
2024-08-04 05:44:00,2.0,0.0,0.0767926422102172,60.0,60.3963211051086,0.0
2024-08-04 05:45:00,2.0,0.0,0.07678383655606984,60.0,60.391918278034915,0.0
2024-08-04 05:46:00,2.0,0.0,0.07677503191164868,60.0,60.38751595582434,0.0
2024-08-04 05:47:00,2.0,0.0,0.07676622827683798,60.0,60.38311413841899,0.0
2024-08-04 05:48:00,2.0,0.0,0.07675742565152195,60.0,60.37871282576098,0.0
2024-08-04 05:49:00,2.0,0.0,0.07674862403558486,60.0,60.37431201779243,0.0
2024-08-04 05:50:00,2.0,0.0,0.07673982342891092,60.0,60.36991171445546,0.0
2024-08-04 05:51:00,2.0,0.0,0.07673102383138443,60.0,60.36551191569222,0.0
2024-08-04 05:52:00,2.0,0.0,0.07672222524288969,60.0,60.36111262144484,0.0
2024-08-04 05:53:00,2.0,0.0,0.07671342766331093,60.0,60.35671383165547,0.0
2024-08-04 05:54:00,2.0,0.0,0.07670463109253253,60.0,60.35231554626627,0.0
2024-08-04 05:55:00,2.0,0.0,0.0766958355304388,60.0,60.3479177652194,0.0
2024-08-04 05:56:00,2.0,0.0,0.07668704097691405,60.0,60.343520488457024,0.0
2024-08-04 05:57:00,2.0,0.0,0.07667824743184264,60.0,60.33912371592132,0.0
2024-08-04 05:58:00,2.0,0.0,0.07666945489510893,60.0,60.334727447554464,0.0
2024-08-04 05:59:00,2.0,0.0,0.07666066336659731,60.0,60.33033168329865,0.0
2024-08-04 06:00:00,2.0,0.0,0.07665187284619215,60.0,60.325936423096074,0.0
2024-08-04 06:01:00,2.0,0.0,0.07664308333377787,60.0,60.32154166688893,0.0
2024-08-04 06:02:00,2.0,0.0,0.07663429482923888,60.0,60.31714741461944,0.0
2024-08-04 06:03:00,2.0,0.0,0.07662550733245961,60.0,60.3127536662298,0.0
2024-08-04 06:04:00,2.0,0.0,0.07661672084332449,60.0,60.30836042166224,0.0
2024-08-04 06:05:00,2.0,0.0,0.07660793536171799,60.0,60.303967680858996,0.0
2024-08-04 06:06:00,2.0,0.0,0.07659915088752457,60.0,60.299575443762286,0.0
2024-08-04 06:07:00,2.0,0.0,0.07659036742062872,60.0,60.29518371031436,0.0
2024-08-04 06:08:00,2.0,0.0,0.07658158496091494,60.0,60.29079248045747,0.0
2024-08-04 06:09:00,2.0,0.0,0.07657280350826773,60.0,60.28640175413386,0.0
2024-08-04 06:10:00,2.0,0.0,0.07656402306257161,60.0,60.282011531285804,0.0
2024-08-04 06:11:00,2.0,0.0,0.0765552436237111,60.0,60.27762181185555,0.0
2024-08-04 06:12:00,2.0,0.0,0.0765464651915708,60.0,60.273232595785394,0.0
2024-08-04 06:13:00,2.0,0.0,0.0765376877660352,60.0,60.2688438830176,0.0
2024-08-04 06:14:00,2.0,0.0,0.07652891134698894,60.0,60.26445567349447,0.0
2024-08-04 06:15:00,2.0,0.0,0.07652013593431656,60.0,60.26006796715828,0.0
2024-08-04 06:16:00,2.0,0.0,0.07651136152790268,60.0,60.25568076395134,0.0
2024-08-04 06:17:00,2.0,0.0,0.07650258812763193,60.0,60.25129406381596,0.0
2024-08-04 06:18:00,2.0,0.0,0.07649381573338891,60.0,60.24690786669446,0.0
2024-08-04 06:19:00,2.0,0.0,0.07648504434505829,60.0,60.24252217252914,0.0
2024-08-04 06:20:00,2.0,0.0,0.07647627396252468,60.0,60.23813698126234,0.0
2024-08-04 06:21:00,2.0,0.0,0.07646750458567281,60.0,60.2337522928364,0.0
2024-08-04 06:22:00,2.0,0.0,0.0764587362143873,60.0,60.22936810719365,0.0
2024-08-04 06:23:00,2.0,0.0,0.07644996884855287,60.0,60.224984424276435,0.0
2024-08-04 06:24:00,2.0,0.0,0.07644120248805424,60.0,60.220601244027115,0.0
2024-08-04 06:25:00,2.0,0.0,0.0764324371327761,60.0,60.21621856638805,0.0
2024-08-04 06:26:00,2.0,0.0,0.0764236727826032,60.0,60.2118363913016,0.0
2024-08-04 06:27:00,2.0,0.0,0.0764149094374203,60.0,60.207454718710146,0.0
2024-08-04 06:28:00,1.0,0.0,0.07640614709711213,60.0,60.20307354855606,0.0
2024-08-04 06:29:00,1.0,0.0,0.07639738576156349,60.0,60.19869288078174,0.0
2024-08-04 06:30:00,1.0,0.0,0.07638862543065915,60.0,60.19431271532957,0.0
2024-08-04 06:31:00,2.0,0.0,0.07637986610428392,60.0,60.18993305214196,0.0
2024-08-04 06:32:00,2.0,0.0,0.07637110778232262,60.0,60.185553891161305,0.0
2024-08-04 06:33:00,2.0,0.0,0.07636235046466004,60.0,60.18117523233002,0.0
2024-08-04 06:34:00,2.0,0.0,0.07635359415118106,60.0,60.17679707559053,0.0
2024-08-04 06:35:00,2.0,0.0,0.07634483884177051,60.0,60.172419420885255,0.0
2024-08-04 06:36:00,2.0,0.0,0.07633608453631327,60.0,60.16804226815663,0.0
2024-08-04 06:37:00,2.0,0.0,0.0763273312346942,60.0,60.1636656173471,0.0
2024-08-04 06:38:00,2.0,0.0,0.0763185789367982,60.0,60.1592894683991,0.0
2024-08-04 06:39:00,2.0,0.0,0.07630982764251018,60.0,60.15491382125509,0.0
2024-08-04 06:40:00,2.0,0.0,0.07630107735171505,60.0,60.150538675857526,0.0
2024-08-04 06:41:00,2.0,0.0,0.07629232806429775,60.0,60.146164032148874,0.0
2024-08-04 06:42:00,2.0,0.0,0.07628357978014322,60.0,60.14178989007161,0.0
2024-08-04 06:43:00,2.0,0.0,0.07627483249913641,60.0,60.137416249568204,0.0
2024-08-04 06:44:00,2.0,0.0,0.07626608622116231,60.0,60.133043110581156,0.0
2024-08-04 06:45:00,2.0,0.0,0.0762573409461059,60.0,60.12867047305295,0.0
2024-08-04 06:46:00,1.0,0.0,0.07624859667385217,60.0,60.12429833692608,0.0
2024-08-04 06:47:00,1.0,0.0,0.07623985340428613,60.0,60.11992670214306,0.0
2024-08-04 06:48:00,1.0,0.0,0.0762311111372928,60.0,60.1155555686464,0.0
2024-08-04 06:49:00,1.0,0.0,0.07622236987275723,60.0,60.11118493637861,0.0
2024-08-04 06:50:00,1.0,0.0,0.07621362961056445,60.0,60.10681480528223,0.0
2024-08-04 06:51:00,1.0,0.0,0.07620489035059956,60.0,60.10244517529978,0.0
2024-08-04 06:52:00,1.0,0.0,0.0761961520927476,60.0,60.0980760463738,0.0
2024-08-04 06:53:00,1.0,0.0,0.07618741483689369,60.0,60.09370741844684,0.0
2024-08-04 06:54:00,1.0,0.0,0.0761786785829229,60.0,60.08933929146145,0.0
2024-08-04 06:55:00,2.0,0.0,0.07616994333072037,60.0,60.084971665360186,0.0
2024-08-04 06:56:00,2.0,0.0,0.07616120908017122,60.0,60.08060454008561,0.0
2024-08-04 06:57:00,2.0,0.0,0.07615247583116058,60.0,60.07623791558029,0.0
2024-08-04 06:58:00,2.0,0.0,0.07614374358357363,60.0,60.07187179178682,0.0
2024-08-04 06:59:00,2.0,0.0,0.07613501233729554,60.0,60.06750616864777,0.0
2024-08-04 07:00:00,2.0,0.0,0.07612628209221146,60.0,60.063141046105734,0.0
2024-08-04 07:01:00,2.0,0.0,0.07611755284820663,60.0,60.058776424103314,0.0
2024-08-04 07:02:00,2.0,0.0,0.07610882460516621,60.0,60.05441230258311,0.0
2024-08-04 07:03:00,2.0,0.0,0.07610009736297547,60.0,60.05004868148774,0.0
2024-08-04 07:04:00,2.0,0.0,0.07609137112151962,60.0,60.04568556075981,0.0
2024-08-04 07:05:00,2.0,0.0,0.0760826458806839,60.0,60.04132294034195,0.0
2024-08-04 07:06:00,2.0,0.0,0.07607392164035358,60.0,60.03696082017679,0.0
2024-08-04 07:07:00,2.0,0.0,0.07606519840041392,60.0,60.03259920020696,0.0
2024-08-04 07:08:00,2.0,0.0,0.07605647616075024,60.0,60.02823808037512,0.0
2024-08-04 07:09:00,2.0,0.0,0.07604775492124782,60.0,60.02387746062391,0.0
2024-08-04 07:10:00,2.0,0.0,0.07603903468179196,60.0,60.01951734089598,0.0
2024-08-04 07:11:00,2.0,0.0,0.076030315442268,60.0,60.015157721134,0.0
2024-08-04 07:12:00,2.0,0.0,0.0760215972025613,60.0,60.01079860128065,0.0
2024-08-04 07:13:00,2.0,0.0,0.07601287996255718,60.0,60.00643998127859,0.0
2024-08-04 07:14:00,2.0,0.0,0.07600416372214103,60.0,60.002081861070515,0.0
2024-08-04 07:15:00,2.0,0.0,0.07599544848119821,60.0,59.997724240599105,0.0
2024-08-04 07:16:00,2.0,0.0,0.07598673423961412,60.0,59.99336711980706,0.0
2024-08-04 07:17:00,2.0,0.0,0.07597802099727417,60.0,59.989010498637086,0.0
2024-08-04 07:18:00,2.0,0.0,0.07596930875406378,60.0,59.98465437703189,0.0
2024-08-04 07:19:00,2.0,0.0,0.07596059750986837,60.0,59.98029875493419,0.0
2024-08-04 07:20:00,2.0,0.0,0.07595188726457341,60.0,59.97594363228671,0.0
2024-08-04 07:21:00,2.0,0.0,0.07594317801806434,60.0,59.97158900903217,0.0
2024-08-04 07:22:00,2.0,0.0,0.07593446977022662,60.0,59.967234885113314,0.0
2024-08-04 07:23:00,2.0,0.0,0.07592576252094577,60.0,59.962881260472884,0.0
2024-08-04 07:24:00,2.0,0.0,0.07591705627010724,60.0,59.95852813505362,0.0
2024-08-04 07:25:00,2.0,0.0,0.07590835101759658,60.0,59.954175508798286,0.0
2024-08-04 07:26:00,2.0,0.0,0.07589964676329929,60.0,59.949823381649644,0.0
2024-08-04 07:27:00,2.0,0.0,0.07589094350710092,60.0,59.94547175355046,0.0
2024-08-04 07:28:00,2.0,0.0,0.07588224124888701,60.0,59.941120624443506,0.0
2024-08-04 07:29:00,2.0,0.0,0.07587353998854314,60.0,59.93676999427157,0.0
2024-08-04 07:30:00,2.0,0.0,0.07586483972595487,60.0,59.93241986297743,0.0
2024-08-04 07:31:00,2.0,0.0,0.0758561404610078,60.0,59.9280702305039,0.0
2024-08-04 07:32:00,2.0,0.0,0.07584744219358752,60.0,59.92372109679376,0.0
2024-08-04 07:33:00,2.0,0.0,0.07583874492357966,60.0,59.91937246178983,0.0
2024-08-04 07:34:00,2.0,0.0,0.07583004865086983,60.0,59.91502432543491,0.0
2024-08-04 07:35:00,2.0,0.0,0.0758213533753437,60.0,59.910676687671845,0.0
2024-08-04 07:36:00,2.0,0.0,0.07581265909688689,60.0,59.906329548443445,0.0
2024-08-04 07:37:00,2.0,0.0,0.0758039658153851,60.0,59.90198290769255,0.0
2024-08-04 07:38:00,2.0,0.0,0.07579527353072399,60.0,59.897636765361995,0.0
2024-08-04 07:39:00,2.0,0.0,0.07578658224278927,60.0,59.89329112139463,0.0
2024-08-04 07:40:00,2.0,0.0,0.07577789195146663,60.0,59.888945975733314,0.0
2024-08-04 07:41:00,2.0,0.0,0.0757692026566418,60.0,59.884601328320905,0.0
2024-08-04 07:42:00,2.0,0.0,0.07576051435820054,60.0,59.88025717910027,0.0
2024-08-04 07:43:00,2.0,0.0,0.07575182705602855,60.0,59.87591352801427,0.0
2024-08-04 07:44:00,2.0,0.0,0.07574314075001161,60.0,59.8715703750058,0.0
2024-08-04 07:45:00,2.0,0.0,0.07573445544003549,60.0,59.867227720017745,0.0
2024-08-04 07:46:00,1.0,0.0,0.07572577112598598,60.0,59.86288556299299,0.0
2024-08-04 07:47:00,1.0,0.0,0.0757170878077489,60.0,59.85854390387445,0.0
2024-08-04 07:48:00,1.0,0.0,0.07570840548521002,60.0,59.85420274260501,0.0
2024-08-04 07:49:00,1.0,0.0,0.0756997241582552,60.0,59.8498620791276,0.0
2024-08-04 07:50:00,1.0,0.0,0.07569104382677026,60.0,59.84552191338513,0.0
2024-08-04 07:51:00,1.0,0.0,0.07568236449064106,60.0,59.841182245320525,0.0
2024-08-04 07:52:00,1.0,0.0,0.07567368614975345,60.0,59.836843074876725,0.0
2024-08-04 07:53:00,1.0,0.0,0.07566500880399334,60.0,59.832504401996665,0.0
2024-08-04 07:54:00,1.0,0.0,0.07565633245324657,60.0,59.82816622662329,0.0
2024-08-04 07:55:00,1.0,0.0,0.0756476570973991,60.0,59.823828548699545,0.0
2024-08-04 07:56:00,1.0,0.0,0.0756389827363368,60.0,59.8194913681684,0.0
2024-08-04 07:57:00,1.0,0.0,0.07563030936994564,60.0,59.81515468497282,0.0
2024-08-04 07:58:00,1.0,0.0,0.07562163699811153,60.0,59.81081849905576,0.0
2024-08-04 07:59:00,1.0,0.0,0.07561296562072045,60.0,59.80648281036022,0.0
2024-08-04 08:00:00,1.0,0.0,0.07560429523765835,60.0,59.802147618829174,0.0
2024-08-04 08:01:00,1.0,0.0,0.07559562584881123,60.0,59.79781292440561,0.0
2024-08-04 08:02:00,1.0,0.0,0.07558695745406506,60.0,59.79347872703253,0.0
2024-08-04 08:03:00,1.0,0.0,0.07557829005330588,60.0,59.78914502665294,0.0
2024-08-04 08:04:00,1.0,0.0,0.07556962364641968,60.0,59.78481182320984,0.0
2024-08-04 08:05:00,1.0,0.0,0.07556095823329252,60.0,59.78047911664626,0.0
2024-08-04 08:06:00,1.0,0.0,0.07555229381381046,60.0,59.776146906905225,0.0
2024-08-04 08:07:00,1.0,0.0,0.07554363038785951,60.0,59.771815193929754,0.0
2024-08-04 08:08:00,1.0,0.0,0.07553496795532579,60.0,59.76748397766289,0.0
2024-08-04 08:09:00,1.0,0.0,0.07552630651609536,60.0,59.76315325804768,0.0
2024-08-04 08:10:00,1.0,0.0,0.07551764607005435,60.0,59.75882303502717,0.0
2024-08-04 08:11:00,1.0,0.0,0.07550898661708882,60.0,59.75449330854441,0.0
2024-08-04 08:12:00,1.0,0.0,0.07550032815708495,60.0,59.750164078542475,0.0
2024-08-04 08:13:00,3.0,0.0,0.07549167068992886,60.0,59.745835344964426,0.0
2024-08-04 08:14:00,3.0,0.0,0.07548301421550668,60.0,59.74150710775334,0.0
2024-08-04 08:15:00,3.0,0.0,0.07547435873370462,60.0,59.73717936685231,0.0
2024-08-04 08:16:00,1.0,0.0,0.07546570424440882,60.0,59.73285212220441,0.0
2024-08-04 08:17:00,1.0,0.0,0.07545705074750551,60.0,59.72852537375275,0.0
2024-08-04 08:18:00,1.0,0.0,0.07544839824288085,60.0,59.72419912144043,0.0
2024-08-04 08:19:00,1.0,0.0,0.07543974673042109,60.0,59.719873365210546,0.0
2024-08-04 08:20:00,1.0,0.0,0.07543109621001244,60.0,59.71554810500622,0.0
2024-08-04 08:21:00,1.0,0.0,0.07542244668154116,60.0,59.71122334077058,0.0
2024-08-04 08:22:00,1.0,0.0,0.07541379814489349,60.0,59.706899072446745,0.0
2024-08-04 08:23:00,1.0,0.0,0.0754051505999557,60.0,59.70257529997785,0.0
2024-08-04 08:24:00,1.0,0.0,0.0753965040466141,60.0,59.69825202330705,0.0
2024-08-04 08:25:00,1.0,0.0,0.07538785848475496,60.0,59.69392924237748,0.0
2024-08-04 08:26:00,1.0,0.0,0.07537921391426458,60.0,59.68960695713229,0.0
2024-08-04 08:27:00,1.0,0.0,0.07537057033502932,60.0,59.68528516751466,0.0
2024-08-04 08:28:00,1.0,0.0,0.07536192774693548,60.0,59.68096387346774,0.0
2024-08-04 08:29:00,1.0,0.0,0.07535328614986941,60.0,59.67664307493471,0.0
2024-08-04 08:30:00,1.0,0.0,0.0753446455437175,60.0,59.67232277185875,0.0
2024-08-04 08:31:00,1.0,0.0,0.0753360059283661,60.0,59.66800296418305,0.0
2024-08-04 08:32:00,1.0,0.0,0.07532736730370161,60.0,59.6636836518508,0.0
2024-08-04 08:33:00,1.0,0.0,0.07531872966961041,60.0,59.6593648348052,0.0
2024-08-04 08:34:00,1.0,0.0,0.07531009302597892,60.0,59.65504651298946,0.0
2024-08-04 08:35:00,1.0,0.0,0.07530145737269356,60.0,59.65072868634678,0.0
2024-08-04 08:36:00,1.0,0.0,0.07529282270964079,60.0,59.646411354820394,0.0
2024-08-04 08:37:00,1.0,0.0,0.07528418903670706,60.0,59.642094518353524,0.0
2024-08-04 08:38:00,1.0,0.0,0.0752755563537788,60.0,59.637778176889405,0.0
2024-08-04 08:39:00,1.0,0.0,0.07526692466074254,60.0,59.63346233037127,0.0
2024-08-04 08:40:00,1.0,0.0,0.07525829395748473,60.0,59.62914697874237,0.0
2024-08-04 08:41:00,1.0,0.0,0.07524966424389191,60.0,59.62483212194596,0.0
2024-08-04 08:42:00,1.0,0.0,0.07524103551985058,60.0,59.620517759925285,0.0
2024-08-04 08:43:00,1.0,0.0,0.07523240778524724,60.0,59.61620389262362,0.0
2024-08-04 08:44:00,1.0,0.0,0.07522378103996849,60.0,59.61189051998424,0.0
2024-08-04 08:45:00,1.0,0.0,0.07521515528390084,60.0,59.60757764195042,0.0
2024-08-04 08:46:00,3.0,0.0,0.07520653051693088,60.0,59.60326525846544,0.0
2024-08-04 08:47:00,3.0,0.0,0.07519790673894519,60.0,59.598953369472596,0.0
2024-08-04 08:48:00,3.0,0.0,0.07518928394983036,60.0,59.59464197491518,0.0
2024-08-04 08:49:00,3.0,0.0,0.075180662149473,60.0,59.5903310747365,0.0
2024-08-04 08:50:00,3.0,0.0,0.07517204133775972,60.0,59.58602066887986,0.0
2024-08-04 08:51:00,3.0,0.0,0.07516342151457718,60.0,59.58171075728859,0.0
2024-08-04 08:52:00,3.0,0.0,0.075154802679812,60.0,59.577401339906004,0.0
2024-08-04 08:53:00,3.0,0.0,0.07514618483335088,60.0,59.573092416675436,0.0
2024-08-04 08:54:00,3.0,0.0,0.07513756797508045,60.0,59.56878398754022,0.0
2024-08-04 08:55:00,1.0,0.0,0.0751289521048874,60.0,59.5644760524437,0.0
2024-08-04 08:56:00,1.0,0.0,0.07512033722265847,60.0,59.56016861132923,0.0
2024-08-04 08:57:00,1.0,0.0,0.07511172332828034,60.0,59.55586166414017,0.0
2024-08-04 08:58:00,1.0,0.0,0.07510311042163972,60.0,59.55155521081986,0.0
2024-08-04 08:59:00,1.0,0.0,0.0750944985026234,60.0,59.5472492513117,0.0
2024-08-04 09:00:00,1.0,0.0,0.07508588757111807,60.0,59.54294378555904,0.0
2024-08-04 09:01:00,1.0,0.0,0.07507727762701055,60.0,59.53863881350527,0.0
2024-08-04 09:02:00,1.0,0.0,0.07506866867018758,60.0,59.53433433509379,0.0
2024-08-04 09:03:00,1.0,0.0,0.07506006070053596,60.0,59.53003035026798,0.0
2024-08-04 09:04:00,1.0,0.0,0.0750514537179425,60.0,59.52572685897125,0.0
2024-08-04 09:05:00,1.0,0.0,0.075042847722294,60.0,59.521423861147,0.0
2024-08-04 09:06:00,1.0,0.0,0.0750342427134773,60.0,59.51712135673865,0.0
2024-08-04 09:07:00,1.0,0.0,0.07502563869137924,60.0,59.51281934568962,0.0
2024-08-04 09:08:00,1.0,0.0,0.07501703565588669,60.0,59.50851782794334,0.0
2024-08-04 09:09:00,1.0,0.0,0.07500843360688648,60.0,59.50421680344324,0.0
2024-08-04 09:10:00,1.0,0.0,0.07499983254426554,60.0,59.499916272132765,0.0
2024-08-04 09:11:00,1.0,0.0,0.07499123246791072,60.0,59.49561623395536,0.0
2024-08-04 09:12:00,1.0,0.0,0.07498263337770895,60.0,59.491316688854475,0.0
2024-08-04 09:13:00,1.0,0.0,0.07497403527354715,60.0,59.48701763677357,0.0
2024-08-04 09:14:00,1.0,0.0,0.07496543815531224,60.0,59.48271907765612,0.0
2024-08-04 09:15:00,1.0,0.0,0.07495684202289118,60.0,59.47842101144559,0.0
2024-08-04 09:16:00,1.0,0.0,0.07494824687617092,60.0,59.47412343808546,0.0
2024-08-04 09:17:00,1.0,0.0,0.07493965271503845,60.0,59.469826357519224,0.0
2024-08-04 09:18:00,1.0,0.0,0.07493105953938073,60.0,59.46552976969036,0.0
2024-08-04 09:19:00,3.0,0.0,0.07492246734908477,60.0,59.461233674542385,0.0
2024-08-04 09:20:00,3.0,0.0,0.07491387614403758,60.0,59.45693807201879,0.0
2024-08-04 09:21:00,3.0,0.0,0.07490528592412618,60.0,59.45264296206309,0.0
2024-08-04 09:22:00,3.0,0.0,0.0748966966892376,60.0,59.4483483446188,0.0
2024-08-04 09:23:00,3.0,0.0,0.0748881084392589,60.0,59.44405421962945,0.0
2024-08-04 09:24:00,3.0,0.0,0.07487952117407715,60.0,59.43976058703857,0.0
2024-08-04 09:25:00,3.0,0.0,0.0748709348935794,60.0,59.4354674467897,0.0
2024-08-04 09:26:00,3.0,0.0,0.07486234959765277,60.0,59.43117479882638,0.0
2024-08-04 09:27:00,3.0,0.0,0.07485376528618433,60.0,59.42688264309216,0.0
2024-08-04 09:28:00,3.0,0.0,0.0748451819590612,60.0,59.422590979530604,0.0
2024-08-04 09:29:00,3.0,0.0,0.07483659961617053,60.0,59.418299808085266,0.0
2024-08-04 09:30:00,3.0,0.0,0.07482801825739945,60.0,59.414009128699725,0.0
2024-08-04 09:31:00,3.0,0.0,0.0748194378826351,60.0,59.40971894131755,0.0
2024-08-04 09:32:00,3.0,0.0,0.07481085849176466,60.0,59.40542924588233,0.0
2024-08-04 09:33:00,3.0,0.0,0.07480228008467531,60.0,59.40114004233765,0.0
2024-08-04 09:34:00,1.0,0.0,0.07479370266125422,60.0,59.39685133062711,0.0
2024-08-04 09:35:00,1.0,0.0,0.07478512622138861,60.0,59.392563110694304,0.0
2024-08-04 09:36:00,1.0,0.0,0.07477655076496571,60.0,59.38827538248285,0.0
2024-08-04 09:37:00,1.0,0.0,0.07476797629187273,60.0,59.383988145936364,0.0
2024-08-04 09:38:00,1.0,0.0,0.07475940280199693,60.0,59.379701400998464,0.0
2024-08-04 09:39:00,1.0,0.0,0.07475083029522556,60.0,59.37541514761278,0.0
2024-08-04 09:40:00,1.0,0.0,0.07474225877144587,60.0,59.37112938572294,0.0
2024-08-04 09:41:00,1.0,0.0,0.07473368823054519,60.0,59.36684411527259,0.0
2024-08-04 09:42:00,1.0,0.0,0.07472511867241077,60.0,59.362559336205386,0.0
2024-08-04 09:43:00,1.0,0.0,0.07471655009692994,60.0,59.35827504846497,0.0
2024-08-04 09:44:00,1.0,0.0,0.07470798250399001,60.0,59.353991251995005,0.0
2024-08-04 09:45:00,1.0,0.0,0.07469941589347834,60.0,59.349707946739166,0.0
2024-08-04 09:46:00,1.0,0.0,0.07469085026528224,60.0,59.34542513264112,0.0
2024-08-04 09:47:00,1.0,0.0,0.0746822856192891,60.0,59.341142809644545,0.0
2024-08-04 09:48:00,1.0,0.0,0.07467372195538625,60.0,59.33686097769313,0.0
2024-08-04 09:49:00,1.0,0.0,0.07466515927346112,60.0,59.332579636730564,0.0
2024-08-04 09:50:00,1.0,0.0,0.0746565975734011,60.0,59.32829878670055,0.0
2024-08-04 09:51:00,1.0,0.0,0.0746480368550936,60.0,59.3240184275468,0.0
2024-08-04 09:52:00,1.0,0.0,0.07463947711842603,60.0,59.319738559213015,0.0
2024-08-04 09:53:00,1.0,0.0,0.07463091836328585,60.0,59.31545918164292,0.0
2024-08-04 09:54:00,1.0,0.0,0.07462236058956047,60.0,59.311180294780236,0.0
2024-08-04 09:55:00,1.0,0.0,0.07461380379713739,60.0,59.3069018985687,0.0
2024-08-04 09:56:00,1.0,0.0,0.0746052479859041,60.0,59.30262399295204,0.0
2024-08-04 09:57:00,1.0,0.0,0.07459669315574803,60.0,59.298346577874014,0.0
2024-08-04 09:58:00,1.0,0.0,0.07458813930655672,60.0,59.29406965327836,0.0
2024-08-04 09:59:00,1.0,0.0,0.0745795864382177,60.0,59.28979321910885,0.0
2024-08-04 10:00:00,1.0,0.0,0.07457103455061848,60.0,59.28551727530924,0.0
2024-08-04 10:01:00,1.0,0.0,0.07456248364364661,60.0,59.2812418218233,0.0
2024-08-04 10:02:00,1.0,0.0,0.07455393371718962,60.0,59.276966858594804,0.0
2024-08-04 10:03:00,1.0,0.0,0.07454538477113508,60.0,59.27269238556754,0.0
2024-08-04 10:04:00,1.0,0.0,0.07453683680537058,60.0,59.26841840268529,0.0
2024-08-04 10:05:00,1.0,0.0,0.07452828981978372,60.0,59.26414490989186,0.0
2024-08-04 10:06:00,1.0,0.0,0.0745197438142621,60.0,59.25987190713105,0.0
2024-08-04 10:07:00,1.0,0.0,0.07451119878869333,60.0,59.25559939434667,0.0
2024-08-04 10:08:00,1.0,0.0,0.07450265474296507,60.0,59.25132737148253,0.0
2024-08-04 10:09:00,1.0,0.0,0.07449411167696492,60.0,59.24705583848246,0.0
2024-08-04 10:10:00,1.0,0.0,0.07448556959058056,60.0,59.24278479529028,0.0
2024-08-04 10:11:00,1.0,0.0,0.07447702848369964,60.0,59.23851424184982,0.0
2024-08-04 10:12:00,1.0,0.0,0.07446848835620988,60.0,59.23424417810494,0.0
2024-08-04 10:13:00,1.0,0.0,0.07445994920799894,60.0,59.229974603999466,0.0
2024-08-04 10:14:00,1.0,0.0,0.07445141103895453,60.0,59.225705519477266,0.0
2024-08-04 10:15:00,1.0,0.0,0.07444287384896439,60.0,59.2214369244822,0.0
2024-08-04 10:16:00,1.0,0.0,0.07443433763791626,60.0,59.21716881895813,0.0
2024-08-04 10:17:00,1.0,0.0,0.07442580240569786,60.0,59.21290120284893,0.0
2024-08-04 10:18:00,1.0,1.92556,0.07441726815219697,60.0,59.208634076098484,1.0
2024-08-04 10:19:00,1.0,1.92556,0.07418793487730134,60.0,59.09396743865067,1.0
2024-08-04 10:20:00,1.0,0.0,0.0739586278995801,60.0,58.979313949790054,0.0
2024-08-04 10:21:00,1.0,0.0,0.07412214912715015,60.0,59.061074563575076,0.0
2024-08-04 10:22:00,1.0,0.0,0.07428565160407775,60.0,59.14282580203888,0.0
2024-08-04 10:23:00,1.0,1.92556,0.07444913533251303,60.0,59.22456766625651,1.0
2024-08-04 10:24:00,1.0,0.0,0.07439180031460581,60.0,59.1959001573029,0.0
2024-08-04 10:25:00,1.0,1.92556,0.07455527187118702,60.0,59.27763593559351,1.0
2024-08-04 10:26:00,1.0,0.0,0.07449792468282147,60.0,59.24896234141074,0.0
2024-08-04 10:27:00,1.0,0.0,0.07466138407033994,60.0,59.33069203516997,0.0
2024-08-04 10:28:00,1.0,0.0,0.07482482471430703,60.0,59.412412357153514,0.0
2024-08-04 10:29:00,1.0,0.0,0.07498824661687203,60.0,59.494123308436016,0.0
2024-08-04 10:30:00,1.0,0.0,0.075151649780184,60.0,59.575824890092,0.0
2024-08-04 10:31:00,1.0,0.0,0.07531503420639171,60.0,59.65751710319586,0.0
2024-08-04 10:32:00,1.0,0.0,0.07547839989764372,60.0,59.73919994882186,0.0
2024-08-04 10:33:00,1.0,0.0,0.07564174685608833,60.0,59.820873428044166,0.0
2024-08-04 10:34:00,1.0,0.0,0.07580507508387359,60.0,59.902537541936795,0.0
2024-08-04 10:35:00,1.0,0.0,0.0759683845831473,60.0,59.98419229157365,0.0
2024-08-04 10:36:00,1.0,0.0,0.07613167535605701,60.0,60.06583767802851,0.0
2024-08-04 10:37:00,1.0,0.0,0.07629494740475007,60.0,60.14747370237503,0.0
2024-08-04 10:38:00,1.0,1.92556,0.0764582007313735,60.0,60.22910036568675,1.0
2024-08-04 10:39:00,1.0,1.92556,0.07640063533807416,60.0,60.20031766903708,1.0
2024-08-04 10:40:00,1.0,0.0,0.07634307654567993,60.0,60.17153827283996,0.0
2024-08-04 10:41:00,1.0,0.0,0.07650632435343388,60.0,60.25316217671694,0.0
2024-08-04 10:42:00,1.0,0.0,0.0766695534418979,60.0,60.334776720948945,0.0
2024-08-04 10:43:00,1.0,0.0,0.07683276381321845,60.0,60.416381906609224,0.0
2024-08-04 10:44:00,1.0,0.0,0.07699595546954183,60.0,60.49797773477091,0.0
2024-08-04 10:45:00,1.0,0.0,0.07715912841301403,60.0,60.579564206507015,0.0
2024-08-04 10:46:00,1.0,0.0,0.07732228264578082,60.0,60.66114132289041,0.0
2024-08-04 10:47:00,1.0,0.0,0.07748541816998769,60.0,60.74270908499385,0.0
2024-08-04 10:48:00,1.0,0.0,0.07764853498777996,60.0,60.82426749388998,0.0
2024-08-04 10:49:00,1.0,0.0,0.07781163310130262,60.0,60.90581655065131,0.0
2024-08-04 10:50:00,1.0,0.0,0.07797471251270047,60.0,60.98735625635023,0.0
2024-08-04 10:51:00,1.0,0.0,0.07813777322411802,60.0,61.06888661205901,0.0
2024-08-04 10:52:00,1.0,0.0,0.07812881332656724,60.0,61.06440666328362,0.0
2024-08-04 10:53:00,1.0,0.0,0.07811985445642947,60.0,61.05992722821473,0.0
2024-08-04 10:54:00,1.0,0.0,0.07811089661358687,60.0,61.05544830679344,0.0
2024-08-04 10:55:00,1.0,0.0,0.07810193979792167,60.0,61.05096989896084,0.0
2024-08-04 10:56:00,1.0,0.0,0.07809298400931608,60.0,61.04649200465804,0.0
2024-08-04 10:57:00,1.0,0.0,0.07808402924765233,60.0,61.04201462382616,0.0
2024-08-04 10:58:00,1.0,0.0,0.07807507551281265,60.0,61.03753775640632,0.0
2024-08-04 10:59:00,1.0,0.0,0.07806612280467931,60.0,61.033061402339655,0.0
2024-08-04 11:00:00,1.0,0.0,0.07805717112313458,60.0,61.02858556156729,0.0
2024-08-04 11:01:00,1.0,0.0,0.07804822046806073,60.0,61.02411023403037,0.0
2024-08-04 11:02:00,1.0,0.0,0.07803927083934008,60.0,61.01963541967004,0.0
2024-08-04 11:03:00,1.0,0.0,0.07803032223685491,60.0,61.01516111842746,0.0
2024-08-04 11:04:00,1.0,0.0,0.07802137466048757,60.0,61.01068733024378,0.0
2024-08-04 11:05:00,1.0,0.0,0.07801242811012038,60.0,61.00621405506019,0.0
2024-08-04 11:06:00,1.0,0.0,0.0780034825856357,60.0,61.001741292817854,0.0
2024-08-04 11:07:00,1.0,0.0,0.07799453808691591,60.0,60.997269043457955,0.0
2024-08-04 11:08:00,1.0,0.0,0.07798559461384334,60.0,60.99279730692167,0.0
2024-08-04 11:09:00,1.0,0.0,0.07797665216630043,60.0,60.98832608315021,0.0
2024-08-04 11:10:00,1.0,0.0,0.07796771074416955,60.0,60.983855372084776,0.0
2024-08-04 11:11:00,1.0,0.0,0.07795877034733315,60.0,60.97938517366657,0.0
2024-08-04 11:12:00,1.0,0.0,0.07794983097567364,60.0,60.97491548783682,0.0
2024-08-04 11:13:00,1.0,1.92556,0.07794089262907346,60.0,60.97044631453673,1.0
2024-08-04 11:14:00,1.0,0.0,0.07771115530741508,60.0,60.85557765370754,0.0
2024-08-04 11:15:00,1.0,0.0,0.0777022443292623,60.0,60.85112216463115,0.0
2024-08-04 11:16:00,1.0,0.0,0.07769333437291304,60.0,60.846667186456514,0.0
2024-08-04 11:17:00,1.0,0.0,0.0776844254382501,60.0,60.84221271912505,0.0
2024-08-04 11:18:00,1.0,0.0,0.07767551752515636,60.0,60.83775876257818,0.0
2024-08-04 11:19:00,1.0,0.0,0.07766661063351468,60.0,60.83330531675734,0.0
2024-08-04 11:20:00,1.0,0.0,0.07765770476320792,60.0,60.82885238160396,0.0
2024-08-04 11:21:00,1.0,0.0,0.07764879991411897,60.0,60.824399957059484,0.0
2024-08-04 11:22:00,1.0,0.0,0.07763989608613074,60.0,60.81994804306537,0.0
2024-08-04 11:23:00,1.0,0.0,0.07763099327912612,60.0,60.81549663956306,0.0
2024-08-04 11:24:00,1.0,0.0,0.07762209149298804,60.0,60.811045746494024,0.0
2024-08-04 11:25:00,1.0,0.0,0.07761319072759947,60.0,60.80659536379973,0.0
2024-08-04 11:26:00,1.0,0.0,0.07760429098284331,60.0,60.802145491421655,0.0
2024-08-04 11:27:00,1.0,0.0,0.07759539225860256,60.0,60.79769612930128,0.0
2024-08-04 11:28:00,1.0,0.0,0.0775864945547602,60.0,60.7932472773801,0.0
2024-08-04 11:29:00,1.0,0.0,0.07757759787119921,60.0,60.7887989355996,0.0
2024-08-04 11:30:00,1.0,0.0,0.0775687022078026,60.0,60.7843511039013,0.0
2024-08-04 11:31:00,1.0,1.92556,0.07755980756445341,60.0,60.779903782226704,1.0
2024-08-04 11:32:00,1.0,1.92556,0.07733011394103464,60.0,60.66505697051732,1.0
2024-08-04 11:33:00,1.0,0.0,0.07710044665611068,60.0,60.55022332805534,0.0
2024-08-04 11:34:00,1.0,0.0,0.07709160570666135,60.0,60.54580285333067,0.0
2024-08-04 11:35:00,1.0,0.0,0.07708276577098548,60.0,60.54138288549274,0.0
2024-08-04 11:36:00,1.0,11.553360000000001,0.07707392684896683,60.0,60.53696342448341,6.0
2024-08-04 11:37:00,1.0,0.0,0.07574028894048915,60.0,59.870144470244576,0.0
2024-08-04 11:38:00,1.0,0.0,0.07573160395752417,60.0,59.86580197876208,0.0
2024-08-04 11:39:00,1.0,0.0,0.07572291997044829,60.0,59.861459985224144,0.0
2024-08-04 11:40:00,1.0,0.0,0.07571423697914734,60.0,59.857118489573665,0.0
2024-08-04 11:41:00,1.0,0.0,0.0757055549835071,60.0,59.85277749175355,0.0
2024-08-04 11:42:00,1.0,0.0,0.07569687398341345,60.0,59.84843699170672,0.0
2024-08-04 11:43:00,1.0,0.0,0.07568819397875218,60.0,59.84409698937609,0.0
2024-08-04 11:44:00,1.0,0.0,0.07567951496940918,60.0,59.83975748470459,0.0
2024-08-04 11:45:00,1.0,0.0,0.07567083695527031,60.0,59.83541847763516,0.0
2024-08-04 11:46:00,1.0,0.0,0.07566215993622145,60.0,59.83107996811073,0.0
2024-08-04 11:47:00,1.0,0.0,0.0756534839121485,60.0,59.82674195607425,0.0
2024-08-04 11:48:00,1.0,0.0,0.07564480888293737,60.0,59.822404441468684,0.0
2024-08-04 11:49:00,1.0,0.0,0.07563613484847397,60.0,59.81806742423698,0.0
2024-08-04 11:50:00,1.0,0.0,0.07562746180864423,60.0,59.813730904322114,0.0
2024-08-04 11:51:00,1.0,11.553360000000001,0.07561878976333411,60.0,59.80939488166705,6.0
2024-08-04 11:52:00,1.0,0.0,0.07428531871242958,60.0,59.142659356214786,0.0
2024-08-04 11:53:00,1.0,0.0,0.0742768005679045,60.0,59.13840028395225,0.0
2024-08-04 11:54:00,1.0,0.0,0.07426828340013752,60.0,59.13414170006876,0.0
2024-08-04 11:55:00,1.0,0.0,0.07425976720901663,60.0,59.129883604508315,0.0
2024-08-04 11:56:00,1.0,0.0,0.07425125199442983,60.0,59.12562599721492,0.0
2024-08-04 11:57:00,1.0,0.0,0.07424273775626516,60.0,59.12136887813258,0.0
2024-08-04 11:58:00,1.0,0.0,0.07423422449441064,60.0,59.11711224720532,0.0
2024-08-04 11:59:00,1.0,0.0,0.07422571220875433,60.0,59.112856104377165,0.0
2024-08-04 12:00:00,1.0,0.0,0.0742172008991843,60.0,59.108600449592146,0.0
2024-08-04 12:01:00,1.0,0.0,0.07420869056558858,60.0,59.10434528279429,0.0
2024-08-04 12:02:00,1.0,0.0,0.0742001812078553,60.0,59.100090603927654,0.0
2024-08-04 12:03:00,1.0,0.0,0.07419167282587256,60.0,59.09583641293628,0.0
2024-08-04 12:04:00,1.0,0.0,0.07418316541952845,60.0,59.091582709764225,0.0
2024-08-04 12:05:00,1.0,0.0,0.07417465898871112,60.0,59.08732949435556,0.0
2024-08-04 12:06:00,1.0,0.0,0.07416615353330869,60.0,59.083076766654344,0.0
2024-08-04 12:07:00,1.0,0.0,0.07415764905320932,60.0,59.078824526604656,0.0
2024-08-04 12:08:00,1.0,0.0,0.07414914554830115,60.0,59.074572774150575,0.0
2024-08-04 12:09:00,1.0,0.0,0.0741406430184724,60.0,59.070321509236194,0.0
2024-08-04 12:10:00,1.0,0.0,0.07413214146361122,60.0,59.06607073180561,0.0
2024-08-04 12:11:00,1.0,0.0,0.07412364088360583,60.0,59.061820441802915,0.0
2024-08-04 12:12:00,1.0,0.0,0.07411514127834445,60.0,59.057570639172226,0.0
2024-08-04 12:13:00,1.0,0.0,0.07410664264771531,60.0,59.05332132385765,0.0
2024-08-04 12:14:00,1.0,0.0,0.07409814499160663,60.0,59.049072495803316,0.0
2024-08-04 12:15:00,1.0,0.0,0.07408964830990669,60.0,59.044824154953346,0.0
2024-08-04 12:16:00,1.0,0.0,0.07408115260250374,60.0,59.04057630125187,0.0
2024-08-04 12:17:00,1.0,0.0,0.07407265786928606,60.0,59.03632893464303,0.0
2024-08-04 12:18:00,1.0,0.0,0.07406416411014195,60.0,59.03208205507097,0.0
2024-08-04 12:19:00,1.0,0.0,0.0740556713249597,60.0,59.02783566247985,0.0
2024-08-04 12:20:00,1.0,0.0,0.07404717951362766,60.0,59.02358975681383,0.0
2024-08-04 12:21:00,1.0,0.0,0.07403868867603411,60.0,59.019344338017056,0.0
2024-08-04 12:22:00,1.0,0.0,0.07403019881206745,60.0,59.01509940603372,0.0
2024-08-04 12:23:00,1.0,0.0,0.07402170992161598,60.0,59.01085496080799,0.0
2024-08-04 12:24:00,1.0,0.0,0.07401322200456811,60.0,59.00661100228405,0.0
2024-08-04 12:25:00,1.0,0.0,0.0740047350608122,60.0,59.002367530406104,0.0
2024-08-04 12:26:00,1.0,0.0,0.07399624909023668,60.0,58.99812454511834,0.0
2024-08-04 12:27:00,1.0,0.0,0.07415976600386226,60.0,59.07988300193113,0.0
2024-08-04 12:28:00,1.0,0.0,0.07432326416734007,60.0,59.161632083670035,0.0
2024-08-04 12:29:00,1.0,0.0,0.07448674358282018,60.0,59.243371791410084,0.0
2024-08-04 12:30:00,1.0,0.0,0.07465020425245235,60.0,59.32510212622617,0.0
2024-08-04 12:31:00,1.0,0.0,0.07481364617838612,60.0,59.40682308919306,0.0
2024-08-04 12:32:00,1.0,0.0,0.07497706936277083,60.0,59.48853468138542,0.0
2024-08-04 12:33:00,1.0,0.0,0.07514047380775551,60.0,59.570236903877756,0.0
2024-08-04 12:34:00,1.0,0.0,0.07530385951548899,60.0,59.65192975774449,0.0
2024-08-04 12:35:00,1.0,0.0,0.07546722648811979,60.0,59.733613244059896,0.0
2024-08-04 12:36:00,1.0,0.0,0.07563057472779626,60.0,59.81528736389813,0.0
2024-08-04 12:37:00,1.0,0.0,0.07579390423666646,60.0,59.89695211833323,0.0
2024-08-04 12:38:00,1.0,0.0,0.07595721501687823,60.0,59.97860750843911,0.0
2024-08-04 12:39:00,1.0,0.0,0.07612050707057912,60.0,60.060253535289554,0.0
2024-08-04 12:40:00,1.0,0.0,0.07628378039991646,60.0,60.141890199958226,0.0
2024-08-04 12:41:00,1.0,0.0,0.07644703500703734,60.0,60.22351750351867,0.0
2024-08-04 12:42:00,1.0,1.92556,0.07661027089408862,60.0,60.30513544704431,1.0
2024-08-04 12:43:00,3.0,1.92556,0.07655268806321687,60.0,60.27634403160843,1.0
2024-08-04 12:44:00,3.0,0.0,0.07649511183524975,60.0,60.24755591762487,0.0
2024-08-04 12:45:00,3.0,0.0,0.07665834220943013,60.0,60.329171104715066,0.0
2024-08-04 12:46:00,3.0,0.0,0.07682155386631963,60.0,60.410776933159816,0.0
2024-08-04 12:47:00,3.0,0.0,0.07698474680806454,60.0,60.49237340403227,0.0
2024-08-04 12:48:00,3.0,0.0,0.07714792103681087,60.0,60.573960518405435,0.0
2024-08-04 12:49:00,3.0,11.553360000000001,0.0773110765547044,60.0,60.6555382773522,6.0
2024-08-04 12:50:00,3.0,0.0,0.07614941336389068,60.0,60.07470668194534,0.0
2024-08-04 12:51:00,3.0,0.0,0.07631268337860289,60.0,60.15634168930144,0.0
2024-08-04 12:52:00,3.0,0.0,0.07647593467147873,60.0,60.23796733573936,0.0
2024-08-04 12:53:00,3.0,0.0,0.07663916724466499,60.0,60.319583622332495,0.0
2024-08-04 12:54:00,3.0,0.0,0.07680238110030822,60.0,60.40119055015411,0.0
2024-08-04 12:55:00,3.0,0.0,0.07696557624055472,60.0,60.48278812027736,0.0
2024-08-04 12:56:00,3.0,0.0,0.07712875266755057,60.0,60.56437633377528,0.0
2024-08-04 12:57:00,3.0,0.0,0.07729191038344152,60.0,60.64595519172076,0.0
2024-08-04 12:58:00,3.0,0.0,0.07745504939037318,60.0,60.72752469518659,0.0
2024-08-04 12:59:00,3.0,0.0,0.07761816969049086,60.0,60.80908484524543,0.0
2024-08-04 13:00:00,3.0,0.0,0.07778127128593965,60.0,60.89063564296982,0.0
2024-08-04 13:01:00,1.0,0.0,0.07794435417886433,60.0,60.972177089432165,0.0
2024-08-04 13:02:00,1.0,0.0,0.07810741837140951,60.0,61.053709185704754,0.0
2024-08-04 13:03:00,1.0,0.0,0.07809846195458718,60.0,61.04923097729359,0.0
2024-08-04 13:04:00,1.0,0.0,0.07808950656477871,60.0,61.04475328238936,0.0
2024-08-04 13:05:00,1.0,0.0,0.07808055220186637,60.0,61.040276100933184,0.0
2024-08-04 13:06:00,1.0,0.0,0.07807159886573237,60.0,61.035799432866185,0.0
2024-08-04 13:07:00,3.0,0.0,0.078062646556259,60.0,61.0313232781295,0.0
2024-08-04 13:08:00,3.0,0.0,0.07805369527332852,60.0,61.02684763666426,0.0
2024-08-04 13:09:00,3.0,0.0,0.07804474501682322,60.0,61.02237250841161,0.0
2024-08-04 13:10:00,3.0,0.0,0.0780357957866254,60.0,61.0178978933127,0.0
2024-08-04 13:11:00,3.0,0.0,0.07802684758261738,60.0,61.01342379130869,0.0
2024-08-04 13:12:00,3.0,0.0,0.07801790040468148,60.0,61.00895020234074,0.0
2024-08-04 13:13:00,3.0,0.0,0.07800895425270006,60.0,61.00447712635003,0.0
2024-08-04 13:14:00,3.0,0.0,0.07800000912655547,60.0,61.000004563277734,0.0
2024-08-04 13:15:00,3.0,0.0,0.07799106502613005,60.0,60.99553251306503,0.0
2024-08-04 13:16:00,3.0,0.0,0.07798212195130623,60.0,60.99106097565311,0.0
2024-08-04 13:17:00,3.0,0.0,0.07797317990196638,60.0,60.98658995098319,0.0
2024-08-04 13:18:00,3.0,0.0,0.07796423887799292,60.0,60.982119438996456,0.0
2024-08-04 13:19:00,3.0,0.0,0.07795529887926826,60.0,60.97764943963413,0.0
2024-08-04 13:20:00,3.0,0.0,0.07794635990567485,60.0,60.97317995283742,0.0
2024-08-04 13:21:00,3.0,0.0,0.07793742195709512,60.0,60.968710978547556,0.0
2024-08-04 13:22:00,3.0,0.0,0.07792848503341154,60.0,60.964242516705774,0.0
2024-08-04 13:23:00,3.0,0.0,0.07791954913450663,60.0,60.95977456725331,0.0
2024-08-04 13:24:00,3.0,0.0,0.07791061426026281,60.0,60.95530713013141,0.0
2024-08-04 13:25:00,3.0,0.0,0.07790168041056265,60.0,60.950840205281324,0.0
2024-08-04 13:26:00,3.0,0.0,0.07789274758528862,60.0,60.94637379264431,0.0
2024-08-04 13:27:00,3.0,0.0,0.07788381578432328,60.0,60.94190789216164,0.0
2024-08-04 13:28:00,3.0,0.0,0.07787488500754916,60.0,60.93744250377458,0.0
2024-08-04 13:29:00,3.0,0.0,0.07786595525484881,60.0,60.93297762742441,0.0
2024-08-04 13:30:00,3.0,0.0,0.07785702652610484,60.0,60.928513263052416,0.0
2024-08-04 13:31:00,3.0,0.0,0.07784809882119978,60.0,60.92404941059989,0.0
2024-08-04 13:32:00,3.0,0.0,0.07783917214001627,60.0,60.91958607000814,0.0
2024-08-04 13:33:00,3.0,0.0,0.0778302464824369,60.0,60.91512324121845,0.0
2024-08-04 13:34:00,3.0,0.0,0.07782132184834431,60.0,60.910660924172156,0.0
2024-08-04 13:35:00,3.0,0.0,0.07781239823762114,60.0,60.90619911881057,0.0
2024-08-04 13:36:00,3.0,0.0,0.07780347565015004,60.0,60.90173782507502,0.0
2024-08-04 13:37:00,3.0,0.0,0.07779455408581366,60.0,60.89727704290683,0.0
2024-08-04 13:38:00,3.0,0.0,0.07778563354449469,60.0,60.89281677224734,0.0
2024-08-04 13:39:00,3.0,0.0,0.07777671402607582,60.0,60.88835701303791,0.0
2024-08-04 13:40:00,3.0,0.0,0.07776779553043978,60.0,60.883897765219885,0.0
2024-08-04 13:41:00,3.0,0.0,0.07775887805746924,60.0,60.87943902873462,0.0
2024-08-04 13:42:00,3.0,0.0,0.07774996160704699,60.0,60.87498080352349,0.0
2024-08-04 13:43:00,3.0,1.92556,0.07774104617905574,60.0,60.870523089527865,1.0
2024-08-04 13:44:00,3.0,0.0,0.07751133177337825,60.0,60.75566588668912,0.0
2024-08-04 13:45:00,3.0,0.0,0.07750244370857863,60.0,60.75122185428931,0.0
2024-08-04 13:46:00,3.0,0.0,0.07749355666295508,60.0,60.74677833147754,0.0
2024-08-04 13:47:00,3.0,0.0,0.07748467063639078,60.0,60.74233531819539,0.0
2024-08-04 13:48:00,3.0,0.0,0.07747578562876883,60.0,60.737892814384416,0.0
2024-08-04 13:49:00,3.0,0.0,0.07746690163997243,60.0,60.73345081998621,0.0
2024-08-04 13:50:00,3.0,0.0,0.0774580186698847,60.0,60.729009334942354,0.0
2024-08-04 13:51:00,3.0,0.0,0.07744913671838889,60.0,60.72456835919444,0.0
2024-08-04 13:52:00,3.0,11.553360000000001,0.07744025578536815,60.0,60.72012789268407,6.0
2024-08-04 13:53:00,3.0,0.0,0.0761065758707057,60.0,60.05328793535285,0.0
2024-08-04 13:54:00,3.0,0.0,0.07609784888637271,60.0,60.04892444318635,0.0
2024-08-04 13:55:00,3.0,0.0,0.07608912290274501,60.0,60.04456145137251,0.0
2024-08-04 13:56:00,3.0,0.0,0.07608039791970791,60.0,60.04019895985396,0.0
2024-08-04 13:57:00,3.0,0.0,0.07607167393714666,60.0,60.03583696857333,0.0
2024-08-04 13:58:00,3.0,0.0,0.0760629509549465,60.0,60.03147547747325,0.0
2024-08-04 13:59:00,3.0,0.0,0.07605422897299276,60.0,60.02711448649638,0.0
2024-08-04 14:00:00,3.0,0.0,0.07604550799117073,60.0,60.02275399558536,0.0
2024-08-04 14:01:00,3.0,0.0,0.07603678800936572,60.0,60.01839400468286,0.0
2024-08-04 14:02:00,3.0,0.0,0.07602806902746308,60.0,60.01403451373154,0.0
2024-08-04 14:03:00,3.0,0.0,0.07601935104534813,60.0,60.009675522674065,0.0
2024-08-04 14:04:00,1.0,0.0,0.07601063406290623,60.0,60.00531703145312,0.0
2024-08-04 14:05:00,1.0,0.0,0.07600191808002277,60.0,60.00095904001138,0.0
2024-08-04 14:06:00,1.0,0.0,0.0759932030965831,60.0,59.99660154829155,0.0
2024-08-04 14:07:00,1.0,0.0,0.07598448911247264,60.0,59.99224455623632,0.0
2024-08-04 14:08:00,1.0,0.0,0.0759757761275768,60.0,59.987888063788404,0.0
2024-08-04 14:09:00,1.0,0.0,0.075967064141781,60.0,59.983532070890504,0.0
2024-08-04 14:10:00,1.0,0.0,0.07595835315497068,60.0,59.97917657748534,0.0
2024-08-04 14:11:00,1.0,0.0,0.07594964316703127,60.0,59.974821583515634,0.0
2024-08-04 14:12:00,1.0,0.0,0.07594093417784824,60.0,59.97046708892412,0.0
2024-08-04 14:13:00,1.0,0.0,0.07593222618730705,60.0,59.966113093653526,0.0
2024-08-04 14:14:00,1.0,0.0,0.07592351919529322,60.0,59.96175959764661,0.0
2024-08-04 14:15:00,1.0,0.0,0.07591481320169224,60.0,59.95740660084612,0.0
2024-08-04 14:16:00,1.0,0.0,0.0759061082063896,60.0,59.9530541031948,0.0
2024-08-04 14:17:00,1.0,0.0,0.07589740420927087,60.0,59.94870210463543,0.0
2024-08-04 14:18:00,1.0,0.0,0.07588870121022154,60.0,59.94435060511077,0.0
2024-08-04 14:19:00,1.0,0.0,0.0758799992091272,60.0,59.9399996045636,0.0
2024-08-04 14:20:00,1.0,0.0,0.07587129820587342,60.0,59.93564910293671,0.0
2024-08-04 14:21:00,1.0,0.0,0.07586259820034574,60.0,59.93129910017287,0.0
2024-08-04 14:22:00,1.0,0.0,0.0758538991924298,60.0,59.9269495962149,0.0
2024-08-04 14:23:00,1.0,0.0,0.07584520118201117,60.0,59.92260059100558,0.0
2024-08-04 14:24:00,1.0,0.0,0.07583650416897549,60.0,59.91825208448774,0.0
2024-08-04 14:25:00,1.0,0.0,0.07582780815320839,60.0,59.91390407660419,0.0
2024-08-04 14:26:00,1.0,0.0,0.0758191131345955,60.0,59.90955656729775,0.0
2024-08-04 14:27:00,1.0,0.0,0.0758104191130225,60.0,59.905209556511245,0.0
2024-08-04 14:28:00,1.0,0.0,0.07580172608837503,60.0,59.90086304418752,0.0
2024-08-04 14:29:00,1.0,0.0,0.07579303406053882,60.0,59.89651703026941,0.0
2024-08-04 14:30:00,1.0,0.0,0.07578434302939953,60.0,59.89217151469976,0.0
2024-08-04 14:31:00,1.0,0.0,0.07577565299484287,60.0,59.887826497421436,0.0
2024-08-04 14:32:00,1.0,0.0,0.0757669639567546,60.0,59.8834819783773,0.0
2024-08-04 14:33:00,1.0,0.0,0.07575827591502042,60.0,59.87913795751021,0.0
2024-08-04 14:34:00,1.0,0.0,0.07574958886952611,60.0,59.874794434763054,0.0
2024-08-04 14:35:00,1.0,0.0,0.0757409028201574,60.0,59.8704514100787,0.0
2024-08-04 14:36:00,1.0,0.0,0.07573221776680009,60.0,59.866108883400045,0.0
2024-08-04 14:37:00,1.0,0.0,0.07572353370933997,60.0,59.86176685466999,0.0
2024-08-04 14:38:00,1.0,0.0,0.07571485064766284,60.0,59.85742532383142,0.0
2024-08-04 14:39:00,1.0,0.0,0.0757061685816545,60.0,59.853084290827255,0.0
2024-08-04 14:40:00,1.0,0.0,0.07569748751120081,60.0,59.8487437556004,0.0
2024-08-04 14:41:00,1.0,0.0,0.07568880743618757,60.0,59.84440371809379,0.0
2024-08-04 14:42:00,1.0,0.0,0.07568012835650068,60.0,59.84006417825034,0.0
2024-08-04 14:43:00,1.0,0.0,0.07567145027202597,60.0,59.83572513601298,0.0
2024-08-04 14:44:00,1.0,0.0,0.07566277318264933,60.0,59.831386591324666,0.0
2024-08-04 14:45:00,1.0,0.0,0.07565409708825668,60.0,59.82704854412834,0.0
2024-08-04 14:46:00,1.0,0.0,0.0756454219887339,60.0,59.82271099436695,0.0
2024-08-04 14:47:00,1.0,0.0,0.07563674788396692,60.0,59.81837394198346,0.0
2024-08-04 14:48:00,1.0,0.0,0.07562807477384166,60.0,59.81403738692083,0.0
2024-08-04 14:49:00,1.0,0.0,0.07561940265824409,60.0,59.80970132912204,0.0
2024-08-04 14:50:00,1.0,0.0,0.07561073153706015,60.0,59.80536576853007,0.0
2024-08-04 14:51:00,1.0,0.0,0.07560206141017582,60.0,59.80103070508791,0.0
2024-08-04 14:52:00,1.0,0.0,0.07559339227747709,60.0,59.79669613873855,0.0
2024-08-04 14:53:00,1.0,0.0,0.07558472413884997,60.0,59.79236206942498,0.0
2024-08-04 14:54:00,1.0,0.0,0.07557605699418043,60.0,59.78802849709022,0.0
2024-08-04 14:55:00,1.0,0.0,0.07556739084335454,60.0,59.783695421677265,0.0
2024-08-04 14:56:00,1.0,0.0,0.07555872568625831,60.0,59.77936284312915,0.0
2024-08-04 14:57:00,1.0,0.0,0.0755500615227778,60.0,59.7750307613889,0.0
2024-08-04 14:58:00,1.0,0.0,0.07554139835279908,60.0,59.77069917639954,0.0
2024-08-04 14:59:00,1.0,0.0,0.07553273617620822,60.0,59.76636808810411,0.0
2024-08-04 15:00:00,1.0,0.0,0.07552407499289132,60.0,59.76203749644566,0.0
2024-08-04 15:01:00,1.0,0.0,0.07551541480273445,60.0,59.75770740136723,0.0
2024-08-04 15:02:00,1.0,0.0,0.07550675560562377,60.0,59.75337780281188,0.0
2024-08-04 15:03:00,1.0,0.0,0.07549809740144539,60.0,59.749048700722696,0.0
2024-08-04 15:04:00,1.0,0.0,0.07548944019008547,60.0,59.74472009504273,0.0
2024-08-04 15:05:00,1.0,0.0,0.07548078397143013,60.0,59.740391985715064,0.0
2024-08-04 15:06:00,1.0,0.0,0.07547212874536556,60.0,59.736064372682776,0.0
2024-08-04 15:07:00,1.0,0.0,0.07546347451177793,60.0,59.731737255888966,0.0
2024-08-04 15:08:00,1.0,0.0,0.07545482127055346,60.0,59.727410635276726,0.0
2024-08-04 15:09:00,1.0,0.0,0.07544616902157833,60.0,59.723084510789164,0.0
2024-08-04 15:10:00,1.0,0.0,0.07543751776473877,60.0,59.718758882369386,0.0
2024-08-04 15:11:00,1.0,0.0,0.07542886749992103,60.0,59.71443374996051,0.0
2024-08-04 15:12:00,1.0,0.0,0.07542021822701134,60.0,59.710109113505666,0.0
2024-08-04 15:13:00,1.0,0.0,0.07541156994589597,60.0,59.70578497294798,0.0
2024-08-04 15:14:00,1.0,0.0,0.07540292265646117,60.0,59.701461328230586,0.0
2024-08-04 15:15:00,1.0,0.0,0.07539427635859326,60.0,59.69713817929663,0.0
2024-08-04 15:16:00,1.0,0.0,0.0753856310521785,60.0,59.692815526089255,0.0
2024-08-04 15:17:00,1.0,0.0,0.07537698673710325,60.0,59.688493368551626,0.0
2024-08-04 15:18:00,1.0,0.0,0.0753683434132538,60.0,59.6841717066269,0.0
2024-08-04 15:19:00,1.0,0.0,0.07535970108051648,60.0,59.67985054025824,0.0
2024-08-04 15:20:00,1.0,0.0,0.07535105973877768,60.0,59.67552986938884,0.0
2024-08-04 15:21:00,1.0,0.0,0.07534241938792373,60.0,59.67120969396186,0.0
2024-08-04 15:22:00,1.0,0.0,0.07533378002784102,60.0,59.66689001392051,0.0
2024-08-04 15:23:00,1.0,0.0,0.07532514165841595,60.0,59.66257082920797,0.0
2024-08-04 15:24:00,1.0,0.0,0.0753165042795349,60.0,59.65825213976745,0.0
2024-08-04 15:25:00,1.0,0.0,0.0753078678910843,60.0,59.65393394554215,0.0
2024-08-04 15:26:00,1.0,0.0,0.07529923249295059,60.0,59.6496162464753,0.0
2024-08-04 15:27:00,1.0,0.0,0.07529059808502021,60.0,59.6452990425101,0.0
2024-08-04 15:28:00,1.0,0.0,0.0752819646671796,60.0,59.6409823335898,0.0
2024-08-04 15:29:00,1.0,0.0,0.07527333223931522,60.0,59.63666611965761,0.0
2024-08-04 15:30:00,1.0,0.0,0.07526470080131359,60.0,59.63235040065679,0.0
2024-08-04 15:31:00,1.0,0.0,0.07525607035306116,60.0,59.62803517653058,0.0
2024-08-04 15:32:00,1.0,0.0,0.07524744089444446,60.0,59.62372044722223,0.0
2024-08-04 15:33:00,1.0,0.0,0.07523881242535002,60.0,59.61940621267501,0.0
2024-08-04 15:34:00,1.0,0.0,0.07523018494566436,60.0,59.61509247283218,0.0
2024-08-04 15:35:00,1.0,0.0,0.07522155845527403,60.0,59.61077922763702,0.0
2024-08-04 15:36:00,1.0,0.0,0.0752129329540656,60.0,59.6064664770328,0.0
2024-08-04 15:37:00,1.0,0.0,0.07520430844192562,60.0,59.60215422096281,0.0
2024-08-04 15:38:00,1.0,0.0,0.07519568491874068,60.0,59.59784245937034,0.0
2024-08-04 15:39:00,1.0,0.0,0.07518706238439739,60.0,59.5935311921987,0.0
2024-08-04 15:40:00,1.0,0.0,0.07517844083878236,60.0,59.58922041939118,0.0
2024-08-04 15:41:00,1.0,0.0,0.07516982028178222,60.0,59.58491014089111,0.0
2024-08-04 15:42:00,1.0,0.0,0.0751612007132836,60.0,59.580600356641796,0.0
2024-08-04 15:43:00,1.0,0.0,0.07515258213317313,60.0,59.57629106658656,0.0
2024-08-04 15:44:00,1.0,0.0,0.0751439645413375,60.0,59.57198227066875,0.0
2024-08-04 15:45:00,1.0,0.0,0.07513534793766338,60.0,59.56767396883169,0.0
2024-08-04 15:46:00,1.0,0.0,0.07512673232203747,60.0,59.563366161018735,0.0
2024-08-04 15:47:00,1.0,0.0,0.07511811769434645,60.0,59.559058847173226,0.0
2024-08-04 15:48:00,1.0,0.0,0.07510950405447706,60.0,59.55475202723853,0.0
2024-08-04 15:49:00,1.0,0.0,0.07510089140231602,60.0,59.550445701158004,0.0
2024-08-04 15:50:00,1.0,0.0,0.07509227973775005,60.0,59.546139868875024,0.0
2024-08-04 15:51:00,1.0,0.0,0.07508366906066592,60.0,59.54183453033296,0.0
2024-08-04 15:52:00,1.0,0.0,0.07507505937095041,60.0,59.53752968547521,0.0
2024-08-04 15:53:00,1.0,0.0,0.0750664506684903,60.0,59.533225334245145,0.0
2024-08-04 15:54:00,1.0,0.0,0.07505784295317236,60.0,59.52892147658618,0.0
2024-08-04 15:55:00,1.0,0.0,0.07504923622488342,60.0,59.52461811244171,0.0
2024-08-04 15:56:00,1.0,0.0,0.07504063048351028,60.0,59.52031524175514,0.0
2024-08-04 15:57:00,1.0,0.0,0.07503202572893979,60.0,59.51601286446989,0.0
2024-08-04 15:58:00,1.0,0.0,0.07502342196105878,60.0,59.51171098052939,0.0
2024-08-04 15:59:00,1.0,0.0,0.07501481917975411,60.0,59.50740958987706,0.0
2024-08-04 16:00:00,1.0,0.0,0.07500621738491267,60.0,59.50310869245634,0.0
2024-08-04 16:01:00,1.0,0.0,0.07499761657642134,60.0,59.49880828821067,0.0
2024-08-04 16:02:00,1.0,0.0,0.074989016754167,60.0,59.4945083770835,0.0
2024-08-04 16:03:00,1.0,0.0,0.07498041791803657,60.0,59.49020895901828,0.0
2024-08-04 16:04:00,1.0,0.0,0.07497182006791697,60.0,59.48591003395848,0.0
2024-08-04 16:05:00,1.0,0.0,0.07496322320369514,60.0,59.48161160184757,0.0
2024-08-04 16:06:00,1.0,0.0,0.07495462732525802,60.0,59.47731366262901,0.0
2024-08-04 16:07:00,1.0,0.0,0.07494603243249258,60.0,59.473016216246286,0.0
2024-08-04 16:08:00,1.0,0.0,0.07493743852528578,60.0,59.46871926264289,0.0
2024-08-04 16:09:00,1.0,0.0,0.07492884560352465,60.0,59.464422801762325,0.0
2024-08-04 16:10:00,1.0,0.0,0.07492025366709615,60.0,59.460126833548074,0.0
2024-08-04 16:11:00,1.0,0.0,0.0749116627158873,60.0,59.45583135794365,0.0
2024-08-04 16:12:00,1.0,0.0,0.07490307274978515,60.0,59.45153637489258,0.0
2024-08-04 16:13:00,1.0,0.0,0.07489448376867672,60.0,59.44724188433836,0.0
2024-08-04 16:14:00,1.0,0.0,0.07488589577244906,60.0,59.44294788622453,0.0
2024-08-04 16:15:00,1.0,0.0,0.07487730876098925,60.0,59.438654380494626,0.0
2024-08-04 16:16:00,1.0,0.0,0.07486872273418436,60.0,59.43436136709218,0.0
2024-08-04 16:17:00,1.0,0.0,0.07486013769192149,60.0,59.43006884596074,0.0
2024-08-04 16:18:00,1.0,0.0,0.07485155363408773,60.0,59.42577681704386,0.0
2024-08-04 16:19:00,1.0,0.0,0.0748429705605702,60.0,59.4214852802851,0.0
2024-08-04 16:20:00,1.0,0.0,0.07483438847125604,60.0,59.41719423562802,0.0
2024-08-04 16:21:00,1.0,0.0,0.07482580736603238,60.0,59.41290368301619,0.0
2024-08-04 16:22:00,1.0,0.0,0.0748172272447864,60.0,59.4086136223932,0.0
2024-08-04 16:23:00,1.0,0.0,0.07480864810740524,60.0,59.404324053702624,0.0
2024-08-04 16:24:00,1.0,0.0,0.07480006995377612,60.0,59.40003497688806,0.0
2024-08-04 16:25:00,1.0,0.0,0.0747914927837862,60.0,59.3957463918931,0.0
2024-08-04 16:26:00,1.0,0.0,0.0747829165973227,60.0,59.39145829866135,0.0
2024-08-04 16:27:00,1.0,0.0,0.07477434139427284,60.0,59.38717069713642,0.0
2024-08-04 16:28:00,1.0,0.0,0.07476576717452386,60.0,59.38288358726193,0.0
2024-08-04 16:29:00,1.0,0.0,0.074757193937963,60.0,59.3785969689815,0.0
2024-08-04 16:30:00,1.0,0.0,0.07474862168447752,60.0,59.374310842238756,0.0
2024-08-04 16:31:00,1.0,0.0,0.07474005041395469,60.0,59.370025206977346,0.0
2024-08-04 16:32:00,1.0,0.0,0.07473148012628181,60.0,59.365740063140905,0.0
2024-08-04 16:33:00,1.0,0.0,0.07472291082134616,60.0,59.36145541067308,0.0
2024-08-04 16:34:00,1.0,0.0,0.07471434249903507,60.0,59.357171249517535,0.0
2024-08-04 16:35:00,1.0,0.0,0.07470577515923586,60.0,59.35288757961793,0.0
2024-08-04 16:36:00,1.0,0.0,0.07469720880183585,60.0,59.34860440091792,0.0
2024-08-04 16:37:00,1.0,0.0,0.07468864342672239,60.0,59.3443217133612,0.0
2024-08-04 16:38:00,1.0,0.0,0.07468007903378288,60.0,59.34003951689144,0.0
2024-08-04 16:39:00,1.0,0.0,0.07467151562290467,60.0,59.33575781145233,0.0
2024-08-04 16:40:00,1.0,0.0,0.07466295319397515,60.0,59.33147659698757,0.0
2024-08-04 16:41:00,1.0,0.0,0.07465439174688171,60.0,59.32719587344086,0.0
2024-08-04 16:42:00,1.0,0.0,0.0746458312815118,60.0,59.322915640755895,0.0
2024-08-04 16:43:00,1.0,0.0,0.0746372717977528,60.0,59.3186358988764,0.0
2024-08-04 16:44:00,1.0,0.0,0.07462871329549219,60.0,59.314356647746095,0.0
2024-08-04 16:45:00,1.0,0.0,0.0746201557746174,60.0,59.3100778873087,0.0
2024-08-04 16:46:00,1.0,0.0,0.07461159923501592,60.0,59.30579961750796,0.0
2024-08-04 16:47:00,1.0,0.0,0.0746030436765752,60.0,59.301521838287606,0.0
2024-08-04 16:48:00,1.0,0.0,0.07459448909918277,60.0,59.29724454959138,0.0
2024-08-04 16:49:00,1.0,0.0,0.0745859355027261,60.0,59.29296775136305,0.0
2024-08-04 16:50:00,1.0,0.0,0.07457738288709273,60.0,59.28869144354636,0.0
2024-08-04 16:51:00,1.0,0.0,0.07456883125217018,60.0,59.284415626085085,0.0
2024-08-04 16:52:00,1.0,0.0,0.07456028059784599,60.0,59.280140298922994,0.0
2024-08-04 16:53:00,1.0,0.0,0.07455173092400773,60.0,59.275865462003864,0.0
2024-08-04 16:54:00,1.0,0.0,0.07454318223054296,60.0,59.27159111527148,0.0
2024-08-04 16:55:00,1.0,0.0,0.07453463451733926,60.0,59.26731725866963,0.0
2024-08-04 16:56:00,1.0,0.0,0.07452608778428423,60.0,59.263043892142115,0.0
2024-08-04 16:57:00,1.0,0.0,0.0745175420312655,60.0,59.258771015632746,0.0
2024-08-04 16:58:00,1.0,0.0,0.07450899725817066,60.0,59.254498629085326,0.0
2024-08-04 16:59:00,1.0,0.0,0.07450045346488735,60.0,59.25022673244367,0.0
2024-08-04 17:00:00,1.0,0.0,0.07449191065130321,60.0,59.24595532565161,0.0
2024-08-04 17:01:00,1.0,0.0,0.07448336881730593,60.0,59.241684408652965,0.0
2024-08-04 17:02:00,1.0,0.0,0.07447482796278317,60.0,59.23741398139158,0.0
2024-08-04 17:03:00,1.0,0.0,0.07446628808762261,60.0,59.2331440438113,0.0
2024-08-04 17:04:00,1.0,0.0,0.07445774919171193,60.0,59.22887459585596,0.0
2024-08-04 17:05:00,1.0,0.0,0.07444921127493886,60.0,59.22460563746943,0.0
2024-08-04 17:06:00,1.0,0.0,0.07444067433719115,60.0,59.22033716859557,0.0
2024-08-04 17:07:00,1.0,0.0,0.07443213837835648,60.0,59.21606918917824,0.0
2024-08-04 17:08:00,1.0,0.0,0.07442360339832266,60.0,59.21180169916133,0.0
2024-08-04 17:09:00,1.0,0.0,0.07441506939697742,60.0,59.20753469848871,0.0
2024-08-04 17:10:00,1.0,0.0,0.07440653637420853,60.0,59.203268187104264,0.0
2024-08-04 17:11:00,1.0,0.0,0.0743980043299038,60.0,59.1990021649519,0.0
2024-08-04 17:12:00,1.0,0.0,0.07438947326395103,60.0,59.19473663197551,0.0
2024-08-04 17:13:00,1.0,0.0,0.074380943176238,60.0,59.190471588119,0.0
2024-08-04 17:14:00,1.0,0.0,0.07437241406665258,60.0,59.18620703332629,0.0
2024-08-04 17:15:00,1.0,0.0,0.0743638859350826,60.0,59.181942967541296,0.0
2024-08-04 17:16:00,1.0,0.0,0.07435535878141589,60.0,59.177679390707944,0.0
2024-08-04 17:17:00,1.0,0.0,0.07434683260554033,60.0,59.173416302770164,0.0
2024-08-04 17:18:00,1.0,0.0,0.0743383074073438,60.0,59.1691537036719,0.0
2024-08-04 17:19:00,1.0,0.0,0.0743297831867142,60.0,59.1648915933571,0.0
2024-08-04 17:20:00,1.0,0.0,0.07432125994353941,60.0,59.16062997176971,0.0
2024-08-04 17:21:00,1.0,0.0,0.07431273767770738,60.0,59.15636883885369,0.0
2024-08-04 17:22:00,1.0,0.0,0.07430421638910602,60.0,59.15210819455301,0.0
2024-08-04 17:23:00,1.0,0.0,0.07429569607762328,60.0,59.14784803881164,0.0
2024-08-04 17:24:00,1.0,0.0,0.0742871767431471,60.0,59.14358837157355,0.0
2024-08-04 17:25:00,1.0,0.0,0.07427865838556547,60.0,59.13932919278273,0.0
2024-08-04 17:26:00,1.0,0.0,0.07427014100476637,60.0,59.13507050238318,0.0
2024-08-04 17:27:00,1.0,0.0,0.07426162460063776,60.0,59.13081230031888,0.0
2024-08-04 17:28:00,1.0,0.0,0.07425310917306768,60.0,59.12655458653384,0.0
2024-08-04 17:29:00,1.0,0.0,0.07424459472194415,60.0,59.12229736097208,0.0
2024-08-04 17:30:00,1.0,0.0,0.07423608124715521,60.0,59.118040623577606,0.0
2024-08-04 17:31:00,1.0,0.0,0.07422756874858889,60.0,59.11378437429445,0.0
2024-08-04 17:32:00,1.0,0.0,0.07421905722613324,60.0,59.10952861306662,0.0
2024-08-04 17:33:00,1.0,0.0,0.07421054667967636,60.0,59.10527333983818,0.0
2024-08-04 17:34:00,1.0,0.0,0.0742020371091063,60.0,59.10101855455315,0.0
2024-08-04 17:35:00,1.0,0.0,0.07419352851431119,60.0,59.09676425715559,0.0
2024-08-04 17:36:00,1.0,0.0,0.07418502089517912,60.0,59.092510447589554,0.0
2024-08-04 17:37:00,1.0,0.0,0.0741765142515982,60.0,59.088257125799096,0.0
2024-08-04 17:38:00,1.0,0.0,0.07416800858345658,60.0,59.08400429172829,0.0
2024-08-04 17:39:00,1.0,0.0,0.07415950389064242,60.0,59.07975194532121,0.0
2024-08-04 17:40:00,1.0,0.0,0.07415100017304388,60.0,59.07550008652194,0.0
2024-08-04 17:41:00,1.0,0.0,0.07414249743054913,60.0,59.071248715274564,0.0
2024-08-04 17:42:00,1.0,0.0,0.07413399566304633,60.0,59.06699783152317,0.0
2024-08-04 17:43:00,1.0,0.0,0.07412549487042372,60.0,59.06274743521186,0.0
2024-08-04 17:44:00,1.0,0.0,0.0741169950525695,60.0,59.05849752628475,0.0
2024-08-04 17:45:00,1.0,0.0,0.07410849620937188,60.0,59.05424810468594,0.0
2024-08-04 17:46:00,1.0,0.0,0.0740999983407191,60.0,59.049999170359555,0.0
2024-08-04 17:47:00,1.0,0.0,0.07409150144649944,60.0,59.04575072324972,0.0
2024-08-04 17:48:00,1.0,0.0,0.07408300552660113,60.0,59.041502763300564,0.0
2024-08-04 17:49:00,1.0,0.0,0.07407451058091247,60.0,59.03725529045623,0.0
2024-08-04 17:50:00,1.0,0.0,0.07406601660932172,60.0,59.03300830466086,0.0
2024-08-04 17:51:00,1.0,0.0,0.07405752361171722,60.0,59.02876180585861,0.0
2024-08-04 17:52:00,1.0,0.0,0.07404903158798726,60.0,59.02451579399363,0.0
2024-08-04 17:53:00,1.0,0.0,0.07404054053802017,60.0,59.02027026901008,0.0
2024-08-04 17:54:00,1.0,0.0,0.07403205046170429,60.0,59.016025230852144,0.0
2024-08-04 17:55:00,1.0,0.0,0.07402356135892799,60.0,59.01178067946399,0.0
2024-08-04 17:56:00,1.0,0.0,0.0740150732295796,60.0,59.0075366147898,0.0
2024-08-04 17:57:00,1.0,0.0,0.07400658607354754,60.0,59.00329303677377,0.0
2024-08-04 17:58:00,1.0,0.0,0.07399809989072019,60.0,58.99904994536009,0.0
2024-08-04 17:59:00,1.0,0.0,0.0741616165921183,60.0,59.080808296059146,0.0
2024-08-04 18:00:00,1.0,0.0,0.07432511454339297,60.0,59.162557271696485,0.0
2024-08-04 18:01:00,1.0,0.0,0.07448859374669425,60.0,59.244296873347125,0.0
2024-08-04 18:02:00,1.0,0.0,0.07465205420417194,60.0,59.326027102085966,0.0
2024-08-04 18:03:00,1.0,0.0,0.07481549591797557,60.0,59.407747958987784,0.0
2024-08-04 18:04:00,1.0,0.0,0.07497891889025445,60.0,59.489459445127224,0.0
2024-08-04 18:05:00,1.0,0.0,0.07514232312315762,60.0,59.57116156157881,0.0
2024-08-04 18:06:00,1.0,0.0,0.0753057086188339,60.0,59.65285430941695,0.0
2024-08-04 18:07:00,1.0,0.0,0.07546907537943184,60.0,59.73453768971592,0.0
2024-08-04 18:08:00,1.0,0.0,0.07563242340709975,60.0,59.816211703549875,0.0
2024-08-04 18:09:00,1.0,0.0,0.0757957527039857,60.0,59.89787635199285,0.0
2024-08-04 18:10:00,1.0,0.0,0.07595906327223752,60.0,59.97953163611876,0.0
2024-08-04 18:11:00,1.0,0.0,0.07612235511400275,60.0,60.06117755700138,0.0
2024-08-04 18:12:00,1.0,0.0,0.07628562823142877,60.0,60.14281411571439,0.0
2024-08-04 18:13:00,1.0,0.0,0.07644888262666262,60.0,60.22444131333131,0.0
2024-08-04 18:14:00,1.0,0.0,0.07661211830185116,60.0,60.30605915092558,0.0
2024-08-04 18:15:00,1.0,0.0,0.07677533525914096,60.0,60.38766762957048,0.0
2024-08-04 18:16:00,1.0,0.0,0.07693853350067838,60.0,60.46926675033919,0.0
2024-08-04 18:17:00,1.0,0.0,0.07710171302860949,60.0,60.55085651430475,0.0
2024-08-04 18:18:00,1.0,0.0,0.07726487384508017,60.0,60.63243692254009,0.0
2024-08-04 18:19:00,1.0,0.0,0.07742801595223603,60.0,60.71400797611801,0.0
2024-08-04 18:20:00,1.0,0.0,0.07759113935222238,60.0,60.79556967611119,0.0
2024-08-04 18:21:00,1.0,0.0,0.07775424404718438,60.0,60.87712202359219,0.0
2024-08-04 18:22:00,1.0,0.0,0.07791733003926689,60.0,60.95866501963344,0.0
2024-08-04 18:23:00,1.0,0.0,0.07808039733061452,60.0,61.04019866530726,0.0
2024-08-04 18:24:00,1.0,0.0,0.0780714440122393,60.0,61.03572200611965,0.0
2024-08-04 18:25:00,1.0,0.0,0.07806249172052265,60.0,61.03124586026133,0.0
2024-08-04 18:26:00,1.0,0.0,0.07805354045534688,60.0,61.02677022767344,0.0
2024-08-04 18:27:00,1.0,0.0,0.07804459021659423,60.0,61.022295108297115,0.0
2024-08-04 18:28:00,1.0,0.0,0.07803564100414705,60.0,61.01782050207352,0.0
2024-08-04 18:29:00,1.0,0.0,0.07802669281788761,60.0,61.013346408943804,0.0
2024-08-04 18:30:00,1.0,0.0,0.07801774565769827,60.0,61.008872828849135,0.0
2024-08-04 18:31:00,1.0,0.0,0.07800879952346136,60.0,61.00439976173068,0.0
2024-08-04 18:32:00,1.0,0.0,0.07799985441505924,60.0,60.99992720752962,0.0
2024-08-04 18:33:00,1.0,0.0,0.07799091033237429,60.0,60.99545516618714,0.0
2024-08-04 18:34:00,1.0,0.0,0.07798196727528887,60.0,60.99098363764443,0.0
2024-08-04 18:35:00,1.0,0.0,0.0779730252436854,60.0,60.9865126218427,0.0
2024-08-04 18:36:00,1.0,0.0,0.07796408423744627,60.0,60.982042118723136,0.0
2024-08-04 18:37:00,1.0,0.0,0.07795514425645392,60.0,60.97757212822696,0.0
2024-08-04 18:38:00,1.0,0.0,0.07794620530059078,60.0,60.97310265029539,0.0
2024-08-04 18:39:00,1.0,0.0,0.0779372673697393,60.0,60.96863368486965,0.0
2024-08-04 18:40:00,1.0,0.0,0.07792833046378195,60.0,60.96416523189097,0.0
2024-08-04 18:41:00,1.0,0.0,0.0779193945826012,60.0,60.9596972913006,0.0
2024-08-04 18:42:00,1.0,0.0,0.07791045972607956,60.0,60.955229863039776,0.0
2024-08-04 18:43:00,1.0,0.0,0.07790152589409949,60.0,60.950762947049746,0.0
2024-08-04 18:44:00,1.0,0.0,0.07789259308654356,60.0,60.94629654327178,0.0
2024-08-04 18:45:00,1.0,0.0,0.07788366130329426,60.0,60.94183065164713,0.0
2024-08-04 18:46:00,1.0,0.0,0.07787473054423416,60.0,60.93736527211708,0.0
2024-08-04 18:47:00,1.0,0.0,0.0778658008092458,60.0,60.9329004046229,0.0
2024-08-04 18:48:00,1.0,0.0,0.07785687209821177,60.0,60.92843604910588,0.0
2024-08-04 18:49:00,1.0,0.0,0.07784794441101466,60.0,60.923972205507326,0.0
2024-08-04 18:50:00,1.0,0.0,0.07783901774753704,60.0,60.91950887376852,0.0
2024-08-04 18:51:00,1.0,0.0,0.07783009210766155,60.0,60.91504605383077,0.0
2024-08-04 18:52:00,1.0,0.0,0.0778211674912708,60.0,60.9105837456354,0.0
2024-08-04 18:53:00,1.0,0.0,0.07781224389824744,60.0,60.906121949123715,0.0
2024-08-04 18:54:00,1.0,0.0,0.0778033213284741,60.0,60.90166066423705,0.0
2024-08-04 18:55:00,1.0,0.0,0.07779439978183347,60.0,60.89719989091674,0.0
2024-08-04 18:56:00,1.0,0.0,0.07778547925820822,60.0,60.89273962910411,0.0
2024-08-04 18:57:00,1.0,0.0,0.07777655975748106,60.0,60.888279878740526,0.0
2024-08-04 18:58:00,1.0,0.0,0.07776764127953466,60.0,60.88382063976733,0.0
2024-08-04 18:59:00,1.0,0.0,0.07775872382425178,60.0,60.87936191212589,0.0
2024-08-04 19:00:00,1.0,0.0,0.07774980739151512,60.0,60.87490369575756,0.0
2024-08-04 19:01:00,1.0,0.0,0.07774089198120744,60.0,60.87044599060372,0.0
2024-08-04 19:02:00,1.0,0.0,0.07773197759321152,60.0,60.865988796605755,0.0
2024-08-04 19:03:00,1.0,0.0,0.0777230642274101,60.0,60.861532113705046,0.0
2024-08-04 19:04:00,1.0,0.0,0.07771415188368597,60.0,60.857075941842986,0.0
2024-08-04 19:05:00,1.0,0.0,0.07770524056192196,60.0,60.85262028096098,0.0
2024-08-04 19:06:00,1.0,0.0,0.07769633026200086,60.0,60.84816513100043,0.0
2024-08-04 19:07:00,1.0,0.0,0.0776874209838055,60.0,60.84371049190275,0.0
2024-08-04 19:08:00,1.0,0.0,0.07767851272721872,60.0,60.83925636360936,0.0
2024-08-04 19:09:00,1.0,0.0,0.07766960549212339,60.0,60.83480274606169,0.0
2024-08-04 19:10:00,1.0,0.0,0.07766069927840234,60.0,60.830349639201174,0.0
2024-08-04 19:11:00,1.0,0.0,0.0776517940859385,60.0,60.82589704296925,0.0
2024-08-04 19:12:00,1.0,0.0,0.07764288991461474,60.0,60.82144495730737,0.0
2024-08-04 19:13:00,1.0,0.0,0.07763398676431398,60.0,60.81699338215699,0.0
2024-08-04 19:14:00,1.0,0.0,0.07762508463491911,60.0,60.81254231745956,0.0
2024-08-04 19:15:00,1.0,0.0,0.07761618352631311,60.0,60.808091763156554,0.0
2024-08-04 19:16:00,1.0,0.0,0.07760728343837889,60.0,60.80364171918944,0.0
2024-08-04 19:17:00,1.0,0.0,0.07759838437099943,60.0,60.79919218549971,0.0
2024-08-04 19:18:00,1.0,0.0,0.07758948632405771,60.0,60.79474316202885,0.0
2024-08-04 19:19:00,1.0,0.0,0.07758058929743669,60.0,60.790294648718344,0.0
2024-08-04 19:20:00,1.0,0.0,0.0775716932910194,60.0,60.7858466455097,0.0
2024-08-04 19:21:00,1.0,0.0,0.07756279830468886,60.0,60.78139915234443,0.0
2024-08-04 19:22:00,1.0,0.0,0.07755390433832807,60.0,60.77695216916403,0.0
2024-08-04 19:23:00,1.0,0.0,0.07754501139182009,60.0,60.77250569591004,0.0
2024-08-04 19:24:00,1.0,0.0,0.07753611946504797,60.0,60.76805973252399,0.0
2024-08-04 19:25:00,1.0,0.0,0.07752722855789479,60.0,60.763614278947394,0.0
2024-08-04 19:26:00,1.0,0.0,0.07751833867024363,60.0,60.75916933512181,0.0
2024-08-04 19:27:00,1.0,0.0,0.07750944980197756,60.0,60.75472490098878,0.0
2024-08-04 19:28:00,1.0,0.0,0.07750056195297972,60.0,60.75028097648986,0.0
2024-08-04 19:29:00,1.0,0.0,0.07749167512313324,60.0,60.74583756156662,0.0
2024-08-04 19:30:00,1.0,0.0,0.07748278931232122,60.0,60.74139465616061,0.0
2024-08-04 19:31:00,1.0,0.0,0.07747390452042682,60.0,60.736952260213414,0.0
2024-08-04 19:32:00,1.0,0.0,0.07746502074733323,60.0,60.732510373666614,0.0
2024-08-04 19:33:00,1.0,0.0,0.0774561379929236,60.0,60.7280689964618,0.0
2024-08-04 19:34:00,1.0,0.0,0.07744725625708113,60.0,60.72362812854056,0.0
2024-08-04 19:35:00,1.0,0.0,0.077438375539689,60.0,60.7191877698445,0.0
2024-08-04 19:36:00,1.0,0.0,0.07742949584063047,60.0,60.71474792031523,0.0
2024-08-04 19:37:00,1.0,0.0,0.07742061715978873,60.0,60.71030857989437,0.0
2024-08-04 19:38:00,1.0,0.0,0.07741173949704705,60.0,60.705869748523526,0.0
2024-08-04 19:39:00,1.0,0.0,0.07740286285228866,60.0,60.70143142614433,0.0
2024-08-04 19:40:00,1.0,0.0,0.07739398722539685,60.0,60.69699361269843,0.0
2024-08-04 19:41:00,1.0,0.0,0.07738511261625491,60.0,60.69255630812746,0.0
2024-08-04 19:42:00,1.0,0.0,0.07737623902474614,60.0,60.68811951237306,0.0
2024-08-04 19:43:00,1.0,0.0,0.0773673664507538,60.0,60.6836832253769,0.0
2024-08-04 19:44:00,1.0,0.0,0.07735849489416127,60.0,60.679247447080634,0.0
2024-08-04 19:45:00,1.0,0.0,0.07734962435485186,60.0,60.67481217742593,0.0
2024-08-04 19:46:00,1.0,0.0,0.07734075483270893,60.0,60.67037741635446,0.0
2024-08-04 19:47:00,1.0,0.0,0.07733188632761584,60.0,60.66594316380792,0.0
2024-08-04 19:48:00,1.0,0.0,0.07732301883945596,60.0,60.66150941972798,0.0
2024-08-04 19:49:00,1.0,0.0,0.07731415236811269,60.0,60.65707618405634,0.0
2024-08-04 19:50:00,1.0,0.0,0.07730528691346943,60.0,60.652643456734715,0.0
2024-08-04 19:51:00,1.0,0.0,0.0772964224754096,60.0,60.6482112377048,0.0
2024-08-04 19:52:00,1.0,0.0,0.07728755905381662,60.0,60.64377952690831,0.0
2024-08-04 19:53:00,1.0,0.0,0.07727869664857395,60.0,60.63934832428698,0.0
2024-08-04 19:54:00,1.0,0.0,0.07726983525956505,60.0,60.63491762978252,0.0
2024-08-04 19:55:00,1.0,0.0,0.07726097488667336,60.0,60.630487443336676,0.0
2024-08-04 19:56:00,1.0,0.0,0.0772521155297824,60.0,60.62605776489119,0.0
2024-08-04 19:57:00,1.0,0.0,0.07724325718877563,60.0,60.621628594387815,0.0
2024-08-04 19:58:00,1.0,0.0,0.0772343998635366,60.0,60.6171999317683,0.0
2024-08-04 19:59:00,1.0,0.0,0.0772255435539488,60.0,60.6127717769744,0.0
2024-08-04 20:00:00,1.0,0.0,0.07721668825989579,60.0,60.608344129947895,0.0
2024-08-04 20:01:00,1.0,0.0,0.07720783398126112,60.0,60.60391699063056,0.0
2024-08-04 20:02:00,1.0,0.0,0.07719898071792834,60.0,60.59949035896417,0.0
2024-08-04 20:03:00,1.0,0.0,0.07719012846978103,60.0,60.595064234890515,0.0
2024-08-04 20:04:00,1.0,0.0,0.0771812772367028,60.0,60.5906386183514,0.0
2024-08-04 20:05:00,1.0,0.0,0.07717242701857724,60.0,60.58621350928862,0.0
2024-08-04 20:06:00,1.0,0.0,0.07716357781528797,60.0,60.58178890764398,0.0
2024-08-04 20:07:00,1.0,0.0,0.07715472962671861,60.0,60.5773648133593,0.0
2024-08-04 20:08:00,1.0,0.0,0.07714588245275282,60.0,60.57294122637641,0.0
2024-08-04 20:09:00,1.0,0.0,0.07713703629327423,60.0,60.56851814663712,0.0
2024-08-04 20:10:00,1.0,0.0,0.07712819114816655,60.0,60.564095574083275,0.0
2024-08-04 20:11:00,1.0,0.0,0.07711934701731345,60.0,60.55967350865672,0.0
2024-08-04 20:12:00,1.0,0.0,0.0771105039005986,60.0,60.5552519502993,0.0
2024-08-04 20:13:00,1.0,0.0,0.07710166179790574,60.0,60.550830898952874,0.0
2024-08-04 20:14:00,1.0,0.0,0.0770928207091186,60.0,60.5464103545593,0.0
2024-08-04 20:15:00,1.0,0.0,0.07708398063412089,60.0,60.541990317060446,0.0
2024-08-04 20:16:00,1.0,0.0,0.07707514157279638,60.0,60.53757078639819,0.0
2024-08-04 20:17:00,1.0,0.0,0.07706630352502884,60.0,60.53315176251442,0.0
2024-08-04 20:18:00,1.0,0.0,0.07705746649070204,60.0,60.52873324535102,0.0
2024-08-04 20:19:00,1.0,0.0,0.07704863046969976,60.0,60.52431523484988,0.0
2024-08-04 20:20:00,1.0,0.0,0.07703979546190581,60.0,60.519897730952906,0.0
2024-08-04 20:21:00,1.0,0.0,0.07703096146720402,60.0,60.51548073360201,0.0
2024-08-04 20:22:00,2.0,0.0,0.07702212848547821,60.0,60.5110642427391,0.0
2024-08-04 20:23:00,2.0,0.0,0.07701329651661222,60.0,60.50664825830611,0.0
2024-08-04 20:24:00,2.0,0.0,0.07700446556048991,60.0,60.50223278024495,0.0
2024-08-04 20:25:00,2.0,0.0,0.07699563561699516,60.0,60.49781780849758,0.0
2024-08-04 20:26:00,2.0,0.0,0.07698680668601185,60.0,60.49340334300592,0.0
2024-08-04 20:27:00,2.0,0.0,0.07697797876742386,60.0,60.48898938371193,0.0
2024-08-04 20:28:00,2.0,0.0,0.07696915186111512,60.0,60.48457593055756,0.0
2024-08-04 20:29:00,2.0,0.0,0.07696032596696957,60.0,60.48016298348478,0.0
2024-08-04 20:30:00,2.0,0.0,0.07695150108487112,60.0,60.475750542435556,0.0
2024-08-04 20:31:00,2.0,0.0,0.07694267721470371,60.0,60.47133860735185,0.0
2024-08-04 20:32:00,2.0,0.0,0.07693385435635133,60.0,60.466927178175666,0.0
2024-08-04 20:33:00,2.0,0.0,0.07692503250969795,60.0,60.46251625484898,0.0
2024-08-04 20:34:00,2.0,0.0,0.07691621167462756,60.0,60.45810583731378,0.0
2024-08-04 20:35:00,2.0,0.0,0.07690739185102416,60.0,60.45369592551208,0.0
2024-08-04 20:36:00,2.0,0.0,0.07689857303877178,60.0,60.449286519385886,0.0
2024-08-04 20:37:00,2.0,0.0,0.07688975523775443,60.0,60.444877618877214,0.0
2024-08-04 20:38:00,2.0,0.0,0.07688093844785616,60.0,60.44046922392808,0.0
2024-08-04 20:39:00,2.0,0.0,0.07687212266896104,60.0,60.43606133448052,0.0
2024-08-04 20:40:00,2.0,0.0,0.07686330790095314,60.0,60.431653950476566,0.0
2024-08-04 20:41:00,2.0,0.0,0.07685449414371652,60.0,60.42724707185826,0.0
2024-08-04 20:42:00,2.0,0.0,0.07684568139713531,60.0,60.422840698567654,0.0
2024-08-04 20:43:00,2.0,0.0,0.07683686966109358,60.0,60.41843483054679,0.0
2024-08-04 20:44:00,2.0,0.0,0.0768280589354755,60.0,60.41402946773775,0.0
2024-08-04 20:45:00,2.0,0.0,0.07681924922016518,60.0,60.40962461008259,0.0
2024-08-04 20:46:00,2.0,0.0,0.07681044051504676,60.0,60.40522025752338,0.0
2024-08-04 20:47:00,2.0,0.0,0.07680163282000443,60.0,60.400816410002214,0.0
2024-08-04 20:48:00,2.0,0.0,0.07679282613492235,60.0,60.396413067461175,0.0
2024-08-04 20:49:00,2.0,0.0,0.07678402045968472,60.0,60.392010229842356,0.0
2024-08-04 20:50:00,2.0,0.0,0.07677521579417572,60.0,60.38760789708786,0.0
2024-08-04 20:51:00,2.0,0.0,0.07676641213827959,60.0,60.383206069139796,0.0
2024-08-04 20:52:00,2.0,0.0,0.07675760949188055,60.0,60.37880474594028,0.0
2024-08-04 20:53:00,2.0,0.0,0.07674880785486286,60.0,60.37440392743143,0.0
2024-08-04 20:54:00,2.0,0.0,0.07674000722711076,60.0,60.370003613555376,0.0
2024-08-04 20:55:00,2.0,0.0,0.0767312076085085,60.0,60.36560380425425,0.0
2024-08-04 20:56:00,2.0,0.0,0.0767224089989404,60.0,60.3612044994702,0.0
2024-08-04 20:57:00,2.0,0.0,0.07671361139829073,60.0,60.35680569914537,0.0
2024-08-04 20:58:00,2.0,0.0,0.07670481480644382,60.0,60.35240740322191,0.0
2024-08-04 20:59:00,2.0,0.0,0.07669601922328398,60.0,60.34800961164199,0.0
2024-08-04 21:00:00,2.0,0.0,0.07668722464869555,60.0,60.343612324347774,0.0
2024-08-04 21:01:00,2.0,0.0,0.07667843108256286,60.0,60.33921554128143,0.0
2024-08-04 21:02:00,2.0,0.0,0.07666963852477031,60.0,60.33481926238515,0.0
2024-08-04 21:03:00,2.0,0.0,0.07666084697520224,60.0,60.330423487601124,0.0
2024-08-04 21:04:00,2.0,0.0,0.07665205643374307,60.0,60.326028216871535,0.0
2024-08-04 21:05:00,2.0,0.0,0.07664326690027719,60.0,60.32163345013859,0.0
2024-08-04 21:06:00,2.0,0.0,0.076634478374689,60.0,60.3172391873445,0.0
2024-08-04 21:07:00,2.0,0.0,0.07662569085686295,60.0,60.31284542843147,0.0
2024-08-04 21:08:00,2.0,0.0,0.07661690434668347,60.0,60.308452173341735,0.0
2024-08-04 21:09:00,2.0,0.0,0.07660811884403503,60.0,60.30405942201751,0.0
2024-08-04 21:10:00,2.0,0.0,0.07659933434880206,60.0,60.29966717440103,0.0
2024-08-04 21:11:00,2.0,0.0,0.07659055086086909,60.0,60.29527543043454,0.0
2024-08-04 21:12:00,2.0,0.0,0.0765817683801206,60.0,60.2908841900603,0.0
2024-08-04 21:13:00,2.0,0.0,0.07657298690644107,60.0,60.28649345322054,0.0
2024-08-04 21:14:00,2.0,0.0,0.07656420643971507,60.0,60.28210321985753,0.0
2024-08-04 21:15:00,2.0,0.0,0.07655542697982709,60.0,60.277713489913545,0.0
2024-08-04 21:16:00,2.0,0.0,0.0765466485266617,60.0,60.27332426333085,0.0
2024-08-04 21:17:00,2.0,0.0,0.07653787108010346,60.0,60.26893554005173,0.0
2024-08-04 21:18:00,2.0,0.0,0.07652909464003695,60.0,60.26454732001847,0.0
2024-08-04 21:19:00,2.0,0.0,0.07652031920634675,60.0,60.26015960317337,0.0
2024-08-04 21:20:00,2.0,0.0,0.07651154477891745,60.0,60.25577238945872,0.0
2024-08-04 21:21:00,2.0,0.0,0.07650277135763367,60.0,60.25138567881683,0.0
2024-08-04 21:22:00,2.0,0.0,0.07649399894238004,60.0,60.24699947119002,0.0
2024-08-04 21:23:00,2.0,0.0,0.07648522753304121,60.0,60.242613766520606,0.0
2024-08-04 21:24:00,2.0,0.0,0.07647645712950182,60.0,60.23822856475091,0.0
2024-08-04 21:25:00,1.0,0.0,0.07646768773164656,60.0,60.233843865823275,0.0
2024-08-04 21:26:00,1.0,0.0,0.07645891933936008,60.0,60.22945966968004,0.0
2024-08-04 21:27:00,1.0,0.0,0.07645015195252709,60.0,60.22507597626355,0.0
2024-08-04 21:28:00,1.0,0.0,0.0764413855710323,60.0,60.22069278551615,0.0
2024-08-04 21:29:00,1.0,0.0,0.07643262019476042,60.0,60.21631009738021,0.0
2024-08-04 21:30:00,1.0,0.0,0.07642385582359619,60.0,60.21192791179809,0.0
2024-08-04 21:31:00,1.0,0.0,0.07641509245742435,60.0,60.207546228712175,0.0
2024-08-04 21:32:00,1.0,0.0,0.07640633009612967,60.0,60.20316504806483,0.0
2024-08-04 21:33:00,1.0,0.0,0.07639756873959691,60.0,60.19878436979845,0.0
2024-08-04 21:34:00,1.0,0.0,0.07638880838771085,60.0,60.194404193855426,0.0
2024-08-04 21:35:00,1.0,0.0,0.07638004904035631,60.0,60.190024520178156,0.0
2024-08-04 21:36:00,1.0,0.0,0.07637129069741809,60.0,60.185645348709045,0.0
2024-08-04 21:37:00,1.0,0.0,0.07636253335878103,60.0,60.18126667939051,0.0
2024-08-04 21:38:00,1.0,0.0,0.07635377702432994,60.0,60.17688851216497,0.0
2024-08-04 21:39:00,1.0,0.0,0.0763450216939497,60.0,60.17251084697485,0.0
2024-08-04 21:40:00,1.0,0.0,0.07633626736752516,60.0,60.16813368376258,0.0
2024-08-04 21:41:00,1.0,0.0,0.07632751404494122,60.0,60.163757022470605,0.0
2024-08-04 21:42:00,1.0,0.0,0.07631876172608275,60.0,60.15938086304137,0.0
2024-08-04 21:43:00,1.0,0.0,0.07631001041083466,60.0,60.155005205417325,0.0
2024-08-04 21:44:00,1.0,0.0,0.07630126009908186,60.0,60.15063004954093,0.0
2024-08-04 21:45:00,1.0,0.0,0.07629251079070928,60.0,60.14625539535464,0.0
2024-08-04 21:46:00,1.0,0.0,0.0762837624856019,60.0,60.14188124280095,0.0
2024-08-04 21:47:00,1.0,0.0,0.07627501518364464,60.0,60.13750759182232,0.0
2024-08-04 21:48:00,1.0,0.0,0.07626626888472247,60.0,60.13313444236124,0.0
2024-08-04 21:49:00,2.0,0.0,0.0762575235887204,60.0,60.1287617943602,0.0
2024-08-04 21:50:00,2.0,0.0,0.07624877929552343,60.0,60.12438964776171,0.0
2024-08-04 21:51:00,2.0,0.0,0.07624003600501653,60.0,60.12001800250826,0.0
2024-08-04 21:52:00,2.0,0.0,0.07623129371708474,60.0,60.11564685854237,0.0
2024-08-04 21:53:00,2.0,0.0,0.07622255243161312,60.0,60.11127621580656,0.0
2024-08-04 21:54:00,2.0,0.0,0.07621381214848671,60.0,60.106906074243355,0.0
2024-08-04 21:55:00,2.0,0.0,0.07620507286759055,60.0,60.10253643379528,0.0
2024-08-04 21:56:00,2.0,0.0,0.07619633458880977,60.0,60.09816729440488,0.0
2024-08-04 21:57:00,2.0,0.0,0.0761875973120294,60.0,60.0937986560147,0.0
2024-08-04 21:58:00,2.0,0.0,0.07617886103713457,60.0,60.08943051856728,0.0
2024-08-04 21:59:00,2.0,0.0,0.07617012576401037,60.0,60.08506288200519,0.0
2024-08-04 22:00:00,2.0,0.0,0.07616139149254199,60.0,60.08069574627099,0.0
2024-08-04 22:01:00,2.0,0.0,0.07615265822261451,60.0,60.07632911130725,0.0
2024-08-04 22:02:00,2.0,0.0,0.07614392595411311,60.0,60.07196297705655,0.0
2024-08-04 22:03:00,2.0,0.0,0.07613519468692294,60.0,60.06759734346147,0.0
2024-08-04 22:04:00,2.0,0.0,0.07612646442092923,60.0,60.06323221046461,0.0
2024-08-04 22:05:00,2.0,0.0,0.07611773515601712,60.0,60.05886757800856,0.0
2024-08-04 22:06:00,2.0,0.0,0.07610900689207185,60.0,60.05450344603592,0.0
2024-08-04 22:07:00,2.0,0.0,0.07610027962897863,60.0,60.05013981448931,0.0
2024-08-04 22:08:00,2.0,0.0,0.07609155336662271,60.0,60.04577668331135,0.0
2024-08-04 22:09:00,2.0,0.0,0.07608282810488931,60.0,60.04141405244466,0.0
2024-08-04 22:10:00,2.0,0.0,0.07607410384366373,60.0,60.03705192183186,0.0
2024-08-04 22:11:00,2.0,0.0,0.0760653805828312,60.0,60.0326902914156,0.0
2024-08-04 22:12:00,2.0,0.0,0.07605665832227704,60.0,60.028329161138515,0.0
2024-08-04 22:13:00,2.0,0.0,0.07604793706188652,60.0,60.02396853094326,0.0
2024-08-04 22:14:00,2.0,0.0,0.07603921680154496,60.0,60.01960840077248,0.0
2024-08-04 22:15:00,2.0,0.0,0.07603049754113772,60.0,60.01524877056886,0.0
2024-08-04 22:16:00,2.0,0.0,0.07602177928055011,60.0,60.01088964027505,0.0
2024-08-04 22:17:00,2.0,0.0,0.07601306201966748,60.0,60.00653100983374,0.0
2024-08-04 22:18:00,2.0,0.0,0.07600434575837522,60.0,60.00217287918761,0.0
2024-08-04 22:19:00,2.0,0.0,0.07599563049655869,60.0,59.997815248279345,0.0
2024-08-04 22:20:00,2.0,0.0,0.07598691623410328,60.0,59.99345811705164,0.0
2024-08-04 22:21:00,2.0,0.0,0.0759782029708944,60.0,59.9891014854472,0.0
2024-08-04 22:22:00,2.0,0.0,0.07596949070681747,60.0,59.984745353408734,0.0
2024-08-04 22:23:00,2.0,0.0,0.07596077944175793,60.0,59.98038972087896,0.0
2024-08-04 22:24:00,2.0,0.0,0.0759520691756012,60.0,59.9760345878006,0.0
2024-08-04 22:25:00,2.0,0.0,0.07594335990823275,60.0,59.971679954116375,0.0
2024-08-04 22:26:00,2.0,0.0,0.07593465163953807,60.0,59.96732581976903,0.0
2024-08-04 22:27:00,2.0,0.0,0.07592594436940261,60.0,59.96297218470131,0.0
2024-08-04 22:28:00,2.0,0.0,0.0759172380977119,60.0,59.95861904885595,0.0
2024-08-04 22:29:00,2.0,0.0,0.07590853282435144,60.0,59.95426641217572,0.0
2024-08-04 22:30:00,2.0,0.0,0.07589982854920675,60.0,59.94991427460337,0.0
2024-08-04 22:31:00,2.0,0.0,0.07589112527216337,60.0,59.94556263608168,0.0
2024-08-04 22:32:00,2.0,0.0,0.07588242299310682,60.0,59.941211496553414,0.0
2024-08-04 22:33:00,2.0,0.0,0.07587372171192272,60.0,59.936860855961356,0.0
2024-08-04 22:34:00,2.0,0.0,0.07586502142849659,60.0,59.932510714248295,0.0
2024-08-04 22:35:00,2.0,0.0,0.07585632214271407,60.0,59.92816107135703,0.0
2024-08-04 22:36:00,2.0,0.0,0.07584762385446073,60.0,59.92381192723036,0.0
2024-08-04 22:37:00,2.0,0.0,0.07583892656362218,60.0,59.91946328181109,0.0
2024-08-04 22:38:00,2.0,0.0,0.07583023027008408,60.0,59.915115135042036,0.0
2024-08-04 22:39:00,2.0,0.0,0.07582153497373204,60.0,59.910767486866014,0.0
2024-08-04 22:40:00,2.0,0.0,0.07581284067445172,60.0,59.90642033722586,0.0
2024-08-04 22:41:00,2.0,0.0,0.0758041473721288,60.0,59.9020736860644,0.0
2024-08-04 22:42:00,2.0,0.0,0.07579545506664896,60.0,59.89772753332448,0.0
2024-08-04 22:43:00,2.0,0.0,0.07578676375789789,60.0,59.893381878948944,0.0
2024-08-04 22:44:00,2.0,0.0,0.07577807344576129,60.0,59.88903672288065,0.0
2024-08-04 22:45:00,2.0,0.0,0.07576938413012489,60.0,59.884692065062445,0.0
2024-08-04 22:46:00,2.0,0.0,0.07576069581087443,60.0,59.88034790543721,0.0
2024-08-04 22:47:00,2.0,0.0,0.07575200848789564,60.0,59.87600424394782,0.0
2024-08-04 22:48:00,2.0,0.0,0.0757433221610743,60.0,59.871661080537145,0.0
2024-08-04 22:49:00,2.0,0.0,0.07573463683029615,60.0,59.86731841514807,0.0
2024-08-04 22:50:00,2.0,0.0,0.07572595249544699,60.0,59.862976247723495,0.0
2024-08-04 22:51:00,2.0,0.0,0.07571726915641262,60.0,59.85863457820631,0.0
2024-08-04 22:52:00,2.0,0.0,0.07570858681307888,60.0,59.85429340653944,0.0
2024-08-04 22:53:00,2.0,0.0,0.07569990546533156,60.0,59.849952732665784,0.0
2024-08-04 22:54:00,2.0,0.0,0.07569122511305652,60.0,59.84561255652826,0.0
2024-08-04 22:55:00,2.0,0.0,0.07568254575613959,60.0,59.841272878069795,0.0
2024-08-04 22:56:00,2.0,0.0,0.07567386739446665,60.0,59.83693369723332,0.0
2024-08-04 22:57:00,2.0,0.0,0.07566519002792356,60.0,59.83259501396178,0.0
2024-08-04 22:58:00,2.0,0.0,0.07565651365639622,60.0,59.828256828198114,0.0
2024-08-04 22:59:00,2.0,0.0,0.07564783827977055,60.0,59.82391913988528,0.0
2024-08-04 23:00:00,2.0,0.0,0.07563916389793245,60.0,59.819581948966224,0.0
2024-08-04 23:01:00,2.0,0.0,0.07563049051076785,60.0,59.81524525538393,0.0
2024-08-04 23:02:00,2.0,0.0,0.07562181811816271,60.0,59.810909059081354,0.0
2024-08-04 23:03:00,2.0,0.0,0.07561314672000297,60.0,59.80657336000148,0.0
2024-08-04 23:04:00,2.0,0.0,0.07560447631617459,60.0,59.80223815808729,0.0
2024-08-04 23:05:00,2.0,0.0,0.07559580690656355,60.0,59.797903453281776,0.0
2024-08-04 23:06:00,2.0,0.0,0.07558713849105587,60.0,59.793569245527934,0.0
2024-08-04 23:07:00,2.0,0.0,0.07557847106953755,60.0,59.78923553476877,0.0
2024-08-04 23:08:00,2.0,0.0,0.0755698046418946,60.0,59.784902320947296,0.0
2024-08-04 23:09:00,2.0,0.0,0.07556113920801306,60.0,59.78056960400653,0.0
2024-08-04 23:10:00,2.0,0.0,0.07555247476777899,60.0,59.776237383889494,0.0
2024-08-04 23:11:00,2.0,0.0,0.07554381132107844,60.0,59.77190566053922,0.0
2024-08-04 23:12:00,2.0,0.0,0.07553514886779747,60.0,59.76757443389874,0.0
2024-08-04 23:13:00,2.0,0.0,0.0755264874078222,60.0,59.763243703911094,0.0
2024-08-04 23:14:00,2.0,0.0,0.07551782694103867,60.0,59.75891347051934,0.0
2024-08-04 23:15:00,2.0,0.0,0.07550916746733306,60.0,59.75458373366653,0.0
2024-08-04 23:16:00,2.0,0.0,0.07550050898659146,60.0,59.75025449329573,0.0
2024-08-04 23:17:00,2.0,0.0,0.07549185149870001,60.0,59.74592574935001,0.0
2024-08-04 23:18:00,2.0,0.0,0.07548319500354488,60.0,59.74159750177244,0.0
2024-08-04 23:19:00,2.0,0.0,0.07547453950101222,60.0,59.73726975050611,0.0
2024-08-04 23:20:00,2.0,0.0,0.07546588499098822,60.0,59.73294249549411,0.0
2024-08-04 23:21:00,2.0,0.0,0.07545723147335906,60.0,59.72861573667953,0.0
2024-08-04 23:22:00,2.0,0.0,0.07544857894801095,60.0,59.724289474005474,0.0
2024-08-04 23:23:00,2.0,0.0,0.07543992741483009,60.0,59.71996370741505,0.0
2024-08-04 23:24:00,2.0,0.0,0.07543127687370274,60.0,59.71563843685137,0.0
2024-08-04 23:25:00,2.0,0.0,0.07542262732451512,60.0,59.71131366225756,0.0
2024-08-04 23:26:00,2.0,0.0,0.0754139787671535,60.0,59.70698938357675,0.0
2024-08-04 23:27:00,2.0,0.0,0.07540533120150412,60.0,59.70266560075206,0.0
2024-08-04 23:28:00,2.0,0.0,0.07539668462745332,60.0,59.698342313726656,0.0
2024-08-04 23:29:00,2.0,0.0,0.07538803904488733,60.0,59.69401952244367,0.0
2024-08-04 23:30:00,2.0,0.0,0.07537939445369252,60.0,59.689697226846256,0.0
2024-08-04 23:31:00,2.0,0.0,0.07537075085375515,60.0,59.68537542687758,0.0
2024-08-04 23:32:00,2.0,0.0,0.0753621082449616,60.0,59.6810541224808,0.0
2024-08-04 23:33:00,2.0,0.0,0.0753534666271982,60.0,59.6767333135991,0.0
2024-08-04 23:34:00,2.0,0.0,0.07534482600035132,60.0,59.67241300017566,0.0
2024-08-04 23:35:00,2.0,0.0,0.07533618636430732,60.0,59.66809318215366,0.0
2024-08-04 23:36:00,2.0,0.0,0.0753275477189526,60.0,59.6637738594763,0.0
2024-08-04 23:37:00,2.0,0.0,0.07531891006417356,60.0,59.659455032086775,0.0
2024-08-04 23:38:00,2.0,0.0,0.07531027339985659,60.0,59.65513669992829,0.0
2024-08-04 23:39:00,2.0,0.0,0.07530163772588813,60.0,59.650818862944064,0.0
2024-08-04 23:40:00,2.0,0.0,0.07529300304215462,60.0,59.64650152107731,0.0
2024-08-04 23:41:00,2.0,0.0,0.07528436934854253,60.0,59.64218467427126,0.0
2024-08-04 23:42:00,2.0,0.0,0.0752757366449383,60.0,59.637868322469146,0.0
2024-08-04 23:43:00,2.0,0.0,0.0752671049312284,60.0,59.6335524656142,0.0
2024-08-04 23:44:00,2.0,0.0,0.07525847420729936,60.0,59.62923710364968,0.0
2024-08-04 23:45:00,2.0,0.0,0.07524984447303766,60.0,59.62492223651883,0.0
2024-08-04 23:46:00,2.0,0.0,0.07524121572832981,60.0,59.6206078641649,0.0
2024-08-04 23:47:00,2.0,0.0,0.07523258797306234,60.0,59.61629398653117,0.0
2024-08-04 23:48:00,2.0,0.0,0.07522396120712181,60.0,59.6119806035609,0.0
2024-08-04 23:49:00,2.0,0.0,0.07521533543039476,60.0,59.60766771519738,0.0
2024-08-04 23:50:00,2.0,0.0,0.07520671064276778,60.0,59.60335532138389,0.0
2024-08-04 23:51:00,2.0,0.0,0.07519808684412742,60.0,59.59904342206371,0.0
2024-08-04 23:52:00,2.0,0.0,0.0751894640343603,60.0,59.59473201718015,0.0
2024-08-04 23:53:00,2.0,0.0,0.07518084221335301,60.0,59.59042110667651,0.0
2024-08-04 23:54:00,2.0,0.0,0.0751722213809922,60.0,59.5861106904961,0.0
2024-08-04 23:55:00,2.0,0.0,0.07516360153716446,60.0,59.581800768582234,0.0
2024-08-04 23:56:00,2.0,0.0,0.07515498268175648,60.0,59.57749134087824,0.0
2024-08-04 23:57:00,2.0,0.0,0.07514636481465489,60.0,59.573182407327444,0.0
2024-08-04 23:58:00,2.0,0.0,0.07513774793574637,60.0,59.56887396787319,0.0
2024-08-04 23:59:00,2.0,0.0,0.07512913204491763,60.0,59.56456602245881,0.0
