,Occupancy,T_set_HP,P_loss_HP,T_ref_HP,T_wall_HP,T_out_HP,SoC_ref_EV,EV_arrival,EV_departure,EV_plugged,SoC_arr_EV
2024-01-01 00:00:00,2.0,15.5,0.720049729646656,15.488504220529162,13.756771201567766,12.0,0.0,0,0,0,0.0
2024-01-01 00:15:00,2.0,15.5,0.720049729646656,15.464198298052265,13.770912075788221,12.0,0.0,0,0,0,0.0
2024-01-01 00:30:00,2.0,15.5,0.720049729646656,15.440390972929153,13.78449277077745,12.0,0.0,0,0,0,0.0
2024-01-01 00:45:00,2.0,15.5,0.720049729646656,15.417068646238086,13.797529504348056,12.0,0.0,0,0,0,0.0
2024-01-01 01:00:00,2.0,15.5,0.720049729646656,15.39421810168186,13.810038035545299,12.0,0.0,0,0,0,0.0
2024-01-01 01:15:00,2.0,15.5,0.720049729646656,15.371826494791454,13.822033677598135,12.0,0.0,0,0,0,0.0
2024-01-01 01:30:00,2.0,15.5,0.720049729646656,15.349881342434431,13.833531310504723,12.0,0.0,0,0,0,0.0
2024-01-01 01:45:00,2.0,15.5,0.720049729646656,15.328370512619415,13.844545393262706,12.0,0.0,0,0,0,0.0
2024-01-01 02:00:00,2.0,15.5,0.720049729646656,15.306925961468789,13.852921763116852,11.0,0.0,0,0,0,0.0
2024-01-01 02:15:00,2.0,15.5,0.720049729646656,15.285454398589668,13.858410503341455,11.0,0.0,0,0,0,0.0
2024-01-01 02:30:00,2.0,15.5,0.720049729646656,15.264335888365332,13.863526938874488,11.0,0.0,0,0,0,0.0
2024-01-01 02:45:00,2.0,15.5,0.720049729646656,15.243561105455562,13.868282127240825,11.0,0.0,0,0,0,0.0
2024-01-01 03:00:00,2.0,15.5,0.720049729646656,15.223120986106549,13.872686812484334,11.0,0.0,0,0,0,0.0
2024-01-01 03:15:00,2.0,15.5,0.720049729646656,15.203006720771874,13.876751434019221,11.0,0.0,0,0,0,0.0
2024-01-01 03:30:00,2.0,15.5,0.720049729646656,15.183209746941705,13.880486135231543,11.0,0.0,0,0,0,0.0
2024-01-01 03:45:00,2.0,15.5,0.720049729646656,15.1637217421744,13.883900771837899,11.0,0.0,0,0,0,0.0
2024-01-01 04:00:00,1.0,15.9,0.720049729646656,15.144534617324787,13.887004920008232,11.0,0.0,0,0,0,0.0
2024-01-01 04:15:00,1.0,21.5,0.720049729646656,16.16008795289763,13.893998262995348,11.0,0.0,0,0,0,0.0
2024-01-01 04:30:00,2.0,19.9,0.720049729646656,18.011486069816456,13.92147392606981,11.0,0.0,0,0,0,0.0
2024-01-01 04:45:00,2.0,16.7,0.720049729646656,18.67640238512797,13.966152594990279,11.0,0.0,0,0,0,0.0
2024-01-01 05:00:00,2.0,15.5,0.720049729646656,18.842989537445547,14.012849880065747,10.0,0.0,0,0,0,0.0
2024-01-01 05:15:00,2.0,15.5,0.720049729646656,18.77588045992888,14.056401892858805,10.0,0.0,0,0,0,0.0
2024-01-01 05:30:00,2.0,19.1,0.720049729646656,19.33128573107957,14.100441633382301,10.0,0.0,0,0,0,0.0
2024-01-01 05:45:00,2.0,16.7,0.720049729646656,20.031939834160003,14.154502495208321,10.0,0.0,0,0,0,0.0
2024-01-01 06:00:00,2.0,15.5,0.720049729646656,20.105075951773276,14.212407510701043,10.0,0.0,0,0,0,0.0
2024-01-01 06:15:00,1.0,17.1,0.720049729646656,20.075638654111835,14.268735600920587,10.0,0.0,0,0,0,0.0
2024-01-01 06:30:00,1.0,21.5,0.720049729646656,21.35638580475378,14.330181182789643,10.0,0.0,0,0,0,0.0
2024-01-01 06:45:00,1.0,21.5,0.720049729646656,22.040669810844925,14.407302328632442,10.0,0.0,0,0,0,0.0
2024-01-01 07:00:00,1.0,21.5,0.720049729646656,21.936121104445995,14.48509331224056,10.0,0.0,0,0,0,0.0
2024-01-01 07:15:00,1.0,21.5,0.720049729646656,21.83394530236678,14.56017799956557,10.0,0.0,0,0,0,0.0
2024-01-01 07:30:00,1.0,21.5,0.720049729646656,21.734060670041504,14.632634145356436,10.0,0.0,0,0,0,0.0
2024-01-01 07:45:00,2.0,17.1,0.720049729646656,21.636404038493296,14.702537225974075,10.0,0.0,0,0,0,0.0
2024-01-01 08:00:00,2.0,15.5,0.720049729646656,21.541919148506967,14.769964365877485,10.0,0.0,0,0,0,0.0
2024-01-01 08:15:00,2.0,15.5,0.720049729646656,21.45067155759555,14.835005191384965,10.0,0.0,0,0,0,0.0
2024-01-01 08:30:00,1.0,19.9,0.720049729646656,21.361444959024713,14.89773384048883,10.0,0.0,0,0,0,0.0
2024-01-01 08:45:00,1.0,21.5,0.720049729646656,21.27418371270741,14.95821677721524,10.0,0.0,0,0,0,0.0
2024-01-01 09:00:00,1.0,21.5,0.720049729646656,21.190009938293827,15.0165230118583,10.0,0.0,0,0,0,0.0
2024-01-01 09:15:00,1.0,21.5,0.720049729646656,21.109017614477946,15.072736784496954,10.0,0.0,0,0,0,0.0
2024-01-01 09:30:00,3.0,21.5,0.720049729646656,21.038456525049344,15.126924794243108,10.0,0.0,0,0,0,0.0
2024-01-01 09:45:00,1.0,21.5,0.720049729646656,21.873735370208827,15.183810234626362,10.0,0.0,0,0,0,0.0
2024-01-01 10:00:00,1.0,21.5,0.720049729646656,22.029006533549026,15.25057510870621,11.0,0.0,0,0,0,0.0
2024-01-01 10:15:00,1.0,21.5,0.720049729646656,21.9471715011887,15.31816104589438,11.0,0.0,0,0,0,0.0
2024-01-01 10:30:00,1.0,21.5,0.720049729646656,21.867264485879755,15.383511371399047,11.0,0.0,0,0,0,0.0
2024-01-01 10:45:00,1.0,21.5,0.720049729646656,21.789232035247093,15.44669001317964,11.0,0.0,0,0,0,0.0
2024-01-01 11:00:00,1.0,21.5,0.720049729646656,21.715994995085868,15.509937149678452,12.0,0.0,0,0,0,0.0
2024-01-01 11:15:00,1.0,21.5,0.720049729646656,21.647910680724614,15.57362450212431,12.0,0.0,0,0,0,0.0
2024-01-01 11:30:00,1.0,21.5,0.720049729646656,21.58152349668938,15.635321383749698,12.0,0.0,0,0,0,0.0
2024-01-01 11:45:00,1.0,21.5,0.720049729646656,21.516786109886468,15.695084462080755,12.0,0.7050000000000001,1,0,1,0.685
2024-01-01 12:00:00,1.0,21.5,0.720049729646656,21.452370768271194,15.752963981628758,12.0,0.7800000000000001,0,0,1,0.0
2024-01-01 12:15:00,1.0,21.5,0.720049729646656,21.388073090195128,15.80899004503742,12.0,0.8000000000000002,0,0,1,0.0
2024-01-01 12:30:00,1.0,21.5,0.720049729646656,21.325326743939236,15.863208425008109,12.0,0.8000000000000002,0,0,1,0.0
2024-01-01 12:45:00,1.0,21.5,0.720049729646656,21.264088609864913,15.915670714536098,12.0,0.8000000000000002,0,0,1,0.0
2024-01-01 13:00:00,1.0,21.5,0.720049729646656,21.20430169933773,15.966426992235553,12.0,0.8000000000000002,0,0,1,0.0
2024-01-01 13:15:00,1.0,21.5,0.720049729646656,21.14592340991337,16.015525701501648,12.0,0.8000000000000002,0,0,1,0.0
2024-01-01 13:30:00,1.0,21.5,0.720049729646656,21.08893154945412,16.06301411143031,12.0,0.8000000000000002,0,0,1,0.0
2024-01-01 13:45:00,1.0,21.5,0.720049729646656,21.033287647129384,16.108938239253543,12.0,0.8000000000000002,0,0,1,0.0
2024-01-01 14:00:00,1.0,21.5,0.720049729646656,21.630767622168506,16.155906078920175,12.0,0.8000000000000002,0,0,1,0.0
2024-01-01 14:15:00,1.0,21.5,0.720049729646656,21.938871187963624,16.210826913093744,12.0,0.8000000000000002,0,0,1,0.0
2024-01-01 14:30:00,1.0,21.5,0.720049729646656,21.866503236399883,16.26505541243396,12.0,0.8000000000000002,0,0,1,0.0
2024-01-01 14:45:00,1.0,21.5,0.720049729646656,21.795771133114126,16.31740385190363,12.0,0.8000000000000002,0,0,1,0.0
2024-01-01 15:00:00,1.0,21.5,0.720049729646656,21.723522221690676,16.367914486962732,12.0,0.8000000000000002,0,0,1,0.0
2024-01-01 15:15:00,1.0,21.5,0.720049729646656,21.649325498903224,16.416582986892482,12.0,0.8000000000000002,0,0,1,0.0
2024-01-01 15:30:00,1.0,21.5,0.720049729646656,21.57671946880558,16.463445194673636,12.0,0.8000000000000002,0,0,1,0.0
2024-01-01 15:45:00,1.0,21.5,0.720049729646656,21.50566050749527,16.5085531853748,12.0,0.0,0,1,0,0.0
2024-01-01 16:00:00,1.0,21.5,0.720049729646656,21.43567970577353,16.54978908453249,11.0,0.0,0,0,0,0.0
2024-01-01 16:15:00,1.0,21.5,0.720049729646656,21.36664527696465,16.586937211467713,11.0,0.795,1,0,1,0.745
2024-01-01 16:30:00,1.0,21.5,0.720049729646656,21.298989348416914,16.62254706474135,11.0,0.8,0,0,1,0.0
2024-01-01 16:45:00,1.0,21.5,0.720049729646656,21.232674453287082,16.656663299165572,11.0,0.8,0,0,1,0.0
2024-01-01 17:00:00,1.0,21.5,0.720049729646656,21.167664178571254,16.689329306067236,11.0,0.8,0,0,1,0.0
2024-01-01 17:15:00,1.0,21.5,0.720049729646656,21.103923135370042,16.720587248956935,11.0,0.8,0,0,1,0.0
2024-01-01 17:30:00,1.0,21.5,0.720049729646656,21.04141692999301,16.7504780981913,11.0,0.8,0,0,1,0.0
2024-01-01 17:45:00,1.0,21.5,0.720049729646656,21.523771467492335,16.780683763790893,11.0,0.8,0,0,1,0.0
2024-01-01 18:00:00,1.0,21.5,0.720049729646656,22.07413421631356,16.820338064673507,11.0,0.8,0,0,1,0.0
2024-01-01 18:15:00,1.0,21.5,0.720049729646656,22.00001527603935,16.860966144642546,11.0,0.8,0,0,1,0.0
2024-01-01 18:30:00,1.0,21.5,0.720049729646656,21.927385649608937,16.899929636012097,11.0,0.8,0,0,1,0.0
2024-01-01 18:45:00,1.0,21.5,0.720049729646656,21.856204825161157,16.937276829770592,11.0,0.8,0,0,1,0.0
2024-01-01 19:00:00,1.0,21.5,0.720049729646656,21.78643343040924,16.973054650612678,11.0,0.8,0,0,1,0.0
2024-01-01 19:15:00,1.0,21.5,0.720049729646656,21.71803320048667,17.00730869551045,11.0,0.8,0,0,1,0.0
2024-01-01 19:30:00,1.0,21.5,0.720049729646656,21.650966946700613,17.040083271195986,11.0,0.8,0,0,1,0.0
2024-01-01 19:45:00,1.0,21.5,0.720049729646656,21.58519852616719,17.071421430585954,11.0,0.8,0,0,1,0.0
2024-01-01 20:00:00,3.0,21.5,0.720049729646656,21.52069281230382,17.10136500817815,11.0,0.8,0,0,1,0.0
2024-01-01 20:15:00,1.0,21.5,0.720049729646656,21.45741566615427,17.129954654448916,11.0,0.8,0,0,1,0.0
2024-01-01 20:30:00,1.0,21.5,0.720049729646656,21.395333908523096,17.15722986927977,11.0,0.8,0,0,1,0.0
2024-01-01 20:45:00,1.0,21.5,0.720049729646656,21.334415292896548,17.1832290344405,11.0,0.8,0,0,1,0.0
2024-01-01 21:00:00,1.0,21.5,0.720049729646656,21.27427222600812,17.205821232517998,10.0,0.8,0,0,1,0.0
2024-01-01 21:15:00,1.0,21.5,0.720049729646656,21.214792417265524,17.224779133824374,10.0,0.8,0,0,1,0.0
2024-01-01 21:30:00,1.0,21.5,0.720049729646656,21.156337464548105,17.242640010616967,10.0,0.8,0,0,1,0.0
2024-01-01 21:45:00,2.0,15.9,0.720049729646656,21.098880094650394,17.25943624608282,10.0,0.8,0,0,1,0.0
2024-01-01 22:00:00,2.0,15.5,0.720049729646656,21.042393799960248,17.275199305822337,10.0,0.8,0,0,1,0.0
2024-01-01 22:15:00,2.0,20.3,0.720049729646656,21.435716202241963,17.29119009579434,10.0,0.8,0,0,1,0.0
2024-01-01 22:30:00,2.0,15.5,0.720049729646656,21.95860316366049,17.315772379208415,10.0,0.8,0,0,1,0.0
2024-01-01 22:45:00,2.0,15.5,0.720049729646656,21.89142653579733,17.34161085441426,10.0,0.8,0,0,1,0.0
2024-01-01 23:00:00,2.0,15.5,0.720049729646656,21.825462638276864,17.36613287107073,10.0,0.8,0,0,1,0.0
2024-01-01 23:15:00,2.0,15.5,0.720049729646656,21.76067896946453,17.389377069542203,10.0,0.8,0,0,1,0.0
2024-01-01 23:30:00,2.0,15.5,0.720049729646656,21.697043940700905,17.411380995839895,10.0,0.8,0,0,1,0.0
2024-01-01 23:45:00,2.0,15.5,0.720049729646656,21.634526850544603,17.4321811325189,10.0,0.8,0,0,1,0.0
2024-01-02 00:00:00,2.0,15.5,0.720049729646656,21.573097859742038,17.45181292870307,10.0,0.8,0,0,1,0.0
2024-01-02 00:15:00,2.0,15.5,0.720049729646656,21.512727966903608,17.47031082926245,10.0,0.8,0,0,1,0.0
2024-01-02 00:30:00,2.0,15.5,0.720049729646656,21.453388984866447,17.487708303167167,10.0,0.8,0,0,1,0.0
2024-01-02 00:45:00,2.0,15.5,0.720049729646656,21.395053517724257,17.504037871041056,10.0,0.8,0,0,1,0.0
2024-01-02 01:00:00,2.0,15.5,0.720049729646656,21.338051191625002,17.521499344574945,11.0,0.8,0,0,1,0.0
2024-01-02 01:15:00,2.0,15.5,0.720049729646656,21.282437958079903,17.540386996314087,11.0,0.8,0,0,1,0.0
2024-01-02 01:30:00,2.0,15.5,0.720049729646656,21.22779746223601,17.55822860053327,11.0,0.8,0,0,1,0.0
2024-01-02 01:45:00,2.0,15.5,0.720049729646656,21.17410375779878,17.57505497779251,11.0,0.8,0,0,1,0.0
2024-01-02 02:00:00,2.0,15.5,0.720049729646656,21.12097537386037,17.588727862844976,10.0,0.8,0,0,1,0.0
2024-01-02 02:15:00,2.0,15.5,0.720049729646656,21.06830596934667,17.59901278552269,10.0,0.8,0,0,1,0.0
2024-01-02 02:30:00,2.0,17.9,0.720049729646656,21.016462923693123,17.60844007910425,10.0,0.8,0,0,1,0.0
2024-01-02 02:45:00,2.0,15.5,0.720049729646656,20.965424582029062,17.61703538361213,10.0,0.8,0,0,1,0.0
2024-01-02 03:00:00,2.0,15.5,0.720049729646656,20.915169896462753,17.62482361176966,10.0,0.8,0,0,1,0.0
2024-01-02 03:15:00,2.0,15.5,0.720049729646656,20.86567840896044,17.631828969537747,10.0,0.0,0,1,0,0.0
2024-01-02 03:30:00,2.0,15.5,0.720049729646656,20.816930234708586,17.638074976072,10.0,0.0,0,0,0,0.0
2024-01-02 03:45:00,2.0,15.5,0.720049729646656,20.768906045945634,17.64358448311653,10.0,0.0,0,0,0,0.0
2024-01-02 04:00:00,2.0,15.5,0.720049729646656,20.72158705625012,17.64837969385035,10.0,0.0,0,0,0,0.0
2024-01-02 04:15:00,1.0,17.1,0.720049729646656,20.882050980706346,17.653119791070498,10.0,0.0,0,0,0,0.0
2024-01-02 04:30:00,2.0,18.7,0.720049729646656,21.013369663931638,17.6609180623986,10.0,0.0,0,0,0,0.0
2024-01-02 04:45:00,2.0,17.9,0.720049729646656,21.298816140438014,17.67031204628932,10.0,0.0,0,0,0,0.0
2024-01-02 05:00:00,2.0,15.5,0.720049729646656,21.296133332262812,17.682052394210533,10.0,0.0,0,0,0,0.0
2024-01-02 05:15:00,1.0,17.1,0.720049729646656,21.242307388305903,17.69295778679691,10.0,0.0,0,0,0,0.0
2024-01-02 05:30:00,1.0,19.1,0.720049729646656,21.18933087392733,17.702979812286213,10.0,0.0,0,0,0,0.0
2024-01-02 05:45:00,2.0,19.9,0.720049729646656,21.137181507291224,17.71214485793106,10.0,0.0,0,0,0,0.0
2024-01-02 06:00:00,1.0,19.5,0.720049729646656,21.08583763117524,17.720478562542223,10.0,0.0,0,0,0,0.0
2024-01-02 06:15:00,1.0,21.5,0.720049729646656,21.03527819535204,17.728005837622245,10.0,0.0,0,0,0,0.0
2024-01-02 06:30:00,1.0,21.5,0.720049729646656,21.503196332933484,17.736370402463432,10.0,0.0,0,0,0,0.0
2024-01-02 06:45:00,1.0,21.5,0.720049729646656,21.961894858848314,17.753641305024324,10.0,0.0,0,0,0,0.0
2024-01-02 07:00:00,1.0,21.5,0.720049729646656,21.900495661140088,17.77402788600651,11.0,0.0,0,0,0,0.0
2024-01-02 07:15:00,1.0,20.3,0.720049729646656,21.840580331937705,17.795732886968825,11.0,0.0,0,0,0,0.0
2024-01-02 07:30:00,1.0,21.5,0.720049729646656,21.781729915504208,17.816287187288946,11.0,0.0,0,0,0,0.0
2024-01-02 07:45:00,1.0,21.5,0.720049729646656,21.723915937882207,17.835724624829034,11.0,0.0,0,0,0,0.0
2024-01-02 08:00:00,1.0,21.5,0.720049729646656,21.66753006762547,17.854079656663956,11.0,0.0,0,0,0,0.0
2024-01-02 08:15:00,1.0,21.5,0.720049729646656,21.612597648969242,17.87139188923101,11.0,0.0,0,0,0,0.0
2024-01-02 08:30:00,1.0,21.5,0.720049729646656,21.558609283615912,17.887694402639774,11.0,0.0,0,0,0,0.0
2024-01-02 08:45:00,1.0,21.5,0.720049729646656,21.50553985880358,17.90301701266875,11.0,0.0,0,0,0,0.0
2024-01-02 09:00:00,2.0,21.1,0.720049729646656,21.453417859025834,17.917388889232623,11.0,0.0,0,0,0,0.0
2024-01-02 09:15:00,1.0,18.3,0.720049729646656,21.40222615076318,17.930839148217544,11.0,0.0,0,0,0,0.0
2024-01-02 09:30:00,1.0,21.5,0.720049729646656,21.35188072308424,17.943395398672966,11.0,0.7250000000000001,1,0,1,0.66
2024-01-02 09:45:00,1.0,21.5,0.720049729646656,21.302359203075184,17.95508417355533,11.0,0.8000000000000002,0,0,1,0.0
2024-01-02 10:00:00,1.0,21.5,0.720049729646656,21.255947984964564,17.965939937630026,11.0,0.8000000000000002,0,0,1,0.0
2024-01-02 10:15:00,1.0,21.5,0.720049729646656,21.212913479767334,17.976029894527223,11.0,0.8000000000000002,0,0,1,0.0
2024-01-02 10:30:00,1.0,21.5,0.720049729646656,21.17057521418983,17.98538959750533,11.0,0.8000000000000002,0,0,1,0.0
2024-01-02 10:45:00,1.0,21.5,0.720049729646656,21.128914847458734,17.99404078346884,11.0,0.0,0,1,0,0.0
2024-01-02 11:00:00,1.0,21.5,0.720049729646656,21.086442069950962,18.001999033003642,11.0,0.0,0,0,0,0.0
2024-01-02 11:15:00,1.0,21.5,0.720049729646656,21.042956114181848,18.00925797560773,11.0,0.0,0,0,0,0.0
2024-01-02 11:30:00,1.0,21.5,0.720049729646656,21.181649226482456,18.01609351951324,11.0,0.0,0,0,0,0.0
2024-01-02 11:45:00,1.0,21.5,0.720049729646656,21.97932035805183,18.03023505113304,11.0,0.0,0,0,0,0.0
2024-01-02 12:00:00,1.0,21.5,0.720049729646656,21.932960130896014,18.050758865369737,12.0,0.775,1,0,1,0.77
2024-01-02 12:15:00,1.0,21.5,0.720049729646656,21.878996539367677,18.072685374364543,12.0,0.8,0,0,1,0.0
2024-01-02 12:30:00,1.0,21.5,0.720049729646656,21.82602175004703,18.093533881985778,12.0,0.8,0,0,1,0.0
2024-01-02 12:45:00,1.0,21.5,0.720049729646656,21.77400920494716,18.113335974655016,12.0,0.8,0,0,1,0.0
2024-01-02 13:00:00,3.0,21.5,0.720049729646656,21.72250595464404,18.13212073732141,12.0,0.8,0,0,1,0.0
2024-01-02 13:15:00,3.0,21.5,0.720049729646656,21.671433699945663,18.14991019192252,12.0,0.8,0,0,1,0.0
2024-01-02 13:30:00,1.0,21.5,0.720049729646656,21.621260297881275,18.16673124142886,12.0,0.8,0,0,1,0.0
2024-01-02 13:45:00,1.0,21.5,0.720049729646656,21.571961750326388,18.182612397090818,12.0,0.8,0,0,1,0.0
2024-01-02 14:00:00,3.0,21.5,0.720049729646656,21.52378606304099,18.19758238329813,12.0,0.8,0,0,1,0.0
2024-01-02 14:15:00,1.0,21.5,0.720049729646656,21.47674436872189,18.21167307404526,12.0,0.8,0,0,1,0.0
2024-01-02 14:30:00,1.0,21.5,0.720049729646656,21.430501950026787,18.22491194348179,12.0,0.8,0,0,1,0.0
2024-01-02 14:45:00,1.0,21.5,0.720049729646656,21.385037583487893,18.237324181542153,12.0,0.8,0,0,1,0.0
2024-01-02 15:00:00,1.0,21.5,0.720049729646656,21.33955690445367,18.248931353238504,12.0,0.8,0,0,1,0.0
2024-01-02 15:15:00,1.0,21.5,0.720049729646656,21.293943472365694,18.259743110089957,12.0,0.8,0,0,1,0.0
2024-01-02 15:30:00,1.0,21.5,0.720049729646656,21.24906946537237,18.269778801252183,12.0,0.8,0,0,1,0.0
2024-01-02 15:45:00,1.0,21.5,0.720049729646656,21.204915398635844,18.27906152093748,12.0,0.8,0,0,1,0.0
2024-01-02 16:00:00,1.0,21.5,0.720049729646656,21.161026989169518,18.28544519832369,11.0,0.8,0,0,1,0.0
2024-01-02 16:15:00,1.0,21.5,0.720049729646656,21.117294145217677,18.28868662295769,11.0,0.8,0,0,1,0.0
2024-01-02 16:30:00,1.0,21.5,0.720049729646656,21.074181322836104,18.291308654224007,11.0,0.8,0,0,1,0.0
2024-01-02 16:45:00,1.0,21.5,0.720049729646656,21.0316725749163,18.29333010840277,11.0,0.8,0,0,1,0.0
2024-01-02 17:00:00,1.0,21.5,0.720049729646656,21.438615785904553,18.295999599360787,11.0,0.0,0,1,0,0.0
2024-01-02 17:15:00,1.0,21.5,0.720049729646656,21.97477679123132,18.307668945360728,11.0,0.0,0,0,0,0.0
2024-01-02 17:30:00,1.0,21.5,0.720049729646656,21.920537134495202,18.320991237152043,11.0,0.0,0,0,0,0.0
2024-01-02 17:45:00,1.0,21.5,0.720049729646656,21.8671825540267,18.333382544618022,11.0,0.8,1,0,1,0.78
2024-01-02 18:00:00,1.0,21.5,0.720049729646656,21.814689701299823,18.344870546918955,11.0,0.8,0,0,1,0.0
2024-01-02 18:15:00,1.0,21.5,0.720049729646656,21.763035882661946,18.355482138441506,11.0,0.8,0,0,1,0.0
2024-01-02 18:30:00,1.0,21.5,0.720049729646656,21.71219904086081,18.36524345095746,11.0,0.8,0,0,1,0.0
2024-01-02 18:45:00,1.0,21.5,0.720049729646656,21.66215773709292,18.374179875157036,11.0,0.8,0,0,1,0.0
2024-01-02 19:00:00,1.0,21.5,0.720049729646656,21.612891133558517,18.382316081574395,11.0,0.8,0,0,1,0.0
2024-01-02 19:15:00,1.0,21.5,0.720049729646656,21.56437897650894,18.38967604092251,11.0,0.8,0,0,1,0.0
2024-01-02 19:30:00,1.0,21.5,0.720049729646656,21.516601579772473,18.396283043854137,11.0,0.8,0,0,1,0.0
2024-01-02 19:45:00,1.0,21.5,0.720049729646656,21.46953980874507,18.402159720164942,11.0,0.8,0,0,1,0.0
2024-01-02 20:00:00,1.0,21.5,0.720049729646656,21.422818811713412,18.40515984481718,10.0,0.8,0,0,1,0.0
2024-01-02 20:15:00,1.0,21.5,0.720049729646656,21.376338679735646,18.405041212306934,10.0,0.8,0,0,1,0.0
2024-01-02 20:30:00,1.0,21.5,0.720049729646656,21.330473042597532,18.40432663869718,10.0,0.8,0,0,1,0.0
2024-01-02 20:45:00,2.0,21.1,0.720049729646656,21.285206319128086,18.403034458759294,10.0,0.8,0,0,1,0.0
2024-01-02 21:00:00,1.0,19.5,0.720049729646656,21.240523363471077,18.40118248594793,10.0,0.8,0,0,1,0.0
2024-01-02 21:15:00,2.0,21.1,0.720049729646656,21.196409452809817,18.3987880271246,10.0,0.8,0,0,1,0.0
2024-01-02 21:30:00,2.0,15.5,0.720049729646656,21.152850275438304,18.395867896865585,10.0,0.8,0,0,1,0.0
2024-01-02 21:45:00,1.0,17.1,0.720049729646656,21.109831919169082,18.392438431366095,10.0,0.8,0,0,1,0.0
2024-01-02 22:00:00,1.0,21.5,0.720049729646656,21.067340860068214,18.388515501951822,10.0,0.8,0,0,1,0.0
2024-01-02 22:15:00,2.0,16.3,0.720049729646656,21.025363951508226,18.384114528209246,10.0,0.8,0,0,1,0.0
2024-01-02 22:30:00,2.0,15.5,0.720049729646656,20.983888413529943,18.379250490745278,10.0,0.8,0,0,1,0.0
2024-01-02 22:45:00,2.0,15.5,0.720049729646656,20.94290182250457,18.3739379435867,10.0,0.8,0,0,1,0.0
2024-01-02 23:00:00,2.0,15.5,0.720049729646656,20.902392101087553,18.36819102622966,10.0,0.8,0,0,1,0.0
2024-01-02 23:15:00,2.0,15.5,0.720049729646656,20.862347508455915,18.36202347534908,10.0,0.8,0,0,1,0.0
2024-01-02 23:30:00,2.0,15.5,0.720049729646656,20.822756630821157,18.355448636177464,10.0,0.8,0,0,1,0.0
2024-01-02 23:45:00,1.0,17.1,0.720049729646656,20.835515315284695,18.348509591538733,10.0,0.8,0,0,1,0.0
2024-01-03 00:00:00,1.0,21.5,0.720049729646656,21.854430860636892,18.345539022318818,9.0,0.8,0,0,1,0.0
2024-01-03 00:15:00,1.0,21.5,0.720049729646656,21.98051233596651,18.349311519163518,9.0,0.8,0,0,1,0.0
2024-01-03 00:30:00,2.0,21.1,0.720049729646656,21.92517239030079,18.35271217703227,9.0,0.8,0,0,1,0.0
2024-01-03 00:45:00,2.0,15.5,0.720049729646656,21.870608275992844,18.35534131714154,9.0,0.8,0,0,1,0.0
2024-01-03 01:00:00,2.0,15.5,0.720049729646656,21.81680008249299,18.35722242252333,9.0,0.8,0,0,1,0.0
2024-01-03 01:15:00,2.0,15.5,0.720049729646656,21.76372845619375,18.358378309099148,9.0,0.8,0,0,1,0.0
2024-01-03 01:30:00,2.0,15.5,0.720049729646656,21.7113745847232,18.358831144519744,9.0,0.8,0,0,1,0.0
2024-01-03 01:45:00,2.0,15.5,0.720049729646656,21.659720181681532,18.35860246647305,9.0,0.8,0,0,1,0.0
2024-01-03 02:00:00,2.0,15.5,0.720049729646656,21.6083912186889,18.35554498783797,8.0,0.8,0,0,1,0.0
2024-01-03 02:15:00,2.0,15.5,0.720049729646656,21.557288585970454,18.349415470206115,8.0,0.8,0,0,1,0.0
2024-01-03 02:30:00,2.0,15.5,0.720049729646656,21.506786688996947,18.34273572509339,8.0,0.8,0,0,1,0.0
2024-01-03 02:45:00,2.0,15.5,0.720049729646656,21.456870699465455,18.33552311028313,8.0,0.8,0,0,1,0.0
2024-01-03 03:00:00,2.0,15.5,0.720049729646656,21.40752620221723,18.327794489025163,8.0,0.8,0,0,1,0.0
2024-01-03 03:15:00,2.0,15.5,0.720049729646656,21.358739183590536,18.31956624400542,8.0,0.8,0,0,1,0.0
2024-01-03 03:30:00,2.0,15.5,0.720049729646656,21.31049602010217,18.310854290921203,8.0,0.0,0,1,0,0.0
2024-01-03 03:45:00,2.0,16.7,0.720049729646656,21.262783467448436,18.30167409167331,8.0,0.0,0,0,0,0.0
2024-01-03 04:00:00,2.0,15.5,0.720049729646656,21.215944902936027,18.29420887982321,9.0,0.0,0,0,0,0.0
2024-01-03 04:15:00,1.0,17.1,0.720049729646656,21.170049640095993,18.288736816818115,9.0,0.0,0,0,0,0.0
2024-01-03 04:30:00,1.0,19.5,0.720049729646656,21.12469430794202,18.282770019686723,9.0,0.0,0,0,0,0.0
2024-01-03 04:45:00,2.0,15.9,0.720049729646656,21.0798655765688,18.276324092787345,9.0,0.0,0,0,0,0.0
2024-01-03 05:00:00,2.0,15.5,0.720049729646656,21.035550487474268,18.269414195907245,9.0,0.0,0,0,0,0.0
2024-01-03 05:15:00,2.0,15.5,0.720049729646656,20.99173644308911,18.26205505682087,9.0,0.0,0,0,0,0.0
2024-01-03 05:30:00,2.0,16.7,0.720049729646656,21.103869686832876,18.254606505338106,9.0,0.0,0,0,0,0.0
2024-01-03 05:45:00,1.0,18.7,0.720049729646656,21.29062103968733,18.2503917720476,9.0,0.0,0,0,0,0.0
2024-01-03 06:00:00,1.0,21.5,0.720049729646656,21.243189278294,18.246647272755997,9.0,0.0,0,0,0,0.0
2024-01-03 06:15:00,2.0,19.5,0.720049729646656,21.19633937071828,18.242358039238592,9.0,0.0,0,0,0,0.0
2024-01-03 06:30:00,2.0,17.9,0.720049729646656,21.15005680744723,18.237541090213494,9.0,0.7400000000000001,1,0,1,0.7150000000000001
2024-01-03 06:45:00,2.0,15.5,0.720049729646656,21.104327483655673,18.232212959900316,9.0,0.8000000000000002,0,0,1,0.0
2024-01-03 07:00:00,1.0,18.7,0.720049729646656,21.05913768779632,18.226389711705387,9.0,0.8000000000000002,0,0,1,0.0
2024-01-03 07:15:00,1.0,21.5,0.720049729646656,21.040435295438517,18.220094484923713,9.0,0.8000000000000002,0,0,1,0.0
2024-01-03 07:30:00,1.0,21.1,0.720049729646656,21.787678691416954,18.21817410849098,9.0,0.8000000000000002,0,0,1,0.0
2024-01-03 07:45:00,1.0,21.5,0.720049729646656,21.81882490791554,18.222355738914036,9.0,0.8000000000000002,0,0,1,0.0
2024-01-03 08:00:00,1.0,21.5,0.720049729646656,21.764342789483848,18.225898894554923,9.0,0.8000000000000002,0,0,1,0.0
2024-01-03 08:15:00,2.0,16.3,0.720049729646656,21.710967722643645,18.228681838973305,9.0,0.8000000000000002,0,0,1,0.0
2024-01-03 08:30:00,1.0,18.7,0.720049729646656,21.65833473837106,18.230729355555912,9.0,0.8000000000000002,0,0,1,0.0
2024-01-03 08:45:00,1.0,21.5,0.720049729646656,21.606424823788803,18.232063861566882,9.0,0.8000000000000002,0,0,1,0.0
2024-01-03 09:00:00,1.0,21.5,0.720049729646656,21.55555451621069,18.232708397808224,9.0,0.8000000000000002,0,0,1,0.0
2024-01-03 09:15:00,1.0,21.5,0.720049729646656,21.505747587609417,18.232690244182404,9.0,0.8000000000000002,0,0,1,0.0
2024-01-03 09:30:00,1.0,21.5,0.720049729646656,21.45660049606092,18.232031588301698,9.0,0.8000000000000002,0,0,1,0.0
2024-01-03 09:45:00,1.0,21.5,0.720049729646656,21.40809650335584,18.230752128108975,9.0,0.8000000000000002,0,0,1,0.0
2024-01-03 10:00:00,1.0,21.5,0.720049729646656,21.360471923934085,18.22887195179612,9.0,0.8000000000000002,0,0,1,0.0
2024-01-03 10:15:00,1.0,21.5,0.720049729646656,21.313742408577333,18.226414265990446,9.0,0.8000000000000002,0,0,1,0.0
2024-01-03 10:30:00,1.0,21.5,0.720049729646656,21.26760150056857,18.223398362605927,9.0,0.8000000000000002,0,0,1,0.0
2024-01-03 10:45:00,1.0,21.5,0.720049729646656,21.22203443261581,18.219841583203166,9.0,0.8000000000000002,0,0,1,0.0
2024-01-03 11:00:00,1.0,21.5,0.720049729646656,21.176954648980384,18.21576050423602,9.0,0.8000000000000002,0,0,1,0.0
2024-01-03 11:15:00,1.0,21.5,0.720049729646656,21.132339200319997,18.211170175667885,9.0,0.0,0,1,0,0.0
2024-01-03 11:30:00,1.0,21.5,0.720049729646656,21.088257726117863,18.20608614931221,9.0,0.0,0,0,0,0.0
2024-01-03 11:45:00,1.0,21.5,0.720049729646656,21.044696988337247,18.200523934758664,9.0,0.0,0,0,0,0.0
2024-01-03 12:00:00,1.0,21.5,0.720049729646656,21.183281105484845,18.194762191914425,9.0,0.0,0,0,0,0.0
2024-01-03 12:15:00,1.0,21.5,0.720049729646656,21.98082947303093,18.196526631214102,9.0,0.0,0,0,0,0.0
2024-01-03 12:30:00,1.0,21.5,0.720049729646656,21.934136639604528,18.202721279000368,9.0,0.0,0,0,0,0.0
2024-01-03 12:45:00,1.0,21.5,0.720049729646656,21.879590758384847,18.20810271459338,9.0,0.0,0,0,0,0.0
2024-01-03 13:00:00,1.0,21.5,0.720049729646656,21.825454674558664,18.212686755880643,9.0,0.0,0,0,0,0.0
2024-01-03 13:15:00,1.0,21.5,0.720049729646656,21.77166061533897,18.21649055214825,9.0,0.0,0,0,0,0.0
2024-01-03 13:30:00,1.0,21.5,0.720049729646656,21.71862693204836,18.219535665461695,9.0,0.7550000000000001,1,0,1,0.685
2024-01-03 13:45:00,1.0,21.5,0.720049729646656,21.666334079143482,18.221845155400363,9.0,0.8000000000000002,0,0,1,0.0
2024-01-03 14:00:00,1.0,21.5,0.720049729646656,21.61456998546853,18.22127382784098,8.0,0.8000000000000002,0,0,1,0.0
2024-01-03 14:15:00,1.0,21.5,0.720049729646656,21.5632546813913,18.217582861994096,8.0,0.8000000000000002,0,0,1,0.0
2024-01-03 14:30:00,3.0,21.5,0.720049729646656,21.512573365691658,18.213296259145224,8.0,0.8000000000000002,0,0,1,0.0
2024-01-03 14:45:00,1.0,21.5,0.720049729646656,21.462510202656834,18.20843259954962,8.0,0.8000000000000002,0,0,1,0.0
2024-01-03 15:00:00,1.0,21.5,0.720049729646656,21.412709731354642,18.20517552742957,9.0,0.8000000000000002,0,0,1,0.0
2024-01-03 15:15:00,1.0,21.5,0.720049729646656,21.36315207130584,18.203793432288798,9.0,0.8000000000000002,0,0,1,0.0
2024-01-03 15:30:00,1.0,21.5,0.720049729646656,21.314233922291677,18.2017979102059,9.0,0.8000000000000002,0,0,1,0.0
2024-01-03 15:45:00,1.0,21.5,0.720049729646656,21.265939153384256,18.19920792380496,9.0,0.8000000000000002,0,0,1,0.0
2024-01-03 16:00:00,1.0,21.5,0.720049729646656,21.21822570441937,18.196041797084145,9.0,0.8000000000000002,0,0,1,0.0
2024-01-03 16:15:00,1.0,21.5,0.720049729646656,21.17107504628004,18.192316947373325,9.0,0.8000000000000002,0,0,1,0.0
2024-01-03 16:30:00,1.0,21.5,0.720049729646656,21.12450276188826,18.188050636277172,9.0,0.8000000000000002,0,0,1,0.0
2024-01-03 16:45:00,1.0,21.5,0.720049729646656,21.078494428697045,18.183259780466063,9.0,0.8000000000000002,0,0,1,0.0
2024-01-03 17:00:00,1.0,21.5,0.720049729646656,21.033036026421048,18.177960815016586,9.0,0.8000000000000002,0,0,1,0.0
2024-01-03 17:15:00,1.0,21.5,0.720049729646656,21.43697731107608,18.173400039052378,9.0,0.8000000000000002,0,0,1,0.0
2024-01-03 17:30:00,1.0,21.5,0.720049729646656,21.970085935970264,18.17792702067941,9.0,0.8000000000000002,0,0,1,0.0
2024-01-03 17:45:00,1.0,21.5,0.720049729646656,21.912745210405514,18.184192663255818,9.0,0.8000000000000002,0,0,1,0.0
2024-01-03 18:00:00,1.0,21.5,0.720049729646656,21.85588633459662,18.187442697631987,8.0,0.8000000000000002,0,0,1,0.0
2024-01-03 18:15:00,1.0,21.5,0.720049729646656,21.79940579451504,18.187439166806705,8.0,0.8000000000000002,0,0,1,0.0
2024-01-03 18:30:00,1.0,21.5,0.720049729646656,21.743673715659277,18.186709014615932,8.0,0.8000000000000002,0,0,1,0.0
2024-01-03 18:45:00,1.0,21.5,0.720049729646656,21.68867111052791,18.18527458628389,8.0,0.8000000000000002,0,0,1,0.0
2024-01-03 19:00:00,1.0,21.5,0.720049729646656,21.634379522128732,18.183157591711325,8.0,0.8000000000000002,0,0,1,0.0
2024-01-03 19:15:00,1.0,21.5,0.720049729646656,21.580781009019116,18.180379123418895,8.0,0.8000000000000002,0,0,1,0.0
2024-01-03 19:30:00,1.0,21.5,0.720049729646656,21.527858130768504,18.176959673984058,8.0,0.8000000000000002,0,0,1,0.0
2024-01-03 19:45:00,1.0,21.5,0.720049729646656,21.475593933831238,18.17291915298579,8.0,0.8000000000000002,0,0,1,0.0
2024-01-03 20:00:00,1.0,21.5,0.720049729646656,21.423971937818052,18.168276903471053,8.0,0.8000000000000002,0,0,1,0.0
2024-01-03 20:15:00,1.0,21.5,0.720049729646656,21.372976122155016,18.16305171795643,8.0,0.8000000000000002,0,0,1,0.0
2024-01-03 20:30:00,1.0,21.5,0.720049729646656,21.32259091311902,18.15726185397814,8.0,0.8000000000000002,0,0,1,0.0
2024-01-03 20:45:00,1.0,21.5,0.720049729646656,21.27280117123906,18.15092504920308,8.0,0.8000000000000002,0,0,1,0.0
2024-01-03 21:00:00,1.0,21.5,0.720049729646656,21.223592179053192,18.144058536113388,8.0,0.8000000000000002,0,0,1,0.0
2024-01-03 21:15:00,1.0,21.5,0.720049729646656,21.174949629210914,18.136679056276485,8.0,0.8000000000000002,0,0,1,0.0
2024-01-03 21:30:00,1.0,21.5,0.720049729646656,21.12685961291137,18.12880287421233,8.0,0.8000000000000002,0,0,1,0.0
2024-01-03 21:45:00,1.0,21.5,0.720049729646656,21.079308608667812,18.120445790869258,8.0,0.8000000000000002,0,0,1,0.0
2024-01-03 22:00:00,1.0,21.5,0.720049729646656,21.03192721826958,18.10945494408198,7.0,0.8000000000000002,0,0,1,0.0
2024-01-03 22:15:00,1.0,21.5,0.720049729646656,21.50233442463646,18.097201192091067,7.0,0.8000000000000002,0,0,1,0.0
2024-01-03 22:30:00,1.0,21.5,0.720049729646656,21.963231707271373,18.094246611239036,7.0,0.8000000000000002,0,0,1,0.0
2024-01-03 22:45:00,1.0,21.5,0.720049729646656,21.903393451179983,18.09262172004952,7.0,0.8000000000000002,0,0,1,0.0
2024-01-03 23:00:00,1.0,21.5,0.720049729646656,21.84432791896104,18.090255379738963,7.0,0.8000000000000002,0,0,1,0.0
2024-01-03 23:15:00,1.0,21.5,0.720049729646656,21.78601561651669,18.08717050717407,7.0,0.8000000000000002,0,0,1,0.0
2024-01-03 23:30:00,1.0,21.5,0.720049729646656,21.728437594106307,18.08338936737673,7.0,0.8000000000000002,0,0,1,0.0
2024-01-03 23:45:00,1.0,21.5,0.720049729646656,21.6715754309971,18.078933591934696,7.0,0.8000000000000002,0,0,1,0.0
2024-01-04 00:00:00,1.0,21.5,0.720049729646656,21.61541122054792,18.073824196892573,7.0,0.8000000000000002,0,0,1,0.0
2024-01-04 00:15:00,1.0,21.5,0.720049729646656,21.559927555714072,18.068081600137802,7.0,0.8000000000000002,0,0,1,0.0
2024-01-04 00:30:00,1.0,21.5,0.720049729646656,21.505107514961104,18.061725638295947,7.0,0.8000000000000002,0,0,1,0.0
2024-01-04 00:45:00,1.0,21.5,0.720049729646656,21.450934648576286,18.054775583149027,7.0,0.8000000000000002,0,0,1,0.0
2024-01-04 01:00:00,1.0,21.5,0.720049729646656,21.397392965366237,18.047250157590497,7.0,0.8000000000000002,0,0,1,0.0
2024-01-04 01:15:00,1.0,21.5,0.720049729646656,21.344466919730102,18.039167551129797,7.0,0.8000000000000002,0,0,1,0.0
2024-01-04 01:30:00,1.0,21.5,0.720049729646656,21.292141399097464,18.03054543495931,7.0,0.8000000000000002,0,0,1,0.0
2024-01-04 01:45:00,1.0,21.5,0.720049729646656,21.240401711720803,18.021400976596052,7.0,0.8000000000000002,0,0,1,0.0
2024-01-04 02:00:00,1.0,21.5,0.720049729646656,21.1892335748125,18.011750854109984,7.0,0.0,0,1,0,0.0
2024-01-04 02:15:00,1.0,21.5,0.720049729646656,21.13862310301657,18.001611269950825,7.0,0.0,0,0,0,0.0
2024-01-04 02:30:00,1.0,21.5,0.720049729646656,21.088556797205747,17.9909979643845,7.0,0.0,0,0,0,0.0
2024-01-04 02:45:00,1.0,21.5,0.720049729646656,21.039021533594806,17.979926228550337,7.0,0.0,0,0,0,0.0
2024-01-04 03:00:00,1.0,21.5,0.720049729646656,21.438867938541993,17.969641249187436,7.0,0.0,0,0,0,0.0
2024-01-04 03:15:00,2.0,19.5,0.720049729646656,21.96786451028063,17.968491512681183,7.0,0.0,0,0,0,0.0
2024-01-04 03:30:00,2.0,15.5,0.720049729646656,21.90639537834019,17.96912687046954,7.0,0.0,0,0,0,0.0
2024-01-04 03:45:00,2.0,15.5,0.720049729646656,21.84574879228409,17.96896024308124,7.0,0.0,0,0,0,0.0
2024-01-04 04:00:00,2.0,15.5,0.720049729646656,21.785547589114366,17.96584803510622,6.0,0.0,0,0,0,0.0
2024-01-04 04:15:00,1.0,17.1,0.720049729646656,21.72568961205362,17.959550594914063,6.0,0.0,0,0,0,0.0
2024-01-04 04:30:00,1.0,21.5,0.720049729646656,21.666546304714874,17.952593218829055,6.0,0.0,0,0,0,0.0
2024-01-04 04:45:00,2.0,18.7,0.720049729646656,21.608099959681304,17.944996650353243,6.0,0.0,0,0,0,0.0
2024-01-04 05:00:00,2.0,15.5,0.720049729646656,21.55033336309085,17.9367810421641,6.0,0.0,0,0,0,0.0
2024-01-04 05:15:00,1.0,21.1,0.720049729646656,21.49322978072165,17.927965972803733,6.0,0.7800000000000001,1,0,1,0.7250000000000001
2024-01-04 05:30:00,2.0,17.1,0.720049729646656,21.436772944470157,17.91857046289703,6.0,0.8000000000000002,0,0,1,0.0
2024-01-04 05:45:00,1.0,21.1,0.720049729646656,21.380947039210923,17.908612990911987,6.0,0.0,0,1,0,0.0
2024-01-04 06:00:00,1.0,21.5,0.720049729646656,21.325736690027107,17.898111508475214,6.0,0.0,0,0,0,0.0
2024-01-04 06:15:00,1.0,17.9,0.720049729646656,21.271126949801474,17.88708345525512,6.0,0.0,0,0,0,0.0
2024-01-04 06:30:00,1.0,21.5,0.720049729646656,21.21710328715749,17.875545773425,6.0,0.0,0,0,0,0.0
2024-01-04 06:45:00,1.0,21.5,0.720049729646656,21.163651574740804,17.863514921717826,6.0,0.0,0,0,0,0.0
2024-01-04 07:00:00,2.0,18.3,0.720049729646656,21.110758077831427,17.851006889084438,6.0,0.0,0,0,0,0.0
2024-01-04 07:15:00,1.0,16.3,0.720049729646656,21.05840944327724,17.838037207966075,6.0,0.0,0,0,0,0.0
2024-01-04 07:30:00,2.0,17.1,0.720049729646656,21.006592688739875,17.82462096719232,6.0,0.0,0,0,0,0.0
2024-01-04 07:45:00,1.0,20.7,0.720049729646656,21.57637663290386,17.812886118556683,6.0,0.0,0,0,0,0.0
2024-01-04 08:00:00,2.0,21.1,0.720049729646656,22.057926919371944,17.811517394522546,6.0,0.0,0,0,0,0.0
2024-01-04 08:15:00,1.0,15.9,0.720049729646656,21.993141203782518,17.81142880151843,6.0,0.0,0,0,0,0.0
2024-01-04 08:30:00,1.0,21.5,0.720049729646656,21.92921295169255,17.810508220635402,6.0,0.0,0,0,0,0.0
2024-01-04 08:45:00,1.0,21.5,0.720049729646656,21.866120416032686,17.808781243383933,6.0,0.0,0,0,0,0.0
2024-01-04 09:00:00,1.0,21.5,0.720049729646656,21.80434032819912,17.80627460679038,6.0,0.0,0,0,0,0.0
2024-01-04 09:15:00,1.0,21.5,0.720049729646656,21.743914163574054,17.803021560304124,6.0,0.0,0,0,0,0.0
2024-01-04 09:30:00,1.0,21.5,0.720049729646656,21.684248193941016,17.799047992413605,6.0,0.0,0,0,0,0.0
2024-01-04 09:45:00,1.0,21.5,0.720049729646656,21.62532335242773,17.794376292564767,6.0,0.0,0,0,0,0.0
2024-01-04 10:00:00,1.0,21.5,0.720049729646656,21.56733724350209,17.78902902627117,6.0,0.0,0,0,0,0.0
2024-01-04 10:15:00,1.0,21.5,0.720049729646656,21.510298775983628,17.783031274107604,6.0,0.0,0,0,0,0.0
2024-01-04 10:30:00,3.0,21.5,0.720049729646656,21.453941353030626,17.776404617716132,6.0,0.0,0,0,0,0.0
2024-01-04 10:45:00,3.0,21.5,0.720049729646656,21.39824810013088,17.769168824938284,6.0,0.0,0,0,0,0.0
2024-01-04 11:00:00,1.0,21.5,0.720049729646656,21.34350165398629,17.7613442256699,6.0,0.68,1,0,1,0.67
2024-01-04 11:15:00,1.0,21.5,0.720049729646656,21.289723321801272,17.75295493899787,6.0,0.7550000000000001,0,0,1,0.0
2024-01-04 11:30:00,1.0,21.5,0.720049729646656,21.236552981994773,17.744020543758968,6.0,0.8000000000000002,0,0,1,0.0
2024-01-04 11:45:00,1.0,21.5,0.720049729646656,21.18397577398206,17.73455840152286,6.0,0.8000000000000002,0,0,1,0.0
2024-01-04 12:00:00,1.0,21.5,0.720049729646656,21.131951901938876,17.72458528347345,6.0,0.8000000000000002,0,0,1,0.0
2024-01-04 12:15:00,1.0,21.5,0.720049729646656,21.08046416291695,17.714117112185807,6.0,0.8000000000000002,0,0,1,0.0
2024-01-04 12:30:00,1.0,21.5,0.720049729646656,21.029528114902106,17.70316968258914,6.0,0.8000000000000002,0,0,1,0.0
2024-01-04 12:45:00,1.0,21.5,0.720049729646656,21.634360878607744,17.694334612764763,6.0,0.8000000000000002,0,0,1,0.0
2024-01-04 13:00:00,1.0,21.5,0.720049729646656,21.952582721895137,17.694553945589735,6.0,0.8000000000000002,0,0,1,0.0
2024-01-04 13:15:00,1.0,21.5,0.720049729646656,21.889142430406302,17.695165340437015,6.0,0.8000000000000002,0,0,1,0.0
2024-01-04 13:30:00,1.0,21.5,0.720049729646656,21.82655050841853,17.694949808348888,6.0,0.8000000000000002,0,0,1,0.0
2024-01-04 13:45:00,1.0,21.5,0.720049729646656,21.76478539254303,17.69393273526808,6.0,0.8000000000000002,0,0,1,0.0
2024-01-04 14:00:00,1.0,21.5,0.720049729646656,21.703426058145666,17.692137280291,6.0,0.8000000000000002,0,0,1,0.0
2024-01-04 14:15:00,1.0,21.5,0.720049729646656,21.642402290371077,17.689580099988028,6.0,0.8000000000000002,0,0,1,0.0
2024-01-04 14:30:00,3.0,21.5,0.720049729646656,21.582155322013044,17.686282532206924,6.0,0.8000000000000002,0,0,1,0.0
2024-01-04 14:45:00,3.0,21.5,0.720049729646656,21.52266561821256,17.682267527672515,6.0,0.8000000000000002,0,0,1,0.0
2024-01-04 15:00:00,1.0,21.5,0.720049729646656,21.463405850889067,17.677555471612777,6.0,0.8000000000000002,0,0,1,0.0
2024-01-04 15:15:00,1.0,21.5,0.720049729646656,21.404294231998286,17.67215874343838,6.0,0.8000000000000002,0,0,1,0.0
2024-01-04 15:30:00,1.0,21.5,0.720049729646656,21.345898633047224,17.666095920125223,6.0,0.8000000000000002,0,0,1,0.0
2024-01-04 15:45:00,1.0,21.5,0.720049729646656,21.28820125185522,17.659387870330683,6.0,0.8000000000000002,0,0,1,0.0
2024-01-04 16:00:00,1.0,21.5,0.720049729646656,21.23114960020931,17.652054736110504,6.0,0.8000000000000002,0,0,1,0.0
2024-01-04 16:15:00,1.0,21.5,0.720049729646656,21.174722471680944,17.644115571899782,6.0,0.8000000000000002,0,0,1,0.0
2024-01-04 16:30:00,1.0,21.5,0.720049729646656,21.118944056290538,17.63558934260826,6.0,0.8000000000000002,0,0,1,0.0
2024-01-04 16:45:00,1.0,21.5,0.720049729646656,21.063798430167637,17.62649466793737,6.0,0.8000000000000002,0,0,1,0.0
2024-01-04 17:00:00,1.0,21.5,0.720049729646656,21.095755928790492,17.616924892756632,6.0,0.8000000000000002,0,0,1,0.0
2024-01-04 17:15:00,1.0,21.5,0.720049729646656,21.93517787258234,17.613459720267922,6.0,0.8000000000000002,0,0,1,0.0
2024-01-04 17:30:00,1.0,21.5,0.720049729646656,21.92026417886769,17.615849019785045,6.0,0.8000000000000002,0,0,1,0.0
2024-01-04 17:45:00,1.0,21.5,0.720049729646656,21.85425273325146,17.61740963846238,6.0,0.0,0,1,0,0.0
2024-01-04 18:00:00,1.0,21.5,0.720049729646656,21.78913557795479,17.618093638650215,6.0,0.0,0,0,0,0.0
2024-01-04 18:15:00,1.0,21.5,0.720049729646656,21.724889920852924,17.61792786668625,6.0,0.8,1,0,1,0.79
2024-01-04 18:30:00,1.0,21.5,0.720049729646656,21.661493606926776,17.61693840586719,6.0,0.8,0,0,1,0.0
2024-01-04 18:45:00,1.0,21.5,0.720049729646656,21.598925100296665,17.615150597998575,6.0,0.8,0,0,1,0.0
2024-01-04 19:00:00,1.0,21.5,0.720049729646656,21.537163466763065,17.612589064336348,6.0,0.8,0,0,1,0.0
2024-01-04 19:15:00,1.0,21.5,0.720049729646656,21.47618835684008,17.609277725937343,6.0,0.8,0,0,1,0.0
2024-01-04 19:30:00,1.0,21.5,0.720049729646656,21.415979989267743,17.605239823435348,6.0,0.8,0,0,1,0.0
2024-01-04 19:45:00,1.0,21.5,0.720049729646656,21.35651913498968,17.60049793625894,6.0,0.8,0,0,1,0.0
2024-01-04 20:00:00,1.0,21.5,0.720049729646656,21.297430848463346,17.592905788669487,5.0,0.8,0,0,1,0.0
2024-01-04 20:15:00,1.0,21.5,0.720049729646656,21.23861512752836,17.582221124142176,5.0,0.8,0,0,1,0.0
2024-01-04 20:30:00,1.0,21.5,0.720049729646656,21.180445509350587,17.570966707412577,5.0,0.8,0,0,1,0.0
2024-01-04 20:45:00,1.0,21.5,0.720049729646656,21.122906320725978,17.55916082163119,5.0,0.8,0,0,1,0.0
2024-01-04 21:00:00,1.0,21.5,0.720049729646656,21.0656260712211,17.544653015713624,4.0,0.8,0,0,1,0.0
2024-01-04 21:15:00,1.0,21.5,0.720049729646656,21.09499393182212,17.527272231189315,4.0,0.8,0,0,1,0.0
2024-01-04 21:30:00,1.0,21.5,0.720049729646656,21.931763071739102,17.516099419104048,4.0,0.8,0,0,1,0.0
2024-01-04 21:45:00,2.0,15.9,0.720049729646656,21.91413553549928,17.51088182716274,4.0,0.8,0,0,1,0.0
2024-01-04 22:00:00,2.0,15.5,0.720049729646656,21.844638768761666,17.500597328881387,2.0,0.8,0,0,1,0.0
2024-01-04 22:15:00,1.0,18.7,0.720049729646656,21.775103158372424,17.484668371342618,2.0,0.8,0,0,1,0.0
2024-01-04 22:30:00,2.0,18.3,0.720049729646656,21.706290264371102,17.468123510801075,2.0,0.8,0,0,1,0.0
2024-01-04 22:45:00,2.0,15.5,0.720049729646656,21.63818282225304,17.450982823737224,2.0,0.8,0,0,1,0.0
2024-01-04 23:00:00,2.0,15.5,0.720049729646656,21.570764046873933,17.433265813178014,2.0,0.8,0,0,1,0.0
2024-01-04 23:15:00,2.0,15.5,0.720049729646656,21.504017618940193,17.41499142489945,2.0,0.8,0,0,1,0.0
2024-01-04 23:30:00,2.0,15.5,0.720049729646656,21.437927671880548,17.39617806317186,2.0,0.8,0,0,1,0.0
2024-01-04 23:45:00,2.0,15.5,0.720049729646656,21.37247877908812,17.376843606060707,2.0,0.8,0,0,1,0.0
2024-01-05 00:00:00,1.0,18.3,0.720049729646656,21.307655941522565,17.357005420295447,2.0,0.8,0,0,1,0.0
2024-01-05 00:15:00,2.0,19.9,0.720049729646656,21.243444575662046,17.3366803757188,2.0,0.8,0,0,1,0.0
2024-01-05 00:30:00,2.0,15.5,0.720049729646656,21.179830501795248,17.31588485932799,2.0,0.8,0,0,1,0.0
2024-01-05 00:45:00,2.0,15.5,0.720049729646656,21.116799932643758,17.29463478891982,2.0,0.8,0,0,1,0.0
2024-01-05 01:00:00,2.0,15.5,0.720049729646656,21.054339462305563,17.272945626350403,2.0,0.8,0,0,1,0.0
2024-01-05 01:15:00,2.0,15.5,0.720049729646656,20.992436055510503,17.250832390420747,2.0,0.8,0,0,1,0.0
2024-01-05 01:30:00,2.0,15.5,0.720049729646656,20.931077037178987,17.22830966939852,2.0,0.8,0,0,1,0.0
2024-01-05 01:45:00,2.0,15.5,0.720049729646656,20.870250082275334,17.20539163318637,2.0,0.8,0,0,1,0.0
2024-01-05 02:00:00,2.0,15.5,0.720049729646656,20.809586952827893,17.179923832509363,1.0,0.8,0,0,1,0.0
2024-01-05 02:15:00,2.0,15.5,0.720049729646656,20.748994163346065,17.151656066638793,1.0,0.0,0,1,0,0.0
2024-01-05 02:30:00,2.0,15.5,0.720049729646656,20.688851582156467,17.123103378969365,1.0,0.0,0,0,0,0.0
2024-01-05 02:45:00,2.0,15.5,0.720049729646656,20.629149686946654,17.094276547887066,1.0,0.0,0,0,0,0.0
2024-01-05 03:00:00,2.0,15.5,0.720049729646656,20.56987921611717,17.06518604064736,1.0,0.0,0,0,0,0.0
2024-01-05 03:15:00,2.0,15.5,0.720049729646656,20.511031161443444,17.03584202217425,1.0,0.0,0,0,0,0.0
2024-01-05 03:30:00,2.0,15.5,0.720049729646656,20.45259676094473,17.00625436361076,1.0,0.0,0,0,0,0.0
2024-01-05 03:45:00,2.0,15.5,0.720049729646656,20.394567491954202,16.976432650628148,1.0,0.0,0,0,0,0.0
2024-01-05 04:00:00,1.0,16.7,0.720049729646656,20.36254001619176,16.944225512266165,0.0,0.0,0,0,0,0.0
2024-01-05 04:15:00,1.0,20.7,0.720049729646656,21.329643027449876,16.91418491828189,0.0,0.0,0,0,0,0.0
2024-01-05 04:30:00,1.0,21.5,0.720049729646656,22.01315594739367,16.899105021593687,0.0,0.0,0,0,0,0.0
2024-01-05 04:45:00,1.0,21.5,0.720049729646656,21.93233618232436,16.88660328764787,0.0,0.0,0,0,0,0.0
2024-01-05 05:00:00,1.0,21.5,0.720049729646656,21.852431449573842,16.873280493390485,0.0,0.0,0,0,0,0.0
2024-01-05 05:15:00,1.0,21.5,0.720049729646656,21.77341937552604,16.85916277979083,0.0,0.7450000000000001,1,0,1,0.7000000000000001
2024-01-05 05:30:00,2.0,20.3,0.720049729646656,21.695278209320993,16.84427554250531,0.0,0.8000000000000002,0,0,1,0.0
2024-01-05 05:45:00,2.0,15.5,0.720049729646656,21.61798680529998,16.82864345293244,0.0,0.8000000000000002,0,0,1,0.0
2024-01-05 06:00:00,1.0,21.5,0.720049729646656,21.54152460594607,16.812290478673482,0.0,0.8000000000000002,0,0,1,0.0
2024-01-05 06:15:00,2.0,17.9,0.720049729646656,21.46587162530609,16.795239903415613,0.0,0.8000000000000002,0,0,1,0.0
2024-01-05 06:30:00,1.0,18.3,0.720049729646656,21.39100843288046,16.7775143462538,0.0,0.8000000000000002,0,0,1,0.0
2024-01-05 06:45:00,1.0,21.5,0.720049729646656,21.316916137967663,16.759135780467293,0.0,0.8000000000000002,0,0,1,0.0
2024-01-05 07:00:00,1.0,21.5,0.720049729646656,21.243590852991908,16.740125606239125,0.0,0.8000000000000002,0,0,1,0.0
2024-01-05 07:15:00,1.0,21.5,0.720049729646656,21.17101652536226,16.720504823864513,0.0,0.8000000000000002,0,0,1,0.0
2024-01-05 07:30:00,1.0,21.5,0.720049729646656,21.09915910893059,16.700293646950268,0.0,0.8000000000000002,0,0,1,0.0
2024-01-05 07:45:00,1.0,21.5,0.720049729646656,21.03665804946757,16.679511630903196,0.0,0.8000000000000002,0,0,1,0.0
2024-01-05 08:00:00,3.0,21.5,0.720049729646656,21.87973027107352,16.665012470641173,1.0,0.8000000000000002,0,0,1,0.0
2024-01-05 08:15:00,3.0,21.5,0.720049729646656,22.039258143874292,16.6620314173871,1.0,0.8000000000000002,0,0,1,0.0
2024-01-05 08:30:00,3.0,21.5,0.720049729646656,21.9568335726104,16.658653160530694,1.0,0.8000000000000002,0,0,1,0.0
2024-01-05 08:45:00,1.0,21.5,0.720049729646656,21.87545916634718,16.654273540118602,1.0,0.8000000000000002,0,0,1,0.0
2024-01-05 09:00:00,1.0,21.5,0.720049729646656,21.795338698938245,16.64892445699699,1.0,0.8000000000000002,0,0,1,0.0
2024-01-05 09:15:00,1.0,21.5,0.720049729646656,21.716475169778274,16.64264026697729,1.0,0.8000000000000002,0,0,1,0.0
2024-01-05 09:30:00,1.0,21.5,0.720049729646656,21.6385783457561,16.63545138223851,1.0,0.8000000000000002,0,0,1,0.0
2024-01-05 09:45:00,1.0,21.5,0.720049729646656,21.5616241246696,16.627386072131333,1.0,0.8000000000000002,0,0,1,0.0
2024-01-05 10:00:00,1.0,21.5,0.720049729646656,21.486155085726,16.620640803015956,2.0,0.8000000000000002,0,0,1,0.0
2024-01-05 10:15:00,1.0,21.5,0.720049729646656,21.412256414723945,16.615509657214776,2.0,0.8000000000000002,0,0,1,0.0
2024-01-05 10:30:00,1.0,21.5,0.720049729646656,21.339273042853986,16.609517517336858,2.0,0.8000000000000002,0,0,1,0.0
2024-01-05 10:45:00,1.0,21.5,0.720049729646656,21.267182094572874,16.602691226602595,2.0,0.8000000000000002,0,0,1,0.0
2024-01-05 11:00:00,1.0,21.5,0.720049729646656,21.196548512388066,16.595059073334557,2.0,0.8000000000000002,0,0,1,0.0
2024-01-05 11:15:00,1.0,21.5,0.720049729646656,21.127423829553837,16.586657117934912,2.0,0.8000000000000002,0,0,1,0.0
2024-01-05 11:30:00,1.0,21.5,0.720049729646656,21.059110357665837,16.57751282828721,2.0,0.8000000000000002,0,0,1,0.0
2024-01-05 11:45:00,1.0,21.5,0.720049729646656,21.30256692870748,16.568280471412944,2.0,0.8000000000000002,0,0,1,0.0
2024-01-05 12:00:00,1.0,21.5,0.720049729646656,22.0821639403976,16.570302970843354,3.0,0.8000000000000002,0,0,1,0.0
2024-01-05 12:15:00,1.0,21.5,0.720049729646656,22.00121252200978,16.578358624687485,3.0,0.8000000000000002,0,0,1,0.0
2024-01-05 12:30:00,1.0,21.5,0.720049729646656,21.921434446063888,16.585231781720825,3.0,0.8000000000000002,0,0,1,0.0
2024-01-05 12:45:00,1.0,21.5,0.720049729646656,21.84279940481378,16.590958231285317,3.0,0.8000000000000002,0,0,1,0.0
2024-01-05 13:00:00,1.0,21.5,0.720049729646656,21.76482159582234,16.595571029576828,3.0,0.8000000000000002,0,0,1,0.0
2024-01-05 13:15:00,1.0,21.5,0.720049729646656,21.687415533172288,16.599095627931085,3.0,0.8000000000000002,0,0,1,0.0
2024-01-05 13:30:00,1.0,21.5,0.720049729646656,21.611079278730468,16.60156263520892,3.0,0.8000000000000002,0,0,1,0.0
2024-01-05 13:45:00,1.0,21.5,0.720049729646656,21.535785455711967,16.60300432289298,3.0,0.8000000000000002,0,0,1,0.0
2024-01-05 14:00:00,1.0,21.5,0.720049729646656,21.462110831052776,16.605621187903587,4.0,0.8000000000000002,0,0,1,0.0
2024-01-05 14:15:00,1.0,21.5,0.720049729646656,21.390142155420058,16.60971177599962,4.0,0.8000000000000002,0,0,1,0.0
2024-01-05 14:30:00,1.0,21.5,0.720049729646656,21.319178293124356,16.6128048263764,4.0,0.0,0,1,0,0.0
2024-01-05 14:45:00,1.0,21.5,0.720049729646656,21.249193478214533,16.614930723387623,4.0,0.0,0,0,0,0.0
2024-01-05 15:00:00,1.0,21.5,0.720049729646656,21.179248679319826,16.616115549457938,4.0,0.0,0,0,0,0.0
2024-01-05 15:15:00,3.0,21.5,0.720049729646656,21.109205687780875,16.61637129467595,4.0,0.0,0,0,0,0.0
2024-01-05 15:30:00,1.0,21.5,0.720049729646656,21.040094129000597,16.615721385757787,4.0,0.0,0,0,0,0.0
2024-01-05 15:45:00,1.0,21.5,0.720049729646656,21.670325076886062,16.616844966077604,4.0,0.0,0,0,0,0.0
2024-01-05 16:00:00,1.0,21.5,0.720049729646656,22.05645126653941,16.626834273950873,3.55,0.0,0,0,0,0.0
2024-01-05 16:15:00,1.0,21.5,0.720049729646656,21.974400266353832,16.63610256880603,3.55,0.0,0,0,0,0.0
2024-01-05 16:30:00,1.0,21.5,0.720049729646656,21.89355231506049,16.644152999012377,3.55,0.76,1,0,1,0.73
2024-01-05 16:45:00,1.0,21.5,0.720049729646656,21.813876269823684,16.651022355034556,3.55,0.8,0,0,1,0.0
2024-01-05 17:00:00,1.0,21.5,0.720049729646656,21.735287234328318,16.656413924290373,3.396667,0.8,0,0,1,0.0
2024-01-05 17:15:00,1.0,21.5,0.720049729646656,21.657743237479192,16.660322023911345,3.396667,0.8,0,0,1,0.0
2024-01-05 17:30:00,1.0,21.5,0.720049729646656,21.58127566307113,16.663164046728596,3.396667,0.8,0,0,1,0.0
2024-01-05 17:45:00,1.0,21.5,0.720049729646656,21.505856940758786,16.664972497819438,3.396667,0.8,0,0,1,0.0
2024-01-05 18:00:00,1.0,21.5,0.720049729646656,21.431484021219713,16.665923504782146,3.463333,0.8,0,0,1,0.0
2024-01-05 18:15:00,1.0,21.5,0.720049729646656,21.35813630983029,16.666065322784274,3.463333,0.8,0,0,1,0.0
2024-01-05 18:30:00,1.0,21.5,0.720049729646656,21.285762404957396,16.665260961521643,3.463333,0.8,0,0,1,0.0
2024-01-05 18:45:00,1.0,21.5,0.720049729646656,21.214337592542584,16.663539507667853,3.463333,0.8,0,0,1,0.0
2024-01-05 19:00:00,1.0,21.5,0.720049729646656,21.143805192765367,16.66073046954352,3.371667,0.8,0,0,1,0.0
2024-01-05 19:15:00,1.0,21.5,0.720049729646656,21.074134352025393,16.6568371429118,3.371667,0.8,0,0,1,0.0
2024-01-05 19:30:00,1.0,21.5,0.720049729646656,21.135028353110837,16.652265990371916,3.371667,0.8,0,0,1,0.0
2024-01-05 19:45:00,1.0,21.5,0.720049729646656,22.045695120545368,16.6547178448979,3.371667,0.8,0,0,1,0.0
2024-01-05 20:00:00,1.0,21.5,0.720049729646656,22.015356644149122,16.663338104962058,3.468333,0.8,0,0,1,0.0
2024-01-05 20:15:00,1.0,21.5,0.720049729646656,21.934242785558517,16.671060484698547,3.468333,0.8,0,0,1,0.0
2024-01-05 20:30:00,1.0,21.5,0.720049729646656,21.854300262729872,16.677604109763607,3.468333,0.8,0,0,1,0.0
2024-01-05 20:45:00,1.0,21.5,0.720049729646656,21.775498841214038,16.683004678195765,3.468333,0.8,0,0,1,0.0
2024-01-05 21:00:00,1.0,21.5,0.720049729646656,21.69773016356573,16.686816255316774,3.246667,0.8,0,0,1,0.0
2024-01-05 21:15:00,1.0,21.5,0.720049729646656,21.62094752468224,16.689014116107746,3.246667,0.8,0,0,1,0.0
2024-01-05 21:30:00,1.0,21.5,0.720049729646656,21.545209873839116,16.69018562399795,3.246667,0.8,0,0,1,0.0
2024-01-05 21:45:00,2.0,17.5,0.720049729646656,21.470490553045803,16.69036218448139,3.246667,0.8,0,0,1,0.0
2024-01-05 22:00:00,2.0,15.5,0.720049729646656,21.39672683649005,16.689350260405188,3.143333,0.8,0,0,1,0.0
2024-01-05 22:15:00,2.0,15.5,0.720049729646656,21.32388507969251,16.687152261703194,3.143333,0.8,0,0,1,0.0
2024-01-05 22:30:00,2.0,15.5,0.720049729646656,21.2519812223167,16.684055538855166,3.143333,0.8,0,0,1,0.0
2024-01-05 22:45:00,2.0,15.5,0.720049729646656,21.1809916184221,16.680087886113466,3.143333,0.8,0,0,1,0.0
2024-01-05 23:00:00,2.0,15.5,0.720049729646656,21.11087843867697,16.675185966368478,3.101667,0.8,0,0,1,0.0
2024-01-05 23:15:00,2.0,15.5,0.720049729646656,21.041615929445662,16.66936503310654,3.101667,0.8,0,0,1,0.0
2024-01-05 23:30:00,2.0,15.5,0.720049729646656,20.973198670008166,16.66275482588625,3.101667,0.8,0,0,1,0.0
2024-01-05 23:45:00,2.0,15.5,0.720049729646656,20.90560560824543,16.655380031606185,3.101667,0.8,0,0,1,0.0
2024-01-06 00:00:00,2.0,15.5,0.720049729646656,20.838796091338484,16.647141768194402,3.045,0.8,0,0,1,0.0
2024-01-06 00:15:00,2.0,15.5,0.720049729646656,20.772745587676074,16.63804840100594,3.045,0.8,0,0,1,0.0
2024-01-06 00:30:00,1.0,15.9,0.720049729646656,20.70745692543887,16.628264351519398,3.045,0.8,0,0,1,0.0
2024-01-06 00:45:00,2.0,16.3,0.720049729646656,21.004370447540172,16.61985847491459,3.045,0.8,0,0,1,0.0
2024-01-06 01:00:00,2.0,15.5,0.720049729646656,20.961017448538577,16.611104730878722,1.8583329999999998,0.8,0,0,1,0.0
2024-01-06 01:15:00,2.0,15.5,0.720049729646656,20.89198134955483,16.59871625381887,1.8583329999999998,0.8,0,0,1,0.0
2024-01-06 01:30:00,2.0,15.5,0.720049729646656,20.82370553399119,16.585656344107907,1.8583329999999998,0.8,0,0,1,0.0
2024-01-06 01:45:00,2.0,15.5,0.720049729646656,20.756171546453103,16.571946533304107,1.8583329999999998,0.8,0,0,1,0.0
2024-01-06 02:00:00,2.0,15.5,0.720049729646656,20.689348975989397,16.55753185128482,1.823333,0.8,0,0,1,0.0
2024-01-06 02:15:00,2.0,15.5,0.720049729646656,20.623217515248804,16.542423393567578,1.823333,0.8,0,0,1,0.0
2024-01-06 02:30:00,2.0,15.5,0.720049729646656,20.557773897792437,16.526728472627685,1.823333,0.8,0,0,1,0.0
2024-01-06 02:45:00,2.0,15.5,0.720049729646656,20.49300168869116,16.510466201086007,1.823333,0.8,0,0,1,0.0
2024-01-06 03:00:00,2.0,15.5,0.720049729646656,20.428971597849525,16.49418274550417,2.066667,0.8,0,0,1,0.0
2024-01-06 03:15:00,2.0,15.5,0.720049729646656,20.365688002474652,16.477960277410464,2.066667,0.8,0,0,1,0.0
2024-01-06 03:30:00,2.0,15.5,0.720049729646656,20.303040605855024,16.46120748150834,2.066667,0.0,0,1,0,0.0
2024-01-06 03:45:00,2.0,15.5,0.720049729646656,20.241014358072906,16.44394182361808,2.066667,0.0,0,0,0,0.0
2024-01-06 04:00:00,1.0,20.7,0.720049729646656,20.852553322377236,16.428142996470434,1.9833329999999998,0.0,0,0,0,0.0
2024-01-06 04:15:00,1.0,21.5,0.720049729646656,22.019694731542582,16.42745066642219,1.9833329999999998,0.0,0,0,0,0.0
2024-01-06 04:30:00,1.0,21.5,0.720049729646656,21.960088015611856,16.432781061735703,1.9833329999999998,0.7950000000000002,1,0,1,0.7200000000000001
2024-01-06 04:45:00,2.0,16.7,0.720049729646656,21.875682728812258,16.436946438933212,1.9833329999999998,0.8000000000000002,0,0,1,0.0
2024-01-06 05:00:00,2.0,15.5,0.720049729646656,21.792477692263105,16.44013364504102,2.066667,0.8000000000000002,0,0,1,0.0
2024-01-06 05:15:00,2.0,15.5,0.720049729646656,21.710449749423493,16.442399984208823,2.066667,0.8000000000000002,0,0,1,0.0
2024-01-06 05:30:00,2.0,15.5,0.720049729646656,21.629537162371033,16.443571285642214,2.066667,0.8000000000000002,0,0,1,0.0
2024-01-06 05:45:00,2.0,15.5,0.720049729646656,21.549711483352958,16.443681062137923,2.066667,0.8000000000000002,0,0,1,0.0
2024-01-06 06:00:00,1.0,17.9,0.720049729646656,21.470740214329762,16.441515151760132,1.491667,0.8000000000000002,0,0,1,0.0
2024-01-06 06:15:00,1.0,21.5,0.720049729646656,21.392549422673355,16.436953637073792,1.491667,0.8000000000000002,0,0,1,0.0
2024-01-06 06:30:00,1.0,21.5,0.720049729646656,21.315337920496187,16.43146593732085,1.491667,0.8000000000000002,0,0,1,0.0
2024-01-06 06:45:00,1.0,20.3,0.720049729646656,21.23908117061368,16.425080859832,1.491667,0.8000000000000002,0,0,1,0.0
2024-01-06 07:00:00,1.0,21.5,0.720049729646656,21.163767020943112,16.417573633659018,1.375,0.8000000000000002,0,0,1,0.0
2024-01-06 07:15:00,1.0,21.5,0.720049729646656,21.08936937291448,16.408941672614127,1.375,0.8000000000000002,0,0,1,0.0
2024-01-06 07:30:00,3.0,21.5,0.720049729646656,21.06775688801865,16.39953367787318,1.375,0.8000000000000002,0,0,1,0.0
2024-01-06 07:45:00,3.0,21.5,0.720049729646656,21.97545289937729,16.39559346134325,1.375,0.8000000000000002,0,0,1,0.0
2024-01-06 08:00:00,3.0,21.5,0.720049729646656,22.01880288198223,16.3985836083967,1.088333,0.8000000000000002,0,0,1,0.0
2024-01-06 08:15:00,1.0,21.5,0.720049729646656,21.933667419724223,16.399963082429036,1.088333,0.8000000000000002,0,0,1,0.0
2024-01-06 08:30:00,1.0,21.5,0.720049729646656,21.849677427012235,16.400223056770514,1.088333,0.8000000000000002,0,0,1,0.0
2024-01-06 08:45:00,1.0,21.5,0.720049729646656,21.766803751716385,16.399397859734268,1.088333,0.8000000000000002,0,0,1,0.0
2024-01-06 09:00:00,1.0,21.5,0.720049729646656,21.68547870927297,16.397894557426234,1.26,0.8000000000000002,0,0,1,0.0
2024-01-06 09:15:00,1.0,21.5,0.720049729646656,21.60573857074928,16.39579809625581,1.26,0.8000000000000002,0,0,1,0.0
2024-01-06 09:30:00,1.0,21.5,0.720049729646656,21.52702901931057,16.392712378958215,1.26,0.0,0,1,0,0.0
2024-01-06 09:45:00,1.0,21.5,0.720049729646656,21.449324050798467,16.38866797657108,1.26,0.0,0,0,0,0.0
2024-01-06 10:00:00,1.0,21.5,0.720049729646656,21.3736224005877,16.38367677453339,1.25,0.0,0,0,0,0.0
2024-01-06 10:15:00,1.0,21.5,0.720049729646656,21.300026692715377,16.37778376036967,1.25,0.0,0,0,0,0.0
2024-01-06 10:30:00,1.0,21.5,0.720049729646656,21.22733276051479,16.37104698234172,1.25,0.0,0,0,0,0.0
2024-01-06 10:45:00,1.0,21.5,0.720049729646656,21.155518122702357,16.363492808157055,1.25,0.0,0,0,0,0.0
2024-01-06 11:00:00,1.0,21.5,0.720049729646656,21.085471619006533,16.35702823789781,2.116667,0.0,0,0,0,0.0
2024-01-06 11:15:00,1.0,21.5,0.720049729646656,21.06922485739932,16.351947697016943,2.116667,0.7500000000000001,1,0,1,0.7200000000000001
2024-01-06 11:30:00,1.0,21.5,0.720049729646656,21.982269491649706,16.352328242182423,2.116667,0.8000000000000002,0,0,1,0.0
2024-01-06 11:45:00,1.0,21.5,0.720049729646656,22.03056125534134,16.360252059768968,2.116667,0.8000000000000002,0,0,1,0.0
2024-01-06 12:00:00,1.0,21.5,0.720049729646656,21.949402258045186,16.367726559574912,2.3399999999999994,0.8000000000000002,0,0,1,0.0
2024-01-06 12:15:00,1.0,21.5,0.720049729646656,21.868821891498822,16.374571070699094,2.3399999999999994,0.8000000000000002,0,0,1,0.0
2024-01-06 12:30:00,1.0,21.5,0.720049729646656,21.789394834447112,16.380259053306474,2.3399999999999994,0.8000000000000002,0,0,1,0.0
2024-01-06 12:45:00,1.0,21.5,0.720049729646656,21.711091368725384,16.384825584563075,2.3399999999999994,0.8000000000000002,0,0,1,0.0
2024-01-06 13:00:00,1.0,21.5,0.720049729646656,21.63377730596577,16.390926264747968,3.55,0.8000000000000002,0,0,1,0.0
2024-01-06 13:15:00,1.0,21.5,0.720049729646656,21.557456763233663,16.39890332958726,3.55,0.8000000000000002,0,0,1,0.0
2024-01-06 13:30:00,1.0,21.5,0.720049729646656,21.48224721168924,16.405758854095936,3.55,0.8000000000000002,0,0,1,0.0
2024-01-06 13:45:00,1.0,21.5,0.720049729646656,21.40811993065712,16.411526758695857,3.55,0.8000000000000002,0,0,1,0.0
2024-01-06 14:00:00,1.0,21.5,0.720049729646656,21.336859291321737,16.415871228639485,3.376667,0.8000000000000002,0,0,1,0.0
2024-01-06 14:15:00,1.0,21.5,0.720049729646656,21.26865744054471,16.418812825845542,3.376667,0.8000000000000002,0,0,1,0.0
2024-01-06 14:30:00,1.0,21.5,0.720049729646656,21.2013961435425,16.420825456292146,3.376667,0.8000000000000002,0,0,1,0.0
2024-01-06 14:45:00,1.0,21.5,0.720049729646656,21.135051341756583,16.421937477611376,3.376667,0.8000000000000002,0,0,1,0.0
2024-01-06 15:00:00,1.0,21.5,0.720049729646656,21.06746413372772,16.421034409201486,2.853333,0.8000000000000002,0,0,1,0.0
2024-01-06 15:15:00,1.0,21.5,0.720049729646656,21.240270454005348,16.41839026681241,2.853333,0.8000000000000002,0,0,1,0.0
2024-01-06 15:30:00,1.0,21.5,0.720049729646656,22.079658173140224,16.424125527759177,2.853333,0.8000000000000002,0,0,1,0.0
2024-01-06 15:45:00,1.0,21.5,0.720049729646656,22.00569387322889,16.43413354004526,2.853333,0.8000000000000002,0,0,1,0.0
2024-01-06 16:00:00,1.0,21.5,0.720049729646656,21.922958023941092,16.44311881425217,2.951667,0.8000000000000002,0,0,1,0.0
2024-01-06 16:15:00,1.0,21.5,0.720049729646656,21.83992137245445,16.451112202656628,2.951667,0.8000000000000002,0,0,1,0.0
2024-01-06 16:30:00,1.0,21.5,0.720049729646656,21.75808492074766,16.45789735508411,2.951667,0.8000000000000002,0,0,1,0.0
2024-01-06 16:45:00,1.0,21.5,0.720049729646656,21.677417683912854,16.46351085684606,2.951667,0.0,0,1,0,0.0
2024-01-06 17:00:00,1.0,21.5,0.720049729646656,21.59758494785182,16.46613443257238,2.096667,0.0,0,0,0,0.0
2024-01-06 17:15:00,1.0,21.5,0.720049729646656,21.518487471941658,16.46557726762804,2.096667,0.0,0,0,0,0.0
2024-01-06 17:30:00,1.0,21.5,0.720049729646656,21.440431277370468,16.464012178293505,2.096667,0.0,0,0,0,0.0
2024-01-06 17:45:00,1.0,21.5,0.720049729646656,21.363389985266597,16.461470199883554,2.096667,0.79,1,0,1,0.73
2024-01-06 18:00:00,1.0,21.5,0.720049729646656,21.287075513760737,16.456384234520907,1.36,0.8,0,0,1,0.0
2024-01-06 18:15:00,1.0,21.5,0.720049729646656,21.2114026546656,16.448589414843024,1.36,0.8,0,0,1,0.0
2024-01-06 18:30:00,1.0,21.5,0.720049729646656,21.136635363192575,16.439957387025693,1.36,0.8,0,0,1,0.0
2024-01-06 18:45:00,1.0,21.5,0.720049729646656,21.062751189623846,16.43051445284251,1.36,0.8,0,0,1,0.0
2024-01-06 19:00:00,1.0,21.5,0.720049729646656,21.37820286847789,16.420373817564535,0.985,0.8,0,0,1,0.0
2024-01-06 19:15:00,1.0,21.5,0.720049729646656,22.073317541811377,16.418798775284433,0.985,0.8,0,0,1,0.0
2024-01-06 19:30:00,1.0,21.5,0.720049729646656,21.986466470152696,16.420040025297133,0.985,0.8,0,0,1,0.0
2024-01-06 19:45:00,1.0,21.5,0.720049729646656,21.900781878962903,16.42014212129303,0.985,0.8,0,0,1,0.0
2024-01-06 20:00:00,1.0,21.5,0.720049729646656,21.816189560731303,16.418868979273345,0.86,0.8,0,0,1,0.0
2024-01-06 20:15:00,1.0,21.5,0.720049729646656,21.73265044005902,16.416221602401247,0.86,0.8,0,0,1,0.0
2024-01-06 20:30:00,1.0,21.5,0.720049729646656,21.650185376602078,16.41254573210594,0.86,0.8,0,0,1,0.0
2024-01-06 20:45:00,2.0,21.1,0.720049729646656,21.568767300417576,16.407873185345682,0.86,0.8,0,0,1,0.0
2024-01-06 21:00:00,2.0,15.5,0.720049729646656,21.488317646819134,16.401916868773046,0.713333,0.8,0,0,1,0.0
2024-01-06 21:15:00,2.0,15.5,0.720049729646656,21.40879883427477,16.394668157902693,0.713333,0.8,0,0,1,0.0
2024-01-06 21:30:00,2.0,15.5,0.720049729646656,21.33024337332406,16.386523199953075,0.713333,0.8,0,0,1,0.0
2024-01-06 21:45:00,2.0,16.7,0.720049729646656,21.252627311637866,16.377510073298986,0.713333,0.8,0,0,1,0.0
2024-01-06 22:00:00,2.0,15.5,0.720049729646656,21.175915489759436,16.36758378375512,0.68,0.8,0,0,1,0.0
2024-01-06 22:15:00,1.0,20.3,0.720049729646656,21.100082544564906,16.35676204767692,0.68,0.8,0,0,1,0.0
2024-01-06 22:30:00,2.0,19.1,0.720049729646656,21.025119511254264,16.345154013100437,0.68,0.8,0,0,1,0.0
2024-01-06 22:45:00,2.0,15.5,0.720049729646656,20.951005048010515,16.33278463215981,0.68,0.8,0,0,1,0.0
2024-01-06 23:00:00,2.0,15.5,0.720049729646656,20.877758782496528,16.319923875798278,0.793333,0.8,0,0,1,0.0
2024-01-06 23:15:00,2.0,15.5,0.720049729646656,20.80536981881367,16.30662516484453,0.793333,0.8,0,0,1,0.0
2024-01-06 23:30:00,2.0,15.5,0.720049729646656,20.73377421208226,16.292627811591203,0.793333,0.8,0,0,1,0.0
2024-01-06 23:45:00,2.0,15.5,0.720049729646656,20.662952729013956,16.27795424927673,0.793333,0.8,0,0,1,0.0
2024-01-07 00:00:00,2.0,15.5,0.720049729646656,20.593031547572764,16.263508011642177,1.2,0.8,0,0,1,0.0
2024-01-07 00:15:00,2.0,15.5,0.720049729646656,20.52402576718907,16.249417454787356,1.2,0.8,0,0,1,0.0
2024-01-07 00:30:00,2.0,15.5,0.720049729646656,20.455758625712736,16.23468564079484,1.2,0.8,0,0,1,0.0
2024-01-07 00:45:00,2.0,15.5,0.720049729646656,20.388212331195817,16.21933329468851,1.2,0.8,0,0,1,0.0
2024-01-07 01:00:00,2.0,15.5,0.720049729646656,20.321417680305917,16.203673258609495,1.335,0.8,0,0,1,0.0
2024-01-07 01:15:00,2.0,15.5,0.720049729646656,20.255368903265403,16.187760672938783,1.335,0.8,0,0,1,0.0
2024-01-07 01:30:00,2.0,15.5,0.720049729646656,20.18999683787133,16.171276759644048,1.335,0.8,0,0,1,0.0
2024-01-07 01:45:00,2.0,15.5,0.720049729646656,20.12528538561504,16.1542402232612,1.335,0.8,0,0,1,0.0
2024-01-07 02:00:00,2.0,15.5,0.720049729646656,20.06136258341293,16.137543745590378,1.738333,0.8,0,0,1,0.0
2024-01-07 02:15:00,2.0,15.5,0.720049729646656,19.998246218975947,16.12131128347382,1.738333,0.8,0,0,1,0.0
2024-01-07 02:30:00,2.0,15.5,0.720049729646656,19.93576371234541,16.10455082004523,1.738333,0.0,0,1,0,0.0
2024-01-07 02:45:00,2.0,15.5,0.720049729646656,19.87390007366259,16.087279750293682,1.738333,0.0,0,0,0,0.0
2024-01-07 03:00:00,2.0,15.5,0.720049729646656,19.812718510986915,16.069988366483038,1.956667,0.0,0,0,0,0.0
2024-01-07 03:15:00,2.0,15.5,0.720049729646656,19.752222720784918,16.052750629210156,1.956667,0.0,0,0,0,0.0
2024-01-07 03:30:00,2.0,15.5,0.720049729646656,19.69231351308795,16.035036198888836,1.956667,0.0,0,0,0,0.0
2024-01-07 03:45:00,1.0,19.1,0.720049729646656,19.943956012076633,16.0174918038826,1.956667,0.0,0,0,0,0.0
2024-01-07 04:00:00,1.0,21.5,0.720049729646656,21.55036412584209,16.012685650644546,1.988333,0.0,0,0,0,0.0
2024-01-07 04:15:00,1.0,21.5,0.720049729646656,21.93760626904681,16.02346223390702,1.988333,0.0,0,0,0,0.0
2024-01-07 04:30:00,1.0,21.5,0.720049729646656,21.848394298311387,16.03452437345724,1.988333,0.0,0,0,0,0.0
2024-01-07 04:45:00,1.0,21.5,0.720049729646656,21.760502664825925,16.0442451234723,1.988333,0.0,0,0,0,0.0
2024-01-07 05:00:00,1.0,19.9,0.720049729646656,21.673856160642547,16.052415600620453,1.873333,0.7900000000000001,1,0,1,0.7200000000000001
2024-01-07 05:15:00,1.0,21.5,0.720049729646656,21.58841209505076,16.05904480701707,1.873333,0.8000000000000002,0,0,1,0.0
2024-01-07 05:30:00,1.0,21.5,0.720049729646656,21.50418310776196,16.064458675866096,1.873333,0.8000000000000002,0,0,1,0.0
2024-01-07 05:45:00,2.0,18.3,0.720049729646656,21.42113792806069,16.068694108180708,1.873333,0.8000000000000002,0,0,1,0.0
2024-01-07 06:00:00,1.0,19.5,0.720049729646656,21.338958782907145,16.070037933480325,1.066667,0.8000000000000002,0,0,1,0.0
2024-01-07 06:15:00,1.0,21.5,0.720049729646656,21.257550116340248,16.068312374034523,1.066667,0.8000000000000002,0,0,1,0.0
2024-01-07 06:30:00,1.0,21.5,0.720049729646656,21.17719877795508,16.06556960047609,1.066667,0.8000000000000002,0,0,1,0.0
2024-01-07 06:45:00,1.0,21.5,0.720049729646656,21.097878060280188,16.06184101714465,1.066667,0.8000000000000002,0,0,1,0.0
2024-01-07 07:00:00,1.0,21.5,0.720049729646656,21.071522593534542,16.05742581097405,1.176667,0.8000000000000002,0,0,1,0.0
2024-01-07 07:15:00,1.0,21.5,0.720049729646656,21.97466297675654,16.058601287328617,1.176667,0.8000000000000002,0,0,1,0.0
2024-01-07 07:30:00,1.0,21.5,0.720049729646656,22.013191666065822,16.067178696371805,1.176667,0.8000000000000002,0,0,1,0.0
2024-01-07 07:45:00,1.0,21.5,0.720049729646656,21.922927914354194,16.074687762903785,1.176667,0.8000000000000002,0,0,1,0.0
2024-01-07 08:00:00,1.0,21.5,0.720049729646656,21.834215095787687,16.081215650645042,1.32,0.8000000000000002,0,0,1,0.0
2024-01-07 08:15:00,3.0,21.5,0.720049729646656,21.74705786465991,16.086843190534484,1.32,0.8000000000000002,0,0,1,0.0
2024-01-07 08:30:00,1.0,21.5,0.720049729646656,21.66112591422237,16.09125087974759,1.32,0.8000000000000002,0,0,1,0.0
2024-01-07 08:45:00,1.0,21.5,0.720049729646656,21.576387782227147,16.094475829539448,1.32,0.8000000000000002,0,0,1,0.0
2024-01-07 09:00:00,1.0,21.5,0.720049729646656,21.493382842502548,16.095909791790277,1.021667,0.8000000000000002,0,0,1,0.0
2024-01-07 09:15:00,1.0,21.5,0.720049729646656,21.4121412004994,16.095521517937428,1.021667,0.8000000000000002,0,0,1,0.0
2024-01-07 09:30:00,1.0,21.5,0.720049729646656,21.33197136311637,16.09409477718329,1.021667,0.8000000000000002,0,0,1,0.0
2024-01-07 09:45:00,1.0,21.5,0.720049729646656,21.252846165789474,16.091661532034262,1.021667,0.8000000000000002,0,0,1,0.0
2024-01-07 10:00:00,1.0,21.5,0.720049729646656,21.17499433046545,16.088781067579358,1.265,0.0,0,1,0,0.0
2024-01-07 10:15:00,1.0,21.5,0.720049729646656,21.098431085295545,16.085550765609767,1.265,0.0,0,0,0,0.0
2024-01-07 10:30:00,1.0,21.5,0.720049729646656,21.048803379690145,16.081399456651905,1.265,0.0,0,0,0,0.0
2024-01-07 10:45:00,1.0,21.5,0.720049729646656,21.929403798641495,16.08179461909147,1.265,0.0,0,0,0,0.0
2024-01-07 11:00:00,1.0,21.5,0.720049729646656,22.02254705242071,16.091740143647904,1.9199999999999997,0.0,0,0,0,0.0
2024-01-07 11:15:00,1.0,21.5,0.720049729646656,21.934782255532298,16.10239447662195,1.9199999999999997,0.0,0,0,0,0.0
2024-01-07 11:30:00,1.0,21.5,0.720049729646656,21.848313527692497,16.11173317589946,1.9199999999999997,0.0,0,0,0,0.0
2024-01-07 11:45:00,1.0,21.5,0.720049729646656,21.763107273119594,16.11979593965279,1.9199999999999997,0.0,0,0,0,0.0
2024-01-07 12:00:00,1.0,21.5,0.720049729646656,21.679530213885467,16.128388842621963,2.735,0.0,0,0,0,0.0
2024-01-07 12:15:00,1.0,21.5,0.720049729646656,21.597630884481408,16.13776616093023,2.735,0.0,0,0,0,0.0
2024-01-07 12:30:00,1.0,21.5,0.720049729646656,21.516933954622242,16.145925658149455,2.735,0.0,0,0,0,0.0
2024-01-07 12:45:00,1.0,21.5,0.720049729646656,21.437408290621352,16.152904115627464,2.735,0.0,0,0,0,0.0
2024-01-07 13:00:00,1.0,21.5,0.720049729646656,21.359141011471852,16.159622517582218,3.143333,0.0,0,0,0,0.0
2024-01-07 13:15:00,1.0,21.5,0.720049729646656,21.282132617298178,16.166222697355035,3.143333,0.0,0,0,0,0.0
2024-01-07 13:30:00,1.0,21.5,0.720049729646656,21.206227145884593,16.171716581553923,3.143333,0.0,0,0,0,0.0
2024-01-07 13:45:00,1.0,21.5,0.720049729646656,21.131396173743493,16.176137720017092,3.143333,0.0,0,0,0,0.0
2024-01-07 14:00:00,3.0,21.5,0.720049729646656,21.057426765498167,16.179424115517143,3.1,0.0,0,0,0,0.0
2024-01-07 14:15:00,3.0,21.5,0.720049729646656,21.450435633099627,16.182830781051674,3.1,0.0,0,0,0,0.0
2024-01-07 14:30:00,1.0,21.5,0.720049729646656,22.067284409739617,16.195813988024792,3.1,0.0,0,0,0,0.0
2024-01-07 14:45:00,1.0,21.5,0.720049729646656,21.98094647133576,16.210688883980538,3.1,0.0,0,0,0,0.0
2024-01-07 15:00:00,1.0,21.5,0.720049729646656,21.894895857488088,16.221689599266924,1.946667,0.0,0,0,0,0.0
2024-01-07 15:15:00,1.0,21.5,0.720049729646656,21.80892476546235,16.228541719277494,1.946667,0.0,0,0,0,0.0
2024-01-07 15:30:00,1.0,21.5,0.720049729646656,21.72417851819042,16.234167820114237,1.946667,0.0,0,0,0,0.0
2024-01-07 15:45:00,3.0,21.5,0.720049729646656,21.640625582216003,16.238605115368664,1.946667,0.0,0,0,0,0.0
2024-01-07 16:00:00,1.0,21.5,0.720049729646656,21.558254537587615,16.242669908084455,2.306667,0.0,0,0,0,0.0
2024-01-07 16:15:00,1.0,21.5,0.720049729646656,21.47705146825912,16.246490221657236,2.306667,0.0,0,0,0,0.0
2024-01-07 16:30:00,1.0,21.5,0.720049729646656,21.396972217421983,16.249198916712782,2.306667,0.0,0,0,0,0.0
2024-01-07 16:45:00,1.0,21.5,0.720049729646656,21.31798801823633,16.25082990508394,2.306667,0.0,0,0,0,0.0
2024-01-07 17:00:00,1.0,21.5,0.720049729646656,21.240117814751354,16.25170161493438,2.438333,0.0,0,0,0,0.0
2024-01-07 17:15:00,1.0,21.5,0.720049729646656,21.163345200764162,16.25188076128179,2.438333,0.0,0,0,0,0.0
2024-01-07 17:30:00,1.0,21.5,0.720049729646656,21.087592247503746,16.251069010068377,2.438333,0.0,0,0,0,0.0
2024-01-07 17:45:00,1.0,21.5,0.720049729646656,21.099318891063167,16.249372076356636,2.438333,0.0,0,0,0,0.0
2024-01-07 18:00:00,1.0,21.5,0.720049729646656,22.01348228937103,16.252637071016366,1.905,0.0,0,0,0,0.0
2024-01-07 18:15:00,1.0,21.5,0.720049729646656,22.011627945618876,16.261246051810566,1.905,0.0,0,0,0,0.0
2024-01-07 18:30:00,1.0,21.5,0.720049729646656,21.924338322090957,16.26871336688773,1.905,0.0,0,0,0,0.0
2024-01-07 18:45:00,1.0,21.5,0.720049729646656,21.838298694993632,16.27492693289409,1.905,0.0,0,0,0,0.0
2024-01-07 19:00:00,1.0,21.5,0.720049729646656,21.753263099596108,16.27862384469966,1.305,0.0,0,0,0,0.0
2024-01-07 19:15:00,1.0,21.5,0.720049729646656,21.669151125731705,16.279682903507076,1.305,0.0,0,0,0,0.0
2024-01-07 19:30:00,1.0,21.5,0.720049729646656,21.586167058763596,16.27964123799216,1.305,0.0,0,0,0,0.0
2024-01-07 19:45:00,1.0,21.5,0.720049729646656,21.504282213634973,16.278532621947274,1.305,0.0,0,0,0,0.0
2024-01-07 20:00:00,1.0,21.5,0.720049729646656,21.423486519604207,16.2764982797102,1.355,0.0,0,0,0,0.0
2024-01-07 20:15:00,1.0,21.5,0.720049729646656,21.343756963888616,16.273583270467665,1.355,0.0,0,0,0,0.0
2024-01-07 20:30:00,1.0,21.5,0.720049729646656,21.265047639163843,16.269693465384634,1.355,0.0,0,0,0,0.0
2024-01-07 20:45:00,1.0,21.5,0.720049729646656,21.187332858985947,16.264859049209576,1.355,0.0,0,0,0,0.0
2024-01-07 21:00:00,1.0,21.5,0.720049729646656,21.110777655583377,16.26026572734169,1.888333,0.0,0,0,0,0.0
2024-01-07 21:15:00,1.0,21.5,0.720049729646656,21.035401399847004,16.25608256145107,1.888333,0.0,0,0,0,0.0
2024-01-07 21:30:00,1.0,21.5,0.720049729646656,21.73669114556949,16.2542588129668,1.888333,0.0,0,0,0,0.0
2024-01-07 21:45:00,1.0,21.5,0.720049729646656,22.0385680184585,16.26203320992033,1.888333,0.0,0,0,0,0.0
2024-01-07 22:00:00,1.0,21.5,0.720049729646656,21.951016299872546,16.270352397688796,2.163333,0.0,0,0,0,0.0
2024-01-07 22:15:00,2.0,15.9,0.720049729646656,21.86484301283326,16.278077470623565,2.163333,0.0,0,0,0,0.0
2024-01-07 22:30:00,2.0,17.9,0.720049729646656,21.779908144969188,16.28455864674576,2.163333,0.0,0,0,0,0.0
2024-01-07 22:45:00,2.0,15.5,0.720049729646656,21.696179759808803,16.289833627145036,2.163333,0.0,0,0,0,0.0
2024-01-07 23:00:00,2.0,15.5,0.720049729646656,21.613359624803763,16.292312882788075,1.413333,0.0,0,0,0,0.0
2024-01-07 23:15:00,2.0,15.5,0.720049729646656,21.531356192371497,16.291834326928043,1.413333,0.0,0,0,0,0.0
2024-01-07 23:30:00,2.0,15.5,0.720049729646656,21.450433533385834,16.290309082794,1.413333,0.0,0,0,0,0.0
2024-01-07 23:45:00,2.0,15.5,0.720049729646656,21.370564261817503,16.287769372155356,1.413333,0.0,0,0,0,0.0
2024-01-08 00:00:00,2.0,15.5,0.720049729646656,21.291362534934372,16.28206022021462,0.405,0.0,0,0,0,0.0
2024-01-08 00:15:00,2.0,15.5,0.720049729646656,21.21271996214149,16.27294627682791,0.405,0.0,0,0,0,0.0
2024-01-08 00:30:00,2.0,15.5,0.720049729646656,21.13500584968642,16.262980000644827,0.405,0.0,0,0,0,0.0
2024-01-08 00:45:00,2.0,15.5,0.720049729646656,21.05819725570437,16.252188252651404,0.405,0.0,0,0,0,0.0
2024-01-08 01:00:00,2.0,15.5,0.720049729646656,20.98225703360479,16.2405067856938,0.363333,0.0,0,0,0,0.0
2024-01-08 01:15:00,2.0,15.5,0.720049729646656,20.90716009238424,16.227949969794885,0.363333,0.0,0,0,0,0.0
2024-01-08 01:30:00,2.0,15.5,0.720049729646656,20.832901654622603,16.214646687797423,0.363333,0.0,0,0,0,0.0
2024-01-08 01:45:00,2.0,15.5,0.720049729646656,20.759461291867506,16.20062079068781,0.363333,0.0,0,0,0,0.0
2024-01-08 02:00:00,2.0,15.5,0.720049729646656,20.68689276982797,16.186343547240735,0.57,0.0,0,0,0,0.0
2024-01-08 02:15:00,2.0,15.5,0.720049729646656,20.615193692642357,16.171891938256497,0.57,0.0,0,0,0,0.0
2024-01-08 02:30:00,2.0,15.5,0.720049729646656,20.544264441041726,16.156770738169836,0.57,0.0,0,0,0,0.0
2024-01-08 02:45:00,2.0,15.5,0.720049729646656,20.474086456157842,16.14100156908325,0.57,0.0,0,0,0,0.0
2024-01-08 03:00:00,2.0,15.5,0.720049729646656,20.404742039673774,16.12521614989377,0.8516670000000001,0.0,0,0,0,0.0
2024-01-08 03:15:00,2.0,15.5,0.720049729646656,20.336236698950977,16.109509124532632,0.8516670000000001,0.0,0,0,0,0.0
2024-01-08 03:30:00,2.0,15.5,0.720049729646656,20.268443190836106,16.09319556801342,0.8516670000000001,0.0,0,0,0,0.0
2024-01-08 03:45:00,2.0,15.5,0.720049729646656,20.201344512026015,16.07629525278305,0.8516670000000001,0.0,0,0,0,0.0
2024-01-08 04:00:00,1.0,15.9,0.720049729646656,20.13499122554066,16.059235732506618,1.04,0.0,0,0,0,0.0
2024-01-08 04:15:00,1.0,21.5,0.720049729646656,21.103830113437425,16.046275683527817,1.04,0.0,0,0,0,0.0
2024-01-08 04:30:00,2.0,19.9,0.720049729646656,22.05538136643145,16.050169768821483,1.04,0.0,0,0,0,0.0
2024-01-08 04:45:00,2.0,16.7,0.720049729646656,21.964209797994215,16.057885883715063,1.04,0.0,0,0,0,0.0
2024-01-08 05:00:00,2.0,15.5,0.720049729646656,21.874131993170295,16.063011090401332,0.448333,0.0,0,0,0,0.0
2024-01-08 05:15:00,2.0,15.5,0.720049729646656,21.78506592165099,16.065429118284573,0.448333,0.0,0,0,0,0.0
2024-01-08 05:30:00,2.0,19.1,0.720049729646656,21.697210371480203,16.06665890083947,0.448333,0.0,0,0,0,0.0
2024-01-08 05:45:00,2.0,16.7,0.720049729646656,21.61053447045628,16.06673680635057,0.448333,0.0,0,0,0,0.0
2024-01-08 06:00:00,2.0,15.5,0.720049729646656,21.525044428588096,16.06591860514803,0.55,0.0,0,0,0,0.0
2024-01-08 06:15:00,1.0,17.1,0.720049729646656,21.440719394922613,16.06426542372466,0.55,0.0,0,0,0,0.0
2024-01-08 06:30:00,1.0,21.5,0.720049729646656,21.35749124174565,16.061556239401583,0.55,0.0,0,0,0,0.0
2024-01-08 06:45:00,1.0,21.5,0.720049729646656,21.275332253319544,16.05782364418336,0.55,0.0,0,0,0,0.0
2024-01-08 07:00:00,1.0,21.5,0.720049729646656,21.194268533533215,16.053334246491307,0.658333,0.0,0,0,0,0.0
2024-01-08 07:15:00,1.0,21.5,0.720049729646656,21.11428455834321,16.048147627796784,0.658333,0.0,0,0,0,0.0
2024-01-08 07:30:00,1.0,21.5,0.720049729646656,21.035295835122266,16.04202269175859,0.658333,0.0,0,0,0,0.0
2024-01-08 07:45:00,2.0,17.1,0.720049729646656,21.51690031635406,16.037941176685315,0.658333,0.0,0,0,0,0.0
2024-01-08 08:00:00,2.0,15.5,0.720049729646656,21.518527100996973,16.038248746682267,0.706667,0.0,0,0,0,0.0
2024-01-08 08:15:00,2.0,15.5,0.720049729646656,21.435151044440587,16.037728416904045,0.706667,0.0,0,0,0,0.0
2024-01-08 08:30:00,1.0,19.9,0.720049729646656,21.352873430600326,16.036144469579778,0.706667,0.0,0,0,0,0.0
2024-01-08 08:45:00,1.0,21.5,0.720049729646656,21.271666428000994,16.033529650065784,0.706667,0.7250000000000001,1,0,1,0.665
2024-01-08 09:00:00,1.0,21.5,0.720049729646656,21.192088618681495,16.029748236189995,0.628333,0.8000000000000002,0,0,1,0.0
2024-01-08 09:15:00,1.0,21.5,0.720049729646656,21.114183728808975,16.024821696161478,0.628333,0.8000000000000002,0,0,1,0.0
2024-01-08 09:30:00,3.0,21.5,0.720049729646656,21.037249783838266,16.01897903723825,0.628333,0.8000000000000002,0,0,1,0.0
2024-01-08 09:45:00,1.0,21.5,0.720049729646656,21.736981772303135,16.01550479455459,0.628333,0.0,0,1,0,0.0
2024-01-08 10:00:00,1.0,21.5,0.720049729646656,22.037558136566133,16.02166378637447,0.64,0.0,0,0,0,0.0
2024-01-08 10:15:00,1.0,21.5,0.720049729646656,21.948897777255056,16.027813941958907,0.64,0.0,0,0,0,0.0
2024-01-08 10:30:00,1.0,21.5,0.720049729646656,21.861489141236515,16.03271576202088,0.64,0.0,0,0,0,0.0
2024-01-08 10:45:00,1.0,21.5,0.720049729646656,21.775300060329826,16.03640719649679,0.64,0.0,0,0,0,0.0
2024-01-08 11:00:00,1.0,21.5,0.720049729646656,21.690055731613235,16.039476753521285,0.895,0.0,0,0,0,0.0
2024-01-08 11:15:00,1.0,21.5,0.720049729646656,21.60570497164771,16.042021360819316,0.895,0.0,0,0,0,0.0
2024-01-08 11:30:00,1.0,21.5,0.720049729646656,21.52250382338797,16.043436175297128,0.895,0.0,0,0,0,0.0
2024-01-08 11:45:00,1.0,21.5,0.720049729646656,21.440422951347525,16.043755758685155,0.895,0.7300000000000001,1,0,1,0.675
2024-01-08 12:00:00,1.0,21.5,0.720049729646656,21.3597279808434,16.0436865275356,1.2050000000000003,0.8000000000000002,0,0,1,0.0
2024-01-08 12:15:00,1.0,21.5,0.720049729646656,21.2804394466624,16.043346168205943,1.2050000000000003,0.8000000000000002,0,0,1,0.0
2024-01-08 12:30:00,1.0,21.5,0.720049729646656,21.202197431640784,16.04199163233968,1.2050000000000003,0.8000000000000002,0,0,1,0.0
2024-01-08 12:45:00,1.0,21.5,0.720049729646656,21.12497540946339,16.03965413205084,1.2050000000000003,0.8000000000000002,0,0,1,0.0
2024-01-08 13:00:00,1.0,21.5,0.720049729646656,21.04860219328513,16.037121850225255,1.555,0.8000000000000002,0,0,1,0.0
2024-01-08 13:15:00,1.0,21.5,0.720049729646656,21.594129152004108,16.03662485959857,1.555,0.8000000000000002,0,0,1,0.0
2024-01-08 13:30:00,1.0,21.5,0.720049729646656,22.05159973198649,16.045984174956757,1.555,0.8000000000000002,0,0,1,0.0
2024-01-08 13:45:00,1.0,21.5,0.720049729646656,21.962863685375705,16.056123451303407,1.555,0.8000000000000002,0,0,1,0.0
2024-01-08 14:00:00,1.0,21.5,0.720049729646656,21.875104395110544,16.06515185042011,1.651667,0.8000000000000002,0,0,1,0.0
2024-01-08 14:15:00,1.0,21.5,0.720049729646656,21.788251174232176,16.073128114503426,1.651667,0.8000000000000002,0,0,1,0.0
2024-01-08 14:30:00,1.0,21.5,0.720049729646656,21.7026485182932,16.079847337988177,1.651667,0.8000000000000002,0,0,1,0.0
2024-01-08 14:45:00,1.0,21.5,0.720049729646656,21.61826416582071,16.085347608241204,1.651667,0.8000000000000002,0,0,1,0.0
2024-01-08 15:00:00,1.0,21.5,0.720049729646656,21.53467275909348,16.090560088517467,2.065,0.8000000000000002,0,0,1,0.0
2024-01-08 15:15:00,1.0,21.5,0.720049729646656,21.451810211934397,16.09561979043451,2.065,0.8000000000000002,0,0,1,0.0
2024-01-08 15:30:00,1.0,21.5,0.720049729646656,21.370108943527452,16.099524834265917,2.065,0.8000000000000002,0,0,1,0.0
2024-01-08 15:45:00,1.0,21.5,0.720049729646656,21.289539153439645,16.102310366979314,2.065,0.0,0,1,0,0.0
2024-01-08 16:00:00,1.0,21.5,0.720049729646656,21.210166281068652,16.10490653208986,2.478333,0.0,0,0,0,0.0
2024-01-08 16:15:00,1.0,21.5,0.720049729646656,21.131989409800266,16.10745448450041,2.478333,0.8,1,0,1,0.7100000000000001
2024-01-08 16:30:00,1.0,21.5,0.720049729646656,21.05488037286127,16.108952019299693,2.478333,0.8,0,0,1,0.0
2024-01-08 16:45:00,1.0,21.5,0.720049729646656,21.522471240767278,16.111073356176597,2.478333,0.8,0,0,1,0.0
2024-01-08 17:00:00,1.0,21.5,0.720049729646656,22.05805975225442,16.123822963737222,2.883333,0.8,0,0,1,0.0
2024-01-08 17:15:00,1.0,21.5,0.720049729646656,21.969194963672884,16.13882546268965,2.883333,0.8,0,0,1,0.0
2024-01-08 17:30:00,1.0,21.5,0.720049729646656,21.881695088776464,16.15242208492365,2.883333,0.8,0,0,1,0.0
2024-01-08 17:45:00,1.0,21.5,0.720049729646656,21.79552449315035,16.16465499357394,2.883333,0.8,0,0,1,0.0
2024-01-08 18:00:00,1.0,21.5,0.720049729646656,21.71071682280433,16.175980730280607,3.075,0.8,0,0,1,0.0
2024-01-08 18:15:00,1.0,21.5,0.720049729646656,21.627254096425293,16.186489616834475,3.075,0.8,0,0,1,0.0
2024-01-08 18:30:00,1.0,21.5,0.720049729646656,21.545028610902552,16.19574076570552,3.075,0.8,0,0,1,0.0
2024-01-08 18:45:00,1.0,21.5,0.720049729646656,21.46400827263995,16.20377210503044,3.075,0.8,0,0,1,0.0
2024-01-08 19:00:00,1.0,21.5,0.720049729646656,21.384268762655967,16.211270950097465,3.375,0.8,0,0,1,0.0
2024-01-08 19:15:00,1.0,21.5,0.720049729646656,21.30580430873732,16.218352176879623,3.375,0.8,0,0,1,0.0
2024-01-08 19:30:00,1.0,21.5,0.720049729646656,21.228468077613353,16.224299956256473,3.375,0.8,0,0,1,0.0
2024-01-08 19:45:00,1.0,21.5,0.720049729646656,21.152230971642137,16.22914863872016,3.375,0.8,0,0,1,0.0
2024-01-08 20:00:00,3.0,21.5,0.720049729646656,21.077128239193705,16.233318263140372,3.553333,0.8,0,0,1,0.0
2024-01-08 20:15:00,1.0,21.5,0.720049729646656,21.184659159469625,16.237151382115247,3.553333,0.8,0,0,1,0.0
2024-01-08 20:30:00,1.0,21.5,0.720049729646656,22.06347575550625,16.24852524919432,3.553333,0.8,0,0,1,0.0
2024-01-08 20:45:00,1.0,21.5,0.720049729646656,22.002267802245534,16.26482439264754,3.553333,0.8,0,0,1,0.0
2024-01-08 21:00:00,1.0,21.5,0.720049729646656,21.916555363369103,16.280573504672894,3.935,0.8,0,0,1,0.0
2024-01-08 21:15:00,1.0,21.5,0.720049729646656,21.832334056169014,16.295885095871846,3.935,0.8,0,0,1,0.0
2024-01-08 21:30:00,1.0,21.5,0.720049729646656,21.74941998277854,16.309845144816617,3.935,0.8,0,0,1,0.0
2024-01-08 21:45:00,2.0,15.9,0.720049729646656,21.667778951300708,16.32249412170569,3.935,0.8,0,0,1,0.0
2024-01-08 22:00:00,2.0,15.5,0.720049729646656,21.587453728597737,16.334333899922903,4.148333,0.8,0,0,1,0.0
2024-01-08 22:15:00,2.0,20.3,0.720049729646656,21.508429469473732,16.34545891381865,4.148333,0.8,0,0,1,0.0
2024-01-08 22:30:00,2.0,15.5,0.720049729646656,21.430591320204417,16.355372513827465,4.148333,0.8,0,0,1,0.0
2024-01-08 22:45:00,2.0,15.5,0.720049729646656,21.353908442946167,16.3641111595903,4.148333,0.8,0,0,1,0.0
2024-01-08 23:00:00,2.0,15.5,0.720049729646656,21.278466052310986,16.372411332827806,4.471667,0.8,0,0,1,0.0
2024-01-08 23:15:00,2.0,15.5,0.720049729646656,21.204261472335507,16.380392673663845,4.471667,0.8,0,0,1,0.0
2024-01-08 23:30:00,2.0,15.5,0.720049729646656,21.13113989523247,16.387279623488073,4.471667,0.8,0,0,1,0.0
2024-01-08 23:45:00,2.0,15.5,0.720049729646656,21.059073310075757,16.39310526752475,4.471667,0.8,0,0,1,0.0
2024-01-09 00:00:00,2.0,15.5,0.720049729646656,20.988172241039656,16.398740125742297,4.858333,0.8,0,0,1,0.0
2024-01-09 00:15:00,2.0,15.5,0.720049729646656,20.9184418647043,16.404317344352247,4.858333,0.8,0,0,1,0.0
2024-01-09 00:30:00,2.0,15.5,0.720049729646656,20.849705192579766,16.408899808189428,4.858333,0.8,0,0,1,0.0
2024-01-09 00:45:00,2.0,15.5,0.720049729646656,20.781936640670423,16.412517709976658,4.858333,0.8,0,0,1,0.0
2024-01-09 01:00:00,2.0,15.5,0.720049729646656,20.71525502984557,16.416074898791358,5.261667,0.8,0,0,1,0.0
2024-01-09 01:15:00,2.0,15.5,0.720049729646656,20.649669192980067,16.41970618288635,5.261667,0.8,0,0,1,0.0
2024-01-09 01:30:00,2.0,15.5,0.720049729646656,20.584997848907857,16.422430088936707,5.261667,0.8,0,0,1,0.0
2024-01-09 01:45:00,2.0,15.5,0.720049729646656,20.521217553878977,16.42427426148154,5.261667,0.8,0,0,1,0.0
2024-01-09 02:00:00,2.0,15.5,0.720049729646656,20.457853671902544,16.42251554185977,3.993333,0.8,0,0,1,0.0
2024-01-09 02:15:00,2.0,15.5,0.720049729646656,20.394780262799355,16.416845732427486,3.993333,0.8,0,0,1,0.0
2024-01-09 02:30:00,2.0,17.9,0.720049729646656,20.926902534442988,16.41323923944337,3.993333,0.8,0,0,1,0.0
2024-01-09 02:45:00,2.0,15.5,0.720049729646656,21.037294923876335,16.415694577064343,3.993333,0.8,0,0,1,0.0
2024-01-09 03:00:00,2.0,15.5,0.720049729646656,20.966283402182807,16.416540458431623,3.505,0.8,0,0,1,0.0
2024-01-09 03:15:00,2.0,15.5,0.720049729646656,20.89602049164444,16.41525408792783,3.505,0.0,0,1,0,0.0
2024-01-09 03:30:00,2.0,15.5,0.720049729646656,20.826672682035387,16.41308621994367,3.505,0.0,0,0,0,0.0
2024-01-09 03:45:00,2.0,15.5,0.720049729646656,20.758216844547405,16.410064053947384,3.505,0.0,0,0,0,0.0
2024-01-09 04:00:00,2.0,15.5,0.720049729646656,20.690783091314522,16.407142732878473,3.933333,0.0,0,0,0,0.0
2024-01-09 04:15:00,1.0,17.1,0.720049729646656,20.831480593717746,16.405098436135496,3.933333,0.0,0,0,0,0.0
2024-01-09 04:30:00,2.0,18.7,0.720049729646656,21.79614540103795,16.40990397644299,3.933333,0.0,0,0,0,0.0
2024-01-09 04:45:00,2.0,17.9,0.720049729646656,22.023539642220943,16.42452357685584,3.933333,0.0,0,0,0,0.0
2024-01-09 05:00:00,2.0,15.5,0.720049729646656,21.939693431254785,16.438670414559798,3.926667,0.0,0,0,0,0.0
2024-01-09 05:15:00,1.0,17.1,0.720049729646656,21.85713217515286,16.45147448592673,3.926667,0.0,0,0,0,0.0
2024-01-09 05:30:00,1.0,19.1,0.720049729646656,21.775824858154373,16.462992253566007,3.926667,0.0,0,0,0,0.0
2024-01-09 05:45:00,2.0,19.9,0.720049729646656,21.69573880885355,16.473262360344915,3.926667,0.0,0,0,0,0.0
2024-01-09 06:00:00,1.0,19.5,0.720049729646656,21.616858302491305,16.482419922118208,3.9716670000000005,0.0,0,0,0,0.0
2024-01-09 06:15:00,1.0,21.5,0.720049729646656,21.53915615476502,16.490513280162954,3.9716670000000005,0.0,0,0,0,0.0
2024-01-09 06:30:00,1.0,21.5,0.720049729646656,21.46258475926286,16.497465286971373,3.9716670000000005,0.0,0,0,0,0.0
2024-01-09 06:45:00,1.0,21.5,0.720049729646656,21.38711488617838,16.50331046389201,3.9716670000000005,0.0,0,0,0,0.0
2024-01-09 07:00:00,1.0,21.5,0.720049729646656,21.312537219558237,16.50689350172107,3.423333,0.0,0,0,0,0.0
2024-01-09 07:15:00,1.0,20.3,0.720049729646656,21.2387810711772,16.50810272900908,3.423333,0.0,0,0,0,0.0
2024-01-09 07:30:00,1.0,21.5,0.720049729646656,21.166017463847083,16.50834184299164,3.423333,0.0,0,0,0,0.0
2024-01-09 07:45:00,1.0,21.5,0.720049729646656,21.094221136523505,16.507640590214532,3.423333,0.0,0,0,0,0.0
2024-01-09 08:00:00,1.0,21.5,0.720049729646656,21.03238255476915,16.505025237790395,2.96,0.0,0,0,0,0.0
2024-01-09 08:15:00,1.0,21.5,0.720049729646656,21.87596269002655,16.505076218014608,2.96,0.0,0,0,0,0.0
2024-01-09 08:30:00,1.0,21.5,0.720049729646656,22.035280214324818,16.51392820971249,2.96,0.0,0,0,0,0.0
2024-01-09 08:45:00,1.0,21.5,0.720049729646656,21.952795763884282,16.522173219866104,2.96,0.0,0,0,0,0.0
2024-01-09 09:00:00,2.0,21.1,0.720049729646656,21.872007112670577,16.52897260766303,2.848333,0.0,0,0,0,0.0
2024-01-09 09:15:00,1.0,18.3,0.720049729646656,21.792941444855742,16.534343279439124,2.848333,0.0,0,0,0,0.0
2024-01-09 09:30:00,1.0,21.5,0.720049729646656,21.714990618898543,16.538602702287044,2.848333,0.5850000000000001,1,0,1,0.78
2024-01-09 09:45:00,1.0,21.5,0.720049729646656,21.6381259915341,16.541784666077966,2.848333,0.6600000000000001,0,0,1,0.0
2024-01-09 10:00:00,1.0,21.5,0.720049729646656,21.562259921146506,16.544282921972297,3.015,0.7350000000000002,0,0,1,0.0
2024-01-09 10:15:00,1.0,21.5,0.720049729646656,21.48736413627938,16.54617111903931,3.015,0.8000000000000003,0,0,1,0.0
2024-01-09 10:30:00,1.0,21.5,0.720049729646656,21.413484469280387,16.547062658560172,3.015,0.8000000000000003,0,0,1,0.0
2024-01-09 10:45:00,1.0,21.5,0.720049729646656,21.340595015370674,16.54698805493105,3.015,0.0,0,1,0,0.0
2024-01-09 11:00:00,1.0,21.5,0.720049729646656,21.269243677411,16.546853082501492,3.418333,0.0,0,0,0,0.0
2024-01-09 11:15:00,1.0,21.5,0.720049729646656,21.19949247741429,16.54680069377628,3.418333,0.0,0,0,0,0.0
2024-01-09 11:30:00,1.0,21.5,0.720049729646656,21.13066499757524,16.545851797297644,3.418333,0.0,0,0,0,0.0
2024-01-09 11:45:00,1.0,21.5,0.720049729646656,21.06273780752485,16.544033966100795,3.418333,0.0,0,0,0,0.0
2024-01-09 12:00:00,1.0,21.5,0.720049729646656,21.238110531048665,16.54268137335149,3.826667,0.745,1,0,1,0.52
2024-01-09 12:15:00,1.0,21.5,0.720049729646656,22.08059497786572,16.550728271325397,3.826667,0.8,0,0,1,0.0
2024-01-09 12:30:00,1.0,21.5,0.720049729646656,22.009715216685088,16.563047311046994,3.826667,0.8,0,0,1,0.0
2024-01-09 12:45:00,1.0,21.5,0.720049729646656,21.93137937880926,16.574134774237038,3.826667,0.8,0,0,1,0.0
2024-01-09 13:00:00,3.0,21.5,0.720049729646656,21.85425411889649,16.58532781164773,4.429999999999999,0.8,0,0,1,0.0
2024-01-09 13:15:00,3.0,21.5,0.720049729646656,21.778335682645558,16.596818309499852,4.429999999999999,0.8,0,0,1,0.0
2024-01-09 13:30:00,1.0,21.5,0.720049729646656,21.70356675790351,16.607130957468794,4.429999999999999,0.8,0,0,1,0.0
2024-01-09 13:45:00,1.0,21.5,0.720049729646656,21.629917410738084,16.6163011569672,4.429999999999999,0.8,0,0,1,0.0
2024-01-09 14:00:00,3.0,21.5,0.720049729646656,21.55876795883619,16.624780313178153,4.62,0.8,0,0,1,0.0
2024-01-09 14:15:00,1.0,21.5,0.720049729646656,21.490272820730848,16.63267642877377,4.62,0.8,0,0,1,0.0
2024-01-09 14:30:00,1.0,21.5,0.720049729646656,21.42278395778031,16.639553102887433,4.62,0.8,0,0,1,0.0
2024-01-09 14:45:00,1.0,21.5,0.720049729646656,21.356275311292034,16.645441121984142,4.62,0.8,0,0,1,0.0
2024-01-09 15:00:00,1.0,21.5,0.720049729646656,21.288812999628423,16.650337937014882,4.608333,0.8,0,0,1,0.0
2024-01-09 15:15:00,1.0,21.5,0.720049729646656,21.220134199640704,16.65423475586801,4.608333,0.8,0,0,1,0.0
2024-01-09 15:30:00,1.0,21.5,0.720049729646656,21.152414195764745,16.65717975565741,4.608333,0.8,0,0,1,0.0
2024-01-09 15:45:00,1.0,21.5,0.720049729646656,21.085628402479458,16.659201928624906,4.608333,0.8,0,0,1,0.0
2024-01-09 16:00:00,1.0,21.5,0.720049729646656,21.044462750031173,16.65866377699242,3.838333,0.8,0,0,1,0.0
2024-01-09 16:15:00,1.0,21.5,0.720049729646656,21.932026362999757,16.660810570182797,3.838333,0.8,0,0,1,0.0
2024-01-09 16:30:00,1.0,21.5,0.720049729646656,22.032068544630327,16.671147383747847,3.838333,0.8,0,0,1,0.0
2024-01-09 16:45:00,1.0,21.5,0.720049729646656,21.951116315200903,16.680662462875585,3.838333,0.8,0,0,1,0.0
2024-01-09 17:00:00,1.0,21.5,0.720049729646656,21.87108668213674,16.687332495100886,3.083333,0.0,0,1,0,0.0
2024-01-09 17:15:00,1.0,21.5,0.720049729646656,21.79188699470944,16.69099495672625,3.083333,0.0,0,0,0,0.0
2024-01-09 17:30:00,1.0,21.5,0.720049729646656,21.71378260600067,16.693574337826025,3.083333,0.0,0,0,0,0.0
2024-01-09 17:45:00,1.0,21.5,0.720049729646656,21.636745483294206,16.695103683896704,3.083333,0.78,1,0,1,0.74
2024-01-09 18:00:00,1.0,21.5,0.720049729646656,21.560464563050687,16.69388776019713,2.286667,0.8,0,0,1,0.0
2024-01-09 18:15:00,1.0,21.5,0.720049729646656,21.48484816612906,16.689747784349162,2.286667,0.8,0,0,1,0.0
2024-01-09 18:30:00,1.0,21.5,0.720049729646656,21.410182202653413,16.684707369112655,2.286667,0.8,0,0,1,0.0
2024-01-09 18:45:00,1.0,21.5,0.720049729646656,21.336442839169763,16.678794500019517,2.286667,0.8,0,0,1,0.0
2024-01-09 19:00:00,1.0,21.5,0.720049729646656,21.263729220799934,16.672780785177004,2.63,0.8,0,0,1,0.0
2024-01-09 19:15:00,1.0,21.5,0.720049729646656,21.192046920948496,16.66678313181242,2.63,0.8,0,0,1,0.0
2024-01-09 19:30:00,1.0,21.5,0.720049729646656,21.121239733488803,16.65996816377119,2.63,0.8,0,0,1,0.0
2024-01-09 19:45:00,1.0,21.5,0.720049729646656,21.051285860588646,16.652361442863143,2.63,0.8,0,0,1,0.0
2024-01-09 20:00:00,1.0,21.5,0.720049729646656,21.44828488733828,16.644936574273416,2.496667,0.8,0,0,1,0.0
2024-01-09 20:15:00,1.0,21.5,0.720049729646656,22.068880328797295,16.647000445948386,2.496667,0.8,0,0,1,0.0
2024-01-09 20:30:00,1.0,21.5,0.720049729646656,21.986103124551686,16.651195293675734,2.496667,0.8,0,0,1,0.0
2024-01-09 20:45:00,2.0,21.1,0.720049729646656,21.90447527428877,16.65425171580444,2.496667,0.8,0,0,1,0.0
2024-01-09 21:00:00,1.0,19.5,0.720049729646656,21.8237215235441,16.65470835509794,1.806667,0.8,0,0,1,0.0
2024-01-09 21:15:00,2.0,21.1,0.720049729646656,21.743756792289485,16.652417072229206,1.806667,0.8,0,0,1,0.0
2024-01-09 21:30:00,2.0,15.5,0.720049729646656,21.66482319306088,16.64913705287456,1.806667,0.8,0,0,1,0.0
2024-01-09 21:45:00,1.0,17.1,0.720049729646656,21.586894720963475,16.644898865989454,1.806667,0.8,0,0,1,0.0
2024-01-09 22:00:00,1.0,21.5,0.720049729646656,21.509729376359928,16.63841321354231,1.198333,0.8,0,0,1,0.0
2024-01-09 22:15:00,2.0,16.3,0.720049729646656,21.433252805440087,16.62954861199676,1.198333,0.8,0,0,1,0.0
2024-01-09 22:30:00,2.0,15.5,0.720049729646656,21.357679101933496,16.61985518226752,1.198333,0.8,0,0,1,0.0
2024-01-09 22:45:00,2.0,15.5,0.720049729646656,21.28298595649229,16.609359044742593,1.198333,0.8,0,0,1,0.0
2024-01-09 23:00:00,2.0,15.5,0.720049729646656,21.20900146158826,16.597171314134165,0.776667,0.8,0,0,1,0.0
2024-01-09 23:15:00,2.0,15.5,0.720049729646656,21.13567002819162,16.5832055054948,0.776667,0.8,0,0,1,0.0
2024-01-09 23:30:00,2.0,15.5,0.720049729646656,21.06313611609766,16.5685406024965,0.776667,0.8,0,0,1,0.0
2024-01-09 23:45:00,1.0,17.1,0.720049729646656,21.043287374263137,16.553229217843477,0.776667,0.8,0,0,1,0.0
2024-01-10 00:00:00,1.0,21.5,0.720049729646656,21.95256220193904,16.542976783332538,0.53,0.8,0,0,1,0.0
2024-01-10 00:15:00,1.0,21.5,0.720049729646656,21.996898863219723,16.539797120894132,0.53,0.8,0,0,1,0.0
2024-01-10 00:30:00,2.0,21.1,0.720049729646656,21.912219380135284,16.535829583865695,0.53,0.8,0,0,1,0.0
2024-01-10 00:45:00,2.0,15.5,0.720049729646656,21.82861259066792,16.530841983474552,0.53,0.8,0,0,1,0.0
2024-01-10 01:00:00,2.0,15.5,0.720049729646656,21.74596723479961,16.524352827233244,0.293333,0.8,0,0,1,0.0
2024-01-10 01:15:00,2.0,15.5,0.720049729646656,21.664237751254255,16.51633048835202,0.293333,0.8,0,0,1,0.0
2024-01-10 01:30:00,2.0,15.5,0.720049729646656,21.58349126087641,16.507396997773153,0.293333,0.8,0,0,1,0.0
2024-01-10 01:45:00,2.0,15.5,0.720049729646656,21.503703365021742,16.49758094740387,0.293333,0.8,0,0,1,0.0
2024-01-10 02:00:00,2.0,15.5,0.720049729646656,21.42496969002246,16.487636466127835,0.628333,0.8,0,0,1,0.0
2024-01-10 02:15:00,2.0,15.5,0.720049729646656,21.347294591886282,16.477678835967513,0.628333,0.8,0,0,1,0.0
2024-01-10 02:30:00,2.0,15.5,0.720049729646656,21.270524603094216,16.4668960846577,0.628333,0.8,0,0,1,0.0
2024-01-10 02:45:00,2.0,15.5,0.720049729646656,21.194637430852804,16.45531429656028,0.628333,0.8,0,0,1,0.0
2024-01-10 03:00:00,2.0,15.5,0.720049729646656,21.119654747595398,16.443222612681648,0.75,0.8,0,0,1,0.0
2024-01-10 03:15:00,2.0,15.5,0.720049729646656,21.045565441141107,16.430677719470065,0.75,0.8,0,0,1,0.0
2024-01-10 03:30:00,2.0,15.5,0.720049729646656,20.97230143332116,16.41739911582928,0.75,0.8,0,0,1,0.0
2024-01-10 03:45:00,2.0,16.7,0.720049729646656,21.23563150608496,16.40516707211509,0.75,0.8,0,0,1,0.0
2024-01-10 04:00:00,2.0,15.5,0.720049729646656,21.210770581235177,16.39485852761502,0.511667,0.8,0,0,1,0.0
2024-01-10 04:15:00,1.0,17.1,0.720049729646656,21.134686169022018,16.38322800112496,0.511667,0.8,0,0,1,0.0
2024-01-10 04:30:00,1.0,19.5,0.720049729646656,21.059464907179652,16.370822094115713,0.511667,0.8,0,0,1,0.0
2024-01-10 04:45:00,2.0,15.9,0.720049729646656,20.985085679758946,16.35766548066879,0.511667,0.8,0,0,1,0.0
2024-01-10 05:00:00,2.0,15.5,0.720049729646656,20.911462051765177,16.343381012065837,0.326667,0.8,0,0,1,0.0
2024-01-10 05:15:00,2.0,15.5,0.720049729646656,20.838558927463826,16.327943215064344,0.326667,0.8,0,0,1,0.0
2024-01-10 05:30:00,2.0,16.7,0.720049729646656,20.921887767480005,16.31218311516973,0.326667,0.8,0,0,1,0.0
2024-01-10 05:45:00,1.0,18.7,0.720049729646656,21.08011271356217,16.29943168108901,0.326667,0.8,0,0,1,0.0
2024-01-10 06:00:00,1.0,21.5,0.720049729646656,21.185888350723584,16.286892418103566,0.186667,0.8,0,0,1,0.0
2024-01-10 06:15:00,2.0,19.5,0.720049729646656,22.062710386444937,16.281812707333042,0.186667,0.8,0,0,1,0.0
2024-01-10 06:30:00,2.0,17.9,0.720049729646656,21.99932895766024,16.281920539052507,0.186667,0.8,0,0,1,0.0
2024-01-10 06:45:00,2.0,15.5,0.720049729646656,21.911133802254263,16.280906178801455,0.186667,0.8,0,0,1,0.0
2024-01-10 07:00:00,1.0,18.7,0.720049729646656,21.824020936799016,16.278149776033448,-0.10167,0.8,0,0,1,0.0
2024-01-10 07:15:00,1.0,21.5,0.720049729646656,21.73794110075047,16.273610282726633,-0.10167,0.0,0,1,0,0.0
2024-01-10 07:30:00,1.0,21.1,0.720049729646656,21.652945378150473,16.268042717914465,-0.10167,0.0,0,0,0,0.0
2024-01-10 07:45:00,1.0,21.5,0.720049729646656,21.569006571052164,16.261479020556177,-0.10167,0.0,0,0,0,0.0
2024-01-10 08:00:00,1.0,21.5,0.720049729646656,21.48916199324244,16.251935722003644,-1.03667,0.0,0,0,0,0.0
2024-01-10 08:15:00,2.0,16.3,0.720049729646656,21.413732608310358,16.23925856911306,-1.03667,0.0,0,0,0,0.0
2024-01-10 08:30:00,1.0,18.7,0.720049729646656,21.339144630669967,16.225832778705676,-1.03667,0.0,0,0,0,0.0
2024-01-10 08:45:00,1.0,21.5,0.720049729646656,21.26537756628572,16.211682277127412,-1.03667,0.0,0,0,0,0.0
2024-01-10 09:00:00,1.0,21.5,0.720049729646656,21.190223853577,16.196450112444726,-1.20833,0.0,0,0,0,0.0
2024-01-10 09:15:00,1.0,21.5,0.720049729646656,21.113385159937557,16.180074785108747,-1.20833,0.0,0,0,0,0.0
2024-01-10 09:30:00,1.0,21.5,0.720049729646656,21.037360395505733,16.1629974039344,-1.20833,0.68,1,0,1,0.76
2024-01-10 09:45:00,1.0,21.5,0.720049729646656,21.737849301284903,16.1484967378623,-1.20833,0.7550000000000001,0,0,1,0.0
2024-01-10 10:00:00,1.0,21.5,0.720049729646656,22.0392726510054,16.144237370253997,-1.01,0.8000000000000002,0,0,1,0.0
2024-01-10 10:15:00,1.0,21.5,0.720049729646656,21.95159043633476,16.14062410920178,-1.01,0.8000000000000002,0,0,1,0.0
2024-01-10 10:30:00,1.0,21.5,0.720049729646656,21.865025130341223,16.135945951772907,-1.01,0.8000000000000002,0,0,1,0.0
2024-01-10 10:45:00,1.0,21.5,0.720049729646656,21.779548640870072,16.130235903287037,-1.01,0.8000000000000002,0,0,1,0.0
2024-01-10 11:00:00,1.0,21.5,0.720049729646656,21.69511910341013,16.12373904383996,-0.9116699999999999,0.8000000000000002,0,0,1,0.0
2024-01-10 11:15:00,1.0,21.5,0.720049729646656,21.61171184107751,16.11651153838575,-0.9116699999999999,0.0,0,1,0,0.0
2024-01-10 11:30:00,1.0,21.5,0.720049729646656,21.529319726461416,16.108337385663056,-0.9116699999999999,0.0,0,0,0,0.0
2024-01-10 11:45:00,1.0,21.5,0.720049729646656,21.447917491790477,16.099246212434483,-0.9116699999999999,0.0,0,0,0,0.0
2024-01-10 12:00:00,1.0,21.5,0.720049729646656,21.367546092712406,16.089834053890986,-0.65,0.0,0,0,0,0.0
2024-01-10 12:15:00,1.0,21.5,0.720049729646656,21.288199612511786,16.080197335712963,-0.65,0.0,0,0,0,0.0
2024-01-10 12:30:00,1.0,21.5,0.720049729646656,21.209784396680465,16.0697083764721,-0.65,0.0,0,0,0,0.0
2024-01-10 12:45:00,1.0,21.5,0.720049729646656,21.132277467338263,16.05839407162603,-0.65,0.0,0,0,0,0.0
2024-01-10 13:00:00,1.0,21.5,0.720049729646656,21.05555835686662,16.04742500478592,-0.12167,0.0,0,0,0,0.0
2024-01-10 13:15:00,1.0,21.5,0.720049729646656,21.52327224204323,16.03860268142024,-0.12167,0.0,0,0,0,0.0
2024-01-10 13:30:00,1.0,21.5,0.720049729646656,22.058701276233077,16.039723593222988,-0.12167,0.7550000000000001,1,0,1,0.67
2024-01-10 13:45:00,1.0,21.5,0.720049729646656,21.969365615638957,16.0423004582167,-0.12167,0.8000000000000002,0,0,1,0.0
2024-01-10 14:00:00,1.0,21.5,0.720049729646656,21.88419138284041,16.044936259201165,0.451667,0.8000000000000002,0,0,1,0.0
2024-01-10 14:15:00,1.0,21.5,0.720049729646656,21.803535954964083,16.04786872008386,0.451667,0.8000000000000002,0,0,1,0.0
2024-01-10 14:30:00,3.0,21.5,0.720049729646656,21.72398600719179,16.049712145367057,0.451667,0.8000000000000002,0,0,1,0.0
2024-01-10 14:45:00,1.0,21.5,0.720049729646656,21.645513297557056,16.050499815752197,0.451667,0.8000000000000002,0,0,1,0.0
2024-01-10 15:00:00,1.0,21.5,0.720049729646656,21.565831969597085,16.051357062027673,0.9599999999999999,0.8000000000000002,0,0,1,0.0
2024-01-10 15:15:00,1.0,21.5,0.720049729646656,21.484653024792966,16.052404728133173,0.9599999999999999,0.8000000000000002,0,0,1,0.0
2024-01-10 15:30:00,1.0,21.5,0.720049729646656,21.404562974890684,16.052389605868992,0.9599999999999999,0.8000000000000002,0,0,1,0.0
2024-01-10 15:45:00,1.0,21.5,0.720049729646656,21.32553412529544,16.051344303238384,0.9599999999999999,0.8000000000000002,0,0,1,0.0
2024-01-10 16:00:00,1.0,21.5,0.720049729646656,21.24585256620692,16.0491388610626,0.888333,0.8000000000000002,0,0,1,0.0
2024-01-10 16:15:00,1.0,21.5,0.720049729646656,21.16527928138215,16.045754827084505,0.888333,0.8000000000000002,0,0,1,0.0
2024-01-10 16:30:00,1.0,21.5,0.720049729646656,21.085731555383934,16.0413933494467,0.888333,0.8000000000000002,0,0,1,0.0
2024-01-10 16:45:00,1.0,21.5,0.720049729646656,21.136873721363035,16.036235161481155,0.888333,0.8000000000000002,0,0,1,0.0
2024-01-10 17:00:00,1.0,21.5,0.720049729646656,22.037684936035067,16.036611584862843,0.255,0.8000000000000002,0,0,1,0.0
2024-01-10 17:15:00,1.0,21.5,0.720049729646656,21.997297871949854,16.041295082991706,0.255,0.8000000000000002,0,0,1,0.0
2024-01-10 17:30:00,1.0,21.5,0.720049729646656,21.90617927304623,16.04478201068145,0.255,0.8000000000000002,0,0,1,0.0
2024-01-10 17:45:00,1.0,21.5,0.720049729646656,21.816311736846572,16.047035579920202,0.255,0.8000000000000002,0,0,1,0.0
2024-01-10 18:00:00,1.0,21.5,0.720049729646656,21.727499414410172,16.047096092241702,-0.205,0.8000000000000002,0,0,1,0.0
2024-01-10 18:15:00,1.0,21.5,0.720049729646656,21.6396735848299,16.0448789145055,-0.205,0.8000000000000002,0,0,1,0.0
2024-01-10 18:30:00,1.0,21.5,0.720049729646656,21.552983990919756,16.041570561964804,-0.205,0.8000000000000002,0,0,1,0.0
2024-01-10 18:45:00,1.0,21.5,0.720049729646656,21.467401956428564,16.0372047484595,-0.205,0.8000000000000002,0,0,1,0.0
2024-01-10 19:00:00,1.0,21.5,0.720049729646656,21.382814105150718,16.031293857872466,-0.445,0.8000000000000002,0,0,1,0.0
2024-01-10 19:15:00,1.0,21.5,0.720049729646656,21.29917370034567,16.02380645670912,-0.445,0.8000000000000002,0,0,1,0.0
2024-01-10 19:30:00,1.0,21.5,0.720049729646656,21.2165482893504,16.015373956675198,-0.445,0.8000000000000002,0,0,1,0.0
2024-01-10 19:45:00,1.0,21.5,0.720049729646656,21.1349126257579,16.006025955457044,-0.445,0.8000000000000002,0,0,1,0.0
2024-01-10 20:00:00,1.0,21.5,0.720049729646656,21.054162605120954,15.99530698104765,-0.66833,0.8000000000000002,0,0,1,0.0
2024-01-10 20:15:00,1.0,21.5,0.720049729646656,21.51791542536608,15.984828205668247,-0.66833,0.8000000000000002,0,0,1,0.0
2024-01-10 20:30:00,1.0,21.5,0.720049729646656,22.049415215160423,15.984270689050154,-0.66833,0.8000000000000002,0,0,1,0.0
2024-01-10 20:45:00,1.0,21.5,0.720049729646656,21.956181434731473,15.985147943196143,-0.66833,0.8000000000000002,0,0,1,0.0
2024-01-10 21:00:00,1.0,21.5,0.720049729646656,21.86411520781275,15.984329664909065,-0.89,0.8000000000000002,0,0,1,0.0
2024-01-10 21:15:00,1.0,21.5,0.720049729646656,21.773166712825237,15.981794726863251,-0.89,0.8000000000000002,0,0,1,0.0
2024-01-10 21:30:00,1.0,21.5,0.720049729646656,21.683391870670903,15.978133998175029,-0.89,0.8000000000000002,0,0,1,0.0
2024-01-10 21:45:00,1.0,21.5,0.720049729646656,21.594761077208503,15.973382279854059,-0.89,0.8000000000000002,0,0,1,0.0
2024-01-10 22:00:00,1.0,21.5,0.720049729646656,21.507111960036397,15.966760303283756,-1.265,0.8000000000000002,0,0,1,0.0
2024-01-10 22:15:00,1.0,21.5,0.720049729646656,21.420385858307714,15.958202079266922,-1.265,0.8000000000000002,0,0,1,0.0
2024-01-10 22:30:00,1.0,21.5,0.720049729646656,21.334702279071657,15.948677794348862,-1.265,0.8000000000000002,0,0,1,0.0
2024-01-10 22:45:00,1.0,21.5,0.720049729646656,21.250035349483305,15.938217767225808,-1.265,0.8000000000000002,0,0,1,0.0
2024-01-10 23:00:00,1.0,21.5,0.720049729646656,21.166267887098744,15.926291338781263,-1.52333,0.8000000000000002,0,0,1,0.0
2024-01-10 23:15:00,1.0,21.5,0.720049729646656,21.08335430181282,15.912859037426283,-1.52333,0.8000000000000002,0,0,1,0.0
2024-01-10 23:30:00,1.0,21.5,0.720049729646656,21.18288406113743,15.8988581433773,-1.52333,0.8000000000000002,0,0,1,0.0
2024-01-10 23:45:00,1.0,21.5,0.720049729646656,22.053582954714546,15.892607138976738,-1.52333,0.8000000000000002,0,0,1,0.0
2024-01-11 00:00:00,1.0,21.5,0.720049729646656,21.984021409857213,15.890733738928642,-1.87,0.8000000000000002,0,0,1,0.0
2024-01-11 00:15:00,1.0,21.5,0.720049729646656,21.889559186942293,15.886838713186188,-1.87,0.8000000000000002,0,0,1,0.0
2024-01-11 00:30:00,1.0,21.5,0.720049729646656,21.796300207846414,15.881796489660324,-1.87,0.8000000000000002,0,0,1,0.0
2024-01-11 00:45:00,1.0,21.5,0.720049729646656,21.70421420910469,15.875642624693544,-1.87,0.8000000000000002,0,0,1,0.0
2024-01-11 01:00:00,1.0,21.5,0.720049729646656,21.613290179674927,15.868523694587298,-1.81833,0.8000000000000002,0,0,1,0.0
2024-01-11 01:15:00,1.0,21.5,0.720049729646656,21.523503750139334,15.860486879692253,-1.81833,0.8000000000000002,0,0,1,0.0
2024-01-11 01:30:00,1.0,21.5,0.720049729646656,21.43480690734358,15.851435505109107,-1.81833,0.8000000000000002,0,0,1,0.0
2024-01-11 01:45:00,1.0,21.5,0.720049729646656,21.347172549439836,15.841401343767762,-1.81833,0.8000000000000002,0,0,1,0.0
2024-01-11 02:00:00,1.0,21.5,0.720049729646656,21.260487639652286,15.829887651032106,-2.06167,0.0,0,1,0,0.0
2024-01-11 02:15:00,1.0,21.5,0.720049729646656,21.174706653425368,15.816860279090466,-2.06167,0.0,0,0,0,0.0
2024-01-11 02:30:00,1.0,21.5,0.720049729646656,21.089899887634083,15.802957213735507,-2.06167,0.0,0,0,0,0.0
2024-01-11 02:45:00,1.0,21.5,0.720049729646656,21.135733625677002,15.788356747203693,-2.06167,0.0,0,0,0,0.0
2024-01-11 03:00:00,1.0,21.5,0.720049729646656,22.03140801494335,15.780721285160983,-2.08,0.0,0,0,0,0.0
2024-01-11 03:15:00,2.0,19.5,0.720049729646656,21.986107893658414,15.778983079371944,-2.08,0.0,0,0,0,0.0
2024-01-11 03:30:00,2.0,15.5,0.720049729646656,21.89006120184173,15.776097467535886,-2.08,0.0,0,0,0,0.0
2024-01-11 03:45:00,2.0,15.5,0.720049729646656,21.795251349869254,15.772026607841248,-2.08,0.0,0,0,0,0.0
2024-01-11 04:00:00,2.0,15.5,0.720049729646656,21.701616872649492,15.766622856660247,-2.165,0.0,0,0,0,0.0
2024-01-11 04:15:00,1.0,17.1,0.720049729646656,21.609120501673257,15.75989942242826,-2.165,0.0,0,0,0,0.0
2024-01-11 04:30:00,1.0,21.5,0.720049729646656,21.517766022366864,15.752103578767182,-2.165,0.0,0,0,0,0.0
2024-01-11 04:45:00,2.0,18.7,0.720049729646656,21.427524917723588,15.743268783904,-2.165,0.0,0,0,0,0.0
2024-01-11 05:00:00,2.0,15.5,0.720049729646656,21.338393217625896,15.733572098400156,-2.09833,0.0,0,0,0,0.0
2024-01-11 05:15:00,1.0,21.1,0.720049729646656,21.250349429314635,15.723062674727856,-2.09833,0.5600000000000002,1,0,1,0.685
2024-01-11 05:30:00,2.0,17.1,0.720049729646656,21.16334127422147,15.711604381581493,-2.09833,0.6350000000000002,0,0,1,0.0
2024-01-11 05:45:00,1.0,21.1,0.720049729646656,21.07734318535793,15.69922714817911,-2.09833,0.7100000000000003,0,0,1,0.0
2024-01-11 06:00:00,1.0,21.5,0.720049729646656,21.30335368690654,15.686861917114943,-1.97333,0.7850000000000004,0,0,1,0.0
2024-01-11 06:15:00,1.0,17.9,0.720049729646656,22.065651218410135,15.683722806867488,-1.97333,0.8000000000000004,0,0,1,0.0
2024-01-11 06:30:00,1.0,21.5,0.720049729646656,21.96744384126334,15.684021846395977,-1.97333,0.8000000000000004,0,0,1,0.0
2024-01-11 06:45:00,1.0,21.5,0.720049729646656,21.870541684199303,15.683052108921121,-1.97333,0.8000000000000004,0,0,1,0.0
2024-01-11 07:00:00,2.0,18.3,0.720049729646656,21.77511461839543,15.68078834798376,-2.00333,0.8000000000000004,0,0,1,0.0
2024-01-11 07:15:00,1.0,16.3,0.720049729646656,21.68115460389704,15.677264446426967,-2.00333,0.8000000000000004,0,0,1,0.0
2024-01-11 07:30:00,2.0,17.1,0.720049729646656,21.588395809523732,15.672593314077536,-2.00333,0.8000000000000004,0,0,1,0.0
2024-01-11 07:45:00,1.0,20.7,0.720049729646656,21.49680799821756,15.666810481818588,-2.00333,0.8000000000000004,0,0,1,0.0
2024-01-11 08:00:00,2.0,21.1,0.720049729646656,21.41241817347748,15.660821933069702,-1.61167,0.8000000000000004,0,0,1,0.0
2024-01-11 08:15:00,1.0,15.9,0.720049729646656,21.335966931719113,15.654872495379465,-1.61167,0.8000000000000004,0,0,1,0.0
2024-01-11 08:30:00,1.0,21.5,0.720049729646656,21.26045460424948,15.648043541677026,-1.61167,0.8000000000000004,0,0,1,0.0
2024-01-11 08:45:00,1.0,21.5,0.720049729646656,21.185857771404695,15.64036254314065,-1.61167,0.8000000000000004,0,0,1,0.0
2024-01-11 09:00:00,1.0,21.5,0.720049729646656,21.11574468084341,15.632563098598697,-1.29167,0.8000000000000004,0,0,1,0.0
2024-01-11 09:15:00,1.0,21.5,0.720049729646656,21.050552550708947,15.624818980322376,-1.29167,0.8000000000000004,0,0,1,0.0
2024-01-11 09:30:00,1.0,21.5,0.720049729646656,21.434991111061986,15.617601944596855,-1.29167,0.8000000000000004,0,0,1,0.0
2024-01-11 09:45:00,1.0,21.5,0.720049729646656,21.948822319139584,15.619268225890078,-1.29167,0.8000000000000004,0,0,1,0.0
2024-01-11 10:00:00,1.0,21.5,0.720049729646656,21.874090487247802,15.624901155334218,-0.175,0.8000000000000004,0,0,1,0.0
2024-01-11 10:15:00,1.0,21.5,0.720049729646656,21.802327120663417,15.632238458707707,-0.175,0.8000000000000004,0,0,1,0.0
2024-01-11 10:30:00,3.0,21.5,0.720049729646656,21.731606367027897,15.63852405020706,-0.175,0.8000000000000004,0,0,1,0.0
2024-01-11 10:45:00,3.0,21.5,0.720049729646656,21.66190128333513,15.643789748535823,-0.175,0.8000000000000004,0,0,1,0.0
2024-01-11 11:00:00,1.0,21.5,0.720049729646656,21.593817760229495,15.64948453620473,0.478333,0.8000000000000004,0,0,1,0.0
2024-01-11 11:15:00,1.0,21.5,0.720049729646656,21.527433552768418,15.655817941818992,0.478333,0.8000000000000004,0,0,1,0.0
2024-01-11 11:30:00,1.0,21.5,0.720049729646656,21.462008142148814,15.6611864118932,0.478333,0.8000000000000004,0,0,1,0.0
2024-01-11 11:45:00,1.0,21.5,0.720049729646656,21.39751677914042,15.665619168209464,0.478333,0.8000000000000004,0,0,1,0.0
2024-01-11 12:00:00,1.0,21.5,0.720049729646656,21.333956104476467,15.670607319430191,1.153333,0.8000000000000004,0,0,1,0.0
2024-01-11 12:15:00,1.0,21.5,0.720049729646656,21.271330591620906,15.676352346548532,1.153333,0.8000000000000004,0,0,1,0.0
2024-01-11 12:30:00,1.0,21.5,0.720049729646656,21.209606720483745,15.681191094082955,1.153333,0.8000000000000004,0,0,1,0.0
2024-01-11 12:45:00,1.0,21.5,0.720049729646656,21.14876123133246,15.685151022007188,1.153333,0.8000000000000004,0,0,1,0.0
2024-01-11 13:00:00,1.0,21.5,0.720049729646656,21.08847488118871,15.691721080131204,2.751667,0.8000000000000004,0,0,1,0.0
2024-01-11 13:15:00,1.0,21.5,0.720049729646656,21.028748596189608,15.701332645548758,2.751667,0.8000000000000004,0,0,1,0.0
2024-01-11 13:30:00,1.0,21.5,0.720049729646656,21.69383102197554,15.713150893394868,2.751667,0.8000000000000004,0,0,1,0.0
2024-01-11 13:45:00,1.0,21.5,0.720049729646656,21.934756747907688,15.733304157024671,2.751667,0.8000000000000004,0,0,1,0.0
2024-01-11 14:00:00,1.0,21.5,0.720049729646656,21.862726259096977,15.755136073966712,3.705,0.8000000000000004,0,0,1,0.0
2024-01-11 14:15:00,1.0,21.5,0.720049729646656,21.790103327504752,15.777991328516814,3.705,0.8000000000000004,0,0,1,0.0
2024-01-11 14:30:00,3.0,21.5,0.720049729646656,21.71872807117167,15.79951225660849,3.705,0.8000000000000004,0,0,1,0.0
2024-01-11 14:45:00,3.0,21.5,0.720049729646656,21.648567302358053,15.819738260888464,3.705,0.8000000000000004,0,0,1,0.0
2024-01-11 15:00:00,1.0,21.5,0.720049729646656,21.572416920476293,15.840204677462824,4.408333,0.8000000000000004,0,0,1,0.0
2024-01-11 15:15:00,1.0,21.5,0.720049729646656,21.48937845091601,15.860998528132942,4.408333,0.8000000000000004,0,0,1,0.0
2024-01-11 15:30:00,1.0,21.5,0.720049729646656,21.407699960724067,15.880360118598587,4.408333,0.8000000000000004,0,0,1,0.0
2024-01-11 15:45:00,1.0,21.5,0.720049729646656,21.327345551599706,15.898332010205213,4.408333,0.8000000000000004,0,0,1,0.0
2024-01-11 16:00:00,1.0,21.5,0.720049729646656,21.24725262757095,15.91368768295137,3.825,0.8000000000000004,0,0,1,0.0
2024-01-11 16:15:00,1.0,21.5,0.720049729646656,21.167237399565597,15.92629859666074,3.825,0.8000000000000004,0,0,1,0.0
2024-01-11 16:30:00,1.0,21.5,0.720049729646656,21.08843995887056,15.937659344193454,3.825,0.8000000000000004,0,0,1,0.0
2024-01-11 16:45:00,1.0,21.5,0.720049729646656,21.0973143801288,15.947882726778351,3.825,0.8000000000000004,0,0,1,0.0
2024-01-11 17:00:00,1.0,21.5,0.720049729646656,22.00885309504466,15.96307208648711,3.406667,0.8000000000000004,0,0,1,0.0
2024-01-11 17:15:00,1.0,21.5,0.720049729646656,22.00460548349607,15.983646484480325,3.406667,0.8000000000000004,0,0,1,0.0
2024-01-11 17:30:00,1.0,21.5,0.720049729646656,21.915103642581936,16.00283903676078,3.406667,0.8000000000000004,0,0,1,0.0
2024-01-11 17:45:00,1.0,21.5,0.720049729646656,21.82702745159407,16.0205441923976,3.406667,0.0,0,1,0,0.0
2024-01-11 18:00:00,1.0,21.5,0.720049729646656,21.7401737961082,16.035798103638943,2.941667,0.0,0,0,0,0.0
2024-01-11 18:15:00,1.0,21.5,0.720049729646656,21.6544682180387,16.048521323614025,2.941667,0.785,1,0,1,0.5050000000000001
2024-01-11 18:30:00,1.0,21.5,0.720049729646656,21.57005723996735,16.059919199616704,2.941667,0.8,0,0,1,0.0
2024-01-11 18:45:00,1.0,21.5,0.720049729646656,21.486907164392342,16.07003158084274,2.941667,0.8,0,0,1,0.0
2024-01-11 19:00:00,1.0,21.5,0.720049729646656,21.40482136128698,16.077899807781574,2.481667,0.8,0,0,1,0.0
2024-01-11 19:15:00,1.0,21.5,0.720049729646656,21.32373035197609,16.08344025801781,2.481667,0.8,0,0,1,0.0
2024-01-11 19:30:00,1.0,21.5,0.720049729646656,21.24378314416219,16.0878404300931,2.481667,0.8,0,0,1,0.0
2024-01-11 19:45:00,1.0,21.5,0.720049729646656,21.16495034849656,16.09113499447079,2.481667,0.8,0,0,1,0.0
2024-01-11 20:00:00,1.0,21.5,0.720049729646656,21.086959957944895,16.091876023360648,1.798333,0.8,0,0,1,0.0
2024-01-11 20:15:00,1.0,21.5,0.720049729646656,21.139418409517493,16.090066573372052,1.798333,0.8,0,0,1,0.0
2024-01-11 20:30:00,1.0,21.5,0.720049729646656,22.041795886384406,16.095123269763903,1.798333,0.8,0,0,1,0.0
2024-01-11 20:45:00,1.0,21.5,0.720049729646656,22.003276044821444,16.105986545318114,1.798333,0.8,0,0,1,0.0
2024-01-11 21:00:00,1.0,21.5,0.720049729646656,21.913852016578307,16.11419954546085,1.166667,0.8,0,0,1,0.0
2024-01-11 21:15:00,1.0,21.5,0.720049729646656,21.825452965147505,16.11956114054819,1.166667,0.8,0,0,1,0.0
2024-01-11 21:30:00,1.0,21.5,0.720049729646656,21.73829233245302,16.12369156148303,1.166667,0.8,0,0,1,0.0
2024-01-11 21:45:00,2.0,15.9,0.720049729646656,21.65233834081366,16.12662828671004,1.166667,0.8,0,0,1,0.0
2024-01-11 22:00:00,2.0,15.5,0.720049729646656,21.567519132319198,16.128158385514833,1.051667,0.8,0,0,1,0.0
2024-01-11 22:15:00,1.0,18.7,0.720049729646656,21.48379527138752,16.128286926558914,1.051667,0.8,0,0,1,0.0
2024-01-11 22:30:00,2.0,18.3,0.720049729646656,21.401182560628673,16.1273360203063,1.051667,0.8,0,0,1,0.0
2024-01-11 22:45:00,2.0,15.5,0.720049729646656,21.319652802600206,16.125338852620125,1.051667,0.8,0,0,1,0.0
2024-01-11 23:00:00,2.0,15.5,0.720049729646656,21.238957116911084,16.120979759593492,0.43,0.8,0,0,1,0.0
2024-01-11 23:15:00,2.0,15.5,0.720049729646656,21.159017987839697,16.114126214512957,0.43,0.8,0,0,1,0.0
2024-01-11 23:30:00,2.0,15.5,0.720049729646656,21.080052712429726,16.10636409934965,0.43,0.8,0,0,1,0.0
2024-01-11 23:45:00,2.0,15.5,0.720049729646656,21.00203704537736,16.0977218432444,0.43,0.8,0,0,1,0.0
2024-01-12 00:00:00,1.0,18.3,0.720049729646656,21.106395469885676,16.088099910101242,0.25,0.8,0,0,1,0.0
2024-01-12 00:15:00,2.0,19.9,0.720049729646656,21.981838854256164,16.085769637958762,0.25,0.8,0,0,1,0.0
2024-01-12 00:30:00,2.0,15.5,0.720049729646656,21.917131358846678,16.088561056849596,0.25,0.8,0,0,1,0.0
2024-01-12 00:45:00,2.0,15.5,0.720049729646656,21.827661202810116,16.09016626123569,0.25,0.8,0,0,1,0.0
2024-01-12 01:00:00,2.0,15.5,0.720049729646656,21.739428841610156,16.09078738439765,0.34,0.8,0,0,1,0.0
2024-01-12 01:15:00,2.0,15.5,0.720049729646656,21.652410943962202,16.090484296282565,0.34,0.8,0,0,1,0.0
2024-01-12 01:30:00,2.0,15.5,0.720049729646656,21.56654246360492,16.08906693279623,0.34,0.8,0,0,1,0.0
2024-01-12 01:45:00,2.0,15.5,0.720049729646656,21.48179426129301,16.086569581621152,0.34,0.8,0,0,1,0.0
2024-01-12 02:00:00,2.0,15.5,0.720049729646656,21.39805132373271,16.082497957831244,0.096667,0.8,0,0,1,0.0
2024-01-12 02:15:00,2.0,15.5,0.720049729646656,21.315266204665175,16.07682029175232,0.096667,0.0,0,1,0,0.0
2024-01-12 02:30:00,2.0,15.5,0.720049729646656,21.23350733108293,16.070176861639176,0.096667,0.0,0,0,0,0.0
2024-01-12 02:45:00,2.0,15.5,0.720049729646656,21.152749049556252,16.06259777157176,0.096667,0.0,0,0,0,0.0
2024-01-12 03:00:00,2.0,15.5,0.720049729646656,21.07299670385366,16.05429656684078,0.181667,0.0,0,0,0,0.0
2024-01-12 03:15:00,2.0,15.5,0.720049729646656,20.99423300738838,16.045324065370593,0.181667,0.0,0,0,0,0.0
2024-01-12 03:30:00,2.0,15.5,0.720049729646656,20.91640114170418,16.035495197563783,0.181667,0.0,0,0,0,0.0
2024-01-12 03:45:00,2.0,15.5,0.720049729646656,20.839478069929292,16.02483693835544,0.181667,0.0,0,0,0,0.0
2024-01-12 04:00:00,1.0,16.7,0.720049729646656,20.789443571181458,16.013632372096684,0.296667,0.0,0,0,0,0.0
2024-01-12 04:15:00,1.0,20.7,0.720049729646656,21.07517180532684,16.004600357046165,0.296667,0.0,0,0,0,0.0
2024-01-12 04:30:00,1.0,21.5,0.720049729646656,21.237792138508652,15.9974791094617,0.296667,0.0,0,0,0,0.0
2024-01-12 04:45:00,1.0,21.5,0.720049729646656,22.06707298351349,15.998684558291075,0.296667,0.0,0,0,0,0.0
2024-01-12 05:00:00,1.0,21.5,0.720049729646656,21.98297946531818,16.00350489221428,0.016667,0.0,0,0,0,0.0
2024-01-12 05:15:00,1.0,21.5,0.720049729646656,21.891394989133005,16.00636462408648,0.016667,0.7100000000000001,1,0,1,0.745
2024-01-12 05:30:00,2.0,20.3,0.720049729646656,21.80105992198086,16.007995979064663,0.016667,0.7850000000000001,0,0,1,0.0
2024-01-12 05:45:00,2.0,15.5,0.720049729646656,21.711942375443254,16.0084365280451,0.016667,0.8000000000000002,0,0,1,0.0
2024-01-12 06:00:00,1.0,21.5,0.720049729646656,21.62421619814659,16.00896949644223,0.591667,0.8000000000000002,0,0,1,0.0
2024-01-12 06:15:00,2.0,17.9,0.720049729646656,21.537898312497116,16.009781902009955,0.591667,0.0,0,1,0,0.0
2024-01-12 06:30:00,1.0,18.3,0.720049729646656,21.4527344891274,16.009469518109544,0.591667,0.0,0,0,0,0.0
2024-01-12 06:45:00,1.0,21.5,0.720049729646656,21.36869539601405,16.008066876177043,0.591667,0.0,0,0,0,0.0
2024-01-12 07:00:00,1.0,21.5,0.720049729646656,21.28579380515972,16.00568352183528,0.626667,0.0,0,0,0,0.0
2024-01-12 07:15:00,1.0,21.5,0.720049729646656,21.204008454709005,16.002361802083875,0.626667,0.0,0,0,0,0.0
2024-01-12 07:30:00,1.0,21.5,0.720049729646656,21.12326550362819,15.998045953675666,0.626667,0.0,0,0,0,0.0
2024-01-12 07:45:00,1.0,21.5,0.720049729646656,21.043538730405903,15.992766784892602,0.626667,0.0,0,0,0,0.0
2024-01-12 08:00:00,3.0,21.5,0.720049729646656,21.665573475900167,15.987961151854908,0.048333,0.0,0,0,0,0.0
2024-01-12 08:15:00,3.0,21.5,0.720049729646656,22.0464295655842,15.991593321993388,0.048333,0.0,0,0,0,0.0
2024-01-12 08:30:00,3.0,21.5,0.720049729646656,21.95937616069369,15.995657963756859,0.048333,0.0,0,0,0,0.0
2024-01-12 08:45:00,1.0,21.5,0.720049729646656,21.873527154874168,15.998531440512236,0.048333,0.0,0,0,0,0.0
2024-01-12 09:00:00,1.0,21.5,0.720049729646656,21.78896077314642,16.001994835357443,0.853333,0.0,0,0,0,0.0
2024-01-12 09:15:00,1.0,21.5,0.720049729646656,21.70569078261097,16.00629238348794,0.853333,0.0,0,0,0,0.0
2024-01-12 09:30:00,1.0,21.5,0.720049729646656,21.623577958428733,16.009443368593047,0.853333,0.0,0,0,0,0.0
2024-01-12 09:45:00,1.0,21.5,0.720049729646656,21.542592655696023,16.01148274307099,0.853333,0.0,0,0,0,0.0
2024-01-12 10:00:00,1.0,21.5,0.720049729646656,21.462108599974993,16.013977087746998,1.561667,0.0,0,0,0,0.0
2024-01-12 10:15:00,1.0,21.5,0.720049729646656,21.382049876936208,16.017130571793384,1.561667,0.0,0,0,0,0.0
2024-01-12 10:30:00,1.0,21.5,0.720049729646656,21.30309148467093,16.019198829712398,1.561667,0.0,0,0,0,0.0
2024-01-12 10:45:00,1.0,21.5,0.720049729646656,21.225205296997828,16.020215009290176,1.561667,0.0,0,0,0,0.0
2024-01-12 11:00:00,1.0,21.5,0.720049729646656,21.14800367955216,16.02068667273138,1.781667,0.0,0,0,0,0.0
2024-01-12 11:15:00,1.0,21.5,0.720049729646656,21.071423410496056,16.0206950842549,1.781667,0.0,0,0,0,0.0
2024-01-12 11:30:00,1.0,21.5,0.720049729646656,21.237802428446333,16.020138838430135,1.781667,0.0,0,0,0,0.0
2024-01-12 11:45:00,1.0,21.5,0.720049729646656,22.07087408061214,16.027842764747906,1.781667,0.0,0,0,0,0.0
2024-01-12 12:00:00,1.0,21.5,0.720049729646656,21.990645325878166,16.039548222438913,1.71,0.6100000000000001,1,0,1,0.665
2024-01-12 12:15:00,1.0,21.5,0.720049729646656,21.903011519900186,16.049735599631184,1.71,0.6850000000000002,0,0,1,0.0
2024-01-12 12:30:00,1.0,21.5,0.720049729646656,21.81666621920387,16.058617199928033,1.71,0.7600000000000002,0,0,1,0.0
2024-01-12 12:45:00,1.0,21.5,0.720049729646656,21.731576051263193,16.066232451697353,1.71,0.8000000000000003,0,0,1,0.0
2024-01-12 13:00:00,1.0,21.5,0.720049729646656,21.64773796740707,16.073063983353162,1.915,0.8000000000000003,0,0,1,0.0
2024-01-12 13:15:00,1.0,21.5,0.720049729646656,21.565131775926822,16.079202250786103,1.915,0.8000000000000003,0,0,1,0.0
2024-01-12 13:30:00,1.0,21.5,0.720049729646656,21.48369692683906,16.08417028414077,1.915,0.8000000000000003,0,0,1,0.0
2024-01-12 13:45:00,1.0,21.5,0.720049729646656,21.403403291947576,16.08800363243544,1.915,0.8000000000000003,0,0,1,0.0
2024-01-12 14:00:00,1.0,21.5,0.720049729646656,21.324206211436657,16.09067177095592,1.885,0.8000000000000003,0,0,1,0.0
2024-01-12 14:15:00,1.0,21.5,0.720049729646656,21.24607418038117,16.092200265126674,1.885,0.8000000000000003,0,0,1,0.0
2024-01-12 14:30:00,1.0,21.5,0.720049729646656,21.168996666117764,16.09269675854544,1.885,0.8000000000000003,0,0,1,0.0
2024-01-12 14:45:00,1.0,21.5,0.720049729646656,21.09294681388889,16.092192878138086,1.885,0.8000000000000003,0,0,1,0.0
2024-01-12 15:00:00,1.0,21.5,0.720049729646656,21.070229890309577,16.090776347572124,1.896667,0.8000000000000003,0,0,1,0.0
2024-01-12 15:15:00,3.0,21.5,0.720049729646656,21.977418865311577,16.094706177197697,1.896667,0.8000000000000003,0,0,1,0.0
2024-01-12 15:30:00,1.0,21.5,0.720049729646656,22.01997686821883,16.106041829396595,1.896667,0.8000000000000003,0,0,1,0.0
2024-01-12 15:45:00,1.0,21.5,0.720049729646656,21.9337234559537,16.11631271286357,1.896667,0.8000000000000003,0,0,1,0.0
2024-01-12 16:00:00,1.0,21.5,0.720049729646656,21.847341451957618,16.125566932926247,2.025,0.8000000000000003,0,0,1,0.0
2024-01-12 16:15:00,1.0,21.5,0.720049729646656,21.76062832999246,16.13385083489889,2.025,0.8000000000000003,0,0,1,0.0
2024-01-12 16:30:00,1.0,21.5,0.720049729646656,21.67516775577191,16.14087411530808,2.025,0.8000000000000003,0,0,1,0.0
2024-01-12 16:45:00,1.0,21.5,0.720049729646656,21.590927396854,16.146674949696433,2.025,0.8000000000000003,0,0,1,0.0
2024-01-12 17:00:00,1.0,21.5,0.720049729646656,21.507935201367207,16.15165179906006,2.191667,0.8000000000000003,0,0,1,0.0
2024-01-12 17:15:00,1.0,21.5,0.720049729646656,21.426174259778513,16.155884629731858,2.191667,0.8000000000000003,0,0,1,0.0
2024-01-12 17:30:00,1.0,21.5,0.720049729646656,21.345549678250936,16.15899144544175,2.191667,0.8000000000000003,0,0,1,0.0
2024-01-12 17:45:00,1.0,21.5,0.720049729646656,21.26603234406405,16.16100657131307,2.191667,0.8000000000000003,0,0,1,0.0
2024-01-12 18:00:00,1.0,21.5,0.720049729646656,21.187471051378857,16.161215323872433,1.846667,0.8000000000000003,0,0,1,0.0
2024-01-12 18:15:00,1.0,21.5,0.720049729646656,21.109810061150764,16.15955917399178,1.846667,0.8000000000000003,0,0,1,0.0
2024-01-12 18:30:00,1.0,21.5,0.720049729646656,21.03315759948954,16.156932813274427,1.846667,0.8000000000000003,0,0,1,0.0
2024-01-12 18:45:00,1.0,21.5,0.720049729646656,21.810423457243544,16.15729345193169,1.846667,0.8000000000000003,0,0,1,0.0
2024-01-12 19:00:00,1.0,21.5,0.720049729646656,22.03293375951229,16.167268222398192,2.04,0.8000000000000003,0,0,1,0.0
2024-01-12 19:15:00,1.0,21.5,0.720049729646656,21.944293116285458,16.177279721229777,2.04,0.8000000000000003,0,0,1,0.0
2024-01-12 19:30:00,1.0,21.5,0.720049729646656,21.856952126355676,16.185975566888896,2.04,0.8000000000000003,0,0,1,0.0
2024-01-12 19:45:00,1.0,21.5,0.720049729646656,21.770877146198107,16.193395504003956,2.04,0.8000000000000003,0,0,1,0.0
2024-01-12 20:00:00,1.0,21.5,0.720049729646656,21.686043786631657,16.19962873974006,2.063333,0.8000000000000003,0,0,1,0.0
2024-01-12 20:15:00,1.0,21.5,0.720049729646656,21.602422170714362,16.204718943708812,2.063333,0.8000000000000003,0,0,1,0.0
2024-01-12 20:30:00,1.0,21.5,0.720049729646656,21.519972273745978,16.20864418958385,2.063333,0.8000000000000003,0,0,1,0.0
2024-01-12 20:45:00,1.0,21.5,0.720049729646656,21.438664028386654,16.211439938901528,2.063333,0.8000000000000003,0,0,1,0.0
2024-01-12 21:00:00,1.0,21.5,0.720049729646656,21.35838092632385,16.212609433696432,1.818333,0.8000000000000003,0,0,1,0.0
2024-01-12 21:15:00,1.0,21.5,0.720049729646656,21.279074509928424,16.212121574728343,1.818333,0.8000000000000003,0,0,1,0.0
2024-01-12 21:30:00,1.0,21.5,0.720049729646656,21.200813008814002,16.210621890309735,1.818333,0.8000000000000003,0,0,1,0.0
2024-01-12 21:45:00,2.0,17.5,0.720049729646656,21.123569947263327,16.208141530776324,1.818333,0.8000000000000003,0,0,1,0.0
2024-01-12 22:00:00,2.0,15.5,0.720049729646656,21.047184213011846,16.20388683990969,1.438333,0.8000000000000003,0,0,1,0.0
2024-01-12 22:15:00,2.0,15.5,0.720049729646656,20.97159969289076,16.197787065322107,1.438333,0.8000000000000003,0,0,1,0.0
2024-01-12 22:30:00,2.0,15.5,0.720049729646656,20.89694072460522,16.190821556842845,1.438333,0.8000000000000003,0,0,1,0.0
2024-01-12 22:45:00,2.0,15.5,0.720049729646656,20.823184237583572,16.18301737254848,1.438333,0.8000000000000003,0,0,1,0.0
2024-01-12 23:00:00,2.0,15.5,0.720049729646656,20.750230022880178,16.173927407816986,1.22,0.8000000000000003,0,0,1,0.0
2024-01-12 23:15:00,2.0,15.5,0.720049729646656,20.678038412198855,16.16351965600647,1.22,0.8000000000000003,0,0,1,0.0
2024-01-12 23:30:00,2.0,15.5,0.720049729646656,20.606673623522227,16.152365210909103,1.22,0.8000000000000003,0,0,1,0.0
2024-01-12 23:45:00,2.0,15.5,0.720049729646656,20.536115380370354,16.140487777192433,1.22,0.8000000000000003,0,0,1,0.0
2024-01-13 00:00:00,2.0,15.5,0.720049729646656,20.46623293848006,16.12723462349886,0.908333,0.8000000000000003,0,0,1,0.0
2024-01-13 00:15:00,2.0,15.5,0.720049729646656,20.396981630475164,16.112545976417113,0.908333,0.8000000000000003,0,0,1,0.0
2024-01-13 00:30:00,1.0,15.9,0.720049729646656,20.328464750785546,16.097223379459674,0.908333,0.8000000000000003,0,0,1,0.0
2024-01-13 00:45:00,2.0,16.3,0.720049729646656,20.622123713661257,16.083334342321855,0.908333,0.8000000000000003,0,0,1,0.0
2024-01-13 01:00:00,2.0,15.5,0.720049729646656,20.575817419485926,16.071139045509195,0.638333,0.8000000000000003,0,0,1,0.0
2024-01-13 01:15:00,2.0,15.5,0.720049729646656,20.504205311610782,16.057590956593643,0.638333,0.8000000000000003,0,0,1,0.0
2024-01-13 01:30:00,2.0,15.5,0.720049729646656,20.433373153099136,16.04335858444058,0.638333,0.8000000000000003,0,0,1,0.0
2024-01-13 01:45:00,2.0,15.5,0.720049729646656,20.363302067553516,16.028463938509898,0.638333,0.8000000000000003,0,0,1,0.0
2024-01-13 02:00:00,2.0,15.5,0.720049729646656,20.293841296250836,16.012122549325042,0.266667,0.8000000000000003,0,0,1,0.0
2024-01-13 02:15:00,2.0,15.5,0.720049729646656,20.224942583803184,15.99425722840035,0.266667,0.8000000000000003,0,0,1,0.0
2024-01-13 02:30:00,2.0,15.5,0.720049729646656,20.156733980606884,15.975818084114781,0.266667,0.8000000000000003,0,0,1,0.0
2024-01-13 02:45:00,2.0,15.5,0.720049729646656,20.089199179454326,15.956824037052895,0.266667,0.8000000000000003,0,0,1,0.0
2024-01-13 03:00:00,2.0,15.5,0.720049729646656,20.02218041658676,15.936429787572548,-0.13167,0.8000000000000003,0,0,1,0.0
2024-01-13 03:15:00,2.0,15.5,0.720049729646656,19.955629680137225,15.914548200422336,-0.13167,0.8000000000000003,0,0,1,0.0
2024-01-13 03:30:00,2.0,15.5,0.720049729646656,19.88968781171564,15.892193281541582,-0.13167,0.0,0,1,0,0.0
2024-01-13 03:45:00,2.0,15.5,0.720049729646656,19.8243408349398,15.869381147712163,-0.13167,0.0,0,0,0,0.0
2024-01-13 04:00:00,1.0,20.7,0.720049729646656,20.432444793675714,15.847548135559538,-0.465,0.0,0,0,0,0.0
2024-01-13 04:15:00,1.0,21.5,0.720049729646656,21.88039770585242,15.84150942465586,-0.465,0.0,0,0,0,0.0
2024-01-13 04:30:00,1.0,21.5,0.720049729646656,21.91616795835898,15.84506638284517,-0.465,0.8,1,0,1,0.55
2024-01-13 04:45:00,2.0,16.7,0.720049729646656,21.82311966840641,15.847607363299415,-0.465,0.8,0,0,1,0.0
2024-01-13 05:00:00,2.0,15.5,0.720049729646656,21.731317209460233,15.848791080503696,-0.51833,0.8,0,0,1,0.0
2024-01-13 05:15:00,2.0,15.5,0.720049729646656,21.640723959241086,15.848641479589533,-0.51833,0.8,0,0,1,0.0
2024-01-13 05:30:00,2.0,15.5,0.720049729646656,21.551329424067443,15.847328916592499,-0.51833,0.8,0,0,1,0.0
2024-01-13 05:45:00,2.0,15.5,0.720049729646656,21.463103203746236,15.844889165453834,-0.51833,0.8,0,0,1,0.0
2024-01-13 06:00:00,1.0,17.9,0.720049729646656,21.37592846542182,15.840825770863571,-0.76333,0.8,0,0,1,0.0
2024-01-13 06:15:00,1.0,21.5,0.720049729646656,21.289756435000186,15.835107926765062,-0.76333,0.8,0,0,1,0.0
2024-01-13 06:30:00,1.0,21.5,0.720049729646656,21.204655033483085,15.828381445452127,-0.76333,0.8,0,0,1,0.0
2024-01-13 06:45:00,1.0,20.3,0.720049729646656,21.120597484175484,15.820677752301709,-0.76333,0.8,0,0,1,0.0
2024-01-13 07:00:00,1.0,21.5,0.720049729646656,21.037617936394255,15.811168071432023,-1.16,0.8,0,0,1,0.0
2024-01-13 07:15:00,1.0,21.5,0.720049729646656,21.808618993447634,15.803708450840427,-1.16,0.8,0,0,1,0.0
2024-01-13 07:30:00,3.0,21.5,0.720049729646656,22.024781043129348,15.805500021681961,-1.16,0.8,0,0,1,0.0
2024-01-13 07:45:00,3.0,21.5,0.720049729646656,21.929693769906628,15.806913252092704,-1.16,0.8,0,0,1,0.0
2024-01-13 08:00:00,3.0,21.5,0.720049729646656,21.841003327067494,15.806592014531793,-1.39333,0.8,0,0,1,0.0
2024-01-13 08:15:00,1.0,21.5,0.720049729646656,21.759306193644026,15.804608099857651,-1.39333,0.8,0,0,1,0.0
2024-01-13 08:30:00,1.0,21.5,0.720049729646656,21.67866698690485,15.801607780703288,-1.39333,0.8,0,0,1,0.0
2024-01-13 08:45:00,1.0,21.5,0.720049729646656,21.599059001551453,15.79762245494061,-1.39333,0.8,0,0,1,0.0
2024-01-13 09:00:00,1.0,21.5,0.720049729646656,21.523592640888715,15.79278831799888,-1.35,0.8,0,0,1,0.0
2024-01-13 09:15:00,1.0,21.5,0.720049729646656,21.452635018636922,15.787203425108439,-1.35,0.8,0,0,1,0.0
2024-01-13 09:30:00,1.0,21.5,0.720049729646656,21.382548056461665,15.780803318226997,-1.35,0.0,0,1,0,0.0
2024-01-13 09:45:00,1.0,21.5,0.720049729646656,21.313310041752285,15.773613465119736,-1.35,0.0,0,0,0,0.0
2024-01-13 10:00:00,1.0,21.5,0.720049729646656,21.246336393317765,15.76647297163679,-0.97667,0.0,0,0,0,0.0
2024-01-13 10:15:00,1.0,21.5,0.720049729646656,21.181799535029356,15.7595280806095,-0.97667,0.0,0,0,0,0.0
2024-01-13 10:30:00,1.0,21.5,0.720049729646656,21.118031272606466,15.751874384851412,-0.97667,0.0,0,0,0,0.0
2024-01-13 10:45:00,1.0,21.5,0.720049729646656,21.055012574074016,15.74353417685963,-0.97667,0.0,0,0,0,0.0
2024-01-13 11:00:00,1.0,21.5,0.720049729646656,21.30460592922541,15.738157250252986,0.405,0.0,0,0,0,0.0
2024-01-13 11:15:00,1.0,21.5,0.720049729646656,21.96221182612172,15.744505288069668,0.405,0.685,1,0,1,0.73
2024-01-13 11:30:00,1.0,21.5,0.720049729646656,21.889856668609365,15.753562418708606,0.405,0.7600000000000001,0,0,1,0.0
2024-01-13 11:45:00,1.0,21.5,0.720049729646656,21.81857343093657,15.761530127441356,0.405,0.8000000000000002,0,0,1,0.0
2024-01-13 12:00:00,1.0,21.5,0.720049729646656,21.748709646485256,15.772848655023171,2.438333,0.8000000000000002,0,0,1,0.0
2024-01-13 12:15:00,1.0,21.5,0.720049729646656,21.680361198006953,15.78807947344327,2.438333,0.8000000000000002,0,0,1,0.0
2024-01-13 12:30:00,1.0,21.5,0.720049729646656,21.613108621059105,15.80216438455883,2.438333,0.8000000000000002,0,0,1,0.0
2024-01-13 12:45:00,1.0,21.5,0.720049729646656,21.546923091228017,15.815137540669216,2.438333,0.8000000000000002,0,0,1,0.0
2024-01-13 13:00:00,1.0,21.5,0.720049729646656,21.481731160436045,15.832488862820822,4.956667,0.8000000000000002,0,0,1,0.0
2024-01-13 13:15:00,1.0,21.5,0.720049729646656,21.417594248365102,15.854897133812576,4.956667,0.8000000000000002,0,0,1,0.0
2024-01-13 13:30:00,1.0,21.5,0.720049729646656,21.35458697248541,15.876088082111796,4.956667,0.8000000000000002,0,0,1,0.0
2024-01-13 13:45:00,1.0,21.5,0.720049729646656,21.292679169622968,15.896097544165503,4.956667,0.8000000000000002,0,0,1,0.0
2024-01-13 14:00:00,1.0,21.5,0.720049729646656,21.23044173559139,15.918815717461415,6.738333,0.8000000000000002,0,0,1,0.0
2024-01-13 14:15:00,1.0,21.5,0.720049729646656,21.16773851519347,15.944708872231631,6.738333,0.8000000000000002,0,0,1,0.0
2024-01-13 14:30:00,1.0,21.5,0.720049729646656,21.10618942397401,15.969342166809868,6.738333,0.8000000000000002,0,0,1,0.0
2024-01-13 14:45:00,1.0,21.5,0.720049729646656,21.045763443280013,15.992752497154028,6.738333,0.8000000000000002,0,0,1,0.0
2024-01-13 15:00:00,1.0,21.5,0.720049729646656,21.447734382327916,16.01678033428422,7.008333000000001,0.8000000000000002,0,0,1,0.0
2024-01-13 15:15:00,1.0,21.5,0.720049729646656,22.068152084023108,16.050758987173126,7.008333000000001,0.8000000000000002,0,0,1,0.0
2024-01-13 15:30:00,1.0,21.5,0.720049729646656,21.985597806244872,16.086307838714237,7.008333000000001,0.8000000000000002,0,0,1,0.0
2024-01-13 15:45:00,1.0,21.5,0.720049729646656,21.904581240120237,16.12017245554709,7.008333000000001,0.8000000000000002,0,0,1,0.0
2024-01-13 16:00:00,1.0,21.5,0.720049729646656,21.822877446364377,16.150981802951932,6.356667,0.8000000000000002,0,0,1,0.0
2024-01-13 16:15:00,1.0,21.5,0.720049729646656,21.740149761421154,16.17857634652363,6.356667,0.8000000000000002,0,0,1,0.0
2024-01-13 16:30:00,1.0,21.5,0.720049729646656,21.65886281287927,16.204623620198596,6.356667,0.8000000000000002,0,0,1,0.0
2024-01-13 16:45:00,1.0,21.5,0.720049729646656,21.578978196837365,16.22916923695318,6.356667,0.0,0,1,0,0.0
2024-01-13 17:00:00,1.0,21.5,0.720049729646656,21.50006195889944,16.249843572606338,5.243332999999999,0.0,0,0,0,0.0
2024-01-13 17:15:00,1.0,21.5,0.720049729646656,21.421986715676706,16.26639625162778,5.243332999999999,0.0,0,0,0,0.0
2024-01-13 17:30:00,1.0,21.5,0.720049729646656,21.345152745215437,16.281654745812894,5.243332999999999,0.0,0,0,0,0.0
2024-01-13 17:45:00,1.0,21.5,0.720049729646656,21.26952744561009,16.29565767297771,5.243332999999999,0.7950000000000002,1,0,1,0.655
2024-01-13 18:00:00,1.0,21.5,0.720049729646656,21.194735938591315,16.30635384490499,4.28,0.8000000000000002,0,0,1,0.0
2024-01-13 18:15:00,1.0,21.5,0.720049729646656,21.12066859378261,16.31352581508362,4.28,0.8000000000000002,0,0,1,0.0
2024-01-13 18:30:00,1.0,21.5,0.720049729646656,21.047672331836917,16.319619323456948,4.28,0.8000000000000002,0,0,1,0.0
2024-01-13 18:45:00,1.0,21.5,0.720049729646656,21.596800939260856,16.326780317175043,4.28,0.8000000000000002,0,0,1,0.0
2024-01-13 19:00:00,1.0,21.5,0.720049729646656,22.057874105584663,16.343424463538916,4.148333,0.8000000000000002,0,0,1,0.0
2024-01-13 19:15:00,1.0,21.5,0.720049729646656,21.972729080245482,16.360442863975013,4.148333,0.8000000000000002,0,0,1,0.0
2024-01-13 19:30:00,1.0,21.5,0.720049729646656,21.888924831983143,16.37606796933091,4.148333,0.8000000000000002,0,0,1,0.0
2024-01-13 19:45:00,1.0,21.5,0.720049729646656,21.806426203276388,16.390341412026242,4.148333,0.8000000000000002,0,0,1,0.0
2024-01-13 20:00:00,1.0,21.5,0.720049729646656,21.72499239530899,16.4020460802677,3.568333,0.8000000000000002,0,0,1,0.0
2024-01-13 20:15:00,1.0,21.5,0.720049729646656,21.644542731670775,16.41106840800853,3.568333,0.8000000000000002,0,0,1,0.0
2024-01-13 20:30:00,1.0,21.5,0.720049729646656,21.565271825519503,16.418897778309958,3.568333,0.8000000000000002,0,0,1,0.0
2024-01-13 20:45:00,2.0,21.1,0.720049729646656,21.487149166793117,16.425570233239412,3.568333,0.8000000000000002,0,0,1,0.0
2024-01-13 21:00:00,2.0,15.5,0.720049729646656,21.41001566106893,16.430333008401455,3.205,0.8000000000000002,0,0,1,0.0
2024-01-13 21:15:00,2.0,15.5,0.720049729646656,21.3338127505127,16.43312436490753,3.205,0.8000000000000002,0,0,1,0.0
2024-01-13 21:30:00,2.0,15.5,0.720049729646656,21.25865455227063,16.434886441505242,3.205,0.8000000000000002,0,0,1,0.0
2024-01-13 21:45:00,2.0,16.7,0.720049729646656,21.184514375475846,16.435650691362046,3.205,0.8000000000000002,0,0,1,0.0
2024-01-13 22:00:00,2.0,15.5,0.720049729646656,21.110982116035146,16.433109618587995,2.126667,0.8000000000000002,0,0,1,0.0
2024-01-13 22:15:00,1.0,20.3,0.720049729646656,21.03794431324767,16.42700869875869,2.126667,0.8000000000000002,0,0,1,0.0
2024-01-13 22:30:00,2.0,19.1,0.720049729646656,21.741517587271314,16.423330842665884,2.126667,0.8000000000000002,0,0,1,0.0
2024-01-13 22:45:00,2.0,15.5,0.720049729646656,22.04562458603433,16.4293129579014,2.126667,0.8000000000000002,0,0,1,0.0
2024-01-13 23:00:00,2.0,15.5,0.720049729646656,21.96017447580207,16.435433755127384,2.186667,0.8000000000000002,0,0,1,0.0
2024-01-13 23:15:00,2.0,15.5,0.720049729646656,21.875958123524477,16.44049594234279,2.186667,0.8000000000000002,0,0,1,0.0
2024-01-13 23:30:00,2.0,15.5,0.720049729646656,21.792921022245523,16.44438600981614,2.186667,0.8000000000000002,0,0,1,0.0
2024-01-13 23:45:00,2.0,15.5,0.720049729646656,21.711032915426696,16.447139641316525,2.186667,0.8000000000000002,0,0,1,0.0
2024-01-14 00:00:00,2.0,15.5,0.720049729646656,21.630026890653546,16.447346031069895,1.52,0.8000000000000002,0,0,1,0.0
2024-01-14 00:15:00,2.0,15.5,0.720049729646656,21.5498198059777,16.44486315123372,1.52,0.8000000000000002,0,0,1,0.0
2024-01-14 00:30:00,2.0,15.5,0.720049729646656,21.470644673887588,16.44139176961146,1.52,0.8000000000000002,0,0,1,0.0
2024-01-14 00:45:00,2.0,15.5,0.720049729646656,21.392475481543126,16.436962461608843,1.52,0.8000000000000002,0,0,1,0.0
2024-01-14 01:00:00,2.0,15.5,0.720049729646656,21.315021533858665,16.42998961448116,0.775,0.8000000000000002,0,0,1,0.0
2024-01-14 01:15:00,2.0,15.5,0.720049729646656,21.238197285896977,16.420305729791544,0.775,0.8000000000000002,0,0,1,0.0
2024-01-14 01:30:00,2.0,15.5,0.720049729646656,21.16227028789956,16.409802880668334,0.775,0.8000000000000002,0,0,1,0.0
2024-01-14 01:45:00,2.0,15.5,0.720049729646656,21.087218428067523,16.39850694261494,0.775,0.8000000000000002,0,0,1,0.0
2024-01-14 02:00:00,2.0,15.5,0.720049729646656,21.01302496049808,16.386471962615058,0.788333,0.8000000000000002,0,0,1,0.0
2024-01-14 02:15:00,2.0,15.5,0.720049729646656,20.939670079029828,16.37372587656797,0.788333,0.8000000000000002,0,0,1,0.0
2024-01-14 02:30:00,2.0,15.5,0.720049729646656,20.867128252292055,16.360259050022997,0.788333,0.8000000000000002,0,0,1,0.0
2024-01-14 02:45:00,2.0,15.5,0.720049729646656,20.795379710157302,16.346094556357716,0.788333,0.8000000000000002,0,0,1,0.0
2024-01-14 03:00:00,2.0,15.5,0.720049729646656,20.72417188667338,16.32983463153711,0.133333,0.8000000000000002,0,0,1,0.0
2024-01-14 03:15:00,2.0,15.5,0.720049729646656,20.653432496685564,16.311328413538988,0.133333,0.8000000000000002,0,0,1,0.0
2024-01-14 03:30:00,2.0,15.5,0.720049729646656,20.58339961074616,16.29223590521092,0.133333,0.8000000000000002,0,0,1,0.0
2024-01-14 03:45:00,1.0,19.1,0.720049729646656,20.825035395958952,16.273207295726934,0.133333,0.8000000000000002,0,0,1,0.0
2024-01-14 04:00:00,1.0,21.5,0.720049729646656,21.93836154011179,16.26490732070545,0.011667,0.8000000000000002,0,0,1,0.0
2024-01-14 04:15:00,1.0,21.5,0.720049729646656,21.901952134140945,16.263190422316047,0.011667,0.8000000000000002,0,0,1,0.0
2024-01-14 04:30:00,1.0,21.5,0.720049729646656,21.814678599842047,16.260440133667604,0.011667,0.8000000000000002,0,0,1,0.0
2024-01-14 04:45:00,1.0,21.5,0.720049729646656,21.728527328487402,16.256615105228867,0.011667,0.8000000000000002,0,0,1,0.0
2024-01-14 05:00:00,1.0,19.9,0.720049729646656,21.643539503473264,16.252171384926374,0.206667,0.8000000000000002,0,0,1,0.0
2024-01-14 05:15:00,1.0,21.5,0.720049729646656,21.559703585718278,16.247192669461874,0.206667,0.8000000000000002,0,0,1,0.0
2024-01-14 05:30:00,1.0,21.5,0.720049729646656,21.47691656231745,16.241222439063396,0.206667,0.8000000000000002,0,0,1,0.0
2024-01-14 05:45:00,2.0,18.3,0.720049729646656,21.395152158305407,16.234291539839205,0.206667,0.8000000000000002,0,0,1,0.0
2024-01-14 06:00:00,1.0,19.5,0.720049729646656,21.31419186133906,16.225255490817656,-0.335,0.8000000000000002,0,0,1,0.0
2024-01-14 06:15:00,1.0,21.5,0.720049729646656,21.23396651685997,16.214000640559206,-0.335,0.8000000000000002,0,0,1,0.0
2024-01-14 06:30:00,1.0,21.5,0.720049729646656,21.15466388883919,16.20191055809416,-0.335,0.8000000000000002,0,0,1,0.0
2024-01-14 06:45:00,1.0,21.5,0.720049729646656,21.07626132495541,16.1890117312567,-0.335,0.8000000000000002,0,0,1,0.0
2024-01-14 07:00:00,1.0,21.5,0.720049729646656,21.240913777463597,16.175704589885623,-0.35667,0.8000000000000002,0,0,1,0.0
2024-01-14 07:15:00,1.0,21.5,0.720049729646656,22.072387108711585,16.170807337995846,-0.35667,0.8000000000000002,0,0,1,0.0
2024-01-14 07:30:00,1.0,21.5,0.720049729646656,21.99048060739332,16.170267073246393,-0.35667,0.0,0,1,0,0.0
2024-01-14 07:45:00,1.0,21.5,0.720049729646656,21.90110367078351,16.168578391584774,-0.35667,0.0,0,0,0,0.0
2024-01-14 08:00:00,1.0,21.5,0.720049729646656,21.818566815586948,16.16597127477767,-0.27333,0.0,0,0,0,0.0
2024-01-14 08:15:00,3.0,21.5,0.720049729646656,21.743550960708863,16.16260539466484,-0.27333,0.0,0,0,0,0.0
2024-01-14 08:30:00,1.0,21.5,0.720049729646656,21.669487241686934,16.158333255548794,-0.27333,0.0,0,0,0,0.0
2024-01-14 08:45:00,1.0,21.5,0.720049729646656,21.596351729874698,16.15318296670475,-0.27333,0.8,1,0,1,0.7350000000000001
2024-01-14 09:00:00,1.0,21.5,0.720049729646656,21.5274569219359,16.147624143631756,-0.075,0.8,0,0,1,0.0
2024-01-14 09:15:00,1.0,21.5,0.720049729646656,21.463203199856252,16.14179522316459,-0.075,0.8,0,0,1,0.0
2024-01-14 09:30:00,1.0,21.5,0.720049729646656,21.399728249206632,16.135241611967356,-0.075,0.8,0,0,1,0.0
2024-01-14 09:45:00,1.0,21.5,0.720049729646656,21.33701270489647,16.127986011452762,-0.075,0.8,0,0,1,0.0
2024-01-14 10:00:00,1.0,21.5,0.720049729646656,21.276597723405967,16.122548248919408,1.075,0.0,0,1,0,0.0
2024-01-14 10:15:00,1.0,21.5,0.720049729646656,21.218702412629025,16.119273863469193,1.075,0.0,0,0,0,0.0
2024-01-14 10:30:00,1.0,21.5,0.720049729646656,21.161533490521034,16.115311892202826,1.075,0.0,0,0,0,0.0
2024-01-14 10:45:00,1.0,21.5,0.720049729646656,21.105072749277042,16.110683713257266,1.075,0.0,0,0,0,0.0
2024-01-14 11:00:00,1.0,21.5,0.720049729646656,21.050480637769226,16.10995051426615,3.168333,0.0,0,0,0,0.0
2024-01-14 11:15:00,1.0,21.5,0.720049729646656,21.23990942338564,16.11411288612886,3.168333,0.0,0,0,0,0.0
2024-01-14 11:30:00,1.0,21.5,0.720049729646656,21.97529539170652,16.126069539069523,3.168333,0.0,0,0,0,0.0
2024-01-14 11:45:00,1.0,21.5,0.720049729646656,21.910724986460327,16.14142780011214,3.168333,0.0,0,0,0,0.0
2024-01-14 12:00:00,1.0,21.5,0.720049729646656,21.847465188785982,16.15834916549577,4.396667,0.0,0,0,0,0.0
2024-01-14 12:15:00,1.0,21.5,0.720049729646656,21.785567187003036,16.177186918229285,4.396667,0.0,0,0,0,0.0
2024-01-14 12:30:00,1.0,21.5,0.720049729646656,21.724724588709357,16.1948986363156,4.396667,0.0,0,0,0,0.0
2024-01-14 12:45:00,1.0,21.5,0.720049729646656,21.66490935381143,16.211517603628767,4.396667,0.0,0,0,0,0.0
2024-01-14 13:00:00,1.0,21.5,0.720049729646656,21.606099601357876,16.232247781477664,6.783333,0.0,0,0,0,0.0
2024-01-14 13:15:00,1.0,21.5,0.720049729646656,21.548358891714734,16.257734214995857,6.783333,0.0,0,0,0,0.0
2024-01-14 13:30:00,1.0,21.5,0.720049729646656,21.491701469782463,16.282031753774387,6.783333,0.0,0,0,0,0.0
2024-01-14 13:45:00,1.0,21.5,0.720049729646656,21.436098141411335,16.305175140463962,6.783333,0.0,0,0,0,0.0
2024-01-14 14:00:00,3.0,21.5,0.720049729646656,21.379946454372043,16.32914962134788,7.686667,0.0,0,0,0,0.0
2024-01-14 14:15:00,3.0,21.5,0.720049729646656,21.323056564177683,16.354191465652903,7.686667,0.0,0,0,0,0.0
2024-01-14 14:30:00,1.0,21.5,0.720049729646656,21.26723313758339,16.378063141988747,7.686667,0.0,0,0,0,0.0
2024-01-14 14:45:00,1.0,21.5,0.720049729646656,21.21244743711852,16.40079884883788,7.686667,0.0,0,0,0,0.0
2024-01-14 15:00:00,1.0,21.5,0.720049729646656,21.153413311920417,16.422256740113486,7.615,0.0,0,0,0,0.0
2024-01-14 15:15:00,1.0,21.5,0.720049729646656,21.089445867759313,16.442354650958283,7.615,0.0,0,0,0,0.0
2024-01-14 15:30:00,1.0,21.5,0.720049729646656,21.026576979597163,16.461277849491605,7.615,0.0,0,0,0,0.0
2024-01-14 15:45:00,3.0,21.5,0.720049729646656,21.757280564711916,16.482830627634144,7.615,0.0,0,0,0,0.0
2024-01-14 16:00:00,1.0,21.5,0.720049729646656,21.922955982996434,16.510156995101458,6.705,0.0,0,0,0,0.0
2024-01-14 16:15:00,1.0,21.5,0.720049729646656,21.84365359226324,16.53436774464291,6.705,0.0,0,0,0,0.0
2024-01-14 16:30:00,1.0,21.5,0.720049729646656,21.76570431314273,16.55713450887535,6.705,0.0,0,0,0,0.0
2024-01-14 16:45:00,1.0,21.5,0.720049729646656,21.689072192014166,16.578499965965825,6.705,0.0,0,0,0,0.0
2024-01-14 17:00:00,1.0,21.5,0.720049729646656,21.613269842910984,16.595751954605927,5.435,0.0,0,0,0,0.0
2024-01-14 17:15:00,1.0,21.5,0.720049729646656,21.53815937630222,16.60859603557508,5.435,0.0,0,0,0,0.0
2024-01-14 17:30:00,1.0,21.5,0.720049729646656,21.464204606951252,16.62024897512567,5.435,0.0,0,0,0,0.0
2024-01-14 17:45:00,1.0,21.5,0.720049729646656,21.3913753530652,16.63074648685102,5.435,0.0,0,0,0,0.0
2024-01-14 18:00:00,1.0,21.5,0.720049729646656,21.319139961656802,16.637066091236694,4.025,0.0,0,0,0,0.0
2024-01-14 18:15:00,1.0,21.5,0.720049729646656,21.247354536439186,16.638869871561525,4.025,0.0,0,0,0,0.0
2024-01-14 18:30:00,1.0,21.5,0.720049729646656,21.17654295565857,16.639718489721755,4.025,0.0,0,0,0,0.0
2024-01-14 18:45:00,1.0,21.5,0.720049729646656,21.106680392643337,16.63964119007455,4.025,0.0,0,0,0,0.0
2024-01-14 19:00:00,1.0,21.5,0.720049729646656,21.037396555318765,16.636559605126642,3.053333,0.0,0,0,0,0.0
2024-01-14 19:15:00,1.0,21.5,0.720049729646656,21.667023193358474,16.632896550057243,3.053333,0.0,0,0,0,0.0
2024-01-14 19:30:00,1.0,21.5,0.720049729646656,22.05273285236927,16.63915120449752,3.053333,0.0,0,0,0,0.0
2024-01-14 19:45:00,1.0,21.5,0.720049729646656,21.970501424918528,16.645854884985336,3.053333,0.0,0,0,0,0.0
2024-01-14 20:00:00,1.0,21.5,0.720049729646656,21.88919167796114,16.649851056579188,2.3466670000000005,0.0,0,0,0,0.0
2024-01-14 20:15:00,1.0,21.5,0.720049729646656,21.80871556493822,16.65098912867639,2.3466670000000005,0.0,0,0,0,0.0
2024-01-14 20:30:00,1.0,21.5,0.720049729646656,21.72932016088432,16.651071873040298,2.3466670000000005,0.0,0,0,0,0.0
2024-01-14 20:45:00,1.0,21.5,0.720049729646656,21.65097797280034,16.65013166179637,2.3466670000000005,0.0,0,0,0,0.0
2024-01-14 21:00:00,1.0,21.5,0.720049729646656,21.573535806197818,16.647430231362815,1.991667,0.0,0,0,0,0.0
2024-01-14 21:15:00,1.0,21.5,0.720049729646656,21.496938633056065,16.642904572402436,1.991667,0.0,0,0,0,0.0
2024-01-14 21:30:00,1.0,21.5,0.720049729646656,21.421300077546178,16.637472604544023,1.991667,0.0,0,0,0,0.0
2024-01-14 21:45:00,1.0,21.5,0.720049729646656,21.346596124499577,16.631162521330957,1.991667,0.0,0,0,0,0.0
2024-01-14 22:00:00,1.0,21.5,0.720049729646656,21.272362862398847,16.621320356936806,0.755,0.0,0,0,0,0.0
2024-01-14 22:15:00,2.0,15.9,0.720049729646656,21.19847639944225,16.607646775726764,0.755,0.0,0,0,0,0.0
2024-01-14 22:30:00,2.0,17.9,0.720049729646656,21.125398460416477,16.593261845288588,0.755,0.0,0,0,0,0.0
2024-01-14 22:45:00,2.0,15.5,0.720049729646656,21.05310945244547,16.578188416364338,0.755,0.0,0,0,0,0.0
2024-01-14 23:00:00,2.0,15.5,0.720049729646656,20.981031010096462,16.55904459389674,-0.815,0.0,0,0,0,0.0
2024-01-14 23:15:00,2.0,15.5,0.720049729646656,20.909016139771378,16.535438139733547,-0.815,0.0,0,0,0,0.0
2024-01-14 23:30:00,2.0,15.5,0.720049729646656,20.837661023500047,16.511318236050965,-0.815,0.0,0,0,0,0.0
2024-01-14 23:45:00,2.0,15.5,0.720049729646656,20.76695050984801,16.486702356373137,-0.815,0.0,0,0,0,0.0
