,Occupancy,T_set_HP,P_loss_HP,T_ref_HP,T_wall_HP,T_out_HP
2024-01-01 00:00:00,2.0,15.0,1.6443062473667247,14.965491062038597,13.523616695867322,12.0
2024-01-01 00:15:00,2.0,15.0,1.6443062473667247,14.895364267320254,13.56985123621162,12.0
2024-01-01 00:30:00,2.0,15.0,1.6443062473667247,14.830725488185115,13.609824373766763,12.0
2024-01-01 00:45:00,2.0,15.0,1.6443062473667247,14.771022193099931,13.644192166411196,12.0
2024-01-01 01:00:00,2.0,15.0,1.6443062473667247,14.715758673868363,13.67354300818776,12.0
2024-01-01 01:15:00,2.0,15.0,1.6443062473667247,14.664490192801102,13.69840460014069,12.0
2024-01-01 01:30:00,2.0,15.0,1.6443062473667247,14.616817732796795,13.719250203063323,12.0
2024-01-01 01:45:00,2.0,15.0,1.6443062473667247,14.572383288226316,13.736504246128842,12.0
2024-01-01 02:00:00,2.0,15.0,1.6443062473667247,14.530450086599693,13.743490757700725,11.0
2024-01-01 02:15:00,2.0,15.0,1.6443062473667247,14.767929131809987,13.742922997051917,11.0
2024-01-01 02:30:00,2.0,15.0,1.6443062473667247,15.456019486300107,13.771284161483155,11.0
2024-01-01 02:45:00,2.0,15.0,1.6443062473667247,15.40237119358472,13.811795457401654,11.0
2024-01-01 03:00:00,2.0,15.0,1.6443062473667247,15.323866927507046,13.84588382604473,11.0
2024-01-01 03:15:00,2.0,15.0,1.6443062473667247,15.250683714139253,13.874072833243279,11.0
2024-01-01 03:30:00,2.0,15.0,1.6443062473667247,15.182293817917671,13.896987800320206,11.0
2024-01-01 03:45:00,2.0,15.0,1.6443062473667247,15.118223716283966,13.915189502646369,11.0
2024-01-01 04:00:00,2.0,17.666666666666668,1.6443062473667247,15.479402394090453,13.93621919274238,11.0
2024-01-01 04:15:00,1.0,17.666666666666668,1.6443062473667247,15.721565618367622,13.974043831250643,11.0
2024-01-01 04:30:00,2.0,18.666666666666668,1.6443062473667247,16.58897828653425,14.033783962721156,11.0
2024-01-01 04:45:00,2.0,15.0,1.6443062473667247,16.789381556052536,14.122344190729784,11.0
2024-01-01 05:00:00,2.0,15.0,1.6443062473667247,16.658944427837035,14.196259880991924,10.0
2024-01-01 05:15:00,2.0,15.0,1.6443062473667247,16.537555674485347,14.251390224840865,10.0
2024-01-01 05:30:00,1.0,17.333333333333332,1.6443062473667247,16.53099825807153,14.297842862298477,10.0
2024-01-01 05:45:00,1.0,20.0,1.6443062473667247,17.365081390231808,14.359712989417881,10.0
2024-01-01 06:00:00,2.0,18.666666666666668,1.6443062473667247,18.30855113878156,14.464466827122594,10.0
2024-01-01 06:15:00,2.0,15.0,1.6443062473667247,18.44619855320758,14.593328329524384,10.0
2024-01-01 06:30:00,1.0,15.333333333333334,1.6443062473667247,18.258282321160845,14.709066066707656,10.0
2024-01-01 06:45:00,1.0,20.0,1.6443062473667247,18.687294805862727,14.817916368883134,10.0
2024-01-01 07:00:00,1.0,20.0,1.6443062473667247,19.61974523786952,14.957245154785223,10.0
2024-01-01 07:15:00,1.0,20.0,1.6443062473667247,20.372514087088025,15.13150367324331,10.0
2024-01-01 07:30:00,1.0,20.0,1.6443062473667247,20.25534847008099,15.311166713832904,10.0
2024-01-01 07:45:00,1.0,20.0,1.6443062473667247,20.014829103095916,15.46840911904269,10.0
2024-01-01 08:00:00,1.0,20.0,1.6443062473667247,19.79446843709415,15.604280189703767,10.0
2024-01-01 08:15:00,1.0,20.0,1.6443062473667247,19.592486640424543,15.721116327237224,10.0
2024-01-01 08:30:00,1.0,20.0,1.6443062473667247,19.933396149075428,15.828578786039651,10.0
2024-01-01 08:45:00,1.0,20.0,1.6443062473667247,20.463650919358074,15.959315977378266,10.0
2024-01-01 09:00:00,1.0,20.0,1.6443062473667247,20.262796308960944,16.086576788090742,10.0
2024-01-01 09:15:00,1.0,20.0,1.6443062473667247,20.064810435086752,16.195620823954787,10.0
2024-01-01 09:30:00,1.0,20.0,1.6443062473667247,19.881318299457522,16.288337243983634,10.0
2024-01-01 09:45:00,1.0,20.0,1.6443062473667247,19.710870389528086,16.36644557757486,10.0
2024-01-01 10:00:00,1.0,20.0,1.6443062473667247,19.557816045540427,16.438620252432298,11.0
2024-01-01 10:15:00,1.0,20.0,1.6443062473667247,20.024486732758362,16.516394708670862,11.0
2024-01-01 10:30:00,1.0,20.0,1.6443062473667247,20.463497188660856,16.62076757839397,11.0
2024-01-01 10:45:00,1.0,20.0,1.6443062473667247,20.292965572791015,16.721073520445746,11.0
2024-01-01 11:00:00,1.0,20.0,1.6443062473667247,20.140166824216415,16.814037188857352,12.0
2024-01-01 11:15:00,1.0,20.0,1.6443062473667247,20.0046615058577,16.901903673988627,12.0
2024-01-01 11:30:00,1.0,20.0,1.6443062473667247,19.879692096746123,16.977763790755155,12.0
2024-01-01 11:45:00,1.0,20.0,1.6443062473667247,19.764198510481076,17.042876143233674,12.0
2024-01-01 12:00:00,1.0,20.0,1.6443062473667247,19.655511297188244,17.098344667912595,12.0
2024-01-01 12:15:00,1.0,20.0,1.6443062473667247,19.552643952990643,17.145065571272553,12.0
2024-01-01 12:30:00,1.0,20.0,1.6443062473667247,19.91480367993172,17.19004675693387,12.0
2024-01-01 12:45:00,1.0,20.0,1.6443062473667247,20.462404703271137,17.263229594683022,12.0
2024-01-01 13:00:00,1.0,20.0,1.6443062473667247,20.333880179351663,17.33844758353482,12.0
2024-01-01 13:15:00,1.0,20.0,1.6443062473667247,20.21029617799086,17.402565454343048,12.0
2024-01-01 13:30:00,1.0,20.0,1.6443062473667247,20.095575460629675,17.456739555956695,12.0
2024-01-01 13:45:00,1.0,20.0,1.6443062473667247,19.98883352164777,17.50201884940127,12.0
2024-01-01 14:00:00,1.0,20.0,1.6443062473667247,19.883660512625745,17.539262824462675,12.0
2024-01-01 14:15:00,1.0,20.0,1.6443062473667247,19.778908963105458,17.568935515544442,12.0
2024-01-01 14:30:00,1.0,20.0,1.6443062473667247,19.680521377262064,17.591729844782392,12.0
2024-01-01 14:45:00,1.0,20.0,1.6443062473667247,19.58787483680849,17.608382558902,12.0
2024-01-01 15:00:00,1.0,20.0,1.6443062473667247,19.636662725491526,17.620425937452623,12.0
2024-01-01 15:15:00,1.0,20.0,1.6443062473667247,20.377824617952868,17.65258156283226,12.0
2024-01-01 15:30:00,1.0,20.0,1.6443062473667247,20.38027952670127,17.704038635185473,12.0
2024-01-01 15:45:00,1.0,20.0,1.6443062473667247,20.247722413167143,17.746855298570893,12.0
2024-01-01 16:00:00,1.0,20.0,1.6443062473667247,20.122805144686552,17.773576749493888,11.0
2024-01-01 16:15:00,1.0,20.0,1.6443062473667247,20.004203347310415,17.784733413394964,11.0
2024-01-01 16:30:00,1.0,20.0,1.6443062473667247,19.891762330233874,17.789511956853662,11.0
2024-01-01 16:45:00,1.0,20.0,1.6443062473667247,19.784892127673345,17.788607974150413,11.0
2024-01-01 17:00:00,1.0,20.0,1.6443062473667247,19.683063218326982,17.782645120048176,11.0
2024-01-01 17:15:00,1.0,20.0,1.6443062473667247,19.5858003012546,17.77218252257575,11.0
2024-01-01 17:30:00,1.0,20.0,1.6443062473667247,19.674833460127722,17.75914720679479,11.0
2024-01-01 17:45:00,1.0,20.0,1.6443062473667247,20.41321762826027,17.77024559334928,11.0
2024-01-01 18:00:00,1.0,20.0,1.6443062473667247,20.383504544034533,17.7997677262358,11.0
2024-01-01 18:15:00,1.0,20.0,1.6443062473667247,20.25372162418831,17.821758161529587,11.0
2024-01-01 18:30:00,1.0,20.0,1.6443062473667247,20.131135672887734,17.836154652832377,11.0
2024-01-01 18:45:00,1.0,20.0,1.6443062473667247,20.015050836491046,17.843778775869737,11.0
2024-01-01 19:00:00,1.0,20.0,1.6443062473667247,19.90484260734496,17.845367183728836,11.0
2024-01-01 19:15:00,1.0,20.0,1.6443062473667247,19.799950476717143,17.8415803571085,11.0
2024-01-01 19:30:00,1.0,20.0,1.6443062473667247,19.699871344551767,17.833010453166366,11.0
2024-01-01 19:45:00,1.0,19.8,1.6443062473667247,19.604153608085987,17.82018834581937,11.0
2024-01-01 20:00:00,1.0,20.0,1.6443062473667247,19.563213377218183,17.803760987168523,11.0
2024-01-01 20:15:00,1.0,20.0,1.6443062473667247,20.27262388619536,17.80224725125572,11.0
2024-01-01 20:30:00,1.0,20.0,1.6443062473667247,20.418783170380767,17.82875008468101,11.0
2024-01-01 20:45:00,1.0,20.0,1.6443062473667247,20.28867141656093,17.850608489881438,11.0
2024-01-01 21:00:00,1.0,20.0,1.6443062473667247,20.165350571816347,17.857808904886973,10.0
2024-01-01 21:15:00,2.0,16.666666666666668,1.6443062473667247,20.047633791110606,17.85075584264816,10.0
2024-01-01 21:30:00,2.0,15.0,1.6443062473667247,19.935187970645508,17.838511006257264,10.0
2024-01-01 21:45:00,2.0,15.0,1.6443062473667247,19.827520698097487,17.82165286673871,10.0
2024-01-01 22:00:00,1.0,17.666666666666668,1.6443062473667247,19.7241899129293,17.800699983274917,10.0
2024-01-01 22:15:00,1.0,20.0,1.6443062473667247,19.624798722266394,17.77611717726281,10.0
2024-01-01 22:30:00,1.0,20.0,1.6443062473667247,19.544270902869606,17.7483382411229,10.0
2024-01-01 22:45:00,2.0,15.666666666666666,1.6443062473667247,19.79487660310808,17.72646463303038,10.0
2024-01-01 23:00:00,2.0,15.0,1.6443062473667247,19.703298519499377,17.710599630074565,10.0
2024-01-01 23:15:00,2.0,15.0,1.6443062473667247,19.600706574846505,17.69067713336307,10.0
2024-01-01 23:30:00,2.0,15.0,1.6443062473667247,19.502067049027936,17.66709534934117,10.0
2024-01-01 23:45:00,2.0,15.0,1.6443062473667247,19.40702158969033,17.640273358298465,10.0
2024-01-02 00:00:00,2.0,15.0,1.6443062473667247,19.31524839941448,17.61058675920426,10.0
2024-01-02 00:15:00,2.0,15.0,1.6443062473667247,19.22645847274678,17.578372151128413,10.0
2024-01-02 00:30:00,2.0,15.0,1.6443062473667247,19.14039222084483,17.54393115300185,10.0
2024-01-02 00:45:00,2.0,15.0,1.6443062473667247,19.056816443807968,17.507534009273922,10.0
2024-01-02 01:00:00,2.0,15.0,1.6443062473667247,18.97593716918804,17.476479424180148,11.0
2024-01-02 01:15:00,2.0,15.0,1.6443062473667247,18.898056300430884,17.45140224772189,11.0
2024-01-02 01:30:00,2.0,15.0,1.6443062473667247,18.822712478591093,17.424172483900527,11.0
2024-01-02 01:45:00,2.0,15.0,1.6443062473667247,18.74968481664938,17.39504680718852,11.0
2024-01-02 02:00:00,2.0,15.0,1.6443062473667247,18.678359329015993,17.35719859362733,10.0
2024-01-02 02:15:00,2.0,15.0,1.6443062473667247,18.60806753600608,17.310415888050873,10.0
2024-01-02 02:30:00,2.0,15.0,1.6443062473667247,18.538941344016425,17.263207466672178,10.0
2024-01-02 02:45:00,2.0,15.0,1.6443062473667247,18.47090549170396,17.215655869043974,10.0
2024-01-02 03:00:00,2.0,15.0,1.6443062473667247,18.403892140089905,17.167834846760435,10.0
2024-01-02 03:15:00,2.0,15.0,1.6443062473667247,18.337840110399632,17.11981027083329,10.0
2024-01-02 03:30:00,2.0,15.0,1.6443062473667247,18.27269420039675,17.07164094558105,10.0
2024-01-02 03:45:00,2.0,15.0,1.6443062473667247,18.208404571125563,17.023379338661922,10.0
2024-01-02 04:00:00,1.0,15.333333333333334,1.6443062473667247,18.144926196809177,16.9750722358888,10.0
2024-01-02 04:15:00,2.0,19.333333333333332,1.6443062473667247,18.679721679071257,16.936140011585852,10.0
2024-01-02 04:30:00,2.0,15.0,1.6443062473667247,19.038866311223185,16.930911116781495,10.0
2024-01-02 04:45:00,2.0,15.0,1.6443062473667247,18.931581578663295,16.928165643484032,10.0
2024-01-02 05:00:00,2.0,15.0,1.6443062473667247,18.829272129281733,16.920457143293934,10.0
2024-01-02 05:15:00,1.0,18.666666666666668,1.6443062473667247,19.00915968048768,16.911125467320925,10.0
2024-01-02 05:30:00,1.0,20.0,1.6443062473667247,19.974855669350976,16.932229252474325,10.0
2024-01-02 05:45:00,1.0,20.0,1.6443062473667247,20.4865158519789,16.994244672506706,10.0
2024-01-02 06:00:00,1.0,20.0,1.6443062473667247,20.31819268225642,17.057045175549526,10.0
2024-01-02 06:15:00,1.0,20.0,1.6443062473667247,20.155927609272343,17.10761441666243,10.0
2024-01-02 06:30:00,1.0,20.0,1.6443062473667247,20.003734986128446,17.147239463503166,10.0
2024-01-02 06:45:00,1.0,20.0,1.6443062473667247,19.860626219029278,17.177090006740663,10.0
2024-01-02 07:00:00,1.0,20.0,1.6443062473667247,19.726129744836758,17.205271532092492,11.0
2024-01-02 07:15:00,1.0,20.0,1.6443062473667247,19.599939664880285,17.233142552027378,11.0
2024-01-02 07:30:00,3.0,19.966666666666665,1.6443062473667247,19.708497191360234,17.2552550917488,11.0
2024-01-02 07:45:00,3.0,19.5,1.6443062473667247,20.030843228068647,17.292804605575878,11.0
2024-01-02 08:00:00,1.0,19.533333333333335,1.6443062473667247,19.894737009200004,17.329769866313033,11.0
2024-01-02 08:15:00,1.0,19.8,1.6443062473667247,19.767391101379687,17.35791539013649,11.0
2024-01-02 08:30:00,1.0,20.0,1.6443062473667247,19.647412783339647,17.378196946182353,11.0
2024-01-02 08:45:00,1.0,20.0,1.6443062473667247,19.54936566726534,17.39147841184444,11.0
2024-01-02 09:00:00,1.0,20.0,1.6443062473667247,20.16300823453378,17.412049141051444,11.0
2024-01-02 09:15:00,1.0,20.0,1.6443062473667247,20.4115361086172,17.461183570989288,11.0
2024-01-02 09:30:00,1.0,20.0,1.6443062473667247,20.266003459755897,17.505817953319813,11.0
2024-01-02 09:45:00,1.0,20.0,1.6443062473667247,20.12947108057984,17.540681932165242,11.0
2024-01-02 10:00:00,1.0,20.0,1.6443062473667247,20.004785749381803,17.566874081208546,11.0
2024-01-02 10:15:00,1.0,20.0,1.6443062473667247,19.89144430005259,17.58558322836926,11.0
2024-01-02 10:30:00,1.0,20.0,1.6443062473667247,19.784365011141112,17.597691590756998,11.0
2024-01-02 10:45:00,3.0,19.766666666666666,1.6443062473667247,19.68294272886112,17.603913603866726,11.0
2024-01-02 11:00:00,1.0,19.866666666666667,1.6443062473667247,19.584503740465543,17.6048590360113,11.0
2024-01-02 11:15:00,1.0,20.0,1.6443062473667247,19.67055215865092,17.60238399894281,11.0
2024-01-02 11:30:00,1.0,20.0,1.6443062473667247,20.406585174126857,17.623236366515098,11.0
2024-01-02 11:45:00,1.0,20.0,1.6443062473667247,20.375086852249797,17.661787165027803,11.0
2024-01-02 12:00:00,1.0,20.0,1.6443062473667247,20.244273542245573,17.69920780590502,12.0
2024-01-02 12:15:00,1.0,20.0,1.6443062473667247,20.121834961459935,17.73590799827071,12.0
2024-01-02 12:30:00,1.0,20.0,1.6443062473667247,20.00692879739794,17.764441700237466,12.0
2024-01-02 12:45:00,1.0,19.666666666666668,1.6443062473667247,19.898816586581884,17.785682513614635,12.0
2024-01-02 13:00:00,1.0,20.0,1.6443062473667247,19.796206047875142,17.800404702813143,12.0
2024-01-02 13:15:00,1.0,20.0,1.6443062473667247,19.698453689437997,17.80926814944003,12.0
2024-01-02 13:30:00,1.0,20.0,1.6443062473667247,19.60576363221016,17.81289556225809,12.0
2024-01-02 13:45:00,1.0,20.0,1.6443062473667247,19.54817787993005,17.811926755346473,12.0
2024-01-02 14:00:00,1.0,20.0,1.6443062473667247,20.229177074227515,17.822675788427897,12.0
2024-01-02 14:15:00,1.0,20.0,1.6443062473667247,20.438147179100195,17.86251232851525,12.0
2024-01-02 14:30:00,1.0,20.0,1.6443062473667247,20.31401670129169,17.89823195681246,12.0
2024-01-02 14:45:00,1.0,20.0,1.6443062473667247,20.197453468273686,17.925765708581594,12.0
2024-01-02 15:00:00,1.0,20.0,1.6443062473667247,20.085957317841707,17.945964626514904,12.0
2024-01-02 15:15:00,1.0,20.0,1.6443062473667247,19.97872689704088,17.959495762850654,12.0
2024-01-02 15:30:00,1.0,20.0,1.6443062473667247,19.877226906464664,17.967043933171464,12.0
2024-01-02 15:45:00,1.0,20.0,1.6443062473667247,19.780906246070888,17.969259307136,12.0
2024-01-02 16:00:00,1.0,20.0,1.6443062473667247,19.688581309484157,17.95966427401688,11.0
2024-01-02 16:15:00,2.0,16.333333333333332,1.6443062473667247,19.599296751157144,17.93834501319168,11.0
2024-01-02 16:30:00,2.0,15.0,1.6443062473667247,19.513266609924695,17.914091211262413,11.0
2024-01-02 16:45:00,1.0,18.333333333333332,1.6443062473667247,19.657647247572964,17.889275921495383,11.0
2024-01-02 17:00:00,1.0,20.0,1.6443062473667247,20.43237337896427,17.892513422819427,11.0
2024-01-02 17:15:00,1.0,20.0,1.6443062473667247,20.407441109369646,17.915271320217464,11.0
2024-01-02 17:30:00,1.0,20.0,1.6443062473667247,20.281896702727856,17.93115131486903,11.0
2024-01-02 17:45:00,1.0,20.0,1.6443062473667247,20.16306319458611,17.940024128404467,11.0
2024-01-02 18:00:00,1.0,20.0,1.6443062473667247,20.050295167426107,17.942651207383868,11.0
2024-01-02 18:15:00,1.0,20.0,1.6443062473667247,19.94301335146573,17.939715267475314,11.0
2024-01-02 18:30:00,1.0,20.0,1.6443062473667247,19.8406978130974,17.931828405893384,11.0
2024-01-02 18:45:00,1.0,20.0,1.6443062473667247,19.742881844985536,17.919539378137433,11.0
2024-01-02 19:00:00,1.0,20.0,1.6443062473667247,19.649146485543437,17.90334012511748,11.0
2024-01-02 19:15:00,3.0,19.866666666666667,1.6443062473667247,19.559115602955572,17.883671627887455,11.0
2024-01-02 19:30:00,1.0,19.833333333333332,1.6443062473667247,19.699899259301787,17.862962074609122,11.0
2024-01-02 19:45:00,1.0,20.0,1.6443062473667247,20.426099612251,17.86926805836721,11.0
2024-01-02 20:00:00,1.0,20.0,1.6443062473667247,20.370501496181372,17.88499256902011,10.0
2024-01-02 20:15:00,1.0,20.0,1.6443062473667247,20.244292018731144,17.88605192104711,10.0
2024-01-02 20:30:00,1.0,20.0,1.6443062473667247,20.12413512415173,17.881003327640062,10.0
2024-01-02 20:45:00,1.0,20.0,1.6443062473667247,20.009458570714102,17.870520230789655,10.0
2024-01-02 21:00:00,1.0,20.0,1.6443062473667247,19.899748686847538,17.855206373048357,10.0
2024-01-02 21:15:00,1.0,20.0,1.6443062473667247,19.794544340456593,17.835602979866152,10.0
2024-01-02 21:30:00,1.0,20.0,1.6443062473667247,19.69343152945452,17.81219520203648,10.0
2024-01-02 21:45:00,1.0,20.0,1.6443062473667247,19.596038529520133,17.785417894470804,10.0
2024-01-02 22:00:00,1.0,20.0,1.6443062473667247,19.608522412885673,17.756257160558082,10.0
2024-01-02 22:15:00,2.0,15.666666666666666,1.6443062473667247,20.064260212717173,17.743358262111837,10.0
2024-01-02 22:30:00,2.0,15.0,1.6443062473667247,19.960655111897474,17.739326809793365,10.0
2024-01-02 22:45:00,2.0,15.0,1.6443062473667247,19.84715911707483,17.729918740157977,10.0
2024-01-02 23:00:00,2.0,15.0,1.6443062473667247,19.73862368359874,17.715668884597946,10.0
2024-01-02 23:15:00,2.0,15.0,1.6443062473667247,19.634587456664836,17.69711886879606,10.0
2024-01-02 23:30:00,2.0,15.0,1.6443062473667247,19.534636240702973,17.67475420797433,10.0
2024-01-02 23:45:00,2.0,15.0,1.6443062473667247,19.43839814407714,17.649010089316718,10.0
2024-01-03 00:00:00,2.0,15.0,1.6443062473667247,19.34512366961208,17.61321995865604,9.0
2024-01-03 00:15:00,2.0,15.0,1.6443062473667247,19.254022723549344,17.567315387949847,9.0
2024-01-03 00:30:00,2.0,15.0,1.6443062473667247,19.16511806456019,17.519933842366473,9.0
2024-01-03 00:45:00,2.0,15.0,1.6443062473667247,19.07823646618486,17.471273241156958,9.0
2024-01-03 01:00:00,2.0,15.0,1.6443062473667247,18.99322215543571,17.421510777767914,9.0
2024-01-03 01:15:00,2.0,15.0,1.6443062473667247,18.909935017751966,17.37080505735311,9.0
2024-01-03 01:30:00,2.0,15.0,1.6443062473667247,18.828248986845626,17.319298014075777,9.0
2024-01-03 01:45:00,2.0,15.0,1.6443062473667247,18.74805060039269,17.267116630886157,9.0
2024-01-03 02:00:00,2.0,15.0,1.6443062473667247,18.668822150174453,17.20731788206634,8.0
2024-01-03 02:15:00,2.0,15.0,1.6443062473667247,18.589981435468086,17.139585331956276,8.0
2024-01-03 02:30:00,2.0,15.0,1.6443062473667247,18.511737673781234,17.072333970011815,8.0
2024-01-03 02:45:00,2.0,15.0,1.6443062473667247,18.434084871423504,17.005562141683914,8.0
2024-01-03 03:00:00,2.0,15.0,1.6443062473667247,18.357017242774955,16.93926800946067,8.0
2024-01-03 03:15:00,2.0,15.0,1.6443062473667247,18.28052919187152,16.87344957432144,8.0
2024-01-03 03:30:00,2.0,15.0,1.6443062473667247,18.204615295865093,16.808104694961695,8.0
2024-01-03 03:45:00,2.0,15.0,1.6443062473667247,18.129270290165316,16.74323110501839,8.0
2024-01-03 04:00:00,2.0,15.0,1.6443062473667247,18.05490460940108,16.685883028557555,9.0
2024-01-03 04:15:00,1.0,18.333333333333332,1.6443062473667247,18.23939791018635,16.639163387153012,9.0
2024-01-03 04:30:00,1.0,20.0,1.6443062473667247,19.173572383609834,16.623909526464782,9.0
2024-01-03 04:45:00,1.0,20.0,1.6443062473667247,20.160840502647417,16.65810342813244,9.0
2024-01-03 05:00:00,1.0,20.0,1.6443062473667247,20.43557830583799,16.726285089865026,9.0
2024-01-03 05:15:00,1.0,20.0,1.6443062473667247,20.251319136621284,16.78829794579563,9.0
2024-01-03 05:30:00,1.0,20.0,1.6443062473667247,20.078711324488292,16.837594876621075,9.0
2024-01-03 05:45:00,1.0,20.0,1.6443062473667247,19.916608693534506,16.87553245686404,9.0
2024-01-03 06:00:00,1.0,20.0,1.6443062473667247,19.76398273980178,16.903327172371807,9.0
2024-01-03 06:15:00,1.0,20.0,1.6443062473667247,19.61991051251236,16.922069853770644,9.0
2024-01-03 06:30:00,1.0,20.0,1.6443062473667247,19.665720490892717,16.934164397682093,9.0
2024-01-03 06:45:00,1.0,20.0,1.6443062473667247,20.4044316613165,16.967218344347597,9.0
2024-01-03 07:00:00,1.0,20.0,1.6443062473667247,20.370161006761986,17.018129473282144,9.0
2024-01-03 07:15:00,1.0,20.0,1.6443062473667247,20.202599798654244,17.058676511883338,9.0
2024-01-03 07:30:00,1.0,20.0,1.6443062473667247,20.044896388849264,17.088655461669262,9.0
2024-01-03 07:45:00,1.0,20.0,1.6443062473667247,19.89608990260634,17.109202110448653,9.0
2024-01-03 08:00:00,1.0,20.0,1.6443062473667247,19.755676754882874,17.121340086119282,9.0
2024-01-03 08:15:00,1.0,20.0,1.6443062473667247,19.62291088789296,17.126006816049255,9.0
2024-01-03 08:30:00,1.0,20.0,1.6443062473667247,19.638509792117805,17.124977478755607,9.0
2024-01-03 08:45:00,1.0,20.0,1.6443062473667247,20.389068588809398,17.14384477213572,9.0
2024-01-03 09:00:00,1.0,20.0,1.6443062473667247,20.404420980954413,17.18433722407814,9.0
2024-01-03 09:15:00,1.0,20.0,1.6443062473667247,20.244774155832093,17.21612475728197,9.0
2024-01-03 09:30:00,1.0,20.0,1.6443062473667247,20.094200890143615,17.238273342180978,9.0
2024-01-03 09:45:00,1.0,20.0,1.6443062473667247,19.9518208667583,17.251822855622912,9.0
2024-01-03 10:00:00,1.0,20.0,1.6443062473667247,19.817327486657874,17.257712700073466,9.0
2024-01-03 10:15:00,1.0,20.0,1.6443062473667247,19.69004918038029,17.256811567191015,9.0
2024-01-03 10:30:00,1.0,20.0,1.6443062473667247,19.56878302966373,17.249874488942318,9.0
2024-01-03 10:45:00,1.0,20.0,1.6443062473667247,19.910921147845272,17.24368791293398,9.0
2024-01-03 11:00:00,1.0,20.0,1.6443062473667247,20.437126688393004,17.267959893816972,9.0
2024-01-03 11:15:00,1.0,20.0,1.6443062473667247,20.285834602658394,17.2963149934226,9.0
2024-01-03 11:30:00,1.0,20.0,1.6443062473667247,20.13818696659556,17.315418024642206,9.0
2024-01-03 11:45:00,1.0,20.0,1.6443062473667247,19.998451631974508,17.326253358015602,9.0
2024-01-03 12:00:00,1.0,20.0,1.6443062473667247,19.86640052768051,17.329726849593822,9.0
2024-01-03 12:15:00,1.0,20.0,1.6443062473667247,19.741391765461305,17.32667981778427,9.0
2024-01-03 12:30:00,1.0,20.0,1.6443062473667247,19.62218730716521,17.31784029007144,9.0
2024-01-03 12:45:00,1.0,20.0,1.6443062473667247,19.584389859499012,17.30419144072433,9.0
2024-01-03 13:00:00,1.0,20.0,1.6443062473667247,20.295158457419372,17.30665705524395,9.0
2024-01-03 13:15:00,1.0,20.0,1.6443062473667247,20.368653431837423,17.33395852263181,9.0
2024-01-03 13:30:00,1.0,20.0,1.6443062473667247,20.218801541099406,17.354660656135493,9.0
2024-01-03 13:45:00,1.0,20.0,1.6443062473667247,20.077041242686892,17.36688911878777,9.0
2024-01-03 14:00:00,1.0,20.0,1.6443062473667247,19.942653913660607,17.36451386591758,8.0
2024-01-03 14:15:00,1.0,20.0,1.6443062473667247,19.81448680965731,17.347973689076223,8.0
2024-01-03 14:30:00,1.0,20.0,1.6443062473667247,19.691646088046323,17.326337507291225,8.0
2024-01-03 14:45:00,1.0,20.0,1.6443062473667247,19.57364115867583,17.30018042806353,8.0
2024-01-03 15:00:00,1.0,20.0,1.6443062473667247,19.85164137835238,17.28186634537271,9.0
2024-01-03 15:15:00,1.0,20.0,1.6443062473667247,20.434987112500302,17.30170014008426,9.0
2024-01-03 15:30:00,1.0,20.0,1.6443062473667247,20.292368446002662,17.328210659966278,9.0
2024-01-03 15:45:00,1.0,20.0,1.6443062473667247,20.14313643120569,17.345558335436642,9.0
2024-01-03 16:00:00,1.0,20.0,1.6443062473667247,20.001719228117665,17.35467142987645,9.0
2024-01-03 16:15:00,1.0,20.0,1.6443062473667247,19.867350432119977,17.35643946024526,9.0
2024-01-03 16:30:00,1.0,20.0,1.6443062473667247,19.739455315605344,17.351664453974443,9.0
2024-01-03 16:45:00,1.0,20.0,1.6443062473667247,19.61742135206238,17.341067343663987,9.0
2024-01-03 17:00:00,1.0,20.0,1.6443062473667247,19.607189583374353,17.32589081153033,9.0
2024-01-03 17:15:00,1.0,20.0,1.6443062473667247,20.328413222624807,17.329231228902238,9.0
2024-01-03 17:30:00,1.0,20.0,1.6443062473667247,20.35402742509611,17.355148883308143,9.0
2024-01-03 17:45:00,1.0,20.0,1.6443062473667247,20.202923002138796,17.373751204569917,9.0
2024-01-03 18:00:00,1.0,20.0,1.6443062473667247,20.059456441750264,17.376895214385158,8.0
2024-01-03 18:15:00,1.0,20.0,1.6443062473667247,19.922363355172838,17.365076245927888,8.0
2024-01-03 18:30:00,1.0,20.0,1.6443062473667247,19.791241011307548,17.34743740508925,8.0
2024-01-03 18:45:00,1.0,20.0,1.6443062473667247,19.665534471986422,17.32463011883808,8.0
2024-01-03 19:00:00,1.0,20.0,1.6443062473667247,19.549844549495045,17.297238326032645,8.0
2024-01-03 19:15:00,1.0,20.0,1.6443062473667247,20.100445180207092,17.277152144660498,8.0
2024-01-03 19:30:00,1.0,20.0,1.6443062473667247,20.40586196238628,17.288597947071654,8.0
2024-01-03 19:45:00,1.0,20.0,1.6443062473667247,20.248181255755288,17.29890777891335,8.0
2024-01-03 20:00:00,1.0,20.0,1.6443062473667247,20.098480729785805,17.301022061609572,8.0
2024-01-03 20:15:00,1.0,20.0,1.6443062473667247,19.955999269927077,17.295837656076028,8.0
2024-01-03 20:30:00,1.0,20.0,1.6443062473667247,19.820053716586777,17.28415864707009,8.0
2024-01-03 20:45:00,1.0,20.0,1.6443062473667247,19.6900308380944,17.266705903177485,8.0
2024-01-03 21:00:00,1.0,20.0,1.6443062473667247,19.565380130527046,17.244125651977644,8.0
2024-01-03 21:15:00,1.0,20.0,1.6443062473667247,19.903566439482276,17.223116635858364,8.0
2024-01-03 21:30:00,1.0,20.0,1.6443062473667247,20.490260517074724,17.23460950098863,8.0
2024-01-03 21:45:00,1.0,20.0,1.6443062473667247,20.340683261295695,17.253021532162165,8.0
2024-01-03 22:00:00,1.0,20.0,1.6443062473667247,20.18403108277537,17.25538979328341,7.0
2024-01-03 22:15:00,1.0,20.0,1.6443062473667247,20.03434345008011,17.242212641625233,7.0
2024-01-03 22:30:00,2.0,17.333333333333332,1.6443062473667247,19.89116240297504,17.222698066558234,7.0
2024-01-03 22:45:00,2.0,15.0,1.6443062473667247,19.753883421721657,17.19755565867412,7.0
2024-01-03 23:00:00,2.0,15.0,1.6443062473667247,19.621963774910057,17.167421493093876,7.0
2024-01-03 23:15:00,2.0,15.0,1.6443062473667247,19.494916158051613,17.13286570558386,7.0
2024-01-03 23:30:00,2.0,15.0,1.6443062473667247,19.37230298745125,17.09439928821279,7.0
2024-01-03 23:45:00,2.0,15.0,1.6443062473667247,19.25373128185722,17.0524801849471,7.0
2024-01-04 00:00:00,2.0,15.0,1.6443062473667247,19.138848071340085,17.007518759299938,7.0
2024-01-04 00:15:00,2.0,15.0,1.6443062473667247,19.027336279089692,16.95988269872053,7.0
2024-01-04 00:30:00,2.0,15.0,1.6443062473667247,18.918911027413923,16.909901413746955,7.0
2024-01-04 00:45:00,2.0,15.0,1.6443062473667247,18.813316324241057,16.85786998396828,7.0
2024-01-04 01:00:00,2.0,15.0,1.6443062473667247,18.710322090929353,16.804052697480632,7.0
2024-01-04 01:15:00,2.0,15.0,1.6443062473667247,18.60972149622493,16.748686225712667,7.0
2024-01-04 01:30:00,2.0,15.0,1.6443062473667247,18.51132856483115,16.691982471182104,7.0
2024-01-04 01:45:00,2.0,15.0,1.6443062473667247,18.414976032300938,16.634131121875914,7.0
2024-01-04 02:00:00,2.0,15.0,1.6443062473667247,18.320513420878125,16.575301942475637,7.0
2024-01-04 02:15:00,2.0,15.0,1.6443062473667247,18.227805313527195,16.515646829536376,7.0
2024-01-04 02:30:00,2.0,15.0,1.6443062473667247,18.13672980573581,16.455301654935408,7.0
2024-01-04 02:45:00,2.0,15.0,1.6443062473667247,18.04717711677743,16.39438791940141,7.0
2024-01-04 03:00:00,2.0,15.0,1.6443062473667247,17.95904834400772,16.33301423568865,7.0
2024-01-04 03:15:00,2.0,15.0,1.6443062473667247,17.872254345460696,16.271277658944978,7.0
2024-01-04 03:30:00,2.0,15.0,1.6443062473667247,17.786714737528253,16.209264880014754,7.0
2024-01-04 03:45:00,2.0,15.0,1.6443062473667247,17.702356995868154,16.147053295796347,7.0
2024-01-04 04:00:00,1.0,15.333333333333334,1.6443062473667247,17.618700094595795,16.077655369263592,6.0
2024-01-04 04:15:00,2.0,16.666666666666668,1.6443062473667247,17.91034926053394,16.008060473326864,6.0
2024-01-04 04:30:00,2.0,18.0,1.6443062473667247,18.1557127837004,15.955360432330826,6.0
2024-01-04 04:45:00,2.0,15.0,1.6443062473667247,18.44119855486144,15.924714010544069,6.0
2024-01-04 05:00:00,2.0,15.0,1.6443062473667247,18.311450354787166,15.896752869834126,6.0
2024-01-04 05:15:00,1.0,18.333333333333332,1.6443062473667247,18.414019833125618,15.86637045027677,6.0
2024-01-04 05:30:00,1.0,20.0,1.6443062473667247,19.33082116911374,15.863814921765817,6.0
2024-01-04 05:45:00,1.0,20.0,1.6443062473667247,20.24675946943559,15.90835475260385,6.0
2024-01-04 06:00:00,1.0,20.0,1.6443062473667247,20.355381830822566,15.979467173407443,6.0
2024-01-04 06:15:00,1.0,20.0,1.6443062473667247,20.137132736059947,16.039694405387415,6.0
2024-01-04 06:30:00,1.0,20.0,1.6443062473667247,19.93206863279644,16.08569086033413,6.0
2024-01-04 06:45:00,1.0,20.0,1.6443062473667247,19.738899875030253,16.118981691704292,6.0
2024-01-04 07:00:00,1.0,20.0,1.6443062473667247,19.571749312986505,16.140951676863512,6.0
2024-01-04 07:15:00,1.0,20.0,1.6443062473667247,20.130030369775323,16.166372528307015,6.0
2024-01-04 07:30:00,1.0,20.0,1.6443062473667247,20.38030429286416,16.219107361782275,6.0
2024-01-04 07:45:00,1.0,20.0,1.6443062473667247,20.172025788504925,16.265472762546807,6.0
2024-01-04 08:00:00,1.0,20.0,1.6443062473667247,19.976152853336963,16.298960414628603,6.0
2024-01-04 08:15:00,1.0,20.0,1.6443062473667247,19.791538224899842,16.320980178899045,6.0
2024-01-04 08:30:00,1.0,20.0,1.6443062473667247,19.616730049555063,16.332779472898313,6.0
2024-01-04 08:45:00,1.0,20.0,1.6443062473667247,19.783651804650678,16.33918254159477,6.0
2024-01-04 09:00:00,1.0,20.0,1.6443062473667247,20.425153753112216,16.37153049944953,6.0
2024-01-04 09:15:00,1.0,20.0,1.6443062473667247,20.272937294737844,16.412649996339272,6.0
2024-01-04 09:30:00,1.0,20.0,1.6443062473667247,20.081000383203186,16.44176899724831,6.0
2024-01-04 09:45:00,1.0,20.0,1.6443062473667247,19.89954870882495,16.459871032406237,6.0
2024-01-04 10:00:00,1.0,20.0,1.6443062473667247,19.728022993322714,16.46815666607935,6.0
2024-01-04 10:15:00,1.0,20.0,1.6443062473667247,19.565550393145212,16.467727057847814,6.0
2024-01-04 10:30:00,1.0,20.0,1.6443062473667247,20.01338828349252,16.46892588469795,6.0
2024-01-04 10:45:00,1.0,20.0,1.6443062473667247,20.4308968905264,16.500632316917564,6.0
2024-01-04 11:00:00,1.0,20.0,1.6443062473667247,20.237213828450727,16.53181794244096,6.0
2024-01-04 11:15:00,1.0,20.0,1.6443062473667247,20.054994183738685,16.551798121932833,6.0
2024-01-04 11:30:00,1.0,20.0,1.6443062473667247,19.882372123109295,16.561800606230282,6.0
2024-01-04 11:45:00,1.0,20.0,1.6443062473667247,19.718426633934644,16.562911637148396,6.0
2024-01-04 12:00:00,1.0,20.0,1.6443062473667247,19.562720135699653,16.556110756228346,6.0
2024-01-04 12:15:00,1.0,20.0,1.6443062473667247,20.0171431496125,16.551676103743567,6.0
2024-01-04 12:30:00,1.0,20.0,1.6443062473667247,20.440661395687634,16.578418183078966,6.0
2024-01-04 12:45:00,1.0,20.0,1.6443062473667247,20.25176049872481,16.60522872177611,6.0
2024-01-04 13:00:00,1.0,19.666666666666668,1.6443062473667247,20.07282119758588,16.621308715449373,6.0
2024-01-04 13:15:00,1.0,20.0,1.6443062473667247,19.902836304628583,16.627803519746625,6.0
2024-01-04 13:30:00,1.0,20.0,1.6443062473667247,19.74123924969442,16.625753468157537,6.0
2024-01-04 13:45:00,1.0,20.0,1.6443062473667247,19.587233266253023,16.61609687969414,6.0
2024-01-04 14:00:00,1.0,20.0,1.6443062473667247,19.897324695884617,16.60578378218928,6.0
2024-01-04 14:15:00,1.0,20.0,1.6443062473667247,20.45692886376104,16.625929890959746,6.0
2024-01-04 14:30:00,1.0,20.0,1.6443062473667247,20.281953091349017,16.651154806953308,6.0
2024-01-04 14:45:00,1.0,20.0,1.6443062473667247,20.10184321612976,16.6657487738435,6.0
2024-01-04 15:00:00,1.0,20.0,1.6443062473667247,19.929511610245335,16.670783175606033,6.0
2024-01-04 15:15:00,1.0,20.0,1.6443062473667247,19.763960588761563,16.66720060889059,6.0
2024-01-04 15:30:00,1.0,20.0,1.6443062473667247,19.60611736903298,16.655918513446846,6.0
2024-01-04 15:45:00,1.0,20.0,1.6443062473667247,19.788122610864562,16.64150230391973,6.0
2024-01-04 16:00:00,1.0,20.0,1.6443062473667247,20.44219291043993,16.655048937967994,6.0
2024-01-04 16:15:00,1.0,20.0,1.6443062473667247,20.30014016680307,16.6791208059968,6.0
2024-01-04 16:30:00,1.0,20.0,1.6443062473667247,20.1170898998893,16.69274967100374,6.0
2024-01-04 16:45:00,1.0,20.0,1.6443062473667247,19.94338105148472,16.69676008668167,6.0
2024-01-04 17:00:00,1.0,20.0,1.6443062473667247,19.778121517798205,16.69220346395532,6.0
2024-01-04 17:15:00,1.0,20.0,1.6443062473667247,19.62051057543534,16.68002245816605,6.0
2024-01-04 17:30:00,1.0,20.0,1.6443062473667247,19.747518888515174,16.66385207962601,6.0
2024-01-04 17:45:00,1.0,20.0,1.6443062473667247,20.435084749324396,16.673982649003865,6.0
2024-01-04 18:00:00,1.0,20.0,1.6443062473667247,20.318767482917362,16.6975117590448,6.0
2024-01-04 18:15:00,1.0,20.0,1.6443062473667247,20.135687351245355,16.71087690879487,6.0
2024-01-04 18:30:00,1.0,20.0,1.6443062473667247,19.96193778180218,16.714638746927722,6.0
2024-01-04 18:45:00,1.0,19.8,1.6443062473667247,19.796627891896325,16.709847213709363,6.0
2024-01-04 19:00:00,1.0,20.0,1.6443062473667247,19.63895805268623,16.697443644664602,6.0
2024-01-04 19:15:00,1.0,20.0,1.6443062473667247,19.670367239921273,16.67969773615772,6.0
2024-01-04 19:30:00,1.0,20.0,1.6443062473667247,20.39397343316289,16.684096548228435,6.0
2024-01-04 19:45:00,1.0,20.0,1.6443062473667247,20.343982291122796,16.707429687674438,6.0
2024-01-04 20:00:00,1.0,20.0,1.6443062473667247,20.159748952907396,16.71432214954087,5.0
2024-01-04 20:15:00,1.0,20.0,1.6443062473667247,19.98400269963386,16.704064721863208,5.0
2024-01-04 20:30:00,1.0,20.0,1.6443062473667247,19.81613845639291,16.68603907230157,5.0
2024-01-04 20:45:00,1.0,20.0,1.6443062473667247,19.655419671715855,16.661110516731704,5.0
2024-01-04 21:00:00,2.0,19.666666666666668,1.6443062473667247,19.607260429098172,16.623594513232007,4.0
2024-01-04 21:15:00,1.0,19.333333333333332,1.6443062473667247,19.79461220164784,16.58750304144632,4.0
2024-01-04 21:30:00,1.0,20.0,1.6443062473667247,19.629317592111974,16.55277974945839,4.0
2024-01-04 21:45:00,1.0,20.0,1.6443062473667247,19.697716657016198,16.514358459315993,4.0
2024-01-04 22:00:00,1.0,20.0,1.6443062473667247,20.39861083373148,16.48709443918254,2.0
2024-01-04 22:15:00,1.0,20.0,1.6443062473667247,20.300744534044327,16.46193679795406,2.0
2024-01-04 22:30:00,2.0,19.666666666666668,1.6443062473667247,20.10350464154211,16.42942022711105,2.0
2024-01-04 22:45:00,1.0,15.666666666666666,1.6443062473667247,19.914132885905463,16.38950495426651,2.0
2024-01-04 23:00:00,2.0,17.333333333333332,1.6443062473667247,19.731910577937516,16.343032417016225,2.0
2024-01-04 23:15:00,2.0,15.0,1.6443062473667247,19.556192385259738,16.290756789451134,2.0
2024-01-04 23:30:00,2.0,15.0,1.6443062473667247,19.386398780622308,16.23335397572105,2.0
2024-01-04 23:45:00,2.0,15.0,1.6443062473667247,19.222009268097757,16.17142967711511,2.0
2024-01-05 00:00:00,2.0,15.0,1.6443062473667247,19.062556307026227,16.105526628098755,2.0
2024-01-05 00:15:00,2.0,15.0,1.6443062473667247,18.907619861835347,16.036131086915525,2.0
2024-01-05 00:30:00,2.0,15.0,1.6443062473667247,18.756822513261927,15.963678657543237,2.0
2024-01-05 00:45:00,2.0,15.0,1.6443062473667247,18.60982507314426,15.88855951188369,2.0
2024-01-05 01:00:00,2.0,15.0,1.6443062473667247,18.466322650911064,15.811123073969803,2.0
2024-01-05 01:15:00,2.0,15.0,1.6443062473667247,18.326041125236806,15.731682221609406,2.0
2024-01-05 01:30:00,2.0,15.0,1.6443062473667247,18.18873397912647,15.650517055176064,2.0
2024-01-05 01:45:00,2.0,15.0,1.6443062473667247,18.054179460992145,15.567878278136536,2.0
2024-01-05 02:00:00,2.0,15.0,1.6443062473667247,17.921762483829177,15.47693362925551,1.0
2024-01-05 02:15:00,2.0,15.0,1.6443062473667247,17.790813256493582,15.377465817515972,1.0
2024-01-05 02:30:00,2.0,15.0,1.6443062473667247,17.661462187902092,15.27797855571515,1.0
2024-01-05 02:45:00,2.0,15.0,1.6443062473667247,17.53363235474167,15.17854956640553,1.0
2024-01-05 03:00:00,2.0,15.0,1.6443062473667247,17.40725411086925,15.079248007242374,1.0
2024-01-05 03:15:00,2.0,15.0,1.6443062473667247,17.282264342442122,14.980135357396328,1.0
2024-01-05 03:30:00,2.0,15.0,1.6443062473667247,17.158605799744194,14.881266212623887,1.0
2024-01-05 03:45:00,2.0,15.0,1.6443062473667247,17.03622649780771,14.782688998405314,1.0
2024-01-05 04:00:00,1.0,15.666666666666666,1.6443062473667247,16.919762652659966,14.677390009534726,0.0
2024-01-05 04:15:00,1.0,20.0,1.6443062473667247,17.470501356209034,14.576355911177734,0.0
2024-01-05 04:30:00,2.0,19.333333333333332,1.6443062473667247,18.434344086293542,14.52306839643024,0.0
2024-01-05 04:45:00,2.0,15.0,1.6443062473667247,18.682698198538155,14.508143125357291,0.0
2024-01-05 05:00:00,2.0,16.0,1.6443062473667247,18.64971106107237,14.494336667660365,0.0
2024-01-05 05:15:00,2.0,15.0,1.6443062473667247,18.481383682694748,14.478391266654087,0.0
2024-01-05 05:30:00,2.0,16.0,1.6443062473667247,18.471296560265227,14.457409797274467,0.0
2024-01-05 05:45:00,1.0,18.0,1.6443062473667247,18.477183946758608,14.436077248288449,0.0
2024-01-05 06:00:00,1.0,20.0,1.6443062473667247,19.28885399061057,14.435535542512381,0.0
2024-01-05 06:15:00,1.0,20.0,1.6443062473667247,20.15964949624925,14.478135617635472,0.0
2024-01-05 06:30:00,1.0,20.0,1.6443062473667247,20.32384614530472,14.548620045099353,0.0
2024-01-05 06:45:00,1.0,20.0,1.6443062473667247,20.034411012085716,14.607499618013271,0.0
2024-01-05 07:00:00,1.0,20.0,1.6443062473667247,19.761499528847477,14.64882576695612,0.0
2024-01-05 07:15:00,1.0,20.0,1.6443062473667247,19.610001346442672,14.675088875537991,0.0
2024-01-05 07:30:00,1.0,20.0,1.6443062473667247,20.274571508270913,14.711031258471525,0.0
2024-01-05 07:45:00,1.0,20.0,1.6443062473667247,20.32008885750957,14.768967076652451,0.0
2024-01-05 08:00:00,1.0,20.0,1.6443062473667247,20.04204166215457,14.820888661503348,1.0
2024-01-05 08:15:00,1.0,20.0,1.6443062473667247,19.780799882719865,14.864154501009624,1.0
2024-01-05 08:30:00,1.0,20.0,1.6443062473667247,19.58481998868881,14.892368195155814,1.0
2024-01-05 08:45:00,1.0,20.0,1.6443062473667247,20.194366113940593,14.92544065420004,1.0
2024-01-05 09:00:00,1.0,20.0,1.6443062473667247,20.380218579145737,14.984471679852705,1.0
2024-01-05 09:15:00,1.0,20.0,1.6443062473667247,20.111291510550195,15.03366697278734,1.0
2024-01-05 09:30:00,1.0,20.0,1.6443062473667247,19.857446403000132,15.066898690951767,1.0
2024-01-05 09:45:00,1.0,20.0,1.6443062473667247,19.617222711932598,15.085891650781758,1.0
2024-01-05 10:00:00,1.0,20.0,1.6443062473667247,19.91799311312507,15.106889852377344,2.0
2024-01-05 10:15:00,1.0,20.0,1.6443062473667247,20.407065631344935,15.162586174959626,2.0
2024-01-05 10:30:00,3.0,19.733333333333334,1.6443062473667247,20.161696173235132,15.217523060468888,2.0
2024-01-05 10:45:00,3.0,19.5,1.6443062473667247,19.915924142061954,15.256592809389137,2.0
2024-01-05 11:00:00,1.0,19.966666666666665,1.6443062473667247,19.684834536017508,15.281460451260902,2.0
2024-01-05 11:15:00,1.0,20.0,1.6443062473667247,19.694661563933245,15.29577813742548,2.0
2024-01-05 11:30:00,1.0,20.0,1.6443062473667247,20.383380373540753,15.329722798740667,2.0
2024-01-05 11:45:00,1.0,20.0,1.6443062473667247,20.272070194911738,15.377938843132483,2.0
2024-01-05 12:00:00,1.0,20.0,1.6443062473667247,20.031392887137155,15.419328532085226,3.0
2024-01-05 12:15:00,1.0,20.0,1.6443062473667247,19.804652453562653,15.454494189133426,3.0
2024-01-05 12:30:00,1.0,20.0,1.6443062473667247,19.590334209749432,15.476597039082494,3.0
2024-01-05 12:45:00,1.0,20.0,1.6443062473667247,19.98984150183613,15.496431029706624,3.0
2024-01-05 13:00:00,1.0,20.0,1.6443062473667247,20.43145650982913,15.544794800976955,3.0
2024-01-05 13:15:00,1.0,20.0,1.6443062473667247,20.1950927813666,15.591426779267698,3.0
2024-01-05 13:30:00,1.0,20.0,1.6443062473667247,19.967270860858584,15.623586279488954,3.0
2024-01-05 13:45:00,1.0,20.0,1.6443062473667247,19.75178262538286,15.642820058588116,3.0
2024-01-05 14:00:00,1.0,20.0,1.6443062473667247,19.578854621390477,15.657662522509584,4.0
2024-01-05 14:15:00,1.0,20.0,1.6443062473667247,20.17669469831325,15.685682858303057,4.0
2024-01-05 14:30:00,1.0,20.0,1.6443062473667247,20.405255808667242,15.741054911431792,4.0
2024-01-05 14:45:00,1.0,20.0,1.6443062473667247,20.176420052266483,15.78885250612331,4.0
2024-01-05 15:00:00,1.0,20.0,1.6443062473667247,19.9586564713401,15.822663949861072,4.0
2024-01-05 15:15:00,1.0,20.0,1.6443062473667247,19.750533771083486,15.84385585196565,4.0
2024-01-05 15:30:00,1.0,20.0,1.6443062473667247,19.56857731869115,15.853771178847504,4.0
2024-01-05 15:45:00,1.0,20.0,1.6443062473667247,20.117294584230134,15.867185948741982,4.0
2024-01-05 16:00:00,1.0,20.0,1.6443062473667247,20.421999921521653,15.906775680255048,3.55
2024-01-05 16:15:00,1.0,20.0,1.6443062473667247,20.194717275206685,15.938119666871815,3.55
2024-01-05 16:30:00,1.0,20.0,1.6443062473667247,19.979704697988762,15.956614979022959,3.55
2024-01-05 16:45:00,1.0,20.0,1.6443062473667247,19.775780404448714,15.963656147392335,3.55
2024-01-05 17:00:00,1.0,20.0,1.6443062473667247,19.58182002370875,15.959411515271446,3.396667
2024-01-05 17:15:00,1.0,20.0,1.6443062473667247,19.99939873518921,15.954316705980567,3.396667
2024-01-05 17:30:00,1.0,20.0,1.6443062473667247,20.457680147351248,15.980191708480527,3.396667
2024-01-05 17:45:00,1.0,20.0,1.6443062473667247,20.236834759144745,16.0065670944148,3.396667
2024-01-05 18:00:00,1.0,20.0,1.6443062473667247,20.02287772662802,16.02095584113255,3.463333
2024-01-05 18:15:00,1.0,20.0,1.6443062473667247,19.819807395514697,16.024725484541996,3.463333
2024-01-05 18:30:00,1.0,20.0,1.6443062473667247,19.626571775513266,16.018537740283726,3.463333
2024-01-05 18:45:00,1.0,20.0,1.6443062473667247,19.775105247225977,16.007201678447903,3.463333
2024-01-05 19:00:00,1.0,20.0,1.6443062473667247,20.44776433067016,16.02214462662661,3.371667
2024-01-05 19:15:00,1.0,20.0,1.6443062473667247,20.297837371850225,16.04792515326594,3.371667
2024-01-05 19:30:00,1.0,20.0,1.6443062473667247,20.08285103374649,16.061791451303836,3.371667
2024-01-05 19:45:00,1.0,20.0,1.6443062473667247,19.878736235196765,16.064495668270226,3.371667
2024-01-05 20:00:00,1.0,20.0,1.6443062473667247,19.684496399605976,16.05794156716957,3.468333
2024-01-05 20:15:00,1.0,20.0,1.6443062473667247,19.641080742479925,16.04421715398419,3.468333
2024-01-05 20:30:00,2.0,18.333333333333332,1.6443062473667247,20.334841060033067,16.048362000614507,3.468333
2024-01-05 20:45:00,1.0,19.666666666666668,1.6443062473667247,20.29491964147053,16.07233096823636,3.468333
2024-01-05 21:00:00,1.0,20.0,1.6443062473667247,20.081214025691313,16.08440575742732,3.246667
2024-01-05 21:15:00,1.0,20.0,1.6443062473667247,19.878103294259848,16.08374159870299,3.246667
2024-01-05 21:30:00,1.0,20.0,1.6443062473667247,19.68462278734887,16.073396661401553,3.246667
2024-01-05 21:45:00,1.0,20.0,1.6443062473667247,19.64169615457168,16.055392440960357,3.246667
2024-01-05 22:00:00,2.0,15.333333333333334,1.6443062473667247,19.984211846357525,16.049297467720685,3.143333
2024-01-05 22:15:00,2.0,15.0,1.6443062473667247,19.78884798835073,16.044878963180572,3.143333
2024-01-05 22:30:00,2.0,15.0,1.6443062473667247,19.59769917270297,16.03115768602152,3.143333
2024-01-05 22:45:00,2.0,15.0,1.6443062473667247,19.415003749982475,16.0091485052809,3.143333
2024-01-05 23:00:00,2.0,15.0,1.6443062473667247,19.239956482981697,15.979482715242858,3.101667
2024-01-05 23:15:00,2.0,15.0,1.6443062473667247,19.071829579318475,15.942972367779069,3.101667
2024-01-05 23:30:00,2.0,15.0,1.6443062473667247,18.9100001035939,15.900707798040802,3.101667
2024-01-05 23:45:00,2.0,15.0,1.6443062473667247,18.75390063479678,15.85335194645221,3.101667
2024-01-06 00:00:00,2.0,15.0,1.6443062473667247,18.60299805567342,15.80109906813767,3.045
2024-01-06 00:15:00,2.0,15.0,1.6443062473667247,18.45680691631983,15.744457891687572,3.045
2024-01-06 00:30:00,2.0,15.0,1.6443062473667247,18.314932653494534,15.684377184934577,3.045
2024-01-06 00:45:00,2.0,15.0,1.6443062473667247,18.17700980950973,15.621279668319746,3.045
2024-01-06 01:00:00,2.0,15.0,1.6443062473667247,18.042216864456847,15.547170177743766,1.8583329999999998
2024-01-06 01:15:00,2.0,15.0,1.6443062473667247,17.90967697579686,15.461891865769966,1.8583329999999998
2024-01-06 01:30:00,2.0,15.0,1.6443062473667247,17.77947147561964,15.375626540720994,1.8583329999999998
2024-01-06 01:45:00,2.0,15.0,1.6443062473667247,17.651443377903657,15.288547951811218,1.8583329999999998
2024-01-06 02:00:00,2.0,15.0,1.6443062473667247,17.5254367080119,15.200564437270337,1.823333
2024-01-06 02:15:00,2.0,15.0,1.6443062473667247,17.401306836832433,15.111800159313765,1.823333
2024-01-06 02:30:00,2.0,15.0,1.6443062473667247,17.278949040807593,15.022670436369246,1.823333
2024-01-06 02:45:00,2.0,15.0,1.6443062473667247,17.15826201691781,14.93328305231899,1.823333
2024-01-06 03:00:00,2.0,15.0,1.6443062473667247,17.03925541690383,14.845451281327476,2.066667
2024-01-06 03:15:00,2.0,16.0,1.6443062473667247,17.116944904220336,14.763284557978,2.066667
2024-01-06 03:30:00,2.0,15.0,1.6443062473667247,17.02142860288372,14.687386487080131,2.066667
2024-01-06 03:45:00,2.0,15.0,1.6443062473667247,16.897628573348772,14.610374490378694,2.066667
2024-01-06 04:00:00,2.0,15.0,1.6443062473667247,16.776097407819677,14.53168647398679,1.9833329999999998
2024-01-06 04:15:00,2.0,19.0,1.6443062473667247,17.109494092441036,14.457585681968327,1.9833329999999998
2024-01-06 04:30:00,2.0,16.0,1.6443062473667247,17.50596463883506,14.413568882146217,1.9833329999999998
2024-01-06 04:45:00,2.0,17.0,1.6443062473667247,17.795674290845195,14.385324027530633,1.9833329999999998
2024-01-06 05:00:00,2.0,15.0,1.6443062473667247,17.753353641233062,14.368988367400336,2.066667
2024-01-06 05:15:00,2.0,16.0,1.6443062473667247,17.715773474116414,14.348852309295207,2.066667
2024-01-06 05:30:00,2.0,16.0,1.6443062473667247,17.722613026845337,14.330520388978274,2.066667
2024-01-06 05:45:00,1.0,18.666666666666668,1.6443062473667247,17.959798530008147,14.316732391257899,2.066667
2024-01-06 06:00:00,1.0,20.0,1.6443062473667247,18.846358756443355,14.327894456007435,1.491667
2024-01-06 06:15:00,1.0,20.0,1.6443062473667247,19.739800321792238,14.378382760162056,1.491667
2024-01-06 06:30:00,1.0,20.0,1.6443062473667247,20.410938192849642,14.467040736434873,1.491667
2024-01-06 06:45:00,1.0,17.0,1.6443062473667247,20.21793058045527,14.561776284056645,1.491667
2024-01-06 07:00:00,2.0,17.333333333333332,1.6443062473667247,19.93567825614981,14.63624442349312,1.375
2024-01-06 07:15:00,2.0,15.0,1.6443062473667247,19.670327824069812,14.691604464746552,1.375
2024-01-06 07:30:00,1.0,15.666666666666666,1.6443062473667247,19.425275244935936,14.73078485212545,1.375
2024-01-06 07:45:00,1.0,20.0,1.6443062473667247,19.86086465441371,14.766896283028172,1.375
2024-01-06 08:00:00,1.0,20.0,1.6443062473667247,20.39413014856666,14.830899468228125,1.088333
2024-01-06 08:15:00,1.0,20.0,1.6443062473667247,20.14630476824385,14.893028361859717,1.088333
2024-01-06 08:30:00,1.0,20.0,1.6443062473667247,19.883865992367237,14.93808138737925,1.088333
2024-01-06 08:45:00,1.0,20.0,1.6443062473667247,19.636007719743052,14.967741647672945,1.088333
2024-01-06 09:00:00,1.0,20.0,1.6443062473667247,19.859945287772682,14.99101355167874,1.26
2024-01-06 09:15:00,1.0,20.0,1.6443062473667247,20.400753086585123,15.041017944806246,1.26
2024-01-06 09:30:00,3.0,19.833333333333332,1.6443062473667247,20.163832332235575,15.09286037830924,1.26
2024-01-06 09:45:00,1.0,19.966666666666665,1.6443062473667247,19.911300625052654,15.128795148400888,1.26
2024-01-06 10:00:00,1.0,20.0,1.6443062473667247,19.674160925246795,15.150338404657647,1.25
2024-01-06 10:15:00,1.0,20.0,1.6443062473667247,19.728911657302163,15.161947840745075,1.25
2024-01-06 10:30:00,1.0,20.0,1.6443062473667247,20.394241202913097,15.195261340078753,1.25
2024-01-06 10:45:00,1.0,20.0,1.6443062473667247,20.24200008795691,15.23998222795718,1.25
2024-01-06 11:00:00,1.0,19.7,1.6443062473667247,19.997943664255125,15.276486796425527,2.116667
2024-01-06 11:15:00,1.0,20.0,1.6443062473667247,19.76924053384437,15.305908186587462,2.116667
2024-01-06 11:30:00,1.0,19.7,1.6443062473667247,19.583312087294978,15.322602239705807,2.116667
2024-01-06 11:45:00,1.0,20.0,1.6443062473667247,20.16772762225387,15.34382093656655,2.116667
2024-01-06 12:00:00,2.0,19.333333333333332,1.6443062473667247,20.382829435190096,15.393745512018372,2.3399999999999994
2024-01-06 12:15:00,1.0,19.666666666666668,1.6443062473667247,20.14054892041435,15.43754169576838,2.3399999999999994
2024-01-06 12:30:00,1.0,20.0,1.6443062473667247,19.91183155302616,15.466989007828705,2.3399999999999994
2024-01-06 12:45:00,1.0,20.0,1.6443062473667247,19.69536420200128,15.4836381222321,2.3399999999999994
2024-01-06 13:00:00,2.0,15.333333333333334,1.6443062473667247,19.489846406141172,15.497408887666232,3.55
2024-01-06 13:15:00,2.0,15.0,1.6443062473667247,19.29476516166927,15.510011475477771,3.55
2024-01-06 13:30:00,1.0,19.666666666666668,1.6443062473667247,19.567508903535572,15.518603652651459,3.55
2024-01-06 13:45:00,1.0,20.0,1.6443062473667247,20.379721272392775,15.558926473517817,3.55
2024-01-06 14:00:00,1.0,20.0,1.6443062473667247,20.32465531486998,15.615992107227417,3.376667
2024-01-06 14:15:00,1.0,20.0,1.6443062473667247,20.10125315384961,15.658654449395843,3.376667
2024-01-06 14:30:00,1.0,20.0,1.6443062473667247,19.89046339035654,15.687942819625412,3.376667
2024-01-06 14:45:00,1.0,20.0,1.6443062473667247,19.691063501465734,15.705301135726767,3.376667
2024-01-06 15:00:00,1.0,20.0,1.6443062473667247,19.639857588382938,15.709229756304504,2.853333
2024-01-06 15:15:00,1.0,20.0,1.6443062473667247,20.352874275211153,15.725537024644673,2.853333
2024-01-06 15:30:00,1.0,20.0,1.6443062473667247,20.34593223234314,15.763060198512768,2.853333
2024-01-06 15:45:00,1.0,20.0,1.6443062473667247,20.119945237387224,15.789491525876064,2.853333
2024-01-06 16:00:00,1.0,20.0,1.6443062473667247,19.903590769325287,15.804104187660629,2.951667
2024-01-06 16:15:00,1.0,20.0,1.6443062473667247,19.695581169184774,15.808135224310394,2.951667
2024-01-06 16:30:00,1.0,20.0,1.6443062473667247,19.639485781979488,15.80290836326584,2.951667
2024-01-06 16:45:00,1.0,20.0,1.6443062473667247,20.351907499124795,15.81466489715459,2.951667
2024-01-06 17:00:00,1.0,20.0,1.6443062473667247,20.34383163604443,15.841861352484775,2.096667
2024-01-06 17:15:00,1.0,20.0,1.6443062473667247,20.115773569268836,15.85180764265106,2.096667
2024-01-06 17:30:00,1.0,20.0,1.6443062473667247,19.899026321061797,15.850212399431511,2.096667
2024-01-06 17:45:00,1.0,20.0,1.6443062473667247,19.692514585386537,15.838342118114234,2.096667
2024-01-06 18:00:00,3.0,19.833333333333332,1.6443062473667247,19.636799430882334,15.813086236592191,1.36
2024-01-06 18:15:00,3.0,19.5,1.6443062473667247,19.966400456122024,15.79449399496958,1.36
2024-01-06 18:30:00,3.0,19.5,1.6443062473667247,19.75821613067071,15.778561266465179,1.36
2024-01-06 18:45:00,1.0,19.766666666666666,1.6443062473667247,19.569600791141188,15.753452599565168,1.36
2024-01-06 19:00:00,1.0,20.0,1.6443062473667247,20.110189588932762,15.731078701414805,0.985
2024-01-06 19:15:00,1.0,20.0,1.6443062473667247,20.405723449506677,15.73695667905994,0.985
2024-01-06 19:30:00,1.0,20.0,1.6443062473667247,20.16871215191935,15.739831446718659,0.985
2024-01-06 19:45:00,1.0,20.0,1.6443062473667247,19.9431083383752,15.731180359237188,0.985
2024-01-06 20:00:00,1.0,20.0,1.6443062473667247,19.727780890443515,15.711391479130661,0.86
2024-01-06 20:15:00,1.0,19.9,1.6443062473667247,19.572521338681685,15.681722290930423,0.86
2024-01-06 20:30:00,1.0,20.0,1.6443062473667247,20.20797514178423,15.662480250943227,0.86
2024-01-06 20:45:00,1.0,20.0,1.6443062473667247,20.361302667269545,15.672008506320218,0.86
2024-01-06 21:00:00,1.0,20.0,1.6443062473667247,20.123193211857174,15.673932857072634,0.713333
2024-01-06 21:15:00,1.0,20.0,1.6443062473667247,19.8964116692811,15.663180116695886,0.713333
2024-01-06 21:30:00,2.0,18.333333333333332,1.6443062473667247,19.67991661739176,15.642247314474504,0.713333
2024-01-06 21:45:00,2.0,15.0,1.6443062473667247,19.472744854261293,15.612266381997886,0.713333
2024-01-06 22:00:00,2.0,19.0,1.6443062473667247,19.72687788907308,15.580136279801435,0.68
2024-01-06 22:15:00,2.0,15.0,1.6443062473667247,19.958778132944893,15.570614708120436,0.68
2024-01-06 22:30:00,2.0,15.0,1.6443062473667247,19.734973584544765,15.557983980847858,0.68
2024-01-06 22:45:00,2.0,15.0,1.6443062473667247,19.521226496894936,15.53543367447974,0.68
2024-01-06 23:00:00,2.0,15.0,1.6443062473667247,19.316643784437968,15.504868138853292,0.793333
2024-01-06 23:15:00,2.0,15.0,1.6443062473667247,19.12043696423958,15.467324950943475,0.793333
2024-01-06 23:30:00,2.0,15.0,1.6443062473667247,18.93181513612028,15.422748297275739,0.793333
2024-01-06 23:45:00,2.0,15.0,1.6443062473667247,18.750090081882423,15.371943116783632,0.793333
2024-01-07 00:00:00,2.0,15.0,1.6443062473667247,18.574812783857023,15.318500522797052,1.2
2024-01-07 00:15:00,2.0,15.0,1.6443062473667247,18.40562755853805,15.263237018193113,1.2
2024-01-07 00:30:00,2.0,15.0,1.6443062473667247,18.24191707919719,15.203346753650347,1.2
2024-01-07 00:45:00,2.0,15.0,1.6443062473667247,18.08320554355531,15.139382459345857,1.2
2024-01-07 01:00:00,2.0,15.0,1.6443062473667247,17.92912161255773,15.072792006818656,1.335
2024-01-07 01:15:00,2.0,15.0,1.6443062473667247,17.77934740953349,15.004075482273434,1.335
2024-01-07 01:30:00,2.0,15.0,1.6443062473667247,17.63349836695593,14.932506518113163,1.335
2024-01-07 01:45:00,2.0,15.0,1.6443062473667247,17.491254990490987,14.858452201554115,1.335
2024-01-07 02:00:00,2.0,15.0,1.6443062473667247,17.352497678738374,14.785087424557833,1.738333
2024-01-07 02:15:00,2.0,15.0,1.6443062473667247,17.21716589948983,14.712875106689015,1.738333
2024-01-07 02:30:00,2.0,15.0,1.6443062473667247,17.084909573071858,14.638721293844391,1.738333
2024-01-07 02:45:00,2.0,15.0,1.6443062473667247,16.955492029761377,14.562895171533714,1.738333
2024-01-07 03:00:00,2.0,15.0,1.6443062473667247,16.828791118359756,14.487178381145721,1.956667
2024-01-07 03:15:00,2.0,15.0,1.6443062473667247,16.70472232654942,14.411877801691539,1.956667
2024-01-07 03:30:00,2.0,15.0,1.6443062473667247,16.5830494846431,14.335368876466495,1.956667
2024-01-07 03:45:00,2.0,15.0,1.6443062473667247,16.46360237462054,14.257842206201692,1.956667
2024-01-07 04:00:00,2.0,15.0,1.6443062473667247,16.346240907075778,14.179691723897585,1.988333
2024-01-07 04:15:00,1.0,16.666666666666668,1.6443062473667247,16.28166409968402,14.101254144946768,1.988333
2024-01-07 04:30:00,1.0,20.0,1.6443062473667247,17.01649706237472,14.040665442864166,1.988333
2024-01-07 04:45:00,2.0,17.333333333333332,1.6443062473667247,17.842276676942543,14.028081516929927,1.988333
2024-01-07 05:00:00,2.0,15.0,1.6443062473667247,17.785903075692502,14.035323410738236,1.873333
2024-01-07 05:15:00,2.0,16.0,1.6443062473667247,17.731045687495982,14.034815894333262,1.873333
2024-01-07 05:30:00,1.0,19.333333333333332,1.6443062473667247,18.02429358630544,14.038088427426992,1.873333
2024-01-07 05:45:00,1.0,20.0,1.6443062473667247,18.92910115295648,14.072469640550107,1.873333
2024-01-07 06:00:00,1.0,20.0,1.6443062473667247,19.80676737182855,14.142980453581108,1.066667
2024-01-07 06:15:00,1.0,20.0,1.6443062473667247,20.418039768945032,14.242669743816604,1.066667
2024-01-07 06:30:00,1.0,20.0,1.6443062473667247,20.18435224798124,14.344348282059803,1.066667
2024-01-07 06:45:00,1.0,20.0,1.6443062473667247,19.893122799104734,14.42533503149543,1.066667
2024-01-07 07:00:00,1.0,20.0,1.6443062473667247,19.619577153131114,14.48806986139939,1.176667
2024-01-07 07:15:00,2.0,18.666666666666668,1.6443062473667247,19.934122124184835,14.543948895737687,1.176667
2024-01-07 07:30:00,1.0,19.666666666666668,1.6443062473667247,19.989246310405424,14.613681223533773,1.176667
2024-01-07 07:45:00,1.0,20.0,1.6443062473667247,19.71997948102348,14.67005421334448,1.176667
2024-01-07 08:00:00,1.0,20.0,1.6443062473667247,19.693904317715916,14.713044447979035,1.32
2024-01-07 08:15:00,1.0,20.0,1.6443062473667247,20.385473973721904,14.773638682442483,1.32
2024-01-07 08:30:00,1.0,20.0,1.6443062473667247,20.282194209373998,14.847998551115062,1.32
2024-01-07 08:45:00,1.0,20.0,1.6443062473667247,20.01058192278203,14.905829925549929,1.32
2024-01-07 09:00:00,1.0,20.0,1.6443062473667247,19.755391264523766,14.944934939059344,1.021667
2024-01-07 09:15:00,1.0,20.0,1.6443062473667247,19.621522281836935,14.967640708484984,1.021667
2024-01-07 09:30:00,1.0,20.0,1.6443062473667247,20.28242252238108,15.000990612190623,1.021667
2024-01-07 09:45:00,1.0,20.0,1.6443062473667247,20.29015617085882,15.054782188121003,1.021667
2024-01-07 10:00:00,1.0,19.866666666666667,1.6443062473667247,20.029973690773556,15.09731170476531,1.265
2024-01-07 10:15:00,1.0,20.0,1.6443062473667247,19.784740907279215,15.126650844951362,1.265
2024-01-07 10:30:00,1.0,20.0,1.6443062473667247,19.583065226345976,15.142476573958692,1.265
2024-01-07 10:45:00,1.0,20.0,1.6443062473667247,20.152442134805337,15.162127708604952,1.265
2024-01-07 11:00:00,1.0,20.0,1.6443062473667247,20.353584661747142,15.212913158756088,1.9199999999999997
2024-01-07 11:15:00,1.0,20.0,1.6443062473667247,20.098596291602284,15.260266281647157,1.9199999999999997
2024-01-07 11:30:00,1.0,20.0,1.6443062473667247,19.857941116707455,15.29243877717579,1.9199999999999997
2024-01-07 11:45:00,1.0,20.0,1.6443062473667247,19.63023065702508,15.311070433072176,1.9199999999999997
2024-01-07 12:00:00,1.0,20.0,1.6443062473667247,19.873018136755956,15.329509405285174,2.735
2024-01-07 12:15:00,1.0,20.0,1.6443062473667247,20.431833214525188,15.380964559676405,2.735
2024-01-07 12:30:00,1.0,20.0,1.6443062473667247,20.212130744600625,15.435028586125288,2.735
2024-01-07 12:45:00,1.0,20.0,1.6443062473667247,19.976101741324623,15.473869587611965,2.735
2024-01-07 13:00:00,1.0,20.0,1.6443062473667247,19.753606684770713,15.501858465678282,3.143333
2024-01-07 13:15:00,1.0,20.0,1.6443062473667247,19.574138215289786,15.520743737403793,3.143333
2024-01-07 13:30:00,1.0,20.0,1.6443062473667247,20.16480846126917,15.544325220951258,3.143333
2024-01-07 13:45:00,1.0,20.0,1.6443062473667247,20.386334136723246,15.595194076661603,3.143333
2024-01-07 14:00:00,1.0,20.0,1.6443062473667247,20.150330298557446,15.638125354455344,3.1
2024-01-07 14:15:00,1.0,20.0,1.6443062473667247,19.927255453334066,15.666711893415147,3.1
2024-01-07 14:30:00,1.0,20.0,1.6443062473667247,19.716122161011274,15.682824406923896,3.1
2024-01-07 14:45:00,1.0,20.0,1.6443062473667247,19.59193015709541,15.6881595980824,3.1
2024-01-07 15:00:00,1.0,20.0,1.6443062473667247,20.26533572640882,15.69639939370654,1.946667
2024-01-07 15:15:00,1.0,20.0,1.6443062473667247,20.359854804495868,15.721118143157522,1.946667
2024-01-07 15:30:00,1.0,20.0,1.6443062473667247,20.126013481651526,15.737191178943684,1.946667
2024-01-07 15:45:00,1.0,20.0,1.6443062473667247,19.90404328354625,15.741060950409857,1.946667
2024-01-07 16:00:00,1.0,20.0,1.6443062473667247,19.692607169549625,15.73659760278501,2.306667
2024-01-07 16:15:00,1.0,20.0,1.6443062473667247,19.632669827546042,15.726076839891556,2.306667
2024-01-07 16:30:00,1.0,20.0,1.6443062473667247,20.341185887126645,15.732688141944035,2.306667
2024-01-07 16:45:00,1.0,20.0,1.6443062473667247,20.32950591381475,15.760909039338118,2.306667
2024-01-07 17:00:00,1.0,20.0,1.6443062473667247,20.098628014704158,15.779324802499413,2.438333
2024-01-07 17:15:00,1.0,20.0,1.6443062473667247,19.879667949516325,15.786571877292428,2.438333
2024-01-07 17:30:00,1.0,19.833333333333332,1.6443062473667247,19.67146029085383,15.782882493486282,2.438333
2024-01-07 17:45:00,1.0,20.0,1.6443062473667247,19.700432236007313,15.771491319293776,2.438333
2024-01-07 18:00:00,1.0,20.0,1.6443062473667247,20.405966855794407,15.778495128729235,1.905
2024-01-07 18:15:00,1.0,20.0,1.6443062473667247,20.309100039183942,15.798055486690524,1.905
2024-01-07 18:30:00,1.0,20.0,1.6443062473667247,20.08046062847721,15.806224938676301,1.905
2024-01-07 18:45:00,1.0,20.0,1.6443062473667247,19.863076970742192,15.802936655102103,1.905
2024-01-07 19:00:00,1.0,20.0,1.6443062473667247,19.65563094766788,15.785215270945939,1.305
2024-01-07 19:15:00,1.0,20.0,1.6443062473667247,19.734558503839594,15.756728265397307,1.305
2024-01-07 19:30:00,1.0,20.0,1.6443062473667247,20.421048258324827,15.75362158177183,1.305
2024-01-07 19:45:00,1.0,20.0,1.6443062473667247,20.287265367094353,15.765223193931394,1.305
2024-01-07 20:00:00,1.0,20.0,1.6443062473667247,20.05754933129108,15.765790139554062,1.355
2024-01-07 20:15:00,1.0,20.0,1.6443062473667247,19.838816187350364,15.755720323309117,1.355
2024-01-07 20:30:00,1.0,20.0,1.6443062473667247,19.630018497222636,15.735812802827796,1.355
2024-01-07 20:45:00,1.0,20.0,1.6443062473667247,19.823186555449084,15.711978549939916,1.355
2024-01-07 21:00:00,1.0,20.0,1.6443062473667247,20.442360705466836,15.720533175806445,1.888333
2024-01-07 21:15:00,1.0,20.0,1.6443062473667247,20.252631848432905,15.741833419017608,1.888333
2024-01-07 21:30:00,1.0,16.666666666666668,1.6443062473667247,20.02404419665766,15.750582620092757,1.888333
2024-01-07 21:45:00,1.0,20.0,1.6443062473667247,19.80673682514693,15.747840141859564,1.888333
2024-01-07 22:00:00,1.0,20.0,1.6443062473667247,19.599752478754684,15.73680845085145,2.163333
2024-01-07 22:15:00,1.0,20.0,1.6443062473667247,19.930108891266773,15.726368560412348,2.163333
2024-01-07 22:30:00,2.0,18.333333333333332,1.6443062473667247,20.444823785488936,15.746105178979986,2.163333
2024-01-07 22:45:00,2.0,15.0,1.6443062473667247,20.22220295678052,15.768568891568627,2.163333
2024-01-07 23:00:00,2.0,15.0,1.6443062473667247,19.996274095959937,15.77300199783883,1.413333
2024-01-07 23:15:00,2.0,15.0,1.6443062473667247,19.780850364995512,15.76041833858566,1.413333
2024-01-07 23:30:00,2.0,15.0,1.6443062473667247,19.575087644889003,15.738313316198944,1.413333
2024-01-07 23:45:00,2.0,15.0,1.6443062473667247,19.378083149839814,15.707747540640112,1.413333
2024-01-08 00:00:00,2.0,15.0,1.6443062473667247,19.188607393664082,15.662556374349599,0.405
2024-01-08 00:15:00,2.0,15.0,1.6443062473667247,19.00543844137399,15.60317058927867,0.405
2024-01-08 00:30:00,2.0,15.0,1.6443062473667247,18.828217477626563,15.538747643717914,0.405
2024-01-08 00:45:00,2.0,15.0,1.6443062473667247,18.656427084423814,15.46988870344463,0.405
2024-01-08 01:00:00,2.0,15.0,1.6443062473667247,18.489585126586203,15.396838372324854,0.363333
2024-01-08 01:15:00,2.0,15.0,1.6443062473667247,18.327253543629283,15.320061777169458,0.363333
2024-01-08 01:30:00,2.0,15.0,1.6443062473667247,18.16906920095586,15.240338000426247,0.363333
2024-01-08 01:45:00,2.0,15.0,1.6443062473667247,18.014697630251458,15.158050711764158,0.363333
2024-01-08 02:00:00,2.0,15.0,1.6443062473667247,17.86392401495044,15.075001833763734,0.57
2024-01-08 02:15:00,2.0,15.0,1.6443062473667247,17.71657926051871,14.99158532946003,0.57
2024-01-08 02:30:00,2.0,15.0,1.6443062473667247,17.5723597745843,14.906356169296735,0.57
2024-01-08 02:45:00,2.0,15.0,1.6443062473667247,17.431032515787763,14.819577829351402,0.57
2024-01-08 03:00:00,2.0,15.0,1.6443062473667247,17.292504841215838,14.733473689595735,0.8516670000000001
2024-01-08 03:15:00,2.0,15.0,1.6443062473667247,17.15672608119186,14.648372402155367,0.8516670000000001
2024-01-08 03:30:00,2.0,15.0,1.6443062473667247,17.023444010541564,14.562117942231847,0.8516670000000001
2024-01-08 03:45:00,2.0,15.0,1.6443062473667247,16.892486187982307,14.474902266623022,0.8516670000000001
2024-01-08 04:00:00,2.0,17.666666666666668,1.6443062473667247,17.185129451298454,14.395264382231963,1.04
2024-01-08 04:15:00,1.0,17.666666666666668,1.6443062473667247,17.3574432339454,14.336952447677477,1.04
2024-01-08 04:30:00,2.0,18.666666666666668,1.6443062473667247,18.15385343361986,14.303252002972327,1.04
2024-01-08 04:45:00,2.0,15.0,1.6443062473667247,18.282281560178113,14.30084308908156,1.04
2024-01-08 05:00:00,2.0,15.0,1.6443062473667247,18.07922761870655,14.288940692493943,0.448333
2024-01-08 05:15:00,2.0,15.0,1.6443062473667247,17.884924794669324,14.263393260762177,0.448333
2024-01-08 05:30:00,1.0,17.333333333333332,1.6443062473667247,17.805165711077755,14.230746260056332,0.448333
2024-01-08 05:45:00,1.0,20.0,1.6443062473667247,18.56584672690926,14.214981977069261,0.448333
2024-01-08 06:00:00,2.0,18.666666666666668,1.6443062473667247,19.43583390393236,14.244182411549675,0.55
2024-01-08 06:15:00,2.0,15.0,1.6443062473667247,19.500037443951022,14.299522475472491,0.55
2024-01-08 06:30:00,1.0,15.333333333333334,1.6443062473667247,19.238748092938327,14.342841971259258,0.55
2024-01-08 06:45:00,1.0,20.0,1.6443062473667247,19.594506206071387,14.380311310333836,0.55
2024-01-08 07:00:00,1.0,20.0,1.6443062473667247,20.347417566715194,14.449405029481643,0.658333
2024-01-08 07:15:00,1.0,20.0,1.6443062473667247,20.229648294146077,14.532404951308939,0.658333
2024-01-08 07:30:00,1.0,20.0,1.6443062473667247,19.94463792900532,14.597640004649858,0.658333
2024-01-08 07:45:00,1.0,20.0,1.6443062473667247,19.676221245585555,14.645133948686002,0.658333
2024-01-08 08:00:00,1.0,20.0,1.6443062473667247,19.756258471857173,14.68085798738458,0.706667
2024-01-08 08:15:00,1.0,20.0,1.6443062473667247,20.41189115040753,14.738282246286413,0.706667
2024-01-08 08:30:00,1.0,20.0,1.6443062473667247,20.231955568355165,14.804313923778617,0.706667
2024-01-08 08:45:00,1.0,20.0,1.6443062473667247,19.960795258942927,14.853329429963708,0.706667
2024-01-08 09:00:00,1.0,20.0,1.6443062473667247,19.705672051017025,14.88574585415598,0.628333
2024-01-08 09:15:00,1.0,20.0,1.6443062473667247,19.692594656014546,14.905359020097093,0.628333
2024-01-08 09:30:00,1.0,20.0,1.6443062473667247,20.359745034269235,14.943170096666998,0.628333
2024-01-08 09:45:00,1.0,20.0,1.6443062473667247,20.228072340503907,14.993977220571677,0.628333
2024-01-08 10:00:00,1.0,20.0,1.6443062473667247,19.968303441636213,15.029854796402825,0.64
2024-01-08 10:15:00,1.0,20.0,1.6443062473667247,19.723199035567,15.051155679851261,0.64
2024-01-08 10:30:00,1.0,20.0,1.6443062473667247,19.632577258937932,15.060338075095492,0.64
2024-01-08 10:45:00,1.0,20.0,1.6443062473667247,20.31278566411617,15.083945929432407,0.64
2024-01-08 11:00:00,1.0,20.0,1.6443062473667247,20.274750747140875,15.128535805243896,0.895
2024-01-08 11:15:00,1.0,20.0,1.6443062473667247,20.019303868938188,15.162105312554706,0.895
2024-01-08 11:30:00,1.0,20.0,1.6443062473667247,19.777570322080276,15.181338167195161,0.895
2024-01-08 11:45:00,1.0,20.0,1.6443062473667247,19.578756952188304,15.18786001520865,0.895
2024-01-08 12:00:00,1.0,20.0,1.6443062473667247,20.151278767400907,15.201126780104515,1.2050000000000003
2024-01-08 12:15:00,1.0,20.0,1.6443062473667247,20.356037156024644,15.243933943050177,1.2050000000000003
2024-01-08 12:30:00,1.0,20.0,1.6443062473667247,20.103945938088255,15.27881661813369,1.2050000000000003
2024-01-08 12:45:00,1.0,20.0,1.6443062473667247,19.865469568856426,15.299440772651597,1.2050000000000003
2024-01-08 13:00:00,1.0,20.0,1.6443062473667247,19.63929882715267,15.309821616987639,1.555
2024-01-08 13:15:00,1.0,20.0,1.6443062473667247,19.817378066662638,15.316300596210395,1.555
2024-01-08 13:30:00,1.0,20.0,1.6443062473667247,20.42337066427194,15.348778309045084,1.555
2024-01-08 13:45:00,1.0,20.0,1.6443062473667247,20.221882543907604,15.38765548635333,1.555
2024-01-08 14:00:00,1.0,20.0,1.6443062473667247,19.982341625070504,15.412987792132528,1.651667
2024-01-08 14:15:00,1.0,20.0,1.6443062473667247,19.754743801732438,15.426004320513512,1.651667
2024-01-08 14:30:00,1.0,20.0,1.6443062473667247,19.589399352717912,15.427479512474338,1.651667
2024-01-08 14:45:00,1.0,20.0,1.6443062473667247,20.21669783042236,15.436942537972483,1.651667
2024-01-08 15:00:00,1.0,20.0,1.6443062473667247,20.362215124431323,15.475876446462252,2.065
2024-01-08 15:15:00,1.0,20.0,1.6443062473667247,20.11659971668496,15.5092302998797,2.065
2024-01-08 15:30:00,1.0,20.0,1.6443062473667247,19.884219958203808,15.528731661308495,2.065
2024-01-08 15:45:00,1.0,20.0,1.6443062473667247,19.663801403833954,15.535884344241262,2.065
2024-01-08 16:00:00,1.0,20.0,1.6443062473667247,19.731879262641545,15.537740678641875,2.478333
2024-01-08 16:15:00,1.0,20.0,1.6443062473667247,20.4094899252186,15.565809848766769,2.478333
2024-01-08 16:30:00,1.0,20.0,1.6443062473667247,20.268701623927015,15.606203742228217,2.478333
2024-01-08 16:45:00,1.0,20.0,1.6443062473667247,20.033632995601163,15.63306599830381,2.478333
2024-01-08 17:00:00,1.0,20.0,1.6443062473667247,19.81116444356001,15.649846357575846,2.883333
2024-01-08 17:15:00,1.0,20.0,1.6443062473667247,19.60030077570729,15.658122101288445,2.883333
2024-01-08 17:30:00,1.0,20.0,1.6443062473667247,19.927697039110516,15.66341905500486,2.883333
2024-01-08 17:45:00,1.0,20.0,1.6443062473667247,20.44032518891108,15.697762191888739,2.883333
2024-01-08 18:00:00,1.0,20.0,1.6443062473667247,20.216476503806966,15.735167432452048,3.075
2024-01-08 18:15:00,1.0,20.0,1.6443062473667247,19.990499860574083,15.760350863470535,3.075
2024-01-08 18:30:00,1.0,20.0,1.6443062473667247,19.776444370837158,15.773135157880608,3.075
2024-01-08 18:45:00,1.0,20.0,1.6443062473667247,19.57826480137206,15.774869903340663,3.075
2024-01-08 19:00:00,1.0,20.0,1.6443062473667247,20.056879110798697,15.780248821706778,3.375
2024-01-08 19:15:00,1.0,20.0,1.6443062473667247,20.434415369324203,15.81797139975953,3.375
2024-01-08 19:30:00,1.0,20.0,1.6443062473667247,20.202230837929317,15.8528715483217,3.375
2024-01-08 19:45:00,1.0,19.8,1.6443062473667247,19.982715089365193,15.874464971689953,3.375
2024-01-08 20:00:00,1.0,20.0,1.6443062473667247,19.774720156296578,15.885452486768605,3.553333
2024-01-08 20:15:00,1.0,20.0,1.6443062473667247,19.577236659177462,15.887201913258505,3.553333
2024-01-08 20:30:00,1.0,20.0,1.6443062473667247,19.99183041849141,15.888766980890733,3.553333
2024-01-08 20:45:00,1.0,20.0,1.6443062473667247,20.447578899872646,15.920740585872908,3.553333
2024-01-08 21:00:00,1.0,20.0,1.6443062473667247,20.224763575641294,15.955403469296796,3.935
2024-01-08 21:15:00,2.0,16.666666666666668,1.6443062473667247,20.009516273411275,15.9800087479539,3.935
2024-01-08 21:30:00,2.0,15.0,1.6443062473667247,19.805652859071284,15.99276480303977,3.935
2024-01-08 21:45:00,2.0,15.0,1.6443062473667247,19.61208022697323,15.994960957421249,3.935
2024-01-08 22:00:00,1.0,17.666666666666668,1.6443062473667247,19.569738332094932,15.990210960503415,4.148333
2024-01-08 22:15:00,1.0,20.0,1.6443062473667247,20.32073584076463,16.0049280461956,4.148333
2024-01-08 22:30:00,1.0,20.0,1.6443062473667247,20.373997714941105,16.04418217576527,4.148333
2024-01-08 22:45:00,2.0,15.666666666666666,1.6443062473667247,20.156000914718575,16.07354399512058,4.148333
2024-01-08 23:00:00,2.0,15.0,1.6443062473667247,19.949874580375642,16.09290779843261,4.471667
2024-01-08 23:15:00,2.0,15.0,1.6443062473667247,19.754647310931727,16.103741957987847,4.471667
2024-01-08 23:30:00,2.0,15.0,1.6443062473667247,19.569210567142257,16.10455035022057,4.471667
2024-01-08 23:45:00,2.0,15.0,1.6443062473667247,19.39263192102336,16.096431472687385,4.471667
2024-01-09 00:00:00,2.0,15.0,1.6443062473667247,19.224235115807026,16.08309872633596,4.858333
2024-01-09 00:15:00,2.0,15.0,1.6443062473667247,19.063458412913874,16.065596651827004,4.858333
2024-01-09 00:30:00,2.0,15.0,1.6443062473667247,18.90951441756258,16.041498045285056,4.858333
2024-01-09 00:45:00,2.0,15.0,1.6443062473667247,18.761771035362653,16.01154438598177,4.858333
2024-01-09 01:00:00,2.0,15.0,1.6443062473667247,18.619828363571965,15.979246481171952,5.261667
2024-01-09 01:15:00,2.0,15.0,1.6443062473667247,18.483374539166554,15.945368638964442,5.261667
2024-01-09 01:30:00,2.0,15.0,1.6443062473667247,18.35183413629478,15.907087320347745,5.261667
2024-01-09 01:45:00,2.0,15.0,1.6443062473667247,18.22476844716857,15.864914358773662,5.261667
2024-01-09 02:00:00,2.0,15.0,1.6443062473667247,18.10125639741924,15.81035830715076,3.993333
2024-01-09 02:15:00,2.0,15.0,1.6443062473667247,17.98032234032564,15.743300023515214,3.993333
2024-01-09 02:30:00,2.0,15.0,1.6443062473667247,17.86201883302444,15.67466564511984,3.993333
2024-01-09 02:45:00,2.0,15.0,1.6443062473667247,17.746147378600927,15.60468010546839,3.993333
2024-01-09 03:00:00,2.0,15.0,1.6443062473667247,17.632326464344384,15.530098734833762,3.505
2024-01-09 03:15:00,2.0,15.0,1.6443062473667247,17.520155994679445,15.450897523567528,3.505
2024-01-09 03:30:00,2.0,15.0,1.6443062473667247,17.409633933187298,15.371302563140548,3.505
2024-01-09 03:45:00,2.0,15.0,1.6443062473667247,17.30066354152519,15.291417495886689,3.505
2024-01-09 04:00:00,1.0,15.333333333333334,1.6443062473667247,17.193335503316916,15.214357397060532,3.933333
2024-01-09 04:15:00,2.0,19.333333333333332,1.6443062473667247,17.68528423940911,15.149762496473917,3.933333
2024-01-09 04:30:00,2.0,15.0,1.6443062473667247,18.002425486012854,15.118432133723653,3.933333
2024-01-09 04:45:00,2.0,15.0,1.6443062473667247,17.85392018611087,15.089214336829627,3.933333
2024-01-09 05:00:00,2.0,15.0,1.6443062473667247,17.7111157174945,15.054676388147293,3.926667
2024-01-09 05:15:00,1.0,18.666666666666668,1.6443062473667247,17.851181451322077,15.018209696010182,3.926667
2024-01-09 05:30:00,1.0,20.0,1.6443062473667247,18.777686557660193,15.011976966820386,3.926667
2024-01-09 05:45:00,1.0,20.0,1.6443062473667247,19.708706481486388,15.052616698575331,3.926667
2024-01-09 06:00:00,1.0,20.0,1.6443062473667247,20.415195478912146,15.13416116290583,3.9716670000000005
2024-01-09 06:15:00,1.0,20.0,1.6443062473667247,20.25555319254106,15.224277685636144,3.9716670000000005
2024-01-09 06:30:00,1.0,20.0,1.6443062473667247,20.00484213990703,15.296836363793359,3.9716670000000005
2024-01-09 06:45:00,1.0,20.0,1.6443062473667247,19.769434230711752,15.352835682699652,3.9716670000000005
2024-01-09 07:00:00,1.0,20.0,1.6443062473667247,19.578144580197105,15.390247872227913,3.423333
2024-01-09 07:15:00,1.0,20.0,1.6443062473667247,20.15810818360286,15.426296296715131,3.423333
2024-01-09 07:30:00,3.0,19.966666666666665,1.6443062473667247,20.370016865155662,15.488336382260968,3.423333
2024-01-09 07:45:00,3.0,19.5,1.6443062473667247,20.125631186736353,15.541585987924774,3.423333
2024-01-09 08:00:00,1.0,19.533333333333335,1.6443062473667247,19.89578045023203,15.576531534882701,2.96
2024-01-09 08:15:00,1.0,19.8,1.6443062473667247,19.67891475281359,15.594641714221305,2.96
2024-01-09 08:30:00,1.0,20.0,1.6443062473667247,19.700655328885723,15.603266155038591,2.96
2024-01-09 08:45:00,1.0,20.0,1.6443062473667247,20.400455968544172,15.632445513096132,2.96
2024-01-09 09:00:00,1.0,20.0,1.6443062473667247,20.300226932275894,15.675949592697355,2.848333
2024-01-09 09:15:00,1.0,20.0,1.6443062473667247,20.070326770168275,15.705543558783654,2.848333
2024-01-09 09:30:00,1.0,20.0,1.6443062473667247,19.852739712344817,15.722273496018472,2.848333
2024-01-09 09:45:00,1.0,20.0,1.6443062473667247,19.646281211581382,15.727536959696067,2.848333
2024-01-09 10:00:00,1.0,20.0,1.6443062473667247,19.72764453168273,15.7265529787409,3.015
2024-01-09 10:15:00,1.0,20.0,1.6443062473667247,20.417831497275966,15.750654360887035,3.015
2024-01-09 10:30:00,1.0,20.0,1.6443062473667247,20.288836582160368,15.78793173548728,3.015
2024-01-09 10:45:00,3.0,19.766666666666666,1.6443062473667247,20.06485529272393,15.812437786224358,3.015
2024-01-09 11:00:00,1.0,19.866666666666667,1.6443062473667247,19.85375613799656,15.8275422326395,3.418333
2024-01-09 11:15:00,1.0,20.0,1.6443062473667247,19.654676320627473,15.834810693632305,3.418333
2024-01-09 11:30:00,1.0,20.0,1.6443062473667247,19.692852057353296,15.834125895379948,3.418333
2024-01-09 11:45:00,1.0,20.0,1.6443062473667247,20.407872728462586,15.855367563088764,3.418333
2024-01-09 12:00:00,1.0,20.0,1.6443062473667247,20.322271894721887,15.89583474047128,3.826667
2024-01-09 12:15:00,1.0,20.0,1.6443062473667247,20.106794289497014,15.927399806517679,3.826667
2024-01-09 12:30:00,1.0,20.0,1.6443062473667247,19.903035528031964,15.946667392920032,3.826667
2024-01-09 12:45:00,1.0,19.666666666666668,1.6443062473667247,19.709865704389212,15.954971016821313,3.826667
2024-01-09 13:00:00,1.0,20.0,1.6443062473667247,19.57732836368373,15.957934648781052,4.429999999999999
2024-01-09 13:15:00,1.0,20.0,1.6443062473667247,20.221040109125518,15.975076252880259,4.429999999999999
2024-01-09 13:30:00,1.0,20.0,1.6443062473667247,20.339661772405783,16.017456539069908,4.429999999999999
2024-01-09 13:45:00,1.0,20.0,1.6443062473667247,20.129598777172557,16.051235310299475,4.429999999999999
2024-01-09 14:00:00,1.0,20.0,1.6443062473667247,19.933273618196374,16.074207766957464,4.62
2024-01-09 14:15:00,1.0,20.0,1.6443062473667247,19.7498248499548,16.08791347133558,4.62
2024-01-09 14:30:00,1.0,20.0,1.6443062473667247,19.575740032422814,16.09197682367755,4.62
2024-01-09 14:45:00,1.0,20.0,1.6443062473667247,20.012727213195262,16.096830498120614,4.62
2024-01-09 15:00:00,1.0,20.0,1.6443062473667247,20.41637613023193,16.13130706200769,4.608333
2024-01-09 15:15:00,1.0,20.0,1.6443062473667247,20.20475454747348,16.16419342075129,4.608333
2024-01-09 15:30:00,1.0,20.0,1.6443062473667247,20.004729903902064,16.18488387286022,4.608333
2024-01-09 15:45:00,1.0,20.0,1.6443062473667247,19.815182820642203,16.19469971907001,4.608333
2024-01-09 16:00:00,1.0,20.0,1.6443062473667247,19.63296737478397,16.189365744544357,3.838333
2024-01-09 16:15:00,2.0,16.333333333333332,1.6443062473667247,19.456663230010705,16.169499192534808,3.838333
2024-01-09 16:30:00,2.0,15.0,1.6443062473667247,19.287820295109462,16.142441383658653,3.838333
2024-01-09 16:45:00,1.0,18.333333333333332,1.6443062473667247,19.353196667703426,16.111034159849517,3.838333
2024-01-09 17:00:00,1.0,20.0,1.6443062473667247,20.21893241759135,16.10039294486718,3.083333
2024-01-09 17:15:00,1.0,20.0,1.6443062473667247,20.394376303470658,16.11618396162118,3.083333
2024-01-09 17:30:00,1.0,20.0,1.6443062473667247,20.17768372454178,16.12607126691557,3.083333
2024-01-09 17:45:00,1.0,20.0,1.6443062473667247,19.971758608659986,16.124964787482067,3.083333
2024-01-09 18:00:00,1.0,20.0,1.6443062473667247,19.775245936514178,16.10844884493721,2.286667
2024-01-09 18:15:00,1.0,20.0,1.6443062473667247,19.586836079035145,16.0772717360165,2.286667
2024-01-09 18:30:00,1.0,20.0,1.6443062473667247,19.93378145547075,16.046669186635693,2.286667
2024-01-09 18:45:00,1.0,20.0,1.6443062473667247,20.463357605750737,16.04830389727859,2.286667
2024-01-09 19:00:00,1.0,20.0,1.6443062473667247,20.254191113539218,16.056937052986623,2.63
2024-01-09 19:15:00,3.0,19.866666666666667,1.6443062473667247,20.040949400545237,16.057056602555846,2.63
2024-01-09 19:30:00,1.0,19.833333333333332,1.6443062473667247,19.83785628549038,16.0469611892175,2.63
2024-01-09 19:45:00,1.0,20.0,1.6443062473667247,19.643953500677632,16.02777833648759,2.63
2024-01-09 20:00:00,1.0,20.0,1.6443062473667247,19.736014858785676,16.00236788996918,2.496667
2024-01-09 20:15:00,1.0,20.0,1.6443062473667247,20.435077317747794,16.00172011164892,2.496667
2024-01-09 20:30:00,1.0,20.0,1.6443062473667247,20.31338356931633,16.016227984402494,2.496667
2024-01-09 20:45:00,1.0,20.0,1.6443062473667247,20.095296163841557,16.01974446475709,2.496667
2024-01-09 21:00:00,1.0,20.0,1.6443062473667247,19.88745925197254,16.00773157057957,1.806667
2024-01-09 21:15:00,1.0,20.0,1.6443062473667247,19.68853711443402,15.981074997063791,1.806667
2024-01-09 21:30:00,1.0,20.0,1.6443062473667247,19.63966832601187,15.947523399857916,1.806667
2024-01-09 21:45:00,1.0,20.0,1.6443062473667247,20.357654291431906,15.933080553890568,1.806667
2024-01-09 22:00:00,1.0,20.0,1.6443062473667247,20.353760842844515,15.937730515192793,1.198333
2024-01-09 22:15:00,2.0,15.666666666666666,1.6443062473667247,20.12878389676123,15.928695114335003,1.198333
2024-01-09 22:30:00,2.0,15.0,1.6443062473667247,19.91408755200001,15.909458146310417,1.198333
2024-01-09 22:45:00,2.0,15.0,1.6443062473667247,19.70870788562144,15.881152611816608,1.198333
2024-01-09 23:00:00,2.0,15.0,1.6443062473667247,19.511604344376526,15.84181866412877,0.776667
2024-01-09 23:15:00,2.0,15.0,1.6443062473667247,19.321793345836646,15.792190505476094,0.776667
2024-01-09 23:30:00,2.0,15.0,1.6443062473667247,19.13870052073588,15.736594245470638,0.776667
2024-01-09 23:45:00,2.0,15.0,1.6443062473667247,18.961728478143538,15.675726401218101,0.776667
2024-01-10 00:00:00,2.0,15.0,1.6443062473667247,18.790238164219772,15.608470506539586,0.53
2024-01-10 00:15:00,2.0,15.0,1.6443062473667247,18.62362669261124,15.535282727299537,0.53
2024-01-10 00:30:00,2.0,15.0,1.6443062473667247,18.461533109355496,15.458717438055833,0.53
2024-01-10 00:45:00,2.0,15.0,1.6443062473667247,18.30358528270946,15.379203085005454,0.53
2024-01-10 01:00:00,2.0,15.0,1.6443062473667247,18.14935037931523,15.295453320677371,0.293333
2024-01-10 01:15:00,2.0,15.0,1.6443062473667247,17.998411674667253,15.207712821460495,0.293333
2024-01-10 01:30:00,2.0,15.0,1.6443062473667247,17.850567891591634,15.11825927580356,0.293333
2024-01-10 01:45:00,2.0,15.0,1.6443062473667247,17.705592069358033,15.027348449415166,0.293333
2024-01-10 02:00:00,2.0,15.0,1.6443062473667247,17.563419160266424,14.937573137001754,0.628333
2024-01-10 02:15:00,2.0,15.0,1.6443062473667247,17.42402948932197,14.849278043880329,0.628333
2024-01-10 02:30:00,2.0,15.0,1.6443062473667247,17.287159581653324,14.75985757439571,0.628333
2024-01-10 02:45:00,2.0,15.0,1.6443062473667247,17.15263719244912,14.669503043622607,0.628333
2024-01-10 03:00:00,2.0,15.0,1.6443062473667247,17.020357735477067,14.57924405807136,0.75
2024-01-10 03:15:00,2.0,15.0,1.6443062473667247,16.890241048219465,14.48928435150137,0.75
2024-01-10 03:30:00,2.0,15.0,1.6443062473667247,16.76212555318291,14.398747723014834,0.75
2024-01-10 03:45:00,2.0,15.0,1.6443062473667247,16.635889204234005,14.307766209397979,0.75
2024-01-10 04:00:00,2.0,15.0,1.6443062473667247,16.511322866919592,14.214775889778641,0.511667
2024-01-10 04:15:00,1.0,18.333333333333332,1.6443062473667247,16.645604793512693,14.122469775861616,0.511667
2024-01-10 04:30:00,1.0,20.0,1.6443062473667247,17.5298340393475,14.062089785704948,0.511667
2024-01-10 04:45:00,1.0,20.0,1.6443062473667247,18.472530876629396,14.051601720905161,0.511667
2024-01-10 05:00:00,1.0,20.0,1.6443062473667247,19.369822365072558,14.085592076722994,0.326667
2024-01-10 05:15:00,1.0,20.0,1.6443062473667247,20.210625148847683,14.158920309213816,0.326667
2024-01-10 05:30:00,1.0,20.0,1.6443062473667247,20.293290865741135,14.25505717251034,0.326667
2024-01-10 05:45:00,1.0,20.0,1.6443062473667247,19.9919735612623,14.335801684864004,0.326667
2024-01-10 06:00:00,1.0,20.0,1.6443062473667247,19.708689432048043,14.396062238950941,0.186667
2024-01-10 06:15:00,1.0,20.0,1.6443062473667247,19.71929113096676,14.440661009175516,0.186667
2024-01-10 06:30:00,1.0,20.0,1.6443062473667247,20.384431749966414,14.503251471748552,0.186667
2024-01-10 06:45:00,1.0,20.0,1.6443062473667247,20.227482512118126,14.576198112751534,0.186667
2024-01-10 07:00:00,1.0,20.0,1.6443062473667247,19.94401442943284,14.629489718516133,-0.10167
2024-01-10 07:15:00,1.0,20.0,1.6443062473667247,19.676372688434387,14.66358813798504,-0.10167
2024-01-10 07:30:00,1.0,20.0,1.6443062473667247,19.75591468794987,14.686445686811386,-0.10167
2024-01-10 07:45:00,1.0,20.0,1.6443062473667247,20.40978488542607,14.731385622015521,-0.10167
2024-01-10 08:00:00,1.0,20.0,1.6443062473667247,20.232511884231847,14.779111803560825,-1.03667
2024-01-10 08:15:00,1.0,20.0,1.6443062473667247,19.968448871852154,14.803901014142655,-1.03667
2024-01-10 08:30:00,1.0,20.0,1.6443062473667247,19.718100272853473,14.814492736075984,-1.03667
2024-01-10 08:45:00,1.0,20.0,1.6443062473667247,19.662309555719208,14.813861148526817,-1.03667
2024-01-10 09:00:00,1.0,20.0,1.6443062473667247,20.33531578649373,14.829217395412433,-1.20833
2024-01-10 09:15:00,1.0,20.0,1.6443062473667247,20.23754922492872,14.859946829926905,-1.20833
2024-01-10 09:30:00,1.0,20.0,1.6443062473667247,19.969156758561518,14.87715265340871,-1.20833
2024-01-10 09:45:00,1.0,20.0,1.6443062473667247,19.714331607973175,14.88043015406107,-1.20833
2024-01-10 10:00:00,1.0,20.0,1.6443062473667247,19.654864068297744,14.87414131593461,-1.01
2024-01-10 10:15:00,1.0,20.0,1.6443062473667247,20.35920187735909,14.887134321677319,-1.01
2024-01-10 10:30:00,1.0,20.0,1.6443062473667247,20.309406253426335,14.919865484405562,-1.01
2024-01-10 10:45:00,1.0,20.0,1.6443062473667247,20.04238096216634,14.939754532370664,-1.01
2024-01-10 11:00:00,1.0,20.0,1.6443062473667247,19.78928533897039,14.946309793682786,-0.9116699999999999
2024-01-10 11:15:00,1.0,20.0,1.6443062473667247,19.579413017334662,14.941192400067399,-0.9116699999999999
2024-01-10 11:30:00,1.0,20.0,1.6443062473667247,20.145107221685283,14.940823756754474,-0.9116699999999999
2024-01-10 11:45:00,1.0,20.0,1.6443062473667247,20.406289435309482,14.96979549090056,-0.9116699999999999
2024-01-10 12:00:00,1.0,20.0,1.6443062473667247,20.138248127085845,14.994522648986086,-0.65
2024-01-10 12:15:00,1.0,20.0,1.6443062473667247,19.884830320848604,15.006950137334432,-0.65
2024-01-10 12:30:00,1.0,20.0,1.6443062473667247,19.644045099880238,15.006466297187405,-0.65
2024-01-10 12:45:00,1.0,20.0,1.6443062473667247,19.80765137980099,14.999304299704011,-0.65
2024-01-10 13:00:00,1.0,20.0,1.6443062473667247,20.39944262004105,15.022033400147766,-0.12167
2024-01-10 13:15:00,1.0,20.0,1.6443062473667247,20.184288728143315,15.055267315172033,-0.12167
2024-01-10 13:30:00,1.0,20.0,1.6443062473667247,19.932040958194353,15.073983438432226,-0.12167
2024-01-10 13:45:00,1.0,20.0,1.6443062473667247,19.692662876610527,15.079449172095899,-0.12167
2024-01-10 14:00:00,1.0,20.0,1.6443062473667247,19.69682056113439,15.079252591205284,0.451667
2024-01-10 14:15:00,1.0,20.0,1.6443062473667247,20.384539041940275,15.103999364448585,0.451667
2024-01-10 14:30:00,1.0,20.0,1.6443062473667247,20.271847923693134,15.14354747227032,0.451667
2024-01-10 14:45:00,1.0,20.0,1.6443062473667247,20.029067404770117,15.169691514190426,0.451667
2024-01-10 15:00:00,1.0,20.0,1.6443062473667247,19.794643083595375,15.186091979766474,0.9599999999999999
2024-01-10 15:15:00,1.0,20.0,1.6443062473667247,19.582521438970797,15.194110548288016,0.9599999999999999
2024-01-10 15:30:00,1.0,20.0,1.6443062473667247,20.102420046160073,15.20430377194805,0.9599999999999999
2024-01-10 15:45:00,1.0,20.0,1.6443062473667247,20.379987848622534,15.242674275053728,0.9599999999999999
2024-01-10 16:00:00,1.0,20.0,1.6443062473667247,20.124423440009583,15.274592279223482,0.888333
2024-01-10 16:15:00,1.0,20.0,1.6443062473667247,19.8791699434509,15.29160309660254,0.888333
2024-01-10 16:30:00,1.0,20.0,1.6443062473667247,19.64637405872441,15.295805457951106,0.888333
2024-01-10 16:45:00,1.0,20.0,1.6443062473667247,19.817807813274275,15.293417696085632,0.888333
2024-01-10 17:00:00,1.0,20.0,1.6443062473667247,20.416795063738313,15.312798415850065,0.255
2024-01-10 17:15:00,1.0,20.0,1.6443062473667247,20.207646999923334,15.334063986662157,0.255
2024-01-10 17:30:00,1.0,20.0,1.6443062473667247,19.960562219163617,15.341851135124426,0.255
2024-01-10 17:45:00,1.0,20.0,1.6443062473667247,19.72559276437096,15.337321622511734,0.255
2024-01-10 18:00:00,1.0,20.0,1.6443062473667247,19.60788869384344,15.31917947466552,-0.205
2024-01-10 18:15:00,1.0,20.0,1.6443062473667247,20.282008718876977,15.311388331928331,-0.205
2024-01-10 18:30:00,1.0,20.0,1.6443062473667247,20.300418088141043,15.327256253402377,-0.205
2024-01-10 18:45:00,1.0,20.0,1.6443062473667247,20.048137867585712,15.333032727624227,-0.205
2024-01-10 19:00:00,1.0,20.0,1.6443062473667247,19.808026762108188,15.32467657727125,-0.445
2024-01-10 19:15:00,1.0,20.0,1.6443062473667247,19.58390349606834,15.303456223900307,-0.445
2024-01-10 19:30:00,1.0,20.0,1.6443062473667247,20.03661484135547,15.283963289737793,-0.445
2024-01-10 19:45:00,1.0,20.0,1.6443062473667247,20.388143264104745,15.294767204613386,-0.445
2024-01-10 20:00:00,1.0,20.0,1.6443062473667247,20.129842023624146,15.301618897025097,-0.66833
2024-01-10 20:15:00,1.0,20.0,1.6443062473667247,19.884012752222812,15.293911924769287,-0.66833
2024-01-10 20:30:00,1.0,20.0,1.6443062473667247,19.649517784398387,15.274921771079665,-0.66833
2024-01-10 20:45:00,1.0,20.0,1.6443062473667247,19.818253585372062,15.25071717654866,-0.66833
2024-01-10 21:00:00,1.0,20.0,1.6443062473667247,20.413826634882334,15.252427449303616,-0.89
2024-01-10 21:15:00,1.0,20.0,1.6443062473667247,20.200849916451002,15.260220562955045,-0.89
2024-01-10 21:30:00,1.0,20.0,1.6443062473667247,19.949491406661966,15.255198359021545,-0.89
2024-01-10 21:45:00,1.0,20.0,1.6443062473667247,19.70985518852608,15.238459635995174,-0.89
2024-01-10 22:00:00,1.0,20.0,1.6443062473667247,19.66283915211179,15.210081128200162,-1.265
2024-01-10 22:15:00,1.0,20.0,1.6443062473667247,20.34637314868867,15.198155481196402,-1.265
2024-01-10 22:30:00,2.0,17.333333333333332,1.6443062473667247,20.261530466294765,15.205303513228325,-1.265
2024-01-10 22:45:00,2.0,15.0,1.6443062473667247,20.00434935035463,15.201028019352913,-1.265
2024-01-10 23:00:00,2.0,15.0,1.6443062473667247,19.759094895226,15.182887448164426,-1.52333
2024-01-10 23:15:00,2.0,15.0,1.6443062473667247,19.52450745881382,15.15210638441153,-1.52333
2024-01-10 23:30:00,2.0,15.0,1.6443062473667247,19.299645422185517,15.112029837679133,-1.52333
2024-01-10 23:45:00,2.0,15.0,1.6443062473667247,19.083613452297847,15.063707309718916,-1.52333
2024-01-11 00:00:00,2.0,15.0,1.6443062473667247,18.875463601015152,15.005633200519325,-1.87
2024-01-11 00:15:00,2.0,15.0,1.6443062473667247,18.674304076069873,14.938505740285967,-1.87
2024-01-11 00:30:00,2.0,15.0,1.6443062473667247,18.479587876537288,14.865966299137776,-1.87
2024-01-11 00:45:00,2.0,15.0,1.6443062473667247,18.290756574138634,14.788663300826306,-1.87
2024-01-11 01:00:00,2.0,15.0,1.6443062473667247,18.10732996071323,14.7075423171227,-1.81833
2024-01-11 01:15:00,2.0,15.0,1.6443062473667247,17.928882593034206,14.623145390910425,-1.81833
2024-01-11 01:30:00,2.0,15.0,1.6443062473667247,17.754994275519035,14.53550858186601,-1.81833
2024-01-11 01:45:00,2.0,15.0,1.6443062473667247,17.585297325529925,14.44505366042307,-1.81833
2024-01-11 02:00:00,2.0,15.0,1.6443062473667247,17.41936006341563,14.350441147013585,-2.06167
2024-01-11 02:15:00,2.0,15.0,1.6443062473667247,17.25676595219484,14.251907453032997,-2.06167
2024-01-11 02:30:00,2.0,15.0,1.6443062473667247,17.097318703175134,14.151780848254866,-2.06167
2024-01-11 02:45:00,2.0,15.0,1.6443062473667247,16.940794477738393,14.050312037448093,-2.06167
2024-01-11 03:00:00,2.0,15.0,1.6443062473667247,16.786984138382415,13.947595913272389,-2.08
2024-01-11 03:15:00,2.0,15.0,1.6443062473667247,16.635697204098918,13.843825320475666,-2.08
2024-01-11 03:30:00,2.0,15.0,1.6443062473667247,16.48677550095176,13.739332064323666,-2.08
2024-01-11 03:45:00,2.0,15.0,1.6443062473667247,16.340072882221698,13.63427476327023,-2.08
2024-01-11 04:00:00,1.0,15.333333333333334,1.6443062473667247,16.195422214889973,13.528195264191082,-2.165
2024-01-11 04:15:00,2.0,16.666666666666668,1.6443062473667247,16.42781744817804,13.428530255050175,-2.165
2024-01-11 04:30:00,2.0,18.0,1.6443062473667247,16.615345640912988,13.34481281676716,-2.165
2024-01-11 04:45:00,2.0,15.0,1.6443062473667247,16.84430310754805,13.282329130097379,-2.165
2024-01-11 05:00:00,2.0,15.0,1.6443062473667247,16.659260996435393,13.222295391352016,-2.09833
2024-01-11 05:15:00,1.0,18.333333333333332,1.6443062473667247,16.707713383995188,13.159735009406281,-2.09833
2024-01-11 05:30:00,1.0,20.0,1.6443062473667247,17.57147376554663,13.124432545290562,-2.09833
2024-01-11 05:45:00,1.0,20.0,1.6443062473667247,18.46589612423124,13.135812274805566,-2.09833
2024-01-11 06:00:00,1.0,20.0,1.6443062473667247,19.31835619331596,13.190173376957718,-1.97333
2024-01-11 06:15:00,1.0,20.0,1.6443062473667247,20.132873554130697,13.282912175605695,-1.97333
2024-01-11 06:30:00,1.0,20.0,1.6443062473667247,20.310362633600473,13.399435508957962,-1.97333
2024-01-11 06:45:00,1.0,20.0,1.6443062473667247,19.9660723704636,13.500354036959228,-1.97333
2024-01-11 07:00:00,1.0,20.0,1.6443062473667247,19.643176834708964,13.578245230490102,-2.00333
2024-01-11 07:15:00,1.0,20.0,1.6443062473667247,19.942224645491628,13.64494015225541,-2.00333
2024-01-11 07:30:00,1.0,20.0,1.6443062473667247,20.416048589633103,13.734827742967083,-2.00333
2024-01-11 07:45:00,1.0,20.0,1.6443062473667247,20.11231490537245,13.820612746276918,-2.00333
2024-01-11 08:00:00,1.0,20.0,1.6443062473667247,19.807417055408003,13.888061094976425,-1.61167
2024-01-11 08:15:00,1.0,20.0,1.6443062473667247,19.607255247625794,13.940446390033314,-1.61167
2024-01-11 08:30:00,1.0,20.0,1.6443062473667247,20.227866235538368,13.997357749901406,-1.61167
2024-01-11 08:45:00,1.0,20.0,1.6443062473667247,20.32117150120906,14.075971193735475,-1.61167
2024-01-11 09:00:00,1.0,20.0,1.6443062473667247,20.03497715423015,14.143142603015127,-1.29167
2024-01-11 09:15:00,1.0,20.0,1.6443062473667247,19.77209202037999,14.195121010158177,-1.29167
2024-01-11 09:30:00,1.0,20.0,1.6443062473667247,19.600279474395794,14.231591649596506,-1.29167
2024-01-11 09:45:00,1.0,20.0,1.6443062473667247,20.247150385884733,14.274945176092482,-1.29167
2024-01-11 10:00:00,1.0,20.0,1.6443062473667247,20.367462086541483,14.350020709698345,-0.175
2024-01-11 10:15:00,1.0,20.0,1.6443062473667247,20.104118081554834,14.421724424857382,-0.175
2024-01-11 10:30:00,1.0,20.0,1.6443062473667247,19.856638316289665,14.476317777707813,-0.175
2024-01-11 10:45:00,1.0,20.0,1.6443062473667247,19.623471649616697,14.51563507496784,-0.175
2024-01-11 11:00:00,1.0,20.0,1.6443062473667247,19.86223848375355,14.552062218974765,0.478333
2024-01-11 11:15:00,1.0,20.0,1.6443062473667247,20.418280148594764,14.61891600856819,0.478333
2024-01-11 11:30:00,1.0,20.0,1.6443062473667247,20.196653043402097,14.687278530231291,0.478333
2024-01-11 11:45:00,1.0,20.0,1.6443062473667247,19.959456594466968,14.739427629879088,0.478333
2024-01-11 12:00:00,1.0,20.0,1.6443062473667247,19.736070690492884,14.781707069621188,1.153333
2024-01-11 12:15:00,1.0,20.0,1.6443062473667247,19.601627476416528,14.816303638161076,1.153333
2024-01-11 12:30:00,1.0,20.0,1.6443062473667247,20.268756570564825,14.859638242762465,1.153333
2024-01-11 12:45:00,1.0,20.0,1.6443062473667247,20.361470435940053,14.9261133973795,1.153333
2024-01-11 13:00:00,1.0,19.666666666666668,1.6443062473667247,20.127281841501766,14.992494106566351,2.751667
2024-01-11 13:15:00,1.0,20.0,1.6443062473667247,19.90688728885436,15.056074745462334,2.751667
2024-01-11 13:30:00,1.0,20.0,1.6443062473667247,19.699935890596226,15.105111238828028,2.751667
2024-01-11 13:45:00,1.0,20.0,1.6443062473667247,19.611602003837536,15.141757145372328,2.751667
2024-01-11 14:00:00,1.0,20.0,1.6443062473667247,20.313774635698564,15.197032949346319,3.705
2024-01-11 14:15:00,1.0,20.0,1.6443062473667247,20.358874561996377,15.280767776963279,3.705
2024-01-11 14:30:00,1.0,20.0,1.6443062473667247,20.135174768997405,15.351425205266045,3.705
2024-01-11 14:45:00,1.0,20.0,1.6443062473667247,19.925404795232783,15.406935690519823,3.705
2024-01-11 15:00:00,1.0,20.0,1.6443062473667247,19.716120062297097,15.453701828452743,4.408333
2024-01-11 15:15:00,1.0,20.0,1.6443062473667247,19.61196993907486,15.493229156757284,4.408333
2024-01-11 15:30:00,1.0,20.0,1.6443062473667247,20.301958534631037,15.543766427407425,4.408333
2024-01-11 15:45:00,1.0,20.0,1.6443062473667247,20.3381970537604,15.61505801635281,4.408333
2024-01-11 16:00:00,1.0,20.0,1.6443062473667247,20.103687565809754,15.66949100533841,3.825
2024-01-11 16:15:00,1.0,20.0,1.6443062473667247,19.880777792308383,15.7046173758022,3.825
2024-01-11 16:30:00,1.0,20.0,1.6443062473667247,19.6701061708796,15.72686677325579,3.825
2024-01-11 16:45:00,1.0,20.0,1.6443062473667247,19.697938890586098,15.739666893725472,3.825
2024-01-11 17:00:00,1.0,20.0,1.6443062473667247,20.403562447351604,15.77009921439609,3.406667
2024-01-11 17:15:00,1.0,20.0,1.6443062473667247,20.30793966826533,15.812528771706628,3.406667
2024-01-11 17:30:00,1.0,20.0,1.6443062473667247,20.08154975878709,15.842190270083185,3.406667
2024-01-11 17:45:00,1.0,20.0,1.6443062473667247,19.867309129145177,15.859151525797115,3.406667
2024-01-11 18:00:00,1.0,20.0,1.6443062473667247,19.663855416610016,15.861510643695489,2.941667
2024-01-11 18:15:00,1.0,20.0,1.6443062473667247,19.69735915260772,15.85234297706015,2.941667
2024-01-11 18:30:00,1.0,20.0,1.6443062473667247,20.40753514507638,15.865411052932362,2.941667
2024-01-11 18:45:00,1.0,19.8,1.6443062473667247,20.315689644603236,15.895089145478797,2.941667
2024-01-11 19:00:00,1.0,20.0,1.6443062473667247,20.092112565935103,15.90973503396122,2.481667
2024-01-11 19:15:00,1.0,20.0,1.6443062473667247,19.87957732312229,15.909125560611304,2.481667
2024-01-11 19:30:00,1.0,20.0,1.6443062473667247,19.67712313591658,15.898380740776789,2.481667
2024-01-11 19:45:00,1.0,20.0,1.6443062473667247,19.66595540296672,15.880045637757327,2.481667
2024-01-11 20:00:00,1.0,20.0,1.6443062473667247,20.38404001504208,15.877388167026238,1.798333
2024-01-11 20:15:00,1.0,20.0,1.6443062473667247,20.33212802768446,15.889479016044021,1.798333
2024-01-11 20:30:00,1.0,20.0,1.6443062473667247,20.10654133347005,15.891412144774149,1.798333
2024-01-11 20:45:00,1.0,20.0,1.6443062473667247,19.891774865406042,15.882425447385232,1.798333
2024-01-11 21:00:00,2.0,19.666666666666668,1.6443062473667247,19.68654310393829,15.859265463894753,1.166667
2024-01-11 21:15:00,1.0,19.333333333333332,1.6443062473667247,19.631450484398304,15.823699860125647,1.166667
2024-01-11 21:30:00,1.0,20.0,1.6443062473667247,20.343414902066804,15.807071610426721,1.166667
2024-01-11 21:45:00,1.0,20.0,1.6443062473667247,20.333937384011964,15.813677991081256,1.166667
2024-01-11 22:00:00,1.0,20.0,1.6443062473667247,20.104048447485223,15.810201921416876,1.051667
2024-01-11 22:15:00,1.0,20.0,1.6443062473667247,19.8848639052708,15.795031634994112,1.051667
2024-01-11 22:30:00,2.0,19.666666666666668,1.6443062473667247,19.675398844143082,15.770322461598036,1.051667
2024-01-11 22:45:00,1.0,15.666666666666666,1.6443062473667247,19.47984590954687,15.737138910935652,1.051667
2024-01-11 23:00:00,2.0,17.333333333333332,1.6443062473667247,19.81712095748104,15.702462743356417,0.43
2024-01-11 23:15:00,2.0,15.0,1.6443062473667247,19.743230035338538,15.676554737060115,0.43
2024-01-11 23:30:00,2.0,15.0,1.6443062473667247,19.534356946244525,15.64321207551481,0.43
2024-01-11 23:45:00,2.0,15.0,1.6443062473667247,19.33386688012485,15.601965751377845,0.43
2024-01-12 00:00:00,2.0,15.0,1.6443062473667247,19.14091834939043,15.552443383735406,0.25
2024-01-12 00:15:00,2.0,15.0,1.6443062473667247,18.954734695569886,15.495374439992128,0.25
2024-01-12 00:30:00,2.0,15.0,1.6443062473667247,18.774750283949086,15.432978478058699,0.25
2024-01-12 00:45:00,2.0,15.0,1.6443062473667247,18.600422251583307,15.365886900334354,0.25
2024-01-12 01:00:00,2.0,15.0,1.6443062473667247,18.431300351062948,15.295300551124926,0.34
2024-01-12 01:15:00,2.0,15.0,1.6443062473667247,18.26699058541282,15.22176391478581,0.34
2024-01-12 01:30:00,2.0,15.0,1.6443062473667247,18.107072984955277,15.144981862593745,0.34
2024-01-12 01:45:00,2.0,15.0,1.6443062473667247,17.951187547504663,15.065368524132715,0.34
2024-01-12 02:00:00,2.0,15.0,1.6443062473667247,17.798909555736156,14.981577676047111,0.096667
2024-01-12 02:15:00,2.0,15.0,1.6443062473667247,17.649828788241074,14.893839699373295,0.096667
2024-01-12 02:30:00,2.0,15.0,1.6443062473667247,17.50375468531128,14.804477453506442,0.096667
2024-01-12 02:45:00,2.0,15.0,1.6443062473667247,17.360468617116563,14.713736902252123,0.096667
2024-01-12 03:00:00,2.0,15.0,1.6443062473667247,17.21980912570128,14.622437902964318,0.181667
2024-01-12 03:15:00,2.0,15.0,1.6443062473667247,17.081640701319557,14.530812787372078,0.181667
2024-01-12 03:30:00,2.0,15.0,1.6443062473667247,16.94577892688424,14.438329954702402,0.181667
2024-01-12 03:45:00,2.0,15.0,1.6443062473667247,16.81207415494172,14.345153703671047,0.181667
2024-01-12 04:00:00,1.0,15.666666666666666,1.6443062473667247,16.68553832177903,14.252242357004823,0.296667
2024-01-12 04:15:00,1.0,20.0,1.6443062473667247,17.227926467463515,14.171141829301503,0.296667
2024-01-12 04:30:00,2.0,19.333333333333332,1.6443062473667247,18.184743815584422,14.136135882063067,0.296667
2024-01-12 04:45:00,2.0,15.0,1.6443062473667247,18.427257782338263,14.138007391994055,0.296667
2024-01-12 05:00:00,2.0,16.0,1.6443062473667247,18.38937388205507,14.137687093816645,0.016667
2024-01-12 05:15:00,2.0,15.0,1.6443062473667247,18.216843323926646,14.1319347764905,0.016667
2024-01-12 05:30:00,2.0,16.0,1.6443062473667247,18.20322747176684,14.120304837011902,0.016667
2024-01-12 05:45:00,1.0,18.0,1.6443062473667247,18.206189320599336,14.107567417311051,0.016667
2024-01-12 06:00:00,1.0,20.0,1.6443062473667247,19.015712058249253,14.118998377881546,0.591667
2024-01-12 06:15:00,1.0,20.0,1.6443062473667247,19.89046207007632,14.177257532310682,0.591667
2024-01-12 06:30:00,1.0,20.0,1.6443062473667247,20.39345024724871,14.270016468082646,0.591667
2024-01-12 06:45:00,1.0,20.0,1.6443062473667247,20.117627243914203,14.359888464351151,0.591667
2024-01-12 07:00:00,1.0,20.0,1.6443062473667247,19.829858876505714,14.429848926843047,0.626667
2024-01-12 07:15:00,1.0,20.0,1.6443062473667247,19.589616789189613,14.481985439013041,0.626667
2024-01-12 07:30:00,1.0,20.0,1.6443062473667247,20.129051153045328,14.5338201226478,0.626667
2024-01-12 07:45:00,1.0,20.0,1.6443062473667247,20.36765283781828,14.610458629255598,0.626667
2024-01-12 08:00:00,1.0,20.0,1.6443062473667247,20.08340199004924,14.672899119716591,0.048333
2024-01-12 08:15:00,1.0,20.0,1.6443062473667247,19.81965318609311,14.713380682370737,0.048333
2024-01-12 08:30:00,1.0,20.0,1.6443062473667247,19.58561453329631,14.738711133340189,0.048333
2024-01-12 08:45:00,1.0,20.0,1.6443062473667247,20.085444560213478,14.764079538842651,0.048333
2024-01-12 09:00:00,1.0,20.0,1.6443062473667247,20.41919716964329,14.823128520418773,0.853333
2024-01-12 09:15:00,1.0,20.0,1.6443062473667247,20.146223066535107,14.882259814226286,0.853333
2024-01-12 09:30:00,1.0,20.0,1.6443062473667247,19.888985979243614,14.924609604453462,0.853333
2024-01-12 09:45:00,1.0,20.0,1.6443062473667247,19.64595612762816,14.951985448105768,0.853333
2024-01-12 10:00:00,1.0,20.0,1.6443062473667247,19.807852407366042,14.975807072356082,1.561667
2024-01-12 10:15:00,1.0,20.0,1.6443062473667247,20.398353833382824,15.029316870716919,1.561667
2024-01-12 10:30:00,3.0,19.733333333333334,1.6443062473667247,20.18309050652467,15.08716331201074,1.561667
2024-01-12 10:45:00,3.0,19.5,1.6443062473667247,19.93188430212624,15.128940500244987,1.561667
2024-01-12 11:00:00,1.0,19.966666666666665,1.6443062473667247,19.694231484277125,15.157614607687723,1.781667
2024-01-12 11:15:00,1.0,20.0,1.6443062473667247,19.69631135665731,15.176866694997443,1.781667
2024-01-12 11:30:00,1.0,20.0,1.6443062473667247,20.37788122392195,15.215064924779334,1.781667
2024-01-12 11:45:00,1.0,20.0,1.6443062473667247,20.2599601665674,15.266925111901621,1.781667
2024-01-12 12:00:00,1.0,20.0,1.6443062473667247,20.01304695181653,15.303856097078127,1.71
2024-01-12 12:15:00,1.0,20.0,1.6443062473667247,19.77989790844268,15.326092422650937,1.71
2024-01-12 12:30:00,1.0,20.0,1.6443062473667247,19.574154134686406,15.335788598826296,1.71
2024-01-12 12:45:00,1.0,20.0,1.6443062473667247,20.10020534184885,15.347859334335682,1.71
2024-01-12 13:00:00,1.0,20.0,1.6443062473667247,20.38415744978226,15.389735602671346,1.915
2024-01-12 13:15:00,1.0,20.0,1.6443062473667247,20.13830905550772,15.42742419621052,1.915
2024-01-12 13:30:00,1.0,20.0,1.6443062473667247,19.905909189312414,15.450976825524252,1.915
2024-01-12 13:45:00,1.0,20.0,1.6443062473667247,19.685660083694003,15.461925302649023,1.915
2024-01-12 14:00:00,1.0,20.0,1.6443062473667247,19.65867161019701,15.462859047209765,1.885
2024-01-12 14:15:00,1.0,20.0,1.6443062473667247,20.362997622848834,15.482092245886578,1.885
2024-01-12 14:30:00,1.0,20.0,1.6443062473667247,20.299408513846416,15.51943691598479,1.885
2024-01-12 14:45:00,1.0,20.0,1.6443062473667247,20.063875780256577,15.544478394765983,1.885
2024-01-12 15:00:00,1.0,20.0,1.6443062473667247,19.840666882655146,15.556753828583146,1.896667
2024-01-12 15:15:00,1.0,20.0,1.6443062473667247,19.628597208218146,15.557663913908486,1.896667
2024-01-12 15:30:00,1.0,20.0,1.6443062473667247,19.81961804593302,15.553182827412376,1.896667
2024-01-12 15:45:00,1.0,20.0,1.6443062473667247,20.437426435478834,15.576008502652027,1.896667
2024-01-12 16:00:00,1.0,20.0,1.6443062473667247,20.24419294867254,15.607273549801976,2.025
2024-01-12 16:15:00,1.0,20.0,1.6443062473667247,20.00988087375379,15.626115999702705,2.025
2024-01-12 16:30:00,1.0,20.0,1.6443062473667247,19.787591240775296,15.63255866953529,2.025
2024-01-12 16:45:00,1.0,20.0,1.6443062473667247,19.581273968682435,15.62795603585632,2.025
2024-01-12 17:00:00,1.0,20.0,1.6443062473667247,20.05178721934755,15.626065292575646,2.191667
2024-01-12 17:15:00,1.0,20.0,1.6443062473667247,20.42118972570457,15.655534061597308,2.191667
2024-01-12 17:30:00,1.0,20.0,1.6443062473667247,20.18087408900372,15.682309580482672,2.191667
2024-01-12 17:45:00,1.0,20.0,1.6443062473667247,19.9532357698253,15.69589956484565,2.191667
2024-01-12 18:00:00,1.0,20.0,1.6443062473667247,19.73691456341929,15.695304674939242,1.846667
2024-01-12 18:15:00,1.0,20.0,1.6443062473667247,19.58147072523029,15.681838529760475,1.846667
2024-01-12 18:30:00,1.0,20.0,1.6443062473667247,20.217503313316737,15.677772794102246,1.846667
2024-01-12 18:45:00,1.0,20.0,1.6443062473667247,20.37208860091535,15.701551644204445,1.846667
2024-01-12 19:00:00,1.0,20.0,1.6443062473667247,20.13598178219019,15.719290780851711,2.04
2024-01-12 19:15:00,1.0,20.0,1.6443062473667247,19.912046831930514,15.726140485104784,2.04
2024-01-12 19:30:00,1.0,20.0,1.6443062473667247,19.699082424124104,15.721840556852651,2.04
2024-01-12 19:45:00,1.0,20.0,1.6443062473667247,19.63788007491833,15.708568927081053,2.04
2024-01-12 20:00:00,1.0,20.0,1.6443062473667247,20.34507293260003,15.712706277156848,2.063333
2024-01-12 20:15:00,1.0,20.0,1.6443062473667247,20.332031455884966,15.7387295878544,2.063333
2024-01-12 20:30:00,2.0,18.333333333333332,1.6443062473667247,20.099699795136516,15.754091535690387,2.063333
2024-01-12 20:45:00,1.0,19.666666666666668,1.6443062473667247,19.87913434718702,15.757367156091696,2.063333
2024-01-12 21:00:00,1.0,20.0,1.6443062473667247,19.669110971981283,15.748150101517888,1.818333
2024-01-12 21:15:00,1.0,20.0,1.6443062473667247,19.69594996895021,15.729556592703373,1.818333
2024-01-12 21:30:00,1.0,20.0,1.6443062473667247,20.399339432280936,15.733471954627365,1.818333
2024-01-12 21:45:00,1.0,20.0,1.6443062473667247,20.3006041206456,15.754247472983346,1.818333
2024-01-12 22:00:00,2.0,15.333333333333334,1.6443062473667247,20.070083750677142,15.760784796704835,1.438333
2024-01-12 22:15:00,2.0,15.0,1.6443062473667247,19.8506057601283,15.75287563888202,1.438333
2024-01-12 22:30:00,2.0,15.0,1.6443062473667247,19.64119923853824,15.73495738433453,1.438333
2024-01-12 22:45:00,2.0,15.0,1.6443062473667247,19.44091917067582,15.708140931520374,1.438333
2024-01-12 23:00:00,2.0,15.0,1.6443062473667247,19.248826478610077,15.671881464728468,1.22
2024-01-12 23:15:00,2.0,15.0,1.6443062473667247,19.064052501964177,15.626980424899882,1.22
2024-01-12 23:30:00,2.0,15.0,1.6443062473667247,18.885977171451096,15.57605542594998,1.22
2024-01-12 23:45:00,2.0,15.0,1.6443062473667247,18.7140014246086,15.519805559381707,1.22
2024-01-13 00:00:00,2.0,15.0,1.6443062473667247,18.547457724389712,15.456658012666633,0.908333
2024-01-13 00:15:00,2.0,15.0,1.6443062473667247,18.385710028329584,15.387043898280798,0.908333
2024-01-13 00:30:00,2.0,15.0,1.6443062473667247,18.228415236805958,15.31406058614419,0.908333
2024-01-13 00:45:00,2.0,15.0,1.6443062473667247,18.075204696052094,15.2381328896117,0.908333
2024-01-13 01:00:00,2.0,15.0,1.6443062473667247,17.9256348644606,15.15773600542888,0.638333
2024-01-13 01:15:00,2.0,15.0,1.6443062473667247,17.779275521075398,15.073097793052149,0.638333
2024-01-13 01:30:00,2.0,15.0,1.6443062473667247,17.635937699647954,14.986770845339517,0.638333
2024-01-13 01:45:00,2.0,15.0,1.6443062473667247,17.495399062529057,14.899005887220717,0.638333
2024-01-13 02:00:00,2.0,15.0,1.6443062473667247,17.357305072431018,14.807404551260854,0.266667
2024-01-13 02:15:00,2.0,15.0,1.6443062473667247,17.22129341216225,14.71201214655626,0.266667
2024-01-13 02:30:00,2.0,15.0,1.6443062473667247,17.087310433563044,14.616101935632878,0.266667
2024-01-13 02:45:00,2.0,15.0,1.6443062473667247,16.955235534972626,14.519803557339854,0.266667
2024-01-13 03:00:00,2.0,15.0,1.6443062473667247,16.82479435571886,14.420421828421297,-0.13167
2024-01-13 03:15:00,2.0,16.0,1.6443062473667247,16.890672389681935,14.321815472921687,-0.13167
2024-01-13 03:30:00,2.0,15.0,1.6443062473667247,16.78314113764337,14.229945159740929,-0.13167
2024-01-13 03:45:00,2.0,15.0,1.6443062473667247,16.64715409814734,14.13738920696839,-0.13167
2024-01-13 04:00:00,2.0,15.0,1.6443062473667247,16.513188098785566,14.041786256745656,-0.465
2024-01-13 04:15:00,2.0,19.0,1.6443062473667247,16.833804728037986,13.94926347024096,-0.465
2024-01-13 04:30:00,2.0,16.0,1.6443062473667247,17.217245508559813,13.88737023792063,-0.465
2024-01-13 04:45:00,2.0,17.0,1.6443062473667247,17.49371295962663,13.841748286032695,-0.465
2024-01-13 05:00:00,2.0,15.0,1.6443062473667247,17.437914233068774,13.807528942289183,-0.51833
2024-01-13 05:15:00,2.0,16.0,1.6443062473667247,17.38658295154373,13.768908158307568,-0.51833
2024-01-13 05:30:00,2.0,16.0,1.6443062473667247,17.379464948296057,13.732594532405331,-0.51833
2024-01-13 05:45:00,1.0,18.666666666666668,1.6443062473667247,17.6025196907629,13.701286366405661,-0.51833
2024-01-13 06:00:00,1.0,20.0,1.6443062473667247,18.474942809442613,13.697681192265234,-0.76333
2024-01-13 06:15:00,1.0,20.0,1.6443062473667247,19.354429258775404,13.736259601316911,-0.76333
2024-01-13 06:30:00,1.0,20.0,1.6443062473667247,20.188779075053038,13.814513664284792,-0.76333
2024-01-13 06:45:00,1.0,17.0,1.6443062473667247,20.31992341848912,13.916667621472312,-0.76333
2024-01-13 07:00:00,2.0,17.333333333333332,1.6443062473667247,20.000630218742593,14.000850394251902,-1.16
2024-01-13 07:15:00,2.0,15.0,1.6443062473667247,19.700558144810067,14.061338730059067,-1.16
2024-01-13 07:30:00,1.0,15.666666666666666,1.6443062473667247,19.422674228931317,14.10366318394522,-1.16
2024-01-13 07:45:00,1.0,20.0,1.6443062473667247,19.8271403202917,14.141149592779982,-1.16
2024-01-13 08:00:00,1.0,20.0,1.6443062473667247,20.39377109951131,14.206362826348094,-1.39333
2024-01-13 08:15:00,1.0,20.0,1.6443062473667247,20.150926524348492,14.27181421840544,-1.39333
2024-01-13 08:30:00,1.0,20.0,1.6443062473667247,19.873805034159464,14.319398335674514,-1.39333
2024-01-13 08:45:00,1.0,20.0,1.6443062473667247,19.61208027439901,14.350727845913122,-1.39333
2024-01-13 09:00:00,1.0,20.0,1.6443062473667247,19.971964444253558,14.377318852175392,-1.35
2024-01-13 09:15:00,1.0,20.0,1.6443062473667247,20.44750786456217,14.431950009298921,-1.35
2024-01-13 09:30:00,3.0,19.833333333333332,1.6443062473667247,20.189203245162407,14.485241035068665,-1.35
2024-01-13 09:45:00,1.0,19.966666666666665,1.6443062473667247,19.931034704940362,14.522149141245581,-1.35
2024-01-13 10:00:00,1.0,20.0,1.6443062473667247,19.68924620822442,14.547047222121108,-0.97667
2024-01-13 10:15:00,1.0,20.0,1.6443062473667247,19.690292076185404,14.563866834462326,-0.97667
2024-01-13 10:30:00,1.0,20.0,1.6443062473667247,20.370763882556425,14.599735907960106,-0.97667
2024-01-13 10:45:00,1.0,20.0,1.6443062473667247,20.251688564566408,14.649360700479653,-0.97667
2024-01-13 11:00:00,1.0,19.7,1.6443062473667247,20.004689516222033,14.69440451956428,0.405
2024-01-13 11:15:00,1.0,20.0,1.6443062473667247,19.773281607682076,14.735736393598097,0.405
2024-01-13 11:30:00,1.0,19.7,1.6443062473667247,19.58533151091635,14.763463210741955,0.405
2024-01-13 11:45:00,1.0,20.0,1.6443062473667247,20.16833516919796,14.794924792384721,0.405
2024-01-13 12:00:00,2.0,19.333333333333332,1.6443062473667247,20.383422013869108,14.867155087731328,2.438333
2024-01-13 12:15:00,1.0,19.666666666666668,1.6443062473667247,20.143359521902134,14.946153900876988,2.438333
2024-01-13 12:30:00,1.0,20.0,1.6443062473667247,19.918393474827138,15.008698493965893,2.438333
2024-01-13 12:45:00,1.0,20.0,1.6443062473667247,19.707039797970513,15.056545200358464,2.438333
2024-01-13 13:00:00,2.0,15.333333333333334,1.6443062473667247,19.507694361610557,15.109020775417271,4.956667
2024-01-13 13:15:00,2.0,15.0,1.6443062473667247,19.320294327808107,15.168500966434985,4.956667
2024-01-13 13:30:00,1.0,19.666666666666668,1.6443062473667247,19.602536225386256,15.221393458081627,4.956667
2024-01-13 13:45:00,1.0,20.0,1.6443062473667247,20.390515767856673,15.303332206799785,4.956667
2024-01-13 14:00:00,1.0,20.0,1.6443062473667247,20.304930724672626,15.4109145998976,6.738333
2024-01-13 14:15:00,1.0,20.0,1.6443062473667247,20.088521220825843,15.516073208800208,6.738333
2024-01-13 14:30:00,1.0,20.0,1.6443062473667247,19.887300912059956,15.60426639232498,6.738333
2024-01-13 14:45:00,1.0,20.0,1.6443062473667247,19.699757513644084,15.677287038844387,6.738333
2024-01-13 15:00:00,1.0,20.0,1.6443062473667247,19.592381801943795,15.738868043766102,7.008333000000001
2024-01-13 15:15:00,1.0,20.0,1.6443062473667247,20.277248583181088,15.810624730729845,7.008333000000001
2024-01-13 15:30:00,1.0,20.0,1.6443062473667247,20.388179569392694,15.904585486085178,7.008333000000001
2024-01-13 15:45:00,1.0,20.0,1.6443062473667247,20.173192953787495,15.986336170095017,7.008333000000001
2024-01-13 16:00:00,1.0,20.0,1.6443062473667247,19.96853697126514,16.04801192320433,6.356667
2024-01-13 16:15:00,1.0,20.0,1.6443062473667247,19.772240630923957,16.090749324388387,6.356667
2024-01-13 16:30:00,1.0,20.0,1.6443062473667247,19.58727086979075,16.121405539423485,6.356667
2024-01-13 16:45:00,1.0,20.0,1.6443062473667247,19.940371258657915,16.14891645439641,6.356667
2024-01-13 17:00:00,1.0,20.0,1.6443062473667247,20.41305415837671,16.196149953295752,5.243332999999999
2024-01-13 17:15:00,1.0,20.0,1.6443062473667247,20.20625488091429,16.234438289580133,5.243332999999999
2024-01-13 17:30:00,1.0,20.0,1.6443062473667247,20.006202727545407,16.260193507956984,5.243332999999999
2024-01-13 17:45:00,1.0,20.0,1.6443062473667247,19.816865224768428,16.274754621816577,5.243332999999999
2024-01-13 18:00:00,3.0,19.833333333333332,1.6443062473667247,19.636811280599556,16.272539906997586,4.28
2024-01-13 18:15:00,3.0,19.5,1.6443062473667247,19.464643545727196,16.254237094574655,4.28
2024-01-13 18:30:00,3.0,19.5,1.6443062473667247,19.299813065986225,16.228842788734156,4.28
2024-01-13 18:45:00,1.0,19.766666666666666,1.6443062473667247,19.2834730979817,16.19810605945152,4.28
2024-01-13 19:00:00,1.0,20.0,1.6443062473667247,20.108665401721282,16.187270646279213,4.148333
2024-01-13 19:15:00,1.0,20.0,1.6443062473667247,20.428712080804356,16.21172290362106,4.148333
2024-01-13 19:30:00,1.0,20.0,1.6443062473667247,20.21591232225723,16.233178445841403,4.148333
2024-01-13 19:45:00,1.0,20.0,1.6443062473667247,20.014233401268925,16.243099798119125,4.148333
2024-01-13 20:00:00,1.0,20.0,1.6443062473667247,19.822368368780374,16.23865107236654,3.568333
2024-01-13 20:15:00,1.0,19.9,1.6443062473667247,19.639076201763164,16.220716789148067,3.568333
2024-01-13 20:30:00,1.0,20.0,1.6443062473667247,19.74135700633138,16.197925260376646,3.568333
2024-01-13 20:45:00,1.0,20.0,1.6443062473667247,20.405063308039868,16.200666981221982,3.568333
2024-01-13 21:00:00,1.0,20.0,1.6443062473667247,20.265526423644747,16.21356542455861,3.205
2024-01-13 21:15:00,1.0,20.0,1.6443062473667247,20.059619331120185,16.21298667054509,3.205
2024-01-13 21:30:00,2.0,18.333333333333332,1.6443062473667247,19.86347945040269,16.2025879164197,3.205
2024-01-13 21:45:00,2.0,15.0,1.6443062473667247,19.67618504160189,16.183453616921078,3.205
2024-01-13 22:00:00,2.0,19.0,1.6443062473667247,19.63319395139177,16.14989895624149,2.126667
2024-01-13 22:15:00,2.0,15.0,1.6443062473667247,19.765120711216294,16.116436713145347,2.126667
2024-01-13 22:30:00,2.0,15.0,1.6443062473667247,19.577402321459733,16.081880374206733,2.126667
2024-01-13 22:45:00,2.0,15.0,1.6443062473667247,19.397004211783678,16.04050925201131,2.126667
2024-01-13 23:00:00,2.0,15.0,1.6443062473667247,19.22328586891111,15.993525272061252,2.186667
2024-01-13 23:15:00,2.0,15.0,1.6443062473667247,19.055679153595612,15.941651280123555,2.186667
2024-01-13 23:30:00,2.0,15.0,1.6443062473667247,18.89362989413322,15.885013150355945,2.186667
2024-01-13 23:45:00,2.0,15.0,1.6443062473667247,18.736651958676987,15.824176202527251,2.186667
2024-01-14 00:00:00,2.0,15.0,1.6443062473667247,18.584031619849082,15.754942569004884,1.52
2024-01-14 00:15:00,2.0,15.0,1.6443062473667247,18.435049743520448,15.677487402346905,1.52
2024-01-14 00:30:00,2.0,15.0,1.6443062473667247,18.28954852699261,15.59776670736904,1.52
2024-01-14 00:45:00,2.0,15.0,1.6443062473667247,18.14725694167881,15.51608942264161,1.52
2024-01-14 01:00:00,2.0,15.0,1.6443062473667247,18.007621644867537,15.42747493777553,0.775
2024-01-14 01:15:00,2.0,15.0,1.6443062473667247,17.870058156980246,15.331859368495316,0.775
2024-01-14 01:30:00,2.0,15.0,1.6443062473667247,17.734586775774133,15.235665729903749,0.775
2024-01-14 01:45:00,2.0,15.0,1.6443062473667247,17.60108107727327,15.139030482761983,0.775
2024-01-14 02:00:00,2.0,15.0,1.6443062473667247,17.469432544259984,15.04216954899826,0.788333
2024-01-14 02:15:00,2.0,15.0,1.6443062473667247,17.339544751822057,14.94519722409741,0.788333
2024-01-14 02:30:00,2.0,15.0,1.6443062473667247,17.211320803260037,14.848099484923349,0.788333
2024-01-14 02:45:00,2.0,15.0,1.6443062473667247,17.08467571790167,14.750963855191065,0.788333
2024-01-14 03:00:00,2.0,15.0,1.6443062473667247,16.95926044370316,14.649246219257778,0.133333
2024-01-14 03:15:00,2.0,15.0,1.6443062473667247,16.834684325480115,14.542742177492682,0.133333
2024-01-14 03:30:00,2.0,15.0,1.6443062473667247,16.7110756634132,14.436965787854861,0.133333
2024-01-14 03:45:00,2.0,15.0,1.6443062473667247,16.58842231421841,14.331917647529652,0.133333
2024-01-14 04:00:00,2.0,15.0,1.6443062473667247,16.466662181188052,14.226739186608663,0.011667
2024-01-14 04:15:00,1.0,16.666666666666668,1.6443062473667247,16.39654615223468,14.121550024358266,0.011667
2024-01-14 04:30:00,1.0,20.0,1.6443062473667247,17.12485799600977,14.035625191551171,0.011667
2024-01-14 04:45:00,2.0,17.333333333333332,1.6443062473667247,17.943247193167988,13.99898466360412,0.011667
2024-01-14 05:00:00,2.0,15.0,1.6443062473667247,17.8788436131366,13.985515035236736,0.206667
2024-01-14 05:15:00,2.0,16.0,1.6443062473667247,17.8155590805457,13.967661151618291,0.206667
2024-01-14 05:30:00,1.0,19.333333333333332,1.6443062473667247,18.099973148394717,13.95427367089121,0.206667
2024-01-14 05:45:00,1.0,20.0,1.6443062473667247,18.995591493967215,13.97261863781327,0.206667
2024-01-14 06:00:00,1.0,20.0,1.6443062473667247,19.86386916602979,14.029530765707058,-0.335
2024-01-14 06:15:00,1.0,20.0,1.6443062473667247,20.415483089729094,14.11736224001813,-0.335
2024-01-14 06:30:00,1.0,20.0,1.6443062473667247,20.150148482147742,14.204842198205922,-0.335
2024-01-14 06:45:00,1.0,20.0,1.6443062473667247,19.852632221197933,14.271994437153504,-0.335
2024-01-14 07:00:00,1.0,20.0,1.6443062473667247,19.58804105318285,14.320556187104389,-0.35667
2024-01-14 07:15:00,2.0,18.666666666666668,1.6443062473667247,20.02973678868013,14.366007454160046,-0.35667
2024-01-14 07:30:00,1.0,19.666666666666668,1.6443062473667247,20.071243230909133,14.428582838531524,-0.35667
2024-01-14 07:45:00,1.0,20.0,1.6443062473667247,19.7886732181167,14.477596648650296,-0.35667
2024-01-14 08:00:00,1.0,20.0,1.6443062473667247,19.60708443521706,14.511066026791346,-0.27333
2024-01-14 08:15:00,1.0,20.0,1.6443062473667247,20.239512649620377,14.552064218096211,-0.27333
2024-01-14 08:30:00,1.0,20.0,1.6443062473667247,20.299067445757384,14.614688677557218,-0.27333
2024-01-14 08:45:00,1.0,20.0,1.6443062473667247,20.033689585410738,14.664612418191297,-0.27333
2024-01-14 09:00:00,1.0,20.0,1.6443062473667247,19.788673211147394,14.700173372215348,-0.075
2024-01-14 09:15:00,1.0,20.0,1.6443062473667247,19.57836072261333,14.72354256059428,-0.075
2024-01-14 09:30:00,1.0,20.0,1.6443062473667247,20.100697054290965,14.748208638947041,-0.075
2024-01-14 09:45:00,1.0,20.0,1.6443062473667247,20.381260388328194,14.800259463376273,-0.075
2024-01-14 10:00:00,1.0,19.866666666666667,1.6443062473667247,20.13458050314269,14.853833245665763,1.075
2024-01-14 10:15:00,1.0,20.0,1.6443062473667247,19.905021395803576,14.901384893439802,1.075
2024-01-14 10:30:00,1.0,20.0,1.6443062473667247,19.688595160115277,14.934960689736716,1.075
2024-01-14 10:45:00,1.0,20.0,1.6443062473667247,19.66618324406205,14.957493052664832,1.075
2024-01-14 11:00:00,1.0,20.0,1.6443062473667247,20.377458627212636,15.012203443371813,3.168333
2024-01-14 11:15:00,1.0,20.0,1.6443062473667247,20.324338368323556,15.099691958648066,3.168333
2024-01-14 11:30:00,1.0,20.0,1.6443062473667247,20.101110887781108,15.172228238766088,3.168333
2024-01-14 11:45:00,1.0,20.0,1.6443062473667247,19.89187822732405,15.229522150129926,3.168333
2024-01-14 12:00:00,1.0,20.0,1.6443062473667247,19.695684678387508,15.28186770904331,4.396667
2024-01-14 12:15:00,1.0,20.0,1.6443062473667247,19.61838210705576,15.331827954892168,4.396667
2024-01-14 12:30:00,1.0,20.0,1.6443062473667247,20.30909997803256,15.393257470605592,4.396667
2024-01-14 12:45:00,1.0,20.0,1.6443062473667247,20.32243643904648,15.473388761133915,4.396667
2024-01-14 13:00:00,1.0,20.0,1.6443062473667247,20.11754680071976,15.557546651295114,6.783333
2024-01-14 13:15:00,1.0,20.0,1.6443062473667247,19.926405383947333,15.645417944165521,6.783333
2024-01-14 13:30:00,1.0,20.0,1.6443062473667247,19.748446480943656,15.7186193783537,6.783333
2024-01-14 13:45:00,1.0,20.0,1.6443062473667247,19.58236012284802,15.778703572962666,6.783333
2024-01-14 14:00:00,1.0,20.0,1.6443062473667247,19.95214691010907,15.84102807211865,7.686667
2024-01-14 14:15:00,1.0,20.0,1.6443062473667247,20.439922232803884,15.936570877695397,7.686667
2024-01-14 14:30:00,1.0,20.0,1.6443062473667247,20.25041111939538,16.029649168520177,7.686667
2024-01-14 14:45:00,1.0,20.0,1.6443062473667247,20.069375458134875,16.10757984379302,7.686667
2024-01-14 15:00:00,1.0,20.0,1.6443062473667247,19.891739876596738,16.1713157566983,7.615
2024-01-14 15:15:00,1.0,20.0,1.6443062473667247,19.71557279177751,16.22166937375778,7.615
2024-01-14 15:30:00,1.0,20.0,1.6443062473667247,19.565409532473726,16.260444052001382,7.615
2024-01-14 15:45:00,1.0,20.0,1.6443062473667247,20.140652190256155,16.30242703009955,7.615
2024-01-14 16:00:00,1.0,20.0,1.6443062473667247,20.403019870375736,16.3650095047463,6.705
2024-01-14 16:15:00,1.0,20.0,1.6443062473667247,20.201166964969318,16.413839300986435,6.705
2024-01-14 16:30:00,1.0,20.0,1.6443062473667247,20.011188563048105,16.449939189378167,6.705
2024-01-14 16:45:00,1.0,20.0,1.6443062473667247,19.831927223606417,16.47467730444649,6.705
2024-01-14 17:00:00,1.0,20.0,1.6443062473667247,19.661816497601126,16.480318544503163,5.435
2024-01-14 17:15:00,1.0,20.0,1.6443062473667247,19.64113405422952,16.468384403389127,5.435
2024-01-14 17:30:00,1.0,19.833333333333332,1.6443062473667247,20.35662960305609,16.47529524582816,5.435
2024-01-14 17:45:00,1.0,20.0,1.6443062473667247,20.33753832640624,16.502896864078313,5.435
2024-01-14 18:00:00,1.0,20.0,1.6443062473667247,20.143347342916698,16.510987590628822,4.025
2024-01-14 18:15:00,1.0,20.0,1.6443062473667247,19.957928099664446,16.49813831405368,4.025
2024-01-14 18:30:00,1.0,20.0,1.6443062473667247,19.78073031164566,16.477220615676515,4.025
2024-01-14 18:45:00,1.0,20.0,1.6443062473667247,19.610987306070694,16.449134919272066,4.025
2024-01-14 19:00:00,1.0,20.0,1.6443062473667247,19.780472741949154,16.411544470412775,3.053333
2024-01-14 19:15:00,1.0,20.0,1.6443062473667247,20.42108132027825,16.39510095736309,3.053333
2024-01-14 19:30:00,1.0,20.0,1.6443062473667247,20.264947647037893,16.39042661562192,3.053333
2024-01-14 19:45:00,1.0,20.0,1.6443062473667247,20.067147990626644,16.376441156645054,3.053333
2024-01-14 20:00:00,1.0,20.0,1.6443062473667247,19.877812123675916,16.348879368951298,2.3466670000000005
2024-01-14 20:15:00,1.0,20.0,1.6443062473667247,19.69577720981782,16.30840470348858,2.3466670000000005
2024-01-14 20:30:00,1.0,20.0,1.6443062473667247,19.596665172205082,16.2621005502498,2.3466670000000005
2024-01-14 20:45:00,1.0,20.0,1.6443062473667247,20.273383719211303,16.231205563370047,2.3466670000000005
2024-01-14 21:00:00,1.0,20.0,1.6443062473667247,20.33746009585027,16.22452939963515,1.991667
2024-01-14 21:15:00,1.0,20.0,1.6443062473667247,20.127413251455952,16.208560261988495,1.991667
2024-01-14 21:30:00,1.0,16.666666666666668,1.6443062473667247,19.926614056204052,16.18353982651955,1.991667
2024-01-14 21:45:00,1.0,20.0,1.6443062473667247,19.73420126932024,16.150479385670213,1.991667
2024-01-14 22:00:00,1.0,20.0,1.6443062473667247,19.564167944533594,16.10157598035244,0.755
2024-01-14 22:15:00,1.0,20.0,1.6443062473667247,20.120764698556396,16.05067069481496,0.755
2024-01-14 22:30:00,2.0,18.333333333333332,1.6443062473667247,20.43044072846185,16.03353772243349,0.755
2024-01-14 22:45:00,2.0,15.0,1.6443062473667247,20.20582767886589,16.015524104988128,0.755
2024-01-14 23:00:00,2.0,15.0,1.6443062473667247,19.990407535352794,15.976811512181351,-0.815
2024-01-14 23:15:00,2.0,15.0,1.6443062473667247,19.782494544642685,15.917819343982734,-0.815
2024-01-14 23:30:00,2.0,15.0,1.6443062473667247,19.581724838937124,15.852580839840064,-0.815
2024-01-14 23:45:00,2.0,15.0,1.6443062473667247,19.38746785374651,15.781830345515921,-0.815
