,Occupancy,T_set_HP,P_loss_HP,T_ref_HP,T_wall_HP,T_out_HP
2024-01-01 00:00:00,2.0,14.5,1.0161079688556067,14.492230329197298,13.254185626753543,12.0
2024-01-01 00:15:00,2.0,14.5,1.0161079688556067,14.475786821723963,13.262920686273247,12.0
2024-01-01 00:30:00,2.0,14.5,1.0161079688556067,14.459656461450868,13.271299991082875,12.0
2024-01-01 00:45:00,2.0,14.5,1.0161079688556067,14.443831006046558,13.279333635673533,12.0
2024-01-01 01:00:00,2.0,14.5,1.0161079688556067,14.428302438916766,13.287031436033542,12.0
2024-01-01 01:15:00,2.0,14.5,1.0161079688556067,14.413062962997484,13.294402937311691,12.0
2024-01-01 01:30:00,2.0,14.5,1.0161079688556067,14.398104994718773,13.30145742126967,12.0
2024-01-01 01:45:00,2.0,14.5,1.0161079688556067,14.383421158134611,13.308203913529512,12.0
2024-01-01 02:00:00,2.0,14.5,1.0161079688556067,14.368719006186668,13.31221684097542,11.0
2024-01-01 02:15:00,2.0,14.5,1.0161079688556067,14.353915247081584,13.313211161388967,11.0
2024-01-01 02:30:00,2.0,14.5,1.0161079688556067,14.339310756424817,13.31400560228084,11.0
2024-01-01 02:45:00,2.0,14.5,1.0161079688556067,14.324900608135296,13.314606122714801,11.0
2024-01-01 03:00:00,2.0,14.5,1.0161079688556067,14.310680010155222,13.315018516602125,11.0
2024-01-01 03:15:00,2.0,15.6,1.0161079688556067,14.602057519269605,13.31609541441146,11.0
2024-01-01 03:30:00,2.0,14.5,1.0161079688556067,15.04009673426998,13.323478549108197,11.0
2024-01-01 03:45:00,2.0,16.7,1.0161079688556067,15.308079550634655,13.333734002400423,11.0
2024-01-01 04:00:00,1.0,15.6,1.0161079688556067,15.41960073777111,13.347163784668842,11.0
2024-01-01 04:15:00,1.0,18.9,1.0161079688556067,15.891006003393489,13.362548241059342,11.0
2024-01-01 04:30:00,1.0,20.0,1.0161079688556067,16.86796479305394,13.387154840895699,11.0
2024-01-01 04:45:00,1.0,20.0,1.0161079688556067,17.860388778104344,13.42367651135714,11.0
2024-01-01 05:00:00,1.0,20.0,1.0161079688556067,18.84041019505417,13.469355140132873,10.0
2024-01-01 05:15:00,2.0,18.166666666666668,1.0161079688556067,19.76187883621125,13.52350601923482,10.0
2024-01-01 05:30:00,2.0,14.5,1.0161079688556067,19.93361808074645,13.584380220397938,10.0
2024-01-01 05:45:00,1.0,17.8,1.0161079688556067,19.851057437902522,13.643989209512863,10.0
2024-01-01 06:00:00,1.0,20.0,1.0161079688556067,19.770258576454186,13.701535939459966,10.0
2024-01-01 06:15:00,1.0,20.0,1.0161079688556067,19.691174393546596,13.75707826733159,10.0
2024-01-01 06:30:00,2.0,14.866666666666667,1.0161079688556067,19.613759078396917,13.810672455673954,10.0
2024-01-01 06:45:00,1.0,16.333333333333332,1.0161079688556067,19.537968076761672,13.862373216357936,10.0
2024-01-01 07:00:00,3.0,19.333333333333332,1.0161079688556067,19.944599376536804,13.913982863603758,10.0
2024-01-01 07:15:00,3.0,15.0,1.0161079688556067,20.284608145736247,13.971434580894407,10.0
2024-01-01 07:30:00,3.0,15.0,1.0161079688556067,20.202283257796733,14.02858596751034,10.0
2024-01-01 07:45:00,3.0,15.0,1.0161079688556067,20.121687600010855,14.083721072993624,10.0
2024-01-01 08:00:00,3.0,15.0,1.0161079688556067,20.043642729761487,14.136899673591227,10.0
2024-01-01 08:15:00,3.0,15.0,1.0161079688556067,19.968212588910486,14.188192036953275,10.0
2024-01-01 08:30:00,3.0,15.0,1.0161079688556067,19.894353949921296,14.237655781690846,10.0
2024-01-01 08:45:00,3.0,15.0,1.0161079688556067,19.82202492847893,14.285342324916675,10.0
2024-01-01 09:00:00,3.0,15.0,1.0161079688556067,19.752345930464546,14.331305849782352,10.0
2024-01-01 09:15:00,1.0,16.0,1.0161079688556067,19.685422951440295,14.375615290155743,10.0
2024-01-01 09:30:00,1.0,20.0,1.0161079688556067,19.61987982275645,14.418323344729268,10.0
2024-01-01 09:45:00,1.0,20.0,1.0161079688556067,19.55567981890335,14.459475086029547,10.0
2024-01-01 10:00:00,1.0,18.0,1.0161079688556067,19.565864829893545,14.501637681407962,11.0
2024-01-01 10:15:00,1.0,20.0,1.0161079688556067,20.295701125766975,14.549953962380163,11.0
2024-01-01 10:30:00,1.0,20.0,1.0161079688556067,20.484988864947542,14.604685022401487,11.0
2024-01-01 10:45:00,1.0,15.666666666666666,1.0161079688556067,20.41968077298001,14.658474817336588,11.0
2024-01-01 11:00:00,1.0,20.0,1.0161079688556067,20.35891485019497,14.71296135290289,12.0
2024-01-01 11:15:00,1.0,20.0,1.0161079688556067,20.303076798593413,14.76853568714058,12.0
2024-01-01 11:30:00,1.0,20.0,1.0161079688556067,20.248613876829435,14.822447824036226,12.0
2024-01-01 11:45:00,1.0,20.0,1.0161079688556067,20.1954886874733,14.874743843732054,12.0
2024-01-01 12:00:00,1.0,20.0,1.0161079688556067,20.14254592331464,14.925464526501887,12.0
2024-01-01 12:15:00,3.0,18.0,1.0161079688556067,20.08960989216039,14.974633876159816,12.0
2024-01-01 12:30:00,1.0,18.0,1.0161079688556067,20.03793521208726,15.022289050183447,12.0
2024-01-01 12:45:00,1.0,20.0,1.0161079688556067,19.987487706162543,15.06847213216168,12.0
2024-01-01 13:00:00,3.0,17.0,1.0161079688556067,19.93818765379463,15.11322387942733,12.0
2024-01-01 13:15:00,3.0,15.0,1.0161079688556067,19.889996900548287,15.156583276730897,12.0
2024-01-01 13:30:00,1.0,18.666666666666668,1.0161079688556067,19.84293755676297,15.198588809176949,12.0
2024-01-01 13:45:00,1.0,20.0,1.0161079688556067,19.796979018358925,15.239278149216965,12.0
2024-01-01 14:00:00,1.0,18.9,1.0161079688556067,19.748597298124153,15.27867534275564,12.0
2024-01-01 14:15:00,3.0,19.0,1.0161079688556067,19.69732525256874,15.316754889554003,12.0
2024-01-01 14:30:00,1.0,16.0,1.0161079688556067,19.647160078834514,15.353535130956057,12.0
2024-01-01 14:45:00,1.0,20.0,1.0161079688556067,19.59807213973101,15.389052480773065,12.0
2024-01-01 15:00:00,1.0,20.0,1.0161079688556067,19.546722240687586,15.423330422637475,12.0
2024-01-01 15:15:00,3.0,15.0,1.0161079688556067,19.49266720742387,15.456345480931274,12.0
2024-01-01 15:30:00,1.0,20.0,1.0161079688556067,19.9251659700648,15.489864772208907,12.0
2024-01-01 15:45:00,1.0,20.0,1.0161079688556067,20.484209252976186,15.531016102469055,12.0
2024-01-01 16:00:00,1.0,20.0,1.0161079688556067,20.423775101079013,15.571316826196858,11.0
2024-01-01 16:15:00,1.0,20.0,1.0161079688556067,20.35953948092267,15.60734488014666,11.0
2024-01-01 16:30:00,1.0,20.0,1.0161079688556067,20.296550072672137,15.641949810527857,11.0
2024-01-01 16:45:00,1.0,20.0,1.0161079688556067,20.23477398642559,15.675171918546637,11.0
2024-01-01 17:00:00,1.0,20.0,1.0161079688556067,20.174179233301537,15.707050393722202,11.0
2024-01-01 17:15:00,1.0,20.0,1.0161079688556067,20.114734700663462,15.737623344475255,11.0
2024-01-01 17:30:00,1.0,20.0,1.0161079688556067,20.056410128025995,15.766927827875069,11.0
2024-01-01 17:45:00,1.0,20.0,1.0161079688556067,19.999176083623812,15.794999878568216,11.0
2024-01-01 18:00:00,1.0,20.0,1.0161079688556067,19.943003941625072,15.821874536911544,11.0
2024-01-01 18:15:00,1.0,20.0,1.0161079688556067,19.887865859971587,15.847585876331218,11.0
2024-01-01 18:30:00,1.0,20.0,1.0161079688556067,19.8337347588286,15.872167029929157,11.0
2024-01-01 18:45:00,1.0,20.0,1.0161079688556067,19.780584299627325,15.895650216357577,11.0
2024-01-01 19:00:00,1.0,20.0,1.0161079688556067,19.728388864683918,15.918066764981726,11.0
2024-01-01 19:15:00,1.0,20.0,1.0161079688556067,19.677123537379135,15.939447140350444,11.0
2024-01-01 19:30:00,1.0,20.0,1.0161079688556067,19.62676408288309,15.959820965993549,11.0
2024-01-01 19:45:00,1.0,20.0,1.0161079688556067,19.577286929410306,15.979217047564608,11.0
2024-01-01 20:00:00,1.0,20.0,1.0161079688556067,19.52866914999029,15.997663395347047,11.0
2024-01-01 20:15:00,1.0,20.0,1.0161079688556067,19.901750334121747,16.01658721836994,11.0
2024-01-01 20:30:00,1.0,20.0,1.0161079688556067,20.521998300797506,16.043261679531316,11.0
2024-01-01 20:45:00,1.0,20.0,1.0161079688556067,20.475959258421017,16.07238545693661,11.0
2024-01-01 21:00:00,1.0,20.0,1.0161079688556067,20.41680664728231,16.09784049420584,10.0
2024-01-01 21:15:00,1.0,20.0,1.0161079688556067,20.358372819038504,16.119353284404472,10.0
2024-01-01 21:30:00,1.0,20.0,1.0161079688556067,20.30093715660264,16.13976885405071,10.0
2024-01-01 21:45:00,1.0,20.0,1.0161079688556067,20.244473829551996,16.159118735402025,10.0
2024-01-01 22:00:00,2.0,18.9,1.0161079688556067,20.18895771366119,16.17743358972156,10.0
2024-01-01 22:15:00,2.0,14.5,1.0161079688556067,20.134364371487724,16.194743231247102,10.0
2024-01-01 22:30:00,2.0,14.5,1.0161079688556067,20.08067003349153,16.211076650500658,10.0
2024-01-01 22:45:00,2.0,14.5,1.0161079688556067,20.02785157967388,16.226462036956764,10.0
2024-01-01 23:00:00,2.0,14.5,1.0161079688556067,19.975886521721286,16.24092680108726,10.0
2024-01-01 23:15:00,2.0,14.5,1.0161079688556067,19.924752985640644,16.254497595799588,10.0
2024-01-01 23:30:00,2.0,14.5,1.0161079688556067,19.87442969487194,16.267200337285413,10.0
2024-01-01 23:45:00,2.0,14.5,1.0161079688556067,19.824895953865493,16.279060225295627,10.0
2024-01-02 00:00:00,2.0,14.5,1.0161079688556067,19.776131632110907,16.29010176285767,10.0
2024-01-02 00:15:00,2.0,14.5,1.0161079688556067,19.72811714860537,16.300348775450384,10.0
2024-01-02 00:30:00,2.0,14.5,1.0161079688556067,19.68083345674911,16.309824429651453,10.0
2024-01-02 00:45:00,2.0,14.5,1.0161079688556067,19.63426202965633,16.31855125127179,10.0
2024-01-02 01:00:00,2.0,14.5,1.0161079688556067,19.588670118897785,16.328985492637333,11.0
2024-01-02 01:15:00,2.0,17.8,1.0161079688556067,19.544116508679675,16.341442026958482,11.0
2024-01-02 01:30:00,2.0,14.5,1.0161079688556067,19.500276484800928,16.353131132842556,11.0
2024-01-02 01:45:00,2.0,14.5,1.0161079688556067,19.457131785349695,16.364075055171902,11.0
2024-01-02 02:00:00,2.0,14.5,1.0161079688556067,19.414379374082998,16.371861074240762,10.0
2024-01-02 02:15:00,2.0,14.5,1.0161079688556067,19.37192565864731,16.37621664546024,10.0
2024-01-02 02:30:00,2.0,14.5,1.0161079688556067,19.33006149478003,16.37997264798266,10.0
2024-01-02 02:45:00,2.0,14.5,1.0161079688556067,19.28877220950994,16.383146856048935,10.0
2024-01-02 03:00:00,2.0,14.5,1.0161079688556067,19.24804352936501,16.38575655154428,10.0
2024-01-02 03:15:00,2.0,14.5,1.0161079688556067,19.207861569393973,16.387818537551073,10.0
2024-01-02 03:30:00,2.0,14.5,1.0161079688556067,19.168212822489927,16.389349151528894,10.0
2024-01-02 03:45:00,2.0,14.5,1.0161079688556067,19.12908414900751,16.39036427813194,10.0
2024-01-02 04:00:00,1.0,15.233333333333333,1.0161079688556067,19.095103389875643,16.390879361673846,10.0
2024-01-02 04:15:00,1.0,20.0,1.0161079688556067,19.676143234801525,16.393520770690383,10.0
2024-01-02 04:30:00,1.0,20.0,1.0161079688556067,20.460231871998918,16.406298547430048,10.0
2024-01-02 04:45:00,2.0,15.6,1.0161079688556067,20.473824043488182,16.42366654248954,10.0
2024-01-02 05:00:00,2.0,15.6,1.0161079688556067,20.418588935068737,16.440171569184,10.0
2024-01-02 05:15:00,1.0,18.533333333333335,1.0161079688556067,20.364251270187044,16.455706565820734,10.0
2024-01-02 05:30:00,1.0,20.0,1.0161079688556067,20.31078802309129,16.470299594113833,10.0
2024-01-02 05:45:00,2.0,15.966666666666667,1.0161079688556067,20.258176796985367,16.483977940175404,10.0
2024-01-02 06:00:00,1.0,17.433333333333334,1.0161079688556067,20.206395806739334,16.49676813586067,10.0
2024-01-02 06:15:00,3.0,17.666666666666668,1.0161079688556067,20.155423862075605,16.50869597952585,10.0
2024-01-02 06:30:00,3.0,15.0,1.0161079688556067,20.105240351217493,16.519786556215017,10.0
2024-01-02 06:45:00,3.0,15.0,1.0161079688556067,20.055825224987604,16.53006425729164,10.0
2024-01-02 07:00:00,3.0,15.0,1.0161079688556067,20.007444254371094,16.541987149176304,11.0
2024-01-02 07:15:00,1.0,15.666666666666666,1.0161079688556067,19.960154783547846,16.55587186913199,11.0
2024-01-02 07:30:00,3.0,19.333333333333332,1.0161079688556067,19.91363069773444,16.568930411153506,11.0
2024-01-02 07:45:00,1.0,16.333333333333332,1.0161079688556067,19.86785237279612,16.58118668818462,11.0
2024-01-02 08:00:00,3.0,17.666666666666668,1.0161079688556067,19.823117274029606,16.59266509269255,11.0
2024-01-02 08:15:00,3.0,15.0,1.0161079688556067,19.779446532324943,16.603393771520604,11.0
2024-01-02 08:30:00,1.0,17.9,1.0161079688556067,19.736457417936467,16.6133961857853,11.0
2024-01-02 08:45:00,3.0,19.333333333333332,1.0161079688556067,19.694132568573703,16.622693465035585,11.0
2024-01-02 09:00:00,3.0,15.0,1.0161079688556067,19.652552902610623,16.631306506895164,11.0
2024-01-02 09:15:00,3.0,15.0,1.0161079688556067,19.611714258094004,16.639256999367717,11.0
2024-01-02 09:30:00,3.0,15.0,1.0161079688556067,19.571487982218024,16.646564823238045,11.0
2024-01-02 09:45:00,3.0,15.0,1.0161079688556067,19.531858594766035,16.6532487893393,11.0
2024-01-02 10:00:00,1.0,17.0,1.0161079688556067,19.56473120603498,16.659413033521115,11.0
2024-01-02 10:15:00,3.0,15.0,1.0161079688556067,19.876100511394686,16.668156276466778,11.0
2024-01-02 10:30:00,3.0,16.0,1.0161079688556067,19.837986449426886,16.67824582967048,11.0
2024-01-02 10:45:00,3.0,16.0,1.0161079688556067,19.80047601900761,16.687688804528104,11.0
2024-01-02 11:00:00,3.0,16.0,1.0161079688556067,19.76230347360733,16.696499467983582,11.0
2024-01-02 11:15:00,3.0,15.0,1.0161079688556067,19.723297018338794,16.70467420001034,11.0
2024-01-02 11:30:00,1.0,17.666666666666668,1.0161079688556067,19.684882447742428,16.71222491467399,11.0
2024-01-02 11:45:00,1.0,20.0,1.0161079688556067,19.647044765176197,16.71916984346237,11.0
2024-01-02 12:00:00,3.0,15.333333333333334,1.0161079688556067,19.609839128269805,16.727960286640073,12.0
2024-01-02 12:15:00,3.0,17.0,1.0161079688556067,19.57330063292991,16.738903287025185,12.0
2024-01-02 12:30:00,1.0,19.666666666666668,1.0161079688556067,19.537356102335888,16.749204169876375,12.0
2024-01-02 12:45:00,3.0,16.333333333333332,1.0161079688556067,19.501990295757494,16.75888150954497,12.0
2024-01-02 13:00:00,1.0,16.333333333333332,1.0161079688556067,19.494501763517903,16.76796697596855,12.0
2024-01-02 13:15:00,3.0,17.666666666666668,1.0161079688556067,20.095919980094845,16.7799895894194,12.0
2024-01-02 13:30:00,3.0,15.0,1.0161079688556067,20.218171565983123,16.797611487296862,12.0
2024-01-02 13:45:00,1.0,18.666666666666668,1.0161079688556067,20.173674031740152,16.81482492304815,12.0
2024-01-02 14:00:00,1.0,20.0,1.0161079688556067,20.13022746094437,16.831189262994112,12.0
2024-01-02 14:15:00,1.0,17.0,1.0161079688556067,20.0878471026795,16.846733810837303,12.0
2024-01-02 14:30:00,1.0,20.0,1.0161079688556067,20.046189986611417,16.861483593950826,12.0
2024-01-02 14:45:00,1.0,20.0,1.0161079688556067,20.005237399763775,16.875461455324313,12.0
2024-01-02 15:00:00,1.0,20.0,1.0161079688556067,19.96399426845765,16.888686087455962,12.0
2024-01-02 15:15:00,1.0,20.0,1.0161079688556067,19.922320383026747,16.90116199977589,12.0
2024-01-02 15:30:00,1.0,20.0,1.0161079688556067,19.88132388119723,16.912905635971384,12.0
2024-01-02 15:45:00,1.0,20.0,1.0161079688556067,19.84098738204515,16.923938178648363,12.0
2024-01-02 16:00:00,1.0,20.0,1.0161079688556067,19.800880837492915,16.931845414609988,11.0
2024-01-02 16:15:00,1.0,20.0,1.0161079688556067,19.760895453427715,16.936351558250845,11.0
2024-01-02 16:30:00,1.0,20.0,1.0161079688556067,19.721470201821013,16.940285915841034,11.0
2024-01-02 16:45:00,1.0,20.0,1.0161079688556067,19.68259111619202,16.943665412113845,11.0
2024-01-02 17:00:00,1.0,20.0,1.0161079688556067,19.644244610399475,16.946506503042816,11.0
2024-01-02 17:15:00,1.0,20.0,1.0161079688556067,19.606417468189573,16.948825188744944,11.0
2024-01-02 17:30:00,1.0,20.0,1.0161079688556067,19.56909683303128,16.950637026028883,11.0
2024-01-02 17:45:00,1.0,20.0,1.0161079688556067,19.532270198231416,16.951957140597937,11.0
2024-01-02 18:00:00,1.0,20.0,1.0161079688556067,19.662656038787294,16.953124131361218,11.0
2024-01-02 18:15:00,1.0,20.0,1.0161079688556067,20.39945571809187,16.960277908197842,11.0
2024-01-02 18:30:00,1.0,20.0,1.0161079688556067,20.448676104443283,16.97265309260484,11.0
2024-01-02 18:45:00,1.0,20.0,1.0161079688556067,20.4009854263661,16.984427958390754,11.0
2024-01-02 19:00:00,1.0,20.0,1.0161079688556067,20.35403982514771,16.995408679164225,11.0
2024-01-02 19:15:00,1.0,20.0,1.0161079688556067,20.307820319003504,17.0056183561607,11.0
2024-01-02 19:30:00,1.0,20.0,1.0161079688556067,20.262308444256625,17.015079451792896,11.0
2024-01-02 19:45:00,1.0,20.0,1.0161079688556067,20.217486241096687,17.023813807232514,11.0
2024-01-02 20:00:00,1.0,20.0,1.0161079688556067,20.17305096670263,17.029408309861967,10.0
2024-01-02 20:15:00,1.0,20.0,1.0161079688556067,20.128909313703023,17.031590032683116,10.0
2024-01-02 20:30:00,1.0,20.0,1.0161079688556067,20.0853524146107,17.033189482653597,10.0
2024-01-02 20:45:00,1.0,20.0,1.0161079688556067,20.042365865249963,17.034224071753947,10.0
2024-01-02 21:00:00,1.0,20.0,1.0161079688556067,19.999935653184856,17.034710729270913,10.0
2024-01-02 21:15:00,2.0,17.066666666666666,1.0161079688556067,19.95804814695517,17.034665915085316,10.0
2024-01-02 21:30:00,2.0,14.5,1.0161079688556067,19.916690085608547,17.034105632594404,10.0
2024-01-02 21:45:00,2.0,14.5,1.0161079688556067,19.875848568520464,17.033045441278677,10.0
2024-01-02 22:00:00,2.0,14.5,1.0161079688556067,19.83551104549425,17.031500468923053,10.0
2024-01-02 22:15:00,2.0,14.5,1.0161079688556067,19.79566530713338,17.029485423501715,10.0
2024-01-02 22:30:00,2.0,14.5,1.0161079688556067,19.756299475478563,17.027014604736152,10.0
2024-01-02 22:45:00,2.0,14.5,1.0161079688556067,19.717401994902428,17.024101915335123,10.0
2024-01-02 23:00:00,2.0,14.5,1.0161079688556067,19.678961623254523,17.020760871925436,10.0
2024-01-02 23:15:00,1.0,17.433333333333334,1.0161079688556067,19.640967423249965,17.017004615682062,10.0
2024-01-02 23:30:00,2.0,14.866666666666667,1.0161079688556067,19.603408754094925,17.01284592266571,10.0
2024-01-02 23:45:00,2.0,14.5,1.0161079688556067,19.5662752633424,17.008297213876144,10.0
2024-01-03 00:00:00,2.0,14.5,1.0161079688556067,19.52927160594449,17.000936215382566,9.0
2024-01-03 00:15:00,2.0,14.5,1.0161079688556067,19.492311668479,16.99048109061236,9.0
2024-01-03 00:30:00,2.0,14.5,1.0161079688556067,19.45569357919168,16.97975368176333,9.0
2024-01-03 00:45:00,2.0,14.5,1.0161079688556067,19.419409736876855,16.96876297413721,9.0
2024-01-03 01:00:00,2.0,14.5,1.0161079688556067,19.38345274460909,16.95751770187453,9.0
2024-01-03 01:15:00,2.0,14.5,1.0161079688556067,19.347815404136693,16.94602635487421,9.0
2024-01-03 01:30:00,2.0,14.5,1.0161079688556067,19.312490710429437,16.93429718552283,9.0
2024-01-03 01:45:00,2.0,14.5,1.0161079688556067,19.2774718463762,16.92233821523869,9.0
2024-01-03 02:00:00,2.0,14.5,1.0161079688556067,19.2424669046009,16.907722891189636,8.0
2024-01-03 02:15:00,2.0,14.5,1.0161079688556067,19.207393114376746,16.890165215263043,8.0
2024-01-03 02:30:00,2.0,14.5,1.0161079688556067,19.172551854282197,16.87248298225061,8.0
2024-01-03 02:45:00,2.0,14.5,1.0161079688556067,19.13793868362342,16.85468124104315,8.0
2024-01-03 03:00:00,2.0,14.5,1.0161079688556067,19.103549278637804,16.836764897313127,8.0
2024-01-03 03:15:00,2.0,14.5,1.0161079688556067,19.069379429291384,16.818738717465887,8.0
2024-01-03 03:30:00,1.0,15.233333333333333,1.0161079688556067,19.040065659374235,16.800607332482176,8.0
2024-01-03 03:45:00,1.0,20.0,1.0161079688556067,19.625489101495027,16.7849865940956,8.0
2024-01-03 04:00:00,1.0,17.8,1.0161079688556067,20.45559503276371,16.782449241633607,9.0
2024-01-03 04:15:00,1.0,20.0,1.0161079688556067,20.50072322761919,16.78823013965645,9.0
2024-01-03 04:30:00,1.0,20.0,1.0161079688556067,20.448912796393593,16.793475856477546,9.0
2024-01-03 04:45:00,1.0,20.0,1.0161079688556067,20.397821012792463,16.79799108440375,9.0
2024-01-03 05:00:00,2.0,17.066666666666666,1.0161079688556067,20.34742999529927,16.8017974832871,9.0
2024-01-03 05:15:00,1.0,15.966666666666667,1.0161079688556067,20.297722349242203,16.8049161129794,9.0
2024-01-03 05:30:00,1.0,20.0,1.0161079688556067,20.248681153415536,16.80736744984822,9.0
2024-01-03 05:45:00,1.0,20.0,1.0161079688556067,20.20028994706892,16.809171402838476,9.0
2024-01-03 06:00:00,1.0,20.0,1.0161079688556067,20.15253271725461,16.810347329092224,9.0
2024-01-03 06:15:00,1.0,18.533333333333335,1.0161079688556067,20.105393886522627,16.81091404913869,9.0
2024-01-03 06:30:00,3.0,19.333333333333332,1.0161079688556067,20.058858300954444,16.810889861666503,9.0
2024-01-03 06:45:00,3.0,15.0,1.0161079688556067,20.012911218525748,16.810292557889454,9.0
2024-01-03 07:00:00,3.0,15.0,1.0161079688556067,19.967538297789307,16.809139435517114,9.0
2024-01-03 07:15:00,3.0,16.0,1.0161079688556067,19.922725586869124,16.80744731234112,9.0
2024-01-03 07:30:00,3.0,15.0,1.0161079688556067,19.87845951275727,16.805232539447648,9.0
2024-01-03 07:45:00,3.0,15.0,1.0161079688556067,19.834726870905147,16.80251101406647,9.0
2024-01-03 08:00:00,1.0,15.333333333333334,1.0161079688556067,19.791740503429235,16.799299005183858,9.0
2024-01-03 08:15:00,1.0,20.0,1.0161079688556067,19.74951621532186,16.795615487547806,9.0
2024-01-03 08:30:00,3.0,17.666666666666668,1.0161079688556067,19.707781854640288,16.79147612346055,9.0
2024-01-03 08:45:00,3.0,15.0,1.0161079688556067,19.666525738089817,16.78689494041516,9.0
2024-01-03 09:00:00,1.0,18.666666666666668,1.0161079688556067,19.626066793820794,16.781886766059486,9.0
2024-01-03 09:15:00,1.0,20.0,1.0161079688556067,19.58643538404551,16.77647063696293,9.0
2024-01-03 09:30:00,1.0,20.0,1.0161079688556067,19.54724024945534,16.770660984114354,9.0
2024-01-03 09:45:00,1.0,20.0,1.0161079688556067,19.53629904240713,16.764485544212015,9.0
2024-01-03 10:00:00,3.0,17.333333333333332,1.0161079688556067,20.10265381676371,16.76139700680324,9.0
2024-01-03 10:15:00,1.0,18.333333333333332,1.0161079688556067,20.186102805968865,16.76350284513052,9.0
2024-01-03 10:30:00,3.0,16.333333333333332,1.0161079688556067,20.13990204326147,16.765315520710324,9.0
2024-01-03 10:45:00,3.0,15.0,1.0161079688556067,20.09430764731817,16.766527013385907,9.0
2024-01-03 11:00:00,3.0,16.0,1.0161079688556067,20.049370604341725,16.767155570327965,9.0
2024-01-03 11:15:00,3.0,15.0,1.0161079688556067,20.005084677637758,16.7672198546395,9.0
2024-01-03 11:30:00,3.0,15.0,1.0161079688556067,19.961359854573594,16.766737198592654,9.0
2024-01-03 11:45:00,3.0,19.0,1.0161079688556067,19.918182455308404,16.765724103439933,9.0
2024-01-03 12:00:00,3.0,15.0,1.0161079688556067,19.875818638096398,16.76419761949993,9.0
2024-01-03 12:15:00,3.0,15.0,1.0161079688556067,19.834290502945844,16.7621782338774,9.0
2024-01-03 12:30:00,1.0,16.333333333333332,1.0161079688556067,19.79326350890401,16.759682415830497,9.0
2024-01-03 12:45:00,1.0,19.0,1.0161079688556067,19.752725583116842,16.756724691852018,9.0
2024-01-03 13:00:00,3.0,19.666666666666668,1.0161079688556067,19.712211038512397,16.75331754956927,9.0
2024-01-03 13:15:00,3.0,15.0,1.0161079688556067,19.671651521191187,16.74946677875442,9.0
2024-01-03 13:30:00,1.0,16.666666666666668,1.0161079688556067,19.631558855402673,16.745183610710505,9.0
2024-01-03 13:45:00,1.0,16.0,1.0161079688556067,19.591921931947613,16.74048137755005,9.0
2024-01-03 14:00:00,1.0,20.0,1.0161079688556067,19.55264215009341,16.732939402649286,8.0
2024-01-03 14:15:00,1.0,20.0,1.0161079688556067,19.51829806866406,16.72228016528843,8.0
2024-01-03 14:30:00,1.0,20.0,1.0161079688556067,20.09884474579284,16.713938618823423,8.0
2024-01-03 14:45:00,1.0,20.0,1.0161079688556067,20.53599938536897,16.714230702230825,8.0
2024-01-03 15:00:00,1.0,20.0,1.0161079688556067,20.483685586540272,16.71844994200308,9.0
2024-01-03 15:15:00,1.0,20.0,1.0161079688556067,20.43134232902191,16.724709185243466,9.0
2024-01-03 15:30:00,1.0,20.0,1.0161079688556067,20.37973665486043,16.73021360937168,9.0
2024-01-03 15:45:00,1.0,20.0,1.0161079688556067,20.32885015022787,16.73498553403427,9.0
2024-01-03 16:00:00,1.0,20.0,1.0161079688556067,20.278622267118447,16.739046507143964,9.0
2024-01-03 16:15:00,1.0,20.0,1.0161079688556067,20.229030234178197,16.742416883263434,9.0
2024-01-03 16:30:00,1.0,20.0,1.0161079688556067,20.1801062175227,16.745116979308083,9.0
2024-01-03 16:45:00,1.0,20.0,1.0161079688556067,20.131833700646286,16.747166775879222,9.0
2024-01-03 17:00:00,1.0,20.0,1.0161079688556067,20.084196616413433,16.74858569983225,9.0
2024-01-03 17:15:00,1.0,20.0,1.0161079688556067,20.037179334710764,16.74939263952011,9.0
2024-01-03 17:30:00,1.0,20.0,1.0161079688556067,19.990766650438697,16.74960595961735,9.0
2024-01-03 17:45:00,1.0,20.0,1.0161079688556067,19.94494377183332,16.749243515536435,9.0
2024-01-03 18:00:00,1.0,20.0,1.0161079688556067,19.899411036082004,16.745888317801178,8.0
2024-01-03 18:15:00,1.0,20.0,1.0161079688556067,19.854078130207835,16.739263668461753,8.0
2024-01-03 18:30:00,1.0,20.0,1.0161079688556067,19.809239097861678,16.732196406519783,8.0
2024-01-03 18:45:00,1.0,20.0,1.0161079688556067,19.76488236504196,16.724700376164165,8.0
2024-01-03 19:00:00,1.0,20.0,1.0161079688556067,19.72099667075246,16.716789036301016,8.0
2024-01-03 19:15:00,1.0,20.0,1.0161079688556067,19.67757105840651,16.70847547116398,8.0
2024-01-03 19:30:00,1.0,20.0,1.0161079688556067,19.63459486746763,16.699772400632522,8.0
2024-01-03 19:45:00,1.0,20.0,1.0161079688556067,19.592057725320025,16.69069219026646,8.0
2024-01-03 20:00:00,1.0,20.0,1.0161079688556067,19.549949539362707,16.681246861064384,8.0
2024-01-03 20:15:00,1.0,20.0,1.0161079688556067,19.554627157037203,16.67148673612112,8.0
2024-01-03 20:30:00,1.0,20.0,1.0161079688556067,20.27002222788671,16.665624361786534,8.0
2024-01-03 20:45:00,1.0,20.0,1.0161079688556067,20.52255157587388,16.667668461513006,8.0
2024-01-03 21:00:00,1.0,20.0,1.0161079688556067,20.468393256315494,16.670094769879995,8.0
2024-01-03 21:15:00,1.0,20.0,1.0161079688556067,20.41494936980944,16.671811065668344,8.0
2024-01-03 21:30:00,1.0,20.0,1.0161079688556067,20.36220233452256,16.67283859791464,8.0
2024-01-03 21:45:00,1.0,20.0,1.0161079688556067,20.310135046731993,16.673198026548818,8.0
2024-01-03 22:00:00,2.0,19.266666666666666,1.0161079688556067,20.25844559466054,16.67047508896528,7.0
2024-01-03 22:15:00,2.0,14.5,1.0161079688556067,20.207041477629875,16.66439573857519,7.0
2024-01-03 22:30:00,2.0,14.5,1.0161079688556067,20.156214611168974,16.657789392309997,7.0
2024-01-03 22:45:00,2.0,14.5,1.0161079688556067,20.10595135109663,16.650672400878495,7.0
2024-01-03 23:00:00,2.0,14.5,1.0161079688556067,20.056238422586926,16.643060660262524,7.0
2024-01-03 23:15:00,2.0,14.5,1.0161079688556067,20.00706291002496,16.634969624238757,7.0
2024-01-03 23:30:00,2.0,14.5,1.0161079688556067,19.958412247141595,16.626414316556104,7.0
2024-01-03 23:45:00,2.0,14.5,1.0161079688556067,19.91027420741951,16.617409342778043,7.0
2024-01-04 00:00:00,2.0,14.5,1.0161079688556067,19.8626368947631,16.60796890179919,7.0
2024-01-04 00:15:00,2.0,14.5,1.0161079688556067,19.815488734425024,16.598106797045006,7.0
2024-01-04 00:30:00,2.0,14.5,1.0161079688556067,19.768818464182306,16.58783644736344,7.0
2024-01-04 00:45:00,2.0,14.5,1.0161079688556067,19.722615125755095,16.57717089761688,7.0
2024-01-04 01:00:00,2.0,14.5,1.0161079688556067,19.67686805646141,16.566122828982706,7.0
2024-01-04 01:15:00,2.0,14.5,1.0161079688556067,19.631566881101513,16.554704568970514,7.0
2024-01-04 01:30:00,2.0,14.5,1.0161079688556067,19.586701504065356,16.542928101163696,7.0
2024-01-04 01:45:00,2.0,14.5,1.0161079688556067,19.542262101657183,16.53080507469304,7.0
2024-01-04 02:00:00,2.0,14.5,1.0161079688556067,19.498239114631165,16.518346813449668,7.0
2024-01-04 02:15:00,2.0,14.5,1.0161079688556067,19.45462324093236,16.505564325044574,7.0
2024-01-04 02:30:00,2.0,14.5,1.0161079688556067,19.41140542863734,16.492468309521584,7.0
2024-01-04 02:45:00,2.0,14.5,1.0161079688556067,19.36857686908888,16.479069167830684,7.0
2024-01-04 03:00:00,2.0,14.5,1.0161079688556067,19.326128990219537,16.46537701006817,7.0
2024-01-04 03:15:00,2.0,14.5,1.0161079688556067,19.284053450058813,16.45140166349014,7.0
2024-01-04 03:30:00,2.0,14.5,1.0161079688556067,19.242342130418884,16.437152680305488,7.0
2024-01-04 03:45:00,2.0,14.5,1.0161079688556067,19.20098713075397,16.422639345254485,7.0
2024-01-04 04:00:00,2.0,14.5,1.0161079688556067,19.159695489161052,16.405436333332652,6.0
2024-01-04 04:15:00,1.0,19.633333333333333,1.0161079688556067,19.539245297883436,16.386658811967887,6.0
2024-01-04 04:30:00,1.0,20.0,1.0161079688556067,20.396551069174894,16.37725691289917,6.0
2024-01-04 04:45:00,1.0,20.0,1.0161079688556067,20.467869810564586,16.37410199796343,6.0
2024-01-04 05:00:00,1.0,20.0,1.0161079688556067,20.40962898459316,16.37059661877718,6.0
2024-01-04 05:15:00,1.0,20.0,1.0161079688556067,20.352082879456148,16.366434870964284,6.0
2024-01-04 05:30:00,2.0,17.8,1.0161079688556067,20.295214808140923,16.361636820438694,6.0
2024-01-04 05:45:00,1.0,18.533333333333335,1.0161079688556067,20.239008536188763,16.356221975771785,6.0
2024-01-04 06:00:00,1.0,20.0,1.0161079688556067,20.18344826926332,16.350209303538065,6.0
2024-01-04 06:15:00,1.0,20.0,1.0161079688556067,20.128518641060985,16.343617243238743,6.0
2024-01-04 06:30:00,1.0,20.0,1.0161079688556067,20.07420470155374,16.336463721814706,6.0
2024-01-04 06:45:00,3.0,15.333333333333334,1.0161079688556067,20.020491905555414,16.32876616776023,6.0
2024-01-04 07:00:00,3.0,15.0,1.0161079688556067,19.96736610160242,16.32054152484845,6.0
2024-01-04 07:15:00,3.0,15.0,1.0161079688556067,19.914813521140253,16.311806265479223,6.0
2024-01-04 07:30:00,3.0,15.0,1.0161079688556067,19.862820768007467,16.302576403659756,6.0
2024-01-04 07:45:00,1.0,16.666666666666668,1.0161079688556067,19.81137480820886,16.29286750762815,6.0
2024-01-04 08:00:00,3.0,16.333333333333332,1.0161079688556067,19.76067685744805,16.282695482766528,6.0
2024-01-04 08:15:00,1.0,17.0,1.0161079688556067,19.710741400565006,16.272078784090215,6.0
2024-01-04 08:30:00,3.0,17.0,1.0161079688556067,19.661310021402514,16.261032712865138,6.0
2024-01-04 08:45:00,3.0,17.0,1.0161079688556067,19.61237117614594,16.249571006996774,6.0
2024-01-04 09:00:00,3.0,15.0,1.0161079688556067,19.564384139834903,16.237708716502606,6.0
2024-01-04 09:15:00,1.0,18.666666666666668,1.0161079688556067,19.522037610555937,16.22546705458548,6.0
2024-01-04 09:30:00,3.0,15.333333333333334,1.0161079688556067,19.673802163135672,16.21407221691063,6.0
2024-01-04 09:45:00,3.0,15.0,1.0161079688556067,19.629731990146002,16.20364680023498,6.0
2024-01-04 10:00:00,3.0,15.0,1.0161079688556067,19.581836470282017,16.19280869363073,6.0
2024-01-04 10:15:00,3.0,16.0,1.0161079688556067,19.534790120794607,16.181573136773675,6.0
2024-01-04 10:30:00,3.0,15.0,1.0161079688556067,19.488203848716388,16.16995466116823,6.0
2024-01-04 10:45:00,3.0,15.0,1.0161079688556067,19.442067225852288,16.15796564826811,6.0
2024-01-04 11:00:00,3.0,16.0,1.0161079688556067,19.48024434535238,16.14579742553753,6.0
2024-01-04 11:15:00,3.0,15.0,1.0161079688556067,19.559279801668488,16.13517044502208,6.0
2024-01-04 11:30:00,1.0,18.666666666666668,1.0161079688556067,19.526865207855334,16.124677455672803,6.0
2024-01-04 11:45:00,1.0,20.0,1.0161079688556067,20.15532029563296,16.116917829195465,6.0
2024-01-04 12:00:00,1.0,20.0,1.0161079688556067,20.520098645365422,16.117571417185875,6.0
2024-01-04 12:15:00,3.0,19.666666666666668,1.0161079688556067,20.46171613707747,16.1192267249867,6.0
2024-01-04 12:30:00,3.0,15.0,1.0161079688556067,20.40409223243279,16.12013347077304,6.0
2024-01-04 12:45:00,1.0,17.666666666666668,1.0161079688556067,20.347208326924555,16.120314123598483,6.0
2024-01-04 13:00:00,3.0,19.333333333333332,1.0161079688556067,20.290695797326823,16.119789266542433,6.0
2024-01-04 13:15:00,3.0,15.0,1.0161079688556067,20.234493078761567,16.118574007711636,6.0
2024-01-04 13:30:00,1.0,18.666666666666668,1.0161079688556067,20.178986847059598,16.11668736236476,6.0
2024-01-04 13:45:00,3.0,17.333333333333332,1.0161079688556067,20.12416021217762,16.11414968138806,6.0
2024-01-04 14:00:00,3.0,15.0,1.0161079688556067,20.069481794683877,16.11097889555698,6.0
2024-01-04 14:15:00,1.0,18.0,1.0161079688556067,20.014871031385812,16.10718523336685,6.0
2024-01-04 14:30:00,3.0,19.0,1.0161079688556067,19.960905590906158,16.102784994727383,6.0
2024-01-04 14:45:00,3.0,15.0,1.0161079688556067,19.907570010311876,16.097796764066302,6.0
2024-01-04 15:00:00,3.0,15.0,1.0161079688556067,19.854085165578724,16.092235856666246,6.0
2024-01-04 15:15:00,1.0,15.666666666666666,1.0161079688556067,19.800340600344892,16.08610647211697,6.0
2024-01-04 15:30:00,1.0,20.0,1.0161079688556067,19.7472022963553,16.07942212312355,6.0
2024-01-04 15:45:00,1.0,20.0,1.0161079688556067,19.69465590586915,16.07220000812708,6.0
2024-01-04 16:00:00,1.0,20.0,1.0161079688556067,19.642630616384622,16.064456642480277,6.0
2024-01-04 16:15:00,1.0,20.0,1.0161079688556067,19.59110571666003,16.056207286718305,6.0
2024-01-04 16:30:00,1.0,20.0,1.0161079688556067,19.5401334875647,16.047467478391585,6.0
2024-01-04 16:45:00,1.0,20.0,1.0161079688556067,19.744284109517373,16.038888195575208,6.0
2024-01-04 17:00:00,1.0,20.0,1.0161079688556067,20.47486258966152,16.037418796047536,6.0
2024-01-04 17:15:00,1.0,20.0,1.0161079688556067,20.481346790040668,16.040626469271835,6.0
2024-01-04 17:30:00,1.0,20.0,1.0161079688556067,20.41892327636514,16.043131746554586,6.0
2024-01-04 17:45:00,1.0,20.0,1.0161079688556067,20.35731972168619,16.04482376064805,6.0
2024-01-04 18:00:00,1.0,20.0,1.0161079688556067,20.29651596675072,16.045726870761364,6.0
2024-01-04 18:15:00,1.0,20.0,1.0161079688556067,20.23649240044654,16.04586476072141,6.0
2024-01-04 18:30:00,1.0,20.0,1.0161079688556067,20.177229944741192,16.045260457565426,6.0
2024-01-04 18:45:00,1.0,20.0,1.0161079688556067,20.118710040035037,16.043936349622097,6.0
2024-01-04 19:00:00,1.0,20.0,1.0161079688556067,20.060914630917274,16.04191420409526,6.0
2024-01-04 19:15:00,1.0,20.0,1.0161079688556067,20.003826152313586,16.039215184163854,6.0
2024-01-04 19:30:00,1.0,20.0,1.0161079688556067,19.947427516014933,16.03585986561145,6.0
2024-01-04 19:45:00,1.0,20.0,1.0161079688556067,19.8917020975768,16.031868252998343,6.0
2024-01-04 20:00:00,1.0,20.0,1.0161079688556067,19.836348450551256,16.024825445742444,5.0
2024-01-04 20:15:00,1.0,20.0,1.0161079688556067,19.78127452602589,16.014456776194766,5.0
2024-01-04 20:30:00,1.0,20.0,1.0161079688556067,19.726772678107412,16.00359105667932,5.0
2024-01-04 20:45:00,1.0,20.0,1.0161079688556067,19.67282968836893,15.992244049299357,5.0
2024-01-04 21:00:00,1.0,20.0,1.0161079688556067,19.6191474222427,15.97799672734821,4.0
2024-01-04 21:15:00,1.0,20.0,1.0161079688556067,19.565637051149807,15.960570410185749,4.0
2024-01-04 21:30:00,1.0,20.0,1.0161079688556067,19.54042196748887,15.942805469903186,4.0
2024-01-04 21:45:00,1.0,20.0,1.0161079688556067,20.20799723324155,15.928365557047421,4.0
2024-01-04 22:00:00,2.0,15.966666666666667,1.0161079688556067,20.5046723833377,15.917283099000706,2.0
2024-01-04 22:15:00,2.0,14.5,1.0161079688556067,20.43798502665138,15.901431899219467,2.0
2024-01-04 22:30:00,1.0,17.066666666666666,1.0161079688556067,20.371950723801756,15.885036604505183,2.0
2024-01-04 22:45:00,2.0,17.433333333333334,1.0161079688556067,20.30655466577726,15.868114799505584,2.0
2024-01-04 23:00:00,2.0,14.5,1.0161079688556067,20.241782442505688,15.850683578158892,2.0
2024-01-04 23:15:00,2.0,14.5,1.0161079688556067,20.1776200319027,15.832759557210933,2.0
2024-01-04 23:30:00,2.0,14.5,1.0161079688556067,20.114053789221494,15.814358889360358,2.0
2024-01-04 23:45:00,2.0,14.5,1.0161079688556067,20.051070436695394,15.795497276042218,2.0
2024-01-05 00:00:00,2.0,14.5,1.0161079688556067,19.988657053465285,15.776189979859826,2.0
2024-01-05 00:15:00,2.0,14.5,1.0161079688556067,19.926801065784087,15.756451836674644,2.0
2024-01-05 00:30:00,2.0,14.5,1.0161079688556067,19.865490237490587,15.73629726736349,2.0
2024-01-05 00:45:00,2.0,14.5,1.0161079688556067,19.80471266074529,15.715740289252299,2.0
2024-01-05 01:00:00,2.0,14.5,1.0161079688556067,19.74445674702105,15.694794527235342,2.0
2024-01-05 01:15:00,2.0,14.5,1.0161079688556067,19.68471121834143,15.673473224588509,2.0
2024-01-05 01:30:00,2.0,14.5,1.0161079688556067,19.625465098760078,15.651789253485061,2.0
2024-01-05 01:45:00,2.0,14.5,1.0161079688556067,19.566707706074375,15.629755125222134,2.0
2024-01-05 02:00:00,2.0,14.5,1.0161079688556067,19.508143370739457,15.604948650519576,1.0
2024-01-05 02:15:00,2.0,14.5,1.0161079688556067,19.449685659960338,15.57708807197246,1.0
2024-01-05 02:30:00,2.0,14.5,1.0161079688556067,19.391632387603376,15.5489953056226,1.0
2024-01-05 02:45:00,2.0,14.5,1.0161079688556067,19.333975642949625,15.520679405446856,1.0
2024-01-05 03:00:00,2.0,14.5,1.0161079688556067,19.2767077243028,15.492149169242598,1.0
2024-01-05 03:15:00,2.0,14.5,1.0161079688556067,19.219821133262347,15.463413145693703,1.0
2024-01-05 03:30:00,2.0,14.5,1.0161079688556067,19.163308569154086,15.43447964124216,1.0
2024-01-05 03:45:00,1.0,15.6,1.0161079688556067,19.12108083354392,15.405360594423307,1.0
2024-01-05 04:00:00,1.0,17.433333333333334,1.0161079688556067,19.480337796937,15.375892180380752,0.0
2024-01-05 04:15:00,1.0,20.0,1.0161079688556067,19.543005266501197,15.3476194725581,0.0
2024-01-05 04:30:00,2.0,16.7,1.0161079688556067,19.619071835516227,15.320020239043568,0.0
2024-01-05 04:45:00,2.0,17.8,1.0161079688556067,19.624068354432243,15.294003629696741,0.0
2024-01-05 05:00:00,2.0,14.5,1.0161079688556067,19.559781618709728,15.267820056589342,0.0
2024-01-05 05:15:00,1.0,18.9,1.0161079688556067,19.62570941295863,15.241519100923789,0.0
2024-01-05 05:30:00,1.0,20.0,1.0161079688556067,20.372784468180576,15.220893877491019,0.0
2024-01-05 05:45:00,1.0,20.0,1.0161079688556067,20.463559288905152,15.206825730646027,0.0
2024-01-05 06:00:00,1.0,20.0,1.0161079688556067,20.387601976221614,15.192516583678785,0.0
2024-01-05 06:15:00,1.0,20.0,1.0161079688556067,20.312433559038354,15.17752206542443,0.0
2024-01-05 06:30:00,2.0,14.5,1.0161079688556067,20.23803580985051,15.161863910783843,0.0
2024-01-05 06:45:00,1.0,18.9,1.0161079688556067,20.164390993278484,15.14556324907813,0.0
2024-01-05 07:00:00,1.0,17.066666666666666,1.0161079688556067,20.09149104713155,15.12864065385399,0.0
2024-01-05 07:15:00,3.0,17.666666666666668,1.0161079688556067,20.01932033317124,15.111116253696359,0.0
2024-01-05 07:30:00,1.0,17.0,1.0161079688556067,19.94785192063522,15.093009502338019,0.0
2024-01-05 07:45:00,3.0,16.0,1.0161079688556067,19.87706991712848,15.074339261878373,0.0
2024-01-05 08:00:00,3.0,15.0,1.0161079688556067,19.807560844994224,15.057559358678791,1.0
2024-01-05 08:15:00,3.0,15.0,1.0161079688556067,19.739425688101807,15.042986733394594,1.0
2024-01-05 08:30:00,3.0,15.0,1.0161079688556067,19.671977286431133,15.027829760837104,1.0
2024-01-05 08:45:00,3.0,15.0,1.0161079688556067,19.6051999202709,15.01210714648596,1.0
2024-01-05 09:00:00,3.0,15.0,1.0161079688556067,19.539332591521852,14.99583799043523,1.0
2024-01-05 09:15:00,3.0,15.0,1.0161079688556067,19.474392307226715,14.979044417942493,1.0
2024-01-05 09:30:00,1.0,16.9,1.0161079688556067,19.548754210831387,14.962267903699686,1.0
2024-01-05 09:45:00,3.0,19.0,1.0161079688556067,19.552197844917576,14.946863322975423,1.0
2024-01-05 10:00:00,3.0,15.0,1.0161079688556067,19.487095882772405,14.933522099833073,2.0
2024-01-05 10:15:00,3.0,18.0,1.0161079688556067,19.839282577729378,14.924053943127385,2.0
2024-01-05 10:30:00,3.0,15.0,1.0161079688556067,19.977783301535716,14.919371526618956,2.0
2024-01-05 10:45:00,1.0,20.0,1.0161079688556067,19.907648902124365,14.914527141510478,2.0
2024-01-05 11:00:00,3.0,17.0,1.0161079688556067,19.839182574864132,14.908906292630352,2.0
2024-01-05 11:15:00,1.0,18.0,1.0161079688556067,19.772469664227245,14.90254753649193,2.0
2024-01-05 11:30:00,1.0,20.0,1.0161079688556067,19.706524337907947,14.895478004092618,2.0
2024-01-05 11:45:00,1.0,20.0,1.0161079688556067,19.641328332385516,14.887719612930377,2.0
2024-01-05 12:00:00,1.0,20.0,1.0161079688556067,19.577018087834656,14.881727548723415,3.0
2024-01-05 12:15:00,3.0,19.0,1.0161079688556067,19.527546191632833,14.877825406116633,3.0
2024-01-05 12:30:00,3.0,15.0,1.0161079688556067,19.520029831602812,14.873761273970649,3.0
2024-01-05 12:45:00,3.0,15.0,1.0161079688556067,19.45727314025807,14.869284787791505,3.0
2024-01-05 13:00:00,3.0,15.0,1.0161079688556067,19.39471926287257,14.86411135978721,3.0
2024-01-05 13:15:00,3.0,15.0,1.0161079688556067,19.33228308416119,14.858252892902014,3.0
2024-01-05 13:30:00,1.0,17.0,1.0161079688556067,19.340096649302875,14.851804826331854,3.0
2024-01-05 13:45:00,1.0,20.0,1.0161079688556067,20.10932510942172,14.849575919946723,3.0
2024-01-05 14:00:00,3.0,16.0,1.0161079688556067,20.521445788622746,14.859101147609591,4.0
2024-01-05 14:15:00,1.0,17.0,1.0161079688556067,20.445761915430538,14.87242115913114,4.0
2024-01-05 14:30:00,3.0,19.0,1.0161079688556067,20.371195894822634,14.88457493553158,4.0
2024-01-05 14:45:00,3.0,15.0,1.0161079688556067,20.297719551692335,14.895596693742437,4.0
2024-01-05 15:00:00,1.0,17.0,1.0161079688556067,20.224168352904307,14.90551560687539,4.0
2024-01-05 15:15:00,1.0,20.0,1.0161079688556067,20.15037303591454,14.914344131673175,4.0
2024-01-05 15:30:00,1.0,20.0,1.0161079688556067,20.077617637678806,14.922108416018467,4.0
2024-01-05 15:45:00,1.0,20.0,1.0161079688556067,20.00587619628882,14.928839928748495,4.0
2024-01-05 16:00:00,1.0,20.0,1.0161079688556067,19.934867143245956,14.933473348906928,3.55
2024-01-05 16:15:00,1.0,20.0,1.0161079688556067,19.864515525478726,14.935904078745,3.55
2024-01-05 16:30:00,1.0,20.0,1.0161079688556067,19.795083280588514,14.937425139896016,3.55
2024-01-05 16:45:00,1.0,20.0,1.0161079688556067,19.726547831591652,14.938063806443129,3.55
2024-01-05 17:00:00,1.0,20.0,1.0161079688556067,19.65884347353666,14.937473330068345,3.396667
2024-01-05 17:15:00,1.0,20.0,1.0161079688556067,19.591937138703518,14.935634478173338,3.396667
2024-01-05 17:30:00,1.0,20.0,1.0161079688556067,19.530495839375714,14.933003249403855,3.396667
2024-01-05 17:45:00,1.0,20.0,1.0161079688556067,20.08438473568897,14.932215044238076,3.396667
2024-01-05 18:00:00,1.0,20.0,1.0161079688556067,20.495328778640783,14.93976182507512,3.463333
2024-01-05 18:15:00,1.0,20.0,1.0161079688556067,20.417907711219716,14.948539108703418,3.463333
2024-01-05 18:30:00,1.0,20.0,1.0161079688556067,20.34157182106483,14.956208363414847,3.463333
2024-01-05 18:45:00,1.0,20.0,1.0161079688556067,20.266294046796475,14.962802383292207,3.463333
2024-01-05 19:00:00,1.0,20.0,1.0161079688556067,20.192021914151244,14.968129907043087,3.371667
2024-01-05 19:15:00,1.0,20.0,1.0161079688556067,20.118722819993767,14.972195026206187,3.371667
2024-01-05 19:30:00,1.0,20.0,1.0161079688556067,20.046400055778694,14.97528550510474,3.371667
2024-01-05 19:45:00,1.0,20.0,1.0161079688556067,19.97502954217237,14.977430458508707,3.371667
2024-01-05 20:00:00,1.0,20.0,1.0161079688556067,19.904615430999495,14.97889351298777,3.468333
2024-01-05 20:15:00,1.0,20.0,1.0161079688556067,19.835142311822786,14.979730570309151,3.468333
2024-01-05 20:30:00,1.0,20.0,1.0161079688556067,19.766558276196445,14.979696717242437,3.468333
2024-01-05 20:45:00,1.0,20.0,1.0161079688556067,19.698841596689892,14.978818175276555,3.468333
2024-01-05 21:00:00,1.0,20.0,1.0161079688556067,19.63190790092979,14.976580826003408,3.246667
2024-01-05 21:15:00,1.0,20.0,1.0161079688556067,19.565719709793836,14.972944380308313,3.246667
2024-01-05 21:30:00,1.0,20.0,1.0161079688556067,19.59763994312502,14.96869100619713,3.246667
2024-01-05 21:45:00,1.0,20.0,1.0161079688556067,20.33479379790948,14.969125027170401,3.246667
2024-01-05 22:00:00,1.0,20.0,1.0161079688556067,20.46641951999338,14.975981629182648,3.143333
2024-01-05 22:15:00,2.0,19.633333333333333,1.0161079688556067,20.389601224762036,14.98210336182159,3.143333
2024-01-05 22:30:00,2.0,14.5,1.0161079688556067,20.313828530255115,14.987171036264199,3.143333
2024-01-05 22:45:00,2.0,14.5,1.0161079688556067,20.239075525179437,14.991216012920486,3.143333
2024-01-05 23:00:00,2.0,14.5,1.0161079688556067,20.165305117208863,14.99416735360893,3.101667
2024-01-05 23:15:00,2.0,14.5,1.0161079688556067,20.09248960627483,14.996042472543012,3.101667
2024-01-05 23:30:00,2.0,14.5,1.0161079688556067,20.02061795800285,14.996987293625331,3.101667
2024-01-05 23:45:00,2.0,14.5,1.0161079688556067,19.94966703735361,14.997029754320602,3.101667
2024-01-06 00:00:00,2.0,14.5,1.0161079688556067,19.879598172564684,14.996059070030835,3.045
2024-01-06 00:15:00,2.0,14.5,1.0161079688556067,19.810385144513237,14.994085013907112,3.045
2024-01-06 00:30:00,2.0,14.5,1.0161079688556067,19.742024087631695,14.991292521069104,3.045
2024-01-06 00:45:00,2.0,14.5,1.0161079688556067,19.674494375386494,14.987706435940689,3.045
2024-01-06 01:00:00,2.0,14.5,1.0161079688556067,19.607437417047297,14.980462150908755,1.8583329999999998
2024-01-06 01:15:00,2.0,14.5,1.0161079688556067,19.54074313102596,14.969234772535758,1.8583329999999998
2024-01-06 01:30:00,2.0,14.5,1.0161079688556067,19.474757617448784,14.957382175849624,1.8583329999999998
2024-01-06 01:45:00,2.0,14.5,1.0161079688556067,19.409464386295447,14.944924054000769,1.8583329999999998
2024-01-06 02:00:00,2.0,14.5,1.0161079688556067,19.34483740856631,14.931794349520414,1.823333
2024-01-06 02:15:00,2.0,14.5,1.0161079688556067,19.28085840216441,14.918001398720616,1.823333
2024-01-06 02:30:00,2.0,14.5,1.0161079688556067,19.217522945610177,14.90366165950723,1.823333
2024-01-06 02:45:00,2.0,14.5,1.0161079688556067,19.154816317735534,14.888792646599988,1.823333
2024-01-06 03:00:00,2.0,14.5,1.0161079688556067,19.09279361098588,14.874003746354171,2.066667
2024-01-06 03:15:00,2.0,14.5,1.0161079688556067,19.031459457088854,14.859382947286381,2.066667
2024-01-06 03:30:00,2.0,14.5,1.0161079688556067,18.97072542873875,14.84426246602111,2.066667
2024-01-06 03:45:00,2.0,14.5,1.0161079688556067,18.910577920948505,14.828658456491187,2.066667
2024-01-06 04:00:00,2.0,14.5,1.0161079688556067,18.85097992228051,14.812383757740829,1.9833329999999998
2024-01-06 04:15:00,1.0,18.533333333333335,1.0161079688556067,19.120116488165454,14.796677768244425,1.9833329999999998
2024-01-06 04:30:00,2.0,15.6,1.0161079688556067,19.670471512839633,14.787396918081923,1.9833329999999998
2024-01-06 04:45:00,2.0,15.6,1.0161079688556067,19.628264662452946,14.78128583825278,1.9833329999999998
2024-01-06 05:00:00,2.0,15.6,1.0161079688556067,19.55901191399824,14.774658995121143,2.066667
2024-01-06 05:15:00,2.0,15.6,1.0161079688556067,19.58778404191072,14.767772020226753,2.066667
2024-01-06 05:30:00,1.0,17.8,1.0161079688556067,19.629298087370014,14.762074664151175,2.066667
2024-01-06 05:45:00,1.0,20.0,1.0161079688556067,19.55982911914795,14.75602784788624,2.066667
2024-01-06 06:00:00,1.0,20.0,1.0161079688556067,19.65773296896001,14.74815496187406,1.491667
2024-01-06 06:15:00,1.0,20.0,1.0161079688556067,20.399174207166862,14.744543749718526,1.491667
2024-01-06 06:30:00,1.0,20.0,1.0161079688556067,20.448015482305365,14.746586652386773,1.491667
2024-01-06 06:45:00,1.0,20.0,1.0161079688556067,20.367644124402958,14.747910963340134,1.491667
2024-01-06 07:00:00,1.0,20.0,1.0161079688556067,20.288314973315053,14.747937651358114,1.375
2024-01-06 07:15:00,1.0,20.0,1.0161079688556067,20.209999209512617,14.746663708855255,1.375
2024-01-06 07:30:00,1.0,20.0,1.0161079688556067,20.132659013093043,14.744446870221715,1.375
2024-01-06 07:45:00,1.0,20.0,1.0161079688556067,20.0562706962966,14.741315684475328,1.375
2024-01-06 08:00:00,1.0,20.0,1.0161079688556067,19.981104528151896,14.736601412015922,1.088333
2024-01-06 08:15:00,1.0,20.0,1.0161079688556067,19.907163251726168,14.730253442060233,1.088333
2024-01-06 08:30:00,1.0,20.0,1.0161079688556067,19.834081146700676,14.723105418883513,1.088333
2024-01-06 08:45:00,1.0,20.0,1.0161079688556067,19.76183771661924,14.715181953458172,1.088333
2024-01-06 09:00:00,1.0,20.0,1.0161079688556067,19.690868224766525,14.706926333893984,1.26
2024-01-06 09:15:00,1.0,20.0,1.0161079688556067,19.621217314965982,14.698419325936088,1.26
2024-01-06 09:30:00,3.0,18.0,1.0161079688556067,19.552345316259597,14.68920298223601,1.26
2024-01-06 09:45:00,1.0,17.0,1.0161079688556067,19.553764091107148,14.679376569664033,1.26
2024-01-06 10:00:00,1.0,20.0,1.0161079688556067,20.271438006257352,14.673690945373018,1.25
2024-01-06 10:15:00,1.0,20.0,1.0161079688556067,20.44939508430287,14.675199310846914,1.25
2024-01-06 10:30:00,1.0,20.0,1.0161079688556067,20.37225935078916,14.676559554599446,1.25
2024-01-06 10:45:00,1.0,20.0,1.0161079688556067,20.296115947142983,14.67694527856717,1.25
2024-01-06 11:00:00,1.0,20.0,1.0161079688556067,20.222112637300153,14.678498895035803,2.116667
2024-01-06 11:15:00,1.0,20.0,1.0161079688556067,20.150407916299027,14.68151951215336,2.116667
2024-01-06 11:30:00,1.0,20.0,1.0161079688556067,20.07964678554631,14.683603445425465,2.116667
2024-01-06 11:45:00,1.0,20.0,1.0161079688556067,20.00980603661714,14.684778740881544,2.116667
2024-01-06 12:00:00,1.0,20.0,1.0161079688556067,19.94050984843978,14.685614835364273,2.3399999999999994
2024-01-06 12:15:00,1.0,20.0,1.0161079688556067,19.87170101218378,14.686196512462262,2.3399999999999994
2024-01-06 12:30:00,1.0,20.0,1.0161079688556067,19.803769782025167,14.68591994214654,2.3399999999999994
2024-01-06 12:45:00,1.0,20.0,1.0161079688556067,19.736694728105498,14.684810982515403,2.3399999999999994
2024-01-06 13:00:00,1.0,20.0,1.0161079688556067,19.670191241659516,14.685838143512516,3.55
2024-01-06 13:15:00,1.0,20.0,1.0161079688556067,19.60425501639573,14.689370443395127,3.55
2024-01-06 13:30:00,1.0,20.0,1.0161079688556067,19.539195551407058,14.692028186944519,3.55
2024-01-06 13:45:00,1.0,20.0,1.0161079688556067,19.835832017828118,14.694938044704635,3.55
2024-01-06 14:00:00,1.0,20.0,1.0161079688556067,20.48832383629748,14.704971047368042,3.376667
2024-01-06 14:15:00,1.0,20.0,1.0161079688556067,20.443302562235615,14.717676298924912,3.376667
2024-01-06 14:30:00,1.0,20.0,1.0161079688556067,20.37147361317595,14.729298457351831,3.376667
2024-01-06 14:45:00,1.0,20.0,1.0161079688556067,20.30069331454446,14.739831648594686,3.376667
2024-01-06 15:00:00,1.0,20.0,1.0161079688556067,20.228619640758588,14.748026099491472,2.853333
2024-01-06 15:15:00,1.0,20.0,1.0161079688556067,20.154915327664245,14.753721397923016,2.853333
2024-01-06 15:30:00,1.0,20.0,1.0161079688556067,20.08221208486764,14.7584084910279,2.853333
2024-01-06 15:45:00,1.0,20.0,1.0161079688556067,20.010485116172454,14.762117386762869,2.853333
2024-01-06 16:00:00,1.0,20.0,1.0161079688556067,19.938322101025665,14.765111538373857,2.951667
2024-01-06 16:15:00,1.0,20.0,1.0161079688556067,19.86552947185694,14.767423406946547,2.951667
2024-01-06 16:30:00,1.0,20.0,1.0161079688556067,19.793685670536526,14.768797605122254,2.951667
2024-01-06 16:45:00,1.0,20.0,1.0161079688556067,19.722767410500936,14.769262260773084,2.951667
2024-01-06 17:00:00,1.0,20.0,1.0161079688556067,19.652508129799727,14.766763352847706,2.096667
2024-01-06 17:15:00,1.0,20.0,1.0161079688556067,19.58282054200082,14.761076462821299,2.096667
2024-01-06 17:30:00,1.0,20.0,1.0161079688556067,19.541774166251276,14.754645821815188,2.096667
2024-01-06 17:45:00,1.0,20.0,1.0161079688556067,20.19385481345622,14.75114644416466,2.096667
2024-01-06 18:00:00,3.0,19.0,1.0161079688556067,20.475723416070487,14.753697202100685,1.36
2024-01-06 18:15:00,1.0,18.333333333333332,1.0161079688556067,20.39500524261023,14.754553530017025,1.36
2024-01-06 18:30:00,1.0,20.0,1.0161079688556067,20.31531866324219,14.754400017138494,1.36
2024-01-06 18:45:00,1.0,20.0,1.0161079688556067,20.236638475889094,14.753267076284004,1.36
2024-01-06 19:00:00,1.0,20.0,1.0161079688556067,20.158833185867106,14.750271395524544,0.985
2024-01-06 19:15:00,1.0,20.0,1.0161079688556067,20.08185032404497,14.745331632451412,0.985
2024-01-06 19:30:00,1.0,20.0,1.0161079688556067,20.005782060122026,14.73952964882496,0.985
2024-01-06 19:45:00,1.0,20.0,1.0161079688556067,19.9306064483966,14.732891828292795,0.985
2024-01-06 20:00:00,1.0,20.0,1.0161079688556067,19.85626647913943,14.725139527916248,0.86
2024-01-06 20:15:00,1.0,20.0,1.0161079688556067,19.782731841237634,14.716260988697083,0.86
2024-01-06 20:30:00,1.0,20.0,1.0161079688556067,19.71002078348881,14.706631759222207,0.86
2024-01-06 20:45:00,1.0,20.0,1.0161079688556067,19.638113853661473,14.696275146665466,0.86
2024-01-06 21:00:00,1.0,20.0,1.0161079688556067,19.566950285922832,14.684856771210942,0.713333
2024-01-06 21:15:00,1.0,20.0,1.0161079688556067,19.626216636688106,14.672571641569244,0.713333
2024-01-06 21:30:00,1.0,20.0,1.0161079688556067,20.366883162391705,14.6656344993804,0.713333
2024-01-06 21:45:00,2.0,16.7,1.0161079688556067,20.45149522433421,14.664935550222587,0.713333
2024-01-06 22:00:00,1.0,17.8,1.0161079688556067,20.369604468362844,14.663604191090064,0.68
2024-01-06 22:15:00,1.0,20.0,1.0161079688556067,20.288722624943677,14.661194646263805,0.68
2024-01-06 22:30:00,1.0,20.0,1.0161079688556067,20.208835153517462,14.657830481758499,0.68
2024-01-06 22:45:00,1.0,20.0,1.0161079688556067,20.129917987347667,14.653540683823547,0.68
2024-01-06 23:00:00,2.0,14.866666666666667,1.0161079688556067,20.05198004379599,14.648629326221368,0.793333
2024-01-06 23:15:00,2.0,14.5,1.0161079688556067,19.975007193589025,14.643157079990603,0.793333
2024-01-06 23:30:00,2.0,14.5,1.0161079688556067,19.898942408103668,14.636832068998919,0.793333
2024-01-06 23:45:00,2.0,14.5,1.0161079688556067,19.82376393806584,14.629680430650005,0.793333
2024-01-07 00:00:00,2.0,14.5,1.0161079688556067,19.749566634980646,14.622717545871295,1.2
2024-01-07 00:15:00,2.0,14.5,1.0161079688556067,19.676360947119345,14.616087507651848,1.2
2024-01-07 00:30:00,2.0,14.5,1.0161079688556067,19.60400172991272,14.60867142575085,1.2
2024-01-07 00:45:00,2.0,14.5,1.0161079688556067,19.532468816155546,14.600493509073129,1.2
2024-01-07 01:00:00,2.0,14.5,1.0161079688556067,19.46178109693447,14.591905930879767,1.335
2024-01-07 01:15:00,2.0,14.5,1.0161079688556067,19.391929785308534,14.582971205739756,1.335
2024-01-07 01:30:00,2.0,14.5,1.0161079688556067,19.32285477434605,14.573332171204964,1.335
2024-01-07 01:45:00,2.0,14.5,1.0161079688556067,19.25453776804755,14.563010738860742,1.335
2024-01-07 02:00:00,2.0,14.5,1.0161079688556067,19.187076025557236,14.553010064317752,1.738333
2024-01-07 02:15:00,2.0,14.5,1.0161079688556067,19.120483007518594,14.543469266000123,1.738333
2024-01-07 02:30:00,2.0,14.5,1.0161079688556067,19.054617772503892,14.533274938149221,1.738333
2024-01-07 02:45:00,2.0,14.5,1.0161079688556067,18.989463249337437,14.52244750440426,1.738333
2024-01-07 03:00:00,2.0,14.5,1.0161079688556067,18.925065113363246,14.51153832135327,1.956667
2024-01-07 03:15:00,2.0,14.5,1.0161079688556067,18.86142386613114,14.500630789327339,1.956667
2024-01-07 03:30:00,2.0,15.6,1.0161079688556067,18.86794342985446,14.489249691086384,1.956667
2024-01-07 03:45:00,2.0,14.5,1.0161079688556067,18.942859533347878,14.479116774130576,1.956667
2024-01-07 04:00:00,2.0,14.5,1.0161079688556067,18.87861209883539,14.469073866521857,1.988333
2024-01-07 04:15:00,1.0,17.433333333333334,1.0161079688556067,19.02771284867873,14.459305799035624,1.988333
2024-01-07 04:30:00,1.0,20.0,1.0161079688556067,19.7885635076457,14.45490988402126,1.988333
2024-01-07 04:45:00,1.0,18.533333333333335,1.0161079688556067,20.496700062776902,14.46120449368654,1.988333
2024-01-07 05:00:00,1.0,20.0,1.0161079688556067,20.458451452276666,14.470930569471982,1.873333
2024-01-07 05:15:00,1.0,19.633333333333333,1.0161079688556067,20.374868614387438,14.479199909487814,1.873333
2024-01-07 05:30:00,1.0,20.0,1.0161079688556067,20.292442804655796,14.486294180522268,1.873333
2024-01-07 05:45:00,1.0,20.0,1.0161079688556067,20.211145246020365,14.492248237160586,1.873333
2024-01-07 06:00:00,1.0,19.266666666666666,1.0161079688556067,20.130717824819772,14.495132261357584,1.066667
2024-01-07 06:15:00,1.0,20.0,1.0161079688556067,20.0510717493564,14.494742385009014,1.066667
2024-01-07 06:30:00,1.0,20.0,1.0161079688556067,19.972428709652238,14.493377722436993,1.066667
2024-01-07 06:45:00,1.0,20.0,1.0161079688556067,19.89476428672067,14.491067720112541,1.066667
2024-01-07 07:00:00,1.0,20.0,1.0161079688556067,19.81809524429766,14.488108818852876,1.176667
2024-01-07 07:15:00,1.0,20.0,1.0161079688556067,19.74240801235988,14.484561306834946,1.176667
2024-01-07 07:30:00,1.0,20.0,1.0161079688556067,19.66763573598621,14.480143141741232,1.176667
2024-01-07 07:45:00,1.0,20.0,1.0161079688556067,19.593756363494755,14.474880859417482,1.176667
2024-01-07 08:00:00,1.0,20.0,1.0161079688556067,19.53486598897724,14.469153621090351,1.32
2024-01-07 08:15:00,1.0,20.0,1.0161079688556067,20.137466425892207,14.466147928041718,1.32
2024-01-07 08:30:00,1.0,20.0,1.0161079688556067,20.47662545471585,14.471152941784128,1.32
2024-01-07 08:45:00,1.0,20.0,1.0161079688556067,20.392830571781726,14.476766342949624,1.32
2024-01-07 09:00:00,1.0,20.0,1.0161079688556067,20.310694695847165,14.480524584017884,1.021667
2024-01-07 09:15:00,1.0,20.0,1.0161079688556067,20.23024447675298,14.482384587496187,1.021667
2024-01-07 09:30:00,1.0,20.0,1.0161079688556067,20.150834537041135,14.483220462044862,1.021667
2024-01-07 09:45:00,1.0,20.0,1.0161079688556067,20.072439392837307,14.483062977943579,1.021667
2024-01-07 10:00:00,1.0,20.0,1.0161079688556067,19.99539925088023,14.482535474637109,1.265
2024-01-07 10:15:00,1.0,20.0,1.0161079688556067,19.919745631062728,14.481743646783665,1.265
2024-01-07 10:30:00,1.0,20.0,1.0161079688556067,19.84503969620222,14.480033283468664,1.265
2024-01-07 10:45:00,1.0,20.0,1.0161079688556067,19.771258404415327,14.477432163115813,1.265
2024-01-07 11:00:00,1.0,20.0,1.0161079688556067,19.69846546518426,14.47556142942437,1.9199999999999997
2024-01-07 11:15:00,1.0,20.0,1.0161079688556067,19.62667642474828,14.474637870890243,1.9199999999999997
2024-01-07 11:30:00,1.0,20.0,1.0161079688556067,19.55578458755711,14.472845715669568,1.9199999999999997
2024-01-07 11:45:00,1.0,20.0,1.0161079688556067,19.740351225216873,14.470846815547555,1.9199999999999997
2024-01-07 12:00:00,1.0,20.0,1.0161079688556067,20.45216859741116,14.477586045659958,2.735
2024-01-07 12:15:00,1.0,20.0,1.0161079688556067,20.44080136831075,14.490884749709357,2.735
2024-01-07 12:30:00,1.0,20.0,1.0161079688556067,20.36087370036986,14.503084185785124,2.735
2024-01-07 12:45:00,1.0,20.0,1.0161079688556067,20.282104097803693,14.51408472238048,2.735
2024-01-07 13:00:00,1.0,20.0,1.0161079688556067,20.204625074385262,14.524915832319286,3.143333
2024-01-07 13:15:00,1.0,20.0,1.0161079688556067,20.128445163572213,14.535732489861289,3.143333
2024-01-07 13:30:00,1.0,20.0,1.0161079688556067,20.05335926269488,14.545420672994663,3.143333
2024-01-07 13:45:00,1.0,20.0,1.0161079688556067,19.97933995263037,14.5540136429944,3.143333
2024-01-07 14:00:00,1.0,20.0,1.0161079688556067,19.906113860810187,14.561437408300922,3.1
2024-01-07 14:15:00,1.0,20.0,1.0161079688556067,19.833622347325868,14.56770659281435,3.1
2024-01-07 14:30:00,1.0,20.0,1.0161079688556067,19.762123463762297,14.572972461435793,3.1
2024-01-07 14:45:00,1.0,20.0,1.0161079688556067,19.69159257954216,14.577264832403163,3.1
2024-01-07 15:00:00,1.0,20.0,1.0161079688556067,19.620792011112027,14.577801894550344,1.946667
2024-01-07 15:15:00,1.0,20.0,1.0161079688556067,19.549499486737542,14.57425776835978,1.946667
2024-01-07 15:30:00,1.0,20.0,1.0161079688556067,19.784479572877753,14.570744090660234,1.946667
2024-01-07 15:45:00,1.0,20.0,1.0161079688556067,20.466865809017794,14.574438066669465,1.946667
2024-01-07 16:00:00,1.0,20.0,1.0161079688556067,20.43065849782428,14.5827529718485,2.306667
2024-01-07 16:15:00,1.0,20.0,1.0161079688556067,20.349041868100965,14.590973903596197,2.306667
2024-01-07 16:30:00,1.0,20.0,1.0161079688556067,20.268556806556287,14.598044847831316,2.306667
2024-01-07 16:45:00,1.0,20.0,1.0161079688556067,20.189175160027307,14.603999905768182,2.306667
2024-01-07 17:00:00,1.0,20.0,1.0161079688556067,20.110907102603544,14.609192755056107,2.438333
2024-01-07 17:15:00,1.0,20.0,1.0161079688556067,20.033736041022337,14.613694287666158,2.438333
2024-01-07 17:30:00,1.0,20.0,1.0161079688556067,19.957595550326236,14.617165810252374,2.438333
2024-01-07 17:45:00,1.0,20.0,1.0161079688556067,19.882460198720576,14.619638076512645,2.438333
2024-01-07 18:00:00,1.0,20.0,1.0161079688556067,19.80815310067762,14.619842668708865,1.905
2024-01-07 18:15:00,1.0,20.0,1.0161079688556067,19.734609488125095,14.61765208509117,1.905
2024-01-07 18:30:00,1.0,20.0,1.0161079688556067,19.661970034585952,14.614593486219293,1.905
2024-01-07 18:45:00,1.0,20.0,1.0161079688556067,19.590212856718914,14.610693228643052,1.905
2024-01-07 19:00:00,1.0,20.0,1.0161079688556067,19.53306341128192,14.604520195140275,1.305
2024-01-07 19:15:00,1.0,20.0,1.0161079688556067,20.136947036761445,14.599039715803844,1.305
2024-01-07 19:30:00,1.0,20.0,1.0161079688556067,20.477343243449013,14.601629131835125,1.305
2024-01-07 19:45:00,1.0,20.0,1.0161079688556067,20.394740821951192,14.604884519444727,1.305
2024-01-07 20:00:00,1.0,20.0,1.0161079688556067,20.31323696274171,14.607186514446294,1.355
2024-01-07 20:15:00,1.0,20.0,1.0161079688556067,20.232808827322902,14.60858200197766,1.355
2024-01-07 20:30:00,1.0,20.0,1.0161079688556067,20.15341510310549,14.608961773950801,1.355
2024-01-07 20:45:00,1.0,19.633333333333333,1.0161079688556067,20.075030481687087,14.608356380867065,1.355
2024-01-07 21:00:00,1.0,20.0,1.0161079688556067,19.997782487965445,14.608093844873615,1.888333
2024-01-07 21:15:00,1.0,20.0,1.0161079688556067,19.921687871044117,14.608359619132877,1.888333
2024-01-07 21:30:00,1.0,17.8,1.0161079688556067,19.846559243229382,14.607682887007575,1.888333
2024-01-07 21:45:00,2.0,19.633333333333333,1.0161079688556067,19.77237304264039,14.606092072634763,1.888333
2024-01-07 22:00:00,2.0,14.5,1.0161079688556067,19.69918479757837,14.60428425774267,2.163333
2024-01-07 22:15:00,2.0,14.5,1.0161079688556067,19.62699319515982,14.602367044595496,2.163333
2024-01-07 22:30:00,2.0,14.5,1.0161079688556067,19.555691934392296,14.59959368826004,2.163333
2024-01-07 22:45:00,2.0,14.5,1.0161079688556067,19.48525944959677,14.595990166918256,2.163333
2024-01-07 23:00:00,2.0,14.5,1.0161079688556067,19.415460805737826,14.589755975426879,1.413333
2024-01-07 23:15:00,2.0,14.5,1.0161079688556067,19.34621835628764,14.580695487256255,1.413333
2024-01-07 23:30:00,2.0,14.5,1.0161079688556067,19.277742990735234,14.570940397921817,1.413333
2024-01-07 23:45:00,2.0,14.5,1.0161079688556067,19.210016646500154,14.560512335266115,1.413333
2024-01-08 00:00:00,2.0,14.5,1.0161079688556067,19.1427340995448,14.546977690379078,0.405
2024-01-08 00:15:00,2.0,14.5,1.0161079688556067,19.07580130131516,14.53006088144587,0.405
2024-01-08 00:30:00,2.0,14.5,1.0161079688556067,19.009511841641014,14.512615628639587,0.405
2024-01-08 00:45:00,2.0,14.5,1.0161079688556067,18.943851222737713,14.494659122565919,0.405
2024-01-08 01:00:00,2.0,14.5,1.0161079688556067,18.878793450610097,14.4761066418162,0.363333
2024-01-08 01:15:00,2.0,14.5,1.0161079688556067,18.81432161750173,14.456962197830192,0.363333
2024-01-08 01:30:00,2.0,14.5,1.0161079688556067,18.750435183932648,14.437358682748883,0.363333
2024-01-08 01:45:00,2.0,14.5,1.0161079688556067,18.68712121984488,14.417311357252563,0.363333
2024-01-08 02:00:00,2.0,14.5,1.0161079688556067,18.624426098906536,14.397338154938323,0.57
2024-01-08 02:15:00,2.0,14.5,1.0161079688556067,18.56235334755343,14.377514167180042,0.57
2024-01-08 02:30:00,2.0,14.5,1.0161079688556067,18.500827465374407,14.35727258626257,0.57
2024-01-08 02:45:00,2.0,14.5,1.0161079688556067,18.439836508855784,14.336627471038213,0.57
2024-01-08 03:00:00,2.0,14.5,1.0161079688556067,18.37944920674506,14.316278162721945,0.8516670000000001
2024-01-08 03:15:00,2.0,15.6,1.0161079688556067,18.45835831947496,14.296843739348212,0.8516670000000001
2024-01-08 03:30:00,2.0,14.5,1.0161079688556067,18.46625965055983,14.278883875806416,0.8516670000000001
2024-01-08 03:45:00,2.0,16.7,1.0161079688556067,18.696083634028316,14.261835579664519,0.8516670000000001
2024-01-08 04:00:00,1.0,15.6,1.0161079688556067,18.769654019727156,14.248428312901638,1.04
2024-01-08 04:15:00,1.0,18.9,1.0161079688556067,19.203329034526966,14.237499468307362,1.04
2024-01-08 04:30:00,1.0,20.0,1.0161079688556067,20.138077749086946,14.235788922574955,1.04
2024-01-08 04:45:00,1.0,20.0,1.0161079688556067,20.473924629542356,14.243380299633095,1.04
2024-01-08 05:00:00,1.0,20.0,1.0161079688556067,20.38672183625894,14.250053589209678,0.448333
2024-01-08 05:15:00,2.0,18.166666666666668,1.0161079688556067,20.300503924456912,14.25389798035551,0.448333
2024-01-08 05:30:00,2.0,14.5,1.0161079688556067,20.21542314301191,14.256612378349216,0.448333
2024-01-08 05:45:00,1.0,17.8,1.0161079688556067,20.131451508944885,14.258230602532684,0.448333
2024-01-08 06:00:00,1.0,20.0,1.0161079688556067,20.04859080307909,14.259033027665373,0.55
2024-01-08 06:15:00,1.0,20.0,1.0161079688556067,19.96682230205397,14.259081470727734,0.55
2024-01-08 06:30:00,2.0,14.866666666666667,1.0161079688556067,19.88608896448404,14.25812128709774,0.55
2024-01-08 06:45:00,1.0,16.333333333333332,1.0161079688556067,19.806365557737767,14.256182912307281,0.55
2024-01-08 07:00:00,3.0,19.333333333333332,1.0161079688556067,19.727667550344098,14.253559690709503,0.658333
2024-01-08 07:15:00,3.0,15.0,1.0161079688556067,19.64998047166076,14.250312355684958,0.658333
2024-01-08 07:30:00,3.0,15.0,1.0161079688556067,19.573237263258687,14.246164458981392,0.658333
2024-01-08 07:45:00,3.0,15.0,1.0161079688556067,19.497415147769228,14.24114341699559,0.658333
2024-01-08 08:00:00,3.0,15.0,1.0161079688556067,19.422876248887633,14.235394881579635,0.706667
2024-01-08 08:15:00,3.0,15.0,1.0161079688556067,19.349649159247893,14.22896543861789,0.706667
2024-01-08 08:30:00,3.0,15.0,1.0161079688556067,19.27727122448702,14.221746172531855,0.706667
2024-01-08 08:45:00,3.0,15.0,1.0161079688556067,19.20572219796559,14.213761391548028,0.706667
2024-01-08 09:00:00,3.0,15.0,1.0161079688556067,19.13555589648714,14.204846182771055,0.628333
2024-01-08 09:15:00,1.0,16.0,1.0161079688556067,19.080739812249014,14.195014816254135,0.628333
2024-01-08 09:30:00,1.0,20.0,1.0161079688556067,19.691725429178675,14.187629123745554,0.628333
2024-01-08 09:45:00,1.0,20.0,1.0161079688556067,20.445341062242885,14.190525937661613,0.628333
2024-01-08 10:00:00,1.0,18.0,1.0161079688556067,20.4291416901752,14.197840456836133,0.64
2024-01-08 10:15:00,1.0,20.0,1.0161079688556067,20.34484317851618,14.20413695151751,0.64
2024-01-08 10:30:00,1.0,20.0,1.0161079688556067,20.261687014074006,14.209284133169872,0.64
2024-01-08 10:45:00,1.0,15.666666666666666,1.0161079688556067,20.17964491541826,14.213316224035548,0.64
2024-01-08 11:00:00,1.0,20.0,1.0161079688556067,20.098601920000082,14.21688668001212,0.895
2024-01-08 11:15:00,1.0,20.0,1.0161079688556067,20.01853063500793,14.220099912379526,0.895
2024-01-08 11:30:00,1.0,20.0,1.0161079688556067,19.939511116118307,14.222269969143449,0.895
2024-01-08 11:45:00,1.0,20.0,1.0161079688556067,19.86151750496281,14.22342809597035,0.895
2024-01-08 12:00:00,1.0,20.0,1.0161079688556067,19.785006396907814,14.224360737652981,1.2050000000000003
2024-01-08 12:15:00,3.0,18.0,1.0161079688556067,19.71002630210724,14.22519532028311,1.2050000000000003
2024-01-08 12:30:00,1.0,18.0,1.0161079688556067,19.636004938405968,14.225091163709191,1.2050000000000003
2024-01-08 12:45:00,1.0,20.0,1.0161079688556067,19.562918881079856,14.22407653659071,1.2050000000000003
2024-01-08 13:00:00,3.0,17.0,1.0161079688556067,19.490574225670887,14.22302996958709,1.555
2024-01-08 13:15:00,3.0,15.0,1.0161079688556067,19.41894153261563,14.222076196350894,1.555
2024-01-08 13:30:00,1.0,18.666666666666668,1.0161079688556067,19.602786775021176,14.22089185369506,1.555
2024-01-08 13:45:00,1.0,20.0,1.0161079688556067,20.39204384688785,14.226683960304388,1.555
2024-01-08 14:00:00,1.0,18.9,1.0161079688556067,20.437243296406372,14.238294983809316,1.651667
2024-01-08 14:15:00,3.0,19.0,1.0161079688556067,20.35290854864539,14.249238323189301,1.651667
2024-01-08 14:30:00,1.0,16.0,1.0161079688556067,20.26977251451611,14.25895046145054,1.651667
2024-01-08 14:45:00,1.0,20.0,1.0161079688556067,20.18780521418248,14.267467750724567,1.651667
2024-01-08 15:00:00,1.0,20.0,1.0161079688556067,20.106284390625074,14.275828811654938,2.065
2024-01-08 15:15:00,3.0,15.0,1.0161079688556067,20.025111512842255,14.284175168344948,2.065
2024-01-08 15:30:00,1.0,20.0,1.0161079688556067,19.945066097675998,14.291374808439858,2.065
2024-01-08 15:45:00,1.0,20.0,1.0161079688556067,19.866120083262867,14.297461725227183,2.065
2024-01-08 16:00:00,1.0,20.0,1.0161079688556067,19.78827875821801,14.303474859991523,2.478333
2024-01-08 16:15:00,1.0,20.0,1.0161079688556067,19.711536410461562,14.309566200883365,2.478333
2024-01-08 16:30:00,1.0,20.0,1.0161079688556067,19.635838336845243,14.314604952265322,2.478333
2024-01-08 16:45:00,1.0,20.0,1.0161079688556067,19.561158660530875,14.318622432457088,2.478333
2024-01-08 17:00:00,1.0,20.0,1.0161079688556067,19.695941992256007,14.323097471870666,2.883333
2024-01-08 17:15:00,1.0,20.0,1.0161079688556067,20.423208686139876,14.334801572110875,2.883333
2024-01-08 17:30:00,1.0,20.0,1.0161079688556067,20.435498524244114,14.351265873632562,2.883333
2024-01-08 17:45:00,1.0,20.0,1.0161079688556067,20.35139376149108,14.366603029506791,2.883333
2024-01-08 18:00:00,1.0,20.0,1.0161079688556067,20.26859234355477,14.381101396399837,3.075
2024-01-08 18:15:00,1.0,20.0,1.0161079688556067,20.18707739306043,14.394855510999758,3.075
2024-01-08 18:30:00,1.0,20.0,1.0161079688556067,20.10675929604556,14.40736391563974,3.075
2024-01-08 18:45:00,1.0,20.0,1.0161079688556067,20.027607921648453,14.418663193810096,3.075
2024-01-08 19:00:00,1.0,20.0,1.0161079688556067,19.94967954229786,14.429519221369937,3.375
2024-01-08 19:15:00,1.0,20.0,1.0161079688556067,19.872968541559615,14.440054657581927,3.375
2024-01-08 19:30:00,1.0,20.0,1.0161079688556067,19.797354886923088,14.449460002564821,3.375
2024-01-08 19:45:00,1.0,20.0,1.0161079688556067,19.722811097601767,14.45776858704778,3.375
2024-01-08 20:00:00,1.0,20.0,1.0161079688556067,19.649361315120718,14.46544694378043,3.553333
2024-01-08 20:15:00,1.0,20.0,1.0161079688556067,19.57699314487759,14.472578937563837,3.553333
2024-01-08 20:30:00,1.0,20.0,1.0161079688556067,19.575156676692288,14.478771248890986,3.553333
2024-01-08 20:45:00,1.0,20.0,1.0161079688556067,20.288642614503086,14.488803611150908,3.553333
2024-01-08 21:00:00,1.0,20.0,1.0161079688556067,20.461435140540104,14.506649320319237,3.935
2024-01-08 21:15:00,1.0,20.0,1.0161079688556067,20.37952496553323,14.525053025718154,3.935
2024-01-08 21:30:00,1.0,20.0,1.0161079688556067,20.298872585581364,14.542124660490433,3.935
2024-01-08 21:45:00,1.0,20.0,1.0161079688556067,20.219446059718408,14.557903072790626,3.935
2024-01-08 22:00:00,2.0,18.9,1.0161079688556067,20.14127517666071,14.572945363361224,4.148333
2024-01-08 22:15:00,2.0,14.5,1.0161079688556067,20.06434599487181,14.587350890438204,4.148333
2024-01-08 22:30:00,2.0,14.5,1.0161079688556067,19.988563482250928,14.600555809303508,4.148333
2024-01-08 22:45:00,2.0,14.5,1.0161079688556067,19.913898685532324,14.612595294475678,4.148333
2024-01-08 23:00:00,2.0,14.5,1.0161079688556067,19.84041567945004,14.624290655164211,4.471667
2024-01-08 23:15:00,2.0,14.5,1.0161079688556067,19.76811174305147,14.635770069309599,4.471667
2024-01-08 23:30:00,2.0,14.5,1.0161079688556067,19.696860749475338,14.646157163926508,4.471667
2024-01-08 23:45:00,2.0,14.5,1.0161079688556067,19.62663623419568,14.655484060490013,4.471667
2024-01-09 00:00:00,2.0,14.5,1.0161079688556067,19.557522759376482,14.664723271579293,4.858333
2024-01-09 00:15:00,2.0,14.5,1.0161079688556067,19.489524791364673,14.67401868092553,4.858333
2024-01-09 00:30:00,2.0,14.5,1.0161079688556067,19.422499008082127,14.682313118083066,4.858333
2024-01-09 00:45:00,2.0,14.5,1.0161079688556067,19.356421065833448,14.689636108231403,4.858333
2024-01-09 01:00:00,2.0,14.5,1.0161079688556067,19.29138234447306,14.696998215035977,5.261667
2024-01-09 01:15:00,2.0,17.8,1.0161079688556067,19.518885897209497,14.705388890089024,5.261667
2024-01-09 01:30:00,2.0,14.5,1.0161079688556067,19.783390074483485,14.718373042105094,5.261667
2024-01-09 01:45:00,2.0,14.5,1.0161079688556067,19.713430331388565,14.731609848658353,5.261667
2024-01-09 02:00:00,2.0,14.5,1.0161079688556067,19.64415319344535,14.740664858498471,3.993333
2024-01-09 02:15:00,2.0,14.5,1.0161079688556067,19.575435489113612,14.745197768522669,3.993333
2024-01-09 02:30:00,2.0,14.5,1.0161079688556067,19.50764177659617,14.748804304249456,3.993333
2024-01-09 02:45:00,2.0,14.5,1.0161079688556067,19.4407492194765,14.751512089475023,3.993333
2024-01-09 03:00:00,2.0,14.5,1.0161079688556067,19.374596294396078,14.75215920913634,3.505
2024-01-09 03:15:00,2.0,14.5,1.0161079688556067,19.309124123742826,14.750628413819378,3.505
2024-01-09 03:30:00,2.0,14.5,1.0161079688556067,19.244461925885503,14.748317518307912,3.505
2024-01-09 03:45:00,2.0,14.5,1.0161079688556067,19.18059006691844,14.745250177512494,3.505
2024-01-09 04:00:00,1.0,15.233333333333333,1.0161079688556067,19.12225226101782,14.742492102066914,3.933333
2024-01-09 04:15:00,1.0,20.0,1.0161079688556067,19.679347737976926,14.742802752779193,3.933333
2024-01-09 04:30:00,1.0,20.0,1.0161079688556067,20.43976692245823,14.752995511789454,3.933333
2024-01-09 04:45:00,2.0,15.6,1.0161079688556067,20.429958019010495,14.767532074159913,3.933333
2024-01-09 05:00:00,2.0,15.6,1.0161079688556067,20.35158195142698,14.780950652240067,3.926667
2024-01-09 05:15:00,1.0,18.533333333333335,1.0161079688556067,20.27435674629923,14.793149641713228,3.926667
2024-01-09 05:30:00,1.0,20.0,1.0161079688556067,20.198255408108214,14.804183046755961,3.926667
2024-01-09 05:45:00,2.0,15.966666666666667,1.0161079688556067,20.123249693479003,14.81408514702116,3.926667
2024-01-09 06:00:00,1.0,17.433333333333334,1.0161079688556067,20.04932496610522,14.822998819011035,3.9716670000000005
2024-01-09 06:15:00,3.0,17.666666666666668,1.0161079688556067,19.976457935156095,14.830969681669728,3.9716670000000005
2024-01-09 06:30:00,3.0,15.0,1.0161079688556067,19.904608758913337,14.837902776335048,3.9716670000000005
2024-01-09 06:45:00,3.0,15.0,1.0161079688556067,19.833752073135404,14.843828835948601,3.9716670000000005
2024-01-09 07:00:00,3.0,15.0,1.0161079688556067,19.763715861112953,14.847442938253351,3.423333
2024-01-09 07:15:00,1.0,15.666666666666666,1.0161079688556067,19.694435414265726,14.848613318032017,3.423333
2024-01-09 07:30:00,3.0,19.333333333333332,1.0161079688556067,19.626045623499035,14.848909320190943,3.423333
2024-01-09 07:45:00,1.0,16.333333333333332,1.0161079688556067,19.558524699770206,14.848357246367483,3.423333
2024-01-09 08:00:00,3.0,17.666666666666668,1.0161079688556067,19.561527111403326,14.846044966117935,2.96
2024-01-09 08:15:00,3.0,15.0,1.0161079688556067,19.56431532981152,14.842959081875822,2.96
2024-01-09 08:30:00,1.0,17.9,1.0161079688556067,19.6277701560188,14.839561402631267,2.96
2024-01-09 08:45:00,3.0,19.333333333333332,1.0161079688556067,20.372679090497115,14.84140756966663,2.96
2024-01-09 09:00:00,3.0,15.0,1.0161079688556067,20.4620881747342,14.849120367562158,2.848333
2024-01-09 09:15:00,3.0,15.0,1.0161079688556067,20.385615186884372,14.85588932689578,2.848333
2024-01-09 09:30:00,3.0,15.0,1.0161079688556067,20.310191217765333,14.861597140447119,2.848333
2024-01-09 09:45:00,3.0,15.0,1.0161079688556067,20.235790227563957,14.866275334970709,2.848333
2024-01-09 10:00:00,1.0,17.0,1.0161079688556067,20.16246445050559,14.87036039765084,3.015
2024-01-09 10:15:00,3.0,15.0,1.0161079688556067,20.090205728558136,14.873931586995859,3.015
2024-01-09 10:30:00,3.0,16.0,1.0161079688556067,20.018904230529085,14.876549615129127,3.015
2024-01-09 10:45:00,3.0,16.0,1.0161079688556067,19.948536377247404,14.878242984897335,3.015
2024-01-09 11:00:00,3.0,16.0,1.0161079688556067,19.879862715113465,14.880023670759984,3.418333
2024-01-09 11:15:00,3.0,15.0,1.0161079688556067,19.812975534408007,14.882048719210445,3.418333
2024-01-09 11:30:00,1.0,17.666666666666668,1.0161079688556067,19.746959011686958,14.883213907400705,3.418333
2024-01-09 11:45:00,1.0,20.0,1.0161079688556067,19.681791785598495,14.883545036062236,3.418333
2024-01-09 12:00:00,3.0,15.333333333333334,1.0161079688556067,19.61816181639698,14.884063351985843,3.826667
2024-01-09 12:15:00,3.0,17.0,1.0161079688556067,19.556154322157507,14.88492348257017,3.826667
2024-01-09 12:30:00,1.0,19.666666666666668,1.0161079688556067,19.661672371292426,14.885328202906845,3.826667
2024-01-09 12:45:00,3.0,16.333333333333332,1.0161079688556067,20.286057296693187,14.89111490096563,3.826667
2024-01-09 13:00:00,1.0,16.333333333333332,1.0161079688556067,20.261519464886362,14.902047639437127,4.429999999999999
2024-01-09 13:15:00,3.0,17.666666666666668,1.0161079688556067,20.19146428153937,14.913657096608024,4.429999999999999
2024-01-09 13:30:00,3.0,15.0,1.0161079688556067,20.122435153135225,14.92419967044746,4.429999999999999
2024-01-09 13:45:00,1.0,18.666666666666668,1.0161079688556067,20.054406261380844,14.933706705244038,4.429999999999999
2024-01-09 14:00:00,1.0,20.0,1.0161079688556067,19.988611855727246,14.942675546166429,4.62
2024-01-09 14:15:00,1.0,17.0,1.0161079688556067,19.925193140561966,14.951212688371495,4.62
2024-01-09 14:30:00,1.0,20.0,1.0161079688556067,19.862679547871338,14.958818586144078,4.62
2024-01-09 14:45:00,1.0,20.0,1.0161079688556067,19.80104842138982,14.965520716075089,4.62
2024-01-09 15:00:00,1.0,20.0,1.0161079688556067,19.7381288863224,14.971309662499797,4.608333
2024-01-09 15:15:00,1.0,20.0,1.0161079688556067,19.673629553665272,14.976170443682195,4.608333
2024-01-09 15:30:00,1.0,20.0,1.0161079688556067,19.61000478437562,14.98015109467987,4.608333
2024-01-09 15:45:00,1.0,20.0,1.0161079688556067,19.547232923813468,14.983277819611809,4.608333
2024-01-09 16:00:00,1.0,20.0,1.0161079688556067,19.738603753603044,14.984333425773919,3.838333
2024-01-09 16:15:00,1.0,20.0,1.0161079688556067,20.45522357333421,14.990032597365024,3.838333
2024-01-09 16:30:00,1.0,20.0,1.0161079688556067,20.448011973820737,15.000111166732529,3.838333
2024-01-09 16:45:00,1.0,20.0,1.0161079688556067,20.372148613475698,15.009198121985929,3.838333
2024-01-09 17:00:00,1.0,20.0,1.0161079688556067,20.297139066059252,15.015352885351222,3.083333
2024-01-09 17:15:00,1.0,20.0,1.0161079688556067,20.222899020939106,15.018386162302425,3.083333
2024-01-09 17:30:00,1.0,20.0,1.0161079688556067,20.14963479671547,15.020451286252124,3.083333
2024-01-09 17:45:00,1.0,20.0,1.0161079688556067,20.077322398546116,15.021577251999389,3.083333
2024-01-09 18:00:00,1.0,20.0,1.0161079688556067,20.00571121671049,15.019852886848813,2.286667
2024-01-09 18:15:00,1.0,20.0,1.0161079688556067,19.934717746456545,15.015071717506457,2.286667
2024-01-09 18:30:00,1.0,20.0,1.0161079688556067,19.864565001084486,15.00949936591841,2.286667
2024-01-09 18:45:00,1.0,20.0,1.0161079688556067,19.7952328242638,15.003160060233643,2.286667
2024-01-09 19:00:00,1.0,20.0,1.0161079688556067,19.726799549835427,14.996913148118987,2.63
2024-01-09 19:15:00,1.0,20.0,1.0161079688556067,19.659272300668224,14.990882324661175,2.63
2024-01-09 19:30:00,1.0,20.0,1.0161079688556067,19.592526884764638,14.984124940999534,2.63
2024-01-09 19:45:00,1.0,20.0,1.0161079688556067,19.52654466841579,14.976663366879347,2.63
2024-01-09 20:00:00,1.0,20.0,1.0161079688556067,20.01593866388746,14.970346388543941,2.496667
2024-01-09 20:15:00,1.0,20.0,1.0161079688556067,20.496825948697264,14.971940260167422,2.496667
2024-01-09 20:30:00,1.0,20.0,1.0161079688556067,20.419172614506646,14.975143990199062,2.496667
2024-01-09 20:45:00,1.0,20.0,1.0161079688556067,20.34254033883209,14.977334511845644,2.496667
2024-01-09 21:00:00,1.0,20.0,1.0161079688556067,20.26670717399255,14.976862465842698,1.806667
2024-01-09 21:15:00,2.0,17.066666666666666,1.0161079688556067,20.1915960367016,14.973554785143042,1.806667
2024-01-09 21:30:00,2.0,14.5,1.0161079688556067,20.11739545140516,14.969379348269998,1.806667
2024-01-09 21:45:00,2.0,14.5,1.0161079688556067,20.044083456991473,14.964362586024686,1.806667
2024-01-09 22:00:00,2.0,14.5,1.0161079688556067,19.97146514692999,14.957049297653676,1.198333
2024-01-09 22:15:00,2.0,14.5,1.0161079688556067,19.89947331098863,14.947285873797155,1.198333
2024-01-09 22:30:00,2.0,14.5,1.0161079688556067,19.82827488843079,14.936806283015873,1.198333
2024-01-09 22:45:00,2.0,14.5,1.0161079688556067,19.757851224074933,14.925632855622798,1.198333
2024-01-09 23:00:00,2.0,14.5,1.0161079688556067,19.688063877503204,14.912760818166868,0.776667
2024-01-09 23:15:00,1.0,17.433333333333334,1.0161079688556067,19.61886301000134,14.898087484264668,0.776667
2024-01-09 23:30:00,2.0,14.866666666666667,1.0161079688556067,19.55036117002219,14.882818433493405,0.776667
2024-01-09 23:45:00,2.0,14.5,1.0161079688556067,19.482542345786573,14.866972721851663,0.776667
2024-01-10 00:00:00,2.0,14.5,1.0161079688556067,19.415320589933284,14.849968400293331,0.53
2024-01-10 00:15:00,2.0,14.5,1.0161079688556067,19.348661918369604,14.831751061173206,0.53
2024-01-10 00:30:00,2.0,14.5,1.0161079688556067,19.28262746979055,14.813031450067713,0.53
2024-01-10 00:45:00,2.0,14.5,1.0161079688556067,19.21720330315616,14.793826063294093,0.53
2024-01-10 01:00:00,2.0,14.5,1.0161079688556067,19.152308337578056,14.773574806004188,0.293333
2024-01-10 01:15:00,2.0,14.5,1.0161079688556067,19.08791131041869,14.752223785466246,0.293333
2024-01-10 01:30:00,2.0,14.5,1.0161079688556067,19.024072188160037,14.730453288681185,0.293333
2024-01-10 01:45:00,2.0,14.5,1.0161079688556067,18.96077886500211,14.70827754351743,0.293333
2024-01-10 02:00:00,2.0,14.5,1.0161079688556067,18.89811512595932,14.686525886413394,0.628333
2024-01-10 02:15:00,2.0,14.5,1.0161079688556067,18.83609507026517,14.665310107228652,0.628333
2024-01-10 02:30:00,2.0,14.5,1.0161079688556067,18.774604471844384,14.643701777148927,0.628333
2024-01-10 02:45:00,2.0,14.5,1.0161079688556067,18.71363190878125,14.621714301533409,0.628333
2024-01-10 03:00:00,2.0,14.5,1.0161079688556067,18.65320097327485,14.599656890042365,0.75
2024-01-10 03:15:00,2.0,14.5,1.0161079688556067,18.593310131533393,14.57757792552758,0.75
2024-01-10 03:30:00,1.0,15.233333333333333,1.0161079688556067,18.538552044967147,14.555147780533341,0.75
2024-01-10 03:45:00,1.0,20.0,1.0161079688556067,19.098801386107322,14.53499002776806,0.75
2024-01-10 04:00:00,1.0,17.8,1.0161079688556067,19.94065836228255,14.524778231406218,0.511667
2024-01-10 04:15:00,1.0,20.0,1.0161079688556067,19.992048196287328,14.519924289628607,0.511667
2024-01-10 04:30:00,1.0,20.0,1.0161079688556067,19.91411017293657,14.514504041942475,0.511667
2024-01-10 04:45:00,1.0,20.0,1.0161079688556067,19.837093051829658,14.508218222625507,0.511667
2024-01-10 05:00:00,2.0,17.066666666666666,1.0161079688556067,19.76092199167067,14.500642997071951,0.326667
2024-01-10 05:15:00,1.0,15.966666666666667,1.0161079688556067,19.685561406822124,14.491749836954373,0.326667
2024-01-10 05:30:00,1.0,20.0,1.0161079688556067,19.61104732911482,14.482083738460261,0.326667
2024-01-10 05:45:00,1.0,20.0,1.0161079688556067,19.537359748556735,14.471668681258041,0.326667
2024-01-10 06:00:00,1.0,20.0,1.0161079688556067,19.949911903556007,14.461936246034954,0.186667
2024-01-10 06:15:00,1.0,18.533333333333335,1.0161079688556067,20.48869354951224,14.459960660024526,0.186667
2024-01-10 06:30:00,3.0,19.333333333333332,1.0161079688556067,20.408134140608468,14.460075357122578,0.186667
2024-01-10 06:45:00,3.0,15.0,1.0161079688556067,20.324009617293775,14.459141732264532,0.186667
2024-01-10 07:00:00,3.0,15.0,1.0161079688556067,20.24087410383115,14.456485807362816,-0.10167
2024-01-10 07:15:00,3.0,16.0,1.0161079688556067,20.158682264195303,14.45205411476485,-0.10167
2024-01-10 07:30:00,3.0,15.0,1.0161079688556067,20.07747704213414,14.446687097638835,-0.10167
2024-01-10 07:45:00,3.0,15.0,1.0161079688556067,19.997234701171546,14.440413308492285,-0.10167
2024-01-10 08:00:00,1.0,15.333333333333334,1.0161079688556067,19.920922971241634,14.43099612636908,-1.03667
2024-01-10 08:15:00,1.0,20.0,1.0161079688556067,19.848856549439635,14.41824503178118,-1.03667
2024-01-10 08:30:00,3.0,17.666666666666668,1.0161079688556067,19.777548538933257,14.404829213503428,-1.03667
2024-01-10 08:45:00,3.0,15.0,1.0161079688556067,19.706981346339756,14.39076966885226,-1.03667
2024-01-10 09:00:00,1.0,18.666666666666668,1.0161079688556067,19.634939155840573,14.375661184736673,-1.20833
2024-01-10 09:15:00,1.0,20.0,1.0161079688556067,19.561122622236645,14.359435603210626,-1.20833
2024-01-10 09:30:00,1.0,20.0,1.0161079688556067,19.696399088247972,14.343047091100184,-1.20833
2024-01-10 09:45:00,1.0,20.0,1.0161079688556067,20.423765617031986,14.333138710752308,-1.20833
2024-01-10 10:00:00,3.0,17.333333333333332,1.0161079688556067,20.43655826139995,14.3288555405429,-1.01
2024-01-10 10:15:00,1.0,18.333333333333332,1.0161079688556067,20.353458497112747,14.324369208556593,-1.01
2024-01-10 10:30:00,3.0,16.333333333333332,1.0161079688556067,20.271356180581595,14.31893731970341,-1.01
2024-01-10 10:45:00,3.0,15.0,1.0161079688556067,20.19022731519177,14.31258873930424,-1.01
2024-01-10 11:00:00,3.0,16.0,1.0161079688556067,20.110311053921354,14.305591745305128,-0.9116699999999999
2024-01-10 11:15:00,3.0,15.0,1.0161079688556067,20.03162158926083,14.298006590496062,-0.9116699999999999
2024-01-10 11:30:00,3.0,15.0,1.0161079688556067,19.953836487686647,14.289584545293557,-0.9116699999999999
2024-01-10 11:45:00,3.0,19.0,1.0161079688556067,19.876934237750397,14.280351423262323,-0.9116699999999999
2024-01-10 12:00:00,3.0,15.0,1.0161079688556067,19.80117674121725,14.270970066750799,-0.65
2024-01-10 12:15:00,3.0,15.0,1.0161079688556067,19.726589712689087,14.261545336032535,-0.65
2024-01-10 12:30:00,1.0,16.333333333333332,1.0161079688556067,19.652833008311013,14.251366517246579,-0.65
2024-01-10 12:45:00,1.0,19.0,1.0161079688556067,19.579887049642362,14.24045706023566,-0.65
2024-01-10 13:00:00,3.0,19.666666666666668,1.0161079688556067,19.577158662282287,14.230202218455693,-0.12167
2024-01-10 13:15:00,3.0,15.0,1.0161079688556067,19.78115074145377,14.223411385760185,-0.12167
2024-01-10 13:30:00,1.0,16.666666666666668,1.0161079688556067,19.706027685908943,14.217318257768893,-0.12167
2024-01-10 13:45:00,1.0,16.0,1.0161079688556067,19.63178182039146,14.210406044996088,-0.12167
2024-01-10 14:00:00,1.0,20.0,1.0161079688556067,19.561067054487292,14.204104664577434,0.451667
2024-01-10 14:15:00,1.0,20.0,1.0161079688556067,19.660952331084875,14.198974726137008,0.451667
2024-01-10 14:30:00,1.0,20.0,1.0161079688556067,20.404576074501765,14.199673876941137,0.451667
2024-01-10 14:45:00,1.0,20.0,1.0161079688556067,20.455624100175996,14.205978497190843,0.451667
2024-01-10 15:00:00,1.0,20.0,1.0161079688556067,20.37492667028937,14.2127447600577,0.9599999999999999
2024-01-10 15:15:00,1.0,20.0,1.0161079688556067,20.292428434583965,14.219780590392709,0.9599999999999999
2024-01-10 15:30:00,1.0,20.0,1.0161079688556067,20.211058663226503,14.225676337941236,0.9599999999999999
2024-01-10 15:45:00,1.0,20.0,1.0161079688556067,20.130789361492912,14.230465892071509,0.9599999999999999
2024-01-10 16:00:00,1.0,20.0,1.0161079688556067,20.049841584794184,14.234001503169287,0.888333
2024-01-10 16:15:00,1.0,20.0,1.0161079688556067,19.967966260544873,14.236263882748634,0.888333
2024-01-10 16:30:00,1.0,20.0,1.0161079688556067,19.887154088040234,14.237477517189854,0.888333
2024-01-10 16:45:00,1.0,20.0,1.0161079688556067,19.807378997845202,14.2376738900975,0.888333
2024-01-10 17:00:00,1.0,20.0,1.0161079688556067,19.72843495633848,14.23534185802427,0.255
2024-01-10 17:15:00,1.0,20.0,1.0161079688556067,19.650248959632247,14.230325250742926,0.255
2024-01-10 17:30:00,1.0,20.0,1.0161079688556067,19.57299185901632,14.2244329413382,0.255
2024-01-10 17:45:00,1.0,20.0,1.0161079688556067,19.626357528474646,14.217907764093043,0.255
2024-01-10 18:00:00,1.0,20.0,1.0161079688556067,20.36113610613779,14.215437098918574,-0.205
2024-01-10 18:15:00,1.0,20.0,1.0161079688556067,20.439833937816903,14.21778092431025,-0.205
2024-01-10 18:30:00,1.0,20.0,1.0161079688556067,20.35214989948791,14.219447264149583,-0.205
2024-01-10 18:45:00,1.0,20.0,1.0161079688556067,20.26559533681126,14.220003714113345,-0.205
2024-01-10 19:00:00,1.0,20.0,1.0161079688556067,20.18007414000297,14.218899402952015,-0.445
2024-01-10 19:15:00,1.0,20.0,1.0161079688556067,20.09554110070499,14.216096319363702,-0.445
2024-01-10 19:30:00,1.0,20.0,1.0161079688556067,20.012043895551077,14.212300513195778,-0.445
2024-01-10 19:45:00,1.0,20.0,1.0161079688556067,19.929557474772135,14.207542149507702,-0.445
2024-01-10 20:00:00,1.0,20.0,1.0161079688556067,19.847993758444638,14.201306892641279,-0.66833
2024-01-10 20:15:00,1.0,20.0,1.0161079688556067,19.767311994629992,14.19355769144724,-0.66833
2024-01-10 20:30:00,1.0,20.0,1.0161079688556067,19.687557827876535,14.18494992034648,-0.66833
2024-01-10 20:45:00,1.0,20.0,1.0161079688556067,19.608709191932277,14.175510059216313,-0.66833
2024-01-10 21:00:00,1.0,20.0,1.0161079688556067,19.535322005066995,14.16472422959518,-0.89
2024-01-10 21:15:00,1.0,20.0,1.0161079688556067,20.0772435880682,14.155163734857982,-0.89
2024-01-10 21:30:00,1.0,20.0,1.0161079688556067,20.47624717409619,14.153782188253162,-0.89
2024-01-10 21:45:00,1.0,20.0,1.0161079688556067,20.386906913355446,14.153455990841536,-0.89
2024-01-10 22:00:00,2.0,19.266666666666666,1.0161079688556067,20.298586133365422,14.1511215314714,-1.265
2024-01-10 22:15:00,2.0,14.5,1.0161079688556067,20.211228784814367,14.146701800138239,-1.265
2024-01-10 22:30:00,2.0,14.5,1.0161079688556067,20.124923554644354,14.141282870951162,-1.265
2024-01-10 22:45:00,2.0,14.5,1.0161079688556067,20.039645109142587,14.134895223155922,-1.265
2024-01-10 23:00:00,2.0,14.5,1.0161079688556067,19.95529510725859,14.126939624036993,-1.52333
2024-01-10 23:15:00,2.0,14.5,1.0161079688556067,19.871829856659435,14.117369043690164,-1.52333
2024-01-10 23:30:00,2.0,14.5,1.0161079688556067,19.789305507649296,14.106937509451473,-1.52333
2024-01-10 23:45:00,2.0,14.5,1.0161079688556067,19.707699796957268,14.095671706955605,-1.52333
2024-01-11 00:00:00,2.0,14.5,1.0161079688556067,19.626892168464185,14.082753663758236,-1.87
2024-01-11 00:15:00,2.0,14.5,1.0161079688556067,19.546835092030758,14.068106827585275,-1.87
2024-01-11 00:30:00,2.0,14.5,1.0161079688556067,19.467614720726296,14.052730009900447,-1.87
2024-01-11 00:45:00,2.0,14.5,1.0161079688556067,19.38921168540946,14.036646316694458,-1.87
2024-01-11 01:00:00,2.0,14.5,1.0161079688556067,19.311621880062315,14.020003993124078,-1.81833
2024-01-11 01:15:00,2.0,14.5,1.0161079688556067,19.234830910463984,14.00284004464598,-1.81833
2024-01-11 01:30:00,2.0,14.5,1.0161079688556067,19.158805037067342,13.98503048405094,-1.81833
2024-01-11 01:45:00,2.0,14.5,1.0161079688556067,19.083526811847015,13.966596056092216,-1.81833
2024-01-11 02:00:00,2.0,14.5,1.0161079688556067,19.008909838789144,13.946964552260814,-2.06167
2024-01-11 02:15:00,2.0,14.5,1.0161079688556067,18.93491902737632,13.926084137100954,-2.06167
2024-01-11 02:30:00,2.0,14.5,1.0161079688556067,18.86161316879637,13.904657756624841,-2.06167
2024-01-11 02:45:00,2.0,14.5,1.0161079688556067,18.788977027930557,13.882703421408575,-2.06167
2024-01-11 03:00:00,2.0,14.5,1.0161079688556067,18.716990550060796,13.860194016973162,-2.08
2024-01-11 03:15:00,2.0,14.5,1.0161079688556067,18.64563790890331,13.837141179654669,-2.08
2024-01-11 03:30:00,2.0,14.5,1.0161079688556067,18.574910703751517,13.813612966137834,-2.08
2024-01-11 03:45:00,2.0,14.5,1.0161079688556067,18.50479530181095,13.789625416309399,-2.08
2024-01-11 04:00:00,2.0,14.5,1.0161079688556067,18.435254187551433,13.764987201197036,-2.165
2024-01-11 04:15:00,1.0,19.633333333333333,1.0161079688556067,18.78712985177521,13.741088493010599,-2.165
2024-01-11 04:30:00,1.0,20.0,1.0161079688556067,19.74676617513045,13.726530122787143,-2.165
2024-01-11 04:45:00,1.0,20.0,1.0161079688556067,20.44408819094967,13.723472063896926,-2.165
2024-01-11 05:00:00,1.0,20.0,1.0161079688556067,20.395101172791783,13.724318349413377,-2.09833
2024-01-11 05:15:00,1.0,20.0,1.0161079688556067,20.300869983873053,13.724233874231608,-2.09833
2024-01-11 05:30:00,2.0,17.8,1.0161079688556067,20.20783004408886,13.722989502191645,-2.09833
2024-01-11 05:45:00,1.0,18.533333333333335,1.0161079688556067,20.115952325936487,13.720620243734732,-2.09833
2024-01-11 06:00:00,1.0,20.0,1.0161079688556067,20.025244249537597,13.717464431651031,-1.97333
2024-01-11 06:15:00,1.0,20.0,1.0161079688556067,19.93568788198381,13.7135918574742,-1.97333
2024-01-11 06:30:00,1.0,20.0,1.0161079688556067,19.84721803907774,13.708683393467146,-1.97333
2024-01-11 06:45:00,3.0,15.333333333333334,1.0161079688556067,19.759808510324394,13.70277058599542,-1.97333
2024-01-11 07:00:00,3.0,15.0,1.0161079688556067,19.67362807083791,13.695811805781398,-2.00333
2024-01-11 07:15:00,3.0,15.0,1.0161079688556067,19.58867505997936,13.68783161242124,-2.00333
2024-01-11 07:30:00,3.0,15.0,1.0161079688556067,19.50470090922501,13.67894425544537,-2.00333
2024-01-11 07:45:00,1.0,16.666666666666668,1.0161079688556067,19.468048986781266,13.66921633536627,-2.00333
2024-01-11 08:00:00,3.0,16.333333333333332,1.0161079688556067,19.921824247322895,13.663230557880611,-1.61167
2024-01-11 08:15:00,1.0,17.0,1.0161079688556067,19.891943092979204,13.66148670480074,-1.61167
2024-01-11 08:30:00,3.0,17.0,1.0161079688556067,19.816522471925783,13.658908480696446,-1.61167
2024-01-11 08:45:00,3.0,17.0,1.0161079688556067,19.74202509499434,13.65544590150801,-1.61167
2024-01-11 09:00:00,3.0,15.0,1.0161079688556067,19.672011977975092,13.651917418538849,-1.29167
2024-01-11 09:15:00,1.0,18.666666666666668,1.0161079688556067,19.60692375041697,13.64850419655835,-1.29167
2024-01-11 09:30:00,3.0,15.333333333333334,1.0161079688556067,19.542617989610026,13.644348598161738,-1.29167
2024-01-11 09:45:00,3.0,15.0,1.0161079688556067,19.47907586353933,13.63947327809984,-1.29167
2024-01-11 10:00:00,3.0,15.0,1.0161079688556067,19.417948833578045,13.636623495435467,-0.175
2024-01-11 10:15:00,3.0,16.0,1.0161079688556067,19.48434065637557,13.63659166240301,-0.175
2024-01-11 10:30:00,3.0,15.0,1.0161079688556067,19.507747844906905,13.637747207180988,-0.175
2024-01-11 10:45:00,3.0,15.0,1.0161079688556067,19.44815008925675,13.638382898954461,-0.175
2024-01-11 11:00:00,3.0,16.0,1.0161079688556067,19.473352302641324,13.640042572985399,0.478333
2024-01-11 11:15:00,3.0,15.0,1.0161079688556067,19.539937398773368,13.644648850105563,0.478333
2024-01-11 11:30:00,1.0,18.666666666666668,1.0161079688556067,19.73607841472188,13.649600392747704,0.478333
2024-01-11 11:45:00,1.0,20.0,1.0161079688556067,20.458911425306123,13.661325958323152,0.478333
2024-01-11 12:00:00,1.0,20.0,1.0161079688556067,20.45794965424606,13.679044524321572,1.153333
2024-01-11 12:15:00,3.0,19.666666666666668,1.0161079688556067,20.388405212127683,13.697581055964282,1.153333
2024-01-11 12:30:00,3.0,15.0,1.0161079688556067,20.3199637050068,13.71493559381083,1.153333
2024-01-11 12:45:00,1.0,17.666666666666668,1.0161079688556067,20.25259695692379,13.731142447126524,1.153333
2024-01-11 13:00:00,3.0,19.333333333333332,1.0161079688556067,20.18589053243788,13.750122843257854,2.751667
2024-01-11 13:15:00,3.0,15.0,1.0161079688556067,20.11983403227737,13.772363706863727,2.751667
2024-01-11 13:30:00,1.0,18.666666666666668,1.0161079688556067,20.054880903940454,13.793400641913198,2.751667
2024-01-11 13:45:00,3.0,17.333333333333332,1.0161079688556067,19.9910027020352,13.813268347488156,2.751667
2024-01-11 14:00:00,3.0,15.0,1.0161079688556067,19.926471540856028,13.83431420436867,3.705
2024-01-11 14:15:00,1.0,18.0,1.0161079688556067,19.861085937887534,13.856816396369831,3.705
2024-01-11 14:30:00,3.0,19.0,1.0161079688556067,19.79679836231785,13.878118348374334,3.705
2024-01-11 14:45:00,3.0,15.0,1.0161079688556067,19.73358048075412,13.898254628948868,3.705
2024-01-11 15:00:00,3.0,15.0,1.0161079688556067,19.664081999620414,13.918943904573025,4.408333
2024-01-11 15:15:00,1.0,15.666666666666666,1.0161079688556067,19.58738630935797,13.940293731529106,4.408333
2024-01-11 15:30:00,1.0,20.0,1.0161079688556067,19.558284551197342,13.960362758042741,4.408333
2024-01-11 15:45:00,1.0,20.0,1.0161079688556067,20.240686527424494,13.983390420841372,4.408333
2024-01-11 16:00:00,1.0,20.0,1.0161079688556067,20.459931417540286,14.011988350246462,3.825
2024-01-11 16:15:00,1.0,20.0,1.0161079688556067,20.372020486465033,14.038470888582784,3.825
2024-01-11 16:30:00,1.0,20.0,1.0161079688556067,20.285540474829126,14.06340580720601,3.825
2024-01-11 16:45:00,1.0,20.0,1.0161079688556067,20.200454657848237,14.086837865742753,3.825
2024-01-11 17:00:00,1.0,20.0,1.0161079688556067,20.116607974798928,14.107792217938897,3.406667
2024-01-11 17:15:00,1.0,20.0,1.0161079688556067,20.03393375496747,14.126188370543435,3.406667
2024-01-11 17:30:00,1.0,20.0,1.0161079688556067,19.952526906441197,14.143243168219112,3.406667
2024-01-11 17:45:00,1.0,20.0,1.0161079688556067,19.872355255387014,14.158995739863974,3.406667
2024-01-11 18:00:00,1.0,20.0,1.0161079688556067,19.793254853869794,14.172352159475043,2.941667
2024-01-11 18:15:00,1.0,20.0,1.0161079688556067,19.715159773570424,14.183212908029711,2.941667
2024-01-11 18:30:00,1.0,20.0,1.0161079688556067,19.63818346547338,14.192920805411795,2.941667
2024-01-11 18:45:00,1.0,20.0,1.0161079688556067,19.562297903863744,14.20150984531726,2.941667
2024-01-11 19:00:00,1.0,20.0,1.0161079688556067,19.695698848810757,14.208355747716825,2.481667
2024-01-11 19:15:00,1.0,20.0,1.0161079688556067,20.421338610958237,14.219978601179797,2.481667
2024-01-11 19:30:00,1.0,20.0,1.0161079688556067,20.43202112466207,14.236343028317268,2.481667
2024-01-11 19:45:00,1.0,20.0,1.0161079688556067,20.346328172645933,14.251562250327147,2.481667
2024-01-11 20:00:00,1.0,20.0,1.0161079688556067,20.261707627010626,14.263795117850886,1.798333
2024-01-11 20:15:00,1.0,20.0,1.0161079688556067,20.178075388513896,14.272879824842976,1.798333
2024-01-11 20:30:00,1.0,20.0,1.0161079688556067,20.095610613205373,14.280774563725291,1.798333
2024-01-11 20:45:00,1.0,20.0,1.0161079688556067,20.01428421273685,14.287514578817362,1.798333
2024-01-11 21:00:00,1.0,20.0,1.0161079688556067,19.933887693567552,14.29159644232929,1.166667
2024-01-11 21:15:00,1.0,20.0,1.0161079688556067,19.854345324702834,14.292868030739715,1.166667
2024-01-11 21:30:00,1.0,20.0,1.0161079688556067,19.775824669150804,14.293136991937399,1.166667
2024-01-11 21:45:00,1.0,20.0,1.0161079688556067,19.698300736640643,14.292433490536348,1.166667
2024-01-11 22:00:00,2.0,15.966666666666667,1.0161079688556067,19.621716409615974,14.290506904271195,1.051667
2024-01-11 22:15:00,2.0,14.5,1.0161079688556067,19.546039261247934,14.287351986150592,1.051667
2024-01-11 22:30:00,1.0,17.066666666666666,1.0161079688556067,19.568596390358376,14.283454751088808,1.051667
2024-01-11 22:45:00,2.0,17.433333333333334,1.0161079688556067,20.26872541888377,14.284065413765225,1.051667
2024-01-11 23:00:00,2.0,14.5,1.0161079688556067,20.350021447990397,14.289090610071149,0.43
2024-01-11 23:15:00,2.0,14.5,1.0161079688556067,20.26472617090385,14.291703149498584,0.43
2024-01-11 23:30:00,2.0,14.5,1.0161079688556067,20.180541529614892,14.293218656699821,0.43
2024-01-11 23:45:00,2.0,14.5,1.0161079688556067,20.097440272933664,14.293670046798013,0.43
2024-01-12 00:00:00,2.0,14.5,1.0161079688556067,20.015344541336823,14.292651139238705,0.25
2024-01-12 00:15:00,2.0,14.5,1.0161079688556067,19.934214808360032,14.29014020501762,0.25
2024-01-12 00:30:00,2.0,14.5,1.0161079688556067,19.85408136395902,14.286673372906515,0.25
2024-01-12 00:45:00,2.0,14.5,1.0161079688556067,19.774920101768927,14.282279675178405,0.25
2024-01-12 01:00:00,2.0,14.5,1.0161079688556067,19.696733244302745,14.27720642964399,0.34
2024-01-12 01:15:00,2.0,14.5,1.0161079688556067,19.61950484410257,14.271507500790403,0.34
2024-01-12 01:30:00,2.0,14.5,1.0161079688556067,19.543185014680986,14.26495663046491,0.34
2024-01-12 01:45:00,2.0,14.5,1.0161079688556067,19.467752010266317,14.257579947879115,0.34
2024-01-12 02:00:00,2.0,14.5,1.0161079688556067,19.39311525825526,14.24881049868505,0.096667
2024-01-12 02:15:00,2.0,14.5,1.0161079688556067,19.319235605957786,14.23860154331567,0.096667
2024-01-12 02:30:00,2.0,14.5,1.0161079688556067,19.246167892390737,14.22766096259647,0.096667
2024-01-12 02:45:00,2.0,14.5,1.0161079688556067,19.173893041993423,14.216011586088294,0.096667
2024-01-12 03:00:00,2.0,14.5,1.0161079688556067,19.102416743438145,14.203882527854836,0.181667
2024-01-12 03:15:00,2.0,14.5,1.0161079688556067,19.031727425744652,14.191320318519107,0.181667
2024-01-12 03:30:00,2.0,14.5,1.0161079688556067,18.96178136800806,14.178107047540875,0.181667
2024-01-12 03:45:00,1.0,15.6,1.0161079688556067,18.906479242851976,14.16426715370897,0.181667
2024-01-12 04:00:00,1.0,17.433333333333334,1.0161079688556067,19.267247059747184,14.152367136010112,0.296667
2024-01-12 04:15:00,1.0,20.0,1.0161079688556067,19.99721859847209,14.147407790155423,0.296667
2024-01-12 04:30:00,2.0,16.7,1.0161079688556067,20.467075058036293,14.15175078602557,0.296667
2024-01-12 04:45:00,2.0,17.8,1.0161079688556067,20.378563542492365,14.15751950628314,0.296667
2024-01-12 05:00:00,2.0,14.5,1.0161079688556067,20.291161453136773,14.161414621197649,0.016667
2024-01-12 05:15:00,1.0,18.9,1.0161079688556067,20.204818033045797,14.163389478222694,0.016667
2024-01-12 05:30:00,1.0,20.0,1.0161079688556067,20.119590838244775,14.164265561047563,0.016667
2024-01-12 05:45:00,1.0,20.0,1.0161079688556067,20.035452525864148,14.16407588421476,0.016667
2024-01-12 06:00:00,1.0,20.0,1.0161079688556067,19.952540528192774,14.164252297699731,0.591667
2024-01-12 06:15:00,1.0,20.0,1.0161079688556067,19.870872848899737,14.164994816518345,0.591667
2024-01-12 06:30:00,2.0,14.5,1.0161079688556067,19.790247408095524,14.164717786744545,0.591667
2024-01-12 06:45:00,1.0,18.9,1.0161079688556067,19.71063875222587,14.163451922527665,0.591667
2024-01-12 07:00:00,1.0,17.066666666666666,1.0161079688556067,19.632050082755327,14.16131235301839,0.626667
2024-01-12 07:15:00,3.0,17.666666666666668,1.0161079688556067,19.554462235957168,14.158338701492003,0.626667
2024-01-12 07:30:00,1.0,17.0,1.0161079688556067,19.547350548654,14.154538149686365,0.626667
2024-01-12 07:45:00,3.0,16.0,1.0161079688556067,19.996461233678147,14.15387940980336,0.626667
2024-01-12 08:00:00,3.0,15.0,1.0161079688556067,19.943950923178328,14.154433678232333,0.048333
2024-01-12 08:15:00,3.0,15.0,1.0161079688556067,19.867132706449482,14.152446533669044,0.048333
2024-01-12 08:30:00,3.0,15.0,1.0161079688556067,19.791262528501708,14.149547449608466,0.048333
2024-01-12 08:45:00,3.0,15.0,1.0161079688556067,19.71631742233337,14.145764093232973,0.048333
2024-01-12 09:00:00,3.0,15.0,1.0161079688556067,19.64226799794918,14.143082162467884,0.853333
2024-01-12 09:15:00,3.0,15.0,1.0161079688556067,19.569124268476866,14.141759998236171,0.853333
2024-01-12 09:30:00,1.0,16.9,1.0161079688556067,19.510807996684548,14.139563394784448,0.853333
2024-01-12 09:45:00,3.0,19.0,1.0161079688556067,20.104511659157208,14.139631650377968,0.853333
2024-01-12 10:00:00,3.0,15.0,1.0161079688556067,20.383837930795945,14.148874288776485,1.561667
2024-01-12 10:15:00,3.0,18.0,1.0161079688556067,20.300440741501905,14.160266602550468,1.561667
2024-01-12 10:30:00,3.0,15.0,1.0161079688556067,20.21823580510736,14.17043140158372,1.561667
2024-01-12 10:45:00,1.0,20.0,1.0161079688556067,20.137193267873226,14.179404893772592,1.561667
2024-01-12 11:00:00,3.0,17.0,1.0161079688556067,20.057094374178504,14.187756931782388,1.781667
2024-01-12 11:15:00,1.0,18.0,1.0161079688556067,19.977896001789198,14.195581916195893,1.781667
2024-01-12 11:30:00,1.0,20.0,1.0161079688556067,19.899793836648595,14.20229365700209,1.781667
2024-01-12 11:45:00,1.0,20.0,1.0161079688556067,19.822760615079666,14.2079251756194,1.781667
2024-01-12 12:00:00,1.0,20.0,1.0161079688556067,19.746871800867392,14.212334557266406,1.71
2024-01-12 12:15:00,3.0,19.0,1.0161079688556067,19.672111478692916,14.215534121009798,1.71
2024-01-12 12:30:00,3.0,15.0,1.0161079688556067,19.59833556090894,14.21775620508445,1.71
2024-01-12 12:45:00,3.0,15.0,1.0161079688556067,19.52551983185744,14.219030073539955,1.71
2024-01-12 13:00:00,3.0,15.0,1.0161079688556067,19.45373538082193,14.219883351061952,1.915
2024-01-12 13:15:00,3.0,15.0,1.0161079688556067,19.382979470777343,14.220404517203422,1.915
2024-01-12 13:30:00,1.0,17.0,1.0161079688556067,19.382655326223894,14.220121734247517,1.915
2024-01-12 13:45:00,1.0,20.0,1.0161079688556067,20.139282593118267,14.223849762167157,1.915
2024-01-12 14:00:00,3.0,16.0,1.0161079688556067,20.478574029522214,14.236161393524416,1.885
2024-01-12 14:15:00,1.0,17.0,1.0161079688556067,20.39494128882986,14.248871614383562,1.885
2024-01-12 14:30:00,3.0,19.0,1.0161079688556067,20.312519637600086,14.260328319494596,1.885
2024-01-12 14:45:00,3.0,15.0,1.0161079688556067,20.231278670935243,14.27056840460873,1.885
2024-01-12 15:00:00,1.0,17.0,1.0161079688556067,20.1513048984498,14.27965655190615,1.896667
2024-01-12 15:15:00,1.0,20.0,1.0161079688556067,20.07258458054635,14.28763304018815,1.896667
2024-01-12 15:30:00,1.0,20.0,1.0161079688556067,19.99495624407998,14.294499521486921,1.896667
2024-01-12 15:45:00,1.0,20.0,1.0161079688556067,19.91839271778202,14.300288908413062,1.896667
2024-01-12 16:00:00,1.0,20.0,1.0161079688556067,19.841377939593503,14.305340110468443,2.025
2024-01-12 16:15:00,1.0,20.0,1.0161079688556067,19.76370459108495,14.309695218138161,2.025
2024-01-12 16:30:00,1.0,20.0,1.0161079688556067,19.687066406981973,14.313016691486514,2.025
2024-01-12 16:45:00,1.0,20.0,1.0161079688556067,19.611437853764837,14.31533540434558,2.025
2024-01-12 17:00:00,1.0,20.0,1.0161079688556067,19.536841638032477,14.3170871005046,2.191667
2024-01-12 17:15:00,1.0,20.0,1.0161079688556067,19.948738960203833,14.320098972140025,2.191667
2024-01-12 17:30:00,1.0,20.0,1.0161079688556067,20.487074417310318,14.331023653684563,2.191667
2024-01-12 17:45:00,1.0,20.0,1.0161079688556067,20.406229672955362,14.343807026609738,2.191667
2024-01-12 18:00:00,1.0,20.0,1.0161079688556067,20.321877426819604,14.354476676624456,1.846667
2024-01-12 18:15:00,1.0,20.0,1.0161079688556067,20.238604934591237,14.362965065675727,1.846667
2024-01-12 18:30:00,1.0,20.0,1.0161079688556067,20.156488179315584,14.370278371588123,1.846667
2024-01-12 18:45:00,1.0,20.0,1.0161079688556067,20.07549840009798,14.376451433281202,1.846667
2024-01-12 19:00:00,1.0,20.0,1.0161079688556067,19.995662771793015,14.38198876472983,2.04
2024-01-12 19:15:00,1.0,20.0,1.0161079688556067,19.9169688321442,14.38698005931645,2.04
2024-01-12 19:30:00,1.0,20.0,1.0161079688556067,19.83933062419248,14.39091399110087,2.04
2024-01-12 19:45:00,1.0,20.0,1.0161079688556067,19.76272206870303,14.393822103272134,2.04
2024-01-12 20:00:00,1.0,20.0,1.0161079688556067,19.687124452193526,14.395791865447139,2.063333
2024-01-12 20:15:00,1.0,20.0,1.0161079688556067,19.61251487552543,14.396859946397251,2.063333
2024-01-12 20:30:00,1.0,20.0,1.0161079688556067,19.538862151260915,14.396989762356545,2.063333
2024-01-12 20:45:00,1.0,20.0,1.0161079688556067,19.951615529089647,14.397958627378875,2.063333
2024-01-12 21:00:00,1.0,20.0,1.0161079688556067,20.490701738488163,14.406290243457287,1.818333
2024-01-12 21:15:00,1.0,20.0,1.0161079688556067,20.41048475188088,14.41585731692154,1.818333
2024-01-12 21:30:00,1.0,20.0,1.0161079688556067,20.32681204343867,14.424214624549867,1.818333
2024-01-12 21:45:00,1.0,20.0,1.0161079688556067,20.244298558617754,14.431394213826064,1.818333
2024-01-12 22:00:00,1.0,20.0,1.0161079688556067,20.16280705695249,14.436505959961746,1.438333
2024-01-12 22:15:00,2.0,19.633333333333333,1.0161079688556067,20.08228048745078,14.439472264397814,1.438333
2024-01-12 22:30:00,2.0,14.5,1.0161079688556067,20.002808473682023,14.441394109661315,1.438333
2024-01-12 22:45:00,2.0,14.5,1.0161079688556067,19.924365106538755,14.442302798296321,1.438333
2024-01-12 23:00:00,2.0,14.5,1.0161079688556067,19.84686289682673,14.441697266047532,1.22
2024-01-12 23:15:00,2.0,14.5,1.0161079688556067,19.77026066304934,14.439543006035986,1.22
2024-01-12 23:30:00,2.0,14.5,1.0161079688556067,19.69460172468763,14.436482397363843,1.22
2024-01-12 23:45:00,2.0,14.5,1.0161079688556067,19.619863242021133,14.432542950766544,1.22
2024-01-13 00:00:00,2.0,14.5,1.0161079688556067,19.545934085113572,14.4269927068757,0.908333
2024-01-13 00:15:00,2.0,14.5,1.0161079688556067,19.472768852563423,14.419766172035834,0.908333
2024-01-13 00:30:00,2.0,14.5,1.0161079688556067,19.400442402129748,14.411764546430446,0.908333
2024-01-13 00:45:00,2.0,14.5,1.0161079688556067,19.32893479566563,14.403011752242016,0.908333
2024-01-13 01:00:00,2.0,14.5,1.0161079688556067,19.258149611392028,14.392873772250812,0.638333
2024-01-13 01:15:00,2.0,14.5,1.0161079688556067,19.188047371684288,14.381293951297035,0.638333
2024-01-13 01:30:00,2.0,14.5,1.0161079688556067,19.11869278337973,14.36905308677323,0.638333
2024-01-13 01:45:00,2.0,14.5,1.0161079688556067,19.05006843351265,14.356171978884193,0.638333
2024-01-13 02:00:00,2.0,14.5,1.0161079688556067,18.982051353405943,14.341766083680007,0.266667
2024-01-13 02:15:00,2.0,14.5,1.0161079688556067,18.914596694953122,14.325745946589715,0.266667
2024-01-13 02:30:00,2.0,14.5,1.0161079688556067,18.847802766118043,14.309175218578948,0.266667
2024-01-13 02:45:00,2.0,14.5,1.0161079688556067,18.78165458261521,14.292071692747562,0.266667
2024-01-13 03:00:00,2.0,14.5,1.0161079688556067,18.716023929022167,14.273482974137288,-0.13167
2024-01-13 03:15:00,2.0,14.5,1.0161079688556067,18.6508662185621,14.25330893409219,-0.13167
2024-01-13 03:30:00,2.0,14.5,1.0161079688556067,18.58629019828634,14.232685414570987,-0.13167
2024-01-13 03:45:00,2.0,14.5,1.0161079688556067,18.522283100470123,14.21162746243248,-0.13167
2024-01-13 04:00:00,2.0,14.5,1.0161079688556067,18.458737409909197,14.189338261694548,-0.465
2024-01-13 04:15:00,1.0,18.533333333333335,1.0161079688556067,18.723819893904153,14.16698276943206,-0.465
2024-01-13 04:30:00,2.0,15.6,1.0161079688556067,19.270092128522858,14.151118991347666,-0.465
2024-01-13 04:45:00,2.0,15.6,1.0161079688556067,19.293261763200753,14.138609667612526,-0.465
2024-01-13 05:00:00,2.0,15.6,1.0161079688556067,19.4680978348068,14.127465517016097,-0.51833
2024-01-13 05:15:00,2.0,15.6,1.0161079688556067,19.585177954713096,14.118235462230881,-0.51833
2024-01-13 05:30:00,1.0,17.8,1.0161079688556067,19.617304404200016,14.110444221192546,-0.51833
2024-01-13 05:45:00,1.0,20.0,1.0161079688556067,19.538541424781368,14.102224517865915,-0.51833
2024-01-13 06:00:00,1.0,20.0,1.0161079688556067,19.946078857153275,14.094330800508898,-0.76333
2024-01-13 06:15:00,1.0,20.0,1.0161079688556067,20.479896081510667,14.093809358472425,-0.76333
2024-01-13 06:30:00,1.0,20.0,1.0161079688556067,20.394452558988032,14.095291528602976,-0.76333
2024-01-13 06:45:00,1.0,20.0,1.0161079688556067,20.305522171162487,14.095641214624537,-0.76333
2024-01-13 07:00:00,1.0,20.0,1.0161079688556067,20.217798588109204,14.093923778812378,-1.16
2024-01-13 07:15:00,1.0,20.0,1.0161079688556067,20.131247885178922,14.09005933831001,-1.16
2024-01-13 07:30:00,1.0,20.0,1.0161079688556067,20.04574577541274,14.085195909539301,-1.16
2024-01-13 07:45:00,1.0,20.0,1.0161079688556067,19.96126697222248,14.079363924625303,-1.16
2024-01-13 08:00:00,1.0,20.0,1.0161079688556067,19.88282650939063,14.072043360654742,-1.39333
2024-01-13 08:15:00,1.0,20.0,1.0161079688556067,19.81102299593696,14.063283808260355,-1.39333
2024-01-13 08:30:00,1.0,20.0,1.0161079688556067,19.740022591060768,14.05379281592877,-1.39333
2024-01-13 08:45:00,1.0,20.0,1.0161079688556067,19.669806333156156,14.04359310114169,-1.39333
2024-01-13 09:00:00,1.0,20.0,1.0161079688556067,19.603502057170317,14.032823520901836,-1.35
2024-01-13 09:15:00,1.0,20.0,1.0161079688556067,19.541488133807032,14.021573090466573,-1.35
2024-01-13 09:30:00,3.0,18.0,1.0161079688556067,19.71600645352521,14.010525292253536,-1.35
2024-01-13 09:45:00,1.0,17.0,1.0161079688556067,19.831597011617966,14.002697736040949,-1.35
2024-01-13 10:00:00,1.0,20.0,1.0161079688556067,19.767836454097925,13.99570035568822,-0.97667
2024-01-13 10:15:00,1.0,20.0,1.0161079688556067,19.706511724419602,13.989085138102666,-0.97667
2024-01-13 10:30:00,1.0,20.0,1.0161079688556067,19.64588331920818,13.981830047119931,-0.97667
2024-01-13 10:45:00,1.0,20.0,1.0161079688556067,19.585934729621272,13.973954879319821,-0.97667
2024-01-13 11:00:00,1.0,20.0,1.0161079688556067,19.527574105804547,13.968844258444726,0.405
2024-01-13 11:15:00,1.0,20.0,1.0161079688556067,19.956430379274607,13.96868087070203,0.405
2024-01-13 11:30:00,1.0,20.0,1.0161079688556067,20.51147201084286,13.97669495818343,0.405
2024-01-13 11:45:00,1.0,20.0,1.0161079688556067,20.447087046673957,13.986824648370117,0.405
2024-01-13 12:00:00,1.0,20.0,1.0161079688556067,20.37937824960468,14.000878764287396,2.438333
2024-01-13 12:15:00,1.0,20.0,1.0161079688556067,20.313088484105553,14.019476205615836,2.438333
2024-01-13 12:30:00,1.0,20.0,1.0161079688556067,20.247861206449876,14.036930698762205,2.438333
2024-01-13 12:45:00,1.0,20.0,1.0161079688556067,20.183669222210405,14.053275370169183,2.438333
2024-01-13 13:00:00,1.0,20.0,1.0161079688556067,20.120290268277298,14.07466964221947,4.956667
2024-01-13 13:15:00,1.0,20.0,1.0161079688556067,20.057776150188808,14.101868165760838,4.956667
2024-01-13 13:30:00,1.0,20.0,1.0161079688556067,19.996380231203375,14.127819530881686,4.956667
2024-01-13 13:45:00,1.0,20.0,1.0161079688556067,19.936073358211313,14.152559377061516,4.956667
2024-01-13 14:00:00,1.0,20.0,1.0161079688556067,19.875272307681573,14.180452124736652,6.738333
2024-01-13 14:15:00,1.0,20.0,1.0161079688556067,19.81382673699518,14.212018436452938,6.738333
2024-01-13 14:30:00,1.0,20.0,1.0161079688556067,19.753538396056523,14.242274208655497,6.738333
2024-01-13 14:45:00,1.0,20.0,1.0161079688556067,19.6943768753567,14.271256672696554,6.738333
2024-01-13 15:00:00,1.0,20.0,1.0161079688556067,19.631297405031873,14.299640960612356,7.008333000000001
2024-01-13 15:15:00,1.0,20.0,1.0161079688556067,19.563653227439023,14.327452462147104,7.008333000000001
2024-01-13 15:30:00,1.0,20.0,1.0161079688556067,19.626915695084232,14.354158873440019,7.008333000000001
2024-01-13 15:45:00,1.0,20.0,1.0161079688556067,20.37199689845881,14.385579150194612,7.008333000000001
2024-01-13 16:00:00,1.0,20.0,1.0161079688556067,20.459211518541725,14.421026067074914,6.356667
2024-01-13 16:15:00,1.0,20.0,1.0161079688556067,20.37780360611208,14.453499135040577,6.356667
2024-01-13 16:30:00,1.0,20.0,1.0161079688556067,20.297816407621884,14.484399740311398,6.356667
2024-01-13 16:45:00,1.0,20.0,1.0161079688556067,20.219213028517217,14.513772952136431,6.356667
2024-01-13 17:00:00,1.0,20.0,1.0161079688556067,20.141639979138862,14.538952350926655,5.243332999999999
2024-01-13 17:15:00,1.0,20.0,1.0161079688556067,20.064977392191153,14.559653702250872,5.243332999999999
2024-01-13 17:30:00,1.0,20.0,1.0161079688556067,19.989533848733423,14.579047389263598,5.243332999999999
2024-01-13 17:45:00,1.0,20.0,1.0161079688556067,19.91527819174753,14.597171354765656,5.243332999999999
2024-01-13 18:00:00,3.0,19.0,1.0161079688556067,19.841905302013917,14.611717403214348,4.28
2024-01-13 18:15:00,1.0,18.333333333333332,1.0161079688556067,19.76931218465381,14.622438596347283,4.28
2024-01-13 18:30:00,1.0,20.0,1.0161079688556067,19.69776654655268,14.632077194590323,4.28
2024-01-13 18:45:00,1.0,20.0,1.0161079688556067,19.6272421093134,14.640665081645526,4.28
2024-01-13 19:00:00,1.0,20.0,1.0161079688556067,19.55767574958887,14.647912735025118,4.148333
2024-01-13 19:15:00,1.0,20.0,1.0161079688556067,19.697386801226035,14.654274111340737,4.148333
2024-01-13 19:30:00,1.0,20.0,1.0161079688556067,20.42940551924888,14.666771555758372,4.148333
2024-01-13 19:45:00,1.0,20.0,1.0161079688556067,20.446396801257954,14.684073864743027,4.148333
2024-01-13 20:00:00,1.0,20.0,1.0161079688556067,20.366778621149713,14.6988803624041,3.568333
2024-01-13 20:15:00,1.0,20.0,1.0161079688556067,20.288151130495326,14.710841179525776,3.568333
2024-01-13 20:30:00,1.0,20.0,1.0161079688556067,20.210662383734107,14.721623303629707,3.568333
2024-01-13 20:45:00,1.0,20.0,1.0161079688556067,20.134283791545233,14.73126142746739,3.568333
2024-01-13 21:00:00,1.0,20.0,1.0161079688556067,20.058883894632537,14.738904803841821,3.205
2024-01-13 21:15:00,1.0,20.0,1.0161079688556067,19.984407913081135,14.744479565127419,3.205
2024-01-13 21:30:00,1.0,20.0,1.0161079688556067,19.910941315178857,14.749038723009972,3.205
2024-01-13 21:45:00,2.0,16.7,1.0161079688556067,19.83845911053523,14.752612517566456,3.205
2024-01-13 22:00:00,1.0,17.8,1.0161079688556067,19.76662936946223,14.752605311322657,2.126667
2024-01-13 22:15:00,1.0,20.0,1.0161079688556067,19.695346150886692,14.748729118194964,2.126667
2024-01-13 22:30:00,1.0,20.0,1.0161079688556067,19.62491821135925,14.744042310955129,2.126667
2024-01-13 22:45:00,1.0,20.0,1.0161079688556067,19.55532497660988,14.738569637695427,2.126667
2024-01-13 23:00:00,2.0,14.866666666666667,1.0161079688556067,19.486563546820935,14.732481220174042,2.186667
2024-01-13 23:15:00,2.0,14.5,1.0161079688556067,19.418619027381073,14.725818065372282,2.186667
2024-01-13 23:30:00,2.0,14.5,1.0161079688556067,19.351454012924613,14.718434289968043,2.186667
2024-01-13 23:45:00,2.0,14.5,1.0161079688556067,19.28504997066294,14.710352130912522,2.186667
2024-01-14 00:00:00,2.0,14.5,1.0161079688556067,19.219198687722287,14.699970306439948,1.52
2024-01-14 00:15:00,2.0,14.5,1.0161079688556067,19.153831745472075,14.68711411646768,1.52
2024-01-14 00:30:00,2.0,14.5,1.0161079688556067,19.08913718452863,14.67367761424749,1.52
2024-01-14 00:45:00,2.0,14.5,1.0161079688556067,19.02509951559434,14.659679257385248,1.52
2024-01-14 01:00:00,2.0,14.5,1.0161079688556067,18.961491139015678,14.643323398606865,0.775
2024-01-14 01:15:00,2.0,14.5,1.0161079688556067,18.898240536092032,14.624408766397876,0.775
2024-01-14 01:30:00,2.0,14.5,1.0161079688556067,18.83556264597506,14.605046086745153,0.775
2024-01-14 01:45:00,2.0,14.5,1.0161079688556067,18.773444831756095,14.585250270765345,0.775
2024-01-14 02:00:00,2.0,14.5,1.0161079688556067,18.71187859936223,14.565068269676905,0.788333
2024-01-14 02:15:00,2.0,14.5,1.0161079688556067,18.650852998650983,14.544518086179602,0.788333
2024-01-14 02:30:00,2.0,14.5,1.0161079688556067,18.590352280846712,14.523575942855405,0.788333
2024-01-14 02:45:00,2.0,14.5,1.0161079688556067,18.530365089022485,14.502255178326335,0.788333
2024-01-14 03:00:00,2.0,14.5,1.0161079688556067,18.470693516594487,14.47897425844942,0.133333
2024-01-14 03:15:00,2.0,14.5,1.0161079688556067,18.411276820890173,14.453553492037504,0.133333
2024-01-14 03:30:00,2.0,15.6,1.0161079688556067,18.421792870583317,14.427965587740532,0.133333
2024-01-14 03:45:00,2.0,14.5,1.0161079688556067,18.500483966855498,14.403924111682482,0.133333
2024-01-14 04:00:00,2.0,14.5,1.0161079688556067,18.439752681223297,14.379889671240413,0.011667
2024-01-14 04:15:00,1.0,17.433333333333334,1.0161079688556067,18.592105248834166,14.35599434375158,0.011667
2024-01-14 04:30:00,1.0,20.0,1.0161079688556067,19.355996611382942,14.33775884368746,0.011667
2024-01-14 04:45:00,1.0,18.533333333333335,1.0161079688556067,20.224237236052,14.330994377717307,0.011667
2024-01-14 05:00:00,1.0,20.0,1.0161079688556067,20.30624771922216,14.331227352848282,0.206667
2024-01-14 05:15:00,1.0,19.633333333333333,1.0161079688556067,20.221874524501576,14.331400244894345,0.206667
2024-01-14 05:30:00,1.0,20.0,1.0161079688556067,20.138570946564087,14.330530226890167,0.206667
2024-01-14 05:45:00,1.0,20.0,1.0161079688556067,20.056310904379504,14.328648759853534,0.206667
2024-01-14 06:00:00,1.0,19.266666666666666,1.0161079688556067,19.974914502443696,14.324467825097988,-0.335
2024-01-14 06:15:00,1.0,20.0,1.0161079688556067,19.894315720438943,14.317858141293945,-0.335
2024-01-14 06:30:00,1.0,20.0,1.0161079688556067,19.81465719552541,14.310370938915051,-0.335
2024-01-14 06:45:00,1.0,20.0,1.0161079688556067,19.735916473290818,14.302033185968515,-0.335
2024-01-14 07:00:00,1.0,20.0,1.0161079688556067,19.65829492502202,14.292819175199144,-0.35667
2024-01-14 07:15:00,1.0,20.0,1.0161079688556067,19.58179841105156,14.28275204766283,-0.35667
2024-01-14 07:30:00,1.0,20.0,1.0161079688556067,19.57567890414868,14.271995791885551,-0.35667
2024-01-14 07:45:00,1.0,20.0,1.0161079688556067,20.284732080050826,14.265323843415663,-0.35667
2024-01-14 08:00:00,1.0,20.0,1.0161079688556067,20.45841624705895,14.26599715138153,-0.27333
2024-01-14 08:15:00,1.0,20.0,1.0161079688556067,20.383400603391145,14.266763990139518,-0.27333
2024-01-14 08:30:00,1.0,20.0,1.0161079688556067,20.30934332555472,14.266592838854029,-0.27333
2024-01-14 08:45:00,1.0,20.0,1.0161079688556067,20.23622100246054,14.265511948552772,-0.27333
2024-01-14 09:00:00,1.0,20.0,1.0161079688556067,20.167351134084825,14.264043421770678,-0.075
2024-01-14 09:15:00,1.0,20.0,1.0161079688556067,20.10313849532881,14.262329632287281,-0.075
2024-01-14 09:30:00,1.0,20.0,1.0161079688556067,20.039717691398007,14.25985447323646,-0.075
2024-01-14 09:45:00,1.0,20.0,1.0161079688556067,19.97706954323368,14.256641047705958,-0.075
2024-01-14 10:00:00,1.0,20.0,1.0161079688556067,19.916736119199573,14.25551576066841,1.075
2024-01-14 10:15:00,1.0,20.0,1.0161079688556067,19.858941611967065,14.256859626920846,1.075
2024-01-14 10:30:00,1.0,20.0,1.0161079688556067,19.80189452159062,14.257467636518514,1.075
2024-01-14 10:45:00,1.0,20.0,1.0161079688556067,19.74557653796783,14.2573618979639,1.075
2024-01-14 11:00:00,1.0,20.0,1.0161079688556067,19.691110252615836,14.261661768237934,3.168333
2024-01-14 11:15:00,1.0,20.0,1.0161079688556067,19.63870621268231,14.271012202891711,3.168333
2024-01-14 11:30:00,1.0,20.0,1.0161079688556067,19.58707771644463,14.27955289249278,3.168333
2024-01-14 11:45:00,1.0,20.0,1.0161079688556067,19.536205208944853,14.28730758718254,3.168333
2024-01-14 12:00:00,1.0,20.0,1.0161079688556067,19.79173712075674,14.298136224935917,4.396667
2024-01-14 12:15:00,1.0,20.0,1.0161079688556067,20.49489086388202,14.319572489428634,4.396667
2024-01-14 12:30:00,1.0,20.0,1.0161079688556067,20.479467638919655,14.344698924500353,4.396667
2024-01-14 12:45:00,1.0,20.0,1.0161079688556067,20.418645304010678,14.368698245343905,4.396667
2024-01-14 13:00:00,1.0,20.0,1.0161079688556067,20.358739229939715,14.397334343222145,6.783333
2024-01-14 13:15:00,1.0,20.0,1.0161079688556067,20.299800887296858,14.431327045038124,6.783333
2024-01-14 13:30:00,1.0,20.0,1.0161079688556067,20.24201724436752,14.46399758296361,6.783333
2024-01-14 13:45:00,1.0,20.0,1.0161079688556067,20.18535778379696,14.495383360899803,6.783333
2024-01-14 14:00:00,1.0,20.0,1.0161079688556067,20.128132294010705,14.527712870831854,7.686667
2024-01-14 14:15:00,1.0,20.0,1.0161079688556067,20.070140286547613,14.5612531227703,7.686667
2024-01-14 14:30:00,1.0,20.0,1.0161079688556067,20.013285561643688,14.593490803901258,7.686667
2024-01-14 14:45:00,1.0,20.0,1.0161079688556067,19.95753805804747,14.624462760071443,7.686667
2024-01-14 15:00:00,1.0,20.0,1.0161079688556067,19.897504096220988,14.654011104796531,7.615
2024-01-14 15:15:00,1.0,20.0,1.0161079688556067,19.832479600086646,14.682056154168633,7.615
2024-01-14 15:30:00,1.0,20.0,1.0161079688556067,19.76861525062714,14.708808268923864,7.615
2024-01-14 15:45:00,1.0,20.0,1.0161079688556067,19.705880813238117,14.734304407818103,7.615
2024-01-14 16:00:00,1.0,20.0,1.0161079688556067,19.641325188066926,14.756355659968419,6.705
2024-01-14 16:15:00,1.0,20.0,1.0161079688556067,19.574516483289326,14.77468324737024,6.705
2024-01-14 16:30:00,1.0,20.0,1.0161079688556067,19.555140253266057,14.791904857463631,6.705
2024-01-14 16:45:00,1.0,20.0,1.0161079688556067,20.24711044649422,14.812254873068303,6.705
2024-01-14 17:00:00,1.0,20.0,1.0161079688556067,20.47646437583166,14.836671629184345,5.435
2024-01-14 17:15:00,1.0,20.0,1.0161079688556067,20.399266436594285,14.857278669477951,5.435
2024-01-14 17:30:00,1.0,20.0,1.0161079688556067,20.323293179730786,14.876573100281338,5.435
2024-01-14 17:45:00,1.0,20.0,1.0161079688556067,20.248513317379395,14.89459302056338,5.435
2024-01-14 18:00:00,1.0,20.0,1.0161079688556067,20.174494180963997,14.90794304294638,4.025
2024-01-14 18:15:00,1.0,20.0,1.0161079688556067,20.10109856473222,14.916245245816866,4.025
2024-01-14 18:30:00,1.0,20.0,1.0161079688556067,20.02873147764088,14.923497358871998,4.025
2024-01-14 18:45:00,1.0,20.0,1.0161079688556067,19.95736727214107,14.929730462567901,4.025
2024-01-14 19:00:00,1.0,20.0,1.0161079688556067,19.886703808744777,14.932609399320922,3.053333
2024-01-14 19:15:00,1.0,20.0,1.0161079688556067,19.816642665686526,14.931878293030028,3.053333
2024-01-14 19:30:00,1.0,20.0,1.0161079688556067,19.747459179018346,14.930296513029244,3.053333
2024-01-14 19:45:00,1.0,20.0,1.0161079688556067,19.679132009367553,14.92788978529853,3.053333
2024-01-14 20:00:00,1.0,20.0,1.0161079688556067,19.611438804128735,14.922962849809505,2.3466670000000005
2024-01-14 20:15:00,1.0,20.0,1.0161079688556067,19.54430543844273,14.915332563894639,2.3466670000000005
2024-01-14 20:30:00,1.0,20.0,1.0161079688556067,19.83877046516301,14.908109141819493,2.3466670000000005
2024-01-14 20:45:00,1.0,19.633333333333333,1.0161079688556067,20.487355623812867,14.908575563490945,2.3466670000000005
2024-01-14 21:00:00,1.0,20.0,1.0161079688556067,20.436395470770872,14.911434249705987,1.991667
2024-01-14 21:15:00,1.0,20.0,1.0161079688556067,20.35846506966244,14.912326908616647,1.991667
2024-01-14 21:30:00,1.0,17.8,1.0161079688556067,20.28153142730956,14.912243448631362,1.991667
2024-01-14 21:45:00,2.0,19.633333333333333,1.0161079688556067,20.205570188111853,14.911213262215211,1.991667
2024-01-14 22:00:00,2.0,14.5,1.0161079688556067,20.130204870522256,14.906254446644278,0.755
2024-01-14 22:15:00,2.0,14.5,1.0161079688556067,20.0553180491811,14.89703172981564,0.755
2024-01-14 22:30:00,2.0,14.5,1.0161079688556067,19.981267775640728,14.887047689508897,0.755
2024-01-14 22:45:00,2.0,14.5,1.0161079688556067,19.908034305663442,14.876325979081011,0.755
2024-01-14 23:00:00,2.0,14.5,1.0161079688556067,19.835150550755838,14.86106766504797,-0.815
2024-01-14 23:15:00,2.0,14.5,1.0161079688556067,19.762478007620338,14.840834187967708,-0.815
2024-01-14 23:30:00,2.0,14.5,1.0161079688556067,19.690481521408454,14.82005965455928,-0.815
2024-01-14 23:45:00,2.0,14.5,1.0161079688556067,19.619146028619348,14.798761879722921,-0.815
