,Occupancy,T_ref_WB,T_set_WB,P_use_WB,P_loss_WB,SoC_ref_EV,SoC_arr_EV,EV_plugged,EV_arrival,EV_departure
2024-01-01 00:00:00,1.0,59.834399999999995,60.0,0.2567413333333333,0.0,0.0,0.0,0,0,0
2024-01-01 00:15:00,1.0,59.7056,60.0,0.2567413333333333,0.0,0.0,0.0,0,0,0
2024-01-01 00:30:00,1.0,59.44799999999999,60.0,0.0,0.0,0.0,0.0,0,0,0
2024-01-01 00:45:00,1.0,59.44799999999999,60.0,0.0,0.0,0.0,0.0,0,0,0
2024-01-01 01:00:00,2.0,59.44799999999999,60.0,0.0,0.0,0.0,0.0,0,0,0
2024-01-01 01:15:00,2.0,59.44799999999999,60.0,0.0,0.0,0.0,0.0,0,0,0
2024-01-01 01:30:00,2.0,57.5867420926899,60.0,4.878085333333334,0.0,0.0,0.0,0,0,0
2024-01-01 01:45:00,2.0,57.59564300047774,60.0,0.5134826666666666,0.0,0.0,0.0,0,0,0
2024-01-01 02:00:00,2.0,60.0110788342092,60.0,1.0269653333333333,0.0,0.0,0.0,0,0,0
2024-01-01 02:15:00,2.0,60.92729555661721,60.0,1.5404480000000003,0.0,0.0,0.0,0,0,0
2024-01-01 02:30:00,2.0,59.492095556617215,60.0,0.0,0.0,0.0,0.0,0,0,0
2024-01-01 02:45:00,2.0,59.492095556617215,60.0,0.0,0.0,0.0,0.0,0,0,0
2024-01-01 03:00:00,2.0,59.32242904921157,60.0,0.5134826666666666,0.0,0.0,0.0,0,0,0
2024-01-01 03:15:00,2.0,60.40251466794065,60.0,0.2567413333333333,0.0,0.0,0.0,0,0,0
2024-01-01 03:30:00,2.0,60.863521834686935,60.0,0.5134826666666666,0.0,0.0,0.0,0,0,0
2024-01-01 03:45:00,1.0,59.70085962732907,60.0,2.053930666666667,0.0,0.0,0.0,0,0,0
2024-01-01 04:00:00,2.0,60.825154323936786,60.0,0.770224,0.0,0.0,0.0,0,0,0
2024-01-01 04:15:00,2.0,60.343493549928176,60.0,3.337637333333334,0.0,0.0,0.0,0,0,0
2024-01-01 04:30:00,2.0,57.9033815575727,60.0,3.594378666666667,0.0,0.0,0.0,0,0,0
2024-01-01 04:45:00,2.0,58.27641739130415,60.0,0.5134826666666666,0.0,0.0,0.0,0,0,0
2024-01-01 05:00:00,2.0,60.74624749163857,60.0,0.0,0.0,0.0,0.0,0,0,0
2024-01-01 05:15:00,1.0,59.184463258480406,60.0,3.0808960000000005,0.0,0.0,0.0,0,0,0
2024-01-01 05:30:00,1.0,61.08928810320087,60.0,0.2567413333333333,0.0,0.0,0.0,0,0,0
2024-01-01 05:45:00,1.0,60.64168905876704,60.0,0.2567413333333333,0.0,0.0,0.0,0,0,0
2024-01-01 06:00:00,1.0,60.40248905876704,60.0,0.770224,0.0,0.7240000000000001,0.7145,1,1,0
2024-01-01 06:15:00,2.0,59.44162255136139,60.0,1.0269653333333333,0.0,0.7952500000000006,0.0,1,0,0
2024-01-01 06:30:00,2.0,59.522310559005895,60.0,1.5404480000000003,0.0,0.8000000000000006,0.0,1,0,0
2024-01-01 06:45:00,2.0,59.74814639273735,60.0,3.8511200000000003,0.0,0.8000000000000006,0.0,1,0,0
2024-01-01 07:00:00,3.0,60.764376493071765,60.0,0.2567413333333333,0.0,0.8000000000000006,0.0,1,0,0
2024-01-01 07:15:00,3.0,60.78937983755337,60.0,0.0,0.0,0.8000000000000006,0.0,1,0,0
2024-01-01 07:30:00,3.0,60.73417983755337,60.0,0.2567413333333333,0.0,0.8000000000000006,0.0,1,0,0
2024-01-01 07:45:00,3.0,60.513379837553366,60.0,0.0,0.0,0.8000000000000006,0.0,1,0,0
2024-01-01 08:00:00,3.0,60.513379837553366,60.0,0.0,0.0,0.8000000000000006,0.0,1,0,0
2024-01-01 08:15:00,3.0,59.256382226468794,60.0,3.337637333333334,0.0,0.8000000000000006,0.0,1,0,0
2024-01-01 08:30:00,3.0,59.518010893453955,60.0,0.2567413333333333,0.0,0.8000000000000006,0.0,1,0,0
2024-01-01 08:45:00,3.0,61.146030004777394,60.0,0.2567413333333333,0.0,0.8000000000000006,0.0,1,0,1
2024-01-01 09:00:00,3.0,60.88843000477739,60.0,0.0,0.0,0.0,0.0,0,0,0
2024-01-01 09:15:00,3.0,60.88843000477739,60.0,0.0,0.0,0.0,0.0,0,0,0
2024-01-01 09:30:00,3.0,60.88843000477739,60.0,0.0,0.0,0.0,0.0,0,0,0
2024-01-01 09:45:00,3.0,60.46523000477738,60.0,0.5134826666666666,0.0,0.0,0.0,0,0,0
2024-01-01 10:00:00,1.0,60.336430004777384,60.0,0.0,0.0,0.0,0.0,0,0,0
2024-01-01 10:15:00,1.0,60.26283000477738,60.0,0.2567413333333333,0.0,0.0,0.0,0,0,0
2024-01-01 10:30:00,1.0,60.06043000477738,60.0,0.0,0.0,0.0,0.0,0,0,0
2024-01-01 10:45:00,3.0,60.005230004777374,60.0,0.5134826666666666,0.0,0.0,0.0,0,0,0
2024-01-01 11:00:00,1.0,59.508430004777374,60.0,0.0,0.0,0.0,0.0,0,0,0
2024-01-01 11:15:00,1.0,59.9801070234109,60.0,0.5134826666666666,0.0,0.0,0.0,0,0,0
2024-01-01 11:30:00,3.0,60.68325389393166,60.0,3.337637333333334,0.0,0.0,0.0,0,0,0
2024-01-01 11:45:00,1.0,59.2384730052551,60.0,0.0,0.0,0.0,0.0,0,0,0
2024-01-01 12:00:00,1.0,61.030361012899604,60.0,0.2567413333333333,0.0,0.7287500000000002,0.7050000000000001,1,1,0
2024-01-01 12:15:00,1.0,59.90389450549397,60.0,1.5404480000000003,0.0,0.8000000000000007,0.0,1,0,0
2024-01-01 12:30:00,1.0,59.59190023889099,60.0,0.2567413333333333,0.0,0.8000000000000007,0.0,1,0,0
2024-01-01 12:45:00,3.0,61.1011849020539,60.0,0.0,0.0,0.8000000000000007,0.0,1,0,0
2024-01-01 13:00:00,3.0,60.33671935021443,60.0,2.053930666666667,0.0,0.8000000000000007,0.0,1,0,0
2024-01-01 13:15:00,2.0,60.71394132823639,60.0,0.2567413333333333,0.0,0.8000000000000007,0.0,1,0,0
2024-01-01 13:30:00,1.0,61.21154706163342,60.0,0.0,0.0,0.8000000000000007,0.0,1,0,0
2024-01-01 13:45:00,1.0,60.085281987577034,60.0,3.337637333333334,0.0,0.8000000000000007,0.0,1,0,0
2024-01-01 14:00:00,1.0,60.11757477305241,60.0,0.0,0.0,0.8000000000000007,0.0,1,0,0
2024-01-01 14:15:00,1.0,61.0635852842803,60.0,0.0,0.0,0.8000000000000007,0.0,1,0,0
2024-01-01 14:30:00,1.0,59.24959579550819,60.0,3.0808960000000005,0.0,0.8000000000000007,0.0,1,0,0
2024-01-01 14:45:00,1.0,60.99308858098356,60.0,0.5134826666666666,0.0,0.8000000000000007,0.0,1,0,0
2024-01-01 15:00:00,3.0,60.63962350692717,60.0,0.0,0.0,0.8000000000000007,0.0,1,0,0
2024-01-01 15:15:00,3.0,60.28402446249334,60.0,1.5404480000000003,0.0,0.8000000000000007,0.0,1,0,0
2024-01-01 15:30:00,2.0,60.83264405159987,60.0,0.0,0.0,0.8000000000000007,0.0,1,0,0
2024-01-01 15:45:00,2.0,60.067454562827756,60.0,3.594378666666667,0.0,0.8000000000000007,0.0,1,0,0
2024-01-01 16:00:00,1.0,59.89388514094526,60.0,3.0808960000000005,0.0,0.8000000000000007,0.0,1,0,0
2024-01-01 16:15:00,1.0,54.89931428571351,60.0,6.161792000000001,0.0,0.8000000000000007,0.0,1,0,0
2024-01-01 16:30:00,1.0,55.32755011944496,60.0,1.7971893333333335,0.0,0.8000000000000007,0.0,1,0,0
2024-01-01 16:45:00,1.0,57.54058595317641,60.0,1.5404480000000003,0.0,0.8000000000000007,0.0,1,0,0
2024-01-01 17:00:00,1.0,59.25682178690786,60.0,0.770224,0.0,0.8000000000000007,0.0,1,0,0
2024-01-01 17:15:00,1.0,61.0495155279494,60.0,0.0,0.0,0.8000000000000007,0.0,1,0,0
2024-01-01 17:30:00,1.0,55.94985762063932,60.0,10.269653333333334,0.0,0.8000000000000007,0.0,1,0,0
2024-01-01 17:45:00,1.0,53.36629106545534,60.0,0.770224,0.0,0.8000000000000007,0.0,1,0,0
2024-01-01 18:00:00,1.0,55.8185268991868,60.0,0.5134826666666666,0.0,0.8000000000000007,0.0,1,0,0
2024-01-01 18:15:00,1.0,58.85956273291825,60.0,0.2567413333333333,0.0,0.8000000000000007,0.0,1,0,0
2024-01-01 18:30:00,1.0,61.03865647395979,60.0,0.0,0.0,0.8000000000000007,0.0,1,0,0
2024-01-01 18:45:00,1.0,61.18199139990341,60.0,0.0,0.0,0.8000000000000007,0.0,1,0,0
2024-01-01 19:00:00,1.0,61.10839139990341,60.0,0.2567413333333333,0.0,0.8000000000000007,0.0,1,0,0
2024-01-01 19:15:00,1.0,60.90599139990341,60.0,0.0,0.0,0.8000000000000007,0.0,1,0,0
2024-01-01 19:30:00,1.0,60.6851913999034,60.0,0.2567413333333333,0.0,0.8000000000000007,0.0,1,0,0
2024-01-01 19:45:00,1.0,60.3907913999034,60.0,0.5134826666666666,0.0,0.8000000000000007,0.0,1,0,0
2024-01-01 20:00:00,1.0,60.077991399903404,60.0,0.0,0.0,0.8000000000000007,0.0,1,0,0
2024-01-01 20:15:00,1.0,59.69920191113128,60.0,1.5404480000000003,0.0,0.8000000000000007,0.0,1,0,0
2024-01-01 20:30:00,1.0,60.85482006688856,60.0,0.2567413333333333,0.0,0.8000000000000007,0.0,1,0,0
2024-01-01 20:45:00,1.0,60.33962006688854,60.0,0.5134826666666666,0.0,0.8000000000000007,0.0,1,0,0
2024-01-01 21:00:00,1.0,60.02682006688854,60.0,0.2567413333333333,0.0,0.8000000000000007,0.0,1,0,0
2024-01-01 21:15:00,1.0,59.47482006688854,60.0,0.5134826666666666,0.0,0.8000000000000007,0.0,1,0,0
2024-01-01 21:30:00,2.0,59.346020066888535,60.0,0.2567413333333333,0.0,0.8000000000000007,0.0,1,0,0
2024-01-01 21:45:00,1.0,60.073767415192385,60.0,0.2567413333333333,0.0,0.8000000000000007,0.0,1,0,0
2024-01-01 22:00:00,1.0,61.159046344958256,60.0,1.5404480000000003,0.0,0.8000000000000007,0.0,1,0,0
2024-01-01 22:15:00,1.0,59.974723363591785,60.0,2.053930666666667,0.0,0.8000000000000007,0.0,1,0,0
2024-01-01 22:30:00,2.0,59.203818060199495,60.0,1.5404480000000003,0.0,0.8000000000000007,0.0,1,0,0
2024-01-01 22:45:00,2.0,60.72377257524963,60.0,0.5134826666666666,0.0,0.8000000000000007,0.0,1,0,0
2024-01-01 23:00:00,2.0,60.462106067844,60.0,0.0,0.0,0.8000000000000007,0.0,1,0,0
2024-01-01 23:15:00,2.0,59.98451180124103,60.0,1.5404480000000003,0.0,0.8000000000000007,0.0,1,0,0
2024-01-01 23:30:00,2.0,60.68653186813063,60.0,0.770224,0.0,0.8000000000000007,0.0,1,0,0
2024-01-01 23:45:00,2.0,60.103932345913705,60.0,0.2567413333333333,0.0,0.8000000000000007,0.0,1,0,0
2024-01-02 00:00:00,2.0,59.93833234591371,60.0,0.5134826666666666,0.0,0.8000000000000007,0.0,1,0,0
2024-01-02 00:15:00,2.0,59.257532345913695,60.0,0.2567413333333333,0.0,0.8000000000000007,0.0,1,0,0
2024-01-02 00:30:00,2.0,59.239132345913696,60.0,0.0,0.0,0.8000000000000007,0.0,1,0,0
2024-01-02 00:45:00,2.0,59.19633330147987,60.0,0.5134826666666666,0.0,0.8000000000000007,0.0,1,0,0
2024-01-02 01:00:00,2.0,60.63282369803981,60.0,0.5134826666666666,0.0,0.8000000000000007,0.0,1,0,0
2024-01-02 01:15:00,2.0,61.14516579072972,60.0,0.0,0.0,0.8000000000000007,0.0,1,0,0
2024-01-02 01:30:00,2.0,61.14516579072972,60.0,0.0,0.0,0.8000000000000007,0.0,1,0,0
2024-01-02 01:45:00,2.0,60.64836579072971,60.0,0.5134826666666666,0.0,0.8000000000000007,0.0,1,0,0
2024-01-02 02:00:00,2.0,59.94530071667334,60.0,1.7971893333333335,0.0,0.8000000000000007,0.0,1,0,0
2024-01-02 02:15:00,2.0,60.39865953177126,60.0,1.2837066666666668,0.0,0.8000000000000007,0.0,1,0,0
2024-01-02 02:30:00,2.0,60.50620162446116,60.0,0.0,0.0,0.8000000000000007,0.0,1,0,0
2024-01-02 02:45:00,2.0,60.50620162446116,60.0,0.0,0.0,0.8000000000000007,0.0,1,0,0
2024-01-02 03:00:00,2.0,60.50620162446116,60.0,0.0,0.0,0.8000000000000007,0.0,1,0,0
2024-01-02 03:15:00,2.0,60.50620162446116,60.0,0.0,0.0,0.8000000000000007,0.0,1,0,0
2024-01-02 03:30:00,2.0,60.50620162446116,60.0,0.0,0.0,0.8000000000000007,0.0,1,0,0
2024-01-02 03:45:00,2.0,60.50620162446116,60.0,0.0,0.0,0.8000000000000007,0.0,1,0,0
2024-01-02 04:00:00,1.0,60.50620162446116,60.0,0.0,0.0,0.8000000000000007,0.0,1,0,0
2024-01-02 04:15:00,1.0,60.26700162446116,60.0,0.2567413333333333,0.0,0.8000000000000007,0.0,1,0,0
2024-01-02 04:30:00,1.0,59.53720210224424,60.0,1.2837066666666668,0.0,0.8000000000000007,0.0,1,0,0
2024-01-02 04:45:00,1.0,60.5988877209733,60.0,0.0,0.0,0.8000000000000007,0.0,1,0,0
2024-01-02 05:00:00,1.0,60.448225513615434,60.0,1.7971893333333335,0.0,0.8000000000000007,0.0,1,0,0
2024-01-02 05:15:00,2.0,58.81163268036173,60.0,2.053930666666667,0.0,0.8000000000000007,0.0,1,0,0
2024-01-02 05:30:00,2.0,60.371931199234126,60.0,0.0,0.0,0.8000000000000007,0.0,1,0,0
2024-01-02 05:45:00,2.0,61.160273291924035,60.0,0.0,0.0,0.8000000000000007,0.0,1,0,0
2024-01-02 06:00:00,2.0,60.10567568083946,60.0,5.391568000000001,0.0,0.8000000000000007,0.0,1,0,0
2024-01-02 06:15:00,1.0,56.04330434782462,60.0,3.594378666666667,0.0,0.8000000000000007,0.0,1,0,0
2024-01-02 06:30:00,1.0,57.29954018155608,60.0,0.2567413333333333,0.0,0.8000000000000007,0.0,1,0,0
2024-01-02 06:45:00,1.0,60.32604108934391,60.0,0.0,0.0,0.8000000000000007,0.0,1,0,0
2024-01-02 07:00:00,1.0,60.985583182033814,60.0,0.5134826666666666,0.0,0.8000000000000007,0.0,1,0,0
2024-01-02 07:15:00,1.0,60.56238318203381,60.0,0.2567413333333333,0.0,0.8000000000000007,0.0,1,0,0
2024-01-02 07:30:00,1.0,60.2311831820338,60.0,0.5134826666666666,0.0,0.8000000000000007,0.0,1,0,0
2024-01-02 07:45:00,2.0,59.255983182033795,60.0,0.5134826666666666,0.0,0.8000000000000007,0.0,1,0,0
2024-01-02 08:00:00,2.0,59.85239369326168,60.0,0.770224,0.0,0.8000000000000007,0.0,1,0,0
2024-01-02 08:15:00,2.0,61.13508074534003,60.0,0.0,0.0,0.8000000000000007,0.0,1,0,1
2024-01-02 08:30:00,2.0,60.855014237934384,60.0,0.5134826666666666,0.0,0.0,0.0,0,0,0
2024-01-02 08:45:00,2.0,60.10061423793437,60.0,0.5134826666666666,0.0,0.0,0.0,0,0,0
2024-01-02 09:00:00,2.0,60.045414237934374,60.0,0.0,0.0,0.0,0.0,0,0,0
2024-01-02 09:15:00,2.0,60.045414237934374,60.0,0.0,0.0,0.0,0.0,0,0,0
2024-01-02 09:30:00,2.0,60.045414237934374,60.0,0.0,0.0,0.0,0.0,0,0,0
2024-01-02 09:45:00,2.0,59.17674916387799,60.0,3.337637333333334,0.0,0.8000000000000002,0.7857500000000001,1,1,0
2024-01-02 10:00:00,1.0,57.82304290491954,60.0,1.5404480000000003,0.0,0.8000000000000002,0.0,1,0,0
2024-01-02 10:15:00,1.0,60.391476349735555,60.0,0.0,0.0,0.8000000000000002,0.0,1,0,0
2024-01-02 10:30:00,1.0,60.3700170090762,60.0,3.8511200000000003,0.0,0.8000000000000002,0.0,1,0,0
2024-01-02 10:45:00,1.0,58.573905016720715,60.0,0.2567413333333333,0.0,0.8000000000000002,0.0,1,0,0
2024-01-02 11:00:00,1.0,60.99219875776225,60.0,0.0,0.0,0.8000000000000002,0.0,1,0,1
2024-01-02 11:15:00,1.0,60.69393368370587,60.0,4.6213440000000015,0.0,0.0,0.0,0,0,0
2024-01-02 11:30:00,3.0,57.44595279502932,60.0,1.5404480000000003,0.0,0.0,0.0,0,0,0
2024-01-02 11:45:00,1.0,59.45658862876076,60.0,0.0,0.0,0.8000000000000002,0.7905000000000001,1,1,0
2024-01-02 12:00:00,1.0,60.6798077400842,60.0,0.5134826666666666,0.0,0.8000000000000002,0.0,1,0,0
2024-01-02 12:15:00,3.0,60.198549832774106,60.0,1.5404480000000003,0.0,0.8000000000000002,0.0,1,0,0
2024-01-02 12:30:00,3.0,60.91623162923849,60.0,0.2567413333333333,0.0,0.8000000000000002,0.0,1,0,0
2024-01-02 12:45:00,3.0,60.84263162923849,60.0,0.0,0.0,0.8000000000000002,0.0,1,0,0
2024-01-02 13:00:00,3.0,60.62183162923849,60.0,1.5404480000000003,0.0,0.8000000000000002,0.0,1,0,1
2024-01-02 13:15:00,1.0,59.18663162923849,60.0,0.0,0.0,0.0,0.0,0,0,0
2024-01-02 13:30:00,1.0,59.18663162923849,60.0,0.0,0.0,0.0,0.0,0,0,0
2024-01-02 13:45:00,1.0,59.237966555182105,60.0,0.2567413333333333,0.0,0.0,0.0,0,0,0
2024-01-02 14:00:00,1.0,59.66906029622365,60.0,3.594378666666667,0.0,0.0,0.0,0,0,0
2024-01-02 14:15:00,1.0,60.452693741039674,60.0,0.770224,0.0,0.0,0.0,0,0,0
2024-01-02 14:30:00,1.0,60.45370090778595,60.0,0.0,0.0,0.0,0.0,0,0,0
2024-01-02 14:45:00,1.0,60.41690090778596,60.0,0.2567413333333333,0.0,0.0,0.0,0,0,0
2024-01-02 15:00:00,1.0,60.177700907785955,60.0,0.0,0.0,0.0,0.0,0,0,0
2024-01-02 15:15:00,1.0,60.177700907785955,60.0,0.0,0.0,0.0,0.0,0,0,0
2024-01-02 15:30:00,1.0,60.177700907785955,60.0,0.0,0.0,0.0,0.0,0,0,0
2024-01-02 15:45:00,1.0,60.177700907785955,60.0,0.0,0.0,0.0,0.0,0,0,0
2024-01-02 16:00:00,1.0,59.552906641182986,60.0,1.7971893333333335,0.0,0.0,0.0,0,0,0
2024-01-02 16:15:00,1.0,60.89739703774293,60.0,0.0,0.0,0.0,0.0,0,0,0
2024-01-02 16:30:00,1.0,59.17794438604678,60.0,3.0808960000000005,0.0,0.0,0.0,0,0,0
2024-01-02 16:45:00,1.0,61.08276923076725,60.0,0.0,0.0,0.0,0.0,0,0,0
2024-01-02 17:00:00,1.0,61.095170186333426,60.0,0.2567413333333333,0.0,0.0,0.0,0,0,0
2024-01-02 17:15:00,1.0,60.89277018633342,60.0,0.0,0.0,0.0,0.0,0,0,0
2024-01-02 17:30:00,1.0,60.855970186333415,60.0,0.2567413333333333,0.0,0.0,0.0,0,0,0
2024-01-02 17:45:00,1.0,60.61677018633342,60.0,0.0,0.0,0.0,0.0,0,0,0
2024-01-02 18:00:00,1.0,60.61677018633342,60.0,0.0,0.0,0.0,0.0,0,0,0
2024-01-02 18:15:00,1.0,60.17517018633341,60.0,1.2837066666666668,0.0,0.0,0.0,0,0,0
2024-01-02 18:30:00,1.0,59.58717591973043,60.0,0.2567413333333333,0.0,0.0,0.0,0,0,0
2024-01-02 18:45:00,1.0,60.98606058289333,60.0,1.5404480000000003,0.0,0.0,0.0,0,0,0
2024-01-02 19:00:00,1.0,59.28919407548769,60.0,0.2567413333333333,0.0,0.0,0.0,0,0,0
2024-01-02 19:15:00,1.0,58.49199503105387,60.0,3.0808960000000005,0.0,0.0,0.0,0,0,0
2024-01-02 19:30:00,1.0,57.75342035355743,60.0,1.2837066666666668,0.0,0.0,0.0,0,0,0
2024-01-02 19:45:00,1.0,58.678456187288894,60.0,4.107861333333334,0.0,0.0,0.0,0,0,0
2024-01-02 20:00:00,1.0,58.75709202102036,60.0,0.5134826666666666,0.0,0.0,0.0,0,0,0
2024-01-02 20:15:00,1.0,60.91392068800552,60.0,0.0,0.0,0.0,0.0,0,0,0
2024-01-02 20:30:00,1.0,60.79772307692095,60.0,1.7971893333333335,0.0,0.0,0.0,0,0,0
2024-01-02 20:45:00,2.0,59.196923076920946,60.0,0.0,0.0,0.0,0.0,0,0,0
2024-01-02 21:00:00,2.0,58.72512642140255,60.0,1.5404480000000003,0.0,0.0,0.0,0,0,0
2024-01-02 21:15:00,1.0,60.334021595793345,60.0,0.2567413333333333,0.0,0.0,0.0,0,0,0
2024-01-02 21:30:00,1.0,60.90156368848325,60.0,0.5134826666666666,0.0,0.0,0.0,0,0,0
2024-01-02 21:45:00,1.0,60.349563688483244,60.0,0.2567413333333333,0.0,0.0,0.0,0,0,0
2024-01-02 22:00:00,2.0,60.09196368848324,60.0,0.0,0.0,0.0,0.0,0,0,0
2024-01-02 22:15:00,2.0,60.09196368848324,60.0,0.0,0.0,0.0,0.0,0,0,0
2024-01-02 22:30:00,2.0,59.99996368848324,60.0,0.5134826666666666,0.0,0.0,0.0,0,0,0
2024-01-02 22:45:00,2.0,59.53996368848323,60.0,0.0,0.0,0.0,0.0,0,0,0
2024-01-02 23:00:00,2.0,59.503163688483234,60.0,0.2567413333333333,0.0,0.0,0.0,0,0,0
2024-01-02 23:15:00,2.0,59.907642618249106,60.0,0.5134826666666666,0.0,0.6765000000000001,0.667,1,1,0
2024-01-02 23:30:00,2.0,60.96658996655296,60.0,3.0808960000000005,0.0,0.7477500000000006,0.0,1,0,0
2024-01-02 23:45:00,2.0,59.27000668896097,60.0,0.0,0.0,0.8000000000000009,0.0,1,0,0
2024-01-03 00:00:00,2.0,61.15389469660547,60.0,0.2567413333333333,0.0,0.8000000000000009,0.0,1,0,0
2024-01-03 00:15:00,2.0,60.50582818919983,60.0,0.5134826666666666,0.0,0.8000000000000009,0.0,1,0,0
2024-01-03 00:30:00,2.0,60.37702818919983,60.0,0.0,0.0,0.8000000000000009,0.0,1,0,0
2024-01-03 00:45:00,2.0,60.17462818919982,60.0,0.5134826666666666,0.0,0.8000000000000009,0.0,1,0,0
2024-01-03 01:00:00,2.0,59.82502818919982,60.0,0.0,0.0,0.8000000000000009,0.0,1,0,0
2024-01-03 01:15:00,2.0,59.82502818919982,60.0,0.0,0.0,0.8000000000000009,0.0,1,0,0
2024-01-03 01:30:00,2.0,59.69622818919982,60.0,0.2567413333333333,0.0,0.8000000000000009,0.0,1,0,0
2024-01-03 01:45:00,2.0,59.54902818919982,60.0,0.0,0.0,0.8000000000000009,0.0,1,0,0
2024-01-03 02:00:00,2.0,59.54902818919982,60.0,0.0,0.0,0.8000000000000009,0.0,1,0,0
2024-01-03 02:15:00,2.0,59.54902818919982,60.0,0.0,0.0,0.8000000000000009,0.0,1,0,0
2024-01-03 02:30:00,2.0,59.54902818919982,60.0,0.0,0.0,0.8000000000000009,0.0,1,0,0
2024-01-03 02:45:00,2.0,59.54902818919982,60.0,0.0,0.0,0.8000000000000009,0.0,1,0,0
2024-01-03 03:00:00,2.0,59.50643057811524,60.0,0.5134826666666666,0.0,0.8000000000000009,0.0,1,0,0
2024-01-03 03:15:00,1.0,61.00371715241049,60.0,0.0,0.0,0.8000000000000009,0.0,1,0,0
2024-01-03 03:30:00,2.0,61.14705207835411,60.0,0.0,0.0,0.8000000000000009,0.0,1,0,0
2024-01-03 03:45:00,2.0,60.889452078354104,60.0,0.2567413333333333,0.0,0.8000000000000009,0.0,1,0,0
2024-01-03 04:00:00,2.0,60.871052078354104,60.0,0.0,0.0,0.8000000000000009,0.0,1,0,0
2024-01-03 04:15:00,1.0,60.7238520783541,60.0,0.2567413333333333,0.0,0.8000000000000009,0.0,1,0,0
2024-01-03 04:30:00,1.0,60.2086520783541,60.0,0.5134826666666666,0.0,0.8000000000000009,0.0,1,0,0
2024-01-03 04:45:00,2.0,59.87745207835409,60.0,0.2567413333333333,0.0,0.8000000000000009,0.0,1,0,0
2024-01-03 05:00:00,2.0,59.52785207835409,60.0,0.2567413333333333,0.0,0.8000000000000009,0.0,1,0,0
2024-01-03 05:15:00,1.0,59.39905207835409,60.0,0.2567413333333333,0.0,0.8000000000000009,0.0,1,0,0
2024-01-03 05:30:00,2.0,58.28325542283569,60.0,3.594378666666667,0.0,0.8000000000000009,0.0,1,0,0
2024-01-03 05:45:00,2.0,58.195485523170106,60.0,0.5134826666666666,0.0,0.8000000000000009,0.0,1,0,0
2024-01-03 06:00:00,1.0,60.63278356425942,60.0,0.0,0.0,0.8000000000000009,0.0,1,0,0
2024-01-03 06:15:00,1.0,60.53732135690155,60.0,0.5134826666666666,0.0,0.8000000000000009,0.0,1,0,0
2024-01-03 06:30:00,2.0,60.48212135690155,60.0,0.0,0.0,0.8000000000000009,0.0,1,0,0
2024-01-03 06:45:00,2.0,60.03472374581698,60.0,1.5404480000000003,0.0,0.8000000000000009,0.0,1,0,0
2024-01-03 07:00:00,2.0,60.97614524605585,60.0,0.0,0.0,0.8000000000000009,0.0,1,0,0
2024-01-03 07:15:00,2.0,61.02554763497128,60.0,0.2567413333333333,0.0,0.8000000000000009,0.0,1,0,0
2024-01-03 07:30:00,2.0,59.479947634971275,60.0,1.5404480000000003,0.0,0.8000000000000009,0.0,1,0,0
2024-01-03 07:45:00,1.0,59.25914763497128,60.0,0.0,0.0,0.8000000000000009,0.0,1,0,0
2024-01-03 08:00:00,2.0,59.25914763497128,60.0,0.0,0.0,0.8000000000000009,0.0,1,0,0
2024-01-03 08:15:00,2.0,59.25914763497128,60.0,0.0,0.0,0.8000000000000009,0.0,1,0,0
2024-01-03 08:30:00,2.0,59.25914763497128,60.0,0.0,0.0,0.8000000000000009,0.0,1,0,0
2024-01-03 08:45:00,2.0,59.25914763497128,60.0,0.0,0.0,0.8000000000000009,0.0,1,0,0
2024-01-03 09:00:00,2.0,59.25914763497128,60.0,0.0,0.0,0.8000000000000009,0.0,1,0,0
2024-01-03 09:15:00,2.0,59.25914763497128,60.0,0.0,0.0,0.8000000000000009,0.0,1,0,0
2024-01-03 09:30:00,2.0,57.80655480171757,60.0,3.0808960000000005,0.0,0.8000000000000009,0.0,1,0,0
2024-01-03 09:45:00,2.0,56.84218824653359,60.0,3.0808960000000005,0.0,0.8000000000000009,0.0,1,0,1
2024-01-03 10:00:00,1.0,59.515224080265035,60.0,0.0,0.0,0.0,0.0,0,0,0
2024-01-03 10:15:00,1.0,59.236246536070084,60.0,3.594378666666667,0.0,0.0,0.0,0,0,0
2024-01-03 10:30:00,1.0,60.27727854753685,60.0,0.770224,0.0,0.0,0.0,0,0,0
2024-01-03 10:45:00,3.0,59.32269431437869,60.0,3.594378666666667,0.0,0.0,0.0,0,0,0
2024-01-03 11:00:00,3.0,59.94632393693001,60.0,0.0,0.0,0.0,0.0,0,0,0
2024-01-03 11:15:00,1.0,59.97587845198015,60.0,2.5674133333333335,0.0,0.0,0.0,0,0,0
2024-01-03 11:30:00,1.0,60.81716693740774,60.0,0.5134826666666666,0.0,0.0,0.0,0,0,0
2024-01-03 11:45:00,1.0,60.54736741519083,60.0,0.0,0.0,0.0,0.0,0,0,0
2024-01-03 12:00:00,1.0,60.13584443382435,60.0,2.053930666666667,0.0,0.0,0.0,0,0,0
2024-01-03 12:15:00,1.0,59.90820181557301,60.0,1.7971893333333335,0.0,0.0,0.0,0,0,0
2024-01-03 12:30:00,1.0,61.00861997133028,60.0,0.2567413333333333,0.0,0.0,0.0,0,0,0
2024-01-03 12:45:00,1.0,60.82461997133028,60.0,0.5134826666666666,0.0,0.0,0.0,0,0,0
2024-01-03 13:00:00,1.0,60.25421997133027,60.0,0.2567413333333333,0.0,0.0,0.0,0,0,0
2024-01-03 13:15:00,1.0,60.01501997133027,60.0,0.5134826666666666,0.0,0.0,0.0,0,0,0
2024-01-03 13:30:00,1.0,58.97242044911334,60.0,3.0808960000000005,0.0,0.0,0.0,0,0,0
2024-01-03 13:45:00,3.0,58.31944386048456,60.0,0.0,0.0,0.0,0.0,0,0,0
2024-01-03 14:00:00,3.0,60.623472527469715,60.0,0.5134826666666666,0.0,0.0,0.0,0,0,0
2024-01-03 14:15:00,1.0,60.56247491638514,60.0,0.0,0.0,0.0,0.0,0,0,0
2024-01-03 14:30:00,1.0,60.56247491638514,60.0,0.0,0.0,0.0,0.0,0,0,0
2024-01-03 14:45:00,1.0,60.15767491638514,60.0,0.770224,0.0,0.0,0.0,0,0,0
2024-01-03 15:00:00,1.0,59.56887491638513,60.0,0.2567413333333333,0.0,0.0,0.0,0,0,0
2024-01-03 15:15:00,1.0,59.3788758719513,60.0,0.770224,0.0,0.0,0.0,0,0,0
2024-01-03 15:30:00,1.0,60.69449784997325,60.0,0.0,0.0,0.0,0.0,0,0,0
2024-01-03 15:45:00,1.0,61.02650358337028,60.0,0.2567413333333333,0.0,0.0,0.0,0,0,0
2024-01-03 16:00:00,1.0,60.768903583370275,60.0,0.5134826666666666,0.0,0.0,0.0,0,0,0
2024-01-03 16:15:00,1.0,58.70605140945722,60.0,3.337637333333334,0.0,0.0,0.0,0,0,0
2024-01-03 16:30:00,1.0,60.793548017197274,60.0,0.0,0.0,0.0,0.0,0,0,0
2024-01-03 16:45:00,1.0,60.87375136167887,60.0,0.2567413333333333,0.0,0.0,0.0,0,0,0
2024-01-03 17:00:00,3.0,60.671351361678866,60.0,0.2567413333333333,0.0,0.0,0.0,0,0,0
2024-01-03 17:15:00,1.0,54.968157095075895,60.0,12.837066666666665,0.0,0.0,0.0,0,0,0
2024-01-03 17:30:00,1.0,50.07218958432575,60.0,0.5134826666666666,0.0,0.0,0.0,0,0,0
2024-01-03 17:45:00,1.0,52.6900254180572,60.0,0.5134826666666666,0.0,0.0,0.0,0,0,0
2024-01-03 18:00:00,1.0,55.08706125178866,60.0,1.0269653333333333,0.0,0.0,0.0,0,0,0
2024-01-03 18:15:00,1.0,57.57609708552012,60.0,0.2567413333333333,0.0,0.0,0.0,0,0,0
2024-01-03 18:30:00,1.0,59.20033291925157,60.0,3.337637333333334,0.0,0.7240000000000004,0.66225,1,1,0
2024-01-03 18:45:00,1.0,59.935168275199935,60.0,0.2567413333333333,0.0,0.7952500000000009,0.0,1,0,0
2024-01-03 19:00:00,1.0,61.03478069756017,60.0,0.0,0.0,0.8000000000000009,0.0,1,0,0
2024-01-03 19:15:00,1.0,60.29878069756016,60.0,1.0269653333333333,0.0,0.8000000000000009,0.0,1,0,0
2024-01-03 19:30:00,1.0,59.93078069756016,60.0,0.0,0.0,0.8000000000000009,0.0,1,0,0
2024-01-03 19:45:00,1.0,58.478187864306456,60.0,3.0808960000000005,0.0,0.8000000000000009,0.0,1,0,0
2024-01-03 20:00:00,1.0,60.1878203535563,60.0,0.0,0.0,0.8000000000000009,0.0,1,0,0
2024-01-03 20:15:00,1.0,60.09743182035036,60.0,3.5943786666666666,0.0,0.8000000000000009,0.0,1,0,0
2024-01-03 20:30:00,1.0,57.85005714285392,60.0,3.594378666666667,0.0,0.8000000000000009,0.0,1,0,0
2024-01-03 20:45:00,1.0,58.830292976585376,60.0,0.5134826666666666,0.0,0.8000000000000009,0.0,1,0,0
2024-01-03 21:00:00,2.0,55.65579245102395,60.0,12.323584,0.0,0.8000000000000009,0.0,1,0,1
2024-01-03 21:15:00,1.0,51.215959866217425,60.0,0.0,0.0,0.0,0.0,0,0,0
2024-01-03 21:30:00,2.0,54.29379569994887,60.0,0.2567413333333333,0.0,0.0,0.0,0,0,0
2024-01-03 21:45:00,2.0,57.39003153368032,60.0,0.0,0.0,0.8000000000000002,0.7905000000000001,1,1,0
2024-01-03 22:00:00,2.0,60.185666889628685,60.0,0.5134826666666666,0.0,0.8000000000000002,0.0,1,0,0
2024-01-03 22:15:00,2.0,60.89887931198892,60.0,0.5134826666666666,0.0,0.8000000000000002,0.0,1,0,0
2024-01-03 22:30:00,1.0,60.56767931198892,60.0,0.5134826666666666,0.0,0.8000000000000002,0.0,1,0,0
2024-01-03 22:45:00,1.0,59.978879311988905,60.0,0.2567413333333333,0.0,0.8000000000000002,0.0,1,0,0
2024-01-03 23:00:00,1.0,57.67682713807585,60.0,4.878085333333334,0.0,0.8000000000000002,0.0,1,0,0
2024-01-03 23:15:00,2.0,58.58752947921294,60.0,1.5404480000000003,0.0,0.8000000000000002,0.0,1,0,0
2024-01-03 23:30:00,2.0,60.38316292402896,60.0,0.0,0.0,0.8000000000000002,0.0,1,0,0
2024-01-03 23:45:00,2.0,60.678570090775246,60.0,0.5134826666666666,0.0,0.8000000000000002,0.0,1,0,0
2024-01-04 00:00:00,2.0,60.47617009077524,60.0,0.0,0.0,0.8000000000000002,0.0,1,0,0
2024-01-04 00:15:00,1.0,60.47617009077524,60.0,0.0,0.0,0.8000000000000002,0.0,1,0,0
2024-01-04 00:30:00,2.0,60.47617009077524,60.0,0.0,0.0,0.8000000000000002,0.0,1,0,0
2024-01-04 00:45:00,2.0,60.47617009077524,60.0,0.0,0.0,0.8000000000000002,0.0,1,0,0
2024-01-04 01:00:00,2.0,60.16337009077524,60.0,0.5134826666666666,0.0,0.8000000000000002,0.0,1,0,0
2024-01-04 01:15:00,2.0,59.68497009077523,60.0,0.5134826666666666,0.0,0.8000000000000002,0.0,1,0,0
2024-01-04 01:30:00,2.0,59.372170090775235,60.0,0.0,0.0,0.8000000000000002,0.0,1,0,0
2024-01-04 01:45:00,1.0,57.84211218346514,60.0,3.0808960000000005,0.0,0.8000000000000002,0.0,1,0,0
2024-01-04 02:00:00,1.0,59.88721261346988,60.0,0.0,0.0,0.8000000000000002,0.0,1,0,0
2024-01-04 02:15:00,1.0,60.582025035830114,60.0,0.5134826666666666,0.0,0.8000000000000002,0.0,1,0,0
2024-01-04 02:30:00,1.0,60.165025513613195,60.0,1.5404480000000003,0.0,0.8000000000000002,0.0,1,0,0
2024-01-04 02:45:00,1.0,60.56471399904079,60.0,0.5134826666666666,0.0,0.8000000000000002,0.0,1,0,0
2024-01-04 03:00:00,1.0,61.040256091730704,60.0,0.0,0.0,0.8000000000000002,0.0,1,0,0
2024-01-04 03:15:00,1.0,60.2674560917307,60.0,1.5404480000000003,0.0,0.8000000000000002,0.0,1,0,0
2024-01-04 03:30:00,1.0,59.310656091730706,60.0,0.2567413333333333,0.0,0.8000000000000002,0.0,1,0,0
2024-01-04 03:45:00,1.0,59.212858480646126,60.0,0.2567413333333333,0.0,0.8000000000000002,0.0,1,0,0
2024-01-04 04:00:00,2.0,60.982279980885,60.0,0.0,0.0,0.8000000000000002,0.0,1,0,0
2024-01-04 04:15:00,1.0,61.05008236980042,60.0,0.5134826666666666,0.0,0.8000000000000002,0.0,1,0,0
2024-01-04 04:30:00,1.0,60.64528236980042,60.0,0.0,0.0,0.8000000000000002,0.0,1,0,0
2024-01-04 04:45:00,1.0,60.33248236980042,60.0,0.5134826666666666,0.0,0.8000000000000002,0.0,1,0,0
2024-01-04 05:00:00,1.0,59.7436823698004,60.0,0.5134826666666666,0.0,0.8000000000000002,0.0,1,0,0
2024-01-04 05:15:00,2.0,58.86128810319744,60.0,1.7971893333333335,0.0,0.8000000000000002,0.0,1,0,0
2024-01-04 05:30:00,2.0,60.31678279980515,60.0,3.337637333333334,0.0,0.8000000000000002,0.0,1,0,0
2024-01-04 05:45:00,2.0,57.26773970377073,60.0,3.337637333333334,0.0,0.8000000000000002,0.0,1,0,0
2024-01-04 06:00:00,1.0,58.81837553750218,60.0,1.5404480000000003,0.0,0.8000000000000002,0.0,1,0,0
2024-01-04 06:15:00,1.0,57.737811371233626,60.0,3.0808960000000005,0.0,0.8000000000000002,0.0,1,0,0
2024-01-04 06:30:00,1.0,60.165446727181994,60.0,0.2567413333333333,0.0,0.8000000000000002,0.0,1,0,0
2024-01-04 06:45:00,3.0,60.93385914954222,60.0,0.2567413333333333,0.0,0.8000000000000002,0.0,1,0,0
2024-01-04 07:00:00,3.0,60.03845962732531,60.0,3.594378666666667,0.0,0.8000000000000002,0.0,1,0,0
2024-01-04 07:15:00,3.0,58.98068303869652,60.0,0.2567413333333333,0.0,0.8000000000000002,0.0,1,0,0
2024-01-04 07:30:00,3.0,60.990311705681684,60.0,0.5134826666666666,0.0,0.8000000000000002,0.0,1,0,1
2024-01-04 07:45:00,3.0,60.15051505016329,60.0,3.337637333333334,0.0,0.0,0.0,0,0,0
2024-01-04 08:00:00,3.0,59.79834037266685,60.0,0.5134826666666666,0.0,0.0,0.0,0,0,0
2024-01-04 08:15:00,3.0,60.78235948399029,60.0,0.5134826666666666,0.0,0.0,0.0,0,0,0
2024-01-04 08:30:00,3.0,60.230359483990284,60.0,0.2567413333333333,0.0,0.0,0.0,0,0,0
2024-01-04 08:45:00,3.0,59.93595948399028,60.0,1.0269653333333333,0.0,0.0,0.0,0,0,0
2024-01-04 09:00:00,3.0,59.08955948399027,60.0,0.0,0.0,0.0,0.0,0,0,0
2024-01-04 09:15:00,1.0,59.08955948399027,60.0,0.0,0.0,0.0,0.0,0,0,0
2024-01-04 09:30:00,3.0,59.08955948399027,60.0,0.0,0.0,0.0,0.0,0,0,0
2024-01-04 09:45:00,3.0,59.151362828471875,60.0,0.5134826666666666,0.0,0.0,0.0,0,0,0
2024-01-04 10:00:00,3.0,60.90258576206,60.0,0.0,0.0,0.0,0.0,0,0,0
2024-01-04 10:15:00,1.0,61.09918815097543,60.0,0.5134826666666666,0.0,0.0,0.0,0,0,0
2024-01-04 10:30:00,1.0,60.56558815097542,60.0,0.0,0.0,0.0,0.0,0,0,0
2024-01-04 10:45:00,1.0,60.56558815097542,60.0,0.0,0.0,0.0,0.0,0,0,0
2024-01-04 11:00:00,1.0,60.56558815097542,60.0,0.0,0.0,0.0,0.0,0,0,0
2024-01-04 11:15:00,1.0,60.10659531772171,60.0,1.5404480000000003,0.0,0.0,0.0,0,0,0
2024-01-04 11:30:00,3.0,58.86614696607334,60.0,10.526394666666667,0.0,0.0,0.0,0,0,0
2024-01-04 11:45:00,3.0,51.82684070711489,60.0,0.5134826666666666,0.0,0.0,0.0,0,0,0
2024-01-04 12:00:00,1.0,54.81267654084634,60.0,0.770224,0.0,0.0,0.0,0,0,0
2024-01-04 12:15:00,3.0,57.0257123745778,60.0,0.5134826666666666,0.0,0.0,0.0,0,0,0
2024-01-04 12:30:00,3.0,59.868414715714884,60.0,0.2567413333333333,0.0,0.0,0.0,0,0,0
2024-01-04 12:45:00,3.0,60.76796254180183,60.0,0.5134826666666666,0.0,0.0,0.0,0,0,0
2024-01-04 13:00:00,3.0,60.03196254180182,60.0,0.770224,0.0,0.0,0.0,0,0,0
2024-01-04 13:15:00,3.0,59.53516254180181,60.0,0.5134826666666666,0.0,0.0,0.0,0,0,0
2024-01-04 13:30:00,3.0,58.63976301958489,60.0,3.0808960000000005,0.0,0.0,0.0,0,0,0
2024-01-04 13:45:00,3.0,55.66838643095611,60.0,3.0808960000000005,0.0,0.0,0.0,0,0,0
2024-01-04 14:00:00,1.0,57.86302226468756,60.0,0.2567413333333333,0.0,0.0,0.0,0,0,0
2024-01-04 14:15:00,1.0,60.5478547539374,60.0,0.0,0.0,0.0,0.0,0,0,0
2024-01-04 14:30:00,1.0,61.06386048733444,60.0,0.0,0.0,0.0,0.0,0,0,0
2024-01-04 14:45:00,1.0,61.06386048733444,60.0,0.0,0.0,0.0,0.0,0,0,0
2024-01-04 15:00:00,1.0,59.60446287624986,60.0,2.053930666666667,0.0,0.0,0.0,0,0,0
2024-01-04 15:15:00,3.0,58.89089154323502,60.0,3.337637333333334,0.0,0.0,0.0,0,0,0
2024-01-04 15:30:00,1.0,60.771921643569435,60.0,0.0,0.0,0.0,0.0,0,0,0
2024-01-04 15:45:00,1.0,61.017724988051036,60.0,0.2567413333333333,0.0,0.0,0.0,0,0,0
2024-01-04 16:00:00,1.0,60.79692498805104,60.0,0.0,0.0,0.0,0.0,0,0,0
2024-01-04 16:15:00,1.0,59.72585991399466,60.0,3.0808960000000005,0.0,0.0,0.0,0,0,0
2024-01-04 16:30:00,1.0,60.02195317725311,60.0,0.0,0.0,0.0,0.0,0,0,0
2024-01-04 16:45:00,1.0,61.13996559961335,60.0,0.0,0.0,0.0,0.0,0,0,0
2024-01-04 17:00:00,1.0,61.04796559961335,60.0,0.5134826666666666,0.0,0.6622500000000003,0.6242500000000001,1,1,0
2024-01-04 17:15:00,1.0,59.901166555179515,60.0,3.0808960000000005,0.0,0.7335000000000008,0.0,1,0,0
2024-01-04 17:30:00,1.0,57.322591877683074,60.0,3.0808960000000005,0.0,0.8000000000000013,0.0,1,0,0
2024-01-04 17:45:00,1.0,59.55402771141452,60.0,0.0,0.0,0.8000000000000013,0.0,1,0,0
2024-01-04 18:00:00,1.0,61.05904443382253,60.0,0.0,0.0,0.8000000000000013,0.0,1,0,0
2024-01-04 18:15:00,1.0,59.63644682273796,60.0,3.5943786666666666,0.0,0.8000000000000013,0.0,1,0,0
2024-01-04 18:30:00,1.0,59.71407548972312,60.0,2.053930666666667,0.0,0.8000000000000013,0.0,1,0,0
2024-01-04 18:45:00,1.0,60.47697353081244,60.0,0.2567413333333333,0.0,0.8000000000000013,0.0,1,0,0
2024-01-04 19:00:00,1.0,60.73111132345457,60.0,0.0,0.0,0.8000000000000013,0.0,1,0,0
2024-01-04 19:15:00,1.0,60.73111132345457,60.0,0.0,0.0,0.8000000000000013,0.0,1,0,0
2024-01-04 19:30:00,1.0,60.565511323454565,60.0,0.2567413333333333,0.0,0.8000000000000013,0.0,1,0,0
2024-01-04 19:45:00,1.0,59.99511132345456,60.0,0.5134826666666666,0.0,0.8000000000000013,0.0,1,0,0
2024-01-04 20:00:00,1.0,59.737511323454555,60.0,0.2567413333333333,0.0,0.8000000000000013,0.0,1,0,0
2024-01-04 20:15:00,1.0,59.62711132345456,60.0,0.0,0.0,0.8000000000000013,0.0,1,0,0
2024-01-04 20:30:00,1.0,59.62711132345456,60.0,0.0,0.0,0.8000000000000013,0.0,1,0,0
2024-01-04 20:45:00,1.0,59.62711132345456,60.0,0.0,0.0,0.8000000000000013,0.0,1,0,0
2024-01-04 21:00:00,1.0,59.53511132345456,60.0,0.5134826666666666,0.0,0.8000000000000013,0.0,1,0,0
2024-01-04 21:15:00,1.0,58.84851371236998,60.0,3.337637333333334,0.0,0.8000000000000013,0.0,1,0,0
2024-01-04 21:30:00,1.0,58.282142379355136,60.0,0.0,0.0,0.8000000000000013,0.0,1,0,0
2024-01-04 21:45:00,1.0,60.86217104634029,60.0,0.0,0.0,0.8000000000000013,0.0,1,0,0
2024-01-04 22:00:00,1.0,60.46997343525572,60.0,1.2837066666666668,0.0,0.8000000000000013,0.0,1,0,0
2024-01-04 22:15:00,1.0,59.6971734352557,60.0,0.0,0.0,0.8000000000000013,0.0,1,0,0
2024-01-04 22:30:00,2.0,59.200373435255706,60.0,0.5134826666666666,0.0,0.8000000000000013,0.0,1,0,0
2024-01-04 22:45:00,2.0,59.49557916865273,60.0,0.2567413333333333,0.0,0.8000000000000013,0.0,1,0,0
2024-01-04 23:00:00,2.0,61.00486383181563,60.0,0.0,0.0,0.8000000000000013,0.0,1,0,0
2024-01-04 23:15:00,2.0,60.77999732440999,60.0,0.5134826666666666,0.0,0.8000000000000013,0.0,1,0,0
2024-01-04 23:30:00,2.0,59.93979780219308,60.0,3.337637333333334,0.0,0.8000000000000013,0.0,1,0,0
2024-01-04 23:45:00,2.0,59.02922121356429,60.0,0.0,0.0,0.8000000000000013,0.0,1,0,0
2024-01-05 00:00:00,2.0,61.13624462493551,60.0,0.0,0.0,0.8000000000000013,0.0,1,0,0
2024-01-05 00:15:00,2.0,61.17924510271859,60.0,0.0,0.0,0.8000000000000013,0.0,1,0,0
2024-01-05 00:30:00,2.0,60.07524510271859,60.0,4.6213440000000015,0.0,0.8000000000000013,0.0,1,0,0
2024-01-05 00:45:00,2.0,57.93126421404203,60.0,0.2567413333333333,0.0,0.8000000000000013,0.0,1,0,0
2024-01-05 01:00:00,2.0,60.57929670329188,60.0,0.0,0.0,0.8000000000000013,0.0,1,0,0
2024-01-05 01:15:00,2.0,61.09530243668891,60.0,1.5404480000000003,0.0,0.8000000000000013,0.0,1,0,0
2024-01-05 01:30:00,2.0,58.88525026277586,60.0,2.310672,0.0,0.8000000000000013,0.0,1,0,0
2024-01-05 01:45:00,2.0,60.82534543716666,60.0,0.0,0.0,0.8000000000000013,0.0,1,0,1
2024-01-05 02:00:00,2.0,61.04034782608209,60.0,0.0,0.0,0.0,0.0,0,0,0
2024-01-05 02:15:00,2.0,61.04034782608209,60.0,0.0,0.0,0.0,0.0,0,0,0
2024-01-05 02:30:00,2.0,61.04034782608209,60.0,0.0,0.0,0.0,0.0,0,0,0
2024-01-05 02:45:00,2.0,60.91154782608209,60.0,0.2567413333333333,0.0,0.0,0.0,0,0,0
2024-01-05 03:00:00,2.0,60.764347826082094,60.0,0.0,0.0,0.0,0.0,0,0,0
2024-01-05 03:15:00,2.0,60.488347826082084,60.0,0.5134826666666666,0.0,0.0,0.0,0,0,0
2024-01-05 03:30:00,2.0,60.21234782608208,60.0,0.0,0.0,0.0,0.0,0,0,0
2024-01-05 03:45:00,2.0,60.21234782608208,60.0,0.0,0.0,0.0,0.0,0,0,0
2024-01-05 04:00:00,1.0,60.21234782608208,60.0,0.0,0.0,0.0,0.0,0,0,0
2024-01-05 04:15:00,2.0,60.00994782608208,60.0,0.5134826666666666,0.0,0.0,0.0,0,0,0
2024-01-05 04:30:00,2.0,59.34754782608207,60.0,0.5134826666666666,0.0,0.0,0.0,0,0,0
2024-01-05 04:45:00,1.0,59.10834782608207,60.0,0.0,0.0,0.0,0.0,0,0,0
2024-01-05 05:00:00,1.0,59.10834782608207,60.0,0.0,0.0,0.0,0.0,0,0,0
2024-01-05 05:15:00,1.0,59.12074878164824,60.0,0.5134826666666666,0.0,0.0,0.0,0,0,0
2024-01-05 05:30:00,1.0,60.44877171523637,60.0,0.5134826666666666,0.0,0.7810000000000001,0.762,1,1,0
2024-01-05 05:45:00,1.0,60.707378881982656,60.0,0.5134826666666666,0.0,0.8000000000000003,0.0,1,0,0
2024-01-05 06:00:00,2.0,60.24737888198265,60.0,0.0,0.0,0.8000000000000003,0.0,1,0,0
2024-01-05 06:15:00,2.0,59.78737888198264,60.0,0.5134826666666666,0.0,0.8000000000000003,0.0,1,0,0
2024-01-05 06:30:00,2.0,59.69537888198264,60.0,0.0,0.0,0.8000000000000003,0.0,1,0,0
2024-01-05 06:45:00,2.0,59.18637935976573,60.0,3.0808960000000005,0.0,0.8000000000000003,0.0,1,0,0
2024-01-05 07:00:00,1.0,58.331002771136944,60.0,0.2567413333333333,0.0,0.8000000000000003,0.0,1,0,0
2024-01-05 07:15:00,1.0,60.8374314381221,60.0,0.0,0.0,0.8000000000000003,0.0,1,0,0
2024-01-05 07:30:00,3.0,61.05243382703754,60.0,0.0,0.0,0.8000000000000003,0.0,1,0,0
2024-01-05 07:45:00,3.0,60.574033827037525,60.0,0.770224,0.0,0.8000000000000003,0.0,1,0,0
2024-01-05 08:00:00,1.0,59.690833827037515,60.0,0.770224,0.0,0.8000000000000003,0.0,1,0,0
2024-01-05 08:15:00,3.0,59.37803382703751,60.0,0.2567413333333333,0.0,0.8000000000000003,0.0,1,0,0
2024-01-05 08:30:00,3.0,56.798168752981134,60.0,13.350549333333333,0.0,0.8000000000000003,0.0,1,0,1
2024-01-05 08:45:00,3.0,45.250862494022684,60.0,2.310672,0.0,0.0,0.0,0,0,0
2024-01-05 09:00:00,3.0,48.08949832775413,60.0,0.0,0.0,0.0,0.0,0,0,0
2024-01-05 09:15:00,3.0,51.314534161485575,60.0,0.0,0.0,0.0,0.0,0,0,0
2024-01-05 09:30:00,2.0,54.410769995217024,60.0,0.5134826666666666,0.0,0.0,0.0,0,0,0
2024-01-05 09:45:00,1.0,56.89980582894848,60.0,0.5134826666666666,0.0,0.0,0.0,0,0,0
2024-01-05 10:00:00,1.0,59.35204166267993,60.0,0.770224,0.0,0.0,0.0,0,0,0
2024-01-05 10:15:00,1.0,61.16466507405116,60.0,0.0,0.0,0.0,0.0,0,0,0
2024-01-05 10:30:00,1.0,60.950065551834236,60.0,0.2567413333333333,0.0,0.0,0.0,0,0,0
2024-01-05 10:45:00,1.0,60.83966555183424,60.0,0.5134826666666666,0.0,0.0,0.0,0,0,0
2024-01-05 11:00:00,1.0,60.23246555183423,60.0,0.2567413333333333,0.0,0.8000000000000002,0.77625,1,1,0
2024-01-05 11:15:00,1.0,60.103665551834226,60.0,0.0,0.0,0.8000000000000002,0.0,1,0,0
2024-01-05 11:30:00,1.0,60.103665551834226,60.0,0.0,0.0,0.8000000000000002,0.0,1,0,0
2024-01-05 11:45:00,1.0,60.01166555183422,60.0,2.053930666666667,0.0,0.8000000000000002,0.0,1,0,0
2024-01-05 12:00:00,1.0,57.02708227424223,60.0,3.337637333333334,0.0,0.8000000000000002,0.0,1,0,1
2024-01-05 12:15:00,1.0,57.60251810797368,60.0,3.0808960000000005,0.0,0.0,0.0,0,0,0
2024-01-05 12:30:00,1.0,58.50915394170513,60.0,1.5404480000000003,0.0,0.0,0.0,0,0,0
2024-01-05 12:45:00,3.0,60.0167892976535,60.0,0.5134826666666666,0.0,0.8,0.79525,1,1,0
2024-01-05 13:00:00,3.0,59.089543812703646,60.0,3.594378666666667,0.0,0.8,0.0,1,0,0
2024-01-05 13:15:00,3.0,60.64750692784934,60.0,0.0,0.0,0.8,0.0,1,0,0
2024-01-05 13:30:00,3.0,61.04884472049148,60.0,0.0,0.0,0.8,0.0,1,0,0
2024-01-05 13:45:00,3.0,60.58884472049147,60.0,0.770224,0.0,0.8,0.0,1,0,0
2024-01-05 14:00:00,1.0,59.96525905398405,60.0,1.5404480000000003,0.0,0.8,0.0,1,0,0
2024-01-05 14:15:00,1.0,60.64807338747662,60.0,0.5134826666666666,0.0,0.8,0.0,1,0,1
2024-01-05 14:30:00,1.0,52.014085809836864,60.0,13.864032,0.0,0.0,0.0,0,0,0
2024-01-05 14:45:00,1.0,49.93372116578524,60.0,0.5134826666666666,0.0,0.8,0.79525,1,1,0
2024-01-05 15:00:00,1.0,51.33715699951669,60.0,1.5404480000000003,0.0,0.8,0.0,1,0,0
2024-01-05 15:15:00,1.0,54.23099283324814,60.0,0.0,0.0,0.8,0.0,1,0,0
2024-01-05 15:30:00,1.0,57.456028666979584,60.0,0.0,0.0,0.8,0.0,1,0,0
2024-01-05 15:45:00,1.0,60.261729574767415,60.0,0.5134826666666666,0.0,0.8,0.0,1,0,0
2024-01-05 16:00:00,1.0,60.77407166745732,60.0,0.0,0.0,0.8,0.0,1,0,0
2024-01-05 16:15:00,1.0,60.42447166745731,60.0,0.5134826666666666,0.0,0.8,0.0,1,0,1
2024-01-05 16:30:00,1.0,59.872471667457305,60.0,0.5134826666666666,0.0,0.0,0.0,0,0,0
2024-01-05 16:45:00,1.0,58.04801376014722,60.0,3.594378666666667,0.0,0.0,0.0,0,0,0
2024-01-05 17:00:00,1.0,59.34491466793506,60.0,1.5404480000000003,0.0,0.0,0.0,0,0,0
2024-01-05 17:15:00,1.0,60.72914476826947,60.0,0.0,0.0,0.0,0.0,0,0,0
2024-01-05 17:30:00,1.0,61.03014811275107,60.0,0.0,0.0,0.0,0.0,0,0,0
2024-01-05 17:45:00,1.0,60.84614811275107,60.0,0.5134826666666666,0.0,0.0,0.0,0,0,0
2024-01-05 18:00:00,1.0,60.22054811275106,60.0,0.2567413333333333,0.0,0.0,0.0,0,0,0
2024-01-05 18:15:00,1.0,60.20214811275106,60.0,0.0,0.0,0.0,0.0,0,0,0
2024-01-05 18:30:00,1.0,60.20214811275106,60.0,0.0,0.0,0.0,0.0,0,0,0
2024-01-05 18:45:00,1.0,59.74214811275105,60.0,0.5134826666666666,0.0,0.0,0.0,0,0,0
2024-01-05 19:00:00,1.0,59.27614906831722,60.0,0.770224,0.0,0.0,0.0,0,0,0
2024-01-05 19:15:00,1.0,60.34423659817864,60.0,1.5404480000000003,0.0,0.0,0.0,0,0,0
2024-01-05 19:30:00,1.0,59.29197439082077,60.0,0.2567413333333333,0.0,0.0,0.0,0,0,0
2024-01-05 19:45:00,1.0,59.25517439082077,60.0,0.0,0.0,0.0,0.0,0,0,0
2024-01-05 20:00:00,1.0,59.77798490204866,60.0,0.5134826666666666,0.0,0.0,0.0,0,0,0
2024-01-05 20:15:00,1.0,61.0682006688905,60.0,0.0,0.0,0.0,0.0,0,0,0
2024-01-05 20:30:00,1.0,61.0682006688905,60.0,0.0,0.0,0.0,0.0,0,0,0
2024-01-05 20:45:00,1.0,60.810600668890494,60.0,0.2567413333333333,0.0,0.0,0.0,0,0,0
2024-01-05 21:00:00,1.0,60.40580066889049,60.0,0.5134826666666666,0.0,0.0,0.0,0,0,0
2024-01-05 21:15:00,1.0,59.853800668890486,60.0,0.5134826666666666,0.0,0.0,0.0,0,0,0
2024-01-05 21:30:00,1.0,59.32020066889048,60.0,0.5134826666666666,0.0,0.0,0.0,0,0,0
2024-01-05 21:45:00,2.0,59.117800668890474,60.0,0.2567413333333333,0.0,0.0,0.0,0,0,0
2024-01-05 22:00:00,2.0,60.36521739129848,60.0,1.5404480000000003,0.0,0.0,0.0,0,0,0
2024-01-05 22:15:00,2.0,59.11297238413171,60.0,1.5404480000000003,0.0,0.0,0.0,0,0,0
2024-01-05 22:30:00,2.0,61.09526230290856,60.0,0.0,0.0,0.0,0.0,0,0,0
2024-01-05 22:45:00,2.0,61.13826278069165,60.0,0.0,0.0,0.0,0.0,0,0,0
2024-01-05 23:00:00,2.0,61.13826278069165,60.0,0.0,0.0,0.0,0.0,0,0,0
2024-01-05 23:15:00,2.0,61.11986278069165,60.0,0.5134826666666666,0.0,0.0,0.0,0,0,0
2024-01-05 23:30:00,2.0,60.22607472526879,60.0,1.5404480000000003,0.0,0.7857500000000005,0.7240000000000001,1,1,0
2024-01-05 23:45:00,2.0,60.58348666984593,60.0,0.770224,0.0,0.8000000000000006,0.0,1,0,0
2024-01-06 00:00:00,2.0,60.06828666984593,60.0,0.2567413333333333,0.0,0.8000000000000006,0.0,1,0,0
2024-01-06 00:15:00,2.0,59.46108666984592,60.0,0.770224,0.0,0.8000000000000006,0.0,1,0,0
2024-01-06 00:30:00,2.0,59.148286669845916,60.0,0.0,0.0,0.8000000000000006,0.0,1,0,0
2024-01-06 00:45:00,2.0,59.148286669845916,60.0,0.0,0.0,0.8000000000000006,0.0,1,0,0
2024-01-06 01:00:00,2.0,59.9415010033385,60.0,0.5134826666666666,0.0,0.8000000000000006,0.0,1,0,0
2024-01-06 01:15:00,2.0,61.176315336831074,60.0,0.0,0.0,0.8000000000000006,0.0,1,0,0
2024-01-06 01:30:00,2.0,61.176315336831074,60.0,0.0,0.0,0.8000000000000006,0.0,1,0,0
2024-01-06 01:45:00,2.0,61.176315336831074,60.0,0.0,0.0,0.8000000000000006,0.0,1,0,0
2024-01-06 02:00:00,2.0,61.176315336831074,60.0,0.0,0.0,0.8000000000000006,0.0,1,0,0
2024-01-06 02:15:00,2.0,61.176315336831074,60.0,0.0,0.0,0.8000000000000006,0.0,1,0,0
2024-01-06 02:30:00,2.0,61.176315336831074,60.0,0.0,0.0,0.8000000000000006,0.0,1,0,0
2024-01-06 02:45:00,2.0,60.91871533683107,60.0,0.2567413333333333,0.0,0.8000000000000006,0.0,1,0,0
2024-01-06 03:00:00,2.0,60.75311533683107,60.0,0.2567413333333333,0.0,0.8000000000000006,0.0,1,0,0
2024-01-06 03:15:00,2.0,60.41784882942543,60.0,1.5404480000000003,0.0,0.8000000000000006,0.0,1,0,0
2024-01-06 03:30:00,2.0,60.60233349258833,60.0,0.0,0.0,0.8000000000000006,0.0,1,0,0
2024-01-06 03:45:00,2.0,61.118339225985366,60.0,0.0,0.0,0.8000000000000006,0.0,1,0,0
2024-01-06 04:00:00,2.0,61.00793922598537,60.0,0.2567413333333333,0.0,0.8000000000000006,0.0,1,0,0
2024-01-06 04:15:00,1.0,60.67673922598536,60.0,0.2567413333333333,0.0,0.8000000000000006,0.0,1,0,1
2024-01-06 04:30:00,2.0,60.14313922598535,60.0,0.770224,0.0,0.0,0.0,0,0,0
2024-01-06 04:45:00,1.0,59.24153922598534,60.0,0.5134826666666666,0.0,0.0,0.0,0,0,0
2024-01-06 05:00:00,2.0,59.17413970376843,60.0,0.2567413333333333,0.0,0.0,0.0,0,0,0
2024-01-06 05:15:00,1.0,60.659025322497506,60.0,0.0,0.0,0.0,0.0,0,0,0
2024-01-06 05:30:00,2.0,60.82116311513963,60.0,0.5134826666666666,0.0,0.8000000000000005,0.7382500000000001,1,1,0
2024-01-06 05:45:00,1.0,60.50836311513963,60.0,0.0,0.0,0.8000000000000005,0.0,1,0,0
2024-01-06 06:00:00,1.0,59.73556311513962,60.0,1.0269653333333333,0.0,0.8000000000000005,0.0,1,0,0
2024-01-06 06:15:00,1.0,59.23876311513961,60.0,0.2567413333333333,0.0,0.8000000000000005,0.0,1,0,0
2024-01-06 06:30:00,1.0,59.128363115139614,60.0,0.0,0.0,0.8000000000000005,0.0,1,0,0
2024-01-06 06:45:00,1.0,59.128363115139614,60.0,1.7971893333333333,0.0,0.8000000000000005,0.0,1,0,0
2024-01-06 07:00:00,1.0,56.89817983754763,60.0,1.7971893333333333,0.0,0.8000000000000005,0.0,1,0,0
2024-01-06 07:15:00,1.0,59.755215671279075,60.0,0.5134826666666666,0.0,0.8000000000000005,0.0,1,0,0
2024-01-06 07:30:00,1.0,54.25063812708412,60.0,28.755029333333333,0.0,0.8000000000000005,0.0,1,0,0
2024-01-06 07:45:00,1.0,26.06606822741858,60.0,7.4454986666666665,0.0,0.8000000000000005,0.0,1,0,0
2024-01-06 08:00:00,1.0,27.083104061150078,60.0,3.337637333333334,0.0,0.8000000000000005,0.0,1,0,0
2024-01-06 08:15:00,1.0,27.216939894881577,60.0,3.594378666666667,0.0,0.8000000000000005,0.0,1,0,0
2024-01-06 08:30:00,1.0,27.479575728613067,60.0,0.0,0.0,0.8000000000000005,0.0,1,0,0
2024-01-06 08:45:00,1.0,30.70461156234457,60.0,0.0,0.0,0.8000000000000005,0.0,1,0,0
2024-01-06 09:00:00,3.0,32.18164739607606,60.0,1.7971893333333335,0.0,0.8000000000000005,0.0,1,0,0
2024-01-06 09:15:00,1.0,35.03868322980752,60.0,0.2567413333333333,0.0,0.8000000000000005,0.0,1,0,0
2024-01-06 09:30:00,1.0,38.171719063538966,60.0,0.0,0.0,0.8000000000000005,0.0,1,0,0
2024-01-06 09:45:00,1.0,40.51355489727041,60.0,1.5404480000000003,0.0,0.8000000000000005,0.0,1,0,0
2024-01-06 10:00:00,1.0,39.948190731001866,60.0,3.8511200000000003,0.0,0.8000000000000005,0.0,1,0,0
2024-01-06 10:15:00,1.0,41.59082656473333,60.0,0.5134826666666666,0.0,0.8000000000000005,0.0,1,0,0
2024-01-06 10:30:00,1.0,44.705462398464775,60.0,0.2567413333333333,0.0,0.8000000000000005,0.0,1,0,0
2024-01-06 10:45:00,1.0,47.617698232196226,60.0,0.5134826666666666,0.0,0.8000000000000005,0.0,1,0,0
2024-01-06 11:00:00,1.0,50.345934065927686,60.0,0.0,0.0,0.8000000000000005,0.0,1,0,0
2024-01-06 11:15:00,1.0,53.51576989965913,60.0,0.2567413333333333,0.0,0.8000000000000005,0.0,1,0,0
2024-01-06 11:30:00,1.0,56.28080573339058,60.0,0.5134826666666666,0.0,0.8000000000000005,0.0,1,0,0
2024-01-06 11:45:00,1.0,58.10744156712203,60.0,2.053930666666667,0.0,0.8000000000000005,0.0,1,0,0
2024-01-06 12:00:00,1.0,60.124076445287315,60.0,0.0,0.0,0.8000000000000005,0.0,1,0,0
2024-01-06 12:15:00,1.0,60.20122044910956,60.0,2.053930666666667,0.0,0.8000000000000005,0.0,1,0,0
2024-01-06 12:30:00,1.0,60.49610511227247,60.0,0.0,0.0,0.8000000000000005,0.0,1,0,0
2024-01-06 12:45:00,1.0,61.012110845669504,60.0,0.0,0.0,0.8000000000000005,0.0,1,0,0
2024-01-06 13:00:00,1.0,60.9017108456695,60.0,0.2567413333333333,0.0,0.8000000000000005,0.0,1,0,0
2024-01-06 13:15:00,1.0,60.57051084566949,60.0,0.2567413333333333,0.0,0.8000000000000005,0.0,1,0,0
2024-01-06 13:30:00,1.0,60.40491084566949,60.0,0.5134826666666666,0.0,0.8000000000000005,0.0,1,0,0
2024-01-06 13:45:00,1.0,59.90811084566948,60.0,0.0,0.0,0.8000000000000005,0.0,1,0,0
2024-01-06 14:00:00,1.0,59.90811084566948,60.0,0.0,0.0,0.8000000000000005,0.0,1,0,1
2024-01-06 14:15:00,1.0,59.90811084566948,60.0,0.0,0.0,0.0,0.0,0,0,0
2024-01-06 14:30:00,1.0,58.23165867175643,60.0,4.6213440000000015,0.0,0.0,0.0,0,0,0
2024-01-06 14:45:00,1.0,58.90316101289351,60.0,1.7971893333333335,0.0,0.0,0.0,0,0,0
2024-01-06 15:00:00,1.0,60.533194457709534,60.0,0.0,0.0,0.0,0.0,0,0,0
2024-01-06 15:15:00,1.0,60.95740162445582,60.0,0.5134826666666666,0.0,0.0,0.0,0,0,0
2024-01-06 15:30:00,3.0,60.62620162445582,60.0,0.0,0.0,0.7715000000000004,0.7240000000000001,1,1,0
2024-01-06 15:45:00,1.0,60.62620162445582,60.0,0.0,0.0,0.8000000000000006,0.0,1,0,0
2024-01-06 16:00:00,1.0,58.101014046816054,60.0,4.6213440000000015,0.0,0.8000000000000006,0.0,1,0,0
2024-01-06 16:15:00,1.0,59.49824940276442,60.0,0.5134826666666666,0.0,0.8000000000000006,0.0,1,0,1
2024-01-06 16:30:00,1.0,61.12626851408786,60.0,0.0,0.0,0.0,0.0,0,0,0
2024-01-06 16:45:00,1.0,61.12626851408786,60.0,0.0,0.0,0.0,0.0,0,0,0
2024-01-06 17:00:00,1.0,61.12626851408786,60.0,0.0,0.0,0.0,0.0,0,0,0
2024-01-06 17:15:00,1.0,61.12626851408786,60.0,0.0,0.0,0.0,0.0,0,0,0
2024-01-06 17:30:00,1.0,61.12626851408786,60.0,0.0,0.0,0.7572500000000002,0.7382500000000001,1,1,0
2024-01-06 17:45:00,1.0,60.537468514087855,60.0,1.2837066666666668,0.0,0.8000000000000005,0.0,1,0,0
2024-01-06 18:00:00,1.0,59.47026851408784,60.0,0.5134826666666666,0.0,0.8000000000000005,0.0,1,0,0
2024-01-06 18:15:00,3.0,58.805816340174786,60.0,1.7971893333333335,0.0,0.8000000000000005,0.0,1,0,0
2024-01-06 18:30:00,1.0,60.97057658862196,60.0,0.5134826666666666,0.0,0.8000000000000005,0.0,1,0,0
2024-01-06 18:45:00,1.0,60.58031151456557,60.0,0.0,0.0,0.8000000000000005,0.0,1,0,0
2024-01-06 19:00:00,1.0,60.07131199234866,60.0,3.0808960000000005,0.0,0.8000000000000005,0.0,1,0,0
2024-01-06 19:15:00,1.0,58.59033540371988,60.0,2.053930666666667,0.0,0.8000000000000005,0.0,1,0,0
2024-01-06 19:30:00,1.0,60.18183774485696,60.0,0.5134826666666666,0.0,0.8000000000000005,0.0,1,0,0
2024-01-06 19:45:00,1.0,61.173385570943914,60.0,0.0,0.0,0.8000000000000005,0.0,1,0,0
2024-01-06 20:00:00,1.0,60.4925855709439,60.0,0.770224,0.0,0.8000000000000005,0.0,1,0,0
2024-01-06 20:15:00,1.0,60.01386450070978,60.0,1.5404480000000003,0.0,0.8000000000000005,0.0,1,0,0
2024-01-06 20:30:00,1.0,60.50241184901363,60.0,1.5404480000000003,0.0,0.8000000000000005,0.0,1,0,0
2024-01-06 20:45:00,1.0,59.398411849013634,60.0,0.0,0.0,0.8000000000000005,0.0,1,0,0
2024-01-06 21:00:00,1.0,59.398411849013634,60.0,0.0,0.0,0.8000000000000005,0.0,1,0,0
2024-01-06 21:15:00,1.0,58.043415193495235,60.0,3.8511200000000003,0.0,0.8000000000000005,0.0,1,0,0
2024-01-06 21:30:00,1.0,57.27484529382966,60.0,1.5404480000000003,0.0,0.8000000000000005,0.0,1,0,0
2024-01-06 21:45:00,1.0,59.30388112756111,60.0,0.770224,0.0,0.8000000000000005,0.0,1,0,0
2024-01-06 22:00:00,2.0,59.41931696129257,60.0,3.594378666666667,0.0,0.8000000000000005,0.0,1,0,0
2024-01-06 22:15:00,2.0,60.803345628277725,60.0,0.2567413333333333,0.0,0.8000000000000005,0.0,1,0,0
2024-01-06 22:30:00,1.0,60.83434801719316,60.0,0.2567413333333333,0.0,0.8000000000000005,0.0,1,0,0
2024-01-06 22:45:00,1.0,60.55834801719315,60.0,0.2567413333333333,0.0,0.8000000000000005,0.0,1,0,0
2024-01-06 23:00:00,2.0,60.33754801719315,60.0,0.0,0.0,0.8000000000000005,0.0,1,0,0
2024-01-06 23:15:00,2.0,60.33754801719315,60.0,0.0,0.0,0.8000000000000005,0.0,1,0,0
2024-01-06 23:30:00,2.0,59.80394801719314,60.0,0.770224,0.0,0.8000000000000005,0.0,1,0,0
2024-01-06 23:45:00,2.0,59.50954801719315,60.0,0.0,0.0,0.8000000000000005,0.0,1,0,0
2024-01-07 00:00:00,2.0,59.39914801719314,60.0,0.2567413333333333,0.0,0.8000000000000005,0.0,1,0,0
2024-01-07 00:15:00,2.0,60.06935996177028,60.0,0.2567413333333333,0.0,0.8000000000000005,0.0,1,0,0
2024-01-07 00:30:00,2.0,59.56197190634743,60.0,1.7971893333333335,0.0,0.8000000000000005,0.0,1,0,0
2024-01-07 00:45:00,2.0,59.300909698989564,60.0,0.5134826666666666,0.0,0.8000000000000005,0.0,1,0,0
2024-01-07 01:00:00,2.0,61.06026564738897,60.0,0.0,0.0,0.8000000000000005,0.0,1,0,0
2024-01-07 01:15:00,2.0,59.45213836597472,60.0,3.594378666666667,0.0,0.8000000000000005,0.0,1,0,0
2024-01-07 01:30:00,2.0,60.42130148112041,60.0,0.0,0.0,0.8000000000000005,0.0,1,0,0
2024-01-07 01:45:00,2.0,61.20964357381032,60.0,0.0,0.0,0.8000000000000005,0.0,1,0,0
2024-01-07 02:00:00,2.0,61.20964357381032,60.0,0.0,0.0,0.8000000000000005,0.0,1,0,0
2024-01-07 02:15:00,2.0,60.988843573810314,60.0,0.2567413333333333,0.0,0.8000000000000005,0.0,1,0,0
2024-01-07 02:30:00,2.0,60.933643573810315,60.0,0.0,0.0,0.8000000000000005,0.0,1,0,0
2024-01-07 02:45:00,2.0,60.78644357381031,60.0,0.2567413333333333,0.0,0.8000000000000005,0.0,1,0,0
2024-01-07 03:00:00,2.0,60.179243573810304,60.0,1.0269653333333333,0.0,0.8000000000000005,0.0,1,0,0
2024-01-07 03:15:00,2.0,57.960454085038194,60.0,3.0808960000000005,0.0,0.8000000000000005,0.0,1,0,1
2024-01-07 03:30:00,2.0,60.240688007637296,60.0,0.0,0.0,0.0,0.0,0,0,0
2024-01-07 03:45:00,2.0,61.186698518865185,60.0,0.2567413333333333,0.0,0.0,0.0,0,0,0
2024-01-07 04:00:00,2.0,60.377098518865175,60.0,0.770224,0.0,0.7667500000000002,0.7572500000000001,1,1,0
2024-01-07 04:15:00,1.0,60.08269851886517,60.0,0.0,0.0,0.8000000000000004,0.0,1,0,0
2024-01-07 04:30:00,1.0,59.61090186334677,60.0,1.5404480000000003,0.0,0.8000000000000004,0.0,1,0,0
2024-01-07 04:45:00,1.0,60.796194171039055,60.0,0.2567413333333333,0.0,0.8000000000000004,0.0,1,0,0
2024-01-07 05:00:00,1.0,61.160731963681194,60.0,0.0,0.0,0.8000000000000004,0.0,1,0,0
2024-01-07 05:15:00,2.0,61.031931963681195,60.0,0.5134826666666666,0.0,0.8000000000000004,0.0,1,0,0
2024-01-07 05:30:00,2.0,60.60873196368119,60.0,0.0,0.0,0.8000000000000004,0.0,1,0,0
2024-01-07 05:45:00,1.0,60.14873196368118,60.0,0.5134826666666666,0.0,0.8000000000000004,0.0,1,0,0
2024-01-07 06:00:00,1.0,58.96513291924735,60.0,4.107861333333334,0.0,0.8000000000000004,0.0,1,0,1
2024-01-07 06:15:00,1.0,57.950558241750905,60.0,0.5134826666666666,0.0,0.0,0.0,0,0,0
2024-01-07 06:30:00,1.0,60.46379168656693,60.0,0.0,0.0,0.0,0.0,0,0,0
2024-01-07 06:45:00,1.0,60.2011998088794,60.0,3.0808960000000005,0.0,0.8000000000000003,0.76675,1,1,0
2024-01-07 07:00:00,1.0,57.18102513138296,60.0,3.0808960000000005,0.0,0.8000000000000003,0.0,1,0,0
2024-01-07 07:15:00,1.0,59.995060487331315,60.0,0.2567413333333333,0.0,0.8000000000000003,0.0,1,0,0
2024-01-07 07:30:00,1.0,60.85547290969155,60.0,0.5134826666666666,0.0,0.8000000000000003,0.0,1,0,0
2024-01-07 07:45:00,1.0,60.32187290969154,60.0,0.0,0.0,0.8000000000000003,0.0,1,0,0
2024-01-07 08:00:00,1.0,60.32187290969154,60.0,0.0,0.0,0.8000000000000003,0.0,1,0,0
2024-01-07 08:15:00,1.0,60.211472909691544,60.0,1.5404480000000003,0.0,0.8000000000000003,0.0,1,0,1
2024-01-07 08:30:00,1.0,60.24255709507136,60.0,0.0,0.0,0.0,0.0,0,0,0
2024-01-07 08:45:00,1.0,61.03089918776127,60.0,0.0,0.0,0.7952500000000002,0.7715000000000001,1,1,0
2024-01-07 09:00:00,1.0,61.03089918776127,60.0,0.0,0.0,0.8000000000000003,0.0,1,0,0
2024-01-07 09:15:00,1.0,61.03089918776127,60.0,0.0,0.0,0.8000000000000003,0.0,1,0,0
2024-01-07 09:30:00,1.0,60.81009918776127,60.0,1.5404480000000003,0.0,0.8000000000000003,0.0,1,0,0
2024-01-07 09:45:00,1.0,59.264499187761274,60.0,0.2567413333333333,0.0,0.8000000000000003,0.0,1,0,0
2024-01-07 10:00:00,1.0,59.09889918776127,60.0,0.0,0.0,0.8000000000000003,0.0,1,0,0
2024-01-07 10:15:00,1.0,59.09889918776127,60.0,0.0,0.0,0.8000000000000003,0.0,1,0,0
2024-01-07 10:30:00,1.0,59.09889918776127,60.0,0.0,0.0,0.8000000000000003,0.0,1,0,0
2024-01-07 10:45:00,1.0,59.09889918776127,60.0,0.0,0.0,0.8000000000000003,0.0,1,0,0
2024-01-07 11:00:00,1.0,59.09889918776127,60.0,0.0,0.0,0.8000000000000003,0.0,1,0,0
2024-01-07 11:15:00,1.0,59.09889918776127,60.0,0.0,0.0,0.8000000000000003,0.0,1,0,0
2024-01-07 11:30:00,1.0,59.302104921158296,60.0,0.5134826666666666,0.0,0.8000000000000003,0.0,1,0,0
2024-01-07 11:45:00,1.0,60.91873024366186,60.0,0.770224,0.0,0.8000000000000003,0.0,1,0,1
2024-01-07 12:00:00,1.0,60.39773263257728,60.0,0.5134826666666666,0.0,0.0,0.0,0,0,0
2024-01-07 12:15:00,1.0,60.176932632577284,60.0,0.0,0.0,0.0,0.0,0,0,0
2024-01-07 12:30:00,1.0,60.140132632577284,60.0,0.2567413333333333,0.0,0.0,0.0,0,0,0
2024-01-07 12:45:00,1.0,59.90093263257729,60.0,0.0,0.0,0.7810000000000004,0.7430000000000001,1,1,0
2024-01-07 13:00:00,1.0,59.82733263257728,60.0,0.2567413333333333,0.0,0.8000000000000005,0.0,1,0,0
2024-01-07 13:15:00,1.0,59.62493263257728,60.0,0.0,0.0,0.8000000000000005,0.0,1,0,0
2024-01-07 13:30:00,1.0,58.16787042521942,60.0,3.594378666666667,0.0,0.8000000000000005,0.0,1,0,0
2024-01-07 13:45:00,1.0,56.39156846630873,60.0,3.594378666666667,0.0,0.8000000000000005,0.0,1,0,0
2024-01-07 14:00:00,1.0,58.34700430004019,60.0,0.0,0.0,0.8000000000000005,0.0,1,0,0
2024-01-07 14:15:00,1.0,60.559032967025345,60.0,0.770224,0.0,0.8000000000000005,0.0,1,0,0
2024-01-07 14:30:00,1.0,60.31403535594077,60.0,0.0,0.0,0.8000000000000005,0.0,1,0,0
2024-01-07 14:45:00,1.0,60.31403535594077,60.0,0.0,0.0,0.8000000000000005,0.0,1,0,0
2024-01-07 15:00:00,1.0,60.31403535594077,60.0,0.0,0.0,0.8000000000000005,0.0,1,0,0
2024-01-07 15:15:00,1.0,59.714445867168656,60.0,1.7971893333333333,0.0,0.8000000000000005,0.0,1,0,0
2024-01-07 15:30:00,1.0,60.522679789767764,60.0,2.053930666666667,0.0,0.8000000000000005,0.0,1,0,0
2024-01-07 15:45:00,1.0,61.11909030099566,60.0,0.0,0.0,0.8000000000000005,0.0,1,0,0
2024-01-07 16:00:00,1.0,61.11909030099566,60.0,1.5404480000000003,0.0,0.8000000000000005,0.0,1,0,0
2024-01-07 16:15:00,1.0,59.260690300995655,60.0,0.2567413333333333,0.0,0.8000000000000005,0.0,1,0,0
2024-01-07 16:30:00,1.0,59.56910272335589,60.0,1.0269653333333333,0.0,0.8000000000000005,0.0,1,0,0
2024-01-07 16:45:00,1.0,61.07879025321732,60.0,0.0,0.0,0.8000000000000005,0.0,1,0,0
2024-01-07 17:00:00,1.0,61.09312374581168,60.0,0.0,0.0,0.8000000000000005,0.0,1,0,0
2024-01-07 17:15:00,1.0,61.09312374581168,60.0,0.0,0.0,0.8000000000000005,0.0,1,0,0
2024-01-07 17:30:00,1.0,60.87232374581168,60.0,0.2567413333333333,0.0,0.8000000000000005,0.0,1,0,0
2024-01-07 17:45:00,1.0,60.79872374581168,60.0,0.2567413333333333,0.0,0.8000000000000005,0.0,1,0,0
2024-01-07 18:00:00,1.0,60.08112374581167,60.0,0.770224,0.0,0.8000000000000005,0.0,1,0,0
2024-01-07 18:15:00,1.0,59.43712374581166,60.0,0.770224,0.0,0.8000000000000005,0.0,1,0,0
2024-01-07 18:30:00,1.0,56.69174046821966,60.0,7.958981333333335,0.0,0.8000000000000005,0.0,1,0,0
2024-01-07 18:45:00,1.0,52.29917630195112,60.0,4.878085333333334,0.0,0.8000000000000005,0.0,1,0,0
2024-01-07 19:00:00,1.0,53.04021213568257,60.0,0.0,0.0,0.8000000000000005,0.0,1,0,0
2024-01-07 19:15:00,1.0,55.97084796941402,60.0,1.7971893333333335,0.0,0.8000000000000005,0.0,1,0,0
2024-01-07 19:30:00,1.0,57.337483803145474,60.0,0.2567413333333333,0.0,0.8000000000000005,0.0,1,0,0
2024-01-07 19:45:00,1.0,60.290384710933296,60.0,0.2567413333333333,0.0,0.8000000000000005,0.0,1,0,0
2024-01-07 20:00:00,1.0,60.3795268036232,60.0,0.770224,0.0,0.8000000000000005,0.0,1,0,0
2024-01-07 20:15:00,1.0,60.0483268036232,60.0,0.0,0.0,0.8000000000000005,0.0,1,0,0
2024-01-07 20:30:00,1.0,60.0483268036232,60.0,0.2567413333333333,0.0,0.8000000000000005,0.0,1,0,0
2024-01-07 20:45:00,1.0,59.772326803623194,60.0,0.0,0.0,0.8000000000000005,0.0,1,0,0
2024-01-07 21:00:00,1.0,59.753926803623195,60.0,0.5134826666666666,0.0,0.8000000000000005,0.0,1,0,0
2024-01-07 21:15:00,1.0,59.6222688963131,60.0,0.5134826666666666,0.0,0.8000000000000005,0.0,1,0,0
2024-01-07 21:30:00,1.0,60.79415308169291,60.0,0.2567413333333333,0.0,0.8000000000000005,0.0,1,0,0
2024-01-07 21:45:00,1.0,60.75735308169291,60.0,0.2567413333333333,0.0,0.8000000000000005,0.0,1,0,0
2024-01-07 22:00:00,1.0,60.48135308169291,60.0,0.0,0.0,0.8000000000000005,0.0,1,0,0
2024-01-07 22:15:00,1.0,59.59916024843919,60.0,2.053930666666667,0.0,0.8000000000000005,0.0,1,0,0
2024-01-07 22:30:00,1.0,60.98238318202732,60.0,0.0,0.0,0.8000000000000005,0.0,1,0,0
2024-01-07 22:45:00,1.0,61.06838413759349,60.0,0.0,0.0,0.8000000000000005,0.0,1,0,0
2024-01-07 23:00:00,1.0,60.737184137593495,60.0,2.053930666666667,0.0,0.8000000000000005,0.0,1,0,0
2024-01-07 23:15:00,1.0,59.476403248916924,60.0,1.5404480000000003,0.0,0.8000000000000005,0.0,1,0,0
2024-01-07 23:30:00,1.0,61.03142666028814,60.0,0.2567413333333333,0.0,0.8000000000000005,0.0,1,0,0
2024-01-07 23:45:00,1.0,60.22396063066558,60.0,3.337637333333334,0.0,0.8000000000000005,0.0,1,0,1
2024-01-08 00:00:00,1.0,59.145448638310086,60.0,0.0,0.0,0.0,0.0,0,0,0
2024-01-08 00:15:00,1.0,61.010936645954594,60.0,0.2567413333333333,0.0,0.0,0.0,0,0,0
2024-01-08 00:30:00,1.0,60.620470138548946,60.0,0.2567413333333333,0.0,0.0,0.0,0,0,0
2024-01-08 00:45:00,1.0,60.51007013854895,60.0,0.2567413333333333,0.0,0.0,0.0,0,0,0
2024-01-08 01:00:00,2.0,60.19727013854894,60.0,0.2567413333333333,0.0,0.0,0.0,0,0,0
2024-01-08 01:15:00,2.0,59.402205064492556,60.0,1.540448,0.0,0.0,0.0,0,0,0
2024-01-08 01:30:00,2.0,60.538497849967925,60.0,0.5134826666666666,0.0,0.0,0.0,0,0,0
2024-01-08 01:45:00,2.0,61.00610836119582,60.0,0.5134826666666666,0.0,0.0,0.0,0,0,0
2024-01-08 02:00:00,2.0,58.8425188724237,60.0,3.0808960000000005,0.0,0.0,0.0,0,0,0
2024-01-08 02:15:00,2.0,60.91354801719195,60.0,0.0,0.0,0.0,0.0,0,0,0
2024-01-08 02:30:00,2.0,61.12255136167355,60.0,0.2567413333333333,0.0,0.0,0.0,0,0,0
2024-01-08 02:45:00,2.0,60.938551361673554,60.0,0.0,0.0,0.0,0.0,0,0,0
2024-01-08 03:00:00,2.0,60.938551361673554,60.0,0.0,0.0,0.0,0.0,0,0,0
2024-01-08 03:15:00,2.0,60.86495136167355,60.0,0.2567413333333333,0.0,0.0,0.0,0,0,0
2024-01-08 03:30:00,2.0,60.202551361673535,60.0,0.770224,0.0,0.0,0.0,0,0,0
2024-01-08 03:45:00,1.0,59.62808485426789,60.0,1.5404480000000003,0.0,0.0,0.0,0,0,0
2024-01-08 04:00:00,2.0,60.07057238412931,60.0,0.0,0.0,0.0,0.0,0,0,0
2024-01-08 04:15:00,2.0,60.76538480648955,60.0,0.770224,0.0,0.0,0.0,0,0,0
2024-01-08 04:30:00,2.0,59.93738480648953,60.0,0.5134826666666666,0.0,0.0,0.0,0,0,0
2024-01-08 04:45:00,2.0,59.808584806489534,60.0,0.0,0.0,0.0,0.0,0,0,0
2024-01-08 05:00:00,2.0,59.808584806489534,60.0,0.0,0.0,0.0,0.0,0,0,0
2024-01-08 05:15:00,1.0,59.4897857620557,60.0,1.0269653333333333,0.0,0.0,0.0,0,0,0
2024-01-08 05:30:00,1.0,60.51100774007765,60.0,0.2567413333333333,0.0,0.0,0.0,0,0,0
2024-01-08 05:45:00,1.0,60.65901347347469,60.0,0.5134826666666666,0.0,0.0,0.0,0,0,0
2024-01-08 06:00:00,1.0,60.45661347347468,60.0,0.0,0.0,0.7857500000000001,0.77625,1,1,0
2024-01-08 06:15:00,2.0,60.45661347347468,60.0,0.0,0.0,0.8000000000000002,0.0,1,0,0
2024-01-08 06:30:00,2.0,59.91955126611682,60.0,2.053930666666667,0.0,0.8000000000000002,0.0,1,0,0
2024-01-08 06:45:00,2.0,60.814711514564,60.0,0.2567413333333333,0.0,0.8000000000000002,0.0,1,0,0
2024-01-08 07:00:00,3.0,61.19764930720614,60.0,0.0,0.0,0.8000000000000002,0.0,1,0,0
2024-01-08 07:15:00,3.0,61.19764930720614,60.0,0.0,0.0,0.8000000000000002,0.0,1,0,0
2024-01-08 07:30:00,3.0,61.087249307206136,60.0,1.5404480000000003,0.0,0.8000000000000002,0.0,1,0,0
2024-01-08 07:45:00,3.0,59.48644930720614,60.0,0.5134826666666666,0.0,0.8000000000000002,0.0,1,0,0
2024-01-08 08:00:00,3.0,60.32713349258596,60.0,0.2567413333333333,0.0,0.8000000000000002,0.0,1,0,0
2024-01-08 08:15:00,3.0,60.85787558527587,60.0,0.770224,0.0,0.8000000000000002,0.0,1,0,0
2024-01-08 08:30:00,3.0,59.11647892975746,60.0,3.0808960000000005,0.0,0.8000000000000002,0.0,1,0,0
2024-01-08 08:45:00,3.0,59.80150903009188,60.0,0.2567413333333333,0.0,0.8000000000000002,0.0,1,0,1
2024-01-08 09:00:00,3.0,61.17772575249989,60.0,0.0,0.0,0.0,0.0,0,0,0
2024-01-08 09:15:00,3.0,61.17772575249989,60.0,0.0,0.0,0.0,0.0,0,0,0
2024-01-08 09:30:00,3.0,61.17772575249989,60.0,0.0,0.0,0.0,0.0,0,0,0
2024-01-08 09:45:00,3.0,61.17772575249989,60.0,0.2567413333333333,0.0,0.0,0.0,0,0,0
2024-01-08 10:00:00,1.0,60.90172575249988,60.0,0.0,0.0,0.0,0.0,0,0,0
2024-01-08 10:15:00,1.0,59.11793291924618,60.0,6.161792000000001,0.0,0.0,0.0,0,0,0
2024-01-08 10:30:00,1.0,52.780766364062195,60.0,10.269653333333334,0.0,0.0,0.0,0,0,0
2024-01-08 10:45:00,3.0,49.878602197793654,60.0,0.2567413333333333,0.0,0.0,0.0,0,0,0
2024-01-08 11:00:00,1.0,53.0668380315251,60.0,0.0,0.0,0.0,0.0,0,0,0
2024-01-08 11:15:00,1.0,53.03507386525656,60.0,3.594378666666667,0.0,0.0,0.0,0,0,0
2024-01-08 11:30:00,3.0,55.652909698988005,60.0,0.0,0.0,0.0,0.0,0,0,0
2024-01-08 11:45:00,1.0,58.87794553271945,60.0,0.0,0.0,0.0,0.0,0,0,0
2024-01-08 12:00:00,1.0,60.837768944090655,60.0,0.2567413333333333,0.0,0.8000000000000002,0.77625,1,1,0
2024-01-08 12:15:00,1.0,60.751969421873746,60.0,0.0,0.0,0.8000000000000002,0.0,1,0,0
2024-01-08 12:30:00,1.0,58.88918184423399,60.0,3.0808960000000005,0.0,0.8000000000000002,0.0,1,0,0
2024-01-08 12:45:00,3.0,60.58427940754021,60.0,1.2837066666666668,0.0,0.8000000000000002,0.0,1,0,0
2024-01-08 13:00:00,3.0,60.36001720018234,60.0,0.0,0.0,0.8000000000000002,0.0,1,0,0
2024-01-08 13:15:00,2.0,59.76682962254258,60.0,2.053930666666667,0.0,0.8000000000000002,0.0,1,0,1
2024-01-08 13:30:00,1.0,60.540517152404,60.0,0.770224,0.0,0.0,0.0,0,0,0
2024-01-08 13:45:00,1.0,60.33405064499836,60.0,0.2567413333333333,0.0,0.0,0.0,0,0,0
2024-01-08 14:00:00,1.0,59.80045064499835,60.0,0.2567413333333333,0.0,0.0,0.0,0,0,0
2024-01-08 14:15:00,1.0,59.542850644998346,60.0,0.5134826666666666,0.0,0.0,0.0,0,0,0
2024-01-08 14:30:00,1.0,60.19079751551911,60.0,0.2567413333333333,0.0,0.0,0.0,0,0,0
2024-01-08 14:45:00,1.0,59.82227501193572,60.0,3.0808960000000005,0.0,0.0,0.0,0,0,0
2024-01-08 15:00:00,3.0,59.81329842330694,60.0,0.5134826666666666,0.0,0.0,0.0,0,0,0
2024-01-08 15:15:00,3.0,60.582718012413466,60.0,2.053930666666667,0.0,0.0,0.0,0,0,0
2024-01-08 15:30:00,2.0,60.67153903486925,60.0,0.5134826666666666,0.0,0.0,0.0,0,0,0
2024-01-08 15:45:00,2.0,59.11615671284343,60.0,3.0808960000000005,0.0,0.0,0.0,0,0,0
2024-01-08 16:00:00,1.0,60.60204949831879,60.0,0.5134826666666666,0.0,0.0,0.0,0,0,0
2024-01-08 16:15:00,1.0,60.50618442426241,60.0,0.0,0.0,0.0,0.0,0,0,0
2024-01-08 16:30:00,1.0,60.156584424262405,60.0,0.5134826666666666,0.0,0.0,0.0,0,0,0
2024-01-08 16:45:00,1.0,59.9541844242624,60.0,0.0,0.0,0.0,0.0,0,0,0
2024-01-08 17:00:00,1.0,59.9541844242624,60.0,0.0,0.0,0.0,0.0,0,0,0
2024-01-08 17:15:00,1.0,59.54551935020602,60.0,1.5404480000000003,0.0,0.0,0.0,0,0,0
2024-01-08 17:30:00,1.0,60.332212135681395,60.0,0.5134826666666666,0.0,0.0,0.0,0,0,0
2024-01-08 17:45:00,1.0,60.707822646909285,60.0,0.770224,0.0,0.0,0.0,0,0,0
2024-01-08 18:00:00,1.0,60.10062264690927,60.0,0.770224,0.0,0.0,0.0,0,0,0
2024-01-08 18:15:00,1.0,59.530222646909266,60.0,0.0,0.0,0.0,0.0,0,0,0
2024-01-08 18:30:00,1.0,53.3618350692695,60.0,11.039877333333333,0.0,0.0,0.0,0,0,0
2024-01-08 18:45:00,1.0,51.72307042521787,60.0,0.5134826666666666,0.0,0.0,0.0,0,0,0
2024-01-08 19:00:00,1.0,54.46970625894932,60.0,0.2567413333333333,0.0,0.0,0.0,0,0,0
2024-01-08 19:15:00,1.0,56.369942092680766,60.0,3.0808960000000005,0.0,0.0,0.0,0,0,0
2024-01-08 19:30:00,1.0,57.40537792641222,60.0,0.2567413333333333,0.0,0.0,0.0,0,0,0
2024-01-08 19:45:00,1.0,60.30307883420005,60.0,0.2567413333333333,0.0,0.0,0.0,0,0,0
2024-01-08 20:00:00,1.0,59.987420926889946,60.0,1.0269653333333333,0.0,0.0,0.0,0,0,0
2024-01-08 20:15:00,1.0,59.61942092688994,60.0,0.5134826666666666,0.0,0.0,0.0,0,0,0
2024-01-08 20:30:00,1.0,60.1201677974107,60.0,0.2567413333333333,0.0,0.0,0.0,0,0,0
2024-01-08 20:45:00,1.0,61.03344481604423,60.0,0.0,0.0,0.0,0.0,0,0,0
2024-01-08 21:00:00,1.0,60.53664481604422,60.0,0.5134826666666666,0.0,0.0,0.0,0,0,0
2024-01-08 21:15:00,1.0,60.481444816044224,60.0,0.0,0.0,0.0,0.0,0,0,0
2024-01-08 21:30:00,2.0,60.150244816044214,60.0,0.5134826666666666,0.0,0.0,0.0,0,0,0
2024-01-08 21:45:00,1.0,59.85584481604421,60.0,0.5134826666666666,0.0,0.0,0.0,0,0,0
2024-01-08 22:00:00,1.0,59.37744481604421,60.0,0.0,0.0,0.0,0.0,0,0,0
2024-01-08 22:15:00,1.0,59.359044816044204,60.0,0.5134826666666666,0.0,0.0,0.0,0,0,0
2024-01-08 22:30:00,2.0,60.24446058288604,60.0,0.0,0.0,0.0,0.0,0,0,0
2024-01-08 22:45:00,2.0,61.19047109411393,60.0,0.0,0.0,0.7762500000000004,0.7240000000000001,1,1,0
2024-01-08 23:00:00,2.0,61.19047109411393,60.0,0.0,0.0,0.8000000000000006,0.0,1,0,0
2024-01-08 23:15:00,2.0,61.19047109411393,60.0,0.0,0.0,0.8000000000000006,0.0,1,0,0
2024-01-08 23:30:00,2.0,61.19047109411393,60.0,0.0,0.0,0.8000000000000006,0.0,1,0,0
2024-01-08 23:45:00,2.0,61.19047109411393,60.0,0.0,0.0,0.8000000000000006,0.0,1,0,0
2024-01-09 00:00:00,2.0,61.19047109411393,60.0,0.0,0.0,0.8000000000000006,0.0,1,0,0
2024-01-09 00:15:00,2.0,61.19047109411393,60.0,0.0,0.0,0.8000000000000006,0.0,1,0,0
2024-01-09 00:30:00,2.0,61.19047109411393,60.0,0.0,0.0,0.8000000000000006,0.0,1,0,0
2024-01-09 00:45:00,2.0,61.19047109411393,60.0,0.0,0.0,0.8000000000000006,0.0,1,0,0
2024-01-09 01:00:00,2.0,61.19047109411393,60.0,0.0,0.0,0.8000000000000006,0.0,1,0,0
2024-01-09 01:15:00,2.0,61.19047109411393,60.0,0.0,0.0,0.8000000000000006,0.0,1,0,0
2024-01-09 01:30:00,2.0,61.19047109411393,60.0,0.0,0.0,0.8000000000000006,0.0,1,0,0
2024-01-09 01:45:00,2.0,61.19047109411393,60.0,0.0,0.0,0.8000000000000006,0.0,1,0,0
2024-01-09 02:00:00,2.0,61.19047109411393,60.0,0.0,0.0,0.8000000000000006,0.0,1,0,0
2024-01-09 02:15:00,2.0,61.19047109411393,60.0,0.0,0.0,0.8000000000000006,0.0,1,0,0
2024-01-09 02:30:00,2.0,61.19047109411393,60.0,0.0,0.0,0.8000000000000006,0.0,1,0,0
2024-01-09 02:45:00,2.0,61.19047109411393,60.0,0.0,0.0,0.8000000000000006,0.0,1,0,0
2024-01-09 03:00:00,2.0,61.19047109411393,60.0,0.0,0.0,0.8000000000000006,0.0,1,0,0
2024-01-09 03:15:00,2.0,61.19047109411393,60.0,0.0,0.0,0.8000000000000006,0.0,1,0,0
2024-01-09 03:30:00,2.0,61.19047109411393,60.0,0.0,0.0,0.8000000000000006,0.0,1,0,0
2024-01-09 03:45:00,2.0,61.19047109411393,60.0,0.0,0.0,0.8000000000000006,0.0,1,0,0
2024-01-09 04:00:00,1.0,61.19047109411393,60.0,0.0,0.0,0.8000000000000006,0.0,1,0,0
2024-01-09 04:15:00,1.0,61.19047109411393,60.0,0.0,0.0,0.8000000000000006,0.0,1,0,0
2024-01-09 04:30:00,1.0,61.19047109411393,60.0,0.0,0.0,0.8000000000000006,0.0,1,0,0
2024-01-09 04:45:00,1.0,61.19047109411393,60.0,0.0,0.0,0.8000000000000006,0.0,1,0,0
2024-01-09 05:00:00,1.0,61.19047109411393,60.0,0.0,0.0,0.8000000000000006,0.0,1,0,0
2024-01-09 05:15:00,2.0,61.19047109411393,60.0,0.0,0.0,0.8000000000000006,0.0,1,0,0
2024-01-09 05:30:00,2.0,61.19047109411393,60.0,0.0,0.0,0.8000000000000006,0.0,1,0,0
2024-01-09 05:45:00,2.0,61.19047109411393,60.0,0.0,0.0,0.8000000000000006,0.0,1,0,0
2024-01-09 06:00:00,2.0,61.19047109411393,60.0,0.0,0.0,0.8000000000000006,0.0,1,0,0
2024-01-09 06:15:00,1.0,61.19047109411393,60.0,0.0,0.0,0.8000000000000006,0.0,1,0,0
2024-01-09 06:30:00,1.0,61.19047109411393,60.0,0.0,0.0,0.8000000000000006,0.0,1,0,0
2024-01-09 06:45:00,1.0,61.19047109411393,60.0,0.0,0.0,0.8000000000000006,0.0,1,0,0
2024-01-09 07:00:00,1.0,61.19047109411393,60.0,0.0,0.0,0.8000000000000006,0.0,1,0,0
2024-01-09 07:15:00,1.0,61.19047109411393,60.0,0.0,0.0,0.8000000000000006,0.0,1,0,0
2024-01-09 07:30:00,1.0,61.19047109411393,60.0,0.0,0.0,0.8000000000000006,0.0,1,0,0
2024-01-09 07:45:00,2.0,61.19047109411393,60.0,0.0,0.0,0.8000000000000006,0.0,1,0,0
2024-01-09 08:00:00,2.0,61.19047109411393,60.0,0.0,0.0,0.8000000000000006,0.0,1,0,0
2024-01-09 08:15:00,2.0,61.19047109411393,60.0,0.0,0.0,0.8000000000000006,0.0,1,0,1
2024-01-09 08:30:00,2.0,61.19047109411393,60.0,0.0,0.0,0.0,0.0,0,0,0
2024-01-09 08:45:00,2.0,61.19047109411393,60.0,0.0,0.0,0.0,0.0,0,0,0
2024-01-09 09:00:00,2.0,61.19047109411393,60.0,0.0,0.0,0.0,0.0,0,0,0
2024-01-09 09:15:00,2.0,61.19047109411393,60.0,0.0,0.0,0.0,0.0,0,0,0
2024-01-09 09:30:00,2.0,61.19047109411393,60.0,0.0,0.0,0.0,0.0,0,0,0
2024-01-09 09:45:00,2.0,61.19047109411393,60.0,0.0,0.0,0.8000000000000002,0.781,1,1,0
2024-01-09 10:00:00,1.0,61.19047109411393,60.0,0.0,0.0,0.8000000000000002,0.0,1,0,0
2024-01-09 10:15:00,1.0,61.19047109411393,60.0,0.0,0.0,0.8000000000000002,0.0,1,0,0
2024-01-09 10:30:00,1.0,61.19047109411393,60.0,0.0,0.0,0.8000000000000002,0.0,1,0,0
2024-01-09 10:45:00,1.0,61.19047109411393,60.0,0.0,0.0,0.8000000000000002,0.0,1,0,0
2024-01-09 11:00:00,1.0,61.19047109411393,60.0,0.0,0.0,0.8000000000000002,0.0,1,0,1
2024-01-09 11:15:00,1.0,61.19047109411393,60.0,0.0,0.0,0.0,0.0,0,0,0
2024-01-09 11:30:00,3.0,61.19047109411393,60.0,0.0,0.0,0.0,0.0,0,0,0
2024-01-09 11:45:00,1.0,61.19047109411393,60.0,0.0,0.0,0.8000000000000002,0.7905000000000001,1,1,0
2024-01-09 12:00:00,1.0,61.19047109411393,60.0,0.0,0.0,0.8000000000000002,0.0,1,0,0
2024-01-09 12:15:00,3.0,61.19047109411393,60.0,0.0,0.0,0.8000000000000002,0.0,1,0,0
2024-01-09 12:30:00,3.0,61.19047109411393,60.0,0.0,0.0,0.8000000000000002,0.0,1,0,0
2024-01-09 12:45:00,3.0,61.19047109411393,60.0,0.0,0.0,0.8000000000000002,0.0,1,0,0
2024-01-09 13:00:00,3.0,61.19047109411393,60.0,0.0,0.0,0.8000000000000002,0.0,1,0,1
2024-01-09 13:15:00,1.0,61.19047109411393,60.0,0.0,0.0,0.0,0.0,0,0,0
2024-01-09 13:30:00,1.0,61.19047109411393,60.0,0.0,0.0,0.0,0.0,0,0,0
2024-01-09 13:45:00,1.0,61.19047109411393,60.0,0.0,0.0,0.0,0.0,0,0,0
2024-01-09 14:00:00,1.0,61.19047109411393,60.0,0.0,0.0,0.0,0.0,0,0,0
2024-01-09 14:15:00,1.0,61.19047109411393,60.0,0.0,0.0,0.0,0.0,0,0,0
2024-01-09 14:30:00,1.0,61.19047109411393,60.0,0.0,0.0,0.0,0.0,0,0,0
2024-01-09 14:45:00,1.0,61.19047109411393,60.0,0.0,0.0,0.0,0.0,0,0,0
2024-01-09 15:00:00,1.0,61.19047109411393,60.0,0.0,0.0,0.0,0.0,0,0,0
2024-01-09 15:15:00,1.0,61.19047109411393,60.0,0.0,0.0,0.0,0.0,0,0,0
2024-01-09 15:30:00,1.0,61.19047109411393,60.0,0.0,0.0,0.0,0.0,0,0,0
2024-01-09 15:45:00,1.0,61.19047109411393,60.0,0.0,0.0,0.0,0.0,0,0,0
2024-01-09 16:00:00,1.0,61.19047109411393,60.0,0.0,0.0,0.0,0.0,0,0,0
2024-01-09 16:15:00,1.0,61.19047109411393,60.0,0.0,0.0,0.0,0.0,0,0,0
2024-01-09 16:30:00,1.0,61.19047109411393,60.0,0.0,0.0,0.0,0.0,0,0,0
2024-01-09 16:45:00,1.0,61.19047109411393,60.0,0.0,0.0,0.0,0.0,0,0,0
2024-01-09 17:00:00,1.0,61.19047109411393,60.0,0.0,0.0,0.0,0.0,0,0,0
2024-01-09 17:15:00,1.0,61.19047109411393,60.0,0.0,0.0,0.0,0.0,0,0,0
2024-01-09 17:30:00,1.0,61.19047109411393,60.0,0.0,0.0,0.0,0.0,0,0,0
2024-01-09 17:45:00,1.0,61.19047109411393,60.0,0.0,0.0,0.0,0.0,0,0,0
2024-01-09 18:00:00,1.0,61.19047109411393,60.0,0.0,0.0,0.0,0.0,0,0,0
2024-01-09 18:15:00,1.0,61.19047109411393,60.0,0.0,0.0,0.0,0.0,0,0,0
2024-01-09 18:30:00,1.0,61.19047109411393,60.0,0.0,0.0,0.0,0.0,0,0,0
2024-01-09 18:45:00,1.0,61.19047109411393,60.0,0.0,0.0,0.0,0.0,0,0,0
2024-01-09 19:00:00,1.0,61.19047109411393,60.0,0.0,0.0,0.0,0.0,0,0,0
2024-01-09 19:15:00,1.0,61.19047109411393,60.0,0.0,0.0,0.0,0.0,0,0,0
2024-01-09 19:30:00,1.0,61.19047109411393,60.0,0.0,0.0,0.0,0.0,0,0,0
2024-01-09 19:45:00,1.0,61.19047109411393,60.0,0.0,0.0,0.0,0.0,0,0,0
2024-01-09 20:00:00,1.0,61.19047109411393,60.0,0.0,0.0,0.0,0.0,0,0,0
2024-01-09 20:15:00,1.0,61.19047109411393,60.0,0.0,0.0,0.0,0.0,0,0,0
2024-01-09 20:30:00,1.0,61.19047109411393,60.0,0.0,0.0,0.0,0.0,0,0,0
2024-01-09 20:45:00,2.0,61.19047109411393,60.0,0.0,0.0,0.0,0.0,0,0,0
2024-01-09 21:00:00,2.0,61.19047109411393,60.0,0.0,0.0,0.0,0.0,0,0,0
2024-01-09 21:15:00,1.0,61.19047109411393,60.0,0.0,0.0,0.0,0.0,0,0,0
2024-01-09 21:30:00,1.0,61.19047109411393,60.0,0.0,0.0,0.0,0.0,0,0,0
2024-01-09 21:45:00,1.0,61.19047109411393,60.0,0.0,0.0,0.0,0.0,0,0,0
2024-01-09 22:00:00,2.0,61.19047109411393,60.0,0.0,0.0,0.0,0.0,0,0,0
2024-01-09 22:15:00,2.0,61.19047109411393,60.0,0.0,0.0,0.0,0.0,0,0,0
2024-01-09 22:30:00,2.0,61.19047109411393,60.0,0.0,0.0,0.0,0.0,0,0,0
2024-01-09 22:45:00,2.0,61.19047109411393,60.0,0.0,0.0,0.0,0.0,0,0,0
2024-01-09 23:00:00,2.0,61.19047109411393,60.0,0.0,0.0,0.0,0.0,0,0,0
2024-01-09 23:15:00,2.0,61.19047109411393,60.0,0.0,0.0,0.6575000000000001,0.648,1,1,0
2024-01-09 23:30:00,2.0,61.19047109411393,60.0,0.0,0.0,0.7287500000000006,0.0,1,0,0
2024-01-09 23:45:00,2.0,61.19047109411393,60.0,0.0,0.0,0.800000000000001,0.0,1,0,0
2024-01-10 00:00:00,2.0,61.19047109411393,60.0,0.0,0.0,0.800000000000001,0.0,1,0,0
2024-01-10 00:15:00,2.0,61.19047109411393,60.0,0.0,0.0,0.800000000000001,0.0,1,0,0
2024-01-10 00:30:00,2.0,61.19047109411393,60.0,0.0,0.0,0.800000000000001,0.0,1,0,0
2024-01-10 00:45:00,2.0,61.19047109411393,60.0,0.0,0.0,0.800000000000001,0.0,1,0,0
2024-01-10 01:00:00,2.0,61.19047109411393,60.0,0.0,0.0,0.800000000000001,0.0,1,0,0
2024-01-10 01:15:00,2.0,61.19047109411393,60.0,0.0,0.0,0.800000000000001,0.0,1,0,0
2024-01-10 01:30:00,2.0,61.19047109411393,60.0,0.0,0.0,0.800000000000001,0.0,1,0,0
2024-01-10 01:45:00,2.0,61.17207109411393,60.0,0.5134826666666666,0.0,0.800000000000001,0.0,1,0,0
2024-01-10 02:00:00,2.0,60.17847109411392,60.0,2.053930666666667,0.0,0.800000000000001,0.0,1,0,0
2024-01-10 02:15:00,2.0,58.07708781652193,60.0,2.053930666666667,0.0,0.800000000000001,0.0,1,0,0
2024-01-10 02:30:00,2.0,60.65152030577178,60.0,0.0,0.0,0.800000000000001,0.0,1,0,0
2024-01-10 02:45:00,2.0,61.16752603916881,60.0,0.0,0.0,0.800000000000001,0.0,1,0,0
2024-01-10 03:00:00,2.0,61.16752603916881,60.0,0.0,0.0,0.800000000000001,0.0,1,0,0
2024-01-10 03:15:00,1.0,61.16752603916881,60.0,0.0,0.0,0.800000000000001,0.0,1,0,0
2024-01-10 03:30:00,2.0,61.16752603916881,60.0,0.0,0.0,0.800000000000001,0.0,1,0,0
2024-01-10 03:45:00,2.0,60.707526039168805,60.0,0.5134826666666666,0.0,0.800000000000001,0.0,1,0,0
2024-01-10 04:00:00,2.0,60.615526039168806,60.0,0.0,0.0,0.800000000000001,0.0,1,0,0
2024-01-10 04:15:00,1.0,60.615526039168806,60.0,0.0,0.0,0.800000000000001,0.0,1,0,0
2024-01-10 04:30:00,1.0,60.615526039168806,60.0,0.0,0.0,0.800000000000001,0.0,1,0,0
2024-01-10 04:45:00,2.0,60.615526039168806,60.0,0.0,0.0,0.800000000000001,0.0,1,0,0
2024-01-10 05:00:00,2.0,60.615526039168806,60.0,0.0,0.0,0.800000000000001,0.0,1,0,0
2024-01-10 05:15:00,1.0,60.615526039168806,60.0,0.0,0.0,0.800000000000001,0.0,1,0,0
2024-01-10 05:30:00,2.0,60.615526039168806,60.0,0.0,0.0,0.800000000000001,0.0,1,0,0
2024-01-10 05:45:00,2.0,60.615526039168806,60.0,0.0,0.0,0.800000000000001,0.0,1,0,0
2024-01-10 06:00:00,1.0,60.615526039168806,60.0,0.0,0.0,0.800000000000001,0.0,1,0,0
2024-01-10 06:15:00,1.0,60.615526039168806,60.0,0.0,0.0,0.800000000000001,0.0,1,0,0
2024-01-10 06:30:00,2.0,60.615526039168806,60.0,0.0,0.0,0.800000000000001,0.0,1,0,0
2024-01-10 06:45:00,2.0,60.4683260391688,60.0,0.2567413333333333,0.0,0.800000000000001,0.0,1,0,0
2024-01-10 07:00:00,2.0,59.9899260391688,60.0,0.5134826666666666,0.0,0.800000000000001,0.0,1,0,0
2024-01-10 07:15:00,2.0,59.787526039168796,60.0,0.0,0.0,0.800000000000001,0.0,1,0,0
2024-01-10 07:30:00,2.0,59.787526039168796,60.0,0.0,0.0,0.800000000000001,0.0,1,0,0
2024-01-10 07:45:00,1.0,59.787526039168796,60.0,0.0,0.0,0.800000000000001,0.0,1,0,0
2024-01-10 08:00:00,2.0,59.787526039168796,60.0,0.0,0.0,0.800000000000001,0.0,1,0,0
2024-01-10 08:15:00,2.0,59.787526039168796,60.0,0.0,0.0,0.800000000000001,0.0,1,0,0
2024-01-10 08:30:00,2.0,59.787526039168796,60.0,0.0,0.0,0.800000000000001,0.0,1,0,0
2024-01-10 08:45:00,2.0,59.787526039168796,60.0,0.0,0.0,0.800000000000001,0.0,1,0,0
2024-01-10 09:00:00,2.0,59.787526039168796,60.0,0.0,0.0,0.800000000000001,0.0,1,0,0
2024-01-10 09:15:00,2.0,59.787526039168796,60.0,0.0,0.0,0.800000000000001,0.0,1,0,0
2024-01-10 09:30:00,2.0,59.787526039168796,60.0,0.0,0.0,0.800000000000001,0.0,1,0,0
2024-01-10 09:45:00,2.0,59.787526039168796,60.0,0.0,0.0,0.800000000000001,0.0,1,0,1
2024-01-10 10:00:00,1.0,59.787526039168796,60.0,0.0,0.0,0.0,0.0,0,0,0
2024-01-10 10:15:00,1.0,59.787526039168796,60.0,0.0,0.0,0.0,0.0,0,0,0
2024-01-10 10:30:00,1.0,59.787526039168796,60.0,0.0,0.0,0.0,0.0,0,0,0
2024-01-10 10:45:00,3.0,59.787526039168796,60.0,0.0,0.0,0.0,0.0,0,0,0
2024-01-10 11:00:00,3.0,59.787526039168796,60.0,0.0,0.0,0.0,0.0,0,0,0
2024-01-10 11:15:00,1.0,59.787526039168796,60.0,0.0,0.0,0.0,0.0,0,0,0
2024-01-10 11:30:00,1.0,59.787526039168796,60.0,0.0,0.0,0.0,0.0,0,0,0
2024-01-10 11:45:00,1.0,59.787526039168796,60.0,0.0,0.0,0.0,0.0,0,0,0
2024-01-10 12:00:00,1.0,59.787526039168796,60.0,0.0,0.0,0.0,0.0,0,0,0
2024-01-10 12:15:00,1.0,59.787526039168796,60.0,0.0,0.0,0.0,0.0,0,0,0
2024-01-10 12:30:00,1.0,59.787526039168796,60.0,0.0,0.0,0.0,0.0,0,0,0
2024-01-10 12:45:00,1.0,59.787526039168796,60.0,0.0,0.0,0.0,0.0,0,0,0
2024-01-10 13:00:00,1.0,59.787526039168796,60.0,0.0,0.0,0.0,0.0,0,0,0
2024-01-10 13:15:00,1.0,59.787526039168796,60.0,0.0,0.0,0.0,0.0,0,0,0
2024-01-10 13:30:00,1.0,59.787526039168796,60.0,0.0,0.0,0.0,0.0,0,0,0
2024-01-10 13:45:00,3.0,59.787526039168796,60.0,0.0,0.0,0.0,0.0,0,0,0
2024-01-10 14:00:00,3.0,59.787526039168796,60.0,0.0,0.0,0.0,0.0,0,0,0
2024-01-10 14:15:00,1.0,59.787526039168796,60.0,0.0,0.0,0.0,0.0,0,0,0
2024-01-10 14:30:00,1.0,59.787526039168796,60.0,0.0,0.0,0.0,0.0,0,0,0
2024-01-10 14:45:00,1.0,59.787526039168796,60.0,0.0,0.0,0.0,0.0,0,0,0
2024-01-10 15:00:00,1.0,59.787526039168796,60.0,0.0,0.0,0.0,0.0,0,0,0
2024-01-10 15:15:00,1.0,59.787526039168796,60.0,0.0,0.0,0.0,0.0,0,0,0
2024-01-10 15:30:00,1.0,59.787526039168796,60.0,0.0,0.0,0.0,0.0,0,0,0
2024-01-10 15:45:00,1.0,59.787526039168796,60.0,0.0,0.0,0.0,0.0,0,0,0
2024-01-10 16:00:00,1.0,59.787526039168796,60.0,0.0,0.0,0.0,0.0,0,0,0
2024-01-10 16:15:00,1.0,59.787526039168796,60.0,0.0,0.0,0.0,0.0,0,0,0
2024-01-10 16:30:00,1.0,59.787526039168796,60.0,0.0,0.0,0.0,0.0,0,0,0
2024-01-10 16:45:00,1.0,59.62192603916879,60.0,0.5134826666666666,0.0,0.0,0.0,0,0,0
2024-01-10 17:00:00,3.0,59.178273865255726,60.0,1.7971893333333335,0.0,0.0,0.0,0,0,0
2024-01-10 17:15:00,1.0,59.44497620639281,60.0,3.594378666666667,0.0,0.0,0.0,0,0,0
2024-01-10 17:30:00,1.0,60.77827424748214,60.0,0.0,0.0,0.0,0.0,0,0,0
2024-01-10 17:45:00,1.0,60.75641204012426,60.0,0.5134826666666666,0.0,0.0,0.0,0,0,0
2024-01-10 18:00:00,1.0,60.62761204012426,60.0,0.0,0.0,0.0,0.0,0,0,0
2024-01-10 18:15:00,1.0,59.83435986621121,60.0,3.0808960000000005,0.0,0.0,0.0,0,0,0
2024-01-10 18:30:00,1.0,61.04232011465838,60.0,0.0,0.0,0.7715000000000005,0.7097500000000001,1,1,0
2024-01-10 18:45:00,1.0,61.020055040601996,60.0,0.2567413333333333,0.0,0.8000000000000007,0.0,1,0,0
2024-01-10 19:00:00,1.0,60.909655040602,60.0,0.0,0.0,0.8000000000000007,0.0,1,0,0
2024-01-10 19:15:00,1.0,60.419055518385086,60.0,2.053930666666667,0.0,0.8000000000000007,0.0,1,0,0
2024-01-10 19:30:00,1.0,58.31247892975629,60.0,4.6213440000000015,0.0,0.8000000000000007,0.0,1,0,0
2024-01-10 19:45:00,1.0,57.56311476348774,60.0,1.5404480000000003,0.0,0.8000000000000007,0.0,1,0,0
2024-01-10 20:00:00,1.0,59.555149163869935,60.0,3.0808960000000005,0.0,0.8000000000000007,0.0,1,0,0
2024-01-10 20:15:00,1.0,60.07478069755361,60.0,0.0,0.0,0.8000000000000007,0.0,1,0,0
2024-01-10 20:30:00,1.0,61.020791208781496,60.0,0.0,0.0,0.8000000000000007,0.0,1,0,0
2024-01-10 20:45:00,1.0,61.020791208781496,60.0,0.0,0.0,0.8000000000000007,0.0,1,0,0
2024-01-10 21:00:00,2.0,61.020791208781496,60.0,0.0,0.0,0.8000000000000007,0.0,1,0,1
2024-01-10 21:15:00,1.0,60.76319120878149,60.0,0.2567413333333333,0.0,0.0,0.0,0,0,0
2024-01-10 21:30:00,2.0,60.247991208781485,60.0,0.5134826666666666,0.0,0.0,0.0,0,0,0
2024-01-10 21:45:00,2.0,60.192791208781486,60.0,0.0,0.0,0.8000000000000002,0.7857500000000001,1,1,0
2024-01-10 22:00:00,2.0,60.192791208781486,60.0,0.0,0.0,0.8000000000000002,0.0,1,0,0
2024-01-10 22:15:00,2.0,58.51633903486843,60.0,3.0808960000000005,0.0,0.8000000000000002,0.0,1,0,0
2024-01-10 22:30:00,1.0,60.87983564260848,60.0,0.0,0.0,0.8000000000000002,0.0,1,0,0
2024-01-10 22:45:00,1.0,59.966438987090086,60.0,1.5404480000000003,0.0,0.8000000000000002,0.0,1,0,0
2024-01-10 23:00:00,1.0,59.524838987090085,60.0,0.0,0.0,0.8000000000000002,0.0,1,0,0
2024-01-10 23:15:00,2.0,59.23043898709008,60.0,1.7971893333333335,0.0,0.8000000000000002,0.0,1,0,0
2024-01-10 23:30:00,2.0,58.944858098413526,60.0,0.5134826666666666,0.0,0.8000000000000002,0.0,1,0,0
2024-01-10 23:45:00,2.0,61.039883420917086,60.0,0.0,0.0,0.8000000000000002,0.0,1,0,0
2024-01-11 00:00:00,2.0,61.125884376483256,60.0,0.0,0.0,0.8000000000000002,0.0,1,0,0
2024-01-11 00:15:00,1.0,61.125884376483256,60.0,0.0,0.0,0.8000000000000002,0.0,1,0,0
2024-01-11 00:30:00,2.0,60.702684376483255,60.0,0.5134826666666666,0.0,0.8000000000000002,0.0,1,0,0
2024-01-11 00:45:00,2.0,60.37148437648325,60.0,0.5134826666666666,0.0,0.8000000000000002,0.0,1,0,0
2024-01-11 01:00:00,2.0,59.11428533204941,60.0,3.337637333333334,0.0,0.8000000000000002,0.0,1,0,0
2024-01-11 01:15:00,2.0,58.79891065455297,60.0,0.0,0.0,0.8000000000000002,0.0,1,0,0
2024-01-11 01:30:00,2.0,61.077935977056526,60.0,0.0,0.0,0.8000000000000002,0.0,1,0,0
2024-01-11 01:45:00,1.0,60.74073693262269,60.0,1.0269653333333333,0.0,0.8000000000000002,0.0,1,0,0
2024-01-11 02:00:00,1.0,60.05993693262268,60.0,0.0,0.0,0.8000000000000002,0.0,1,0,0
2024-01-11 02:15:00,1.0,59.967936932622685,60.0,0.2567413333333333,0.0,0.8000000000000002,0.0,1,0,0
2024-01-11 02:30:00,1.0,59.78393693262267,60.0,0.2567413333333333,0.0,0.8000000000000002,0.0,1,0,0
2024-01-11 02:45:00,1.0,59.2629393215381,60.0,0.770224,0.0,0.8000000000000002,0.0,1,0,0
2024-01-11 03:00:00,1.0,60.852830195881126,60.0,0.5134826666666666,0.0,0.8000000000000002,0.0,1,0,0
2024-01-11 03:15:00,1.0,60.66536798852326,60.0,0.2567413333333333,0.0,0.8000000000000002,0.0,1,0,0
2024-01-11 03:30:00,1.0,59.19437515526955,60.0,3.0808960000000005,0.0,0.8000000000000002,0.0,1,0,0
2024-01-11 03:45:00,1.0,60.689005255603966,60.0,0.0,0.0,0.8000000000000002,0.0,1,0,0
2024-01-11 04:00:00,2.0,61.205010989000996,60.0,0.0,0.0,0.8000000000000002,0.0,1,0,0
2024-01-11 04:15:00,1.0,61.205010989000996,60.0,0.0,0.0,0.8000000000000002,0.0,1,0,0
2024-01-11 04:30:00,1.0,61.205010989000996,60.0,0.0,0.0,0.8000000000000002,0.0,1,0,0
2024-01-11 04:45:00,1.0,61.205010989000996,60.0,0.0,0.0,0.8000000000000002,0.0,1,0,0
2024-01-11 05:00:00,1.0,61.205010989000996,60.0,0.0,0.0,0.8000000000000002,0.0,1,0,0
2024-01-11 05:15:00,2.0,61.205010989000996,60.0,0.0,0.0,0.8000000000000002,0.0,1,0,0
2024-01-11 05:30:00,2.0,61.205010989000996,60.0,0.0,0.0,0.8000000000000002,0.0,1,0,0
2024-01-11 05:45:00,2.0,61.205010989000996,60.0,0.0,0.0,0.8000000000000002,0.0,1,0,0
2024-01-11 06:00:00,1.0,61.205010989000996,60.0,0.0,0.0,0.8000000000000002,0.0,1,0,0
2024-01-11 06:15:00,1.0,61.205010989000996,60.0,0.0,0.0,0.8000000000000002,0.0,1,0,0
2024-01-11 06:30:00,1.0,61.205010989000996,60.0,0.0,0.0,0.8000000000000002,0.0,1,0,0
2024-01-11 06:45:00,3.0,61.205010989000996,60.0,0.0,0.0,0.8000000000000002,0.0,1,0,0
2024-01-11 07:00:00,3.0,61.205010989000996,60.0,0.0,0.0,0.8000000000000002,0.0,1,0,0
2024-01-11 07:15:00,3.0,61.205010989000996,60.0,0.0,0.0,0.8000000000000002,0.0,1,0,0
2024-01-11 07:30:00,3.0,61.205010989000996,60.0,0.0,0.0,0.8000000000000002,0.0,1,0,1
2024-01-11 07:45:00,3.0,61.205010989000996,60.0,0.0,0.0,0.0,0.0,0,0,0
2024-01-11 08:00:00,3.0,61.205010989000996,60.0,0.0,0.0,0.0,0.0,0,0,0
2024-01-11 08:15:00,3.0,61.205010989000996,60.0,0.0,0.0,0.0,0.0,0,0,0
2024-01-11 08:30:00,3.0,61.205010989000996,60.0,0.0,0.0,0.0,0.0,0,0,0
2024-01-11 08:45:00,3.0,61.205010989000996,60.0,0.0,0.0,0.0,0.0,0,0,0
2024-01-11 09:00:00,3.0,61.205010989000996,60.0,0.0,0.0,0.0,0.0,0,0,0
2024-01-11 09:15:00,1.0,61.205010989000996,60.0,0.0,0.0,0.0,0.0,0,0,0
2024-01-11 09:30:00,3.0,61.205010989000996,60.0,0.0,0.0,0.0,0.0,0,0,0
2024-01-11 09:45:00,3.0,61.205010989000996,60.0,0.0,0.0,0.0,0.0,0,0,0
2024-01-11 10:00:00,3.0,61.205010989000996,60.0,0.0,0.0,0.0,0.0,0,0,0
2024-01-11 10:15:00,1.0,61.205010989000996,60.0,0.0,0.0,0.0,0.0,0,0,0
2024-01-11 10:30:00,1.0,61.205010989000996,60.0,0.0,0.0,0.0,0.0,0,0,0
2024-01-11 10:45:00,1.0,60.94741098900099,60.0,0.770224,0.0,0.0,0.0,0,0,0
2024-01-11 11:00:00,1.0,59.918018155747276,60.0,1.5404480000000003,0.0,0.0,0.0,0,0,0
2024-01-11 11:15:00,1.0,60.961303774476356,60.0,0.2567413333333333,0.0,0.0,0.0,0,0,0
2024-01-11 11:30:00,3.0,60.81003726707071,60.0,0.0,0.0,0.0,0.0,0,0,0
2024-01-11 11:45:00,3.0,60.57083726707071,60.0,0.5134826666666666,0.0,0.0,0.0,0,0,0
2024-01-11 12:00:00,1.0,59.834837267070704,60.0,0.5134826666666666,0.0,0.0,0.0,0,0,0
2024-01-11 12:15:00,3.0,59.7060372670707,60.0,0.0,0.0,0.0,0.0,0,0,0
2024-01-11 12:30:00,3.0,59.7060372670707,60.0,0.0,0.0,0.0,0.0,0,0,0
2024-01-11 12:45:00,3.0,59.7060372670707,60.0,0.0,0.0,0.0,0.0,0,0,0
2024-01-11 13:00:00,3.0,59.7060372670707,60.0,0.0,0.0,0.0,0.0,0,0,0
2024-01-11 13:15:00,3.0,59.7060372670707,60.0,0.0,0.0,0.0,0.0,0,0,0
2024-01-11 13:30:00,3.0,59.7060372670707,60.0,0.0,0.0,0.0,0.0,0,0,0
2024-01-11 13:45:00,3.0,59.7060372670707,60.0,0.0,0.0,0.0,0.0,0,0,0
2024-01-11 14:00:00,1.0,59.7060372670707,60.0,0.0,0.0,0.0,0.0,0,0,0
2024-01-11 14:15:00,1.0,59.7060372670707,60.0,0.0,0.0,0.0,0.0,0,0,0
2024-01-11 14:30:00,1.0,59.7060372670707,60.0,0.0,0.0,0.0,0.0,0,0,0
2024-01-11 14:45:00,1.0,59.7060372670707,60.0,0.0,0.0,0.0,0.0,0,0,0
2024-01-11 15:00:00,1.0,59.7060372670707,60.0,0.0,0.0,0.0,0.0,0,0,0
2024-01-11 15:15:00,3.0,59.7060372670707,60.0,0.0,0.0,0.0,0.0,0,0,0
2024-01-11 15:30:00,1.0,59.7060372670707,60.0,0.0,0.0,0.0,0.0,0,0,0
2024-01-11 15:45:00,1.0,59.7060372670707,60.0,0.0,0.0,0.0,0.0,0,0,0
2024-01-11 16:00:00,1.0,59.7060372670707,60.0,0.0,0.0,0.0,0.0,0,0,0
2024-01-11 16:15:00,1.0,59.7060372670707,60.0,0.0,0.0,0.0,0.0,0,0,0
2024-01-11 16:30:00,1.0,59.7060372670707,60.0,0.0,0.0,0.0,0.0,0,0,0
2024-01-11 16:45:00,1.0,59.7060372670707,60.0,0.0,0.0,0.0,0.0,0,0,0
2024-01-11 17:00:00,1.0,59.7060372670707,60.0,0.0,0.0,0.7240000000000003,0.686,1,1,0
2024-01-11 17:15:00,1.0,59.7060372670707,60.0,0.0,0.0,0.7952500000000008,0.0,1,0,0
2024-01-11 17:30:00,1.0,59.7060372670707,60.0,0.0,0.0,0.8000000000000008,0.0,1,0,0
2024-01-11 17:45:00,1.0,59.7060372670707,60.0,0.0,0.0,0.8000000000000008,0.0,1,0,0
2024-01-11 18:00:00,1.0,59.7060372670707,60.0,0.0,0.0,0.8000000000000008,0.0,1,0,0
2024-01-11 18:15:00,1.0,59.7060372670707,60.0,0.0,0.0,0.8000000000000008,0.0,1,0,0
2024-01-11 18:30:00,1.0,59.7060372670707,60.0,0.0,0.0,0.8000000000000008,0.0,1,0,1
2024-01-11 18:45:00,1.0,59.7060372670707,60.0,0.0,0.0,0.0,0.0,0,0,0
2024-01-11 19:00:00,1.0,59.7060372670707,60.0,0.0,0.0,0.0,0.0,0,0,0
2024-01-11 19:15:00,1.0,59.7060372670707,60.0,0.0,0.0,0.0,0.0,0,0,0
2024-01-11 19:30:00,1.0,59.7060372670707,60.0,0.0,0.0,0.0,0.0,0,0,0
2024-01-11 19:45:00,1.0,59.7060372670707,60.0,0.0,0.0,0.0,0.0,0,0,0
2024-01-11 20:00:00,1.0,59.7060372670707,60.0,0.0,0.0,0.0,0.0,0,0,0
2024-01-11 20:15:00,1.0,59.7060372670707,60.0,0.0,0.0,0.0,0.0,0,0,0
2024-01-11 20:30:00,1.0,59.7060372670707,60.0,0.0,0.0,0.0,0.0,0,0,0
2024-01-11 20:45:00,1.0,59.7060372670707,60.0,0.0,0.0,0.0,0.0,0,0,0
2024-01-11 21:00:00,1.0,59.7060372670707,60.0,0.0,0.0,0.0,0.0,0,0,0
2024-01-11 21:15:00,1.0,59.7060372670707,60.0,0.0,0.0,0.0,0.0,0,0,0
2024-01-11 21:30:00,1.0,59.7060372670707,60.0,0.0,0.0,0.0,0.0,0,0,0
2024-01-11 21:45:00,1.0,59.7060372670707,60.0,0.0,0.0,0.0,0.0,0,0,0
2024-01-11 22:00:00,1.0,59.7060372670707,60.0,0.0,0.0,0.0,0.0,0,0,0
2024-01-11 22:15:00,1.0,59.7060372670707,60.0,0.0,0.0,0.0,0.0,0,0,0
2024-01-11 22:30:00,2.0,59.7060372670707,60.0,0.0,0.0,0.0,0.0,0,0,0
2024-01-11 22:45:00,2.0,59.7060372670707,60.0,0.0,0.0,0.0,0.0,0,0,0
2024-01-11 23:00:00,2.0,59.7060372670707,60.0,0.0,0.0,0.0,0.0,0,0,0
2024-01-11 23:15:00,2.0,59.7060372670707,60.0,0.0,0.0,0.0,0.0,0,0,0
2024-01-11 23:30:00,2.0,59.7060372670707,60.0,0.0,0.0,0.0,0.0,0,0,0
2024-01-11 23:45:00,2.0,59.7060372670707,60.0,0.0,0.0,0.0,0.0,0,0,0
2024-01-12 00:00:00,2.0,59.7060372670707,60.0,0.0,0.0,0.7810000000000001,0.762,1,1,0
2024-01-12 00:15:00,2.0,59.7060372670707,60.0,0.0,0.0,0.8000000000000003,0.0,1,0,0
2024-01-12 00:30:00,2.0,59.7060372670707,60.0,0.0,0.0,0.8000000000000003,0.0,1,0,0
2024-01-12 00:45:00,2.0,59.7060372670707,60.0,0.0,0.0,0.8000000000000003,0.0,1,0,0
2024-01-12 01:00:00,2.0,59.7060372670707,60.0,0.0,0.0,0.8000000000000003,0.0,1,0,0
2024-01-12 01:15:00,2.0,59.7060372670707,60.0,0.0,0.0,0.8000000000000003,0.0,1,0,0
2024-01-12 01:30:00,2.0,59.7060372670707,60.0,0.0,0.0,0.8000000000000003,0.0,1,0,0
2024-01-12 01:45:00,2.0,59.503637267070694,60.0,0.5134826666666666,0.0,0.8000000000000003,0.0,1,0,1
2024-01-12 02:00:00,2.0,59.1540372670707,60.0,0.2567413333333333,0.0,0.0,0.0,0,0,0
2024-01-12 02:15:00,2.0,59.352653989478696,60.0,1.7971893333333335,0.0,0.0,0.0,0,0,0
2024-01-12 02:30:00,2.0,60.740547730520234,60.0,0.5134826666666666,0.0,0.0,0.0,0,0,0
2024-01-12 02:45:00,2.0,60.313482656463854,60.0,0.2567413333333333,0.0,0.0,0.0,0,0,0
2024-01-12 03:00:00,2.0,60.20308265646385,60.0,0.0,0.0,0.0,0.0,0,0,0
2024-01-12 03:15:00,2.0,60.20308265646385,60.0,0.0,0.0,0.0,0.0,0,0,0
2024-01-12 03:30:00,2.0,60.20308265646385,60.0,0.0,0.0,0.0,0.0,0,0,0
2024-01-12 03:45:00,2.0,60.20308265646385,60.0,0.0,0.0,0.0,0.0,0,0,0
2024-01-12 04:00:00,1.0,60.20308265646385,60.0,0.0,0.0,0.0,0.0,0,0,0
2024-01-12 04:15:00,2.0,60.07428265646385,60.0,0.5134826666666666,0.0,0.0,0.0,0,0,0
2024-01-12 04:30:00,2.0,59.44868265646384,60.0,0.5134826666666666,0.0,0.0,0.0,0,0,0
2024-01-12 04:45:00,1.0,57.964886000945434,60.0,3.0808960000000005,0.0,0.0,0.0,0,0,0
2024-01-12 05:00:00,1.0,55.77951610127986,60.0,3.337637333333334,0.0,0.0,0.0,0,0,0
2024-01-12 05:15:00,1.0,58.43415193501131,60.0,0.0,0.0,0.0,0.0,0,0,0
2024-01-12 05:30:00,1.0,60.870845676052845,60.0,0.0,0.0,0.7952500000000001,0.77625,1,1,0
2024-01-12 05:45:00,1.0,61.014180601996465,60.0,0.0,0.0,0.8000000000000002,0.0,1,0,0
2024-01-12 06:00:00,2.0,61.014180601996465,60.0,0.0,0.0,0.8000000000000002,0.0,1,0,0
2024-01-12 06:15:00,2.0,61.014180601996465,60.0,0.0,0.0,0.8000000000000002,0.0,1,0,0
2024-01-12 06:30:00,2.0,61.014180601996465,60.0,0.0,0.0,0.8000000000000002,0.0,1,0,0
2024-01-12 06:45:00,2.0,61.014180601996465,60.0,0.0,0.0,0.8000000000000002,0.0,1,0,0
2024-01-12 07:00:00,1.0,61.014180601996465,60.0,0.0,0.0,0.8000000000000002,0.0,1,0,0
2024-01-12 07:15:00,1.0,61.014180601996465,60.0,0.0,0.0,0.8000000000000002,0.0,1,0,0
2024-01-12 07:30:00,3.0,61.014180601996465,60.0,0.0,0.0,0.8000000000000002,0.0,1,0,0
2024-01-12 07:45:00,3.0,61.014180601996465,60.0,0.0,0.0,0.8000000000000002,0.0,1,0,0
2024-01-12 08:00:00,1.0,61.014180601996465,60.0,0.0,0.0,0.8000000000000002,0.0,1,0,0
2024-01-12 08:15:00,3.0,61.014180601996465,60.0,0.0,0.0,0.8000000000000002,0.0,1,0,0
2024-01-12 08:30:00,3.0,61.014180601996465,60.0,0.0,0.0,0.8000000000000002,0.0,1,0,1
2024-01-12 08:45:00,3.0,61.014180601996465,60.0,0.0,0.0,0.0,0.0,0,0,0
2024-01-12 09:00:00,3.0,61.014180601996465,60.0,0.0,0.0,0.0,0.0,0,0,0
2024-01-12 09:15:00,3.0,61.014180601996465,60.0,0.0,0.0,0.0,0.0,0,0,0
2024-01-12 09:30:00,2.0,61.014180601996465,60.0,0.0,0.0,0.0,0.0,0,0,0
2024-01-12 09:45:00,1.0,61.014180601996465,60.0,0.0,0.0,0.0,0.0,0,0,0
2024-01-12 10:00:00,1.0,61.014180601996465,60.0,0.0,0.0,0.0,0.0,0,0,0
2024-01-12 10:15:00,1.0,61.014180601996465,60.0,0.0,0.0,0.0,0.0,0,0,0
2024-01-12 10:30:00,1.0,61.014180601996465,60.0,0.0,0.0,0.0,0.0,0,0,0
2024-01-12 10:45:00,1.0,61.014180601996465,60.0,0.0,0.0,0.0,0.0,0,0,0
2024-01-12 11:00:00,1.0,61.014180601996465,60.0,0.0,0.0,0.8000000000000002,0.7857500000000001,1,1,0
2024-01-12 11:15:00,1.0,61.014180601996465,60.0,0.0,0.0,0.8000000000000002,0.0,1,0,0
2024-01-12 11:30:00,1.0,61.014180601996465,60.0,0.0,0.0,0.8000000000000002,0.0,1,0,0
2024-01-12 11:45:00,1.0,61.014180601996465,60.0,0.0,0.0,0.8000000000000002,0.0,1,0,0
2024-01-12 12:00:00,1.0,61.014180601996465,60.0,0.0,0.0,0.8000000000000002,0.0,1,0,1
2024-01-12 12:15:00,1.0,61.014180601996465,60.0,0.0,0.0,0.0,0.0,0,0,0
2024-01-12 12:30:00,1.0,61.014180601996465,60.0,0.0,0.0,0.0,0.0,0,0,0
2024-01-12 12:45:00,3.0,61.014180601996465,60.0,0.0,0.0,0.8,0.79525,1,1,0
2024-01-12 13:00:00,3.0,61.014180601996465,60.0,0.0,0.0,0.8,0.0,1,0,0
2024-01-12 13:15:00,3.0,61.014180601996465,60.0,0.0,0.0,0.8,0.0,1,0,0
2024-01-12 13:30:00,3.0,61.014180601996465,60.0,0.0,0.0,0.8,0.0,1,0,0
2024-01-12 13:45:00,3.0,61.014180601996465,60.0,0.0,0.0,0.8,0.0,1,0,0
2024-01-12 14:00:00,1.0,61.014180601996465,60.0,0.0,0.0,0.8,0.0,1,0,0
2024-01-12 14:15:00,1.0,61.014180601996465,60.0,0.0,0.0,0.8,0.0,1,0,1
2024-01-12 14:30:00,1.0,61.014180601996465,60.0,0.0,0.0,0.0,0.0,0,0,0
2024-01-12 14:45:00,1.0,60.70138060199646,60.0,0.5134826666666666,0.0,0.8047500000000001,0.8,1,1,0
2024-01-12 15:00:00,1.0,59.98998107977955,60.0,2.053930666666667,0.0,0.8047500000000001,0.0,1,0,0
2024-01-12 15:15:00,1.0,59.993204013367674,60.0,1.7971893333333335,0.0,0.8047500000000001,0.0,1,0,0
2024-01-12 15:30:00,1.0,59.30394992832227,60.0,0.770224,0.0,0.8047500000000001,0.0,1,0,0
2024-01-12 15:45:00,1.0,60.43923554705135,60.0,0.0,0.0,0.8047500000000001,0.0,1,0,0
2024-01-12 16:00:00,1.0,61.084242713797636,60.0,0.0,0.0,0.8047500000000001,0.0,1,0,0
2024-01-12 16:15:00,1.0,61.084242713797636,60.0,0.0,0.0,0.8047500000000001,0.0,1,0,1
2024-01-12 16:30:00,1.0,61.084242713797636,60.0,0.0,0.0,0.0,0.0,0,0,0
2024-01-12 16:45:00,1.0,61.084242713797636,60.0,0.0,0.0,0.0,0.0,0,0,0
2024-01-12 17:00:00,1.0,61.084242713797636,60.0,0.0,0.0,0.0,0.0,0,0,0
2024-01-12 17:15:00,1.0,61.084242713797636,60.0,0.0,0.0,0.0,0.0,0,0,0
2024-01-12 17:30:00,1.0,61.084242713797636,60.0,0.0,0.0,0.0,0.0,0,0,0
2024-01-12 17:45:00,1.0,61.084242713797636,60.0,0.0,0.0,0.0,0.0,0,0,0
2024-01-12 18:00:00,1.0,61.084242713797636,60.0,0.0,0.0,0.0,0.0,0,0,0
2024-01-12 18:15:00,1.0,61.084242713797636,60.0,0.0,0.0,0.0,0.0,0,0,0
2024-01-12 18:30:00,1.0,61.084242713797636,60.0,0.0,0.0,0.0,0.0,0,0,0
2024-01-12 18:45:00,1.0,61.084242713797636,60.0,0.0,0.0,0.0,0.0,0,0,0
2024-01-12 19:00:00,1.0,61.084242713797636,60.0,0.2567413333333333,0.0,0.0,0.0,0,0,0
2024-01-12 19:15:00,1.0,60.80824271379763,60.0,0.0,0.0,0.0,0.0,0,0,0
2024-01-12 19:30:00,1.0,60.661042713797634,60.0,0.2567413333333333,0.0,0.0,0.0,0,0,0
2024-01-12 19:45:00,1.0,59.07964988054392,60.0,3.0808960000000005,0.0,0.0,0.0,0,0,0
2024-01-12 20:00:00,1.0,60.57427998087834,60.0,0.0,0.0,0.0,0.0,0,0,0
2024-01-12 20:15:00,1.0,59.2274981366356,60.0,3.0808960000000005,0.0,0.0,0.0,0,0,0
2024-01-12 20:30:00,1.0,60.849921070223736,60.0,0.2567413333333333,0.0,0.0,0.0,0,0,0
2024-01-12 20:45:00,1.0,60.58012154800681,60.0,0.2567413333333333,0.0,0.0,0.0,0,0,0
2024-01-12 21:00:00,1.0,60.45132154800681,60.0,0.0,0.0,0.0,0.0,0,0,0
2024-01-12 21:15:00,1.0,60.45132154800681,60.0,0.0,0.0,0.0,0.0,0,0,0
2024-01-12 21:30:00,1.0,59.317124892488415,60.0,3.0808960000000005,0.0,0.0,0.0,0,0,0
2024-01-12 21:45:00,2.0,59.897754037256654,60.0,2.053930666666667,0.0,0.0,0.0,0,0,0
2024-01-12 22:00:00,2.0,59.91418365980799,60.0,0.770224,0.0,0.0,0.0,0,0,0
2024-01-12 22:15:00,2.0,61.198400382216,60.0,0.0,0.0,0.0,0.0,0,0,0
2024-01-12 22:30:00,2.0,61.051200382216,60.0,0.770224,0.0,0.0,0.0,0,0,0
2024-01-12 22:45:00,2.0,59.88853817485813,60.0,1.5404480000000003,0.0,0.0,0.0,0,0,0
2024-01-12 23:00:00,2.0,60.99342570471955,60.0,0.0,0.0,0.0,0.0,0,0,0
2024-01-12 23:15:00,2.0,60.87702666028572,60.0,0.770224,0.0,0.0,0.0,0,0,0
2024-01-12 23:30:00,2.0,60.25142666028571,60.0,0.0,0.0,0.8000000000000004,0.7525000000000001,1,1,0
2024-01-12 23:45:00,2.0,58.725032393682746,60.0,3.594378666666667,0.0,0.8000000000000004,0.0,1,0,0
2024-01-13 00:00:00,2.0,59.5882648829326,60.0,0.2567413333333333,0.0,0.8000000000000004,0.0,1,0,0
2024-01-13 00:15:00,2.0,61.05648160534061,60.0,0.0,0.0,0.8000000000000004,0.0,1,0,0
2024-01-13 00:30:00,2.0,60.467681605340594,60.0,1.0269653333333333,0.0,0.8000000000000004,0.0,1,0,0
2024-01-13 00:45:00,2.0,59.952481605340594,60.0,0.0,0.0,0.8000000000000004,0.0,1,0,0
2024-01-13 01:00:00,2.0,59.952481605340594,60.0,0.0,0.0,0.8000000000000004,0.0,1,0,0
2024-01-13 01:15:00,2.0,59.952481605340594,60.0,0.0,0.0,0.8000000000000004,0.0,1,0,0
2024-01-13 01:30:00,2.0,59.952481605340594,60.0,0.0,0.0,0.8000000000000004,0.0,1,0,0
2024-01-13 01:45:00,2.0,59.952481605340594,60.0,0.0,0.0,0.8000000000000004,0.0,1,0,0
2024-01-13 02:00:00,2.0,59.952481605340594,60.0,0.0,0.0,0.8000000000000004,0.0,1,0,0
2024-01-13 02:15:00,2.0,59.952481605340594,60.0,0.0,0.0,0.8000000000000004,0.0,1,0,0
2024-01-13 02:30:00,2.0,59.952481605340594,60.0,0.0,0.0,0.8000000000000004,0.0,1,0,0
2024-01-13 02:45:00,2.0,59.952481605340594,60.0,0.0,0.0,0.8000000000000004,0.0,1,0,0
2024-01-13 03:00:00,2.0,59.952481605340594,60.0,0.0,0.0,0.8000000000000004,0.0,1,0,0
2024-01-13 03:15:00,2.0,59.952481605340594,60.0,0.0,0.0,0.8000000000000004,0.0,1,0,0
2024-01-13 03:30:00,2.0,59.952481605340594,60.0,0.0,0.0,0.8000000000000004,0.0,1,0,0
2024-01-13 03:45:00,2.0,59.952481605340594,60.0,0.0,0.0,0.8000000000000004,0.0,1,0,0
2024-01-13 04:00:00,2.0,59.952481605340594,60.0,0.0,0.0,0.8000000000000004,0.0,1,0,0
2024-01-13 04:15:00,1.0,59.952481605340594,60.0,0.0,0.0,0.8000000000000004,0.0,1,0,0
2024-01-13 04:30:00,2.0,59.65401509793495,60.0,1.7971893333333335,0.0,0.8000000000000004,0.0,1,0,0
2024-01-13 04:45:00,1.0,59.78990310557946,60.0,0.770224,0.0,0.8000000000000004,0.0,1,0,0
2024-01-13 05:00:00,2.0,61.04819111322398,60.0,0.0,0.0,0.8000000000000004,0.0,1,0,0
2024-01-13 05:15:00,1.0,61.06252460581834,60.0,0.0,0.0,0.8000000000000004,0.0,1,0,0
2024-01-13 05:30:00,2.0,59.99145953176196,60.0,3.0808960000000005,0.0,0.8000000000000004,0.0,1,0,0
2024-01-13 05:45:00,1.0,60.24455231723733,60.0,0.0,0.0,0.8000000000000004,0.0,1,0,0
2024-01-13 06:00:00,1.0,59.47590062110735,60.0,6.675274666666668,0.0,0.8000000000000004,0.0,1,0,0
2024-01-13 06:15:00,1.0,56.85319866219667,60.0,2.053930666666667,0.0,0.8000000000000004,0.0,1,0,0
2024-01-13 06:30:00,1.0,57.61263449592813,60.0,1.2837066666666668,0.0,0.8000000000000004,0.0,1,0,0
2024-01-13 06:45:00,1.0,60.0586698518765,60.0,0.0,0.0,0.8000000000000004,0.0,1,0,0
2024-01-13 07:00:00,1.0,60.95588227423673,60.0,0.2567413333333333,0.0,0.8000000000000004,0.0,1,0,0
2024-01-13 07:15:00,1.0,59.46548227423673,60.0,1.5404480000000003,0.0,0.8000000000000004,0.0,1,0,0
2024-01-13 07:30:00,1.0,59.53622436692664,60.0,1.0269653333333333,0.0,0.8000000000000004,0.0,1,0,0
2024-01-13 07:45:00,1.0,61.064714763486585,60.0,0.0,0.0,0.8000000000000004,0.0,1,0,0
2024-01-13 08:00:00,1.0,61.150715719052755,60.0,0.0,0.0,0.8000000000000004,0.0,1,0,0
2024-01-13 08:15:00,1.0,61.150715719052755,60.0,0.0,0.0,0.8000000000000004,0.0,1,0,0
2024-01-13 08:30:00,1.0,61.150715719052755,60.0,0.0,0.0,0.8000000000000004,0.0,1,0,0
2024-01-13 08:45:00,1.0,61.150715719052755,60.0,0.0,0.0,0.8000000000000004,0.0,1,0,0
2024-01-13 09:00:00,3.0,61.150715719052755,60.0,0.0,0.0,0.8000000000000004,0.0,1,0,0
2024-01-13 09:15:00,1.0,61.150715719052755,60.0,0.0,0.0,0.8000000000000004,0.0,1,0,0
2024-01-13 09:30:00,1.0,61.150715719052755,60.0,0.0,0.0,0.8000000000000004,0.0,1,0,0
2024-01-13 09:45:00,1.0,61.150715719052755,60.0,0.0,0.0,0.8000000000000004,0.0,1,0,0
2024-01-13 10:00:00,1.0,61.150715719052755,60.0,0.0,0.0,0.8000000000000004,0.0,1,0,0
2024-01-13 10:15:00,1.0,61.150715719052755,60.0,0.0,0.0,0.8000000000000004,0.0,1,0,0
2024-01-13 10:30:00,1.0,61.150715719052755,60.0,0.0,0.0,0.8000000000000004,0.0,1,0,0
2024-01-13 10:45:00,1.0,60.80111571905275,60.0,3.594378666666667,0.0,0.8000000000000004,0.0,1,0,0
2024-01-13 11:00:00,1.0,59.00673483037619,60.0,0.0,0.0,0.8000000000000004,0.0,1,0,0
2024-01-13 11:15:00,1.0,61.1137582417474,60.0,0.0,0.0,0.8000000000000004,0.0,1,0,0
2024-01-13 11:30:00,1.0,61.15675871953049,60.0,0.0,0.0,0.8000000000000004,0.0,1,0,0
2024-01-13 11:45:00,1.0,61.15675871953049,60.0,0.0,0.0,0.8000000000000004,0.0,1,0,0
2024-01-13 12:00:00,1.0,60.696758719530486,60.0,0.5134826666666666,0.0,0.8000000000000004,0.0,1,0,0
2024-01-13 12:15:00,1.0,60.60475871953047,60.0,0.0,0.0,0.8000000000000004,0.0,1,0,0
2024-01-13 12:30:00,1.0,60.00375919731356,60.0,2.3106720000000007,0.0,0.8000000000000004,0.0,1,0,0
2024-01-13 12:45:00,1.0,60.18478165311861,60.0,0.0,0.0,0.8000000000000004,0.0,1,0,0
2024-01-13 13:00:00,1.0,61.1307921643465,60.0,0.0,0.0,0.8000000000000004,0.0,1,0,0
2024-01-13 13:15:00,1.0,61.1307921643465,60.0,0.0,0.0,0.8000000000000004,0.0,1,0,0
2024-01-13 13:30:00,1.0,60.891592164346505,60.0,0.5134826666666666,0.0,0.8000000000000004,0.0,1,0,0
2024-01-13 13:45:00,1.0,60.37639216434649,60.0,0.5134826666666666,0.0,0.8000000000000004,0.0,1,0,0
2024-01-13 14:00:00,1.0,60.02679216434649,60.0,0.0,0.0,0.8000000000000004,0.0,1,0,1
2024-01-13 14:15:00,1.0,60.00839216434649,60.0,0.2567413333333333,0.0,0.0,0.0,0,0,0
2024-01-13 14:30:00,1.0,59.750792164346485,60.0,0.0,0.0,0.0,0.0,0,0,0
2024-01-13 14:45:00,1.0,59.2685270902901,60.0,1.0269653333333333,0.0,0.0,0.0,0,0,0
2024-01-13 15:00:00,1.0,60.60041509793461,60.0,1.5404480000000003,0.0,0.0,0.0,0,0,0
2024-01-13 15:15:00,1.0,59.1902184424162,60.0,3.594378666666667,0.0,0.0,0.0,0,0,0
2024-01-13 15:30:00,3.0,57.21183755373964,60.0,0.0,0.0,0.7145000000000004,0.667,1,1,0
2024-01-13 15:45:00,1.0,60.18313846152747,60.0,3.0808960000000005,0.0,0.7857500000000008,0.0,1,0,0
2024-01-13 16:00:00,1.0,58.851697276625394,60.0,0.5134826666666666,0.0,0.8000000000000009,0.0,1,0,0
2024-01-13 16:15:00,1.0,60.93512737695982,60.0,0.5134826666666666,0.0,0.8000000000000009,0.0,1,0,1
2024-01-13 16:30:00,1.0,58.86353788818771,60.0,5.134826666666667,0.0,0.0,0.0,0,0,0
2024-01-13 16:45:00,1.0,59.31597133300372,60.0,0.0,0.0,0.0,0.0,0,0,0
2024-01-13 17:00:00,1.0,61.03599044432716,60.0,0.0,0.0,0.0,0.0,0,0,0
2024-01-13 17:15:00,1.0,59.36259761107345,60.0,3.0808960000000005,0.0,0.0,0.0,0,0,0
2024-01-13 17:30:00,1.0,59.060631055889466,60.0,3.0808960000000005,0.0,0.7097500000000002,0.6907500000000001,1,1,0
2024-01-13 17:45:00,1.0,60.764264500705494,60.0,0.5134826666666666,0.0,0.7810000000000007,0.0,1,0,0
2024-01-13 18:00:00,1.0,61.170071667451786,60.0,0.0,0.0,0.8000000000000008,0.0,1,0,0
2024-01-13 18:15:00,3.0,61.170071667451786,60.0,0.0,0.0,0.8000000000000008,0.0,1,0,0
2024-01-13 18:30:00,1.0,61.00447166745178,60.0,3.594378666666667,0.0,0.8000000000000008,0.0,1,0,0
2024-01-13 18:45:00,1.0,58.86049077877522,60.0,0.5134826666666666,0.0,0.8000000000000008,0.0,1,0,0
2024-01-13 19:00:00,1.0,60.80038451981677,60.0,0.2567413333333333,0.0,0.8000000000000008,0.0,1,0,0
2024-01-13 19:15:00,1.0,60.77811944576038,60.0,0.0,0.0,0.8000000000000008,0.0,1,0,0
2024-01-13 19:30:00,1.0,59.394254371704,60.0,1.7971893333333335,0.0,0.8000000000000008,0.0,1,0,0
2024-01-13 19:45:00,1.0,60.89174237934851,60.0,0.5134826666666666,0.0,0.8000000000000008,0.0,1,0,0
2024-01-13 20:00:00,1.0,60.6591457238301,60.0,0.0,0.0,0.8000000000000008,0.0,1,0,0
2024-01-13 20:15:00,1.0,60.548745723830095,60.0,0.5134826666666666,0.0,0.8000000000000008,0.0,1,0,0
2024-01-13 20:30:00,1.0,59.628745723830086,60.0,0.5134826666666666,0.0,0.8000000000000008,0.0,1,0,0
2024-01-13 20:45:00,1.0,59.31594572383008,60.0,1.7971893333333335,0.0,0.8000000000000008,0.0,1,0,0
2024-01-13 21:00:00,1.0,58.45996483515352,60.0,1.5404480000000003,0.0,0.8000000000000008,0.0,1,0,0
2024-01-13 21:15:00,1.0,60.61119732440337,60.0,0.0,0.0,0.8000000000000008,0.0,1,0,0
2024-01-13 21:30:00,1.0,61.1272030578004,60.0,0.0,0.0,0.8000000000000008,0.0,1,0,0
2024-01-13 21:45:00,1.0,61.1272030578004,60.0,0.0,0.0,0.8000000000000008,0.0,1,0,0
2024-01-13 22:00:00,2.0,61.1272030578004,60.0,0.0,0.0,0.8000000000000008,0.0,1,0,0
2024-01-13 22:15:00,2.0,61.1272030578004,60.0,0.0,0.0,0.8000000000000008,0.0,1,0,0
2024-01-13 22:30:00,1.0,61.1272030578004,60.0,0.0,0.0,0.8000000000000008,0.0,1,0,0
2024-01-13 22:45:00,1.0,61.1272030578004,60.0,0.0,0.0,0.8000000000000008,0.0,1,0,0
2024-01-13 23:00:00,2.0,61.1272030578004,60.0,0.0,0.0,0.8000000000000008,0.0,1,0,0
2024-01-13 23:15:00,2.0,61.1272030578004,60.0,0.0,0.0,0.8000000000000008,0.0,1,0,0
2024-01-13 23:30:00,2.0,61.1272030578004,60.0,0.0,0.0,0.8000000000000008,0.0,1,0,0
2024-01-13 23:45:00,2.0,61.1272030578004,60.0,0.0,0.0,0.8000000000000008,0.0,1,0,0
2024-01-14 00:00:00,2.0,61.1272030578004,60.0,0.0,0.0,0.8000000000000008,0.0,1,0,0
2024-01-14 00:15:00,2.0,61.1272030578004,60.0,0.0,0.0,0.8000000000000008,0.0,1,0,0
2024-01-14 00:30:00,2.0,61.1272030578004,60.0,0.0,0.0,0.8000000000000008,0.0,1,0,0
2024-01-14 00:45:00,2.0,61.1272030578004,60.0,0.0,0.0,0.8000000000000008,0.0,1,0,0
2024-01-14 01:00:00,2.0,61.1272030578004,60.0,0.0,0.0,0.8000000000000008,0.0,1,0,0
2024-01-14 01:15:00,2.0,61.1272030578004,60.0,0.0,0.0,0.8000000000000008,0.0,1,0,0
2024-01-14 01:30:00,2.0,61.1272030578004,60.0,0.0,0.0,0.8000000000000008,0.0,1,0,0
2024-01-14 01:45:00,2.0,61.1272030578004,60.0,0.0,0.0,0.8000000000000008,0.0,1,0,0
2024-01-14 02:00:00,2.0,61.1272030578004,60.0,0.0,0.0,0.8000000000000008,0.0,1,0,0
2024-01-14 02:15:00,2.0,61.1272030578004,60.0,0.0,0.0,0.8000000000000008,0.0,1,0,0
2024-01-14 02:30:00,2.0,61.1272030578004,60.0,0.0,0.0,0.8000000000000008,0.0,1,0,0
2024-01-14 02:45:00,2.0,61.1272030578004,60.0,0.0,0.0,0.8000000000000008,0.0,1,0,0
2024-01-14 03:00:00,2.0,61.1272030578004,60.0,0.0,0.0,0.8000000000000008,0.0,1,0,0
2024-01-14 03:15:00,2.0,61.1272030578004,60.0,0.0,0.0,0.8000000000000008,0.0,1,0,1
2024-01-14 03:30:00,2.0,61.1272030578004,60.0,0.0,0.0,0.0,0.0,0,0,0
2024-01-14 03:45:00,2.0,61.1272030578004,60.0,0.0,0.0,0.0,0.0,0,0,0
2024-01-14 04:00:00,2.0,61.1272030578004,60.0,0.0,0.0,0.7525000000000002,0.7430000000000001,1,1,0
2024-01-14 04:15:00,1.0,61.1272030578004,60.0,0.0,0.0,0.8000000000000005,0.0,1,0,0
2024-01-14 04:30:00,1.0,61.1272030578004,60.0,0.0,0.0,0.8000000000000005,0.0,1,0,0
2024-01-14 04:45:00,1.0,61.1272030578004,60.0,0.0,0.0,0.8000000000000005,0.0,1,0,0
2024-01-14 05:00:00,1.0,61.1272030578004,60.0,0.0,0.0,0.8000000000000005,0.0,1,0,0
2024-01-14 05:15:00,2.0,61.1272030578004,60.0,0.2567413333333333,0.0,0.8000000000000005,0.0,1,0,0
2024-01-14 05:30:00,2.0,60.593603057800394,60.0,0.2567413333333333,0.0,0.8000000000000005,0.0,1,0,0
2024-01-14 05:45:00,1.0,60.09760879119743,60.0,1.7971893333333335,0.0,0.8000000000000005,0.0,1,0,0
2024-01-14 06:00:00,1.0,61.03729918775737,60.0,0.2567413333333333,0.0,0.8000000000000005,0.0,1,0,0
2024-01-14 06:15:00,1.0,61.16223411370099,60.0,0.0,0.0,0.8000000000000005,0.0,1,0,0
2024-01-14 06:30:00,1.0,60.83103411370099,60.0,3.0808960000000005,0.0,0.8000000000000005,0.0,1,0,0
2024-01-14 06:45:00,1.0,59.55185322502443,60.0,0.2567413333333333,0.0,0.8000000000000005,0.0,1,0,0
2024-01-14 07:00:00,1.0,61.01427233634787,60.0,0.0,0.0,0.8000000000000005,0.0,1,0,0
2024-01-14 07:15:00,1.0,61.01427233634787,60.0,0.0,0.0,0.8000000000000005,0.0,1,0,0
2024-01-14 07:30:00,1.0,61.01427233634787,60.0,0.0,0.0,0.8000000000000005,0.0,1,0,0
2024-01-14 07:45:00,1.0,60.62787233634787,60.0,0.5134826666666666,0.0,0.8000000000000005,0.0,1,0,0
2024-01-14 08:00:00,1.0,60.462272336347866,60.0,0.0,0.0,0.8000000000000005,0.0,1,0,0
2024-01-14 08:15:00,1.0,60.462272336347866,60.0,0.0,0.0,0.8000000000000005,0.0,1,0,1
2024-01-14 08:30:00,1.0,60.462272336347866,60.0,0.0,0.0,0.0,0.0,0,0,0
2024-01-14 08:45:00,1.0,59.37280726229149,60.0,3.594378666666667,0.0,0.7810000000000002,0.7572500000000001,1,1,0
2024-01-14 09:00:00,1.0,57.70630100333302,60.0,10.269653333333334,0.0,0.8000000000000004,0.0,1,0,0
2024-01-14 09:15:00,1.0,49.30253683706448,60.0,2.0539306666666666,0.0,0.8000000000000004,0.0,1,0,0
2024-01-14 09:30:00,1.0,42.55477267079593,60.0,14.120773333333334,0.0,0.8000000000000004,0.0,1,0,0
2024-01-14 09:45:00,1.0,38.659008504527385,60.0,3.594378666666667,0.0,0.8000000000000004,0.0,1,0,0
2024-01-14 10:00:00,1.0,39.344844338258845,60.0,1.0269653333333333,0.0,0.8000000000000004,0.0,1,0,0
2024-01-14 10:15:00,1.0,41.9074801719903,60.0,0.0,0.0,0.8000000000000004,0.0,1,0,0
2024-01-14 10:30:00,1.0,45.13251600572175,60.0,0.0,0.0,0.8000000000000004,0.0,1,0,0
2024-01-14 10:45:00,1.0,48.357551839453194,60.0,1.5404480000000003,0.0,0.8000000000000004,0.0,1,0,0
2024-01-14 11:00:00,1.0,49.92658767318464,60.0,0.0,0.0,0.8000000000000004,0.0,1,0,0
2024-01-14 11:15:00,1.0,53.02282350691609,60.0,0.2567413333333333,0.0,0.8000000000000004,0.0,1,0,0
2024-01-14 11:30:00,1.0,55.82465934064755,60.0,0.5134826666666666,0.0,0.8000000000000004,0.0,1,0,0
2024-01-14 11:45:00,1.0,58.77369517437899,60.0,0.0,0.0,0.8000000000000004,0.0,1,0,1
2024-01-14 12:00:00,1.0,60.62952049688254,60.0,0.770224,0.0,0.0,0.0,0,0,0
2024-01-14 12:15:00,1.0,58.94992718584574,60.0,3.0808960000000005,0.0,0.0,0.0,0,0,0
2024-01-14 12:30:00,1.0,59.8131596750956,60.0,1.0269653333333333,0.0,0.0,0.0,0,0,0
2024-01-14 12:45:00,1.0,60.99957878641904,60.0,0.2567413333333333,0.0,0.7287500000000001,0.7240000000000001,0,1,0
2024-01-14 13:00:00,1.0,60.77877878641904,60.0,0.0,0.0,0.0,0.0,0,0,0
2024-01-14 13:15:00,1.0,60.77877878641904,60.0,0.0,0.0,0.0,0.0,0,0,0
2024-01-14 13:30:00,1.0,60.77877878641904,60.0,0.0,0.0,0.0,0.0,0,0,0
2024-01-14 13:45:00,1.0,60.68677878641904,60.0,0.5134826666666666,0.0,0.0,0.0,0,0,0
2024-01-14 14:00:00,1.0,59.09258213090063,60.0,3.0808960000000005,0.0,0.0,0.0,0,0,0
2024-01-14 14:15:00,1.0,59.83281223123505,60.0,0.5134826666666666,0.0,0.0,0.0,0,0,0
2024-01-14 14:30:00,1.0,60.0992313425585,60.0,1.5404480000000003,0.0,0.0,0.0,0,0,0
2024-01-14 14:45:00,1.0,60.01504328713564,60.0,0.5134826666666666,0.0,0.0,0.0,0,0,0
2024-01-14 15:00:00,1.0,60.90605523171279,60.0,0.5134826666666666,0.0,0.0,0.0,0,0,0
2024-01-14 15:15:00,1.0,60.48285523171278,60.0,0.0,0.0,0.0,0.0,0,0,0
2024-01-14 15:30:00,1.0,60.48285523171278,60.0,0.0,0.0,0.0,0.0,0,0,0
2024-01-14 15:45:00,1.0,60.39085523171278,60.0,0.5134826666666666,0.0,0.0,0.0,0,0,0
2024-01-14 16:00:00,1.0,59.91245523171278,60.0,0.2567413333333333,0.0,0.0,0.0,0,0,0
2024-01-14 16:15:00,1.0,59.65485523171277,60.0,0.0,0.0,0.0,0.0,0,0,0
2024-01-14 16:30:00,1.0,58.98025570949586,60.0,3.337637333333334,0.0,0.0,0.0,0,0,0
2024-01-14 16:45:00,1.0,58.21687912086707,60.0,0.0,0.0,0.0,0.0,0,0,0
2024-01-14 17:00:00,1.0,60.79690778785223,60.0,0.0,0.0,0.0,0.0,0,0,0
2024-01-14 17:15:00,1.0,61.01191017676766,60.0,0.0,0.0,0.0,0.0,0,0,0
2024-01-14 17:30:00,1.0,61.01191017676766,60.0,0.0,0.0,0.0,0.0,0,0,0
2024-01-14 17:45:00,1.0,60.53351017676765,60.0,0.770224,0.0,0.0,0.0,0,0,0
2024-01-14 18:00:00,1.0,59.72391017676764,60.0,0.5134826666666666,0.0,0.0,0.0,0,0,0
2024-01-14 18:15:00,1.0,59.53991017676764,60.0,0.5134826666666666,0.0,0.0,0.0,0,0,0
2024-01-14 18:30:00,1.0,59.11324796940978,60.0,1.0269653333333333,0.0,0.0,0.0,0,0,0
2024-01-14 18:45:00,1.0,60.64234266601749,60.0,0.5134826666666666,0.0,0.0,0.0,0,0,0
2024-01-14 19:00:00,1.0,59.956349354980695,60.0,3.0808960000000005,0.0,0.0,0.0,0,0,0
2024-01-14 19:15:00,1.0,59.90264118488988,60.0,0.0,0.0,0.0,0.0,0,0,0
2024-01-14 19:30:00,1.0,61.20698901097683,60.0,0.0,0.0,0.0,0.0,0,0,0
2024-01-14 19:45:00,1.0,61.20698901097683,60.0,0.0,0.0,0.0,0.0,0,0,0
2024-01-14 20:00:00,1.0,61.20698901097683,60.0,0.0,0.0,0.0,0.0,0,0,0
2024-01-14 20:15:00,1.0,61.20698901097683,60.0,0.0,0.0,0.0,0.0,0,0,0
2024-01-14 20:30:00,1.0,61.20698901097683,60.0,0.0,0.0,0.0,0.0,0,0,0
2024-01-14 20:45:00,1.0,61.20698901097683,60.0,0.0,0.0,0.0,0.0,0,0,0
2024-01-14 21:00:00,1.0,61.20698901097683,60.0,0.0,0.0,0.0,0.0,0,0,0
2024-01-14 21:15:00,1.0,61.20698901097683,60.0,0.0,0.0,0.0,0.0,0,0,0
2024-01-14 21:30:00,1.0,61.20698901097683,60.0,0.0,0.0,0.0,0.0,0,0,0
2024-01-14 21:45:00,1.0,61.20698901097683,60.0,0.0,0.0,0.0,0.0,0,0,0
2024-01-14 22:00:00,1.0,61.20698901097683,60.0,0.0,0.0,0.0,0.0,0,0,0
2024-01-14 22:15:00,1.0,61.20698901097683,60.0,0.0,0.0,0.0,0.0,0,0,0
2024-01-14 22:30:00,1.0,61.20698901097683,60.0,0.0,0.0,0.0,0.0,0,0,0
2024-01-14 22:45:00,1.0,61.20698901097683,60.0,0.0,0.0,0.0,0.0,0,0,0
2024-01-14 23:00:00,1.0,61.20698901097683,60.0,0.0,0.0,0.0,0.0,0,0,0
2024-01-14 23:15:00,1.0,61.20698901097683,60.0,0.0,0.0,0.0,0.0,0,0,0
2024-01-14 23:30:00,1.0,61.20698901097683,60.0,0.0,0.0,0.0,0.0,0,0,0
2024-01-14 23:45:00,1.0,61.20698901097683,60.0,0.2567413333333333,0.0,0.0,0.0,0,0,0
