,Occupancy,T_set_HP,P_loss_HP,T_ref_HP,T_wall_HP,T_out_HP,T_ref_WB,T_set_WB,P_use_WB,P_loss_WB,SoC_ref_EV,SoC_arr_EV,EV_plugged,EV_arrival,EV_departure
2024-01-01 00:00:00,2.0,15.0,-0.10612318710556937,14.99165273320195,13.504033228046898,12.0,59.961896580941634,60.0,0.0,0.07592379316188327,0.0,0.0,0,0,0
2024-01-01 00:15:00,2.0,15.0,-0.10942265183503368,14.973955994104545,13.512458912945982,12.0,59.34662242198828,60.0,3.0808960000000005,0.07469324484397655,0.0,0.0,0,0,0
2024-01-01 00:30:00,2.0,15.0,-0.10510600834159144,14.95654939210802,13.520554333321451,12.0,60.2498142311681,60.0,0.12837066666666666,0.07649962846233621,0.0,0.0,0,0,0
2024-01-01 00:45:00,2.0,15.0,-0.10090083313794465,14.939426113546661,13.528328014033834,12.0,60.49094439274579,60.0,1.7971893333333335,0.07698188878549159,0.0,0.0,0,0,0
2024-01-01 01:00:00,2.0,15.0,-0.0968043456118521,14.92257951299995,13.535788267297242,12.0,60.44815091531776,60.0,1.668818666666667,0.07689630183063552,0.0,0.0,0,0,0
2024-01-01 01:15:00,2.0,15.0,-0.0928138342657992,14.906003109115186,13.54294319796488,12.0,59.16340525007236,60.0,0.2567413333333333,0.07432681050014471,0.0,0.0,0,0,0
2024-01-01 01:30:00,2.0,15.0,-0.08892665499973955,14.889690580533914,13.54980070868322,12.0,60.978124223369484,60.0,0.12837066666666666,0.07795624844673896,0.0,0.0,0,0,0
2024-01-01 01:45:00,2.0,15.0,-0.08514022943650489,14.873635761919546,13.556368504918119,12.0,60.985549939648095,60.0,0.12837066666666666,0.0779710998792962,0.0,0.0,0,0,0
2024-01-01 02:00:00,2.0,15.0,-0.016793019096419608,14.857560626875141,13.560205306133884,11.0,60.51555650145397,60.0,1.0269653333333335,0.07703111300290795,0.0,0.0,0,0,0
2024-01-01 02:15:00,2.0,15.0,-0.009583797100755949,14.841388410182208,13.561019344051777,11.0,59.47720303553058,60.0,0.2567413333333333,0.07495440607106116,0.0,0.0,0,0,0
2024-01-01 02:30:00,2.0,15.0,-0.007097607284936843,14.825407617345318,13.5616430381473,11.0,59.120983701030625,60.0,0.2567413333333333,0.07424196740206127,0.0,0.0,0,0,0
2024-01-01 02:45:00,2.0,15.0,-0.004679124108678329,14.809614047910491,13.562081566803384,11.0,59.630955132832206,60.0,0.2567413333333333,0.07526191026566441,0.0,0.0,0,0,0
2024-01-01 03:00:00,2.0,15.0,-0.0023266497005555112,14.794003604318553,13.562339978557945,11.0,60.78665812428999,60.0,0.0,0.07757331624857998,0.0,0.0,0,0,0
2024-01-01 03:15:00,2.0,15.0,-3.8528414757011357e-05,14.77857228935253,13.562423195333082,11.0,60.70334950194035,60.0,0.0,0.0774066990038807,0.0,0.0,0,0,0
2024-01-01 03:30:00,2.0,15.0,0.0021868542181320717,14.763316203648492,13.562336015583996,11.0,60.62021981551593,60.0,0.0,0.07724043963103186,0.0,0.0,0,0,0
2024-01-01 03:45:00,2.0,15.0,0.004351072514283558,14.748231543268194,13.562083117369696,11.0,60.537268680686,60.0,0.0,0.07707453736137199,0.0,0.0,0,0,0
2024-01-01 04:00:00,1.0,15.666666666666666,0.0064556616343549094,14.739880064705316,13.561669061347391,11.0,60.45449571394526,60.0,0.0,0.07690899142789055,0.0,0.0,0,0,0
2024-01-01 04:15:00,1.0,16.0,-0.07929533065550848,15.372147392835116,13.563973164016632,11.0,60.37190053261222,60.0,0.0,0.07674380106522445,0.0,0.0,0,0,0
2024-01-01 04:30:00,1.0,20.0,-0.21598283505255444,16.363260593712607,13.574818078112932,11.0,60.289482754827254,60.0,0.0,0.0765789655096545,0.0,0.0,0,0,0
2024-01-01 04:45:00,1.0,20.0,-0.42193714762421985,17.799645304179414,13.599479873932669,11.0,60.207241999550966,60.0,0.0,0.07641448399910193,0.0,0.0,0,0,0
2024-01-01 05:00:00,1.0,19.666666666666668,-0.5461060550860364,19.134830700728198,13.636652854598008,10.0,60.12517788656237,60.0,0.0,0.07625035577312475,0.0,0.0,0,0,0
2024-01-01 05:15:00,1.0,16.333333333333332,-0.6714918179474895,20.016293117571596,13.683930270546636,10.0,60.04329003645716,60.0,0.0,0.07608658007291431,0.0,0.0,0,0,0
2024-01-01 05:30:00,2.0,15.333333333333334,-0.6555038474030702,19.962065363415686,13.734218591803941,10.0,59.961578070645906,60.0,0.0,0.0759231561412918,0.0,0.0,0,0,0
2024-01-01 05:45:00,2.0,15.0,-0.6342681970004411,19.889495177320683,13.78290193511072,10.0,59.610852429252624,60.0,1.5404480000000003,0.07522170485850525,0.0,0.0,0,0,0
2024-01-01 06:00:00,1.0,18.666666666666668,-0.6135732235618512,19.81826606709959,13.830002174612705,10.0,60.79730247750944,60.0,0.2567413333333333,0.07759460495501888,0.0,0.0,0,0,0
2024-01-01 06:15:00,1.0,20.0,-0.593405459263031,19.748345933105348,13.875559629497163,10.0,60.58530012313792,60.0,0.2567413333333333,0.07717060024627583,0.0,0.0,0,0,0
2024-01-01 06:30:00,1.0,20.0,-0.573751770983741,19.67970346999686,13.919613614602023,10.0,60.29108887516042,60.0,0.0,0.07658217775032083,0.0,0.0,0,0,0
2024-01-01 06:45:00,1.0,20.0,-0.5545993519916913,19.612308147012673,13.962202465376176,10.0,60.12609212680342,60.0,0.12837066666666666,0.07625218425360684,0.0,0.0,0,0,0
2024-01-01 07:00:00,2.0,15.333333333333334,-0.5359358997142122,19.546131655424066,14.003363566911215,10.0,59.98909323195152,60.0,0.12837066666666666,0.07597818646390306,0.0,0.0,0,0,0
2024-01-01 07:15:00,2.0,15.0,-0.5177493142454506,19.481145143067376,14.04313339110212,10.0,59.57656784771078,60.0,0.385112,0.07515313569542156,0.0,0.0,0,0,0
2024-01-01 07:30:00,2.0,15.0,-0.5000274457283894,19.417318601139247,14.081547485026126,10.0,59.27534166787034,60.0,0.0,0.07455068333574069,0.0,0.0,0,0,0
2024-01-01 07:45:00,2.0,15.0,-0.4827587121283263,19.354624410309302,14.118640503077168,10.0,59.195279153796264,60.0,0.0,0.07439055830759253,0.0,0.0,0,0,0
2024-01-01 08:00:00,1.0,16.333333333333332,-0.46886250545221375,19.33272673418996,14.154466675081444,10.0,59.11538860343528,60.0,0.0,0.07423077720687056,0.0,0.0,0,0,0
2024-01-01 08:15:00,1.0,20.0,-0.5832117950909291,20.213648482117375,14.193561402209493,10.0,59.035669647432016,60.0,0.0,0.07407133929486404,0.0,0.0,0,0,0
2024-01-01 08:30:00,1.0,20.0,-0.6156133087596323,20.43675557617554,14.240021138833065,10.0,60.746302655345765,60.0,0.0,0.07749260531069153,0.0,0.0,0,0,0
2024-01-01 08:45:00,1.0,20.0,-0.5951332604599969,20.364921334126237,14.285720141131575,10.0,60.92882730493791,60.0,0.12837066666666666,0.07785765460987583,0.0,0.0,0,0,0
2024-01-01 09:00:00,1.0,20.0,-0.5752201633642056,20.294738442121606,14.329893534564572,10.0,60.799292379543616,60.0,0.0,0.07759858475908724,0.0,0.0,0,0,0
2024-01-01 09:15:00,1.0,20.0,-0.5558796833928404,20.2262204728887,14.372585735871874,10.0,60.43998826769881,60.0,1.5404480000000003,0.0768799765353976,0.0,0.0,0,0,0
2024-01-01 09:30:00,3.0,19.566666666666666,-0.5370335361825528,20.158933658143443,14.413836211638056,10.0,60.05353446690076,60.0,0.0,0.07610706893380152,0.0,0.0,0,0,0
2024-01-01 09:45:00,1.0,19.766666666666666,-0.5186689241663862,20.092848653681248,14.453681788192625,10.0,61.045187150484594,60.0,0.0,0.07809037430096918,0.0,0.0,0,0,0
2024-01-01 10:00:00,1.0,20.0,-0.5656620639561134,20.030017282220697,14.494612952732583,11.0,60.906143018348864,60.0,0.2567413333333333,0.07781228603669772,0.0,0.0,0,0,0
2024-01-01 10:15:00,1.0,19.833333333333332,-0.5523964226235984,19.970712696656268,14.53699193605617,11.0,60.60203473292616,60.0,0.0,0.0772040694658523,0.0,0.0,0,0,0
2024-01-01 10:30:00,1.0,20.0,-0.5349347799462713,19.912531822259613,14.578035196523754,11.0,60.22486632360945,60.0,0.8985946666666668,0.07644973264721888,0.0,0.0,0,0,0
2024-01-01 10:45:00,1.0,20.0,-0.5179168465017792,19.855447663544215,14.617776667424673,11.0,55.459449631973015,60.0,16.431445333333336,0.06691889926394604,0.0,0.0,0,0,0
2024-01-01 11:00:00,1.0,20.0,-0.5662168136538658,19.801490867409843,14.658703940413371,12.0,42.10559897456606,60.0,5.391568,0.0402111979491321,0.0,0.0,0,0,0
2024-01-01 11:15:00,1.0,20.0,-0.5542178228869753,19.750933835172443,14.701176131633508,12.0,46.53208038143271,60.0,0.12837066666666666,0.04906416076286543,0.0,0.0,0,0,0
2024-01-01 11:30:00,1.0,20.0,-0.5379879471416442,19.701402684755035,14.742406920187516,12.0,51.83987718966288,60.0,0.0,0.05967975437932576,0.0,0.0,0,0,0
2024-01-01 11:45:00,1.0,20.0,-0.5221678047867883,19.652872535701597,14.782427640764954,12.0,55.711156697981984,60.0,2.3106720000000007,0.06742231339596397,0.0,0.0,0,0,0
2024-01-01 12:00:00,1.0,20.0,-0.5066713591914977,19.604720714871483,14.821266934055403,12.0,59.72235148217033,60.0,0.0,0.07544470296434065,0.0,0.0,0,0,0
2024-01-01 12:15:00,1.0,20.0,-0.49145677022673456,19.55684739856596,14.858945288600323,12.0,60.95316229188458,60.0,0.12837066666666666,0.07790632458376916,0.0,0.0,0,0,0
2024-01-01 12:30:00,1.0,20.0,-0.4795166577846173,19.549291150173495,14.895508665452102,12.0,60.5293912598541,60.0,0.2567413333333333,0.0770587825197082,0.0,0.0,0,0,0
2024-01-01 12:45:00,1.0,20.0,-0.5851493547914325,20.35886620112594,14.935308900537171,12.0,60.37315512020213,60.0,0.0,0.07674631024040426,0.0,0.0,0,0,0
2024-01-01 13:00:00,1.0,20.0,-0.6016854763664747,20.48619487619733,14.981019014669474,12.0,60.161991336662624,60.0,0.2567413333333333,0.07632398267332526,0.0,0.0,0,0,0
2024-01-01 13:15:00,1.0,20.0,-0.5838264723143922,20.430785223410037,15.025771443267466,12.0,59.9330444783404,60.0,0.0,0.0758660889566808,0.0,0.0,0,0,0
2024-01-01 13:30:00,1.0,20.0,-0.5664193207883621,20.376480687917386,15.069192395785064,12.0,59.81477721676898,60.0,0.12837066666666666,0.07562955443353796,0.0,0.0,0,0,0
2024-01-01 13:45:00,1.0,20.0,-0.549452318698228,20.32325452976647,15.11131553306847,12.0,59.63248653057647,60.0,0.7702240000000001,0.07526497306115296,0.0,0.0,0,0,0
2024-01-01 14:00:00,1.0,20.0,-0.5326741658291503,20.26918424218212,15.152167611854384,12.0,60.146790251001974,60.0,0.8985946666666668,0.07629358050200394,0.0,0.0,0,0,0
2024-01-01 14:15:00,1.0,20.0,-0.5159730950935977,20.21400303038491,15.191751146664878,12.0,61.23890287011129,60.0,0.12837066666666666,0.07847780574022259,0.0,0.0,0,0,0
2024-01-01 14:30:00,1.0,20.0,-0.4996935298341863,20.159869017284482,15.230089383559152,12.0,61.03515994263082,60.0,0.0,0.07807031988526165,0.0,0.0,0,0,0
2024-01-01 14:45:00,1.0,20.0,-0.4838275728797354,20.106757039890947,15.267213953809703,12.0,60.95131757117419,60.0,0.0,0.07790263514234838,0.0,0.0,0,0,0
2024-01-01 15:00:00,1.0,20.0,-0.4681110901523932,20.052639691203627,15.303149294239697,12.0,60.86765528206541,60.0,0.0,0.07773531056413081,0.0,0.0,0,0,0
2024-01-01 15:15:00,1.0,20.0,-0.45242728048173836,19.99723812871466,15.337894333598348,12.0,60.78417268851138,60.0,0.0,0.07756834537702277,0.0,0.0,0,0,0
2024-01-01 15:30:00,1.0,20.0,-0.4371411061746115,19.942834453854573,15.371469988124176,12.0,60.700869404549756,60.0,0.0,0.07740173880909951,0.0,0.0,0,0,0
2024-01-01 15:45:00,1.0,20.0,-0.42224540492449675,19.889404873454147,15.403906119985306,12.0,60.6177450450472,60.0,0.0,0.07723549009009441,0.0,0.0,0,0,0
2024-01-01 16:00:00,1.0,20.0,-0.3430588889225901,19.836555270784586,15.432782737201,11.0,59.81781604432448,60.0,0.7702240000000001,0.07563563208864896,0.0,0.0,0,0,0
2024-01-01 16:15:00,1.0,20.0,-0.3252680237344862,19.78417952757481,15.457827600344395,11.0,59.62640180170885,60.0,0.0,0.0752528036034177,0.0,0.0,0,0,0
2024-01-01 16:30:00,1.0,20.0,-0.3124694970015055,19.732663637931445,15.481893255736049,11.0,59.4811971239892,60.0,0.2567413333333333,0.0749623942479784,0.0,0.0,0,0,0
2024-01-01 16:45:00,1.0,20.0,-0.3000014104733057,19.68198740417229,15.505004974743281,11.0,59.189357343527575,60.0,0.0,0.07437871468705515,0.0,0.0,0,0,0
2024-01-01 17:00:00,1.0,20.0,-0.2878555213526766,19.632131127355624,15.527187398368202,11.0,59.10947951243345,60.0,0.0,0.0742189590248669,0.0,0.0,0,0,0
2024-01-01 17:15:00,1.0,20.0,-0.2760237917245002,19.583075594896904,15.548464552915947,11.0,60.261898719910164,60.0,0.385112,0.07652379743982032,0.0,0.0,0,0,0
2024-01-01 17:30:00,1.0,20.0,-0.26449838346515425,19.534802068493196,15.568859865273573,11.0,60.67267488054985,60.0,0.2567413333333333,0.07734534976109969,0.0,0.0,0,0,0
2024-01-01 17:45:00,1.0,20.0,-0.3060004818756556,19.919517651724675,15.589460381640954,11.0,60.32308783031251,60.0,0.0,0.07664617566062501,0.0,0.0,0,0,0
2024-01-01 18:00:00,1.0,20.0,-0.39790786718970417,20.51322500397854,15.617379131942945,11.0,60.24077489576948,60.0,0.0,0.07648154979153897,0.0,0.0,0,0,0
2024-01-01 18:15:00,3.0,19.733333333333334,-0.38297681496873437,20.455180723275912,15.646848580854897,11.0,60.1034387585457,60.0,0.7702240000000001,0.0762068775170914,0.0,0.0,0,0,0
2024-01-01 18:30:00,1.0,19.766666666666666,-0.3684300518127383,20.398107706811075,15.675205096911185,11.0,59.24962785466506,60.0,0.0,0.07449925570933011,0.0,0.0,0,0,0
2024-01-01 18:45:00,1.0,20.0,-0.3542579947448847,20.34198306656796,15.702477336760294,11.0,59.147514999328095,60.0,0.2567413333333333,0.07429502999865618,0.0,0.0,0,0,0
2024-01-01 19:00:00,1.0,20.0,-0.34045129897370907,20.286784479908054,15.728693242411063,11.0,60.92547601411842,60.0,0.12837066666666666,0.07785095202823684,0.0,0.0,0,0,0
2024-01-01 19:15:00,1.0,20.0,-0.32700085197507434,20.23249017553209,15.75388005899518,11.0,61.098486969243446,60.0,0.0,0.07819697393848689,0.0,0.0,0,0,0
2024-01-01 19:30:00,1.0,20.0,-0.3138977677211551,20.179078919790463,15.778064352088325,11.0,61.01450857969192,60.0,0.0,0.07802901715938385,0.0,0.0,0,0,0
2024-01-01 19:45:00,1.0,20.0,-0.3011333810528161,20.126530003333755,15.801272024600955,11.0,60.93071056463719,60.0,0.0,0.07786142112927438,0.0,0.0,0,0,0
2024-01-01 20:00:00,1.0,20.0,-0.28869924219180554,20.074823228094928,15.823528333249431,11.0,60.79191231309855,60.0,0.12837066666666666,0.07758382462619709,0.0,0.0,0,0,0
2024-01-01 20:15:00,1.0,20.0,-0.27658711138929937,20.02393889459488,15.844857904617852,11.0,60.625911004579386,60.0,0.0,0.07725182200915877,0.0,0.0,0,0,0
2024-01-01 20:30:00,1.0,20.0,-0.264788953707399,19.97385778956342,15.86528475082086,11.0,60.246162419581715,60.0,1.668818666666667,0.07649232483916342,0.0,0.0,0,0,0
2024-01-01 20:45:00,2.0,18.333333333333332,-0.2532969339302922,19.924561173867783,15.884832284777238,11.0,61.082504153532746,60.0,0.12837066666666666,0.07816500830706549,0.0,0.0,0,0,0
2024-01-01 21:00:00,1.0,15.666666666666666,-0.17744438740944934,19.875758757532466,15.901074541381863,10.0,60.106975900404095,60.0,0.8985946666666668,0.0762139518008082,0.0,0.0,0,0,0
2024-01-01 21:15:00,1.0,20.0,-0.16292508852037454,19.827361814276347,15.913734685508821,10.0,59.78863796463552,60.0,1.7971893333333335,0.07557727592927105,0.0,0.0,0,0,0
2024-01-01 21:30:00,1.0,20.0,-0.15331920660977116,19.779647183546913,15.925659697011158,10.0,60.923265095403195,60.0,0.385112,0.0778465301908064,0.0,0.0,0,0,0
2024-01-01 21:45:00,1.0,20.0,-0.1439666628183188,19.7325992865149,15.936868951140438,10.0,60.61914638762009,60.0,0.0,0.07723829277524018,0.0,0.0,0,0,0
2024-01-01 22:00:00,1.0,20.0,-0.1348611241145673,19.68620292778575,15.947381338830438,10.0,60.53619755837159,60.0,0.0,0.07707239511674319,0.0,0.0,0,0,0
2024-01-01 22:15:00,1.0,20.0,-0.12599641491582844,19.64044328588265,15.95721527873795,10.0,60.45342689226023,60.0,0.0,0.07690685378452047,0.0,0.0,0,0,0
2024-01-01 22:30:00,1.0,20.0,-0.11736651317603893,19.59530590396594,15.966388728984384,10.0,60.0355740084621,60.0,1.7971893333333335,0.0760711480169242,0.0,0.0,0,0,0
2024-01-01 22:45:00,2.0,19.666666666666668,-0.10896554657081706,19.550776680783134,15.974919198605647,10.0,61.19905862947563,60.0,0.0,0.07839811725895125,0.0,0.0,0,0,0
2024-01-01 23:00:00,2.0,15.0,-0.10078778877730608,19.5068418618437,15.982823758717512,10.0,61.13870548613086,60.0,0.0,0.07827741097226172,0.0,0.0,0,0,0
2024-01-01 23:15:00,2.0,15.0,-0.09282765584644323,19.463488030813107,15.990119053403559,10.0,60.962700030496826,60.0,0.12837066666666666,0.07792540006099365,0.0,0.0,0,0,0
2024-01-01 23:30:00,2.0,15.0,-0.08507970266536984,19.42070210112072,15.996821310332592,10.0,60.833092350958765,60.0,0.0,0.07766618470191754,0.0,0.0,0,0,0
2024-01-01 23:45:00,2.0,15.0,-0.07753861950772427,19.378471307776064,16.002946351112232,10.0,60.74968399401892,60.0,0.0,0.07749936798803785,0.0,0.0,0,0,0
2024-01-02 00:00:00,2.0,15.0,-0.07019922866965402,19.33678319938848,16.008509601385242,10.0,60.66645478722104,60.0,0.0,0.0773329095744421,0.0,0.0,0,0,0
2024-01-02 00:15:00,2.0,15.0,-0.06305648118940163,19.295625630385004,16.013526100675026,10.0,60.491451802428045,60.0,0.385112,0.0769829036048561,0.0,0.0,0,0,0
2024-01-02 00:30:00,2.0,15.0,-0.05610545364840103,19.254986753421573,16.01801051198642,10.0,59.96759237649738,60.0,0.2567413333333333,0.07593518475299475,0.0,0.0,0,0,0
2024-01-02 00:45:00,2.0,15.0,-0.0493413450518401,19.214855011982728,16.02197713116804,10.0,59.72987228828452,60.0,0.0,0.07545974457656904,0.0,0.0,0,0,0
2024-01-02 01:00:00,2.0,15.0,-0.10741849797914432,19.175491146373744,16.02788868976401,11.0,59.4373929901214,60.0,0.2567413333333333,0.0748747859802428,0.0,0.0,0,0,0
2024-01-02 01:15:00,2.0,15.0,-0.10463112232175618,19.136955060667177,16.036057870437773,11.0,59.292699674652745,60.0,0.0,0.0745853993493055,0.0,0.0,0,0,0
2024-01-02 01:30:00,2.0,15.0,-0.0973873317244351,19.098941802612305,16.043672644817086,11.0,59.212599877871135,60.0,0.0,0.07442519975574227,0.0,0.0,0,0,0
2024-01-02 01:45:00,2.0,15.0,-0.09033577934007621,19.06143953003277,16.05074771535158,11.0,59.13267212488093,60.0,0.0,0.07426534424976186,0.0,0.0,0,0,0
2024-01-02 02:00:00,2.0,15.0,-0.018812632365408075,19.02416467873623,16.054848623030534,10.0,60.160265313568836,60.0,0.12837066666666666,0.07632053062713767,0.0,0.0,0,0,0
2024-01-02 02:15:00,2.0,15.0,-0.008514426657790636,18.987035081303766,16.05569025000499,10.0,60.797029095044145,60.0,0.5134826666666666,0.07759405819008827,0.0,0.0,0,0,0
2024-01-02 02:30:00,2.0,15.0,-0.003024024430607157,18.950333973270915,16.056111499340197,10.0,60.300195011715715,60.0,0.12837066666666666,0.07660039002343143,0.0,0.0,0,0,0
2024-01-02 02:45:00,2.0,15.0,0.0023160272191840706,18.91405201316595,16.056123870318256,10.0,60.126056438576796,60.0,0.0,0.0762521128771536,0.0,0.0,0,0,0
2024-01-02 03:00:00,2.0,15.0,0.007509500614729358,18.878180088164633,16.055738573732025,10.0,60.044166701457804,60.0,0.0,0.07608833340291561,0.0,0.0,0,0,0
2024-01-02 03:15:00,2.0,15.0,0.012560074257258809,18.84270930841846,16.054966539060093,10.0,59.962452852685836,60.0,0.0,0.07592490570537168,0.0,0.0,0,0,0
2024-01-02 03:30:00,2.0,15.0,0.017471335157387736,18.80763100152383,16.053818421463458,10.0,59.88091451447594,60.0,0.0,0.07576182902895189,0.0,0.0,0,0,0
2024-01-02 03:45:00,2.0,15.0,0.022246781108477658,18.772936707128625,16.05230460860837,10.0,59.790351309854586,60.0,0.8985946666666668,0.07558070261970919,0.0,0.0,0,0,0
2024-01-02 04:00:00,1.0,15.333333333333334,0.02688982290354294,18.738618171672684,16.050435227319642,10.0,59.72515746406879,60.0,2.439042666666667,0.07545031492813759,0.0,0.0,0,0,0
2024-01-02 04:15:00,1.0,17.333333333333332,-0.01155409326478868,19.044660917947002,16.04958973425537,10.0,59.27475374973321,60.0,0.0,0.07454950749946641,0.0,0.0,0,0,0
2024-01-02 04:30:00,2.0,19.333333333333332,-0.16047555814221146,20.09867407943614,16.05559764081191,10.0,59.474279082786,60.0,1.9255600000000002,0.074948558165572,0.0,0.0,0,0,0
2024-01-02 04:45:00,1.0,17.333333333333332,-0.22458240742929536,20.47924329871489,16.07158543606561,10.0,60.984036352070106,60.0,0.0,0.07796807270414022,0.0,0.0,0,0,0
2024-01-02 05:00:00,1.0,20.0,-0.2131469561108778,20.425853844055652,16.08809644565698,10.0,60.900303787338395,60.0,0.0,0.07780060757467679,0.0,0.0,0,0,0
2024-01-02 05:15:00,1.0,20.0,-0.2020110852594875,20.373244332854156,16.103755290912666,10.0,60.697253872208655,60.0,0.12837066666666666,0.07739450774441732,0.0,0.0,0,0,0
2024-01-02 05:30:00,1.0,20.0,-0.19116731086039035,20.32139683034465,16.11858431117128,10.0,60.59577285086238,60.0,0.0,0.07719154570172475,0.0,0.0,0,0,0
2024-01-02 05:45:00,1.0,20.0,-0.1806083349496857,20.27029384354602,16.13260528766095,10.0,59.81409473097388,60.0,1.155336,0.07562818946194776,0.7535555555555556,0.74775,1,1,0
2024-01-02 06:00:00,2.0,16.666666666666668,-0.1703270409915262,20.2199183102956,16.145839457373906,10.0,59.190899920510454,60.0,0.0,0.07438179984102092,0.7970972222222228,0.0,1,0,0
2024-01-02 06:15:00,1.0,18.666666666666668,-0.1603164893701889,20.170253588555337,16.158307526596314,10.0,59.107155829418126,60.0,0.8985946666666668,0.07421431165883625,0.8000000000000006,0.0,1,0,0
2024-01-02 06:30:00,1.0,20.0,-0.15056991299414388,20.121283445983654,16.170029684101966,10.0,60.83844833379905,60.0,0.2567413333333333,0.0776768966675981,0.8000000000000006,0.0,1,0,0
2024-01-02 06:45:00,1.0,20.0,-0.14108071300935152,20.072992049766395,16.18102561401813,10.0,60.928945043147536,60.0,0.0,0.07785789008629508,0.8000000000000006,0.0,1,0,0
2024-01-02 07:00:00,1.0,20.0,-0.19650147881145869,20.0256359699089,16.193763302093878,11.0,60.845330807276106,60.0,0.0,0.07769066161455221,0.8000000000000006,0.0,1,0,0
2024-01-02 07:15:00,1.0,20.0,-0.19112471067358391,19.9792710435497,16.208560554455502,11.0,60.32552315699196,60.0,1.668818666666667,0.07665104631398392,0.8000000000000006,0.0,1,0,0
2024-01-02 07:30:00,1.0,20.0,-0.18135685510520733,19.9335883523024,16.222610338700353,11.0,59.13654322777136,60.0,11.55336,0.07427308645554274,0.8000000000000006,0.0,1,0,0
2024-01-02 07:45:00,1.0,20.0,-0.1718449395514564,19.888572186149577,16.235932228922547,11.0,44.67289107585733,60.0,9.114317333333334,0.045345782151714656,0.8000000000000006,0.0,1,0,0
2024-01-02 08:00:00,1.0,20.0,-0.16258777476375716,19.844248289420474,16.24854544160768,11.0,47.94588343319275,60.0,0.12837066666666666,0.0518917668663855,0.8000000000000006,0.0,1,0,0
2024-01-02 08:15:00,1.0,20.0,-0.15358131474188508,19.800606943319725,16.260469223697182,11.0,53.195526597802406,60.0,0.0,0.062391053195604805,0.8000000000000006,0.0,1,0,0
2024-01-02 08:30:00,1.0,20.0,-0.14481179540331535,19.7575862990111,16.27172189097216,11.0,58.39706525498853,60.0,0.12837066666666666,0.07279413050997706,0.8000000000000006,0.0,1,0,0
2024-01-02 08:45:00,1.0,20.0,-0.13627323894669047,19.715172159094116,16.282321107401728,11.0,61.145021191236786,60.0,0.0,0.07829004238247357,0.8000000000000006,0.0,1,0,0
2024-01-02 09:00:00,1.0,20.0,-0.12796061599902964,19.673356542432494,16.29228411423996,11.0,61.06094285231832,60.0,0.0,0.07812188570463663,0.8000000000000006,0.0,1,0,0
2024-01-02 09:15:00,1.0,20.0,-0.11986860989351052,19.632126688641424,16.30162779470275,11.0,60.96784510257466,60.0,0.12837066666666666,0.07793569020514932,0.8000000000000006,0.0,1,0,0
2024-01-02 09:30:00,1.0,20.0,-0.11199063347750494,19.59146266997834,16.310368545603698,11.0,60.6911133757775,60.0,0.12837066666666666,0.07738222675155498,0.8000000000000006,0.0,1,0,0
2024-01-02 09:45:00,1.0,17.333333333333332,-0.10432132680866077,19.55135163889537,16.318522326046676,11.0,60.470132528005216,60.0,0.2567413333333333,0.07694026505601043,0.8000000000000006,0.0,1,0,0
2024-01-02 10:00:00,1.0,20.0,-0.09697294812549778,19.51927347887347,16.326107661143293,11.0,60.17616864482152,60.0,0.12837066666666666,0.07635233728964305,0.8000000000000006,0.0,1,0,0
2024-01-02 10:15:00,1.0,20.0,-0.19505812829003025,20.260213612550906,16.336338888839457,11.0,59.754066492592536,60.0,0.385112,0.07550813298518506,0.8000000000000006,0.0,1,0,0
2024-01-02 10:30:00,1.0,20.0,-0.23732664357466293,20.50772571521393,16.353861388391472,11.0,59.12095994916247,60.0,1.668818666666667,0.07424191989832492,0.8000000000000006,0.0,1,0,0
2024-01-02 10:45:00,1.0,20.0,-0.22646785836447766,20.45971096171429,16.371358954102487,11.0,60.93103521803968,60.0,0.0,0.07786207043607936,0.8000000000000006,0.0,1,0,0
2024-01-02 11:00:00,1.0,20.0,-0.21578824558247386,20.411607579262235,16.388044646506437,11.0,61.08586328153921,60.0,0.0,0.07817172656307843,0.8000000000000006,0.0,1,0,0
2024-01-02 11:15:00,1.0,20.0,-0.2052371190054521,20.363294497732074,16.40392683365178,11.0,61.00191200600273,60.0,0.0,0.07800382401200548,0.8000000000000006,0.0,1,0,0
2024-01-02 11:30:00,1.0,20.0,-0.194960724459181,20.31569727620451,16.419022647475245,11.0,60.91814104672571,60.0,0.0,0.07783628209345142,0.8000000000000006,0.0,1,0,0
2024-01-02 11:45:00,1.0,20.0,-0.18495332174667137,20.26879940826241,16.433352660239315,11.0,60.705869947638945,60.0,0.12837066666666666,0.07741173989527789,0.8000000000000006,0.0,1,0,0
2024-01-02 12:00:00,1.0,20.0,-0.2398866775168009,20.223010369798537,16.449386215284033,12.0,60.613553291977965,60.0,0.0,0.07722710658395594,0.8000000000000006,0.0,1,0,0
2024-01-02 12:15:00,1.0,20.0,-0.2340611997773832,20.17840490242725,16.467444351952107,12.0,60.36504021109035,60.0,0.7702240000000001,0.07673008042218071,0.8000000000000006,0.0,1,0,0
2024-01-02 12:30:00,1.0,20.0,-0.22385433137119923,20.13449670308195,16.48472150712704,12.0,59.84836976466529,60.0,0.7702240000000001,0.07569673952933058,0.8000000000000006,0.0,1,0,0
2024-01-02 12:45:00,1.0,20.0,-0.21391265272177623,20.091269533116517,16.50123796211248,12.0,61.21842665350885,60.0,0.0,0.0784368533070177,0.8000000000000006,0.0,1,0,0
2024-01-02 13:00:00,1.0,20.0,-0.20423670089670706,20.04876402201295,16.5170136726259,12.0,61.134190649345925,60.0,0.0,0.07826838129869186,0.8000000000000006,0.0,1,0,0
2024-01-02 13:15:00,1.0,20.0,-0.19482303091266887,20.006971909123727,16.53206879825618,12.0,60.66390168716104,60.0,0.7702240000000001,0.07732780337432209,0.8000000000000006,0.0,1,0,0
2024-01-02 13:30:00,1.0,20.0,-0.18565478274797992,19.965813129846094,16.546422376213073,12.0,60.13992086872397,60.0,0.0,0.07627984173744794,0.8000000000000006,0.0,1,0,0
2024-01-02 13:45:00,1.0,20.0,-0.1767257511512259,19.92527301825745,16.56009270150298,12.0,59.93843563268337,60.0,0.385112,0.07587687126536675,0.8000000000000006,0.0,1,0,0
2024-01-02 14:00:00,1.0,19.7,-0.16807271518543263,19.885674608535062,16.573098691374952,12.0,59.452616718368645,60.0,0.12837066666666666,0.0749052334367373,0.8000000000000006,0.0,1,0,0
2024-01-02 14:15:00,1.0,20.0,-0.1597078305609147,19.8470468828153,16.585462984498076,12.0,59.34462482506087,60.0,0.0,0.07468924965012173,0.8000000000000006,0.0,1,0,0
2024-01-02 14:30:00,1.0,20.0,-0.1515622974572511,19.808987932588096,16.59720395567573,12.0,60.002625233961176,60.0,0.2567413333333333,0.07600525046792234,0.8000000000000006,0.0,1,0,0
2024-01-02 14:45:00,1.0,20.0,-0.14363017440399256,19.77148465876708,16.60833792634138,12.0,60.58595643538035,60.0,1.0269653333333335,0.07717191287076071,0.8000000000000006,0.0,1,0,0
2024-01-02 15:00:00,1.0,20.0,-0.1358311474302663,19.73393263718602,16.618878917660364,12.0,59.7496659078231,60.0,0.12837066666666666,0.0754993318156462,0.8000000000000006,0.0,1,0,0
2024-01-02 15:15:00,1.0,20.0,-0.12812848169343596,19.696244105698277,16.628833245029785,12.0,59.650220180355824,60.0,0.0,0.07530044036071165,0.8000000000000006,0.0,1,0,0
2024-01-02 15:30:00,1.0,20.0,-0.12062781100740468,19.65908793807962,16.638213552534296,12.0,59.51417225315562,60.0,0.12837066666666666,0.07502834450631125,0.8000000000000006,0.0,1,0,0
2024-01-02 15:45:00,1.0,20.0,-0.11332489753249672,19.622451974435148,16.647034964602746,12.0,59.222172050575246,60.0,0.2567413333333333,0.07444434410115049,0.8000000000000006,0.0,1,0,0
2024-01-02 16:00:00,1.0,20.0,-0.041541681974523334,19.585941151243688,16.652863078220303,11.0,59.5848592487255,60.0,1.5404480000000003,0.075169718497451,0.8000000000000006,0.0,1,0,0
2024-01-02 16:15:00,1.0,20.0,-0.030968642060803665,19.549458847985907,16.655411448033597,11.0,59.40804500380309,60.0,0.0,0.07481609000760618,0.8000000000000006,0.0,1,0,0
2024-01-02 16:30:00,1.0,20.0,-0.025209316512070715,19.51998146081099,16.657518902022236,11.0,59.32769746047843,60.0,0.0,0.07465539492095687,0.8000000000000006,0.0,1,0,0
2024-01-02 16:45:00,1.0,20.0,-0.12467457160351408,20.262378975619608,16.662382144113558,11.0,59.61113950398274,60.0,0.2567413333333333,0.07522227900796549,0.8000000000000006,0.0,1,0,0
2024-01-02 17:00:00,1.0,20.0,-0.16828867009347565,20.511274525160072,16.6746395221689,11.0,60.23881307703079,60.0,1.7971893333333335,0.07647762615406159,0.8000000000000006,0.0,1,0,0
2024-01-02 17:15:00,1.0,20.0,-0.15874310109332526,20.464571220825533,16.686972355349823,11.0,58.88498589553275,60.0,1.5404480000000003,0.07376997179106551,0.8000000000000006,0.0,1,0,0
2024-01-02 17:30:00,1.0,20.0,-0.1494488605594987,20.418527590631747,16.698593908254814,11.0,60.05648880173363,60.0,0.2567413333333333,0.07611297760346726,0.8000000000000006,0.0,1,0,0
2024-01-02 17:45:00,1.0,20.0,-0.14039966674086674,20.373128566872335,16.70952292200393,11.0,60.74473964738384,60.0,0.12837066666666666,0.07748947929476765,0.8000000000000006,0.0,1,0,0
2024-01-02 18:00:00,1.0,20.0,-0.13158939405742673,20.328359452712185,16.71977766926428,11.0,60.65233950473805,60.0,0.0,0.0773046790094761,0.8000000000000006,0.0,1,0,0
2024-01-02 18:15:00,1.0,20.0,-0.12301206921990351,20.28420591298221,16.72937596589637,11.0,60.56931938105502,60.0,0.0,0.07713863876211002,0.8000000000000006,0.0,1,0,0
2024-01-02 18:30:00,1.0,20.0,-0.1146618674457865,20.240653965202863,16.73833518231104,11.0,60.376164565037705,60.0,0.12837066666666666,0.0767523291300754,0.8000000000000006,0.0,1,0,0
2024-01-02 18:45:00,1.0,20.0,-0.10653310876935337,20.19768997083059,16.746672254544272,11.0,60.266189012850795,60.0,0.0,0.0765323780257016,0.8000000000000006,0.0,1,0,0
2024-01-02 19:00:00,1.0,20.0,-0.09862025444339215,20.15530062672176,16.75440369505676,11.0,59.972557777149696,60.0,0.2567413333333333,0.07594511555429939,0.8000000000000006,0.0,1,0,0
2024-01-02 19:15:00,1.0,20.0,-0.09091790343031952,20.113472956808668,16.761545603265162,11.0,59.826714998352834,60.0,0.0,0.07565342999670567,0.8000000000000006,0.0,1,0,0
2024-01-02 19:30:00,1.0,20.0,-0.08342078898047611,20.072194303982307,16.768113675811705,11.0,59.74546820713852,60.0,0.0,0.07549093641427704,0.8000000000000006,0.0,1,0,0
2024-01-02 19:45:00,1.0,20.0,-0.07612377529544163,20.031452322176804,16.77412321657857,11.0,59.6643959233083,60.0,0.0,0.07532879184661659,0.8000000000000006,0.0,1,0,0
2024-01-02 20:00:00,1.0,20.0,-0.004362830081846005,19.990962955441958,16.777140352731337,10.0,59.58349777204332,60.0,0.0,0.07516699554408664,0.8000000000000006,0.0,1,0,0
2024-01-02 20:15:00,1.0,20.0,0.00616570532570094,19.95064355643232,16.776880537720945,10.0,59.63381377564325,60.0,1.5404480000000003,0.07526762755128649,0.8000000000000006,0.0,1,0,0
2024-01-02 20:30:00,1.0,20.0,0.01187915839267869,19.91077689229521,16.776183231406613,10.0,60.82385617883271,60.0,0.5134826666666666,0.07764771235766542,0.8000000000000006,0.0,1,0,0
2024-01-02 20:45:00,1.0,20.0,0.017435166977468622,19.871353164423418,16.775060475719688,10.0,60.354568425600085,60.0,0.0,0.07670913685120016,0.8000000000000006,0.0,1,0,0
2024-01-02 21:00:00,1.0,20.0,0.02283768375242209,19.83236281383133,16.773524010309796,10.0,59.94110653353293,60.0,0.7702240000000001,0.07588221306706586,0.8000000000000006,0.0,1,0,0
2024-01-02 21:15:00,1.0,20.0,0.028090563076317084,19.793796515211568,16.771585280063324,10.0,59.26239813550076,60.0,0.12837066666666666,0.07452479627100152,0.8000000000000006,0.0,1,0,0
2024-01-02 21:30:00,1.0,20.0,0.03319756343726717,19.755645171139268,16.769255442435067,10.0,59.64469720489042,60.0,0.8985946666666668,0.07528939440978084,0.8000000000000006,0.0,1,0,0
2024-01-02 21:45:00,1.0,20.0,0.038162349834961626,19.71789990642029,16.7665453745977,10.0,60.50382049880304,60.0,1.0269653333333335,0.07700764099760608,0.8000000000000006,0.0,1,0,0
2024-01-02 22:00:00,1.0,20.0,0.04298849610369279,19.680552062579856,16.763465680413603,10.0,59.777971988322875,60.0,0.0,0.07555594397664576,0.8000000000000006,0.0,1,0,0
2024-01-02 22:15:00,1.0,20.0,0.04767948717767936,19.643593192488098,16.76002669723343,10.0,59.558894488847976,60.0,0.2567413333333333,0.07511778897769596,0.8000000000000006,0.0,1,0,0
2024-01-02 22:30:00,2.0,17.333333333333332,0.052238721300101786,19.607015055119074,16.75623850252577,10.0,59.23012208509872,60.0,0.12837066666666666,0.07446024417019745,0.8000000000000006,0.0,1,0,0
2024-01-02 22:45:00,2.0,15.0,0.056669512177252884,19.57080961044,16.752110920342034,10.0,59.122608080897,60.0,0.0,0.07424521616179401,0.8000000000000006,0.0,1,0,0
2024-01-02 23:00:00,2.0,15.0,0.06097509107916707,19.53496901442742,16.747653527620727,10.0,58.387292388076155,60.0,3.0808960000000005,0.0727745847761523,0.8000000000000006,0.0,1,0,0
2024-01-02 23:15:00,2.0,17.0,0.04497606252799684,19.676473979269055,16.74314705018667,10.0,60.35796283164953,60.0,0.0,0.07671592566329906,0.8000000000000006,0.0,1,0,0
2024-01-02 23:30:00,2.0,15.0,-0.015869922484741963,20.050119859103912,16.74275670041463,10.0,60.94332172396904,60.0,0.0,0.0778866434479381,0.8000000000000006,0.0,1,0,0
2024-01-02 23:45:00,2.0,15.0,-0.00958119393237176,20.008764014730673,16.743701559594886,10.0,60.85967660888472,60.0,0.0,0.07771935321776943,0.8000000000000006,0.0,1,0,0
2024-01-03 00:00:00,2.0,15.0,0.06119474801569787,19.96761349860923,16.741729277907904,9.0,60.555531112028035,60.0,0.385112,0.07711106222405607,0.8000000000000006,0.0,1,0,0
2024-01-03 00:15:00,2.0,15.0,0.07076098825075025,19.926587003393674,16.73655357238746,9.0,60.27981408715818,60.0,0.0,0.07655962817431636,0.8000000000000006,0.0,1,0,0
2024-01-03 00:30:00,2.0,15.0,0.07553429470744245,19.88596860250208,16.731012209264907,9.0,60.197594098903906,60.0,0.0,0.07639518819780781,0.8000000000000006,0.0,1,0,0
2024-01-03 00:45:00,2.0,15.0,0.08017175960277126,19.84574977070822,16.725115578570794,9.0,59.921122095075624,60.0,1.7971893333333335,0.07584224419015125,0.8000000000000006,0.0,1,0,0
2024-01-03 01:00:00,2.0,15.0,0.0846768035120873,19.805922190336126,16.71887380874526,9.0,60.80237840768346,60.0,0.2567413333333333,0.07760475681536692,0.8000000000000006,0.0,1,0,0
2024-01-03 01:15:00,2.0,15.0,0.08905276190506319,19.766477746114656,16.71229677314646,9.0,60.07341112803999,60.0,2.3106720000000007,0.07614682225607998,0.8000000000000006,0.0,1,0,0
2024-01-03 01:30:00,2.0,15.0,0.09330288726049288,19.727408520159873,16.70539409639719,9.0,60.75732678523006,60.0,0.12837066666666666,0.07751465357046013,0.8000000000000006,0.0,1,0,0
2024-01-03 01:45:00,2.0,15.0,0.09743035112854632,19.688706787082122,16.698175160573914,9.0,60.963426751874294,60.0,0.2567413333333333,0.07792685350374857,0.8000000000000006,0.0,1,0,0
2024-01-03 02:00:00,2.0,15.0,0.16609727033417832,19.65009299600606,16.688200317519744,8.0,60.576442884072584,60.0,0.385112,0.07715288576814518,0.8000000000000006,0.0,1,0,0
2024-01-03 02:15:00,2.0,15.0,0.1736054356423236,19.61148889193399,16.675179388208726,8.0,60.024820680610624,60.0,0.385112,0.07604964136122125,0.8000000000000006,0.0,1,0,0
2024-01-03 02:30:00,2.0,15.0,0.17637035300416615,19.57318152443677,16.661946339321382,8.0,59.69509495835259,60.0,0.0,0.07539018991670518,0.8000000000000006,0.0,1,0,0
2024-01-03 02:45:00,2.0,15.0,0.1790478839975383,19.53516527013965,16.648507855449335,8.0,59.61413086961218,60.0,0.0,0.07522826173922437,0.8000000000000006,0.0,1,0,0
2024-01-03 03:00:00,2.0,15.0,0.18164024912419885,19.497434640763757,16.63487045136822,8.0,59.53334068104824,60.0,0.0,0.07506668136209647,0.8000000000000006,0.0,1,0,0
2024-01-03 03:15:00,2.0,15.0,0.18414961358642012,19.45998427978177,16.62104047626667,8.0,59.6076535697835,60.0,1.5404480000000003,0.075215307139567,0.8000000000000006,0.0,1,0,0
2024-01-03 03:30:00,2.0,15.0,0.18657808866125739,19.42280895915668,16.60702411787022,8.0,61.21463572961264,60.0,0.12837066666666666,0.07842927145922528,0.8000000000000006,0.0,1,0,0
2024-01-03 03:45:00,2.0,15.0,0.1889277330406969,19.385903576161528,16.592827406462746,8.0,61.075298786774574,60.0,0.0,0.07815059757354915,0.8000000000000006,0.0,1,0,0
2024-01-03 04:00:00,2.0,15.0,0.1265415299460816,19.34953516348669,16.58090501253006,9.0,60.991370202378484,60.0,0.0,0.07798274040475699,0.8000000000000006,0.0,1,0,0
2024-01-03 04:15:00,2.0,17.0,0.07631205333895937,19.68675241044621,16.572774885562687,9.0,60.63165353272185,60.0,1.5404480000000003,0.0772633070654437,0.8000000000000006,0.0,1,0,0
2024-01-03 04:30:00,1.0,19.666666666666668,0.04395409335666573,19.86187210910745,16.56908008933195,9.0,59.04162663067892,60.0,0.12837066666666666,0.07408325326135783,0.8000000000000006,0.0,1,0,0
2024-01-03 04:45:00,1.0,20.0,0.04931789580340728,19.820191880640813,16.565540888326606,9.0,60.74306528812701,60.0,0.0,0.07748613057625402,0.8000000000000006,0.0,1,0,0
2024-01-03 05:00:00,1.0,20.0,0.054531385055351274,19.77894465245868,16.561602375873786,9.0,59.54476411413675,60.0,2.3106720000000007,0.07508952822827349,0.8000000000000006,0.0,1,0,0
2024-01-03 05:15:00,1.0,20.0,0.05959834071406382,19.738121257659586,16.557275759646295,9.0,60.519298166067465,60.0,1.7971893333333335,0.07703859633213493,0.8000000000000006,0.0,1,0,0
2024-01-03 05:30:00,1.0,20.0,0.06452244835669073,19.697712752895345,16.552571965460782,9.0,61.096304055207774,60.0,0.0,0.07819260811041556,0.8000000000000006,0.0,1,0,0
2024-01-03 05:45:00,1.0,20.0,0.06930730187234208,19.657710412827896,16.5475016442895,9.0,60.98473167294882,60.0,0.2567413333333333,0.07796946334589763,0.8000000000000006,0.0,1,0,0
2024-01-03 06:00:00,1.0,20.0,0.07395640574042227,19.61810572472385,16.542075179097868,9.0,60.29382665924322,60.0,1.5404480000000003,0.07658765331848644,0.8000000000000006,0.0,1,0,0
2024-01-03 06:15:00,1.0,20.0,0.07847317725236576,19.57889038318324,16.53630269151213,9.0,60.963023978864335,60.0,0.12837066666666666,0.07792604795772866,0.8000000000000006,0.0,1,0,0
2024-01-03 06:30:00,1.0,20.0,0.08286094867815824,19.54005628499929,16.530194048321306,9.0,60.61279221971913,60.0,0.2567413333333333,0.07722558443943826,0.8000000000000006,0.0,1,0,0
2024-01-03 06:45:00,1.0,20.0,0.07269796731027495,19.639295741399486,16.523928564983073,9.0,60.11618785187127,60.0,0.5134826666666666,0.07623237570374254,0.8000000000000006,0.0,1,0,0
2024-01-03 07:00:00,1.0,20.0,-0.05123678154896771,20.474503964625814,16.523453411197185,9.0,59.850628956632164,60.0,0.0,0.07570125791326432,0.8000000000000006,0.0,1,0,0
2024-01-03 07:15:00,1.0,20.0,-0.05742429376438031,20.490424855197677,16.527988637936293,9.0,59.769330801391774,60.0,0.0,0.07553866160278354,0.8000000000000006,0.0,1,0,0
2024-01-03 07:30:00,1.0,20.0,-0.04931323738554736,20.441203505450726,16.53200040574081,9.0,59.688207263858615,60.0,0.0,0.07537641452771723,0.8000000000000006,0.0,1,0,0
2024-01-03 07:45:00,1.0,20.0,-0.04142135401731591,20.39258119334028,16.53540801209333,9.0,59.48770543111001,60.0,0.2567413333333333,0.07497541086222001,0.8000000000000006,0.0,1,0,0
2024-01-03 08:00:00,1.0,20.0,-0.033746869241061246,20.34457401680443,16.538227893604347,9.0,59.614222805519894,60.0,0.7702240000000001,0.07522844561103978,0.8000000000000006,0.0,1,0,0
2024-01-03 08:15:00,1.0,20.0,-0.02628599113917516,20.297172797878446,16.540476439662978,9.0,60.995439450304254,60.0,0.2567413333333333,0.0779908789006085,0.8000000000000006,0.0,1,0,0
2024-01-03 08:30:00,1.0,20.0,-0.019028008772065952,20.25033117639588,16.542169307286297,9.0,60.65433147095743,60.0,0.2567413333333333,0.07730866294191487,0.8000000000000006,0.0,1,0,0
2024-01-03 08:45:00,1.0,20.0,-0.011967794736610905,20.204036881146916,16.543321622329223,9.0,60.48865200566505,60.0,0.0,0.07697730401133011,0.8000000000000006,0.0,1,0,0
2024-01-03 09:00:00,1.0,20.0,-0.005104664618356113,20.15831167534867,16.54394823926142,9.0,60.17617325562758,60.0,0.2567413333333333,0.07635234651125518,0.8000000000000006,0.0,1,0,0
2024-01-03 09:15:00,1.0,20.0,0.0015644198353573604,20.11314817487225,16.544064059382347,9.0,59.92871029298032,60.0,0.2567413333333333,0.07585742058596062,0.8000000000000006,0.0,1,0,0
2024-01-03 09:30:00,1.0,20.0,0.00805048662914901,20.068496157986207,16.543683240383704,9.0,59.69107371835095,60.0,0.0,0.07538214743670192,0.8000000000000006,0.0,1,0,0
2024-01-03 09:45:00,1.0,20.0,0.014358174760493095,20.024344529126463,16.542819425289075,9.0,59.61011826670331,60.0,0.0,0.07522023653340663,0.8000000000000006,0.0,1,0,0
2024-01-03 10:00:00,1.0,20.0,0.020488058105295522,19.980713264620103,16.541486013237243,9.0,59.52933669668083,60.0,0.0,0.07505867339336164,0.8000000000000006,0.0,1,0,0
2024-01-03 10:15:00,1.0,20.0,0.026442860954698697,19.93759572505548,16.53969644993006,9.0,59.44872863480871,60.0,0.0,0.07489745726961741,0.8000000000000006,0.0,1,0,0
2024-01-03 10:30:00,1.0,20.0,0.03223260381813426,19.894946155556813,16.53746350583481,9.0,59.30390557560114,60.0,0.2567413333333333,0.0746078111512023,0.8000000000000006,0.0,1,0,0
2024-01-03 10:45:00,1.0,20.0,0.03786147496061549,19.852754522341932,16.53479948512445,9.0,59.25130389817707,60.0,0.0,0.07450260779635413,0.8000000000000006,0.0,1,0,0
2024-01-03 11:00:00,1.0,20.0,0.04333314448810273,19.811013970093395,16.531716392251877,9.0,60.98289937536193,60.0,0.12837066666666666,0.07796579875072386,0.8000000000000006,0.0,1,0,0
2024-01-03 11:15:00,1.0,20.0,0.04865139737357311,19.769715322461504,16.52822596648934,9.0,60.64727146433722,60.0,0.2567413333333333,0.07729454292867445,0.8000000000000006,0.0,1,0,0
2024-01-03 11:30:00,1.0,20.0,0.05382062576823736,19.728845886312374,16.52433961989255,9.0,60.49997948959314,60.0,0.12837066666666666,0.07699995897918628,0.8000000000000006,0.0,1,0,0
2024-01-03 11:45:00,1.0,20.0,0.05884458085097248,19.68839657384889,16.52006846373992,9.0,60.15074492191406,60.0,0.12837066666666666,0.0763014898438281,0.8000000000000006,0.0,1,0,0
2024-01-03 12:00:00,1.0,20.0,0.06370295638403092,19.648547575155057,16.51542393463031,9.0,60.05962060153952,60.0,0.0,0.07611924120307904,0.8000000000000006,0.0,1,0,0
2024-01-03 12:15:00,1.0,20.0,0.06838923823682547,19.609314301857083,16.510419531956934,9.0,59.655855142090495,60.0,0.8985946666666668,0.075311710284181,0.8000000000000006,0.0,1,0,0
2024-01-03 12:30:00,1.0,20.0,0.07294227508878502,19.57047069755557,16.505066343247893,9.0,60.93643659718996,60.0,0.2567413333333333,0.07787287319437991,0.8000000000000006,0.0,1,0,0
2024-01-03 12:45:00,1.0,20.0,0.07736568031454306,19.532008625813695,16.499374283563107,9.0,60.591796751550255,60.0,0.12837066666666666,0.0771835935031005,0.8000000000000006,0.0,1,0,0
2024-01-03 13:00:00,1.0,20.0,0.047098505364974265,19.78883304349109,16.493934237575708,9.0,59.727561705125176,60.0,0.8985946666666668,0.07545512341025036,0.8000000000000006,0.0,1,0,0
2024-01-03 13:15:00,1.0,20.0,-0.06744282279536029,20.52414756307507,16.49573263684746,9.0,59.45365991605239,60.0,0.0,0.07490731983210477,0.8000000000000006,0.0,1,0,0
2024-01-03 13:30:00,1.0,20.0,-0.062013737230335084,20.48144603488935,16.50070707025581,9.0,59.125037132247584,60.0,0.2567413333333333,0.07425007426449516,0.8000000000000006,0.0,1,0,0
2024-01-03 13:45:00,1.0,20.0,-0.05390965960491571,20.432784004365942,16.505065991145383,9.0,59.1610726991298,60.0,0.0,0.0743221453982596,0.8000000000000006,0.0,1,0,0
2024-01-03 14:00:00,1.0,20.0,0.018598738358637252,20.3847306402324,16.50637337359601,8.0,61.014275203391804,60.0,0.0,0.07802855040678362,0.8000000000000006,0.0,1,0,0
2024-01-03 14:15:00,1.0,20.0,0.029800559910608284,20.337238017570733,16.50435084999186,8.0,59.41905807142632,60.0,2.053930666666667,0.07483811614285264,0.8000000000000006,0.0,1,0,0
2024-01-03 14:30:00,1.0,20.0,0.03616689813357277,20.290260299293273,16.50184078798524,8.0,60.955650884434256,60.0,0.12837066666666666,0.0779113017688685,0.8000000000000006,0.0,1,0,0
2024-01-03 14:45:00,1.0,20.0,0.04235629604529203,20.24378644862037,16.49885672074925,8.0,60.200339138682416,60.0,1.0269653333333335,0.07640067827736483,0.8000000000000006,0.0,1,0,0
2024-01-03 15:00:00,1.0,20.0,-0.0162100504004388,20.19747981565432,16.497858722654378,9.0,59.78761953317342,60.0,0.2567413333333333,0.07557523906634685,0.8000000000000006,0.0,1,0,0
2024-01-03 15:15:00,1.0,20.0,-0.013794712141256204,20.151324700770278,16.499149451418877,9.0,59.45833214632589,60.0,0.0,0.07491666429265177,0.8000000000000006,0.0,1,0,0
2024-01-03 15:30:00,1.0,20.0,-0.006917899715281571,20.105704850910335,16.499913658197446,9.0,59.35027791153762,60.0,0.2567413333333333,0.07470055582307523,0.8000000000000006,0.0,1,0,0
2024-01-03 15:45:00,1.0,20.0,-0.00022919830845838382,20.060608581911495,16.50016573029105,9.0,59.453955889291294,60.0,1.7971893333333335,0.0749079117785826,0.8000000000000006,0.0,1,0,0
2024-01-03 16:00:00,1.0,20.0,0.006280804825364172,20.015987461738796,16.499919575631846,9.0,60.8480515026678,60.0,0.12837066666666666,0.07769610300533561,0.8000000000000006,0.0,1,0,0
2024-01-03 16:15:00,1.0,20.0,0.01261868554247839,19.971825657802636,16.499188292770025,9.0,60.72787689472466,60.0,0.0,0.07745575378944933,0.8000000000000006,0.0,1,0,0
2024-01-03 16:30:00,1.0,20.0,0.018782001837379384,19.928154951577955,16.49798505748796,9.0,60.61709848255277,60.0,0.12837066666666666,0.07723419696510554,0.8000000000000006,0.0,1,0,0
2024-01-03 16:45:00,1.0,20.0,0.024775085344746737,19.88496474210791,16.496322889847114,9.0,60.4238884716536,60.0,0.0,0.07684777694330719,0.8000000000000006,0.0,1,0,0
2024-01-03 17:00:00,1.0,20.0,0.030602210721787395,19.842244687593784,16.49421448300327,9.0,60.34135903063725,60.0,0.0,0.07668271806127451,0.8000000000000006,0.0,1,0,0
2024-01-03 17:15:00,1.0,20.0,0.03626754630106655,19.79998469896722,16.491672211337644,9.0,60.25900685196748,60.0,0.0,0.07651801370393496,0.8000000000000006,0.0,1,0,0
2024-01-03 17:30:00,1.0,20.0,0.04177515673249828,19.758174933622204,16.488708138385952,9.0,60.02051592405601,60.0,0.2567413333333333,0.07604103184811202,0.8000000000000006,0.0,1,0,0
2024-01-03 17:45:00,1.0,20.0,0.047129005559688866,19.716805789302708,16.485334024570452,9.0,59.81024525603342,60.0,0.2567413333333333,0.07562049051206683,0.8000000000000006,0.0,1,0,0
2024-01-03 18:00:00,3.0,19.733333333333334,0.11699198192467,19.675595884933674,16.479112541017695,8.0,59.43491190948211,60.0,0.2567413333333333,0.07486982381896423,0.8000000000000006,0.0,1,0,0
2024-01-03 18:15:00,1.0,19.966666666666665,0.12566662972195294,19.63446518082477,16.469755770390158,8.0,59.10638209205775,60.0,0.0,0.0742127641841155,0.8000000000000006,0.0,1,0,0
2024-01-03 18:30:00,1.0,20.0,0.12956918932151726,19.593698986230585,16.460099884892653,8.0,59.05057163517615,60.0,0.0,0.07410114327035229,0.8000000000000006,0.0,1,0,0
2024-01-03 18:45:00,1.0,20.0,0.13335623847407968,19.55328998073385,16.450153719872347,8.0,60.78268421790374,60.0,1.9255600000000002,0.0775653684358075,0.8000000000000006,0.0,1,0,0
2024-01-03 19:00:00,1.0,20.0,0.13606665155653272,19.53292242752268,16.43993074493029,8.0,59.143578139327886,60.0,0.2567413333333333,0.07428715627865577,0.8000000000000006,0.0,1,0,0
2024-01-03 19:15:00,1.0,20.0,0.02608140803306257,20.316585718457322,16.43318652958923,8.0,60.951028330862094,60.0,0.0,0.07790205666172419,0.8000000000000006,0.0,1,0,0
2024-01-03 19:30:00,1.0,20.0,-0.009793703130297489,20.501997008829186,16.433614717607465,8.0,60.946039766934184,60.0,0.2567413333333333,0.07789207953386838,0.8000000000000006,0.0,1,0,0
2024-01-03 19:45:00,1.0,20.0,-0.0022040137685357952,20.45104277779177,16.434047667858653,8.0,60.457985512092215,60.0,0.2567413333333333,0.07691597102418443,0.8000000000000006,0.0,1,0,0
2024-01-03 20:00:00,1.0,20.0,0.005177707942441596,20.40066884744344,16.433915407990476,8.0,60.11803454664177,60.0,0.2567413333333333,0.07623606909328355,0.8000000000000006,0.0,1,0,0
2024-01-03 20:15:00,1.0,20.0,0.012356680259197356,20.350862610629935,16.433233444962763,8.0,59.93513201599958,60.0,0.12837066666666666,0.07587026403199916,0.8000000000000006,0.0,1,0,0
2024-01-03 20:30:00,1.0,20.0,0.019337991653580487,20.301611768645028,16.4320168965932,8.0,59.660590734915374,60.0,0.7702240000000001,0.07532118146983074,0.8000000000000006,0.0,1,0,0
2024-01-03 20:45:00,1.0,20.0,0.02612660403762392,20.252904323579664,16.4302805012359,8.0,60.81279090898881,60.0,0.0,0.07762558181797762,0.8000000000000006,0.0,1,0,0
2024-01-03 21:00:00,1.0,20.0,0.03272735590833608,20.2047285708611,16.42803862721951,8.0,61.23021227418615,60.0,0.0,0.0784604245483723,0.8000000000000006,0.0,1,0,0
2024-01-03 21:15:00,1.0,20.0,0.03914496541433881,20.157073091977452,16.425305282050783,8.0,61.0172708872919,60.0,0.12837066666666666,0.0780345417745838,0.8000000000000006,0.0,1,0,0
2024-01-03 21:30:00,1.0,20.0,0.04538403334632305,20.10992674738294,16.42209412138944,8.0,60.924285383513165,60.0,0.0,0.07784857076702632,0.8000000000000006,0.0,1,0,0
2024-01-03 21:45:00,1.0,20.0,0.051449046053199,20.063278669579354,16.41841845780005,8.0,60.84068115597561,60.0,0.0,0.07768136231195122,0.8000000000000006,0.0,1,0,0
2024-01-03 22:00:00,1.0,20.0,0.12200340247819688,20.01684624316086,16.411842475564253,7.0,60.692868366471025,60.0,0.2567413333333333,0.07738573673294206,0.8000000000000006,0.0,1,0,0
2024-01-03 22:15:00,1.0,20.0,0.13135014363604675,19.97054822425118,16.402079732482164,7.0,60.18698556379623,60.0,0.2567413333333333,0.07637397112759244,0.8000000000000006,0.0,1,0,0
2024-01-03 22:30:00,1.0,20.0,0.13590599465106876,19.924668747316186,16.391967838824467,7.0,59.76476133195429,60.0,0.7702240000000001,0.07552952266390857,0.8000000000000006,0.0,1,0,0
2024-01-03 22:45:00,1.0,20.0,0.14032800596972583,19.879199345818105,16.38151703185458,7.0,59.132398752946074,60.0,0.0,0.07426479750589214,0.8000000000000006,0.0,1,0,0
2024-01-03 23:00:00,1.0,20.0,0.14461955741086213,19.834131758470807,16.370737290361493,7.0,59.3689745121359,60.0,1.7971893333333335,0.0747379490242718,0.8000000000000006,0.0,1,0,0
2024-01-03 23:15:00,1.0,20.0,0.14878394467653772,19.789457924153787,16.359638341092513,7.0,60.860577722876194,60.0,0.12837066666666666,0.0777211554457524,0.8000000000000006,0.0,1,0,0
2024-01-03 23:30:00,1.0,20.0,0.15282438144232094,19.745169976952372,16.348229665026235,7.0,60.75874590345516,60.0,0.0,0.07751749180691032,0.8000000000000006,0.0,1,0,0
2024-01-03 23:45:00,1.0,20.0,0.1567440013956474,19.70126024132119,16.33652050348957,7.0,60.67549723287185,60.0,0.0,0.0773509944657437,0.8000000000000006,0.0,1,0,0
2024-01-04 00:00:00,1.0,20.0,0.16054586022352826,19.65772122736773,16.32451986412278,7.0,60.59242736944529,60.0,0.0,0.07718485473889057,0.8000000000000006,0.0,1,0,0
2024-01-04 00:15:00,1.0,20.0,0.16423293755088023,19.614545626253065,16.312236526696314,7.0,60.50953592912129,60.0,0.0,0.0770190718582426,0.8000000000000006,0.0,1,0,0
2024-01-04 00:30:00,1.0,20.0,0.16780813883068926,19.571726305706807,16.29967904878304,7.0,59.82005750643643,60.0,0.7702240000000001,0.07564011501287285,0.8000000000000006,0.0,1,0,0
2024-01-04 00:45:00,1.0,20.0,0.17127429718721435,19.529256305653465,16.28685577128956,7.0,59.745746368294604,60.0,0.7702240000000001,0.07549149273658921,0.8000000000000006,0.0,1,0,0
2024-01-04 01:00:00,1.0,20.0,0.12190534661613141,19.919354213324578,16.274839027681633,7.0,60.95972385496945,60.0,0.2567413333333333,0.0779194477099389,0.8000000000000006,0.0,1,0,0
2024-01-04 01:15:00,2.0,19.333333333333332,0.022318747388451365,20.518033884506565,16.27072749912704,7.0,60.7566200851008,60.0,0.0,0.07751324017020159,0.8000000000000006,0.0,1,0,0
2024-01-04 01:30:00,2.0,15.0,0.0297535826441642,20.464562833509657,16.26873965648215,7.0,60.67337598049474,60.0,0.0,0.07734675196098949,0.8000000000000006,0.0,1,0,0
2024-01-04 01:45:00,2.0,15.0,0.03698259974491171,20.411674600671656,16.26619822058593,7.0,60.50753176949339,60.0,0.2567413333333333,0.07701506353898677,0.8000000000000006,0.0,1,0,0
2024-01-04 02:00:00,2.0,15.0,0.04401096802583832,20.35935667476588,16.263118537919627,7.0,60.149099424862,60.0,0.2567413333333333,0.076298198849724,0.8000000000000006,0.0,1,0,0
2024-01-04 02:15:00,2.0,15.0,0.050843728241003874,20.307596850211862,16.259515569471112,7.0,59.87421584934369,60.0,0.7702240000000001,0.07574843169868738,0.8000000000000006,0.0,1,0,0
2024-01-04 02:30:00,2.0,15.0,0.05748579575841439,20.256383219495184,16.25540390032368,7.0,60.4604598269729,60.0,0.2567413333333333,0.0769209196539458,0.8000000000000006,0.0,1,0,0
2024-01-04 02:45:00,2.0,15.0,0.06394196367567276,20.205704165775604,16.25079774900664,7.0,60.672481516218525,60.0,0.12837066666666666,0.07734496303243704,0.8000000000000006,0.0,1,0,0
2024-01-04 03:00:00,2.0,15.0,0.07021690585821501,20.155548355678825,16.245710976613477,7.0,60.46993673476716,60.0,0.12837066666666666,0.07693987346953432,0.8000000000000006,0.0,1,0,0
2024-01-04 03:15:00,2.0,15.0,0.07631517990205881,20.105904732267287,16.240157095693526,7.0,60.06173987958218,60.0,1.5404480000000003,0.07612347975916435,0.8000000000000006,0.0,1,0,0
2024-01-04 03:30:00,2.0,15.0,0.08224123002295167,20.056762508185606,16.234149278922647,7.0,60.72588673172629,60.0,0.0,0.07745177346345258,0.8000000000000006,0.0,1,0,0
2024-01-04 03:45:00,2.0,16.0,0.08799938987371725,20.008111158976238,16.22770036755846,7.0,60.9819972327256,60.0,0.12837066666666666,0.07796399446545119,0.8000000000000006,0.0,1,0,0
2024-01-04 04:00:00,2.0,15.0,0.1582529094840212,19.959668403352673,16.218374085963326,6.0,60.493732642880396,60.0,0.8985946666666668,0.07698746528576078,0.8000000000000006,0.0,1,0,0
2024-01-04 04:15:00,2.0,16.0,0.16730468464359166,19.911353322859327,16.20588354312363,6.0,59.731095276589905,60.0,0.12837066666666666,0.0754621905531798,0.8000000000000006,0.0,1,0,0
2024-01-04 04:30:00,2.0,16.0,0.17157129884871086,19.863450368901287,16.193065911326844,6.0,59.253513146462154,60.0,2.439042666666667,0.07450702629292431,0.8000000000000006,0.0,1,0,0
2024-01-04 04:45:00,2.0,15.0,0.1757096644254164,19.8159513836103,16.179931000415433,6.0,61.000222484813314,60.0,0.12837066666666666,0.07800044496962662,0.8000000000000006,0.0,1,0,0
2024-01-04 05:00:00,2.0,15.0,0.1797230264926251,19.768848406306596,16.166488372058105,6.0,60.886912818999186,60.0,0.0,0.07777382563799835,0.8000000000000006,0.0,1,0,0
2024-01-04 05:15:00,2.0,15.0,0.18361454938801483,19.72213366861418,16.15274734592748,6.0,60.141510811182904,60.0,0.7702240000000001,0.0762830216223658,0.8000000000000006,0.0,1,0,0
2024-01-04 05:30:00,1.0,19.333333333333332,0.18738731867547379,19.67579958969747,16.138717005724327,6.0,59.894296185172806,60.0,0.8985946666666667,0.07578859237034562,0.8000000000000006,0.0,1,0,0
2024-01-04 05:45:00,1.0,20.0,0.19104434310267587,19.629838771616186,16.124406205052,6.0,60.49495476404966,60.0,0.0,0.07698990952809931,0.8000000000000006,0.0,1,0,0
2024-01-04 06:00:00,1.0,20.0,0.1945885565100082,19.584243994795717,16.10982357314497,6.0,60.24187006880291,60.0,1.0269653333333335,0.07648374013760582,0.8000000000000006,0.0,1,0,0
2024-01-04 06:15:00,1.0,20.0,0.19802281969208033,19.539008213609865,16.094977520454933,6.0,59.728027314421226,60.0,0.0,0.07545605462884246,0.8000000000000006,0.0,1,0,0
2024-01-04 06:30:00,1.0,20.0,0.174456455067138,19.73006264956475,16.080283140583226,6.0,59.56956118915168,60.0,0.7702240000000001,0.07513912237830335,0.8000000000000006,0.0,1,0,0
2024-01-04 06:45:00,1.0,20.0,0.0539340017600879,20.50500001616892,16.072474591410348,6.0,61.04671306542502,60.0,0.7702240000000001,0.07809342613085005,0.8000000000000006,0.0,1,0,0
2024-01-04 07:00:00,1.0,20.0,0.05555402169200986,20.468455418941428,16.068516830342425,6.0,60.17762173872422,60.0,0.2567413333333333,0.07635524347744843,0.8000000000000006,0.0,1,0,0
2024-01-04 07:15:00,1.0,20.0,0.0627690454379608,20.412787856816177,16.064025961392787,6.0,59.976213628147484,60.0,0.0,0.07595242725629497,0.8000000000000006,0.0,1,0,0
2024-01-04 07:30:00,1.0,20.0,0.06978211227800822,20.357701131182967,16.058997956248287,6.0,59.54129354097234,60.0,1.5404480000000003,0.0750825870819447,0.8000000000000006,0.0,1,0,0
2024-01-04 07:45:00,1.0,20.0,0.0765982998383328,20.303182929391273,16.05344787326933,6.0,60.78504972659377,60.0,0.0,0.07757009945318753,0.8000000000000006,0.0,1,0,0
2024-01-04 08:00:00,1.0,20.0,0.08321902768980154,20.249249106205813,16.04739048130327,6.0,60.94019134766088,60.0,0.0,0.07788038269532176,0.8000000000000006,0.0,1,0,0
2024-01-04 08:15:00,1.0,20.0,0.08964763859841209,20.19589148888094,16.04084052418503,6.0,60.82895427489303,60.0,0.2567413333333333,0.07765790854978606,0.8000000000000006,0.0,1,0,0
2024-01-04 08:30:00,1.0,20.0,0.09589405480898167,20.143066566563235,16.033812069353903,6.0,60.138383850478,60.0,1.5404480000000003,0.076276767700956,0.8000000000000006,0.0,1,0,0
2024-01-04 08:45:00,1.0,20.0,0.10196290045552246,20.090763198268814,16.02631869852509,6.0,61.243179285892666,60.0,0.0,0.07848635857178533,0.8000000000000006,0.0,1,0,0
2024-01-04 09:00:00,1.0,20.0,0.10785232647068449,20.03902038172286,16.018373811014943,6.0,61.182731377201215,60.0,0.0,0.07836546275440244,0.8000000000000006,0.0,1,0,0
2024-01-04 09:15:00,1.0,20.0,0.11356403447563905,19.987833858514342,16.009991088708283,6.0,57.52597246598118,60.0,7.188757333333332,0.07105194493196235,0.8000000000000006,0.0,1,0,0
2024-01-04 09:30:00,1.0,20.0,0.11911160636423632,19.93713588051606,16.001183322283214,6.0,59.76457107926937,60.0,0.12837066666666666,0.07552914215853875,0.8000000000000006,0.0,1,0,0
2024-01-04 09:45:00,1.0,20.0,0.12449924702335821,19.886916377804877,15.991962744473009,6.0,60.46197592110193,60.0,1.1553360000000004,0.07692395184220385,0.8000000000000006,0.0,1,0,0
2024-01-04 10:00:00,1.0,20.0,0.12972745661755533,19.837193392284355,15.982341368808958,6.0,60.42231427904206,60.0,0.7702240000000001,0.07684462855808412,0.8000000000000006,0.0,1,0,0
2024-01-04 10:15:00,1.0,20.0,0.13479868135322953,19.78796088413988,15.97233125237381,6.0,61.23134142823811,60.0,0.0,0.07846268285647623,0.8000000000000006,0.0,1,0,0
2024-01-04 10:30:00,1.0,20.0,0.13972196919468727,19.73917742258769,15.961943842714808,6.0,61.09187768484363,60.0,1.5404480000000003,0.07818375536968726,0.8000000000000006,0.0,1,0,0
2024-01-04 10:45:00,1.0,20.0,0.14450109172096967,19.69083389516519,15.95119016685377,6.0,59.40877399805638,60.0,0.0,0.07481754799611277,0.8000000000000006,0.0,1,0,0
2024-01-04 11:00:00,1.0,20.0,0.14913355437663497,19.642969811161628,15.940081128300555,6.0,59.3284248889483,60.0,0.0,0.07465684977789658,0.8000000000000006,0.0,1,0,0
2024-01-04 11:15:00,1.0,20.0,0.15362032625045127,19.595582654730734,15.928627957015152,6.0,59.2482483591216,60.0,0.7702240000000001,0.0744964967182432,0.8000000000000006,0.0,1,0,0
2024-01-04 11:30:00,1.0,20.0,0.15797392423977732,19.548608247440736,15.916841068858634,6.0,60.34632576404135,60.0,0.0,0.07669265152808272,0.8000000000000006,0.0,1,0,0
2024-01-04 11:45:00,1.0,20.0,0.1477727784949919,19.639738570685118,15.904900084954232,6.0,61.12253546326631,60.0,0.0,0.07824507092653261,0.8000000000000006,0.0,1,0,0
2024-01-04 12:00:00,1.0,20.0,0.023766821504922254,20.4670986374252,15.898753208220635,6.0,61.03850542072371,60.0,0.0,0.07807701084144741,0.8000000000000006,0.0,1,0,0
2024-01-04 12:15:00,1.0,20.0,0.017462900485292598,20.4754613205752,15.89762435704926,6.0,60.881092776115764,60.0,0.12837066666666666,0.07776218555223152,0.8000000000000006,0.0,1,0,0
2024-01-04 12:30:00,1.0,20.0,0.02545551225643391,20.418706514618364,15.895980938900973,6.0,60.3655529801424,60.0,0.5134826666666666,0.07673110596028479,0.8000000000000006,0.0,1,0,0
2024-01-04 12:45:00,1.0,20.0,0.03322729340888526,20.362575313074828,15.893742378461148,6.0,60.099432141896315,60.0,0.0,0.07619886428379265,0.8000000000000006,0.0,1,0,0
2024-01-04 13:00:00,1.0,20.0,0.04075774736852053,20.307259782280475,15.890925798926743,6.0,59.599859264803634,60.0,1.7971893333333333,0.07519971852960726,0.8000000000000006,0.0,1,0,0
2024-01-04 13:15:00,1.0,20.0,0.04804132891617975,20.252772985618158,15.88755044814056,6.0,60.769717109281615,60.0,0.385112,0.07753943421856321,0.8000000000000006,0.0,1,0,0
2024-01-04 13:30:00,1.0,20.0,0.055121759011667125,20.19886562815845,15.883632838051312,6.0,60.46509095225271,60.0,0.385112,0.07693018190450542,0.8000000000000006,0.0,1,0,0
2024-01-04 13:45:00,1.0,20.0,0.0620044245326532,20.14552535818941,15.879188094646581,6.0,60.014766881689106,60.0,0.7702240000000001,0.07602953376337822,0.8000000000000006,0.0,1,0,0
2024-01-04 14:00:00,1.0,20.0,0.06870137877663067,20.092684244619427,15.87423078498679,6.0,59.280530260793185,60.0,0.6418533333333334,0.07456106052158637,0.8000000000000006,0.0,1,0,0
2024-01-04 14:15:00,1.0,20.0,0.07522044786628729,20.040323419129667,15.868774415158047,6.0,60.99163600050739,60.0,0.0,0.07798327200101478,0.8000000000000006,0.0,1,0,0
2024-01-04 14:30:00,3.0,19.666666666666668,0.0815559028858322,19.988495735046218,15.862832764108678,6.0,60.81383804821532,60.0,0.7702240000000001,0.07762767609643063,0.8000000000000006,0.0,1,0,0
2024-01-04 14:45:00,1.0,19.733333333333334,0.08771228655552539,19.937189973718226,15.856419528257621,6.0,60.06887756529365,60.0,0.0,0.0761377551305873,0.8000000000000006,0.0,1,0,0
2024-01-04 15:00:00,1.0,20.0,0.09375549242139894,19.885910815724163,15.849546509995271,6.0,59.692891224794586,60.0,0.5134826666666666,0.07538578244958917,0.8000000000000006,0.0,1,0,0
2024-01-04 15:15:00,1.0,20.0,0.09971573277431953,19.834585934877722,15.842219192548532,6.0,59.35470478773395,60.0,0.0,0.07470940957546791,0.8000000000000006,0.0,1,0,0
2024-01-04 15:30:00,1.0,20.0,0.10550666107371737,19.783762461439736,15.834448230071025,6.0,59.07943208239886,60.0,0.8985946666666668,0.07415886416479772,0.8000000000000006,0.0,1,0,0
2024-01-04 15:45:00,1.0,20.0,0.11113187780480831,19.733429981034053,15.826246297317994,6.0,60.73593545777362,60.0,0.0,0.07747187091554725,0.8000000000000006,0.0,1,0,0
2024-01-04 16:00:00,1.0,20.0,0.11660181268637836,19.683528978542192,15.817625591899935,6.0,61.01042305675436,60.0,0.0,0.07802084611350873,0.8000000000000006,0.0,1,0,0
2024-01-04 16:15:00,1.0,20.0,0.12192316733095887,19.634043258594733,15.808597390464877,6.0,60.586515869177944,60.0,0.385112,0.0771730317383559,0.8000000000000006,0.0,1,0,0
2024-01-04 16:30:00,1.0,20.0,0.12709067672333466,19.585019958249337,15.799173226347104,6.0,60.35660711287951,60.0,0.12837066666666666,0.07671321422575902,0.8000000000000006,0.0,1,0,0
2024-01-04 16:45:00,1.0,20.0,0.1321081528601033,19.536449614085527,15.789364575295979,6.0,60.15472364642199,60.0,1.5404480000000003,0.076309447292844,0.8000000000000006,0.0,1,0,0
2024-01-04 17:00:00,1.0,20.0,0.09381100926505588,19.848601797446936,15.779981145600159,6.0,60.31338449750113,60.0,0.2567413333333333,0.07662676899500226,0.8000000000000006,0.0,1,0,0
2024-01-04 17:15:00,1.0,20.0,-0.013187022255204269,20.51413769245244,15.778137773749448,6.0,60.93345470430348,60.0,0.12837066666666666,0.07786690940860695,0.8000000000000006,0.0,1,0,0
2024-01-04 17:30:00,1.0,20.0,-0.005276383160507384,20.4548452521001,15.778848095391373,6.0,60.748755972926375,60.0,0.12837066666666666,0.07749751194585275,0.8000000000000006,0.0,1,0,0
2024-01-04 17:45:00,1.0,20.0,0.0033570388397938054,20.396230284529793,15.778897372021307,6.0,60.32542662266166,60.0,0.2567413333333333,0.07665085324532332,0.8000000000000006,0.0,1,0,0
2024-01-04 18:00:00,1.0,20.0,0.011753508784239473,20.338278058765937,15.778303726519121,6.0,60.17882592815843,60.0,0.0,0.07635765185631688,0.8000000000000006,0.0,1,0,0
2024-01-04 18:15:00,1.0,20.0,0.019918973117820746,20.280974204281097,15.777084827008874,6.0,60.09682284914066,60.0,0.0,0.07619364569828133,0.8000000000000006,0.0,1,0,0
2024-01-04 18:30:00,1.0,20.0,0.027859230387425413,20.224304702055193,15.77525789816923,6.0,59.89549870501783,60.0,0.12837066666666666,0.07579099741003566,0.8000000000000006,0.0,1,0,0
2024-01-04 18:45:00,1.0,20.0,0.03557993491683632,20.168255875856747,15.77283973226283,6.0,59.63942411709796,60.0,0.2567413333333333,0.07527884823419592,0.8000000000000006,0.0,1,0,0
2024-01-04 19:00:00,1.0,20.0,0.043086600390416736,20.112814383740783,15.769846699891612,6.0,59.29205107840123,60.0,0.2567413333333333,0.07458410215680247,0.8000000000000006,0.0,1,0,0
2024-01-04 19:15:00,1.0,20.0,0.05038460334775874,20.057967209757873,15.766294760484874,6.0,60.05670418851774,60.0,0.12837066666666666,0.07611340837703548,0.8000000000000006,0.0,1,0,0
2024-01-04 19:30:00,1.0,20.0,0.057479186591499185,20.003701655869186,15.76219947252671,6.0,60.88285285573217,60.0,0.8985946666666668,0.07776570571146434,0.8000000000000006,0.0,1,0,0
2024-01-04 19:45:00,1.0,20.0,0.06437546251047811,19.950005334062315,15.757576003529355,6.0,59.96306933632301,60.0,0.0,0.07592613867264601,0.8000000000000006,0.0,1,0,0
2024-01-04 20:00:00,1.0,20.0,0.13573744051272094,19.89659414545445,15.749990346036505,5.0,59.881529673987615,60.0,0.0,0.07576305934797523,0.8000000000000006,0.0,1,0,0
2024-01-04 20:15:00,1.0,20.0,0.14586875688963805,19.84338539881133,15.739157820586199,5.0,59.800165148084815,60.0,0.0,0.07560033029616962,0.8000000000000006,0.0,1,0,0
2024-01-04 20:30:00,1.0,20.0,0.151186717231532,19.790661816464375,15.72791775579558,5.0,59.71897538244466,60.0,0.0,0.07543795076488932,0.8000000000000006,0.0,1,0,0
2024-01-04 20:45:00,1.0,20.0,0.1563489380081807,19.73841355409168,15.716282063987553,5.0,59.63796000170519,60.0,0.0,0.07527592000341038,0.8000000000000006,0.0,1,0,0
2024-01-04 21:00:00,1.0,20.0,0.2260183751703574,19.68635899291332,15.701813563078474,4.0,59.55711863131064,60.0,0.0,0.07511423726262127,0.8000000000000006,0.0,1,0,0
2024-01-04 21:15:00,2.0,19.333333333333332,0.23449763771477514,19.63441785979116,15.684224477540308,4.0,59.476450897509736,60.0,0.0,0.07495290179501947,0.8000000000000006,0.0,1,0,0
2024-01-04 21:30:00,1.0,18.666666666666668,0.23820302944960287,19.582875234687602,15.666351116534285,4.0,59.2580210255413,60.0,0.2567413333333333,0.0745160420510826,0.8000000000000006,0.0,1,0,0
2024-01-04 21:45:00,2.0,16.333333333333332,0.24179118994120452,19.531723571949893,15.648202447635008,4.0,58.88130005901917,60.0,1.5404480000000003,0.07376260011803834,0.8000000000000006,0.0,1,0,0
2024-01-04 22:00:00,2.0,15.0,0.374583146689974,19.480411480762807,15.624889623140664,2.0,60.27373658685713,60.0,1.5404480000000003,0.07654747317371427,0.8000000000000006,0.0,1,0,0
2024-01-04 22:15:00,2.0,15.0,0.3851793547966697,19.428789972694243,15.595822972705005,2.0,59.36036071343075,60.0,1.0269653333333335,0.07472072142686151,0.8000000000000006,0.0,1,0,0
2024-01-04 22:30:00,2.0,15.0,0.38640777747412103,19.37744048377623,15.56666135054332,2.0,61.04345941823926,60.0,0.8985946666666668,0.07808691883647852,0.8000000000000006,0.0,1,0,0
2024-01-04 22:45:00,2.0,15.0,0.38757716499639855,19.326358924059022,15.537409274044396,2.0,59.36757772484154,60.0,0.7702240000000001,0.07473515544968308,0.8000000000000006,0.0,1,0,0
2024-01-04 23:00:00,2.0,15.0,0.3886890594097263,19.275541298162683,15.508071142662946,2.0,59.16649308674981,60.0,1.9255600000000002,0.07433298617349962,0.8000000000000006,0.0,1,0,0
2024-01-04 23:15:00,2.0,15.0,0.38974496424880684,19.224983702946073,15.478651240864782,2.0,61.02223270331614,60.0,0.0,0.07804446540663229,0.8000000000000006,0.0,1,0,0
2024-01-04 23:30:00,1.0,20.0,0.303665217125656,19.86179325329281,15.451351658596087,2.0,60.938418097863334,60.0,0.0,0.07787683619572668,0.8000000000000006,0.0,1,0,0
2024-01-04 23:45:00,1.0,20.0,0.19424323518172654,20.488344864935982,15.434157869572113,2.0,60.85478351512067,60.0,0.0,0.07770956703024136,0.8000000000000006,0.0,1,0,0
2024-01-05 00:00:00,1.0,20.0,0.20057268368235756,20.42329407093012,15.419220708476422,2.0,60.605752303552805,60.0,0.7702240000000001,0.07721150460710562,0.8000000000000006,0.0,1,0,0
2024-01-05 00:15:00,2.0,18.0,0.20671541711719602,20.3588182852234,15.403812725998222,2.0,59.86123876134624,60.0,0.12837066666666666,0.0757224775226925,0.8000000000000006,0.0,1,0,0
2024-01-05 00:30:00,1.0,18.0,0.2126761522757812,20.294905970971236,15.387947843126256,2.0,59.64205619322014,60.0,0.0,0.0752841123864403,0.8000000000000006,0.0,1,0,0
2024-01-05 00:45:00,1.0,20.0,0.21845948855192449,20.23154587070576,15.371639629106486,2.0,60.23640178417437,60.0,0.7702240000000001,0.07647280356834872,0.8000000000000006,0.0,1,0,0
2024-01-05 01:00:00,1.0,20.0,0.2240699108609903,20.16872699941379,15.354901310196782,2.0,60.39474999468458,60.0,0.8985946666666668,0.07678949998936917,0.8000000000000006,0.0,1,0,0
2024-01-05 01:15:00,1.0,20.0,0.2295117924846983,20.106438637786727,15.337745778204033,2.0,60.110257323612544,60.0,0.0,0.07622051464722508,0.8000000000000006,0.0,1,0,0
2024-01-05 01:30:00,1.0,20.0,0.23478939784524105,20.044670325638073,15.32018559880914,2.0,60.02840152090722,60.0,0.0,0.07605680304181443,0.8000000000000006,0.0,1,0,0
2024-01-05 01:45:00,1.0,20.0,0.23990688521047143,19.983411855484484,15.3022330196851,2.0,59.94672153366227,60.0,0.0,0.07589344306732454,0.8000000000000006,0.0,1,0,0
2024-01-05 02:00:00,1.0,20.0,0.3095273335242858,19.922381253077724,15.281451184691216,1.0,59.69042489633723,60.0,1.6688186666666667,0.07538084979267445,0.8000000000000006,0.0,1,0,0
2024-01-05 02:15:00,1.0,20.0,0.317953471683189,19.861497897316816,15.257552635071766,1.0,60.27253874031319,60.0,0.12837066666666666,0.07654507748062638,0.8000000000000006,0.0,1,0,0
2024-01-05 02:30:00,1.0,20.0,0.32160172037876283,19.801046527523855,15.233373987820386,1.0,60.99379784324694,60.0,0.0,0.07798759568649387,0.8000000000000006,0.0,1,0,0
2024-01-05 02:45:00,1.0,20.0,0.32512883311945207,19.741019264549855,15.2089245096291,1.0,60.88244563080188,60.0,0.2567413333333333,0.07776489126160377,0.8000000000000006,0.0,1,0,0
2024-01-05 03:00:00,1.0,20.0,0.32853790009477607,19.6814084174705,15.184213230862206,1.0,60.55080670199852,60.0,0.0,0.07710161340399703,0.8000000000000006,0.0,1,0,0
2024-01-05 03:15:00,1.0,20.0,0.33183193450475773,19.622206478929535,15.159248951444008,1.0,60.468004657374834,60.0,0.0,0.07693600931474967,0.8000000000000006,0.0,1,0,0
2024-01-05 03:30:00,1.0,20.0,0.3350138744733181,19.563406120597822,15.134040246600245,1.0,60.38538046061428,60.0,0.0,0.07677076092122856,0.8000000000000006,0.0,1,0,0
2024-01-05 03:45:00,1.0,20.0,0.32846398016242356,19.60338239280019,15.108692487157871,1.0,60.30293372972312,60.0,0.0,0.07660586745944625,0.8000000000000006,0.0,1,0,0
2024-01-05 04:00:00,2.0,16.333333333333332,0.27735535517112464,20.360195927463835,15.08598535007065,0.0,59.46688881348687,60.0,0.8985946666666668,0.07493377762697374,0.8000000000000006,0.0,1,0,0
2024-01-05 04:15:00,2.0,16.0,0.2732382425778964,20.356692773900555,15.065438411444385,0.0,59.119978556928054,60.0,0.12837066666666666,0.07423995711385611,0.8000000000000006,0.0,1,0,0
2024-01-05 04:30:00,2.0,15.0,0.2788152521398699,20.287998299476588,15.044561261938846,0.0,60.65891976483593,60.0,0.7702240000000001,0.07731783952967186,0.8000000000000006,0.0,1,0,0
2024-01-05 04:45:00,2.0,15.0,0.2842210454912518,20.21985640554179,15.023269533003933,0.0,61.13123095665401,60.0,0.2567413333333333,0.07826246191330803,0.8000000000000006,0.0,1,0,0
2024-01-05 05:00:00,2.0,15.0,0.28945996278585007,20.152256410755815,15.001575989471094,0.0,60.63342603751856,60.0,1.5404480000000003,0.07726685207503711,0.8000000000000006,0.0,1,0,0
2024-01-05 05:15:00,1.0,19.333333333333332,0.29453623611711005,20.08518789111211,14.979493072517228,0.0,59.14447935299788,60.0,0.12837066666666666,0.07428895870599575,0.8000000000000006,0.0,1,0,0
2024-01-05 05:30:00,1.0,18.0,0.2994539922035198,20.01864067356555,14.957032907723203,0.0,60.66183416800004,60.0,0.2567413333333333,0.07732366833600009,0.8000000000000006,0.0,1,0,0
2024-01-05 05:45:00,2.0,19.666666666666668,0.30421725500728025,19.952604829818497,14.93420731293207,0.0,60.74353658166474,60.0,0.0,0.07748707316332948,0.8000000000000006,0.0,1,0,0
2024-01-05 06:00:00,1.0,16.333333333333332,0.308829948287924,19.887070670261053,14.911027805912024,0.0,60.025869916807196,60.0,1.0269653333333335,0.07605173983361439,0.8000000000000006,0.0,1,0,0
2024-01-05 06:15:00,1.0,20.0,0.31329589809248204,19.822028738061864,14.887505611828919,0.0,59.356200495732644,60.0,0.2567413333333333,0.0747124009914653,0.8000000000000006,0.0,1,0,0
2024-01-05 06:30:00,1.0,20.0,0.317618835183782,19.757469803405684,14.863651670533079,0.0,60.06914680185413,60.0,0.385112,0.07613829360370826,0.8000000000000006,0.0,1,0,0
2024-01-05 06:45:00,1.0,20.0,0.32180239740840827,19.69338485787406,14.839476643665025,0.0,61.05672414923981,60.0,0.8985946666666668,0.07811344829847962,0.8000000000000006,0.0,1,0,0
2024-01-05 07:00:00,1.0,20.0,0.32584994612469675,19.629766575654898,14.814990926276225,0.0,59.96186998034529,60.0,0.12837066666666666,0.07592373996069059,0.8000000000000006,0.0,1,0,0
2024-01-05 07:15:00,1.0,20.0,0.32976486203931793,19.566606561489323,14.790204667011347,0.0,59.73328839776459,60.0,0.12837066666666666,0.07546657679552918,0.8000000000000006,0.0,1,0,0
2024-01-05 07:30:00,1.0,20.0,0.3191257902407935,19.641594967802014,14.765297437095965,0.0,59.44999253318322,60.0,0.2567413333333333,0.07489998506636644,0.8000000000000006,0.0,1,0,0
2024-01-05 07:45:00,1.0,20.0,0.19471183797450362,20.452626545038463,14.74621664571627,0.0,59.28689982897313,60.0,0.0,0.07457379965794625,0.8000000000000006,0.0,1,0,0
2024-01-05 08:00:00,1.0,20.0,0.12337789730984713,20.444757820212207,14.734631499483015,1.0,59.36174204013187,60.0,1.5404480000000003,0.07472348408026376,0.8000000000000006,0.0,1,0,0
2024-01-05 08:15:00,1.0,20.0,0.12737444993213398,20.372209566380356,14.725308113385843,1.0,61.00601020335226,60.0,0.2567413333333333,0.07801202040670452,0.8000000000000006,0.0,1,0,0
2024-01-05 08:30:00,1.0,20.0,0.1357789838943109,20.30038112549233,14.715340894085465,1.0,60.59137441459523,60.0,0.12837066666666666,0.07718274882919046,0.8000000000000006,0.0,1,0,0
2024-01-05 08:45:00,1.0,20.0,0.1439441541011604,20.229257472494336,14.704748149666466,1.0,60.343071046385795,60.0,0.12837066666666666,0.07668614209277158,0.8000000000000006,0.0,1,0,0
2024-01-05 09:00:00,1.0,20.0,0.1518730142042536,20.158847415115055,14.69354780230375,1.0,60.242333634880275,60.0,0.12837066666666666,0.07648466726976055,0.8000000000000006,0.0,1,0,1
2024-01-05 09:15:00,1.0,20.0,0.1595701911395796,20.08913963744767,14.68175761453672,1.0,60.00626124129234,60.0,1.7971893333333335,0.07601252248258468,0.0,0.0,0,0,0
2024-01-05 09:30:00,1.0,20.0,0.16704580735781327,20.020093172509323,14.669394644184996,1.0,61.22324068993057,60.0,0.12837066666666666,0.07844648137986114,0.0,0.0,0,0,0
2024-01-05 09:45:00,1.0,20.0,0.17430547976429203,19.951694416825937,14.656475408277128,1.0,61.01953140274595,60.0,0.0,0.07803906280549189,0.0,0.0,0,0,0
2024-01-05 10:00:00,1.0,20.0,0.11669228327952709,19.884228511057636,14.645464885604877,2.0,60.92652259933023,60.0,0.12837066666666666,0.07785304519866046,0.0,0.0,0,0,0
2024-01-05 10:15:00,1.0,20.0,0.11991134510095496,19.81775676502089,14.636678275261488,2.0,60.63149939877664,60.0,0.2567413333333333,0.07726299879755327,0.7796805555555557,0.7680694444444445,1,1,0
2024-01-05 10:30:00,1.0,20.0,0.1275602170523947,19.751941928048392,14.6273057101073,2.0,60.22687326261211,60.0,0.12837066666666666,0.07645374652522421,0.8000000000000004,0.0,1,0,0
2024-01-05 10:45:00,1.0,20.0,0.13499098501079793,19.68677030539661,14.61736387216486,2.0,60.13558542860964,60.0,0.0,0.07627117085721928,0.8000000000000004,0.0,1,0,0
2024-01-05 11:00:00,1.0,20.0,0.1421972455645694,19.62232240375398,14.60686932364137,2.0,59.84223471216963,60.0,0.2567413333333333,0.07568446942433925,0.8000000000000004,0.0,1,0,0
2024-01-05 11:15:00,1.0,20.0,0.14917935166746676,19.558597133575404,14.595839376600368,2.0,59.54035885379214,60.0,0.2567413333333333,0.07508071770758429,0.8000000000000004,0.0,1,0,0
2024-01-05 11:30:00,1.0,20.0,0.12906662290308224,19.731411824121913,14.584696774564902,2.0,59.34031686525361,60.0,0.0,0.07468063373050723,0.8000000000000004,0.0,1,0,0
2024-01-05 11:45:00,1.0,20.0,0.011906083332792248,20.488353537503016,14.580182690363522,2.0,59.62332152183387,60.0,0.7702240000000001,0.07524664304366775,0.8000000000000004,0.0,1,0,0
2024-01-05 12:00:00,1.0,20.0,-0.047882554681023516,20.434498416025697,14.58171827290423,3.0,61.21595913608462,60.0,0.0,0.07843191827216925,0.8000000000000004,0.0,1,0,0
2024-01-05 12:15:00,1.0,20.0,-0.04115260132813065,20.362293195713928,14.585228102751683,3.0,59.79869722516146,60.0,1.7971893333333335,0.07559739445032293,0.8000000000000004,0.0,1,0,0
2024-01-05 12:30:00,1.0,20.0,-0.03007874334578637,20.29094130418263,14.587890109364253,3.0,59.199412174151206,60.0,0.2567413333333333,0.07439882434830242,0.8000000000000004,0.0,1,0,0
2024-01-05 12:45:00,1.0,20.0,-0.019306561483811067,20.220424024056236,14.589727365738545,3.0,61.127641180160815,60.0,0.0,0.07825528236032162,0.8000000000000004,0.0,1,0,0
2024-01-05 13:00:00,1.0,20.0,-0.00884166937570263,20.150827084712848,14.590762698946277,3.0,61.021069320044134,60.0,1.5404480000000003,0.07804213864008826,0.8000000000000004,0.0,1,0,0
2024-01-05 13:15:00,1.0,20.0,0.0013177673879979086,20.082145909213054,14.59101965637732,3.0,59.41171771952272,60.0,0.12837066666666666,0.07482343543904545,0.8000000000000004,0.0,1,0,0
2024-01-05 13:30:00,1.0,20.0,0.011198399803628438,20.014243423919137,14.590520054805902,3.0,59.17511252837196,60.0,0.12837066666666666,0.07435022505674391,0.8000000000000004,0.0,1,0,0
2024-01-05 13:45:00,3.0,19.833333333333332,0.02080736671231629,19.94710273176684,14.589284672153518,3.0,60.11420072762023,60.0,0.5134826666666666,0.07622840145524047,0.8000000000000004,0.0,1,0,0
2024-01-05 14:00:00,3.0,19.5,-0.034550048342275506,19.881314794092813,14.589783631571105,4.0,61.24309714055474,60.0,0.0,0.07848619428110948,0.8000000000000004,0.0,1,0,0
2024-01-05 14:15:00,1.0,19.666666666666668,-0.029183850476090303,19.816977121922775,14.592340991298224,4.0,61.11281342197805,60.0,0.2567413333333333,0.0782256268439561,0.8000000000000004,0.0,1,0,0
2024-01-05 14:30:00,1.0,20.0,-0.019437358474481078,19.753393696278508,14.59415213531109,4.0,60.79907573770965,60.0,0.0,0.07759815147541929,0.8000000000000004,0.0,1,0,0
2024-01-05 14:45:00,1.0,20.0,-0.009956843855608152,19.690548006987445,14.595237406311485,4.0,60.71574044396532,60.0,0.0,0.07743148088793066,0.8000000000000004,0.0,1,0,1
2024-01-05 15:00:00,1.0,20.0,-0.0006482805696609755,19.627734677544712,14.595614431993138,4.0,60.56821182912606,60.0,0.12837066666666666,0.07713642365825212,0.0,0.0,0,0,0
2024-01-05 15:15:00,1.0,20.0,0.008531576169603127,19.564850271172435,14.595291828505541,4.0,60.00737965960712,60.0,0.5134826666666666,0.07601475931921424,0.0,0.0,0,0,0
2024-01-05 15:30:00,1.0,20.0,0.0030350981425860033,19.640373077377223,14.594455248641315,4.0,59.63168743892177,60.0,0.2567413333333333,0.07526337487784356,0.8000000000000002,0.7854861111111111,1,1,0
2024-01-05 15:45:00,1.0,20.0,-0.11635653430223242,20.452190715363212,14.599061298737444,4.0,59.422250611095635,60.0,0.0,0.07484450122219127,0.8000000000000002,0.0,1,0,0
2024-01-05 16:00:00,1.0,20.0,-0.08901060898063656,20.444806318432658,14.607236918363412,3.55,59.34187255600146,60.0,0.0,0.07468374511200292,0.8000000000000002,0.0,1,0,0
2024-01-05 16:15:00,1.0,20.0,-0.07493242248002349,20.372311728162693,14.61332092092296,3.55,59.248305600469685,60.0,1.668818666666667,0.07449661120093935,0.8000000000000002,0.0,1,0,0
2024-01-05 16:30:00,1.0,20.0,-0.06327188909823614,20.300701294763506,14.618512258732297,3.55,60.88963765605618,60.0,0.8985946666666668,0.07777927531211236,0.8000000000000002,0.0,1,0,0
2024-01-05 16:45:00,1.0,20.0,-0.05192694097986226,20.229955472503566,14.622835068416324,3.55,60.856679029103105,60.0,0.2567413333333333,0.0777133580582062,0.8000000000000002,0.0,1,0,0
2024-01-05 17:00:00,1.0,20.0,-0.030975306812973728,20.16001348627649,14.625937400858579,3.396667,60.441270450983744,60.0,1.5404480000000003,0.07688254090196749,0.8000000000000002,0.0,1,0,0
2024-01-05 17:15:00,1.0,20.0,-0.019683420047640607,20.090845865542814,14.627796337043304,3.396667,61.04639390959205,60.0,0.0,0.0780927878191841,0.8000000000000002,0.0,1,0,0
2024-01-05 17:30:00,1.0,20.0,-0.00939385213552348,20.022479581376057,14.62886745192656,3.396667,60.806211778204975,60.0,0.2567413333333333,0.07761242355640995,0.8000000000000002,0.0,1,0,0
2024-01-05 17:45:00,1.0,20.0,0.0006141881086300827,19.954897146168648,14.629172277603208,3.396667,60.39201302688048,60.0,0.2567413333333333,0.07678402605376095,0.8000000000000002,0.0,1,0,0
2024-01-05 18:00:00,1.0,20.0,0.006037205172303387,19.888099634436077,14.628895057306407,3.463333,60.19006931356948,60.0,1.5404480000000003,0.07638013862713897,0.8000000000000002,0.0,1,0,0
2024-01-05 18:15:00,1.0,20.0,0.015262084246639992,19.82207513077875,14.628076195675048,3.463333,60.34700187454362,60.0,0.0,0.07669400374908725,0.8000000000000002,0.0,1,0,0
2024-01-05 18:30:00,1.0,20.0,0.024534741285095984,19.75678778542072,14.626547294447702,3.463333,60.702574104054335,60.0,0.2567413333333333,0.07740514820810868,0.8000000000000002,0.0,1,0,0
2024-01-05 18:45:00,3.0,19.966666666666665,0.03355152877259823,19.69222166854552,14.624327923495514,3.463333,60.47240553602349,60.0,0.12837066666666666,0.07694481107204697,0.8000000000000002,0.0,1,0,0
2024-01-05 19:00:00,3.0,19.5,0.04824590529326691,19.62833630545758,14.621212690250909,3.371667,60.19756576248918,60.0,1.5404480000000003,0.07639513152497836,0.8000000000000002,0.0,1,0,0
2024-01-05 19:15:00,3.0,19.5,0.05710160704087244,19.565110036491387,14.617192777431134,3.371667,60.40518573218896,60.0,1.5404480000000003,0.07681037146437791,0.8000000000000002,0.0,1,0,0
2024-01-05 19:30:00,1.0,19.833333333333332,0.050870855010316386,19.64025525928146,14.61271499629731,3.371667,59.385672196283544,60.0,0.0,0.07477134439256708,0.8000000000000002,0.0,1,0,0
2024-01-05 19:45:00,1.0,20.0,-0.06923805575154815,20.451660597283198,14.613734653572235,3.371667,59.30537270679655,60.0,0.0,0.0746107454135931,0.8000000000000002,0.0,1,0,0
2024-01-05 20:00:00,1.0,20.0,-0.07795378405712974,20.444089818210617,14.619716448441126,3.468333,59.17006546645447,60.0,0.12837066666666666,0.07434013093290895,0.8000000000000002,0.0,1,0,0
2024-01-05 20:15:00,1.0,20.0,-0.06657136336919853,20.37168859836761,14.625163187946471,3.468333,59.36581651011792,60.0,0.0,0.07473163302023583,0.8000000000000002,0.0,1,0,0
2024-01-05 20:30:00,1.0,20.0,-0.05505917701008355,20.300163658039967,14.629728601776055,3.468333,60.79923795220465,60.0,1.5404480000000003,0.0775984759044093,0.8000000000000002,0.0,1,0,0
2024-01-05 20:45:00,1.0,20.0,-0.04385904699813013,20.229495661887327,14.633436556698346,3.468333,60.236518026002415,60.0,0.7702240000000001,0.07647303605200483,0.8000000000000002,0.0,1,0,0
2024-01-05 21:00:00,1.0,20.0,-0.01863044418435266,20.15960545244989,14.635767506992384,3.246667,60.82364089507341,60.0,0.7702240000000001,0.07764728179014682,0.8000000000000002,0.0,1,0,0
2024-01-05 21:15:00,1.0,20.0,-0.007229428916762383,20.090458914341227,14.636677838979024,3.246667,59.90392659248101,60.0,0.385112,0.07580785318496201,0.8000000000000002,0.0,1,0,0
2024-01-05 21:30:00,1.0,20.0,0.002856184196013298,20.0221033189379,14.63681593691273,3.246667,59.52847767516807,60.0,0.0,0.07505695535033614,0.8000000000000002,0.0,1,0,0
2024-01-05 21:45:00,1.0,20.0,0.012665058464515567,19.954521462934817,14.636202966693004,3.246667,60.00192387126363,60.0,1.0269653333333335,0.07600384774252726,0.8000000000000002,0.0,1,0,0
2024-01-05 22:00:00,1.0,20.0,0.028885614244337537,19.887668455772094,14.634606519467479,3.143333,60.769201362376876,60.0,0.0,0.07753840272475374,0.8000000000000002,0.0,1,0,0
2024-01-05 22:15:00,1.0,20.0,0.03853541318303076,19.821520599197033,14.632015805566285,3.143333,60.50201855985059,60.0,0.5134826666666666,0.07700403711970118,0.8000000000000002,0.0,1,0,0
2024-01-05 22:30:00,1.0,20.0,0.047450394892588434,19.756092325224632,14.628742384019244,3.143333,60.05178648301197,60.0,0.0,0.07610357296602396,0.8000000000000002,0.0,1,0,0
2024-01-05 22:45:00,1.0,20.0,0.05611781120533026,19.691368195216906,14.624805189698703,3.143333,59.712621030183065,60.0,0.5134826666666666,0.07542524206036612,0.8000000000000002,0.0,1,0,0
2024-01-05 23:00:00,1.0,20.0,0.06723796471404295,19.62732181396977,14.62012065038479,3.101667,59.23648053411763,60.0,0.12837066666666666,0.07447296106823527,0.8000000000000002,0.0,1,0,0
2024-01-05 23:15:00,1.0,20.0,0.07557945316014583,19.56393553362851,14.614694299426207,3.101667,59.11976736790991,60.0,0.0,0.07423953473581982,0.8000000000000002,0.0,1,0,0
2024-01-05 23:30:00,1.0,20.0,0.0690736745321837,19.638907495595916,14.60883109507835,3.101667,60.10128417281935,60.0,0.5134826666666666,0.0762025683456387,0.8000000000000002,0.0,1,0,0
2024-01-05 23:45:00,1.0,20.0,-0.05130391573529811,20.450126697999675,14.608485858720986,3.101667,60.811434957166256,60.0,0.2567413333333333,0.07762286991433251,0.8000000000000002,0.0,1,0,0
2024-01-06 00:00:00,1.0,20.0,-0.05036777071051032,20.44231556519581,14.612747335269905,3.045,60.48912877442247,60.0,0.2567413333333333,0.07697825754884494,0.8000000000000002,0.0,1,0,0
2024-01-06 00:15:00,1.0,20.0,-0.03868722230507619,20.369609258165934,14.616072009075452,3.045,60.195124089808715,60.0,0.0,0.07639024817961744,0.8000000000000002,0.0,1,0,0
2024-01-06 00:30:00,1.0,20.0,-0.0275808947064998,20.29775995877845,14.618546367624397,3.045,60.11308600449085,60.0,0.0,0.07622617200898171,0.8000000000000002,0.0,1,0,0
2024-01-06 00:45:00,1.0,20.0,-0.016777297435969372,20.226748881415727,14.620193564556711,3.045,59.8472939988759,60.0,0.5134826666666666,0.07569458799775179,0.8000000000000002,0.0,1,0,0
2024-01-06 01:00:00,1.0,20.0,0.07045989195269811,20.156234911477174,14.61813027019878,1.8583329999999998,59.32492354875307,60.0,0.12837066666666666,0.07464984709750615,0.8000000000000002,0.0,1,0,0
2024-01-06 01:15:00,1.0,20.0,0.08497258136547425,20.086116036995296,14.61202356646439,1.8583329999999998,59.18045600242337,60.0,0.0,0.07436091200484674,0.8000000000000002,0.0,1,0,0
2024-01-06 01:30:00,1.0,20.0,0.0937109196941465,20.016723966590543,14.605247570653273,1.8583329999999998,59.87132912402047,60.0,0.7702240000000001,0.07574265824804094,0.8000000000000002,0.0,1,0,0
2024-01-06 01:45:00,1.0,20.0,0.1022035012100532,19.94804332366483,14.597821079573453,1.8583329999999998,61.00992213061558,60.0,0.12837066666666666,0.07801984426123117,0.8000000000000002,0.0,1,0,0
2024-01-06 02:00:00,1.0,20.0,0.11271957332913647,19.880049586115003,14.58967670951435,1.823333,60.825059157299386,60.0,0.2567413333333333,0.07765011831459878,0.8000000000000002,0.0,1,0,1
2024-01-06 02:15:00,1.0,20.0,0.12086562096565649,19.81272563644613,14.580821855279025,1.823333,60.475144805748194,60.0,0.0,0.07695028961149639,0.0,0.0,0,0,0
2024-01-06 02:30:00,1.0,20.0,0.1286219617301935,19.746067493168205,14.571372815131673,1.823333,60.38330527289135,60.0,0.12837066666666666,0.0767666105457827,0.0,0.0,0,0,0
2024-01-06 02:45:00,1.0,20.0,0.1361571820061769,19.680061272896904,14.561346501812192,1.823333,59.45069561927959,60.0,2.5674133333333335,0.07490139123855918,0.0,0.0,0,0,0
2024-01-06 03:00:00,2.0,19.333333333333332,0.1277431116426034,19.61475962022665,14.5513552769517,2.066667,60.932673933056066,60.0,0.2567413333333333,0.07786534786611214,0.0,0.0,0,0,0
2024-01-06 03:15:00,2.0,15.0,0.13397256278584205,19.55016657170744,14.541487991856417,2.066667,60.912942266597874,60.0,0.0,0.07782588453319576,0.0,0.0,0,0,0
2024-01-06 03:30:00,2.0,15.0,0.14112373543538878,19.486197637680966,14.531072827287186,2.066667,60.44312851673742,60.0,0.7702240000000001,0.07688625703347483,0.0,0.0,0,0,0
2024-01-06 03:45:00,2.0,15.0,0.1480695613302128,19.422839901538236,14.520125489628462,2.066667,59.75402980201933,60.0,1.5404480000000003,0.07550805960403867,0.8000000000000002,0.7854861111111111,1,1,0
2024-01-06 04:00:00,2.0,15.0,0.16020351058105384,19.36005809280071,14.508457221728106,1.9833329999999998,60.380269008534974,60.0,0.0,0.07676053801706996,0.8000000000000002,0.0,1,0,0
2024-01-06 04:15:00,1.0,19.666666666666668,0.09236848232291847,19.893480360159053,14.497817170306535,1.9833329999999998,60.93798130881198,60.0,0.2567413333333333,0.07787596261762395,0.8000000000000002,0.0,1,0,0
2024-01-06 04:30:00,1.0,20.0,-0.01018608909388588,20.502959470246594,14.496252198828257,1.9833329999999998,60.332904232627634,60.0,1.7971893333333335,0.0766658084652553,0.8000000000000002,0.0,1,0,0
2024-01-06 04:45:00,1.0,20.0,0.0009554334092707601,20.427692562677862,14.49657101428763,1.9833329999999998,61.053677626570014,60.0,0.2567413333333333,0.07810735525314003,0.8000000000000002,0.0,1,0,0
2024-01-06 05:00:00,1.0,20.0,0.006403093201478206,20.35330207912856,14.49626419073511,2.066667,60.66646827686636,60.0,0.8985946666666668,0.07733293655373273,0.8000000000000002,0.0,1,0,0
2024-01-06 05:15:00,2.0,15.666666666666666,0.01663974402022834,20.279775399762862,14.495379437270284,2.066667,59.69198511678562,60.0,0.0,0.07538397023357123,0.8000000000000002,0.0,1,0,0
2024-01-06 05:30:00,2.0,15.0,0.026971778296721594,20.207069930586346,14.493703524876759,2.066667,59.35359510886618,60.0,0.385112,0.07470719021773235,0.8000000000000002,0.0,1,0,1
2024-01-06 05:45:00,1.0,18.333333333333332,0.03701873459562244,20.13516792373289,14.491258257394584,2.066667,59.49406594037503,60.0,1.7971893333333335,0.07498813188075008,0.0,0.0,0,0,0
2024-01-06 06:00:00,2.0,16.666666666666668,0.08396670961954004,20.063895657681584,14.486656834879362,1.491667,60.9616226773221,60.0,0.12837066666666666,0.07792324535464419,0.0,0.0,0,0,0
2024-01-06 06:15:00,2.0,15.0,0.09554447880083675,19.993195473953154,14.479748000967867,1.491667,60.82282917312614,60.0,0.0,0.07764565834625228,0.8000000000000002,0.7941944444444445,1,1,0
2024-01-06 06:30:00,2.0,15.0,0.10419607334253103,19.92322007422075,14.472176491885962,1.491667,60.55553645268707,60.0,0.385112,0.07711107290537414,0.8000000000000002,0.0,1,0,0
2024-01-06 06:45:00,2.0,15.0,0.11260360171323185,19.853954175548605,14.463960975195315,1.491667,59.53515325741738,60.0,0.8985946666666667,0.07507030651483476,0.8000000000000002,0.0,1,0,0
2024-01-06 07:00:00,1.0,19.666666666666668,0.12831454850603408,19.785368732823155,14.454834011719841,1.375,59.18819385730168,60.0,0.2567413333333333,0.07437638771460335,0.8000000000000002,0.0,1,0,0
2024-01-06 07:15:00,1.0,20.0,0.1366687788029892,19.717443167196716,14.444778720771387,1.375,60.541959156964715,60.0,0.2567413333333333,0.07708391831392944,0.8000000000000002,0.0,1,0,0
2024-01-06 07:30:00,1.0,20.0,0.14425690959597243,19.650177353063114,14.434142086263765,1.375,60.924746869610914,60.0,0.2567413333333333,0.07784949373922183,0.8000000000000002,0.0,1,0,0
2024-01-06 07:45:00,1.0,20.0,0.15162750651067827,19.583557612933575,14.422940746709878,1.375,60.31514177676686,60.0,1.5404480000000003,0.07663028355353373,0.8000000000000002,0.0,1,0,0
2024-01-06 08:00:00,1.0,20.0,0.17635073722413722,19.537238298579474,14.410493964155025,1.088333,60.769212231408275,60.0,0.5134826666666666,0.07753842446281656,0.8000000000000002,0.0,1,0,0
2024-01-06 08:15:00,1.0,20.0,0.0707727942704549,20.2951893336133,14.400479827785565,1.088333,60.40632153953142,60.0,0.0,0.07681264307906284,0.8000000000000002,0.0,1,0,0
2024-01-06 08:30:00,1.0,20.0,0.037883678012302004,20.455143849911355,14.39740935258971,1.088333,60.32382982996669,60.0,0.0,0.07664765965993338,0.8000000000000002,0.0,1,0,0
2024-01-06 08:45:00,1.0,20.0,0.048374357127745446,20.37898299137586,14.394121399180563,1.088333,60.24151530170635,60.0,0.0,0.0764830306034127,0.8000000000000002,0.0,1,0,0
2024-01-06 09:00:00,1.0,20.0,0.04747159506502276,20.303716070768328,14.390472780691884,1.26,60.13178153004328,60.0,0.12837066666666666,0.07626356306008655,0.8000000000000002,0.0,1,0,0
2024-01-06 09:15:00,1.0,20.0,0.056760276884940154,20.229340373527084,14.386536869188657,1.26,59.72817340359485,60.0,0.2567413333333333,0.0754563468071897,0.8000000000000002,0.0,1,0,0
2024-01-06 09:30:00,1.0,20.0,0.06656746705383203,20.155762812983074,14.38184989086425,1.26,59.58285553017704,60.0,0.0,0.07516571106035408,0.8000000000000002,0.0,1,0,0
2024-01-06 09:45:00,1.0,20.0,0.07610137289386046,20.082966331170258,14.376432747766545,1.26,59.382635320018764,60.0,0.12837066666666666,0.07476527064003753,0.8000000000000002,0.0,1,0,0
2024-01-06 10:00:00,1.0,20.0,0.08599296109485972,20.0111090358897,14.370281896454124,1.25,59.3940694993593,60.0,0.2567413333333333,0.07478813899871861,0.8000000000000002,0.0,1,0,0
2024-01-06 10:15:00,1.0,20.0,0.09498245715597474,19.940196569802094,14.363416970458935,1.25,61.039013076365,60.0,0.12837066666666666,0.07807802615273002,0.8000000000000002,0.0,1,0,0
2024-01-06 10:30:00,1.0,20.0,0.10367372370729575,19.87001175608713,14.35588633295478,1.25,60.81730080446015,60.0,0.12837066666666666,0.0776346016089203,0.8000000000000002,0.0,1,0,0
2024-01-06 10:45:00,1.0,20.0,0.11211987053575839,19.80053924689621,14.347708732079422,1.25,60.49492142810778,60.0,0.385112,0.07698984285621556,0.8000000000000002,0.0,1,0,1
2024-01-06 11:00:00,1.0,20.0,0.06424312374587918,19.732363552315135,14.341025896565302,2.116667,60.007909877438834,60.0,0.12837066666666666,0.07601581975487767,0.0,0.0,0,0,0
2024-01-06 11:15:00,1.0,20.0,0.06897121253849064,19.665577804448485,14.336120514401747,2.116667,59.72398462723417,60.0,0.385112,0.07544796925446833,0.0,0.0,0,0,0
2024-01-06 11:30:00,1.0,20.0,0.0774871515806914,19.59949406524532,14.330562907065028,2.116667,59.42248133467489,60.0,0.0,0.07484496266934978,0.0,0.0,0,0,0
2024-01-06 11:45:00,1.0,20.0,0.08576449648963698,19.534097420955497,14.32437132344634,2.116667,60.129225844577824,60.0,0.7702240000000001,0.07625845168915565,0.0,0.0,0,0,0
2024-01-06 12:00:00,1.0,20.0,-0.004829537289339366,20.117231425206448,14.320289136310578,2.3399999999999994,60.865294376234324,60.0,0.5134826666666666,0.07773058875246865,0.0,0.0,0,0,0
2024-01-06 12:15:00,1.0,20.0,-0.06835377977211117,20.475964713555577,14.324492180375676,2.3399999999999994,60.303958488705476,60.0,0.0,0.07660791697741096,0.0,0.0,0,0,0
2024-01-06 12:30:00,1.0,20.0,-0.05629057634196704,20.400859857188777,14.32917000218932,2.3399999999999994,60.12974595944688,60.0,0.12837066666666666,0.07625949191889377,0.8000000000000002,0.7854861111111111,1,1,0
2024-01-06 12:45:00,1.0,20.0,-0.04455445757333047,20.32665359324088,14.332949327576582,2.3399999999999994,60.001927355315054,60.0,0.0,0.0760038547106301,0.8000000000000002,0.0,1,0,0
2024-01-06 13:00:00,1.0,20.0,-0.11139905012276796,20.253847862748653,14.338818202121393,3.55,59.920304231083605,60.0,0.0,0.07584060846216721,0.8000000000000002,0.0,1,0,0
2024-01-06 13:15:00,1.0,20.0,-0.10472814163041212,20.1825336780914,14.347165302042121,3.55,59.783676198989795,60.0,0.12837066666666666,0.0755673523979796,0.8000000000000002,0.0,1,0,0
2024-01-06 13:30:00,1.0,20.0,-0.09275710702807466,20.112114542966957,14.354596032806029,3.55,59.19696995753862,60.0,0.5134826666666666,0.07439393991507724,0.8000000000000002,0.0,1,0,0
2024-01-06 13:45:00,1.0,20.0,-0.08110823729679287,20.042570534804387,14.361135034100705,3.55,59.91977968865802,60.0,0.0,0.07583955937731604,0.8000000000000002,0.0,1,0,0
2024-01-06 14:00:00,1.0,20.0,-0.05873196778531431,19.97514526460757,14.366386062748647,3.376667,61.05492110085704,60.0,0.0,0.07810984220171407,0.8000000000000002,0.0,1,0,0
2024-01-06 14:15:00,1.0,20.0,-0.04747843585977686,19.909974237657455,14.370341071552627,3.376667,60.13422384772148,60.0,2.5674133333333335,0.07626844769544296,0.8000000000000002,0.0,1,0,0
2024-01-06 14:30:00,1.0,20.0,-0.03731665830702595,19.84558183533748,14.373518109714409,3.376667,59.72329875983784,60.0,0.7702240000000001,0.07544659751967567,0.8000000000000002,0.0,1,0,0
2024-01-06 14:45:00,3.0,19.866666666666667,-0.027431072409557684,19.78195093209301,14.375938301055141,3.376667,59.67239653495032,60.0,1.5404480000000003,0.07534479306990065,0.8000000000000002,0.0,1,0,0
2024-01-06 15:00:00,1.0,19.666666666666668,0.01618894652460608,19.71761711474225,14.376336527273363,2.853333,60.121205812791395,60.0,2.6957840000000006,0.0762424116255828,0.8000000000000002,0.0,1,0,0
2024-01-06 15:15:00,1.0,20.0,0.027836004087114185,19.6523608463749,14.374556040575298,2.853333,59.31305588726345,60.0,0.0,0.0746261117745269,0.8000000000000002,0.0,1,0,0
2024-01-06 15:30:00,1.0,20.0,0.036795053189797575,19.587822761939098,14.372089497340538,2.853333,59.232912368023875,60.0,0.0,0.07446582473604775,0.8000000000000002,0.0,1,0,1
2024-01-06 15:45:00,1.0,20.0,0.04550602762295222,19.530552870118946,14.368955871331904,2.853333,59.1529409864858,60.0,0.0,0.07430588197297161,0.0,0.0,0,0,0
2024-01-06 16:00:00,3.0,19.933333333333334,-0.05733831817518584,20.24455076211139,14.368596359096022,2.951667,59.073141372920155,60.0,0.0,0.0741462827458403,0.0,0.0,0,0,0
2024-01-06 16:15:00,2.0,18.0,-0.09825185236502237,20.464327782985,14.375671232375494,2.951667,59.781571108450116,60.0,0.0,0.07556314221690025,0.0,0.0,0,0,0
2024-01-06 16:30:00,1.0,19.333333333333332,-0.08563808759928862,20.38877943889465,14.382586464503836,2.951667,61.060231344153514,60.0,0.0,0.07812046268830702,0.7941944444444445,0.7912916666666667,1,1,0
2024-01-06 16:45:00,1.0,20.0,-0.07336457867957723,20.31415865113984,14.38856212194774,2.951667,60.97633512263549,60.0,0.0,0.07795267024527096,0.8000000000000002,0.0,1,0,0
2024-01-06 17:00:00,3.0,19.666666666666668,-0.006139335209663561,20.24021231016786,14.391529857531005,2.096667,60.89261909912815,60.0,0.0,0.07778523819825629,0.8000000000000002,0.0,1,0,0
2024-01-06 17:15:00,1.0,19.866666666666667,0.008571408236394828,20.166859761536315,14.391258681653074,2.096667,60.809082886589934,60.0,0.0,0.07761816577317986,0.8000000000000002,0.0,1,0,0
2024-01-06 17:30:00,1.0,20.0,0.019008501012171292,20.094333024727174,14.39018832166307,2.096667,60.72572609881062,60.0,0.0,0.07745145219762124,0.8000000000000002,0.0,1,0,0
2024-01-06 17:45:00,1.0,20.0,0.029158157517504134,20.022614213969508,14.388340761725802,2.096667,60.64254835040952,60.0,0.0,0.07728509670081904,0.8000000000000002,0.0,1,0,0
2024-01-06 18:00:00,1.0,20.0,0.08665976284650281,19.951485497766765,14.38393348865707,1.36,60.5595492568337,60.0,0.0,0.07711909851366738,0.8000000000000002,0.0,1,0,0
2024-01-06 18:15:00,1.0,20.0,0.09892040899374872,19.880877624370044,14.376767064044477,1.36,60.476728434356126,60.0,0.0,0.07695345686871226,0.8000000000000002,0.0,1,0,0
2024-01-06 18:30:00,1.0,20.0,0.1075042324479141,19.810990734330726,14.368943145472693,1.36,60.39408550007404,60.0,0.0,0.07678817100014808,0.8000000000000002,0.0,1,0,0
2024-01-06 18:45:00,1.0,20.0,0.11584563100011101,19.741809643121123,14.360480274992545,1.36,60.31162007190708,60.0,0.0,0.07662324014381415,0.8000000000000002,0.0,1,0,0
2024-01-06 19:00:00,3.0,19.866666666666667,0.1481978388481669,19.6732175313202,14.350478230498931,0.985,60.22933176859553,60.0,0.0,0.07645866353719105,0.8000000000000002,0.0,1,0,0
2024-01-06 19:15:00,1.0,19.966666666666665,0.1574288450130052,19.605173357694422,14.33884247239146,0.985,60.13802020969856,60.0,0.12837066666666666,0.07627604041939713,0.8000000000000002,0.0,1,0,0
2024-01-06 19:30:00,1.0,20.0,0.16469916186001246,19.537773355211005,14.326649656455766,0.985,59.558227083738494,60.0,3.337637333333334,0.07511645416747698,0.8000000000000002,0.0,1,0,0
2024-01-06 19:45:00,1.0,20.0,0.0980364015379717,20.04695922943389,14.315670146606125,0.985,61.131001597471624,60.0,0.0,0.07826200319494325,0.8000000000000002,0.0,1,0,0
2024-01-06 20:00:00,1.0,20.0,0.0317021770681792,20.47589941475921,14.312197394258254,0.86,61.19001460753419,60.0,0.0,0.07838002921506838,0.8000000000000002,0.0,1,0,0
2024-01-06 20:15:00,1.0,20.0,0.04307490611390688,20.39830297857669,14.309320515110631,0.86,61.10583962869601,60.0,0.0,0.07821167925739202,0.8000000000000002,0.0,1,0,0
2024-01-06 20:30:00,1.0,20.0,0.053567216777288186,20.32155240394119,14.305640142152999,0.86,60.32313974235174,60.0,0.8985946666666668,0.0766462794847035,0.8000000000000002,0.0,1,0,0
2024-01-06 20:45:00,1.0,20.0,0.06376830975635481,20.24562953242675,14.301178548960717,0.86,59.6985801391197,60.0,0.7702240000000001,0.07539716027823938,0.8000000000000002,0.0,1,0,0
2024-01-06 21:00:00,1.0,20.0,0.08316884618491976,20.170476753853627,14.295598292384218,0.713333,59.81330319048435,60.0,0.8985946666666668,0.07562660638096869,0.8000000000000002,0.0,1,0,0
2024-01-06 21:15:00,1.0,20.0,0.09333973855919543,20.096066387260013,14.28887667370907,0.713333,61.24191237396686,60.0,0.0,0.07848382474793372,0.8000000000000002,0.0,1,0,0
2024-01-06 21:30:00,1.0,20.0,0.10256180518676486,20.022424725501825,14.281448704274755,0.713333,60.99212215605372,60.0,0.2567413333333333,0.07798424431210743,0.8000000000000002,0.0,1,0,0
2024-01-06 21:45:00,1.0,20.0,0.11152427029617448,19.94953552185172,14.273334239827358,0.713333,60.79815274475367,60.0,0.0,0.07759630548950734,0.8000000000000002,0.0,1,0,0
2024-01-06 22:00:00,2.0,16.333333333333332,0.12238894350929543,19.877373858690643,14.26447101105886,0.68,60.70561943347641,60.0,0.12837066666666666,0.07741123886695282,0.8000000000000002,0.0,1,0,0
2024-01-06 22:15:00,1.0,17.666666666666668,0.13097219380279182,19.805921908395362,14.254867917614446,0.68,60.337507616261,60.0,0.2567413333333333,0.076675015232522,0.8000000000000002,0.0,1,0,0
2024-01-06 22:30:00,2.0,15.333333333333334,0.13916063069822213,19.735174390813416,14.24463752891095,0.68,60.1047104568542,60.0,1.7971893333333335,0.0762094209137084,0.8000000000000002,0.0,1,0,0
2024-01-06 22:45:00,2.0,15.0,0.1471154074423603,19.665116631706038,14.233797716822002,0.68,60.95088139100724,60.0,0.2567413333333333,0.07790176278201448,0.8000000000000002,0.0,1,0,0
2024-01-06 23:00:00,2.0,15.0,0.14751440800456223,19.595765142027336,14.222643432289237,0.793333,60.334016721887224,60.0,1.668818666666667,0.07666803344377444,0.8000000000000002,0.0,1,0,0
2024-01-06 23:15:00,2.0,15.0,0.15460946803628317,19.527113988280426,14.211225555458975,0.793333,60.639314054635086,60.0,0.12837066666666666,0.07727862810927016,0.8000000000000002,0.0,1,0,0
2024-01-06 23:30:00,2.0,15.0,0.162012778209893,19.45911619577309,14.199240444232123,0.793333,60.661797990378346,60.0,0.770224,0.0773235959807567,0.8000000000000002,0.0,1,0,0
2024-01-06 23:45:00,2.0,15.0,0.16920245743723175,19.39175831026321,14.186704438713269,0.793333,60.12853341187409,60.0,0.0,0.07625706682374817,0.8000000000000002,0.0,1,0,0
2024-01-07 00:00:00,2.0,15.0,0.14988920047285445,19.325137823241928,14.174629310694463,1.2,59.91795828576972,60.0,0.12837066666666666,0.07583591657153946,0.8000000000000002,0.0,1,0,0
2024-01-07 00:15:00,2.0,15.0,0.15519679946571166,19.25927075909244,14.163152218357261,1.2,59.731631026776874,60.0,1.0269653333333335,0.07546326205355375,0.8000000000000002,0.0,1,0,0
2024-01-07 00:30:00,2.0,15.0,0.16218924713585023,19.194024968420305,14.151139349802632,1.2,60.13823739339969,60.0,1.5404480000000003,0.0762764747867994,0.8000000000000002,0.0,1,0,0
2024-01-07 00:45:00,2.0,15.0,0.16897931829255386,19.129387696289907,14.138606184360684,1.2,61.202879035976565,60.0,0.0,0.07840575807195312,0.8000000000000002,0.0,1,0,0
2024-01-07 01:00:00,2.0,15.0,0.16684314843206902,19.065383219370606,14.125898398200212,1.335,61.11867642604402,60.0,0.0,0.07823735285208805,0.8000000000000002,0.0,1,0,0
2024-01-07 01:15:00,2.0,15.0,0.17275537967506566,19.002008966245587,14.113071077421631,1.335,61.03465467220403,60.0,0.0,0.07806930934440806,0.8000000000000002,0.0,1,0,0
2024-01-07 01:30:00,2.0,15.0,0.17910516861255227,18.939213368137885,14.099757146965272,1.335,60.95081338600158,60.0,0.0,0.07790162677200316,0.8000000000000002,0.0,1,0,0
2024-01-07 01:45:00,2.0,15.0,0.18526909317576312,18.87698467797522,14.085970823355177,1.335,60.766024676110305,60.0,0.12837066666666666,0.07753204935222062,0.8000000000000002,0.0,1,0,0
2024-01-07 02:00:00,2.0,15.0,0.16517272723304685,18.815421145504555,14.072713643603695,1.738333,60.646026250964205,60.0,0.0,0.07729205250192843,0.8000000000000002,0.0,1,0,0
2024-01-07 02:15:00,2.0,15.0,0.1695200982322243,18.754540182896083,14.060119749971204,1.738333,60.56301968731703,60.0,0.0,0.07712603937463405,0.8000000000000002,0.0,1,0,0
2024-01-07 02:30:00,2.0,15.0,0.1755626183956725,18.694212205910688,14.047062781761744,1.738333,60.480191410812836,60.0,0.0,0.07696038282162568,0.8000000000000002,0.0,1,0,0
2024-01-07 02:45:00,2.0,15.0,0.1814279320333845,18.634426009445995,14.033556293298973,1.738333,59.95616251347891,60.0,0.7702240000000001,0.07591232502695781,0.8000000000000002,0.0,1,0,0
2024-01-07 03:00:00,2.0,15.0,0.17300325001986133,18.575230049834815,14.02014815166223,1.956667,59.43364646456971,60.0,0.7702240000000001,0.07486729292913942,0.8000000000000002,0.0,1,0,0
2024-01-07 03:15:00,2.0,15.0,0.17773778650389657,18.51662913861662,14.00691653772695,1.956667,60.061573186348724,60.0,1.668818666666667,0.07612314637269746,0.8000000000000002,0.0,1,0,0
2024-01-07 03:30:00,2.0,15.0,0.18331901477175794,18.4585486263077,13.993257150686324,1.956667,60.88354485211223,60.0,0.2567413333333333,0.07776708970422445,0.8000000000000002,0.0,1,0,0
2024-01-07 03:45:00,2.0,15.0,0.18873517643878396,18.400978053895145,13.979182616407167,1.956667,60.5978310745335,60.0,0.12837066666666666,0.07719566214906701,0.8000000000000002,0.0,1,0,0
2024-01-07 04:00:00,2.0,15.0,0.19194294969376072,18.34391582927051,13.964782785288953,1.988333,60.42305321841547,60.0,0.7702240000000001,0.07684610643683093,0.8000000000000002,0.0,1,0,0
2024-01-07 04:15:00,2.0,16.0,0.18826829631673733,18.36604503668856,13.950171281531205,1.988333,60.24689691130004,60.0,1.0269653333333335,0.07649379382260008,0.8000000000000002,0.0,1,0,0
2024-01-07 04:30:00,2.0,17.0,0.10198048060799622,18.95587901699372,13.939033156340368,1.988333,60.80656351497378,60.0,0.12837066666666666,0.07761312702994758,0.8000000000000002,0.0,1,0,0
2024-01-07 04:45:00,2.0,15.0,0.08124569778378744,19.048282027810824,13.932825296760711,1.988333,60.61294655819173,60.0,0.0,0.07722589311638345,0.8000000000000002,0.0,1,0,0
2024-01-07 05:00:00,1.0,15.666666666666666,0.09681970120802609,18.989954771934997,13.926073663064207,1.873333,60.530011045358556,60.0,0.0,0.0770600220907171,0.8000000000000002,0.0,1,0,0
2024-01-07 05:15:00,2.0,15.333333333333334,0.06514087907234331,19.206432587674957,13.919922826769582,1.873333,60.44725366706061,60.0,0.0,0.0768945073341212,0.8000000000000002,0.0,1,0,0
2024-01-07 05:30:00,1.0,18.0,0.04409663791328484,19.382012505398205,13.915266459441265,1.873333,60.300288544292926,60.0,0.2567413333333333,0.07660057708858585,0.8000000000000002,0.0,1,0,0
2024-01-07 05:45:00,1.0,20.0,-0.10748664908298498,20.410006229132183,13.918072639406367,1.873333,60.00668682715151,60.0,0.0,0.07601337365430302,0.8000000000000002,0.0,1,0,0
2024-01-07 06:00:00,1.0,20.0,-0.0683212954323955,20.465906758787348,13.925426627163306,1.066667,59.55690855257307,60.0,1.5404480000000003,0.07511381710514614,0.8000000000000002,0.0,1,0,0
2024-01-07 06:15:00,2.0,17.0,-0.05163286225838645,20.384404783548074,13.929782999456556,1.066667,60.91080948625118,60.0,0.0,0.07782161897250235,0.8000000000000002,0.0,1,0,0
2024-01-07 06:30:00,1.0,19.0,-0.03904960013857888,20.303870232039184,13.933175998884916,1.066667,60.97029543990633,60.0,0.0,0.07794059087981267,0.8000000000000002,0.0,1,0,0
2024-01-07 06:45:00,1.0,18.0,-0.02680881403373677,20.22428186081012,13.935631818902285,1.066667,60.88659238884033,60.0,0.0,0.07777318477768065,0.8000000000000002,0.0,1,0,0
2024-01-07 07:00:00,1.0,20.0,-0.022014594749669995,20.14565033497961,13.937445368215053,1.176667,60.72031657753416,60.0,0.12837066666666666,0.07744063315506831,0.8000000000000002,0.0,1,0,0
2024-01-07 07:15:00,1.0,20.0,-0.010831511560570183,20.06796342475372,13.938674466257615,1.176667,60.51765323417831,60.0,0.385112,0.07703530646835663,0.8000000000000002,0.0,1,0,0
2024-01-07 07:30:00,1.0,18.0,0.0005434936775850853,19.99116735646837,13.939032610560613,1.176667,59.957045589590656,60.0,0.12837066666666666,0.07591409117918133,0.8000000000000002,0.0,1,0,0
2024-01-07 07:45:00,1.0,20.0,0.011606556165338415,19.91524274130235,13.938543659519244,1.176667,59.86633730981634,60.0,0.0,0.07573267461963268,0.8000000000000002,0.0,1,0,0
2024-01-07 08:00:00,1.0,20.0,0.013095129422360205,19.840230187029224,13.937581931531383,1.32,59.76660673378792,60.0,0.12837066666666666,0.07553321346757583,0.8000000000000002,0.0,1,0,0
2024-01-07 08:15:00,1.0,20.0,0.02303288571648712,19.766124017744836,13.936213291974768,1.32,59.52003928900878,60.0,0.2567413333333333,0.07504007857801756,0.8000000000000002,0.0,1,0,0
2024-01-07 08:30:00,1.0,20.0,0.033345328112102855,19.692840425108617,13.934054978495721,1.32,60.07275561143796,60.0,0.2567413333333333,0.07614551122287593,0.8000000000000002,0.0,1,0,0
2024-01-07 08:45:00,1.0,20.0,0.04337281159323126,19.620361661714963,13.931128785864074,1.32,59.84167515966392,60.0,1.5404480000000003,0.07568335031932785,0.8000000000000002,0.0,1,0,0
2024-01-07 09:00:00,1.0,20.0,0.0724038620967155,19.54865673118829,13.926725621444236,1.021667,59.264465857224764,60.0,0.0,0.07452893171444953,0.8000000000000002,0.0,1,0,0
2024-01-07 09:15:00,1.0,20.0,0.03021220914712836,19.909921557270867,13.921842222557762,1.021667,59.67292652079347,60.0,0.2567413333333333,0.07534585304158693,0.8000000000000002,0.0,1,0,0
2024-01-07 09:30:00,1.0,20.0,-0.06373822279504457,20.480170263324784,13.924432696842507,1.021667,60.38334322867224,60.0,1.9255600000000002,0.07676668645734447,0.8000000000000002,0.0,1,0,0
2024-01-07 09:45:00,1.0,20.0,-0.050816120165687886,20.398661202759808,13.928726903014967,1.021667,60.97344701296406,60.0,0.0,0.07794689402592812,0.8000000000000002,0.0,1,0,1
2024-01-07 10:00:00,1.0,20.0,-0.05398166114832556,20.31820863724706,13.932654612455599,1.265,61.10948906665975,60.0,0.2567413333333333,0.0782189781333195,0.0,0.0,0,0,0
2024-01-07 10:15:00,1.0,20.0,-0.0426400407571377,20.23881157900871,13.936315141538014,1.265,60.39102577654725,60.0,1.5404480000000003,0.07678205155309452,0.0,0.0,0,0,0
2024-01-07 10:30:00,1.0,20.0,-0.030505326001448705,20.160350714143593,13.939046621548588,1.265,59.00682877360516,60.0,3.0808960000000005,0.0740136575472103,0.0,0.0,0,0,0
2024-01-07 10:45:00,1.0,20.0,-0.01870134848670704,20.082805519499956,13.940874348170166,1.265,60.93322046947641,60.0,0.7702240000000001,0.07786644093895283,0.7854861111111116,0.7506527777777778,1,1,0
2024-01-07 11:00:00,1.0,20.0,-0.04956961573483556,20.006319476362265,13.943426895733074,1.9199999999999997,60.937568953386304,60.0,0.0,0.07787513790677261,0.8000000000000006,0.0,1,0,0
2024-01-07 11:15:00,1.0,20.0,-0.04076695542593635,19.930917627534562,13.9469239855087,1.9199999999999997,60.85393619449392,60.0,0.0,0.07770787238898784,0.8000000000000006,0.0,1,0,0
2024-01-07 11:30:00,1.0,20.0,-0.029238455101002845,19.85640508563969,13.949538439362811,1.9199999999999997,60.69691998022334,60.0,0.12837066666666666,0.07739383996044667,0.8000000000000006,0.0,1,0,0
2024-01-07 11:45:00,1.0,20.0,-0.018024152496685642,19.782762354130053,13.951294287989322,1.9199999999999997,60.3196953611454,60.0,0.2567413333333333,0.07663939072229081,0.8000000000000006,0.0,1,0,0
2024-01-07 12:00:00,1.0,20.0,-0.05983604308934318,19.710371774201565,13.954211301089051,2.735,60.03516103897315,60.0,0.2567413333333333,0.07607032207794633,0.8000000000000006,0.0,1,0,0
2024-01-07 12:15:00,1.0,20.0,-0.05222952160112467,19.639295443340757,13.95855887477122,2.735,59.83405891517666,60.0,0.0,0.07566811783035332,0.8000000000000006,0.0,1,0,0
2024-01-07 12:30:00,1.0,20.0,-0.04113971814502323,19.569068656222044,13.962057430505002,2.735,59.7527963501983,60.0,0.0,0.07550559270039661,0.8000000000000006,0.0,1,0,0
2024-01-07 12:45:00,1.0,20.0,-0.05053384871538947,19.683226557876697,13.965001409014032,2.735,59.67170832648399,60.0,0.0,0.07534341665296798,0.8000000000000006,0.0,1,0,0
2024-01-07 13:00:00,1.0,20.0,-0.1933505449441108,20.4679874582108,13.974787796267583,3.143333,59.59079446914211,60.0,0.0,0.07518158893828422,0.8000000000000006,0.0,1,0,0
2024-01-07 13:15:00,1.0,20.0,-0.19007472820705174,20.428422429852745,13.98962619930809,3.143333,59.51005440408631,60.0,0.0,0.07502010880817261,0.8000000000000006,0.0,1,0,0
2024-01-07 13:30:00,1.0,20.0,-0.17561761392842212,20.350466516858894,14.003406787223264,3.143333,59.429487758033666,60.0,0.0,0.07485897551606734,0.8000000000000006,0.0,1,0,0
2024-01-07 13:45:00,1.0,20.0,-0.16154539751088706,20.273538860108385,14.016110287202368,3.143333,59.349094158503064,60.0,0.0,0.07469818831700613,0.8000000000000006,0.0,1,0,0
2024-01-07 14:00:00,1.0,20.0,-0.1450608357382021,20.197717019381876,14.027659646239298,3.1,59.26887323381342,60.0,0.0,0.07453774646762684,0.8000000000000006,0.0,1,0,0
2024-01-07 14:15:00,1.0,20.0,-0.13160754465554897,20.122989660528486,14.038071635633077,3.1,59.188824613081955,60.0,0.0,0.07437764922616392,0.8000000000000006,0.0,1,0,0
2024-01-07 14:30:00,1.0,20.0,-0.1187107917467912,20.049218018754576,14.047496437644618,3.1,59.108947926222534,60.0,0.0,0.07421789585244506,0.8000000000000006,0.0,1,0,0
2024-01-07 14:45:00,1.0,20.0,-0.10615988450563697,19.976380727911614,14.055960502998527,3.1,59.0531319582678,60.0,0.0,0.07410626391653559,0.8000000000000006,0.0,1,0,0
2024-01-07 15:00:00,1.0,20.0,-0.01930512907338596,19.903609452364076,14.060663638131265,1.946667,60.859078792065326,60.0,0.0,0.07771815758413064,0.8000000000000006,0.0,1,0,0
2024-01-07 15:15:00,1.0,20.0,-0.003085000707080712,19.830734155777684,14.06127773006521,1.946667,61.0140614084706,60.0,0.0,0.07802812281694121,0.8000000000000006,0.0,1,0,0
2024-01-07 15:30:00,1.0,20.0,0.007471333966046032,19.75868875676622,14.061083535181666,1.946667,60.930264353880624,60.0,0.0,0.07786052870776125,0.8000000000000006,0.0,1,0,0
2024-01-07 15:45:00,1.0,20.0,0.017737719636236004,19.687455225946348,14.060103229762007,1.946667,60.84664728430387,60.0,0.0,0.07769329456860774,0.8000000000000006,0.0,1,0,0
2024-01-07 16:00:00,1.0,20.0,0.00446228380174933,19.61697108825855,14.059239542497302,2.306667,60.76320981315626,60.0,0.0,0.07752641962631253,0.8000000000000006,0.0,1,0,0
2024-01-07 16:15:00,1.0,20.0,0.01291217553818852,19.547226533755474,14.058619003454647,2.306667,60.67995155468409,60.0,0.0,0.07735990310936819,0.8000000000000006,0.0,1,0,0
2024-01-07 16:30:00,1.0,20.0,-0.02996975930477497,19.91048866816809,14.058308665146372,2.306667,60.59687212396218,60.0,0.0,0.07719374424792437,0.8000000000000006,0.0,1,0,0
2024-01-07 16:45:00,1.0,20.0,-0.12323725513692,20.482761076364227,14.06542005035912,2.306667,60.51397113689213,60.0,0.0,0.07702794227378426,0.8000000000000006,0.0,1,0,0
2024-01-07 17:00:00,1.0,20.0,-0.11816043425756566,20.403337070145696,14.07450657404085,2.438333,60.431248210200515,60.0,0.0,0.07686249642040104,0.8000000000000006,0.0,1,0,0
2024-01-07 17:15:00,1.0,20.0,-0.10541188632601518,20.324949754847573,14.082942546316577,2.438333,60.34870296143716,60.0,0.0,0.07669740592287431,0.8000000000000006,0.0,1,0,0
2024-01-07 17:30:00,1.0,20.0,-0.09241007488513368,20.247538350642472,14.090383224903777,2.438333,60.26633500897332,60.0,0.0,0.07653267001794666,0.8000000000000006,0.0,1,0,0
2024-01-07 17:45:00,1.0,20.0,-0.0797587153873952,20.171081176450553,14.096855412978915,2.438333,60.184143971999966,60.0,0.0,0.07636828794399994,0.8000000000000006,0.0,1,0,0
2024-01-07 18:00:00,1.0,20.0,-0.0329642369804083,20.095412009470245,14.10107921980308,1.905,60.102129470525945,60.0,0.0,0.07620425894105189,0.8000000000000006,0.0,1,0,0
2024-01-07 18:15:00,1.0,20.0,-0.019058689867940428,20.02047240569861,14.102920605740618,1.905,60.020291125376296,60.0,0.0,0.0760405822507526,0.8000000000000006,0.0,1,0,0
2024-01-07 18:30:00,1.0,20.0,-0.007947043065054844,19.94639916072888,14.103911222661536,1.905,59.938628558190516,60.0,0.0,0.07587725711638102,0.8000000000000006,0.0,1,0,0
2024-01-07 18:45:00,1.0,20.0,0.0028604394233082532,19.873173378438928,14.104074333992953,1.905,59.85714139142071,60.0,0.0,0.07571428278284142,0.8000000000000006,0.0,1,0,0
2024-01-07 19:00:00,1.0,20.0,0.05216680336302018,19.800613417320488,14.101963343327167,1.305,60.155465076004525,60.0,0.7702240000000001,0.07631093015200906,0.8000000000000006,0.0,1,0,0
2024-01-07 19:15:00,1.0,20.0,0.06455875526084884,19.728658754615292,14.097420905023684,1.305,61.01457461264483,60.0,0.0,0.07802914922528965,0.8000000000000006,0.0,1,0,0
2024-01-07 19:30:00,3.0,19.733333333333334,0.0738910906809228,19.657468383063403,14.092163740865116,1.305,60.93077645576002,60.0,0.0,0.07786155291152004,0.8000000000000006,0.0,1,0,0
2024-01-07 19:45:00,1.0,19.7,0.08296268198899952,19.587026016138857,14.086211793824418,1.305,60.847158286256004,60.0,0.0,0.07769431657251201,0.8000000000000006,0.0,1,0,0
2024-01-07 20:00:00,1.0,20.0,0.08565678453990648,19.55670219380236,14.079726366215,1.355,60.625784315730925,60.0,0.2567413333333333,0.07725156863146186,0.8000000000000006,0.0,1,0,0
2024-01-07 20:15:00,1.0,20.0,-0.02604222373622195,20.343322003648883,14.077064493492994,1.355,60.405033382050654,60.0,0.0,0.0768100667641013,0.8000000000000006,0.0,1,0,0
2024-01-07 20:30:00,1.0,20.0,-0.04824650360317249,20.447167244800777,14.080747350487844,1.355,60.32254443927817,60.0,0.0,0.07664508887855633,0.8000000000000006,0.0,1,0,0
2024-01-07 20:45:00,1.0,20.0,-0.035875443511364666,20.36771046416656,14.083892999341519,1.355,60.24023267186735,60.0,0.0,0.0764804653437347,0.8000000000000006,0.0,1,0,0
2024-01-07 21:00:00,1.0,20.0,-0.05832604037062546,20.289330112987514,14.087423302404902,1.888333,60.15809769926893,60.0,0.0,0.07631619539853786,0.8000000000000006,0.0,1,0,0
2024-01-07 21:15:00,1.0,20.0,-0.04854923534469963,20.212043618518212,14.091522894708824,1.888333,60.076139141750964,60.0,0.0,0.07615227828350193,0.8000000000000006,0.0,1,0,0
2024-01-07 21:30:00,2.0,17.333333333333332,-0.036623473767969754,20.135674173481917,14.09470945138833,1.888333,59.994356620397156,60.0,0.0,0.07598871324079431,0.8000000000000006,0.0,1,0,0
2024-01-07 21:45:00,2.0,15.0,-0.025022318456694906,20.06020164244797,14.097007799174726,1.888333,59.91274975710506,60.0,0.0,0.07582549951421011,0.8000000000000006,0.0,1,0,0
2024-01-07 22:00:00,2.0,15.0,-0.03151886135811134,19.985681186894997,14.099115560587581,2.163333,59.83131817458434,60.0,0.0,0.07566263634916869,0.8000000000000006,0.0,1,0,0
2024-01-07 22:15:00,2.0,19.0,-0.02153732834727113,19.912113143319214,14.101138583708773,2.163333,59.75006149635504,60.0,0.0,0.07550012299271008,0.8000000000000006,0.0,1,0,0
2024-01-07 22:30:00,2.0,15.0,-0.010583435013882581,19.839397907663567,14.102322922798583,2.163333,59.66897934674582,60.0,0.0,0.07533795869349165,0.8000000000000006,0.0,1,0,0
2024-01-07 22:45:00,2.0,15.0,7.079263443213219e-05,19.76751686628053,14.102691497199453,2.163333,59.58807135089224,60.0,0.0,0.07517614270178449,0.8000000000000006,0.0,1,0,0
2024-01-07 23:00:00,2.0,15.0,0.05892714069292047,19.69624785128012,14.100430056025301,1.413333,59.507337134735025,60.0,0.0,0.07501467426947003,0.8000000000000006,0.0,1,0,0
2024-01-07 23:15:00,2.0,15.0,0.07171702145121292,19.625519973738882,14.09533606256986,1.413333,59.42677632501832,60.0,0.0,0.07485355265003664,0.8000000000000006,0.0,1,0,0
2024-01-07 23:30:00,2.0,15.0,0.08075700753982756,19.55553662259867,14.089549711377831,1.413333,59.34638854928797,60.0,0.0,0.07469277709857594,0.8000000000000006,0.0,1,0,0
2024-01-07 23:45:00,2.0,15.0,0.08954381539246643,19.486281974100937,14.083090366798356,1.413333,59.26617343588982,60.0,0.0,0.07453234687177963,0.8000000000000006,0.0,1,0,1
2024-01-08 00:00:00,2.0,15.0,0.16328163861414932,19.41746631067765,14.073507706835844,0.405,59.186130613967954,60.0,0.0,0.0743722612279359,0.0,0.0,0,0,0
2024-01-08 00:15:00,2.0,15.0,0.17522799139170528,19.349003079952908,14.0605185479856,0.405,59.10625971346303,60.0,0.0,0.07421251942692607,0.0,0.0,0,0,0
2024-01-08 00:30:00,2.0,15.0,0.18227157793250223,19.28117426535742,14.046989649811964,0.405,59.05044951943448,60.0,0.0,0.07410089903886896,0.0,0.0,0,0,0
2024-01-08 00:45:00,2.0,15.0,0.18911006815653134,19.213966921045152,14.032936699778174,0.405,60.856402114756584,60.0,0.0,0.07771280422951317,0.0,0.0,0,0,0
2024-01-08 01:00:00,2.0,15.0,0.198442784788444,19.14735708140266,14.018272955684909,0.363333,61.01139048031144,60.0,0.0,0.07802278096062287,0.0,0.0,0,0,0
2024-01-08 01:15:00,2.0,15.0,0.20503718126485337,19.081329467003815,14.003000860947104,0.363333,60.92759916252263,60.0,0.0,0.07785519832504527,0.0,0.0,0,0,0
2024-01-08 01:30:00,2.0,15.0,0.21124872073161668,19.01588431095552,13.987252665808017,0.363333,60.843987817425145,60.0,0.0,0.07768797563485029,0.0,0.0,0,0,0
2024-01-08 01:45:00,2.0,15.0,0.2172760778142,18.95100993572801,13.971042458329714,0.363333,60.76055605846137,60.0,0.0,0.07752111211692275,0.0,0.0,0,0,0
2024-01-08 02:00:00,2.0,15.0,0.2097610208718287,18.88675116270012,13.95489005543784,0.57,60.67730349990403,60.0,0.0,0.07735460699980806,0.0,0.0,0,0,0
2024-01-08 02:15:00,2.0,15.0,0.21468638400406764,18.82311152561919,13.938870654930179,0.57,60.59422975685427,60.0,0.0,0.07718845951370853,0.0,0.0,0,0,0
2024-01-08 02:30:00,2.0,15.0,0.22039797764295835,18.760019367647615,13.922413411819129,0.57,60.51133444524,60.0,0.0,0.07702266889048001,0.0,0.0,0,0,0
2024-01-08 02:45:00,2.0,15.0,0.2259384973461411,18.697463816025326,13.905531411641983,0.57,60.42861718181407,60.0,0.0,0.07685723436362814,0.0,0.0,0,0,0
2024-01-08 03:00:00,2.0,15.0,0.21309995715990507,18.635510878066484,13.88892715337415,0.8516670000000001,60.346077584152425,60.0,0.0,0.07669215516830484,0.0,0.0,0,0,0
2024-01-08 03:15:00,2.0,15.0,0.21729246369524988,18.574170170660327,13.872697313804192,0.8516670000000001,60.263715270652476,60.0,0.0,0.07652743054130494,0.0,0.0,0,0,0
2024-01-08 03:30:00,2.0,15.0,0.2226305735676788,18.513348716805414,13.85605822295637,0.8516670000000001,60.181529860531235,60.0,0.0,0.07636305972106248,0.0,0.0,0,0,0
2024-01-08 03:45:00,2.0,15.0,0.22780770409988718,18.453036268721856,13.839022194313264,0.8516670000000001,60.09952097382361,60.0,0.0,0.07619904194764722,0.0,0.0,0,0,0
2024-01-08 04:00:00,1.0,15.666666666666666,0.22065050174550782,18.39983952267006,13.822062418427187,1.04,60.017688231380596,60.0,0.0,0.07603537646276119,0.0,0.0,0,0,0
2024-01-08 04:15:00,1.0,16.0,0.18483267317530475,18.62794306198405,13.806769542707615,1.04,59.93603125486756,60.0,0.0,0.07587206250973512,0.0,0.0,0,0,0
2024-01-08 04:30:00,1.0,20.0,0.07333049631676287,19.448882905132823,13.796049435242038,1.04,59.85454966676248,60.0,0.0,0.07570909933352495,0.0,0.0,0,0,0
2024-01-08 04:45:00,1.0,20.0,-0.08855947213337201,20.48660270073066,13.79801010858427,1.04,59.77324309035421,60.0,0.0,0.07554648618070842,0.0,0.0,0,0,0
2024-01-08 05:00:00,1.0,19.666666666666668,-0.050921949047478036,20.4683370008032,13.803691886832707,0.448333,59.69211114974072,60.0,0.0,0.07538422229948144,0.0,0.0,0,0,0
2024-01-08 05:15:00,1.0,16.333333333333332,-0.03525311819175865,20.385138367798984,13.806809606701517,0.448333,59.611153469827386,60.0,0.0,0.07522230693965476,0.0,0.0,0,0,0
2024-01-08 05:30:00,2.0,15.333333333333334,-0.022689493687448672,20.302913065945475,13.808965418570189,0.448333,59.530369676325215,60.0,0.0,0.07506073935265042,0.0,0.0,0,0,0
2024-01-08 05:45:00,2.0,15.0,-0.010468880075932408,20.221639800734586,13.81018555689449,0.448333,59.44975939574913,60.0,0.0,0.07489951879149828,0.0,0.0,0,0,0
2024-01-08 06:00:00,1.0,18.666666666666668,-0.0051563626432572,20.141325453867914,13.810744559669889,0.55,59.36932225541629,60.0,0.0,0.0747386445108326,0.0,0.0,0,0,0
2024-01-08 06:15:00,1.0,20.0,0.006036114792271511,20.061956969018734,13.81069776975884,0.55,59.28905788344431,60.0,0.0,0.07457811576688861,0.0,0.0,0,0,0
2024-01-08 06:30:00,1.0,20.0,0.017381437040045838,19.9834846644852,13.809782258988061,0.55,59.20896590874954,60.0,0.0,0.07441793181749909,0.0,0.0,0,0,0
2024-01-08 06:45:00,1.0,20.0,0.028414525757916174,19.905889115039788,13.80802190808789,0.55,59.12904596104537,60.0,0.0,0.07425809192209075,0.0,0.0,0,0,0
2024-01-08 07:00:00,2.0,15.333333333333334,0.03213832670687783,19.82918230527666,13.805705288259627,0.658333,59.04929767084056,60.0,0.0,0.07409859534168112,0.0,0.0,0,0,0
2024-01-08 07:15:00,2.0,15.0,0.04217799527537576,19.753353615956698,13.802887520914892,0.658333,60.33054333786536,60.0,0.0,0.07666108667573071,0.0,0.0,0,0,0
2024-01-08 07:30:00,2.0,15.0,0.05242991612658657,19.678351449557915,13.79928466843076,0.658333,61.03525973530689,60.0,0.0,0.07807051947061378,0.0,0.0,0,0,0
2024-01-08 07:45:00,2.0,15.0,0.06239728549184144,19.60415806321802,13.7949184945237,0.658333,60.95141714950876,60.0,0.0,0.07790283429901752,0.0,0.0,0,0,0
2024-01-08 08:00:00,1.0,16.333333333333332,0.06895588859516509,19.530817695762764,13.789928731039497,0.706667,60.86775464651887,60.0,0.0,0.07773550929303773,0.0,0.0,0,0,0
2024-01-08 08:15:00,1.0,20.0,-0.01645347506297795,20.177789985259082,13.787006621189402,0.706667,60.7842718395431,60.0,0.0,0.07756854367908621,0.0,0.0,0,0,0
2024-01-08 08:30:00,1.0,20.0,-0.06704375513382789,20.456056198405797,13.791474254734789,0.706667,60.70096834261814,60.0,0.0,0.07740193668523629,0.0,0.0,0,0,0
2024-01-08 08:45:00,1.0,20.0,-0.053860550284539066,20.373125030342308,13.796007722960644,0.706667,60.61784377060967,60.0,0.0,0.07723568754121936,0.0,0.0,0,0,0
2024-01-08 09:00:00,1.0,20.0,-0.035978107408879335,20.291219621642313,13.799367667934673,0.628333,60.534897739210585,60.0,0.0,0.07706979547842117,0.0,0.0,0,0,0
2024-01-08 09:15:00,1.0,20.0,-0.023237415881772493,20.210320612899018,13.801558309364617,0.628333,60.452129864939224,60.0,0.0,0.07690425972987844,0.0,0.0,0,0,0
2024-01-08 09:30:00,3.0,19.566666666666666,-0.01119917697755696,20.130359029620465,13.8028272429023,0.628333,60.36953976513757,60.0,0.0,0.07673907953027513,0.0,0.0,0,0,0
2024-01-08 09:45:00,1.0,19.766666666666666,0.0005097034592954515,20.05131441332916,13.803199658886848,0.628333,60.28712705796955,60.0,0.0,0.0765742541159391,0.0,0.0,0,0,0
2024-01-08 10:00:00,1.0,20.0,0.011138836272677548,19.97320371379944,13.802728793730475,0.64,60.20489136241919,60.0,0.0,0.0764097827248384,0.0,0.0,0,0,0
2024-01-08 10:15:00,1.0,19.833333333333332,0.022161037010774765,19.89601258235649,13.80144260379319,0.64,60.12283229828891,60.0,0.0,0.07624566459657783,0.0,0.0,0,0,0
2024-01-08 10:30:00,1.0,20.0,0.032932309264442676,19.81967976323399,13.799331609587679,0.64,60.040949486197725,60.0,0.0,0.07608189897239545,0.0,0.0,0,0,0
2024-01-08 10:45:00,1.0,20.0,0.04340606840665692,19.74418672919293,13.796418566067073,0.64,59.959242547579514,60.0,0.0,0.07591848509515903,0.0,0.0,0,0,0
2024-01-08 11:00:00,1.0,20.0,0.037104522252083966,19.669562768950446,13.793350028880274,0.895,59.87771110468127,60.0,0.0,0.07575542220936254,0.0,0.0,0,0,0
2024-01-08 11:15:00,1.0,20.0,0.04608994075909724,19.595805529453216,13.790223551365797,0.895,59.79635478056136,60.0,0.0,0.07559270956112271,0.0,0.0,0,0,0
2024-01-08 11:30:00,1.0,20.0,0.05501606251475642,19.542539511546828,13.78634453632572,0.895,59.71517319908774,60.0,0.0,0.07543034639817546,0.0,0.0,0,0,0
2024-01-08 11:45:00,1.0,20.0,-0.04891859195605212,20.293743932633785,13.785481181707153,0.895,59.63416598493627,60.0,0.0,0.07526833196987254,0.0,0.0,0,0,0
2024-01-08 12:00:00,1.0,20.0,-0.09897842031132428,20.447447218114586,13.792099327549545,1.2050000000000003,59.55333276358897,60.0,0.0,0.07510666552717793,0.0,0.0,0,0,0
2024-01-08 12:15:00,1.0,20.0,-0.08684997234487148,20.365578292975258,13.79913973992765,1.2050000000000003,59.47267316133225,60.0,0.0,0.0749453463226645,0.0,0.0,0,0,0
2024-01-08 12:30:00,1.0,20.0,-0.07364566277275901,20.284709672362247,13.805169309474657,1.2050000000000003,59.39218680525524,60.0,0.0,0.07478437361051048,0.0,0.0,0,0,0
2024-01-08 12:45:00,1.0,20.0,-0.060798588811643024,20.204819233138235,13.810215358310215,1.2050000000000003,59.311873323248,60.0,0.0,0.074623746646496,0.0,0.0,0,0,0
2024-01-08 13:00:00,1.0,20.0,-0.07095956524179661,20.126210282785433,13.815162336407488,1.555,59.23173234399984,60.0,0.0,0.07446346468799968,0.0,0.0,0,0,0
2024-01-08 13:15:00,1.0,20.0,-0.060136675895260235,20.048915817147375,13.820144468304965,1.555,59.15176349699762,60.0,0.0,0.07430352699399524,0.0,0.0,0,0,0
2024-01-08 13:30:00,1.0,20.0,-0.04802282953732783,19.972547939392552,13.824199190438561,1.555,59.07196641252397,60.0,0.0,0.07414393282504794,0.0,0.0,0,0,0
2024-01-08 13:45:00,1.0,20.0,-0.0362379989176284,19.89708625243944,13.827351666725777,1.555,59.7803986717138,60.0,0.0,0.0755607973434276,0.0,0.0,0,0,0
2024-01-08 14:00:00,1.0,20.0,-0.031023083959516754,19.82252732693174,13.829863116382821,1.651667,61.05906142565657,60.0,0.0,0.07811812285131316,0.0,0.0,0,0,0
2024-01-08 14:15:00,1.0,20.0,-0.020218357135058065,19.74885735611842,13.831786217093397,1.651667,60.975167716969054,60.0,0.0,0.0779503354339381,0.0,0.0,0,0,0
2024-01-08 14:30:00,1.0,20.0,-0.009271047201526054,19.676040275007566,13.832871134738083,1.651667,60.89145420089499,60.0,0.0,0.07778290840179,0.0,0.0,0,0,0
2024-01-08 14:45:00,1.0,20.0,0.0013766914635860077,19.604057474391023,13.833140781445456,1.651667,60.80792049040443,60.0,0.0,0.07761584098080886,0.0,0.0,0,0,0
2024-01-08 15:00:00,1.0,20.0,-0.014929197370738287,19.532497166149287,13.833628043032169,2.065,60.72456619929873,60.0,0.0,0.07744913239859746,0.0,0.0,0,0,0
2024-01-08 15:15:00,1.0,20.0,-0.10083718050709113,20.180773475758595,13.837125802110045,2.065,60.64139094220871,60.0,0.0,0.07728278188441742,0.0,0.0,0,0,0
2024-01-08 15:30:00,1.0,20.0,-0.15025413484676933,20.46039770716624,13.847923663303343,2.065,60.55839433459292,60.0,0.0,0.07711678866918585,0.0,0.0,0,0,0
2024-01-08 15:45:00,1.0,20.0,-0.1359243180753322,20.37887698576484,13.858699760584352,2.065,60.47557599273591,60.0,0.0,0.07695115198547181,0.0,0.0,0,0,0
2024-01-08 16:00:00,1.0,20.0,-0.14869486027574377,20.29843119847715,13.869420286189047,2.478333,60.39293553374633,60.0,0.0,0.07678587106749267,0.0,0.0,0,0,0
2024-01-08 16:15:00,1.0,20.0,-0.13659574524220602,20.219057112988185,13.880236351266971,2.478333,60.31047257555526,60.0,0.0,0.07662094515111052,0.0,0.0,0,0,0
2024-01-08 16:30:00,1.0,20.0,-0.12294859255203797,20.140695567897282,13.890007782975548,2.478333,60.22818673691441,60.0,0.0,0.07645637347382883,0.0,0.0,0,0,0
2024-01-08 16:45:00,1.0,20.0,-0.10966758375264761,20.063323940071268,13.898762584489232,2.478333,60.146077637394384,60.0,0.0,0.07629215527478878,0.0,0.0,0,0,0
2024-01-08 17:00:00,1.0,20.0,-0.12293045516966734,19.98703032711539,13.907519819280735,2.883333,60.06414489738287,60.0,0.0,0.07612828979476573,0.0,0.0,0,0,0
2024-01-08 17:15:00,1.0,20.0,-0.11181927022458923,19.911821917555585,13.916427238696826,2.883333,59.9823881380829,60.0,0.0,0.0759647762761658,0.0,0.0,0,0,0
2024-01-08 17:30:00,1.0,20.0,-0.09917239970019714,19.837558552042193,13.924366557271151,2.883333,59.90080698151114,60.0,0.0,0.07580161396302228,0.0,0.0,0,0,0
2024-01-08 17:45:00,1.0,20.0,-0.0868658048396154,19.76421918934628,13.931363799827052,2.883333,59.819401050496126,60.0,0.0,0.07563880210099225,0.0,0.0,0,0,0
2024-01-08 18:00:00,1.0,20.0,-0.0872839637482873,19.691835440531577,13.937913692330826,3.075,59.73816996867647,60.0,0.0,0.07547633993735295,0.0,0.0,0,0,0
2024-01-08 18:15:00,3.0,19.733333333333334,-0.07632578860752726,19.62040087349875,13.944098298650097,3.075,59.657113360499196,60.0,0.0,0.07531422672099838,0.0,0.0,0,0,0
2024-01-08 18:30:00,1.0,19.766666666666666,-0.06479560210531826,19.549839564568693,13.949400224123908,3.075,59.57623085121793,60.0,0.0,0.07515246170243586,0.0,0.0,0,0,0
2024-01-08 18:45:00,1.0,20.0,-0.10630615533405748,19.91235757740485,13.954907528190752,3.075,59.49552206689123,60.0,0.0,0.07499104413378246,0.0,0.0,0,0,0
2024-01-08 19:00:00,1.0,20.0,-0.21763257237475037,20.484038158036544,13.968468864335913,3.375,59.41498663438082,60.0,0.0,0.07482997326876162,0.0,0.0,0,0,0
2024-01-08 19:15:00,1.0,20.0,-0.2038204070256066,20.4041581793282,13.98440738377074,3.375,59.334624181349874,60.0,0.0,0.07466924836269975,0.0,0.0,0,0,0
2024-01-08 19:30:00,1.0,20.0,-0.18901581008619855,20.32535129701091,13.999212803970348,3.375,59.25443433626131,60.0,0.0,0.07450886867252264,0.0,0.0,0,0,0
2024-01-08 19:45:00,1.0,20.0,-0.17460476009355277,20.247593256700043,14.012915223609442,3.375,59.17441672837606,60.0,0.0,0.07434883345675211,0.0,0.0,0,0,0
2024-01-08 20:00:00,1.0,20.0,-0.17210824907357353,20.170908909195074,14.025980689141477,3.553333,59.09457098775132,60.0,0.0,0.07418914197550262,0.0,0.0,0,0,0
2024-01-08 20:15:00,1.0,20.0,-0.1590999995489583,20.095287821700442,14.038491150381995,3.553333,59.25375404943056,60.0,0.0,0.07450750809886111,0.0,0.0,0,0,0
2024-01-08 20:30:00,1.0,20.0,-0.14563087131311656,20.020655014424747,14.049970662790095,3.553333,61.05890735151983,60.0,0.0,0.07811781470303966,0.0,0.0,0,0,0
2024-01-08 20:45:00,2.0,18.333333333333332,-0.1325215173357793,19.946988284824517,14.060446742241632,3.553333,60.99885523462206,60.0,0.0,0.07799771046924414,0.0,0.0,0,0,0
2024-01-08 21:00:00,1.0,15.666666666666666,-0.14444114832702878,19.874369794241826,14.07088083970288,3.935,60.91509084088651,60.0,0.0,0.07783018168177303,0.0,0.0,0,0,0
2024-01-08 21:15:00,1.0,20.0,-0.13340497371193394,19.802805477782304,14.081413265143171,3.935,60.831506362012966,60.0,0.0,0.07766301272402593,0.0,0.0,0,0,0
2024-01-08 21:30:00,1.0,20.0,-0.12093524523744056,19.73216243267982,14.090991204538613,3.935,60.74810141156805,60.0,0.0,0.0774962028231361,0.0,0.0,0,0,0
2024-01-08 21:45:00,1.0,20.0,-0.10879950731225692,19.662420032040988,14.099640201883343,3.935,60.66487560394839,60.0,0.0,0.07732975120789677,0.0,0.0,0,0,0
2024-01-08 22:00:00,1.0,20.0,-0.11078330159074637,19.593616184874506,14.107907570202077,4.148333,60.58182855437886,60.0,0.0,0.07716365710875772,0.0,0.0,0,0,0
2024-01-08 22:15:00,1.0,20.0,-0.10006225462958043,19.532311857503405,14.115881397041612,4.148333,60.49895987891073,60.0,0.0,0.07699791975782147,0.0,0.0,0,0,0
2024-01-08 22:30:00,1.0,20.0,-0.1937313885606343,20.243304808195568,14.126167382631179,4.148333,60.41626919441999,60.0,0.0,0.07683253838883998,0.0,0.0,0,0,0
2024-01-08 22:45:00,2.0,19.666666666666668,-0.23170376714080612,20.46120864836316,14.143415683548785,4.148333,60.333756118605514,60.0,0.0,0.07666751223721104,0.0,0.0,0,0,0
2024-01-08 23:00:00,2.0,15.0,-0.23757347680726307,20.38400515317426,14.16111091047313,4.471667,60.2514202699873,60.0,0.0,0.0765028405399746,0.0,0.0,0,0,0
2024-01-08 23:15:00,2.0,15.0,-0.22410426612367473,20.307966715996447,14.17857426037631,4.471667,60.169261267904716,60.0,0.0,0.07633852253580944,0.0,0.0,0,0,0
2024-01-08 23:30:00,2.0,15.0,-0.20952627987463218,20.232974299336366,14.194921910552113,4.471667,60.087278732514754,60.0,0.0,0.0761745574650295,0.0,0.0,0,0,0
2024-01-08 23:45:00,2.0,15.0,-0.1953342811738705,20.159004140982095,14.210183381391776,4.471667,60.00547228479026,60.0,0.0,0.07601094456958052,0.0,0.0,0,0,0
2024-01-09 00:00:00,2.0,15.0,-0.20652006344457954,20.08613824148214,14.225334320360963,4.858333,59.923841546518155,60.0,0.0,0.07584768309303633,0.0,0.0,0,0,0
2024-01-09 00:15:00,2.0,15.0,-0.19446982402389562,20.014381407894625,14.240518439273563,4.858333,59.84238614029775,60.0,0.0,0.0756847722805955,0.0,0.0,0,0,0
2024-01-09 00:30:00,2.0,15.0,-0.18098720509283278,19.94359782130214,14.254670660115323,4.858333,59.7611056895389,60.0,0.0,0.0755222113790778,0.0,0.0,0,0,0
2024-01-09 00:45:00,2.0,15.0,-0.16786241069273727,19.87376543883958,14.267818349440347,4.858333,59.67999981846039,60.0,0.0,0.07535999963692078,0.0,0.0,0,0,0
2024-01-09 01:00:00,2.0,15.0,-0.18116567308617101,19.804972471834958,14.280975871073258,5.261667,59.59906815208812,60.0,0.0,0.07519813630417625,0.0,0.0,0,0,0
2024-01-09 01:15:00,2.0,15.0,-0.17018868636396578,19.737226544549053,14.294289874358919,5.261667,59.51831031625337,60.0,0.0,0.07503662063250674,0.0,0.0,0,0,0
2024-01-09 01:30:00,2.0,15.0,-0.15767604509642946,19.67038852894649,14.306646192871005,5.261667,59.43772593759105,60.0,0.0,0.0748754518751821,0.0,0.0,0,0,0
2024-01-09 01:45:00,2.0,15.0,-0.14549616058446393,19.604437914822125,14.318070276031,5.261667,59.357314643538075,60.0,0.0,0.07471462928707616,0.0,0.0,0,0,0
2024-01-09 02:00:00,2.0,15.0,-0.051631468811815844,19.53900969254747,14.325481048252303,3.993333,59.277076062331574,60.0,0.0,0.07455415212466314,0.0,0.0,0,0,0
2024-01-09 02:15:00,2.0,15.0,-0.035504988944385994,19.47399442237117,14.328523350398367,3.993333,59.19700982300711,60.0,0.0,0.07439401964601422,0.0,0.0,0,0,0
2024-01-09 02:30:00,2.0,15.0,-0.025558829982356732,19.409746245771483,14.330804163380071,3.993333,59.117115555397085,60.0,0.0,0.07423423111079418,0.0,0.0,0,0,0
2024-01-09 02:45:00,2.0,15.0,-0.015883721733562218,19.34624834391744,14.332344217889277,3.993333,59.03739289012895,60.0,0.0,0.07407478578025792,0.0,0.0,0,0,0
2024-01-09 03:00:00,2.0,15.0,0.025102268617940272,19.283351476907082,14.331967897988898,3.505,60.60492335516289,60.0,0.0,0.07720984671032577,0.0,0.0,0,0,0
2024-01-09 03:15:00,2.0,15.0,0.0360217133080758,19.22100501659472,14.32954885015735,3.505,61.02279119243021,60.0,0.0,0.07804558238486044,0.0,0.0,0,0,0
2024-01-09 03:30:00,2.0,15.0,0.04442919324347732,19.159337029697056,14.326485959829302,3.505,60.93897538741649,60.0,0.0,0.07787795077483299,0.0,0.0,0,0,0
2024-01-09 03:45:00,2.0,15.0,0.05260322189331023,19.09833295810235,14.322797082367032,3.505,60.85533960768942,60.0,0.0,0.07771067921537884,0.0,0.0,0,0,0
2024-01-09 04:00:00,1.0,15.333333333333334,0.03285407049453256,19.038095111563674,14.319548523762773,3.933333,60.771883466578466,60.0,0.0,0.07754376693315691,0.0,0.0,0,0,0
2024-01-09 04:15:00,1.0,17.333333333333332,-0.003928438788952667,19.318633578081208,14.318254949474994,3.933333,60.688606578243544,60.0,0.0,0.07737721315648709,0.0,0.0,0,0,0
2024-01-09 04:30:00,2.0,19.333333333333332,-0.14256366960037486,20.288416426630437,14.323465036417078,3.933333,60.605508557673375,60.0,0.0,0.07721101711534675,0.0,0.0,0,0,0
2024-01-09 04:45:00,1.0,17.333333333333332,-0.1815827487475507,20.507795627911296,14.336888450744691,3.933333,60.52258902068359,60.0,0.0,0.07704517804136718,0.0,0.0,0,0,0
2024-01-09 05:00:00,1.0,20.0,-0.16713626838319862,20.431920112378403,14.350028770079126,3.926667,60.43984758391504,60.0,0.0,0.07687969516783008,0.0,0.0,0,0,0
2024-01-09 05:15:00,1.0,20.0,-0.15347001111111438,20.35704036313554,14.36210659519362,3.926667,60.35728386483194,60.0,0.0,0.07671456772966388,0.0,0.0,0,0,0
2024-01-09 05:30:00,1.0,20.0,-0.14019858933600116,20.283135886929433,14.373168596447464,3.926667,60.27489748172015,60.0,0.0,0.07654979496344032,0.0,0.0,0,0,0
2024-01-09 05:45:00,1.0,20.0,-0.1272818770304212,20.2101847900945,14.383241902375818,3.926667,60.192688053685444,60.0,0.0,0.0763853761073709,0.7709722222222223,0.7651666666666667,1,1,0
2024-01-09 06:00:00,2.0,16.666666666666668,-0.11762065144639333,20.138177957343395,14.392463158222325,3.9716670000000005,60.110655200651664,60.0,0.0,0.07622131040130334,0.8000000000000004,0.0,1,0,0
2024-01-09 06:15:00,1.0,18.666666666666668,-0.10554969939830414,20.067097747751145,14.400871610615951,3.9716670000000005,60.02879854335899,60.0,0.0,0.07605759708671797,0.8000000000000004,0.0,1,0,0
2024-01-09 06:30:00,1.0,20.0,-0.09359914354731144,19.99691060114625,14.408365263847214,3.9716670000000005,59.94711770336223,60.0,0.0,0.07589423540672448,0.8000000000000004,0.0,1,0,0
2024-01-09 06:45:00,1.0,20.0,-0.08197013578792395,19.927596634209404,14.414968710425638,3.9716670000000005,59.86561230302905,60.0,0.0,0.07573122460605812,0.8000000000000004,0.0,1,0,0
2024-01-09 07:00:00,1.0,20.0,-0.03520006660774934,19.858988764141017,14.419363174763696,3.423333,59.7842819655382,60.0,0.0,0.0755685639310764,0.8000000000000004,0.0,1,0,0
2024-01-09 07:15:00,1.0,20.0,-0.022207415899415453,19.791029380926286,14.421408052241503,3.423333,59.7031263148778,60.0,0.0,0.0754062526297556,0.8000000000000004,0.0,1,0,0
2024-01-09 07:30:00,1.0,20.0,-0.012051323193557907,19.723859674646558,14.422675334534027,3.423333,59.6221449758436,60.0,0.0,0.0752442899516872,0.8000000000000004,0.0,1,0,0
2024-01-09 07:45:00,1.0,20.0,-0.00217292386273873,19.6574623989012,14.423186260461934,3.423333,59.54133757403723,60.0,0.0,0.07508267514807446,0.8000000000000004,0.0,1,0,0
2024-01-09 08:00:00,1.0,20.0,0.03738690227128219,19.591746030945536,14.421827093356898,2.96,59.460703735864485,60.0,0.0,0.07492140747172897,0.8000000000000004,0.0,1,0,0
2024-01-09 08:15:00,1.0,20.0,0.0483906864594252,19.526667841284056,14.418480237976409,2.96,59.38024308853358,60.0,0.0,0.07476048617706717,0.8000000000000004,0.0,1,0,0
2024-01-09 08:30:00,1.0,20.0,-0.03764677328483394,20.18175599205023,14.417129983936068,2.96,59.29995526005345,60.0,0.0,0.07459991052010691,0.8000000000000004,0.0,1,0,0
2024-01-09 08:45:00,1.0,20.0,-0.08906522896764214,20.468063204065352,14.423232936526064,2.96,59.219839879232026,60.0,0.0,0.07443967975846405,0.8000000000000004,0.0,1,0,0
2024-01-09 09:00:00,1.0,20.0,-0.06947264440048005,20.393123590279654,14.429190063696451,2.848333,59.13989657567448,60.0,0.0,0.07427979315134896,0.8000000000000004,0.0,1,0,0
2024-01-09 09:15:00,1.0,20.0,-0.05704064027140094,20.3191204759191,14.433919278404614,2.848333,59.06012497978156,60.0,0.0,0.07412024995956314,0.8000000000000004,0.0,1,0,0
2024-01-09 09:30:00,1.0,20.0,-0.04545126119217454,20.246004057035975,14.437761234258698,2.848333,60.055006083527005,60.0,0.0,0.076110012167054,0.8000000000000004,0.0,1,0,0
2024-01-09 09:45:00,1.0,17.333333333333332,-0.034176685467930616,20.1737548170934,14.440740008181653,2.848333,61.04665560627257,60.0,0.0,0.07809331121254516,0.8000000000000004,0.0,1,0,0
2024-01-09 10:00:00,1.0,20.0,-0.03398480282702279,20.102393186680093,14.443287187865991,3.015,60.96278854364771,60.0,0.0,0.07792557708729544,0.8000000000000004,0.0,1,0,0
2024-01-09 10:15:00,1.0,20.0,-0.023917358450345174,20.031911663989334,14.445475415969875,3.015,60.879101616404085,60.0,0.0,0.07775820323280816,0.8000000000000004,0.0,1,0,0
2024-01-09 10:30:00,1.0,20.0,-0.013370058433867198,19.96224984730567,14.446856098356987,3.015,60.79559443763465,60.0,0.0,0.07759118887526929,0.8000000000000004,0.0,1,0,0
2024-01-09 10:45:00,1.0,20.0,-0.0031110923307249775,19.8933898303212,14.447451287663352,3.015,60.71226662126342,60.0,0.0,0.07742453324252684,0.8000000000000004,0.0,1,0,0
2024-01-09 11:00:00,1.0,20.0,-0.019220338072897417,19.825486924666,14.448270364425436,3.418333,60.62911778204364,60.0,0.0,0.07725823556408727,0.8000000000000004,0.0,1,0,0
2024-01-09 11:15:00,1.0,20.0,-0.010994651875812929,19.75856071319294,14.449455903955311,3.418333,60.54614753555602,60.0,0.0,0.07709229507111202,0.8000000000000004,0.0,1,0,0
2024-01-09 11:30:00,1.0,20.0,-0.0011684044967539041,19.69240330619213,14.449889077871978,3.418333,60.46335549820692,60.0,0.0,0.07692671099641385,0.8000000000000004,0.0,1,0,0
2024-01-09 11:45:00,1.0,20.0,0.008388479991902741,19.626997963179413,14.449590487915293,3.418333,60.380741287226655,60.0,0.0,0.07676148257445332,0.8000000000000004,0.0,1,0,0
2024-01-09 12:00:00,1.0,20.0,-0.008768659867362711,19.56282560489983,14.44958137996557,3.826667,60.29830452066764,60.0,0.0,0.07659660904133529,0.8000000000000004,0.0,1,0,0
2024-01-09 12:15:00,1.0,20.0,-0.02150827965970246,19.683502233572938,14.45028086039883,3.826667,60.21604481740269,60.0,0.0,0.07643208963480538,0.8000000000000004,0.0,1,0,0
2024-01-09 12:30:00,1.0,20.0,-0.13929437196508707,20.4742869618475,14.456929657934728,3.826667,60.13396179712321,60.0,0.0,0.07626792359424642,0.8000000000000004,0.0,1,0,0
2024-01-09 12:45:00,1.0,20.0,-0.13582518037872784,20.440187749256417,14.467607985455091,3.826667,60.05205508033746,60.0,0.0,0.07610411016067492,0.8000000000000004,0.0,1,0,0
2024-01-09 13:00:00,1.0,20.0,-0.16209195258651318,20.36814811074799,14.478834414184105,4.429999999999999,59.970324288368815,60.0,0.0,0.07594064857673763,0.8000000000000004,0.0,1,0,0
2024-01-09 13:15:00,1.0,20.0,-0.15194338144314126,20.29768249795295,14.490773006518653,4.429999999999999,59.888769043353975,60.0,0.0,0.07577753808670797,0.8000000000000004,0.0,1,0,0
2024-01-09 13:30:00,1.0,20.0,-0.13933298234925612,20.22814079799576,14.501746385607873,4.429999999999999,59.80738896824129,60.0,0.0,0.0756147779364826,0.8000000000000004,0.0,1,0,0
2024-01-09 13:45:00,1.0,20.0,-0.1270592240149043,20.15950223929589,14.511780298038358,4.429999999999999,59.72618368678889,60.0,0.0,0.0754523673735778,0.8000000000000004,0.0,1,0,0
2024-01-09 14:00:00,1.0,19.7,-0.127529012264785,20.092824925619123,14.521368400991555,4.62,59.64515282356308,60.0,0.0,0.07529030564712616,0.8000000000000004,0.0,1,0,0
2024-01-09 14:15:00,1.0,20.0,-0.11690562251021257,20.028233232881043,14.530607962221028,4.62,59.56429600393652,60.0,0.0,0.07512859200787304,0.8000000000000004,0.0,1,0,0
2024-01-09 14:30:00,1.0,20.0,-0.10570732748720052,19.964470195601546,14.538990351469709,4.62,59.483612854086545,60.0,0.0,0.07496722570817309,0.8000000000000004,0.0,1,0,0
2024-01-09 14:45:00,1.0,20.0,-0.09480915887956139,19.901517275069946,14.546538522779334,4.62,59.4031030009934,60.0,0.0,0.07480620600198679,0.8000000000000004,0.0,1,0,0
2024-01-09 15:00:00,1.0,20.0,-0.08328667221714232,19.83807059437482,14.553242182617316,4.608333,59.32276607243852,60.0,0.0,0.07464553214487704,0.8000000000000004,0.0,1,0,0
2024-01-09 15:15:00,1.0,20.0,-0.07253072978769377,19.773948444452735,14.559099714356211,4.608333,59.242601697002804,60.0,0.0,0.0744852033940056,0.8000000000000004,0.0,1,0,0
2024-01-09 15:30:00,1.0,20.0,-0.062116012086163165,19.710613437513793,14.56415996724332,4.608333,59.16260950406493,60.0,0.0,0.07432521900812987,0.8000000000000004,0.0,1,0,0
2024-01-09 15:45:00,1.0,20.0,-0.05198279472921478,19.64804814505352,14.568444470985082,4.608333,59.08278912379964,60.0,0.0,0.0741655782475993,0.8000000000000004,0.0,1,0,0
2024-01-09 16:00:00,1.0,20.0,0.007750510256821523,19.58533897184708,14.570086446640781,3.838333,59.50469259989938,60.0,0.0,0.07500938519979876,0.8000000000000004,0.0,1,0,0
2024-01-09 16:15:00,1.0,20.0,0.020337464438868733,19.528892753111514,14.568865370258758,3.838333,61.07045307142974,60.0,0.0,0.07814090614285948,0.8000000000000004,0.0,1,0,0
2024-01-09 16:30:00,1.0,20.0,-0.07597443266483919,20.24459048713327,14.570158522847489,3.838333,60.98653489499065,60.0,0.0,0.07797306978998128,0.8000000000000004,0.0,1,0,0
2024-01-09 16:45:00,1.0,20.0,-0.11652483458056483,20.467049680894373,14.578611110139553,3.838333,60.90279696371851,60.0,0.0,0.07780559392743701,0.8000000000000004,0.0,1,0,0
2024-01-09 17:00:00,1.0,20.0,-0.05518540960546558,20.393962587027236,14.585062297260226,3.083333,60.81923889047049,60.0,0.0,0.07763847778094098,0.8000000000000004,0.0,1,0,0
2024-01-09 17:15:00,1.0,20.0,-0.040269377123392104,20.321528848538808,14.588506049736305,3.083333,60.735860288935314,60.0,0.0,0.07747172057787062,0.8000000000000004,0.0,1,0,0
2024-01-09 17:30:00,1.0,20.0,-0.029176821959397414,20.249950313141653,14.591100545251091,3.083333,60.65266077363142,60.0,0.0,0.07730532154726283,0.8000000000000004,0.0,1,0,0
2024-01-09 17:45:00,1.0,20.0,-0.018386514772791393,20.179208226935433,14.59286890054378,3.083333,60.5696399599052,60.0,0.0,0.07713927991981041,0.8000000000000004,0.0,1,0,0
2024-01-09 18:00:00,1.0,20.0,0.04362077043423764,20.109067591706797,14.59188278198523,2.286667,60.48679746392928,60.0,0.0,0.07697359492785855,0.8000000000000004,0.0,1,0,0
2024-01-09 18:15:00,1.0,20.0,0.056710532937814674,20.039454076944633,14.587925883400096,2.286667,60.40413290270065,60.0,0.0,0.07680826580540129,0.8000000000000004,0.0,1,0,0
2024-01-09 18:30:00,1.0,20.0,0.0658319529964775,19.97058467249,14.583270427241457,2.286667,60.32164589403896,60.0,0.0,0.07664329178807791,0.8000000000000004,0.0,1,0,0
2024-01-09 18:45:00,1.0,20.0,0.07469894106632737,19.902443492910297,14.577935873664982,2.286667,60.23933605658474,60.0,0.0,0.07647867211316947,0.8000000000000004,0.0,1,0,0
2024-01-09 19:00:00,1.0,20.0,0.061118315276294306,19.835108431691474,14.572781945470293,2.63,60.15720300979761,60.0,0.0,0.07631440601959523,0.8000000000000004,0.0,1,0,0
2024-01-09 19:15:00,1.0,20.0,0.06825369008372523,19.76858871184643,14.567929825704635,2.63,60.07524637395456,60.0,0.0,0.07615049274790914,0.8000000000000004,0.0,1,0,0
2024-01-09 19:30:00,1.0,20.0,0.07674285088058425,19.702768565383117,14.562427532863577,2.63,59.99346577014817,60.0,0.0,0.07598693154029634,0.8000000000000004,0.0,1,0,0
2024-01-09 19:45:00,1.0,20.0,0.08499420064600499,19.63763312803406,14.556293255939936,2.63,59.91186082028483,60.0,0.0,0.07582372164056966,0.8000000000000004,0.0,1,0,0
2024-01-09 20:00:00,1.0,20.0,0.10163490057207039,19.57313162985651,14.549218221626893,2.496667,59.83043114708308,60.0,0.0,0.07566086229416616,0.8000000000000004,0.0,1,0,0
2024-01-09 20:15:00,1.0,20.0,0.10413353211556452,19.574845221751595,14.541228366436535,2.496667,59.74917637407179,60.0,0.0,0.07549835274814358,0.8000000000000004,0.0,1,0,0
2024-01-09 20:30:00,1.0,20.0,-0.013113660916242808,20.38622105109423,14.53761039923599,2.496667,59.6680961255884,60.0,0.0,0.07533619225117681,0.8000000000000004,0.0,1,0,0
2024-01-09 20:45:00,1.0,20.0,-0.02870045840153173,20.449611319959622,14.539912037778143,2.496667,59.58719002677729,60.0,0.0,0.07517438005355458,0.8000000000000004,0.0,1,0,0
2024-01-09 21:00:00,1.0,20.0,0.02715632295695932,20.3755306356852,14.539936433390118,1.806667,59.50645770358795,60.0,0.0,0.0750129154071759,0.8000000000000004,0.0,1,0,0
2024-01-09 21:15:00,1.0,20.0,0.04058686968891734,20.30206651244765,14.537227544170447,1.806667,59.42589878277327,60.0,0.0,0.07485179756554652,0.8000000000000004,0.0,1,0,0
2024-01-09 21:30:00,1.0,20.0,0.0505235556930205,20.22940336361565,14.5337577109785,1.806667,59.34551289188783,60.0,0.0,0.07469102578377566,0.8000000000000004,0.0,1,0,0
2024-01-09 21:45:00,1.0,20.0,0.060184459145900336,20.157523993419638,14.529548026843408,1.806667,59.26529965928621,60.0,0.0,0.0745305993185724,0.8000000000000004,0.0,1,0,0
2024-01-09 22:00:00,1.0,20.0,0.10891079110640665,20.08624615129965,14.523129370474942,1.198333,59.18525871412116,60.0,0.0,0.07437051742824233,0.8000000000000004,0.0,1,0,0
2024-01-09 22:15:00,1.0,20.0,0.12024097851925658,20.015510340128838,14.51433983937488,1.198333,59.10538968634204,60.0,0.0,0.07421077937268408,0.8000000000000004,0.0,1,0,0
2024-01-09 22:30:00,2.0,17.333333333333332,0.12849929074149388,19.9454795808769,14.504917688097521,1.198333,59.09735624551463,60.0,0.0,0.07419471249102925,0.8000000000000004,0.0,1,0,0
2024-01-09 22:45:00,2.0,15.0,0.13652272626962025,19.87613913530135,14.494880881501242,1.198333,60.950818758929195,60.0,0.0,0.07790163751785838,0.8000000000000004,0.0,1,0,0
2024-01-09 23:00:00,2.0,15.0,0.1715817112104358,19.807359925276614,14.48321435911344,0.776667,61.010218777947294,60.0,0.0,0.07802043755589459,0.8000000000000004,0.0,1,0,0
2024-01-09 23:15:00,2.0,17.0,0.18067807972948013,19.73909802505266,14.469809074734542,0.776667,60.92642997682051,60.0,0.0,0.07785285995364102,0.8000000000000004,0.0,1,0,0
2024-01-09 23:30:00,2.0,15.0,0.18760471597718137,19.6714638113818,14.45587299296403,0.776667,60.84282114297958,60.0,0.0,0.07768564228595916,0.8000000000000004,0.0,1,0,0
2024-01-09 23:45:00,2.0,15.0,0.19432911283598422,19.60444451017832,14.441421582788251,0.776667,60.75939188987854,60.0,0.0,0.07751878377975709,0.8000000000000004,0.0,1,0,0
2024-01-10 00:00:00,2.0,15.0,0.21680562213730634,19.537960560601807,14.425865886236346,0.53,60.67614183180165,60.0,0.0,0.0773522836636033,0.8000000000000004,0.0,1,0,0
2024-01-10 00:15:00,2.0,15.0,0.22403287711833478,19.471982311951653,14.409146824685685,0.53,60.59307058386167,60.0,0.0,0.07718614116772333,0.8000000000000004,0.0,1,0,0
2024-01-10 00:30:00,2.0,15.0,0.22993084943904366,19.406570472828175,14.39197562746616,0.53,60.510177761998,60.0,0.0,0.07702035552399603,0.8000000000000004,0.0,1,0,0
2024-01-10 00:45:00,2.0,15.0,0.23565201181791037,19.34171380358081,14.374365818877392,0.53,60.42746298297501,60.0,0.0,0.07685492596595003,0.8000000000000004,0.0,1,0,0
2024-01-10 01:00:00,2.0,15.0,0.25650349437894915,19.27733695978114,14.35575103248986,0.293333,60.344925864380144,60.0,0.0,0.07668985172876028,0.8000000000000004,0.0,1,0,0
2024-01-10 01:15:00,2.0,15.0,0.2627403268310688,19.213412458805315,14.336073331315806,0.293333,60.26256602462225,60.0,0.0,0.07652513204924451,0.8000000000000004,0.0,1,0,0
2024-01-10 01:30:00,2.0,15.0,0.2677177547019768,19.149999489787394,14.316013888535236,0.293333,60.1803830829298,60.0,0.0,0.0763607661658596,0.8000000000000004,0.0,1,0,0
2024-01-10 01:45:00,2.0,15.0,0.27254113520805584,19.087088186699926,14.295584487706195,0.293333,60.09837665934911,60.0,0.0,0.07619675331869823,0.8000000000000004,0.0,1,0,0
2024-01-10 02:00:00,2.0,15.0,0.25555360283295875,19.02476004555752,14.275616959445966,0.628333,60.01654637474253,60.0,0.0,0.07603309274948505,0.8000000000000004,0.0,1,0,0
2024-01-10 02:15:00,2.0,15.0,0.2588688782127345,18.963029421317522,14.256222693556374,0.628333,59.93489185078684,60.0,0.0,0.07586978370157368,0.8000000000000004,0.0,1,0,0
2024-01-10 02:30:00,2.0,15.0,0.263592467376892,18.90178857771084,14.236466131549344,0.628333,59.85341270997136,60.0,0.0,0.07570682541994271,0.8000000000000004,0.0,1,0,0
2024-01-10 02:45:00,2.0,15.0,0.26816924018345584,18.84102810263171,14.21635850390869,0.628333,59.772108575596214,60.0,0.0,0.07554421715119243,0.8000000000000004,0.0,1,0,0
2024-01-10 03:00:00,2.0,15.0,0.26473605262643407,18.780771905573168,14.196208693592377,0.75,59.6909790717707,60.0,0.0,0.0753819581435414,0.8000000000000004,0.0,1,0,0
2024-01-10 03:15:00,2.0,15.0,0.2685902283609635,18.721019648194083,14.176063758220655,0.75,59.61002382341143,60.0,0.0,0.07522004764682286,0.8000000000000004,0.0,1,0,0
2024-01-10 03:30:00,2.0,15.0,0.2728717620650278,18.661726783851112,14.155590351717386,0.75,59.52924245624067,60.0,0.0,0.07505848491248134,0.8000000000000004,0.0,1,0,0
2024-01-10 03:45:00,2.0,15.0,0.27701799195196053,18.602884605875865,14.134798824102552,0.75,59.448634596784565,60.0,0.0,0.07489726919356912,0.8000000000000004,0.0,1,0,0
2024-01-10 04:00:00,2.0,15.0,0.29644273529360154,18.54441978704767,14.113115634111557,0.511667,59.36819987237145,60.0,0.0,0.07473639974474292,0.8000000000000004,0.0,1,0,0
2024-01-10 04:15:00,2.0,17.0,0.2523799861313065,18.859289786205217,14.091692456947182,0.511667,59.28793791113012,60.0,0.0,0.07457587582226025,0.8000000000000004,0.0,1,0,0
2024-01-10 04:30:00,1.0,19.666666666666668,0.145716474937643,19.60781874860944,14.07643413597907,0.511667,59.20784834198807,60.0,0.0,0.07441569668397614,0.8000000000000004,0.0,1,0,0
2024-01-10 04:45:00,1.0,20.0,0.005428407224146326,20.489531801429333,14.072180549828492,0.511667,59.12793079466981,60.0,0.0,0.07425586158933961,0.8000000000000004,0.0,1,0,0
2024-01-10 05:00:00,1.0,20.0,0.023369677408532942,20.428448753761852,14.071259337364593,0.326667,59.04818489969518,60.0,0.0,0.07409636979939035,0.8000000000000004,0.0,1,0,0
2024-01-10 05:15:00,1.0,20.0,0.035496506053665715,20.348493320775727,14.068971901122847,0.326667,60.32943295680554,60.0,0.0,0.07665886591361108,0.8000000000000004,0.0,1,0,0
2024-01-10 05:30:00,1.0,20.0,0.04645117693603112,20.269416711098188,14.06584558628487,0.326667,61.03415173919903,60.0,0.0,0.07806830347839805,0.8000000000000004,0.0,1,0,0
2024-01-10 05:45:00,1.0,20.0,0.05710241890301569,20.19120001508471,14.061903600340228,0.326667,60.9503115332303,60.0,0.0,0.0779006230664606,0.8000000000000004,0.0,1,0,0
2024-01-10 06:00:00,1.0,20.0,0.07651011667763542,20.11378670333445,14.05682573681324,0.186667,60.83905272363956,60.0,0.2567413333333333,0.07767810544727911,0.8000000000000004,0.0,1,0,0
2024-01-10 06:15:00,1.0,20.0,0.08708353053565855,20.03714885287208,14.05059217884752,0.186667,60.443134682766704,60.0,0.12837066666666666,0.0768862693655334,0.8000000000000004,0.0,1,0,0
2024-01-10 06:30:00,1.0,20.0,0.09672766652293549,19.961310097823933,14.04361996726031,0.186667,60.2227022790036,60.0,0.12837066666666666,0.0764454045580072,0.8000000000000004,0.0,1,0,0
2024-01-10 06:45:00,1.0,20.0,0.10610101044952319,19.886253502287353,14.0359298136536,0.186667,60.067115649256586,60.0,0.0,0.07613423129851317,0.8000000000000004,0.0,1,0,0
2024-01-10 07:00:00,1.0,20.0,0.13385358987241708,19.81188704533918,14.026835840359439,-0.10167,59.985352509173694,60.0,0.0,0.07597070501834739,0.8000000000000004,0.0,1,0,0
2024-01-10 07:15:00,1.0,20.0,0.1437475751894692,19.738174537110503,14.016271536061186,-0.10167,59.90376498552411,60.0,0.0,0.07580752997104821,0.8000000000000004,0.0,1,0,0
2024-01-10 07:30:00,1.0,20.0,0.15205582074165916,19.665181710055823,14.005070732559355,-0.10167,59.822352701106894,60.0,0.0,0.0756447054022138,0.8000000000000004,0.0,1,0,0
2024-01-10 07:45:00,1.0,20.0,0.16012627491858755,19.592893619127214,13.993251617770019,-0.10167,59.7411152795313,60.0,0.0,0.0754822305590626,0.8000000000000004,0.0,1,0,0
2024-01-10 08:00:00,1.0,20.0,0.22819694353663836,19.52937564518438,13.978547957417016,-1.03667,59.66005234521505,60.0,0.0,0.0753201046904301,0.8000000000000004,0.0,1,0,0
2024-01-10 08:15:00,1.0,20.0,0.13358042948042603,20.239652063575143,13.963909640866408,-1.03667,59.57916352338252,60.0,0.0,0.07515832704676505,0.8000000000000004,0.0,1,0,0
2024-01-10 08:30:00,1.0,20.0,0.09043096348784609,20.456580629133835,13.956629272142598,-1.03667,59.49844844006308,60.0,0.0,0.07499689688012617,0.8000000000000004,0.0,1,0,0
2024-01-10 08:45:00,1.0,20.0,0.10041145058091279,20.378062324710562,13.949390444526614,-1.03667,59.398356430852296,60.0,2.5674133333333335,0.0747967128617046,0.8000000000000004,0.0,1,0,0
2024-01-10 09:00:00,1.0,20.0,0.12141923601694422,20.298664212345038,13.94098302206125,-1.20833,60.999059611296744,60.0,0.12837066666666666,0.07799811922259349,0.8000000000000004,0.0,1,0,0
2024-01-10 09:15:00,1.0,20.0,0.13197105460618228,20.21814795108695,13.931351013182715,-1.20833,61.0124350729221,60.0,0.0,0.0780248701458442,0.8000000000000004,0.0,1,0,0
2024-01-10 09:30:00,1.0,20.0,0.14145019566622336,20.138438218832054,13.920992878003396,-1.20833,60.818249423574144,60.0,0.7702240000000001,0.0776364988471483,0.8000000000000004,0.0,1,0,0
2024-01-10 09:45:00,1.0,20.0,0.15066013474882384,20.059518129811654,13.909929206763888,-1.20833,59.926154606625666,60.0,0.12837066666666666,0.07585230921325131,0.8000000000000004,0.0,1,0,0
2024-01-10 10:00:00,1.0,20.0,0.1467771332455632,19.981477958659994,13.898665909558126,-1.01,59.752778564384705,60.0,0.2567413333333333,0.07550555712876943,0.8000000000000004,0.0,1,0,0
2024-01-10 10:15:00,1.0,20.0,0.15473530946418215,19.9043224135979,13.887282693328038,-1.01,59.441962055484666,60.0,0.0,0.07488392411096934,0.8000000000000004,0.0,1,0,0
2024-01-10 10:30:00,1.0,20.0,0.16336268323052197,19.82791668090129,13.875238516367192,-1.01,59.361541662809586,60.0,0.0,0.07472308332561917,0.8000000000000004,0.0,1,0,0
2024-01-10 10:45:00,1.0,20.0,0.171742773183917,19.752245213226068,13.862552292668093,-1.01,59.16179680562807,60.0,0.12837066666666666,0.07432359361125614,0.8000000000000004,0.0,1,0,0
2024-01-10 11:00:00,1.0,20.0,0.1735218436034784,19.677335722010284,13.849483301211883,-0.9116699999999999,59.063613743401746,60.0,0.0,0.07412722748680349,0.8000000000000004,0.0,1,0,0
2024-01-10 11:15:00,1.0,20.0,0.18106531176664345,19.603182431815835,13.836079175639293,-0.9116699999999999,60.025262980981296,60.0,0.385112,0.0760505259619626,0.8000000000000004,0.0,1,0,0
2024-01-10 11:30:00,1.0,20.0,0.18883507348519926,19.529723399730603,13.8220796939944,-0.9116699999999999,60.498078629703485,60.0,0.7702240000000001,0.07699615725940696,0.8000000000000004,0.0,1,0,0
2024-01-10 11:45:00,1.0,20.0,0.10174016185525245,20.176411346190196,13.810157449833632,-0.9116699999999999,60.08473535154386,60.0,0.0,0.07616947070308773,0.8000000000000004,0.0,1,0,0
2024-01-10 12:00:00,1.0,20.0,0.03232927501738224,20.454651389401015,13.806409202928895,-0.65,60.002934366666025,60.0,0.0,0.07600586873333204,0.8000000000000004,0.0,1,0,0
2024-01-10 12:15:00,1.0,20.0,0.042657878893068886,20.37200900959603,13.803590336387435,-0.65,59.92130907950709,60.0,0.0,0.07584261815901418,0.8000000000000004,0.0,1,0,0
2024-01-10 12:30:00,1.0,20.0,0.05388440026612558,20.290270119967865,13.799911758816984,-0.65,59.83985911269157,60.0,0.7702240000000001,0.07567971822538315,0.8000000000000004,0.0,1,0,0
2024-01-10 12:45:00,1.0,20.0,0.06479955080033818,20.209415309162864,13.795397285173248,-0.65,60.5784962396407,60.0,0.0,0.07715699247928141,0.8000000000000004,0.0,1,0,0
2024-01-10 13:00:00,1.0,20.0,0.04120447645070935,20.12992737169369,13.791365048649029,-0.12167,60.95042611340041,60.0,0.2567413333333333,0.07790085222680082,0.8000000000000004,0.0,1,0,0
2024-01-10 13:15:00,1.0,20.0,0.049499449490236366,20.051870857741108,13.788001270611566,-0.12167,60.63703721563797,60.0,0.0,0.07727407443127593,0.8000000000000004,0.0,1,0,0
2024-01-10 13:30:00,1.0,20.0,0.05995444581277983,19.974660190457268,13.78383684069735,-0.12167,60.55404995925223,60.0,0.0,0.07710809991850447,0.8000000000000004,0.0,1,0,0
2024-01-10 13:45:00,1.0,20.0,0.07011882857343575,19.898277242009808,13.778893986312694,-0.12167,60.47124094854005,60.0,0.0,0.0769424818970801,0.8000000000000004,0.0,1,0,0
2024-01-10 14:00:00,1.0,20.0,0.04269020766412547,19.82474043161174,13.774604374682253,0.451667,60.0295634126692,60.0,1.5404480000000003,0.07605912682533839,0.8000000000000004,0.0,1,0,0
2024-01-10 14:15:00,1.0,20.0,0.049644650843732416,19.754312447092286,13.771189850188389,0.451667,60.693214054986,60.0,0.7702240000000001,0.07738642810997201,0.8000000000000004,0.0,1,0,0
2024-01-10 14:30:00,1.0,20.0,0.05899748556726432,19.684643581125663,13.767059065525675,0.451667,60.24815617750508,60.0,0.0,0.07649631235501017,0.8000000000000004,0.0,1,0,0
2024-01-10 14:45:00,1.0,20.0,0.06808999121502814,19.615717589198155,13.76223193183939,0.451667,60.166004186262356,60.0,0.0,0.07633200837252471,0.8000000000000004,0.0,1,0,0
2024-01-10 15:00:00,1.0,20.0,0.0442661642484247,19.54603327170043,13.757967469026871,0.9599999999999999,60.038041831577075,60.0,0.12837066666666666,0.07607608366315416,0.8000000000000004,0.0,1,0,0
2024-01-10 15:15:00,1.0,20.0,-0.011718603504026403,19.979521965971124,13.755794216001476,0.9599999999999999,59.65302581656036,60.0,0.2567413333333333,0.07530605163312072,0.8000000000000004,0.0,1,0,0
2024-01-10 15:30:00,1.0,20.0,-0.09441444855350772,20.477423549788977,13.76120492925308,0.9599999999999999,59.44348121742789,60.0,0.2567413333333333,0.07488696243485578,0.8000000000000004,0.0,1,0,0
2024-01-10 15:45:00,1.0,20.0,-0.08105104079172083,20.396306936982022,13.767799781723776,0.9599999999999999,59.14252244575559,60.0,0.2567413333333333,0.07428504489151116,0.8000000000000004,0.0,1,0,0
2024-01-10 16:00:00,1.0,20.0,-0.06327634559130632,20.3150651812615,13.77322025281438,0.888333,60.8012818598384,60.0,0.0,0.0776025637196768,0.8000000000000004,0.0,1,0,0
2024-01-10 16:15:00,1.0,20.0,-0.050031701649314475,20.233532325064484,13.777454841562356,0.888333,60.970550679285104,60.0,0.2567413333333333,0.07794110135857021,0.8000000000000004,0.0,1,0,0
2024-01-10 16:30:00,1.0,20.0,-0.03746981825138175,20.152965937677273,13.780727690614446,0.888333,60.859301096816736,60.0,0.0,0.07771860219363348,0.8000000000000004,0.0,1,0,0
2024-01-10 16:45:00,1.0,20.0,-0.025249928301349905,20.073344803922268,13.78306495652521,0.888333,60.77583644694998,60.0,0.0,0.07755167289389998,0.8000000000000004,0.0,1,0,0
2024-01-10 17:00:00,1.0,20.0,0.027587237844886568,19.994475953393053,13.78294123813327,0.255,60.69255106813496,60.0,0.0,0.07738510213626992,0.8000000000000004,0.0,1,0,0
2024-01-10 17:15:00,1.0,20.0,0.041439308906893645,19.916294293880654,13.780191970542264,0.255,60.60944457532111,60.0,0.0,0.07721888915064223,0.8000000000000004,0.0,1,0,0
2024-01-10 17:30:00,1.0,20.0,0.05204237873272682,19.838966473790798,13.776630732230903,0.255,60.52651658428494,60.0,0.0,0.07705303316856987,0.8000000000000004,0.0,1,0,0
2024-01-10 17:45:00,1.0,20.0,0.06235129385580053,19.762474153812814,13.772280021398592,0.255,60.44376671162817,60.0,0.0,0.07688753342325634,0.8000000000000004,0.0,1,0,0
2024-01-10 18:00:00,3.0,19.733333333333334,0.10211659489743703,19.68667431661593,13.766035326018596,-0.205,60.36119457477603,60.0,0.0,0.07672238914955205,0.8000000000000004,0.0,1,0,0
2024-01-10 18:15:00,1.0,19.966666666666665,0.11352292408258363,19.61151689370471,13.757780444895054,-0.205,60.27879979197545,60.0,0.0,0.07655759958395092,0.8000000000000004,0.0,1,0,0
2024-01-10 18:30:00,1.0,20.0,0.12252708790079044,19.537120200667978,13.748835849955206,-0.205,60.141381982293375,60.0,1.5404480000000003,0.07628276396458673,0.8000000000000004,0.0,1,0,0
2024-01-10 18:45:00,1.0,20.0,0.047085534911206234,20.11120635873173,13.741399536937939,-0.205,60.46557130751865,60.0,0.0,0.07693114261503732,0.8000000000000004,0.0,1,0,0
2024-01-10 19:00:00,1.0,20.0,0.0005880940053673308,20.46075395025655,13.740993576698003,-0.445,61.24152488305497,60.0,0.0,0.07848304976610997,0.8000000000000004,0.0,1,0,0
2024-01-10 19:15:00,1.0,20.0,0.013972378483452053,20.376441085854626,13.740368085336055,-0.445,61.15723926694363,60.0,0.0,0.07831447853388725,0.8000000000000004,0.0,1,0,0
2024-01-10 19:30:00,1.0,20.0,0.025902508446931694,20.29307406635095,13.738829075843512,-0.445,61.07313468521116,60.0,0.0,0.07814626937042232,0.8000000000000004,0.0,1,0,0
2024-01-10 19:45:00,1.0,20.0,0.03750381017631128,20.210632425826706,13.736401698215717,-0.445,60.98921074901961,60.0,0.0,0.07797842149803923,0.8000000000000004,0.0,1,0,0
2024-01-10 20:00:00,1.0,20.0,0.06322483900857954,20.129035450124707,13.732563582007115,-0.66833,60.90546707036619,60.0,0.0,0.0778109341407324,0.8000000000000004,0.0,1,0,0
2024-01-10 20:15:00,1.0,20.0,0.07500079051243334,20.0482478276694,13.727271833582888,-0.66833,60.82190326208153,60.0,0.0,0.07764380652416306,0.8000000000000004,0.0,1,0,0
2024-01-10 20:30:00,1.0,20.0,0.08543813279497196,19.96831626643625,13.721180724669644,-0.66833,60.738518937827784,60.0,0.0,0.07747703787565557,0.8000000000000004,0.0,1,0,0
2024-01-10 20:45:00,1.0,20.0,0.09558367367025881,19.88922253701743,13.714312573668298,-0.66833,60.65531371209696,60.0,0.0,0.07731062742419392,0.8000000000000004,0.0,1,0,0
2024-01-10 21:00:00,1.0,20.0,0.11977771471416786,19.81088855772647,13.70614631387604,-0.89,60.572287200209075,60.0,0.0,0.07714457440041815,0.8000000000000004,0.0,1,0,0
2024-01-10 21:15:00,1.0,20.0,0.13016321859964364,19.733281261410013,13.696636855491192,-0.89,60.489439018310364,60.0,0.0,0.07697887803662073,0.8000000000000004,0.0,1,0,0
2024-01-10 21:30:00,1.0,20.0,0.13925213393034566,19.65644894150194,13.686431154506163,-0.89,60.406768783371575,60.0,0.0,0.07681353756674315,0.8000000000000004,0.0,1,0,0
2024-01-10 21:45:00,1.0,20.0,0.14808269163551527,19.580375388637655,13.675548971737943,-0.89,60.3242761131861,60.0,0.0,0.07664855222637221,0.8000000000000004,0.0,1,0,0
2024-01-10 22:00:00,1.0,20.0,0.16648352863312763,19.642643000439158,13.663260970056273,-1.265,60.2419606263683,60.0,0.0,0.0764839212527366,0.8000000000000004,0.0,1,0,0
2024-01-10 22:15:00,1.0,20.0,0.048098845441906755,20.441112685454634,13.655411561205758,-1.265,60.159821942351684,60.0,0.0,0.07631964388470337,0.8000000000000004,0.0,1,0,0
2024-01-10 22:30:00,1.0,20.0,0.04560545376724736,20.420631150606674,13.65228944044059,-1.265,60.077859681387174,60.0,0.0,0.07615571936277436,0.8000000000000004,0.0,1,0,0
2024-01-10 22:45:00,1.0,20.0,0.05730257691204453,20.33533666016609,13.648369033187551,-1.265,59.99607346454132,60.0,0.0,0.07599214692908264,0.8000000000000004,0.0,1,0,0
2024-01-10 23:00:00,1.0,20.0,0.08537856659425928,20.250893560475767,13.642945096337751,-1.52333,59.91446291369461,60.0,0.0,0.0758289258273892,0.8000000000000004,0.0,1,0,0
2024-01-10 23:15:00,1.0,20.0,0.09736917714543805,20.167263799066767,13.635964560611622,-1.52333,59.83302765153965,60.0,0.0,0.0756660553030793,0.8000000000000004,0.0,1,0,0
2024-01-10 23:30:00,1.0,20.0,0.10785541555767193,20.084504128495848,13.62818086748291,-1.52333,59.75176730157948,60.0,0.0,0.07550353460315896,0.8000000000000004,0.0,1,0,0
2024-01-10 23:45:00,1.0,20.0,0.11804704106533073,20.002596120203368,13.619616550511942,-1.52333,59.67068148812578,60.0,0.0,0.07534136297625157,0.8000000000000004,0.0,1,0,0
2024-01-11 00:00:00,1.0,20.0,0.15036680733718552,19.92142749625342,13.60944465327528,-1.87,59.58976983629718,60.0,0.0,0.07517953967259436,0.8000000000000004,0.0,1,0,0
2024-01-11 00:15:00,1.0,20.0,0.1612450961497477,19.8409561367855,13.597582903197058,-1.87,59.509031972017496,60.0,0.0,0.075018063944035,0.8000000000000004,0.0,1,0,0
2024-01-11 00:30:00,1.0,20.0,0.1702454971836799,19.761266927612894,13.585031614434557,-1.87,59.428467522014,60.0,0.12837066666666666,0.07485693504402802,0.8000000000000004,0.0,1,0,0
2024-01-11 00:45:00,1.0,20.0,0.1789879342854978,19.68234365009415,13.571810517869384,-1.87,59.08153442061655,60.0,0.12837066666666666,0.0741630688412331,0.8000000000000004,0.0,1,0,0
2024-01-11 01:00:00,1.0,20.0,0.18413797557592698,19.604184534980778,13.558065376470829,-1.81833,59.78076457333595,60.0,0.0,0.07556152914667189,0.8000000000000004,0.0,1,0,0
2024-01-11 01:15:00,2.0,19.333333333333332,0.19219694151502592,19.526777806217645,13.543830393506143,-1.81833,60.99503840855714,60.0,0.2567413333333333,0.07799007681711428,0.8000000000000004,0.0,1,0,0
2024-01-11 01:30:00,2.0,15.0,0.2002561753087169,19.450093196844016,13.528977863359431,-1.81833,60.690747096822335,60.0,0.12837066666666666,0.07738149419364468,0.8000000000000004,0.0,1,0,0
2024-01-11 01:45:00,2.0,15.0,0.20808128341265072,19.37411593716448,13.513525693856302,-1.81833,60.23062768566001,60.0,1.0269653333333335,0.07646125537132001,0.8000000000000004,0.0,1,0,0
2024-01-11 02:00:00,2.0,15.0,0.23141229920446774,19.29876542437269,13.496895451659379,-2.06167,59.22585623404094,60.0,0.2567413333333333,0.07445171246808188,0.8000000000000004,0.0,1,0,0
2024-01-11 02:15:00,2.0,15.0,0.2396668460612705,19.22401034414918,13.479031370912008,-2.06167,61.014636855277566,60.0,0.0,0.07802927371055514,0.8000000000000004,0.0,1,0,0
2024-01-11 02:30:00,2.0,15.0,0.24657797374363455,19.149908572974006,13.460637540600793,-2.06167,60.92880267754967,60.0,0.12837066666666666,0.07785760535509932,0.8000000000000004,0.0,1,0,0
2024-01-11 02:45:00,2.0,15.0,0.25328341818833044,19.07644705850415,13.441729693442854,-2.06167,60.780890210541116,60.0,0.0,0.07756178042108224,0.8000000000000004,0.0,1,0,0
2024-01-11 03:00:00,2.0,15.0,0.2609735792948603,19.003608078289073,13.422278278092595,-2.08,60.697593976908934,60.0,0.0,0.07739518795381786,0.8000000000000004,0.0,1,0,0
2024-01-11 03:15:00,2.0,15.0,0.26734942416425306,18.931377904344245,13.402292759425444,-2.08,60.61447665259264,60.0,0.0,0.07722895330518528,0.8000000000000004,0.0,1,0,0
2024-01-11 03:30:00,2.0,15.0,0.27344993945647394,18.859749801881655,13.381839493906577,-2.08,60.52233785331863,60.0,0.12837066666666666,0.07704467570663727,0.8000000000000004,0.0,1,0,0
2024-01-11 03:45:00,2.0,16.0,0.25923424093748404,18.945859811522713,13.361343963949775,-2.08,60.31093533159891,60.0,0.0,0.07662187066319782,0.8000000000000004,0.0,1,0,0
2024-01-11 04:00:00,2.0,15.0,0.24832532889904113,19.01034101684762,13.342610663495128,-2.165,60.228648499019165,60.0,0.0,0.07645729699803834,0.8000000000000004,0.0,1,0,0
2024-01-11 04:15:00,2.0,16.0,0.22383615565459125,19.172499108200732,13.32450437765917,-2.165,60.146538407695076,60.0,0.0,0.07629307681539015,0.8000000000000004,0.0,1,0,0
2024-01-11 04:30:00,2.0,16.0,0.1911527218185842,19.37161333092589,13.308866088160764,-2.165,59.74074782618207,60.0,1.7971893333333335,0.07548149565236414,0.8000000000000004,0.0,1,0,0
2024-01-11 04:45:00,2.0,15.0,0.18519353836533567,19.372008547368264,13.295019240904663,-2.165,60.498574803985285,60.0,1.5404480000000003,0.07699714960797056,0.8000000000000004,0.0,1,0,0
2024-01-11 05:00:00,2.0,15.0,0.18921915132241066,19.294221704877295,13.280848067756585,-2.09833,59.53825246125856,60.0,0.0,0.0750765049225171,0.8000000000000004,0.0,1,0,0
2024-01-11 05:15:00,2.0,15.0,0.19707316257144453,19.217183278404942,13.266239796246582,-2.09833,59.45762524950087,60.0,0.0,0.07491525049900175,0.8000000000000004,0.0,1,0,0
2024-01-11 05:30:00,1.0,19.333333333333332,0.13892604452302645,19.671074429863562,13.252565691805694,-2.09833,59.377171214352344,60.0,0.0,0.0747543424287047,0.8000000000000004,0.0,1,0,0
2024-01-11 05:45:00,1.0,20.0,0.006037018013358148,20.509177995766027,13.24839463571274,-2.09833,59.29688998385253,60.0,0.0,0.07459377996770505,0.8000000000000004,0.0,1,0,0
2024-01-11 06:00:00,1.0,20.0,0.005467813782182839,20.43759338018148,13.248124455604652,-1.97333,60.20463325735832,60.0,0.2567413333333333,0.07640926651471665,0.8000000000000004,0.0,1,0,0
2024-01-11 06:15:00,1.0,20.0,0.01796505164545541,20.3473611214758,13.247225678767212,-1.97333,61.006867442092776,60.0,0.0,0.07801373488418555,0.8000000000000004,0.0,1,0,0
2024-01-11 06:30:00,1.0,20.0,0.030684179370415964,20.2581386574317,13.245352961118584,-1.97333,60.886289795048015,60.0,0.385112,0.07777257959009604,0.8000000000000004,0.0,1,0,0
2024-01-11 06:45:00,1.0,20.0,0.04305253051961232,20.169904152765074,13.242533131361478,-1.97333,59.87433425578884,60.0,0.7702240000000001,0.07574866851157766,0.8000000000000004,0.0,1,0,0
2024-01-11 07:00:00,1.0,20.0,0.0570041840619387,20.0827425474769,13.238719246817482,-2.00333,59.51745953024074,60.0,0.0,0.07503491906048149,0.8000000000000004,0.0,1,0,0
2024-01-11 07:15:00,1.0,20.0,0.06877059332619344,19.996645494056832,13.233929612157711,-2.00333,59.39089016387768,60.0,0.12837066666666666,0.07478178032775536,0.8000000000000004,0.0,1,0,0
2024-01-11 07:30:00,1.0,20.0,0.08007391532898621,19.91146986179887,13.228274324054775,-2.00333,59.218704657536264,60.0,0.0,0.07443740931507253,0.8000000000000004,0.0,1,0,0
2024-01-11 07:45:00,1.0,20.0,0.09106204235582699,19.82719597315151,13.221777490095128,-2.00333,59.60359820614604,60.0,1.7971893333333335,0.07520719641229208,0.8000000000000004,0.0,1,0,0
2024-01-11 08:00:00,1.0,20.0,0.07598841390260508,19.74730508675068,13.215432562991847,-1.61167,61.06569150994237,60.0,0.0,0.07813138301988475,0.8000000000000004,0.0,1,0,0
2024-01-11 08:15:00,1.0,20.0,0.0839119939054861,19.672238195386864,13.209432375866035,-1.61167,60.20970314806698,60.0,0.7702240000000001,0.07641940629613395,0.8000000000000004,0.0,1,0,0
2024-01-11 08:30:00,1.0,20.0,0.0933808069664935,19.5979551496629,13.202706967030363,-1.61167,60.07254441494497,60.0,0.0,0.07614508882988993,0.8000000000000004,0.0,1,0,0
2024-01-11 08:45:00,1.0,20.0,0.10258385496978133,19.53100479713764,13.195276663586387,-1.61167,59.990769614589894,60.0,0.0,0.07598153922917979,0.8000000000000004,0.0,1,0,0
2024-01-11 09:00:00,1.0,20.0,-0.014483246782875662,20.238325002707022,13.19113600474727,-1.29167,59.82639155196793,60.0,0.2567413333333333,0.07565278310393585,0.8000000000000004,0.0,1,0,0
2024-01-11 09:15:00,1.0,20.0,-0.05662369955291955,20.454808152749088,13.195057619340888,-1.29167,59.43270391347212,60.0,0.12837066666666666,0.07486540782694424,0.8000000000000004,0.0,1,0,0
2024-01-11 09:30:00,1.0,20.0,-0.04420662177818913,20.375969392466914,13.198834554468714,-1.29167,59.32473897853413,60.0,0.2567413333333333,0.07464947795706826,0.8000000000000004,0.0,1,0,0
2024-01-11 09:45:00,1.0,20.0,-0.03212712483835688,20.298061764309043,13.20168667223862,-1.29167,60.19570939272192,60.0,0.7702240000000001,0.07639141878544384,0.8000000000000004,0.0,1,0,0
2024-01-11 10:00:00,1.0,20.0,-0.09267303540008225,20.222106341326732,13.206375998753204,-0.175,60.21670604153973,60.0,0.0,0.07643341208307945,0.8000000000000004,0.0,1,0,0
2024-01-11 10:15:00,1.0,20.0,-0.08550863630390934,20.148256270018592,13.213272536507422,-0.175,60.13462160103806,60.0,0.0,0.07626924320207613,0.8000000000000004,0.0,1,0,0
2024-01-11 10:30:00,1.0,20.0,-0.07348205888189245,20.075314368331043,13.219248406712008,-0.175,60.052713467080586,60.0,0.0,0.07610542693416118,0.8000000000000004,0.0,1,0,0
2024-01-11 10:45:00,1.0,20.0,-0.06178043392831466,20.003260519448133,13.224328462368202,-0.175,59.970981260984104,60.0,0.0,0.0759419625219682,0.8000000000000004,0.0,1,0,0
2024-01-11 11:00:00,1.0,20.0,-0.09267388109923794,19.93252415263176,13.230137679468852,0.478333,59.88942460487879,60.0,0.0,0.07577884920975758,0.8000000000000004,0.0,1,0,0
2024-01-11 11:15:00,1.0,20.0,-0.0840441647289514,19.8631669809002,13.23689930862577,0.478333,59.808043121706454,60.0,0.0,0.07561608624341293,0.8000000000000004,0.0,1,0,0
2024-01-11 11:30:00,1.0,20.0,-0.07268896264158817,19.794665775042557,13.242791673693867,0.478333,59.72683643521875,60.0,0.0,0.07545367287043751,0.8000000000000004,0.0,1,0,0
2024-01-11 11:45:00,1.0,20.0,-0.061640355681594414,19.727001558346178,13.24783822364997,0.478333,59.64580416997548,60.0,0.0,0.07529160833995095,0.8000000000000004,0.0,1,0,0
2024-01-11 12:00:00,1.0,20.0,-0.09453420192622665,19.66032916162491,13.253714722903897,1.153333,59.56494595134279,60.0,0.0,0.07512989190268558,0.8000000000000004,0.0,1,0,0
2024-01-11 12:15:00,1.0,20.0,-0.08651413626849609,19.594677078576005,13.2606451888322,1.153333,59.48426140549158,60.0,0.0,0.07496852281098315,0.8000000000000004,0.0,1,0,0
2024-01-11 12:30:00,1.0,20.0,-0.07565325656610579,19.529840909976873,13.266744246577193,1.153333,59.4037501593956,60.0,0.0,0.0748075003187912,0.8000000000000004,0.0,1,0,0
2024-01-11 12:45:00,1.0,20.0,-0.15972445740590585,20.185269474672452,13.274689643717617,1.153333,59.32341184082987,60.0,0.0,0.07464682368165974,0.8000000000000004,0.0,1,0,0
2024-01-11 13:00:00,1.0,20.0,-0.31252559524283724,20.472102869148532,13.293854383653471,2.751667,59.24324607836887,60.0,0.0,0.07448649215673774,0.8000000000000004,0.0,1,0,0
2024-01-11 13:15:00,1.0,20.0,-0.30394598944320644,20.39791811701227,13.317388825986098,2.751667,59.16325250138487,60.0,0.0,0.07432650500276974,0.8000000000000004,0.0,1,0,0
2024-01-11 13:30:00,1.0,20.0,-0.288347197655569,20.324823439621063,13.339729594965313,2.751667,59.08343074004619,60.0,0.0,0.07416686148009238,0.8000000000000004,0.0,1,0,0
2024-01-11 13:45:00,1.0,20.0,-0.2731572130443887,20.252793742272566,13.360907955854948,2.751667,59.5053328380389,60.0,0.0,0.07501066567607781,0.8000000000000004,0.0,1,0,0
2024-01-11 14:00:00,1.0,20.0,-0.3198739413904228,20.18101078473556,13.383285540159514,3.705,61.071091934422235,60.0,0.0,0.07814218386884447,0.8000000000000004,0.0,1,0,0
2024-01-11 14:15:00,1.0,20.0,-0.3085961662605504,20.10938425661834,13.407160830084273,3.705,60.987172385789755,60.0,0.0,0.07797434477157951,0.8000000000000004,0.0,1,0,0
2024-01-11 14:30:00,3.0,19.666666666666668,-0.2932911788859488,20.03882255028703,13.429864954145724,3.705,60.903433085271516,60.0,0.0,0.07780686617054303,0.8000000000000004,0.0,1,0,0
2024-01-11 14:45:00,1.0,19.733333333333334,-0.27838661809264725,19.96930109730287,13.45142853660463,3.705,60.819873645718374,60.0,0.0,0.07763974729143674,0.8000000000000004,0.0,1,0,0
2024-01-11 15:00:00,1.0,20.0,-0.30877753696371446,19.896475714168556,13.473589322837656,4.408333,60.73649368081271,60.0,0.0,0.07747298736162542,0.8000000000000004,0.0,1,0,0
2024-01-11 15:15:00,1.0,20.0,-0.2958038886923588,19.819798700316348,13.496516629884667,4.408333,60.653292805066634,60.0,0.0,0.07730658561013329,0.8000000000000004,0.0,1,0,0
2024-01-11 15:30:00,1.0,20.0,-0.27997713621627474,19.744233418092573,13.518232789447387,4.408333,60.57027063382032,60.0,0.0,0.07714054126764065,0.8000000000000004,0.0,1,0,0
2024-01-11 15:45:00,1.0,20.0,-0.26456599082835697,19.66975434104535,13.538769586916338,4.408333,60.487426783240075,60.0,0.0,0.07697485356648014,0.8000000000000004,0.0,1,0,0
2024-01-11 16:00:00,1.0,20.0,-0.2117681583762747,19.595592688084526,13.556727679345364,3.825,60.40476087031663,60.0,0.0,0.07680952174063327,0.8000000000000004,0.0,1,0,0
2024-01-11 16:15:00,1.0,20.0,-0.19583203635085705,19.541299741262126,13.571958568971406,3.825,60.32227251286338,60.0,0.0,0.07664454502572676,0.8000000000000004,0.0,1,0,0
2024-01-11 16:30:00,1.0,20.0,-0.29557180412396417,20.29169342439216,13.589884512188512,3.825,60.23996132951462,60.0,0.0,0.07647992265902924,0.8000000000000004,0.0,1,0,0
2024-01-11 16:45:00,1.0,20.0,-0.3214612715627466,20.444475093605107,13.614219023728003,3.825,60.15782693972377,60.0,0.0,0.07631565387944755,0.8000000000000004,0.0,1,0,0
2024-01-11 17:00:00,1.0,20.0,-0.27709029737402946,20.361402028023065,13.636789427455996,3.406667,60.075868963761586,60.0,0.0,0.07615173792752318,0.8000000000000004,0.0,1,0,0
2024-01-11 17:15:00,1.0,20.0,-0.258710311469115,20.2793753633515,13.656919523899834,3.406667,59.99408702271446,60.0,0.0,0.07598817404542893,0.8000000000000004,0.0,1,0,0
2024-01-11 17:30:00,1.0,20.0,-0.24271070589908897,20.198490922352114,13.675825149750965,3.406667,59.91248073848261,60.0,0.0,0.07582496147696521,0.8000000000000004,0.0,1,0,0
2024-01-11 17:45:00,1.0,20.0,-0.22713389208139187,20.11872269144701,13.6935386401174,3.406667,59.831049733778386,60.0,0.0,0.07566209946755677,0.8000000000000004,0.0,1,0,0
2024-01-11 18:00:00,1.0,20.0,-0.18190285261023167,20.03991881098685,13.708952832598305,2.941667,59.74979363212451,60.0,0.0,0.07549958726424903,0.8000000000000004,0.0,1,0,0
2024-01-11 18:15:00,1.0,20.0,-0.1654583487333266,19.96202156296209,13.721959386850783,2.941667,59.66871205785232,60.0,0.0,0.07533742411570463,0.8000000000000004,0.0,1,0,0
2024-01-11 18:30:00,1.0,20.0,-0.1515584855312879,19.88514362166249,13.733902026128476,2.941667,59.5878046361,60.0,0.0,0.0751756092722,0.8000000000000004,0.0,1,0,0
2024-01-11 18:45:00,1.0,20.0,-0.13802981861188743,19.809262081083716,13.744809139867083,2.941667,59.50707099281096,60.0,0.0,0.07501414198562191,0.8000000000000004,0.0,1,0,0
2024-01-11 19:00:00,1.0,20.0,-0.09511990608404826,19.734229471865536,13.753581961879128,2.481667,59.42651075473197,60.0,0.0,0.07485302150946395,0.8000000000000004,0.0,1,0,0
2024-01-11 19:15:00,1.0,20.0,-0.08064225165685307,19.659991385295207,13.760109895020841,2.481667,59.346123549411544,60.0,0.0,0.07469224709882309,0.8000000000000004,0.0,1,0,0
2024-01-11 19:30:00,1.0,20.0,-0.06863824080584885,19.586661905775216,13.765718877004577,2.481667,59.265909005198154,60.0,0.0,0.0745318180103963,0.8000000000000004,0.0,1,0,0
2024-01-11 19:45:00,1.0,20.0,-0.06273600932159161,19.579825682124195,13.770482267650012,2.481667,59.185866751238514,60.0,0.0,0.07437173350247701,0.8000000000000004,0.0,1,0,0
2024-01-11 20:00:00,1.0,20.0,-0.1318748102305187,20.38269894846145,13.77764408604857,1.798333,59.10599641747592,60.0,0.0,0.07421199283495183,0.8000000000000004,0.0,1,0,0
2024-01-11 20:15:00,1.0,20.0,-0.14116235267060084,20.43757961137408,13.788555081160643,1.798333,59.09796167347012,60.0,0.0,0.07419592334694024,0.8000000000000004,0.0,1,0,0
2024-01-11 20:30:00,1.0,20.0,-0.12687914951179124,20.355365320270966,13.79864590780022,1.798333,60.95142288650535,60.0,0.0,0.0779028457730107,0.8000000000000004,0.0,1,0,0
2024-01-11 20:45:00,1.0,20.0,-0.11297927312160813,20.274187893012314,13.807672727118518,1.798333,61.01082160793716,60.0,0.0,0.07802164321587432,0.8000000000000004,0.0,1,0,0
2024-01-11 21:00:00,1.0,20.0,-0.05861021729349489,20.193852402754683,13.81411730264834,1.166667,60.927031512011126,60.0,0.0,0.07785406302402227,0.8000000000000004,0.0,1,0,0
2024-01-11 21:15:00,2.0,19.333333333333332,-0.04316381162085639,20.114291525824775,13.817818574336519,1.166667,60.843421386152016,60.0,0.0,0.07768684277230403,0.8000000000000004,0.0,1,0,0
2024-01-11 21:30:00,1.0,18.666666666666668,-0.030997029036282372,20.035669129229237,13.820588342772679,1.166667,60.75999084380786,60.0,0.0,0.07751998168761574,0.8000000000000004,0.0,1,0,0
2024-01-11 21:45:00,2.0,16.333333333333332,-0.019161830745562124,19.957964637704688,13.822451968422227,1.166667,60.67673949925699,60.0,0.0,0.07735347899851398,0.8000000000000004,0.0,1,0,0
2024-01-11 22:00:00,2.0,15.0,-0.00021411327565069773,19.88112669842889,13.823152564528572,1.051667,60.5936669676062,60.0,0.0,0.0771873339352124,0.8000000000000004,0.0,1,0,0
2024-01-11 22:15:00,2.0,15.0,0.011398591389010903,19.80512757801066,13.822679839678942,1.051667,60.51077286478895,60.0,0.0,0.07702154572957791,0.8000000000000004,0.0,1,0,0
2024-01-11 22:30:00,2.0,15.0,0.022171635468722525,19.72998201181974,13.821382200373323,1.051667,60.19824660206574,60.0,0.2567413333333333,0.07639649320413146,0.8000000000000004,0.0,1,0,0
2024-01-11 22:45:00,2.0,15.0,0.03264782383585672,19.65567152519298,13.819282351223896,1.051667,59.83122322698101,60.0,0.5134826666666666,0.07566244645396202,0.8000000000000004,0.0,1,0,0
2024-01-11 23:00:00,2.0,15.0,0.08303099066418002,19.582008993626758,13.814880092657756,0.43,59.29779086095717,60.0,0.385112,0.07459558172191434,0.8000000000000004,0.0,1,0,0
2024-01-11 23:15:00,2.0,15.0,0.09518409978243719,19.508932758402167,13.808011066738297,0.43,60.94869696651436,60.0,0.0,0.07789739393302873,0.8000000000000004,0.0,1,0,0
2024-01-11 23:30:00,1.0,20.0,0.018066984027623963,20.104028099017054,13.802645751802958,0.43,60.88854900499564,60.0,0.2567413333333333,0.07777709800999127,0.8000000000000004,0.0,1,0,0
2024-01-11 23:45:00,1.0,20.0,-0.05599833919446611,20.53303289068898,13.8055719644098,0.43,60.64885082349827,60.0,0.0,0.07729770164699654,0.8000000000000004,0.0,1,0,0
2024-01-12 00:00:00,1.0,20.0,-0.03121177652969438,20.449063659410196,13.808831263933172,0.25,60.473897511025534,60.0,0.12837066666666666,0.07694779502205108,0.8000000000000004,0.0,1,0,0
2024-01-12 00:15:00,2.0,18.0,-0.017770520289474387,20.36602042238152,13.810616702723497,0.25,60.207404312971406,60.0,0.2567413333333333,0.07641480862594281,0.8000000000000004,0.0,1,0,0
2024-01-12 00:30:00,1.0,18.0,-0.0055113392975185815,20.2839344975979,13.811463503235569,0.25,59.858808693250694,60.0,1.0269653333333335,0.07571761738650139,0.8000000000000004,0.0,1,0,0
2024-01-12 00:45:00,1.0,20.0,0.006412051742668291,20.202785020651707,13.811397347741506,0.25,60.12459791823734,60.0,1.5404480000000003,0.07624919583647467,0.8000000000000004,0.0,1,0,0
2024-01-12 01:00:00,1.0,20.0,0.012188765879353332,20.122576118996093,13.810663665627404,0.34,59.73727511585014,60.0,0.7702240000000001,0.07547455023170029,0.8000000000000004,0.0,1,0,0
2024-01-12 01:15:00,1.0,20.0,0.0231401290347796,20.0432943179361,13.80931378500509,0.34,59.24275937343199,60.0,0.2567413333333333,0.07448551874686397,0.8000000000000004,0.0,1,0,0
2024-01-12 01:30:00,1.0,20.0,0.03419702167191787,19.964893767085293,13.807117227963492,0.34,60.39273623680317,60.0,0.385112,0.07678547247360633,0.8000000000000004,0.0,1,0,0
2024-01-12 01:45:00,1.0,20.0,0.044948486400096924,19.887355445897917,13.804097354812264,0.34,61.03477760755199,60.0,0.0,0.07806955521510399,0.8000000000000004,0.0,1,0,0
2024-01-12 02:00:00,1.0,20.0,0.07113586712700469,19.810594609020036,13.799681067005306,0.096667,60.93253737598197,60.0,0.12837066666666666,0.07786507475196396,0.8000000000000004,0.0,1,0,0
2024-01-12 02:15:00,1.0,20.0,0.08217938649776067,19.734575901929865,13.793817786943341,0.096667,60.5087882456145,60.0,0.385112,0.077017576491229,0.8000000000000004,0.0,1,0,0
2024-01-12 02:30:00,1.0,20.0,0.09181337604840994,19.659353259522494,13.787216641778906,0.096667,60.233155813345114,60.0,0.0,0.07646631162669024,0.8000000000000004,0.0,1,0,0
2024-01-12 02:45:00,1.0,20.0,0.10117717417291837,19.584909788577356,13.779898297147671,0.096667,59.86604561184673,60.0,0.385112,0.07573209122369347,0.8000000000000004,0.0,1,0,0
2024-01-12 03:00:00,1.0,20.0,0.09900443034152527,19.576856881296653,13.772139576357544,0.181667,59.77143842632968,60.0,0.7702240000000001,0.07554287685265937,0.8000000000000004,0.0,1,0,0
2024-01-12 03:15:00,1.0,20.0,-0.01714472441419246,20.378606205399016,13.768878697025546,0.181667,61.253668104629156,60.0,0.0,0.07850733620925832,0.8000000000000004,0.0,1,0,0
2024-01-12 03:30:00,1.0,20.0,-0.03127861938621722,20.432482549334416,13.771426184843373,0.181667,61.169356406480595,60.0,0.0,0.07833871281296119,0.8000000000000004,0.0,1,0,0
2024-01-12 03:45:00,1.0,20.0,-0.018623332215234715,20.34918574674476,13.773277892882568,0.181667,61.085225798731685,60.0,0.0,0.07817045159746337,0.8000000000000004,0.0,1,0,0
2024-01-12 04:00:00,2.0,16.333333333333332,-0.013749623916841248,20.26688111209948,13.774468723335358,0.296667,60.56896028046831,60.0,1.668818666666667,0.07713792056093662,0.8000000000000004,0.0,1,0,0
2024-01-12 04:15:00,2.0,16.0,-0.002193179497009017,20.185555852932975,13.7750588557693,0.296667,58.82730941053642,60.0,2.3106720000000007,0.07365461882107287,0.8000000000000004,0.0,1,0,0
2024-01-12 04:30:00,2.0,15.0,0.009567014431236179,20.105155699966012,13.77474852027578,0.296667,60.36466558009925,60.0,1.7971893333333335,0.0767293311601985,0.8000000000000004,0.0,1,0,0
2024-01-12 04:45:00,2.0,15.0,0.021004111572101428,20.025660561293705,13.773562428397991,0.296667,59.206873349207235,60.0,0.0,0.07441374669841447,0.8000000000000004,0.0,1,0,0
2024-01-12 05:00:00,2.0,15.0,0.05023074777813084,19.94697467286478,13.770839009293102,0.016667,58.977185503031855,60.0,1.9255600000000002,0.07395437100606371,0.8000000000000004,0.0,1,0,0
2024-01-12 05:15:00,1.0,19.333333333333332,0.06205848746440786,19.86905906157348,13.766518003330392,0.016667,60.76097976414317,60.0,0.7702240000000001,0.07752195952828635,0.8000000000000004,0.0,1,0,0
2024-01-12 05:30:00,1.0,18.0,0.07229055963365184,19.791977457073756,13.76141338496625,0.016667,60.36492422822042,60.0,0.0,0.07672984845644085,0.8000000000000004,0.0,1,0,0
2024-01-12 05:45:00,2.0,19.666666666666668,0.08223732156445669,19.715712047719798,13.755546976061497,0.016667,60.28252143461652,60.0,0.0,0.07656504286923303,0.8000000000000004,0.0,1,0,0
2024-01-12 06:00:00,1.0,16.333333333333332,0.05472700508037695,19.640401864314317,13.750348106482566,0.591667,60.20029563133725,60.0,0.0,0.0764005912626745,0.8000000000000004,0.0,1,0,0
2024-01-12 06:15:00,1.0,20.0,0.06204480686321688,19.566070721865408,13.746009493992254,0.591667,59.897493906222074,60.0,0.7702240000000001,0.07579498781244415,0.8000000000000004,0.0,1,0,0
2024-01-12 06:30:00,1.0,20.0,0.044866853122573,19.728470998955718,13.74133371830603,0.591667,59.20967787671102,60.0,0.0,0.07441935575342205,0.8000000000000004,0.0,1,0,0
2024-01-12 06:45:00,1.0,20.0,-0.06943385994999729,20.475185191084854,13.743067684081556,0.591667,59.15542571315155,60.0,1.0269653333333335,0.0743108514263031,0.8000000000000004,0.0,1,0,0
2024-01-12 07:00:00,1.0,20.0,-0.06401804606206696,20.41085089150979,13.748274494379139,0.626667,60.254163520942,60.0,0.7702240000000001,0.076508327041884,0.8000000000000004,0.0,1,0,0
2024-01-12 07:15:00,1.0,20.0,-0.05102972960253856,20.327820233566275,13.752592885234293,0.626667,60.975481838589744,60.0,0.0,0.07795096367717949,0.8000000000000004,0.0,1,0,0
2024-01-12 07:30:00,1.0,20.0,-0.03823580458368584,20.24577386332398,13.75593177142675,0.626667,60.891767647823904,60.0,0.0,0.0777835352956478,0.8000000000000004,0.0,1,0,0
2024-01-12 07:45:00,1.0,20.0,-0.025790185430145093,20.164690174102635,13.758317792300863,0.626667,60.80823326409072,60.0,0.0,0.07761646652818142,0.8000000000000004,0.0,1,0,0
2024-01-12 08:00:00,1.0,20.0,0.023548657520182707,20.085666793748818,13.758364780294533,0.048333,60.540937630508346,60.0,0.6418533333333334,0.0770818752610167,0.8000000000000004,0.0,1,0,0
2024-01-12 08:15:00,1.0,20.0,0.03702393461884904,20.008804559176426,13.755944922698026,0.048333,59.9527893319001,60.0,0.0,0.0759055786638002,0.8000000000000004,0.0,1,0,0
2024-01-12 08:30:00,1.0,20.0,0.04750801199834439,19.93278478419644,13.752722216036348,0.048333,59.8712717496574,60.0,0.0,0.07574254349931482,0.8000000000000004,0.0,1,0,0
2024-01-12 08:45:00,1.0,20.0,0.05770149498386825,19.857589355719767,13.748718886179278,0.048333,59.652001759328826,60.0,0.2567413333333333,0.07530400351865765,0.8000000000000004,0.0,1,0,0
2024-01-12 09:00:00,1.0,20.0,0.01563366218525015,19.782847565039408,13.745926049984595,0.853333,59.45977627476558,60.0,1.5404480000000003,0.07491955254953117,0.8000000000000004,0.0,1,0,0
2024-01-12 09:15:00,1.0,20.0,0.02253160673450782,19.70852644708231,13.744596706061817,0.853333,60.65303668560807,60.0,1.4120773333333334,0.07730607337121614,0.8000000000000004,0.0,1,0,0
2024-01-12 09:30:00,1.0,20.0,0.03288312560989014,19.635030754894505,13.742474697333723,0.853333,59.64175327597365,60.0,0.7702240000000001,0.0752835065519473,0.8000000000000004,0.0,1,0,0
2024-01-12 09:45:00,1.0,20.0,0.04294864440246715,19.56234267686173,13.739581898199438,0.853333,61.09480340505694,60.0,0.12837066666666666,0.07818960681011387,0.8000000000000004,0.0,1,0,0
2024-01-12 10:00:00,1.0,20.0,-0.027551875312638634,19.784941438806996,13.738253468971216,1.561667,60.93531431494829,60.0,0.12837066666666666,0.0778706286298966,0.8000000000000004,0.0,1,0,0
2024-01-12 10:15:00,1.0,20.0,-0.1391272757479711,20.48599416293801,13.745689597131141,1.561667,60.83332197119169,60.0,0.0,0.07766664394238337,0.8000000000000004,0.0,1,0,0
2024-01-12 10:30:00,1.0,20.0,-0.12760214736968087,20.409478275797678,13.755835157698352,1.561667,60.14314809882373,60.0,0.7702240000000001,0.07628629619764744,0.8000000000000004,0.0,1,0,0
2024-01-12 10:45:00,1.0,20.0,-0.11356487970482186,20.327439272416477,13.764911059153645,1.561667,59.74690470070671,60.0,0.7702240000000001,0.07549380940141341,0.8000000000000004,0.0,1,0,0
2024-01-12 11:00:00,1.0,20.0,-0.1141259646170401,20.246451862569334,13.77347993487363,1.781667,60.937378588088116,60.0,0.0,0.07787475717617624,0.8000000000000004,0.0,1,0,0
2024-01-12 11:15:00,1.0,20.0,-0.10161995890209125,20.166504773859682,13.781635229224543,1.781667,60.99680747481928,60.0,0.0,0.07799361494963855,0.8000000000000004,0.0,1,0,0
2024-01-12 11:30:00,1.0,20.0,-0.08845444571359516,20.087548213179264,13.788782686335301,1.781667,60.9130474794015,60.0,0.0,0.07782609495880301,0.8000000000000004,0.0,1,0,0
2024-01-12 11:45:00,1.0,20.0,-0.07564413275392036,20.009560200020278,13.794949472569044,1.781667,60.82946738939873,60.0,0.0,0.07765893477879747,0.8000000000000004,0.0,1,0,0
2024-01-12 12:00:00,1.0,20.0,-0.05856871266798262,19.932677414751048,13.799987144171467,1.71,60.746066818397885,60.0,0.0,0.07749213363679576,0.8000000000000004,0.0,1,0,0
2024-01-12 12:15:00,1.0,20.0,-0.04623760445796478,19.856896466250678,13.803902850231923,1.71,60.66284538081582,60.0,0.0,0.07732569076163162,0.8000000000000004,0.0,1,0,0
2024-01-12 12:30:00,1.0,20.0,-0.03456619283387085,19.782013589307684,13.806924990664406,1.71,60.5798026918976,60.0,0.0,0.0771596053837952,0.8000000000000004,0.0,1,0,0
2024-01-12 12:45:00,1.0,20.0,-0.023212548073506027,19.708009071341863,13.809077869112285,1.71,60.496938367714684,60.0,0.0,0.07699387673542937,0.8000000000000004,0.0,1,0,0
2024-01-12 13:00:00,1.0,20.0,-0.02546469558141295,19.635242117030984,13.810888214702889,1.915,60.41425202516317,60.0,0.0,0.07682850405032635,0.8000000000000004,0.0,1,0,0
2024-01-12 13:15:00,1.0,20.0,-0.015563313055856285,19.563749569426722,13.812445459607543,1.915,60.33174328196201,60.0,0.0,0.07666348656392404,0.8000000000000004,0.0,1,0,0
2024-01-12 13:30:00,1.0,20.0,-0.031898491350284976,19.72901949232314,13.813601194091722,1.915,60.24941175665124,60.0,0.0,0.07649882351330248,0.8000000000000004,0.0,1,0,0
2024-01-12 13:45:00,3.0,19.833333333333332,-0.1453745018114779,20.47863334151948,13.821103704647195,1.915,60.167257068590224,60.0,0.0,0.07633451413718045,0.8000000000000004,0.0,1,0,0
2024-01-12 14:00:00,3.0,19.5,-0.13498261048421067,20.417476953710267,13.831859124691565,1.885,60.08527883795589,60.0,0.0,0.07617055767591177,0.8000000000000004,0.0,1,0,0
2024-01-12 14:15:00,1.0,19.666666666666668,-0.12105121916300154,20.337930840223212,13.841492215460642,1.885,60.00347668574096,60.0,0.0,0.07600695337148193,0.8000000000000004,0.0,1,0,0
2024-01-12 14:30:00,1.0,20.0,-0.10763003852772314,20.259386545831706,13.850097938644053,1.885,59.92185023375224,60.0,0.0,0.07584370046750448,0.8000000000000004,0.0,1,0,0
2024-01-12 14:45:00,1.0,20.0,-0.09456981055615533,20.181821753374646,13.857703900461178,1.885,59.84039910460883,60.0,0.0,0.07568079820921764,0.8000000000000004,0.0,1,0,1
2024-01-12 15:00:00,1.0,20.0,-0.0826254629385262,20.105293548120425,13.864365827913957,1.896667,59.694342061145385,60.0,1.0269653333333335,0.07538868412229079,0.0,0.0,0,0,0
2024-01-12 15:15:00,1.0,20.0,-0.07032565763736356,20.029791154010525,13.870114628101609,1.896667,61.05727221002926,60.0,0.0,0.07811454442005852,0.0,0.0,0,0,0
2024-01-12 15:30:00,1.0,20.0,-0.05830580274452547,19.955203309385265,13.874943239534993,1.896667,60.914471061853405,60.0,0.12837066666666666,0.0778289421237068,0.7709722222222226,0.7419444444444445,1,1,0
2024-01-12 15:45:00,1.0,20.0,-0.04661171166497938,19.881509830476865,13.878876577355607,1.896667,60.55502630109543,60.0,0.8985946666666668,0.07711005260219086,0.8000000000000007,0.0,1,0,0
2024-01-12 16:00:00,1.0,20.0,-0.04340936452822931,19.807749561476978,13.882250070093246,2.025,59.727936354359834,60.0,0.0,0.07545587270871966,0.8000000000000007,0.0,1,0,0
2024-01-12 16:15:00,1.0,20.0,-0.03250714102184953,19.733788129037595,13.885110599502394,2.025,59.435461214327276,60.0,0.2567413333333333,0.07487092242865455,0.8000000000000007,0.0,1,0,0
2024-01-12 16:30:00,1.0,20.0,-0.021319560473618448,19.660692915178863,13.887114577519233,2.025,59.40652975306138,60.0,2.053930666666667,0.07481305950612276,0.8000000000000007,0.0,1,0,0
2024-01-12 16:45:00,1.0,20.0,-0.010437349032820831,19.588444963457203,13.888285359641594,2.025,61.300377796201,60.0,0.0,0.078600755592402,0.8000000000000007,0.0,1,0,0
2024-01-12 17:00:00,1.0,20.0,-0.013519720875874084,19.556443945578835,13.889073269633146,2.191667,60.60914145614064,60.0,0.8985946666666668,0.07721828291228129,0.8000000000000007,0.0,1,0,0
2024-01-12 17:15:00,1.0,20.0,-0.12391603586173515,20.341520682696355,13.893873482985382,2.191667,60.122020245768304,60.0,0.12837066666666666,0.0762440404915366,0.8000000000000007,0.0,1,0,0
2024-01-12 17:30:00,1.0,20.0,-0.14431888886637803,20.443920172753625,13.904880723272052,2.191667,59.61718302714957,60.0,0.7702240000000001,0.07523436605429915,0.8000000000000007,0.0,1,0,0
2024-01-12 17:45:00,1.0,20.0,-0.13018949465340912,20.363112388914274,13.915216347963357,2.191667,59.04029787776138,60.0,0.0,0.07408059575552277,0.8000000000000007,0.0,1,0,0
2024-01-12 18:00:00,1.0,20.0,-0.0941316291771059,20.283234354854123,13.923654576861013,1.846667,60.543449788958476,60.0,0.12837066666666666,0.07708689957791696,0.8000000000000007,0.0,1,0,0
2024-01-12 18:15:00,1.0,20.0,-0.07950272780145774,20.204238777034828,13.93012047516727,1.846667,60.148374274736966,60.0,2.3106720000000007,0.07629674854947394,0.8000000000000007,0.0,1,0,0
2024-01-12 18:30:00,1.0,20.0,-0.06683120416870524,20.126204890829854,13.93561630844381,1.846667,60.949890670356254,60.0,0.0,0.07789978134071252,0.8000000000000007,0.0,1,0,0
2024-01-12 18:45:00,3.0,19.966666666666665,-0.054502754029033366,20.049111445902614,13.94016831568422,1.846667,60.387600183218254,60.0,1.5404480000000003,0.07677520036643651,0.8000000000000007,0.0,1,0,0
2024-01-12 19:00:00,3.0,19.5,-0.05500950213849214,19.972990302038536,13.944275510957564,2.04,59.25757423456182,60.0,0.12837066666666666,0.07451514846912363,0.8000000000000007,0.0,1,0,0
2024-01-12 19:15:00,3.0,19.5,-0.044040869039685064,19.897834945347128,13.948020659220834,2.04,59.29679005874436,60.0,0.385112,0.0745935801174887,0.8000000000000007,0.0,1,0,0
2024-01-12 19:30:00,1.0,19.833333333333332,-0.03249508919520365,19.823568766487824,13.95088185622805,2.04,61.0555362987075,60.0,0.2567413333333333,0.07811107259741501,0.8000000000000007,0.0,1,0,0
2024-01-12 19:45:00,1.0,20.0,-0.021263767222255463,19.750172256289712,13.952883152551863,2.04,60.802544441240336,60.0,0.0,0.07760508888248066,0.8000000000000007,0.0,1,0,0
2024-01-12 20:00:00,1.0,20.0,-0.01184770643566551,19.67763273035821,13.954105133408838,2.063333,60.71920169717866,60.0,0.0,0.07743840339435733,0.8000000000000007,0.0,1,0,0
2024-01-12 20:15:00,1.0,20.0,-0.001306230573318817,19.605933277770347,13.95457763700892,2.063333,60.63603796233115,60.0,0.0,0.07727207592466231,0.8000000000000007,0.0,1,0,0
2024-01-12 20:30:00,1.0,20.0,0.009051884317125367,19.53504892259321,13.954257027185928,2.063333,60.52545417089095,60.0,0.2567413333333333,0.07705090834178191,0.8000000000000007,0.0,1,0,0
2024-01-12 20:45:00,1.0,20.0,-0.06506539862131817,20.112700064837274,13.9553435691366,2.063333,60.075029474758665,60.0,0.2567413333333333,0.07615005894951733,0.8000000000000007,0.0,1,0,0
2024-01-12 21:00:00,1.0,20.0,-0.10994422839325033,20.465862249323965,13.963349303610416,1.818333,59.71758142894342,60.0,0.12837066666666666,0.07543516285788684,0.8000000000000007,0.0,1,0,0
2024-01-12 21:15:00,1.0,20.0,-0.09527478887469917,20.38521159734338,13.971025010886224,1.818333,59.517037576065185,60.0,0.2567413333333333,0.07503407515213037,0.8000000000000007,0.0,1,0,0
2024-01-12 21:30:00,1.0,20.0,-0.08211020577578905,20.3055542876193,13.977692937116188,1.818333,59.298451936289,60.0,0.5134826666666666,0.074596903872578,0.8000000000000007,0.0,1,0,0
2024-01-12 21:45:00,1.0,20.0,-0.06930121363325847,20.226868308451245,13.98338027858349,1.818333,61.06465988710085,60.0,0.0,0.07812931977420169,0.8000000000000007,0.0,1,0,0
2024-01-12 22:00:00,1.0,20.0,-0.032268473179372245,20.149028822962162,13.98718300855808,1.438333,60.92360128523521,60.0,0.12837066666666666,0.07784720257047041,0.8000000000000007,0.0,1,0,0
2024-01-12 22:15:00,1.0,20.0,-0.01876976137850658,20.071987943590607,13.989013321763357,1.438333,60.83081697139858,60.0,0.0,0.07766163394279717,0.8000000000000007,0.0,1,0,0
2024-01-12 22:30:00,1.0,20.0,-0.007359830974676667,19.995837044056277,13.989970025817675,1.438333,59.69925414949718,60.0,1.668818666666667,0.07539850829899436,0.8000000000000007,0.0,1,0,0
2024-01-12 22:45:00,1.0,20.0,0.003737717535984674,19.92055671684914,13.990077012658514,1.438333,60.58365857564031,60.0,0.12837066666666666,0.0771673171512806,0.8000000000000007,0.0,1,0,0
2024-01-12 23:00:00,1.0,20.0,0.02864792043156506,19.846068640044574,13.988822922365346,1.22,61.08578806013262,60.0,0.12837066666666666,0.07817157612026525,0.8000000000000007,0.0,1,0,0
2024-01-12 23:15:00,1.0,20.0,0.039933694794433414,19.772338864542085,13.986165160943385,1.22,60.937538409242194,60.0,0.0,0.07787507681848439,0.8000000000000007,0.0,1,0,0
2024-01-12 23:30:00,1.0,20.0,0.049919217784735535,19.69941361207434,13.982742717667977,1.22,60.8539057159546,60.0,0.0,0.0777078114319092,0.8000000000000007,0.0,1,0,0
2024-01-12 23:45:00,1.0,20.0,0.0596276587437696,19.627275606762982,13.978576784953285,1.22,60.6141370238017,60.0,0.2567413333333333,0.07722827404760339,0.8000000000000007,0.0,1,0,0
2024-01-13 00:00:00,1.0,20.0,0.08921806251372179,19.55582321725087,13.972924814694805,0.908333,59.6487106829203,60.0,1.155336,0.07529742136584061,0.8000000000000007,0.0,1,0,0
2024-01-13 00:15:00,1.0,20.0,0.0563519217733142,19.845296708991647,13.966512252161161,0.908333,59.858452495098206,60.0,1.668818666666667,0.07571690499019641,0.8000000000000007,0.0,1,0,0
2024-01-13 00:30:00,1.0,20.0,-0.04677216851294559,20.488441935258965,13.967343210100903,0.908333,59.36452419189648,60.0,0.0,0.07472904838379295,0.8000000000000007,0.0,1,0,0
2024-01-13 00:45:00,1.0,20.0,-0.0350916097240593,20.40704042035103,13.970439279875666,0.908333,59.28427012553165,60.0,0.0,0.07456854025106331,0.8000000000000007,0.0,1,0,0
2024-01-13 01:00:00,1.0,20.0,-0.005331748061876374,20.32651825794426,13.971932305174324,0.638333,60.289235155749026,60.0,0.5134826666666666,0.07657847031149806,0.8000000000000007,0.0,1,0,0
2024-01-13 01:15:00,1.0,20.0,0.007610890985969953,20.246835456944844,13.97176721574268,0.638333,59.90718970886474,60.0,2.3106720000000007,0.07581437941772948,0.8000000000000007,0.0,1,0,0
2024-01-13 01:30:00,1.0,20.0,0.018976123534304105,20.168051120805625,13.970731877199645,0.638333,60.66157758980989,60.0,0.0,0.07732315517961978,0.8000000000000007,0.0,1,0,0
2024-01-13 01:45:00,1.0,20.0,0.03002847198079387,20.090145782127653,13.968850220042425,0.638333,60.54989610279778,60.0,1.5404480000000003,0.07709979220559557,0.8000000000000007,0.0,1,0,0
2024-01-13 02:00:00,1.0,20.0,0.06480735149625087,20.01299935158549,13.965235440742124,0.266667,59.12091352156073,60.0,1.5404480000000003,0.07424182704312147,0.8000000000000007,0.0,1,0,1
2024-01-13 02:15:00,1.0,20.0,0.07660154955292464,19.936566950971358,13.959799120360781,0.266667,60.91978672549134,60.0,0.385112,0.07783957345098269,0.0,0.0,0,0,0
2024-01-13 02:30:00,1.0,20.0,0.0863851670818269,19.860939859819172,13.953613491130985,0.266667,60.547615586696615,60.0,0.0,0.07709523117339324,0.0,0.0,0,0,0
2024-01-13 02:45:00,1.0,20.0,0.09589484645919025,19.786100957947884,13.946699505219348,0.266667,60.46482039616745,60.0,0.0,0.0769296407923349,0.0,0.0,0,0,0
2024-01-13 03:00:00,2.0,19.333333333333332,0.13089355698783736,19.71192518998173,13.938102142916788,-0.13167,60.3822030387797,60.0,0.0,0.0767644060775594,0.0,0.0,0,0,0
2024-01-13 03:15:00,2.0,15.0,0.1413165660838103,19.638368018589695,13.92772217583858,-0.13167,60.29976313257126,60.0,0.0,0.07659952626514252,0.0,0.0,0,0,0
2024-01-13 03:30:00,2.0,15.0,0.14964163494010402,19.565530746921564,13.916704427158894,-0.13167,60.08882022762679,60.0,0.12837066666666666,0.07617764045525359,0.0,0.0,0,0,0
2024-01-13 03:45:00,2.0,15.0,0.15772860950873102,19.493398413731047,13.905067107947845,-0.13167,59.59869209313731,60.0,1.0269653333333335,0.07519738418627461,0.8000000000000003,0.7825833333333334,1,1,0
2024-01-13 04:00:00,2.0,15.0,0.18713628039445668,19.421865751602898,13.892011714158077,-0.465,60.72327209056994,60.0,0.385112,0.07744654418113989,0.8000000000000003,0.0,1,0,0
2024-01-13 04:15:00,1.0,19.666666666666668,0.12128354591670586,19.946541238365377,13.879215000575483,-0.465,60.82326755518505,60.0,0.0,0.0776465351103701,0.8000000000000003,0.0,1,0,0
2024-01-13 04:30:00,1.0,20.0,0.01952353874668514,20.547349297307665,13.875432459028108,-0.465,60.739880300609784,60.0,0.0,0.07747976060121957,0.8000000000000003,0.0,1,0,0
2024-01-13 04:45:00,1.0,20.0,0.03143588905388209,20.463485560400855,13.87347461211863,-0.465,60.39929488518223,60.0,0.385112,0.07679858977036445,0.8000000000000003,0.0,1,0,0
2024-01-13 05:00:00,1.0,20.0,0.04646780137992443,20.380533823734712,13.870499141652827,-0.51833,60.031877889651554,60.0,0.2567413333333333,0.0760637557793031,0.8000000000000003,0.0,1,0,0
2024-01-13 05:15:00,2.0,15.666666666666666,0.057923882609078665,20.29847034233536,13.866514606288076,-0.51833,59.72044741411277,60.0,0.12837066666666666,0.07544089482822554,0.8000000000000003,0.0,1,0,0
2024-01-13 05:30:00,2.0,15.0,0.0688206627764122,20.21729133134097,13.861695571897815,-0.51833,59.58431979056425,60.0,0.0,0.0751686395811285,0.8000000000000003,0.0,1,0,1
2024-01-13 05:45:00,1.0,18.333333333333332,0.07941413380393908,20.136977864195128,13.856065236937491,-0.51833,59.50359363226347,60.0,0.0,0.07500718726452694,0.0,0.0,0,0,0
2024-01-13 06:00:00,2.0,16.666666666666668,0.10555337846080241,20.057444833292568,13.84904626251747,-0.76333,59.42304086309598,60.0,0.0,0.07484608172619196,0.0,0.0,0,0,0
2024-01-13 06:15:00,2.0,15.0,0.11644902889126969,19.978656854391193,13.840587417804526,-0.76333,60.03713577616586,60.0,1.7971893333333333,0.07607427155233172,0.8000000000000002,0.7941944444444445,1,1,0
2024-01-13 06:30:00,2.0,15.0,0.12592941096269078,19.90066843867579,13.831402388515643,-0.76333,61.26865764682265,60.0,0.0,0.0785373152936453,0.8000000000000002,0.0,1,0,0
2024-01-13 06:45:00,2.0,15.0,0.13514157531061147,19.823462778451493,13.821511689524579,-0.76333,60.93606534270071,60.0,0.385112,0.07787213068540141,0.8000000000000002,0.0,1,0,0
2024-01-13 07:00:00,1.0,19.666666666666668,0.16972699798437263,19.74702264438323,13.80996429895896,-1.16,60.6870993505042,60.0,0.7702240000000001,0.0773741987010084,0.8000000000000002,0.0,1,0,0
2024-01-13 07:15:00,1.0,20.0,0.17982464945066792,19.67131754045205,13.796662735499376,-1.16,60.50117591394723,60.0,1.0269653333333335,0.07700235182789446,0.8000000000000002,0.0,1,0,0
2024-01-13 07:30:00,1.0,20.0,0.18783815412167745,19.596325324575766,13.782747155609066,-1.16,60.91317281524679,60.0,0.385112,0.07782634563049358,0.8000000000000002,0.0,1,0,0
2024-01-13 07:45:00,1.0,20.0,0.19465555722597808,19.54172277546277,13.768240166305922,-1.16,60.51714826100077,60.0,0.2567413333333333,0.07703429652200154,0.8000000000000002,0.0,1,0,0
2024-01-13 08:00:00,1.0,20.0,0.10337411359620094,20.294376559569148,13.75634429773188,-1.39333,60.18629394159971,60.0,0.12837066666666666,0.07637258788319941,0.8000000000000002,0.0,1,0,0
2024-01-13 08:15:00,1.0,20.0,0.07131554026501767,20.452355369907067,13.75073793454322,-1.39333,59.93884087806307,60.0,0.12837066666666666,0.07587768175612614,0.8000000000000002,0.0,1,0,0
2024-01-13 08:30:00,1.0,20.0,0.0815517176258018,20.374213977339803,13.744933501083631,-1.39333,59.818129739848295,60.0,1.0269653333333335,0.0756362594796966,0.8000000000000002,0.0,1,0,0
2024-01-13 08:45:00,1.0,20.0,0.09150186457893032,20.29689326092349,13.738366995967795,-1.39333,61.0963701624123,60.0,0.2567413333333333,0.0781927403248246,0.8000000000000002,0.0,1,0,0
2024-01-13 09:00:00,1.0,20.0,0.09814955378710905,20.222138803613177,13.731171454336243,-1.35,60.764271751950105,60.0,0.0,0.0775285435039002,0.8000000000000002,0.0,1,0,0
2024-01-13 09:15:00,1.0,20.0,0.10685508684631342,20.150159555405214,13.723407860252196,-1.35,60.681011212573566,60.0,0.0,0.07736202242514713,0.8000000000000002,0.0,1,0,0
2024-01-13 09:30:00,1.0,20.0,0.1155086169326584,20.07891039068844,13.714981416015904,-1.35,60.59792950584639,60.0,0.0,0.07719585901169278,0.8000000000000002,0.0,1,0,0
2024-01-13 09:45:00,1.0,20.0,0.12391728558467331,20.00837596478162,13.705910850077428,-1.35,60.29427371565093,60.0,0.7702240000000001,0.07658854743130188,0.8000000000000002,0.0,1,0,0
2024-01-13 10:00:00,1.0,20.0,0.10785348832441478,19.939389402424016,13.69713101579881,-0.97667,59.3574281898095,60.0,0.2567413333333333,0.07471485637961899,0.8000000000000002,0.0,1,0,0
2024-01-13 10:15:00,1.0,20.0,0.1142114803313961,19.87205758127862,13.688782981091219,-0.97667,59.24964338153871,60.0,0.0,0.07449928676307742,0.8000000000000002,0.0,1,0,0
2024-01-13 10:30:00,1.0,20.0,0.12207630454170074,19.80539708142081,13.679832469693388,-0.97667,59.16963606399187,60.0,0.0,0.07433927212798373,0.8000000000000002,0.0,1,0,0
2024-01-13 10:45:00,1.0,20.0,0.12971746305043677,19.73939386840024,13.67029658897427,-0.97667,59.09529106460851,60.0,0.12837066666666666,0.07419058212921702,0.8000000000000002,0.0,1,0,1
2024-01-13 11:00:00,1.0,20.0,0.047768022048862956,19.674687286245167,13.663576327154788,0.405,60.65293713429324,60.0,0.385112,0.07730587426858647,0.0,0.0,0,0,0
2024-01-13 11:15:00,1.0,20.0,0.04989630898612891,19.611397216888932,13.660105500921658,0.405,60.52352491130496,60.0,0.12837066666666666,0.07704704982260992,0.0,0.0,0,0,0
2024-01-13 11:30:00,1.0,20.0,0.058215997447604494,19.54878502130753,13.655997521500128,0.405,60.30291983994136,60.0,0.0,0.07660583967988273,0.0,0.0,0,0,0
2024-01-13 11:45:00,1.0,20.0,0.02313536611787205,19.847115024769778,13.65206865137846,0.405,60.045956998216994,60.0,0.2567413333333333,0.07609191399643399,0.0,0.0,0,0,0
2024-01-13 12:00:00,1.0,20.0,-0.2121928184709102,20.49951572027766,13.660419072720627,2.438333,59.86320928063559,60.0,0.12837066666666666,0.07572641856127117,0.0,0.0,0,0,0
2024-01-13 12:15:00,1.0,20.0,-0.20856016353288412,20.427903967732586,13.676675555455564,2.438333,59.60723039142603,60.0,0.12837066666666666,0.07521446078285206,0.0,0.0,0,0,0
2024-01-13 12:30:00,1.0,20.0,-0.1948711473674976,20.35727530373713,13.69188436972898,2.438333,59.32421844978418,60.0,0.2567413333333333,0.07464843689956836,0.8000000000000002,0.7854861111111111,1,1,0
2024-01-13 12:45:00,1.0,20.0,-0.1815447043324809,20.287607405402774,13.706073245204601,2.438333,60.04284860169289,60.0,0.12837066666666666,0.07608569720338579,0.8000000000000002,0.0,1,0,0
2024-01-13 13:00:00,1.0,20.0,-0.3313605461677921,20.219214446962802,13.725434981988071,4.956667,60.997790116384984,60.0,0.0,0.07799558023276996,0.8000000000000002,0.0,1,0,0
2024-01-13 13:15:00,1.0,20.0,-0.3277335559696538,20.152209313652616,13.750743730166818,4.956667,60.30726298814867,60.0,0.7702240000000001,0.07661452597629735,0.8000000000000002,0.0,1,0,0
2024-01-13 13:30:00,1.0,20.0,-0.3127861077010852,20.086232137484274,13.774908734409733,4.956667,59.63426263315354,60.0,1.668818666666667,0.07526852526630708,0.8000000000000002,0.0,1,0,0
2024-01-13 13:45:00,1.0,20.0,-0.29822800313426606,20.02125906008151,13.797959771212614,4.956667,60.995368790970495,60.0,0.0,0.077990737581941,0.8000000000000002,0.0,1,0,0
2024-01-13 14:00:00,1.0,20.0,-0.3991138696780105,19.956674898120884,13.824285362540818,6.738333,60.86562507057895,60.0,0.12837066666666666,0.07773125014115788,0.8000000000000002,0.0,1,0,0
2024-01-13 14:15:00,1.0,20.0,-0.3914192473129079,19.892446260899245,13.854429960648377,6.738333,59.952585246488866,60.0,2.6957840000000006,0.07590517049297772,0.8000000000000002,0.0,1,0,0
2024-01-13 14:30:00,1.0,20.0,-0.37584467570113417,19.829265985003545,13.883382947025165,6.738333,60.21318364887424,60.0,1.5404480000000003,0.07642636729774849,0.8000000000000002,0.0,1,0,0
2024-01-13 14:45:00,3.0,19.866666666666667,-0.36067250663098605,19.767109469068625,13.91117509659216,6.738333,60.5659104613268,60.0,0.8985946666666668,0.07713182092265361,0.8000000000000002,0.0,1,0,0
2024-01-13 15:00:00,1.0,19.666666666666668,-0.3629650647663999,19.70298380904912,13.938487859050742,7.008333000000001,59.8766982650451,60.0,0.12837066666666666,0.07575339653009021,0.8000000000000002,0.0,1,0,0
2024-01-13 15:15:00,1.0,20.0,-0.34861106679743414,19.63649753845116,13.96538393660481,7.008333000000001,59.721854806252324,60.0,0.0,0.07544370961250466,0.8000000000000002,0.0,1,0,0
2024-01-13 15:30:00,1.0,20.0,-0.3334016153539958,19.57105035685458,13.99111625817751,7.008333000000001,59.64083324089055,60.0,0.0,0.0752816664817811,0.8000000000000002,0.0,1,0,1
2024-01-13 15:45:00,1.0,20.0,-0.3282099440575509,19.60500026992655,14.015812060875756,7.008333000000001,59.49559756634428,60.0,0.2567413333333333,0.07499119513268857,0.0,0.0,0,0,0
2024-01-13 16:00:00,3.0,19.933333333333334,-0.3988287854000014,20.420635334024716,14.043338756374885,6.356667,59.17613081148807,60.0,0.8985946666666668,0.07435226162297615,0.0,0.0,0,0,0
2024-01-13 16:15:00,2.0,18.0,-0.3980475125935334,20.44157866213428,14.073887677734835,6.356667,60.16409753510115,60.0,0.0,0.0763281950702023,0.0,0.0,0,0,0
2024-01-13 16:30:00,1.0,19.333333333333332,-0.38042179315278385,20.365071483862316,14.103258590951066,6.356667,60.94069863651027,60.0,0.0,0.07788139727302054,0.7912916666666667,0.7883888888888889,1,1,0
2024-01-13 16:45:00,1.0,20.0,-0.36325441923531115,20.289743103170984,14.131315906194999,6.356667,60.71912375365887,60.0,0.2567413333333333,0.07743824750731773,0.8000000000000002,0.0,1,0,0
2024-01-13 17:00:00,3.0,19.666666666666668,-0.2745468590992479,20.2152632975377,14.155367476751122,5.243332999999999,60.47057365786675,60.0,0.2567413333333333,0.0769411473157335,0.8000000000000002,0.0,1,0,0
2024-01-13 17:15:00,1.0,19.866666666666667,-0.25423540299369185,20.14152642542158,14.175113636482395,5.243332999999999,60.13981937569985,60.0,0.0,0.0762796387513997,0.8000000000000002,0.0,1,0,0
2024-01-13 17:30:00,1.0,20.0,-0.23950314398410194,20.068834011003332,14.193732355221488,5.243332999999999,59.892396308085985,60.0,0.2567413333333333,0.07578479261617196,0.8000000000000002,0.0,1,0,0
2024-01-13 17:45:00,1.0,20.0,-0.22515913602917775,19.997162184026312,14.21125332631013,5.243332999999999,59.70078896275879,60.0,0.7702240000000001,0.07540157792551759,0.8000000000000002,0.0,1,0,0
2024-01-13 18:00:00,1.0,20.0,-0.14890550245814163,19.92622562250705,14.225346497104958,4.28,60.113815840718104,60.0,1.0269653333333335,0.07622763168143622,0.8000000000000002,0.0,1,0,0
2024-01-13 18:15:00,1.0,20.0,-0.13182491772692698,19.85593331605588,14.235751967947675,4.28,61.18766647925854,60.0,0.0,0.07837533295851709,0.8000000000000002,0.0,1,0,0
2024-01-13 18:30:00,1.0,20.0,-0.11956406768946384,19.786546551010463,14.245218942739111,4.28,61.10349654388998,60.0,0.12837066666666666,0.07820699308777998,0.8000000000000002,0.0,1,0,0
2024-01-13 18:45:00,1.0,20.0,-0.10763157063266636,19.71804504937719,14.253772534301659,4.28,59.00249585885516,60.0,3.337637333333334,0.07400499171771034,0.8000000000000002,0.0,1,0,0
2024-01-13 19:00:00,3.0,19.866666666666667,-0.08750574611469039,19.650373215949735,14.26111480145627,4.148333,60.246570020997666,60.0,0.7702240000000001,0.07649314004199533,0.8000000000000002,0.0,1,0,0
2024-01-13 19:15:00,1.0,19.966666666666665,-0.07572928102416537,19.583502421035988,14.267230234495592,4.148333,60.96216275674208,60.0,0.0,0.07792432551348419,0.8000000000000002,0.0,1,0,0
2024-01-13 19:30:00,1.0,20.0,-0.06775703313895604,19.55682541185663,14.272533523328217,4.148333,60.49224328776521,60.0,0.7702240000000001,0.07698448657553043,0.8000000000000002,0.0,1,0,0
2024-01-13 19:45:00,1.0,20.0,-0.17727580890566552,20.34716105475819,14.281370250970353,4.148333,59.77556298319129,60.0,0.2567413333333333,0.07555112596638258,0.8000000000000002,0.0,1,0,0
2024-01-13 20:00:00,1.0,20.0,-0.16007378203559242,20.45464548398549,14.294985971968755,3.568333,59.61177099662538,60.0,0.0,0.07522354199325076,0.8000000000000002,0.0,1,0,0
2024-01-13 20:15:00,1.0,20.0,-0.1437433048763751,20.378707650689403,14.306328517022612,3.568333,59.484991151293414,60.0,0.2567413333333333,0.07496998230258682,0.8000000000000002,0.0,1,0,0
2024-01-13 20:30:00,1.0,20.0,-0.13047625425418627,20.30374917249889,14.316655549885075,3.568333,59.147151133093764,60.0,0.2567413333333333,0.07429430226618754,0.8000000000000002,0.0,1,0,0
2024-01-13 20:45:00,1.0,20.0,-0.11756443110283403,20.229748112967098,14.325994238764801,3.568333,60.723132248048906,60.0,0.2567413333333333,0.0774462644960978,0.8000000000000002,0.0,1,0,0
2024-01-13 21:00:00,1.0,20.0,-0.08150618482421765,20.156584242963977,14.333481344181061,3.205,60.88341107425716,60.0,0.2567413333333333,0.07776682214851433,0.8000000000000002,0.0,1,0,0
2024-01-13 21:15:00,1.0,20.0,-0.06796424634500745,20.084210929603906,14.33903402030629,3.205,60.55175029423492,60.0,0.7702240000000001,0.07710350058846985,0.8000000000000002,0.0,1,0,0
2024-01-13 21:30:00,1.0,20.0,-0.056433612488616246,20.01271471462867,14.343703961536288,3.205,59.69697647634652,60.0,0.0,0.07539395295269304,0.8000000000000002,0.0,1,0,0
2024-01-13 21:45:00,1.0,20.0,-0.045215450643430376,19.942076238359583,14.347515066423073,3.205,59.606808346353795,60.0,0.12837066666666666,0.07521361669270758,0.8000000000000002,0.0,1,0,0
2024-01-13 22:00:00,2.0,16.333333333333332,0.03542203083201001,19.87198329487443,14.3478500194765,2.126667,59.62469833915536,60.0,0.7702240000000001,0.07524939667831072,0.8000000000000002,0.0,1,0,0
2024-01-13 22:15:00,1.0,17.666666666666668,0.049938690309958504,19.80234100762994,14.344409013328121,2.126667,60.747058379030214,60.0,0.2567413333333333,0.07749411675806044,0.8000000000000002,0.0,1,0,0
2024-01-13 22:30:00,2.0,15.333333333333334,0.059173505990231516,19.73344867885669,14.340260782983433,2.126667,60.19491030348942,60.0,0.7702240000000001,0.07638982060697884,0.8000000000000002,0.0,1,0,0
2024-01-13 22:45:00,2.0,15.0,0.06815121717477464,19.66529026426714,14.335424992962382,2.126667,59.72708145583871,60.0,0.0,0.0754541629116774,0.8000000000000002,0.0,1,0,0
2024-01-13 23:00:00,2.0,15.0,0.07299874331091578,19.59786643215652,14.330067741308607,2.186667,59.61845262017841,60.0,0.12837066666666666,0.07523690524035681,0.8000000000000002,0.0,1,0,0
2024-01-13 23:15:00,2.0,15.0,0.08126445807597073,19.531166166125676,14.324225662271408,2.186667,59.5360932304825,60.0,1.7971893333333335,0.07507218646096499,0.8000000000000002,0.0,1,0,0
2024-01-13 23:30:00,2.0,15.0,0.0895697510107599,19.465156914812656,14.3177474580408,2.186667,60.38948004408839,60.0,1.5404480000000003,0.07677896008817678,0.8000000000000002,0.0,1,0,0
2024-01-13 23:45:00,2.0,15.0,0.09764143309941756,19.399824061038636,14.310650996438483,2.186667,59.04392443207007,60.0,1.5404480000000003,0.07408784886414015,0.8000000000000002,0.0,1,0,0
2024-01-14 00:00:00,2.0,15.0,0.14859141815951413,19.334972001826973,14.301321165941557,1.52,60.68653272661766,60.0,1.5404480000000003,0.07737306545323533,0.8000000000000002,0.0,1,0,0
2024-01-14 00:15:00,2.0,15.0,0.15862457763475185,19.270539557067202,14.289575550714146,1.52,59.35892925682722,60.0,0.2567413333333333,0.07471785851365444,0.8000000000000002,0.0,1,0,0
2024-01-14 00:30:00,2.0,15.0,0.16535489460812808,19.20670930310349,14.277314222391583,1.52,59.25102126298507,60.0,0.0,0.07450204252597015,0.8000000000000002,0.0,1,0,0
2024-01-14 00:45:00,2.0,15.0,0.1718898151034648,19.1434689153847,14.264552126466187,1.52,61.056180434738955,60.0,0.0,0.07811236086947791,0.8000000000000002,0.0,1,0,0
2024-01-14 01:00:00,2.0,15.0,0.22640524125086683,19.080603718763587,14.24947948015024,0.775,60.99613417489854,60.0,0.0,0.07799226834979708,0.8000000000000002,0.0,1,0,0
2024-01-14 01:15:00,2.0,15.0,0.23525856693644467,19.018049158962427,14.231887659398371,0.775,60.912375625640145,60.0,0.0,0.07782475125128029,0.8000000000000002,0.0,1,0,0
2024-01-14 01:30:00,2.0,15.0,0.2404818401542024,18.95601298519589,14.213895337828202,0.775,60.82879697869057,60.0,0.7702240000000001,0.07765759395738114,0.8000000000000002,0.0,1,0,0
2024-01-14 01:45:00,2.0,15.0,0.24554611171721977,18.894485053166697,14.19551467776364,0.775,59.826246560549734,60.0,0.385112,0.07565249312109948,0.8000000000000002,0.0,1,0,0
2024-01-14 02:00:00,2.0,15.0,0.2495933104883049,18.83345909014572,14.17679018327759,0.788333,59.423397442741965,60.0,0.0,0.07484679488548393,0.8000000000000002,0.0,1,0,0
2024-01-14 02:15:00,2.0,15.0,0.2543033382597983,18.772926380719316,14.157737396146661,0.788333,59.27864461009796,60.0,0.12837066666666666,0.07455728922019593,0.8000000000000002,0.0,1,0,0
2024-01-14 02:30:00,2.0,15.0,0.258927875878958,18.712873574088103,14.138329908042548,0.788333,60.381014667886056,60.0,0.2567413333333333,0.07676202933577211,0.8000000000000002,0.0,1,0,0
2024-01-14 02:45:00,2.0,15.0,0.2634086192057428,18.65329145105613,14.118578718285304,0.788333,61.27277110519405,60.0,0.0,0.0785455422103881,0.8000000000000002,0.0,1,0,0
2024-01-14 03:00:00,2.0,15.0,0.31010087801066377,18.593992845689346,14.096890587250785,0.133333,60.967754140789225,60.0,0.385112,0.07793550828157844,0.8000000000000002,0.0,1,0,0
2024-01-14 03:15:00,2.0,15.0,0.31667390804113393,18.534922537361584,14.073080056547914,0.133333,60.29560711347512,60.0,1.7971893333333335,0.07659121422695024,0.8000000000000002,0.0,1,0,0
2024-01-14 03:30:00,2.0,15.0,0.32008140904319815,18.47626467406086,14.049007865192477,0.133333,60.3612269935171,60.0,1.7971893333333335,0.0767224539870342,0.8000000000000002,0.0,1,0,0
2024-01-14 03:45:00,2.0,15.0,0.3233744752304322,18.41801179479059,14.024682767342993,0.133333,60.86097018842907,60.0,0.12837066666666666,0.07772194037685815,0.8000000000000002,0.0,1,0,0
2024-01-14 04:00:00,2.0,15.0,0.3344228332371209,18.360123521808536,13.999815358771125,0.011667,60.6396403291483,60.0,0.12837066666666666,0.0772792806582966,0.8000000000000002,0.0,1,0,0
2024-01-14 04:15:00,2.0,16.0,0.32927720658288506,18.381274917317384,13.974469719959805,0.011667,60.51991336089849,60.0,0.0,0.07703982672179698,0.8000000000000002,0.0,1,0,0
2024-01-14 04:30:00,2.0,17.0,0.2408555232304221,18.970027213994562,13.95276051522627,0.011667,60.43717767109401,60.0,0.0,0.07687435534218802,0.8000000000000002,0.0,1,0,0
2024-01-14 04:45:00,2.0,15.0,0.21803627297607292,19.061247588634824,13.9361408541131,0.011667,60.14317917432313,60.0,0.2567413333333333,0.07628635834864626,0.8000000000000002,0.0,1,0,0
2024-01-14 05:00:00,1.0,15.666666666666666,0.21152969386803988,19.001723913876372,13.919892138575166,0.206667,59.68230516522744,60.0,1.5404480000000003,0.07536461033045487,0.8000000000000002,0.0,1,0,0
2024-01-14 05:15:00,2.0,15.333333333333334,0.17674036623616976,19.217016281305618,13.905248065708184,0.206667,60.59654037854541,60.0,2.053930666666667,0.07719308075709082,0.8000000000000002,0.0,1,0,0
2024-01-14 05:30:00,1.0,18.0,0.15406664326458316,19.391333215682785,13.89222296633385,0.206667,59.06612949890694,60.0,0.12837066666666666,0.07413225899781388,0.8000000000000002,0.0,1,0,0
2024-01-14 05:45:00,1.0,20.0,0.0008913406055426394,20.41798862993776,13.886782053869704,0.206667,60.11221816157838,60.0,0.2567413333333333,0.07622443632315676,0.8000000000000002,0.0,1,0,0
2024-01-14 06:00:00,1.0,20.0,0.0213666451031595,20.47254976048468,13.886656722368627,-0.335,60.72162481452428,60.0,0.2567413333333333,0.07744324962904856,0.8000000000000002,0.0,1,0,0
2024-01-14 06:15:00,2.0,17.0,0.035576794554635006,20.389728184075715,13.884378082668217,-0.335,60.252411720901094,60.0,0.2567413333333333,0.07650482344180218,0.8000000000000002,0.0,1,0,0
2024-01-14 06:30:00,1.0,19.0,0.046943387345019585,20.30781790597579,13.881229023493656,-0.335,60.050842971313905,60.0,0.0,0.0761016859426278,0.8000000000000002,0.0,1,0,0
2024-01-14 06:45:00,1.0,18.0,0.05799522386738878,20.2267993119736,13.877233618689916,-0.335,59.573680896954556,60.0,0.8985946666666668,0.07514736179390911,0.8000000000000002,0.0,1,0,0
2024-01-14 07:00:00,1.0,20.0,0.07012482740916519,20.146777908009238,13.872362689708588,-0.35667,60.55724521172446,60.0,0.2567413333333333,0.07711449042344891,0.8000000000000002,0.0,1,0,0
2024-01-14 07:15:00,1.0,20.0,0.08060900364369285,20.067750103789095,13.866634664852432,-0.35667,60.666714270306414,60.0,0.2567413333333333,0.07733342854061284,0.8000000000000002,0.0,1,0,0
2024-01-14 07:30:00,1.0,18.0,0.09070215462483645,19.98955380815592,13.86013362081343,-0.35667,60.3539347481369,60.0,0.0,0.0767078694962738,0.8000000000000002,0.0,1,0,0
2024-01-14 07:45:00,1.0,20.0,0.10051259669849014,19.912171351097978,13.85288118059848,-0.35667,60.21635555848574,60.0,0.7702240000000001,0.07643271111697149,0.8000000000000002,0.0,1,0,0
2024-01-14 08:00:00,1.0,20.0,0.10425018839601564,19.83883194643696,13.845112818246584,-0.27333,59.36230212422227,60.0,0.0,0.07472460424844453,0.8000000000000002,0.0,1,0,0
2024-01-14 08:15:00,1.0,20.0,0.11222596728643958,19.769934983523285,13.836924142736772,-0.27333,59.24526074189741,60.0,0.12837066666666666,0.07449052148379481,0.8000000000000002,0.0,1,0,0
2024-01-14 08:30:00,1.0,20.0,0.12034847235616637,19.701728730483744,13.82811326472204,-0.27333,59.02712971565545,60.0,0.7702240000000001,0.0740542594313109,0.8000000000000002,0.0,1,0,0
2024-01-14 08:45:00,1.0,20.0,0.12824035937345776,19.634198722638686,13.818697823299875,-0.27333,60.8782569495445,60.0,0.0,0.077756513899089,0.8000000000000002,0.0,1,0,0
2024-01-14 09:00:00,1.0,20.0,0.12284698325055957,19.569251891454318,13.809186655249963,-0.075,60.266675485211046,60.0,0.8985946666666668,0.07653335097042209,0.8000000000000002,0.0,1,0,0
2024-01-14 09:15:00,1.0,20.0,0.11938220469967141,19.605508363697783,13.799781891989877,-0.075,59.449211157466486,60.0,0.7702240000000001,0.07489842231493297,0.8000000000000002,0.0,1,0,0
2024-01-14 09:30:00,1.0,20.0,-0.0010884953920943944,20.424517558596786,13.795385214653207,-0.075,60.05746533393858,60.0,0.0,0.07611493066787717,0.8000000000000002,0.0,1,0,0
2024-01-14 09:45:00,1.0,20.0,-0.010432416209019683,20.45012248487389,13.79638916313041,-0.075,60.94798207083315,60.0,0.12837066666666666,0.0778959641416663,0.8000000000000002,0.0,1,0,1
2024-01-14 10:00:00,1.0,20.0,-0.07417167343777975,20.378866091943685,13.799562631045168,1.075,60.827592825219035,60.0,0.0,0.07765518565043808,0.0,0.0,0,0,0
2024-01-14 10:15:00,1.0,20.0,-0.06812201258116386,20.309551189398285,13.805111411040293,1.075,60.0271380053599,60.0,0.8985946666666668,0.07605427601071982,0.0,0.0,0,0,0
2024-01-14 10:30:00,1.0,20.0,-0.057029770258965155,20.241078790521566,13.809811023969726,1.075,59.493183322214854,60.0,1.5404480000000003,0.07498636664442972,0.0,0.0,0,0,0
2024-01-14 10:45:00,1.0,20.0,-0.04623793996808455,20.173430285849868,13.813684445995774,1.075,60.68363363734253,60.0,0.0,0.07736726727468506,0.8000000000000003,0.7796805555555556,1,1,0
2024-01-14 11:00:00,1.0,20.0,-0.17112829411300476,20.107444407477324,13.821881137735874,3.168333,61.101332415312406,60.0,0.0,0.07820266483062482,0.8000000000000003,0.0,1,0,0
2024-01-14 11:15:00,1.0,20.0,-0.1685742910819658,20.04328845238888,13.83505351179267,3.168333,60.9713610990415,60.0,0.12837066666666666,0.07794272219808301,0.8000000000000003,0.0,1,0,0
2024-01-14 11:30:00,1.0,20.0,-0.15660526710707218,19.979998334288236,13.847309821802037,3.168333,59.30671735571658,60.0,1.5404480000000003,0.07461343471143314,0.8000000000000003,0.0,1,0,0
2024-01-14 11:45:00,1.0,20.0,-0.1449541639402239,19.917554463905486,13.858674382490193,3.168333,60.12266609366519,60.0,0.385112,0.07624533218733037,0.8000000000000003,0.0,1,0,0
2024-01-14 12:00:00,1.0,20.0,-0.21303906627225855,19.856296790386743,13.872178916715091,4.396667,59.996729055818285,60.0,0.7702240000000001,0.07599345811163657,0.8000000000000003,0.0,1,0,0
2024-01-14 12:15:00,1.0,20.0,-0.2064504593501702,19.79629693850934,13.88821431292975,4.396667,59.547114413390126,60.0,1.5404480000000003,0.07509422882678025,0.8000000000000003,0.0,1,0,0
2024-01-14 12:30:00,1.0,20.0,-0.19446958728500527,19.73714662049046,13.903332827565924,4.396667,60.841859512189636,60.0,0.2567413333333333,0.07768371902437927,0.8000000000000003,0.0,1,0,0
2024-01-14 12:45:00,1.0,20.0,-0.18280447671626593,19.67882642249562,13.917558609984203,4.396667,60.923396376792454,60.0,0.2567413333333333,0.07784679275358491,0.8000000000000003,0.0,1,0,0
2024-01-14 13:00:00,1.0,20.0,-0.3257265789686867,19.621649808345982,13.936758645258477,6.783333,60.57327080987295,60.0,0.0,0.0771465416197459,0.8000000000000003,0.0,1,0,0
2024-01-14 13:15:00,1.0,20.0,-0.3232044713072863,19.565727203113973,13.961664801277893,6.783333,60.490420515310504,60.0,0.0,0.07698084103062101,0.8000000000000003,0.0,1,0,0
2024-01-14 13:30:00,1.0,20.0,-0.315705005311166,19.57630779004177,13.98560366907035,6.783333,60.4077481722457,60.0,0.0,0.0768154963444914,0.8000000000000003,0.0,1,0,0
2024-01-14 13:45:00,1.0,20.0,-0.42745748142725576,20.39679226398871,14.013494690653989,6.783333,60.325253398462195,60.0,0.0,0.0766505067969244,0.8000000000000003,0.0,1,0,0
2024-01-14 14:00:00,1.0,20.0,-0.4959536679955322,20.46876077314442,14.049103871928509,7.686667,60.068242587201844,60.0,0.2567413333333333,0.07613648517440369,0.8000000000000003,0.0,1,0,0
2024-01-14 14:15:00,1.0,20.0,-0.4824180202840532,20.40284400457863,14.086187708606102,7.686667,59.75676693434301,60.0,0.12837066666666666,0.07551353386868603,0.8000000000000003,0.0,1,0,0
2024-01-14 14:30:00,1.0,20.0,-0.46513202071090365,20.33806896024049,14.1219491056719,7.686667,59.62049410122241,60.0,0.2567413333333333,0.07524098820244482,0.8000000000000003,0.0,1,0,0
2024-01-14 14:45:00,1.0,20.0,-0.44828949376633187,20.274408583346652,14.156421978714384,7.686667,59.30996172188952,60.0,0.0,0.07461992344377905,0.8000000000000003,0.0,1,0,0
2024-01-14 15:00:00,1.0,20.0,-0.4268406168520313,20.208622542178308,14.189453681835893,7.615,59.22982484850879,60.0,0.0,0.07445964969701759,0.8000000000000003,0.0,1,0,0
2024-01-14 15:15:00,1.0,20.0,-0.40961296874577147,20.140273454100168,14.221005348572318,7.615,59.149860098555116,60.0,0.0,0.07429972019711024,0.8000000000000003,0.0,1,0,1
2024-01-14 15:30:00,1.0,20.0,-0.39315083209183366,20.073034342919012,14.25129748616856,7.615,59.45206697718661,60.0,0.2567413333333333,0.07490413395437322,0.0,0.0,0,0,0
2024-01-14 15:45:00,1.0,20.0,-0.37711429994306894,20.00687918403746,14.280362644008894,7.615,61.173760957857525,60.0,0.12837066666666666,0.07834752191571503,0.0,0.0,0,0,0
2024-01-14 16:00:00,1.0,20.0,-0.3024429964767019,19.939877704394394,14.305998855644116,6.705,60.99774608036488,60.0,0.0,0.07799549216072975,0.0,0.0,0,0,0
2024-01-14 16:15:00,1.0,20.0,-0.2834263416500244,19.871729692825497,14.327939117440822,6.705,60.70248952660369,60.0,0.5134826666666666,0.0774049790532074,0.8000000000000003,0.7825833333333334,1,1,0
2024-01-14 16:30:00,1.0,20.0,-0.26902891316133143,19.80458648756218,14.348777645187864,6.705,60.27940973193328,60.0,0.12837066666666666,0.07655881946386657,0.8000000000000003,0.0,1,0,0
2024-01-14 16:45:00,1.0,20.0,-0.2550086174256982,19.738424941533662,14.368543281695997,6.705,59.66402818311328,60.0,0.5134826666666666,0.07532805636622657,0.8000000000000003,0.0,1,0,0
2024-01-14 17:00:00,1.0,20.0,-0.15923907243049945,19.67287702119164,14.384154181257609,5.435,59.42698512864547,60.0,0.0,0.07485397025729094,0.8000000000000003,0.0,1,0,0
2024-01-14 17:15:00,1.0,20.0,-0.14135164673522518,19.607830662394367,14.395257914276211,5.435,59.573922982410046,60.0,0.7702240000000001,0.07514784596482009,0.8000000000000003,0.0,1,0,0
2024-01-14 17:30:00,1.0,20.0,-0.12969342369796,19.543638053401665,14.405469316694987,5.435,60.91642414720719,60.0,0.5134826666666666,0.07783284829441438,0.8000000000000003,0.0,1,0,0
2024-01-14 17:45:00,1.0,20.0,-0.17107519340682,19.91250537496639,14.41587639045299,5.435,60.66751350868686,60.0,0.0,0.07733502701737373,0.8000000000000003,0.0,1,0,0
2024-01-14 18:00:00,1.0,20.0,-0.17170517750561892,20.490050845682287,14.430140296484694,4.025,60.5752607932461,60.0,0.2567413333333333,0.07715052158649222,0.8000000000000003,0.0,1,0,0
2024-01-14 18:15:00,1.0,20.0,-0.15157805257608822,20.41543021198652,14.442072682191384,4.025,60.225882975610986,60.0,0.0,0.076451765951222,0.8000000000000003,0.0,1,0,0
2024-01-14 18:30:00,1.0,20.0,-0.13837451017960417,20.34178036685606,14.452994437053759,4.025,60.079406509959355,60.0,0.12837066666666666,0.07615881301991871,0.8000000000000003,0.0,1,0,0
2024-01-14 18:45:00,1.0,20.0,-0.12552393564717473,20.26907952288553,14.462932556413687,4.025,59.92412766061118,60.0,0.0,0.07584825532122236,0.8000000000000003,0.0,1,0,0
2024-01-14 19:00:00,1.0,20.0,-0.050190453498562014,20.197042121568654,14.469533947874636,3.053333,59.61286143435749,60.0,0.2567413333333333,0.075225722868715,0.8000000000000003,0.0,1,0,0
2024-01-14 19:15:00,1.0,20.0,-0.0345051801120905,20.125578540955157,14.472533652465861,3.053333,59.486160929019846,60.0,0.0,0.07497232185803968,0.8000000000000003,0.0,1,0,0
2024-01-14 19:30:00,3.0,19.733333333333334,-0.023645485888339517,20.054954448942212,14.474701916513585,3.053333,59.29529701550677,60.0,0.2567413333333333,0.07459059403101355,0.8000000000000003,0.0,1,0,0
2024-01-14 19:45:00,1.0,19.7,-0.013082017402138331,19.985151459908135,14.47606139618792,3.053333,59.62106933980319,60.0,0.12837066666666666,0.0752421386796064,0.8000000000000003,0.0,1,0,0
2024-01-14 20:00:00,1.0,20.0,0.042884988917200016,19.915959416015486,14.474903700215947,2.3466670000000005,60.868705267968615,60.0,0.12837066666666666,0.07773741053593723,0.8000000000000003,0.0,1,0,0
2024-01-14 20:15:00,1.0,20.0,0.05543399607265284,19.847310718110563,14.471039003005128,2.3466670000000005,60.74847180336037,60.0,0.2567413333333333,0.07749694360672073,0.8000000000000003,0.0,1,0,0
2024-01-14 20:30:00,1.0,20.0,0.06443691057073174,19.779396217402937,14.466484825164118,2.3466670000000005,60.398721951336974,60.0,0.0,0.07679744390267396,0.8000000000000003,0.0,1,0,0
2024-01-14 20:45:00,1.0,20.0,0.0731887340743457,19.712200237632334,14.461260371310614,2.3466670000000005,59.77113649212406,60.0,2.3106720000000007,0.07554227298424812,0.8000000000000003,0.0,1,0,0
2024-01-14 21:00:00,1.0,20.0,0.10464973099808321,19.645610920558163,14.454515041668092,1.991667,60.95157066903586,60.0,0.0,0.07790314133807173,0.8000000000000003,0.0,1,0,0
2024-01-14 21:15:00,1.0,20.0,0.11420212033894335,19.579588176204563,14.446160909256257,1.991667,58.882751771701955,60.0,4.878085333333334,0.07376550354340392,0.8000000000000003,0.0,1,0,0
2024-01-14 21:30:00,2.0,17.333333333333332,0.1218783635407553,19.514221898301592,14.437218739745107,1.991667,60.63368938939579,60.0,0.0,0.07726737877879157,0.8000000000000003,0.0,1,0,0
2024-01-14 21:45:00,2.0,15.0,0.1293361249924699,19.449498374813434,14.427705244017087,1.991667,61.218456057461346,60.0,0.0,0.07843691211492268,0.8000000000000003,0.0,1,0,0
2024-01-14 22:00:00,2.0,15.0,0.216542587733514,19.385067837765455,14.414608369833099,0.755,61.134219990142604,60.0,0.0,0.0782684399802852,0.8000000000000003,0.0,1,0,0
2024-01-14 22:15:00,2.0,19.0,0.14193547587990002,19.988249076047637,14.39976717755505,0.755,60.92148478200481,60.0,0.12837066666666666,0.07784296956400963,0.8000000000000003,0.0,1,0,0
2024-01-14 22:30:00,2.0,15.0,0.06470607287221676,20.425146965407098,14.393459491822087,0.755,60.8103063328191,60.0,0.12837066666666666,0.07762061266563822,0.8000000000000003,0.0,1,0,0
2024-01-14 22:45:00,2.0,15.0,0.0747687725634941,20.3489317630165,14.388161625534453,0.755,60.447825480635316,60.0,1.9255600000000002,0.07689565096127063,0.8000000000000003,0.0,1,0,0
2024-01-14 23:00:00,2.0,15.0,0.18606531166815002,20.273093837788164,14.378269982315294,-0.815,60.96282476936527,60.0,0.0,0.07792564953873055,0.8000000000000003,0.0,1,0,0
2024-01-14 23:15:00,2.0,15.0,0.20125182573895667,20.197504768366198,14.363335923927364,-0.815,60.74124188609936,60.0,0.2567413333333333,0.07748248377219873,0.8000000000000003,0.0,1,0,0
2024-01-14 23:30:00,2.0,15.0,0.2089029254006491,20.12260979872335,14.34781554757928,-0.815,60.52020344119819,60.0,0.0,0.07704040688239638,0.8000000000000003,0.0,1,0,0
2024-01-14 23:45:00,2.0,15.0,0.21633052327675847,20.04839481005872,14.33172594859503,-0.815,60.25940205673826,60.0,1.9255600000000002,0.07651880411347652,0.8000000000000003,0.0,1,0,1
