,Occupancy,T_set_HP,P_loss_HP,T_ref_HP,T_wall_HP,T_out_HP,SoC_ref_EV,SoC_arr_EV,EV_plugged,EV_arrival,EV_departure
2024-01-01 00:00:00,2.0,15.0,-0.46539534869994204,14.969889195739135,13.518072559546706,12.0,0.0,0.0,0,0,0
2024-01-01 00:15:00,2.0,15.0,-0.4367690417440355,14.90813509820826,13.553587885181502,12.0,0.0,0.0,0,0,0
2024-01-01 00:30:00,2.0,15.0,-0.3786590784352706,14.85039645828314,13.584465247478288,12.0,0.0,0.0,0,0,0
2024-01-01 00:45:00,2.0,15.0,-0.32602956470960825,14.796317361159726,13.61114158769993,12.0,0.0,0.0,0,0,0
2024-01-01 01:00:00,2.0,15.0,-0.27837584138366794,14.745574491505673,13.634013615632009,12.0,0.0,0.0,0,0,0
2024-01-01 01:15:00,2.0,15.0,-0.2352396266170221,14.697874138990127,13.653441506760581,12.0,0.0,0.0,0,0,0
2024-01-01 01:30:00,2.0,15.0,-0.1962047546438159,14.652949478942343,13.669752259744017,12.0,0.0,0.0,0,0,0
2024-01-01 01:45:00,2.0,15.0,-0.1608933060348116,14.610558102860022,13.683242745391563,12.0,0.0,0.0,0,0,0
2024-01-01 02:00:00,2.0,15.0,0.07305911724143227,14.570120327158843,13.686422041159496,11.0,0.0,0.0,0,0,0
2024-01-01 02:15:00,2.0,15.0,0.10463533746841654,14.530965084935469,13.679033361268015,11.0,0.0,0.0,0,0,0
2024-01-01 02:30:00,2.0,15.0,0.018702908710461926,14.714751537217884,13.67215794432996,11.0,0.0,0.0,0,0,0
2024-01-01 02:45:00,2.0,15.0,-0.41278382485608245,15.470142721305582,13.689388705081042,11.0,0.0,0.0,0,0,0
2024-01-01 03:00:00,2.0,15.0,-0.40119515686264745,15.46546831940883,13.721973008129819,11.0,0.0,0.0,0,0,0
2024-01-01 03:15:00,2.0,15.0,-0.3355499684272021,15.390508468914275,13.749828890356671,11.0,0.0,0.0,0,0,0
2024-01-01 03:30:00,2.0,15.0,-0.2761624485381691,15.319801645668838,13.772941744708207,11.0,0.0,0.0,0,0,0
2024-01-01 03:45:00,2.0,15.0,-0.22245585952997143,15.252977772498648,13.791764519985158,11.0,0.0,0.0,0,0,0
2024-01-01 04:00:00,1.0,15.466666666666667,-0.17390646896623335,15.194663179856525,13.80670841280358,11.0,0.0,0.0,0,0,0
2024-01-01 04:15:00,2.0,15.233333333333333,-0.3076061762413689,15.465644046767212,13.824617078969615,11.0,0.0,0.0,0,0,0
2024-01-01 04:30:00,1.0,16.866666666666667,-0.33544701526700443,15.561680703910339,13.848425936027205,11.0,0.7039444444444445,0.6485277777777778,1,1,0
2024-01-01 04:45:00,1.0,18.5,-0.791341962877992,16.448141046828255,13.890382054802535,11.0,0.7593611111111112,0.0,1,0,0
2024-01-01 05:00:00,2.0,15.233333333333333,-0.8774240759113642,16.98689840669602,13.95858822674301,10.0,0.8,0.0,1,0,0
2024-01-01 05:15:00,1.0,16.866666666666667,-0.8062790322842979,17.000307564678007,14.020629435999046,10.0,0.8,0.0,1,0,0
2024-01-01 05:30:00,1.0,17.8,-1.1375752797354564,17.700585887029312,14.094516237226633,10.0,0.8,0.0,1,0,0
2024-01-01 05:45:00,2.0,15.233333333333333,-1.3244391905331725,18.108551941218327,14.191477857155236,10.0,0.8,0.0,1,0,0
2024-01-01 06:00:00,2.0,15.0,-1.1609209062120298,17.946620590053953,14.285919545291035,10.0,0.8,0.0,1,0,0
2024-01-01 06:15:00,1.0,15.466666666666667,-1.004983209329665,17.79546529664923,14.367929548715983,10.0,0.8,0.0,1,0,0
2024-01-01 06:30:00,1.0,18.5,-1.1948023966149237,18.30461684608823,14.44827099893924,10.0,0.8,0.0,1,0,0
2024-01-01 06:45:00,1.0,18.5,-1.5188644296140152,18.964175365864754,14.555525308347507,10.0,0.8,0.0,1,0,0
2024-01-01 07:00:00,1.0,18.5,-1.3639376520141808,18.82453238799063,14.666070996622102,10.0,0.8,0.0,1,0,0
2024-01-01 07:15:00,1.0,18.5,-1.1842383893324753,18.647382628113277,14.762567408154947,10.0,0.8,0.0,1,0,0
2024-01-01 07:30:00,1.0,18.5,-1.0214773271742077,18.481532515000968,14.846072185552629,10.0,0.8,0.0,1,0,0
2024-01-01 07:45:00,1.0,18.5,-0.8740947714207955,18.325982924740668,14.917811423458394,10.0,0.8,0.0,1,0,0
2024-01-01 08:00:00,1.0,18.5,-0.7409964025813167,18.180483360306646,14.978906540826056,10.0,0.8,0.0,1,0,0
2024-01-01 08:15:00,1.0,18.5,-0.6209965198014643,18.049228143971753,15.03040686846178,10.0,0.8,0.0,1,0,0
2024-01-01 08:30:00,1.0,18.5,-0.8434755980558074,18.576209523152407,15.082841473051381,10.0,0.8,0.0,1,0,0
2024-01-01 08:45:00,1.0,18.5,-1.0327514560278597,18.9346911941906,15.158985669436998,10.0,0.8,0.0,1,0,0
2024-01-01 09:00:00,1.0,18.5,-0.8824269838702199,18.775166430671753,15.231456684415162,10.0,0.8,0.0,1,0,0
2024-01-01 09:15:00,1.0,18.5,-0.7468622112466959,18.62606409123025,15.293089696491744,10.0,0.8,0.0,1,0,0
2024-01-01 09:30:00,1.0,18.5,-0.6241850384196646,18.48567489729911,15.344926507772469,10.0,0.8,0.0,1,0,0
2024-01-01 09:45:00,1.0,18.5,-0.5132042281717624,18.35323744989827,15.387899674759437,10.0,0.8,0.0,1,0,0
2024-01-01 10:00:00,1.0,18.5,-0.6161180886939166,18.23098082633752,15.430648342666462,11.0,0.8,0.0,1,0,0
2024-01-01 10:15:00,2.0,16.633333333333333,-0.5310104456133631,18.11896693239371,15.47459330320074,11.0,0.8,0.0,1,0,0
2024-01-01 10:30:00,1.0,16.166666666666668,-0.45758606890190706,18.06288566505401,15.511460034964587,11.0,0.8,0.0,1,0,0
2024-01-01 10:45:00,1.0,18.5,-0.8017450278592003,18.761471761839807,15.557321821032035,11.0,0.8,0.0,1,0,0
2024-01-01 11:00:00,1.0,18.5,-1.0936132620676349,18.952995184212487,15.633628892333723,12.0,0.8,0.0,1,0,0
2024-01-01 11:15:00,1.0,18.5,-0.9714145707406868,18.82510194221313,15.712422057857156,12.0,0.8,0.0,1,0,0
2024-01-01 11:30:00,1.0,18.5,-0.8472381063318217,18.705738131410627,15.781305321453598,12.0,0.8,0.0,1,0,0
2024-01-01 11:45:00,1.0,18.5,-0.7347454538946461,18.59414536687901,15.841210193364102,12.0,0.8,0.0,1,0,0
2024-01-01 12:00:00,1.0,18.5,-0.6323158685298903,18.488522390617366,15.892968493185158,12.0,0.8,0.0,1,0,0
2024-01-01 12:15:00,1.0,18.5,-0.5388024673680374,18.388148104917185,15.937282632309543,12.0,0.8,0.0,1,0,0
2024-01-01 12:30:00,1.0,18.5,-0.4541538150324049,18.2937543873312,15.9748379366773,12.0,0.8,0.0,1,0,0
2024-01-01 12:45:00,1.0,18.5,-0.3775588535639896,18.204817205400044,16.00627652589263,12.0,0.8,0.0,1,0,0
2024-01-01 13:00:00,1.0,18.5,-0.30832637305532057,18.120964433180507,16.032182657659316,12.0,0.8,0.0,1,0,0
2024-01-01 13:15:00,1.0,18.5,-0.24579832266986673,18.04177243741548,16.05309167898686,12.0,0.8,0.0,1,0,0
2024-01-01 13:30:00,1.0,18.5,-0.40594370270367985,18.413186735728473,16.074652927522113,12.0,0.8,0.0,1,0,0
2024-01-01 13:45:00,1.0,18.5,-0.7196498958967267,18.96690129214051,16.122027282674527,12.0,0.8,0.0,1,0,0
2024-01-01 14:00:00,1.0,18.5,-0.6218117671660969,18.858153541998355,16.17312442199647,12.0,0.8,0.0,1,0,0
2024-01-01 14:15:00,1.0,18.5,-0.5235120923442342,18.748101356877797,16.21644095398175,12.0,0.8,0.0,1,0,0
2024-01-01 14:30:00,1.0,18.5,-0.4345537069158917,18.644391781792066,16.252653342981997,12.0,0.8,0.0,1,0,0
2024-01-01 14:45:00,1.0,18.5,-0.35408988927818075,18.546471660951806,16.282438868715907,12.0,0.8,0.0,1,0,0
2024-01-01 15:00:00,1.0,18.5,-0.2801176981039309,18.45134884330652,16.306381194664972,12.0,0.8,0.0,1,0,0
2024-01-01 15:15:00,1.0,18.5,-0.2115454757146635,18.358353428436317,16.32489195624157,12.0,0.8,0.0,1,0,0
2024-01-01 15:30:00,1.0,18.5,-0.14959774805146128,18.269980924671692,16.338451345916358,12.0,0.8,0.0,1,0,0
2024-01-01 15:45:00,1.0,18.5,-0.09367580730350585,18.185837382075285,16.347539837569077,12.0,0.8,0.0,1,0,0
2024-01-01 16:00:00,1.0,18.5,0.15881546483682615,18.1051693816213,16.344832672914823,11.0,0.8,0.0,1,0,0
2024-01-01 16:15:00,1.0,18.5,0.20705789132289182,18.032140096938413,16.330222137467878,11.0,0.8,0.0,1,0,0
2024-01-01 16:30:00,1.0,18.5,-0.09405573104208065,18.60727040313511,16.322815356076596,11.0,0.8,0.0,1,0,0
2024-01-01 16:45:00,1.0,18.5,-0.31400355230445975,18.946415247898482,16.343128724919197,11.0,0.8,0.0,1,0,0
2024-01-01 17:00:00,1.0,18.5,-0.23218751886107877,18.833352852161227,16.36367384901502,11.0,0.8,0.0,1,0,0
2024-01-01 17:15:00,1.0,18.5,-0.15830492272198482,18.72583111537152,16.37831310602925,11.0,0.8,0.0,1,0,0
2024-01-01 17:30:00,1.0,18.5,-0.09162356236030934,18.623379038797864,16.387620699943234,11.0,0.8,0.0,1,0,0
2024-01-01 17:45:00,1.0,18.5,-0.0314785373888757,18.5255686003973,16.392117828275325,11.0,0.8,0.0,1,0,0
2024-01-01 18:00:00,1.0,18.5,0.022733935342289017,18.432010808421627,16.392277554319616,11.0,0.8,0.0,1,0,0
2024-01-01 18:15:00,1.0,18.5,0.07156213746326791,18.34235211760403,16.388529231702854,11.0,0.8,0.0,1,0,0
2024-01-01 18:30:00,1.0,18.5,0.11550394882189594,18.256271174611975,16.38126252239315,11.0,0.8,0.0,1,0,0
2024-01-01 18:45:00,1.0,18.5,0.1550114786504486,18.17347586251326,16.370831045514663,11.0,0.8,0.0,1,0,0
2024-01-01 19:00:00,1.0,18.5,0.19049527121429402,18.093700616781575,16.357555690890365,11.0,0.8,0.0,1,0,0
2024-01-01 19:15:00,1.0,18.5,0.21380110037128533,18.046422163360877,16.34178540575219,11.0,0.8,0.0,1,0,0
2024-01-01 19:30:00,1.0,18.5,-0.15225384369919315,18.717859845374992,16.33713512999963,11.0,0.8,0.0,1,0,0
2024-01-01 19:45:00,1.0,18.5,-0.2933762704393715,18.931800152180912,16.358333292593723,11.0,0.8,0.0,1,0,0
2024-01-01 20:00:00,1.0,18.5,-0.21346542284180453,18.81996492919544,16.37738552042747,11.0,0.8,0.0,1,0,0
2024-01-01 20:15:00,1.0,18.5,-0.14131288403106554,18.71355851997532,16.39066980335155,11.0,0.8,0.0,1,0,0
2024-01-01 20:30:00,1.0,18.5,-0.07620254408869356,18.612120195104858,16.398747666992893,11.0,0.8,0.0,1,0,0
2024-01-01 20:45:00,1.0,18.5,-0.017484115716891274,18.515231258357264,16.402128795462716,11.0,0.8,0.0,1,0,0
2024-01-01 21:00:00,1.0,18.5,0.23745412457306656,18.422151738338048,16.393515362224417,10.0,0.8,0.0,1,0,0
2024-01-01 21:15:00,1.0,18.5,0.28781958316748374,18.332064811711057,16.372825773143312,10.0,0.8,0.0,1,0,0
2024-01-01 21:30:00,1.0,18.5,0.31960239378680444,18.244883644114104,16.349584759700054,10.0,0.8,0.0,1,0,0
2024-01-01 21:45:00,1.0,18.5,0.3480075276613866,18.160383449905417,16.324061727525212,10.0,0.8,0.0,1,0,0
2024-01-01 22:00:00,1.0,18.5,0.3733489229717383,18.078359765476964,16.296501054184844,10.0,0.8,0.0,1,0,0
2024-01-01 22:15:00,1.0,18.5,0.3367708718992399,18.136781877920786,16.2679276982633,10.0,0.8,0.0,1,0,0
2024-01-01 22:30:00,1.0,18.5,-0.09436881490579799,18.875573628563107,16.25928494684248,10.0,0.8,0.0,1,0,0
2024-01-01 22:45:00,1.0,18.5,-0.12024910591238532,18.895446478913254,16.269969799501656,10.0,0.8,0.0,1,0,0
2024-01-01 23:00:00,1.0,18.5,-0.048900829893705276,18.78063702212307,16.276185258566255,10.0,0.8,0.0,1,0,0
2024-01-01 23:15:00,1.0,18.5,0.015418177009636262,18.67085744487673,16.27725504021458,10.0,0.8,0.0,1,0,0
2024-01-01 23:30:00,1.0,18.5,0.07335749304988057,18.565688953132774,16.273687872734676,10.0,0.8,0.0,1,0,0
2024-01-01 23:45:00,1.0,18.5,0.12550698329833598,18.46475089148512,16.265945459587122,10.0,0.8,0.0,1,0,0
2024-01-02 00:00:00,1.0,18.5,0.17240228638602112,18.36769724162031,16.2544468023145,10.0,0.8,0.0,1,0,0
2024-01-02 00:15:00,1.0,18.5,0.21452979711492062,18.274213442479116,16.239572126239853,10.0,0.8,0.0,1,0,0
2024-01-02 00:30:00,1.0,18.5,0.2523311912597807,18.184013502564323,16.22166644545049,10.0,0.8,0.0,1,0,0
2024-01-02 00:45:00,1.0,18.5,0.28620753462449283,18.096837377552028,16.201042800210107,10.0,0.8,0.0,1,0,0
2024-01-02 01:00:00,1.0,18.5,0.09748711552354257,18.062290846479797,16.185889825264365,11.0,0.8,0.0,1,0,0
2024-01-02 01:15:00,1.0,18.5,-0.295614694196049,18.760162339122253,16.192264859560517,11.0,0.8,0.0,1,0,0
2024-01-02 01:30:00,1.0,18.5,-0.39163748234727536,18.91323747649822,16.22225915255195,11.0,0.8,0.0,1,0,0
2024-01-02 01:45:00,1.0,18.5,-0.30325396534653737,18.79663397891839,16.24844791856325,11.0,0.8,0.0,1,0,0
2024-01-02 02:00:00,1.0,18.5,-0.021381658927079373,18.68558881895344,16.260494748556415,10.0,0.8,0.0,1,0,0
2024-01-02 02:15:00,1.0,18.5,0.05343781469447973,18.579124971339645,16.258515758262117,10.0,0.8,0.0,1,0,0
2024-01-02 02:30:00,1.0,18.5,0.10742250078415662,18.477010115456096,16.252215220036405,10.0,0.8,0.0,1,0,0
2024-01-02 02:45:00,1.0,18.5,0.15598434103279593,18.378887343010085,16.24202558080663,10.0,0.8,0.0,1,0,0
2024-01-02 03:00:00,1.0,18.5,0.19962522708821814,18.28443220351788,16.228339275880884,10.0,0.8,0.0,1,0,0
2024-01-02 03:15:00,1.0,18.5,0.23880090770179105,18.193349724680683,16.21151240744182,10.0,0.8,0.0,1,0,0
2024-01-02 03:30:00,1.0,18.5,0.27392522861150465,18.10537170651093,16.191868085039395,10.0,0.8,0.0,1,0,0
2024-01-02 03:45:00,1.0,18.5,0.2968469581900702,18.049972439524947,16.169757236772632,10.0,0.8,0.0,1,0,0
2024-01-02 04:00:00,2.0,15.466666666666667,0.10560652235851206,18.360046227120886,16.154786948533577,10.0,0.8,0.0,1,0,1
2024-01-02 04:15:00,2.0,15.0,0.13785025192082428,18.27714408355265,16.14595455594455,10.0,0.0,0.0,0,0,0
2024-01-02 04:30:00,2.0,16.4,0.18238250237057815,18.18301033638975,16.133613057571335,10.0,0.0,0.0,0,0,0
2024-01-02 04:45:00,1.0,18.266666666666666,0.2223737347990939,18.09229063509166,16.11806621426392,10.0,0.0,0.0,0,0,0
2024-01-02 05:00:00,2.0,17.333333333333332,0.2329185363457767,18.05894493893919,16.100001367456255,10.0,0.0,0.0,0,0,0
2024-01-02 05:15:00,2.0,15.0,0.2114619491393836,18.063728031538478,16.083828646003855,10.0,0.76675,0.7593611111111112,1,1,0
2024-01-02 05:30:00,2.0,15.0,0.24809259922229815,17.97594413355555,16.066205043985956,10.0,0.8,0.0,1,0,0
2024-01-02 05:45:00,2.0,15.0,0.28091717951137046,17.891095013351755,16.04594776198,10.0,0.8,0.0,1,0,0
2024-01-02 06:00:00,2.0,15.0,0.31028885559872893,17.808951328677367,16.023332196471202,10.0,0.8,0.0,1,0,0
2024-01-02 06:15:00,1.0,18.033333333333335,0.15278077204286172,18.112345454584457,16.002675573613153,10.0,0.8,0.0,1,0,0
2024-01-02 06:30:00,1.0,18.5,-0.3220417761141913,18.922018859579037,16.012142823196893,10.0,0.8,0.0,1,0,0
2024-01-02 06:45:00,1.0,18.5,-0.30645989453081746,18.896229244371845,16.038054737438745,10.0,0.8,0.0,1,0,1
2024-01-02 07:00:00,1.0,18.5,-0.42083073691973283,18.772303665264417,16.065544638097414,11.0,0.0,0.0,0,0,0
2024-01-02 07:15:00,1.0,18.5,-0.3444147477524025,18.655182883864168,16.09497030142343,11.0,0.0,0.0,0,0,0
2024-01-02 07:30:00,2.0,15.233333333333333,-0.26192855452006075,18.544133209404873,16.117804743539292,11.0,0.7963055555555556,0.7778333333333334,1,1,0
2024-01-02 07:45:00,1.0,18.033333333333335,-0.18742068706132126,18.438633667243327,16.134684113511003,11.0,0.8,0.0,1,0,0
2024-01-02 08:00:00,1.0,18.5,-0.12025883246873655,18.3384228593617,16.146188526736054,11.0,0.8,0.0,1,0,0
2024-01-02 08:15:00,1.0,18.5,-0.05980687338592249,18.243088760166145,16.152854624931358,11.0,0.8,0.0,1,0,0
2024-01-02 08:30:00,1.0,18.5,-0.005298474546265682,18.15199259102273,16.155160431702377,11.0,0.8,0.0,1,0,1
2024-01-02 08:45:00,1.0,18.5,0.04381658673703142,18.064780486970513,16.15353601797329,11.0,0.0,0.0,0,0,0
2024-01-02 09:00:00,1.0,18.5,-0.0378327428028771,18.251757180544864,16.150726654490118,11.0,0.0,0.0,0,0,0
2024-01-02 09:15:00,1.0,18.5,-0.43133590808559125,18.936395218997244,16.171477581177424,11.0,0.0,0.0,0,0,0
2024-01-02 09:30:00,1.0,18.5,-0.3788892401682789,18.86508500352314,16.203397584672377,11.0,0.0,0.0,0,0,0
2024-01-02 09:45:00,1.0,18.5,-0.2922288207704142,18.7502150215328,16.228686229628362,11.0,0.0,0.0,0,0,0
2024-01-02 10:00:00,1.0,18.5,-0.2147299000288093,18.64276978725935,16.24773818207433,11.0,0.0,0.0,0,0,0
2024-01-02 10:15:00,1.0,18.5,-0.14586727006211364,18.54239126167414,16.261254339153187,11.0,0.0,0.0,0,0,0
2024-01-02 10:30:00,1.0,18.5,-0.08372591500409159,18.446739463586425,16.26980179341186,11.0,0.0,0.0,0,0,0
2024-01-02 10:45:00,3.0,18.5,-0.027677066280772093,18.355415417966736,16.27386635245134,11.0,0.0,0.0,0,0,0
2024-01-02 11:00:00,3.0,18.5,0.023439088206598308,18.266838158261788,16.273873691280354,11.0,0.0,0.0,0,0,0
2024-01-02 11:15:00,3.0,18.5,0.07031987433386676,18.18057375301281,16.27015229518123,11.0,0.0,0.0,0,0,0
2024-01-02 11:30:00,1.0,18.5,0.1125141091673866,18.097746968163,16.263052394647428,11.0,0.0,0.0,0,0,0
2024-01-02 11:45:00,1.0,18.5,0.1419222326228602,18.047795388094876,16.25297141555683,11.0,0.0,0.0,0,0,0
2024-01-02 12:00:00,1.0,18.5,-0.4205326784955744,18.71711678726841,16.261326938748322,12.0,0.6928611111111111,0.6854722222222223,1,1,0
2024-01-02 12:15:00,1.0,18.5,-0.5591555849761064,18.929923893297893,16.30338027227491,12.0,0.7482777777777778,0.0,1,0,0
2024-01-02 12:30:00,1.0,18.5,-0.46341218600463596,18.817851788425646,16.342028122081885,12.0,0.8,0.0,1,0,0
2024-01-02 12:45:00,1.0,18.5,-0.37681434403623204,18.71201623796547,16.373759048122242,12.0,0.8,0.0,1,0,0
2024-01-02 13:00:00,1.0,18.5,-0.29841940778218384,18.61167284243493,16.399232480284756,12.0,0.8,0.0,1,0,0
2024-01-02 13:15:00,1.0,18.5,-0.2274307390613454,18.516312534951737,16.41903739960723,12.0,0.8,0.0,1,0,0
2024-01-02 13:30:00,1.0,18.5,-0.16330584615892188,18.42572622798148,16.433717166321202,12.0,0.8,0.0,1,0,0
2024-01-02 13:45:00,1.0,18.5,-0.10541241797852871,18.33950660939223,16.443768652538143,12.0,0.8,0.0,1,0,0
2024-01-02 14:00:00,2.0,18.266666666666666,-0.053306010917446564,18.257550431967935,16.44964621728714,12.0,0.8,0.0,1,0,0
2024-01-02 14:15:00,1.0,17.333333333333332,-0.006505078196143116,18.179544189938223,16.451774942368182,12.0,0.8,0.0,1,0,0
2024-01-02 14:30:00,1.0,18.5,0.03566520414446038,18.10487017868757,16.450529227545594,12.0,0.8,0.0,1,0,0
2024-01-02 14:45:00,1.0,18.5,0.07363424222236256,18.033252357504292,16.446244092966534,12.0,0.8,0.0,1,0,0
2024-01-02 15:00:00,1.0,18.5,-0.1441507420412204,18.47859234581188,16.44566585219828,12.0,0.8,0.0,1,0,0
2024-01-02 15:15:00,1.0,18.5,-0.44375002833114385,18.97004755207205,16.47288480848216,12.0,0.8,0.0,1,0,0
2024-01-02 15:30:00,1.0,18.5,-0.3599208022363289,18.86226019662434,16.503332132641855,12.0,0.8,0.0,1,0,0
2024-01-02 15:45:00,1.0,18.5,-0.2815474095174182,18.76019721788441,16.52751779057701,12.0,0.8,0.0,1,0,0
2024-01-02 16:00:00,1.0,18.5,-0.008689899823519106,18.6629655468982,16.538283383383828,11.0,0.8,0.0,1,0,0
2024-01-02 16:15:00,1.0,18.5,0.0580262281449179,18.569642667430607,16.535672041519735,11.0,0.8,0.0,1,0,0
2024-01-02 16:30:00,1.0,18.5,0.1047068146401425,18.480096284296323,16.52932352447759,11.0,0.8,0.0,1,0,0
2024-01-02 16:45:00,1.0,18.5,0.14668973267994465,18.39401710284322,16.5196124520094,11.0,0.8,0.0,1,0,0
2024-01-02 17:00:00,1.0,18.5,0.18440981907343743,18.311123950620356,16.506878777950316,11.0,0.8,0.0,1,0,0
2024-01-02 17:15:00,1.0,18.5,0.2182619321405916,18.231161195806397,16.491430977288424,11.0,0.8,0.0,1,0,0
2024-01-02 17:30:00,1.0,18.5,0.2486046251767117,18.153896402817264,16.47354894038803,11.0,0.8,0.0,1,0,0
2024-01-02 17:45:00,1.0,18.5,0.2757634823935448,18.079118203300947,16.453486601273642,11.0,0.8,0.0,1,0,0
2024-01-02 18:00:00,1.0,18.5,0.27174172508087385,18.080787555950142,16.43176221366151,11.0,0.8,0.0,1,0,0
2024-01-02 18:15:00,1.0,18.5,-0.14112114926371572,18.81153100500578,16.425802458080785,11.0,0.8,0.0,1,0,0
2024-01-02 18:30:00,1.0,18.5,-0.2208399102856294,18.923677338110277,16.44303084925964,11.0,0.8,0.0,1,0,0
2024-01-02 18:45:00,1.0,18.5,-0.1473328194611034,18.81562874898992,16.456821051890014,11.0,0.8,0.0,1,0,0
2024-01-02 19:00:00,1.0,18.5,-0.0809977035079226,18.712637169106912,16.465306992434034,11.0,0.8,0.0,1,0,0
2024-01-02 19:15:00,1.0,18.5,-0.02117230938965701,18.6142762184802,16.46900774837486,11.0,0.8,0.0,1,0,0
2024-01-02 19:30:00,1.0,18.5,0.032744741610886544,18.520158392780733,16.468394454638975,11.0,0.8,0.0,1,0,0
2024-01-02 19:45:00,1.0,18.5,0.08129954729196019,18.429931493756467,16.463894710566983,11.0,0.8,0.0,1,0,0
2024-01-02 20:00:00,1.0,18.5,0.32700921476103895,18.34291593896302,16.44813614761806,10.0,0.8,0.0,1,0,0
2024-01-02 20:15:00,1.0,18.5,0.36899522755253084,18.2583497462865,16.420969479376478,10.0,0.8,0.0,1,0,0
2024-01-02 20:30:00,1.0,18.5,0.3931696912929746,18.176195884583425,16.391857965399435,10.0,0.8,0.0,1,0,0
2024-01-02 20:45:00,1.0,18.5,0.41466671849738085,18.096274796317577,16.361015188212882,10.0,0.8,0.0,1,0,0
2024-01-02 21:00:00,1.0,18.5,0.4252088746105894,18.048141266701187,16.328692609706096,10.0,0.8,0.0,1,0,0
2024-01-02 21:15:00,1.0,18.5,0.04750145806141459,18.71808548100569,16.30841660423356,10.0,0.8,0.0,1,0,0
2024-01-02 21:30:00,1.0,18.5,-0.1042638554372221,18.92995821708496,16.31483513574118,10.0,0.8,0.0,1,0,0
2024-01-02 21:45:00,1.0,18.5,-0.03407859103999567,18.81553965770868,16.319880722641738,10.0,0.8,0.0,1,0,0
2024-01-02 22:00:00,1.0,18.5,0.02918186118204823,18.706087079787658,16.31986492720243,10.0,0.8,0.0,1,0,0
2024-01-02 22:15:00,1.0,18.5,0.08615750073429959,18.60118778013144,16.315288914801386,10.0,0.8,0.0,1,0,0
2024-01-02 22:30:00,1.0,18.5,0.1374294938984826,18.500466632824143,16.306607519446086,10.0,0.8,0.0,1,0,0
2024-01-02 22:45:00,1.0,18.5,0.1835255796230778,18.403582639273598,16.294233502978496,10.0,0.8,0.0,1,0,0
2024-01-02 23:00:00,1.0,18.5,0.2249249787128962,18.310225795224607,16.278541422922377,10.0,0.8,0.0,1,0,0
2024-01-02 23:15:00,1.0,18.5,0.2620628519552855,18.220114245613374,16.259871144931214,10.0,0.8,0.0,1,0,0
2024-01-02 23:30:00,1.0,18.5,0.2953343486271149,18.132991700816174,16.2385310324915,10.0,0.8,0.0,1,0,0
2024-01-02 23:45:00,1.0,18.5,0.3250982830188801,18.048625090275234,16.21480084353553,10.0,0.8,0.0,1,0,0
2024-01-03 00:00:00,1.0,18.5,0.33704258416417965,18.412903024635014,16.18634171868748,9.0,0.8,0.0,1,0,0
2024-01-03 00:15:00,1.0,18.5,-0.0013083410609599166,18.957212042782555,16.1776080041859,9.0,0.8,0.0,1,0,0
2024-01-03 00:30:00,1.0,18.5,0.059053147897144866,18.839952479327206,16.175501646428497,9.0,0.8,0.0,1,0,0
2024-01-03 00:45:00,1.0,18.5,0.12116754700679679,18.72271658116942,16.168437584496214,9.0,0.8,0.0,1,0,0
2024-01-03 01:00:00,1.0,18.5,0.17704421340913487,18.6100708089278,16.15689867788651,9.0,0.8,0.0,1,0,0
2024-01-03 01:15:00,1.0,18.5,0.22726044500883674,18.50164197973698,16.14133633337973,9.0,0.8,0.0,1,0,0
2024-01-03 01:30:00,1.0,18.5,0.27234046421477764,18.397090817663948,16.122160165789147,9.0,0.8,0.0,1,0,0
2024-01-03 01:45:00,1.0,18.5,0.3127602948306435,18.296108841299937,16.09974184033592,9.0,0.8,0.0,1,0,0
2024-01-03 02:00:00,1.0,18.5,0.5509734016066794,18.198056088648052,16.066658127629157,8.0,0.8,0.0,1,0,0
2024-01-03 02:15:00,1.0,18.5,0.5860434664653575,18.102206478653002,16.02271348805367,8.0,0.8,0.0,1,0,0
2024-01-03 02:30:00,1.0,18.5,0.575537674297877,18.08270869742377,15.977617002028671,8.0,0.8,0.0,1,0,0
2024-01-03 02:45:00,1.0,18.5,0.14533576351528382,18.816884430279995,15.94890539788421,8.0,0.8,0.0,1,0,0
2024-01-03 03:00:00,1.0,18.5,0.03162293890365631,18.955024070232458,15.946034700247102,8.0,0.8,0.0,1,0,0
2024-01-03 03:15:00,2.0,17.566666666666666,0.1037624863801889,18.822768306188934,15.94064654515369,8.0,0.8,0.0,1,0,0
2024-01-03 03:30:00,2.0,15.0,0.1686842219533144,18.695795828488965,15.93006021212294,8.0,0.8,0.0,1,0,0
2024-01-03 03:45:00,2.0,15.0,0.2270559574249639,18.573675162070774,15.914798041366993,8.0,0.8,0.0,1,0,0
2024-01-03 04:00:00,2.0,15.7,0.07746289819178247,18.456373501014568,15.903094462886902,9.0,0.8,0.0,1,0,0
2024-01-03 04:15:00,1.0,17.566666666666666,0.12178453027340307,18.344005179936957,15.895881025486396,9.0,0.8,0.0,1,0,0
2024-01-03 04:30:00,2.0,15.933333333333334,0.1750176866275315,18.23601838050111,15.884404269598491,9.0,0.8,0.0,1,0,1
2024-01-03 04:45:00,2.0,15.0,0.22285361873534237,18.132057211921435,15.869094612826107,9.0,0.0,0.0,0,0,0
2024-01-03 05:00:00,2.0,15.7,0.26579220528860037,18.031798116257526,15.850342621520769,9.0,0.0,0.0,0,0,0
2024-01-03 05:15:00,2.0,16.4,0.21189574174742426,18.12684216176713,15.830160337876343,9.0,0.0,0.0,0,0,0
2024-01-03 05:30:00,2.0,15.0,0.10364066826078185,18.271145446247154,15.820643865946547,9.0,0.0,0.0,0,0,0
2024-01-03 05:45:00,1.0,16.166666666666668,0.1579635410535659,18.163126604321537,15.810504470687137,9.0,0.0,0.0,0,0,0
2024-01-03 06:00:00,1.0,16.166666666666668,0.20679360102628694,18.059189180412478,15.796453097535183,9.0,0.0,0.0,0,0,0
2024-01-03 06:15:00,1.0,18.5,0.0339803742715666,18.405464117256976,15.784055026549458,9.0,0.0,0.0,0,0,0
2024-01-03 06:30:00,1.0,18.5,-0.3243684552412636,18.997121610120576,15.799496924109883,9.0,0.0,0.0,0,0,0
2024-01-03 06:45:00,1.0,18.5,-0.24330048202435853,18.87235773028372,15.821407695863506,9.0,0.0,0.0,0,0,0
2024-01-03 07:00:00,1.0,18.5,-0.15450321124471172,18.73935574556069,15.836277767074698,9.0,0.7630555555555556,0.7224166666666667,1,1,0
2024-01-03 07:15:00,2.0,16.866666666666667,-0.07438670043788201,18.61249295914799,15.844740938536724,9.0,0.8,0.0,1,0,0
2024-01-03 07:30:00,1.0,18.033333333333335,-0.002149251485810403,18.491253068479825,15.847425482098394,9.0,0.8,0.0,1,0,0
2024-01-03 07:45:00,1.0,17.8,0.06293714063420146,18.37516683411452,15.844901632229202,9.0,0.8,0.0,1,0,0
2024-01-03 08:00:00,1.0,18.5,0.12145933784499618,18.263959226449654,15.837688818875959,9.0,0.8,0.0,1,0,0
2024-01-03 08:15:00,1.0,18.5,0.17399449405485176,18.157255541722648,15.82626563190049,9.0,0.8,0.0,1,0,1
2024-01-03 08:30:00,1.0,17.1,0.22120151652132797,18.05452628333462,15.811059900318115,9.0,0.0,0.0,0,0,0
2024-01-03 08:45:00,1.0,18.5,0.04691555783828298,18.401912115755536,15.797624921554666,9.0,0.0,0.0,0,0,0
2024-01-03 09:00:00,1.0,18.5,-0.31284953103494356,18.994755352182406,15.812138527029633,9.0,0.0,0.0,0,0,0
2024-01-03 09:15:00,1.0,18.5,-0.23317885796365193,18.871274071702114,15.833229353072701,9.0,0.0,0.0,0,0,0
2024-01-03 09:30:00,1.0,18.5,-0.14564865934557678,18.739467935923365,15.847380591401931,9.0,0.0,0.0,0,0,0
2024-01-03 09:45:00,1.0,18.5,-0.06668015260783891,18.613721974472227,15.85521654996503,9.0,0.0,0.0,0,0,0
2024-01-03 10:00:00,1.0,18.5,0.004459279223176055,18.49364551283207,15.857358367733525,9.0,0.0,0.0,0,0,0
2024-01-03 10:15:00,1.0,18.5,0.06846955440372668,18.37878584827515,15.854375435007638,9.0,0.7408888888888889,0.7335,1,1,0
2024-01-03 10:30:00,1.0,18.5,0.12609181883927492,18.268583616649455,15.846779441658184,9.0,0.7963055555555556,0.0,1,0,0
2024-01-03 10:45:00,1.0,18.5,0.17791758593191845,18.16265720688228,15.835032633891597,9.0,0.8,0.0,1,0,0
2024-01-03 11:00:00,1.0,18.5,0.2245028826724749,18.060619924009742,15.819553986146895,9.0,0.8,0.0,1,0,1
2024-01-03 11:15:00,1.0,18.5,0.0825934511511154,18.345193923120227,15.804789184719397,9.0,0.0,0.0,0,0,0
2024-01-03 11:30:00,1.0,18.5,-0.303322526007844,18.990111531306827,15.817090209946441,9.0,0.8,0.7852222222222223,1,1,0
2024-01-03 11:45:00,1.0,18.5,-0.2350903281525486,18.881540619077704,15.838244357574787,9.0,0.8,0.0,1,0,0
2024-01-03 12:00:00,1.0,18.5,-0.14744532714991895,18.749738480675123,15.852536031003815,9.0,0.8,0.0,1,0,0
2024-01-03 12:15:00,1.0,18.5,-0.06841311444193034,18.62406889277305,15.860506233297299,9.0,0.8,0.0,1,0,0
2024-01-03 12:30:00,1.0,18.5,0.00284278876542359,18.503952483514787,15.862776187605473,9.0,0.8,0.0,1,0,0
2024-01-03 12:45:00,1.0,18.5,0.06704121979060954,18.388926105566874,15.859908666849138,9.0,0.8,0.0,1,0,0
2024-01-03 13:00:00,1.0,18.5,0.12492322063400797,18.278388016877138,15.85241216402362,9.0,0.8,0.0,1,0,0
2024-01-03 13:15:00,3.0,18.5,0.17710890675936894,18.171940078921185,15.840739563390281,9.0,0.8,0.0,1,0,0
2024-01-03 13:30:00,1.0,18.5,0.2240004825878562,18.069445771114392,15.825309574286841,9.0,0.8,0.0,1,0,0
2024-01-03 13:45:00,1.0,18.5,0.1126127984094829,18.295005462431146,15.809639528117176,9.0,0.8,0.0,1,0,0
2024-01-03 14:00:00,1.0,18.5,-0.09132209952719195,18.981213155418228,15.81204162805189,8.0,0.8,0.0,1,0,0
2024-01-03 14:15:00,1.0,18.5,-0.034484371726121954,18.891149731886625,15.81735652965704,8.0,0.8,0.0,1,0,0
2024-01-03 14:30:00,1.0,18.5,0.04249499579620645,18.757223500831913,15.816805157867151,8.0,0.8,0.0,1,0,0
2024-01-03 14:45:00,1.0,18.5,0.11182155934954191,18.62884699989674,15.81070483036462,8.0,0.8,0.0,1,0,0
2024-01-03 15:00:00,1.0,18.5,-0.02761481388699308,18.505507794479044,15.807364615570181,9.0,0.8,0.0,1,0,0
2024-01-03 15:15:00,1.0,18.5,0.026220794631277657,18.387226012039363,15.80776413919416,9.0,0.8,0.0,1,0,0
2024-01-03 15:30:00,1.0,18.5,0.08809696265229731,18.27388176952588,15.803211370247867,9.0,0.8,0.0,1,0,1
2024-01-03 15:45:00,1.0,18.5,0.14378285735779797,18.165067988959525,15.794199947420951,9.0,0.0,0.0,0,0,0
2024-01-03 16:00:00,1.0,18.5,0.19385783174810972,18.060401126219737,15.781177680789575,9.0,0.0,0.0,0,0,0
2024-01-03 16:15:00,1.0,18.5,0.02218493201155593,18.40600366155719,15.769718085162493,9.0,0.7852222222222223,0.7778333333333334,1,1,0
2024-01-03 16:30:00,1.0,18.5,-0.33512789827826506,18.997054941457137,15.786015883357317,9.0,0.8,0.0,1,0,0
2024-01-03 16:45:00,1.0,18.5,-0.253118739207529,18.871744921099996,15.808707539374108,9.0,0.8,0.0,1,0,0
2024-01-03 17:00:00,1.0,18.5,-0.16346638733812682,18.73825131442584,15.824290342586172,9.0,0.8,0.0,1,0,0
2024-01-03 17:15:00,1.0,18.5,-0.08257299173330683,18.610946381322776,15.833404327437721,9.0,0.8,0.0,1,0,0
2024-01-03 17:30:00,1.0,18.5,-0.00962967241862028,18.489309239568957,15.836683426895954,9.0,0.8,0.0,1,0,0
2024-01-03 17:45:00,1.0,18.5,0.056098097631186256,18.372866491115985,15.834703016619336,9.0,0.8,0.0,1,0,0
2024-01-03 18:00:00,1.0,18.5,0.3172985351306694,18.26082841348646,15.820224863374142,8.0,0.8,0.0,1,0,0
2024-01-03 18:15:00,1.0,18.5,0.37324850499801066,18.15233292871256,15.793221428887895,8.0,0.8,0.0,1,0,0
2024-01-03 18:30:00,1.0,18.5,0.41000121119715754,18.047252031700044,15.763266472335383,8.0,0.8,0.0,1,0,0
2024-01-03 18:45:00,1.0,18.5,0.15249431088152646,18.53295619592763,15.738597051125009,8.0,0.8,0.0,1,0,0
2024-01-03 19:00:00,1.0,18.5,-0.1479112082242157,18.98971798478088,15.74334829529773,8.0,0.8,0.0,1,0,0
2024-01-03 19:15:00,1.0,18.5,-0.062439743413893134,18.84776584891858,15.751188218691949,8.0,0.8,0.0,1,0,0
2024-01-03 19:30:00,1.0,18.5,0.017198554712855033,18.712039044331128,15.752656936901014,8.0,0.8,0.0,1,0,0
2024-01-03 19:45:00,1.0,18.5,0.08893903360536634,18.58201913816877,15.748384236177719,8.0,0.8,0.0,1,0,0
2024-01-03 20:00:00,1.0,18.5,0.15351191427377497,18.45723491100193,15.738941688588449,8.0,0.8,0.0,1,0,0
2024-01-03 20:15:00,1.0,18.5,0.21158028840973797,18.337258022107008,15.724848003534698,8.0,0.8,0.0,1,0,0
2024-01-03 20:30:00,1.0,18.5,0.26374628658153865,18.221699073004377,15.706573887549565,8.0,0.8,0.0,1,0,0
2024-01-03 20:45:00,1.0,18.5,0.31055667968660994,18.11020403265697,15.684546457549589,8.0,0.8,0.0,1,0,0
2024-01-03 21:00:00,1.0,18.5,0.3101671009421885,18.106166318990685,15.65965618408369,8.0,0.8,0.0,1,0,0
2024-01-03 21:15:00,1.0,18.5,-0.11207505353498437,18.845157970369403,15.651521197076836,8.0,0.8,0.0,1,0,0
2024-01-03 21:30:00,1.0,18.5,-0.17359284583747855,18.921711898138096,15.66578503394573,8.0,0.8,0.0,1,0,0
2024-01-03 21:45:00,1.0,18.5,-0.08372106323914733,18.779431064221082,15.675299798314681,8.0,0.8,0.0,1,0,0
2024-01-03 22:00:00,1.0,18.5,0.1993336853982085,18.643097984198217,15.670571865878998,7.0,0.8,0.0,1,0,0
2024-01-03 22:15:00,1.0,18.5,0.2750592055267292,18.511715327890816,15.651739437518053,7.0,0.8,0.0,1,0,0
2024-01-03 22:30:00,2.0,18.033333333333335,0.329700255800455,18.38503221382847,15.628526740759684,7.0,0.8,0.0,1,0,0
2024-01-03 22:45:00,2.0,15.0,0.3786930264905353,18.262674757642845,15.601384244222327,7.0,0.8,0.0,1,0,0
2024-01-03 23:00:00,2.0,15.0,0.4225614195678696,18.144302972885324,15.570720649860176,7.0,0.8,0.0,1,0,0
2024-01-03 23:15:00,2.0,15.0,0.46178116158387,18.029607660024148,15.536906733491655,7.0,0.8,0.0,1,0,0
2024-01-03 23:30:00,2.0,15.0,0.49678423038395536,17.91830758125575,15.500278832432798,7.0,0.8,0.0,1,0,0
2024-01-03 23:45:00,2.0,15.0,0.5279628750874721,17.81014689486961,15.461142012660028,7.0,0.8,0.0,1,0,0
2024-01-04 00:00:00,2.0,15.0,0.5556732667051921,17.704892825318737,15.419772944947718,7.0,0.8,0.0,1,0,0
2024-01-04 00:15:00,2.0,15.0,0.5802388133318012,17.60233354733916,15.376422516720437,7.0,0.8,0.0,1,0,0
2024-01-04 00:30:00,2.0,15.0,0.6019531707326302,17.502276264451584,15.331318203902844,7.0,0.8,0.0,1,0,0
2024-01-04 00:45:00,2.0,15.0,0.6210829763121303,17.40454546398538,15.284666224819123,7.0,0.8,0.0,1,0,0
2024-01-04 01:00:00,2.0,15.0,0.6378703318801043,17.308981332406038,15.236653496167612,7.0,0.8,0.0,1,0,0
2024-01-04 01:15:00,2.0,15.0,0.6525350582964556,17.21543831621745,15.1874494092564,7.0,0.8,0.0,1,0,0
2024-01-04 01:30:00,2.0,15.0,0.6652767429544528,17.123783815063735,15.137207443014583,7.0,0.8,0.0,1,0,0
2024-01-04 01:45:00,2.0,15.0,0.6762765991368437,17.033896994884024,15.086066628776713,7.0,0.8,0.0,1,0,0
2024-01-04 02:00:00,2.0,15.0,0.6856991545301068,16.94566771008995,15.034152880459718,7.0,0.8,0.0,1,0,0
2024-01-04 02:15:00,2.0,15.0,0.6936937845939638,16.858995524748877,14.981580202500426,7.0,0.8,0.0,1,0,0
2024-01-04 02:30:00,2.0,15.0,0.7003961050411001,16.77378882367632,14.92845178678533,7.0,0.8,0.0,1,0,0
2024-01-04 02:45:00,2.0,15.0,0.7059292363721743,16.689964005176776,14.874861008772237,7.0,0.8,0.0,1,0,0
2024-01-04 03:00:00,2.0,15.0,0.7104049522218177,16.60744474793129,14.820892332066393,7.0,0.8,0.0,1,0,0
2024-01-04 03:15:00,2.0,15.0,0.7139247221912898,16.526161345219162,14.766622129862473,7.0,0.8,0.0,1,0,0
2024-01-04 03:30:00,2.0,15.0,0.7165806588623619,16.446050100287398,14.712119430891098,7.0,0.8,0.0,1,0,0
2024-01-04 03:45:00,2.0,15.0,0.7184563777964678,16.367052777249697,14.657446596806633,7.0,0.8,0.0,1,0,0
2024-01-04 04:00:00,2.0,15.0,0.92164898927123,16.288756653760856,14.594899502981853,6.0,0.8,0.0,1,0,0
2024-01-04 04:15:00,1.0,16.866666666666667,0.8657577890643388,16.348797289725244,14.524830820111514,6.0,0.8,0.0,1,0,0
2024-01-04 04:30:00,1.0,18.5,0.34430669779116274,17.225605930087244,14.47797564947384,6.0,0.8,0.0,1,0,1
2024-01-04 04:45:00,2.0,16.633333333333333,-0.16119976906560113,18.060161182193102,14.474255906465164,6.0,0.0,0.0,0,0,0
2024-01-04 05:00:00,2.0,15.0,-0.15945592993652438,18.037723086535177,14.48889184821612,6.0,0.0,0.0,0,0,0
2024-01-04 05:15:00,1.0,17.566666666666666,-0.18904918402552764,18.15312813921129,14.49942019290648,6.0,0.0,0.0,0,0,0
2024-01-04 05:30:00,1.0,18.5,-0.6022440956987449,18.90213932649629,14.531301631556751,6.0,0.0,0.0,0,0,0
2024-01-04 05:45:00,1.0,18.5,-0.556143881431843,18.84699235967162,14.577708588201657,6.0,0.0,0.0,0,0,0
2024-01-04 06:00:00,1.0,18.5,-0.4196276310819016,18.661738900882685,14.614443355359239,6.0,0.7741388888888889,0.7556666666666667,1,1,0
2024-01-04 06:15:00,1.0,18.5,-0.29632567571751234,18.485688909007727,14.641322775949801,6.0,0.8,0.0,1,0,0
2024-01-04 06:30:00,1.0,18.5,-0.18501860012652782,18.3180581763183,14.65930327745722,6.0,0.8,0.0,1,0,0
2024-01-04 06:45:00,1.0,18.5,-0.0845990716855189,18.158134066442987,14.669253009854517,6.0,0.8,0.0,1,0,0
2024-01-04 07:00:00,1.0,18.5,-0.0364024065584835,18.108984269995815,14.672462895290506,6.0,0.8,0.0,1,0,0
2024-01-04 07:15:00,1.0,18.5,-0.41461893617355805,18.805884955741266,14.688914662963562,6.0,0.8,0.0,1,0,0
2024-01-04 07:30:00,1.0,18.5,-0.43625193025662107,18.843100280332397,14.724581983727344,6.0,0.8,0.0,1,0,0
2024-01-04 07:45:00,1.0,18.5,-0.31025496064009184,18.6639890751115,14.752616704138758,6.0,0.8,0.0,1,0,0
2024-01-04 08:00:00,1.0,18.5,-0.1965801656687499,18.493615413294474,14.771559582186045,6.0,0.8,0.0,1,0,0
2024-01-04 08:15:00,1.0,18.5,-0.0941185423170653,18.331263799236947,14.78230582396136,6.0,0.8,0.0,1,0,0
2024-01-04 08:30:00,1.0,18.5,-0.0017349672753095703,18.176104602162024,14.785661822045027,6.0,0.8,0.0,1,0,0
2024-01-04 08:45:00,1.0,18.5,0.06448779015726006,18.077020468611718,14.78250109479438,6.0,0.8,0.0,1,0,0
2024-01-04 09:00:00,1.0,18.5,-0.28665624297624376,18.733007318615172,14.788873280727023,6.0,0.8,0.0,1,0,0
2024-01-04 09:15:00,1.0,18.5,-0.3821837689913496,18.879657299654536,14.818428605207801,6.0,0.8,0.0,1,0,0
2024-01-04 09:30:00,1.0,18.5,-0.2611297345753144,18.70367173801596,14.842548047897663,6.0,0.8,0.0,1,0,0
2024-01-04 09:45:00,1.0,18.5,-0.15187340650595266,18.535990375439344,14.857931695937532,6.0,0.8,0.0,1,0,1
2024-01-04 10:00:00,1.0,18.5,-0.05337435326809539,18.376011712792213,14.865434671276324,6.0,0.0,0.0,0,0,0
2024-01-04 10:15:00,1.0,18.5,0.0353413446510446,18.223107027122207,14.86583785824899,6.0,0.0,0.0,0,0,0
2024-01-04 10:30:00,1.0,18.5,0.11524682592095298,18.076580562901874,14.859845725428155,6.0,0.0,0.0,0,0,0
2024-01-04 10:45:00,1.0,18.5,-0.029501839824331848,18.382366585789438,14.853263624271515,6.0,0.0,0.0,0,0,0
2024-01-04 11:00:00,1.0,18.5,-0.3625871665307306,18.9355954694828,14.87249788142839,6.0,0.7815277777777778,0.7630555555555556,1,1,0
2024-01-04 11:15:00,1.0,18.5,-0.2588256598579098,18.774312774583414,14.896383382494195,6.0,0.8,0.0,1,0,0
2024-01-04 11:30:00,1.0,18.5,-0.14957135248454398,18.606391795168314,14.911591569415284,6.0,0.8,0.0,1,0,0
2024-01-04 11:45:00,1.0,18.5,-0.05102692332559844,18.446076632935764,14.918918048612785,6.0,0.8,0.0,1,0,0
2024-01-04 12:00:00,3.0,18.5,0.037803629163700544,18.29271625866919,14.919137769779073,6.0,0.8,0.0,1,0,0
2024-01-04 12:15:00,3.0,18.5,0.11782076250087471,18.145730208566963,14.912953430824668,6.0,0.8,0.0,1,0,0
2024-01-04 12:30:00,1.0,18.5,0.14748913919320208,18.108323227400852,14.901506288020805,6.0,0.8,0.0,1,0,0
2024-01-04 12:45:00,1.0,18.5,-0.24755383186712812,18.815881355198712,14.904642400471264,6.0,0.8,0.0,1,0,0
2024-01-04 13:00:00,1.0,18.5,-0.284392229066998,18.86261433552839,14.928210302148495,6.0,0.8,0.0,1,0,0
2024-01-04 13:15:00,1.0,18.5,-0.17209804813962995,18.691958398310355,14.94524087900315,6.0,0.8,0.0,1,0,1
2024-01-04 13:30:00,1.0,18.5,-0.07079770472660218,18.52909627303852,14.954169839465392,6.0,0.0,0.0,0,0,0
2024-01-04 13:45:00,3.0,18.5,0.02052346401026645,18.373373810090577,14.955792921941658,6.0,0.0,0.0,0,0,0
2024-01-04 14:00:00,1.0,18.5,0.10288049390629594,18.224006966608403,14.950829973567407,6.0,0.0,0.0,0,0,0
2024-01-04 14:15:00,1.0,18.5,0.17713975900199622,18.080439118325543,14.93992530266406,6.0,0.0,0.0,0,0,0
2024-01-04 14:30:00,1.0,18.5,0.027260214960118524,18.388860633663842,14.92883952494321,6.0,0.0,0.0,0,0,0
2024-01-04 14:45:00,1.0,18.5,-0.3104208651707416,18.944293080740337,14.943939993992235,6.0,0.8,0.7630555555555556,1,1,0
2024-01-04 15:00:00,1.0,18.5,-0.21061845962973252,18.784546078474705,14.964016455972946,6.0,0.8,0.0,1,0,0
2024-01-04 15:15:00,1.0,18.5,-0.10479145463348759,18.617658571773624,14.975693368621359,6.0,0.8,0.0,1,0,0
2024-01-04 15:30:00,1.0,18.5,-0.009366033133001626,18.45819009855381,14.979736916166669,6.0,0.8,0.0,1,0,0
2024-01-04 15:45:00,1.0,18.5,0.07661757810603458,18.305521168378778,14.976899999372732,6.0,0.8,0.0,1,0,0
2024-01-04 16:00:00,1.0,18.5,0.15404102172300657,18.15907071426959,14.96786571115373,6.0,0.8,0.0,1,0,0
2024-01-04 16:15:00,1.0,18.5,0.1954072090601115,18.092478577158513,14.95354101363671,6.0,0.8,0.0,1,0,0
2024-01-04 16:30:00,1.0,18.5,-0.18778436384190977,18.782772328508447,14.95184988426755,6.0,0.8,0.0,1,0,0
2024-01-04 16:45:00,1.0,18.5,-0.258901138856257,18.87995596204257,14.97260028107821,6.0,0.8,0.0,1,0,0
2024-01-04 17:00:00,1.0,18.5,-0.14817349478010386,18.709410013258456,14.98775338046816,6.0,0.8,0.0,1,0,0
2024-01-04 17:15:00,1.0,18.5,-0.048302620698925304,18.54657685400394,14.994918586032814,6.0,0.8,0.0,1,0,0
2024-01-04 17:30:00,1.0,18.5,0.0417143806358212,18.39081033620243,14.994881649018449,6.0,0.8,0.0,1,0,0
2024-01-04 17:45:00,1.0,18.5,0.12278821704805704,18.241523189466538,14.988355717947988,6.0,0.8,0.0,1,0,0
2024-01-04 18:00:00,1.0,18.5,0.19574587773123206,18.09818161521094,14.975988012634755,6.0,0.8,0.0,1,0,0
2024-01-04 18:15:00,1.0,18.5,0.10786373344513353,18.284718233985213,14.961500040029799,6.0,0.8,0.0,1,0,0
2024-01-04 18:30:00,1.0,18.5,-0.27683416023966373,18.933777609283258,14.97114779378328,6.0,0.8,0.0,1,0,0
2024-01-04 18:45:00,1.0,18.5,-0.20346040412364624,18.80875962364825,14.99043236532205,6.0,0.8,0.0,1,0,0
2024-01-04 19:00:00,1.0,18.5,-0.09807162452220206,18.641901972084955,15.00158196136572,6.0,0.8,0.0,1,0,0
2024-01-04 19:15:00,1.0,18.5,-0.003047150321515619,18.482440640822755,15.005130089726688,6.0,0.8,0.0,1,0,0
2024-01-04 19:30:00,1.0,18.5,0.08257065243796656,18.329758383220923,15.00182685043973,6.0,0.8,0.0,1,0,0
2024-01-04 19:45:00,1.0,18.5,0.1596513872493661,18.183294176216478,14.992353017634432,6.0,0.8,0.0,1,0,0
2024-01-04 20:00:00,1.0,18.5,0.4281570036193916,18.05705198354226,14.969580447606836,5.0,0.8,0.0,1,0,0
2024-01-04 20:15:00,1.0,18.5,0.12454608202205579,18.633471032301102,14.945016166165688,5.0,0.8,0.0,1,0,0
2024-01-04 20:30:00,1.0,18.5,-0.07332794475985573,18.910092201129487,14.947763048888493,5.0,0.8,0.0,1,0,0
2024-01-04 20:45:00,1.0,18.5,0.028202517596200172,18.7363922474098,14.949157336970325,5.0,0.8,0.0,1,0,0
2024-01-04 21:00:00,1.0,18.5,0.3216807707859753,18.569616636692537,14.935471671908171,4.0,0.8,0.0,1,0,0
2024-01-04 21:15:00,1.0,18.5,0.4067093975739173,18.408693315508216,14.906933621553687,4.0,0.8,0.0,1,0,0
2024-01-04 21:30:00,2.0,16.4,0.4696373779448439,18.253303426858686,14.87334847155363,4.0,0.8,0.0,1,0,0
2024-01-04 21:45:00,2.0,15.0,0.5259955374935328,18.1030112395454,14.835240203986036,4.0,0.8,0.0,1,0,0
2024-01-04 22:00:00,2.0,15.0,0.980436129872968,17.956701589490372,14.777563314910717,2.0,0.8,0.0,1,0,0
2024-01-04 22:15:00,2.0,15.0,1.0308552583032282,17.81307211481898,14.699746116492012,2.0,0.8,0.0,1,0,0
2024-01-04 22:30:00,2.0,15.0,1.0487621421643918,17.672250014972253,14.620467123878353,2.0,0.8,0.0,1,0,0
2024-01-04 22:45:00,2.0,15.0,1.0641389581442753,17.534058964738353,14.53992830183178,2.0,0.8,0.0,1,0,0
2024-01-04 23:00:00,2.0,15.0,1.0772251222811238,17.398338198653985,14.458312526890666,2.0,0.8,0.0,1,0,0
2024-01-04 23:15:00,2.0,15.0,1.088237998206831,17.264941086395307,14.37578534539149,2.0,0.8,0.0,1,0,0
2024-01-04 23:30:00,2.0,15.0,1.0973749237745933,17.133733839023883,14.292496569928856,2.0,0.8,0.0,1,0,0
2024-01-04 23:45:00,2.0,15.0,1.1048150514744781,17.004594334064908,14.208581729098528,2.0,0.8,0.0,1,0,0
2024-01-05 00:00:00,2.0,15.0,1.1107210197463466,16.87741104849945,14.12416338400425,2.0,0.8,0.0,1,0,0
2024-01-05 00:15:00,2.0,15.0,1.1152404707273782,16.752082089755973,14.039352323770458,2.0,0.8,0.0,1,0,0
2024-01-05 00:30:00,2.0,15.0,1.118507428544065,16.628514315696997,13.95424865117822,2.0,0.8,0.0,1,0,0
2024-01-05 00:45:00,2.0,15.0,1.1206435509619839,16.506622535424302,13.868942768520252,2.0,0.8,0.0,1,0,0
2024-01-05 01:00:00,2.0,15.0,1.1217592660294329,16.386328783477246,13.783516272843267,2.0,0.8,0.0,1,0,0
2024-01-05 01:15:00,2.0,15.0,1.1219548042818022,16.267561660681057,13.6980427689034,2.0,0.8,0.0,1,0,0
2024-01-05 01:30:00,2.0,15.0,1.12132113610271,16.150255735521583,13.612588607395677,2.0,0.8,0.0,1,0,0
2024-01-05 01:45:00,2.0,15.0,1.1199408229562364,16.034351000485472,13.527213555323584,2.0,0.8,0.0,1,0,0
2024-01-05 02:00:00,2.0,15.0,1.3199100011609661,15.919432929663717,13.434210970410225,1.0,0.8,0.0,1,0,0
2024-01-05 02:15:00,2.0,15.0,1.3199678382336275,15.80497995865198,13.3331277695762,1.0,0.8,0.0,1,0,0
2024-01-05 02:30:00,2.0,15.0,1.3056792271048125,15.691173101272335,13.233151094378199,1.0,0.8,0.0,1,0,0
2024-01-05 02:45:00,2.0,15.0,1.2918629457753557,15.57803053006425,13.134243546701885,1.0,0.8,0.0,1,0,0
2024-01-05 03:00:00,2.0,15.0,1.2784821992136088,15.465568138716351,13.036370659702527,1.0,0.8,0.0,1,0,0
2024-01-05 03:15:00,1.0,16.166666666666668,1.2484888330090882,15.403282565232384,12.939644826476925,1.0,0.8,0.0,1,0,0
2024-01-05 03:30:00,1.0,18.5,0.8013935663702701,16.120201113742812,12.859479108703871,1.0,0.8,0.0,1,0,0
2024-01-05 03:45:00,1.0,18.5,0.22337318942375176,17.068558186873727,12.822290012702473,1.0,0.8,0.0,1,0,0
2024-01-05 04:00:00,2.0,15.933333333333334,0.030304364552419156,17.704979721880356,12.816667815323617,0.0,0.8,0.0,1,0,0
2024-01-05 04:15:00,2.0,16.4,0.04715677214961555,17.70061532904977,12.812424708915518,0.0,0.8,0.0,1,0,0
2024-01-05 04:30:00,2.0,15.0,-0.0046233930981256595,17.761087544609016,12.812912617375567,0.0,0.8,0.0,1,0,0
2024-01-05 04:45:00,2.0,17.1,-0.08241827461708101,17.94080073839942,12.813256959083219,0.0,0.8,0.0,1,0,0
2024-01-05 05:00:00,2.0,15.0,-0.11965002789814859,17.975835232297495,12.82429398325184,0.0,0.8,0.0,1,0,1
2024-01-05 05:15:00,2.0,15.0,0.013734747849422186,17.75009974853588,12.827902139236597,0.0,0.0,0.0,0,0,0
2024-01-05 05:30:00,1.0,17.566666666666666,0.008043733778268324,17.80450738096017,12.824248313555179,0.0,0.0,0.0,0,0,0
2024-01-05 05:45:00,2.0,15.933333333333334,-0.31703991096851414,18.36203268491896,12.838678740617834,0.0,0.0,0.0,0,0,0
2024-01-05 06:00:00,1.0,16.4,-0.2030306868830201,18.16864107590306,12.859348586013972,0.0,0.7963055555555556,0.7778333333333334,1,1,0
2024-01-05 06:15:00,1.0,18.5,-0.214504872308122,18.260728838781564,12.872087801324476,0.0,0.8,0.0,1,0,0
2024-01-05 06:30:00,1.0,18.5,-0.5773133877936959,18.913522576448603,12.90459589724505,0.0,0.8,0.0,1,0,0
2024-01-05 06:45:00,1.0,18.5,-0.4710718657619198,18.75266653844625,12.946213045594224,0.0,0.8,0.0,1,0,0
2024-01-05 07:00:00,2.0,17.333333333333332,-0.3016234012649761,18.499581691671462,12.975106361933912,0.0,0.8,0.0,1,0,0
2024-01-05 07:15:00,1.0,16.166666666666668,-0.14874039253677773,18.25821170093805,12.99177370281287,0.0,0.8,0.0,1,0,1
2024-01-05 07:30:00,1.0,18.5,-0.039180229034078244,18.101716078419777,12.997701618019173,0.0,0.0,0.0,0,0,0
2024-01-05 07:45:00,1.0,18.5,-0.37492659529996736,18.74128097051916,13.011469046636291,0.0,0.0,0.0,0,0,0
2024-01-05 08:00:00,1.0,18.5,-0.6583938152528918,18.867770486192455,13.055118117621653,1.0,0.0,0.0,0,0,0
2024-01-05 08:15:00,1.0,18.5,-0.49241687492307845,18.61567930258702,13.098945150828689,1.0,0.0,0.0,0,0,0
2024-01-05 08:30:00,1.0,18.5,-0.3291318642805771,18.37586123853499,13.12971928063349,1.0,0.0,0.0,0,0,0
2024-01-05 08:45:00,1.0,18.5,-0.18177698510496204,18.147274172749608,13.148710730106565,1.0,0.0,0.0,0,0,0
2024-01-05 09:00:00,1.0,18.5,-0.2024097773610533,18.253498937782673,13.160207989396953,1.0,0.0,0.0,0,0,0
2024-01-05 09:15:00,1.0,18.5,-0.573554895273485,18.919914883946127,13.192138795386969,1.0,0.0,0.0,0,0,0
2024-01-05 09:30:00,1.0,18.5,-0.4748277904708364,18.772090778365175,13.233779880154707,1.0,0.0,0.0,0,0,0
2024-01-05 09:45:00,1.0,18.5,-0.31214331226798264,18.531489121600423,13.263238717365038,1.0,0.0,0.0,0,0,0
2024-01-05 10:00:00,1.0,18.5,-0.3674107418494744,18.302554435391766,13.28872033477222,2.0,0.0,0.0,0,0,0
2024-01-05 10:15:00,1.0,18.5,-0.23784946880674906,18.084821652796048,13.311881459824983,2.0,0.0,0.0,0,0,0
2024-01-05 10:30:00,1.0,18.5,-0.39788217776674795,18.464723718724166,13.33254598707203,2.0,0.7445833333333334,0.7261111111111112,1,1,0
2024-01-05 10:45:00,1.0,18.5,-0.6785109896697462,18.95355209696391,13.377968129403886,2.0,0.8,0.0,1,0,0
2024-01-05 11:00:00,1.0,18.5,-0.5195319994282664,18.726977426491526,13.423641189727794,2.0,0.8,0.0,1,0,0
2024-01-05 11:15:00,1.0,18.5,-0.36053832435766536,18.49769331815451,13.45665833189577,2.0,0.8,0.0,1,0,0
2024-01-05 11:30:00,1.0,18.5,-0.2170286527114109,18.2792932585872,13.478201379459817,2.0,0.8,0.0,1,0,1
2024-01-05 11:45:00,1.0,18.5,-0.08757197055118773,18.075819772937702,13.489390892506409,2.0,0.0,0.0,0,0,0
2024-01-05 12:00:00,1.0,18.5,-0.5038668666946723,18.532169605074866,13.508607210011538,3.0,0.0,0.0,0,0,0
2024-01-05 12:15:00,1.0,18.5,-0.7268939039486939,18.894952903362213,13.560689168440613,3.0,0.0,0.0,0,0,0
2024-01-05 12:30:00,1.0,18.5,-0.5578990561503513,18.664859566823417,13.60919214284671,3.0,0.0,0.0,0,0,0
2024-01-05 12:45:00,1.0,18.5,-0.4026498321127758,18.446314492548947,13.64528709783649,3.0,0.0,0.0,0,0,0
2024-01-05 13:00:00,1.0,18.5,-0.2623758054048483,18.238115242175557,13.670173846831847,3.0,0.8,0.76675,1,1,0
2024-01-05 13:15:00,1.0,18.5,-0.14417875330570656,18.06906569466593,13.684988959178257,3.0,0.8,0.0,1,0,0
2024-01-05 13:30:00,1.0,18.5,-0.43300569197622285,18.6497997018608,13.704129432170186,3.0,0.8,0.0,1,0,0
2024-01-05 13:45:00,1.0,18.5,-0.5687279628106935,18.87420965485563,13.74678906497514,3.0,0.8,0.0,1,0,0
2024-01-05 14:00:00,1.0,18.5,-0.613006202092698,18.652746950204968,13.791364275169387,4.0,0.8,0.0,1,0,0
2024-01-05 14:15:00,1.0,18.5,-0.4735008152268138,18.443171387035036,13.83282635194396,4.0,0.8,0.0,1,0,0
2024-01-05 14:30:00,1.0,18.5,-0.3340803238355316,18.244003728836226,13.863144723470032,4.0,0.8,0.0,1,0,0
2024-01-05 14:45:00,1.0,18.5,-0.21107236392139345,18.069230570771133,13.883415371560664,4.0,0.8,0.0,1,0,1
2024-01-05 15:00:00,1.0,18.5,-0.46585364527565215,18.605768570903553,13.906060117237853,4.0,0.0,0.0,0,0,0
2024-01-05 15:15:00,1.0,18.5,-0.6462116710447053,18.908444429133827,13.953065648551341,4.0,0.0,0.0,0,0,0
2024-01-05 15:30:00,1.0,18.5,-0.4877654529244707,18.693508798609304,13.995757017953563,4.0,0.0,0.0,0,0,0
2024-01-05 15:45:00,1.0,18.5,-0.3446557477823863,18.489254139582783,14.027009856386258,4.0,0.0,0.0,0,0,0
2024-01-05 16:00:00,1.0,18.5,-0.12453790069891983,18.294568024977977,14.044441490616135,3.55,0.0,0.0,0,0,0
2024-01-05 16:15:00,1.0,18.5,-0.006718519293184787,18.10840796734635,14.0488314566232,3.55,0.0,0.0,0,0,0
2024-01-05 16:30:00,1.0,18.5,-0.0903321197737634,18.313213059002837,14.049275918237253,3.55,0.8,0.76675,1,1,0
2024-01-05 16:45:00,1.0,18.5,-0.45121566253443707,18.936113618731504,14.073357417994167,3.55,0.8,0.0,1,0,0
2024-01-05 17:00:00,1.0,18.5,-0.3148355941013488,18.772209891359967,14.103415366985121,3.396667,0.8,0.0,1,0,0
2024-01-05 17:15:00,1.0,18.5,-0.18006962236868904,18.568441884035227,14.121757925335347,3.396667,0.8,0.0,1,0,0
2024-01-05 17:30:00,1.0,18.5,-0.06057037234014912,18.373898781392324,14.130542746419879,3.396667,0.8,0.0,1,0,0
2024-01-05 17:45:00,1.0,18.5,0.047140351689032044,18.187807601664222,14.130709850842045,3.396667,0.8,0.0,1,0,0
2024-01-05 18:00:00,1.0,18.5,0.08834323525051105,18.113205090217168,14.124132695876954,3.463333,0.8,0.0,1,0,0
2024-01-05 18:15:00,1.0,18.5,-0.2955985753171762,18.810019227823386,14.13102923682192,3.463333,0.8,0.0,1,0,0
2024-01-05 18:30:00,1.0,18.5,-0.3397484369575051,18.87039276657913,14.158880323939746,3.463333,0.8,0.0,1,0,0
2024-01-05 18:45:00,1.0,18.5,-0.20466565796141334,18.664857378818887,14.17918738599161,3.463333,0.8,0.0,1,0,0
2024-01-05 19:00:00,1.0,18.5,-0.06429192517520511,18.468667470447105,14.1890374940865,3.371667,0.8,0.0,1,0,0
2024-01-05 19:15:00,1.0,18.5,0.045806322598219165,18.280992851553073,14.189342020106665,3.371667,0.8,0.0,1,0,0
2024-01-05 19:30:00,1.0,18.5,0.14374288285049838,18.10113908662204,14.181808020223963,3.371667,0.8,0.0,1,0,0
2024-01-05 19:45:00,1.0,18.5,0.015219375595893175,18.37492165489658,14.17238485823705,3.371667,0.8,0.0,1,0,0
2024-01-05 20:00:00,1.0,18.5,-0.353013084229415,18.9558819040254,14.189291222071704,3.468333,0.8,0.0,1,0,0
2024-01-05 20:15:00,1.0,18.5,-0.2436854916627486,18.776701441220965,14.212584411431607,3.468333,0.8,0.0,1,0,0
2024-01-05 20:30:00,1.0,18.5,-0.11768474193867609,18.577255347500543,14.225947580646636,3.468333,0.8,0.0,1,0,0
2024-01-05 20:45:00,1.0,18.5,-0.004075039675511804,18.386651591137756,14.230222571894398,3.468333,0.8,0.0,1,0,0
2024-01-05 21:00:00,1.0,18.5,0.14306974601842865,18.204072549331304,14.224585943083799,3.246667,0.8,0.0,1,0,0
2024-01-05 21:15:00,1.0,18.5,0.2188136243159445,18.078225905953733,14.209884633084476,3.246667,0.8,0.0,1,0,0
2024-01-05 21:30:00,1.0,18.5,-0.13238948976633222,18.722694388319407,14.204312092351014,3.246667,0.8,0.0,1,0,0
2024-01-05 21:45:00,2.0,15.7,-0.257275751840599,18.900825063300775,14.223517534749,3.246667,0.8,0.0,1,0,0
2024-01-05 22:00:00,2.0,15.0,-0.10684554999994528,18.696425641185193,14.2369674661013,3.143333,0.8,0.0,1,0,0
2024-01-05 22:15:00,2.0,15.0,0.010253716352074055,18.501023475318537,14.24021895759426,3.143333,0.8,0.0,1,0,0
2024-01-05 22:30:00,2.0,15.0,0.11436753954131669,18.313883671463593,14.235138589716094,3.143333,0.8,0.0,1,0,0
2024-01-05 22:45:00,2.0,15.0,0.20808995541001424,18.13432321042378,14.222555010596858,3.143333,0.8,0.0,1,0,0
2024-01-05 23:00:00,2.0,15.0,0.30079963703498025,17.961706254630734,14.202896889257385,3.101667,0.8,0.0,1,0,0
2024-01-05 23:15:00,2.0,15.0,0.37664770265332054,17.795448771842548,14.176825759586922,3.101667,0.8,0.0,1,0,0
2024-01-05 23:30:00,2.0,15.0,0.44415596137853186,17.635047103400485,14.145341839900759,3.101667,0.8,0.0,1,0,0
2024-01-05 23:45:00,2.0,15.0,0.504659274829941,17.480037214978104,14.109003804493852,3.101667,0.8,0.0,1,0,0
2024-01-06 00:00:00,2.0,15.0,0.5702555030081746,17.329976757967255,14.067878753639913,3.045,0.8,0.0,1,0,0
2024-01-06 00:15:00,2.0,15.0,0.6187927042597123,17.18445525937795,14.022398083285205,3.045,0.8,0.0,1,0,0
2024-01-06 00:30:00,2.0,15.0,0.6613186735675803,17.043136518587705,13.973497028444958,3.045,0.8,0.0,1,0,0
2024-01-06 00:45:00,2.0,15.0,0.6991565733668249,16.90570640469094,13.921549556876952,3.045,0.8,0.0,1,0,0
2024-01-06 01:00:00,2.0,15.0,0.972475186071378,16.771452537800812,13.8576857554558,1.8583329999999998,0.8,0.0,1,0,0
2024-01-06 01:15:00,2.0,15.0,1.0054275292143717,16.639555901897342,13.781618078998664,1.8583329999999998,0.8,0.0,1,0,0
2024-01-06 01:30:00,2.0,15.0,1.0185043191514767,16.510049716484552,13.70447584117673,1.8583329999999998,0.8,0.0,1,0,0
2024-01-06 01:45:00,2.0,15.0,1.0295511346936304,16.38279077020226,13.626421122456975,1.8583329999999998,0.8,0.0,1,0,0
2024-01-06 02:00:00,2.0,15.0,1.0458317428445463,16.25763582900073,13.54732899831219,1.823333,0.8,0.0,1,0,0
2024-01-06 02:15:00,2.0,15.0,1.0534748729475958,16.13444916450475,13.467314636710574,1.823333,0.8,0.0,1,0,0
2024-01-06 02:30:00,2.0,15.0,1.059132223310116,16.01312986127162,13.386818101465057,1.823333,0.8,0.0,1,0,1
2024-01-06 02:45:00,2.0,15.0,1.0634649109727834,15.893580592321248,13.30594523881773,1.823333,0.0,0.0,0,0,0
2024-01-06 03:00:00,2.0,15.0,1.0174423410254747,15.775799855966518,13.226680063787246,2.066667,0.0,0.0,0,0,0
2024-01-06 03:15:00,2.0,15.0,1.018837682337668,15.6598208829534,13.149230967459342,2.066667,0.0,0.0,0,0,0
2024-01-06 03:30:00,2.0,15.0,1.022617192803465,15.545513836729064,13.071450937510441,2.066667,0.0,0.0,0,0,0
2024-01-06 03:45:00,2.0,15.0,1.025284332474547,15.432795679743602,12.993428884298224,2.066667,0.0,0.0,0,0,0
2024-01-06 04:00:00,2.0,15.0,1.0437825534024177,15.321560495249878,12.91459838136168,1.9833329999999998,0.7926111111111112,0.7778333333333334,1,1,0
2024-01-06 04:15:00,1.0,16.633333333333333,0.9523347618939784,15.41354830563758,12.836619114205517,1.9833329999999998,0.8,0.0,1,0,0
2024-01-06 04:30:00,2.0,16.866666666666667,0.4792560869168478,16.162521463166673,12.78296468624829,1.9833329999999998,0.8,0.0,1,0,0
2024-01-06 04:45:00,2.0,15.0,0.41548643402064733,16.18513292524121,12.751903678736722,1.9833329999999998,0.8,0.0,1,0,1
2024-01-06 05:00:00,2.0,15.7,0.45086933417842495,16.062465449583364,12.718444437745859,2.066667,0.0,0.0,0,0,0
2024-01-06 05:15:00,1.0,15.933333333333334,0.38372506491465613,16.132778266959136,12.68690905452018,2.066667,0.0,0.0,0,0,0
2024-01-06 05:30:00,2.0,16.166666666666668,0.14318888257317822,16.53518269145056,12.666286910235344,2.066667,0.0,0.0,0,0,0
2024-01-06 05:45:00,2.0,15.0,0.17448592347985045,16.436597449550966,12.65569853729224,2.066667,0.0,0.0,0,0,0
2024-01-06 06:00:00,2.0,15.0,0.37363471584459723,16.269669478928062,12.634515676198188,1.491667,0.0,0.0,0,0,0
2024-01-06 06:15:00,1.0,15.933333333333334,0.4412518204460471,16.13823803498664,12.602664337442713,1.491667,0.8,0.7778333333333334,1,1,0
2024-01-06 06:30:00,2.0,16.166666666666668,0.1996500356501492,16.536473982956714,12.577703303600952,1.491667,0.8,0.0,1,0,0
2024-01-06 06:45:00,2.0,15.0,0.22994623040743978,16.433717030834387,12.562854554045174,1.491667,0.8,0.0,1,0,0
2024-01-06 07:00:00,2.0,15.7,0.30172895065663163,16.336814989455185,12.541487598134095,1.375,0.8,0.0,1,0,0
2024-01-06 07:15:00,1.0,15.933333333333334,0.2821988673093799,16.3436899317756,12.519901980867274,1.375,0.8,0.0,1,0,0
2024-01-06 07:30:00,2.0,18.266666666666666,-0.04424139798810014,16.95159344247882,12.508110437598592,1.375,0.8,0.0,1,0,0
2024-01-06 07:45:00,2.0,15.0,-0.25485082546565496,17.26382886131326,12.524242906647595,1.375,0.8,0.0,1,0,0
2024-01-06 08:00:00,1.0,15.933333333333334,-0.07468431842875982,17.086665912641667,12.536090540034133,1.088333,0.8,0.0,1,0,0
2024-01-06 08:15:00,1.0,18.5,-0.3592627139325397,17.66459891520245,12.549612191274683,1.088333,0.8,0.0,1,0,0
2024-01-06 08:30:00,1.0,18.5,-0.8260915824635134,18.536774199869466,12.596260632090466,1.088333,0.8,0.0,1,0,0
2024-01-06 08:45:00,1.0,18.5,-1.0294418934544358,18.928100827731274,12.67137507998388,1.088333,0.8,0.0,1,0,0
2024-01-06 09:00:00,2.0,16.866666666666667,-0.8603134157720785,18.663110891871533,12.743008404526753,1.26,0.8,0.0,1,0,0
2024-01-06 09:15:00,2.0,15.0,-0.6689072437778745,18.40758789418252,12.800739887468037,1.26,0.8,0.0,1,0,0
2024-01-06 09:30:00,1.0,17.333333333333332,-0.493673009108432,18.1650469557955,12.844467180031627,1.26,0.8,0.0,1,0,0
2024-01-06 09:45:00,3.0,17.8,-0.44656702019743777,18.155080253661364,12.878176566952996,1.26,0.8,0.0,1,0,0
2024-01-06 10:00:00,3.0,18.5,-0.3862351175550234,18.08576104517321,12.911564957660561,1.25,0.8,0.0,1,0,1
2024-01-06 10:15:00,1.0,18.5,-0.6073541025636284,18.580964752074596,12.946155103890666,1.25,0.0,0.0,0,0,0
2024-01-06 10:30:00,1.0,18.5,-0.7959757210520415,18.918175128481206,13.004182375367956,1.25,0.0,0.0,0,0,0
2024-01-06 10:45:00,1.0,18.5,-0.6093208816719404,18.663814944121953,13.057219376354984,1.25,0.0,0.0,0,0,0
2024-01-06 11:00:00,1.0,18.5,-0.6134449689553113,18.422991851835548,13.10330530234899,2.116667,0.0,0.0,0,0,0
2024-01-06 11:15:00,1.0,18.5,-0.46178120625276253,18.195068105375913,13.144229580925073,2.116667,0.8,0.7852222222222223,1,1,0
2024-01-06 11:30:00,1.0,18.5,-0.3918737109961194,18.155753016507834,13.174479688853694,2.116667,0.8,0.0,1,0,0
2024-01-06 11:45:00,1.0,18.5,-0.759050790118309,18.861634380175932,13.218358828966156,2.116667,0.8,0.0,1,0,0
2024-01-06 12:00:00,2.0,18.266666666666666,-0.7702936603625298,18.836042038338118,13.279712242813963,2.3399999999999994,0.8,0.0,1,0,0
2024-01-06 12:15:00,2.0,15.0,-0.5943960344426347,18.59743435329232,13.33125253057408,2.3399999999999994,0.8,0.0,1,0,1
2024-01-06 12:30:00,1.0,16.633333333333333,-0.4324938611270926,18.370852853233878,13.369853425672927,2.3399999999999994,0.0,0.0,0,0,0
2024-01-06 12:45:00,1.0,18.5,-0.28631028894662286,18.15527031279438,13.396768262401931,2.3399999999999994,0.0,0.0,0,0,0
2024-01-06 13:00:00,1.0,18.5,-0.5245732059403521,18.220535933750604,13.424876291756242,3.55,0.0,0.0,0,0,0
2024-01-06 13:15:00,1.0,18.5,-0.8890425335199231,18.8832572511437,13.481343303577914,3.55,0.0,0.0,0,0,0
2024-01-06 13:30:00,1.0,18.5,-0.7809767456707749,18.75204860142296,13.54663537500486,3.55,0.0,0.0,0,0,0
2024-01-06 13:45:00,1.0,18.5,-0.6096572730667643,18.528334101369804,13.599062753608461,3.55,0.0,0.0,0,0,0
2024-01-06 14:00:00,1.0,18.5,-0.42072535467279626,18.317798513910486,13.637797201271168,3.376667,0.0,0.0,0,0,0
2024-01-06 14:15:00,1.0,18.5,-0.28249517320610473,18.11953451081864,13.664053600214285,3.376667,0.0,0.0,0,0,0
2024-01-06 14:30:00,1.0,18.5,-0.34382512690267525,18.313629604529307,13.684588984812617,3.376667,0.0,0.0,0,0,0
2024-01-06 14:45:00,1.0,18.5,-0.6844484681062524,18.927083822431886,13.727147198188488,3.376667,0.0,0.0,0,0,0
2024-01-06 15:00:00,3.0,18.5,-0.45416543900676704,18.753251401468425,13.771324048973787,2.853333,0.0,0.0,0,0,0
2024-01-06 15:15:00,1.0,18.5,-0.29994863721891263,18.538662623063114,13.799287229319312,2.853333,0.0,0.0,0,0,0
2024-01-06 15:30:00,1.0,18.5,-0.1677840022161193,18.334140689779574,13.816682492918597,2.853333,0.0,0.0,0,0,0
2024-01-06 15:45:00,1.0,18.5,-0.048584570783596154,18.138836457799503,13.824543668379617,2.853333,0.0,0.0,0,0,0
2024-01-06 16:00:00,1.0,18.5,-0.08632505049217766,18.221491462841428,13.826912772435406,2.951667,0.0,0.0,0,0,0
2024-01-06 16:15:00,3.0,18.5,-0.4690058832821656,18.898262052484785,13.850165951548513,2.951667,0.0,0.0,0,0,0
2024-01-06 16:30:00,3.0,18.5,-0.3925301307819857,18.779165751747872,13.884760398789695,2.951667,0.0,0.0,0,0,0
2024-01-06 16:45:00,3.0,18.5,-0.24995318572357458,18.56580971944039,13.908779376787484,2.951667,0.0,0.0,0,0,0
2024-01-06 17:00:00,3.0,18.5,0.05141502465277335,18.362001315517798,13.91587591727728,2.096667,0.7335,0.7298055555555556,1,1,0
2024-01-06 17:15:00,3.0,18.5,0.1697254637113237,18.166508960958833,13.906629962301244,2.096667,0.7889166666666667,0.0,1,0,0
2024-01-06 17:30:00,1.0,18.5,0.1860791297638214,18.156233105608447,13.890977757134014,2.096667,0.8,0.0,1,0,0
2024-01-06 17:45:00,1.0,18.5,-0.21571786762594375,18.858514324120893,13.892618002220608,2.096667,0.8,0.0,1,0,0
2024-01-06 18:00:00,1.0,18.5,-0.05218320498082045,18.813973641642978,13.90554859274141,1.36,0.8,0.0,1,0,0
2024-01-06 18:15:00,1.0,18.5,0.0817170136853863,18.598601092674937,13.903613270185039,1.36,0.8,0.0,1,0,0
2024-01-06 18:30:00,1.0,18.5,0.19243762672458117,18.392110606179674,13.892815390658809,1.36,0.8,0.0,1,0,0
2024-01-06 18:45:00,2.0,16.166666666666668,0.2920563073197157,18.1937717708084,13.874040276434386,1.36,0.8,0.0,1,0,0
2024-01-06 19:00:00,2.0,15.0,0.45735836360880744,18.002785819827363,13.845181184610166,0.985,0.8,0.0,1,0,0
2024-01-06 19:15:00,2.0,15.0,0.5387783889299452,17.81837250514238,13.806779117650922,0.985,0.8,0.0,1,0,0
2024-01-06 19:30:00,2.0,15.0,0.6067272118702115,17.64006831754433,13.762924472478163,0.985,0.8,0.0,1,0,0
2024-01-06 19:45:00,2.0,15.0,0.6675101204021685,17.467397063214023,13.7141887924149,0.985,0.8,0.0,1,0,0
2024-01-06 20:00:00,1.0,17.333333333333332,0.6461267792263697,17.52149413846877,13.66183593896817,0.86,0.8,0.0,1,0,0
2024-01-06 20:15:00,2.0,16.866666666666667,0.19137229615510024,18.26857205372791,13.63095370263343,0.86,0.8,0.0,1,0,0
2024-01-06 20:30:00,2.0,15.0,0.1748791109966556,18.23708799321046,13.61987402238085,0.86,0.8,0.0,1,0,0
2024-01-06 20:45:00,2.0,15.0,0.2783933227013367,18.033641171839957,13.602275812074161,0.86,0.8,0.0,1,0,0
2024-01-06 21:00:00,1.0,15.233333333333333,0.40108694620822194,17.837889754054878,13.57608431188959,0.713333,0.8,0.0,1,0,0
2024-01-06 21:15:00,1.0,18.5,0.1947412810013719,18.236771461116266,13.54990541641352,0.713333,0.8,0.0,1,0,0
2024-01-06 21:30:00,1.0,18.5,-0.21283503139176116,18.903309984728086,13.55435005698504,0.713333,0.8,0.0,1,0,0
2024-01-06 21:45:00,2.0,15.466666666666667,-0.1249333785539647,18.741152452706974,13.568549336620439,0.713333,0.8,0.0,1,0,0
2024-01-06 22:00:00,2.0,15.0,0.016003209161403114,18.51450119529107,13.572267575047476,0.68,0.8,0.0,1,0,0
2024-01-06 22:15:00,2.0,16.4,0.13700148168803894,18.29741381898368,13.566034670462459,0.68,0.8,0.0,1,0,0
2024-01-06 22:30:00,2.0,15.0,0.24547393113279126,18.089104866019625,13.551117569697292,0.68,0.8,0.0,1,0,0
2024-01-06 22:45:00,2.0,15.0,0.34302876812247857,17.88885549950174,13.528386907908269,0.68,0.8,0.0,1,0,0
2024-01-06 23:00:00,2.0,15.0,0.40778091611068795,17.696052978193247,13.499512267363878,0.793333,0.8,0.0,1,0,0
2024-01-06 23:15:00,2.0,15.0,0.48613185496264083,17.510156558285168,13.465267389001935,0.793333,0.8,0.0,1,0,0
2024-01-06 23:30:00,2.0,15.0,0.5578912553352796,17.330600242399715,13.425266467762487,0.793333,0.8,0.0,1,0,0
2024-01-06 23:45:00,2.0,15.0,0.622142686653498,17.15688587028793,13.380108312914047,0.793333,0.8,0.0,1,0,0
2024-01-07 00:00:00,2.0,15.0,0.5974278148201059,16.988706566251764,13.33349207760699,1.2,0.8,0.0,1,0,0
2024-01-07 00:15:00,2.0,15.0,0.6475867544674944,16.825841775456567,13.286114468176008,1.2,0.8,0.0,1,0,0
2024-01-07 00:30:00,2.0,15.0,0.6977561925050292,16.667824094783004,13.234704010674333,1.2,0.8,0.0,1,0,0
2024-01-07 00:45:00,2.0,15.0,0.7424544399671095,16.514287646192447,13.179697127414881,1.2,0.8,0.0,1,0,0
2024-01-07 01:00:00,2.0,15.0,0.7549181007186169,16.36494807008939,13.122537282844894,1.335,0.8,0.0,1,0,0
2024-01-07 01:15:00,2.0,15.0,0.7897891697589112,16.21956602848344,13.063651098380534,1.335,0.8,0.0,1,0,0
2024-01-07 01:30:00,2.0,15.0,0.8224447618564334,16.077835103278616,13.002129612995708,1.335,0.8,0.0,1,0,0
2024-01-07 01:45:00,2.0,15.0,0.8512732987710162,15.939496081994992,12.93827816884355,1.335,0.8,0.0,1,0,0
2024-01-07 02:00:00,2.0,15.7,0.7123221900335907,15.965885472345336,12.877855550720268,1.738333,0.8,0.0,1,0,0
2024-01-07 02:15:00,2.0,15.0,0.7023709288587489,15.884988092128633,12.825272953251227,1.738333,0.8,0.0,1,0,0
2024-01-07 02:30:00,2.0,15.0,0.7376315543945553,15.74783006439504,12.770304184753345,1.738333,0.8,0.0,1,0,0
2024-01-07 02:45:00,2.0,15.0,0.7688684062896587,15.614140489335476,12.712815106315942,1.738333,0.8,0.0,1,0,0
2024-01-07 03:00:00,2.0,15.0,0.7523492531530477,15.483750916447542,12.654791130245952,1.956667,0.8,0.0,1,0,0
2024-01-07 03:15:00,2.0,15.0,0.7760391066048711,15.356539368431857,12.59660557757988,1.956667,0.8,0.0,1,0,0
2024-01-07 03:30:00,2.0,15.0,0.799746190051996,15.232251457021905,12.536501201114918,1.956667,0.8,0.0,1,0,0
2024-01-07 03:45:00,2.0,15.0,0.820528641226545,15.110687410672687,12.474711377959329,1.956667,0.8,0.0,1,0,0
2024-01-07 04:00:00,2.0,15.0,0.8322638385189104,14.991676654437343,12.411693335827833,1.988333,0.8,0.0,1,0,0
2024-01-07 04:15:00,1.0,17.8,0.6944349752773068,15.199486183073455,12.350788718217492,1.988333,0.8,0.0,1,0,0
2024-01-07 04:30:00,1.0,18.5,0.13887764446034404,16.13764758351763,12.31995921806168,1.988333,0.8,0.0,1,0,0
2024-01-07 04:45:00,2.0,16.4,-0.30912645726228527,16.88673008482539,12.329923390258967,1.988333,0.8,0.0,1,0,1
2024-01-07 05:00:00,2.0,15.0,-0.23057780336024272,16.788528203108463,12.352318111207707,1.873333,0.0,0.0,0,0,0
2024-01-07 05:15:00,1.0,17.8,-0.26032793831739093,16.919057484036777,12.367851141007256,1.873333,0.0,0.0,0,0,0
2024-01-07 05:30:00,2.0,17.1,-0.6914899519058093,17.71211314236414,12.405507582365297,1.873333,0.0,0.0,0,0,0
2024-01-07 05:45:00,2.0,15.0,-0.6681538187946551,17.698193738923862,12.460412457415561,1.873333,0.7408888888888889,0.7261111111111112,1,1,0
2024-01-07 06:00:00,2.0,15.0,-0.3385093182743836,17.47056868489445,12.498175461707916,1.066667,0.7963055555555556,0.0,1,0,0
2024-01-07 06:15:00,1.0,16.166666666666668,-0.20279615483124586,17.30300766226235,12.517385418281712,1.066667,0.8,0.0,1,0,0
2024-01-07 06:30:00,2.0,18.033333333333335,-0.5103444041251947,17.91878893709965,12.542028995501619,1.066667,0.8,0.0,1,0,0
2024-01-07 06:45:00,1.0,18.033333333333335,-0.630646121945741,18.123805680532467,12.5899442100146,1.066667,0.8,0.0,1,0,0
2024-01-07 07:00:00,1.0,18.5,-0.7332387884031056,18.398028408596712,12.638199638614056,1.176667,0.8,0.0,1,0,0
2024-01-07 07:15:00,1.0,18.5,-1.007992599086132,18.91835859795071,12.708569698106906,1.176667,0.8,0.0,1,0,0
2024-01-07 07:30:00,1.0,18.5,-0.8246278010491341,18.67842709438145,12.778657627444058,1.176667,0.8,0.0,1,0,0
2024-01-07 07:45:00,1.0,18.5,-0.6327954831056741,18.422662953601524,12.833563692544624,1.176667,0.8,0.0,1,0,0
2024-01-07 08:00:00,1.0,18.5,-0.4885090182390106,18.179933473806265,12.875733417494201,1.32,0.8,0.0,1,0,0
2024-01-07 08:15:00,1.0,18.5,-0.4584092980174759,18.219819718333625,12.908941315773397,1.32,0.8,0.0,1,0,0
2024-01-07 08:30:00,1.0,18.5,-0.8157089191080747,18.8973776137094,12.95903689078308,1.32,0.8,0.0,1,0,0
2024-01-07 08:45:00,1.0,18.5,-0.7190938173858153,18.774491899301562,13.019621563648611,1.32,0.8,0.0,1,0,0
2024-01-07 09:00:00,1.0,18.5,-0.4768406472899919,18.525121638234754,13.064576045818681,1.021667,0.8,0.0,1,0,0
2024-01-07 09:15:00,1.0,18.5,-0.3119096978514186,18.288175081369435,13.093940718312316,1.021667,0.8,0.0,1,0,0
2024-01-07 09:30:00,1.0,18.5,-0.16992894865150462,18.07715603417888,13.111738774874071,1.021667,0.8,0.0,1,0,1
2024-01-07 09:45:00,1.0,18.5,-0.4079465265192076,18.579469372556964,13.130551906207035,1.021667,0.0,0.0,0,0,0
2024-01-07 10:00:00,1.0,18.5,-0.6609962837675736,18.923014138658868,13.175904881994558,1.265,0.7852222222222223,0.7593611111111112,1,1,0
2024-01-07 10:15:00,1.0,18.5,-0.48894467085811893,18.674422614575814,13.219387137247766,1.265,0.8,0.0,1,0,0
2024-01-07 10:30:00,1.0,18.5,-0.3277337702267738,18.43794456351593,13.249982369972269,1.265,0.8,0.0,1,0,0
2024-01-07 10:45:00,1.0,18.5,-0.18224864173298747,18.21255126075609,13.268944507635231,1.265,0.8,0.0,1,0,0
2024-01-07 11:00:00,1.0,18.5,-0.24244222863050247,18.135576850614804,13.283296583386594,1.9199999999999997,0.8,0.0,1,0,0
2024-01-07 11:15:00,1.0,18.5,-0.6078563232994457,18.81056494662021,13.315650620402522,1.9199999999999997,0.8,0.0,1,0,0
2024-01-07 11:30:00,1.0,18.5,-0.5851239952415688,18.788895855508613,13.364208487122323,1.9199999999999997,0.8,0.0,1,0,0
2024-01-07 11:45:00,1.0,18.5,-0.4190470881426911,18.553875070621167,13.401930570799315,1.9199999999999997,0.8,0.0,1,0,0
2024-01-07 12:00:00,1.0,18.5,-0.43378439413398845,18.3305130839657,13.433991397867404,2.735,0.8,0.0,1,0,0
2024-01-07 12:15:00,1.0,18.5,-0.3007707559493757,18.118239337375556,13.461970971723575,2.735,0.8,0.0,1,0,0
2024-01-07 12:30:00,2.0,17.1,-0.35816615190940093,18.28824363177923,13.484358051326847,2.735,0.8,0.0,1,0,0
2024-01-07 12:45:00,1.0,16.4,-0.3586541535331743,18.291240477041395,13.514564714059055,2.735,0.8,0.0,1,0,0
2024-01-07 13:00:00,1.0,18.5,-0.3039213290724247,18.084018606628707,13.539392646537197,3.143333,0.8,0.0,1,0,0
2024-01-07 13:15:00,1.0,18.5,-0.47155005855821297,18.47426744506677,13.565616500394551,3.143333,0.8,0.0,1,0,0
2024-01-07 13:30:00,1.0,18.5,-0.7205912503620479,18.90981938652967,13.615605578752733,3.143333,0.8,0.0,1,0,0
2024-01-07 13:45:00,1.0,18.5,-0.5580836722942979,18.685949465626088,13.664082585601514,3.143333,0.8,0.0,1,0,0
2024-01-07 14:00:00,1.0,18.5,-0.39472229209204734,18.468551773561313,13.699882074557676,3.1,0.8,0.0,1,0,0
2024-01-07 14:15:00,1.0,18.5,-0.2549931884216338,18.261598824785473,13.724163202601456,3.1,0.8,0.0,1,0,0
2024-01-07 14:30:00,1.0,18.5,-0.12949532042940184,18.069207665326967,13.738408656419915,3.1,0.8,0.0,1,0,0
2024-01-07 14:45:00,1.0,18.5,-0.34737227105425994,18.53607981880348,13.753206367239745,3.1,0.8,0.0,1,0,0
2024-01-07 15:00:00,1.0,18.5,-0.33782338306671517,18.907625354259114,13.783916407822462,1.946667,0.8,0.0,1,0,0
2024-01-07 15:15:00,1.0,18.5,-0.17933682629610115,18.684052539469892,13.802612538295753,1.946667,0.8,0.0,1,0,0
2024-01-07 15:30:00,1.0,18.5,-0.04926765934911061,18.47054303153489,13.8109050672214,1.946667,0.8,0.0,1,0,0
2024-01-07 15:45:00,1.0,18.5,0.06795824027830892,18.26625452435529,13.809818124000337,1.946667,0.8,0.0,1,0,1
2024-01-07 16:00:00,1.0,18.5,0.10082964162594402,18.075453547115718,13.803074209960164,2.306667,0.0,0.0,0,0,0
2024-01-07 16:15:00,1.0,18.5,-0.13613007364421847,18.543118196730155,13.801298413244602,2.306667,0.0,0.0,0,0,0
2024-01-07 16:30:00,1.0,18.5,-0.3722770904893501,18.915514772806812,13.825386174020883,2.306667,0.0,0.0,0,0,0
2024-01-07 16:45:00,1.0,18.5,-0.228747743378982,18.693494886817,13.847922880326218,2.306667,0.0,0.0,0,0,0
2024-01-07 17:00:00,1.0,18.5,-0.12327945890806043,18.481677401830538,13.860919229060364,2.438333,0.0,0.0,0,0,0
2024-01-07 17:15:00,1.0,18.5,-0.004576058677242387,18.27927174885379,13.865478414190717,2.438333,0.0,0.0,0,0,0
2024-01-07 17:30:00,1.0,18.5,0.10413993667292658,18.085473093394018,13.861337871723926,2.438333,0.7298055555555556,0.6817777777777778,1,1,0
2024-01-07 17:45:00,1.0,18.5,-0.08830836106433212,18.487201819158653,13.857285185744244,2.438333,0.7852222222222223,0.0,1,0,0
2024-01-07 18:00:00,1.0,18.5,-0.2577104463849075,18.93233152080269,13.87509721808768,1.905,0.8,0.0,1,0,0
2024-01-07 18:15:00,1.0,18.5,-0.1193345622925166,18.71604835564578,13.889027835043553,1.905,0.8,0.0,1,0,0
2024-01-07 18:30:00,1.0,18.5,0.006058147114950407,18.50456185126461,13.892941970807112,1.905,0.8,0.0,1,0,0
2024-01-07 18:45:00,1.0,18.5,0.1190306946949146,18.30203390061021,13.887815456644857,1.905,0.8,0.0,1,0,0
2024-01-07 19:00:00,1.0,18.5,0.34194404676415535,18.10750798912018,13.869890894461102,1.305,0.8,0.0,1,0,0
2024-01-07 19:15:00,1.0,18.5,0.21838449197280385,18.366488154931233,13.844850942894281,1.305,0.8,0.0,1,0,0
2024-01-07 19:30:00,1.0,18.5,-0.13402635619927475,18.932591252230498,13.845681312687667,1.305,0.8,0.0,1,0,0
2024-01-07 19:45:00,1.0,18.5,-0.027920347270040384,18.738466041186776,13.852373082483592,1.305,0.8,0.0,1,0,0
2024-01-07 20:00:00,1.0,18.5,0.08362684205979623,18.524038999566656,13.849865124908522,1.355,0.8,0.0,1,0,0
2024-01-07 20:15:00,1.0,18.5,0.19302672733246443,18.31845783441973,13.839002200855491,1.355,0.8,0.0,1,0,0
2024-01-07 20:30:00,1.0,18.5,0.29212442447613457,18.12098783841065,13.820203716655227,1.355,0.8,0.0,1,0,0
2024-01-07 20:45:00,1.0,18.5,0.1974515347914796,18.314009380992967,13.798336378604203,1.355,0.8,0.0,1,0,0
2024-01-07 21:00:00,1.0,18.5,-0.2813485643248301,18.924899887011318,13.805050928219487,1.888333,0.8,0.0,1,0,0
2024-01-07 21:15:00,1.0,18.5,-0.1867574469834642,18.74911611657376,13.824079870249195,1.888333,0.8,0.0,1,0,0
2024-01-07 21:30:00,1.0,18.033333333333335,-0.05512397061227657,18.533594450228232,13.83287317224658,1.888333,0.8,0.0,1,0,0
2024-01-07 21:45:00,2.0,17.566666666666666,0.06351557514988387,18.327397893420187,13.83217404063429,1.888333,0.8,0.0,1,0,0
2024-01-07 22:00:00,2.0,15.0,0.11480631852862828,18.129850802606427,13.825056995071206,2.163333,0.8,0.0,1,0,0
2024-01-07 22:15:00,2.0,15.0,0.210204246242742,17.940378716864014,13.812513394386942,2.163333,0.8,0.0,1,0,0
2024-01-07 22:30:00,2.0,15.0,0.2996862821107897,17.758279127427574,13.792803234064566,2.163333,0.8,0.0,1,0,0
2024-01-07 22:45:00,2.0,15.0,0.38009191448903823,17.58295348725665,13.766650339825132,2.163333,0.8,0.0,1,0,0
2024-01-07 23:00:00,2.0,15.0,0.6037777156076786,17.413588038552938,13.728891192333085,1.413333,0.8,0.0,1,0,0
2024-01-07 23:15:00,2.0,15.0,0.6705104376593624,17.249334767762363,13.679745650806638,1.413333,0.8,0.0,1,0,0
2024-01-07 23:30:00,2.0,15.0,0.7201106576047603,17.089914390881354,13.6266121712757,1.413333,0.8,0.0,1,0,0
2024-01-07 23:45:00,2.0,15.0,0.764279912424261,16.934963449981762,13.569923972977536,1.413333,0.8,0.0,1,0,1
2024-01-08 00:00:00,2.0,15.0,1.007228721844269,16.783788804959595,13.502248843664033,0.405,0.0,0.0,0,0,0
2024-01-08 00:15:00,2.0,15.0,1.044743321415044,16.635614622625038,13.423437421723882,0.405,0.0,0.0,0,0,0
2024-01-08 00:30:00,2.0,15.0,1.0642897822860027,16.49039642147522,13.343032612317147,0.405,0.0,0.0,0,0,0
2024-01-08 00:45:00,2.0,15.0,1.0811326240655836,16.34794633518138,13.261250222577782,0.405,0.0,0.0,0,0,0
2024-01-08 01:00:00,2.0,15.0,1.1039450065938248,16.208078123826827,13.177962331787455,0.363333,0.0,0.0,0,0,0
2024-01-08 01:15:00,2.0,15.0,1.1162367683117709,16.070615983950976,13.093324981622485,0.363333,0.0,0.0,0,0,0
2024-01-08 01:30:00,2.0,15.0,1.125947904925824,15.935426919087039,13.007879304254802,0.363333,0.0,0.0,0,0,0
2024-01-08 01:45:00,2.0,15.0,1.1338847635876559,15.802383441830317,12.92176701246974,0.363333,0.0,0.0,0,0,0
2024-01-08 02:00:00,2.0,15.0,1.09846617833412,15.671443425426475,12.836720094183038,0.57,0.0,0.0,0,0,0
2024-01-08 02:15:00,2.0,15.0,1.1027878550927743,15.542597852657346,12.75295804405893,0.57,0.0,0.0,0,0,0
2024-01-08 02:30:00,2.0,15.0,1.1086524567464926,15.415702491094969,12.668695856653967,0.57,0.0,0.0,0,0,0
2024-01-08 02:45:00,2.0,15.0,1.1131361301572187,15.290655835241633,12.584043874992803,0.57,0.0,0.0,0,0,0
2024-01-08 03:00:00,2.0,15.0,1.0594696635050576,15.167466340588398,12.501287656076562,0.8516670000000001,0.0,0.0,0,0,0
2024-01-08 03:15:00,2.0,15.0,1.060815321470484,15.04618179433399,12.42065847910411,0.8516670000000001,0.0,0.0,0,0,0
2024-01-08 03:30:00,2.0,15.0,1.0650329680401223,14.92666043541126,12.339662133689362,0.8516670000000001,0.0,0.0,0,0,0
2024-01-08 03:45:00,2.0,15.0,1.0680642452703308,14.808813953861359,12.258393439578088,0.8516670000000001,0.0,0.0,0,0,0
2024-01-08 04:00:00,1.0,15.466666666666667,1.031977173092997,14.697591837969954,12.178399570381467,1.04,0.0,0.0,0,0,0
2024-01-08 04:15:00,2.0,15.233333333333333,0.704266685915102,15.223645025016497,12.109442309978453,1.04,0.0,0.0,0,0,0
2024-01-08 04:30:00,1.0,16.866666666666667,0.43818050985139045,15.598254400073104,12.069095727240008,1.04,0.0,0.0,0,0,0
2024-01-08 04:45:00,1.0,18.5,-0.01706701689156471,16.401890348983617,12.052083402690647,1.04,0.0,0.0,0,0,0
2024-01-08 05:00:00,2.0,15.233333333333333,-0.18561662484745853,16.85901506172039,12.064466371498831,0.448333,0.0,0.0,0,0,0
2024-01-08 05:15:00,1.0,16.866666666666667,-0.11611652144714185,16.79213119317629,12.074079295908108,0.448333,0.0,0.0,0,0,0
2024-01-08 05:30:00,1.0,17.8,-0.4439262647935861,17.41332243913262,12.095239514757973,0.448333,0.0,0.0,0,0,0
2024-01-08 05:45:00,2.0,15.233333333333333,-0.6281495756233146,17.74334504595236,12.139243849680769,0.448333,0.0,0.0,0,0,0
2024-01-08 06:00:00,2.0,15.0,-0.4832936345334301,17.50459344465422,12.181347598762473,0.55,0.0,0.0,0,0,0
2024-01-08 06:15:00,1.0,15.466666666666667,-0.3264450281745474,17.27773686161323,12.211745134539154,0.55,0.0,0.0,0,0,0
2024-01-08 06:30:00,1.0,18.5,-0.514572167325436,17.71223524421237,12.240319743555055,0.55,0.0,0.0,0,0,0
2024-01-08 06:45:00,1.0,18.5,-0.9634594424910266,18.568742998963373,12.298060158141247,0.55,0.0,0.0,0,0,0
2024-01-08 07:00:00,1.0,18.5,-1.1369029662672778,18.877350358747638,12.382528839752991,0.658333,0.0,0.0,0,0,0
2024-01-08 07:15:00,1.0,18.5,-0.9169232060949232,18.596719653561205,12.4602207526162,0.658333,0.0,0.0,0,0,0
2024-01-08 07:30:00,1.0,18.5,-0.7140278846365593,18.330928386475446,12.521701866442895,0.658333,0.0,0.0,0,0,0
2024-01-08 07:45:00,1.0,18.5,-0.5335558177496101,18.09357245334657,12.568547388770696,0.658333,0.0,0.0,0,0,0
2024-01-08 08:00:00,1.0,18.5,-0.7465178174254291,18.572094776470006,12.614000143710884,0.706667,0.0,0.0,0,0,0
2024-01-08 08:15:00,1.0,18.5,-0.9190665435108105,18.894067369742206,12.68199144316736,0.706667,0.0,0.0,0,0,0
2024-01-08 08:30:00,1.0,18.5,-0.7171955864280946,18.625509101038904,12.743778263389286,0.706667,0.0,0.0,0,0,0
2024-01-08 08:45:00,1.0,18.5,-0.5322105060719013,18.370640364805176,12.79078194452118,0.706667,0.0,0.0,0,0,0
2024-01-08 09:00:00,1.0,18.5,-0.349479336873362,18.128561200564,12.823828163928091,0.628333,0.0,0.0,0,0,0
2024-01-08 09:15:00,1.0,18.5,-0.41548971118054445,18.344655889335975,12.849360965198002,0.628333,0.0,0.0,0,0,0
2024-01-08 09:30:00,1.0,18.5,-0.7362253939962317,18.925530697076116,12.896816610002222,0.628333,0.0,0.0,0,0,0
2024-01-08 09:45:00,1.0,18.5,-0.5866351080625993,18.712804692813013,12.947954429609263,0.628333,0.0,0.0,0,0,0
2024-01-08 10:00:00,1.0,18.5,-0.4147132298336261,18.463304578563065,12.98554261530145,0.64,0.0,0.0,0,0,0
2024-01-08 10:15:00,2.0,16.633333333333333,-0.2575043160427027,18.225851691894018,13.010653528217862,0.64,0.6300555555555556,0.5857222222222223,1,1,0
2024-01-08 10:30:00,1.0,16.166666666666668,-0.132534678955516,18.048783614040904,13.024553723928154,0.64,0.6854722222222223,0.0,1,0,0
2024-01-08 10:45:00,1.0,18.5,-0.4390137957887787,18.65523718722985,13.043800020084209,0.64,0.7408888888888889,0.0,1,0,0
2024-01-08 11:00:00,1.0,18.5,-0.6098361609356651,18.85101687987533,13.088219784002755,0.895,0.7963055555555556,0.0,1,0,0
2024-01-08 11:15:00,1.0,18.5,-0.43774271595600905,18.601479975390294,13.127708474323068,0.895,0.8,0.0,1,0,0
2024-01-08 11:30:00,1.0,18.5,-0.2789583975957681,18.36393326974432,13.154502894759109,0.895,0.8,0.0,1,0,0
2024-01-08 11:45:00,1.0,18.5,-0.1356947896067417,18.13736101560917,13.169840630817014,0.895,0.8,0.0,1,0,0
2024-01-08 12:00:00,1.0,18.5,-0.25293538294846135,18.30407974761533,13.181319221397663,1.2050000000000003,0.8,0.0,1,0,0
2024-01-08 12:15:00,1.0,18.5,-0.613460245881654,18.940181007708368,13.217544556449555,1.2050000000000003,0.8,0.0,1,0,0
2024-01-08 12:30:00,1.0,18.5,-0.4943075947385404,18.764467851546346,13.260976527145647,1.2050000000000003,0.8,0.0,1,0,0
2024-01-08 12:45:00,1.0,18.5,-0.3316816864723956,18.526027233706237,13.291921924693757,1.2050000000000003,0.8,0.0,1,0,0
2024-01-08 13:00:00,1.0,18.5,-0.25556442764990134,18.29876695674081,13.313846658930524,1.555,0.8,0.0,1,0,0
2024-01-08 13:15:00,1.0,18.5,-0.12400670151665354,18.086860605704192,13.328066915400173,1.555,0.8,0.0,1,0,0
2024-01-08 13:30:00,1.0,18.5,-0.3317413590875413,18.535028497369,13.342027651673844,1.555,0.8,0.0,1,0,0
2024-01-08 13:45:00,1.0,18.5,-0.5462358106181976,18.88938025665829,13.380124695807138,1.555,0.8,0.0,1,0,0
2024-01-08 14:00:00,1.0,18.5,-0.4025178917998119,18.650501795929507,13.415852399243532,1.651667,0.8,0.0,1,0,0
2024-01-08 14:15:00,1.0,18.5,-0.25271882929732764,18.422876891801867,13.440384268329726,1.651667,0.8,0.0,1,0,0
2024-01-08 14:30:00,1.0,18.5,-0.11627471506348454,18.205721503866993,13.454004440549252,1.651667,0.8,0.0,1,0,0
2024-01-08 14:45:00,1.0,18.5,-0.05239749108433892,18.13631103003921,13.458586816221365,1.651667,0.8,0.0,1,0,0
2024-01-08 15:00:00,1.0,18.5,-0.506966964558173,18.81782215924995,13.479565070180278,2.065,0.8,0.0,1,0,0
2024-01-08 15:15:00,1.0,18.5,-0.4991676886128926,18.80185905570217,13.521267307193135,2.065,0.8,0.0,1,0,0
2024-01-08 15:30:00,1.0,18.5,-0.3410722553657751,18.57202770896253,13.552770065137475,2.065,0.8,0.0,1,0,0
2024-01-08 15:45:00,1.0,18.5,-0.1983844875770542,18.353041517631937,13.572863956055548,2.065,0.8,0.0,1,0,0
2024-01-08 16:00:00,1.0,18.5,-0.15317056977302865,18.144106247239847,13.585871432348451,2.478333,0.8,0.0,1,0,0
2024-01-08 16:15:00,1.0,18.5,-0.1917266787428483,18.268999844896673,13.596144485815579,2.478333,0.8,0.0,1,0,0
2024-01-08 16:30:00,1.0,18.5,-0.5511726040881497,18.908979883505125,13.627184313897722,2.478333,0.8,0.0,1,0,0
2024-01-08 16:45:00,1.0,18.5,-0.44569018768486385,18.751120872761785,13.66643514951023,2.478333,0.8,0.0,1,0,0
2024-01-08 17:00:00,1.0,18.5,-0.37723463580212574,18.529766885966428,13.697329462645795,2.883333,0.8,0.0,1,0,0
2024-01-08 17:15:00,1.0,18.5,-0.24272569436381244,18.31909497020394,13.720726250022967,2.883333,0.8,0.0,1,0,0
2024-01-08 17:30:00,1.0,18.5,-0.11593786578380867,18.11814100110192,13.7339837928063,2.883333,0.8,0.0,1,0,0
2024-01-08 17:45:00,1.0,18.5,-0.185367823009171,18.309128767443447,13.74216385707219,2.883333,0.8,0.0,1,0,0
2024-01-08 18:00:00,1.0,18.5,-0.5721243204175221,18.919170759116234,13.77444290352785,3.075,0.8,0.0,1,0,0
2024-01-08 18:15:00,1.0,18.5,-0.4556058404856166,18.74343382677499,13.81454308011332,3.075,0.8,0.0,1,0,0
2024-01-08 18:30:00,1.0,18.5,-0.3085962918108468,18.528815017886163,13.843184682649571,3.075,0.8,0.0,1,0,0
2024-01-08 18:45:00,1.0,18.5,-0.17592017877263766,18.324291927237393,13.86121767983684,3.075,0.8,0.0,1,0,0
2024-01-08 19:00:00,1.0,18.5,-0.1168604038270661,18.129120387562736,13.872007599048496,3.375,0.8,0.0,1,0,0
2024-01-08 19:15:00,1.0,18.5,-0.16329110322546345,18.267085233151594,13.879780618858966,3.375,0.8,0.0,1,0,0
2024-01-08 19:30:00,1.0,18.5,-0.5313698718349393,18.919490877741413,13.909010450328982,3.375,0.8,0.0,1,0,0
2024-01-08 19:45:00,1.0,18.5,-0.43367980959902225,18.77346679041633,13.94707430867663,3.375,0.8,0.0,1,0,0
2024-01-08 20:00:00,1.0,18.5,-0.3264621775885284,18.56332551326344,13.975584797895968,3.553333,0.8,0.0,1,0,0
2024-01-08 20:15:00,1.0,18.5,-0.1976751863111862,18.363182729278062,13.995232037697189,3.553333,0.8,0.0,1,0,0
2024-01-08 20:30:00,1.0,18.5,-0.07910987166568371,18.172167141066552,14.005396769383507,3.553333,0.8,0.0,1,0,0
2024-01-08 20:45:00,1.0,18.5,-0.03136799986585556,18.127668188587716,14.007813876002844,3.553333,0.8,0.0,1,0,0
2024-01-08 21:00:00,1.0,18.5,-0.49422417138972496,18.833222187446896,14.027548456909118,3.935,0.8,0.0,1,0,0
2024-01-08 21:15:00,1.0,18.5,-0.49975847773780635,18.84053548071335,14.068813945617757,3.935,0.8,0.0,1,0,0
2024-01-08 21:30:00,1.0,18.5,-0.354101258057886,18.632994301754287,14.10087532356884,3.935,0.8,0.0,1,0,0
2024-01-08 21:45:00,1.0,18.5,-0.22261072661502795,18.435393611468616,14.122424242953482,3.935,0.8,0.0,1,0,0
2024-01-08 22:00:00,1.0,18.5,-0.14707686835406517,18.246968463645754,14.136141599736446,4.148333,0.8,0.0,1,0,0
2024-01-08 22:15:00,1.0,18.5,-0.04069540620074998,18.07201703650513,14.143065033360761,4.148333,0.8,0.0,1,0,0
2024-01-08 22:30:00,1.0,18.5,-0.2730039534548735,18.555305184426015,14.151693111113582,4.148333,0.8,0.0,1,0,0
2024-01-08 22:45:00,1.0,18.5,-0.5096815027460394,18.943098842014106,14.186231028051928,4.148333,0.8,0.0,1,0,0
2024-01-08 23:00:00,1.0,18.5,-0.4318513027121292,18.736377147561015,14.22176125880287,4.471667,0.8,0.0,1,0,0
2024-01-08 23:15:00,1.0,18.5,-0.3009029495051688,18.539874258026146,14.249423902002809,4.471667,0.8,0.0,1,0,0
2024-01-08 23:30:00,1.0,18.5,-0.1783745034812662,18.35267348880797,14.267289778572527,4.471667,0.8,0.0,1,0,0
2024-01-08 23:45:00,1.0,18.5,-0.06784948708750187,18.17398891279972,14.276316021811702,4.471667,0.8,0.0,1,0,0
2024-01-09 00:00:00,1.0,18.5,-0.08867475490218521,18.106960588991132,14.280875006443965,4.858333,0.8,0.0,1,0,0
2024-01-09 00:15:00,1.0,18.5,-0.47104445408406465,18.81165661980983,14.30135933761272,4.858333,0.8,0.0,1,0,0
2024-01-09 00:30:00,1.0,18.5,-0.5093670845166688,18.88013737596335,14.342336803257593,4.858333,0.8,0.0,1,0,0
2024-01-09 00:45:00,1.0,18.5,-0.3689116255080883,18.68290636733742,14.375345044095907,4.858333,0.8,0.0,1,0,0
2024-01-09 01:00:00,1.0,18.5,-0.3235791338221511,18.495370410667554,14.401345479568644,5.261667,0.8,0.0,1,0,0
2024-01-09 01:15:00,1.0,18.5,-0.2102409249334468,18.316909332042133,14.421527656358313,5.261667,0.8,0.0,1,0,0
2024-01-09 01:30:00,1.0,18.5,-0.10257335613546399,18.1466951340372,14.433099754205669,5.261667,0.8,0.0,1,0,0
2024-01-09 01:45:00,1.0,18.5,-0.08416550939648641,18.161493362801643,14.43810883128333,5.261667,0.8,0.0,1,0,0
2024-01-09 02:00:00,1.0,18.5,-0.22768628400359453,18.888190799443727,14.450411374343625,3.993333,0.8,0.0,1,0,0
2024-01-09 02:15:00,1.0,18.5,-0.20749536067703597,18.867077961606295,14.469086786036428,3.993333,0.8,0.0,1,0,0
2024-01-09 02:30:00,1.0,18.5,-0.08763371083518914,18.674782407414344,14.479946175178746,3.993333,0.8,0.0,1,0,0
2024-01-09 02:45:00,1.0,18.5,0.02042306465997505,18.49092973510477,14.482160911940923,3.993333,0.8,0.0,1,0,0
2024-01-09 03:00:00,1.0,18.5,0.2164194550312825,18.314641147919556,14.472795673822903,3.505,0.8,0.0,1,0,0
2024-01-09 03:15:00,1.0,18.5,0.30536393817197,18.145047437522035,14.452380967600735,3.505,0.8,0.0,1,0,0
2024-01-09 03:30:00,1.0,18.5,0.3000703378304094,18.159137914783276,14.427288513415998,3.505,0.8,0.0,1,0,0
2024-01-09 03:45:00,1.0,18.5,-0.12131279742232873,18.88438728853639,14.421052677779027,3.505,0.8,0.0,1,0,0
2024-01-09 04:00:00,2.0,15.466666666666667,-0.21084780018121013,18.86195720368621,14.436563070456053,3.933333,0.8,0.0,1,0,1
2024-01-09 04:15:00,2.0,15.0,-0.09612518303559502,18.66849709074593,14.448112185105684,3.933333,0.0,0.0,0,0,0
2024-01-09 04:30:00,2.0,16.4,0.013042031207718931,18.483556396620436,14.45092802335741,3.933333,0.0,0.0,0,0,0
2024-01-09 04:45:00,1.0,18.266666666666666,0.11139061380726216,18.306425062219567,14.445873280134125,3.933333,0.0,0.0,0,0,0
2024-01-09 05:00:00,2.0,17.333333333333332,0.2012674579392256,18.136455302115785,14.43367918047368,3.926667,0.0,0.0,0,0,0
2024-01-09 05:15:00,2.0,15.0,0.28090557553604206,17.973057319796364,14.415052929162709,3.926667,0.7556666666666667,0.7482777777777778,1,1,0
2024-01-09 05:30:00,2.0,15.0,0.35236629971496947,17.815699315348194,14.390700273574522,3.926667,0.8,0.0,1,0,0
2024-01-09 05:45:00,2.0,15.0,0.41649697957843423,17.663896822483576,14.361205793132767,3.926667,0.8,0.0,1,0,0
2024-01-09 06:00:00,2.0,15.0,0.4648861561601272,17.51722550959059,14.327449115987916,3.9716670000000005,0.8,0.0,1,0,0
2024-01-09 06:15:00,1.0,18.033333333333335,0.33246309750648884,17.758346950016485,14.294001422059527,3.9716670000000005,0.8,0.0,1,0,0
2024-01-09 06:30:00,1.0,18.5,-0.19795849667266224,18.680314470184197,14.290028993824292,3.9716670000000005,0.8,0.0,1,0,0
2024-01-09 06:45:00,1.0,18.5,-0.36025593565170705,18.927403191200085,14.31587803882777,3.9716670000000005,0.8,0.0,1,0,1
2024-01-09 07:00:00,1.0,18.5,-0.11569297567441969,18.72615058852561,14.333545644448494,3.423333,0.0,0.0,0,0,0
2024-01-09 07:15:00,1.0,18.5,0.0064940885128507335,18.533708917814142,14.337030374717056,3.423333,0.0,0.0,0,0,0
2024-01-09 07:30:00,2.0,15.233333333333333,0.10923697959783049,18.349415930641047,14.332293057771885,3.423333,0.7889166666666667,0.7704444444444445,1,1,0
2024-01-09 07:45:00,1.0,18.033333333333335,0.2017279098521151,18.172597808832393,14.320151221046412,3.423333,0.8,0.0,1,0,0
2024-01-09 08:00:00,1.0,18.5,0.33604753415679584,18.106455961790235,14.298257381133936,2.96,0.8,0.0,1,0,0
2024-01-09 08:15:00,1.0,18.5,-0.05931359650549463,18.810773244086825,14.286478307690084,2.96,0.8,0.0,1,0,0
2024-01-09 08:30:00,1.0,18.5,-0.12101957603144957,18.87757732468369,14.297052080098428,2.96,0.8,0.0,1,0,1
2024-01-09 08:45:00,1.0,18.5,-0.001912473768593676,18.677501438272326,14.301354145190494,2.96,0.0,0.0,0,0,0
2024-01-09 09:00:00,1.0,18.5,0.12783295842978276,18.486147726040677,14.296205223270332,2.848333,0.0,0.0,0,0,0
2024-01-09 09:15:00,1.0,18.5,0.22445149996773198,18.302782796631867,14.28241818820008,2.848333,0.0,0.0,0,0,0
2024-01-09 09:30:00,1.0,18.5,0.30984500956315697,18.12648563754529,14.261791374161737,2.848333,0.0,0.0,0,0,0
2024-01-09 09:45:00,1.0,18.5,0.26070085879032795,18.22728785924804,14.237371580730622,2.848333,0.0,0.0,0,0,0
2024-01-09 10:00:00,1.0,18.5,-0.18453916344461993,18.92157021403456,14.236620908609662,3.015,0.0,0.0,0,0,0
2024-01-09 10:15:00,1.0,18.5,-0.13604992007508585,18.81829297684831,14.250784269079787,3.015,0.0,0.0,0,0,0
2024-01-09 10:30:00,1.0,18.5,-0.016641861761529646,18.619265931818635,14.256219049892755,3.015,0.0,0.0,0,0,0
2024-01-09 10:45:00,3.0,18.5,0.0909549916109945,18.42874096485998,14.253043998302335,3.015,0.0,0.0,0,0,0
2024-01-09 11:00:00,3.0,18.5,0.10625155197762233,18.246360963791275,14.245246483790568,3.418333,0.0,0.0,0,0,0
2024-01-09 11:15:00,3.0,18.5,0.19207751649361093,18.071693007905722,14.233816417910694,3.418333,0.0,0.0,0,0,0
2024-01-09 11:30:00,1.0,18.5,-0.015659039663468138,18.491459663596586,14.223695172993855,3.418333,0.0,0.0,0,0,0
2024-01-09 11:45:00,1.0,18.5,-0.3066326307131948,18.953821412123343,14.24068199289673,3.418333,0.0,0.0,0,0,0
2024-01-09 12:00:00,1.0,18.5,-0.26480158553880456,18.75466342992358,14.262363948953071,3.826667,0.6596111111111111,0.6522222222222223,1,1,0
2024-01-09 12:15:00,1.0,18.5,-0.14614095932246315,18.56036316049654,14.277850711602303,3.826667,0.7150277777777778,0.0,1,0,0
2024-01-09 12:30:00,1.0,18.5,-0.033658379960443074,18.374777596929178,14.284340288361188,3.826667,0.7704444444444445,0.0,1,0,0
2024-01-09 12:45:00,1.0,18.5,0.06771100520550372,18.19717780921534,14.2827188534498,3.826667,0.8,0.0,1,0,0
2024-01-09 13:00:00,1.0,18.5,0.020082157518290417,18.07662440844675,14.278617305033436,4.429999999999999,0.8,0.0,1,0,0
2024-01-09 13:15:00,1.0,18.5,-0.3310907236446438,18.726943320843564,14.288497456837984,4.429999999999999,0.8,0.0,1,0,0
2024-01-09 13:30:00,1.0,18.5,-0.4477290479497526,18.91131020596514,14.322501116337024,4.429999999999999,0.8,0.0,1,0,0
2024-01-09 13:45:00,1.0,18.5,-0.3106057673766677,18.713527217858992,14.350950827523006,4.429999999999999,0.8,0.0,1,0,0
2024-01-09 14:00:00,2.0,18.266666666666666,-0.2258640455946941,18.526515091439016,14.37099563572486,4.62,0.8,0.0,1,0,0
2024-01-09 14:15:00,1.0,17.333333333333332,-0.1162196448745246,18.349682466720637,14.383774674986666,4.62,0.8,0.0,1,0,0
2024-01-09 14:30:00,1.0,18.5,-0.014810716281982604,18.180727531314485,14.388441846299,4.62,0.8,0.0,1,0,0
2024-01-09 14:45:00,1.0,18.5,0.04827545046314817,18.093145421570497,14.386084868609313,4.62,0.8,0.0,1,0,0
2024-01-09 15:00:00,1.0,18.5,-0.32066724288115905,18.78213339248538,14.39476893934355,4.608333,0.8,0.0,1,0,0
2024-01-09 15:15:00,1.0,18.5,-0.4036910312632656,18.910304574126805,14.42639348233642,4.608333,0.8,0.0,1,0,0
2024-01-09 15:30:00,1.0,18.5,-0.2715035497937968,18.71669330175963,14.451691805249741,4.608333,0.8,0.0,1,0,1
2024-01-09 15:45:00,1.0,18.5,-0.15220866759216586,18.532167570869884,14.467451301347072,4.608333,0.0,0.0,0,0,0
2024-01-09 16:00:00,1.0,18.5,0.11132621514744233,18.354896840392843,14.468619684506585,3.838333,0.0,0.0,0,0,0
2024-01-09 16:15:00,1.0,18.5,0.21127930324907135,18.183754480411874,14.455611425360043,3.838333,0.7926111111111112,0.7741388888888889,1,1,0
2024-01-09 16:30:00,1.0,18.5,0.26258581930937513,18.093356257380442,14.436515347664368,3.838333,0.8,0.0,1,0,0
2024-01-09 16:45:00,1.0,18.5,-0.12018591353409613,18.780404761795435,14.429424565084824,3.838333,0.8,0.0,1,0,0
2024-01-09 17:00:00,1.0,18.5,-0.06219187926059836,18.90742865484778,14.440396534951415,3.083333,0.8,0.0,1,0,0
2024-01-09 17:15:00,1.0,18.5,0.06168824017708645,18.711477219573837,14.439628012397634,3.083333,0.8,0.0,1,0,0
2024-01-09 17:30:00,1.0,18.5,0.16314991235325219,18.523647314455946,14.430738427459278,3.083333,0.8,0.0,1,0,0
2024-01-09 17:45:00,1.0,18.5,0.2544475686650324,18.343270362923498,14.414538305707236,3.083333,0.8,0.0,1,0,0
2024-01-09 18:00:00,1.0,18.5,0.49746513132244324,18.169452247491503,14.385580721015122,2.286667,0.8,0.0,1,0,0
2024-01-09 18:15:00,1.0,18.5,0.5309907334674232,18.10498057033164,14.344636581882328,2.286667,0.8,0.0,1,0,0
2024-01-09 18:30:00,1.0,18.5,0.117202788702201,18.81006940523405,14.319006227847957,2.286667,0.8,0.0,1,0,0
2024-01-09 18:45:00,1.0,18.5,0.04497152733500336,18.87704894735258,14.316566056800383,2.286667,0.8,0.0,1,0,0
2024-01-09 19:00:00,1.0,18.5,0.08511514762056249,18.67673473741236,14.311282413311998,2.63,0.8,0.0,1,0,0
2024-01-09 19:15:00,1.0,18.5,0.18273356435315516,18.484721488441867,14.300944687992033,2.63,0.8,0.0,1,0,0
2024-01-09 19:30:00,1.0,18.5,0.27515089437527085,18.300276282027973,14.283206277939955,2.63,0.8,0.0,1,0,0
2024-01-09 19:45:00,1.0,18.5,0.3582188920990691,18.122782902176034,14.258812767587392,2.63,0.8,0.0,1,0,0
2024-01-09 20:00:00,1.0,18.5,0.30626482586417686,18.276051059908053,14.230540153988516,2.496667,0.8,0.0,1,0,0
2024-01-09 20:15:00,1.0,18.5,-0.09503348470014718,18.941585028682063,14.22529769967968,2.496667,0.8,0.0,1,0,0
2024-01-09 20:30:00,1.0,18.5,-0.02937373341829822,18.806739418484554,14.23144025756637,2.496667,0.8,0.0,1,0,0
2024-01-09 20:45:00,1.0,18.5,0.08472029039699522,18.605947665610422,14.228966945000467,2.496667,0.8,0.0,1,0,0
2024-01-09 21:00:00,1.0,18.5,0.32685075023940674,18.413161396435218,14.212915264092858,1.806667,0.8,0.0,1,0,0
2024-01-09 21:15:00,1.0,18.5,0.4211512358912575,18.22737739699607,14.18376120205521,1.806667,0.8,0.0,1,0,0
2024-01-09 21:30:00,1.0,18.5,0.49372393617363663,18.063009483425542,14.148574318655033,1.806667,0.8,0.0,1,0,0
2024-01-09 21:45:00,1.0,18.5,0.1926917284571245,18.60787555777467,14.119426619997961,1.806667,0.8,0.0,1,0,0
2024-01-09 22:00:00,1.0,18.5,0.09265870731464096,18.916897126444706,14.113295241363723,1.198333,0.8,0.0,1,0,0
2024-01-09 22:15:00,1.0,18.5,0.21395184349096946,18.70555753771661,14.100911721181818,1.198333,0.8,0.0,1,0,0
2024-01-09 22:30:00,1.0,18.5,0.31493633350577926,18.502506790186423,14.08044106772261,1.198333,0.8,0.0,1,0,0
2024-01-09 22:45:00,1.0,18.5,0.4056944940621703,18.307070727591714,14.052698806461361,1.198333,0.8,0.0,1,0,0
2024-01-09 23:00:00,1.0,18.5,0.5723588527483806,18.118484881734393,14.015152650884916,0.776667,0.8,0.0,1,0,0
2024-01-09 23:15:00,1.0,18.5,0.4628151221014146,18.319034354363104,13.97233001685618,0.776667,0.8,0.0,1,0,0
2024-01-09 23:30:00,1.0,18.5,0.07252441436448813,18.93609462757352,13.955482226823777,0.776667,0.8,0.0,1,0,0
2024-01-09 23:45:00,1.0,18.5,0.1510545128723132,18.764982183375533,13.947936687578594,0.776667,0.8,0.0,1,0,0
2024-01-10 00:00:00,1.0,18.5,0.3106651497766705,18.5527667757464,13.92998072343434,0.53,0.8,0.0,1,0,0
2024-01-10 00:15:00,1.0,18.5,0.4100551407712037,18.34851917050021,13.902079542369023,0.53,0.8,0.0,1,0,0
2024-01-10 00:30:00,1.0,18.5,0.4960056589216511,18.151633494507855,13.867288819607698,0.53,0.8,0.0,1,0,0
2024-01-10 00:45:00,1.0,18.5,0.4472289905948196,18.232127093145063,13.82867050573294,0.53,0.8,0.0,1,0,0
2024-01-10 01:00:00,1.0,18.5,0.08363485142967117,18.90628920893388,13.810571163758425,0.293333,0.8,0.0,1,0,0
2024-01-10 01:15:00,1.0,18.5,0.13318544080910386,18.782883903327196,13.80404970427256,0.293333,0.8,0.0,1,0,0
2024-01-10 01:30:00,1.0,18.5,0.24795526884244462,18.56372401089694,13.789163306545491,0.293333,0.8,0.0,1,0,0
2024-01-10 01:45:00,1.0,18.5,0.35118215691155114,18.35307642296504,13.766009379945746,0.293333,0.8,0.0,1,0,0
2024-01-10 02:00:00,1.0,18.5,0.3762574155188256,18.150370755818177,13.738022994193273,0.628333,0.8,0.0,1,0,0
2024-01-10 02:15:00,1.0,18.5,0.3327376375140962,18.22574091227506,13.708484783576113,0.628333,0.8,0.0,1,0,0
2024-01-10 02:30:00,1.0,18.5,-0.06936427341214939,18.89544754236657,13.70056084534294,0.628333,0.8,0.0,1,0,0
2024-01-10 02:45:00,1.0,18.5,-0.011997230914081773,18.76831173312973,13.705496152178178,0.628333,0.8,0.0,1,0,0
2024-01-10 03:00:00,1.0,18.5,0.0885090681450878,18.546086773672187,13.702189261074833,0.75,0.8,0.0,1,0,0
2024-01-10 03:15:00,2.0,17.566666666666666,0.2007975157676839,18.33303754255581,13.690872250850292,0.75,0.8,0.0,1,0,0
2024-01-10 03:30:00,2.0,15.0,0.30345162850863344,18.128391710229387,13.67133486572079,0.75,0.8,0.0,1,0,0
2024-01-10 03:45:00,2.0,15.0,0.39572238354590067,17.931464928841297,13.644405150464843,0.75,0.8,0.0,1,0,0
2024-01-10 04:00:00,2.0,15.7,0.4681418277264549,17.859447480019053,13.610197434368976,0.511667,0.8,0.0,1,0,0
2024-01-10 04:15:00,1.0,17.566666666666666,0.35948618849608227,18.042628330463785,13.57725735307013,0.511667,0.8,0.0,1,0,0
2024-01-10 04:30:00,2.0,15.933333333333334,0.09257503294845959,18.445505862675546,13.563445992564425,0.511667,0.8,0.0,1,0,0
2024-01-10 04:45:00,2.0,15.0,0.19926180699126297,18.23554962709813,13.55227387824186,0.511667,0.8,0.0,1,0,0
2024-01-10 05:00:00,2.0,15.7,0.3403873011671339,18.029038193283647,13.531372499405084,0.326667,0.8,0.0,1,0,0
2024-01-10 05:15:00,2.0,16.4,0.3417575578846666,18.022065217408585,13.503128864534355,0.326667,0.8,0.0,1,0,0
2024-01-10 05:30:00,2.0,15.0,0.280726450591368,18.068267797491693,13.481768374671143,0.326667,0.8,0.0,1,0,0
2024-01-10 05:45:00,1.0,16.166666666666668,0.3604548856682051,17.915230412774488,13.456529579652962,0.326667,0.8,0.0,1,0,0
2024-01-10 06:00:00,1.0,16.166666666666668,0.2578003566003124,18.101573410478156,13.433659222586467,0.186667,0.8,0.0,1,0,0
2024-01-10 06:15:00,1.0,18.5,0.09960489758247003,18.415015206678838,13.416798918083146,0.186667,0.8,0.0,1,0,0
2024-01-10 06:30:00,1.0,18.5,-0.20937871723582183,18.906822250558005,13.42538888449573,0.186667,0.8,0.0,1,0,0
2024-01-10 06:45:00,1.0,18.5,-0.07872893712086076,18.681314029545938,13.436491361452275,0.186667,0.8,0.0,1,0,0
2024-01-10 07:00:00,1.0,18.5,0.11286483906012551,18.45123057054603,13.434745755892155,-0.10167,0.8,0.0,1,0,0
2024-01-10 07:15:00,2.0,16.866666666666667,0.2337380159415776,18.23051321704344,13.421006021469584,-0.10167,0.8,0.0,1,0,0
2024-01-10 07:30:00,1.0,18.033333333333335,0.31032145144905415,18.092572850788216,13.399155088165507,-0.10167,0.8,0.0,1,0,0
2024-01-10 07:45:00,1.0,17.8,0.04268100411352001,18.542049834563024,13.385830740499989,-0.10167,0.8,0.0,1,0,0
2024-01-10 08:00:00,1.0,18.5,0.29887584282689633,18.3897249390642,13.374136320049024,-1.03667,0.8,0.0,1,0,0
2024-01-10 08:15:00,1.0,18.5,0.4150264570360631,18.17399338813792,13.346083815462201,-1.03667,0.8,0.0,1,0,1
2024-01-10 08:30:00,1.0,17.1,0.48983087788715574,18.015578218920588,13.310816197904552,-1.03667,0.0,0.0,0,0,0
2024-01-10 08:45:00,1.0,18.5,0.13770443209241887,18.642869197830215,13.284530149448512,-1.03667,0.0,0.0,0,0,0
2024-01-10 09:00:00,1.0,18.5,-0.02825761377531071,18.917765487809152,13.28507249783061,-1.20833,0.0,0.0,0,0,0
2024-01-10 09:15:00,1.0,18.5,0.11338188493514532,18.671900290262744,13.281288110669434,-1.20833,0.0,0.0,0,0,0
2024-01-10 09:30:00,1.0,18.5,0.238627253419697,18.43611055346219,13.267477956713455,-1.20833,0.0,0.0,0,0,0
2024-01-10 09:45:00,1.0,18.5,0.35129917692236196,18.209568850118554,13.244644708040441,-1.20833,0.0,0.0,0,0,0
2024-01-10 10:00:00,1.0,18.5,0.3532568510894384,18.129947132106164,13.216043179392257,-1.01,0.0,0.0,0,0,0
2024-01-10 10:15:00,1.0,18.5,-0.049904845308978776,18.82543746741993,13.204011503547871,-1.01,0.667,0.6596111111111111,1,1,0
2024-01-10 10:30:00,1.0,18.5,-0.08586583365872545,18.845240543251055,13.212805352537236,-1.01,0.7224166666666667,0.0,1,0,0
2024-01-10 10:45:00,1.0,18.5,0.05641173881200905,18.600046717920993,13.213472324817179,-1.01,0.7778333333333334,0.0,1,0,0
2024-01-10 11:00:00,1.0,18.5,0.1647126806292093,18.36508337780025,13.204645409264616,-0.9116699999999999,0.8,0.0,1,0,1
2024-01-10 11:15:00,1.0,18.5,0.2798112206244351,18.139550748696216,13.187394410631669,-0.9116699999999999,0.0,0.0,0,0,0
2024-01-10 11:30:00,1.0,18.5,0.2008803401762883,18.305740251453287,13.16581516865553,-0.9116699999999999,0.7445833333333334,0.7261111111111112,1,1,0
2024-01-10 11:45:00,1.0,18.5,-0.18093444833482308,18.93972586196776,13.168183247627331,-0.9116699999999999,0.8,0.0,1,0,0
2024-01-10 12:00:00,1.0,18.5,-0.1382809468226988,18.76068490441442,13.18166842152288,-0.65,0.8,0.0,1,0,0
2024-01-10 12:15:00,1.0,18.5,0.0020546679988591387,18.517956474706214,13.1865447103784,-0.65,0.8,0.0,1,0,0
2024-01-10 12:30:00,1.0,18.5,0.13199673819369026,18.285525637436482,13.181022497349291,-0.65,0.8,0.0,1,0,0
2024-01-10 12:45:00,1.0,18.5,0.24612836306291191,18.077413920291367,13.166149848075142,-0.65,0.8,0.0,1,0,0
2024-01-10 13:00:00,1.0,18.5,-0.12395017748822816,18.581240905099595,13.158411011785189,-0.12167,0.8,0.0,1,0,0
2024-01-10 13:15:00,3.0,18.5,-0.3522479894052628,18.92512280047113,13.181520665291488,-0.12167,0.8,0.0,1,0,0
2024-01-10 13:30:00,1.0,18.5,-0.19458716668004042,18.675734799251625,13.20194785150316,-0.12167,0.8,0.0,1,0,0
2024-01-10 13:45:00,1.0,18.5,-0.0498119709372706,18.437554664640523,13.210795031768724,-0.12167,0.8,0.0,1,0,0
2024-01-10 14:00:00,1.0,18.5,-0.03642954699876445,18.21243740605183,13.213684172930142,0.451667,0.8,0.0,1,0,0
2024-01-10 14:15:00,1.0,18.5,0.017442170562520305,18.138177565422783,13.212893188524395,0.451667,0.8,0.0,1,0,0
2024-01-10 14:30:00,1.0,18.5,-0.35515869155690805,18.81494110267471,13.225404062166389,0.451667,0.8,0.0,1,0,0
2024-01-10 14:45:00,1.0,18.5,-0.34785364947795494,18.79416561906713,13.25534624935694,0.451667,0.8,0.0,1,0,0
2024-01-10 15:00:00,1.0,18.5,-0.29762193826756883,18.557548766390994,13.279493398221682,0.9599999999999999,0.8,0.0,1,0,0
2024-01-10 15:15:00,1.0,18.5,-0.15977826366061362,18.32991379256373,13.29674083986229,0.9599999999999999,0.8,0.0,1,0,0
2024-01-10 15:30:00,1.0,18.5,-0.028652919501035285,18.11245215017343,13.303499613962533,0.9599999999999999,0.8,0.0,1,0,1
2024-01-10 15:45:00,1.0,18.5,-0.16268116954659126,18.418975217527702,13.307252031574633,0.9599999999999999,0.0,0.0,0,0,0
2024-01-10 16:00:00,1.0,18.5,-0.44044908522757115,18.908363329356177,13.334588502881946,0.888333,0.0,0.0,0,0,0
2024-01-10 16:15:00,1.0,18.5,-0.2933990535275023,18.679717490671024,13.362581834208006,0.888333,0.7408888888888889,0.7335,1,1,0
2024-01-10 16:30:00,1.0,18.5,-0.14606938051530774,18.447403362088487,13.378851886540735,0.888333,0.7963055555555556,0.0,1,0,0
2024-01-10 16:45:00,1.0,18.5,-0.013222154886291053,18.2254174506019,13.384495096763848,0.888333,0.8,0.0,1,0,0
2024-01-10 17:00:00,1.0,18.5,0.192086549732467,18.11638501556489,13.376147607171486,0.255,0.8,0.0,1,0,0
2024-01-10 17:15:00,1.0,18.5,-0.16948415020051083,18.779759078467002,13.373853341133508,0.255,0.8,0.0,1,0,0
2024-01-10 17:30:00,1.0,18.5,-0.2029405631843316,18.80770963497152,13.391654366277015,0.255,0.8,0.0,1,0,0
2024-01-10 17:45:00,1.0,18.5,-0.05832190003590379,18.57069105319588,13.401144444998254,0.255,0.8,0.0,1,0,0
2024-01-10 18:00:00,1.0,18.5,0.16494916641052007,18.343755013608696,13.396635961360783,-0.205,0.8,0.0,1,0,0
2024-01-10 18:15:00,1.0,18.5,0.28358097015380856,18.125833860112305,13.378931530961308,-0.205,0.8,0.0,1,0,0
2024-01-10 18:30:00,1.0,18.5,0.1674441687903957,18.362718770051252,13.358342799100827,-0.205,0.8,0.0,1,0,0
2024-01-10 18:45:00,1.0,18.5,-0.17020935373919036,18.90782715682174,13.362444877009333,-0.205,0.8,0.0,1,0,0
2024-01-10 19:00:00,1.0,18.5,-0.002296011221547269,18.69362769647939,13.369480767137942,-0.445,0.8,0.0,1,0,0
2024-01-10 19:15:00,1.0,18.5,0.13202314122685585,18.459830607947723,13.363984838406003,-0.445,0.8,0.0,1,0,0
2024-01-10 19:30:00,1.0,18.5,0.24973424704721836,18.235537180583684,13.349065541262009,-0.445,0.8,0.0,1,0,0
2024-01-10 19:45:00,1.0,18.5,0.3273174742200412,18.094121498967603,13.325954591014211,-0.445,0.8,0.0,1,0,0
2024-01-10 20:00:00,1.0,18.5,0.007613228598922764,18.746876244937408,13.311266481362985,-0.66833,0.8,0.0,1,0,0
2024-01-10 20:15:00,1.0,18.5,-0.09956276050469694,18.884158420492092,13.318958183217466,-0.66833,0.8,0.0,1,0,0
2024-01-10 20:30:00,1.0,18.5,0.04284469756502855,18.640178388062665,13.320663343812729,-0.66833,0.8,0.0,1,0,0
2024-01-10 20:45:00,1.0,18.5,0.1711207212914316,18.4064189022485,13.312102185365545,-0.66833,0.8,0.0,1,0,0
2024-01-10 21:00:00,1.0,18.5,0.3313539880837509,18.181957025597985,13.2925771540029,-0.89,0.8,0.0,1,0,0
2024-01-10 21:15:00,1.0,18.5,0.33484980615279486,18.187535263422046,13.264620644163966,-0.89,0.8,0.0,1,0,0
2024-01-10 21:30:00,1.0,18.5,-0.07783712843496747,18.88917256430759,13.255781938984972,-0.89,0.8,0.0,1,0,0
2024-01-10 21:45:00,1.0,18.5,-0.054560280297779325,18.815036064784625,13.263570771098285,-0.89,0.8,0.0,1,0,0
2024-01-10 22:00:00,1.0,18.5,0.16070969249844283,18.57134490190655,13.259056647135333,-1.265,0.8,0.0,1,0,0
2024-01-10 22:15:00,1.0,18.5,0.287364175003632,18.337410512786583,13.241388012971129,-1.265,0.8,0.0,1,0,0
2024-01-10 22:30:00,2.0,18.033333333333335,0.396250029441589,18.112489855201435,13.214997896803222,-1.265,0.8,0.0,1,0,0
2024-01-10 22:45:00,2.0,15.0,0.4940685053988372,17.89585278375505,13.180768907061097,-1.265,0.8,0.0,1,0,0
2024-01-10 23:00:00,2.0,15.0,0.6340329744023517,17.686742612974452,13.13749716571513,-1.52333,0.8,0.0,1,0,0
2024-01-10 23:15:00,2.0,15.0,0.7133991284451362,17.48443407747043,13.085779788706327,-1.52333,0.8,0.0,1,0,0
2024-01-10 23:30:00,2.0,15.0,0.7809333723876477,17.28843705751654,13.028638127825483,-1.52333,0.8,0.0,1,0,0
2024-01-10 23:45:00,2.0,15.0,0.8412170067293698,17.098268090724954,12.966650515607983,-1.52333,0.8,0.0,1,0,0
2024-01-11 00:00:00,2.0,15.0,0.9649591317338579,16.913362768003715,12.897651208971316,-1.87,0.8,0.0,1,0,0
2024-01-11 00:15:00,2.0,15.0,1.0136434612972645,16.733157676981868,12.821942115051547,-1.87,0.8,0.0,1,0,0
2024-01-11 00:30:00,2.0,15.0,1.0521344364237666,16.557367575153958,12.74312449310253,-1.87,0.8,0.0,1,0,0
2024-01-11 00:45:00,2.0,15.0,1.086054770797783,16.38568219945952,12.661563026603918,-1.87,0.8,0.0,1,0,0
2024-01-11 01:00:00,2.0,15.0,1.1053941072939624,16.217837617462827,12.57798925200735,-1.81833,0.8,0.0,1,0,0
2024-01-11 01:15:00,2.0,15.0,1.131277788930277,16.053600872357322,12.492728646186068,-1.81833,0.8,0.0,1,0,0
2024-01-11 01:30:00,2.0,15.0,1.1544737722594292,15.892725818236167,12.405580185421245,-1.81833,0.8,0.0,1,0,0
2024-01-11 01:45:00,2.0,15.0,1.1745396818967457,15.734995718688538,12.316793701291003,-1.81833,0.8,0.0,1,0,0
2024-01-11 02:00:00,2.0,15.0,1.240930800360387,15.580125559196691,12.224707046501326,-2.06167,0.8,0.0,1,0,0
2024-01-11 02:15:00,2.0,15.0,1.2562560055926733,15.427820620489207,12.129403088453335,-2.06167,0.8,0.0,1,0,0
2024-01-11 02:30:00,2.0,15.0,1.265899172945242,15.277971993689688,12.033292327892882,-2.06167,0.8,0.0,1,0,0
2024-01-11 02:45:00,2.0,15.0,1.2736737732442909,15.130444629658006,11.936524024867651,-2.06167,0.8,0.0,1,0,0
2024-01-11 03:00:00,2.0,15.0,1.283462260061898,14.985108586957889,11.839090886269686,-2.08,0.8,0.0,1,0,0
2024-01-11 03:15:00,2.0,15.0,1.2880711362884907,14.841842507299342,11.741105690664863,-2.08,0.8,0.0,1,0,0
2024-01-11 03:30:00,2.0,15.0,1.2910485118393267,14.700547492379082,11.642846224387231,-2.08,0.8,0.0,1,0,0
2024-01-11 03:45:00,2.0,15.0,1.2927991820975033,14.561130365785226,11.544410569688292,-2.08,0.8,0.0,1,0,0
2024-01-11 04:00:00,2.0,15.0,1.020290565786798,15.011107988968387,11.453150777214837,-2.165,0.8,0.0,1,0,0
2024-01-11 04:15:00,1.0,16.866666666666667,0.6313730848697335,15.569028588959288,11.393757765424088,-2.165,0.8,0.0,1,0,0
2024-01-11 04:30:00,1.0,18.5,0.17831503899546366,16.343533719652747,11.362036040798387,-2.165,0.8,0.0,1,0,0
2024-01-11 04:45:00,2.0,16.633333333333333,-0.26286577993307486,17.080658133106176,11.368306808406976,-2.165,0.8,0.0,1,0,0
2024-01-11 05:00:00,2.0,15.0,-0.21656088215793245,16.965273692732207,11.388809731196858,-2.09833,0.8,0.0,1,0,0
2024-01-11 05:15:00,1.0,17.566666666666666,-0.1940195774212493,16.99187374121808,11.40157061936848,-2.09833,0.8,0.0,1,0,0
2024-01-11 05:30:00,1.0,18.5,-0.6184866566529341,17.7940209725846,11.432657425163935,-2.09833,0.8,0.0,1,0,0
2024-01-11 05:45:00,1.0,18.5,-1.039611875727984,18.611885995608308,11.497168581464443,-2.09833,0.8,0.0,1,0,0
2024-01-11 06:00:00,1.0,18.5,-1.1913506544773746,18.88373258526219,11.586533336375004,-1.97333,0.8,0.0,1,0,0
2024-01-11 06:15:00,1.0,18.5,-0.9487847238581628,18.568070319837155,11.667449548008644,-1.97333,0.8,0.0,1,0,0
2024-01-11 06:30:00,1.0,18.5,-0.7252934342514749,18.268836313002137,11.730507685895734,-1.97333,0.8,0.0,1,0,0
2024-01-11 06:45:00,1.0,18.5,-0.5825484320977294,18.122775202052768,11.778233762390148,-1.97333,0.8,0.0,1,0,1
2024-01-11 07:00:00,1.0,18.5,-0.8960944971600748,18.777296385765098,11.833448696402332,-2.00333,0.0,0.0,0,0,0
2024-01-11 07:15:00,1.0,18.5,-0.8825948981348873,18.79419242586506,11.904918780282967,-2.00333,0.0,0.0,0,0,0
2024-01-11 07:30:00,1.0,18.5,-0.6633491551248841,18.495558174633334,11.9631093089372,-2.00333,0.0,0.0,0,0,0
2024-01-11 07:45:00,1.0,18.5,-0.46533326535451075,18.2117183754694,12.00547241963538,-2.00333,0.0,0.0,0,0,0
2024-01-11 08:00:00,1.0,18.5,-0.49397223807152635,18.217059448731945,12.039000224471632,-1.61167,0.0,0.0,0,0,0
2024-01-11 08:15:00,1.0,18.5,-0.8393086605138191,18.867252635538946,12.091513434385792,-1.61167,0.0,0.0,0,0,0
2024-01-11 08:30:00,1.0,18.5,-0.7266789571839337,18.718239198056324,12.153234854348083,-1.61167,0.0,0.0,0,0,0
2024-01-11 08:45:00,1.0,18.5,-0.5300975559789332,18.44364827586625,12.200482217160218,-1.61167,0.0,0.0,0,0,0
2024-01-11 09:00:00,1.0,18.5,-0.41865093750365895,18.185390359487336,12.236059528682375,-1.29167,0.0,0.0,0,0,0
2024-01-11 09:15:00,1.0,18.5,-0.38845003525310845,18.213333020251607,12.264031918587824,-1.29167,0.6596111111111111,0.6078888888888889,1,1,0
2024-01-11 09:30:00,1.0,18.5,-0.7433576603690093,18.879231083853547,12.308698613047417,-1.29167,0.7150277777777778,0.0,1,0,0
2024-01-11 09:45:00,1.0,18.5,-0.6446396310340439,18.744949610145998,12.363684098632543,-1.29167,0.7704444444444445,0.0,1,0,0
2024-01-11 10:00:00,1.0,18.5,-0.6867568933006389,18.48565421337646,12.413879998740642,-0.175,0.8,0.0,1,0,0
2024-01-11 10:15:00,1.0,18.5,-0.5248730763936434,18.240964568930146,12.460097329438748,-0.175,0.8,0.0,1,0,0
2024-01-11 10:30:00,1.0,18.5,-0.4060355782181018,18.112052747909463,12.493934181340679,-0.175,0.8,0.0,1,0,0
2024-01-11 10:45:00,1.0,18.5,-0.7401043850624277,18.778192086620372,12.536138796725323,-0.175,0.8,0.0,1,0,0
2024-01-11 11:00:00,1.0,18.5,-0.8957952839315904,18.84463310321971,12.602343447830265,0.478333,0.8,0.0,1,0,0
2024-01-11 11:15:00,1.0,18.5,-0.7117686917407025,18.594010295112483,12.663332696832976,0.478333,0.8,0.0,1,0,0
2024-01-11 11:30:00,1.0,18.5,-0.5367047491786116,18.356298315452076,12.710332581121603,0.478333,0.8,0.0,1,0,0
2024-01-11 11:45:00,1.0,18.5,-0.37858740235705496,18.130390379848034,12.744694335693675,0.478333,0.8,0.0,1,0,0
2024-01-11 12:00:00,3.0,18.5,-0.5887950934940694,18.361817863732725,12.778048535731733,1.153333,0.8,0.0,1,0,0
2024-01-11 12:15:00,3.0,18.5,-0.8896125836888006,18.904063078804562,12.83859650888825,1.153333,0.8,0.0,1,0,0
2024-01-11 12:30:00,1.0,18.5,-0.7274386550392454,18.68950417662758,12.900540243623217,1.153333,0.8,0.0,1,0,0
2024-01-11 12:45:00,1.0,18.5,-0.5547691402095892,18.4577253648093,12.948832875333624,1.153333,0.8,0.0,1,0,0
2024-01-11 13:00:00,1.0,18.5,-0.7213462402371363,18.237422288668213,12.997054364733328,2.751667,0.8,0.0,1,0,0
2024-01-11 13:15:00,1.0,18.5,-0.6010781849468217,18.077779188901967,13.047317153187988,2.751667,0.8,0.0,1,0,1
2024-01-11 13:30:00,1.0,18.5,-0.8872042600131979,18.69250253788708,13.1015239272452,2.751667,0.0,0.0,0,0,0
2024-01-11 13:45:00,3.0,18.5,-0.9529122640376703,18.844559730303793,13.175794123680223,2.751667,0.0,0.0,0,0,0
2024-01-11 14:00:00,1.0,18.5,-0.9613472459808599,18.616195377308085,13.248201484800353,3.705,0.0,0.0,0,0,0
2024-01-11 14:15:00,1.0,18.5,-0.7963497303676256,18.398984576479005,13.31512675659517,3.705,0.0,0.0,0,0,0
2024-01-11 14:30:00,1.0,18.5,-0.6343434665087728,18.19353615273154,13.369109951956663,3.705,0.0,0.0,0,0,0
2024-01-11 14:45:00,1.0,18.5,-0.5470611848093477,18.13698904077493,13.412196875035601,3.705,0.7335,0.6928611111111111,1,1,0
2024-01-11 15:00:00,1.0,18.5,-1.0358579599457054,18.826553207583284,13.472153433406994,4.408333,0.7889166666666667,0.0,1,0,0
2024-01-11 15:15:00,1.0,18.5,-1.0024451470464255,18.81334763168259,13.553245086469524,4.408333,0.8,0.0,1,0,0
2024-01-11 15:30:00,1.0,18.5,-0.8169966607820994,18.587762920740577,13.621962438047257,4.408333,0.8,0.0,1,0,0
2024-01-11 15:45:00,1.0,18.5,-0.6493206790785553,18.374361963669756,13.67728457864453,4.408333,0.8,0.0,1,0,0
2024-01-11 16:00:00,1.0,18.5,-0.3796109165342133,18.17122576060825,13.715962756514285,3.825,0.8,0.0,1,0,0
2024-01-11 16:15:00,1.0,18.5,-0.31906020653254,18.154526368127243,13.740036434725123,3.825,0.8,0.0,1,0,0
2024-01-11 16:30:00,1.0,18.5,-0.6884780549819082,18.852268848293384,13.778825586063865,3.825,0.8,0.0,1,0,0
2024-01-11 16:45:00,1.0,18.5,-0.6442513858312068,18.80515567254848,13.832273306910881,3.825,0.8,0.0,1,0,0
2024-01-11 17:00:00,1.0,18.5,-0.400926109809319,18.58920703188455,13.871553727770397,3.406667,0.8,0.0,1,0,0
2024-01-11 17:15:00,1.0,18.5,-0.25635230895098526,18.383621164805888,13.895913012033475,3.406667,0.8,0.0,1,0,0
2024-01-11 17:30:00,1.0,18.5,-0.13150909827749568,18.18758082297838,13.910289048164463,3.406667,0.8,0.0,1,0,0
2024-01-11 17:45:00,1.0,18.5,-0.07807311520752265,18.138437652316703,13.916463260315423,3.406667,0.8,0.0,1,0,0
2024-01-11 18:00:00,1.0,18.5,-0.3647205742861406,18.839389308579754,13.932972504857917,2.941667,0.8,0.0,1,0,0
2024-01-11 18:15:00,1.0,18.5,-0.36327467891372744,18.841712203352017,13.963644025190241,2.941667,0.8,0.0,1,0,0
2024-01-11 18:30:00,1.0,18.5,-0.2227620532150053,18.628956898154076,13.985519308556423,2.941667,0.8,0.0,1,0,0
2024-01-11 18:45:00,1.0,18.5,-0.09600152532325786,18.425944269981567,13.997256973915254,2.941667,0.8,0.0,1,0,0
2024-01-11 19:00:00,1.0,18.5,0.11120683114253334,18.2316908367765,13.996282527695252,2.481667,0.8,0.0,1,0,0
2024-01-11 19:15:00,1.0,18.5,0.20687814537658147,18.074954558614465,13.98332643397162,2.481667,0.8,0.0,1,0,0
2024-01-11 19:30:00,1.0,18.5,-0.10865708265085793,18.666358750804925,13.976823182508591,2.481667,0.8,0.0,1,0,0
2024-01-11 19:45:00,1.0,18.5,-0.2686772353004118,18.899950792918915,13.99577442943134,2.481667,0.8,0.0,1,0,0
2024-01-11 20:00:00,1.0,18.5,0.005147959149645825,18.68542617487051,14.005335021336334,1.798333,0.8,0.0,1,0,0
2024-01-11 20:15:00,1.0,18.5,0.12943139932363848,18.479854676513128,13.999456467609246,1.798333,0.8,0.0,1,0,0
2024-01-11 20:30:00,1.0,18.5,0.23216701985588986,18.28259689622316,13.985353011576281,1.798333,0.8,0.0,1,0,0
2024-01-11 20:45:00,1.0,18.5,0.3245626665571703,18.09297203309135,13.963849223999526,1.798333,0.8,0.0,1,0,0
2024-01-11 21:00:00,1.0,18.5,0.2829945226410859,18.424795860618815,13.9372400214689,1.166667,0.8,0.0,1,0,0
2024-01-11 21:15:00,1.0,18.5,-0.040108366679356064,18.938258090463957,13.93211325081845,1.166667,0.8,0.0,1,0,0
2024-01-11 21:30:00,2.0,16.4,0.06924126907639462,18.73294555101388,13.9311987747204,1.166667,0.8,0.0,1,0,0
2024-01-11 21:45:00,2.0,15.0,0.18329428914677184,18.521816854606847,13.921213802127605,1.166667,0.8,0.0,1,0,0
2024-01-11 22:00:00,2.0,15.0,0.3091544567443035,18.31902455122081,13.902118605387663,1.051667,0.8,0.0,1,0,0
2024-01-11 22:15:00,2.0,15.0,0.4017261567133079,18.123831305465117,13.874682341314111,1.051667,0.8,0.0,1,0,0
2024-01-11 22:30:00,2.0,15.0,0.48330226139506055,17.935642200444022,13.840706825118769,1.051667,0.8,0.0,1,0,0
2024-01-11 22:45:00,2.0,15.0,0.5564522332543064,17.753899557442672,13.8008640664848,1.051667,0.8,0.0,1,0,0
2024-01-11 23:00:00,2.0,15.0,0.7475475070296741,17.57787280591087,13.75093936503638,0.43,0.8,0.0,1,0,0
2024-01-11 23:15:00,2.0,15.0,0.8078048474656122,17.4068079715995,13.691174114398327,0.43,0.8,0.0,1,0,0
2024-01-11 23:30:00,2.0,15.0,0.8531898613528264,17.240427027369833,13.627754403830657,0.43,0.8,0.0,1,0,0
2024-01-11 23:45:00,2.0,15.0,0.8934652210184729,17.078386293193542,13.561087857928,0.43,0.8,0.0,1,0,0
2024-01-12 00:00:00,2.0,15.0,0.965471606619923,16.92030828501071,13.490147205677049,0.25,0.8,0.0,1,0,0
2024-01-12 00:15:00,2.0,15.0,0.9974028194328622,16.765823508351996,13.415177272797886,0.25,0.8,0.0,1,0,0
2024-01-12 00:30:00,2.0,15.0,1.0230425835798969,16.614713689479593,13.338127667295508,0.25,0.8,0.0,1,0,0
2024-01-12 00:45:00,2.0,15.0,1.045405171658442,16.46675372966201,13.259259924103793,0.25,0.8,0.0,1,0,0
2024-01-12 01:00:00,2.0,15.0,1.04661702339,16.32177089513159,13.179509433664217,0.34,0.8,0.0,1,0,0
2024-01-12 01:15:00,2.0,15.0,1.0630776933647959,16.179620669820288,13.099135957627231,0.34,0.8,0.0,1,0,0
2024-01-12 01:30:00,2.0,15.0,1.078346074727537,16.04011218792892,13.017510929281862,0.34,0.8,0.0,1,0,0
2024-01-12 01:45:00,2.0,15.0,1.0913242859996173,15.90308457608786,12.93481718964635,0.34,0.8,0.0,1,0,0
2024-01-12 02:00:00,2.0,15.0,1.1513881483113728,15.768303633391378,12.849331877337386,0.096667,0.8,0.0,1,0,0
2024-01-12 02:15:00,2.0,15.0,1.1610784796132494,15.635520866558645,12.761082744777664,0.096667,0.8,0.0,1,0,0
2024-01-12 02:30:00,2.0,15.0,1.1657135058151515,15.504669420369737,12.672430240499214,0.096667,0.8,0.0,1,0,0
2024-01-12 02:45:00,2.0,15.0,1.1690481628898035,15.375652515346541,12.583478295263415,0.096667,0.8,0.0,1,0,0
2024-01-12 03:00:00,2.0,15.0,1.1540369972718758,15.248412183587885,12.49498040216229,0.181667,0.8,0.0,1,0,0
2024-01-12 03:15:00,1.0,16.166666666666668,1.1378929570055192,15.172390250044437,12.407208090108748,0.181667,0.8,0.0,1,0,0
2024-01-12 03:30:00,1.0,18.5,0.7044935274155132,15.87650852324634,12.334902993920913,0.181667,0.8,0.0,1,0,0
2024-01-12 03:45:00,1.0,18.5,0.1388828349724348,16.812917958611553,12.304584159706458,0.181667,0.8,0.0,1,0,0
2024-01-12 04:00:00,2.0,15.933333333333334,-0.2681977167460824,17.438569478531843,12.313587850243243,0.296667,0.8,0.0,1,0,0
2024-01-12 04:15:00,2.0,16.4,-0.24418929687505309,17.425068968238666,12.332369908762633,0.296667,0.8,0.0,1,0,0
2024-01-12 04:30:00,2.0,15.0,-0.2743841445885043,17.477722714059322,12.354163790352315,0.296667,0.8,0.0,1,0,0
2024-01-12 04:45:00,2.0,17.1,-0.33253626624166893,17.650810262130435,12.374249760579898,0.296667,0.8,0.0,1,0,0
2024-01-12 05:00:00,2.0,15.0,-0.29532371396617474,17.680197963450286,12.401431791171555,0.016667,0.8,0.0,1,0,1
2024-01-12 05:15:00,2.0,15.0,-0.14490336079804145,17.4495597854064,12.417575670514871,0.016667,0.0,0.0,0,0,0
2024-01-12 05:30:00,1.0,17.566666666666666,-0.13887969687695592,17.49977913011735,12.42552455136822,0.016667,0.0,0.0,0,0,0
2024-01-12 05:45:00,2.0,15.933333333333334,-0.4533025435464582,18.053762838969266,12.450708676003005,0.016667,0.0,0.0,0,0,0
2024-01-12 06:00:00,1.0,16.4,-0.4740443657183241,17.931774727606882,12.486109651633987,0.591667,0.7852222222222223,0.76675,1,1,0
2024-01-12 06:15:00,1.0,18.5,-0.7875763816737084,18.572962814068187,12.532286522899827,0.591667,0.8,0.0,1,0,0
2024-01-12 06:30:00,1.0,18.5,-0.9547796001214954,18.890922311435382,12.603160278006412,0.591667,0.8,0.0,1,0,0
2024-01-12 06:45:00,1.0,18.5,-0.7487124814630577,18.618635283474344,12.667494759944644,0.591667,0.8,0.0,1,0,0
2024-01-12 07:00:00,2.0,17.333333333333332,-0.5670020552921772,18.3603242200095,12.717014422476517,0.626667,0.8,0.0,1,0,0
2024-01-12 07:15:00,1.0,16.166666666666668,-0.3966142679602511,18.11481225618933,12.753195955584772,0.626667,0.8,0.0,1,0,1
2024-01-12 07:30:00,1.0,18.5,-0.4945335515830798,18.395650094757364,12.783491846277192,0.626667,0.0,0.0,0,0,0
2024-01-12 07:45:00,1.0,18.5,-0.7849512746690032,18.9215222108858,12.836265023655907,0.626667,0.0,0.0,0,0,0
2024-01-12 08:00:00,1.0,18.5,-0.5014688193168467,18.687960272901112,12.885546653446474,0.048333,0.0,0.0,0,0,0
2024-01-12 08:15:00,1.0,18.5,-0.3246502921277011,18.43938126645429,12.916151335264649,0.048333,0.0,0.0,0,0,0
2024-01-12 08:30:00,1.0,18.5,-0.17285781777528691,18.202390869542263,12.934618098703757,0.048333,0.0,0.0,0,0,0
2024-01-12 08:45:00,1.0,18.5,-0.1146433710409652,18.15347194637314,12.943338335116295,0.048333,0.0,0.0,0,0,0
2024-01-12 09:00:00,1.0,18.5,-0.6549473215322466,18.849081024754117,12.972780063050976,0.853333,0.0,0.0,0,0,0
2024-01-12 09:15:00,1.0,18.5,-0.6327794646163271,18.81327380198862,13.025366550371041,0.853333,0.0,0.0,0,0,0
2024-01-12 09:30:00,1.0,18.5,-0.4563970269712931,18.564867156775456,13.066293900311601,0.853333,0.0,0.0,0,0,0
2024-01-12 09:45:00,1.0,18.5,-0.29714970358685083,18.328462263079185,13.094490450506608,0.853333,0.0,0.0,0,0,0
2024-01-12 10:00:00,1.0,18.5,-0.29618112911238487,18.10253446880801,13.11668382880052,1.561667,0.0,0.0,0,0,0
2024-01-12 10:15:00,1.0,18.5,-0.4579883041183119,18.474059982036177,13.142233283296191,1.561667,0.0,0.0,0,0,0
2024-01-12 10:30:00,1.0,18.5,-0.7306855344253875,18.95505922734957,13.191907318781954,1.561667,0.7076388888888889,0.6891666666666667,1,1,0
2024-01-12 10:45:00,1.0,18.5,-0.5643812463613755,18.720865721572125,13.241255233346926,1.561667,0.7630555555555556,0.0,1,0,0
2024-01-12 11:00:00,1.0,18.5,-0.44289200730844286,18.483962410466848,13.279111855504585,1.781667,0.8,0.0,1,0,0
2024-01-12 11:15:00,1.0,18.5,-0.2935446493725196,18.25832474965451,13.306802391375927,1.781667,0.8,0.0,1,0,0
2024-01-12 11:30:00,1.0,18.5,-0.16435363710685638,18.072920711612007,13.323538205365464,1.781667,0.8,0.0,1,0,1
2024-01-12 11:45:00,1.0,18.5,-0.4432617111178329,18.643021452108716,13.343806199832756,1.781667,0.0,0.0,0,0,0
2024-01-12 12:00:00,1.0,18.5,-0.5962709498694855,18.920289957478747,13.388002861314986,1.71,0.0,0.0,0,0,0
2024-01-12 12:15:00,1.0,18.5,-0.42605129783959234,18.680833064683263,13.426365993906181,1.71,0.0,0.0,0,0,0
2024-01-12 12:30:00,1.0,18.5,-0.2733378450630761,18.45290114840699,13.452520342849716,1.71,0.0,0.0,0,0,0
2024-01-12 12:45:00,1.0,18.5,-0.13554805146338217,18.235517585309562,13.46765588513047,1.71,0.0,0.0,0,0,0
2024-01-12 13:00:00,1.0,18.5,-0.0697245477044595,18.077334610478832,13.474587598952423,1.915,0.7889166666666667,0.7482777777777778,1,1,0
2024-01-12 13:15:00,1.0,18.5,-0.38995075897168324,18.691782680858648,13.489825597807986,1.915,0.8,0.0,1,0,0
2024-01-12 13:30:00,1.0,18.5,-0.4839967785526114,18.841989336662675,13.527380830207672,1.915,0.8,0.0,1,0,0
2024-01-12 13:45:00,1.0,18.5,-0.3264919970475096,18.611612012622228,13.557752125225838,1.915,0.8,0.0,1,0,0
2024-01-12 14:00:00,1.0,18.5,-0.17833474363455876,18.3921445980148,13.576525999932397,1.885,0.8,0.0,1,0,0
2024-01-12 14:15:00,1.0,18.5,-0.05016175932853827,18.182668391298574,13.584804905052492,1.885,0.8,0.0,1,0,0
2024-01-12 14:30:00,1.0,18.5,-0.013718812290671758,18.159704069328008,13.58507608880828,1.885,0.8,0.0,1,0,0
2024-01-12 14:45:00,1.0,18.5,-0.3972714562386558,18.85047310259107,13.60118532793381,1.885,0.8,0.0,1,0,1
2024-01-12 15:00:00,1.0,18.5,-0.36863234210337675,18.796339247984456,13.633078768969451,1.896667,0.0,0.0,0,0,0
2024-01-12 15:15:00,1.0,18.5,-0.22237459909849114,18.573596612014306,13.655130950519053,1.896667,0.0,0.0,0,0,0
2024-01-12 15:30:00,1.0,18.5,-0.09028481299431876,18.3610193922246,13.66661903630178,1.896667,0.0,0.0,0,0,0
2024-01-12 15:45:00,1.0,18.5,0.028791240550034458,18.157754499196578,13.66858074048714,1.896667,0.0,0.0,0,0,0
2024-01-12 16:00:00,1.0,18.5,0.009790648972498213,18.183504318163084,13.664654456312798,2.025,0.0,0.0,0,0,0
2024-01-12 16:15:00,1.0,18.5,-0.37935344284747907,18.869748702998955,13.680069567729573,2.025,0.0,0.0,0,0,0
2024-01-12 16:30:00,1.0,18.5,-0.3258017451890919,18.77775622124666,13.709187072940713,2.025,0.8,0.7482777777777778,1,1,0
2024-01-12 16:45:00,1.0,18.5,-0.1827380865365641,18.55648627128928,13.728102001285182,2.025,0.8,0.0,1,0,0
2024-01-12 17:00:00,1.0,18.5,-0.08737827590713812,18.345252631535978,13.737989983073499,2.191667,0.8,0.0,1,0,0
2024-01-12 17:15:00,1.0,18.5,0.028462359980367124,18.14329849626784,13.739950262658457,2.191667,0.8,0.0,1,0,0
2024-01-12 17:30:00,1.0,18.5,0.009185041609982604,18.220430924843924,13.735735375099104,2.191667,0.8,0.0,1,0,0
2024-01-12 17:45:00,1.0,18.5,-0.3753261994169886,18.892857607919634,13.751736134970088,2.191667,0.8,0.0,1,0,0
2024-01-12 18:00:00,1.0,18.5,-0.23219206539625964,18.769178824468423,13.776641381058317,1.846667,0.8,0.0,1,0,0
2024-01-12 18:15:00,1.0,18.5,-0.09148239040207043,18.550853811012356,13.788342616093466,1.846667,0.8,0.0,1,0,0
2024-01-12 18:30:00,1.0,18.5,0.030742074306338265,18.342088947894357,13.790265555520332,1.846667,0.8,0.0,1,0,0
2024-01-12 18:45:00,1.0,18.5,0.1408422644312197,18.14208832441623,13.783377011596432,1.846667,0.8,0.0,1,0,0
2024-01-12 19:00:00,1.0,18.5,0.07502307851808036,18.220802177562984,13.77240944422069,2.04,0.8,0.0,1,0,0
2024-01-12 19:15:00,1.0,18.5,-0.31683192681010314,18.89457188369993,13.78379757969739,2.04,0.8,0.0,1,0,0
2024-01-12 19:30:00,1.0,18.5,-0.24746562033720634,18.772116440255754,13.807091653168788,2.04,0.8,0.0,1,0,0
2024-01-12 19:45:00,1.0,18.5,-0.11139888773119168,18.55508090384385,13.820327173135178,2.04,0.8,0.0,1,0,0
2024-01-12 20:00:00,1.0,18.5,0.006561813581643067,18.3476227266183,13.82393001804168,2.063333,0.8,0.0,1,0,0
2024-01-12 20:15:00,1.0,18.5,0.11701817947788674,18.14895517637127,13.818881129120474,2.063333,0.8,0.0,1,0,0
2024-01-12 20:30:00,1.0,18.5,0.09090684683094868,18.228952051325656,13.808201480401973,2.063333,0.8,0.0,1,0,0
2024-01-12 20:45:00,1.0,18.5,-0.29982072504659013,18.90386077269118,13.818232648207221,2.063333,0.8,0.0,1,0,0
2024-01-12 21:00:00,1.0,18.5,-0.18254403254917997,18.782353636958923,13.838394794419234,1.818333,0.8,0.0,1,0,0
2024-01-12 21:15:00,1.0,18.5,-0.047251493814570375,18.56596972845052,13.846588949581273,1.818333,0.8,0.0,1,0,0
2024-01-12 21:30:00,1.0,18.5,0.07139908181857203,18.35892240845717,13.845289568394966,1.818333,0.8,0.0,1,0,0
2024-01-12 21:45:00,2.0,15.7,0.1782499054582818,18.16043666255732,13.835437593535199,1.818333,0.8,0.0,1,0,0
2024-01-12 22:00:00,2.0,15.0,0.35116026578700604,17.96967144419597,13.814938008367905,1.438333,0.8,0.0,1,0,0
2024-01-12 22:15:00,2.0,15.0,0.43861611955675367,17.785807409580066,13.784375212277958,1.438333,0.8,0.0,1,0,0
2024-01-12 22:30:00,2.0,15.0,0.5120084909689431,17.60834884407625,13.747927025314148,1.438333,0.8,0.0,1,0,0
2024-01-12 22:45:00,2.0,15.0,0.5777643232337536,17.436789601105463,13.706202499746441,1.438333,0.8,0.0,1,0,0
2024-01-12 23:00:00,2.0,15.0,0.68070018347453,17.270590912583398,13.658059832026698,1.22,0.8,0.0,1,0,0
2024-01-12 23:15:00,2.0,15.0,0.7338362471556187,17.109231311456593,13.603890792087068,1.22,0.8,0.0,1,0,0
2024-01-12 23:30:00,2.0,15.0,0.7782583052582215,16.952379664901567,13.54614641940693,1.22,0.8,0.0,1,0,0
2024-01-12 23:45:00,2.0,15.0,0.8177201432472482,16.79970283478483,13.485222407232573,1.22,0.8,0.0,1,0,0
2024-01-13 00:00:00,2.0,15.0,0.9156477589961981,16.65078562699119,13.419058892977155,0.908333,0.8,0.0,1,0,0
2024-01-13 00:15:00,2.0,15.0,0.9473802917572349,16.505205313613466,13.347824907590272,0.908333,0.8,0.0,1,0,0
2024-01-13 00:30:00,2.0,15.0,0.9711144044234881,16.362781594340262,13.274665145310403,0.908333,0.8,0.0,1,0,0
2024-01-13 00:45:00,2.0,15.0,0.9917975121575473,16.22330472200452,13.19982309529719,0.908333,0.8,0.0,1,0,0
2024-01-13 01:00:00,2.0,15.0,1.0642625084407173,16.08648653938687,13.121424034605612,0.638333,0.8,0.0,1,0,0
2024-01-13 01:15:00,2.0,15.0,1.0804113384510623,15.952025712052842,13.039532378132595,0.638333,0.8,0.0,1,0,0
2024-01-13 01:30:00,2.0,15.0,1.090566584035387,15.8198248838937,12.956797856773635,0.638333,0.8,0.0,1,0,0
2024-01-13 01:45:00,2.0,15.0,1.0989291169230873,15.689755705254152,12.87336364611463,0.638333,0.8,0.0,1,0,0
2024-01-13 02:00:00,2.0,15.0,1.1807548220938247,15.561567401548649,12.786474960636731,0.266667,0.8,0.0,1,0,0
2024-01-13 02:15:00,2.0,15.0,1.1870390825908441,15.434977898377271,12.696062520080517,0.266667,0.8,0.0,1,0,0
2024-01-13 02:30:00,2.0,15.0,1.1868684366783804,15.30997395229564,12.605630549669518,0.266667,0.8,0.0,1,0,0
2024-01-13 02:45:00,2.0,15.0,1.1858579864345384,15.186488798865867,12.515246258419122,0.266667,0.8,0.0,1,0,0
2024-01-13 03:00:00,2.0,15.0,1.2645641376737211,15.064318006359857,12.421878898081227,-0.13167,0.8,0.0,1,0,0
2024-01-13 03:15:00,2.0,15.0,1.2631988933258562,14.943217732981505,12.32538317077579,-0.13167,0.8,0.0,1,0,0
2024-01-13 03:30:00,2.0,15.0,1.2557241167833695,14.823226933654004,12.229450287959931,-0.13167,0.8,0.0,1,0,0
2024-01-13 03:45:00,2.0,15.0,1.2480830549957609,14.704322364844238,12.134093765362499,-0.13167,0.8,0.0,1,0,0
2024-01-13 04:00:00,2.0,15.0,1.3076374183600592,14.586362485405056,12.036738578846585,-0.465,0.8,0.0,1,0,0
2024-01-13 04:15:00,1.0,16.633333333333333,1.1747734273836616,14.739774137236642,11.939582419919498,-0.465,0.8,0.0,1,0,0
2024-01-13 04:30:00,2.0,16.866666666666667,0.6462862136780323,15.55526592905031,11.871923324108183,-0.465,0.8,0.0,1,0,0
2024-01-13 04:45:00,2.0,15.0,0.5804871945266468,15.563871573686624,11.828220299210034,-0.465,0.8,0.0,1,0,1
2024-01-13 05:00:00,2.0,15.7,0.6415315931351481,15.427217136313146,11.781209704383462,-0.51833,0.0,0.0,0,0,0
2024-01-13 05:15:00,1.0,15.933333333333334,0.5728857871595567,15.483500812749593,11.735139141728876,-0.51833,0.0,0.0,0,0,0
2024-01-13 05:30:00,2.0,16.166666666666668,0.32903055342005744,15.871867961283378,11.70024213247834,-0.51833,0.0,0.0,0,0,0
2024-01-13 05:45:00,2.0,15.0,0.3572030360620816,15.75924824623193,11.675623737763162,-0.51833,0.0,0.0,0,0,0
2024-01-13 06:00:00,2.0,15.0,0.48673776131865293,15.5784170761079,11.643202525310896,-0.76333,0.0,0.0,0,0,0
2024-01-13 06:15:00,1.0,15.933333333333334,0.5506743548880632,15.433377994160873,11.603057100149526,-0.76333,0.7741388888888889,0.7482777777777778,1,1,0
2024-01-13 06:30:00,2.0,16.166666666666668,0.3100955253748258,15.81823475365514,11.569717060160018,-0.76333,0.8,0.0,1,0,0
2024-01-13 06:45:00,2.0,15.0,0.3412336659092243,15.70231409991738,11.546418841165542,-0.76333,0.8,0.0,1,0,0
2024-01-13 07:00:00,2.0,15.7,0.47019952242218704,15.59247719590959,11.514373660213197,-1.16,0.8,0.0,1,0,0
2024-01-13 07:15:00,1.0,15.933333333333334,0.45181697224223744,15.586514212071712,11.47975988314699,-1.16,0.8,0.0,1,0,0
2024-01-13 07:30:00,2.0,18.266666666666666,0.12253888638325865,16.181583461589472,11.455162531018052,-1.16,0.8,0.0,1,0,1
2024-01-13 07:45:00,2.0,15.0,-0.09074775889045414,16.480997185300893,11.458698769455193,-1.16,0.0,0.0,0,0,0
2024-01-13 08:00:00,1.0,15.933333333333334,0.07413702115204357,16.295084708703154,11.458612535224328,-1.39333,0.0,0.0,0,0,0
2024-01-13 08:15:00,1.0,18.5,-0.21755110636940042,16.868718128836512,11.461116128500823,-1.39333,0.0,0.0,0,0,0
2024-01-13 08:30:00,1.0,18.5,-0.690194203566859,17.736324093131337,11.497207825633275,-1.39333,0.7778333333333334,0.7630555555555556,1,1,0
2024-01-13 08:45:00,1.0,18.5,-1.1155402386673112,18.56930171064813,11.567356579137522,-1.39333,0.8,0.0,1,0,0
2024-01-13 09:00:00,2.0,16.866666666666667,-1.255778607653809,18.858384440550502,11.662059172780816,-1.35,0.8,0.0,1,0,0
2024-01-13 09:15:00,2.0,15.0,-1.0192018406201584,18.562290946822202,11.748088533962743,-1.35,0.8,0.0,1,0,0
2024-01-13 09:30:00,1.0,17.333333333333332,-0.8021620789326109,18.282019721369643,11.816778065115992,-1.35,0.8,0.0,1,0,0
2024-01-13 09:45:00,3.0,17.8,-0.6145605719687262,18.045924598316805,11.869852870053816,-1.35,0.8,0.0,1,0,0
2024-01-13 10:00:00,3.0,18.5,-0.9164612724513024,18.570126469728383,11.925145633896895,-0.97667,0.8,0.0,1,0,1
2024-01-13 10:15:00,1.0,18.5,-1.0763194911216982,18.879247777304965,12.005729045240384,-0.97667,0.0,0.0,0,0,0
2024-01-13 10:30:00,1.0,18.5,-0.8585541581185316,18.598885637289868,12.078840446933771,-0.97667,0.0,0.0,0,0,0
2024-01-13 10:45:00,1.0,18.5,-0.6591464523471535,18.333165254369373,12.13601850968079,-0.97667,0.0,0.0,0,0,0
2024-01-13 11:00:00,1.0,18.5,-0.7583098810617468,18.086646786975088,12.189526461153466,0.405,0.0,0.0,0,0,0
2024-01-13 11:15:00,1.0,18.5,-0.9308595474979542,18.504378186429825,12.251077437448226,0.405,0.8,0.7630555555555556,1,1,0
2024-01-13 11:30:00,1.0,18.5,-1.130256251800107,18.899699244716683,12.334010769569863,0.405,0.8,0.0,1,0,0
2024-01-13 11:45:00,1.0,18.5,-0.9227240441345776,18.63861370838564,12.411840445846183,0.405,0.8,0.0,1,0,0
2024-01-13 12:00:00,2.0,18.266666666666666,-1.137939556892909,18.387237418765885,12.48984811417869,2.438333,0.8,0.0,1,0,0
2024-01-13 12:15:00,2.0,15.0,-0.9665383749290523,18.15025248726321,12.570523061014761,2.438333,0.8,0.0,1,0,1
2024-01-13 12:30:00,1.0,16.633333333333333,-0.8265281413839514,18.030127842459006,12.637135556019475,2.438333,0.0,0.0,0,0,0
2024-01-13 12:45:00,1.0,18.5,-1.1468952196683901,18.720868099137228,12.710620032597296,2.438333,0.0,0.0,0,0,0
2024-01-13 13:00:00,1.0,18.5,-1.6955319209279653,18.854992738081975,12.823158516683693,4.956667,0.0,0.0,0,0,0
2024-01-13 13:15:00,1.0,18.5,-1.495019853234081,18.61272418526431,12.945365236034045,4.956667,0.0,0.0,0,0,0
2024-01-13 13:30:00,1.0,18.5,-1.2795632294470438,18.38551149361306,13.050372116149923,4.956667,0.0,0.0,0,0,0
2024-01-13 13:45:00,1.0,18.5,-1.084516485050351,18.17202790925635,13.139806407537515,4.956667,0.0,0.0,0,0,0
2024-01-13 14:00:00,1.0,18.5,-1.3680386043125135,18.191661046635872,13.23066660996978,6.738333,0.0,0.0,0,0,0
2024-01-13 14:15:00,1.0,18.5,-1.6979777456878768,18.876238124882683,13.349469455730707,6.738333,0.0,0.0,0,0,0
2024-01-13 14:30:00,1.0,18.5,-1.5679943442493245,18.786857397777098,13.475895212268261,6.738333,0.0,0.0,0,0,0
2024-01-13 14:45:00,1.0,18.5,-1.3551702503988272,18.57205268622889,13.586570631705806,6.738333,0.0,0.0,0,0,0
2024-01-13 15:00:00,3.0,18.5,-1.214975711550047,18.366685092189506,13.683904914284495,7.008333000000001,0.0,0.0,0,0,0
2024-01-13 15:15:00,1.0,18.5,-1.036574023280224,18.169344441636078,13.769246485173793,7.008333000000001,0.0,0.0,0,0,0
2024-01-13 15:30:00,1.0,18.5,-0.9501262810079761,18.16114855929142,13.842606343002375,7.008333000000001,0.0,0.0,0,0,0
2024-01-13 15:45:00,1.0,18.5,-1.2879494523298631,18.869047559961793,13.928170993647964,7.008333000000001,0.0,0.0,0,0,0
2024-01-13 16:00:00,1.0,18.5,-1.0823839933066326,18.831727682544543,14.02102096909576,6.356667,0.0,0.0,0,0,0
2024-01-13 16:15:00,3.0,18.5,-0.893527964109526,18.62475941809819,14.095350460761207,6.356667,0.0,0.0,0,0,0
2024-01-13 16:30:00,3.0,18.5,-0.731442975932872,18.429428857627332,14.156734292955155,6.356667,0.0,0.0,0,0,0
2024-01-13 16:45:00,3.0,18.5,-0.5848789040311613,18.244724683868586,14.206409975385421,6.356667,0.0,0.0,0,0,0
2024-01-13 17:00:00,3.0,18.5,-0.2274876508522017,18.069327858674185,14.236860981175312,5.243332999999999,0.6448333333333334,0.6411388888888889,1,1,0
2024-01-13 17:15:00,3.0,18.5,-0.3951073315912374,18.489511878384903,14.256472047659425,5.243332999999999,0.70025,0.0,1,0,0
2024-01-13 17:30:00,1.0,18.5,-0.6645675941429824,18.953484251513075,14.30148021103217,5.243332999999999,0.7556666666666667,0.0,1,0,0
2024-01-13 17:45:00,1.0,18.5,-0.5204977264576138,18.756649481631904,14.346450190355714,5.243332999999999,0.8,0.0,1,0,0
2024-01-13 18:00:00,1.0,18.5,-0.18793132542046925,18.564719772615838,14.372933924151852,4.28,0.8,0.0,1,0,0
2024-01-13 18:15:00,1.0,18.5,-0.060747817912675264,18.38134393194927,14.381500899623335,4.28,0.8,0.0,1,0,0
2024-01-13 18:30:00,1.0,18.5,0.04098938169120495,18.20594651514379,14.381928186883021,4.28,0.8,0.0,1,0,0
2024-01-13 18:45:00,2.0,16.166666666666668,0.13262346146816667,18.03786414136103,14.375021430673147,4.28,0.8,0.0,1,0,0
2024-01-13 19:00:00,2.0,15.0,0.24168816802443815,17.876446506931874,14.360490005354112,4.148333,0.8,0.0,1,0,0
2024-01-13 19:15:00,2.0,15.0,0.31619007518264636,17.721083483586654,14.338931422927343,4.148333,0.8,0.0,1,0,0
2024-01-13 19:30:00,2.0,15.0,0.3813241763015007,17.57130673564955,14.312151729535724,4.148333,0.8,0.0,1,0,0
2024-01-13 19:45:00,2.0,15.0,0.439733762927846,17.42667124801637,14.280687224740586,4.148333,0.8,0.0,1,0,0
2024-01-13 20:00:00,1.0,17.333333333333332,0.5082961584412481,17.508177314312352,14.242238876697531,3.568333,0.8,0.0,1,0,0
2024-01-13 20:15:00,2.0,16.866666666666667,0.05316373302941675,18.281849118244363,14.221637458618774,3.568333,0.8,0.0,1,0,0
2024-01-13 20:30:00,2.0,15.0,0.030338272755807884,18.276271081246627,14.22134919250819,3.568333,0.8,0.0,1,0,0
2024-01-13 20:45:00,2.0,15.0,0.1282515329926759,18.09809182798678,14.2149946460387,3.568333,0.8,0.0,1,0,0
2024-01-13 21:00:00,1.0,15.233333333333333,0.28977828700159736,17.926936620875647,14.198764741651164,3.205,0.8,0.0,1,0,0
2024-01-13 21:15:00,1.0,18.5,0.07968344500423191,18.349682091328166,14.181108779849394,3.205,0.8,0.0,1,0,0
2024-01-13 21:30:00,1.0,18.5,-0.2815325359054212,18.936634107193285,14.193156652290446,3.205,0.8,0.0,1,0,0
2024-01-13 21:45:00,2.0,15.466666666666667,-0.17548110218604243,18.75817780561191,14.211088986222363,3.205,0.8,0.0,1,0,0
2024-01-13 22:00:00,2.0,15.0,0.16407062625338018,18.558819857407716,14.21106477534276,2.126667,0.8,0.0,1,0,0
2024-01-13 22:15:00,2.0,16.4,0.2766904861062715,18.367184622457987,14.193354907193264,2.126667,0.8,0.0,1,0,0
2024-01-13 22:30:00,2.0,15.0,0.363522878719624,18.18280152701328,14.168688654917386,2.126667,0.8,0.0,1,0,0
2024-01-13 22:45:00,2.0,15.0,0.4414951446102753,18.005085589462055,14.137772611045383,2.126667,0.8,0.0,1,0,0
2024-01-13 23:00:00,2.0,15.0,0.49930701704301533,17.833526504742736,14.10171354194091,2.186667,0.8,0.0,1,0,0
2024-01-13 23:15:00,2.0,15.0,0.561783742048042,17.66766889389587,14.06112324084165,2.186667,0.8,0.0,1,0,0
2024-01-13 23:30:00,2.0,15.0,0.6184720914849821,17.50705927573457,14.015980823061737,2.186667,0.8,0.0,1,0,0
2024-01-13 23:45:00,2.0,15.0,0.6691010073324335,17.351293949640258,13.96676960204638,2.186667,0.8,0.0,1,0,0
2024-01-14 00:00:00,2.0,15.0,0.8489147955887018,17.19976605826404,13.908754347297116,1.52,0.8,0.0,1,0,0
2024-01-14 00:15:00,2.0,15.0,0.8908723833444406,17.0518275265592,13.84199836434715,1.52,0.8,0.0,1,0,0
2024-01-14 00:30:00,2.0,15.0,0.9191071817964704,16.907326038889366,13.772958022771494,1.52,0.8,0.0,1,0,0
2024-01-14 00:45:00,2.0,15.0,0.9438828784986485,16.766025579037773,13.701909343320729,1.52,0.8,0.0,1,0,0
2024-01-14 01:00:00,2.0,15.0,1.1160298957483328,16.627443400189932,13.623320942557275,0.775,0.8,0.0,1,0,0
2024-01-14 01:15:00,2.0,15.0,1.1368530000166348,16.491032801561218,13.537045879567719,0.775,0.8,0.0,1,0,0
2024-01-14 01:30:00,2.0,15.0,1.1448196800227977,16.35678484357744,13.450101510877325,0.775,0.8,0.0,1,0,0
2024-01-14 01:45:00,2.0,15.0,1.1511711879096806,16.2245822942128,13.36261686580403,0.775,0.8,0.0,1,0,0
2024-01-14 02:00:00,2.0,15.7,1.0705404195595143,16.255750370353585,13.27716401275423,0.788333,0.8,0.0,1,0,0
2024-01-14 02:15:00,2.0,15.0,1.0430044696217349,16.178207222440374,13.197813113462582,0.788333,0.8,0.0,1,0,0
2024-01-14 02:30:00,2.0,15.0,1.056954384290939,16.043173931179492,13.117771881990153,0.788333,0.8,0.0,1,0,0
2024-01-14 02:45:00,2.0,15.0,1.068760118031785,15.910499801914863,13.036756363249415,0.788333,0.8,0.0,1,0,0
2024-01-14 03:00:00,2.0,15.0,1.210949348904988,15.779811569130112,12.949838420352105,0.133333,0.8,0.0,1,0,0
2024-01-14 03:15:00,2.0,15.0,1.2208367049074407,15.650674965030772,12.856829798440726,0.133333,0.8,0.0,1,0,0
2024-01-14 03:30:00,2.0,15.0,1.220094736818893,15.523124183543855,12.76384642111903,0.133333,0.8,0.0,1,0,0
2024-01-14 03:45:00,2.0,15.0,1.2185455507181306,15.397094272287752,12.670952905696993,0.133333,0.8,0.0,1,0,0
2024-01-14 04:00:00,2.0,15.0,1.2408493043443156,15.27248187968788,12.57726322551883,0.011667,0.8,0.0,1,0,0
2024-01-14 04:15:00,1.0,17.8,1.0847768772652904,15.473592790912047,12.485902815222135,0.011667,0.8,0.0,1,0,0
2024-01-14 04:30:00,1.0,18.5,0.5104478175824807,16.404094194987348,12.426108792833197,0.011667,0.8,0.0,1,0,0
2024-01-14 04:45:00,2.0,16.4,0.045262468820118376,17.14465604124503,12.40847296181348,0.011667,0.8,0.0,1,0,1
2024-01-14 05:00:00,2.0,15.0,0.045448701940016,17.03727564355004,12.406922747159488,0.206667,0.0,0.0,0,0,0
2024-01-14 05:15:00,1.0,17.8,0.0004351495444826751,17.158197425025246,12.40221667673163,0.206667,0.0,0.0,0,0,0
2024-01-14 05:30:00,2.0,17.1,-0.44051692994375957,17.941221231122157,12.420410165050505,0.206667,0.0,0.0,0,0,0
2024-01-14 05:45:00,2.0,15.0,-0.42618265342342815,17.916894881218873,12.456565432526315,0.206667,0.7224166666666667,0.7076388888888889,1,1,0
2024-01-14 06:00:00,2.0,15.0,-0.15835876606067292,17.678627691974608,12.478291583746719,-0.335,0.7778333333333334,0.0,1,0,0
2024-01-14 06:15:00,1.0,16.166666666666668,-0.030998215372899783,17.50035462092969,12.484258407899043,-0.335,0.8,0.0,1,0,0
2024-01-14 06:30:00,2.0,18.033333333333335,-0.34264825538245397,18.10533030918091,12.495982290256494,-0.335,0.8,0.0,1,0,0
2024-01-14 06:45:00,1.0,18.033333333333335,-0.466766669933444,18.29946498920642,12.531278547864348,-0.335,0.8,0.0,1,0,0
2024-01-14 07:00:00,1.0,18.5,-0.3112317228160505,18.097705341142195,12.559871157221748,-0.35667,0.8,0.0,1,0,0
2024-01-14 07:15:00,1.0,18.5,-0.5940598793861797,18.68130057485546,12.591744268294388,-0.35667,0.8,0.0,1,0,0
2024-01-14 07:30:00,1.0,18.5,-0.6923198367175398,18.855764789195486,12.645127493966521,-0.35667,0.8,0.0,1,0,0
2024-01-14 07:45:00,1.0,18.5,-0.5005918173187545,18.58622004380236,12.68995748821287,-0.35667,0.8,0.0,1,0,0
2024-01-14 08:00:00,1.0,18.5,-0.3466101306366369,18.334413074548785,12.721654187158547,-0.27333,0.8,0.0,1,0,0
2024-01-14 08:15:00,1.0,18.5,-0.19592265433045228,18.09967698739534,12.741881977697124,-0.27333,0.8,0.0,1,0,0
2024-01-14 08:30:00,1.0,18.5,-0.3492463878164351,18.46316375600824,12.759075121299643,-0.27333,0.8,0.0,1,0,0
2024-01-14 08:45:00,1.0,18.5,-0.6238656211499332,18.93611847132595,12.800543611620288,-0.27333,0.8,0.0,1,0,0
2024-01-14 09:00:00,1.0,18.5,-0.5007574891492437,18.696647124989777,12.84340063408547,-0.075,0.8,0.0,1,0,0
2024-01-14 09:15:00,1.0,18.5,-0.3402284866943076,18.45770451927082,12.875026343419403,-0.075,0.8,0.0,1,0,0
2024-01-14 09:30:00,1.0,18.5,-0.19270702148484542,18.229991161394185,12.894856351815625,-0.075,0.8,0.0,1,0,1
2024-01-14 09:45:00,1.0,18.5,-0.10199419499559627,18.1162748797966,12.904547235300319,-0.075,0.0,0.0,0,0,0
2024-01-14 10:00:00,1.0,18.5,-0.6859166695856189,18.777576900685215,12.933492520465434,1.075,0.7741388888888889,0.7482777777777778,1,1,0
2024-01-14 10:15:00,1.0,18.5,-0.7054704147129609,18.806474596662177,12.990661935500766,1.075,0.8,0.0,1,0,0
2024-01-14 10:30:00,1.0,18.5,-0.5325714758898148,18.571966730006793,13.037271361014932,1.075,0.8,0.0,1,0,0
2024-01-14 10:45:00,1.0,18.5,-0.3764077479104947,18.349113697477968,13.071398877056414,1.075,0.8,0.0,1,0,0
2024-01-14 11:00:00,1.0,18.5,-0.6585170262458439,18.138051211481077,13.11050563877554,3.168333,0.8,0.0,1,0,0
2024-01-14 11:15:00,1.0,18.5,-0.6909142049555546,18.263312764404663,13.15989713208367,3.168333,0.8,0.0,1,0,0
2024-01-14 11:30:00,1.0,18.5,-1.0219609811528818,18.90523825432126,13.227796750773454,3.168333,0.8,0.0,1,0,1
2024-01-14 11:45:00,1.0,18.5,-0.8905515414298272,18.75074459052325,13.301845762457152,3.168333,0.0,0.0,0,0,0
2024-01-14 12:00:00,1.0,18.5,-0.9646846071594123,18.534203565526713,13.372043511111224,4.396667,0.7519722222222223,0.7482777777777778,1,1,0
2024-01-14 12:15:00,1.0,18.5,-0.8106278154162523,18.330039483870696,13.439817134275794,4.396667,0.8,0.0,1,0,0
2024-01-14 12:30:00,2.0,17.1,-0.6547943696342,18.137129495785416,13.49514305187763,4.396667,0.8,0.0,1,0,0
2024-01-14 12:45:00,1.0,16.4,-0.5422105916439215,18.028651713295087,13.5395017305529,4.396667,0.8,0.0,1,0,0
2024-01-14 13:00:00,1.0,18.5,-1.3566907403044557,18.715973496190237,13.6099798983053,6.783333,0.8,0.0,1,0,0
2024-01-14 13:15:00,1.0,18.5,-1.440589831730972,18.890461232154205,13.722008525667063,6.783333,0.8,0.0,1,0,0
2024-01-14 13:30:00,1.0,18.5,-1.2412963354622284,18.686387112258767,13.8235358714155,6.783333,0.8,0.0,1,0,0
2024-01-14 13:45:00,1.0,18.5,-1.0608399443310383,18.494937710360567,13.910657132586428,6.783333,0.8,0.0,1,0,0
2024-01-14 14:00:00,1.0,18.5,-1.0792171370580648,18.31377235887167,13.99172664427662,7.686667,0.8,0.0,1,0,0
2024-01-14 14:15:00,1.0,18.5,-0.9320809713330351,18.142173342117545,14.068343885447868,7.686667,0.8,0.0,1,0,0
2024-01-14 14:30:00,1.0,18.5,-0.8654121780670618,18.158292845397803,14.134559276848345,7.686667,0.8,0.0,1,0,0
2024-01-14 14:45:00,1.0,18.5,-1.2211170290657813,18.889204652581558,14.21440805080788,7.686667,0.8,0.0,1,0,0
2024-01-14 15:00:00,1.0,18.5,-1.1475412152229665,18.87117751713744,14.307300146173647,7.615,0.8,0.0,1,0,0
2024-01-14 15:15:00,1.0,18.5,-0.9717527139251523,18.67992259766111,14.387434757382543,7.615,0.8,0.0,1,0,0
2024-01-14 15:30:00,1.0,18.5,-0.8136061568706004,18.499887977342375,14.45494106382395,7.615,0.8,0.0,1,0,0
2024-01-14 15:45:00,1.0,18.5,-0.6705312446804162,18.330092627497663,14.511020732953003,7.615,0.8,0.0,1,0,1
2024-01-14 16:00:00,1.0,18.5,-0.356244455025952,18.16716481175028,14.549675720231454,6.705,0.0,0.0,0,0,0
2024-01-14 16:15:00,1.0,18.5,-0.27670528811596184,18.113397019453224,14.571816265952528,6.705,0.0,0.0,0,0,0
2024-01-14 16:30:00,1.0,18.5,-0.6386814641091615,18.80664265654083,14.605905798874835,6.705,0.0,0.0,0,0,0
2024-01-14 16:45:00,1.0,18.5,-0.6455204150837822,18.841073171494177,14.658033274936775,6.705,0.0,0.0,0,0,0
2024-01-14 17:00:00,1.0,18.5,-0.2494762470112532,18.65950673906443,14.691599509213887,5.435,0.0,0.0,0,0,0
2024-01-14 17:15:00,1.0,18.5,-0.11999784890635708,18.486189033046784,14.704601737316095,5.435,0.0,0.0,0,0,0
2024-01-14 17:30:00,1.0,18.5,-0.020255861835715847,18.320611861123947,14.709625597912552,5.435,0.6965555555555556,0.6485277777777778,1,1,0
2024-01-14 17:45:00,1.0,18.5,0.0696247696613152,18.16212830875742,14.707457444656251,5.435,0.7519722222222223,0.0,1,0,0
2024-01-14 18:00:00,1.0,18.5,0.3930646351317621,18.11335890080739,14.688371684620206,4.025,0.8,0.0,1,0,0
2024-01-14 18:15:00,1.0,18.5,0.009914394373742806,18.808969889087077,14.67157550094816,4.025,0.8,0.0,1,0,0
2024-01-14 18:30:00,1.0,18.5,-0.03534723895621288,18.843595402143794,14.675873852853508,4.025,0.8,0.0,1,0,0
2024-01-14 18:45:00,1.0,18.5,0.06907130724586444,18.660724871791636,14.67425518162537,4.025,0.8,0.0,1,0,0
2024-01-14 19:00:00,1.0,18.5,0.3593983132531974,18.48504774266127,14.657569420549207,3.053333,0.8,0.0,1,0,0
2024-01-14 19:15:00,1.0,18.5,0.44663659019502683,18.3154861053922,14.626081166822383,3.053333,0.8,0.0,1,0,0
2024-01-14 19:30:00,1.0,18.5,0.5119059322991364,18.151697184469395,14.589357332807104,3.053333,0.8,0.0,1,0,0
2024-01-14 19:45:00,1.0,18.5,0.5112023401725281,18.131382911780577,14.548746135908821,3.053333,0.8,0.0,1,0,0
2024-01-14 20:00:00,1.0,18.5,0.2241722581605608,18.857972149323263,14.520515572449893,2.3466670000000005,0.8,0.0,1,0,0
2024-01-14 20:15:00,1.0,18.5,0.18155179835424254,18.882916311039594,14.508014399763692,2.3466670000000005,0.8,0.0,1,0,0
2024-01-14 20:30:00,1.0,18.5,0.27873263327031944,18.690083200218666,14.490169328577535,2.3466670000000005,0.8,0.0,1,0,0
2024-01-14 20:45:00,1.0,18.5,0.3660898909603446,18.50454656300573,14.465325814531301,2.3466670000000005,0.8,0.0,1,0,0
2024-01-14 21:00:00,1.0,18.5,0.5162507291949242,18.325590256411147,14.431439788372684,1.991667,0.8,0.0,1,0,0
2024-01-14 21:15:00,1.0,18.5,0.5875694105645837,18.15251198013074,14.388978269252743,1.991667,0.8,0.0,1,0,0
2024-01-14 21:30:00,1.0,18.033333333333335,0.567976586096755,18.1623651803104,14.342975389399832,1.991667,0.8,0.0,1,0,0
2024-01-14 21:45:00,2.0,17.566666666666666,0.13351668872423675,18.882702154196956,14.316868089156541,1.991667,0.8,0.0,1,0,0
2024-01-14 22:00:00,2.0,15.0,0.3683810984150059,18.85415645798251,14.30053632569179,0.755,0.8,0.0,1,0,0
2024-01-14 22:15:00,2.0,15.0,0.4766654556511878,18.652657218601394,14.267357223759133,0.755,0.8,0.0,1,0,0
2024-01-14 22:30:00,2.0,15.0,0.557327514053762,18.458190655248053,14.227709920016649,0.755,0.8,0.0,1,0,0
2024-01-14 22:45:00,2.0,15.0,0.6296005115163208,18.27020079494997,14.18226348307215,0.755,0.8,0.0,1,0,0
2024-01-14 23:00:00,2.0,15.0,1.01143622597145,18.08761770515772,14.119441037550278,-0.815,0.8,0.0,1,0,0
2024-01-14 23:15:00,2.0,15.0,1.0734552929314474,17.909242118275227,14.039005953678176,-0.815,0.8,0.0,1,0,0
2024-01-14 23:30:00,2.0,15.0,1.10753961257807,17.73501297108645,13.95581330649067,-0.815,0.8,0.0,1,0,0
2024-01-14 23:45:00,2.0,15.0,1.1374496251588146,17.56464546430123,13.870196186576901,-0.815,0.8,0.0,1,0,1
