,Occupancy,T_set_HP,P_loss_HP,T_ref_HP,T_wall_HP,T_out_HP,SoC_ref_EV,SoC_arr_EV,EV_plugged,EV_arrival,EV_departure
2024-01-01 00:00:00,2.0,15.0,-0.11826772560914717,14.992101044253282,13.50423845318709,12.0,0.0,0.0,0,0,0
2024-01-01 00:15:00,2.0,15.0,-0.12258429286388814,14.97534980071477,13.513123375244307,12.0,0.0,0.0,0,0,0
2024-01-01 00:30:00,2.0,15.0,-0.11840948865174115,14.95886587043822,13.521707183565834,12.0,0.0,0.0,0,0,0
2024-01-01 00:45:00,2.0,15.0,-0.11433342194289384,14.942643390083388,13.529996997501007,12.0,0.0,0.0,0,0,0
2024-01-01 01:00:00,2.0,15.0,-0.11035382326166264,14.92667663007862,13.537999772766206,12.0,0.0,0.0,0,0,0
2024-01-01 01:15:00,2.0,15.0,-0.10646847515284799,14.910959991556885,13.545722305195605,12.0,0.0,0.0,0,0,0
2024-01-01 01:30:00,2.0,15.0,-0.10267521098965321,14.895488003362,13.553171234405983,12.0,0.0,0.0,0,0,0
2024-01-01 01:45:00,2.0,15.0,-0.0989719138089155,14.88025531912346,13.560353047377534,12.0,0.0,0.0,0,0,0
2024-01-01 02:00:00,2.0,15.0,-0.039675677022431195,14.864973958765654,13.565284607701521,11.0,0.0,0.0,0,0,0
2024-01-01 02:15:00,2.0,15.0,-0.032921682671374436,14.84957497498286,13.567723859610531,11.0,0.0,0.0,0,0,0
2024-01-01 02:30:00,2.0,15.0,-0.03023859541293782,14.834364286249633,13.569969509666544,11.0,0.0,0.0,0,0,0
2024-01-01 02:45:00,2.0,15.0,-0.02762132913704189,14.819337947960227,13.572026303987695,11.0,0.0,0.0,0,0,0
2024-01-01 03:00:00,2.0,15.0,-0.025068365800890828,14.804492105066764,13.57389887923834,11.0,0.0,0.0,0,0,0
2024-01-01 03:15:00,2.0,15.0,-0.02257822216952542,14.789822990028897,13.575591765138734,11.0,0.0,0.0,0,0,0
2024-01-01 03:30:00,2.0,15.0,-0.020149449018154193,14.775326920810445,13.57710938691721,11.0,0.0,0.0,0,0,0
2024-01-01 03:45:00,2.0,15.0,-0.017780630352757985,14.761000298921925,13.578456067706192,11.0,0.0,0.0,0,0,0
2024-01-01 04:00:00,2.0,15.0,-0.015470382648565172,14.746839607507956,13.579636030883256,11.0,0.0,0.0,0,0,0
2024-01-01 04:15:00,2.0,15.7,-0.027382491551354658,14.862623691148627,13.580833140723962,11.0,0.0,0.0,0,0,0
2024-01-01 04:30:00,2.0,15.0,-0.12105759224709832,15.502980474117003,13.586451861998638,11.0,0.0,0.0,0,0,0
2024-01-01 04:45:00,2.0,15.0,-0.12607631935995525,15.526994315023938,13.595550893741422,11.0,0.0,0.0,0,0,0
2024-01-01 05:00:00,2.0,15.0,-0.06535069084297077,15.504572529158997,13.60236106943192,10.0,0.0,0.0,0,0,0
2024-01-01 05:15:00,2.0,15.7,-0.061255920121265656,15.523870173012313,13.606610443538536,10.0,0.0,0.0,0,0,0
2024-01-01 05:30:00,2.0,16.4,-0.12140738204972946,15.958765725635605,13.612923406737986,10.0,0.0,0.0,0,0,0
2024-01-01 05:45:00,2.0,15.0,-0.13763645574110642,16.055858874613254,13.622678454933542,10.0,0.0,0.0,0,0,0
2024-01-01 06:00:00,1.0,15.466666666666667,-0.13155883619804862,16.03239433433639,13.632263180168614,10.0,0.0,0.0,0,0,0
2024-01-01 06:15:00,2.0,16.633333333333333,-0.19199584146296703,16.49464162833908,13.643414500384889,10.0,0.0,0.0,0,0,0
2024-01-01 06:30:00,2.0,15.0,-0.20841130763171828,16.590934685424436,13.658275512722954,10.0,0.0,0.0,0,0,0
2024-01-01 06:45:00,2.0,15.0,-0.20052892251242715,16.557492451485324,13.672839283822984,10.0,0.0,0.0,0,0,0
2024-01-01 07:00:00,2.0,15.0,-0.19283682239473118,16.524573295719712,13.686848077538759,10.0,0.7762500000000003,0.7382500000000001,1,1,0
2024-01-01 07:15:00,2.0,17.8,-0.23776743888908144,16.908718270236342,13.701480757861452,10.0,0.8000000000000005,0.0,1,0,0
2024-01-01 07:30:00,1.0,16.866666666666667,-0.31117636714076113,17.41695244273999,13.72171881761156,10.0,0.8000000000000005,0.0,1,0,0
2024-01-01 07:45:00,3.0,18.5,-0.42720249778598,18.285725806591604,13.747804197263275,10.0,0.8000000000000005,0.0,1,0,0
2024-01-01 08:00:00,3.0,18.5,-0.5273529455330198,18.970348123345854,13.782804718011334,10.0,0.8000000000000005,0.0,1,0,0
2024-01-01 08:15:00,3.0,18.5,-0.5184784409771596,18.943882814145404,13.820271478090639,10.0,0.8000000000000005,0.0,1,0,0
2024-01-01 08:30:00,3.0,18.5,-0.5031853323159253,18.890488132901016,13.856667568518498,10.0,0.8000000000000005,0.0,1,0,0
2024-01-01 08:45:00,3.0,18.5,-0.4882503395761672,18.83802648594821,13.891986564450486,10.0,0.8000000000000005,0.0,1,0,0
2024-01-01 09:00:00,3.0,18.5,-0.4738618817208213,18.788039835775447,13.926258377246889,10.0,0.8000000000000005,0.0,1,0,0
2024-01-01 09:15:00,3.0,18.5,-0.46009530853635083,18.740708233311786,13.959530447101448,10.0,0.8000000000000005,0.0,1,0,0
2024-01-01 09:30:00,3.0,18.5,-0.4466528613589334,18.694213832717352,13.991833075735725,10.0,0.8000000000000005,0.0,1,0,0
2024-01-01 09:45:00,1.0,18.5,-0.43352496881103325,18.64853800601575,14.02318894348465,10.0,0.8000000000000005,0.0,1,0,0
2024-01-01 10:00:00,1.0,18.5,-0.47711616912049426,18.60975384572566,14.055627091063378,11.0,0.8000000000000005,0.0,1,0,0
2024-01-01 10:15:00,1.0,18.5,-0.4695921445134134,18.578651941884225,14.089502132320368,11.0,0.8000000000000005,0.0,1,0,1
2024-01-01 10:30:00,1.0,18.5,-0.45833776870295645,18.548220610981797,14.122565679325698,11.0,0.0,0.0,0,0,0
2024-01-01 10:45:00,1.0,18.5,-0.4473423968985123,18.518444581619736,14.154836406721632,11.0,0.0,0.0,0,0,0
2024-01-01 11:00:00,1.0,18.5,-0.49297321256720417,18.495093161445332,14.188338521982987,12.0,0.0,0.0,0,0,0
2024-01-01 11:15:00,1.0,18.5,-0.48738076861672347,18.4789207876023,14.223418338030422,12.0,0.0,0.0,0,0,0
2024-01-01 11:30:00,1.0,18.5,-0.4780081319428431,18.463272225137253,14.25782251091225,12.0,0.7952500000000001,0.7857500000000001,1,1,0
2024-01-01 11:45:00,1.0,18.5,-0.4688462298915421,18.448135126295522,14.291566234585847,12.0,0.8000000000000002,0.0,1,0,0
2024-01-01 12:00:00,1.0,18.5,-0.4595691145398758,18.4309454682015,14.324656707837395,12.0,0.8000000000000002,0.0,1,0,0
2024-01-01 12:15:00,1.0,18.5,-0.45003590444033836,18.411364355721823,14.357071218247528,12.0,0.8000000000000002,0.0,1,0,1
2024-01-01 12:30:00,1.0,18.5,-0.4407154336274185,18.392316596600743,14.388813785292207,12.0,0.0,0.0,0,0,0
2024-01-01 12:45:00,1.0,18.5,-0.43160630955293355,18.37378977866025,14.419899647201428,12.0,0.0,0.0,0,0,0
2024-01-01 13:00:00,1.0,18.5,-0.4227978916010023,18.356520347664222,14.45034593668655,12.0,0.0,0.0,0,0,0
2024-01-01 13:15:00,1.0,18.5,-0.41432539634156557,18.340592406193572,14.480178119958797,12.0,0.0,0.0,0,0,0
2024-01-01 13:30:00,1.0,18.5,-0.406045330789904,18.325133057309756,14.509413391544431,12.0,0.8000000000000002,0.7857500000000001,1,1,0
2024-01-01 13:45:00,1.0,18.5,-0.3979522715681261,18.31013133019808,14.53806523465715,12.0,0.8000000000000002,0.0,1,0,0
2024-01-01 14:00:00,1.0,18.5,-0.38923520494491226,18.28916550047496,14.566127611629774,12.0,0.8000000000000002,0.0,1,0,0
2024-01-01 14:15:00,3.0,18.5,-0.37954785996540763,18.261403337135267,14.593519893738899,12.0,0.8000000000000002,0.0,1,0,0
2024-01-01 14:30:00,3.0,18.5,-0.37007551154914936,18.23421121094299,14.620229146799868,12.0,0.8000000000000002,0.0,1,0,0
2024-01-01 14:45:00,3.0,18.5,-0.36082196485088275,18.20757620826857,14.646271146861151,12.0,0.8000000000000002,0.0,1,0,1
2024-01-01 15:00:00,3.0,18.5,-0.35101312826432396,18.175373990433172,14.671642992721479,12.0,0.0,0.0,0,0,0
2024-01-01 15:15:00,1.0,18.5,-0.3403179789063599,18.13680883206636,14.696270608146587,12.0,0.0,0.0,0,0,0
2024-01-01 15:30:00,1.0,18.5,-0.32986556367101844,18.098900927295695,14.72014438666467,12.0,0.0,0.0,0,0,0
2024-01-01 15:45:00,1.0,18.5,-0.3196586347706281,18.061635724564773,14.74328202864616,12.0,0.0,0.0,0,0,0
2024-01-01 16:00:00,1.0,18.5,-0.2539901974736217,18.024553196594205,14.763710865016778,11.0,0.0,0.0,0,0,0
2024-01-01 16:15:00,3.0,18.5,-0.2853768598063233,18.34866129963765,14.782113176095786,11.0,0.0,0.0,0,0,0
2024-01-01 16:30:00,3.0,18.5,-0.37751433831823983,18.97268455007464,14.806643658712819,11.0,0.0,0.0,0,0,0
2024-01-01 16:45:00,3.0,18.5,-0.36924186886278476,18.93981900655952,14.83337566274398,11.0,0.0,0.0,0,0,0
2024-01-01 17:00:00,3.0,18.5,-0.35719020977546284,18.893781130029556,14.859251343490287,11.0,0.0,0.0,0,0,0
2024-01-01 17:15:00,3.0,18.5,-0.34542278997207965,18.848492527036875,14.884278302656666,11.0,0.0,0.0,0,0,0
2024-01-01 17:30:00,1.0,18.5,-0.3339330779559558,18.80393671557285,14.90847656398574,11.0,0.0,0.0,0,0,0
2024-01-01 17:45:00,3.0,18.5,-0.3227146919402511,18.76009758976689,14.931865691082836,11.0,0.0,0.0,0,0,0
2024-01-01 18:00:00,1.0,18.5,-0.31176139641727363,18.71695941127073,14.954464797962915,11.0,0.0,0.0,0,0,0
2024-01-01 18:15:00,3.0,18.5,-0.3010670988064074,18.674506800840113,14.976292559355837,11.0,0.0,0.0,0,0,0
2024-01-01 18:30:00,3.0,18.5,-0.290625846178856,18.632724730109455,14.997367220775446,11.0,0.0,0.0,0,0,0
2024-01-01 18:45:00,1.0,18.5,-0.2804318220574347,18.5915985135549,15.017706608357924,11.0,0.0,0.0,0,0,0
2024-01-01 19:00:00,1.0,18.5,-0.2704793432896936,18.55111380064153,15.037328138474717,11.0,0.0,0.0,0,0,0
2024-01-01 19:15:00,3.0,18.5,-0.2607628569926989,18.511256568150618,15.05624882712513,11.0,0.8000000000000004,0.7525000000000001,1,1,0
2024-01-01 19:30:00,3.0,18.5,-0.25127693756782027,18.472013112682568,15.074485299113729,11.0,0.8000000000000004,0.0,1,0,0
2024-01-01 19:45:00,3.0,18.5,-0.24201628378392626,18.43337004333171,15.092053797017416,11.0,0.8000000000000004,0.0,1,0,0
2024-01-01 20:00:00,3.0,18.5,-0.2329757159274191,18.395314274528946,15.108970189947003,11.0,0.8000000000000004,0.0,1,0,0
2024-01-01 20:15:00,3.0,18.5,-0.22415017301757117,18.35783301904837,15.12524998210805,11.0,0.8000000000000004,0.0,1,0,0
2024-01-01 20:30:00,3.0,18.5,-0.21553471008568262,18.320913781174152,15.140908321165474,11.0,0.8000000000000004,0.0,1,0,0
2024-01-01 20:45:00,1.0,18.5,-0.20712449551657433,18.284544350023975,15.155960006416516,11.0,0.8000000000000004,0.0,1,0,0
2024-01-01 21:00:00,1.0,17.1,-0.14323397030040633,18.24843003739284,15.168430022525296,10.0,0.8000000000000004,0.0,1,0,0
2024-01-01 21:15:00,1.0,18.5,-0.1319957248610411,18.21249534064664,15.178084247937125,10.0,0.8000000000000004,0.0,1,0,0
2024-01-01 21:30:00,2.0,18.033333333333335,-0.12493589164929285,18.177039772233154,15.187229140850217,10.0,0.8000000000000004,0.0,1,0,0
2024-01-01 21:45:00,2.0,15.0,-0.11804691039818982,18.1420531274023,15.195877020627899,10.0,0.8000000000000004,0.0,1,0,0
2024-01-01 22:00:00,2.0,15.0,-0.11132484562727243,18.10752543350345,15.20403992287819,10.0,0.8000000000000004,0.0,1,0,0
2024-01-01 22:15:00,2.0,15.0,-0.10476585208337123,18.073446944670827,15.211729605959336,10.0,0.8000000000000004,0.0,1,0,0
2024-01-01 22:30:00,2.0,15.0,-0.09836617267295368,18.039808136630622,15.218957557336234,10.0,0.8000000000000004,0.0,1,0,0
2024-01-01 22:45:00,2.0,15.0,-0.09212213644184118,18.00659970162714,15.22573499979121,10.0,0.8000000000000004,0.0,1,0,0
2024-01-01 23:00:00,2.0,15.0,-0.08603015660122909,17.973812543465176,15.23207289749247,10.0,0.8000000000000004,0.0,1,0,0
2024-01-01 23:15:00,2.0,15.0,-0.08008672859893737,17.941437772665996,15.237981961923479,10.0,0.8000000000000004,0.0,1,0,0
2024-01-01 23:30:00,2.0,15.0,-0.07428842823485932,17.90946670173433,15.243472657676454,10.0,0.8000000000000004,0.0,1,0,0
2024-01-01 23:45:00,2.0,15.0,-0.0686319098195948,17.877890840533773,15.248555208113121,10.0,0.8000000000000004,0.0,1,0,0
2024-01-02 00:00:00,2.0,15.0,-0.06311390437528173,17.8467018917682,15.25323960089571,10.0,0.8000000000000004,0.0,1,0,0
2024-01-02 00:15:00,2.0,15.0,-0.057731217877648434,17.815891746566667,15.257535593391228,10.0,0.8000000000000004,0.0,1,0,0
2024-01-02 00:30:00,2.0,15.0,-0.052480729538355676,17.78545248016949,15.26145271795188,10.0,0.8000000000000004,0.0,1,0,0
2024-01-02 00:45:00,2.0,15.0,-0.04735939012669778,17.755376347713188,15.26500028707447,10.0,0.8000000000000004,0.0,1,0,0
2024-01-02 01:00:00,2.0,15.0,-0.09804505848036361,17.725938535744636,15.2701768726927,11.0,0.8000000000000004,0.0,1,0,0
2024-01-02 01:15:00,2.0,15.0,-0.0963976205367561,17.697195488929285,15.277239610491149,11.0,0.8000000000000004,0.0,1,0,0
2024-01-02 01:30:00,2.0,15.0,-0.09088359269428989,17.668829070380195,15.28390452637023,11.0,0.8000000000000004,0.0,1,0,1
2024-01-02 01:45:00,2.0,15.0,-0.08550335260439312,17.640831284010666,15.290181267185583,11.0,0.0,0.0,0,0,0
2024-01-02 02:00:00,2.0,15.0,-0.02457297965443473,17.61291155990454,15.294089783290564,10.0,0.0,0.0,0,0,0
2024-01-02 02:15:00,2.0,15.0,-0.01622666511969816,17.584998419421073,15.29539103424346,10.0,0.0,0.0,0,0,0
2024-01-02 02:30:00,2.0,15.0,-0.011992105617001377,17.557395306866546,15.296386672134114,10.0,0.0,0.0,0,0,0
2024-01-02 02:45:00,2.0,15.0,-0.00786326920060293,17.53009585932559,15.297084320411694,10.0,0.0,0.0,0,0,0
2024-01-02 03:00:00,2.0,15.0,-0.003837713687888667,17.503093858021273,15.297491426439022,10.0,0.0,0.0,0,0,0
2024-01-02 03:15:00,2.0,15.0,8.694709728304892e-05,17.476383225015887,15.29761526553074,10.0,0.0,0.0,0,0,0
2024-01-02 03:30:00,2.0,15.0,0.0039130446080684845,17.449958019987402,15.297462944898907,10.0,0.0,0.0,0,0,0
2024-01-02 03:45:00,2.0,15.0,0.007642856828711812,17.423812437079718,15.2970414075082,10.0,0.0,0.0,0,0,0
2024-01-02 04:00:00,1.0,15.466666666666667,0.011278609499881794,17.402582520008675,15.296357435842745,10.0,0.8000000000000003,0.7715000000000001,1,1,0
2024-01-02 04:15:00,2.0,16.633333333333333,-0.04148539561306718,17.79760997454995,15.297124017225883,10.0,0.8000000000000003,0.0,1,0,0
2024-01-02 04:30:00,2.0,15.0,-0.07055005410310439,17.965949691695865,15.301636962990221,10.0,0.8000000000000003,0.0,1,0,0
2024-01-02 04:45:00,2.0,15.0,-0.06494547382262908,17.934356098169953,15.306454859856833,10.0,0.8000000000000003,0.0,1,0,1
2024-01-02 05:00:00,2.0,15.0,-0.0594782922131414,17.903146952052012,15.310878260967653,10.0,0.0,0.0,0,0,0
2024-01-02 05:15:00,2.0,15.0,-0.05414534061387473,17.872314207415553,15.314916845181614,10.0,0.0,0.0,0,0,0
2024-01-02 05:30:00,1.0,16.866666666666667,-0.06310866046456536,17.971632282658636,15.318759806495093,10.0,0.0,0.0,0,0,0
2024-01-02 05:45:00,2.0,15.0,-0.12306930089805444,18.364598139656557,15.325889674467456,10.0,0.0,0.0,0,0,0
2024-01-02 06:00:00,2.0,15.0,-0.11678759071778828,18.329006331615766,15.334450063904258,10.0,0.0,0.0,0,0,0
2024-01-02 06:15:00,2.0,15.7,-0.109997042206122,18.29387903583784,15.342520530597017,10.0,0.0,0.0,0,0,0
2024-01-02 06:30:00,2.0,15.0,-0.10337135317015266,18.2592063977017,15.350112961855988,10.0,0.0,0.0,0,0,0
2024-01-02 06:45:00,2.0,15.0,-0.09690672504622996,18.224978786628355,15.35723897110799,10.0,0.0,0.0,0,0,0
2024-01-02 07:00:00,1.0,17.1,-0.14628028451205785,18.19146954658362,15.365899378426889,11.0,0.0,0.0,0,0,0
2024-01-02 07:15:00,3.0,18.5,-0.14335120212448973,18.15873332179808,15.376353516057414,11.0,0.0,0.0,0,0,0
2024-01-02 07:30:00,3.0,18.5,-0.13658529529632352,18.126450216130547,15.38631955606218,11.0,0.0,0.0,0,0,0
2024-01-02 07:45:00,3.0,18.5,-0.1299822587126079,18.09461051447716,15.395809242216135,11.0,0.0,0.0,0,0,0
2024-01-02 08:00:00,1.0,18.5,-0.12360475576803004,18.06373249888526,15.404835629555615,11.0,0.0,0.0,0,0,0
2024-01-02 08:15:00,1.0,18.5,-0.11747728466939361,18.033874541391786,15.413417624724877,11.0,0.0,0.0,0,0,0
2024-01-02 08:30:00,1.0,18.5,-0.11555239620799473,18.050804272080903,15.42160041609459,11.0,0.0,0.0,0,0,0
2024-01-02 08:45:00,1.0,18.5,-0.21212285650346466,18.760752270291185,15.432874173876687,11.0,0.0,0.0,0,0,0
2024-01-02 09:00:00,1.0,18.5,-0.24759124227363996,18.977025470546266,15.450136966570547,11.0,0.0,0.0,0,0,0
2024-01-02 09:15:00,1.0,18.5,-0.23830528585233815,18.937836376205535,15.467441619831009,11.0,0.0,0.0,0,0,0
2024-01-02 09:30:00,1.0,18.5,-0.22924019853897523,18.899237746236334,15.484092391854272,11.0,0.0,0.0,0,0,0
2024-01-02 09:45:00,3.0,18.5,-0.2203909444579229,18.861216741940797,15.500104845143282,11.0,0.0,0.0,0,0,0
2024-01-02 10:00:00,3.0,18.5,-0.21218518729189506,18.827198848341258,15.515504487296477,11.0,0.0,0.0,0,0,0
2024-01-02 10:15:00,3.0,18.5,-0.20480152939912777,18.797612489771385,15.530356315496165,11.0,0.0,0.0,0,0,0
2024-01-02 10:30:00,1.0,18.5,-0.19759741330987934,18.768489833271374,15.544688524707198,11.0,0.0,0.0,0,0,0
2024-01-02 10:45:00,1.0,18.5,-0.19056402739098574,18.739820735075035,15.558513425249583,11.0,0.0,0.0,0,0,0
2024-01-02 11:00:00,1.0,18.5,-0.18329426887531,18.708391286182444,15.571833442783282,11.0,0.7572500000000003,0.7192500000000001,1,1,0
2024-01-02 11:15:00,3.0,18.5,-0.17561333817252398,18.673781114177306,15.584613599112409,11.0,0.8000000000000006,0.0,1,0,0
2024-01-02 11:30:00,3.0,18.5,-0.16811188885289083,18.639667322100888,15.596852624441665,11.0,0.8000000000000006,0.0,1,0,0
2024-01-02 11:45:00,3.0,18.5,-0.16079015628459076,18.606039202811253,15.608563477202472,11.0,0.8000000000000006,0.0,1,0,0
2024-01-02 12:00:00,3.0,18.5,-0.20931971056881746,18.573128263349826,15.62174816965492,12.0,0.8000000000000006,0.0,1,0,0
2024-01-02 12:15:00,3.0,18.5,-0.20555713136207876,18.54098289286118,15.636666723723705,12.0,0.8000000000000006,0.0,1,0,0
2024-01-02 12:30:00,3.0,18.5,-0.19797539739384862,18.5093291199643,15.651038404473073,12.0,0.8000000000000006,0.0,1,0,0
2024-01-02 12:45:00,3.0,18.5,-0.19057385711496203,18.478156230820222,15.66487620461817,12.0,0.8000000000000006,0.0,1,0,0
2024-01-02 13:00:00,1.0,18.5,-0.1833458936737804,18.44743410173979,15.678192759210383,12.0,0.8000000000000006,0.0,1,0,0
2024-01-02 13:15:00,1.0,18.5,-0.1762864096570853,18.417149982573402,15.691000183636428,12.0,0.8000000000000006,0.0,1,0,0
2024-01-02 13:30:00,3.0,18.5,-0.16939509540166667,18.387316489964164,15.703310516491431,12.0,0.8000000000000006,0.0,1,0,0
2024-01-02 13:45:00,3.0,18.5,-0.1626681096252823,18.357923845145123,15.71513560658292,12.0,0.8000000000000006,0.0,1,0,0
2024-01-02 14:00:00,3.0,18.5,-0.1562135080841667,18.329851235124625,15.726489693537507,12.0,0.8000000000000006,0.0,1,0,0
2024-01-02 14:15:00,3.0,18.5,-0.15007502055620867,18.3032032401844,15.737397049280101,12.0,0.8000000000000006,0.0,1,0,0
2024-01-02 14:30:00,3.0,18.5,-0.14408416008722724,18.276948133423254,15.747872260371565,12.0,0.8000000000000006,0.0,1,0,0
2024-01-02 14:45:00,3.0,18.5,-0.1382363198564533,18.251077401603045,15.75792563921338,12.0,0.8000000000000006,0.0,1,0,0
2024-01-02 15:00:00,1.0,18.5,-0.13235521311531154,18.224207946581803,15.76756314107158,12.0,0.8000000000000006,0.0,1,0,0
2024-01-02 15:15:00,1.0,18.5,-0.12636426716401977,18.196155420428738,15.776774558726045,12.0,0.8000000000000006,0.0,1,0,0
2024-01-02 15:30:00,1.0,18.5,-0.12051538783810753,18.168493720662852,15.785564038089547,12.0,0.8000000000000006,0.0,1,0,0
2024-01-02 15:45:00,1.0,18.5,-0.11480717800397537,18.141214458321766,15.793941722140419,12.0,0.8000000000000006,0.0,1,0,0
2024-01-02 16:00:00,1.0,18.5,-0.05353249131932087,18.11384334722727,15.799927496706466,11.0,0.8000000000000006,0.0,1,0,0
2024-01-02 16:15:00,1.0,18.5,-0.04481558412782755,18.086285034523584,15.803280121411182,11.0,0.8000000000000006,0.0,1,0,0
2024-01-02 16:30:00,1.0,18.5,-0.04021801576707882,18.05905354376364,15.806300981929223,11.0,0.8000000000000006,0.0,1,0,0
2024-01-02 16:45:00,1.0,18.5,-0.03573383180143348,18.03214207113503,15.80899825405079,11.0,0.8000000000000006,0.0,1,0,0
2024-01-02 17:00:00,1.0,18.5,-0.033388582614906674,18.033380984707005,15.81139278514815,11.0,0.8000000000000006,0.0,1,0,0
2024-01-02 17:15:00,1.0,18.5,-0.1256040308360233,18.714109095930723,15.816523760507168,11.0,0.8000000000000006,0.0,1,0,0
2024-01-02 17:30:00,1.0,18.5,-0.1708117708344983,18.98436048616783,15.828045635593869,11.0,0.8000000000000006,0.0,1,0,0
2024-01-02 17:45:00,1.0,18.5,-0.16302918569401192,18.94782229799093,15.8399314556518,11.0,0.8000000000000006,0.0,1,0,0
2024-01-02 18:00:00,1.0,18.5,-0.1554336393545977,18.91179203522366,15.851269330942467,11.0,0.8000000000000006,0.0,1,0,0
2024-01-02 18:15:00,1.0,18.5,-0.1480208262584681,18.876258799564763,15.862072437456415,11.0,0.8000000000000006,0.0,1,0,0
2024-01-02 18:30:00,1.0,18.5,-0.14078653955353715,18.841211940780852,15.872353647862678,11.0,0.8000000000000006,0.0,1,0,0
2024-01-02 18:45:00,1.0,18.5,-0.13372666883148412,18.806641051025736,15.88212553846251,11.0,0.8000000000000006,0.0,1,0,0
2024-01-02 19:00:00,3.0,18.5,-0.12683719791764966,18.772535959289815,15.891400395983771,11.0,0.8000000000000006,0.0,1,0,0
2024-01-02 19:15:00,3.0,18.5,-0.12011420271157651,18.73888672597675,15.900190224219608,11.0,0.8000000000000006,0.0,1,0,0
2024-01-02 19:30:00,3.0,18.5,-0.11355384907703438,18.70568363760436,15.908506750515018,11.0,0.8000000000000006,0.0,1,0,0
2024-01-02 19:45:00,3.0,18.5,-0.10715239078039547,18.672917201626902,15.916361432104743,11.0,0.8000000000000006,0.0,1,0,0
2024-01-02 20:00:00,1.0,18.5,-0.04522532932564949,18.640295385743425,15.921775988054826,10.0,0.8000000000000006,0.0,1,0,0
2024-01-02 20:15:00,1.0,18.5,-0.035906291352596695,18.60774528222226,15.924513105925023,10.0,0.8000000000000006,0.0,1,0,0
2024-01-02 20:30:00,1.0,18.5,-0.030722421786879405,18.575568938810218,15.92687612602874,10.0,0.8000000000000006,0.0,1,0,0
2024-01-02 20:45:00,1.0,18.5,-0.025667149639259052,18.543758627818967,15.928874321172714,10.0,0.8000000000000006,0.0,1,0,0
2024-01-02 21:00:00,1.0,15.7,-0.020737506041471045,18.512306796757166,15.930516750102344,10.0,0.8000000000000006,0.0,1,0,0
2024-01-02 21:15:00,1.0,18.5,-0.015930590206367962,18.481206064320066,15.931812262410487,10.0,0.8000000000000006,0.0,1,0,0
2024-01-02 21:30:00,1.0,18.5,-0.0112435678677388,18.450449216471007,15.932769503333683,10.0,0.8000000000000006,0.0,1,0,0
2024-01-02 21:45:00,2.0,17.1,-0.006673669755871113,18.420029202612717,15.93339691843851,10.0,0.8000000000000006,0.0,1,0,0
2024-01-02 22:00:00,2.0,15.0,-0.0022181901080462352,18.38993913184627,15.933702758200537,10.0,0.8000000000000006,0.0,1,0,0
2024-01-02 22:15:00,2.0,15.0,0.0021255147868290236,18.36017226931582,15.933695082478332,10.0,0.8000000000000006,0.0,1,0,0
2024-01-02 22:30:00,2.0,15.0,0.006360028010246041,18.330722032637095,15.933381764884947,10.0,0.8000000000000006,0.0,1,0,0
2024-01-02 22:45:00,2.0,15.0,0.010487873403528292,18.301581988407634,15.932770497059218,10.0,0.8000000000000006,0.0,1,0,0
2024-01-02 23:00:00,2.0,15.0,0.014511516925428396,18.272745848797094,15.931868792839197,10.0,0.8000000000000006,0.0,1,0,0
2024-01-02 23:15:00,2.0,15.0,0.018433367978612232,18.244207468215624,15.93068399233992,10.0,0.8000000000000006,0.0,1,0,0
2024-01-02 23:30:00,2.0,15.0,0.02225578070575339,18.215960840058543,15.92922326593774,10.0,0.8000000000000006,0.0,1,0,0
2024-01-02 23:45:00,2.0,15.0,0.025981055255918886,18.188000093525698,15.927493618163341,10.0,0.8000000000000006,0.0,1,0,0
2024-01-03 00:00:00,2.0,15.0,0.08529227717254623,18.160036734880922,15.923512417254424,9.0,0.8000000000000006,0.0,1,0,0
2024-01-03 00:15:00,2.0,15.0,0.09205443923604026,18.13200131368313,15.917038099484015,9.0,0.8000000000000006,0.0,1,0,0
2024-01-03 00:30:00,2.0,15.0,0.09473904757193088,18.1041992555583,15.910369851139752,9.0,0.8000000000000006,0.0,1,0,0
2024-01-03 00:45:00,2.0,15.0,0.0973513551267879,18.07662613310595,15.903512886035161,9.0,0.8000000000000006,0.0,1,0,0
2024-01-03 01:00:00,2.0,15.0,0.09989304292416527,18.049277618309745,15.896472296777736,9.0,0.8000000000000006,0.0,1,0,0
2024-01-03 01:15:00,2.0,15.0,0.10236575341247842,18.02214948026473,15.889253057550247,9.0,0.8000000000000006,0.0,1,0,0
2024-01-03 01:30:00,2.0,15.0,0.10477109134907131,17.99523758295673,15.881860026828333,9.0,0.8000000000000006,0.0,1,0,1
2024-01-03 01:45:00,2.0,15.0,0.10711062466403119,17.968537883092495,15.874297950035801,9.0,0.0,0.0,0,0,0
2024-01-03 02:00:00,2.0,15.0,0.1650667234548099,17.94176367234703,15.864581987887956,8.0,0.0,0.0,0,0,0
2024-01-03 02:15:00,2.0,15.0,0.17050368144448,17.914847244559734,15.852468419538257,8.0,0.0,0.0,0,0,0
2024-01-03 02:30:00,2.0,15.0,0.17189232171436136,17.888095729449383,15.840254323403029,8.0,0.0,0.0,0,0,0
2024-01-03 02:45:00,2.0,15.0,0.1732372298130126,17.86150636444202,15.827942853544661,8.0,0.0,0.0,0,0,0
2024-01-03 03:00:00,2.0,15.0,0.17453943465364816,17.83507644798182,15.815537089837376,8.0,0.0,0.0,0,0,0
2024-01-03 03:15:00,2.0,15.0,0.17579994151171796,17.808803338137988,15.803040039671574,8.0,0.0,0.0,0,0,0
2024-01-03 03:30:00,2.0,15.0,0.17701973256669695,17.782684451243593,15.79045463961907,8.0,0.0,0.0,0,0,0
2024-01-03 03:45:00,1.0,16.166666666666668,0.17414572460216451,17.803101224816054,15.777815893993681,8.0,0.0,0.0,0,0,0
2024-01-03 04:00:00,1.0,18.5,0.013147068476914804,18.562957107441964,15.77062797194531,9.0,0.0,0.0,0,0,0
2024-01-03 04:15:00,2.0,16.633333333333333,-0.06609210613864178,19.01313106609896,15.773750430218632,9.0,0.0,0.0,0,0,0
2024-01-03 04:30:00,2.0,15.0,-0.059535771599274936,18.974517529169944,15.778214019231617,9.0,0.0,0.0,0,0,0
2024-01-03 04:45:00,2.0,15.0,-0.05314101566833362,18.93635957527649,15.782216152672722,9.0,0.0,0.0,0,0,0
2024-01-03 05:00:00,2.0,15.0,-0.04690411027081486,18.898647730240693,15.785768212655018,9.0,0.0,0.0,0,0,0
2024-01-03 05:15:00,1.0,15.466666666666667,-0.04082141281777538,18.861372734813408,15.788881318653795,9.0,0.0,0.0,0,0,0
2024-01-03 05:30:00,1.0,18.5,-0.034889364247291686,18.824525539754003,15.791566333528955,9.0,0.0,0.0,0,0,0
2024-01-03 05:45:00,2.0,15.0,-0.02910448711031618,18.788097301022965,15.793833869409452,9.0,0.0,0.0,0,0,0
2024-01-03 06:00:00,2.0,15.0,-0.02346338370038903,18.752079375084538,15.795694293442835,9.0,0.0,0.0,0,0,0
2024-01-03 06:15:00,2.0,15.0,-0.017962734226215683,18.716463314317075,15.797157733413046,9.0,0.0,0.0,0,0,0
2024-01-03 06:30:00,2.0,15.0,-0.012599295026115499,18.681240862528476,15.798234083229476,9.0,0.0,0.0,0,0,0
2024-01-03 06:45:00,2.0,15.0,-0.007369896823383029,18.64640395057445,15.79893300829024,9.0,0.0,0.0,0,0,0
2024-01-03 07:00:00,3.0,15.7,-0.002271443021635897,18.611944692077124,15.79926395072254,9.0,0.0,0.0,0,0,0
2024-01-03 07:15:00,3.0,18.5,0.0026990919607774574,18.577855379241786,15.799236134502916,9.0,0.0,0.0,0,0,0
2024-01-03 07:30:00,3.0,18.5,0.007544664318206549,18.54412847876943,15.798858570460181,9.0,0.0,0.0,0,0,0
2024-01-03 07:45:00,3.0,18.5,0.01226816244783429,18.510756627863,15.798140061163709,9.0,0.0,0.0,0,0,0
2024-01-03 08:00:00,3.0,18.5,0.016824876502962532,18.478110360378462,15.79709033767231,9.0,0.0,0.0,0,0,0
2024-01-03 08:15:00,3.0,18.5,0.021197408316164946,18.446231060082635,15.795723309297376,9.0,0.0,0.0,0,0,0
2024-01-03 08:30:00,3.0,18.5,0.025458527990174572,18.41467723052951,15.794048685244237,9.0,0.0,0.0,0,0,0
2024-01-03 08:45:00,3.0,18.5,0.02961132729921751,18.38344232462106,15.792074276381564,9.0,0.0,0.0,0,0,0
2024-01-03 09:00:00,3.0,18.5,0.03362183866092442,18.352809794981273,15.789808581498596,9.0,0.0,0.0,0,0,0
2024-01-03 09:15:00,3.0,18.5,0.03747704433682566,18.32281054007687,15.787263281579438,9.0,0.0,0.0,0,0,0
2024-01-03 09:30:00,3.0,18.5,0.041233109714388004,18.29310493871753,15.78444681120715,9.0,0.0,0.0,0,0,0
2024-01-03 09:45:00,3.0,18.5,0.04489272494558574,18.263687147559253,15.781366125368054,9.0,0.0,0.0,0,0,0
2024-01-03 10:00:00,3.0,18.5,0.04844994761523259,18.234616427992115,15.778028212717308,9.0,0.0,0.0,0,0,0
2024-01-03 10:15:00,1.0,18.5,0.051903493052756856,18.2058955256415,15.774440657457433,9.0,0.0,0.0,0,0,0
2024-01-03 10:30:00,1.0,18.5,0.05526754712682614,18.17744422515298,15.770610201013376,9.0,0.0,0.0,0,0,0
2024-01-03 10:45:00,1.0,18.5,0.05854427214995187,18.14925722253584,15.766543140716951,9.0,0.0,0.0,0,0,0
2024-01-03 11:00:00,1.0,18.5,0.06177038167522482,18.121053661843032,15.762244801826016,9.0,0.0,0.0,0,0,0
2024-01-03 11:15:00,3.0,18.5,0.06496256321990197,18.092793140111745,15.757717172565721,9.0,0.7715000000000005,0.7050000000000001,1,1,0
2024-01-03 11:30:00,3.0,18.5,0.06807160698344229,18.06478789590007,15.75296502534563,9.0,0.8000000000000007,0.0,1,0,0
2024-01-03 11:45:00,3.0,18.5,0.07109906574402297,18.03703296194943,15.74799424335111,9.0,0.8000000000000007,0.0,1,0,1
2024-01-03 12:00:00,1.0,18.5,0.07402390777627259,18.01434737879241,15.742811119239905,9.0,0.0,0.0,0,0,0
2024-01-03 12:15:00,3.0,18.5,-0.00369565621545255,18.60256529005968,15.739598169139628,9.0,0.0,0.0,0,0,0
2024-01-03 12:30:00,3.0,18.5,-0.06880178391716306,18.988736424770195,15.743249526876546,9.0,0.0,0.0,0,0,0
2024-01-03 12:45:00,3.0,18.5,-0.06239720380328178,18.951443415921663,15.747912177410447,9.0,0.0,0.0,0,0,0
2024-01-03 13:00:00,3.0,18.5,-0.056150696896594014,18.914597536704186,15.752124055773447,9.0,0.0,0.0,0,0,0
2024-01-03 13:15:00,3.0,18.5,-0.05005881902191454,18.87819000968062,15.755896317759179,9.0,0.0,0.0,0,0,0
2024-01-03 13:30:00,3.0,18.5,-0.04411734935506844,18.84220766302125,15.759239824808676,9.0,0.0,0.0,0,0,0
2024-01-03 13:45:00,3.0,18.5,-0.03832281208181899,18.80664167390584,15.762165171780994,9.0,0.0,0.0,0,0,0
2024-01-03 14:00:00,3.0,18.5,0.022928534694172286,18.771840286393513,15.762695151577027,8.0,0.0,0.0,0,0,0
2024-01-03 14:15:00,3.0,18.5,0.031468671233064065,18.7378132176538,15.760600956383707,8.0,0.0,0.0,0,0,0
2024-01-03 14:30:00,3.0,18.5,0.0358888574361841,18.704127179392312,15.758187666435651,8.0,0.0,0.0,0,0,0
2024-01-03 14:45:00,3.0,18.5,0.040196191085521575,18.670775343662534,15.75546341944663,8.0,0.0,0.0,0,0,0
2024-01-03 15:00:00,3.0,18.5,-0.01113388134855161,18.636812578089643,15.754421979342348,9.0,0.0,0.0,0,0,0
2024-01-03 15:15:00,1.0,18.5,-0.00989644095416556,18.60213966727447,15.75530154846013,9.0,0.0,0.0,0,0,0
2024-01-03 15:30:00,1.0,18.5,-0.004784912664635662,18.567844476358587,15.755812195686746,9.0,0.0,0.0,0,0,0
2024-01-03 15:45:00,1.0,18.5,0.00019849801929433398,18.533919287422332,15.755963159323805,9.0,0.0,0.0,0,0,0
2024-01-03 16:00:00,1.0,18.5,0.005064436323865512,18.500295488046564,15.755763281202222,9.0,0.7667500000000002,0.7572500000000001,1,1,0
2024-01-03 16:15:00,1.0,18.5,0.00981905351808466,18.466957877992375,15.7552204869289,9.0,0.8000000000000004,0.0,1,0,0
2024-01-03 16:30:00,3.0,18.5,0.014453846413386857,18.43396951890281,15.754343145972502,9.0,0.8000000000000004,0.0,1,0,0
2024-01-03 16:45:00,1.0,18.5,0.018971502207156522,18.40132334043304,15.753139704920377,9.0,0.8000000000000004,0.0,1,0,0
2024-01-03 17:00:00,1.0,18.5,0.023374729678104958,18.369012432156925,15.751618415051192,9.0,0.8000000000000004,0.0,1,0,0
2024-01-03 17:15:00,3.0,18.5,0.027666175478089947,18.337030039907212,15.74978733681438,9.0,0.8000000000000004,0.0,1,0,0
2024-01-03 17:30:00,1.0,18.5,0.03184842555587261,18.305369562199576,15.747654344206913,9.0,0.8000000000000004,0.0,1,0,0
2024-01-03 17:45:00,1.0,18.5,0.03592400654824943,18.274024546738623,15.745227129049786,9.0,0.8000000000000004,0.0,1,0,0
2024-01-03 18:00:00,1.0,18.5,0.09557622528991204,18.242705931371237,15.74052373091539,8.0,0.8000000000000004,0.0,1,0,0
2024-01-03 18:15:00,3.0,18.5,0.1026702907751382,18.211343710018486,15.733303241821876,8.0,0.8000000000000004,0.0,1,0,0
2024-01-03 18:30:00,3.0,18.5,0.10567792038231218,18.180242765155345,15.725865488570154,8.0,0.8000000000000004,0.0,1,0,0
2024-01-03 18:45:00,1.0,18.5,0.10860457346353362,18.14939813843163,15.718216310604685,8.0,0.8000000000000004,0.0,1,0,0
2024-01-03 19:00:00,1.0,18.5,0.11145213271165229,18.118804982803503,15.71036141162303,8.0,0.8000000000000004,0.0,1,0,0
2024-01-03 19:15:00,1.0,18.5,0.11422243761669414,18.088458559988116,15.702306362690823,8.0,0.8000000000000004,0.0,1,0,0
2024-01-03 19:30:00,1.0,18.5,0.11691728545597947,18.058354237976555,15.694056605285384,8.0,0.8000000000000004,0.0,1,0,0
2024-01-03 19:45:00,3.0,18.5,0.11953843226157335,18.028487488603734,15.685617454269561,8.0,0.8000000000000004,0.0,1,0,0
2024-01-03 20:00:00,1.0,18.5,0.10792245632016174,18.128636166844178,15.677173839162844,8.0,0.8000000000000004,0.0,1,0,0
2024-01-03 20:15:00,1.0,18.5,-0.0016083152944876137,18.878392481395604,15.673480440341175,8.0,0.8000000000000004,0.0,1,0,0
2024-01-03 20:30:00,1.0,18.5,-0.019897185439585928,18.96845446304396,15.67483373221494,8.0,0.8000000000000004,0.0,1,0,0
2024-01-03 20:45:00,1.0,18.5,-0.013850874480374364,18.928712006528013,15.676021976535534,8.0,0.8000000000000004,0.0,1,0,0
2024-01-03 21:00:00,1.0,18.5,-0.007955688756967387,18.889404302145582,15.676784743167424,8.0,0.8000000000000004,0.0,1,0,0
2024-01-03 21:15:00,1.0,18.5,-0.002208136957820966,18.85052245809925,15.67713267768574,8.0,0.8000000000000004,0.0,1,0,0
2024-01-03 21:30:00,1.0,18.5,0.0033951921617358153,18.812057783938812,15.677076179707859,8.0,0.8000000000000004,0.0,1,0,0
2024-01-03 21:45:00,1.0,18.5,0.008857631614365312,18.774001785952905,15.676625408534033,8.0,0.8000000000000004,0.0,1,0,0
2024-01-03 22:00:00,1.0,18.5,0.06986327612415938,18.73606340703344,15.67380081440769,7.0,0.8000000000000004,0.0,1,0,0
2024-01-03 22:15:00,1.0,18.5,0.07827810451195984,18.698170691543616,15.668363844512138,7.0,0.8000000000000004,0.0,1,0,0
2024-01-03 22:30:00,1.0,18.5,0.08257458633380603,18.66062661675804,15.662616626580085,7.0,0.8000000000000004,0.0,1,0,0
2024-01-03 22:45:00,1.0,18.5,0.08675891587499215,18.623424362467947,15.656567247997778,7.0,0.8000000000000004,0.0,1,0,0
2024-01-03 23:00:00,1.0,18.5,0.0908336939122729,18.58655726212023,15.650223608629402,7.0,0.8000000000000004,0.0,1,0,0
2024-01-03 23:15:00,1.0,18.5,0.09480146155640669,18.550018799302375,15.643593425119084,7.0,0.8000000000000004,0.0,1,0,0
2024-01-03 23:30:00,1.0,18.5,0.0986647016195567,18.513802604307855,15.636684235094329,7.0,0.8000000000000004,0.0,1,0,0
2024-01-03 23:45:00,1.0,18.5,0.1024258399513512,18.47790245078031,15.629503401273086,7.0,0.8000000000000004,0.0,1,0,0
2024-01-04 00:00:00,1.0,18.5,0.10608724674433982,18.442312252434487,15.622058115476712,7.0,0.8000000000000004,0.0,1,0,0
2024-01-04 00:15:00,1.0,18.5,0.10965123780952105,18.407026059852452,15.614355402550968,7.0,0.8000000000000004,0.0,1,0,0
2024-01-04 00:30:00,1.0,18.5,0.11312007582265295,18.372038057353077,15.606402124197153,7.0,0.8000000000000004,0.0,1,0,0
2024-01-04 00:45:00,1.0,18.5,0.11649597154199673,18.33734255993333,15.598204982715425,7.0,0.8000000000000004,0.0,1,0,0
2024-01-04 01:00:00,1.0,18.5,0.11978108499815801,18.30293401027958,15.58977052466235,7.0,0.8000000000000004,0.0,1,0,0
2024-01-04 01:15:00,1.0,18.5,0.1229775266566643,18.268806975847436,15.58110514442462,7.0,0.8000000000000004,0.0,1,0,0
2024-01-04 01:30:00,1.0,18.5,0.12608735855389658,18.234956146008464,15.572215087710871,7.0,0.8000000000000004,0.0,1,0,0
2024-01-04 01:45:00,1.0,18.5,0.12911259540699707,18.20137632926224,15.563106454963458,7.0,0.8000000000000004,0.0,1,0,0
2024-01-04 02:00:00,1.0,18.5,0.13205520569833884,18.168062450512327,15.553785204692076,7.0,0.8000000000000004,0.0,1,0,0
2024-01-04 02:15:00,1.0,18.5,0.13491711273514298,18.13500954840465,15.54425715673093,7.0,0.8000000000000004,0.0,1,0,0
2024-01-04 02:30:00,1.0,18.5,0.1377001956848228,18.102212772726798,15.53452799542131,7.0,0.8000000000000004,0.0,1,0,0
2024-01-04 02:45:00,1.0,18.5,0.1404062905865922,18.06966738186699,15.524603272721183,7.0,0.8000000000000004,0.0,1,0,0
2024-01-04 03:00:00,1.0,18.5,0.14303719133990073,18.037368740331182,15.514488411243548,7.0,0.8000000000000004,0.0,1,0,0
2024-01-04 03:15:00,2.0,17.333333333333332,0.14559465067021224,18.005312316317102,15.504188707225124,7.0,0.8000000000000004,0.0,1,0,0
2024-01-04 03:30:00,2.0,15.0,0.14808038107265745,17.973493679343864,15.493709333427043,7.0,0.8000000000000004,0.0,1,0,0
2024-01-04 03:45:00,2.0,15.0,0.15049605573406394,17.94190849793582,15.483055341969031,7.0,0.8000000000000004,0.0,1,0,0
2024-01-04 04:00:00,2.0,15.0,0.2085241475844493,17.91026978172695,15.470242192847524,6.0,0.8000000000000004,0.0,1,0,0
2024-01-04 04:15:00,2.0,17.8,0.16159343772358437,18.295058782774927,15.45619179493025,6.0,0.8000000000000004,0.0,1,0,0
2024-01-04 04:30:00,2.0,15.0,0.0964762333173372,18.673860241993783,15.447990268963117,6.0,0.8000000000000004,0.0,1,0,0
2024-01-04 04:45:00,2.0,15.0,0.10087866677157444,18.63375271144928,15.440941035066512,6.0,0.8000000000000004,0.0,1,0,0
2024-01-04 05:00:00,2.0,15.0,0.10516534378528637,18.59400121978781,15.433582221231992,6.0,0.8000000000000004,0.0,1,0,0
2024-01-04 05:15:00,2.0,15.0,0.10933895037018754,18.554598874787146,15.425921981132964,6.0,0.8000000000000004,0.0,1,0,0
2024-01-04 05:30:00,2.0,15.7,0.11340211091288514,18.515538939311583,15.41796827921826,6.0,0.8000000000000004,0.0,1,0,0
2024-01-04 05:45:00,2.0,15.0,0.11735738958719119,18.47681482776454,15.409728895053595,6.0,0.8000000000000004,0.0,1,0,0
2024-01-04 06:00:00,2.0,15.0,0.1212072917340624,18.43842010262244,15.40121142756349,6.0,0.8000000000000004,0.0,1,0,0
2024-01-04 06:15:00,2.0,15.7,0.12495426520992116,18.400348471048027,15.392423299176007,6.0,0.8000000000000004,0.0,1,0,0
2024-01-04 06:30:00,2.0,15.0,0.12860070170408056,18.362593781581197,15.38337175987247,6.0,0.8000000000000004,0.0,1,0,0
2024-01-04 06:45:00,2.0,15.0,0.13214893802597943,18.325150020905735,15.374063891144397,6.0,0.8000000000000004,0.0,1,0,0
2024-01-04 07:00:00,3.0,18.266666666666666,0.13560125736291634,18.2880113106901,15.364506609859733,6.0,0.8000000000000004,0.0,1,0,0
2024-01-04 07:15:00,1.0,17.8,0.13895989050897,18.251171904500527,15.354706672040484,6.0,0.8000000000000004,0.0,1,0,0
2024-01-04 07:30:00,3.0,18.5,0.1422270170657538,18.214626184784933,15.344670676553774,6.0,0.8000000000000004,0.0,1,0,0
2024-01-04 07:45:00,3.0,18.5,0.1454047666156511,18.178368659925912,15.334405068718304,6.0,0.8000000000000004,0.0,1,0,0
2024-01-04 08:00:00,3.0,18.5,0.14844999012142246,18.142753395731873,15.32391722097273,6.0,0.8000000000000004,0.0,1,0,1
2024-01-04 08:15:00,3.0,18.5,0.151345541197797,18.107821215931565,15.313218524235987,6.0,0.0,0.0,0,0,0
2024-01-04 08:30:00,3.0,18.5,0.1541600878718323,18.073153418898226,15.302316414386878,6.0,0.0,0.0,0,0,0
2024-01-04 08:45:00,3.0,18.5,0.1568960079830866,18.038745152117436,15.291216561592773,6.0,0.0,0.0,0,0,0
2024-01-04 09:00:00,3.0,18.5,0.15544253565623897,18.05144097643629,15.279958035275415,6.0,0.0,0.0,0,0,0
2024-01-04 09:15:00,3.0,18.5,0.05547972611239093,18.75753510066907,15.272032789227898,6.0,0.0,0.0,0,0,0
2024-01-04 09:30:00,3.0,18.5,0.016685729605084253,18.9698349236445,15.2703359500474,6.0,0.0,0.0,0,0,0
2024-01-04 09:45:00,3.0,18.5,0.022710132888517306,18.926561061959372,15.268915778491039,6.0,0.0,0.0,0,0,0
2024-01-04 10:00:00,1.0,18.5,0.028581820378639974,18.883735406627622,15.267071748856049,6.0,0.0,0.0,0,0,0
2024-01-04 10:15:00,3.0,18.5,0.03430420941407524,18.8413492216173,15.264814630262379,6.0,0.0,0.0,0,0,0
2024-01-04 10:30:00,3.0,18.5,0.03988112298555469,18.799391369782764,15.26215492182832,6.0,0.0,0.0,0,0,0
2024-01-04 10:45:00,1.0,18.5,0.04531592969703267,18.757853257117826,15.259102870754813,6.0,0.0,0.0,0,0,0
2024-01-04 11:00:00,1.0,18.5,0.05062401371503297,18.716630361771912,15.25566819907388,6.0,0.0,0.0,0,0,0
2024-01-04 11:15:00,1.0,18.5,0.05581371722567588,18.675702152808825,15.25185928329844,6.0,0.0,0.0,0,0,0
2024-01-04 11:30:00,1.0,18.5,0.060870347247339716,18.635171205053854,15.247685292961089,6.0,0.0,0.0,0,0,0
2024-01-04 11:45:00,1.0,18.5,0.06579685430192703,18.59502963125601,15.243155611202333,6.0,0.0,0.0,0,0,0
2024-01-04 12:00:00,3.0,18.5,0.0705798469619292,18.55540009230216,15.238279794550008,6.0,0.7667500000000002,0.7572500000000001,1,1,0
2024-01-04 12:15:00,3.0,18.5,0.07521531338657397,18.51629176362466,15.233068697919805,6.0,0.8000000000000004,0.0,1,0,0
2024-01-04 12:30:00,3.0,18.5,0.07973031678229356,18.477547273935617,15.227531586196593,6.0,0.8000000000000004,0.0,1,0,0
2024-01-04 12:45:00,3.0,18.5,0.0841278268320233,18.43915948322824,15.221676931890533,6.0,0.8000000000000004,0.0,1,0,0
2024-01-04 13:00:00,3.0,18.5,0.08838286194445458,18.40134158415753,15.215513670916609,6.0,0.8000000000000004,0.0,1,0,0
2024-01-04 13:15:00,3.0,18.5,0.092486335230077,18.364114976336744,15.2090530986058,6.0,0.8000000000000004,0.0,1,0,0
2024-01-04 13:30:00,3.0,18.5,0.0964816929930168,18.3272196585148,15.202303987861935,6.0,0.8000000000000004,0.0,1,0,0
2024-01-04 13:45:00,3.0,18.5,0.10037174371032627,18.29064921276757,15.195273932524278,6.0,0.8000000000000004,0.0,1,0,0
2024-01-04 14:00:00,3.0,18.5,0.10418037827048715,18.25422693055782,15.187969839455047,6.0,0.8000000000000004,0.0,1,0,1
2024-01-04 14:15:00,3.0,18.5,0.10791907901868081,18.217924833265663,15.180396468367173,6.0,0.0,0.0,0,0,0
2024-01-04 14:30:00,3.0,18.5,0.1115585602782376,18.181933031630095,15.172560218219449,6.0,0.0,0.0,0,0,0
2024-01-04 14:45:00,3.0,18.5,0.11510089441657806,18.14624558838239,15.164468094508587,6.0,0.0,0.0,0,0,0
2024-01-04 15:00:00,3.0,18.5,0.11865270746783195,18.11002729415311,15.156124454449523,6.0,0.0,0.0,0,0,0
2024-01-04 15:15:00,1.0,18.5,0.12226046159169106,18.073166162823323,15.14752388524842,6.0,0.0,0.0,0,0,0
2024-01-04 15:30:00,3.0,18.5,0.12577244136751178,18.036610975215055,15.138669614649878,6.0,0.0,0.0,0,0,0
2024-01-04 15:45:00,3.0,18.5,0.11906607519730701,18.097715832303837,15.129680854190667,6.0,0.0,0.0,0,0,0
2024-01-04 16:00:00,1.0,18.5,0.012233971459618609,18.83674520569311,15.124915748870189,6.0,0.0,0.0,0,0,0
2024-01-04 16:15:00,1.0,18.5,-0.011339648564673592,18.95738142154987,15.125570567704216,6.0,0.0,0.0,0,0,0
2024-01-04 16:30:00,1.0,18.5,-0.004460080883970795,18.91102447201707,15.12611662910552,6.0,0.0,0.0,0,0,0
2024-01-04 16:45:00,1.0,18.5,0.0022469522220187554,18.865166209947734,15.126178598951997,6.0,0.0,0.0,0,0,0
2024-01-04 17:00:00,1.0,18.5,0.008785437866694997,18.81979647558522,15.125768630891152,6.0,0.0,0.0,0,0,0
2024-01-04 17:15:00,1.0,18.5,0.01515927172359142,18.774905339131998,15.124898597684332,6.0,0.0,0.0,0,0,0
2024-01-04 17:30:00,1.0,18.5,0.021372260121877935,18.73048309548659,15.123580097648581,6.0,0.0,0.0,0,0,0
2024-01-04 17:45:00,1.0,18.5,0.027428122093860776,18.686520259101023,15.121824460950881,6.0,0.0,0.0,0,0,0
2024-01-04 18:00:00,3.0,18.5,0.03333049137555105,18.64300755895618,15.119642755758145,6.0,0.0,0.0,0,0,0
2024-01-04 18:15:00,3.0,18.5,0.039082918361391585,18.599935933652276,15.117045794246255,6.0,0.0,0.0,0,0,0
2024-01-04 18:30:00,3.0,18.5,0.04468887201419385,18.557296526611765,15.114044138471415,6.0,0.0,0.0,0,0,0
2024-01-04 18:45:00,3.0,18.5,0.050151741731314065,18.51508068139217,15.110648106106934,6.0,0.0,0.0,0,0,0
2024-01-04 19:00:00,3.0,18.5,0.055474839168056664,18.47327993710636,15.106867776048558,6.0,0.0,0.0,0,0,0
2024-01-04 19:15:00,3.0,18.5,0.06066140001929243,18.4318860239477,15.102712993891306,6.0,0.0,0.0,0,0,0
2024-01-04 19:30:00,1.0,18.5,0.06571458576025938,18.390890858817777,15.098193377280841,6.0,0.0,0.0,0,0,0
2024-01-04 19:45:00,1.0,18.5,0.07063748534746785,18.350286541054224,15.093318321142162,6.0,0.0,0.0,0,0,0
2024-01-04 20:00:00,1.0,18.5,0.1311139550312377,18.309782592623847,15.086107528537378,5.0,0.0,0.0,0,0,0
2024-01-04 20:15:00,1.0,18.5,0.13900974061311822,18.2693076233117,15.076321716269174,5.0,0.0,0.0,0,0,0
2024-01-04 20:30:00,1.0,18.5,0.14279708395937404,18.22916516247493,15.066262298106036,5.0,0.0,0.0,0,0,0
2024-01-04 20:45:00,3.0,18.5,0.14648195687294024,18.189348928954512,15.055936663510952,5.0,0.0,0.0,0,0,0
2024-01-04 21:00:00,3.0,18.5,0.2057475808869236,18.149570026881136,15.043362555847816,4.0,0.0,0.0,0,0,0
2024-01-04 21:15:00,3.0,18.5,0.21245908162416122,18.109758611720448,15.028298776936671,4.0,0.7715000000000004,0.7192500000000001,1,1,0
2024-01-04 21:30:00,3.0,18.5,0.21508809497756184,18.070219722863424,15.013044869254697,4.0,0.8000000000000006,0.0,1,0,0
2024-01-04 21:45:00,1.0,18.5,0.21764000065655723,18.030948554355437,14.99760639366415,4.0,0.8000000000000006,0.0,1,0,0
2024-01-04 22:00:00,1.0,18.5,0.30117574907330624,18.246122430358476,14.978538746754236,2.0,0.8000000000000006,0.0,1,0,0
2024-01-04 22:15:00,2.0,18.033333333333335,0.19457089850413134,18.988123121029684,14.961132017823905,2.0,0.8000000000000006,0.0,1,0,0
2024-01-04 22:30:00,2.0,15.0,0.18513531844561973,19.00633989497367,14.947974576299536,2.0,0.8000000000000006,0.0,1,0,0
2024-01-04 22:45:00,2.0,15.0,0.1898383989897431,18.95523164196206,14.934590309279717,2.0,0.8000000000000006,0.0,1,0,0
2024-01-04 23:00:00,2.0,15.0,0.19441358787164456,18.904532947823384,14.920875482310333,2.0,0.8000000000000006,0.0,1,0,0
2024-01-04 23:15:00,2.0,15.0,0.19886386098062317,18.85423614054538,14.906839103531093,2.0,0.8000000000000006,0.0,1,0,0
2024-01-04 23:30:00,2.0,15.0,0.2031921259118003,18.804333720066616,14.892489971436497,2.0,0.8000000000000006,0.0,1,0,0
2024-01-04 23:45:00,2.0,15.0,0.20740122353131019,18.754818354344845,14.877836679687114,2.0,0.8000000000000006,0.0,1,0,0
2024-01-05 00:00:00,2.0,15.0,0.2114939295056157,18.705682875515595,14.862887621810579,2.0,0.8000000000000006,0.0,1,0,0
2024-01-05 00:15:00,2.0,15.0,0.2154729557957874,18.65692027613859,14.847650995794833,2.0,0.8000000000000006,0.0,1,0,0
2024-01-05 00:30:00,2.0,15.0,0.21934095211753635,18.60852370553028,14.832134808576136,2.0,0.8000000000000006,0.0,1,0,0
2024-01-05 00:45:00,2.0,15.0,0.22310050736779036,18.56048646618037,14.816346880424176,2.0,0.8000000000000006,0.0,1,0,0
2024-01-05 01:00:00,2.0,15.0,0.22675415101858182,18.5128020102504,14.800294849226706,2.0,0.8000000000000006,0.0,1,0,0
2024-01-05 01:15:00,2.0,16.4,0.23030435447899086,18.465463936152563,14.783986174675961,2.0,0.8000000000000006,0.0,1,0,0
2024-01-05 01:30:00,2.0,15.0,0.23375353242588187,18.418465985206964,14.76742814235916,2.0,0.8000000000000006,0.0,1,0,0
2024-01-05 01:45:00,2.0,15.0,0.23710404410414582,18.37180203837534,14.750627867755217,2.0,0.8000000000000006,0.0,1,0,0
2024-01-05 02:00:00,2.0,15.0,0.2960390327477491,18.32518335743705,14.731602825888775,1.0,0.8000000000000006,0.0,1,0,0
2024-01-05 02:15:00,2.0,15.0,0.30242354745464645,18.278540251138466,14.710111555757477,1.0,0.8000000000000006,0.0,1,0,0
2024-01-05 02:30:00,2.0,15.0,0.30472914932652095,18.232177907885116,14.688453342407998,1.0,0.8000000000000006,0.0,1,0,0
2024-01-05 02:45:00,2.0,15.0,0.30696114497554483,18.186091666570277,14.666633494541827,1.0,0.8000000000000006,0.0,1,0,0
2024-01-05 03:00:00,2.0,15.0,0.3091212678104735,18.14027696890927,14.644657195875634,1.0,0.8000000000000006,0.0,1,0,0
2024-01-05 03:15:00,2.0,15.0,0.3112112114139721,18.094729357092334,14.622529508012821,1.0,0.8000000000000006,0.0,1,0,0
2024-01-05 03:30:00,2.0,15.0,0.31323263045547023,18.049444471491135,14.6002553732492,1.0,0.8000000000000006,0.0,1,0,0
2024-01-05 03:45:00,2.0,15.0,0.3151871415830865,18.004418048417918,14.577839617314405,1.0,0.8000000000000006,0.0,1,0,0
2024-01-05 04:00:00,1.0,18.033333333333335,0.3283635475483324,18.320469755061065,14.55421348749806,0.0,0.8000000000000006,0.0,1,0,0
2024-01-05 04:15:00,1.0,16.633333333333333,0.2324859773124892,18.93577124678246,14.53497951694011,0.0,0.8000000000000006,0.0,1,0,0
2024-01-05 04:30:00,2.0,15.233333333333333,0.23317784519232115,18.89383791175077,14.518493150879882,0.0,0.8000000000000006,0.0,1,0,0
2024-01-05 04:45:00,2.0,15.0,0.23780822207897634,18.83839536809028,14.50168505856483,0.0,0.8000000000000006,0.0,1,0,0
2024-01-05 05:00:00,1.0,15.466666666666667,0.24231006062631294,18.783374166941815,14.48455161653781,0.0,0.8000000000000006,0.0,1,0,0
2024-01-05 05:15:00,1.0,18.5,0.24668635674405623,18.728766563164974,14.467101878297768,0.0,0.8000000000000006,0.0,1,0,0
2024-01-05 05:30:00,2.0,17.333333333333332,0.2509400375772874,18.674564984803023,14.449344686288464,0.0,0.8000000000000006,0.0,1,0,0
2024-01-05 05:45:00,2.0,15.0,0.25507396308243757,18.62076202912407,14.4312886767429,0.0,0.8000000000000006,0.0,1,0,0
2024-01-05 06:00:00,2.0,15.0,0.25909092756716645,18.567350458752912,14.41294228441668,0.0,0.8000000000000006,0.0,1,0,0
2024-01-05 06:15:00,2.0,17.8,0.2629936611949575,18.51432319789154,14.394313747212912,0.0,0.8000000000000006,0.0,1,0,0
2024-01-05 06:30:00,2.0,15.0,0.2667848314552328,18.461673328626162,14.375411110701119,0.0,0.8000000000000006,0.0,1,0,0
2024-01-05 06:45:00,2.0,15.0,0.27046704459977666,18.409394087318912,14.356242232532543,0.0,0.8000000000000006,0.0,1,0,0
2024-01-05 07:00:00,2.0,15.0,0.27404016160411687,18.357500201909197,14.33681485070799,0.0,0.8000000000000006,0.0,1,0,0
2024-01-05 07:15:00,1.0,17.566666666666666,0.277505531681118,18.30598794226718,14.317136771133125,0.0,0.8000000000000006,0.0,1,0,0
2024-01-05 07:30:00,1.0,18.5,0.2808695447812347,18.254826431661105,14.297215398122638,0.0,0.8000000000000006,0.0,1,0,0
2024-01-05 07:45:00,3.0,18.5,0.28413460187675305,18.204009498806457,14.277057868217174,0.0,0.8000000000000006,0.0,1,0,0
2024-01-05 08:00:00,3.0,18.5,0.2315557372089417,18.154341889252134,14.258662207532735,1.0,0.8000000000000006,0.0,1,0,0
2024-01-05 08:15:00,3.0,18.5,0.23124424215965533,18.105949226760597,14.24229117126322,1.0,0.8000000000000006,0.0,1,0,0
2024-01-05 08:30:00,2.0,18.266666666666666,0.23483092589027263,18.057907282350875,14.225660850706484,1.0,0.8000000000000006,0.0,1,0,0
2024-01-05 08:45:00,1.0,18.033333333333335,0.2362872680336147,18.038046742241043,14.208791474568736,1.0,0.8000000000000006,0.0,1,0,0
2024-01-05 09:00:00,3.0,18.5,0.14182041898476325,18.71177439725724,14.194731722486019,1.0,0.8000000000000006,0.0,1,0,0
2024-01-05 09:15:00,3.0,18.5,0.08705262458752464,19.016529471667937,14.187586794918227,1.0,0.8000000000000006,0.0,1,0,0
2024-01-05 09:30:00,3.0,18.5,0.09417706633139794,18.958577069564047,14.181105739893887,1.0,0.8000000000000006,0.0,1,0,0
2024-01-05 09:45:00,3.0,18.5,0.10111774009612261,18.901176262970676,14.17412355683727,1.0,0.8000000000000006,0.0,1,0,0
2024-01-05 10:00:00,3.0,18.5,0.052195065064360675,18.844622753319427,14.168642735989694,2.0,0.8000000000000006,0.0,1,0,0
2024-01-05 10:15:00,3.0,18.5,0.05554913175709668,18.788972790514133,14.164924517566938,2.0,0.8000000000000006,0.0,1,0,0
2024-01-05 10:30:00,1.0,18.5,0.06271906625534783,18.733877629592534,14.160688691228614,2.0,0.8000000000000006,0.0,1,0,0
2024-01-05 10:45:00,1.0,18.5,0.06970571173783462,18.67932617770234,14.155948473825328,2.0,0.8000000000000006,0.0,1,0,1
2024-01-05 11:00:00,1.0,18.5,0.07649571943358666,18.62544739005153,14.150717195236274,2.0,0.0,0.0,0,0,0
2024-01-05 11:15:00,1.0,18.5,0.08308577523237622,18.572248588298386,14.14500950639297,2.0,0.0,0.0,0,0,0
2024-01-05 11:30:00,1.0,18.5,0.08950586452709008,18.51955856096437,14.138838283625615,2.0,0.0,0.0,0,0,0
2024-01-05 11:45:00,1.0,18.5,0.09576011479112957,18.467367247105223,14.132215485595621,2.0,0.0,0.0,0,0,0
2024-01-05 12:00:00,1.0,18.5,0.04617840024025546,18.415892972981315,14.127142104566284,3.0,0.8000000000000003,0.762,1,1,0
2024-01-05 12:15:00,3.0,18.5,0.048904591304213575,18.365182970360685,14.123877003114787,3.0,0.8000000000000003,0.0,1,0,0
2024-01-05 12:30:00,3.0,18.5,0.0554628669290184,18.3149797546195,14.12013845362266,3.0,0.8000000000000003,0.0,1,0,0
2024-01-05 12:45:00,3.0,18.5,0.06185358793741973,18.265273186550665,14.115938538336561,3.0,0.8000000000000003,0.0,1,0,0
2024-01-05 13:00:00,3.0,18.5,0.06807534261626005,18.216095395404423,14.111289185847957,3.0,0.8000000000000003,0.0,1,0,0
2024-01-05 13:15:00,1.0,18.5,0.07412967714714606,18.167442083367614,14.106202538669937,3.0,0.8000000000000003,0.0,1,0,0
2024-01-05 13:30:00,3.0,18.5,0.0800280930987714,18.119255411477265,14.100690026528204,3.0,0.8000000000000003,0.0,1,0,0
2024-01-05 13:45:00,3.0,18.5,0.08577425914459079,18.07152614478206,14.094762628163943,3.0,0.8000000000000003,0.0,1,0,0
2024-01-05 14:00:00,3.0,18.5,0.035568611524829076,18.025499538290184,14.090423453694289,4.0,0.8000000000000003,0.0,1,0,0
2024-01-05 14:15:00,1.0,18.5,-0.014935653880924346,18.402546092930546,14.089110733936394,4.0,0.8000000000000003,0.0,1,0,0
2024-01-05 14:30:00,1.0,18.5,-0.11186321124959334,19.02785696937411,14.094592904883724,4.0,0.8000000000000003,0.0,1,0,0
2024-01-05 14:45:00,3.0,18.5,-0.10628914830713107,18.986879901381606,14.102480568208403,4.0,0.8000000000000003,0.0,1,0,0
2024-01-05 15:00:00,3.0,18.5,-0.09667513054253192,18.93098639398253,14.109697380924233,4.0,0.8000000000000003,0.0,1,0,1
2024-01-05 15:15:00,1.0,18.5,-0.08699822424110072,18.873890654275957,14.116223184974341,4.0,0.0,0.0,0,0,0
2024-01-05 15:30:00,3.0,18.5,-0.07755761539302054,18.817467815825406,14.122067738383326,4.0,0.0,0.0,0,0,0
2024-01-05 15:45:00,3.0,18.5,-0.06835008816015585,18.761703888416726,14.12724784794783,4.0,0.0,0.0,0,0,0
2024-01-05 16:00:00,1.0,18.5,-0.03429085870645477,18.706274959433774,14.130884120825026,3.55,0.0,0.0,0,0,0
2024-01-05 16:15:00,1.0,18.5,-0.02402664819014016,18.651115480458785,14.132878216541547,3.55,0.0,0.0,0,0,0
2024-01-05 16:30:00,1.0,18.5,-0.015775059277007928,18.59656286243372,14.134276772230624,3.55,0.0,0.0,0,0,0
2024-01-05 16:45:00,1.0,18.5,-0.007729876886788498,18.542604677199286,14.135094671420461,3.55,0.0,0.0,0,0,0
2024-01-05 17:00:00,1.0,18.5,0.008651377694913063,18.489185422293005,14.135041401746687,3.396667,0.8000000000000005,0.7430000000000001,1,1,0
2024-01-05 17:15:00,1.0,18.5,0.01679236210521357,18.43628343696075,14.134093102354516,3.396667,0.8000000000000005,0.0,1,0,0
2024-01-05 17:30:00,1.0,18.5,0.02412958135745615,18.383934790623417,14.132615188683417,3.396667,0.8000000000000005,0.0,1,0,0
2024-01-05 17:45:00,1.0,18.5,0.03128129960361821,18.332128285604863,14.130621036947694,3.396667,0.8000000000000005,0.0,1,0,0
2024-01-05 18:00:00,1.0,18.5,0.034539787902965885,18.28087182767666,14.128256344347298,3.463333,0.8000000000000005,0.0,1,0,0
2024-01-05 18:15:00,1.0,18.5,0.04111831246164064,18.23015897597875,14.125550425274826,3.463333,0.8000000000000005,0.0,1,0,0
2024-01-05 18:30:00,1.0,18.5,0.047789710175378614,18.17995854841093,14.122362906890192,3.463333,0.8000000000000005,0.0,1,0,0
2024-01-05 18:45:00,1.0,18.5,0.05429110796266241,18.130260264055853,14.118706047739165,3.463333,0.8000000000000005,0.0,1,0,0
2024-01-05 19:00:00,3.0,18.5,0.06573047959382793,18.081028155218398,14.114409455566518,3.371667,0.8000000000000005,0.0,1,0,0
2024-01-05 19:15:00,3.0,18.5,0.0721991640376493,18.032246548124967,14.109462072224398,3.371667,0.8000000000000005,0.0,1,0,0
2024-01-05 19:30:00,3.0,18.5,0.033750294467103176,18.34504093532621,14.10500149304349,3.371667,0.8000000000000005,0.0,1,0,0
2024-01-05 19:45:00,3.0,18.5,-0.06876378766912611,19.013123825429822,14.1070960429016,3.371667,0.8000000000000005,0.0,1,0,0
2024-01-05 20:00:00,1.0,18.5,-0.0712766347003486,18.98196586975815,14.11227594714034,3.468333,0.8000000000000005,0.0,1,0,0
2024-01-05 20:15:00,1.0,18.5,-0.062170489590141806,18.923636594607444,14.117024764774929,3.468333,0.8000000000000005,0.0,1,0,0
2024-01-05 20:30:00,3.0,18.5,-0.05291253317575393,18.865975526947274,14.121105471738982,3.468333,0.8000000000000005,0.0,1,0,0
2024-01-05 20:45:00,1.0,18.5,-0.0438843417397965,18.808968858257405,14.12453463576134,3.468333,0.8000000000000005,0.0,1,0,0
2024-01-05 21:00:00,1.0,18.5,-0.022738061927131223,18.752540415747593,14.126887443293079,3.246667,0.8000000000000005,0.0,1,0,0
2024-01-05 21:15:00,2.0,17.566666666666666,-0.013438851952554159,18.69666285821175,14.128124677760148,3.246667,0.8000000000000005,0.0,1,0,0
2024-01-05 21:30:00,2.0,17.8,-0.0052376383373807815,18.641392212511413,14.128769989633847,3.246667,0.8000000000000005,0.0,1,0,0
2024-01-05 21:45:00,2.0,15.0,0.00275789069420645,18.586716086218,14.128838210422593,3.246667,0.8000000000000005,0.0,1,0,0
2024-01-05 22:00:00,2.0,15.0,0.016306212059304874,18.532593149196877,14.12813824858788,3.143333,0.8000000000000005,0.0,1,0,0
2024-01-05 22:15:00,1.0,15.466666666666667,0.02423772019509512,18.479004966678016,14.126658605621023,3.143333,0.8000000000000005,0.0,1,0,0
2024-01-05 22:30:00,2.0,17.333333333333332,0.03156548568248867,18.425972096111913,14.124650017685092,3.143333,0.8000000000000005,0.0,1,0,0
2024-01-05 22:45:00,2.0,15.0,0.0387076043117485,18.373483325542438,14.122125871538254,3.143333,0.8000000000000005,0.0,1,0,0
2024-01-05 23:00:00,2.0,15.0,0.04798836785819284,18.321515915235647,14.119016350899914,3.101667,0.8000000000000005,0.0,1,0,0
2024-01-05 23:15:00,1.0,15.933333333333334,0.0549063271059193,18.270056494429795,14.11532388692339,3.101667,0.8000000000000005,0.0,1,0,0
2024-01-05 23:30:00,1.0,18.5,0.06148510569369361,18.21910754871841,14.111156484532206,3.101667,0.8000000000000005,0.0,1,0,0
2024-01-05 23:45:00,2.0,15.466666666666667,0.06789550438214419,18.168658884709828,14.106526285504268,3.101667,0.8000000000000005,0.0,1,0,0
2024-01-06 00:00:00,2.0,15.0,0.07729668729420922,18.118684516296927,14.101332413020861,3.045,0.8000000000000005,0.0,1,0,0
2024-01-06 00:15:00,2.0,15.0,0.08356465219801627,18.069171087482115,14.095572385725031,3.045,0.8000000000000005,0.0,1,0,0
2024-01-06 00:30:00,2.0,15.0,0.08944973364336918,18.020126697974508,14.089387439393603,3.045,0.8000000000000005,0.0,1,0,0
2024-01-06 00:45:00,2.0,15.0,0.09518241443786638,17.97154209678188,14.082788563671576,3.045,0.8000000000000005,0.0,1,0,0
2024-01-06 01:00:00,2.0,15.0,0.16684083946365288,17.923072704752578,14.073425650118002,1.8583329999999998,0.8000000000000005,0.0,1,0,0
2024-01-06 01:15:00,2.0,15.0,0.176105609069531,17.874633924167394,14.061014597350242,1.8583329999999998,0.8000000000000005,0.0,1,0,1
2024-01-06 01:30:00,2.0,15.0,0.1804970855824032,17.82658605920501,14.04828626865758,1.8583329999999998,0.0,0.0,0,0,0
2024-01-06 01:45:00,2.0,15.0,0.184768977118917,17.77892176940624,14.035249287736006,1.8583329999999998,0.0,0.0,0,0,0
2024-01-06 02:00:00,2.0,15.0,0.19087289593296422,17.73162398243322,14.021842446027055,1.823333,0.0,0.0,0,0,0
2024-01-06 02:15:00,2.0,15.0,0.19502675896952607,17.684683448730837,14.008065281844104,1.823333,0.0,0.0,0,0,0
2024-01-06 02:30:00,2.0,15.0,0.19892965050081626,17.638104192100954,13.99400607361386,1.823333,0.0,0.0,0,0,0
2024-01-06 02:45:00,2.0,15.0,0.20272427668771306,17.591879540693096,13.979672628861266,1.823333,0.0,0.0,0,0,0
2024-01-06 03:00:00,2.0,15.0,0.19286411971110393,17.546071775986963,13.965556679905442,2.066667,0.0,0.0,0,0,0
2024-01-06 03:15:00,2.0,15.0,0.19566510307760934,17.500690056190443,13.95172608173283,2.066667,0.0,0.0,0,0,0
2024-01-06 03:30:00,2.0,15.0,0.19933539213166618,17.455652492771627,13.937630227146185,2.066667,0.0,0.0,0,0,0
2024-01-06 03:45:00,2.0,15.0,0.20290323620268597,17.410952764364787,13.923276503976641,2.066667,0.0,0.0,0,0,0
2024-01-06 04:00:00,2.0,15.0,0.21101113103240998,17.366561127780113,13.908506336970843,1.9833329999999998,0.0,0.0,0,0,0
2024-01-06 04:15:00,1.0,17.566666666666666,0.18434737414455823,17.577213755369993,13.89383500031354,1.9833329999999998,0.0,0.0,0,0,0
2024-01-06 04:30:00,1.0,18.5,0.04784588927979367,18.523924087064543,13.885626542430684,1.9833329999999998,0.0,0.0,0,0,0
2024-01-06 04:45:00,1.0,18.5,-0.03402071499962865,19.020594084643395,13.886219366712218,1.9833329999999998,0.0,0.0,0,0,0
2024-01-06 05:00:00,1.0,18.5,-0.029864674856671356,18.958701280589228,13.888498188048349,2.066667,0.0,0.0,0,0,0
2024-01-06 05:15:00,1.0,18.5,-0.0208962612888956,18.897517302936883,13.890296816125792,2.066667,0.0,0.0,0,0,0
2024-01-06 05:30:00,1.0,18.5,-0.011826739666668794,18.837002323580823,13.891440862050713,2.066667,0.0,0.0,0,0,0
2024-01-06 05:45:00,1.0,18.5,-0.0029843685629746233,18.777142661237917,13.891946705175895,2.066667,0.0,0.0,0,0,0
2024-01-06 06:00:00,1.0,18.5,0.03765258256586468,18.717762359933747,13.890686398724386,1.491667,0.0,0.0,0,0,0
2024-01-06 06:15:00,1.0,18.5,0.047910350195059945,18.6588116417408,13.887532831319975,1.491667,0.0,0.0,0,0,0
2024-01-06 06:30:00,1.0,18.5,0.05566382732277044,18.600456505400313,13.883819550517158,1.491667,0.0,0.0,0,0,0
2024-01-06 06:45:00,1.0,18.5,0.06321972475033534,18.542685001990936,13.879560803615465,1.491667,0.0,0.0,0,0,0
2024-01-06 07:00:00,1.0,18.5,0.0770671507169777,18.48554449225634,13.874538678035513,1.375,0.0,0.0,0,0,0
2024-01-06 07:15:00,1.0,18.5,0.08458961899854253,18.429027908894902,13.868739149145123,1.375,0.0,0.0,0,0,0
2024-01-06 07:30:00,1.0,18.5,0.09146334234264113,18.37305447841575,13.862443341356512,1.375,0.0,0.0,0,0,0
2024-01-06 07:45:00,1.0,18.5,0.09815973379206895,18.317613445772132,13.855664042066872,1.375,0.0,0.0,0,0,0
2024-01-06 08:00:00,1.0,18.5,0.12056583420976329,18.263240456379005,13.847845305474326,1.088333,0.0,0.0,0,0,0
2024-01-06 08:15:00,1.0,18.5,0.127652821867798,18.20998732946306,13.838937316553823,1.088333,0.0,0.0,0,0,0
2024-01-06 08:30:00,1.0,18.5,0.13343554469704524,18.15721146545338,13.829611719391178,1.088333,0.0,0.0,0,0,0
2024-01-06 08:45:00,1.0,18.5,0.13906617025817516,18.104903599168775,13.819879481913176,1.088333,0.0,0.0,0,0,0
2024-01-06 09:00:00,1.0,18.5,0.1349542785064068,18.053384428932993,13.810093687386786,1.26,0.0,0.0,0,0,0
2024-01-06 09:15:00,1.0,18.5,0.12952823336551605,18.10005200734282,13.800423902052882,1.26,0.0,0.0,0,0,0
2024-01-06 09:30:00,1.0,18.5,0.02123240543077853,18.85267280856686,13.794887750926877,1.26,0.0,0.0,0,0,0
2024-01-06 09:45:00,1.0,18.5,-0.0070690855338791,19.0005185362978,13.795161908410417,1.26,0.0,0.0,0,0,0
2024-01-06 10:00:00,3.0,18.5,0.0023143854949641005,18.940389591101123,13.795307685831428,1.25,0.0,0.0,0,0,0
2024-01-06 10:15:00,1.0,18.5,0.010806945288949607,18.881801499535037,13.794816918600223,1.25,0.0,0.0,0,0,0
2024-01-06 10:30:00,1.0,18.5,0.019045569121506126,18.823831831651397,13.793731486112113,1.25,0.0,0.0,0,0,0
2024-01-06 10:45:00,1.0,18.5,0.027076317293692705,18.766468045041236,13.792066377957235,1.25,0.0,0.0,0,0,0
2024-01-06 11:00:00,1.0,18.5,-0.013436117388725998,18.71060545469705,13.7915624342758,2.116667,0.0,0.0,0,0,0
2024-01-06 11:15:00,1.0,18.5,-0.008803445252216989,18.656372330146194,13.792458770327784,2.116667,0.0,0.0,0,0,0
2024-01-06 11:30:00,1.0,18.5,-0.0009049637489719013,18.602725203382608,13.792785026225324,2.116667,0.0,0.0,0,0,0
2024-01-06 11:45:00,1.0,18.5,0.006795212273821638,18.54965212350631,13.792555501399212,2.116667,0.7715000000000005,0.7050000000000001,1,1,0
2024-01-06 12:00:00,1.0,18.5,0.0019492320548381637,18.49654548802939,13.79222650499403,2.3399999999999994,0.8000000000000007,0.0,1,0,0
2024-01-06 12:15:00,1.0,18.5,0.008747347436265583,18.443323659710536,13.791857512779448,2.3399999999999994,0.8000000000000007,0.0,1,0,1
2024-01-06 12:30:00,1.0,18.5,0.016246856159656833,18.390664382067577,13.790947206670705,2.3399999999999994,0.0,0.0,0,0,0
2024-01-06 12:45:00,1.0,18.5,0.023557194643231524,18.338556242104836,13.789509227435294,2.3399999999999994,0.0,0.0,0,0,0
2024-01-06 13:00:00,1.0,18.5,-0.03670930811298765,18.287475095508125,13.789964598487021,3.55,0.0,0.0,0,0,0
2024-01-06 13:15:00,1.0,18.5,-0.03371009349001088,18.23750585872459,13.792628830016405,3.55,0.0,0.0,0,0,0
2024-01-06 13:30:00,1.0,18.5,-0.026062035202123465,18.188094981080006,13.794741100037168,3.55,0.0,0.0,0,0,0
2024-01-06 13:45:00,1.0,18.5,-0.018604696947627154,18.139230987410382,13.796315160917375,3.55,0.0,0.0,0,0,0
2024-01-06 14:00:00,1.0,18.5,-0.002258602563479394,18.095433073686827,13.797033329371605,3.376667,0.0,0.0,0,0,0
2024-01-06 14:15:00,1.0,18.5,0.003992449245768065,18.057266199992746,13.796932489300081,3.376667,0.0,0.0,0,0,0
2024-01-06 14:30:00,1.0,18.5,0.009403571117599464,18.01950438942284,13.796441078980054,3.376667,0.0,0.0,0,0,0
2024-01-06 14:45:00,1.0,18.5,-0.04646209209923239,18.468013587311514,13.797024988428827,3.376667,0.0,0.0,0,0,0
2024-01-06 15:00:00,1.0,18.5,-0.09877747231511462,18.975307838257248,13.803271695954537,2.853333,0.0,0.0,0,0,0
2024-01-06 15:15:00,3.0,18.5,-0.0878672816980393,18.919533728586977,13.809853474562605,2.853333,0.0,0.0,0,0,0
2024-01-06 15:30:00,3.0,18.5,-0.07860346826152374,18.86441902002474,13.81576676476831,2.853333,0.0,0.0,0,0,0
2024-01-06 15:45:00,1.0,18.5,-0.06956824272633975,18.809949993957755,13.821028049331302,2.853333,0.0,0.0,0,0,0
2024-01-06 16:00:00,1.0,18.5,-0.0658810303940536,18.753354724360346,13.825840713663101,2.951667,0.0,0.0,0,0,0
2024-01-06 16:15:00,1.0,18.5,-0.056754436115177546,18.694269236821388,13.830204262403297,2.951667,0.0,0.0,0,0,0
2024-01-06 16:30:00,1.0,18.5,-0.04746652488634347,18.635856139348583,13.833897528910414,2.951667,0.0,0.0,0,0,0
2024-01-06 16:45:00,1.0,18.5,-0.038409411580200975,18.578101557147114,13.836937155416534,2.951667,0.0,0.0,0,0,0
2024-01-06 17:00:00,1.0,18.5,0.018029349556982068,18.52075017384845,13.83763839942773,2.096667,0.0,0.0,0,0,0
2024-01-06 17:15:00,1.0,18.5,0.029397656831616683,18.463734151535398,13.835804891558409,2.096667,0.0,0.0,0,0,0
2024-01-06 17:30:00,1.0,18.5,0.0371419011158357,18.407306363265103,13.833412369128133,2.096667,0.0,0.0,0,0,0
2024-01-06 17:45:00,1.0,18.5,0.04468975221894062,18.35145494530009,13.830474993812194,2.096667,0.0,0.0,0,0,0
2024-01-06 18:00:00,1.0,18.5,0.09306398906857087,18.295960005382323,13.825541019702767,1.36,0.0,0.0,0,0,0
2024-01-06 18:15:00,1.0,18.5,0.10260794142719817,18.240763179789454,13.818441084849175,1.36,0.0,0.0,0,0,0
2024-01-06 18:30:00,1.0,18.5,0.10903172471765028,18.186082426383685,13.810877315247923,1.36,0.0,0.0,0,0,0
2024-01-06 18:45:00,1.0,18.5,0.11528856980898415,18.1319076035602,13.802861748889592,1.36,0.0,0.0,0,0,0
2024-01-06 19:00:00,1.0,18.5,0.14226266078462677,18.078122764958252,13.793660091900778,0.985,0.0,0.0,0,0,0
2024-01-06 19:15:00,2.0,18.033333333333335,0.14940632749643962,18.024694280206525,13.78319073767432,0.985,0.0,0.0,0,0,0
2024-01-06 19:30:00,2.0,15.0,0.15489927444679868,17.97172926821514,13.772324652503908,0.985,0.7620000000000002,0.7382500000000001,1,1,0
2024-01-06 19:45:00,1.0,18.266666666666666,0.10781068180983779,18.340409772300884,13.762237697108228,0.985,0.8000000000000005,0.0,1,0,0
2024-01-06 20:00:00,1.0,18.5,0.009887056268314078,19.01280251508102,13.75894954812387,0.86,0.8000000000000005,0.0,1,0,0
2024-01-06 20:15:00,1.0,18.5,0.012830950044607856,18.976591592253875,13.758307998599532,0.86,0.8000000000000005,0.0,1,0,0
2024-01-06 20:30:00,2.0,15.933333333333334,0.021829291422158174,18.91317287214378,13.757049191576625,0.86,0.8000000000000005,0.0,1,0,0
2024-01-06 20:45:00,2.0,15.0,0.030600535108834568,18.85041626975239,13.75515725662097,0.86,0.8000000000000005,0.0,1,0,0
2024-01-06 21:00:00,2.0,15.0,0.04731647354015779,18.788266921203817,13.752356400572767,0.713333,0.8000000000000005,0.0,1,0,0
2024-01-06 21:15:00,2.0,15.0,0.05612207806968413,18.72670237292482,13.748625840797784,0.713333,0.8000000000000005,0.0,1,0,0
2024-01-06 21:30:00,2.0,15.0,0.06413121725971481,18.665755430673318,13.744317100095857,0.713333,0.8000000000000005,0.0,1,0,0
2024-01-06 21:45:00,2.0,15.0,0.0719359199608897,18.605413726028587,13.739444920227049,0.713333,0.8000000000000005,0.0,1,0,0
2024-01-06 22:00:00,2.0,15.0,0.0813969272314838,18.54565574488554,13.733957386641748,0.68,0.8000000000000005,0.0,1,0,0
2024-01-06 22:15:00,2.0,15.0,0.08891432482989102,18.486467543202842,13.727860291749467,0.68,0.8000000000000005,0.0,1,0,0
2024-01-06 22:30:00,2.0,15.0,0.09610825905789945,18.427847935228435,13.7212437982432,0.68,0.8000000000000005,0.0,1,0,0
2024-01-06 22:45:00,2.0,15.0,0.10311658062591506,18.369785663417293,13.714121290647205,0.68,0.8000000000000005,0.0,1,0,0
2024-01-06 23:00:00,2.0,15.0,0.10363311311411352,18.312301769749528,13.706731316530604,0.793333,0.8000000000000005,0.0,1,0,0
2024-01-06 23:15:00,2.0,15.0,0.10991757152817364,18.255392734236285,13.699114782127042,0.793333,0.8000000000000005,0.0,1,0,0
2024-01-06 23:30:00,1.0,16.166666666666668,0.11648088280966082,18.19901280791003,13.691024329337544,0.793333,0.8000000000000005,0.0,1,0,0
2024-01-06 23:45:00,1.0,18.5,0.12287336802407278,18.143151609350614,13.6824722765263,0.793333,0.8000000000000005,0.0,1,0,0
2024-01-07 00:00:00,2.0,17.333333333333332,0.10645542818383029,18.087913978491848,13.674279710027303,1.2,0.8000000000000005,0.0,1,0,0
2024-01-07 00:15:00,2.0,15.0,0.11120676481223693,18.03331595893291,13.666559337869579,1.2,0.8000000000000005,0.0,1,0,0
2024-01-07 00:30:00,2.0,15.0,0.11742026921389438,17.979221419455868,13.658390293383238,1.2,0.8000000000000005,0.0,1,0,0
2024-01-07 00:45:00,2.0,15.0,0.1234716837226316,17.925620504462902,13.649784264986813,1.2,0.8000000000000005,0.0,1,0,0
2024-01-07 01:00:00,2.0,15.0,0.12184785379936165,17.872541752424773,13.641021249118133,1.335,0.8000000000000005,0.0,1,0,0
2024-01-07 01:15:00,2.0,15.0,0.127150974241001,17.81998436544977,13.632145911868907,1.335,0.8000000000000005,0.0,1,0,0
2024-01-07 01:30:00,2.0,15.0,0.13284126949149025,17.767897166495327,13.622859638482494,1.335,0.8000000000000005,0.0,1,0,0
2024-01-07 01:45:00,2.0,15.0,0.13838181920921724,17.7162710325545,13.613173227304355,1.335,0.8000000000000005,0.0,1,0,0
2024-01-07 02:00:00,2.0,15.0,0.12131817884253153,17.665211090636934,13.603899646746468,1.738333,0.8000000000000005,0.0,1,0,0
2024-01-07 02:15:00,2.0,15.0,0.12526904613141215,17.614734373301193,13.595149326365897,1.738333,0.8000000000000005,0.0,1,0,0
2024-01-07 02:30:00,2.0,15.0,0.13068844575565045,17.564706960369236,13.586007625814368,1.738333,0.8000000000000005,0.0,1,0,0
2024-01-07 02:45:00,2.0,15.0,0.1359650137261216,17.515120147112388,13.57648484488282,1.738333,0.8000000000000005,0.0,1,0,0
2024-01-07 03:00:00,2.0,15.0,0.12894504484824648,17.466027159860023,13.567025414219538,1.956667,0.8000000000000005,0.0,1,0,0
2024-01-07 03:15:00,2.0,15.0,0.1332418060826136,17.417433620060955,13.557693362026502,1.956667,0.8000000000000005,0.0,1,0,0
2024-01-07 03:30:00,2.0,15.0,0.13827595259591077,17.36926351566506,13.547997722445064,1.956667,0.8000000000000005,0.0,1,0,0
2024-01-07 03:45:00,2.0,15.7,0.12104346877487136,17.487952113805378,13.538584549178516,1.956667,0.8000000000000005,0.0,1,0,0
2024-01-07 04:00:00,2.0,15.0,0.1166592369435904,17.48024210083156,13.530323141572504,1.988333,0.8000000000000005,0.0,1,0,0
2024-01-07 04:15:00,1.0,16.166666666666668,0.1178899193816432,17.477532664152896,13.521837010824346,1.988333,0.8000000000000005,0.0,1,0,0
2024-01-07 04:30:00,2.0,15.233333333333333,0.06913581678901144,17.79307631682401,13.515349032640168,1.988333,0.8000000000000005,0.0,1,0,0
2024-01-07 04:45:00,2.0,15.7,0.05161202380012074,17.911543400196695,13.51094252956313,1.988333,0.8000000000000005,0.0,1,0,1
2024-01-07 05:00:00,2.0,15.0,0.05709669216129985,17.89902736686991,13.50727647077628,1.873333,0.0,0.0,0,0,0
2024-01-07 05:15:00,2.0,15.7,0.06046344826016323,17.886919053184336,13.502937566892026,1.873333,0.0,0.0,0,0,0
2024-01-07 05:30:00,2.0,15.0,0.04132060487375322,17.999248004456692,13.499478806237216,1.873333,0.0,0.0,0,0,0
2024-01-07 05:45:00,2.0,15.0,0.04868349345737284,17.944252965603138,13.496250451347514,1.873333,0.8000000000000005,0.7430000000000001,1,1,0
2024-01-07 06:00:00,2.0,15.0,0.10077480983830263,17.88958258312847,13.490899259258828,1.066667,0.8000000000000005,0.0,1,0,0
2024-01-07 06:15:00,1.0,15.466666666666667,0.11036828552942583,17.839816001180385,13.483238178205228,1.066667,0.8000000000000005,0.0,1,0,0
2024-01-07 06:30:00,2.0,17.333333333333332,0.04008686804792337,18.35926648578319,13.477271621189937,1.066667,0.8000000000000005,0.0,1,0,0
2024-01-07 06:45:00,2.0,15.0,0.004203176602834325,18.553022284831577,13.476561522614267,1.066667,0.8000000000000005,0.0,1,0,0
2024-01-07 07:00:00,1.0,16.166666666666668,0.0069378582692569656,18.49146408955473,13.476142188915995,1.176667,0.8000000000000005,0.0,1,0,0
2024-01-07 07:15:00,1.0,18.5,0.015215677403905215,18.430617261255648,13.475345810598787,1.176667,0.8000000000000005,0.0,1,0,0
2024-01-07 07:30:00,1.0,18.5,0.023714134118165742,18.37040982396688,13.47393600511735,1.176667,0.8000000000000005,0.0,1,0,0
2024-01-07 07:45:00,1.0,18.5,0.03199794944195941,18.31082882407258,13.471928249942637,1.176667,0.8000000000000005,0.0,1,0,0
2024-01-07 08:00:00,1.0,18.5,0.032058002849338935,18.25216582348719,13.469623612229983,1.32,0.8000000000000005,0.0,1,0,0
2024-01-07 08:15:00,1.0,18.5,0.03938470281968636,18.194451398732642,13.467076289925869,1.32,0.8000000000000005,0.0,1,0,0
2024-01-07 08:30:00,1.0,18.5,0.04708444885790289,18.137325481195163,13.463973147354174,1.32,0.8000000000000005,0.0,1,0,0
2024-01-07 08:45:00,1.0,18.5,0.054588406726708054,18.080776236260114,13.460328302599681,1.32,0.8000000000000005,0.0,1,0,0
2024-01-07 09:00:00,1.0,18.5,0.07842813375069167,18.025378489335314,13.455564031384393,1.021667,0.8000000000000005,0.0,1,0,0
2024-01-07 09:15:00,1.0,18.5,0.025170956279725352,18.457062035702688,13.451085584509816,1.021667,0.8000000000000005,0.0,1,0,0
2024-01-07 09:30:00,1.0,18.5,-0.06408488511803759,19.01622486920183,13.453513709559667,1.021667,0.8000000000000005,0.0,1,0,0
2024-01-07 09:45:00,1.0,18.5,-0.05576889179809314,18.956067226573655,13.457831103235456,1.021667,0.8000000000000005,0.0,1,0,0
2024-01-07 10:00:00,1.0,18.5,-0.05921707464630474,18.89200301129688,13.461907250918426,1.265,0.8000000000000005,0.0,1,0,0
2024-01-07 10:15:00,1.0,18.5,-0.05014068718836857,18.828669614746623,13.465816523617622,1.265,0.8000000000000005,0.0,1,0,0
2024-01-07 10:30:00,1.0,18.5,-0.04033983509113138,18.76604924860624,13.469018479518148,1.265,0.8000000000000005,0.0,1,0,0
2024-01-07 10:45:00,1.0,18.5,-0.030783029566020335,18.704127234343627,13.47153071621282,1.265,0.8000000000000005,0.0,1,0,0
2024-01-07 11:00:00,1.0,18.5,-0.057882822430160775,18.6426551461636,13.474672274052528,1.9199999999999997,0.8000000000000005,0.0,1,0,0
2024-01-07 11:15:00,1.0,18.5,-0.050781465886383374,18.581607036035457,13.47861643446937,1.9199999999999997,0.8000000000000005,0.0,1,0,0
2024-01-07 11:30:00,1.0,18.5,-0.04129879570095321,18.52124799196431,13.481876244902928,1.9199999999999997,0.8000000000000005,0.0,1,0,0
2024-01-07 11:45:00,1.0,18.5,-0.032052132256901615,18.461563820674346,13.484468723205538,1.9199999999999997,0.8000000000000005,0.0,1,0,0
2024-01-07 12:00:00,1.0,18.5,-0.0684353367031207,18.402925489750885,13.488032378458273,2.735,0.8000000000000005,0.0,1,0,0
2024-01-07 12:15:00,1.0,18.5,-0.06231950175174512,18.34539126311382,13.492788025384597,2.735,0.8000000000000005,0.0,1,0,0
2024-01-07 12:30:00,1.0,18.5,-0.05317331043403377,18.28851685357203,13.496883628868117,2.735,0.8000000000000005,0.0,1,0,0
2024-01-07 12:45:00,1.0,18.5,-0.04425406393144674,18.23228862276471,13.500335553280081,2.735,0.8000000000000005,0.0,1,0,0
2024-01-07 13:00:00,1.0,18.5,-0.058344270764472496,18.177217361701274,13.50397337787219,3.143333,0.8000000000000005,0.0,1,0,1
2024-01-07 13:15:00,1.0,18.5,-0.05130462916831065,18.123368494096503,13.5079200480985,3.143333,0.0,0.0,0,0,0
2024-01-07 13:30:00,1.0,18.5,-0.04284596233777502,18.070132121789218,13.511256279639698,3.143333,0.0,0.0,0,0,0
2024-01-07 13:45:00,3.0,18.5,-0.034597507024850316,18.022137325468076,13.51399723029765,3.143333,0.0,0.0,0,0,0
2024-01-07 14:00:00,3.0,18.5,-0.1047063422219637,18.590061782685712,13.518246478068537,3.1,0.0,0.0,0,0,0
2024-01-07 14:15:00,1.0,18.5,-0.17467150043995686,19.016490320595018,13.529282164471242,3.1,0.7240000000000001,0.7145,1,1,0
2024-01-07 14:30:00,1.0,18.5,-0.16314090309633766,18.95446334712174,13.541300140125331,3.1,0.7952500000000006,0.0,1,0,0
2024-01-07 14:45:00,1.0,18.5,-0.1518914614673775,18.893216810646624,13.55250644082628,3.1,0.8000000000000006,0.0,1,0,0
2024-01-07 15:00:00,1.0,18.5,-0.07656810907932445,18.831374767260034,13.56062324917408,1.946667,0.8000000000000006,0.0,1,0,0
2024-01-07 15:15:00,1.0,18.5,-0.061827577095924124,18.76871505803557,13.56536853028472,1.946667,0.8000000000000006,0.0,1,0,0
2024-01-07 15:30:00,1.0,18.5,-0.05195407846418329,18.706769594244292,13.569401271597567,1.946667,0.8000000000000006,0.0,1,0,0
2024-01-07 15:45:00,1.0,18.5,-0.04232585213296884,18.645523632055756,13.572739159048645,1.946667,0.8000000000000006,0.0,1,0,0
2024-01-07 16:00:00,1.0,18.5,-0.052951113641848,18.58481642908322,13.576114937402512,2.306667,0.8000000000000006,0.0,1,0,0
2024-01-07 16:15:00,1.0,18.5,-0.04488169667992063,18.524625080908496,13.579631235744221,2.306667,0.8000000000000006,0.0,1,0,0
2024-01-07 16:30:00,1.0,18.5,-0.03560719639104779,18.465109393135883,13.582478199027321,2.306667,0.8000000000000006,0.0,1,0,0
2024-01-07 16:45:00,1.0,18.5,-0.026563768493820736,18.40625546567334,13.584672489317969,2.306667,0.8000000000000006,0.0,1,0,0
2024-01-07 17:00:00,1.0,18.5,-0.02507734949118469,18.348086942692213,13.586492330009836,2.438333,0.8000000000000006,0.0,1,0,0
2024-01-07 17:15:00,1.0,18.5,-0.016904732056214948,18.29059895263214,13.587986308221508,2.438333,0.8000000000000006,0.0,1,0,0
2024-01-07 17:30:00,1.0,18.5,-0.008422588259763452,18.23373758288852,13.58886809296904,2.438333,0.8000000000000006,0.0,1,0,0
2024-01-07 17:45:00,1.0,18.5,-0.00015301980093667382,18.177490028088894,13.589153012628667,2.438333,0.8000000000000006,0.0,1,0,0
2024-01-07 18:00:00,1.0,18.5,0.0376053138821137,18.121692969891114,13.58779498913271,1.905,0.8000000000000006,0.0,1,0,0
2024-01-07 18:15:00,1.0,18.5,0.04718407332260535,18.066300127122684,13.584676251841348,1.905,0.8000000000000006,0.0,1,0,0
2024-01-07 18:30:00,1.0,18.5,0.052410090778838375,18.03930237915295,13.581046700550928,1.905,0.8000000000000006,0.0,1,0,0
2024-01-07 18:45:00,1.0,18.5,-0.038353084308920156,18.705949034515434,13.57996070011537,1.905,0.8000000000000006,0.0,1,0,0
2024-01-07 19:00:00,1.0,18.5,-0.05606461727592962,19.003485235120372,13.584333544150095,1.305,0.8000000000000006,0.0,1,0,0
2024-01-07 19:15:00,1.0,18.5,-0.043440032280497635,18.938308458548477,13.587770589419556,1.305,0.8000000000000006,0.0,1,0,0
2024-01-07 19:30:00,1.0,18.5,-0.033472041380392926,18.87385958988361,13.590488242429265,1.305,0.8000000000000006,0.0,1,0,0
2024-01-07 19:45:00,1.0,18.5,-0.023752648337458996,18.8101236712244,13.592504428981309,1.305,0.8000000000000006,0.0,1,0,0
2024-01-07 20:00:00,1.0,18.5,-0.017060153055241875,18.74710022133738,13.59393613458021,1.355,0.8000000000000006,0.0,1,0,0
2024-01-07 20:15:00,1.0,18.5,-0.007982085056387988,18.684778144436745,13.594812878896642,1.355,0.8000000000000006,0.0,1,0,0
2024-01-07 20:30:00,1.0,18.5,0.0010635692886810679,18.623127930818306,13.595036741126782,1.355,0.8000000000000006,0.0,1,0,0
2024-01-07 20:45:00,1.0,18.5,0.009882008094212127,18.562135885763677,13.594624105358312,1.355,0.8000000000000006,0.0,1,0,0
2024-01-07 21:00:00,1.0,18.5,-0.011217945619721285,18.501939427452232,13.594652029307541,1.888333,0.8000000000000006,0.0,1,0,0
2024-01-07 21:15:00,1.0,18.5,-0.004558021895442524,18.442559523090758,13.595268547253863,1.888333,0.8000000000000006,0.0,1,0,0
2024-01-07 21:30:00,1.0,18.5,0.00401648310293737,18.38381756963908,13.595266183672237,1.888333,0.8000000000000006,0.0,1,0,0
2024-01-07 21:45:00,2.0,16.633333333333333,0.012375452190518974,18.32570057411217,13.594660480464965,1.888333,0.8000000000000006,0.0,1,0,0
2024-01-07 22:00:00,2.0,15.0,0.005211636724431712,18.268273595401162,13.594013725751763,2.163333,0.8000000000000006,0.0,1,0,0
2024-01-07 22:15:00,2.0,15.0,0.012267635140909216,18.211541778494276,13.593409019439523,2.163333,0.8000000000000006,0.0,1,0,0
2024-01-07 22:30:00,2.0,15.0,0.020219129218781554,18.155407493072225,13.592230369725844,2.163333,0.8000000000000006,0.0,1,0,0
2024-01-07 22:45:00,2.0,15.0,0.027969897749387344,18.099858626786006,13.590492250623912,2.163333,0.8000000000000006,0.0,1,0,0
2024-01-07 23:00:00,2.0,15.0,0.0772852106140281,18.044671274562116,13.586716695813344,1.413333,0.8000000000000006,0.0,1,0,0
2024-01-07 23:15:00,2.0,15.0,0.08706670033398779,17.98978598428259,13.580731331774,1.413333,0.8000000000000006,0.0,1,0,0
2024-01-07 23:30:00,2.0,15.0,0.09367081820513272,17.935424627462268,13.574269144046049,1.413333,0.8000000000000006,0.0,1,0,0
2024-01-07 23:45:00,2.0,15.0,0.1001042609227327,17.881576848616298,13.567342440029574,1.413333,0.8000000000000006,0.0,1,0,1
2024-01-08 00:00:00,2.0,15.0,0.16251580958143527,17.82794741400773,13.557957189454788,0.405,0.0,0.0,0,0,0
2024-01-08 00:15:00,2.0,15.0,0.17187101760711002,17.774462055980973,13.545874819462616,0.405,0.0,0.0,0,0,0
2024-01-08 00:30:00,2.0,15.0,0.17704691599551,17.721424602058313,13.533418563063016,0.405,0.0,0.0,0,0,0
2024-01-08 00:45:00,2.0,15.0,0.18208370829220918,17.668826537819953,13.520598451570368,0.405,0.0,0.0,0,0,0
2024-01-08 01:00:00,2.0,15.0,0.18930468170225576,17.616647758440124,13.507341387715948,0.363333,0.0,0.0,0,0,0
2024-01-08 01:15:00,2.0,15.0,0.1942072429030403,17.56487746736854,13.493646598100584,0.363333,0.0,0.0,0,0,0
2024-01-08 01:30:00,2.0,15.0,0.19881405175840017,17.5135206652665,13.479618958619978,0.363333,0.0,0.0,0,0,0
2024-01-08 01:45:00,2.0,15.0,0.203294923969423,17.46256961534666,13.46526755104277,0.363333,0.0,0.0,0,0,0
2024-01-08 02:00:00,2.0,15.0,0.19614539941284803,17.412075190458268,13.451012404432658,0.57,0.0,0.0,0,0,0
2024-01-08 02:15:00,2.0,15.0,0.19971673380754895,17.362043190640453,13.436913487296229,0.57,0.0,0.0,0,0,0
2024-01-08 02:30:00,2.0,15.0,0.2039947084301077,17.31240213314424,13.422505445197775,0.57,0.0,0.0,0,0,0
2024-01-08 02:45:00,2.0,15.0,0.20815473729924666,17.26314475895633,13.407796783716488,0.57,0.0,0.0,0,0,0
2024-01-08 03:00:00,2.0,15.0,0.19651611329455113,17.214343614511755,13.393356179572004,0.8516670000000001,0.0,0.0,0,0,0
2024-01-08 03:15:00,2.0,15.0,0.1995402024506969,17.166009744300787,13.37926166992193,0.8516670000000001,0.0,0.0,0,0,0
2024-01-08 03:30:00,2.0,15.0,0.20357740820676515,17.11804879345344,13.364875413803183,0.8516670000000001,0.0,0.0,0,0,0
2024-01-08 03:45:00,2.0,15.0,0.20750273607201825,17.0704538689653,13.350205479251331,0.8516670000000001,0.0,0.0,0,0,0
2024-01-08 04:00:00,2.0,15.0,0.2008322539905965,17.023271484284667,13.335634429967346,1.04,0.0,0.0,0,0,0
2024-01-08 04:15:00,2.0,15.7,0.19382321860418233,17.0599053923281,13.321364317026,1.04,0.0,0.0,0,0,0
2024-01-08 04:30:00,2.0,15.0,0.17785620056281798,17.137046252045074,13.308388327742392,1.04,0.0,0.0,0,0,0
2024-01-08 04:45:00,2.0,15.0,0.18225115558614027,17.088798145129413,13.295535006409477,1.04,0.0,0.0,0,0,0
2024-01-08 05:00:00,2.0,15.0,0.21947086233609042,17.040767193358313,13.281195685272225,0.448333,0.0,0.0,0,0,0
2024-01-08 05:15:00,2.0,15.7,0.22148285066998513,17.034650681952634,13.265264056734633,0.448333,0.0,0.0,0,0,0
2024-01-08 05:30:00,2.0,16.4,0.1608800585252399,17.444200116252798,13.251428098043075,0.448333,0.0,0.0,0,0,0
2024-01-08 05:45:00,2.0,15.0,0.144196439068928,17.516014781642795,13.241066537982908,0.448333,0.0,0.0,0,0,0
2024-01-08 06:00:00,1.0,15.466666666666667,0.1441554977054279,17.467367743844544,13.230769457844525,0.55,0.0,0.0,0,0,0
2024-01-08 06:15:00,2.0,16.633333333333333,0.0829300031397891,17.904534627898972,13.222299232219456,0.55,0.0,0.0,0,0,0
2024-01-08 06:30:00,2.0,15.0,0.06612848411137966,17.975817370797657,13.217566081575425,0.55,0.0,0.0,0,0,0
2024-01-08 06:45:00,2.0,15.0,0.07362036086175308,17.917434447222377,13.212563394818066,0.55,0.0,0.0,0,0,0
2024-01-08 07:00:00,2.0,15.0,0.07488553396601212,17.85967457725956,13.207249274805402,0.658333,0.7810000000000004,0.7430000000000001,1,1,0
2024-01-08 07:15:00,2.0,17.8,0.02920651864209569,18.2190852976484,13.202829785069612,0.658333,0.8000000000000005,0.0,1,0,0
2024-01-08 07:30:00,1.0,16.866666666666667,-0.030357814372404028,18.5728750563584,13.203858604765845,0.658333,0.8000000000000005,0.0,1,0,0
2024-01-08 07:45:00,3.0,18.5,-0.020535419785971613,18.508114488794913,13.2056487374665,0.658333,0.8000000000000005,0.0,1,0,0
2024-01-08 08:00:00,3.0,18.5,-0.01372868533387713,18.444700561205142,13.20684570935311,0.706667,0.8000000000000005,0.0,1,0,0
2024-01-08 08:15:00,3.0,18.5,-0.004738636777512193,18.38270214813493,13.207487950455748,0.706667,0.8000000000000005,0.0,1,0,0
2024-01-08 08:30:00,3.0,18.5,0.004213687882755062,18.321369803373674,13.207484040128152,0.706667,0.8000000000000005,0.0,1,0,0
2024-01-08 08:45:00,3.0,18.5,0.012940978399528565,18.260689961346788,13.206850205172973,0.706667,0.8000000000000005,0.0,1,0,0
2024-01-08 09:00:00,3.0,18.5,0.025741427769840067,18.201173252036305,13.205448090239468,0.628333,0.8000000000000005,0.0,1,0,0
2024-01-08 09:15:00,3.0,18.5,0.03412016196235132,18.142871706675866,13.203281698163034,0.628333,0.8000000000000005,0.0,1,0,0
2024-01-08 09:30:00,3.0,18.5,0.041980245555005416,18.08516873476681,13.200547922218155,0.628333,0.8000000000000005,0.0,1,0,0
2024-01-08 09:45:00,1.0,18.5,0.0496407775517597,18.02805227864684,13.197261151844847,0.628333,0.8000000000000005,0.0,1,0,0
2024-01-08 10:00:00,1.0,18.5,-0.004678384437769046,18.45734604736229,13.194914585450485,0.64,0.8000000000000005,0.0,1,0,0
2024-01-08 10:15:00,1.0,18.5,-0.09319938320325279,19.014121949845563,13.199445181113202,0.64,0.8000000000000005,0.0,1,0,1
2024-01-08 10:30:00,1.0,18.5,-0.0841199072194235,18.951623853350544,13.20580998985157,0.64,0.0,0.0,0,0,0
2024-01-08 10:45:00,1.0,18.5,-0.07328127624092892,18.885258928100754,13.211395858521719,0.64,0.0,0.0,0,0,0
2024-01-08 11:00:00,1.0,18.5,-0.07683981469269711,18.819173077832154,13.216724571885981,0.895,0.0,0.0,0,0,0
2024-01-08 11:15:00,1.0,18.5,-0.0671847188484249,18.753295669984663,13.22187024446992,0.895,0.0,0.0,0,0,0
2024-01-08 11:30:00,1.0,18.5,-0.056772607680661606,18.688170756826185,13.226264510734733,0.895,0.7952500000000001,0.7857500000000001,1,1,0
2024-01-08 11:45:00,1.0,18.5,-0.04661904646679741,18.623782797859803,13.229926014025654,0.895,0.8000000000000002,0.0,1,0,0
2024-01-08 12:00:00,1.0,18.5,-0.054006706326882384,18.560423440157546,13.233490361125924,1.2050000000000003,0.8000000000000002,0.0,1,0,0
2024-01-08 12:15:00,1.0,18.5,-0.045418917107762205,18.498125725211846,13.237055497931854,1.2050000000000003,0.8000000000000002,0.0,1,0,1
2024-01-08 12:30:00,1.0,18.5,-0.03583481956798396,18.436526570940696,13.239928954549944,1.2050000000000003,0.0,0.0,0,0,0
2024-01-08 12:45:00,1.0,18.5,-0.02648955750774194,18.375611609550663,13.242127952827152,1.2050000000000003,0.0,0.0,0,0,0
2024-01-08 13:00:00,1.0,18.5,-0.0368997252837001,18.31573450321055,13.244366438227965,1.555,0.0,0.0,0,0,0
2024-01-08 13:15:00,1.0,18.5,-0.02922625210066047,18.256938319373134,13.246751652498338,1.555,0.0,0.0,0,0,0
2024-01-08 13:30:00,1.0,18.5,-0.02037829192258116,18.19879161075436,13.24849829104189,1.555,0.8000000000000002,0.7857500000000001,1,1,0
2024-01-08 13:45:00,1.0,18.5,-0.011751477494710783,18.14128106428266,13.24962230018815,1.555,0.8000000000000002,0.0,1,0,0
2024-01-08 14:00:00,1.0,18.5,-0.008711405621776597,18.08432727747043,13.250331293540233,1.651667,0.8000000000000002,0.0,1,0,0
2024-01-08 14:15:00,3.0,18.5,-0.0007947844396814314,18.02791169134514,13.25066311959848,1.651667,0.8000000000000002,0.0,1,0,0
2024-01-08 14:30:00,3.0,18.5,-0.05383992448805367,18.457973834062376,13.251866703934546,1.651667,0.8000000000000002,0.0,1,0,0
2024-01-08 14:45:00,3.0,18.5,-0.14171967739691174,19.015589488634784,13.259877675469063,1.651667,0.8000000000000002,0.0,1,0,0
2024-01-08 15:00:00,3.0,18.5,-0.15496356341761336,18.953205262061307,13.270500645955233,2.065,0.8000000000000002,0.0,1,0,0
2024-01-08 15:15:00,1.0,18.5,-0.14462282330072002,18.886142664300134,13.281213277047415,2.065,0.8000000000000002,0.0,1,0,0
2024-01-08 15:30:00,1.0,18.5,-0.13291989598363016,18.819900991043173,13.29108146911521,2.065,0.8000000000000002,0.0,1,0,0
2024-01-08 15:45:00,1.0,18.5,-0.12150400970229296,18.754463040896763,13.30012591966822,2.065,0.8000000000000002,0.0,1,0,0
2024-01-08 16:00:00,1.0,18.5,-0.13336793959389798,18.68980702795876,13.309188799114702,2.478333,0.8000000000000002,0.0,1,0,0
2024-01-08 16:15:00,3.0,18.5,-0.1238020411752256,18.625927292692726,13.31839069323436,2.478333,0.8000000000000002,0.0,1,0,0
2024-01-08 16:30:00,3.0,18.5,-0.11285658574811196,18.562819469845294,13.326802784563954,2.478333,0.8000000000000002,0.0,1,0,0
2024-01-08 16:45:00,3.0,18.5,-0.10218018330288929,18.50046742732319,13.334444473600593,2.478333,0.8000000000000002,0.0,1,0,0
2024-01-08 17:00:00,3.0,18.5,-0.11431736692954367,18.438969915230196,13.342140450422507,2.883333,0.8000000000000002,0.0,1,0,0
2024-01-08 17:15:00,3.0,18.5,-0.10546650533643728,18.378337381430942,13.350009771202112,2.883333,0.8000000000000002,0.0,1,0,0
2024-01-08 17:30:00,1.0,18.5,-0.09525176458442561,18.31842884988586,13.357141998500829,2.883333,0.8000000000000002,0.0,1,0,0
2024-01-08 17:45:00,3.0,18.5,-0.08528863399061573,18.25922922675689,13.363555275109967,2.883333,0.8000000000000002,0.0,1,0,0
2024-01-08 18:00:00,1.0,18.5,-0.08624348767257807,18.200777955638134,13.369648641823975,3.075,0.8000000000000002,0.0,1,0,0
2024-01-08 18:15:00,3.0,18.5,-0.07738432035426719,18.143072856271324,13.375486994843914,3.075,0.8000000000000002,0.0,1,0,0
2024-01-08 18:30:00,3.0,18.5,-0.0679955670680808,18.08604024831594,13.380647823205157,3.075,0.8000000000000002,0.0,1,0,0
2024-01-08 18:45:00,1.0,18.5,-0.05883908601169927,18.02966618327887,13.385147875375482,3.075,0.8000000000000002,0.0,1,0,0
2024-01-08 19:00:00,1.0,18.5,-0.12775418017207368,18.459896026937802,13.391056411975764,3.375,0.8000000000000002,0.0,1,0,0
2024-01-08 19:15:00,3.0,18.5,-0.21578498045038247,19.017823672143972,13.404384834231132,3.375,0.8000000000000002,0.0,1,0,0
2024-01-08 19:30:00,3.0,18.5,-0.20509599326940647,18.956553280535687,13.41943151321617,3.375,0.8000000000000002,0.0,1,0,0
2024-01-08 19:45:00,3.0,18.5,-0.1926820348990458,18.891490051443736,13.43358576028174,3.375,0.8000000000000002,0.0,1,0,0
2024-01-08 20:00:00,3.0,18.5,-0.1904996241160245,18.827311408532474,13.447220905202217,3.553333,0.8000000000000002,0.0,1,0,0
2024-01-08 20:15:00,3.0,18.5,-0.1792573739414495,18.764011099392352,13.460402480028227,3.553333,0.8000000000000002,0.0,1,0,0
2024-01-08 20:30:00,3.0,18.5,-0.1675921751873463,18.70151644227462,13.472742399669876,3.553333,0.8000000000000002,0.0,1,0,0
2024-01-08 20:45:00,1.0,18.5,-0.156211282923958,18.639810426189975,13.484261164329213,3.553333,0.8000000000000002,0.0,1,0,0
2024-01-08 21:00:00,1.0,17.1,-0.1663596824988792,18.578984345186704,13.495738118386052,3.935,0.8000000000000002,0.0,1,0,0
2024-01-08 21:15:00,1.0,18.5,-0.1567585691731641,18.519046318896052,13.507287575920856,3.935,0.8000000000000002,0.0,1,0,0
2024-01-08 21:30:00,2.0,18.033333333333335,-0.14590084236677148,18.459861806525684,13.518053620463764,3.935,0.8000000000000002,0.0,1,0,0
2024-01-08 21:45:00,2.0,15.0,-0.13530826227281262,18.401414935802784,13.528055370719358,3.935,0.8000000000000002,0.0,1,0,0
2024-01-08 22:00:00,2.0,15.0,-0.13685327655202578,18.343750516137852,13.537735925173795,4.148333,0.8000000000000002,0.0,1,0,0
2024-01-08 22:15:00,2.0,15.0,-0.12746067883075732,18.286867007759312,13.547166490646392,4.148333,0.8000000000000002,0.0,1,0,0
2024-01-08 22:30:00,2.0,15.0,-0.1174647477320497,18.230683268741405,13.555875794382272,4.148333,0.8000000000000002,0.0,1,0,0
2024-01-08 22:45:00,2.0,15.0,-0.10771378699035157,18.1751846218159,13.563881500309334,4.148333,0.8000000000000002,0.0,1,0,0
2024-01-08 23:00:00,2.0,15.0,-0.1162056554476195,18.120448147498976,13.57184412969909,4.471667,0.8000000000000002,0.0,1,0,0
2024-01-08 23:15:00,2.0,15.0,-0.10797039894088471,18.066480469730102,13.579860808154637,4.471667,0.8000000000000002,0.0,1,0,0
2024-01-08 23:30:00,2.0,15.0,-0.09867441654322719,18.01316736142393,13.587206711537268,4.471667,0.8000000000000002,0.0,1,0,0
2024-01-08 23:45:00,2.0,15.0,-0.08960679539886594,17.96049513244519,13.593898306191315,4.471667,0.8000000000000002,0.0,1,0,0
2024-01-09 00:00:00,2.0,15.0,-0.10229215507009735,17.90855973541199,13.600720940722073,4.858333,0.8000000000000002,0.0,1,0,0
2024-01-09 00:15:00,2.0,15.0,-0.09491236917439282,17.857372780132252,13.607786319621498,4.858333,0.8000000000000002,0.0,1,0,0
2024-01-09 00:30:00,2.0,15.0,-0.0862038629052051,17.806801270270306,13.614223303349009,4.858333,0.8000000000000002,0.0,1,0,0
2024-01-09 00:45:00,2.0,15.0,-0.07770960754044447,17.756832356893423,13.620047340823142,4.858333,0.8000000000000002,0.0,1,0,0
2024-01-09 01:00:00,2.0,15.0,-0.09188263564909874,17.707567527641416,13.626075947198604,5.261667,0.8000000000000002,0.0,1,0,0
2024-01-09 01:15:00,2.0,15.0,-0.08510270729837274,17.65902025977837,13.632423993637316,5.261667,0.8000000000000002,0.0,1,0,0
2024-01-09 01:30:00,2.0,15.0,-0.07691444506004186,17.611053159817637,13.638181177825947,5.261667,0.8000000000000002,0.0,1,0,1
2024-01-09 01:45:00,2.0,15.0,-0.06892784779398482,17.563654130503256,13.643362041168619,5.261667,0.0,0.0,0,0,0
2024-01-09 02:00:00,2.0,15.0,0.009483637379453501,17.516452720511833,13.645457471765582,3.993333,0.0,0.0,0,0,0
2024-01-09 02:15:00,2.0,15.0,0.021170465164985143,17.46935640235701,13.644166486535154,3.993333,0.0,0.0,0,0,0
2024-01-09 02:30:00,2.0,15.0,0.027612415402568622,17.42274821801524,13.642410497967392,3.993333,0.0,0.0,0,0,0
2024-01-09 02:45:00,2.0,15.0,0.03389116773575714,17.376618311412948,13.640201274054538,3.993333,0.0,0.0,0,0,0
2024-01-09 03:00:00,2.0,15.0,0.06720128762009075,17.330818970431324,13.636578784694088,3.505,0.0,0.0,0,0,0
2024-01-09 03:15:00,2.0,15.0,0.07473949841371372,17.28530960346467,13.63143303215286,3.505,0.0,0.0,0,0,0
2024-01-09 03:30:00,2.0,15.0,0.08017859195918126,17.240232834171106,13.625894566492851,3.505,0.0,0.0,0,0,0
2024-01-09 03:45:00,2.0,15.0,0.0854769626634108,17.195580122206753,13.619973535260922,3.505,0.0,0.0,0,0,0
2024-01-09 04:00:00,1.0,15.466666666666667,0.0667879309193182,17.15610595159391,13.614532008364309,3.933333,0.8000000000000003,0.7715000000000001,1,1,0
2024-01-09 04:15:00,2.0,16.633333333333333,0.014125542435501848,17.533176760306844,13.611392362918252,3.933333,0.8000000000000003,0.0,1,0,0
2024-01-09 04:30:00,2.0,15.0,-0.01317113690440536,17.683711712471197,13.61187137546394,3.933333,0.8000000000000003,0.0,1,0,0
2024-01-09 04:45:00,2.0,15.0,-0.005845933612895146,17.634462338367292,13.61253104769059,3.933333,0.8000000000000003,0.0,1,0,1
2024-01-09 05:00:00,2.0,15.0,0.0016667838913399086,17.585741679841203,13.612662006520114,3.926667,0.0,0.0,0,0,0
2024-01-09 05:15:00,2.0,15.0,0.008650416975316981,17.537538497581693,13.612275534074366,3.926667,0.0,0.0,0,0,0
2024-01-09 05:30:00,1.0,16.866666666666667,0.001267071584211218,17.619626576798275,13.611579289530567,3.926667,0.0,0.0,0,0,0
2024-01-09 05:45:00,2.0,15.0,-0.057156589855088195,17.995500240568628,13.614058903001432,3.926667,0.0,0.0,0,0,0
2024-01-09 06:00:00,2.0,15.0,-0.05188553334997659,17.942964186469755,13.617950544047602,3.9716670000000005,0.0,0.0,0,0,0
2024-01-09 06:15:00,2.0,15.7,-0.05590939024809174,17.988304791327057,13.621553144352513,3.9716670000000005,0.0,0.0,0,0,0
2024-01-09 06:30:00,2.0,15.0,-0.06548841323090866,18.046507861606326,13.626164411871022,3.9716670000000005,0.0,0.0,0,0,0
2024-01-09 06:45:00,2.0,15.0,-0.05686550268537339,17.993565331743728,13.630506020061326,3.9716670000000005,0.0,0.0,0,0,0
2024-01-09 07:00:00,1.0,17.1,-0.036803402383678296,18.107919227874387,13.633419424079745,3.423333,0.0,0.0,0,0,0
2024-01-09 07:15:00,3.0,18.5,-0.1480898231421114,18.899306505785127,13.64004598237277,3.423333,0.0,0.0,0,0,0
2024-01-09 07:30:00,3.0,18.5,-0.16685099225527267,19.002856162686797,13.651951999277777,3.423333,0.0,0.0,0,0,0
2024-01-09 07:45:00,3.0,18.5,-0.15527192254161867,18.939707261748577,13.66341033112442,3.423333,0.0,0.0,0,0,0
2024-01-09 08:00:00,1.0,18.5,-0.11826057815288335,18.877879396345165,13.673133797367552,2.96,0.0,0.0,0,0,0
2024-01-09 08:15:00,1.0,18.5,-0.10594947408309827,18.817411718500296,13.681036999491527,2.96,0.0,0.0,0,0,0
2024-01-09 08:30:00,1.0,18.5,-0.09575136404098356,18.7576666286634,13.688204309349898,2.96,0.0,0.0,0,0,0
2024-01-09 08:45:00,1.0,18.5,-0.0858044207648301,18.69862906008785,13.694653837760006,2.96,0.0,0.0,0,0,0
2024-01-09 09:00:00,1.0,18.5,-0.06994331224844468,18.64071502139843,13.700182504536231,2.848333,0.0,0.0,0,0,0
2024-01-09 09:15:00,1.0,18.5,-0.06026240228863334,18.583962251089197,13.704786615924661,2.848333,0.0,0.0,0,0,0
2024-01-09 09:30:00,1.0,18.5,-0.05125796402790363,18.527859464164447,13.708740911700483,2.848333,0.0,0.0,0,0,0
2024-01-09 09:45:00,3.0,18.5,-0.042477009502424806,18.472393229443348,13.712061506669889,2.848333,0.0,0.0,0,0,0
2024-01-09 10:00:00,3.0,18.5,-0.04315125081129361,18.417253554890134,13.715094692454805,3.015,0.0,0.0,0,0,0
2024-01-09 10:15:00,3.0,18.5,-0.03523438805541058,18.362394159099683,13.717892206099402,3.015,0.0,0.0,0,0,0
2024-01-09 10:30:00,1.0,18.5,-0.026863555172444323,18.308146487436446,13.720085592574403,3.015,0.0,0.0,0,0,0
2024-01-09 10:45:00,1.0,18.5,-0.018701551825863742,18.254497973896108,13.72168991008708,3.015,0.0,0.0,0,0,0
2024-01-09 11:00:00,1.0,18.5,-0.033200724823131314,18.20154442883797,13.723522271832717,3.418333,0.7572500000000003,0.7192500000000001,1,1,0
2024-01-09 11:15:00,3.0,18.5,-0.026740741022498262,18.149298835643474,13.725697088158084,3.418333,0.8000000000000006,0.0,1,0,0
2024-01-09 11:30:00,3.0,18.5,-0.018867392568909562,18.09763091337009,13.727303669801504,3.418333,0.8000000000000006,0.0,1,0,0
2024-01-09 11:45:00,3.0,18.5,-0.011190792617404388,18.04652881821563,13.728356203858413,3.418333,0.8000000000000006,0.0,1,0,0
2024-01-09 12:00:00,3.0,18.5,-0.04538836180662123,18.163471091778675,13.729952065714299,3.826667,0.8000000000000006,0.0,1,0,0
2024-01-09 12:15:00,3.0,18.5,-0.1567837105448588,18.92590254655549,13.737408971792227,3.826667,0.8000000000000006,0.0,1,0,0
2024-01-09 12:30:00,3.0,18.5,-0.16997332274344867,18.996378730992095,13.749635306075165,3.826667,0.8000000000000006,0.0,1,0,0
2024-01-09 12:45:00,3.0,18.5,-0.15894807469882663,18.937367883537416,13.761337486630842,3.826667,0.8000000000000006,0.0,1,0,0
2024-01-09 13:00:00,1.0,18.5,-0.181885066486181,18.880063298910613,13.773466243916197,4.429999999999999,0.8000000000000006,0.0,1,0,0
2024-01-09 13:15:00,1.0,18.5,-0.17357754226502944,18.82458910873776,13.786201810003258,4.429999999999999,0.8000000000000006,0.0,1,0,0
2024-01-09 13:30:00,3.0,18.5,-0.16311596604091358,18.769832832903443,13.798182585867329,4.429999999999999,0.8000000000000006,0.0,1,0,0
2024-01-09 13:45:00,3.0,18.5,-0.15290870081988708,18.715779264895893,13.80942690880854,4.429999999999999,0.8000000000000006,0.0,1,0,0
2024-01-09 14:00:00,3.0,18.5,-0.15396633779650493,18.665940777645055,13.820341103028703,4.62,0.8000000000000006,0.0,1,0,0
2024-01-09 14:15:00,3.0,18.5,-0.14592242819120765,18.62076021015974,13.831040497289564,4.62,0.8000000000000006,0.0,1,0,0
2024-01-09 14:30:00,3.0,18.5,-0.13733615540556354,18.576167621853962,13.841120408290315,4.62,0.8000000000000006,0.0,1,0,0
2024-01-09 14:45:00,3.0,18.5,-0.1289584284510334,18.532150545380432,13.850595873383577,4.62,0.8000000000000006,0.0,1,0,0
2024-01-09 15:00:00,1.0,18.5,-0.11968180949224014,18.48509353825841,13.859447583976486,4.608333,0.8000000000000006,0.0,1,0,0
2024-01-09 15:15:00,1.0,18.5,-0.11057114702375184,18.434522508315773,13.8676344921388,4.608333,0.8000000000000006,0.0,1,0,0
2024-01-09 15:30:00,1.0,18.5,-0.10172422064414124,18.384571616295524,13.875183041691363,4.608333,0.8000000000000006,0.0,1,0,0
2024-01-09 15:45:00,1.0,18.5,-0.09309422131981054,18.33522786343558,13.882108874469102,4.608333,0.8000000000000006,0.0,1,0,0
2024-01-09 16:00:00,1.0,18.5,-0.04154839401276675,18.284246241381133,13.886889339165915,3.838333,0.8000000000000006,0.0,1,0,0
2024-01-09 16:15:00,1.0,18.5,-0.030239999262626292,18.23130694871187,13.889318831701777,3.838333,0.8000000000000006,0.0,1,0,0
2024-01-09 16:30:00,1.0,18.5,-0.02221659576726265,18.17895526118507,13.891169265032289,3.838333,0.8000000000000006,0.0,1,0,0
2024-01-09 16:45:00,1.0,18.5,-0.014393536435159641,18.127179120766147,13.892455085517183,3.838333,0.8000000000000006,0.0,1,0,0
2024-01-09 17:00:00,1.0,18.5,0.03527283950214411,18.075753262062726,13.891688352770917,3.083333,0.8000000000000006,0.0,1,0,0
2024-01-09 17:15:00,1.0,18.5,0.04514346556213176,18.024617966369682,13.888695426276836,3.083333,0.8000000000000006,0.0,1,0,0
2024-01-09 17:30:00,1.0,18.5,-0.009323285415643279,18.459870882782862,13.886676786435892,3.083333,0.8000000000000006,0.0,1,0,0
2024-01-09 17:45:00,1.0,18.5,-0.09859124325562811,19.022589774778094,13.891565653485264,3.083333,0.8000000000000006,0.0,1,0,0
2024-01-09 18:00:00,1.0,18.5,-0.045926252967954294,18.965749768299826,13.896759627321607,2.286667,0.8000000000000006,0.0,1,0,0
2024-01-09 18:15:00,1.0,18.5,-0.03327256724496365,18.90470836724588,13.899446360505102,2.286667,0.8000000000000006,0.0,1,0,0
2024-01-09 18:30:00,1.0,18.5,-0.02404431648210513,18.84434335260855,13.90146707648546,2.286667,0.8000000000000006,0.0,1,0,0
2024-01-09 18:45:00,1.0,18.5,-0.015046572635029141,18.78464084983964,13.902838396595019,2.286667,0.8000000000000006,0.0,1,0,0
2024-01-09 19:00:00,3.0,18.5,-0.025391080021477993,18.72568437801063,13.904259610393959,2.63,0.8000000000000006,0.0,1,0,0
2024-01-09 19:15:00,3.0,18.5,-0.017945565530345153,18.66748260300449,13.905831811841958,2.63,0.8000000000000006,0.0,1,0,0
2024-01-09 19:30:00,3.0,18.5,-0.00934607670653383,18.609915826935218,13.90678335193494,2.63,0.8000000000000006,0.0,1,0,0
2024-01-09 19:45:00,3.0,18.5,-0.0009620624712817896,18.552971070378742,13.907129768105335,2.63,0.8000000000000006,0.0,1,0,0
2024-01-09 20:00:00,1.0,18.5,0.014635549386244102,18.49659794714233,13.906620976217816,2.496667,0.8000000000000006,0.0,1,0,0
2024-01-09 20:15:00,1.0,18.5,0.02303336600028527,18.4407755466066,13.905238704307026,2.496667,0.8000000000000006,0.0,1,0,0
2024-01-09 20:30:00,1.0,18.5,0.030698705894002903,18.38553320519973,13.903303124135116,2.496667,0.8000000000000006,0.0,1,0,0
2024-01-09 20:45:00,1.0,18.5,0.03816996620346571,18.330859203378,13.900828230525104,2.496667,0.8000000000000006,0.0,1,0,0
2024-01-09 21:00:00,1.0,15.7,0.08387141402934319,18.276546985227068,13.89645495741637,1.806667,0.8000000000000006,0.0,1,0,0
2024-01-09 21:15:00,1.0,18.5,0.09319276508002143,18.222541304191772,13.890025368709807,1.806667,0.8000000000000006,0.0,1,0,0
2024-01-09 21:30:00,1.0,18.5,0.09958216343051415,18.16904574381017,13.883134443580806,1.806667,0.8000000000000006,0.0,1,0,0
2024-01-09 21:45:00,2.0,17.1,0.10580597412973036,18.11605025084923,13.875794122600519,1.806667,0.8000000000000006,0.0,1,0,0
2024-01-09 22:00:00,2.0,15.0,0.14574058173689847,18.063372988900127,13.866805804813911,1.198333,0.8000000000000006,0.0,1,0,0
2024-01-09 22:15:00,2.0,15.0,0.15360619849164234,18.010965515664218,13.856029866113099,1.198333,0.8000000000000006,0.0,1,0,0
2024-01-09 22:30:00,2.0,15.0,0.15889204794507633,17.959007578064064,13.84487213696736,1.198333,0.8000000000000006,0.0,1,0,0
2024-01-09 22:45:00,2.0,15.0,0.1640369658782735,17.907490565067267,13.833342780254002,1.198333,0.8000000000000006,0.0,1,0,0
2024-01-09 23:00:00,2.0,15.0,0.19252294258108293,17.856286830724876,13.82061282913799,0.776667,0.8000000000000006,0.0,1,0,0
2024-01-09 23:15:00,2.0,15.0,0.19875539505248796,17.805361226618874,13.806587302092622,0.776667,0.8000000000000006,0.0,1,0,0
2024-01-09 23:30:00,2.0,15.0,0.20317533018337103,17.754836808170317,13.792242405362094,0.776667,0.8000000000000006,0.0,1,0,0
2024-01-09 23:45:00,2.0,15.0,0.207473796782887,17.704706104658396,13.77758689854352,0.776667,0.8000000000000006,0.0,1,0,0
2024-01-10 00:00:00,2.0,15.0,0.22538824900515625,17.654892066195696,13.762138599621334,0.53,0.8000000000000006,0.0,1,0,0
2024-01-10 00:15:00,2.0,15.0,0.2302475713066103,17.605371805156096,13.745844630376274,0.53,0.8000000000000006,0.0,1,0,0
2024-01-10 00:30:00,2.0,15.0,0.23401025595746877,17.55621503197132,13.729278675218302,0.53,0.8000000000000006,0.0,1,0,0
2024-01-10 00:45:00,2.0,15.0,0.23766638811071789,17.507415152122615,13.712448418288353,0.53,0.8000000000000006,0.0,1,0,0
2024-01-10 01:00:00,2.0,15.0,0.25439627206444,17.458898799375028,13.694890521477959,0.293333,0.8000000000000006,0.0,1,0,0
2024-01-10 01:15:00,2.0,15.0,0.2586098306553326,17.410644560973406,13.676553562267987,0.293333,0.8000000000000006,0.0,1,0,0
2024-01-10 01:30:00,2.0,15.0,0.26178053654162214,17.36271985553178,13.657987295226894,0.293333,0.8000000000000006,0.0,1,0,1
2024-01-10 01:45:00,2.0,15.0,0.2648581247736507,17.315118877726906,13.639198435834258,0.293333,0.0,0.0,0,0,0
2024-01-10 02:00:00,2.0,15.0,0.249191694380715,17.267930674474215,13.620860016272863,0.628333,0.0,0.0,0,0,0
2024-01-10 02:15:00,2.0,15.0,0.25100933814564336,17.221171082773573,13.603061604332783,0.628333,0.0,0.0,0,0,0
2024-01-10 02:30:00,2.0,15.0,0.25407590110151035,17.174730521854777,13.58504141469106,0.628333,0.0,0.0,0,0,0
2024-01-10 02:45:00,2.0,15.0,0.2570523588248033,17.128603373636746,13.566805945579521,0.628333,0.0,0.0,0,0,0
2024-01-10 03:00:00,2.0,15.0,0.2531663001524577,17.08281854699917,13.548603596501557,0.75,0.0,0.0,0,0,0
2024-01-10 03:15:00,2.0,15.0,0.25557651510548784,17.03737843833347,13.530470768573148,0.75,0.0,0.0,0,0,0
2024-01-10 03:30:00,2.0,15.0,0.25838789559149566,16.99223996868712,13.512134573469636,0.75,0.0,0.0,0,0,0
2024-01-10 03:45:00,1.0,16.166666666666668,0.2570613140851967,16.993781853871067,13.49363320030604,0.75,0.0,0.0,0,0,0
2024-01-10 04:00:00,1.0,18.5,0.16651837008853462,17.734554736026105,13.478010297200786,0.511667,0.0,0.0,0,0,0
2024-01-10 04:15:00,2.0,16.633333333333333,0.07466305645669806,18.299317954527773,13.470447019894737,0.511667,0.0,0.0,0,0,0
2024-01-10 04:30:00,2.0,15.0,0.08016806342114488,18.244600927845898,13.464975659166045,0.511667,0.0,0.0,0,0,0
2024-01-10 04:45:00,2.0,15.0,0.08751352218183422,18.18581560454915,13.458977200302547,0.511667,0.0,0.0,0,0,0
2024-01-10 05:00:00,2.0,15.0,0.10497096114174667,18.127543267793648,13.452093995627314,0.326667,0.0,0.0,0,0,0
2024-01-10 05:15:00,1.0,15.466666666666667,0.11253937454138642,18.06976091147555,13.444293430638142,0.326667,0.0,0.0,0,0,0
2024-01-10 05:30:00,1.0,18.5,0.11716170386156262,18.040352128224683,13.436025510084928,0.326667,0.0,0.0,0,0,0
2024-01-10 05:45:00,2.0,15.0,0.08627063843040012,18.23261455058817,13.428890906532521,0.326667,0.0,0.0,0,0,0
2024-01-10 06:00:00,2.0,15.0,0.10070507556518318,18.173442050578885,13.422228085537547,0.186667,0.0,0.0,0,0,0
2024-01-10 06:15:00,2.0,15.0,0.10828467620129277,18.114786152622028,13.414737324235151,0.186667,0.0,0.0,0,0,0
2024-01-10 06:30:00,2.0,15.0,0.11512193244312517,18.056679210624893,13.406752874643407,0.186667,0.0,0.0,0,0,0
2024-01-10 06:45:00,2.0,15.0,0.1217815531658316,17.999110433775346,13.398287546138357,0.186667,0.0,0.0,0,0,0
2024-01-10 07:00:00,3.0,15.7,0.1436406577909086,17.955952540586235,13.388783557338778,-0.10167,0.0,0.0,0,0,0
2024-01-10 07:15:00,3.0,18.5,0.06100639180431757,18.57897934945974,13.380777305366399,-0.10167,0.0,0.0,0,0,0
2024-01-10 07:30:00,3.0,18.5,-0.010695960638647648,18.99953764790513,13.38006574249049,-0.10167,0.0,0.0,0,0,0
2024-01-10 07:45:00,3.0,18.5,-0.000697922011619903,18.931585101030567,13.380446798439007,-0.10167,0.0,0.0,0,0,0
2024-01-10 08:00:00,3.0,18.5,0.06029724792704561,18.87055903478312,13.378283551042482,-1.03667,0.0,0.0,0,0,0
2024-01-10 08:15:00,3.0,18.5,0.07084214543813576,18.81721352862028,13.373455848043971,-1.03667,0.0,0.0,0,0,0
2024-01-10 08:30:00,3.0,18.5,0.07746049422140301,18.764387181373426,13.36815032262203,-1.03667,0.0,0.0,0,0,0
2024-01-10 08:45:00,3.0,18.5,0.08390864598747001,18.712069678341834,13.362379247640956,-1.03667,0.0,0.0,0,0,0
2024-01-10 09:00:00,3.0,18.5,0.10039284435393385,18.65508359667715,13.35579775869565,-1.20833,0.0,0.0,0,0,0
2024-01-10 09:15:00,3.0,18.5,0.1086272466297491,18.592751998191808,13.348300296823911,-1.20833,0.0,0.0,0,0,0
2024-01-10 09:30:00,3.0,18.5,0.1159862335271147,18.531008395883074,13.340271488654944,-1.20833,0.0,0.0,0,0,0
2024-01-10 09:45:00,3.0,18.5,0.12315443829687683,18.469841205974724,13.33172509154503,-1.20833,0.0,0.0,0,0,0
2024-01-10 10:00:00,3.0,18.5,0.11908517652706527,18.40935816659792,13.323069305214386,-1.01,0.0,0.0,0,0,0
2024-01-10 10:15:00,1.0,18.5,0.12522625916272098,18.349568945127537,13.314367410287794,-1.01,0.0,0.0,0,0,0
2024-01-10 10:30:00,1.0,18.5,0.13198066324343577,18.290328593474808,13.305177777486218,-1.01,0.0,0.0,0,0,0
2024-01-10 10:45:00,1.0,18.5,0.1385586435126981,18.231626381409068,13.295513128872361,-1.01,0.0,0.0,0,0,0
2024-01-10 11:00:00,1.0,18.5,0.13955003845475342,18.172996106236607,13.28558006751592,-0.9116699999999999,0.0,0.0,0,0,0
2024-01-10 11:15:00,3.0,18.5,0.14561777721102143,18.114371816290884,13.275408090548602,-0.9116699999999999,0.8000000000000005,0.7335,1,1,0
2024-01-10 11:30:00,3.0,18.5,0.15191007194980977,18.05626926138553,13.264781694052823,-0.9116699999999999,0.8000000000000005,0.0,1,0,0
2024-01-10 11:45:00,3.0,18.5,0.1438713830388186,18.128460615742984,13.253892575797057,-0.9116699999999999,0.8000000000000005,0.0,1,0,1
2024-01-10 12:00:00,1.0,18.5,0.01919954256154569,18.883149646327137,13.248090329627809,-0.65,0.0,0.0,0,0,0
2024-01-10 12:15:00,3.0,18.5,-0.0024577938059958115,18.982728525403093,13.248209852717862,-0.65,0.0,0.0,0,0,0
2024-01-10 12:30:00,3.0,18.5,0.007310498066997593,18.915532909983156,13.24801210085489,-0.65,0.0,0.0,0,0,0
2024-01-10 12:45:00,3.0,18.5,0.01683310504829553,18.849050235572733,13.247127014690452,-0.65,0.0,0.0,0,0,0
2024-01-10 13:00:00,3.0,18.5,-0.003358870587563577,18.78386615504402,13.246624350361145,-0.12167,0.0,0.0,0,0,0
2024-01-10 13:15:00,3.0,18.5,0.0038481969173925113,18.72005802415868,13.246658744920207,-0.12167,0.0,0.0,0,0,0
2024-01-10 13:30:00,3.0,18.5,0.01293553269115949,18.656929121075546,13.246037228191968,-0.12167,0.0,0.0,0,0,0
2024-01-10 13:45:00,3.0,18.5,0.021793994287581362,18.594465642347984,13.24477630390803,-0.12167,0.0,0.0,0,0,0
2024-01-10 14:00:00,3.0,18.5,-0.0023174872995306564,18.539352306013907,13.2440523207191,0.451667,0.0,0.0,0,0,0
2024-01-10 14:15:00,3.0,18.5,0.002256552598123411,18.49245032127379,13.244118684140808,0.451667,0.0,0.0,0,0,0
2024-01-10 14:30:00,3.0,18.5,0.008944453881317909,18.446048012922134,13.243702325135748,0.451667,0.0,0.0,0,0,0
2024-01-10 14:45:00,3.0,18.5,0.015463942951988163,18.40013522440897,13.242815387622965,0.451667,0.0,0.0,0,0,0
2024-01-10 15:00:00,3.0,18.5,-0.005897051159260248,18.350169487944843,13.242467036471643,0.9599999999999999,0.0,0.0,0,0,0
2024-01-10 15:15:00,1.0,18.5,8.45094085256657e-05,18.295574152657665,13.242726851609763,0.9599999999999999,0.0,0.0,0,0,0
2024-01-10 15:30:00,1.0,18.5,0.007906230287792589,18.24156228646422,13.242422111441943,0.9599999999999999,0.0,0.0,0,0,0
2024-01-10 15:45:00,1.0,18.5,0.015531119205688317,18.18812202076621,13.241567009177967,0.9599999999999999,0.0,0.0,0,0,0
2024-01-10 16:00:00,1.0,18.5,0.027381919293920826,18.13182250474524,13.240022644309647,0.888333,0.7810000000000001,0.7715000000000001,1,1,0
2024-01-10 16:15:00,1.0,18.5,0.03589457645093688,18.07221214572296,13.237735197404906,0.888333,0.8000000000000003,0.0,1,0,0
2024-01-10 16:30:00,3.0,18.5,0.04188834644410105,18.041050088893183,13.23488154153471,0.888333,0.8000000000000003,0.0,1,0,0
2024-01-10 16:45:00,1.0,18.5,-0.04812581412687521,18.7035845212455,13.234517392678416,0.888333,0.8000000000000003,0.0,1,0,0
2024-01-10 17:00:00,1.0,18.5,-0.0632506292627909,18.997050063533077,13.239493049286827,0.255,0.8000000000000003,0.0,1,0,0
2024-01-10 17:15:00,3.0,18.5,-0.04980573845939529,18.927840994124733,13.243406882827257,0.255,0.8000000000000003,0.0,1,0,0
2024-01-10 17:30:00,1.0,18.5,-0.03916781220081196,18.85940751474031,13.246552980751712,0.255,0.8000000000000003,0.0,1,0,0
2024-01-10 17:45:00,1.0,18.5,-0.028795014107409096,18.791733675427068,13.24895046081112,0.255,0.8000000000000003,0.0,1,0,0
2024-01-10 18:00:00,1.0,18.5,0.006931964816774098,18.724673820034077,13.249702841088007,-0.205,0.8000000000000003,0.0,1,0,0
2024-01-10 18:15:00,3.0,18.5,0.018275994181825087,18.6581833458033,13.248714172402828,-0.205,0.8000000000000003,0.0,1,0,0
2024-01-10 18:30:00,3.0,18.5,0.027538825696422485,18.592390379726965,13.247056900246898,-0.205,0.8000000000000003,0.0,1,0,0
2024-01-10 18:45:00,1.0,18.5,0.036567623180176416,18.527280796600788,13.24474790047163,-0.205,0.8000000000000003,0.0,1,0,0
2024-01-10 19:00:00,1.0,18.5,0.058731199651034766,18.462772929367603,13.241326184901485,-0.445,0.8000000000000003,0.0,1,0,0
2024-01-10 19:15:00,1.0,18.5,0.06808191411238848,18.39883796242969,13.236748278430209,-0.445,0.8000000000000003,0.0,1,0,0
2024-01-10 19:30:00,1.0,18.5,0.07625757958002839,18.33553732508176,13.231580150568663,-0.445,0.8000000000000003,0.0,1,0,0
2024-01-10 19:45:00,3.0,18.5,0.08422400161867878,18.272858350243634,13.225836889739895,-0.445,0.8000000000000003,0.0,1,0,0
2024-01-10 20:00:00,1.0,18.5,0.10442122587257543,18.210725509082415,13.21908892581507,-0.66833,0.8000000000000003,0.0,1,0,0
2024-01-10 20:15:00,1.0,18.5,0.11270370372900006,18.149112442264375,13.21129521549242,-0.66833,0.8000000000000003,0.0,1,0,0
2024-01-10 20:30:00,1.0,18.5,0.11990072188297321,18.088076756354873,13.202981842290427,-0.66833,0.8000000000000003,0.0,1,0,0
2024-01-10 20:45:00,1.0,18.5,0.1269108236196854,18.02760709766817,13.194162284830364,-0.66833,0.8000000000000003,0.0,1,0,0
2024-01-10 21:00:00,1.0,18.5,0.07557422450376249,18.52278267383193,13.18620001473509,-0.89,0.8000000000000003,0.0,1,0,0
2024-01-10 21:15:00,1.0,18.5,-0.004553263945103503,19.010691978404125,13.1847193111496,-0.89,0.8000000000000003,0.0,1,0,0
2024-01-10 21:30:00,1.0,18.5,0.005071629852932331,18.940087335748732,13.184698944979187,-0.89,0.8000000000000003,0.0,1,0,0
2024-01-10 21:45:00,1.0,18.5,0.015115124775393935,18.87023368290294,13.183953651846911,-0.89,0.8000000000000003,0.0,1,0,0
2024-01-10 22:00:00,1.0,18.5,0.045785935757312796,18.801009727527937,13.181755622189185,-1.265,0.8000000000000003,0.0,1,0,0
2024-01-10 22:15:00,1.0,18.5,0.05653846049402319,18.73237661517097,13.178029584613679,-1.265,0.8000000000000003,0.0,1,0,0
2024-01-10 22:30:00,1.0,18.5,0.06555442393084475,18.664436359765393,13.173652694951556,-1.265,0.8000000000000003,0.0,1,0,0
2024-01-10 22:45:00,1.0,18.5,0.07434059345782287,18.597175063586768,13.168641523443787,-1.265,0.8000000000000003,0.0,1,0,0
2024-01-10 23:00:00,1.0,18.5,0.0972863178808933,18.530506098662425,13.162498316016874,-1.52333,0.8000000000000003,0.0,1,0,0
2024-01-10 23:15:00,1.0,18.5,0.10646170944222202,18.464399695807696,13.155174754966563,-1.52333,0.8000000000000003,0.0,1,0,0
2024-01-10 23:30:00,1.0,18.5,0.11439293480630189,18.398923194651495,13.147278548458566,-1.52333,0.8000000000000003,0.0,1,0,0
2024-01-10 23:45:00,1.0,18.5,0.12211908971691098,18.33406415145831,13.138824484147664,-1.52333,0.8000000000000003,0.0,1,0,0
2024-01-11 00:00:00,1.0,18.5,0.14894780198498692,18.269712380268125,13.1291373160453,-1.87,0.8000000000000003,0.0,1,0,0
2024-01-11 00:15:00,1.0,18.5,0.15739579007132234,18.205833860159927,13.118145094359862,-1.87,0.8000000000000003,0.0,1,0,1
2024-01-11 00:30:00,1.0,18.5,0.1642704633745857,18.142524752553026,13.106656397668585,-1.87,0.0,0.0,0,0,0
2024-01-11 00:45:00,1.0,18.5,0.17096402830107385,18.079774021046592,13.094684285945426,-1.87,0.0,0.0,0,0,0
2024-01-11 01:00:00,1.0,18.5,0.17392722147147702,18.03150731811202,13.082347528661389,-1.81833,0.0,0.0,0,0,0
2024-01-11 01:15:00,1.0,18.5,0.09023697044116,18.644872708083906,13.07226654075422,-1.81833,0.0,0.0,0,0,0
2024-01-11 01:30:00,1.0,18.5,0.028857777513809524,18.995856200098366,13.069075883066041,-1.81833,0.0,0.0,0,0,0
2024-01-11 01:45:00,1.0,18.5,0.0388906654702299,18.923681320359567,13.066634463561028,-1.81833,0.0,0.0,0,0,0
2024-01-11 02:00:00,1.0,18.5,0.06221897126526972,18.852181055149114,13.063003034872413,-2.06167,0.0,0.0,0,0,0
2024-01-11 02:15:00,1.0,18.5,0.07253446143079266,18.781324881593218,13.058139077387597,-2.06167,0.0,0.0,0,0,0
2024-01-11 02:30:00,1.0,18.5,0.08163740899880872,18.711173807163913,13.052617961465057,-2.06167,0.0,0.0,0,0,0
2024-01-11 02:45:00,1.0,18.5,0.09050754930185105,18.6417137406529,13.04645647469094,-2.06167,0.0,0.0,0,0,0
2024-01-11 03:00:00,1.0,18.5,0.10017090133514538,18.572925726193315,13.039634549012915,-2.08,0.0,0.0,0,0,0
2024-01-11 03:15:00,2.0,17.333333333333332,0.10865057578189946,18.50479513157518,13.032163653395322,-2.08,0.0,0.0,0,0,0
2024-01-11 03:30:00,2.0,15.0,0.1168401608545586,18.43731449759903,13.024101460631973,-2.08,0.0,0.0,0,0,0
2024-01-11 03:45:00,2.0,15.0,0.1248180612312845,18.370470980092374,13.015463235326978,-2.08,0.0,0.0,0,0,0
2024-01-11 04:00:00,2.0,15.0,0.13732205293010447,18.304227990367416,13.006094783127706,-2.165,0.0,0.0,0,0,0
2024-01-11 04:15:00,2.0,17.8,0.1451652659514516,18.23856783048039,12.995989568389216,-2.165,0.0,0.0,0,0,0
2024-01-11 04:30:00,2.0,15.0,0.15247227827548449,18.173504932792827,12.985356694760359,-2.165,0.0,0.0,0,0,0
2024-01-11 04:45:00,2.0,15.0,0.15958793312886682,18.10902765191693,12.974209961215498,-2.165,0.0,0.0,0,0,0
2024-01-11 05:00:00,2.0,15.0,0.16280442777787474,18.045143456046066,12.962695484933315,-2.09833,0.0,0.0,0,0,0
2024-01-11 05:15:00,2.0,15.0,0.16933560646196036,17.981845474665302,12.950842982829483,-2.09833,0.0,0.0,0,0,0
2024-01-11 05:30:00,2.0,15.7,0.1658431597010055,18.002500420540333,12.938660065607273,-2.09833,0.0,0.0,0,0,0
2024-01-11 05:45:00,2.0,15.0,0.15257079905575774,18.06385325370735,12.927576826425183,-2.09833,0.0,0.0,0,0,0
2024-01-11 06:00:00,2.0,15.0,0.15263393986892332,18.000039419153868,12.916675279354074,-1.97333,0.0,0.0,0,0,0
2024-01-11 06:15:00,2.0,15.7,0.136936445554589,18.10327984321593,12.906195992295022,-1.97333,0.0,0.0,0,0,0
2024-01-11 06:30:00,2.0,15.0,0.13629889989915878,18.080266372426646,12.896662279791393,-1.97333,0.0,0.0,0,0,0
2024-01-11 06:45:00,2.0,15.0,0.1436184957606324,18.01600913756648,12.886661313366197,-1.97333,0.7620000000000002,0.7382500000000001,1,1,0
2024-01-11 07:00:00,3.0,18.266666666666666,0.09992913091371808,18.37393540576554,12.877252489212788,-2.00333,0.8000000000000005,0.0,1,0,0
2024-01-11 07:15:00,1.0,17.8,0.012171919344375799,18.920629613192723,12.874245585725502,-2.00333,0.8000000000000005,0.0,1,0,0
2024-01-11 07:30:00,3.0,18.5,0.02050505997867963,18.85267710029989,12.873123357745486,-2.00333,0.8000000000000005,0.0,1,0,0
2024-01-11 07:45:00,3.0,18.5,0.03061070551441911,18.780840717865097,12.871274911744077,-2.00333,0.8000000000000005,0.0,1,0,0
2024-01-11 08:00:00,3.0,18.5,0.017177179853651425,18.721589265521903,12.869529784262637,-1.61167,0.8000000000000005,0.0,1,0,0
2024-01-11 08:15:00,3.0,18.5,0.021937578878836263,18.676436024580102,12.86817424610822,-1.61167,0.8000000000000005,0.0,1,0,0
2024-01-11 08:30:00,3.0,18.5,0.02809000163682791,18.631749596919413,12.866374600749607,-1.61167,0.8000000000000005,0.0,1,0,0
2024-01-11 08:45:00,3.0,18.5,0.034086472688750424,18.587520562830953,12.864142093671079,-1.61167,0.8000000000000005,0.0,1,0,0
2024-01-11 09:00:00,3.0,18.5,0.021261960338206456,18.550591151928394,12.86214460309483,-1.29167,0.8000000000000005,0.0,1,0,0
2024-01-11 09:15:00,3.0,18.5,0.02386313102172952,18.521839409510857,12.860570905423442,-1.29167,0.8000000000000005,0.0,1,0,0
2024-01-11 09:30:00,3.0,18.5,0.027637515260939473,18.49337779008537,12.8587247389313,-1.29167,0.8000000000000005,0.0,1,0,0
2024-01-11 09:45:00,3.0,18.5,0.0313156900622748,18.46520047485226,12.856613041198814,-1.29167,0.8000000000000005,0.0,1,0,0
2024-01-11 10:00:00,1.0,18.5,-0.02757463480959528,18.439980878573717,12.856471257937462,-0.175,0.8000000000000005,0.0,1,0,0
2024-01-11 10:15:00,3.0,18.5,-0.028403821628519656,18.418087666343368,12.858617688932176,-0.175,0.8000000000000005,0.0,1,0,0
2024-01-11 10:30:00,3.0,18.5,-0.024855579283435635,18.396448908007596,12.860508065107577,-0.175,0.8000000000000005,0.0,1,0,0
2024-01-11 10:45:00,1.0,18.5,-0.021395161744635828,18.375059328849716,12.86214871925538,-0.175,0.8000000000000005,0.0,1,0,0
2024-01-11 11:00:00,1.0,18.5,-0.05448710406521109,18.35480127328922,12.864847733218536,0.478333,0.8000000000000005,0.0,1,0,0
2024-01-11 11:15:00,1.0,18.5,-0.05351732172137687,18.335801493245054,12.86878358891475,0.478333,0.8000000000000005,0.0,1,0,0
2024-01-11 11:30:00,1.0,18.5,-0.050020136168822824,18.31704332520439,12.872467118955964,0.478333,0.8000000000000005,0.0,1,0,0
2024-01-11 11:45:00,1.0,18.5,-0.04660819621702001,18.298521668473548,12.87590447006176,0.478333,0.8000000000000005,0.0,1,0,0
2024-01-11 12:00:00,3.0,18.5,-0.08082435156502003,18.280106501457055,12.880443595726772,1.153333,0.8000000000000005,0.0,1,0,0
2024-01-11 12:15:00,3.0,18.5,-0.0796572141174313,18.26179555451888,12.886253322671571,1.153333,0.8000000000000005,0.0,1,0,0
2024-01-11 12:30:00,3.0,18.5,-0.07588033120580516,18.243737680145834,12.891790581793328,1.153333,0.8000000000000005,0.0,1,0,0
2024-01-11 12:45:00,3.0,18.5,-0.07219438496155431,18.225927453744145,12.897061930090738,1.153333,0.8000000000000005,0.0,1,0,0
2024-01-11 13:00:00,3.0,18.5,-0.15741294272389755,18.207373800427465,12.905249309440881,2.751667,0.8000000000000005,0.0,1,0,0
2024-01-11 13:15:00,3.0,18.5,-0.15861787449238235,18.18798929564165,12.916734792981005,2.751667,0.8000000000000005,0.0,1,0,0
2024-01-11 13:30:00,3.0,18.5,-0.1535441306908554,18.16892619645481,12.927854342363531,2.751667,0.8000000000000005,0.0,1,0,0
2024-01-11 13:45:00,3.0,18.5,-0.14858988827420783,18.15017741405814,12.938616574055796,2.751667,0.8000000000000005,0.0,1,0,0
2024-01-11 14:00:00,3.0,18.5,-0.1963768424317128,18.128366400505517,12.950915632201871,3.705,0.8000000000000005,0.0,1,0,1
2024-01-11 14:15:00,3.0,18.5,-0.19361736029596832,18.103080781864527,12.96494332877983,3.705,0.0,0.0,0,0,0
2024-01-11 14:30:00,3.0,18.5,-0.18719139711112878,18.078204844227237,12.978507552196426,3.705,0.0,0.0,0,0,0
2024-01-11 14:45:00,3.0,18.5,-0.18091715893042168,18.05372958155733,12.991619242382404,3.705,0.0,0.0,0,0,0
2024-01-11 15:00:00,3.0,18.5,-0.2127564467411025,18.02887988174384,13.005646954116894,4.408333,0.0,0.0,0,0,0
2024-01-11 15:15:00,1.0,18.5,-0.2943696507090261,18.64893915110175,13.023153737233653,4.408333,0.0,0.0,0,0,0
2024-01-11 15:30:00,3.0,18.5,-0.35114045768740193,19.006821926744156,13.047218900836983,4.408333,0.0,0.0,0,0,0
2024-01-11 15:45:00,3.0,18.5,-0.336595326877074,18.941746221018995,13.071708284221982,4.408333,0.0,0.0,0,0,0
2024-01-11 16:00:00,1.0,18.5,-0.2897045602978039,18.875750151482364,13.094007932135272,3.825,0.0,0.0,0,0,0
2024-01-11 16:15:00,1.0,18.5,-0.2734497949103549,18.808559176771098,13.113972845922834,3.825,0.0,0.0,0,0,0
2024-01-11 16:30:00,1.0,18.5,-0.2598635786756502,18.742283265331878,13.132957614580745,3.825,0.0,0.0,0,0,0
2024-01-11 16:45:00,1.0,18.5,-0.24660515499524951,18.67690285345799,13.150985873677307,3.825,0.0,0.0,0,0,0
2024-01-11 17:00:00,1.0,18.5,-0.21037384341595583,18.612280536572104,13.167248451796635,3.406667,0.0,0.0,0,0,0
2024-01-11 17:15:00,1.0,18.5,-0.19639962917478554,18.548370923842743,13.181664058195128,3.406667,0.0,0.0,0,0,0
2024-01-11 17:30:00,1.0,18.5,-0.18439897298039415,18.485285819456752,13.195213826835262,3.406667,0.0,0.0,0,0,0
2024-01-11 17:45:00,1.0,18.5,-0.17269018125940183,18.42300776932472,13.20791880285054,3.406667,0.0,0.0,0,0,0
2024-01-11 18:00:00,3.0,18.5,-0.13537493826426414,18.361388234709974,13.21887444089008,2.941667,0.0,0.0,0,0,0
2024-01-11 18:15:00,3.0,18.5,-0.12273047162432292,18.30038085935448,13.227985392021925,2.941667,0.0,0.0,0,0,0
2024-01-11 18:30:00,3.0,18.5,-0.11221210752088498,18.24011392422206,13.236337365028847,2.941667,0.0,0.0,0,0,0
2024-01-11 18:45:00,3.0,18.5,-0.10195210420467496,18.180571941145864,13.2439489894163,2.941667,0.0,0.0,0,0,0
2024-01-11 19:00:00,3.0,18.5,-0.06633131681313302,18.121609705952086,13.24992330685627,2.481667,0.0,0.0,0,0,0
2024-01-11 19:15:00,3.0,18.5,-0.055087036088084046,18.063183058273996,13.25416390332097,2.481667,0.0,0.0,0,0,0
2024-01-11 19:30:00,1.0,18.5,-0.05267059055686906,18.074979918463313,13.257807017401522,2.481667,0.0,0.0,0,0,0
2024-01-11 19:45:00,1.0,18.5,-0.15339439813195455,18.80273215797324,13.264825349251357,2.481667,0.0,0.0,0,0,0
2024-01-11 20:00:00,1.0,18.5,-0.1475420739349729,18.99031287263017,13.276414877751773,1.798333,0.0,0.0,0,0,0
2024-01-11 20:15:00,1.0,18.5,-0.13287182814768603,18.922490856788055,13.286287314256345,1.798333,0.0,0.0,0,0,0
2024-01-11 20:30:00,1.0,18.5,-0.1212301910235781,18.85548942057934,13.29531971494679,1.798333,0.0,0.0,0,0,0
2024-01-11 20:45:00,3.0,18.5,-0.10987465828455918,18.789291410430735,13.30353270983464,1.798333,0.0,0.0,0,0,0
2024-01-11 21:00:00,3.0,18.5,-0.06362693805551087,18.723701455011664,13.309689769847838,1.166667,0.0,0.0,0,0,0
2024-01-11 21:15:00,3.0,18.5,-0.050787176610506274,18.65866284374003,13.313653774474188,1.166667,0.7857500000000004,0.7335,1,1,0
2024-01-11 21:30:00,3.0,18.5,-0.04073262640923107,18.594355954210535,13.316892152045448,1.166667,0.8000000000000005,0.0,1,0,0
2024-01-11 21:45:00,1.0,18.5,-0.030928473576878453,18.530765725428257,13.319422958096993,1.166667,0.8000000000000005,0.0,1,0,0
2024-01-11 22:00:00,1.0,18.5,-0.01496563890025477,18.467844920784493,13.321035041671918,1.051667,0.8000000000000005,0.0,1,0,0
2024-01-11 22:15:00,2.0,18.033333333333335,-0.005274250520376601,18.40557181221065,13.321717085453054,1.051667,0.8000000000000005,0.0,1,0,0
2024-01-11 22:30:00,2.0,15.0,0.003725188673200561,18.343968093655345,13.321749578115549,1.051667,0.8000000000000005,0.0,1,0,0
2024-01-11 22:45:00,2.0,15.0,0.01249843572881191,18.28302013011408,13.321148829961102,1.051667,0.8000000000000005,0.0,1,0,0
2024-01-11 23:00:00,2.0,15.0,0.05566565835938672,18.22253881534917,13.318693983845078,0.43,0.8000000000000005,0.0,1,0,0
2024-01-11 23:15:00,2.0,15.0,0.06600663414655798,18.162471436055164,13.314246277278844,0.43,0.8000000000000005,0.0,1,0,0
2024-01-11 23:30:00,2.0,15.0,0.07365815615951576,18.102998542893808,13.309246184516281,0.43,0.8000000000000005,0.0,1,0,0
2024-01-11 23:45:00,2.0,15.0,0.08111373137555251,18.044108272071675,13.303707835176047,0.43,0.8000000000000005,0.0,1,0,0
2024-01-12 00:00:00,2.0,15.0,0.098400447137704,17.985738131683707,13.297286926421673,0.25,0.8000000000000005,0.0,1,0,0
2024-01-12 00:15:00,2.0,15.0,0.10605803931271704,17.927865296051323,13.289952256574391,0.25,0.8000000000000005,0.0,1,0,0
2024-01-12 00:30:00,2.0,15.0,0.1128153235625874,17.870534650165833,13.28212967454647,0.25,0.8000000000000005,0.0,1,0,0
2024-01-12 00:45:00,2.0,15.0,0.11939709949252345,17.813735533121022,13.273831836317335,0.25,0.8000000000000005,0.0,1,0,0
2024-01-12 01:00:00,2.0,15.0,0.12079615991712528,17.75748297234558,13.265250157218983,0.34,0.8000000000000005,0.0,1,0,0
2024-01-12 01:15:00,2.0,16.4,0.10050034012155991,17.910136098110677,13.256915833040933,0.34,0.8000000000000005,0.0,1,0,0
2024-01-12 01:30:00,2.0,15.0,0.07339472760384885,18.060027246166225,13.251288534845509,0.34,0.8000000000000005,0.0,1,0,0
2024-01-12 01:45:00,2.0,15.0,0.08088007969832214,18.00095790575126,13.24576783719198,0.34,0.8000000000000005,0.0,1,0,0
2024-01-12 02:00:00,2.0,15.0,0.10172227112683889,17.94239287020256,13.239236485032965,0.096667,0.8000000000000005,0.0,1,0,0
2024-01-12 02:15:00,2.0,15.0,0.10961240125385628,17.88430522736908,13.231647606233375,0.096667,0.8000000000000005,0.0,1,0,0
2024-01-12 02:30:00,2.0,15.0,0.11634901234923598,17.826759510750723,13.223572301170899,0.096667,0.8000000000000005,0.0,1,0,0
2024-01-12 02:45:00,2.0,15.0,0.12291045214976112,17.769745077144457,13.215023201535423,0.096667,0.8000000000000005,0.0,1,0,0
2024-01-12 03:00:00,2.0,15.0,0.12456791024534335,17.713275557472077,13.206181751532792,0.181667,0.8000000000000005,0.0,1,0,0
2024-01-12 03:15:00,2.0,15.0,0.1305170165701793,17.657346209404263,13.197081105049714,0.181667,0.8000000000000005,0.0,1,0,0
2024-01-12 03:30:00,2.0,15.0,0.13664175211894344,17.601920665960247,13.187538159557173,0.181667,0.8000000000000005,0.0,1,0,0
2024-01-12 03:45:00,2.0,15.0,0.14260563628549583,17.546989131994717,13.177564514236144,0.181667,0.8000000000000005,0.0,1,0,0
2024-01-12 04:00:00,1.0,18.033333333333335,0.09761548980551549,17.853681142538132,13.168316298417668,0.296667,0.8000000000000005,0.0,1,0,0
2024-01-12 04:15:00,1.0,16.633333333333333,0.001970526255551075,18.460234255955722,13.165679308247586,0.296667,0.8000000000000005,0.0,1,0,0
2024-01-12 04:30:00,2.0,15.233333333333333,0.007252877835572887,18.409812038893296,13.165458995052642,0.296667,0.8000000000000005,0.0,1,0,0
2024-01-12 04:45:00,2.0,15.0,0.016370103653574292,18.346134030359586,13.164593500175629,0.296667,0.8000000000000005,0.0,1,0,0
2024-01-12 05:00:00,1.0,15.466666666666667,0.04084816233223455,18.283045670404043,13.162529448491565,0.016667,0.8000000000000005,0.0,1,0,0
2024-01-12 05:15:00,1.0,18.5,0.05041394987961156,18.220515535014368,13.159213518156912,0.016667,0.8000000000000005,0.0,1,0,0
2024-01-12 05:30:00,2.0,17.333333333333332,0.05864407829309605,18.15861743646204,13.1553034663632,0.016667,0.8000000000000005,0.0,1,0,0
2024-01-12 05:45:00,2.0,15.0,0.06666450340190277,18.097338692954377,13.15081441463093,0.016667,0.8000000000000005,0.0,1,0,0
2024-01-12 06:00:00,2.0,15.0,0.04246359609478177,18.036829493738608,13.146905082275731,0.591667,0.8000000000000005,0.0,1,0,0
2024-01-12 06:15:00,2.0,17.8,0.0038313747530839535,18.33357930729003,13.144648651280948,0.591667,0.8000000000000005,0.0,1,0,0
2024-01-12 06:30:00,2.0,15.0,-0.05309731862655716,18.6762864321179,13.14732888408061,0.591667,0.8000000000000005,0.0,1,0,0
2024-01-12 06:45:00,2.0,15.0,-0.04268937313857386,18.60977215536762,13.150718534808792,0.591667,0.8000000000000005,0.0,1,0,0
2024-01-12 07:00:00,2.0,15.0,-0.03449484686763069,18.544052499329613,13.153445504047717,0.626667,0.8000000000000005,0.0,1,0,0
2024-01-12 07:15:00,1.0,17.566666666666666,-0.0247252500514114,18.47911998294649,13.155537365140749,0.626667,0.8000000000000005,0.0,1,0,0
2024-01-12 07:30:00,1.0,18.5,-0.015063173500356243,18.414899287477205,13.156931881435856,0.626667,0.8000000000000005,0.0,1,0,0
2024-01-12 07:45:00,3.0,18.5,-0.005642961304232085,18.351375847247557,13.157646493261174,0.626667,0.8000000000000005,0.0,1,0,0
2024-01-12 08:00:00,3.0,18.5,0.03514300074951925,18.293140776609498,13.156561948674213,0.048333,0.8000000000000005,0.0,1,0,0
2024-01-12 08:15:00,3.0,18.5,0.04450628534341436,18.240754511441022,13.153620873355747,0.048333,0.8000000000000005,0.0,1,0,0
2024-01-12 08:30:00,2.0,18.266666666666666,0.05136842166540253,18.188896116670154,13.150184425683483,0.048333,0.8000000000000005,0.0,1,0,0
2024-01-12 08:45:00,1.0,18.033333333333335,0.05805558364721732,18.137555008937195,13.146265222911653,0.048333,0.8000000000000005,0.0,1,0,0
2024-01-12 09:00:00,3.0,18.5,0.019919249328089427,18.0855934964353,13.143473056565448,0.853333,0.8000000000000005,0.0,1,0,0
2024-01-12 09:15:00,3.0,18.5,0.024086124391462963,18.032879182784022,13.142000044571395,0.853333,0.8000000000000005,0.0,1,0,0
2024-01-12 09:30:00,3.0,18.5,-0.013102746852202312,18.341817542854866,13.140922977026545,0.853333,0.8000000000000005,0.0,1,0,0
2024-01-12 09:45:00,3.0,18.5,-0.11438605770961159,19.00611935837619,13.146312286147543,0.853333,0.8000000000000005,0.0,1,0,0
2024-01-12 10:00:00,3.0,18.5,-0.14948432318003627,18.969276494004035,13.155910710779159,1.561667,0.8000000000000005,0.0,1,0,0
2024-01-12 10:15:00,3.0,18.5,-0.14052033802357702,18.903120285201,13.166324309335486,1.561667,0.8000000000000005,0.0,1,0,0
2024-01-12 10:30:00,1.0,18.5,-0.12900667423039727,18.83777235902118,13.175907122318856,1.561667,0.8000000000000005,0.0,1,0,0
2024-01-12 10:45:00,1.0,18.5,-0.11777550025195999,18.773215785477046,13.18467951907298,1.561667,0.8000000000000005,0.0,1,0,1
2024-01-12 11:00:00,1.0,18.5,-0.11898665017091098,18.708833178238084,13.19309709651458,1.781667,0.0,0.0,0,0,0
2024-01-12 11:15:00,1.0,18.5,-0.10880819345576806,18.644537423595345,13.201224239503087,1.781667,0.0,0.0,0,0,0
2024-01-12 11:30:00,1.0,18.5,-0.09802017708528006,18.581007231024394,13.208572917051224,1.781667,0.0,0.0,0,0,0
2024-01-12 11:45:00,1.0,18.5,-0.08749802467679671,18.51822664967606,13.215162299755248,1.781667,0.0,0.0,0,0,0
2024-01-12 12:00:00,1.0,18.5,-0.07325279911108591,18.456220824360894,13.220868719067896,1.71,0.7905000000000004,0.7430000000000001,1,1,0
2024-01-12 12:15:00,3.0,18.5,-0.06303163059272972,18.394977763122572,13.22569356959736,1.71,0.8000000000000005,0.0,1,0,0
2024-01-12 12:30:00,3.0,18.5,-0.053343693068795134,18.3344346728178,13.229819275843925,1.71,0.8000000000000005,0.0,1,0,0
2024-01-12 12:45:00,3.0,18.5,-0.04389629628311208,18.274577095806087,13.23326318255459,1.71,0.8000000000000005,0.0,1,0,0
2024-01-12 13:00:00,3.0,18.5,-0.04615604146559281,18.215906471773568,13.236451447604967,1.915,0.8000000000000005,0.0,1,0,0
2024-01-12 13:15:00,1.0,18.5,-0.03797379334608483,18.158480734114654,13.239458188859452,1.915,0.8000000000000005,0.0,1,0,0
2024-01-12 13:30:00,3.0,18.5,-0.029195574824793503,18.101696122960547,13.241831403515304,1.915,0.8000000000000005,0.0,1,0,0
2024-01-12 13:45:00,3.0,18.5,-0.02063629619247437,18.045539464693093,13.24358687880987,1.915,0.8000000000000005,0.0,1,0,0
2024-01-12 14:00:00,3.0,18.5,-0.034956252488724485,18.199105126091876,13.245067087861747,1.885,0.8000000000000005,0.0,1,0,0
2024-01-12 14:15:00,1.0,18.5,-0.14392543555786058,18.946646848824887,13.251809395005075,1.885,0.8000000000000005,0.0,1,0,0
2024-01-12 14:30:00,1.0,18.5,-0.15120883641765723,18.979564963665037,13.26280290138763,1.885,0.8000000000000005,0.0,1,0,0
2024-01-12 14:45:00,3.0,18.5,-0.13974270251197093,18.9156211673738,13.273149879714362,1.885,0.8000000000000005,0.0,1,0,0
2024-01-12 15:00:00,3.0,18.5,-0.12935383672687947,18.85363211478438,13.282716474673789,1.896667,0.8000000000000005,0.0,1,0,1
2024-01-12 15:15:00,1.0,18.5,-0.11883641918664804,18.793731748421305,13.291542384753411,1.896667,0.0,0.0,0,0,0
2024-01-12 15:30:00,3.0,18.5,-0.10853304810830604,18.734557186208047,13.299624827625287,1.896667,0.0,0.0,0,0,0
2024-01-12 15:45:00,3.0,18.5,-0.09848282838997237,18.67609325122583,13.30698205716612,1.896667,0.0,0.0,0,0,0
2024-01-12 16:00:00,1.0,18.5,-0.09545235764023137,18.615395216612658,13.313878332443448,2.025,0.0,0.0,0,0,0
2024-01-12 16:15:00,1.0,18.5,-0.08540008396026603,18.552076576535775,13.320319672767178,2.025,0.0,0.0,0,0,0
2024-01-12 16:30:00,1.0,18.5,-0.07509093276435151,18.489496198984092,13.326017070112927,2.025,0.0,0.0,0,0,0
2024-01-12 16:45:00,1.0,18.5,-0.06503680175691991,18.42763876971812,13.330988913235341,2.025,0.0,0.0,0,0,0
2024-01-12 17:00:00,1.0,18.5,-0.06451196315708697,18.366536447850937,13.335584746199485,2.191667,0.7810000000000005,0.7192500000000001,1,1,0
2024-01-12 17:15:00,1.0,18.5,-0.05548776268189832,18.306185246185656,13.339863493433795,2.191667,0.8000000000000006,0.0,1,0,0
2024-01-12 17:30:00,1.0,18.5,-0.04603682408255441,18.246519050771788,13.343460189247612,2.191667,0.8000000000000006,0.0,1,0,0
2024-01-12 17:45:00,1.0,18.5,-0.03682085115152427,18.187523734575336,13.346391776406428,2.191667,0.8000000000000006,0.0,1,0,0
2024-01-12 18:00:00,1.0,18.5,-0.008624529116521694,18.1290879400584,13.347988437861718,1.846667,0.8000000000000006,0.0,1,0,0
2024-01-12 18:15:00,1.0,18.5,0.001250108154568822,18.07117614774735,13.348180697432868,1.846667,0.8000000000000006,0.0,1,0,0
2024-01-12 18:30:00,1.0,18.5,0.0075020030573782455,18.041719449915515,13.347788177822283,1.846667,0.8000000000000006,0.0,1,0,0
2024-01-12 18:45:00,1.0,18.5,-0.08225874247341629,18.705965775082234,13.349866934505485,1.846667,0.8000000000000006,0.0,1,0,0
2024-01-12 19:00:00,3.0,18.5,-0.14316420297325066,19.001383236152375,13.358912228564693,2.04,0.8000000000000006,0.0,1,0,0
2024-01-12 19:15:00,3.0,18.5,-0.13214056601771923,18.934418641200043,13.36872797405547,2.04,0.8000000000000006,0.0,1,0,0
2024-01-12 19:30:00,3.0,18.5,-0.12063237411736207,18.868264934958567,13.377713314243207,2.04,0.8000000000000006,0.0,1,0,0
2024-01-12 19:45:00,3.0,18.5,-0.10940696624613656,18.802905163526088,13.385888639716965,2.04,0.8000000000000006,0.0,1,0,0
2024-01-12 20:00:00,1.0,18.5,-0.09975702051290547,18.738329355375004,13.393320291155753,2.063333,0.8000000000000006,0.0,1,0,0
2024-01-12 20:15:00,1.0,18.5,-0.08915299823905029,18.67452280709267,13.40003352167522,2.063333,0.8000000000000006,0.0,1,0,0
2024-01-12 20:30:00,3.0,18.5,-0.07871960783766,18.61146243865769,13.405993848469747,2.063333,0.8000000000000006,0.0,1,0,0
2024-01-12 20:45:00,1.0,18.5,-0.06854417057626888,18.54913276174499,13.411219871770525,2.063333,0.8000000000000006,0.0,1,0,0
2024-01-12 21:00:00,1.0,18.5,-0.044978927673110874,18.487449364191708,13.415242341362864,1.818333,0.8000000000000006,0.0,1,0,0
2024-01-12 21:15:00,2.0,17.566666666666666,-0.03451167696249057,18.426381810926067,13.418018188079186,1.818333,0.8000000000000006,0.0,1,0,0
2024-01-12 21:30:00,2.0,17.8,-0.02526174155917892,18.36599181586598,13.42012645461187,1.818333,0.8000000000000006,0.0,1,0,0
2024-01-12 21:45:00,2.0,15.0,-0.01624279488277434,18.30626547632402,13.421583797031357,1.818333,0.8000000000000006,0.0,1,0,0
2024-01-12 22:00:00,2.0,15.0,0.013709217457711604,18.247081757400103,13.421650486463871,1.438333,0.8000000000000006,0.0,1,0,0
2024-01-12 22:15:00,1.0,15.466666666666667,0.023507371823210974,18.188403119094847,13.420248084146756,1.438333,0.8000000000000006,0.0,1,0,0
2024-01-12 22:30:00,2.0,17.333333333333332,0.03157511922107441,18.130334726847234,13.418263327821377,1.438333,0.8000000000000006,0.0,1,0,0
2024-01-12 22:45:00,2.0,15.0,0.03943863632732622,18.072864248698895,13.415710944262255,1.438333,0.8000000000000006,0.0,1,0,0
2024-01-12 23:00:00,2.0,15.0,0.05925961104852209,18.01591789667688,13.412170951789957,1.22,0.8000000000000006,0.0,1,0,0
2024-01-12 23:15:00,1.0,15.933333333333334,0.06540457191499781,17.98730696888189,13.4076160633587,1.22,0.8000000000000006,0.0,1,0,0
2024-01-12 23:30:00,1.0,18.5,-0.02599199642121506,18.661628441701506,13.405604812587013,1.22,0.8000000000000006,0.0,1,0,0
2024-01-12 23:45:00,2.0,15.466666666666667,-0.08640432678899627,19.017636767758667,13.410667185472253,1.22,0.8000000000000006,0.0,1,0,0
2024-01-13 00:00:00,2.0,15.0,-0.058069036168009666,18.950427888409433,13.415790482623187,0.908333,0.8000000000000006,0.0,1,0,0
2024-01-13 00:15:00,2.0,15.0,-0.046354548756797787,18.883882702147694,13.419443497005899,0.908333,0.8000000000000006,0.0,1,0,0
2024-01-13 00:30:00,2.0,15.0,-0.036148288549399644,18.818082148437533,13.42235992646326,0.908333,0.8000000000000006,0.0,1,0,0
2024-01-13 00:45:00,2.0,15.0,-0.02619647184343839,18.753010919045316,13.424558118306114,0.908333,0.8000000000000006,0.0,1,0,0
2024-01-13 01:00:00,2.0,15.0,-0.0014593955139955218,18.6885777085567,13.425518838066573,0.638333,0.8000000000000006,0.0,1,0,0
2024-01-13 01:15:00,2.0,15.0,0.008871637664335132,18.624750657139938,13.42519256838038,0.638333,0.8000000000000006,0.0,1,0,1
2024-01-13 01:30:00,2.0,15.0,0.017888965436208857,18.56159941843836,13.424215431635348,0.638333,0.0,0.0,0,0,0
2024-01-13 01:45:00,2.0,15.0,0.02667892181011732,18.499110275918593,13.422603823218298,0.638333,0.0,0.0,0,0,0
2024-01-13 02:00:00,2.0,15.0,0.05594143803366241,18.43716473272555,13.419634339548718,0.266667,0.0,0.0,0,0,0
2024-01-13 02:15:00,2.0,15.0,0.06549072868237174,18.37572595799021,13.415230361345243,0.266667,0.0,0.0,0,0,0
2024-01-13 02:30:00,2.0,15.0,0.07334622563743551,18.314896698735758,13.41025927537221,0.266667,0.0,0.0,0,0,0
2024-01-13 02:45:00,2.0,15.0,0.08100066951344566,18.25466478365125,13.404735579451527,0.266667,0.0,0.0,0,0,0
2024-01-13 03:00:00,2.0,15.0,0.11063845279511916,18.194905684261332,13.397880954603641,-0.13167,0.0,0.0,0,0,0
2024-01-13 03:15:00,2.0,15.0,0.11918907412019868,18.135582342067856,13.389610348834887,-0.13167,0.0,0.0,0,0,0
2024-01-13 03:30:00,2.0,15.0,0.12596411657891116,18.076807237545324,13.380850526132892,-0.13167,0.0,0.0,0,0,0
2024-01-13 03:45:00,2.0,15.0,0.13256252704593072,18.018569632358197,13.371614223550209,-0.13167,0.0,0.0,0,0,0
2024-01-13 04:00:00,2.0,15.0,0.15754849491119616,17.9607647792006,13.361250731384338,-0.465,0.0,0.0,0,0,0
2024-01-13 04:15:00,1.0,17.566666666666666,0.13457811718741952,18.15810867216824,13.350218368751598,-0.465,0.0,0.0,0,0,0
2024-01-13 04:30:00,1.0,18.5,0.019580287708857714,18.924865146062462,13.34518983407567,-0.465,0.0,0.0,0,0,0
2024-01-13 04:45:00,1.0,18.5,0.010509428013416405,18.9536648841843,13.344589664780665,-0.465,0.0,0.0,0,0,0
2024-01-13 05:00:00,1.0,18.5,0.02319411479718126,18.88551519892384,13.343362962153252,-0.51833,0.0,0.0,0,0,0
2024-01-13 05:15:00,1.0,18.5,0.03283628571112947,18.81806070749137,13.341333346799711,-0.51833,0.0,0.0,0,0,0
2024-01-13 05:30:00,1.0,18.5,0.04202647670426493,18.7513035432161,13.338640345506914,-0.51833,0.0,0.0,0,0,0
2024-01-13 05:45:00,1.0,18.5,0.05098371114271927,18.6852296351358,13.335300756483589,-0.51833,0.0,0.0,0,0,0
2024-01-13 06:00:00,1.0,18.5,0.07335518286537372,18.619755955301567,13.330843568225157,-0.76333,0.0,0.0,0,0,0
2024-01-13 06:15:00,1.0,18.5,0.08265254202301892,18.554853420467786,13.325223990074623,-0.76333,0.0,0.0,0,0,0
2024-01-13 06:30:00,1.0,18.5,0.09075592611775227,18.490585064734454,13.319019382124626,-0.76333,0.0,0.0,0,0,0
2024-01-13 06:45:00,1.0,18.5,0.09865113468920292,18.42693827467876,13.312244755845681,-0.76333,0.0,0.0,0,0,0
2024-01-13 07:00:00,1.0,18.5,0.12838043806080604,18.36418168131995,13.30412678845266,-1.16,0.0,0.0,0,0,0
2024-01-13 07:15:00,1.0,18.5,0.1370327853991429,18.302328299857045,13.294587065205253,-1.16,0.0,0.0,0,0,0
2024-01-13 07:30:00,1.0,18.5,0.14391205137929725,18.24103734879391,13.284550571134206,-1.16,0.0,0.0,0,0,0
2024-01-13 07:45:00,1.0,18.5,0.15061114296187678,18.180297863049194,13.274030298792802,-1.16,0.0,0.0,0,0,0
2024-01-13 08:00:00,1.0,18.5,0.16883508467192182,18.130293852469013,13.262605484401515,-1.39333,0.0,0.0,0,0,0
2024-01-13 08:15:00,1.0,18.5,0.1728087974520731,18.09231515381905,13.250380249311625,-1.39333,0.0,0.0,0,0,0
2024-01-13 08:30:00,1.0,18.5,0.17574917742337665,18.054617944552934,13.237942481130665,-1.39333,0.0,0.0,0,0,0
2024-01-13 08:45:00,1.0,18.5,0.1786066580739266,18.0171970987051,13.225298158204133,-1.39333,0.0,0.0,0,0,0
2024-01-13 09:00:00,1.0,18.5,0.10770956653710988,18.54120531329248,13.214348593567676,-1.35,0.0,0.0,0,0,0
2024-01-13 09:15:00,1.0,18.5,0.03031444883830923,18.995243246500987,13.210528835718053,-1.35,0.0,0.0,0,0,0
2024-01-13 09:30:00,1.0,18.5,0.03492153873185433,18.96038296378544,13.20819073205134,-1.35,0.0,0.0,0,0,0
2024-01-13 09:45:00,1.0,18.5,0.039411132274582594,18.925870130802764,13.205528517907194,-1.35,0.0,0.0,0,0,0
2024-01-13 10:00:00,3.0,18.5,0.022697991811673677,18.89419242285023,13.203300359691374,-0.97667,0.0,0.0,0,0,0
2024-01-13 10:15:00,1.0,18.5,0.025028156466281797,18.865673112567585,13.201641864218011,-0.97667,0.0,0.0,0,0,0
2024-01-13 10:30:00,1.0,18.5,0.028752370736374367,18.837440602058663,13.199714519044552,-0.97667,0.0,0.0,0,0,0
2024-01-13 10:45:00,1.0,18.5,0.03238157800961221,18.80948914417002,13.197525175049652,-0.97667,0.0,0.0,0,0,0
2024-01-13 11:00:00,1.0,18.5,-0.04110182461823385,18.78289722413753,13.197831399508097,0.405,0.0,0.0,0,0,0
2024-01-13 11:15:00,1.0,18.5,-0.042322760546949716,18.757836443158048,13.200992839881419,0.405,0.0,0.0,0,0,0
2024-01-13 11:30:00,1.0,18.5,-0.038119148539394035,18.733073994766762,13.203850946631853,0.405,0.0,0.0,0,0,0
2024-01-13 11:45:00,1.0,18.5,-0.03401913580269509,18.708603663336213,13.206413189970299,0.405,0.7572500000000005,0.6907500000000001,1,1,0
2024-01-13 12:00:00,1.0,18.5,-0.1431612631413292,18.68438435319917,13.21273030350114,2.438333,0.8000000000000008,0.0,1,0,0
2024-01-13 12:15:00,1.0,18.5,-0.14563170431314115,18.66046175568719,13.223305291334922,2.438333,0.8000000000000008,0.0,1,0,1
2024-01-13 12:30:00,1.0,18.5,-0.14009568623485996,18.63689971698288,13.233480956289032,2.438333,0.0,0.0,0,0,0
2024-01-13 12:45:00,1.0,18.5,-0.13469147165244513,18.613690396919438,13.243266801961163,2.438333,0.0,0.0,0,0,0
2024-01-13 13:00:00,1.0,18.5,-0.26944795303459584,18.59002016659084,13.257677724800198,4.956667,0.0,0.0,0,0,0
2024-01-13 13:15:00,1.0,18.5,-0.2719555710065667,18.56584773323433,13.277325827365656,4.956667,0.0,0.0,0,0,0
2024-01-13 13:30:00,1.0,18.5,-0.26455509505492913,18.542129493185843,13.296440255745923,4.956667,0.0,0.0,0,0,0
2024-01-13 13:45:00,1.0,18.5,-0.2573268292640093,18.518855262915235,13.315033426739575,4.956667,0.0,0.0,0,0,0
2024-01-13 14:00:00,1.0,18.5,-0.3490000271858731,18.49277231745719,13.336650823248634,6.738333,0.0,0.0,0,0,0
2024-01-13 14:15:00,1.0,18.5,-0.3467065341225658,18.463504448524056,13.361691951585824,6.738333,0.0,0.0,0,0,0
2024-01-13 14:30:00,1.0,18.5,-0.3374938433955801,18.434799061518596,13.386068734882645,6.738333,0.0,0.0,0,0,0
2024-01-13 14:45:00,1.0,18.5,-0.32849511300829504,18.4066435105397,13.409796600202064,6.738333,0.0,0.0,0,0,0
2024-01-13 15:00:00,1.0,18.5,-0.3334981782108579,18.36923908267225,13.433398222375478,7.008333000000001,0.0,0.0,0,0,0
2024-01-13 15:15:00,3.0,18.5,-0.32277492577930117,18.321326747084317,13.456811512036232,7.008333000000001,0.0,0.0,0,0,0
2024-01-13 15:30:00,3.0,18.5,-0.31123710967770396,18.274158937765378,13.479392592134776,7.008333000000001,0.0,0.0,0,0,0
2024-01-13 15:45:00,1.0,18.5,-0.29997299739559635,18.227719388781555,13.501161197818085,7.008333000000001,0.0,0.0,0,0,0
2024-01-13 16:00:00,1.0,18.5,-0.2521887084474759,18.177816406669102,13.520828176036728,6.356667,0.0,0.0,0,0,0
2024-01-13 16:15:00,1.0,18.5,-0.23813444525989963,18.123881222870217,13.538192375217909,6.356667,0.0,0.0,0,0,0
2024-01-13 16:30:00,1.0,18.5,-0.22695886963844855,18.070693990679512,13.554750362310505,6.356667,0.0,0.0,0,0,0
2024-01-13 16:45:00,1.0,18.5,-0.2160522448740142,18.02288038658043,13.570521530037354,6.356667,0.0,0.0,0,0,0
2024-01-13 17:00:00,1.0,18.5,-0.22395092645563444,18.590567189070644,13.58548412111507,5.243332999999999,0.0,0.0,0,0,0
2024-01-13 17:15:00,1.0,18.5,-0.2878464803929121,19.016236258557278,13.60465112215841,5.243332999999999,0.0,0.0,0,0,0
2024-01-13 17:30:00,1.0,18.5,-0.27456874285584615,18.953539429911082,13.624674505853772,5.243332999999999,0.0,0.0,0,0,0
2024-01-13 17:45:00,1.0,18.5,-0.26161029320905693,18.89171043560866,13.643763057235237,5.243332999999999,0.0,0.0,0,0,0
2024-01-13 18:00:00,1.0,18.5,-0.19532459232099786,18.8304582809538,13.660022742396446,4.28,0.0,0.0,0,0,0
2024-01-13 18:15:00,1.0,18.5,-0.17987659466592437,18.769703281476577,13.673236390426496,4.28,0.0,0.0,0,0,0
2024-01-13 18:30:00,1.0,18.5,-0.16856714852439364,18.7097271749454,13.68563406182298,4.28,0.0,0.0,0,0,0
2024-01-13 18:45:00,1.0,18.5,-0.1575330247161056,18.650513492552182,13.697235608953813,4.28,0.0,0.0,0,0,0
2024-01-13 19:00:00,1.0,18.5,-0.1394365489606762,18.592008910182155,13.707798478568153,4.148333,0.0,0.0,0,0,0
2024-01-13 19:15:00,2.0,18.033333333333335,-0.12850962249602185,18.53418929313174,13.717308932443567,4.148333,0.0,0.0,0,0,0
2024-01-13 19:30:00,2.0,15.0,-0.11836437228747801,18.477080206159503,13.726087348884402,4.148333,0.7477500000000002,0.7240000000000001,1,1,0
2024-01-13 19:45:00,1.0,18.266666666666666,-0.10846779587211902,18.42066674946096,13.734151658863121,4.148333,0.8000000000000006,0.0,1,0,0
2024-01-13 20:00:00,1.0,18.5,-0.06651927234404093,18.364770363284656,13.740365484798073,3.568333,0.8000000000000006,0.0,1,0,0
2024-01-13 20:15:00,1.0,18.5,-0.05523277619666766,18.309339788361847,13.74460195638915,3.568333,0.8000000000000006,0.0,1,0,0
2024-01-13 20:30:00,2.0,15.933333333333334,-0.04649060345181119,18.254541443067026,13.74820753332322,3.568333,0.8000000000000006,0.0,1,0,0
2024-01-13 20:45:00,2.0,15.0,-0.03796557396877993,18.200362274830393,13.751197873224033,3.568333,0.8000000000000006,0.0,1,0,0
2024-01-13 21:00:00,2.0,15.0,-0.009421988125435678,18.146686792501388,13.752865430572767,3.205,0.8000000000000006,0.0,1,0,0
2024-01-13 21:15:00,2.0,15.0,-0.000144761641471041,18.093479332576102,13.753134951643046,3.205,0.8000000000000006,0.0,1,0,0
2024-01-13 21:30:00,2.0,15.0,0.007481410038269966,18.040840672846358,13.752854032133854,3.205,0.8000000000000006,0.0,1,0,0
2024-01-13 21:45:00,2.0,15.0,0.014915682419327217,17.98875924231154,13.752036509568445,3.205,0.8000000000000006,0.0,1,0,0
2024-01-13 22:00:00,2.0,15.0,0.08220497667750082,17.936918827099667,13.748550585892607,2.126667,0.8000000000000006,0.0,1,0,0
2024-01-13 22:15:00,2.0,15.0,0.09274571241431741,17.885239531000657,13.742141772392664,2.126667,0.8000000000000006,0.0,1,0,0
2024-01-13 22:30:00,2.0,15.0,0.09880823549307113,17.83404581243064,13.735295216414508,2.126667,0.8000000000000006,0.0,1,0,0
2024-01-13 22:45:00,2.0,15.0,0.10471341952800083,17.78332811585891,13.728022263734994,2.126667,0.8000000000000006,0.0,1,0,0
2024-01-13 23:00:00,2.0,15.0,0.10712406107172091,17.73309406652267,13.72045336564039,2.186667,0.8000000000000006,0.0,1,0,0
2024-01-13 23:15:00,2.0,15.0,0.11253195548939739,17.683338365342358,13.712614242921738,2.186667,0.8000000000000006,0.0,1,0,0
2024-01-13 23:30:00,1.0,16.166666666666668,0.1139783797511162,17.680417398212082,13.704410048001282,2.186667,0.8000000000000006,0.0,1,0,0
2024-01-13 23:45:00,1.0,18.5,0.012875597470398892,18.41694555041764,13.699363075506556,2.186667,0.8000000000000006,0.0,1,0,0
2024-01-14 00:00:00,2.0,17.333333333333332,-0.03997773328146124,18.97750531010011,13.701391716491896,1.52,0.8000000000000006,0.0,1,0,0
2024-01-14 00:15:00,2.0,15.0,-0.029550883910524094,18.918505953740695,13.70382063345035,1.52,0.8000000000000006,0.0,1,0,0
2024-01-14 00:30:00,2.0,15.0,-0.020003524928616585,18.855563078680923,13.705563716009912,1.52,0.8000000000000006,0.0,1,0,0
2024-01-14 00:45:00,2.0,15.0,-0.010694894799101151,18.79330735864839,13.706634956510142,1.52,0.8000000000000006,0.0,1,0,0
2024-01-14 01:00:00,2.0,15.0,0.03986274623849015,18.73151409317056,13.705569013181998,0.775,0.8000000000000006,0.0,1,0,0
2024-01-14 01:15:00,2.0,15.0,0.051112570754154894,18.670121990510832,13.702197369347605,0.775,0.8000000000000006,0.0,1,0,0
2024-01-14 01:30:00,2.0,15.0,0.05916951769653627,18.609349258014003,13.698244102700134,0.775,0.8000000000000006,0.0,1,0,0
2024-01-14 01:45:00,2.0,15.0,0.06702108330477367,18.54918347397803,13.693724023112825,0.775,0.8000000000000006,0.0,1,0,0
2024-01-14 02:00:00,2.0,15.0,0.07392962795620536,18.489616267340732,13.688678123418027,0.788333,0.8000000000000006,0.0,1,0,0
2024-01-14 02:15:00,2.0,15.0,0.08134158895205926,18.430636622501137,13.683123845836414,0.788333,0.8000000000000006,0.0,1,0,0
2024-01-14 02:30:00,2.0,15.0,0.08861526175838311,18.372228795286343,13.677044427545916,0.788333,0.8000000000000006,0.0,1,0,0
2024-01-14 02:45:00,2.0,15.0,0.09570170565866354,18.31438143627452,13.6704533695883,0.788333,0.8000000000000006,0.0,1,0,0
2024-01-14 03:00:00,2.0,15.0,0.1390762062135509,18.256898247231273,13.662060754694311,0.133333,0.8000000000000006,0.0,1,0,0
2024-01-14 03:15:00,2.0,15.0,0.14791313251098256,18.199726568619766,13.651716863356699,0.133333,0.8000000000000006,0.0,1,0,0
2024-01-14 03:30:00,2.0,15.0,0.15396405567300228,18.143059446283743,13.640935970156075,0.133333,0.8000000000000006,0.0,1,0,0
2024-01-14 03:45:00,2.0,15.7,0.15985508825394584,18.08688713019539,13.629729605054132,0.133333,0.8000000000000006,0.0,1,0,0
2024-01-14 04:00:00,2.0,15.0,0.17236440675525785,18.031165687926194,13.617866979019645,0.011667,0.8000000000000006,0.0,1,0,0
2024-01-14 04:15:00,1.0,16.166666666666668,0.17428497388685288,18.02226199997345,13.605361026522724,0.011667,0.8000000000000006,0.0,1,0,0
2024-01-14 04:30:00,2.0,15.233333333333333,0.1256020706935641,18.33163699787949,13.5948479887761,0.011667,0.8000000000000006,0.0,1,0,0
2024-01-14 04:45:00,2.0,15.7,0.13027786105815192,18.277517280192864,13.585775104005446,0.011667,0.8000000000000006,0.0,1,0,1
2024-01-14 05:00:00,2.0,15.0,0.12595458087954758,18.219341935618434,13.57662151528152,0.206667,0.0,0.0,0,0,0
2024-01-14 05:15:00,2.0,15.7,0.13168914181679695,18.161758044172494,13.5674447508659,0.206667,0.0,0.0,0,0,0
2024-01-14 05:30:00,2.0,15.0,0.1380339886030242,18.104694797532428,13.55780979822707,0.206667,0.0,0.0,0,0,0
2024-01-14 05:45:00,2.0,15.0,0.14421238466290173,18.048142062061167,13.547728660309144,0.206667,0.8000000000000003,0.76675,1,1,0
2024-01-14 06:00:00,2.0,15.0,0.18038866413357188,17.991936772896498,13.536135429078126,-0.335,0.8000000000000003,0.0,1,0,0
2024-01-14 06:15:00,1.0,15.466666666666667,0.18799224562647415,17.9406763846024,13.522907089317918,-0.335,0.8000000000000003,0.0,1,0,0
2024-01-14 06:30:00,2.0,17.333333333333332,0.11680119388307618,18.458593133060045,13.511438793078732,-0.335,0.8000000000000003,0.0,1,0,0
2024-01-14 06:45:00,2.0,15.0,0.08002675752879203,18.650776347960672,13.505291112962121,-0.335,0.8000000000000003,0.0,1,0,0
2024-01-14 07:00:00,1.0,16.166666666666668,0.08916394233058662,18.588021203632216,13.499236420941223,-0.35667,0.8000000000000003,0.0,1,0,0
2024-01-14 07:15:00,1.0,18.5,0.09687462151704623,18.52640345223722,13.49257949264679,-0.35667,0.8000000000000003,0.0,1,0,0
2024-01-14 07:30:00,1.0,18.5,0.10430145205203376,18.465374530138625,13.485386341834031,-0.35667,0.8000000000000003,0.0,1,0,0
2024-01-14 07:45:00,1.0,18.5,0.11153639898035878,18.404922795802268,13.477670805242797,-0.35667,0.8000000000000003,0.0,1,0,0
2024-01-14 08:00:00,1.0,18.5,0.11253739579702726,18.356234283689147,13.46964568737356,-0.27333,0.8000000000000003,0.0,1,0,0
2024-01-14 08:15:00,1.0,18.5,0.11572470663535873,18.32073544824036,13.461507846300693,-0.27333,0.8000000000000003,0.0,1,0,0
2024-01-14 08:30:00,1.0,18.5,0.11913609488183084,18.285532702233116,13.453123575762097,-0.27333,0.8000000000000003,0.0,1,0,1
2024-01-14 08:45:00,1.0,18.5,0.12245567347497072,18.250620424485437,13.444499496407,-0.27333,0.0,0.0,0,0,0
2024-01-14 09:00:00,1.0,18.5,0.11384419799822645,18.22239236721233,13.436055656469982,-0.075,0.0,0.0,0,0,0
2024-01-14 09:15:00,1.0,18.5,0.1144121353266152,18.201668883442675,13.42794011990194,-0.075,0.0,0.0,0,0,0
2024-01-14 09:30:00,1.0,18.5,0.11572536993874095,18.181084511260803,13.419729596429157,-0.075,0.0,0.0,0,0,0
2024-01-14 09:45:00,1.0,18.5,0.11699966097674336,18.160636818160533,13.411426894615364,-0.075,0.0,0.0,0,0,0
2024-01-14 10:00:00,1.0,18.5,0.05394196045513608,18.142722696045766,13.405328868252367,1.075,0.0,0.0,0,0,0
2024-01-14 10:15:00,1.0,18.5,0.050800269635748796,18.127679094441124,13.40175393086801,1.075,0.0,0.0,0,0,0
2024-01-14 10:30:00,1.0,18.5,0.052220478852795425,18.112759702366258,13.398076396814755,1.075,0.7430000000000002,0.7192500000000001,1,1,0
2024-01-14 10:45:00,1.0,18.5,0.053602331245890394,18.097962169561246,13.394299032118562,1.075,0.8000000000000006,0.0,1,0,0
2024-01-14 11:00:00,1.0,18.5,-0.06170585503728084,18.084623406061286,13.394591410099832,3.168333,0.8000000000000006,0.0,1,0,0
2024-01-14 11:15:00,1.0,18.5,-0.06737590882553147,18.07297059759067,13.399486734284975,3.168333,0.8000000000000006,0.0,1,0,0
2024-01-14 11:30:00,1.0,18.5,-0.06473085163005936,18.061490854061955,13.404191261902874,3.168333,0.8000000000000006,0.0,1,0,0
2024-01-14 11:45:00,1.0,18.5,-0.062148882579362755,18.050180421037922,13.40870954188788,3.168333,0.8000000000000006,0.0,1,0,0
2024-01-14 12:00:00,1.0,18.5,-0.12799532778967915,18.03916131569599,13.415489093220184,4.396667,0.8000000000000006,0.0,1,0,0
2024-01-14 12:15:00,1.0,18.5,-0.1294283398527551,18.02847996337545,13.42483595686601,4.396667,0.8000000000000006,0.0,1,0,0
2024-01-14 12:30:00,1.0,18.5,-0.12602421384151,18.018005975961277,13.433937344677021,4.396667,0.8000000000000006,0.0,1,0,0
2024-01-14 12:45:00,1.0,18.5,-0.12269907905185122,18.00773468581315,13.442798952108058,4.396667,0.8000000000000006,0.0,1,0,0
2024-01-14 13:00:00,1.0,18.5,-0.2824739360507469,18.251722762919545,13.456699389808593,6.783333,0.8000000000000006,0.0,1,0,1
2024-01-14 13:15:00,1.0,18.5,-0.3959919692617334,18.976189552657427,13.48185392281601,6.783333,0.0,0.0,0,0,0
2024-01-14 13:30:00,1.0,18.5,-0.3970802703081005,19.000743218041652,13.510412366012394,6.783333,0.0,0.0,0,0,0
2024-01-14 13:45:00,3.0,18.5,-0.38818978935891874,18.979333388942,13.538394328393917,6.783333,0.0,0.0,0,0,0
2024-01-14 14:00:00,3.0,18.5,-0.42935849805417536,18.955171177132396,13.5675365679492,7.686667,0.0,0.0,0,0,0
2024-01-14 14:15:00,1.0,18.5,-0.4227101055650209,18.927851863907776,13.598026372759344,7.686667,0.7620000000000001,0.7525000000000001,1,1,0
2024-01-14 14:30:00,1.0,18.5,-0.4126763981125436,18.901128935102868,13.627792706432897,7.686667,0.8000000000000004,0.0,1,0,0
2024-01-14 14:45:00,1.0,18.5,-0.40287339387824966,18.874988791253845,13.65685220305988,7.686667,0.8000000000000004,0.0,1,0,0
2024-01-14 15:00:00,1.0,18.5,-0.38799227933201724,18.83896328544865,13.685047265633498,7.615,0.8000000000000004,0.0,1,0,0
2024-01-14 15:15:00,1.0,18.5,-0.37522096851417763,18.79169735954365,13.712223798823597,7.615,0.8000000000000004,0.0,1,0,0
2024-01-14 15:30:00,1.0,18.5,-0.36301656948947475,18.74520681662183,13.738520101790273,7.615,0.8000000000000004,0.0,1,0,0
2024-01-14 15:45:00,1.0,18.5,-0.35109994515718934,18.699474580946546,13.763956924118434,7.615,0.8000000000000004,0.0,1,0,0
2024-01-14 16:00:00,1.0,18.5,-0.2881308927232348,18.64894972680148,13.786728303258533,6.705,0.8000000000000004,0.0,1,0,0
2024-01-14 16:15:00,1.0,18.5,-0.27222622997517854,18.59288145926003,13.806551178644204,6.705,0.8000000000000004,0.0,1,0,0
2024-01-14 16:30:00,1.0,18.5,-0.26025149437394435,18.537608491366257,13.825510219997508,6.705,0.8000000000000004,0.0,1,0,0
2024-01-14 16:45:00,1.0,18.5,-0.2485640627181109,18.483113699886374,13.843626143328148,6.705,0.8000000000000004,0.0,1,0,0
2024-01-14 17:00:00,1.0,18.5,-0.1664426579750839,18.429021251834836,13.858392555568182,5.435,0.8000000000000004,0.0,1,0,0
2024-01-14 17:15:00,1.0,18.5,-0.15121506704866586,18.37523371551522,13.869513955278846,5.435,0.8000000000000004,0.0,1,0,0
2024-01-14 17:30:00,1.0,18.5,-0.1413188890480778,18.322129963184416,13.879921334831856,5.435,0.8000000000000004,0.0,1,0,0
2024-01-14 17:45:00,1.0,18.5,-0.13166394684516175,18.269695560261162,13.889632088777327,5.435,0.8000000000000004,0.0,1,0,0
2024-01-14 18:00:00,1.0,18.5,-0.04373469820278089,18.217517714713715,13.895858052052827,4.025,0.8000000000000004,0.0,1,0,0
2024-01-14 18:15:00,1.0,18.5,-0.029999166488641912,18.16549262321756,13.898265797038086,4.025,0.8000000000000004,0.0,1,0,0
2024-01-14 18:30:00,1.0,18.5,-0.02211024480683733,18.114045192209897,13.900104189007049,4.025,0.8000000000000004,0.0,1,0,0
2024-01-14 18:45:00,1.0,18.5,-0.01441829556962886,18.063163566785967,13.901387431191559,4.025,0.8000000000000004,0.0,1,0,0
2024-01-14 19:00:00,1.0,18.5,0.04515629758839769,18.040398433783476,13.900209152498228,3.053333,0.8000000000000004,0.0,1,0,0
2024-01-14 19:15:00,1.0,18.5,-0.042231419276334975,18.710936933141493,13.899382719511571,3.053333,0.8000000000000004,0.0,1,0,0
2024-01-14 19:30:00,1.0,18.5,-0.09385297332298734,19.0124958267623,13.905245020854919,3.053333,0.8000000000000004,0.0,1,0,0
2024-01-14 19:45:00,1.0,18.5,-0.08365177024071739,18.951511673313636,13.9115494375696,3.053333,0.8000000000000004,0.0,1,0,0
2024-01-14 20:00:00,1.0,18.5,-0.03435468006393776,18.891039758025475,13.91572998519901,2.3466670000000005,0.8000000000000004,0.0,1,0,0
2024-01-14 20:15:00,1.0,18.5,-0.022372775257572267,18.831020190933994,13.917628977753932,2.3466670000000005,0.8000000000000004,0.0,1,0,0
2024-01-14 20:30:00,1.0,18.5,-0.013448727614810856,18.771658239817363,13.91888389074495,2.3466670000000005,0.8000000000000004,0.0,1,0,0
2024-01-14 20:45:00,1.0,18.5,-0.004748093646975448,18.71294044980377,13.919510834062287,2.3466670000000005,0.8000000000000004,0.0,1,0,0
2024-01-14 21:00:00,1.0,18.5,0.023500986259697924,18.654753292458494,13.91881928204114,1.991667,0.8000000000000004,0.0,1,0,0
2024-01-14 21:15:00,1.0,18.5,0.032914848703013984,18.597061251400174,13.916736480714528,1.991667,0.8000000000000004,0.0,1,0,0
2024-01-14 21:30:00,1.0,18.5,0.040705044726835136,18.539962137174264,13.914091341966843,1.991667,0.8000000000000004,0.0,1,0,0
2024-01-14 21:45:00,2.0,16.633333333333333,0.04829750994609292,18.483444002796226,13.910898123939688,1.991667,0.8000000000000004,0.0,1,0,0
2024-01-14 22:00:00,2.0,15.0,0.12455547365555295,18.427145496797586,13.904710437809763,0.755,0.8000000000000004,0.0,1,0,0
2024-01-14 22:15:00,2.0,15.0,0.13575369465841325,18.37097625487368,13.895234889686755,0.755,0.8000000000000004,0.0,1,0,0
2024-01-14 22:30:00,2.0,15.0,0.14183699857172047,18.315309610760725,13.885320023827918,0.755,0.8000000000000004,0.0,1,0,0
2024-01-14 22:45:00,2.0,15.0,0.14776022378917214,18.260135812046542,13.874977383715942,0.755,0.8000000000000004,0.0,1,0,0
2024-01-14 23:00:00,2.0,15.0,0.24094600091902546,18.205001399482757,13.861094770419708,-0.815,0.8000000000000004,0.0,1,0,0
2024-01-14 23:15:00,2.0,15.0,0.25162255063361655,18.149796822713952,13.843293448699603,-0.815,0.8000000000000004,0.0,1,0,0
2024-01-14 23:30:00,2.0,15.0,0.25589031535771956,18.09500109748192,13.825183648017774,-0.815,0.8000000000000004,0.0,1,0,0
2024-01-14 23:45:00,2.0,15.0,0.26003771592202923,18.040606780706767,13.80677404852673,-0.815,0.8000000000000004,0.0,1,0,1
